DATE,PRODUCT,POS_GERMANY_AVERAGE_CAPACITY_PRICE_[(EUR/MW)/h],POS_GERMANY_MARGINAL_CAPACITY_PRICE_[(EUR/MW)/h],NEG_GERMANY_AVERAGE_CAPACITY_PRICE_[(EUR/MW)/h],NEG_GERMANY_MARGINAL_CAPACITY_PRICE_[(EUR/MW)/h]
2021-01-01 00:00:00,00_04,1.2554,1.565,4.8284,5.5825
2021-01-01 04:00:00,04_08,1.7247,2.25,3.4981,4.6
2021-01-01 08:00:00,08_12,3.0972,3.41,1.0199,1.5
2021-01-01 12:00:00,12_16,2.6782,3.3625,1.0937,1.4575
2021-01-01 16:00:00,16_20,4.8362,5.44,0.9264,1.25
2021-01-01 20:00:00,20_24,2.0601,2.67,0.9194,1.19
2021-01-02 00:00:00,00_04,1.1512,1.36,4.1895,4.8325
2021-01-02 04:00:00,04_08,1.6653,1.955,3.3153,3.9
2021-01-02 08:00:00,08_12,3.0162,3.39,0.918,1.19
2021-01-02 12:00:00,12_16,2.6806,3.0575,0.8924,1.15
2021-01-02 16:00:00,16_20,4.8056,5.3375,0.7622,0.995
2021-01-02 20:00:00,20_24,1.8306,2.255,0.7869,0.98
2021-01-03 00:00:00,00_04,1.0034,1.22,4.0277,4.63
2021-01-03 04:00:00,04_08,1.414,1.69,3.4913,4.3375
2021-01-03 08:00:00,08_12,2.1599,2.61,1.0322,1.45
2021-01-03 12:00:00,12_16,2.1434,2.4275,0.97,1.26
2021-01-03 16:00:00,16_20,3.9083,4.4325,0.8174,1.005
2021-01-03 20:00:00,20_24,1.622,1.9275,0.8973,1.27
2021-01-04 00:00:00,00_04,1.1121,1.32,4.1264,5.31
2021-01-04 04:00:00,04_08,1.6343,1.91,3.1446,3.71
2021-01-04 08:00:00,08_12,3.4438,4.5675,0.8545,1.1925
2021-01-04 12:00:00,12_16,2.5031,3.2775,0.7849,1.05
2021-01-04 16:00:00,16_20,4.6889,6.3375,0.7256,0.9125
2021-01-04 20:00:00,20_24,1.7373,2.11,0.7067,0.95
2021-01-05 00:00:00,00_04,1.052,1.25,4.1257,4.86
2021-01-05 04:00:00,04_08,1.5807,1.855,2.6527,3.2175
2021-01-05 08:00:00,08_12,3.7164,4.295,0.7733,0.9825
2021-01-05 12:00:00,12_16,2.6643,3.105,0.7173,0.92
2021-01-05 16:00:00,16_20,5.6255,7.01,0.6361,0.78
2021-01-05 20:00:00,20_24,1.7203,1.975,0.6838,0.835
2021-01-06 00:00:00,00_04,0.9768,1.1125,4.0281,4.91
2021-01-06 04:00:00,04_08,1.3023,1.55,2.3712,2.775
2021-01-06 08:00:00,08_12,3.3926,3.68,0.6951,0.875
2021-01-06 12:00:00,12_16,2.4834,2.725,0.6436,0.8125
2021-01-06 16:00:00,16_20,5.7264,6.3225,0.5797,0.76
2021-01-06 20:00:00,20_24,1.5439,1.8075,0.6116,0.775
2021-01-07 00:00:00,00_04,0.9763,1.1725,3.9529,4.77
2021-01-07 04:00:00,04_08,1.4181,1.73,2.0823,2.455
2021-01-07 08:00:00,08_12,4.6291,7.02,0.5836,0.75
2021-01-07 12:00:00,12_16,3.24,4.67,0.542,0.7175
2021-01-07 16:00:00,16_20,6.9122,11.66,0.5116,0.685
2021-01-07 20:00:00,20_24,1.5005,1.8125,0.5527,0.7425
2021-01-08 00:00:00,00_04,0.9228,1.1,3.9407,4.42
2021-01-08 04:00:00,04_08,1.419,1.77,1.7911,2.36
2021-01-08 08:00:00,08_12,6.1578,9.1,0.5322,0.645
2021-01-08 12:00:00,12_16,4.3739,6.54,0.5154,0.6275
2021-01-08 16:00:00,16_20,9.7937,13.88,0.5026,0.6175
2021-01-08 20:00:00,20_24,1.4926,1.78,0.5474,0.6675
2021-01-09 00:00:00,00_04,0.864,1.0725,3.85,4.4575
2021-01-09 04:00:00,04_08,1.3498,1.57,1.7773,2.1
2021-01-09 08:00:00,08_12,3.6762,4.35,0.5609,0.7375
2021-01-09 12:00:00,12_16,2.5611,2.95,0.5257,0.6475
2021-01-09 16:00:00,16_20,5.5045,6.64,0.5156,0.65
2021-01-09 20:00:00,20_24,1.3761,1.5875,0.5414,0.66
2021-01-10 00:00:00,00_04,0.7966,0.94,3.5199,3.88
2021-01-10 04:00:00,04_08,1.1312,1.2975,1.524,1.8075
2021-01-10 08:00:00,08_12,2.8409,3.42,0.4455,0.6225
2021-01-10 12:00:00,12_16,2.1372,2.4275,0.4161,0.56
2021-01-10 16:00:00,16_20,4.6739,5.29,0.4019,0.54
2021-01-10 20:00:00,20_24,1.17,1.32,0.4312,0.57
2021-01-11 00:00:00,00_04,0.7531,0.9,3.3855,3.9725
2021-01-11 04:00:00,04_08,1.1434,1.5125,1.4524,1.75
2021-01-11 08:00:00,08_12,3.0526,4.26,0.4309,0.525
2021-01-11 12:00:00,12_16,2.11,2.625,0.4133,0.5175
2021-01-11 16:00:00,16_20,4.9195,6.1,0.3995,0.5
2021-01-11 20:00:00,20_24,1.0678,1.265,0.5611,2.25
2021-01-12 00:00:00,00_04,0.7179,1.065,5.7916,10.625
2021-01-12 04:00:00,04_08,1.1842,1.625,2.0505,3.2375
2021-01-12 08:00:00,08_12,3.6597,4.7,0.4225,0.5525
2021-01-12 12:00:00,12_16,2.0905,2.6075,0.4157,0.5525
2021-01-12 16:00:00,16_20,5.5344,6.75,0.3907,0.505
2021-01-12 20:00:00,20_24,1.1507,1.46,0.7254,1.9125
2021-01-13 00:00:00,00_04,0.7337,0.895,5.9797,8.0
2021-01-13 04:00:00,04_08,1.1898,1.5,1.8911,2.485
2021-01-13 08:00:00,08_12,3.6938,4.5,0.4125,0.65
2021-01-13 12:00:00,12_16,1.9729,2.4,0.3971,0.5
2021-01-13 16:00:00,16_20,5.0099,6.1075,0.3918,0.5
2021-01-13 20:00:00,20_24,1.04,1.2275,0.8821,1.3
2021-01-14 00:00:00,00_04,0.7223,0.91,3.5611,5.0
2021-01-14 04:00:00,04_08,1.2126,1.49,1.2831,1.72
2021-01-14 08:00:00,08_12,6.3675,8.25,0.3786,0.5
2021-01-14 12:00:00,12_16,4.2118,5.66,0.3656,0.46
2021-01-14 16:00:00,16_20,9.4902,12.73,0.3738,0.4775
2021-01-14 20:00:00,20_24,1.3703,1.965,0.4918,0.8125
2021-01-15 00:00:00,00_04,0.7991,1.045,3.0693,4.3275
2021-01-15 04:00:00,04_08,1.3519,1.7225,1.061,1.3825
2021-01-15 08:00:00,08_12,7.9396,9.93,0.345,0.45
2021-01-15 12:00:00,12_16,5.21,6.05,0.3335,0.425
2021-01-15 16:00:00,16_20,12.279,14.445,0.3433,0.45
2021-01-15 20:00:00,20_24,1.5618,1.8775,0.4854,0.69
2021-01-16 00:00:00,00_04,0.7767,0.95,2.7566,3.64
2021-01-16 04:00:00,04_08,1.1796,1.455,0.9793,1.25
2021-01-16 08:00:00,08_12,4.1307,4.715,0.3455,0.4375
2021-01-16 12:00:00,12_16,2.5543,2.9475,0.32,0.405
2021-01-16 16:00:00,16_20,5.8246,6.7375,0.3278,0.405
2021-01-16 20:00:00,20_24,1.2371,1.48,0.4682,0.6
2021-01-17 00:00:00,00_04,0.788,0.9,2.86,3.45
2021-01-17 04:00:00,04_08,1.1914,1.34,0.99,1.2325
2021-01-17 08:00:00,08_12,3.4532,3.8275,0.3296,0.395
2021-01-17 12:00:00,12_16,2.3225,2.54,0.3024,0.37
2021-01-17 16:00:00,16_20,5.2289,5.7375,0.303,0.375
2021-01-17 20:00:00,20_24,1.2076,1.37,0.4267,0.52
2021-01-18 00:00:00,00_04,0.7663,0.87,2.8719,3.44
2021-01-18 04:00:00,04_08,1.2213,1.3525,0.8847,1.085
2021-01-18 08:00:00,08_12,4.4967,5.3075,0.2905,0.38
2021-01-18 12:00:00,12_16,2.3269,2.56,0.287,0.365
2021-01-18 16:00:00,16_20,4.8896,5.645,0.2941,0.375
2021-01-18 20:00:00,20_24,1.1185,1.245,0.5642,1.1
2021-01-19 00:00:00,00_04,0.7189,0.915,3.7448,5.45
2021-01-19 04:00:00,04_08,1.1198,1.31,0.9726,1.185
2021-01-19 08:00:00,08_12,3.9621,4.64,0.2936,0.375
2021-01-19 12:00:00,12_16,2.0749,2.29,0.2965,0.375
2021-01-19 16:00:00,16_20,4.3211,4.83,0.293,0.375
2021-01-19 20:00:00,20_24,1.002,1.12,0.7713,1.25
2021-01-20 00:00:00,00_04,0.7343,0.86,6.7737,10.53
2021-01-20 04:00:00,04_08,1.1536,1.32,2.1072,4.54
2021-01-20 08:00:00,08_12,3.657,4.175,0.3243,0.505
2021-01-20 12:00:00,12_16,1.9235,2.3,0.2973,0.3525
2021-01-20 16:00:00,16_20,4.1065,5.21,0.3093,0.3675
2021-01-20 20:00:00,20_24,0.9533,1.095,0.9972,1.32
2021-01-21 00:00:00,00_04,0.6775,0.8125,9.213,16.67
2021-01-21 04:00:00,04_08,1.1084,1.355,4.227,9.07
2021-01-21 08:00:00,08_12,3.4229,3.8525,0.498,1.5875
2021-01-21 12:00:00,12_16,1.6818,1.9525,0.6381,1.8375
2021-01-21 16:00:00,16_20,4.2756,4.99,0.3171,0.5
2021-01-21 20:00:00,20_24,0.9148,1.035,0.9488,1.225
2021-01-22 00:00:00,00_04,0.641,0.7925,8.8836,13.4175
2021-01-22 04:00:00,04_08,1.0242,1.41,4.6226,8.345
2021-01-22 08:00:00,08_12,3.4065,3.75,0.4301,0.7575
2021-01-22 12:00:00,12_16,1.54,1.85,0.415,0.7
2021-01-22 16:00:00,16_20,4.7411,8.31,0.2904,0.36
2021-01-22 20:00:00,20_24,0.9015,1.42,0.6451,0.925
2021-01-23 00:00:00,00_04,0.6495,0.8025,4.0554,5.1425
2021-01-23 04:00:00,04_08,0.9215,1.145,1.7989,2.75
2021-01-23 08:00:00,08_12,3.1288,3.55,0.3422,0.475
2021-01-23 12:00:00,12_16,1.4853,1.695,0.3493,0.4725
2021-01-23 16:00:00,16_20,4.4698,5.3025,0.2786,0.3375
2021-01-23 20:00:00,20_24,0.8864,1.03,0.4203,0.615
2021-01-24 00:00:00,00_04,0.6032,0.6925,3.3724,3.9125
2021-01-24 04:00:00,04_08,0.8062,0.99,1.7697,2.42
2021-01-24 08:00:00,08_12,2.7254,3.0225,0.3001,0.3725
2021-01-24 12:00:00,12_16,1.2926,1.465,0.2897,0.355
2021-01-24 16:00:00,16_20,4.1222,4.5,0.2445,0.3
2021-01-24 20:00:00,20_24,0.7951,0.9125,0.3523,0.475
2021-01-25 00:00:00,00_04,0.5983,0.7525,2.7346,3.47
2021-01-25 04:00:00,04_08,0.9697,1.345,1.3779,1.8475
2021-01-25 08:00:00,08_12,5.6214,8.185,0.284,0.34
2021-01-25 12:00:00,12_16,1.9648,2.9225,0.281,0.38
2021-01-25 16:00:00,16_20,5.7651,7.875,0.2445,0.3
2021-01-25 20:00:00,20_24,0.8793,1.275,0.3339,0.5
2021-01-26 00:00:00,00_04,0.7054,0.98,2.8281,3.6
2021-01-26 04:00:00,04_08,0.9977,1.34,1.1723,1.45
2021-01-26 08:00:00,08_12,5.4701,7.49,0.2787,0.495
2021-01-26 12:00:00,12_16,1.9184,2.5925,0.2812,0.42
2021-01-26 16:00:00,16_20,5.5669,6.515,0.2483,0.3
2021-01-26 20:00:00,20_24,0.9374,1.215,0.3361,0.425
2021-01-27 00:00:00,00_04,0.6899,0.9725,2.7249,3.1575
2021-01-27 04:00:00,04_08,1.0337,1.285,0.9924,1.2
2021-01-27 08:00:00,08_12,6.1357,7.455,0.2863,0.37
2021-01-27 12:00:00,12_16,1.9668,2.4225,0.2831,0.355
2021-01-27 16:00:00,16_20,5.4019,6.1725,0.247,0.3
2021-01-27 20:00:00,20_24,0.9959,1.33,0.3152,0.385
2021-01-28 00:00:00,00_04,0.6705,0.85,2.5595,3.0
2021-01-28 04:00:00,04_08,0.9868,1.2,0.8753,1.125
2021-01-28 08:00:00,08_12,6.0958,7.685,0.2552,0.3125
2021-01-28 12:00:00,12_16,1.9142,2.6075,0.2556,0.315
2021-01-28 16:00:00,16_20,5.0279,5.5,0.2427,0.3
2021-01-28 20:00:00,20_24,0.9567,1.1425,0.2994,0.3675
2021-01-29 00:00:00,00_04,0.6586,0.8425,2.6054,3.41
2021-01-29 04:00:00,04_08,0.9214,1.0475,0.8255,1.0
2021-01-29 08:00:00,08_12,5.019,6.0725,0.258,0.3025
2021-01-29 12:00:00,12_16,1.7344,1.97,0.2598,0.3025
2021-01-29 16:00:00,16_20,4.5149,4.905,0.2455,0.3
2021-01-29 20:00:00,20_24,0.8725,1.0025,0.2895,0.365
2021-01-30 00:00:00,00_04,0.6306,0.785,2.907,3.53
2021-01-30 04:00:00,04_08,0.7803,0.9575,0.8485,1.125
2021-01-30 08:00:00,08_12,3.5122,4.435,0.2559,0.3375
2021-01-30 12:00:00,12_16,1.3869,1.685,0.253,0.325
2021-01-30 16:00:00,16_20,4.3151,4.9,0.2471,0.3
2021-01-30 20:00:00,20_24,0.8286,0.9775,0.2904,0.39
2021-01-31 00:00:00,00_04,0.6105,0.735,2.6665,3.25
2021-01-31 04:00:00,04_08,0.7475,0.8925,1.1288,3.7275
2021-01-31 08:00:00,08_12,2.8708,3.3125,0.2604,0.3225
2021-01-31 12:00:00,12_16,1.1929,1.3975,0.2595,0.3175
2021-01-31 16:00:00,16_20,4.0749,4.675,0.2525,0.3
2021-01-31 20:00:00,20_24,0.7622,0.88,0.2942,0.4175
2021-02-01 00:00:00,00_04,1.0281,6.9625,2.6294,3.14
2021-02-01 04:00:00,04_08,8.8267,153.765,1.1887,2.6075
2021-02-01 08:00:00,08_12,4.909,7.1125,0.2619,0.325
2021-02-01 12:00:00,12_16,1.7893,3.04,0.2619,0.3325
2021-02-01 16:00:00,16_20,5.3717,7.295,0.2566,0.3025
2021-02-01 20:00:00,20_24,1.0242,1.37,0.2982,0.36
2021-02-02 00:00:00,00_04,4.8652,15.6925,2.4416,2.825
2021-02-02 04:00:00,04_08,11.6472,27.235,1.1132,1.535
2021-02-02 08:00:00,08_12,6.9941,12.7125,0.2441,0.3
2021-02-02 12:00:00,12_16,3.1896,8.45,0.2463,0.325
2021-02-02 16:00:00,16_20,5.622,7.2975,0.2411,0.3
2021-02-02 20:00:00,20_24,3.3264,9.735,0.387,1.57
2021-02-03 00:00:00,00_04,6.7052,12.045,2.9575,4.4125
2021-02-03 04:00:00,04_08,11.0404,14.7825,1.1828,1.575
2021-02-03 08:00:00,08_12,8.3397,10.87,0.3836,1.1775
2021-02-03 12:00:00,12_16,4.0158,5.855,0.3814,1.085
2021-02-03 16:00:00,16_20,6.4911,9.6875,0.4028,1.035
2021-02-03 20:00:00,20_24,4.7627,8.5,1.0964,5.0
2021-02-04 00:00:00,00_04,5.7657,7.4175,5.1276,10.5875
2021-02-04 04:00:00,04_08,7.8691,9.5,1.4308,2.4975
2021-02-04 08:00:00,08_12,7.3437,8.3125,0.5425,0.9775
2021-02-04 12:00:00,12_16,5.2261,7.4175,0.4625,0.965
2021-02-04 16:00:00,16_20,8.8153,11.875,0.4549,0.96
2021-02-04 20:00:00,20_24,5.0539,6.22,1.2321,2.1675
2021-02-05 00:00:00,00_04,4.778,5.08,4.2667,5.645
2021-02-05 04:00:00,04_08,6.3749,7.55,1.2771,1.63
2021-02-05 08:00:00,08_12,6.5813,8.0325,0.6077,1.2
2021-02-05 12:00:00,12_16,4.4708,5.4675,0.5287,1.075
2021-02-05 16:00:00,16_20,7.8616,9.06,0.6166,1.25
2021-02-05 20:00:00,20_24,4.2143,4.9825,1.255,1.7775
2021-02-06 00:00:00,00_04,2.9389,3.34,4.8428,6.125
2021-02-06 04:00:00,04_08,3.9146,4.68,2.7429,5.1875
2021-02-06 08:00:00,08_12,4.4513,5.3625,1.1054,1.9375
2021-02-06 12:00:00,12_16,2.6732,3.125,1.1218,2.28
2021-02-06 16:00:00,16_20,5.2709,6.145,1.4079,2.75
2021-02-06 20:00:00,20_24,2.5336,3.1,2.3874,5.115
2021-02-07 00:00:00,00_04,1.6763,2.075,17.6263,30.005
2021-02-07 04:00:00,04_08,2.2127,3.0575,20.4885,40.0
2021-02-07 08:00:00,08_12,3.132,3.72,4.8953,7.55
2021-02-07 12:00:00,12_16,1.7683,2.045,2.9492,4.445
2021-02-07 16:00:00,16_20,4.3417,5.0575,1.8584,3.005
2021-02-07 20:00:00,20_24,1.8382,2.29,2.8375,4.5
2021-02-08 00:00:00,00_04,9.3277,94.95,9.3688,13.25
2021-02-08 04:00:00,04_08,130.1612,1587.5,8.5388,15.33
2021-02-08 08:00:00,08_12,6.2408,10.1,2.1778,3.435
2021-02-08 12:00:00,12_16,3.3272,6.3325,1.3166,2.1875
2021-02-08 16:00:00,16_20,9.4294,16.2075,0.9858,1.5
2021-02-08 20:00:00,20_24,3.1751,11.0,1.5837,2.25
2021-02-09 00:00:00,00_04,13.9658,23.25,5.4729,12.6
2021-02-09 04:00:00,04_08,31.1746,61.13,4.0484,6.9075
2021-02-09 08:00:00,08_12,16.895,31.5,1.089,1.7675
2021-02-09 12:00:00,12_16,7.8488,14.5825,0.7168,1.25
2021-02-09 16:00:00,16_20,15.4759,23.0,0.6082,0.9925
2021-02-09 20:00:00,20_24,8.4952,15.5,0.8369,1.3625
2021-02-10 00:00:00,00_04,10.3753,13.375,5.2863,8.1675
2021-02-10 04:00:00,04_08,21.8599,27.2375,3.0197,4.3425
2021-02-10 08:00:00,08_12,17.1508,20.31,0.8273,1.25
2021-02-10 12:00:00,12_16,7.6602,9.475,0.6504,1.035
2021-02-10 16:00:00,16_20,14.8627,17.3,0.5586,0.875
2021-02-10 20:00:00,20_24,8.2001,10.0825,0.7273,1.2
2021-02-11 00:00:00,00_04,8.1892,10.61,5.1059,7.34
2021-02-11 04:00:00,04_08,14.8699,17.19,2.4841,3.1125
2021-02-11 08:00:00,08_12,15.8228,19.235,0.6981,0.9375
2021-02-11 12:00:00,12_16,7.9287,10.235,0.5729,0.8275
2021-02-11 16:00:00,16_20,16.1975,20.4175,0.5328,0.7125
2021-02-11 20:00:00,20_24,6.1654,7.61,0.6846,0.94
2021-02-12 00:00:00,00_04,6.7438,8.9725,4.951,6.5
2021-02-12 04:00:00,04_08,12.6417,14.75,1.9937,2.5
2021-02-12 08:00:00,08_12,15.2544,18.3625,0.5896,0.82
2021-02-12 12:00:00,12_16,7.1261,8.23,0.5763,0.925
2021-02-12 16:00:00,16_20,15.5229,19.88,0.4995,0.75
2021-02-12 20:00:00,20_24,5.7235,7.25,0.6677,1.03
2021-02-13 00:00:00,00_04,3.8808,6.1175,4.7443,5.79
2021-02-13 04:00:00,04_08,5.592,8.975,1.6964,2.06
2021-02-13 08:00:00,08_12,6.6139,10.7,0.5865,0.84
2021-02-13 12:00:00,12_16,3.9403,5.05,0.6026,0.8475
2021-02-13 16:00:00,16_20,8.3373,11.875,0.528,0.7025
2021-02-13 20:00:00,20_24,3.3032,4.7375,0.8017,1.25
2021-02-14 00:00:00,00_04,2.6077,3.52,4.372,5.01
2021-02-14 04:00:00,04_08,4.0264,6.25,1.4316,1.775
2021-02-14 08:00:00,08_12,5.0571,6.375,0.7151,1.005
2021-02-14 12:00:00,12_16,2.526,3.255,1.2608,4.3
2021-02-14 16:00:00,16_20,5.8641,7.785,0.6666,0.97
2021-02-14 20:00:00,20_24,2.4887,3.6,0.891,1.25
2021-02-15 00:00:00,00_04,12.0009,37.5,4.3638,5.95
2021-02-15 04:00:00,04_08,28.1735,108.75,1.5572,2.7475
2021-02-15 08:00:00,08_12,7.6768,10.25,0.6863,0.9175
2021-02-15 12:00:00,12_16,3.3974,5.5,1.1134,1.92
2021-02-15 16:00:00,16_20,8.9185,11.8125,0.6588,0.85
2021-02-15 20:00:00,20_24,4.5197,6.55,0.8785,1.145
2021-02-16 00:00:00,00_04,8.898,12.0,4.0736,4.775
2021-02-16 04:00:00,04_08,16.3956,19.85,1.5328,2.06
2021-02-16 08:00:00,08_12,9.1936,12.77,0.5981,0.75
2021-02-16 12:00:00,12_16,3.6231,4.4725,0.8781,1.2525
2021-02-16 16:00:00,16_20,8.2233,9.6875,0.5788,0.775
2021-02-16 20:00:00,20_24,3.891,4.45,0.8842,1.52
2021-02-17 00:00:00,00_04,5.5462,7.175,5.8494,8.51
2021-02-17 04:00:00,04_08,10.2833,13.3875,3.0018,6.5975
2021-02-17 08:00:00,08_12,8.4434,9.8625,0.7114,1.7
2021-02-17 12:00:00,12_16,3.3728,4.0875,0.9802,1.5
2021-02-17 16:00:00,16_20,8.2365,9.625,0.6815,1.75
2021-02-17 20:00:00,20_24,5.5897,16.25,0.8595,1.3675
2021-02-18 00:00:00,00_04,4.5176,5.7075,4.8061,6.985
2021-02-18 04:00:00,04_08,8.5549,10.7825,2.8091,4.1325
2021-02-18 08:00:00,08_12,8.4398,10.66,0.7029,1.25
2021-02-18 12:00:00,12_16,3.5314,4.25,0.9364,1.5
2021-02-18 16:00:00,16_20,7.2125,7.655,0.8703,1.5125
2021-02-18 20:00:00,20_24,4.6772,7.15,1.5463,3.4825
2021-02-19 00:00:00,00_04,3.5411,4.235,6.5865,9.5525
2021-02-19 04:00:00,04_08,7.0693,7.9625,3.374,4.695
2021-02-19 08:00:00,08_12,8.0953,9.0,0.7508,1.1125
2021-02-19 12:00:00,12_16,3.3255,3.6675,0.8803,1.25
2021-02-19 16:00:00,16_20,7.5069,8.96,0.8367,1.21
2021-02-19 20:00:00,20_24,4.439,5.36,1.2122,1.875
2021-02-20 00:00:00,00_04,2.4442,2.8625,5.0822,6.0
2021-02-20 04:00:00,04_08,4.5555,5.1925,3.0553,3.94
2021-02-20 08:00:00,08_12,4.8941,5.7525,0.7937,1.5
2021-02-20 12:00:00,12_16,2.4906,2.75,1.9242,5.0
2021-02-20 16:00:00,16_20,5.4835,6.43,0.8605,1.4025
2021-02-20 20:00:00,20_24,2.9212,3.24,2.0836,4.265
2021-02-21 00:00:00,00_04,1.6838,2.32,9.5779,19.25
2021-02-21 04:00:00,04_08,3.2859,3.75,9.0161,19.5
2021-02-21 08:00:00,08_12,3.5092,4.23,2.7588,5.13
2021-02-21 12:00:00,12_16,1.8708,2.27,3.5679,5.87
2021-02-21 16:00:00,16_20,5.3688,6.87,1.0409,1.53
2021-02-21 20:00:00,20_24,2.254,2.6,1.9585,2.78
2021-02-22 00:00:00,00_04,18.1619,34.09,7.8585,13.75
2021-02-22 04:00:00,04_08,32.9394,73.0,4.2344,6.6175
2021-02-22 08:00:00,08_12,8.7397,23.34,1.351,2.345
2021-02-22 12:00:00,12_16,4.2758,7.2125,1.835,2.9775
2021-02-22 16:00:00,16_20,10.6768,22.8325,0.6569,0.8775
2021-02-22 20:00:00,20_24,6.0536,11.0,1.0571,1.5575
2021-02-23 00:00:00,00_04,9.3427,13.0025,6.7418,8.5
2021-02-23 04:00:00,04_08,14.575,18.75,3.3615,4.3
2021-02-23 08:00:00,08_12,10.0573,12.6875,1.1087,1.6875
2021-02-23 12:00:00,12_16,4.012,4.595,1.5861,2.585
2021-02-23 16:00:00,16_20,10.3559,12.6875,0.5355,0.7175
2021-02-23 20:00:00,20_24,5.7256,6.525,1.0035,1.415
2021-02-24 00:00:00,00_04,5.3789,6.75,6.3666,7.79
2021-02-24 04:00:00,04_08,9.6209,10.95,3.3143,4.3
2021-02-24 08:00:00,08_12,8.2746,9.255,1.1915,2.36
2021-02-24 12:00:00,12_16,3.3409,3.72,2.8025,8.78
2021-02-24 16:00:00,16_20,8.6056,9.515,0.541,0.955
2021-02-24 20:00:00,20_24,4.872,5.3375,1.0409,1.51
2021-02-25 00:00:00,00_04,4.3543,5.0625,6.5056,9.4275
2021-02-25 04:00:00,04_08,7.982,9.6125,3.1014,4.3175
2021-02-25 08:00:00,08_12,7.3989,8.725,1.1566,1.6525
2021-02-25 12:00:00,12_16,2.9413,3.4875,3.0874,5.25
2021-02-25 16:00:00,16_20,8.5341,9.565,0.5036,0.75
2021-02-25 20:00:00,20_24,4.37,4.8075,0.9439,1.25
2021-02-26 00:00:00,00_04,3.5098,4.075,5.8512,6.7525
2021-02-26 04:00:00,04_08,7.0915,8.33,2.5825,3.4825
2021-02-26 08:00:00,08_12,6.849,7.875,0.998,1.25
2021-02-26 12:00:00,12_16,2.7193,3.25,2.6798,3.76
2021-02-26 16:00:00,16_20,7.7066,8.5,0.4864,0.75
2021-02-26 20:00:00,20_24,3.563,4.1125,0.9381,1.2
2021-02-27 00:00:00,00_04,2.2729,2.6225,5.0547,5.85
2021-02-27 04:00:00,04_08,4.3276,4.92,2.3602,2.99
2021-02-27 08:00:00,08_12,4.6131,5.16,0.8446,1.11
2021-02-27 12:00:00,12_16,2.0942,2.3175,2.877,4.545
2021-02-27 16:00:00,16_20,6.2728,7.5,0.5545,0.7175
2021-02-27 20:00:00,20_24,2.873,3.5,1.0168,1.815
2021-02-28 00:00:00,00_04,1.709,2.09,4.771,7.25
2021-02-28 04:00:00,04_08,2.9915,3.5,2.5854,4.945
2021-02-28 08:00:00,08_12,3.2963,3.9925,1.2492,2.5
2021-02-28 12:00:00,12_16,1.7109,1.97,3.8667,6.1425
2021-02-28 16:00:00,16_20,5.8843,6.735,0.647,1.1125
2021-02-28 20:00:00,20_24,2.2326,2.4925,1.0715,1.365
2021-03-01 00:00:00,00_04,16.4586,22.725,4.8067,7.17
2021-03-01 04:00:00,04_08,27.2735,40.3325,2.4703,3.3325
2021-03-01 08:00:00,08_12,11.8748,17.1675,1.0958,1.7275
2021-03-01 12:00:00,12_16,4.7352,5.78,2.1421,2.75
2021-03-01 16:00:00,16_20,12.862,17.5,0.562,0.8
2021-03-01 20:00:00,20_24,6.2287,7.8725,0.8637,1.22
2021-03-02 00:00:00,00_04,10.0928,12.5,4.218,5.505
2021-03-02 04:00:00,04_08,14.6204,18.22,2.1112,2.625
2021-03-02 08:00:00,08_12,10.307,12.4025,0.932,1.3
2021-03-02 12:00:00,12_16,3.8691,4.41,1.8805,3.005
2021-03-02 16:00:00,16_20,10.8772,12.665,0.5266,0.71
2021-03-02 20:00:00,20_24,4.9578,5.7,0.7782,1.035
2021-03-03 00:00:00,00_04,5.8673,6.6275,4.1364,4.5525
2021-03-03 04:00:00,04_08,9.0996,10.6675,1.7661,2.0675
2021-03-03 08:00:00,08_12,8.5799,9.7,0.7867,0.975
2021-03-03 12:00:00,12_16,3.0765,3.4125,1.9929,2.6475
2021-03-03 16:00:00,16_20,9.3032,11.055,0.4564,0.565
2021-03-03 20:00:00,20_24,4.0496,4.5825,0.7112,0.935
2021-03-04 00:00:00,00_04,4.3669,4.895,3.8292,4.435
2021-03-04 04:00:00,04_08,7.8645,10.1675,1.6188,1.98
2021-03-04 08:00:00,08_12,7.9309,9.8325,0.6469,0.8225
2021-03-04 12:00:00,12_16,2.7089,3.15,1.6175,2.0
2021-03-04 16:00:00,16_20,8.3416,9.3175,0.4038,0.525
2021-03-04 20:00:00,20_24,3.4522,3.81,0.5911,0.83
2021-03-05 00:00:00,00_04,3.5443,4.12,3.6102,4.0
2021-03-05 04:00:00,04_08,8.706,14.75,1.4787,2.0
2021-03-05 08:00:00,08_12,7.6881,9.0725,0.6227,0.8075
2021-03-05 12:00:00,12_16,2.2939,2.61,1.4412,1.875
2021-03-05 16:00:00,16_20,7.5077,8.39,0.3813,0.5125
2021-03-05 20:00:00,20_24,2.9781,3.435,0.5585,0.69
2021-03-06 00:00:00,00_04,2.1731,2.5,3.421,3.88
2021-03-06 04:00:00,04_08,5.2152,6.725,1.5374,1.8725
2021-03-06 08:00:00,08_12,5.1184,6.18,0.8593,1.35
2021-03-06 12:00:00,12_16,1.7024,2.01,3.2385,5.355
2021-03-06 16:00:00,16_20,6.3116,7.5,0.5982,1.1125
2021-03-06 20:00:00,20_24,2.1926,2.705,0.656,1.07
2021-03-07 00:00:00,00_04,1.632,1.8125,3.7142,4.25
2021-03-07 04:00:00,04_08,3.5052,4.14,1.8118,2.5025
2021-03-07 08:00:00,08_12,3.438,4.0,1.3648,2.38
2021-03-07 12:00:00,12_16,1.4453,1.7125,4.1141,5.71
2021-03-07 16:00:00,16_20,5.7941,6.255,0.841,1.2225
2021-03-07 20:00:00,20_24,1.8104,2.035,0.6831,0.9075
2021-03-08 00:00:00,00_04,11.1525,14.0,3.5989,4.64
2021-03-08 04:00:00,04_08,19.0632,23.25,1.7448,2.16
2021-03-08 08:00:00,08_12,11.3677,14.1225,0.9575,1.4
2021-03-08 12:00:00,12_16,4.5633,5.3475,1.8668,2.575
2021-03-08 16:00:00,16_20,13.2822,17.5,0.5196,0.7475
2021-03-08 20:00:00,20_24,5.3712,6.875,0.5628,0.735
2021-03-09 00:00:00,00_04,7.0359,8.28,3.4879,4.05
2021-03-09 04:00:00,04_08,11.2886,13.25,1.5335,1.9725
2021-03-09 08:00:00,08_12,10.5922,12.245,0.6924,0.9225
2021-03-09 12:00:00,12_16,3.582,4.0,1.5103,1.975
2021-03-09 16:00:00,16_20,13.2927,17.0,0.4123,0.525
2021-03-09 20:00:00,20_24,4.4433,4.855,0.4766,0.605
2021-03-10 00:00:00,00_04,4.7372,5.28,3.1457,3.55
2021-03-10 04:00:00,04_08,7.3791,8.6025,1.4345,1.7
2021-03-10 08:00:00,08_12,7.9975,9.0,0.5723,0.7475
2021-03-10 12:00:00,12_16,2.6373,2.9,1.2679,1.655
2021-03-10 16:00:00,16_20,8.1269,9.95,0.443,0.73
2021-03-10 20:00:00,20_24,3.3713,3.82,1.5214,4.28
2021-03-11 00:00:00,00_04,3.0473,3.7625,12.9754,20.0
2021-03-11 04:00:00,04_08,5.5584,6.705,9.1944,15.855
2021-03-11 08:00:00,08_12,6.353,7.88,3.161,4.88
2021-03-11 12:00:00,12_16,2.0088,2.65,6.9335,11.9525
2021-03-11 16:00:00,16_20,7.0652,8.4,3.2129,7.25
2021-03-11 20:00:00,20_24,2.6882,3.315,6.1086,10.7075
2021-03-12 00:00:00,00_04,2.5454,2.9,16.2748,20.58
2021-03-12 04:00:00,04_08,5.2095,6.76,11.9151,14.5225
2021-03-12 08:00:00,08_12,5.7032,6.845,4.9962,7.0
2021-03-12 12:00:00,12_16,1.7843,2.13,11.709,16.125
2021-03-12 16:00:00,16_20,7.2296,8.18,5.5082,8.54
2021-03-12 20:00:00,20_24,2.4689,2.875,8.4387,10.75
2021-03-13 00:00:00,00_04,1.8086,2.1675,15.8504,18.75
2021-03-13 04:00:00,04_08,3.4434,4.1925,11.8602,15.6
2021-03-13 08:00:00,08_12,3.8838,4.63,9.0515,16.125
2021-03-13 12:00:00,12_16,1.3936,1.645,18.1868,23.02
2021-03-13 16:00:00,16_20,5.8187,7.6475,7.2909,9.1675
2021-03-13 20:00:00,20_24,2.1996,4.14,9.4065,10.8375
2021-03-14 00:00:00,00_04,1.5436,1.9,19.4459,24.25
2021-03-14 04:00:00,04_08,2.9005,3.6,17.6757,26.0
2021-03-14 08:00:00,08_12,3.07,3.565,13.5723,17.1
2021-03-14 12:00:00,12_16,1.3033,1.665,18.8012,23.125
2021-03-14 16:00:00,16_20,6.6637,9.7175,5.6562,7.75
2021-03-14 20:00:00,20_24,2.8933,5.33,6.5286,7.98
2021-03-15 00:00:00,00_04,4.4198,8.39,9.8236,14.0
2021-03-15 04:00:00,04_08,9.6005,14.7,8.1051,10.2975
2021-03-15 08:00:00,08_12,8.3746,10.57,3.409,5.325
2021-03-15 12:00:00,12_16,2.8942,3.88,6.635,9.5225
2021-03-15 16:00:00,16_20,10.3879,12.825,2.554,3.75
2021-03-15 20:00:00,20_24,4.0164,4.94,2.984,4.875
2021-03-16 00:00:00,00_04,5.139,7.09,5.5427,8.3325
2021-03-16 04:00:00,04_08,8.2508,11.25,3.8787,5.6675
2021-03-16 08:00:00,08_12,8.2627,9.375,1.9815,2.7525
2021-03-16 12:00:00,12_16,2.7118,3.14,2.7764,4.21
2021-03-16 16:00:00,16_20,10.5985,11.97,1.3276,1.91
2021-03-16 20:00:00,20_24,3.5737,4.1925,1.4397,2.25
2021-03-17 00:00:00,00_04,4.3488,5.275,3.9627,5.04
2021-03-17 04:00:00,04_08,6.9549,9.0,2.3121,3.25
2021-03-17 08:00:00,08_12,7.819,9.0,1.0832,1.675
2021-03-17 12:00:00,12_16,2.3239,2.79,2.0062,2.51
2021-03-17 16:00:00,16_20,10.2435,11.67,0.9686,1.385
2021-03-17 20:00:00,20_24,3.0941,3.7,1.1241,1.575
2021-03-18 00:00:00,00_04,3.4824,4.03,3.3872,4.285
2021-03-18 04:00:00,04_08,6.3277,7.025,2.045,2.48
2021-03-18 08:00:00,08_12,7.5509,8.5,0.9396,1.1925
2021-03-18 12:00:00,12_16,2.0207,2.2475,1.608,2.02
2021-03-18 16:00:00,16_20,10.0447,10.995,0.8133,1.0025
2021-03-18 20:00:00,20_24,2.9118,3.345,1.0053,1.385
2021-03-19 00:00:00,00_04,2.7484,3.31,3.0588,3.92
2021-03-19 04:00:00,04_08,5.3318,6.26,1.6106,2.135
2021-03-19 08:00:00,08_12,6.269,7.325,0.7626,0.935
2021-03-19 12:00:00,12_16,1.5764,1.9,1.4401,1.8
2021-03-19 16:00:00,16_20,8.5668,9.94,0.6914,0.8775
2021-03-19 20:00:00,20_24,2.4967,2.785,0.8354,1.0825
2021-03-20 00:00:00,00_04,2.0702,2.455,2.838,3.375
2021-03-20 04:00:00,04_08,4.1968,4.78,1.4951,1.7475
2021-03-20 08:00:00,08_12,4.5294,5.08,0.7034,0.9725
2021-03-20 12:00:00,12_16,1.3373,1.4925,1.461,1.9575
2021-03-20 16:00:00,16_20,5.6894,6.445,0.6782,0.865
2021-03-20 20:00:00,20_24,1.969,2.285,0.8521,1.1675
2021-03-21 00:00:00,00_04,1.7385,2.185,3.5386,5.105
2021-03-21 04:00:00,04_08,3.3089,4.01,6.739,12.875
2021-03-21 08:00:00,08_12,3.3858,4.36,6.3061,12.925
2021-03-21 12:00:00,12_16,1.2218,1.6,7.3635,12.5
2021-03-21 16:00:00,16_20,4.8755,6.6,1.6798,4.52
2021-03-21 20:00:00,20_24,1.7994,2.14,0.8654,1.425
2021-03-22 00:00:00,00_04,4.9108,6.4,3.2878,4.62
2021-03-22 04:00:00,04_08,7.8056,10.4,3.7466,5.32
2021-03-22 08:00:00,08_12,8.1521,10.75,2.3843,4.25
2021-03-22 12:00:00,12_16,2.6837,3.42,2.8127,4.45
2021-03-22 16:00:00,16_20,9.3008,12.4275,1.1095,1.88
2021-03-22 20:00:00,20_24,3.6436,4.6,0.7836,1.065
2021-03-23 00:00:00,00_04,4.2832,5.13,3.1686,4.145
2021-03-23 04:00:00,04_08,7.2027,8.54,2.4309,3.49
2021-03-23 08:00:00,08_12,8.2095,9.0875,1.6419,2.35
2021-03-23 12:00:00,12_16,2.3832,2.685,1.926,2.6075
2021-03-23 16:00:00,16_20,10.3565,11.5575,0.7435,1.17
2021-03-23 20:00:00,20_24,3.4015,3.695,0.6385,0.88
2021-03-24 00:00:00,00_04,3.1968,3.75,2.8919,3.3075
2021-03-24 04:00:00,04_08,5.885,6.4625,1.9228,2.2525
2021-03-24 08:00:00,08_12,7.1334,7.9325,1.0361,1.43
2021-03-24 12:00:00,12_16,1.7533,2.11,1.6335,2.2525
2021-03-24 16:00:00,16_20,9.3642,10.1825,0.6935,0.96
2021-03-24 20:00:00,20_24,2.7454,3.17,0.6718,0.8475
2021-03-25 00:00:00,00_04,2.6932,3.01,2.413,2.965
2021-03-25 04:00:00,04_08,5.1943,5.7,1.5874,1.9
2021-03-25 08:00:00,08_12,6.4827,7.0675,0.75,0.975
2021-03-25 12:00:00,12_16,1.588,1.865,1.3866,1.62
2021-03-25 16:00:00,16_20,8.6623,9.345,0.6,0.72
2021-03-25 20:00:00,20_24,2.5111,2.7375,0.577,0.715
2021-03-26 00:00:00,00_04,2.1553,2.475,2.149,2.525
2021-03-26 04:00:00,04_08,4.3926,4.86,1.3019,1.56
2021-03-26 08:00:00,08_12,5.4802,6.175,0.7211,1.25
2021-03-26 12:00:00,12_16,1.3127,1.5575,2.1699,5.3975
2021-03-26 16:00:00,16_20,7.299,8.095,0.53,0.76
2021-03-26 20:00:00,20_24,2.0319,2.47,0.7273,1.9625
2021-03-27 00:00:00,00_04,1.6424,1.9675,4.3657,5.9775
2021-03-27 04:00:00,04_08,3.4132,3.87,5.978,8.69
2021-03-27 08:00:00,08_12,3.9311,4.5425,8.3195,11.25
2021-03-27 12:00:00,12_16,1.0387,1.35,14.6875,20.8325
2021-03-27 16:00:00,16_20,6.213,8.0425,4.1133,6.7
2021-03-27 20:00:00,20_24,2.0761,3.2475,2.2262,3.49
2021-03-28 00:00:00,00_04,1.7224,2.1,5.5,6.3333
2021-03-28 04:00:00,04_08,2.6717,3.15,6.3475,7.75
2021-03-28 08:00:00,08_12,3.175,3.595,9.1107,12.095
2021-03-28 12:00:00,12_16,0.9464,1.185,20.7581,34.5
2021-03-28 16:00:00,16_20,5.8342,6.87,6.3783,12.23
2021-03-28 20:00:00,20_24,3.7552,10.13,2.6232,3.6975
2021-03-29 00:00:00,00_04,3.9269,4.89,4.0885,4.8075
2021-03-29 04:00:00,04_08,6.641,8.2825,3.8525,5.0
2021-03-29 08:00:00,08_12,7.894,9.455,2.8855,4.05
2021-03-29 12:00:00,12_16,2.1394,2.65,8.0119,10.45
2021-03-29 16:00:00,16_20,9.6218,11.6,2.9764,4.4025
2021-03-29 20:00:00,20_24,3.7056,4.77,1.549,2.1
2021-03-30 00:00:00,00_04,3.4092,3.88,3.4619,4.0425
2021-03-30 04:00:00,04_08,5.8425,6.4,2.996,3.705
2021-03-30 08:00:00,08_12,7.3281,9.0625,1.8402,2.5575
2021-03-30 12:00:00,12_16,1.8134,2.205,5.4975,8.6675
2021-03-30 16:00:00,16_20,8.922,9.78,1.7961,2.775
2021-03-30 20:00:00,20_24,3.317,3.83,0.9264,1.295
2021-03-31 00:00:00,00_04,2.5688,2.9,2.467,2.95
2021-03-31 04:00:00,04_08,4.7695,5.275,2.0199,2.3925
2021-03-31 08:00:00,08_12,6.6065,7.4975,1.1403,1.4675
2021-03-31 12:00:00,12_16,1.4742,1.705,4.4736,6.1675
2021-03-31 16:00:00,16_20,8.1816,8.7225,1.3357,1.6
2021-03-31 20:00:00,20_24,2.7266,3.2,0.6508,0.87
2021-04-01 00:00:00,00_04,1.8997,2.1325,1.9671,2.25
2021-04-01 04:00:00,04_08,3.8822,4.22,1.5248,1.7675
2021-04-01 08:00:00,08_12,3.5368,6.08,0.8367,1.1
2021-04-01 12:00:00,12_16,1.2426,1.45,3.5893,4.905
2021-04-01 16:00:00,16_20,6.9174,7.39,0.9624,1.15
2021-04-01 20:00:00,20_24,2.2459,2.595,0.5525,0.73
2021-04-02 00:00:00,00_04,1.5516,1.855,2.4796,3.93
2021-04-02 04:00:00,04_08,3.2438,3.5625,1.9692,4.61
2021-04-02 08:00:00,08_12,3.9641,5.245,2.0755,5.6325
2021-04-02 12:00:00,12_16,1.0336,1.3,16.7861,31.6675
2021-04-02 16:00:00,16_20,6.1147,6.69,8.1112,14.45
2021-04-02 20:00:00,20_24,2.0881,2.85,1.6243,2.8425
2021-04-03 00:00:00,00_04,1.3131,1.53,3.3261,4.125
2021-04-03 04:00:00,04_08,2.7386,3.065,3.1773,4.1325
2021-04-03 08:00:00,08_12,3.6045,4.28,3.0674,4.205
2021-04-03 12:00:00,12_16,1.0292,1.2,11.415,17.25
2021-04-03 16:00:00,16_20,5.6746,5.9425,4.6847,7.0
2021-04-03 20:00:00,20_24,3.8866,7.445,1.3429,2.0
2021-04-04 00:00:00,00_04,1.2009,1.41,3.156,3.6325
2021-04-04 04:00:00,04_08,2.4875,2.725,3.0531,3.67
2021-04-04 08:00:00,08_12,3.3935,4.17,3.2057,3.9375
2021-04-04 12:00:00,12_16,0.9911,1.25,15.3457,21.9375
2021-04-04 16:00:00,16_20,5.8253,7.225,7.417,10.505
2021-04-04 20:00:00,20_24,5.0537,8.7775,1.5768,2.03
2021-04-05 00:00:00,00_04,2.0824,3.9,7.732,14.415
2021-04-05 04:00:00,04_08,2.5117,3.95,9.1069,14.225
2021-04-05 08:00:00,08_12,3.0205,4.08,13.405,23.1875
2021-04-05 12:00:00,12_16,1.994,4.165,31.0046,57.025
2021-04-05 16:00:00,16_20,5.8298,9.025,13.6147,23.98
2021-04-05 20:00:00,20_24,5.4441,9.58,3.117,5.715
2021-04-06 00:00:00,00_04,2.764,3.39,6.851,10.0
2021-04-06 04:00:00,04_08,4.7782,6.35,5.6522,9.76
2021-04-06 08:00:00,08_12,5.4486,7.2625,5.0484,7.0725
2021-04-06 12:00:00,12_16,2.4605,3.8625,13.6184,24.66
2021-04-06 16:00:00,16_20,7.7896,9.14,6.2818,10.5
2021-04-06 20:00:00,20_24,5.4698,8.73,2.039,2.925
2021-04-07 00:00:00,00_04,3.0999,5.0275,4.7682,7.3525
2021-04-07 04:00:00,04_08,5.9321,8.0,5.076,8.765
2021-04-07 08:00:00,08_12,6.0626,7.39,3.0507,4.075
2021-04-07 12:00:00,12_16,2.608,3.4175,11.0323,16.5575
2021-04-07 16:00:00,16_20,6.5981,8.13,5.0276,7.5
2021-04-07 20:00:00,20_24,4.3538,5.28,1.7939,2.795
2021-04-08 00:00:00,00_04,2.8398,3.5,4.4928,5.5
2021-04-08 04:00:00,04_08,6.0862,7.64,4.2395,6.13
2021-04-08 08:00:00,08_12,6.1102,7.3925,1.8663,2.295
2021-04-08 12:00:00,12_16,2.5703,3.375,6.0728,7.67
2021-04-08 16:00:00,16_20,7.0215,8.3625,2.8554,4.0
2021-04-08 20:00:00,20_24,4.7593,6.42,1.3751,1.96
2021-04-09 00:00:00,00_04,2.0858,2.35,3.2385,4.16
2021-04-09 04:00:00,04_08,5.6988,6.345,3.3058,4.135
2021-04-09 08:00:00,08_12,5.8445,6.75,1.086,1.4375
2021-04-09 12:00:00,12_16,2.3486,2.735,5.1836,8.5025
2021-04-09 16:00:00,16_20,6.962,7.8575,1.5153,1.965
2021-04-09 20:00:00,20_24,5.0907,6.815,0.8968,1.195
2021-04-10 00:00:00,00_04,1.5783,1.81,2.4217,2.795
2021-04-10 04:00:00,04_08,4.145,4.6475,2.2932,2.71
2021-04-10 08:00:00,08_12,4.6946,5.27,0.747,0.985
2021-04-10 12:00:00,12_16,1.5671,1.835,3.4946,4.65
2021-04-10 16:00:00,16_20,5.7956,6.42,0.8696,1.09
2021-04-10 20:00:00,20_24,4.2767,4.875,0.6737,0.9175
2021-04-11 00:00:00,00_04,1.2204,1.46,3.2663,4.16
2021-04-11 04:00:00,04_08,2.7213,3.06,3.968,6.38
2021-04-11 08:00:00,08_12,3.5539,4.0,1.7492,2.9
2021-04-11 12:00:00,12_16,1.1093,1.285,6.495,12.5075
2021-04-11 16:00:00,16_20,4.8828,5.64,1.5607,2.9425
2021-04-11 20:00:00,20_24,3.7733,4.87,0.7437,1.13
2021-04-12 00:00:00,00_04,37.5287,300.0,7.5914,111.6675
2021-04-12 04:00:00,04_08,20.3896,222.605,7.1395,100.0
2021-04-12 08:00:00,08_12,15.0912,112.4625,1.0949,1.87
2021-04-12 12:00:00,12_16,22.0464,352.75,4.2562,7.065
2021-04-12 16:00:00,16_20,20.0771,144.0725,1.0768,3.55
2021-04-12 20:00:00,20_24,8.3622,38.54,0.7324,1.4875
2021-04-13 00:00:00,00_04,21.0165,30.005,10.7349,19.8
2021-04-13 04:00:00,04_08,25.5774,51.805,10.4922,20.245
2021-04-13 08:00:00,08_12,20.4718,30.8375,1.4839,4.355
2021-04-13 12:00:00,12_16,27.7533,55.835,5.2564,10.59
2021-04-13 16:00:00,16_20,20.412,28.11,2.1744,6.2625
2021-04-13 20:00:00,20_24,12.7068,17.22,0.8453,2.45
2021-04-14 00:00:00,00_04,10.7111,12.53,7.3716,10.44
2021-04-14 04:00:00,04_08,18.3735,26.8075,6.0357,8.6
2021-04-14 08:00:00,08_12,15.1949,17.9225,1.4429,2.165
2021-04-14 12:00:00,12_16,16.5891,24.11,4.4104,5.9075
2021-04-14 16:00:00,16_20,14.7262,17.08,2.0474,2.84
2021-04-14 20:00:00,20_24,8.8903,10.68,0.8503,1.2525
2021-04-15 00:00:00,00_04,6.4265,7.455,5.2914,7.2
2021-04-15 04:00:00,04_08,14.7409,23.54,4.1388,5.5525
2021-04-15 08:00:00,08_12,24.0281,421.75,1.2267,2.0725
2021-04-15 12:00:00,12_16,11.953,16.875,3.7048,5.25
2021-04-15 16:00:00,16_20,11.0166,12.8,1.4887,2.25
2021-04-15 20:00:00,20_24,6.2626,7.23,0.7299,1.0
2021-04-16 00:00:00,00_04,11.7816,40.1775,4.9768,7.9175
2021-04-16 04:00:00,04_08,25.0672,60.84,3.8891,7.25
2021-04-16 08:00:00,08_12,29.8818,87.5,1.5878,6.25
2021-04-16 12:00:00,12_16,19.7525,42.4975,5.4346,17.5025
2021-04-16 16:00:00,16_20,17.428,41.945,2.1078,12.5
2021-04-16 20:00:00,20_24,9.5368,30.835,0.696,1.0025
2021-04-17 00:00:00,00_04,9.7572,13.25,5.3521,7.4175
2021-04-17 04:00:00,04_08,14.7899,19.7375,4.7656,6.9
2021-04-17 08:00:00,08_12,16.8516,21.75,2.8235,5.0
2021-04-17 12:00:00,12_16,13.2558,16.7525,7.2512,15.0
2021-04-17 16:00:00,16_20,14.2987,17.99,4.0909,8.0925
2021-04-17 20:00:00,20_24,9.2726,12.195,0.9766,2.325
2021-04-18 00:00:00,00_04,5.7097,8.18,5.5865,7.1925
2021-04-18 04:00:00,04_08,7.9424,11.55,4.7708,5.7525
2021-04-18 08:00:00,08_12,9.241,13.29,3.0064,4.2
2021-04-18 12:00:00,12_16,7.4323,11.09,8.7792,13.81
2021-04-18 16:00:00,16_20,9.099,12.25,4.4683,6.2
2021-04-18 20:00:00,20_24,6.5941,8.58,1.1975,1.8325
2021-04-19 00:00:00,00_04,17.3283,26.39,7.3855,17.5
2021-04-19 04:00:00,04_08,21.0723,33.89,6.4831,16.665
2021-04-19 08:00:00,08_12,23.5904,40.08,1.9013,2.95
2021-04-19 12:00:00,12_16,17.6768,27.9425,5.5526,8.2175
2021-04-19 16:00:00,16_20,20.6687,33.335,2.7588,4.665
2021-04-19 20:00:00,20_24,13.3259,24.1675,0.8335,1.25
2021-04-20 00:00:00,00_04,11.3412,15.53,7.4734,11.25
2021-04-20 04:00:00,04_08,19.0588,23.39,6.7312,11.17
2021-04-20 08:00:00,08_12,19.5335,24.5675,1.5966,2.1675
2021-04-20 12:00:00,12_16,14.5237,19.9275,4.9232,7.2
2021-04-20 16:00:00,16_20,18.8786,21.8825,2.3474,3.26
2021-04-20 20:00:00,20_24,11.2176,14.23,0.799,1.065
2021-04-21 00:00:00,00_04,8.271,9.5875,6.3587,8.27
2021-04-21 04:00:00,04_08,15.3924,18.47,5.6174,7.3325
2021-04-21 08:00:00,08_12,15.5683,18.11,1.5636,2.335
2021-04-21 12:00:00,12_16,10.7072,12.6675,5.0287,7.1675
2021-04-21 16:00:00,16_20,13.012,14.8025,2.6313,4.3775
2021-04-21 20:00:00,20_24,8.4953,9.73,1.0738,2.25
2021-04-22 00:00:00,00_04,5.921,7.385,8.3788,22.5
2021-04-22 04:00:00,04_08,11.1635,13.3275,6.1912,10.0
2021-04-22 08:00:00,08_12,11.1723,13.3775,3.7335,14.2675
2021-04-22 12:00:00,12_16,7.7589,9.94,17.6669,85.415
2021-04-22 16:00:00,16_20,9.46,11.0975,5.6416,28.5
2021-04-22 20:00:00,20_24,6.5218,7.5775,1.7593,4.3425
2021-04-23 00:00:00,00_04,4.8099,5.75,9.5929,12.09
2021-04-23 04:00:00,04_08,9.3634,11.07,5.9649,7.625
2021-04-23 08:00:00,08_12,8.7582,10.4075,5.9146,9.0
2021-04-23 12:00:00,12_16,6.8623,8.3175,19.0237,28.05
2021-04-23 16:00:00,16_20,8.8042,10.32,8.0881,12.25
2021-04-23 20:00:00,20_24,7.3494,13.845,2.0946,3.55
2021-04-24 00:00:00,00_04,3.7406,4.875,7.4456,9.0
2021-04-24 04:00:00,04_08,7.2008,8.2925,5.3055,6.41
2021-04-24 08:00:00,08_12,7.28,8.475,5.6376,8.875
2021-04-24 12:00:00,12_16,5.3951,7.44,16.0344,22.5
2021-04-24 16:00:00,16_20,6.7146,8.05,7.699,11.31
2021-04-24 20:00:00,20_24,7.5978,9.0,2.0316,2.875
2021-04-25 00:00:00,00_04,3.5579,6.4175,6.5252,7.75
2021-04-25 04:00:00,04_08,5.9924,8.9925,4.7832,6.75
2021-04-25 08:00:00,08_12,6.1788,9.5425,7.4847,12.8125
2021-04-25 12:00:00,12_16,5.1108,8.0525,28.5068,56.6675
2021-04-25 16:00:00,16_20,5.9801,10.0,9.9446,16.0
2021-04-25 20:00:00,20_24,5.7574,7.0,1.8975,2.5625
2021-04-26 00:00:00,00_04,12.9951,16.55,7.7285,14.0
2021-04-26 04:00:00,04_08,17.9339,21.48,6.0671,9.31
2021-04-26 08:00:00,08_12,18.1637,21.9875,4.324,7.27
2021-04-26 12:00:00,12_16,13.1201,17.44,13.4637,22.2175
2021-04-26 16:00:00,16_20,16.419,20.185,5.8529,9.875
2021-04-26 20:00:00,20_24,10.8937,13.405,1.3963,2.3425
2021-04-27 00:00:00,00_04,8.8747,10.16,6.9562,10.0
2021-04-27 04:00:00,04_08,14.0887,15.44,5.4126,6.755
2021-04-27 08:00:00,08_12,14.2735,15.66,3.9759,6.17
2021-04-27 12:00:00,12_16,10.5641,12.22,11.0095,17.5
2021-04-27 16:00:00,16_20,12.8712,14.63,5.4919,10.0
2021-04-27 20:00:00,20_24,8.4186,9.3,1.3848,2.5625
2021-04-28 00:00:00,00_04,6.6196,7.5025,6.2615,7.5075
2021-04-28 04:00:00,04_08,10.828,12.2,4.5028,5.75
2021-04-28 08:00:00,08_12,11.3388,12.715,3.5688,4.5
2021-04-28 12:00:00,12_16,8.451,9.8225,9.993,13.0025
2021-04-28 16:00:00,16_20,10.2676,11.945,5.4162,6.9725
2021-04-28 20:00:00,20_24,6.8777,7.72,1.4611,2.0
2021-04-29 00:00:00,00_04,4.8908,5.5,5.0057,5.85
2021-04-29 04:00:00,04_08,8.8217,9.6925,3.8074,4.5
2021-04-29 08:00:00,08_12,9.2328,10.4925,2.9158,3.5025
2021-04-29 12:00:00,12_16,7.0391,8.095,8.8201,10.25
2021-04-29 16:00:00,16_20,8.7107,9.4125,4.3937,5.75
2021-04-29 20:00:00,20_24,5.6892,6.395,1.2793,1.6775
2021-04-30 00:00:00,00_04,14.3751,250.0,4.1023,6.93
2021-04-30 04:00:00,04_08,37.8355,377.78,3.0394,4.0
2021-04-30 08:00:00,08_12,9.3012,14.165,2.3092,3.3725
2021-04-30 12:00:00,12_16,7.8434,61.25,7.3834,9.32
2021-04-30 16:00:00,16_20,7.778,19.25,3.8365,5.28
2021-04-30 20:00:00,20_24,21.2172,274.8975,1.0969,1.4775
2021-05-01 00:00:00,00_04,12.6816,19.2125,5.7814,25.83
2021-05-01 04:00:00,04_08,14.5361,20.6,4.0197,22.58
2021-05-01 08:00:00,08_12,12.0507,17.8425,5.1562,29.445
2021-05-01 12:00:00,12_16,11.0764,15.8,17.1286,197.2725
2021-05-01 16:00:00,16_20,11.3902,16.25,5.0379,17.4475
2021-05-01 20:00:00,20_24,15.6614,20.805,1.6754,5.5
2021-05-02 00:00:00,00_04,9.3365,11.615,11.2736,18.9
2021-05-02 04:00:00,04_08,10.1525,13.885,11.4712,23.635
2021-05-02 08:00:00,08_12,10.065,12.9,13.296,24.0225
2021-05-02 12:00:00,12_16,9.2352,17.1325,39.9519,81.1125
2021-05-02 16:00:00,16_20,10.372,15.17,13.2694,21.25
2021-05-02 20:00:00,20_24,10.3641,12.9325,3.6228,5.75
2021-05-03 00:00:00,00_04,16.6759,60.225,19.0198,68.11
2021-05-03 04:00:00,04_08,31.9255,135.25,21.2919,84.2825
2021-05-03 08:00:00,08_12,34.5367,133.0,18.3964,95.0
2021-05-03 12:00:00,12_16,30.0511,166.875,108.337,1178.565
2021-05-03 16:00:00,16_20,30.3002,119.25,108.9663,1185.71
2021-05-03 20:00:00,20_24,18.7814,61.0,15.8618,137.8575
2021-05-04 00:00:00,00_04,21.9331,49.75,27.9683,45.39
2021-05-04 04:00:00,04_08,25.2834,35.7175,33.6128,66.25
2021-05-04 08:00:00,08_12,34.1733,111.0,38.9918,107.5
2021-05-04 12:00:00,12_16,40.0286,197.25,84.1121,211.25
2021-05-04 16:00:00,16_20,34.8199,115.5,83.6601,198.75
2021-05-04 20:00:00,20_24,15.7799,26.91,32.6333,90.4575
2021-05-05 00:00:00,00_04,26.6484,59.75,29.7753,50.0
2021-05-05 04:00:00,04_08,29.2443,81.43,31.787,43.125
2021-05-05 08:00:00,08_12,33.8743,53.75,47.4487,125.0
2021-05-05 12:00:00,12_16,49.3077,95.0,76.7818,114.0
2021-05-05 16:00:00,16_20,41.1045,87.5,64.8599,102.5
2021-05-05 20:00:00,20_24,16.3739,23.7475,28.848,43.75
2021-05-06 00:00:00,00_04,23.3875,32.89,27.7658,48.7675
2021-05-06 04:00:00,04_08,35.9996,68.9525,23.1629,33.61
2021-05-06 08:00:00,08_12,50.1179,170.3125,34.3955,54.82
2021-05-06 12:00:00,12_16,38.809,59.095,45.7592,72.8
2021-05-06 16:00:00,16_20,36.9649,56.755,30.1513,48.365
2021-05-06 20:00:00,20_24,18.1879,30.0,19.0412,25.73
2021-05-07 00:00:00,00_04,21.458,29.75,24.217,32.25
2021-05-07 04:00:00,04_08,32.3811,46.0575,19.8071,25.42
2021-05-07 08:00:00,08_12,52.8452,83.1675,26.6602,34.3725
2021-05-07 12:00:00,12_16,33.5913,45.19,36.4867,46.125
2021-05-07 16:00:00,16_20,33.3614,43.82,25.8901,32.405
2021-05-07 20:00:00,20_24,31.0162,122.0,15.0087,19.16
2021-05-08 00:00:00,00_04,17.5664,19.97,21.3341,25.0
2021-05-08 04:00:00,04_08,24.0202,27.3525,18.5009,24.6875
2021-05-08 08:00:00,08_12,32.9767,41.5,22.9335,31.25
2021-05-08 12:00:00,12_16,25.8863,31.2225,32.2265,42.56
2021-05-08 16:00:00,16_20,26.6022,31.8175,21.3104,29.49
2021-05-08 20:00:00,20_24,26.3757,35.75,13.6577,18.75
2021-05-09 00:00:00,00_04,15.9189,30.9225,32.0942,50.0
2021-05-09 04:00:00,04_08,19.8483,30.45,37.1061,74.2625
2021-05-09 08:00:00,08_12,24.8556,36.4675,54.6834,113.75
2021-05-09 12:00:00,12_16,21.861,47.435,98.5442,227.79
2021-05-09 16:00:00,16_20,23.5663,47.66,55.8882,106.5375
2021-05-09 20:00:00,20_24,21.0377,27.21,22.0635,58.14
2021-05-10 00:00:00,00_04,26.8614,34.75,28.8884,41.5375
2021-05-10 04:00:00,04_08,31.0911,42.73,28.6148,44.86
2021-05-10 08:00:00,08_12,38.5884,54.68,34.9123,54.5
2021-05-10 12:00:00,12_16,31.3017,49.04,61.366,107.78
2021-05-10 16:00:00,16_20,34.7367,49.835,40.7323,80.55
2021-05-10 20:00:00,20_24,23.4824,30.0,20.6942,36.54
2021-05-11 00:00:00,00_04,22.5206,27.1825,22.3679,29.1875
2021-05-11 04:00:00,04_08,25.379,29.4925,23.2577,30.8125
2021-05-11 08:00:00,08_12,32.1774,41.36,29.5128,59.31
2021-05-11 12:00:00,12_16,26.5527,32.6,37.9645,55.15
2021-05-11 16:00:00,16_20,30.8093,36.92,29.1989,44.44
2021-05-11 20:00:00,20_24,19.1882,23.54,17.5354,25.37
2021-05-12 00:00:00,00_04,18.4217,20.375,18.2041,20.875
2021-05-12 04:00:00,04_08,20.531,22.375,18.258,21.63
2021-05-12 08:00:00,08_12,26.2112,29.33,24.4372,29.17
2021-05-12 12:00:00,12_16,21.3768,24.255,26.6218,32.0
2021-05-12 16:00:00,16_20,25.1097,28.0,23.3868,27.75
2021-05-12 20:00:00,20_24,17.0378,18.51,14.713,17.785
2021-05-13 00:00:00,00_04,14.4124,16.2075,14.6088,17.5
2021-05-13 04:00:00,04_08,15.615,17.12,14.6451,17.4975
2021-05-13 08:00:00,08_12,19.4219,21.605,18.2555,22.65
2021-05-13 12:00:00,12_16,16.4449,18.0825,23.1597,32.0
2021-05-13 16:00:00,16_20,19.217,21.7525,17.6804,21.875
2021-05-13 20:00:00,20_24,13.5757,15.02,11.2033,14.0
2021-05-14 00:00:00,00_04,11.6995,12.63,12.301,14.41
2021-05-14 04:00:00,04_08,12.5219,13.8125,12.3868,14.5825
2021-05-14 08:00:00,08_12,15.0028,16.68,15.1917,17.335
2021-05-14 12:00:00,12_16,12.8,14.4225,20.0983,23.75
2021-05-14 16:00:00,16_20,15.0225,16.16,14.4936,16.75
2021-05-14 20:00:00,20_24,11.1023,12.13,8.9957,10.975
2021-05-15 00:00:00,00_04,9.2055,10.06,9.8974,11.28
2021-05-15 04:00:00,04_08,9.9446,10.63,9.9664,11.53
2021-05-15 08:00:00,08_12,10.9658,12.06,12.0677,13.57
2021-05-15 12:00:00,12_16,9.8923,10.755,16.7695,19.375
2021-05-15 16:00:00,16_20,11.285,12.225,11.4372,12.84
2021-05-15 20:00:00,20_24,9.0239,9.7875,7.1701,8.18
2021-05-16 00:00:00,00_04,7.469,8.55,9.1282,11.16
2021-05-16 04:00:00,04_08,7.7166,8.8,9.5385,11.8875
2021-05-16 08:00:00,08_12,8.4002,10.7675,12.0324,16.69
2021-05-16 12:00:00,12_16,7.716,11.08,26.4682,48.055
2021-05-16 16:00:00,16_20,9.4139,16.5,12.5361,19.1375
2021-05-16 20:00:00,20_24,7.5177,8.8575,6.3114,7.725
2021-05-17 00:00:00,00_04,15.0769,18.945,10.0989,16.5
2021-05-17 04:00:00,04_08,18.1997,21.725,10.3077,17.45
2021-05-17 08:00:00,08_12,20.9531,27.22,9.8606,16.5
2021-05-17 12:00:00,12_16,19.2206,24.56,17.5439,24.5
2021-05-17 16:00:00,16_20,20.7673,24.4225,12.3418,21.0
2021-05-17 20:00:00,20_24,13.4312,16.615,6.8247,12.97
2021-05-18 00:00:00,00_04,12.171,13.92,9.0802,12.595
2021-05-18 04:00:00,04_08,14.7368,16.85,8.981,12.625
2021-05-18 08:00:00,08_12,17.9619,20.9675,8.8215,12.375
2021-05-18 12:00:00,12_16,15.7191,18.39,14.5047,18.74
2021-05-18 16:00:00,16_20,17.2452,19.51,10.429,14.1325
2021-05-18 20:00:00,20_24,11.8626,13.61,5.4356,7.75
2021-05-19 00:00:00,00_04,9.431,10.75,7.5476,9.0825
2021-05-19 04:00:00,04_08,11.887,13.625,7.4453,8.915
2021-05-19 08:00:00,08_12,15.4584,17.48,7.2719,8.66
2021-05-19 12:00:00,12_16,13.2707,14.91,11.5768,13.2825
2021-05-19 16:00:00,16_20,14.6406,16.0575,8.2644,9.8325
2021-05-19 20:00:00,20_24,10.0823,11.53,4.7207,5.7475
2021-05-20 00:00:00,00_04,8.071,9.4925,6.2361,7.57
2021-05-20 04:00:00,04_08,9.8708,10.87,6.2588,7.48
2021-05-20 08:00:00,08_12,13.0162,14.195,5.9329,7.33
2021-05-20 12:00:00,12_16,11.0301,12.0725,9.1881,11.5625
2021-05-20 16:00:00,16_20,12.1737,13.23,6.375,7.77
2021-05-20 20:00:00,20_24,8.6975,9.95,3.8793,4.75
2021-05-21 00:00:00,00_04,6.7707,7.875,6.7548,9.43
2021-05-21 04:00:00,04_08,7.888,8.935,7.1854,12.5375
2021-05-21 08:00:00,08_12,10.4644,11.61,7.6373,13.75
2021-05-21 12:00:00,12_16,8.737,9.85,20.0782,62.5
2021-05-21 16:00:00,16_20,9.8919,11.2225,9.421,17.5
2021-05-21 20:00:00,20_24,7.4395,8.875,4.7622,8.75
2021-05-22 00:00:00,00_04,12.9172,35.5775,18.8732,37.5625
2021-05-22 04:00:00,04_08,14.499,32.75,28.9904,62.3075
2021-05-22 08:00:00,08_12,13.2629,34.2625,53.653,110.6775
2021-05-22 12:00:00,12_16,16.338,39.68,101.6236,170.77
2021-05-22 16:00:00,16_20,17.281,39.68,43.4924,78.0
2021-05-22 20:00:00,20_24,12.7984,34.1025,16.9996,32.375
2021-05-23 00:00:00,00_04,17.2379,32.0,24.5981,36.5625
2021-05-23 04:00:00,04_08,16.4495,27.7775,36.9162,57.8225
2021-05-23 08:00:00,08_12,19.333,34.01,62.4805,92.5
2021-05-23 12:00:00,12_16,20.8356,39.25,109.5669,167.9175
2021-05-23 16:00:00,16_20,24.1882,50.0,47.7117,75.0
2021-05-23 20:00:00,20_24,20.1917,31.6025,18.752,26.695
2021-05-24 00:00:00,00_04,19.2761,24.9975,24.962,31.11
2021-05-24 04:00:00,04_08,18.6929,24.75,38.3225,49.255
2021-05-24 08:00:00,08_12,22.3329,30.64,61.1595,72.0
2021-05-24 12:00:00,12_16,42.4402,114.2875,111.6214,139.125
2021-05-24 16:00:00,16_20,32.1996,74.645,46.5208,55.5
2021-05-24 20:00:00,20_24,20.7517,24.81,17.5516,20.8
2021-05-25 00:00:00,00_04,16.7998,21.115,18.7018,26.97
2021-05-25 04:00:00,04_08,17.1392,24.9475,24.9462,36.8225
2021-05-25 08:00:00,08_12,24.3304,80.0,28.4445,44.345
2021-05-25 12:00:00,12_16,44.6695,78.52,52.3968,98.78
2021-05-25 16:00:00,16_20,32.118,44.49,28.2389,47.0
2021-05-25 20:00:00,20_24,18.089,21.8225,12.714,16.615
2021-05-26 00:00:00,00_04,15.4904,17.5,17.0159,20.0975
2021-05-26 04:00:00,04_08,16.5814,19.25,20.9259,24.7625
2021-05-26 08:00:00,08_12,24.4949,36.875,22.3869,27.25
2021-05-26 12:00:00,12_16,35.9206,45.91,43.187,50.6275
2021-05-26 16:00:00,16_20,27.1001,32.75,23.6052,27.25
2021-05-26 20:00:00,20_24,16.6161,17.94,10.3472,12.3975
2021-05-27 00:00:00,00_04,12.7547,14.71,14.1443,16.95
2021-05-27 04:00:00,04_08,14.178,18.05,15.0049,18.65
2021-05-27 08:00:00,08_12,19.9584,22.25,15.863,19.5
2021-05-27 12:00:00,12_16,27.2203,33.36,27.2339,39.8975
2021-05-27 16:00:00,16_20,22.1815,25.71,16.0107,20.5
2021-05-27 20:00:00,20_24,13.7111,15.75,7.7982,9.1575
2021-05-28 00:00:00,00_04,10.7186,11.9175,11.1254,12.625
2021-05-28 04:00:00,04_08,12.3514,13.68,11.1289,12.9625
2021-05-28 08:00:00,08_12,16.3731,19.11,11.3565,13.1175
2021-05-28 12:00:00,12_16,21.8933,23.8825,21.8378,25.5875
2021-05-28 16:00:00,16_20,18.107,19.9375,12.0221,14.4325
2021-05-28 20:00:00,20_24,11.7565,13.63,5.4186,6.4575
2021-05-29 00:00:00,00_04,8.2896,9.43,8.4938,10.46
2021-05-29 04:00:00,04_08,9.1407,10.095,8.45,10.095
2021-05-29 08:00:00,08_12,11.8088,13.04,8.7448,11.4625
2021-05-29 12:00:00,12_16,14.5669,16.9425,17.9246,32.12
2021-05-29 16:00:00,16_20,13.2793,15.1975,9.4789,13.6925
2021-05-29 20:00:00,20_24,9.3807,10.99,3.9355,4.67
2021-05-30 00:00:00,00_04,7.2464,9.11,8.1721,9.5575
2021-05-30 04:00:00,04_08,7.1355,8.19,8.5057,10.18
2021-05-30 08:00:00,08_12,9.183,11.5025,14.9117,28.0
2021-05-30 12:00:00,12_16,11.3415,14.52,31.7128,58.66
2021-05-30 16:00:00,16_20,11.4184,15.7875,15.7568,23.91
2021-05-30 20:00:00,20_24,7.9209,8.93,5.3872,9.605
2021-05-31 00:00:00,00_04,12.7481,15.125,9.4749,13.6
2021-05-31 04:00:00,04_08,15.9731,18.75,9.6743,14.3
2021-05-31 08:00:00,08_12,19.5453,22.23,12.0854,16.0
2021-05-31 12:00:00,12_16,20.2493,23.56,22.0531,28.195
2021-05-31 16:00:00,16_20,19.2486,22.155,12.7228,15.945
2021-05-31 20:00:00,20_24,12.4778,15.09,5.5688,7.5
2021-06-01 00:00:00,00_04,10.5824,12.0075,8.3053,9.75
2021-06-01 04:00:00,04_08,13.3902,15.035,8.1696,9.7475
2021-06-01 08:00:00,08_12,17.0969,18.79,9.7315,10.79
2021-06-01 12:00:00,12_16,16.6838,18.5175,16.8953,19.32
2021-06-01 16:00:00,16_20,16.3572,17.7575,9.9818,11.15
2021-06-01 20:00:00,20_24,10.8096,12.185,4.4519,5.23
2021-06-02 00:00:00,00_04,9.1359,10.25,6.9907,8.055
2021-06-02 04:00:00,04_08,10.9827,12.25,6.6941,8.5675
2021-06-02 08:00:00,08_12,14.9111,16.8,7.2624,11.0
2021-06-02 12:00:00,12_16,14.0391,15.49,12.8806,15.1
2021-06-02 16:00:00,16_20,14.4366,17.2,7.5688,8.75
2021-06-02 20:00:00,20_24,9.252,11.0,3.65,4.64
2021-06-03 00:00:00,00_04,7.6833,8.7,55.9977,845.5
2021-06-03 04:00:00,04_08,8.7746,10.165,109.7429,771.75
2021-06-03 08:00:00,08_12,12.5601,14.3275,9.0368,19.25
2021-06-03 12:00:00,12_16,11.5912,13.59,15.6362,72.5
2021-06-03 16:00:00,16_20,12.3764,14.5,7.9696,16.25
2021-06-03 20:00:00,20_24,7.9828,9.7775,3.7741,6.29
2021-06-04 00:00:00,00_04,7.1158,10.4,28.8906,64.1025
2021-06-04 04:00:00,04_08,8.2665,12.7325,33.2509,75.4475
2021-06-04 08:00:00,08_12,11.8915,14.82,11.3574,19.25
2021-06-04 12:00:00,12_16,11.5335,16.1775,22.1271,35.9375
2021-06-04 16:00:00,16_20,11.7918,14.25,10.9611,22.0
2021-06-04 20:00:00,20_24,7.8865,11.41,4.5454,10.68
2021-06-05 00:00:00,00_04,7.2848,9.385,21.3112,28.875
2021-06-05 04:00:00,04_08,8.5773,12.0,24.1122,31.375
2021-06-05 08:00:00,08_12,10.7305,12.585,9.8819,13.475
2021-06-05 12:00:00,12_16,11.4126,14.195,18.4064,24.925
2021-06-05 16:00:00,16_20,10.7719,13.545,10.8322,13.75
2021-06-05 20:00:00,20_24,8.0104,9.975,5.1409,7.25
2021-06-06 00:00:00,00_04,7.0866,8.29,16.9916,19.6
2021-06-06 04:00:00,04_08,8.1846,9.655,18.3141,22.0
2021-06-06 08:00:00,08_12,9.5754,10.5425,8.3882,10.92
2021-06-06 12:00:00,12_16,10.4763,12.56,19.6605,34.7
2021-06-06 16:00:00,16_20,10.3534,12.8025,9.4239,12.955
2021-06-06 20:00:00,20_24,7.4821,8.6775,4.4522,5.825
2021-06-07 00:00:00,00_04,10.8025,15.72,13.9464,20.7825
2021-06-07 04:00:00,04_08,13.9531,18.975,15.1156,22.155
2021-06-07 08:00:00,08_12,16.6124,24.07,7.7898,12.795
2021-06-07 12:00:00,12_16,17.0988,23.435,17.3249,22.56
2021-06-07 16:00:00,16_20,14.8796,20.825,8.5496,12.75
2021-06-07 20:00:00,20_24,11.3638,15.7,4.8501,7.87
2021-06-08 00:00:00,00_04,10.1022,11.5325,12.7467,15.6975
2021-06-08 04:00:00,04_08,13.1166,14.705,13.4595,15.4425
2021-06-08 08:00:00,08_12,16.3233,18.51,7.5927,10.0
2021-06-08 12:00:00,12_16,15.9996,17.7575,14.1538,16.3475
2021-06-08 16:00:00,16_20,14.2928,16.5575,7.316,8.9025
2021-06-08 20:00:00,20_24,10.66,13.145,4.1271,5.1875
2021-06-09 00:00:00,00_04,8.5479,10.2575,9.9165,11.2675
2021-06-09 04:00:00,04_08,10.7977,12.4125,9.6974,11.27
2021-06-09 08:00:00,08_12,14.3977,16.24,6.3824,7.75
2021-06-09 12:00:00,12_16,13.8066,15.9,9.945,11.75
2021-06-09 16:00:00,16_20,13.0643,15.27,5.231,6.34
2021-06-09 20:00:00,20_24,10.061,13.22,3.0997,3.835
2021-06-10 00:00:00,00_04,8.2136,10.685,8.0564,9.8
2021-06-10 04:00:00,04_08,10.1718,13.275,7.9466,12.4925
2021-06-10 08:00:00,08_12,67.4275,379.7475,63.6918,424.32
2021-06-10 12:00:00,12_16,62.1338,324.75,166.8107,650.0
2021-06-10 16:00:00,16_20,13.218,16.275,5.4511,24.6375
2021-06-10 20:00:00,20_24,10.7201,16.78,2.693,7.0
2021-06-11 00:00:00,00_04,8.4292,9.97,7.8228,12.85
2021-06-11 04:00:00,04_08,9.9343,12.98,9.2577,17.36
2021-06-11 08:00:00,08_12,33.5716,54.75,28.2636,46.595
2021-06-11 12:00:00,12_16,31.1632,53.5725,41.4492,76.375
2021-06-11 16:00:00,16_20,13.6606,16.09,12.0208,24.1675
2021-06-11 20:00:00,20_24,11.8598,13.75,5.7543,15.515
2021-06-12 00:00:00,00_04,7.0591,9.0,9.4031,13.78
2021-06-12 04:00:00,04_08,8.7812,10.98,10.0499,16.0
2021-06-12 08:00:00,08_12,15.6339,21.415,22.5582,43.75
2021-06-12 12:00:00,12_16,17.3102,22.3925,43.7625,80.8
2021-06-12 16:00:00,16_20,10.9909,14.4675,18.6574,38.625
2021-06-12 20:00:00,20_24,9.3015,12.215,8.0223,13.8725
2021-06-13 00:00:00,00_04,7.7182,12.62,14.4993,20.75
2021-06-13 04:00:00,04_08,8.6508,13.825,18.8511,29.5
2021-06-13 08:00:00,08_12,15.5637,23.935,43.6698,65.5
2021-06-13 12:00:00,12_16,15.4957,24.29,78.3138,107.5
2021-06-13 16:00:00,16_20,12.0722,21.0725,29.3608,43.2
2021-06-13 20:00:00,20_24,11.1075,19.645,9.4655,11.6875
2021-06-14 00:00:00,00_04,11.0487,12.95,11.1317,14.0
2021-06-14 04:00:00,04_08,14.0474,16.3475,14.5083,17.18
2021-06-14 08:00:00,08_12,18.0464,21.115,21.6606,26.0
2021-06-14 12:00:00,12_16,16.7807,19.935,27.1108,37.5
2021-06-14 16:00:00,16_20,16.4609,19.0075,16.7554,20.9925
2021-06-14 20:00:00,20_24,14.24,17.225,6.1385,7.4
2021-06-15 00:00:00,00_04,9.4773,10.79,8.4146,10.25
2021-06-15 04:00:00,04_08,11.8868,13.83,9.5259,10.7325
2021-06-15 08:00:00,08_12,15.9493,20.79,10.8753,14.005
2021-06-15 12:00:00,12_16,14.7583,16.25,15.5932,18.6925
2021-06-15 16:00:00,16_20,14.2677,16.685,9.9225,12.445
2021-06-15 20:00:00,20_24,12.7315,16.3225,4.0605,4.7525
2021-06-16 00:00:00,00_04,8.9601,10.12,6.6573,8.0
2021-06-16 04:00:00,04_08,11.1891,12.25,6.8424,8.6775
2021-06-16 08:00:00,08_12,15.7231,18.0,9.1349,74.75
2021-06-16 12:00:00,12_16,12.9129,14.6675,10.8379,15.18
2021-06-16 16:00:00,16_20,13.1842,14.92,7.1123,9.825
2021-06-16 20:00:00,20_24,12.5622,15.89,3.0691,4.1
2021-06-17 00:00:00,00_04,8.4255,9.2875,5.8822,7.025
2021-06-17 04:00:00,04_08,10.1666,11.25,6.5204,8.22
2021-06-17 08:00:00,08_12,15.0545,16.345,13.8994,18.23
2021-06-17 12:00:00,12_16,12.0428,13.4925,11.3451,15.17
2021-06-17 16:00:00,16_20,12.7889,14.115,6.3728,7.5
2021-06-17 20:00:00,20_24,12.7434,14.0,2.924,3.36
2021-06-18 00:00:00,00_04,7.8455,8.365,5.4235,6.3
2021-06-18 04:00:00,04_08,9.6446,10.29,5.9863,6.75
2021-06-18 08:00:00,08_12,14.008,14.8975,9.3746,13.8825
2021-06-18 12:00:00,12_16,11.3217,11.79,10.3801,12.1
2021-06-18 16:00:00,16_20,11.9447,12.75,5.2195,6.2425
2021-06-18 20:00:00,20_24,11.6429,12.475,2.3582,2.74
2021-06-19 00:00:00,00_04,6.6791,7.27,4.7765,6.825
2021-06-19 04:00:00,04_08,8.2409,8.915,5.387,6.8325
2021-06-19 08:00:00,08_12,11.9932,12.94,9.996,13.75
2021-06-19 12:00:00,12_16,9.7994,10.49,14.0788,32.45
2021-06-19 16:00:00,16_20,10.4199,10.995,6.5192,11.15
2021-06-19 20:00:00,20_24,10.2525,11.07,2.5408,4.305
2021-06-20 00:00:00,00_04,5.8654,6.685,5.8187,6.97
2021-06-20 04:00:00,04_08,6.9581,7.5525,6.9107,8.915
2021-06-20 08:00:00,08_12,9.8072,10.68,14.0118,19.15
2021-06-20 12:00:00,12_16,8.5509,9.705,26.4677,37.5
2021-06-20 16:00:00,16_20,9.4767,10.5075,10.2815,13.705
2021-06-20 20:00:00,20_24,9.0828,10.2375,3.4049,4.4825
2021-06-21 00:00:00,00_04,8.7989,10.175,5.729,8.025
2021-06-21 04:00:00,04_08,11.9968,13.76,6.211,8.7275
2021-06-21 08:00:00,08_12,14.367,16.335,9.2676,11.8
2021-06-21 12:00:00,12_16,12.1992,14.1725,15.2445,20.27
2021-06-21 16:00:00,16_20,12.837,14.865,7.6303,11.17
2021-06-21 20:00:00,20_24,12.0004,14.1825,3.4564,5.48
2021-06-22 00:00:00,00_04,8.1133,8.63,5.2184,6.3
2021-06-22 04:00:00,04_08,10.7243,11.625,5.3709,7.34
2021-06-22 08:00:00,08_12,13.4201,14.18,6.874,8.275
2021-06-22 12:00:00,12_16,10.7411,11.645,10.3968,12.895
2021-06-22 16:00:00,16_20,11.8128,12.8975,5.9618,7.28
2021-06-22 20:00:00,20_24,11.2351,12.4275,3.0165,4.14
2021-06-23 00:00:00,00_04,7.1787,7.95,4.54,5.2625
2021-06-23 04:00:00,04_08,9.6444,10.84,4.9805,5.95
2021-06-23 08:00:00,08_12,12.4568,13.705,5.2951,6.5
2021-06-23 12:00:00,12_16,9.9334,11.2075,7.6604,9.8875
2021-06-23 16:00:00,16_20,11.1927,11.95,4.9613,5.99
2021-06-23 20:00:00,20_24,10.9324,13.25,2.7068,3.0975
2021-06-24 00:00:00,00_04,6.5339,7.15,3.9349,4.845
2021-06-24 04:00:00,04_08,9.2033,9.97,4.1808,5.1925
2021-06-24 08:00:00,08_12,12.7782,17.0525,4.2038,4.665
2021-06-24 12:00:00,12_16,9.2461,10.15,6.3608,7.27
2021-06-24 16:00:00,16_20,12.7737,22.32,4.0002,4.585
2021-06-24 20:00:00,20_24,11.6933,14.46,1.9511,2.3
2021-06-25 00:00:00,00_04,6.283,8.81,3.6906,4.32
2021-06-25 04:00:00,04_08,8.4824,9.0,3.8386,4.5
2021-06-25 08:00:00,08_12,13.1442,14.6875,3.2259,3.765
2021-06-25 12:00:00,12_16,8.4777,9.14,5.0918,6.1275
2021-06-25 16:00:00,16_20,13.6505,15.5,3.1958,3.715
2021-06-25 20:00:00,20_24,11.8497,12.99,1.4854,1.8
2021-06-26 00:00:00,00_04,6.1129,7.7825,3.5031,4.17
2021-06-26 04:00:00,04_08,7.369,7.9675,3.5472,4.25
2021-06-26 08:00:00,08_12,11.5427,12.34,3.7143,6.1725
2021-06-26 12:00:00,12_16,7.2841,7.745,6.7417,11.25
2021-06-26 16:00:00,16_20,11.6203,12.98,3.655,6.1325
2021-06-26 20:00:00,20_24,10.4767,11.5,1.3236,2.0925
2021-06-27 00:00:00,00_04,5.9212,6.42,3.7176,5.08
2021-06-27 04:00:00,04_08,6.2752,6.7525,3.8353,5.2
2021-06-27 08:00:00,08_12,9.5377,10.68,7.1862,16.3925
2021-06-27 12:00:00,12_16,6.237,7.22,17.2183,34.5825
2021-06-27 16:00:00,16_20,10.1939,11.625,6.1675,9.5
2021-06-27 20:00:00,20_24,9.5804,10.5675,1.7256,2.2
2021-06-28 00:00:00,00_04,7.9097,8.9,3.8732,5.0
2021-06-28 04:00:00,04_08,10.2189,11.9325,4.0423,5.75
2021-06-28 08:00:00,08_12,13.5378,14.87,7.1429,9.3475
2021-06-28 12:00:00,12_16,10.3468,12.2875,12.9761,15.9275
2021-06-28 16:00:00,16_20,12.7229,14.445,5.0241,6.475
2021-06-28 20:00:00,20_24,12.0586,13.62,1.4553,1.805
2021-06-29 00:00:00,00_04,7.0819,7.6175,3.3776,3.9725
2021-06-29 04:00:00,04_08,9.6499,11.4325,3.7135,4.4375
2021-06-29 08:00:00,08_12,12.7315,15.7475,5.2534,6.25
2021-06-29 12:00:00,12_16,9.6651,10.61,7.5702,9.45
2021-06-29 16:00:00,16_20,12.1514,15.0,3.5359,4.25
2021-06-29 20:00:00,20_24,11.6021,13.55,1.156,1.375
2021-06-30 00:00:00,00_04,6.2226,6.68,2.7529,3.125
2021-06-30 04:00:00,04_08,9.1661,9.7275,2.962,3.59
2021-06-30 08:00:00,08_12,12.3994,13.965,3.8567,4.495
2021-06-30 12:00:00,12_16,8.6866,9.34,5.6589,6.525
2021-06-30 16:00:00,16_20,11.9962,13.5925,2.7483,3.145
2021-06-30 20:00:00,20_24,11.5289,12.5,0.8839,1.115
2021-07-01 00:00:00,00_04,5.2952,5.75,2.2373,2.625
2021-07-01 04:00:00,04_08,8.1025,8.67,2.4796,2.92
2021-07-01 08:00:00,08_12,11.6067,12.475,2.8178,3.125
2021-07-01 12:00:00,12_16,7.5437,8.03,3.9177,4.515
2021-07-01 16:00:00,16_20,11.3414,12.0975,2.0959,2.35
2021-07-01 20:00:00,20_24,10.9167,11.53,0.72,0.9
2021-07-02 00:00:00,00_04,4.495,4.9175,1.7402,2.0025
2021-07-02 04:00:00,04_08,7.2348,7.7,1.9278,2.2275
2021-07-02 08:00:00,08_12,10.4993,11.07,1.9424,2.2975
2021-07-02 12:00:00,12_16,6.3594,6.845,2.7116,3.18
2021-07-02 16:00:00,16_20,10.4059,10.96,1.4637,1.8125
2021-07-02 20:00:00,20_24,10.1882,10.7125,0.524,0.66
2021-07-03 00:00:00,00_04,3.6604,3.9775,1.5241,1.93
2021-07-03 04:00:00,04_08,6.1603,6.5175,1.708,2.19
2021-07-03 08:00:00,08_12,8.9738,9.435,2.1658,3.5
2021-07-03 12:00:00,12_16,5.0455,5.4325,4.7104,7.0525
2021-07-03 16:00:00,16_20,8.8945,9.6,2.1636,3.5075
2021-07-03 20:00:00,20_24,8.8632,9.65,0.5966,0.8825
2021-07-04 00:00:00,00_04,2.869,3.2375,1.5426,1.8775
2021-07-04 04:00:00,04_08,4.9375,5.43,1.8251,2.38
2021-07-04 08:00:00,08_12,7.3893,7.8,3.2476,4.6375
2021-07-04 12:00:00,12_16,4.0653,4.6925,6.8197,9.615
2021-07-04 16:00:00,16_20,7.6963,8.19,3.1108,4.1575
2021-07-04 20:00:00,20_24,7.8343,8.36,0.65,0.83
2021-07-05 00:00:00,00_04,4.8808,6.75,1.3678,1.7075
2021-07-05 04:00:00,04_08,7.6871,9.72,1.69,2.2
2021-07-05 08:00:00,08_12,10.6786,13.0,2.2934,3.08
2021-07-05 12:00:00,12_16,6.4423,9.38,4.5278,6.0825
2021-07-05 16:00:00,16_20,10.614,12.7825,2.2529,2.83
2021-07-05 20:00:00,20_24,10.2031,12.0,0.4911,0.63
2021-07-06 00:00:00,00_04,4.5314,5.04,1.2606,1.705
2021-07-06 04:00:00,04_08,7.0829,7.865,1.5953,2.0
2021-07-06 08:00:00,08_12,9.8213,10.475,1.9921,2.86
2021-07-06 12:00:00,12_16,6.4124,7.41,5.8752,8.7
2021-07-06 16:00:00,16_20,9.6855,10.63,2.0615,2.715
2021-07-06 20:00:00,20_24,9.3213,9.965,0.4414,0.59
2021-07-07 00:00:00,00_04,3.7728,4.405,1.134,1.445
2021-07-07 04:00:00,04_08,6.4533,7.5125,1.3561,1.655
2021-07-07 08:00:00,08_12,9.3779,12.0425,1.695,2.065
2021-07-07 12:00:00,12_16,5.8372,6.89,4.5732,5.315
2021-07-07 16:00:00,16_20,9.5267,12.0,1.6664,1.96
2021-07-07 20:00:00,20_24,9.1041,10.865,0.4113,0.5575
2021-07-08 00:00:00,00_04,3.3946,3.7425,0.9832,1.1375
2021-07-08 04:00:00,04_08,6.1834,6.875,1.1117,1.3375
2021-07-08 08:00:00,08_12,9.2516,10.66,1.2256,1.5775
2021-07-08 12:00:00,12_16,5.5169,5.9425,2.9768,3.67
2021-07-08 16:00:00,16_20,9.7579,10.89,1.1592,1.3975
2021-07-08 20:00:00,20_24,9.4127,10.41,0.3594,0.5
2021-07-09 00:00:00,00_04,2.8144,3.15,0.8116,1.0725
2021-07-09 04:00:00,04_08,5.2706,5.81,0.9502,1.2075
2021-07-09 08:00:00,08_12,8.2877,9.2825,1.0486,1.25
2021-07-09 12:00:00,12_16,4.6388,5.1125,2.352,2.8825
2021-07-09 16:00:00,16_20,8.7614,9.68,0.9067,1.125
2021-07-09 20:00:00,20_24,8.6608,9.7125,0.3566,0.67
2021-07-10 00:00:00,00_04,2.4112,2.92,0.8494,1.11
2021-07-10 04:00:00,04_08,4.6165,5.045,1.0683,1.5
2021-07-10 08:00:00,08_12,7.2862,8.0525,1.775,2.78
2021-07-10 12:00:00,12_16,4.1091,4.63,4.683,6.6825
2021-07-10 16:00:00,16_20,7.7578,8.28,1.4838,2.07
2021-07-10 20:00:00,20_24,7.8776,8.455,0.4833,0.6925
2021-07-11 00:00:00,00_04,2.2088,2.49,0.9462,1.725
2021-07-11 04:00:00,04_08,3.9299,4.49,1.1624,1.695
2021-07-11 08:00:00,08_12,6.2839,6.825,2.3149,3.77
2021-07-11 12:00:00,12_16,3.4661,3.7,5.9757,9.075
2021-07-11 16:00:00,16_20,6.6387,7.4775,1.8578,2.8025
2021-07-11 20:00:00,20_24,7.0329,8.0,0.4871,0.7475
2021-07-12 00:00:00,00_04,3.4146,5.3,1.069,2.0175
2021-07-12 04:00:00,04_08,5.5463,7.9675,2.4805,23.195
2021-07-12 08:00:00,08_12,8.4225,11.35,1.7937,3.39
2021-07-12 12:00:00,12_16,4.788,7.215,4.388,7.8675
2021-07-12 16:00:00,16_20,9.1503,12.65,1.6496,3.8
2021-07-12 20:00:00,20_24,8.7397,11.6675,0.5295,2.105
2021-07-13 00:00:00,00_04,5.7871,62.8925,1.0804,1.635
2021-07-13 04:00:00,04_08,5.6488,7.39,3.5464,9.565
2021-07-13 08:00:00,08_12,9.0332,11.155,1.8277,3.4125
2021-07-13 12:00:00,12_16,5.2111,7.1475,4.3512,6.47
2021-07-13 16:00:00,16_20,9.4653,10.88,1.9208,4.52
2021-07-13 20:00:00,20_24,9.429,11.8775,0.7249,1.4125
2021-07-14 00:00:00,00_04,7.9789,13.0,1.1272,1.85
2021-07-14 04:00:00,04_08,5.9314,6.8175,3.3466,5.09
2021-07-14 08:00:00,08_12,10.3522,13.68,1.9052,2.6725
2021-07-14 12:00:00,12_16,5.1698,5.88,4.1673,5.1925
2021-07-14 16:00:00,16_20,9.0195,9.6,2.2079,3.77
2021-07-14 20:00:00,20_24,9.3089,10.28,0.7801,1.16
2021-07-15 00:00:00,00_04,6.1601,9.1675,1.9481,5.77
2021-07-15 04:00:00,04_08,5.5231,6.14,3.3781,4.72
2021-07-15 08:00:00,08_12,9.6584,10.5125,1.9126,2.3525
2021-07-15 12:00:00,12_16,4.4379,5.09,3.9577,4.75
2021-07-15 16:00:00,16_20,7.8285,8.5575,2.2239,2.95
2021-07-15 20:00:00,20_24,8.1123,9.04,0.7426,1.07
2021-07-16 00:00:00,00_04,5.4285,6.67,2.7983,8.985
2021-07-16 04:00:00,04_08,5.78,11.25,3.0476,3.95
2021-07-16 08:00:00,08_12,8.7075,9.47,1.6888,2.25
2021-07-16 12:00:00,12_16,3.9502,4.44,3.6443,4.315
2021-07-16 16:00:00,16_20,7.0906,7.75,1.8934,2.575
2021-07-16 20:00:00,20_24,7.5318,8.24,0.751,1.31
2021-07-17 00:00:00,00_04,5.3994,10.6375,5.0135,11.0
2021-07-17 04:00:00,04_08,5.4334,6.73,5.6947,14.55
2021-07-17 08:00:00,08_12,7.206,8.3475,5.7403,18.825
2021-07-17 12:00:00,12_16,3.4022,4.685,18.1313,98.5
2021-07-17 16:00:00,16_20,6.5795,8.0,9.4183,24.5
2021-07-17 20:00:00,20_24,7.5904,11.75,2.4291,6.975
2021-07-18 00:00:00,00_04,7.2159,16.75,9.48,21.865
2021-07-18 04:00:00,04_08,6.9039,19.75,11.5237,27.75
2021-07-18 08:00:00,08_12,6.4144,7.38,15.9441,24.25
2021-07-18 12:00:00,12_16,4.0112,5.5625,52.1075,86.75
2021-07-18 16:00:00,16_20,7.124,10.1175,21.4917,41.8275
2021-07-18 20:00:00,20_24,7.8052,9.1675,4.8719,8.975
2021-07-19 00:00:00,00_04,6.8183,10.225,6.783,10.9
2021-07-19 04:00:00,04_08,11.3092,39.0375,8.866,19.4975
2021-07-19 08:00:00,08_12,9.218,10.99,6.9532,11.4
2021-07-19 12:00:00,12_16,5.5267,6.87,13.9659,22.9375
2021-07-19 16:00:00,16_20,9.1753,10.8075,9.361,15.45
2021-07-19 20:00:00,20_24,9.3008,10.875,2.6312,5.1375
2021-07-20 00:00:00,00_04,5.9236,7.5075,4.8726,6.0
2021-07-20 04:00:00,04_08,11.7672,15.57,6.9691,9.8325
2021-07-20 08:00:00,08_12,8.6899,9.725,4.8163,6.0
2021-07-20 12:00:00,12_16,4.9912,5.85,8.5584,12.18
2021-07-20 16:00:00,16_20,8.5148,9.365,6.6152,10.7075
2021-07-20 20:00:00,20_24,8.7694,10.25,2.6986,12.25
2021-07-21 00:00:00,00_04,6.0772,10.595,3.4379,4.35
2021-07-21 04:00:00,04_08,8.92,10.42,4.8845,6.415
2021-07-21 08:00:00,08_12,7.9558,9.0525,3.265,4.1
2021-07-21 12:00:00,12_16,4.557,5.0775,6.2624,8.0
2021-07-21 16:00:00,16_20,8.4043,10.23,5.2694,6.5125
2021-07-21 20:00:00,20_24,9.152,11.5,3.1228,4.625
2021-07-22 00:00:00,00_04,5.7449,6.74,2.5561,3.225
2021-07-22 04:00:00,04_08,7.7271,8.44,3.3125,4.2325
2021-07-22 08:00:00,08_12,7.3875,8.4825,2.1992,2.795
2021-07-22 12:00:00,12_16,10.6121,75.0,4.7001,5.66
2021-07-22 16:00:00,16_20,8.3897,10.11,3.4712,4.5
2021-07-22 20:00:00,20_24,9.0784,10.725,2.1567,2.75
2021-07-23 00:00:00,00_04,4.8587,5.455,1.887,2.25
2021-07-23 04:00:00,04_08,6.8003,7.42,2.2308,2.66
2021-07-23 08:00:00,08_12,7.0254,7.715,1.5396,1.8
2021-07-23 12:00:00,12_16,8.6133,13.23,3.6065,4.5
2021-07-23 16:00:00,16_20,8.2656,8.94,2.4457,3.02
2021-07-23 20:00:00,20_24,8.9678,9.755,1.5386,1.9
2021-07-24 00:00:00,00_04,3.5619,4.125,2.4941,7.5
2021-07-24 04:00:00,04_08,5.0453,5.6,3.0455,7.0
2021-07-24 08:00:00,08_12,5.8641,6.38,4.0071,15.0
2021-07-24 12:00:00,12_16,5.5593,6.32,7.164,17.5
2021-07-24 16:00:00,16_20,7.1032,7.65,4.0119,14.6925
2021-07-24 20:00:00,20_24,7.9478,8.5675,1.7358,3.1425
2021-07-25 00:00:00,00_04,2.7926,3.85,4.7491,7.2475
2021-07-25 04:00:00,04_08,4.3234,4.845,5.1727,8.1775
2021-07-25 08:00:00,08_12,4.9067,5.44,7.2208,15.385
2021-07-25 12:00:00,12_16,3.9304,4.47,13.9164,29.615
2021-07-25 16:00:00,16_20,6.3078,7.23,6.9973,12.115
2021-07-25 20:00:00,20_24,7.1361,8.03,1.7942,2.725
2021-07-26 00:00:00,00_04,4.6833,6.105,3.982,5.65
2021-07-26 04:00:00,04_08,6.8402,8.4375,4.3592,6.1
2021-07-26 08:00:00,08_12,7.6491,9.6875,5.0123,6.75
2021-07-26 12:00:00,12_16,5.2787,6.3125,7.5302,9.7775
2021-07-26 16:00:00,16_20,8.8514,10.225,4.6304,5.9
2021-07-26 20:00:00,20_24,9.3184,11.06,1.3847,1.8
2021-07-27 00:00:00,00_04,4.2206,4.865,3.5136,4.0275
2021-07-27 04:00:00,04_08,6.1767,6.935,3.5367,4.1
2021-07-27 08:00:00,08_12,7.3098,8.035,3.4466,4.1825
2021-07-27 12:00:00,12_16,4.4832,4.94,5.5972,6.6925
2021-07-27 16:00:00,16_20,8.152,8.75,3.4948,4.12
2021-07-27 20:00:00,20_24,8.5924,9.05,1.0785,1.2625
2021-07-28 00:00:00,00_04,3.3705,3.705,2.7653,3.26
2021-07-28 04:00:00,04_08,4.9169,5.45,2.8576,3.67
2021-07-28 08:00:00,08_12,6.1373,6.84,2.7915,3.5375
2021-07-28 12:00:00,12_16,3.4309,3.81,5.7256,8.175
2021-07-28 16:00:00,16_20,6.8139,7.6225,3.42,4.75
2021-07-28 20:00:00,20_24,7.3723,7.95,1.1049,2.15
2021-07-29 00:00:00,00_04,2.8968,6.25,5.5922,10.6725
2021-07-29 04:00:00,04_08,3.7955,4.45,6.2939,11.3875
2021-07-29 08:00:00,08_12,5.1951,6.77,10.6045,24.23
2021-07-29 12:00:00,12_16,4.0351,17.975,27.8732,57.225
2021-07-29 16:00:00,16_20,5.9141,7.69,12.4652,31.8
2021-07-29 20:00:00,20_24,6.575,9.035,2.3334,6.0
2021-07-30 00:00:00,00_04,3.047,3.5825,5.4139,6.73
2021-07-30 04:00:00,04_08,3.3453,3.685,5.7154,6.91
2021-07-30 08:00:00,08_12,5.0659,5.88,8.7409,11.6
2021-07-30 12:00:00,12_16,4.6505,6.75,17.2529,26.0
2021-07-30 16:00:00,16_20,7.102,11.25,9.7093,12.74
2021-07-30 20:00:00,20_24,7.8371,11.8325,2.1367,3.0
2021-07-31 00:00:00,00_04,4.868,7.2375,8.2344,11.83
2021-07-31 04:00:00,04_08,3.5351,4.94,8.8797,12.57
2021-07-31 08:00:00,08_12,5.1516,7.23,22.1844,36.2475
2021-07-31 12:00:00,12_16,6.2462,9.9175,57.2724,91.88
2021-07-31 16:00:00,16_20,8.209,12.75,25.2015,38.77
2021-07-31 20:00:00,20_24,7.254,9.23,4.2016,6.625
2021-08-01 00:00:00,00_04,4.9306,7.91,6.9836,8.25
2021-08-01 04:00:00,04_08,4.047,5.26,7.0144,8.75
2021-08-01 08:00:00,08_12,5.5996,7.04,13.5184,17.9625
2021-08-01 12:00:00,12_16,5.9282,8.595,23.0327,31.515
2021-08-01 16:00:00,16_20,23.2741,136.25,13.5339,19.1625
2021-08-01 20:00:00,20_24,6.4628,7.65,2.5247,3.5125
2021-08-02 00:00:00,00_04,5.9821,8.9575,5.2525,6.625
2021-08-02 04:00:00,04_08,6.2986,7.72,5.3597,6.675
2021-08-02 08:00:00,08_12,7.5345,9.2,6.5203,7.61
2021-08-02 12:00:00,12_16,6.334,8.2575,9.6185,12.1975
2021-08-02 16:00:00,16_20,11.1753,18.615,7.1934,8.9125
2021-08-02 20:00:00,20_24,9.1723,11.2575,1.6037,2.1425
2021-08-03 00:00:00,00_04,5.0249,5.8025,3.863,4.435
2021-08-03 04:00:00,04_08,6.0501,6.66,3.5491,4.14
2021-08-03 08:00:00,08_12,7.1106,7.97,4.0109,4.875
2021-08-03 12:00:00,12_16,5.3362,6.505,6.0794,7.075
2021-08-03 16:00:00,16_20,9.2321,10.675,4.3084,5.3075
2021-08-03 20:00:00,20_24,8.6369,9.5825,1.2251,1.5
2021-08-04 00:00:00,00_04,4.4661,4.8625,2.751,3.19
2021-08-04 04:00:00,04_08,5.5072,6.375,2.6066,3.21
2021-08-04 08:00:00,08_12,7.0456,8.5375,2.9347,3.375
2021-08-04 12:00:00,12_16,4.8494,5.29,4.2385,5.425
2021-08-04 16:00:00,16_20,8.9467,10.1275,3.0972,3.7375
2021-08-04 20:00:00,20_24,8.4028,9.5825,0.8772,1.105
2021-08-05 00:00:00,00_04,3.8899,4.25,2.0936,2.535
2021-08-05 04:00:00,04_08,4.9417,5.36,2.1252,2.4125
2021-08-05 08:00:00,08_12,6.9223,7.9275,2.1681,2.4625
2021-08-05 12:00:00,12_16,4.099,4.4525,3.4244,3.835
2021-08-05 16:00:00,16_20,8.5326,9.7325,2.3197,2.5625
2021-08-05 20:00:00,20_24,8.1119,9.255,0.6735,0.8325
2021-08-06 00:00:00,00_04,3.1247,3.44,2.2307,3.75
2021-08-06 04:00:00,04_08,4.0184,4.525,2.4005,5.9225
2021-08-06 08:00:00,08_12,5.7433,6.3375,2.1388,3.85
2021-08-06 12:00:00,12_16,3.3148,3.69,8.3561,17.3175
2021-08-06 16:00:00,16_20,7.2394,8.41,4.1409,9.2975
2021-08-06 20:00:00,20_24,7.6558,8.89,0.6843,1.1725
2021-08-07 00:00:00,00_04,2.8802,3.8325,4.1366,6.025
2021-08-07 04:00:00,04_08,3.644,4.7025,4.5202,6.6175
2021-08-07 08:00:00,08_12,4.6349,5.4425,5.3743,8.66
2021-08-07 12:00:00,12_16,3.8014,9.5,12.4721,16.43
2021-08-07 16:00:00,16_20,6.6216,7.3725,5.4861,7.36
2021-08-07 20:00:00,20_24,7.102,8.325,1.7401,2.68
2021-08-08 00:00:00,00_04,4.9502,7.18,9.4465,15.1675
2021-08-08 04:00:00,04_08,3.9812,5.19,11.3785,18.0
2021-08-08 08:00:00,08_12,4.8217,6.8275,35.3234,53.8875
2021-08-08 12:00:00,12_16,6.996,12.97,76.8633,111.25
2021-08-08 16:00:00,16_20,7.1682,13.92,31.2475,48.24
2021-08-08 20:00:00,20_24,6.9641,8.0,5.8515,9.845
2021-08-09 00:00:00,00_04,5.7371,6.9525,8.3023,12.9975
2021-08-09 04:00:00,04_08,5.9357,6.91,7.7345,9.76
2021-08-09 08:00:00,08_12,6.7463,7.5925,12.3688,17.75
2021-08-09 12:00:00,12_16,7.6592,9.125,20.6054,35.03
2021-08-09 16:00:00,16_20,9.8513,13.0,11.0227,15.08
2021-08-09 20:00:00,20_24,8.9314,9.975,3.4199,4.475
2021-08-10 00:00:00,00_04,4.957,6.4875,5.7949,7.6825
2021-08-10 04:00:00,04_08,5.4348,6.305,4.7945,6.525
2021-08-10 08:00:00,08_12,6.6292,8.75,5.7612,7.5
2021-08-10 12:00:00,12_16,6.5949,7.9225,9.458,11.755
2021-08-10 16:00:00,16_20,9.5407,11.1725,5.5822,6.95
2021-08-10 20:00:00,20_24,9.0587,11.0625,1.9398,2.5625
2021-08-11 00:00:00,00_04,4.605,5.08,4.1078,4.975
2021-08-11 04:00:00,04_08,4.9869,5.91,3.4517,4.025
2021-08-11 08:00:00,08_12,7.4113,9.8225,3.5961,4.5
2021-08-11 12:00:00,12_16,5.6663,6.1375,5.4188,6.6125
2021-08-11 16:00:00,16_20,9.3085,10.1425,3.3398,3.96
2021-08-11 20:00:00,20_24,10.9555,17.6075,1.1642,1.4975
2021-08-12 00:00:00,00_04,4.0222,4.3675,3.1583,3.815
2021-08-12 04:00:00,04_08,4.6111,5.0625,2.4495,3.1
2021-08-12 08:00:00,08_12,8.0546,9.375,2.4716,3.0
2021-08-12 12:00:00,12_16,4.7331,5.11,3.9043,5.41
2021-08-12 16:00:00,16_20,8.6278,9.8725,2.18,2.3825
2021-08-12 20:00:00,20_24,11.938,14.815,0.7631,0.9175
2021-08-13 00:00:00,00_04,3.4329,3.75,2.5809,2.8525
2021-08-13 04:00:00,04_08,4.0946,4.6275,1.9559,2.275
2021-08-13 08:00:00,08_12,7.0407,8.06,1.8354,2.17
2021-08-13 12:00:00,12_16,3.8492,4.45,3.9669,5.9
2021-08-13 16:00:00,16_20,7.7338,8.875,2.5617,5.0
2021-08-13 20:00:00,20_24,10.1469,11.7975,0.9601,1.505
2021-08-14 00:00:00,00_04,3.4576,4.97,4.084,5.3625
2021-08-14 04:00:00,04_08,3.9575,5.0775,4.4862,6.045
2021-08-14 08:00:00,08_12,6.113,7.4475,9.0544,14.65
2021-08-14 12:00:00,12_16,4.7998,7.445,32.8854,57.5
2021-08-14 16:00:00,16_20,7.1419,8.6975,12.9343,21.985
2021-08-14 20:00:00,20_24,8.8145,10.21,2.5034,3.8725
2021-08-15 00:00:00,00_04,4.0523,6.375,4.8823,7.0
2021-08-15 04:00:00,04_08,4.1326,5.59,5.8212,8.5
2021-08-15 08:00:00,08_12,5.7555,6.8075,12.2403,18.0
2021-08-15 12:00:00,12_16,5.2942,7.405,36.3217,54.75
2021-08-15 16:00:00,16_20,7.2639,9.5525,13.4327,18.045
2021-08-15 20:00:00,20_24,8.6961,10.73,2.7902,3.975
2021-08-16 00:00:00,00_04,4.5864,5.295,4.9193,6.875
2021-08-16 04:00:00,04_08,4.948,6.0,5.6463,7.46
2021-08-16 08:00:00,08_12,6.2954,7.75,8.9168,12.25
2021-08-16 12:00:00,12_16,5.2328,6.84,24.0473,33.6
2021-08-16 16:00:00,16_20,7.5222,8.975,10.1878,13.2
2021-08-16 20:00:00,20_24,8.4562,9.64,2.7318,4.345
2021-08-17 00:00:00,00_04,3.7468,4.18,13.2299,29.84
2021-08-17 04:00:00,04_08,4.4022,4.83,9.3516,17.1125
2021-08-17 08:00:00,08_12,5.3955,6.4625,8.1602,9.965
2021-08-17 12:00:00,12_16,4.7172,5.515,20.8983,24.75
2021-08-17 16:00:00,16_20,6.9326,7.715,8.3444,9.84
2021-08-17 20:00:00,20_24,7.6817,9.095,2.4689,3.1
2021-08-18 00:00:00,00_04,3.169,3.7775,9.1595,10.8325
2021-08-18 04:00:00,04_08,4.0048,4.66,6.827,8.0
2021-08-18 08:00:00,08_12,5.2702,6.265,5.0727,6.1375
2021-08-18 12:00:00,12_16,4.1665,4.63,11.1025,15.04
2021-08-18 16:00:00,16_20,6.2747,7.215,5.5496,6.925
2021-08-18 20:00:00,20_24,7.4094,8.1675,1.8622,2.2225
2021-08-19 00:00:00,00_04,2.934,3.82,6.6688,8.7
2021-08-19 04:00:00,04_08,3.8681,5.1075,5.1198,6.4625
2021-08-19 08:00:00,08_12,5.1637,5.965,3.5491,4.355
2021-08-19 12:00:00,12_16,3.7964,4.4375,7.3008,8.5525
2021-08-19 16:00:00,16_20,8.0271,12.4275,3.5183,4.275
2021-08-19 20:00:00,20_24,7.6751,9.555,1.183,1.45
2021-08-20 00:00:00,00_04,3.1626,3.65,4.8435,5.81
2021-08-20 04:00:00,04_08,4.6525,5.7575,3.9099,4.61
2021-08-20 08:00:00,08_12,6.2929,8.23,2.5943,3.15
2021-08-20 12:00:00,12_16,4.0257,4.39,5.1452,5.92
2021-08-20 16:00:00,16_20,10.1139,14.455,2.5228,3.1075
2021-08-20 20:00:00,20_24,8.8655,13.14,0.8324,1.0
2021-08-21 00:00:00,00_04,2.8934,4.005,4.2346,4.95
2021-08-21 04:00:00,04_08,4.0232,4.88,3.1285,3.77
2021-08-21 08:00:00,08_12,5.3217,5.99,3.3747,4.7775
2021-08-21 12:00:00,12_16,3.3895,4.1675,7.0439,9.995
2021-08-21 16:00:00,16_20,7.556,8.8675,3.311,5.37
2021-08-21 20:00:00,20_24,7.2878,8.57,1.0658,1.625
2021-08-22 00:00:00,00_04,2.613,3.2575,4.1869,5.4875
2021-08-22 04:00:00,04_08,3.6601,4.175,3.1065,4.2
2021-08-22 08:00:00,08_12,4.33,4.75,4.8822,7.575
2021-08-22 12:00:00,12_16,2.8643,3.37,9.4051,14.285
2021-08-22 16:00:00,16_20,6.603,7.2575,4.7389,6.8675
2021-08-22 20:00:00,20_24,6.797,7.6075,0.8559,1.5
2021-08-23 00:00:00,00_04,3.744,4.51,4.1364,5.9575
2021-08-23 04:00:00,04_08,4.5458,5.17,3.0779,3.9
2021-08-23 08:00:00,08_12,5.9984,6.735,4.1603,5.0325
2021-08-23 12:00:00,12_16,4.3601,5.27,6.8334,8.31
2021-08-23 16:00:00,16_20,8.0268,9.12,4.0334,4.7875
2021-08-23 20:00:00,20_24,8.2445,9.0,0.9648,1.3375
2021-08-24 00:00:00,00_04,3.4731,3.785,3.6408,5.0
2021-08-24 04:00:00,04_08,4.1846,4.595,2.6253,3.125
2021-08-24 08:00:00,08_12,5.6863,6.12,3.1041,3.73
2021-08-24 12:00:00,12_16,4.0702,4.49,4.922,5.94
2021-08-24 16:00:00,16_20,7.5348,8.3725,2.9257,3.465
2021-08-24 20:00:00,20_24,7.5634,8.13,0.7395,0.9075
2021-08-25 00:00:00,00_04,3.0553,3.42,3.3004,3.75
2021-08-25 04:00:00,04_08,3.7938,4.1525,2.2291,2.55
2021-08-25 08:00:00,08_12,5.3131,5.77,2.7289,4.465
2021-08-25 12:00:00,12_16,3.5457,3.985,6.1377,11.6625
2021-08-25 16:00:00,16_20,6.7661,7.205,3.6979,6.0
2021-08-25 20:00:00,20_24,6.8144,7.2,0.9497,1.5475
2021-08-26 00:00:00,00_04,2.7147,3.11,3.8053,5.645
2021-08-26 04:00:00,04_08,3.4056,3.76,2.3443,3.375
2021-08-26 08:00:00,08_12,4.942,5.37,2.8591,3.47
2021-08-26 12:00:00,12_16,3.1851,3.715,5.682,6.5
2021-08-26 16:00:00,16_20,6.1462,6.5025,3.3794,3.8475
2021-08-26 20:00:00,20_24,6.211,6.67,0.9113,1.2
2021-08-27 00:00:00,00_04,2.4924,3.08,3.7659,4.3225
2021-08-27 04:00:00,04_08,3.0581,3.7425,2.3979,2.7775
2021-08-27 08:00:00,08_12,4.45,4.8275,2.4882,2.9475
2021-08-27 12:00:00,12_16,2.7467,3.19,4.7166,5.8
2021-08-27 16:00:00,16_20,5.5842,5.95,2.8467,3.41
2021-08-27 20:00:00,20_24,5.672,6.14,0.7209,0.905
2021-08-28 00:00:00,00_04,3.7005,9.4475,3.8321,5.81
2021-08-28 04:00:00,04_08,5.0432,23.1675,2.6433,3.82
2021-08-28 08:00:00,08_12,4.5041,6.925,3.5144,8.13
2021-08-28 12:00:00,12_16,19.0727,157.59,6.9074,19.79
2021-08-28 16:00:00,16_20,6.0023,8.85,5.3128,23.1
2021-08-28 20:00:00,20_24,6.0648,8.25,1.2019,3.75
2021-08-29 00:00:00,00_04,4.7072,6.81,4.8982,6.5
2021-08-29 04:00:00,04_08,6.3813,8.75,5.1226,9.75
2021-08-29 08:00:00,08_12,5.4863,6.73,6.2988,8.5
2021-08-29 12:00:00,12_16,18.6083,22.5,14.8195,27.25
2021-08-29 16:00:00,16_20,6.7418,7.295,10.5997,16.5
2021-08-29 20:00:00,20_24,6.6118,7.105,2.1466,2.88
2021-08-30 00:00:00,00_04,4.8454,5.54,4.8848,6.37
2021-08-30 04:00:00,04_08,6.6971,7.22,5.0806,7.9
2021-08-30 08:00:00,08_12,6.5757,7.3825,4.5075,5.505
2021-08-30 12:00:00,12_16,8.3999,12.17,8.888,11.7675
2021-08-30 16:00:00,16_20,7.1245,8.205,6.4529,8.55
2021-08-30 20:00:00,20_24,7.4982,8.61,1.5328,2.075
2021-08-31 00:00:00,00_04,4.2863,4.655,4.7387,5.76
2021-08-31 04:00:00,04_08,5.9354,6.89,4.9875,6.75
2021-08-31 08:00:00,08_12,6.3882,7.12,3.7895,4.4875
2021-08-31 12:00:00,12_16,6.0991,8.14,6.5825,8.095
2021-08-31 16:00:00,16_20,6.9305,8.0575,4.5555,5.78
2021-08-31 20:00:00,20_24,7.0785,7.8575,1.2414,1.61
2021-09-01 00:00:00,00_04,3.7871,4.12,4.2793,5.0
2021-09-01 04:00:00,04_08,5.4742,5.905,4.3964,5.155
2021-09-01 08:00:00,08_12,6.3572,7.845,3.0878,3.5175
2021-09-01 12:00:00,12_16,5.4179,5.935,5.4998,6.25
2021-09-01 16:00:00,16_20,6.8867,8.27,3.6314,4.24
2021-09-01 20:00:00,20_24,6.8868,7.8325,0.9356,1.185
2021-09-02 00:00:00,00_04,3.3537,3.65,3.8207,4.655
2021-09-02 04:00:00,04_08,4.9084,5.3075,3.7446,4.3725
2021-09-02 08:00:00,08_12,6.1933,6.7875,2.4067,2.72
2021-09-02 12:00:00,12_16,4.7488,5.0125,4.5833,5.2
2021-09-02 16:00:00,16_20,6.6826,7.48,2.8159,3.11
2021-09-02 20:00:00,20_24,6.6628,7.455,0.7219,0.85
2021-09-03 00:00:00,00_04,2.874,3.08,3.386,3.9625
2021-09-03 04:00:00,04_08,4.3277,4.54,3.21,3.62
2021-09-03 08:00:00,08_12,5.635,6.1,1.9116,2.23
2021-09-03 12:00:00,12_16,4.0381,4.26,4.3073,5.75
2021-09-03 16:00:00,16_20,6.2076,6.7,2.2502,2.5975
2021-09-03 20:00:00,20_24,6.2169,6.6375,0.5424,0.64
2021-09-04 00:00:00,00_04,2.4123,2.685,3.3568,4.2075
2021-09-04 04:00:00,04_08,3.6585,3.84,2.7902,3.59
2021-09-04 08:00:00,08_12,4.7015,5.1725,2.533,4.2
2021-09-04 12:00:00,12_16,3.4334,3.625,6.0267,9.75
2021-09-04 16:00:00,16_20,5.3131,5.9375,2.8525,4.3275
2021-09-04 20:00:00,20_24,5.6633,6.53,0.5625,1.05
2021-09-05 00:00:00,00_04,2.2941,4.53,3.9053,6.0
2021-09-05 04:00:00,04_08,2.9354,3.2,3.7621,6.0
2021-09-05 08:00:00,08_12,3.907,4.195,5.4001,10.625
2021-09-05 12:00:00,12_16,2.8096,3.7575,12.1827,25.875
2021-09-05 16:00:00,16_20,4.7797,5.7,4.5312,7.31
2021-09-05 20:00:00,20_24,5.4711,6.14,1.0859,2.475
2021-09-06 00:00:00,00_04,3.7348,4.3925,4.4429,6.075
2021-09-06 04:00:00,04_08,4.8592,6.1025,3.954,4.785
2021-09-06 08:00:00,08_12,6.346,8.73,4.6599,5.92
2021-09-06 12:00:00,12_16,6.6475,16.42,8.1788,9.675
2021-09-06 16:00:00,16_20,9.2108,16.885,3.6628,4.68
2021-09-06 20:00:00,20_24,7.7247,11.25,1.1571,1.635
2021-09-07 00:00:00,00_04,3.5472,3.97,4.1034,4.685
2021-09-07 04:00:00,04_08,6.028,8.75,3.3116,3.68
2021-09-07 08:00:00,08_12,7.855,11.95,3.8109,4.41
2021-09-07 12:00:00,12_16,7.3311,9.58,6.0118,7.07
2021-09-07 16:00:00,16_20,11.3572,16.5075,2.972,3.475
2021-09-07 20:00:00,20_24,8.4067,11.15,0.9041,1.11
2021-09-08 00:00:00,00_04,3.1368,3.5125,3.4961,3.92
2021-09-08 04:00:00,04_08,6.064,6.82,2.704,3.0
2021-09-08 08:00:00,08_12,8.3541,10.5375,2.9374,3.255
2021-09-08 12:00:00,12_16,6.5775,8.1625,4.8267,5.84
2021-09-08 16:00:00,16_20,10.8603,13.9,2.4806,2.75
2021-09-08 20:00:00,20_24,8.5009,9.56,0.6874,0.845
2021-09-09 00:00:00,00_04,2.9373,3.25,3.2662,4.42
2021-09-09 04:00:00,04_08,5.5817,5.94,2.2864,2.5875
2021-09-09 08:00:00,08_12,7.8895,8.82,2.2746,2.615
2021-09-09 12:00:00,12_16,5.8748,6.975,4.2494,5.08
2021-09-09 16:00:00,16_20,10.8193,12.2325,1.9344,2.2175
2021-09-09 20:00:00,20_24,8.3817,9.055,0.5664,0.7075
2021-09-10 00:00:00,00_04,2.6465,2.86,3.0716,3.71
2021-09-10 04:00:00,04_08,4.9696,5.3775,1.8502,2.125
2021-09-10 08:00:00,08_12,7.4105,8.275,1.8224,2.16
2021-09-10 12:00:00,12_16,5.2872,5.78,3.8132,4.3
2021-09-10 16:00:00,16_20,9.8718,10.98,1.652,1.9075
2021-09-10 20:00:00,20_24,7.8511,8.42,0.4717,0.5725
2021-09-11 00:00:00,00_04,2.1012,2.325,3.0611,3.4875
2021-09-11 04:00:00,04_08,3.7573,4.14,1.9732,2.7675
2021-09-11 08:00:00,08_12,5.8842,6.42,2.707,3.635
2021-09-11 12:00:00,12_16,4.2462,4.655,5.4028,7.2
2021-09-11 16:00:00,16_20,8.1612,8.7,2.3829,3.3125
2021-09-11 20:00:00,20_24,6.677,7.23,0.6588,0.9025
2021-09-12 00:00:00,00_04,2.1466,3.845,3.5233,4.66
2021-09-12 04:00:00,04_08,2.7493,3.0,3.0384,4.67
2021-09-12 08:00:00,08_12,4.5207,4.8725,5.0869,7.775
2021-09-12 12:00:00,12_16,3.7721,8.76,10.6709,19.04
2021-09-12 16:00:00,16_20,6.4331,7.09,3.8097,5.64
2021-09-12 20:00:00,20_24,5.7865,6.545,1.0722,1.71
2021-09-13 00:00:00,00_04,3.1627,3.955,3.4275,4.1025
2021-09-13 04:00:00,04_08,5.0043,5.665,2.8874,4.1875
2021-09-13 08:00:00,08_12,7.2504,8.39,3.6248,4.72
2021-09-13 12:00:00,12_16,6.9326,9.825,6.5174,8.5
2021-09-13 16:00:00,16_20,13.0741,17.1825,2.7436,3.665
2021-09-13 20:00:00,20_24,9.3306,11.8275,0.9547,1.3275
2021-09-14 00:00:00,00_04,3.013,3.25,3.0249,4.01
2021-09-14 04:00:00,04_08,4.6099,5.18,2.6369,3.34
2021-09-14 08:00:00,08_12,7.2751,7.855,2.9483,3.7225
2021-09-14 12:00:00,12_16,6.8551,7.49,5.4802,6.5925
2021-09-14 16:00:00,16_20,12.6167,14.335,2.2963,2.725
2021-09-14 20:00:00,20_24,8.7726,9.73,0.7821,1.0925
2021-09-15 00:00:00,00_04,3.144,7.915,4.2429,10.385
2021-09-15 04:00:00,04_08,4.0956,4.425,2.8226,6.25
2021-09-15 08:00:00,08_12,7.2136,11.0,9.7578,406.25
2021-09-15 12:00:00,12_16,5.9142,6.505,5.08,8.75
2021-09-15 16:00:00,16_20,12.0068,14.5,1.9429,2.8
2021-09-15 20:00:00,20_24,8.4689,10.71,1.8195,33.125
2021-09-16 00:00:00,00_04,4.0808,4.85,5.9354,10.3125
2021-09-16 04:00:00,04_08,4.5526,8.01,4.633,14.555
2021-09-16 08:00:00,08_12,7.6975,9.115,15.1129,39.5825
2021-09-16 12:00:00,12_16,5.2479,5.65,5.9221,8.75
2021-09-16 16:00:00,16_20,11.5991,12.8175,2.3682,3.75
2021-09-16 20:00:00,20_24,8.0939,8.69,4.9273,10.755
2021-09-17 00:00:00,00_04,37.6634,363.6375,6.7917,9.25
2021-09-17 04:00:00,04_08,7.2604,24.545,6.0714,8.3925
2021-09-17 08:00:00,08_12,7.4908,8.355,9.174,13.08
2021-09-17 12:00:00,12_16,4.6037,5.06,5.6244,6.6425
2021-09-17 16:00:00,16_20,11.0306,12.09,2.3012,2.875
2021-09-17 20:00:00,20_24,7.3871,8.0,3.3145,7.0
2021-09-18 00:00:00,00_04,12.4104,29.09,5.6195,10.675
2021-09-18 04:00:00,04_08,5.8209,9.14,4.6813,7.36
2021-09-18 08:00:00,08_12,6.1765,6.89,5.4949,7.9
2021-09-18 12:00:00,12_16,5.8122,28.675,6.2729,16.5
2021-09-18 16:00:00,16_20,8.9891,10.015,2.7461,5.4225
2021-09-18 20:00:00,20_24,6.5267,7.13,3.5437,8.095
2021-09-19 00:00:00,00_04,7.5944,11.25,7.7027,11.555
2021-09-19 04:00:00,04_08,4.899,6.045,6.3471,9.375
2021-09-19 08:00:00,08_12,4.906,6.1675,7.3433,10.095
2021-09-19 12:00:00,12_16,7.6398,15.0,13.7078,20.99
2021-09-19 16:00:00,16_20,7.5502,8.725,4.2787,5.6375
2021-09-19 20:00:00,20_24,5.7297,6.32,4.29,5.8025
2021-09-20 00:00:00,00_04,5.8847,6.8875,6.9896,9.655
2021-09-20 04:00:00,04_08,5.3764,7.3875,5.1302,7.0
2021-09-20 08:00:00,08_12,7.1657,9.565,5.3019,7.1425
2021-09-20 12:00:00,12_16,8.4876,10.23,7.7545,9.985
2021-09-20 16:00:00,16_20,11.4733,15.53,2.8759,3.77
2021-09-20 20:00:00,20_24,8.1991,9.865,2.9157,4.2875
2021-09-21 00:00:00,00_04,4.5142,5.3375,5.9586,7.9
2021-09-21 04:00:00,04_08,5.434,6.5125,4.1808,5.65
2021-09-21 08:00:00,08_12,7.5032,8.59,4.2395,5.5
2021-09-21 12:00:00,12_16,7.0922,8.005,6.4223,8.4875
2021-09-21 16:00:00,16_20,11.9025,13.7575,2.4458,3.0
2021-09-21 20:00:00,20_24,8.1144,8.8125,2.5047,3.23
2021-09-22 00:00:00,00_04,4.0194,4.535,6.0488,7.24
2021-09-22 04:00:00,04_08,4.8103,5.365,4.3293,5.205
2021-09-22 08:00:00,08_12,7.0669,7.7175,4.1839,5.255
2021-09-22 12:00:00,12_16,5.8616,6.4,8.1362,68.375
2021-09-22 16:00:00,16_20,11.1231,12.16,2.2099,2.6325
2021-09-22 20:00:00,20_24,7.3933,7.9875,2.3653,3.12
2021-09-23 00:00:00,00_04,3.7277,4.7875,8.5128,14.5
2021-09-23 04:00:00,04_08,9.328,75.0,10.2504,107.25
2021-09-23 08:00:00,08_12,6.3298,7.69,21.7375,182.9
2021-09-23 12:00:00,12_16,5.181,8.275,76.2664,250.0
2021-09-23 16:00:00,16_20,9.0535,9.98,16.3619,84.4375
2021-09-23 20:00:00,20_24,6.3832,7.36,10.1712,43.85
2021-09-24 00:00:00,00_04,3.9686,5.4175,17.9985,34.0
2021-09-24 04:00:00,04_08,10.1959,22.46,16.0696,24.75
2021-09-24 08:00:00,08_12,8.3335,16.875,14.5321,24.75
2021-09-24 12:00:00,12_16,6.7545,14.0625,31.5647,58.105
2021-09-24 16:00:00,16_20,11.009,18.75,12.5478,19.9575
2021-09-24 20:00:00,20_24,6.9401,10.36,8.3372,15.8125
2021-09-25 00:00:00,00_04,4.6153,5.8625,13.132,17.94
2021-09-25 04:00:00,04_08,7.8433,9.195,10.8729,14.4175
2021-09-25 08:00:00,08_12,7.5631,9.435,10.5691,15.0
2021-09-25 12:00:00,12_16,7.548,13.1725,20.5652,28.64
2021-09-25 16:00:00,16_20,13.4456,21.4,8.4972,11.025
2021-09-25 20:00:00,20_24,8.9021,12.5,6.1582,8.1125
2021-09-26 00:00:00,00_04,4.1792,4.945,9.2565,12.02
2021-09-26 04:00:00,04_08,6.3804,6.9775,8.685,10.53
2021-09-26 08:00:00,08_12,6.153,6.965,9.3228,11.0
2021-09-26 12:00:00,12_16,6.9654,9.465,17.3879,22.53
2021-09-26 16:00:00,16_20,10.7737,12.5,7.2633,8.75
2021-09-26 20:00:00,20_24,7.5491,9.05,5.0347,5.845
2021-09-27 00:00:00,00_04,4.2985,5.02,8.4236,11.75
2021-09-27 04:00:00,04_08,7.418,8.56,7.3764,10.9675
2021-09-27 08:00:00,08_12,9.2505,10.8875,6.4884,8.0
2021-09-27 12:00:00,12_16,6.7512,8.1775,9.6371,12.8925
2021-09-27 16:00:00,16_20,12.1639,13.6625,4.9857,6.75
2021-09-27 20:00:00,20_24,7.4796,8.71,4.1164,5.03
2021-09-28 00:00:00,00_04,4.1242,4.69,8.8125,14.1125
2021-09-28 04:00:00,04_08,6.8395,7.735,7.5229,9.5
2021-09-28 08:00:00,08_12,9.397,11.0375,5.0488,6.36
2021-09-28 12:00:00,12_16,6.583,7.28,7.7948,9.4875
2021-09-28 16:00:00,16_20,12.587,20.135,4.0282,4.81
2021-09-28 20:00:00,20_24,8.4233,10.25,3.4402,4.13
2021-09-29 00:00:00,00_04,3.7004,4.0625,8.483,12.6875
2021-09-29 04:00:00,04_08,5.862,6.3925,6.5988,8.0425
2021-09-29 08:00:00,08_12,8.6649,10.735,4.6073,5.3975
2021-09-29 12:00:00,12_16,5.6426,5.97,7.4271,11.555
2021-09-29 16:00:00,16_20,10.1143,12.075,3.9818,6.5075
2021-09-29 20:00:00,20_24,7.1456,8.1375,4.9323,18.425
2021-09-30 00:00:00,00_04,5.5341,22.045,29.7711,64.19
2021-09-30 04:00:00,04_08,6.646,10.0,17.1898,31.25
2021-09-30 08:00:00,08_12,8.5774,10.0025,13.8565,36.2475
2021-09-30 12:00:00,12_16,10.4363,36.0,34.726,90.125
2021-09-30 16:00:00,16_20,17.91,35.6,5.8847,14.1775
2021-09-30 20:00:00,20_24,15.7566,31.91,8.8135,17.0
2021-10-01 00:00:00,00_04,9.7403,15.635,31.7224,46.73
2021-10-01 04:00:00,04_08,7.6053,11.1725,18.1664,23.7125
2021-10-01 08:00:00,08_12,10.5405,20.085,16.3986,21.1625
2021-10-01 12:00:00,12_16,13.1494,20.615,35.9029,55.8975
2021-10-01 16:00:00,16_20,17.7543,23.525,8.7266,12.4225
2021-10-01 20:00:00,20_24,14.9514,19.8875,9.4672,12.78
2021-10-02 00:00:00,00_04,8.3335,10.33,24.3713,32.5
2021-10-02 04:00:00,04_08,7.8444,10.375,14.7202,18.0
2021-10-02 08:00:00,08_12,14.2569,19.78,12.4351,14.67
2021-10-02 12:00:00,12_16,11.5499,13.615,29.1811,44.3225
2021-10-02 16:00:00,16_20,15.0789,17.2575,9.9729,18.8975
2021-10-02 20:00:00,20_24,12.1118,14.6175,17.1572,45.005
2021-10-03 00:00:00,00_04,18.5026,64.365,101.8836,172.23
2021-10-03 04:00:00,04_08,15.7359,48.1775,94.7198,172.0
2021-10-03 08:00:00,08_12,12.9661,19.66,46.9153,70.46
2021-10-03 12:00:00,12_16,10.402,18.3325,58.7555,86.4
2021-10-03 16:00:00,16_20,14.529,27.4575,28.2128,51.7325
2021-10-03 20:00:00,20_24,12.3411,22.5925,17.7208,24.25
2021-10-04 00:00:00,00_04,10.2837,15.375,40.1644,59.25
2021-10-04 04:00:00,04_08,10.6386,15.485,31.1485,45.8325
2021-10-04 08:00:00,08_12,15.476,21.0075,18.724,23.825
2021-10-04 12:00:00,12_16,9.903,14.0025,24.6791,31.9025
2021-10-04 16:00:00,16_20,17.9022,24.0,14.7546,20.69
2021-10-04 20:00:00,20_24,14.2616,20.4525,10.6162,13.5
2021-10-05 00:00:00,00_04,7.0149,8.3325,22.5916,33.9225
2021-10-05 04:00:00,04_08,8.8467,9.98,17.9452,27.2925
2021-10-05 08:00:00,08_12,14.1778,19.3125,11.0625,13.935
2021-10-05 12:00:00,12_16,9.0414,10.685,16.183,19.77
2021-10-05 16:00:00,16_20,16.605,21.595,9.7091,12.2825
2021-10-05 20:00:00,20_24,11.8478,13.4875,8.8473,11.795
2021-10-06 00:00:00,00_04,6.355,6.98,24.621,55.1275
2021-10-06 04:00:00,04_08,7.3702,8.325,17.1933,22.3825
2021-10-06 08:00:00,08_12,14.9101,18.145,9.4844,11.695
2021-10-06 12:00:00,12_16,8.4357,10.2375,13.4662,16.725
2021-10-06 16:00:00,16_20,17.7703,23.75,7.8817,10.8275
2021-10-06 20:00:00,20_24,11.999,15.77,7.4041,9.4225
2021-10-07 00:00:00,00_04,8.2694,17.52,23.2373,42.9475
2021-10-07 04:00:00,04_08,17.6245,33.54,13.1907,23.125
2021-10-07 08:00:00,08_12,98.3329,218.8975,7.0514,8.7625
2021-10-07 12:00:00,12_16,31.8275,70.55,11.1461,71.5
2021-10-07 16:00:00,16_20,115.5181,216.7375,6.178,7.465
2021-10-07 20:00:00,20_24,32.6767,73.0,6.0105,6.7875
2021-10-08 00:00:00,00_04,8.9862,10.9575,24.2361,28.91
2021-10-08 04:00:00,04_08,16.9755,20.9525,14.0915,17.23
2021-10-08 08:00:00,08_12,71.7701,92.615,6.3605,7.6725
2021-10-08 12:00:00,12_16,27.0981,34.615,19.7383,36.6675
2021-10-08 16:00:00,16_20,84.8991,105.115,5.7124,7.14
2021-10-08 20:00:00,20_24,27.0805,33.83,5.5172,7.21
2021-10-09 00:00:00,00_04,7.4544,9.125,18.4666,22.66
2021-10-09 04:00:00,04_08,13.0218,16.5625,13.2081,16.8125
2021-10-09 08:00:00,08_12,32.3653,40.0025,8.6131,19.22
2021-10-09 12:00:00,12_16,16.4666,22.21,29.5552,59.26
2021-10-09 16:00:00,16_20,38.7145,48.975,7.3459,12.25
2021-10-09 20:00:00,20_24,17.0993,22.4725,6.4629,8.1175
2021-10-10 00:00:00,00_04,6.1294,6.6675,18.2713,25.0
2021-10-10 04:00:00,04_08,10.9866,12.24,13.5327,16.95
2021-10-10 08:00:00,08_12,20.8204,25.14,12.3477,21.2475
2021-10-10 12:00:00,12_16,13.3993,15.52,33.1135,46.1
2021-10-10 16:00:00,16_20,25.8536,32.4975,9.1359,12.615
2021-10-10 20:00:00,20_24,15.5191,20.0,6.5548,8.3325
2021-10-11 00:00:00,00_04,5.5899,8.1175,18.5782,27.345
2021-10-11 04:00:00,04_08,49.9796,241.9275,14.9553,45.225
2021-10-11 08:00:00,08_12,36.0741,180.7125,116.9317,1814.5
2021-10-11 12:00:00,12_16,28.9994,231.9275,29.2045,156.6675
2021-10-11 16:00:00,16_20,21.6483,24.85,10.534,47.575
2021-10-11 20:00:00,20_24,13.6997,16.975,11.1092,87.0
2021-10-12 00:00:00,00_04,12.0915,23.635,28.9757,65.0
2021-10-12 04:00:00,04_08,43.2321,68.635,37.0818,151.0
2021-10-12 08:00:00,08_12,48.5804,88.02,62.7495,116.815
2021-10-12 12:00:00,12_16,40.0922,75.0,42.8396,67.0
2021-10-12 16:00:00,16_20,23.4528,37.78,18.8502,32.5
2021-10-12 20:00:00,20_24,15.5208,22.5,37.6437,185.5
2021-10-13 00:00:00,00_04,224.8546,1635.75,33.6239,80.0
2021-10-13 04:00:00,04_08,318.0569,1236.365,41.926,84.64
2021-10-13 08:00:00,08_12,329.0279,1683.34,46.2274,76.455
2021-10-13 12:00:00,12_16,216.716,1635.75,41.7348,206.945
2021-10-13 16:00:00,16_20,94.4503,713.89,18.7335,37.5
2021-10-13 20:00:00,20_24,126.6364,1206.25,42.1947,94.64
2021-10-14 00:00:00,00_04,132.7882,231.16,54.4589,215.25
2021-10-14 04:00:00,04_08,173.3088,299.62,48.2176,124.25
2021-10-14 08:00:00,08_12,188.1702,363.33,52.6944,125.0
2021-10-14 12:00:00,12_16,127.4703,182.855,142.8828,1035.0
2021-10-14 16:00:00,16_20,110.5488,195.9475,52.3085,333.335
2021-10-14 20:00:00,20_24,95.2412,157.25,61.8416,165.0
2021-10-15 00:00:00,00_04,75.6442,106.15,149.0574,375.0
2021-10-15 04:00:00,04_08,99.6246,143.08,99.6382,215.075
2021-10-15 08:00:00,08_12,106.3487,160.48,77.7843,148.7275
2021-10-15 12:00:00,12_16,71.4655,111.2125,139.1437,235.55
2021-10-15 16:00:00,16_20,74.997,111.03,54.7687,110.0
2021-10-15 20:00:00,20_24,63.352,88.62,57.4594,100.0
2021-10-16 00:00:00,00_04,51.6456,67.8725,100.4982,146.55
2021-10-16 04:00:00,04_08,63.9004,84.89,78.2824,115.0225
2021-10-16 08:00:00,08_12,70.2158,91.6025,60.0747,89.25
2021-10-16 12:00:00,12_16,49.6021,66.5,99.2907,134.55
2021-10-16 16:00:00,16_20,56.6512,70.74,40.1883,56.75
2021-10-16 20:00:00,20_24,44.7974,56.1025,48.4621,63.4
2021-10-17 00:00:00,00_04,39.7197,45.125,77.9853,103.1175
2021-10-17 04:00:00,04_08,47.3367,54.25,64.7411,83.98
2021-10-17 08:00:00,08_12,49.7273,58.375,51.0429,65.085
2021-10-17 12:00:00,12_16,37.7065,43.3,80.5526,102.0
2021-10-17 16:00:00,16_20,44.0323,50.0,33.5558,41.29
2021-10-17 20:00:00,20_24,35.1631,40.045,36.5557,42.6425
2021-10-18 00:00:00,00_04,29.2324,36.5275,57.3,72.53
2021-10-18 04:00:00,04_08,38.5492,59.06,46.3177,55.5
2021-10-18 08:00:00,08_12,48.3896,72.5,36.0602,44.4
2021-10-18 12:00:00,12_16,34.6273,59.5125,47.6808,61.67
2021-10-18 16:00:00,16_20,44.4965,66.98,24.5204,29.645
2021-10-18 20:00:00,20_24,30.2838,35.4,26.3642,32.15
2021-10-19 00:00:00,00_04,23.3001,26.1975,47.6446,59.735
2021-10-19 04:00:00,04_08,35.4822,42.5,39.8587,47.2775
2021-10-19 08:00:00,08_12,44.3564,53.1775,30.4016,36.1275
2021-10-19 12:00:00,12_16,31.8414,40.65,39.6273,45.7625
2021-10-19 16:00:00,16_20,40.6815,47.7075,22.8701,29.465
2021-10-19 20:00:00,20_24,24.0618,28.41,73.0885,684.53
2021-10-20 00:00:00,00_04,27.6553,81.1875,157.2611,242.8125
2021-10-20 04:00:00,04_08,42.7624,102.04,110.2297,158.3325
2021-10-20 08:00:00,08_12,37.604,43.0975,55.621,89.6425
2021-10-20 12:00:00,12_16,27.5262,31.495,101.8228,170.0625
2021-10-20 16:00:00,16_20,36.7429,42.4825,53.5842,87.5
2021-10-20 20:00:00,20_24,24.434,43.41,125.1838,221.155
2021-10-21 00:00:00,00_04,34.0943,45.57,159.1714,196.875
2021-10-21 04:00:00,04_08,46.7541,59.6,111.1986,135.575
2021-10-21 08:00:00,08_12,34.2603,39.4975,63.9296,79.3475
2021-10-21 12:00:00,12_16,24.6302,28.4125,137.7148,168.125
2021-10-21 16:00:00,16_20,35.5903,46.25,60.0001,72.33
2021-10-21 20:00:00,20_24,27.9637,38.2475,131.1768,172.6
2021-10-22 00:00:00,00_04,30.9364,35.4875,132.8375,161.4575
2021-10-22 04:00:00,04_08,42.5093,48.25,97.4639,110.0
2021-10-22 08:00:00,08_12,32.09,35.72,53.5954,62.325
2021-10-22 12:00:00,12_16,22.0463,24.57,120.3773,140.675
2021-10-22 16:00:00,16_20,34.4615,40.045,48.9132,57.25
2021-10-22 20:00:00,20_24,27.2827,30.85,104.3271,118.5275
2021-10-23 00:00:00,00_04,26.3447,29.6425,95.4755,110.285
2021-10-23 04:00:00,04_08,35.8354,39.3775,70.1119,85.0
2021-10-23 08:00:00,08_12,28.0949,32.0925,37.5334,45.0625
2021-10-23 12:00:00,12_16,19.6626,22.395,82.6081,97.43
2021-10-23 16:00:00,16_20,39.3776,63.7175,34.0186,41.07
2021-10-23 20:00:00,20_24,27.7688,37.25,56.5564,71.91
2021-10-24 00:00:00,00_04,20.7904,22.755,62.9012,72.5
2021-10-24 04:00:00,04_08,26.3629,30.985,47.1112,55.01
2021-10-24 08:00:00,08_12,22.1725,25.55,27.1219,33.32
2021-10-24 12:00:00,12_16,16.5576,22.5,65.155,88.5325
2021-10-24 16:00:00,16_20,33.8766,41.605,24.8349,31.1675
2021-10-24 20:00:00,20_24,24.8665,30.17,38.6442,46.93
2021-10-25 00:00:00,00_04,16.6073,18.48,44.6112,61.0
2021-10-25 04:00:00,04_08,22.2298,31.7825,31.5554,37.635
2021-10-25 08:00:00,08_12,27.3706,42.525,18.2843,21.115
2021-10-25 12:00:00,12_16,17.354,36.25,38.565,44.25
2021-10-25 16:00:00,16_20,32.5081,45.535,18.1224,21.0125
2021-10-25 20:00:00,20_24,22.1914,33.0825,24.4068,28.465
2021-10-26 00:00:00,00_04,13.6782,15.75,36.3814,45.88
2021-10-26 04:00:00,04_08,21.8874,27.25,22.8167,27.3275
2021-10-26 08:00:00,08_12,26.8036,35.9425,12.1795,14.375
2021-10-26 12:00:00,12_16,18.4992,24.2425,24.7159,29.0275
2021-10-26 16:00:00,16_20,31.7044,40.47,12.3662,14.25
2021-10-26 20:00:00,20_24,20.708,24.6925,16.0438,19.65
2021-10-27 00:00:00,00_04,11.797,12.83,38.6437,54.23
2021-10-27 04:00:00,04_08,19.6866,21.8875,21.3176,26.43
2021-10-27 08:00:00,08_12,25.1793,30.25,10.1522,12.5
2021-10-27 12:00:00,12_16,17.1072,19.505,20.9747,28.23
2021-10-27 16:00:00,16_20,28.936,35.25,9.596,12.06
2021-10-27 20:00:00,20_24,18.9558,20.9425,13.2651,16.79
2021-10-28 00:00:00,00_04,9.9102,10.985,36.8012,45.5175
2021-10-28 04:00:00,04_08,17.5895,18.91,20.1734,24.23
2021-10-28 08:00:00,08_12,24.9747,27.27,8.3976,9.625
2021-10-28 12:00:00,12_16,16.0286,17.49,20.1495,23.75
2021-10-28 16:00:00,16_20,27.9834,31.5,8.2628,9.1725
2021-10-28 20:00:00,20_24,17.0282,18.4,11.963,13.825
2021-10-29 00:00:00,00_04,8.4722,9.18,35.1695,41.75
2021-10-29 04:00:00,04_08,15.618,18.22,19.2813,21.43
2021-10-29 08:00:00,08_12,22.7318,24.48,7.0246,7.97
2021-10-29 12:00:00,12_16,14.3772,15.445,18.7548,21.42
2021-10-29 16:00:00,16_20,25.5316,27.61,6.5081,7.2
2021-10-29 20:00:00,20_24,14.8241,16.375,11.3229,18.7625
2021-10-30 00:00:00,00_04,7.1255,7.765,32.4248,39.5
2021-10-30 04:00:00,04_08,14.468,15.46,18.0292,24.9975
2021-10-30 08:00:00,08_12,20.033,22.4,7.0582,9.3025
2021-10-30 12:00:00,12_16,12.5642,13.545,18.862,22.0
2021-10-30 16:00:00,16_20,22.5254,25.02,6.8206,9.2925
2021-10-30 20:00:00,20_24,13.0854,14.485,16.1282,21.07
2021-10-31 00:00:00,00_04,4.6607,5.552,30.8846,45.41
2021-10-31 04:00:00,04_08,12.3329,12.94,23.8967,34.785
2021-10-31 08:00:00,08_12,17.5779,18.93,9.4788,12.75
2021-10-31 12:00:00,12_16,10.8085,11.475,22.0565,30.365
2021-10-31 16:00:00,16_20,19.9561,21.3025,10.6383,17.59
2021-10-31 20:00:00,20_24,11.5118,12.225,26.6892,47.65
2021-11-01 00:00:00,00_04,4.6987,6.0325,54.3538,80.0
2021-11-01 04:00:00,04_08,9.5955,11.28,26.3811,36.685
2021-11-01 08:00:00,08_12,13.8184,17.39,9.0182,11.6025
2021-11-01 12:00:00,12_16,8.7573,12.005,20.1336,24.3425
2021-11-01 16:00:00,16_20,16.7443,23.625,10.0791,12.835
2021-11-01 20:00:00,20_24,9.3257,12.775,22.5196,29.0825
2021-11-02 00:00:00,00_04,7.7103,13.4625,38.6202,47.0
2021-11-02 04:00:00,04_08,15.8934,28.4625,17.2379,23.5
2021-11-02 08:00:00,08_12,25.3395,41.5475,6.9378,8.25
2021-11-02 12:00:00,12_16,15.1221,24.0,13.9937,16.9575
2021-11-02 16:00:00,16_20,27.7502,50.36,6.9074,8.5
2021-11-02 20:00:00,20_24,14.1035,25.49,14.5802,17.25
2021-11-03 00:00:00,00_04,7.2643,10.8875,22.094,32.385
2021-11-03 04:00:00,04_08,13.8559,22.9325,12.4709,16.0
2021-11-03 08:00:00,08_12,21.0861,34.525,4.3696,5.5
2021-11-03 12:00:00,12_16,12.9653,22.0,9.2005,11.5325
2021-11-03 16:00:00,16_20,26.5471,47.0225,4.364,5.5
2021-11-03 20:00:00,20_24,11.7771,18.75,8.9755,12.0675
2021-11-04 00:00:00,00_04,7.5391,8.5,19.8763,23.15
2021-11-04 04:00:00,04_08,16.926,18.42,10.9316,13.3225
2021-11-04 08:00:00,08_12,25.4599,30.24,3.6855,4.5725
2021-11-04 12:00:00,12_16,15.8759,18.78,7.3307,9.97
2021-11-04 16:00:00,16_20,31.3438,37.49,3.9301,6.0
2021-11-04 20:00:00,20_24,12.6297,14.06,8.0708,9.7625
2021-11-05 00:00:00,00_04,6.4042,6.95,21.261,30.4275
2021-11-05 04:00:00,04_08,14.5605,15.54,10.0704,12.815
2021-11-05 08:00:00,08_12,22.659,24.27,2.9495,3.5
2021-11-05 12:00:00,12_16,14.092,14.6775,6.5162,7.5
2021-11-05 16:00:00,16_20,25.6569,27.29,3.4944,4.1425
2021-11-05 20:00:00,20_24,10.3252,11.27,7.8284,9.97
2021-11-06 00:00:00,00_04,5.3863,5.67,24.0423,31.88
2021-11-06 04:00:00,04_08,11.8545,12.39,14.1961,22.03
2021-11-06 08:00:00,08_12,18.2127,19.735,5.9243,10.13
2021-11-06 12:00:00,12_16,11.5802,12.33,13.0682,18.5
2021-11-06 16:00:00,16_20,20.2623,22.025,6.242,9.78
2021-11-06 20:00:00,20_24,8.6985,9.3375,18.4829,34.8125
2021-11-07 00:00:00,00_04,4.3282,4.6775,57.443,94.25
2021-11-07 04:00:00,04_08,9.3347,10.2875,55.1772,111.4625
2021-11-07 08:00:00,08_12,14.9019,16.5,20.6109,32.35
2021-11-07 12:00:00,12_16,9.1644,9.8975,22.4161,37.555
2021-11-07 16:00:00,16_20,16.8403,18.175,8.9273,12.21
2021-11-07 20:00:00,20_24,7.3214,8.68,21.0379,25.0
2021-11-08 00:00:00,00_04,5.0649,7.7075,41.9961,65.0
2021-11-08 04:00:00,04_08,14.9253,20.99,33.7037,47.0
2021-11-08 08:00:00,08_12,23.4727,30.5,12.1186,15.75
2021-11-08 12:00:00,12_16,16.4611,21.8375,15.1317,20.0
2021-11-08 16:00:00,16_20,30.815,41.5,6.7531,9.63
2021-11-08 20:00:00,20_24,16.6539,21.12,13.6398,19.35
2021-11-09 00:00:00,00_04,6.894,8.23,26.2554,32.25
2021-11-09 04:00:00,04_08,14.9865,17.065,21.9134,26.18
2021-11-09 08:00:00,08_12,22.0797,24.18,7.9334,9.705
2021-11-09 12:00:00,12_16,14.829,16.265,11.0984,12.7225
2021-11-09 16:00:00,16_20,28.2396,31.775,5.3082,6.05
2021-11-09 20:00:00,20_24,13.5816,15.115,11.0765,13.2125
2021-11-10 00:00:00,00_04,6.4209,7.09,18.8432,22.5
2021-11-10 04:00:00,04_08,14.134,16.51,14.6551,17.95
2021-11-10 08:00:00,08_12,19.3829,21.53,4.8621,6.3625
2021-11-10 12:00:00,12_16,13.0879,14.5,7.7932,9.5
2021-11-10 16:00:00,16_20,34.5758,54.25,3.3122,4.4675
2021-11-10 20:00:00,20_24,12.6573,16.8025,7.8435,9.73
2021-11-11 00:00:00,00_04,5.946,6.7975,15.4177,17.8125
2021-11-11 04:00:00,04_08,14.1571,16.1025,11.6942,13.23
2021-11-11 08:00:00,08_12,17.5112,18.85,3.7847,4.415
2021-11-11 12:00:00,12_16,11.9716,12.6475,6.4053,7.16
2021-11-11 16:00:00,16_20,34.033,42.58,2.631,3.0
2021-11-11 20:00:00,20_24,12.5707,14.0025,6.4139,7.07
2021-11-12 00:00:00,00_04,5.4875,5.825,12.7306,14.0
2021-11-12 04:00:00,04_08,13.025,13.8975,9.5408,11.0
2021-11-12 08:00:00,08_12,15.0981,16.155,2.5906,3.345
2021-11-12 12:00:00,12_16,10.3498,10.98,5.0724,6.0625
2021-11-12 16:00:00,16_20,23.9647,26.46,2.0051,2.52
2021-11-12 20:00:00,20_24,11.073,12.11,6.0764,8.46
2021-11-13 00:00:00,00_04,4.4958,5.06,15.5394,21.3775
2021-11-13 04:00:00,04_08,10.6474,11.5375,11.7539,16.48
2021-11-13 08:00:00,08_12,12.2562,13.3525,3.5038,4.62
2021-11-13 12:00:00,12_16,8.4094,9.49,5.4161,6.67
2021-11-13 16:00:00,16_20,19.083,21.95,2.0405,2.66
2021-11-13 20:00:00,20_24,9.9696,11.6375,6.0512,8.03
2021-11-14 00:00:00,00_04,3.6465,4.02,15.6456,19.3225
2021-11-14 04:00:00,04_08,8.5164,9.22,13.078,16.0
2021-11-14 08:00:00,08_12,9.7088,10.39,4.1169,6.8425
2021-11-14 12:00:00,12_16,6.8999,7.5,5.7296,9.5
2021-11-14 16:00:00,16_20,15.3513,16.84,2.5257,4.5
2021-11-14 20:00:00,20_24,8.1175,8.9225,6.9605,8.91
2021-11-15 00:00:00,00_04,4.8798,5.875,13.6878,19.0
2021-11-15 04:00:00,04_08,13.9736,16.1125,10.8182,14.0
2021-11-15 08:00:00,08_12,18.3316,24.56,3.6471,4.5275
2021-11-15 12:00:00,12_16,13.1407,16.825,4.8018,5.7775
2021-11-15 16:00:00,16_20,34.0733,43.7475,2.3747,2.8825
2021-11-15 20:00:00,20_24,14.2011,16.25,5.6953,6.615
2021-11-16 00:00:00,00_04,5.3225,6.1625,12.2726,15.2
2021-11-16 04:00:00,04_08,16.1479,20.9175,9.376,10.65
2021-11-16 08:00:00,08_12,22.4085,35.0,2.5981,3.25
2021-11-16 12:00:00,12_16,14.0438,23.6175,3.4799,4.455
2021-11-16 16:00:00,16_20,36.2194,47.25,1.7272,2.1175
2021-11-16 20:00:00,20_24,14.9943,19.64,4.401,5.25
2021-11-17 00:00:00,00_04,4.7021,5.3475,11.2952,13.63
2021-11-17 04:00:00,04_08,13.1695,15.535,7.8854,8.7675
2021-11-17 08:00:00,08_12,19.0284,22.235,2.3937,2.75
2021-11-17 12:00:00,12_16,11.3346,12.5875,3.5223,4.54
2021-11-17 16:00:00,16_20,26.0173,29.1725,2.0104,3.0
2021-11-17 20:00:00,20_24,11.1453,12.42,7.0638,14.585
2021-11-18 00:00:00,00_04,4.0282,4.37,17.3431,25.525
2021-11-18 04:00:00,04_08,11.2117,12.0525,11.2465,17.0
2021-11-18 08:00:00,08_12,16.5753,18.1025,2.6569,4.15
2021-11-18 12:00:00,12_16,9.9047,11.0,4.8183,9.025
2021-11-18 16:00:00,16_20,20.3714,22.0,3.3082,4.8525
2021-11-18 20:00:00,20_24,9.0795,10.0575,14.2576,23.725
2021-11-19 00:00:00,00_04,4.2946,7.9,25.1614,37.5
2021-11-19 04:00:00,04_08,10.4988,17.61,18.4879,31.2425
2021-11-19 08:00:00,08_12,14.2586,17.8925,3.8281,5.83
2021-11-19 12:00:00,12_16,9.3487,12.47,6.7123,9.1475
2021-11-19 16:00:00,16_20,18.962,23.75,3.5753,4.2525
2021-11-19 20:00:00,20_24,8.7635,11.59,16.1989,21.155
2021-11-20 00:00:00,00_04,4.5516,5.42,21.8755,26.69
2021-11-20 04:00:00,04_08,9.71,10.75,17.1942,22.625
2021-11-20 08:00:00,08_12,12.0133,12.89,5.3252,6.68
2021-11-20 12:00:00,12_16,8.0587,8.9275,7.8447,9.18
2021-11-20 16:00:00,16_20,17.1925,19.21,3.7797,4.44
2021-11-20 20:00:00,20_24,7.7703,9.12,13.9322,16.3275
2021-11-21 00:00:00,00_04,3.9378,4.395,22.451,26.16
2021-11-21 04:00:00,04_08,8.0011,8.505,19.5479,25.23
2021-11-21 08:00:00,08_12,9.6911,10.2,4.6944,5.71
2021-11-21 12:00:00,12_16,7.0571,7.4775,6.338,7.62
2021-11-21 16:00:00,16_20,17.1718,19.9325,3.2215,3.74
2021-11-21 20:00:00,20_24,7.5575,8.465,10.2237,12.265
2021-11-22 00:00:00,00_04,4.6066,5.44,19.1863,26.75
2021-11-22 04:00:00,04_08,13.6962,14.86,15.0558,18.875
2021-11-22 08:00:00,08_12,22.3104,25.75,3.4844,3.985
2021-11-22 12:00:00,12_16,14.8816,17.18,4.5405,5.345
2021-11-22 16:00:00,16_20,34.4811,37.405,2.4125,2.75
2021-11-22 20:00:00,20_24,13.4248,15.2425,7.8716,9.08
2021-11-23 00:00:00,00_04,4.0968,4.5,19.6869,30.0
2021-11-23 04:00:00,04_08,12.5724,13.98,14.087,17.25
2021-11-23 08:00:00,08_12,20.0828,22.2,2.4666,2.9575
2021-11-23 12:00:00,12_16,12.8871,14.41,3.6521,4.2525
2021-11-23 16:00:00,16_20,33.8887,42.88,1.8079,2.05
2021-11-23 20:00:00,20_24,12.738,14.285,6.1411,7.0
2021-11-24 00:00:00,00_04,4.4555,7.17,17.8602,22.5
2021-11-24 04:00:00,04_08,14.0896,17.33,12.0588,14.25
2021-11-24 08:00:00,08_12,23.4656,35.0,1.9429,2.19
2021-11-24 12:00:00,12_16,14.6073,19.88,2.6176,3.06
2021-11-24 16:00:00,16_20,42.3285,74.72,1.3451,1.565
2021-11-24 20:00:00,20_24,17.1983,30.8475,4.7084,5.0975
2021-11-25 00:00:00,00_04,4.1374,4.9725,15.1775,17.5
2021-11-25 04:00:00,04_08,12.61,13.88,9.8075,11.565
2021-11-25 08:00:00,08_12,22.3077,30.0,1.5642,1.8875
2021-11-25 12:00:00,12_16,13.1161,14.3,2.1155,2.7125
2021-11-25 16:00:00,16_20,34.9501,38.09,1.1732,1.5075
2021-11-25 20:00:00,20_24,13.2743,15.05,4.5471,7.215
2021-11-26 00:00:00,00_04,3.4794,3.84,15.9231,25.655
2021-11-26 04:00:00,04_08,11.2637,11.8625,9.0981,11.25
2021-11-26 08:00:00,08_12,22.2511,27.75,1.2282,1.48
2021-11-26 12:00:00,12_16,11.4001,12.2,1.9135,2.2275
2021-11-26 16:00:00,16_20,27.9753,29.86,1.0665,1.4625
2021-11-26 20:00:00,20_24,11.2343,11.87,5.5305,9.1625
2021-11-27 00:00:00,00_04,2.7968,3.0025,22.1521,39.5
2021-11-27 04:00:00,04_08,9.44,10.09,11.3403,18.2675
2021-11-27 08:00:00,08_12,15.2645,19.27,1.5375,2.3975
2021-11-27 12:00:00,12_16,8.8506,9.5875,1.6885,1.89
2021-11-27 16:00:00,16_20,20.738,24.185,0.96,1.1275
2021-11-27 20:00:00,20_24,9.1547,9.7325,4.5749,5.78
2021-11-28 00:00:00,00_04,2.238,2.625,19.6768,22.89
2021-11-28 04:00:00,04_08,7.9637,8.4175,11.8351,15.0
2021-11-28 08:00:00,08_12,12.3023,13.64,1.4109,1.9
2021-11-28 12:00:00,12_16,6.9719,7.59,1.4985,1.7
2021-11-28 16:00:00,16_20,17.7035,19.86,0.8316,0.9575
2021-11-28 20:00:00,20_24,7.2921,7.8775,3.8145,4.495
2021-11-29 00:00:00,00_04,4.5574,6.75,17.8237,22.05
2021-11-29 04:00:00,04_08,15.188,21.67,10.4229,12.8625
2021-11-29 08:00:00,08_12,33.1329,64.29,1.2552,1.425
2021-11-29 12:00:00,12_16,16.3981,25.5575,1.2297,1.505
2021-11-29 16:00:00,16_20,48.3553,80.0,0.7563,1.09
2021-11-29 20:00:00,20_24,16.6426,24.43,4.1043,5.4625
2021-11-30 00:00:00,00_04,3.4312,3.7725,22.7994,30.8625
2021-11-30 04:00:00,04_08,10.8955,12.25,19.3037,30.1675
2021-11-30 08:00:00,08_12,19.3029,25.0575,4.9187,8.2525
2021-11-30 12:00:00,12_16,10.3635,13.365,6.2501,9.37
2021-11-30 16:00:00,16_20,23.6988,34.375,2.821,3.9375
2021-11-30 20:00:00,20_24,10.5018,12.345,5.7288,7.84
2021-12-01 00:00:00,00_04,2.9437,3.48,24.3343,27.66
2021-12-01 04:00:00,04_08,9.6913,10.36,23.0361,28.22
2021-12-01 08:00:00,08_12,16.2298,17.845,5.6822,7.16
2021-12-01 12:00:00,12_16,9.2052,10.95,7.3245,9.37
2021-12-01 16:00:00,16_20,20.071,25.0925,3.3855,4.415
2021-12-01 20:00:00,20_24,9.2382,10.04,7.9573,13.115
2021-12-02 00:00:00,00_04,2.505,3.1,23.669,30.0
2021-12-02 04:00:00,04_08,9.1079,10.25,18.6541,20.835
2021-12-02 08:00:00,08_12,23.1203,32.76,3.7772,5.0875
2021-12-02 12:00:00,12_16,12.6297,23.135,4.7559,5.93
2021-12-02 16:00:00,16_20,34.812,56.9425,2.2542,2.74
2021-12-02 20:00:00,20_24,12.337,16.225,6.2982,7.77
2021-12-03 00:00:00,00_04,2.6236,2.9925,20.1596,23.74
2021-12-03 04:00:00,04_08,8.1726,8.93,15.2921,17.0
2021-12-03 08:00:00,08_12,20.038,24.19,3.4655,4.175
2021-12-03 12:00:00,12_16,11.7165,13.7925,4.8027,6.1975
2021-12-03 16:00:00,16_20,26.5819,29.5,2.5478,3.4
2021-12-03 20:00:00,20_24,9.574,10.6725,7.9122,10.215
2021-12-04 00:00:00,00_04,2.2271,2.42,19.8679,27.0875
2021-12-04 04:00:00,04_08,6.9497,7.4025,12.1531,13.2525
2021-12-04 08:00:00,08_12,16.2059,18.75,2.6461,3.25
2021-12-04 12:00:00,12_16,9.8563,11.17,3.7118,4.4625
2021-12-04 16:00:00,16_20,21.5262,23.57,1.785,2.205
2021-12-04 20:00:00,20_24,8.1018,8.675,6.3799,7.1725
2021-12-05 00:00:00,00_04,1.7938,2.145,21.9186,26.6875
2021-12-05 04:00:00,04_08,5.634,6.09,16.863,23.75
2021-12-05 08:00:00,08_12,12.6329,14.01,3.6178,7.5
2021-12-05 12:00:00,12_16,7.7947,8.315,3.6355,4.75
2021-12-05 16:00:00,16_20,18.1315,19.63,1.6184,2.115
2021-12-05 20:00:00,20_24,6.6911,7.25,5.006,5.835
2021-12-06 00:00:00,00_04,4.4446,6.75,18.9571,24.285
2021-12-06 04:00:00,04_08,16.9509,21.9875,13.6666,17.7675
2021-12-06 08:00:00,08_12,38.7685,51.73,2.8083,3.8325
2021-12-06 12:00:00,12_16,20.0281,23.61,2.2312,2.8625
2021-12-06 16:00:00,16_20,37.0947,50.46,1.1572,1.5925
2021-12-06 20:00:00,20_24,14.7499,17.0375,4.5504,9.165
2021-12-07 00:00:00,00_04,3.663,4.575,22.6611,43.72
2021-12-07 04:00:00,04_08,13.4311,15.8425,14.3166,17.255
2021-12-07 08:00:00,08_12,28.9547,35.615,2.3603,3.16
2021-12-07 12:00:00,12_16,14.7102,16.7225,1.9966,2.485
2021-12-07 16:00:00,16_20,31.6953,35.59,1.0036,1.2575
2021-12-07 20:00:00,20_24,11.6085,12.44,6.9416,12.505
2021-12-08 00:00:00,00_04,5.49,10.68,40.76,67.46
2021-12-08 04:00:00,04_08,16.62,25.9,25.47,47.55
2021-12-08 08:00:00,08_12,23.3,37.25,3.53,5.72
2021-12-08 12:00:00,12_16,14.98,22.02,2.71,4.34
2021-12-08 16:00:00,16_20,36.38,50.33,1.46,2.86
2021-12-08 20:00:00,20_24,12.25,18.1,8.76,13.0
2021-12-09 00:00:00,00_04,3.99,5.62,26.49,37.0
2021-12-09 04:00:00,04_08,13.95,18.5,15.91,22.14
2021-12-09 08:00:00,08_12,23.59,30.0,2.16,2.91
2021-12-09 12:00:00,12_16,13.75,17.27,1.96,2.53
2021-12-09 16:00:00,16_20,31.1,39.0,1.18,1.68
2021-12-09 20:00:00,20_24,10.44,12.67,6.32,8.86
2021-12-10 00:00:00,00_04,3.27,3.9,23.04,34.03
2021-12-10 04:00:00,04_08,11.58,13.3,14.2,19.43
2021-12-10 08:00:00,08_12,20.12,23.27,1.72,2.24
2021-12-10 12:00:00,12_16,11.17,12.5,1.56,2.0
2021-12-10 16:00:00,16_20,25.96,29.32,0.99,1.24
2021-12-10 20:00:00,20_24,8.25,9.28,5.08,6.5
2021-12-11 00:00:00,00_04,2.43,2.68,17.31,20.55
2021-12-11 04:00:00,04_08,8.11,8.8,10.35,11.85
2021-12-11 08:00:00,08_12,13.01,16.3,1.33,1.83
2021-12-11 12:00:00,12_16,6.95,8.34,1.23,1.52
2021-12-11 16:00:00,16_20,19.28,21.64,0.82,1.0
2021-12-11 20:00:00,20_24,6.38,7.82,4.09,5.75
2021-12-12 00:00:00,00_04,1.66,1.97,24.37,39.45
2021-12-12 04:00:00,04_08,5.23,6.1,22.39,50.08
2021-12-12 08:00:00,08_12,8.88,10.16,3.64,9.95
2021-12-12 12:00:00,12_16,4.62,5.8,2.23,3.57
2021-12-12 16:00:00,16_20,15.04,17.3,0.92,1.45
2021-12-12 20:00:00,20_24,4.62,5.49,3.38,4.5
2021-12-13 00:00:00,00_04,4.2,5.1,20.72,26.58
2021-12-13 04:00:00,04_08,15.59,18.28,15.5,21.0
2021-12-13 08:00:00,08_12,31.78,37.0,1.77,2.5
2021-12-13 12:00:00,12_16,16.02,19.42,1.27,1.58
2021-12-13 16:00:00,16_20,34.35,44.6,0.73,0.96
2021-12-13 20:00:00,20_24,10.69,12.78,3.13,4.51
2021-12-14 00:00:00,00_04,3.55,4.02,24.42,44.28
2021-12-14 04:00:00,04_08,13.31,14.45,14.99,22.15
2021-12-14 08:00:00,08_12,27.69,30.62,1.35,1.69
2021-12-14 12:00:00,12_16,14.17,16.76,1.02,1.28
2021-12-14 16:00:00,16_20,30.32,38.11,0.55,0.75
2021-12-14 20:00:00,20_24,9.1,10.46,2.93,4.34
2021-12-15 00:00:00,00_04,2.74,3.21,25.55,40.73
2021-12-15 04:00:00,04_08,11.26,12.36,15.09,22.51
2021-12-15 08:00:00,08_12,23.39,25.34,1.1,1.4
2021-12-15 12:00:00,12_16,11.96,13.02,0.87,1.08
2021-12-15 16:00:00,16_20,24.92,28.5,0.52,0.78
2021-12-15 20:00:00,20_24,7.47,8.3,2.85,3.92
2021-12-16 00:00:00,00_04,2.08,2.39,27.91,40.32
2021-12-16 04:00:00,04_08,9.9,10.85,15.19,19.1
2021-12-16 08:00:00,08_12,20.5,22.31,0.91,1.09
2021-12-16 12:00:00,12_16,13.85,23.0,0.71,0.93
2021-12-16 16:00:00,16_20,27.71,40.72,0.46,0.62
2021-12-16 20:00:00,20_24,6.19,7.0,2.48,3.28
2021-12-17 00:00:00,00_04,1.65,1.86,28.8,36.1
2021-12-17 04:00:00,04_08,8.61,9.2,14.16,17.69
2021-12-17 08:00:00,08_12,17.23,18.64,0.78,0.93
2021-12-17 12:00:00,12_16,12.66,15.29,0.7,1.0
2021-12-17 16:00:00,16_20,24.98,28.5,0.41,0.54
2021-12-17 20:00:00,20_24,5.04,5.35,2.26,2.95
2021-12-18 00:00:00,00_04,1.28,1.92,18.33,24.23
2021-12-18 04:00:00,04_08,6.15,7.03,9.18,13.63
2021-12-18 08:00:00,08_12,12.19,13.14,0.63,0.85
2021-12-18 12:00:00,12_16,7.19,7.98,0.64,0.88
2021-12-18 16:00:00,16_20,16.38,18.89,0.46,0.83
2021-12-18 20:00:00,20_24,3.25,3.86,3.8,9.42
2021-12-19 00:00:00,00_04,1.13,1.74,35.19,61.81
2021-12-19 04:00:00,04_08,4.18,4.73,38.04,79.36
2021-12-19 08:00:00,08_12,7.79,9.19,13.32,38.27
2021-12-19 12:00:00,12_16,4.71,5.38,7.98,23.99
2021-12-19 16:00:00,16_20,11.83,13.54,1.77,4.61
2021-12-19 20:00:00,20_24,2.52,3.5,8.41,22.32
2021-12-20 00:00:00,00_04,2.94,4.12,27.4,33.42
2021-12-20 04:00:00,04_08,12.89,16.25,22.0,32.6
2021-12-20 08:00:00,08_12,25.33,33.08,4.81,9.9
2021-12-20 12:00:00,12_16,16.87,25.61,2.54,7.36
2021-12-20 16:00:00,16_20,32.72,50.42,0.99,1.97
2021-12-20 20:00:00,20_24,9.34,13.3,3.6,6.93
2021-12-21 00:00:00,00_04,2.62,3.59,19.6,28.96
2021-12-21 04:00:00,04_08,11.96,16.66,14.7,21.01
2021-12-21 08:00:00,08_12,21.77,28.83,2.4,3.58
2021-12-21 12:00:00,12_16,15.54,19.01,1.79,2.8
2021-12-21 16:00:00,16_20,33.55,48.51,0.7,0.95
2021-12-21 20:00:00,20_24,8.76,10.87,2.38,3.38
2021-12-22 00:00:00,00_04,2.11,2.41,17.38,22.86
2021-12-22 04:00:00,04_08,9.49,12.8,13.31,17.0
2021-12-22 08:00:00,08_12,18.07,20.48,1.86,2.62
2021-12-22 12:00:00,12_16,12.96,15.95,1.32,1.68
2021-12-22 16:00:00,16_20,33.68,45.0,0.57,0.7
2021-12-22 20:00:00,20_24,7.09,9.09,1.87,2.72
2021-12-23 00:00:00,00_04,1.37,1.62,14.8,16.66
2021-12-23 04:00:00,04_08,7.25,8.09,11.07,13.2
2021-12-23 08:00:00,08_12,13.2,14.13,1.66,2.28
2021-12-23 12:00:00,12_16,9.1,10.36,1.02,1.5
2021-12-23 16:00:00,16_20,24.96,29.18,0.59,1.0
2021-12-23 20:00:00,20_24,5.45,6.5,3.5,5.44
2021-12-24 00:00:00,00_04,1.04,1.24,33.58,52.4
2021-12-24 04:00:00,04_08,4.75,5.58,24.02,42.2
2021-12-24 08:00:00,08_12,8.6,9.34,5.8,13.92
2021-12-24 12:00:00,12_16,5.9,6.62,3.2,8.0
2021-12-24 16:00:00,16_20,19.59,24.04,1.15,2.2
2021-12-24 20:00:00,20_24,4.14,4.69,3.59,5.09
2021-12-25 00:00:00,00_04,0.85,1.0,25.64,29.81
2021-12-25 04:00:00,04_08,3.53,4.21,22.65,27.72
2021-12-25 08:00:00,08_12,5.9,6.56,5.37,6.88
2021-12-25 12:00:00,12_16,4.59,5.0,3.16,4.23
2021-12-25 16:00:00,16_20,17.33,21.4,1.05,1.35
2021-12-25 20:00:00,20_24,3.15,4.86,2.99,3.93
2021-12-26 00:00:00,00_04,0.69,0.84,22.79,28.0
2021-12-26 04:00:00,04_08,2.75,3.15,21.51,27.91
2021-12-26 08:00:00,08_12,4.12,4.45,5.42,7.26
2021-12-26 12:00:00,12_16,3.28,3.73,2.99,4.66
2021-12-26 16:00:00,16_20,14.53,15.65,0.92,1.08
2021-12-26 20:00:00,20_24,3.13,4.18,3.52,4.8
2021-12-27 00:00:00,00_04,1.46,1.8,22.87,37.57
2021-12-27 04:00:00,04_08,6.15,7.31,20.75,38.1
2021-12-27 08:00:00,08_12,12.23,15.34,3.12,3.94
2021-12-27 12:00:00,12_16,10.18,12.56,1.93,2.54
2021-12-27 16:00:00,16_20,23.68,26.94,0.67,0.8
2021-12-27 20:00:00,20_24,5.88,7.64,2.63,3.56
2021-12-28 00:00:00,00_04,0.95,1.13,25.05,33.04
2021-12-28 04:00:00,04_08,4.28,4.74,21.29,29.0
2021-12-28 08:00:00,08_12,9.48,10.88,2.4,3.26
2021-12-28 12:00:00,12_16,7.58,8.76,1.31,2.46
2021-12-28 16:00:00,16_20,18.79,20.88,0.59,0.8
2021-12-28 20:00:00,20_24,4.1,4.77,2.57,3.32
2021-12-29 00:00:00,00_04,0.66,0.84,23.26,28.56
2021-12-29 04:00:00,04_08,3.16,3.75,19.57,24.26
2021-12-29 08:00:00,08_12,7.41,7.9,1.76,2.13
2021-12-29 12:00:00,12_16,5.9,6.67,1.03,1.35
2021-12-29 16:00:00,16_20,14.59,17.2,0.49,0.6
2021-12-29 20:00:00,20_24,3.13,4.1,2.28,2.99
2021-12-30 00:00:00,00_04,0.43,0.53,31.19,45.52
2021-12-30 04:00:00,04_08,2.28,2.6,27.66,41.49
2021-12-30 08:00:00,08_12,5.34,6.34,2.95,5.7
2021-12-30 12:00:00,12_16,4.41,4.89,2.48,5.28
2021-12-30 16:00:00,16_20,11.06,12.65,1.04,2.98
2021-12-30 20:00:00,20_24,2.42,2.83,3.27,5.5
2021-12-31 00:00:00,00_04,0.55,1.96,41.17,52.94
2021-12-31 04:00:00,04_08,1.6,2.09,36.58,44.75
2021-12-31 08:00:00,08_12,4.22,4.55,5.08,7.83
2021-12-31 12:00:00,12_16,2.73,3.76,6.07,9.5
2021-12-31 16:00:00,16_20,8.59,9.35,3.02,4.38
2021-12-31 20:00:00,20_24,1.69,2.13,5.52,8.41
2022-01-01 00:00:00,00_04,0.69,0.98,36.51,44.69
2022-01-01 04:00:00,04_08,1.32,1.55,31.95,38.7
2022-01-01 08:00:00,08_12,3.55,5.23,4.33,5.78
2022-01-01 12:00:00,12_16,2.86,4.05,4.32,5.61
2022-01-01 16:00:00,16_20,9.51,25.32,2.07,2.8
2022-01-01 20:00:00,20_24,2.07,3.6,4.27,6.28
2022-01-02 00:00:00,00_04,0.44,0.53,33.67,40.34
2022-01-02 04:00:00,04_08,0.84,1.1,29.23,35.6
2022-01-02 08:00:00,08_12,3.21,3.5,4.75,6.5
2022-01-02 12:00:00,12_16,2.34,2.7,5.07,6.97
2022-01-02 16:00:00,16_20,8.82,10.9,2.38,3.5
2022-01-02 20:00:00,20_24,1.7,2.03,5.16,6.7
2022-01-03 00:00:00,00_04,0.56,0.98,39.94,50.85
2022-01-03 04:00:00,04_08,1.45,3.28,33.3,52.55
2022-01-03 08:00:00,08_12,4.92,7.6,4.58,7.31
2022-01-03 12:00:00,12_16,3.65,5.62,4.08,5.06
2022-01-03 16:00:00,16_20,13.98,21.07,1.82,2.44
2022-01-03 20:00:00,20_24,3.22,4.85,3.76,4.49
2022-01-04 00:00:00,00_04,0.64,1.08,29.34,35.15
2022-01-04 04:00:00,04_08,2.58,4.18,23.54,28.25
2022-01-04 08:00:00,08_12,8.77,15.37,2.88,3.91
2022-01-04 12:00:00,12_16,6.67,10.4,2.02,3.0
2022-01-04 16:00:00,16_20,17.65,20.96,1.15,1.6
2022-01-04 20:00:00,20_24,3.77,4.6,2.2,3.0
2022-01-05 00:00:00,00_04,0.5,0.65,26.56,31.0
2022-01-05 04:00:00,04_08,2.12,2.7,21.61,26.25
2022-01-05 08:00:00,08_12,6.88,8.71,2.75,3.9
2022-01-05 12:00:00,12_16,5.35,6.25,1.9,2.89
2022-01-05 16:00:00,16_20,15.47,17.38,1.02,1.3
2022-01-05 20:00:00,20_24,3.04,3.47,2.05,2.8
2022-01-06 00:00:00,00_04,0.42,0.67,22.12,26.46
2022-01-06 04:00:00,04_08,2.42,3.39,17.48,19.26
2022-01-06 08:00:00,08_12,10.32,13.62,1.89,2.46
2022-01-06 12:00:00,12_16,6.8,8.98,1.38,1.78
2022-01-06 16:00:00,16_20,18.24,21.46,0.7,0.92
2022-01-06 20:00:00,20_24,3.16,3.79,1.29,1.88
2022-01-07 00:00:00,00_04,0.44,0.58,20.45,25.62
2022-01-07 04:00:00,04_08,2.28,2.84,15.41,18.03
2022-01-07 08:00:00,08_12,8.58,9.66,1.73,2.11
2022-01-07 12:00:00,12_16,5.77,6.6,1.14,1.56
2022-01-07 16:00:00,16_20,16.35,17.79,0.6,0.84
2022-01-07 20:00:00,20_24,2.77,3.36,1.11,1.58
2022-01-08 00:00:00,00_04,0.42,0.71,16.92,18.36
2022-01-08 04:00:00,04_08,1.67,2.25,12.62,14.03
2022-01-08 08:00:00,08_12,6.5,8.67,1.41,1.71
2022-01-08 12:00:00,12_16,4.25,5.1,0.99,1.2
2022-01-08 16:00:00,16_20,11.96,14.15,0.57,0.91
2022-01-08 20:00:00,20_24,2.22,2.68,3.65,10.42
2022-01-09 00:00:00,00_04,0.41,0.94,38.48,71.82
2022-01-09 04:00:00,04_08,1.23,1.57,38.72,77.32
2022-01-09 08:00:00,08_12,4.51,5.44,4.78,12.02
2022-01-09 12:00:00,12_16,3.3,3.83,1.61,3.84
2022-01-09 16:00:00,16_20,10.91,12.58,0.94,2.06
2022-01-09 20:00:00,20_24,2.28,2.95,3.15,4.9
2022-01-10 00:00:00,00_04,1.22,2.0,21.07,30.88
2022-01-10 04:00:00,04_08,5.1,10.1,19.14,27.89
2022-01-10 08:00:00,08_12,16.79,23.57,1.92,3.16
2022-01-10 12:00:00,12_16,9.94,13.36,1.07,1.67
2022-01-10 16:00:00,16_20,22.49,29.97,0.71,1.0
2022-01-10 20:00:00,20_24,4.96,9.45,1.58,2.38
2022-01-11 00:00:00,00_04,1.06,1.39,17.48,20.54
2022-01-11 04:00:00,04_08,5.08,6.86,15.11,18.34
2022-01-11 08:00:00,08_12,14.79,18.84,1.47,1.95
2022-01-11 12:00:00,12_16,8.91,10.16,0.96,1.2
2022-01-11 16:00:00,16_20,20.01,22.84,0.56,0.74
2022-01-11 20:00:00,20_24,4.72,6.31,1.26,1.6
2022-01-12 00:00:00,00_04,0.91,1.09,13.39,15.33
2022-01-12 04:00:00,04_08,4.42,5.43,11.22,12.6
2022-01-12 08:00:00,08_12,14.0,20.38,1.06,1.29
2022-01-12 12:00:00,12_16,7.22,8.79,0.7,0.88
2022-01-12 16:00:00,16_20,17.28,19.3,0.42,0.54
2022-01-12 20:00:00,20_24,3.9,4.79,1.03,1.21
2022-01-13 00:00:00,00_04,0.71,0.95,13.42,20.0
2022-01-13 04:00:00,04_08,3.57,4.0,10.17,12.44
2022-01-13 08:00:00,08_12,14.03,16.65,0.86,1.16
2022-01-13 12:00:00,12_16,5.98,6.57,0.69,1.0
2022-01-13 16:00:00,16_20,15.47,16.94,0.36,0.53
2022-01-13 20:00:00,20_24,2.88,3.44,0.88,1.1
2022-01-14 00:00:00,00_04,0.59,0.82,19.23,37.32
2022-01-14 04:00:00,04_08,2.86,3.66,10.82,16.32
2022-01-14 08:00:00,08_12,11.61,12.79,0.85,1.2
2022-01-14 12:00:00,12_16,4.73,5.25,0.8,1.1
2022-01-14 16:00:00,16_20,14.86,17.63,0.36,0.7
2022-01-14 20:00:00,20_24,2.77,4.1,0.79,1.25
2022-01-15 00:00:00,00_04,0.52,0.7,14.67,17.91
2022-01-15 04:00:00,04_08,2.24,2.91,8.03,9.66
2022-01-15 08:00:00,08_12,8.79,9.8,0.65,0.84
2022-01-15 12:00:00,12_16,3.43,3.93,0.63,0.79
2022-01-15 16:00:00,16_20,12.46,13.9,0.33,0.48
2022-01-15 20:00:00,20_24,2.35,3.23,0.73,0.93
2022-01-16 00:00:00,00_04,3.6,16.82,11.86,14.49
2022-01-16 04:00:00,04_08,6.5,29.0,7.12,9.3
2022-01-16 08:00:00,08_12,6.15,6.78,2.18,4.43
2022-01-16 12:00:00,12_16,2.32,2.9,4.3,12.1
2022-01-16 16:00:00,16_20,9.01,10.03,2.17,5.62
2022-01-16 20:00:00,20_24,1.67,2.0,6.49,13.4
2022-01-17 00:00:00,00_04,3.47,5.32,42.0,88.02
2022-01-17 04:00:00,04_08,8.74,12.68,29.6,70.0
2022-01-17 08:00:00,08_12,8.11,13.41,1.98,3.86
2022-01-17 12:00:00,12_16,4.71,7.68,3.39,6.4
2022-01-17 16:00:00,16_20,14.42,18.4,1.59,2.8
2022-01-17 20:00:00,20_24,5.56,10.95,3.28,6.26
2022-01-18 00:00:00,00_04,2.21,3.3,24.83,32.22
2022-01-18 04:00:00,04_08,7.56,9.53,16.17,22.75
2022-01-18 08:00:00,08_12,17.21,27.56,1.22,1.62
2022-01-18 12:00:00,12_16,7.5,12.31,1.48,2.26
2022-01-18 16:00:00,16_20,19.9,27.0,0.87,1.17
2022-01-18 20:00:00,20_24,5.28,8.42,2.01,2.91
2022-01-19 00:00:00,00_04,3.15,6.68,15.36,19.25
2022-01-19 04:00:00,04_08,12.39,25.48,9.89,12.99
2022-01-19 08:00:00,08_12,13.62,19.02,1.16,1.49
2022-01-19 12:00:00,12_16,5.8,7.06,1.97,3.64
2022-01-19 16:00:00,16_20,13.51,17.54,1.33,2.9
2022-01-19 20:00:00,20_24,4.26,5.74,6.51,14.5
2022-01-20 00:00:00,00_04,2.14,3.51,45.73,66.36
2022-01-20 04:00:00,04_08,7.57,10.05,31.05,44.25
2022-01-20 08:00:00,08_12,9.24,11.64,1.84,2.67
2022-01-20 12:00:00,12_16,3.97,5.25,3.88,5.63
2022-01-20 16:00:00,16_20,13.4,16.39,1.28,1.99
2022-01-20 20:00:00,20_24,3.45,4.41,5.02,6.9
2022-01-21 00:00:00,00_04,2.68,4.2,26.12,34.35
2022-01-21 04:00:00,04_08,8.43,12.19,16.59,23.06
2022-01-21 08:00:00,08_12,11.82,15.28,1.15,1.4
2022-01-21 12:00:00,12_16,4.33,5.35,1.99,2.7
2022-01-21 16:00:00,16_20,15.51,19.19,0.93,1.16
2022-01-21 20:00:00,20_24,3.1,3.5,3.34,3.94
2022-01-22 00:00:00,00_04,1.74,2.41,21.1,24.75
2022-01-22 04:00:00,04_08,5.44,7.2,12.54,15.83
2022-01-22 08:00:00,08_12,8.66,9.86,0.8,1.0
2022-01-22 12:00:00,12_16,3.15,3.79,1.17,1.45
2022-01-22 16:00:00,16_20,12.7,14.43,0.53,0.65
2022-01-22 20:00:00,20_24,2.26,2.62,1.79,2.15
2022-01-23 00:00:00,00_04,1.26,1.64,14.41,16.13
2022-01-23 04:00:00,04_08,3.73,4.29,9.14,10.19
2022-01-23 08:00:00,08_12,6.28,6.8,0.59,0.77
2022-01-23 12:00:00,12_16,2.3,2.61,0.81,1.01
2022-01-23 16:00:00,16_20,10.84,11.9,0.4,0.5
2022-01-23 20:00:00,20_24,1.67,1.99,1.09,1.34
2022-01-24 00:00:00,00_04,1.81,2.54,11.48,15.34
2022-01-24 04:00:00,04_08,8.78,14.02,6.56,8.75
2022-01-24 08:00:00,08_12,16.15,22.1,0.68,1.0
2022-01-24 12:00:00,12_16,6.87,8.9,0.6,1.0
2022-01-24 16:00:00,16_20,20.57,27.11,0.4,0.88
2022-01-24 20:00:00,20_24,5.45,6.9,0.81,1.1
2022-01-25 00:00:00,00_04,1.55,1.88,11.15,14.12
2022-01-25 04:00:00,04_08,9.06,10.94,5.99,7.4
2022-01-25 08:00:00,08_12,17.62,23.38,0.47,0.63
2022-01-25 12:00:00,12_16,7.1,9.3,0.52,0.66
2022-01-25 16:00:00,16_20,20.97,28.26,0.31,0.51
2022-01-25 20:00:00,20_24,4.83,6.46,0.69,1.0
2022-01-26 00:00:00,00_04,1.14,1.37,10.17,11.74
2022-01-26 04:00:00,04_08,7.07,7.76,4.91,5.95
2022-01-26 08:00:00,08_12,15.09,20.77,0.55,0.84
2022-01-26 12:00:00,12_16,5.35,6.16,0.67,1.04
2022-01-26 16:00:00,16_20,16.38,18.26,0.55,0.84
2022-01-26 20:00:00,20_24,3.76,4.36,1.67,4.0
2022-01-27 00:00:00,00_04,0.91,1.13,33.07,48.0
2022-01-27 04:00:00,04_08,5.06,5.54,20.99,33.14
2022-01-27 08:00:00,08_12,11.34,13.22,1.35,1.82
2022-01-27 12:00:00,12_16,3.91,4.46,2.54,4.16
2022-01-27 16:00:00,16_20,12.04,13.56,1.4,1.92
2022-01-27 20:00:00,20_24,2.89,3.25,6.57,13.69
2022-01-28 00:00:00,00_04,0.47,0.57,50.73,70.0
2022-01-28 04:00:00,04_08,3.34,3.75,30.95,45.85
2022-01-28 08:00:00,08_12,10.14,11.32,0.86,1.15
2022-01-28 12:00:00,12_16,4.14,5.4,1.37,1.91
2022-01-28 16:00:00,16_20,19.58,34.51,0.72,1.0
2022-01-28 20:00:00,20_24,7.34,15.02,3.72,4.7
2022-01-29 00:00:00,00_04,0.41,0.5,25.78,38.0
2022-01-29 04:00:00,04_08,2.33,2.75,18.39,28.0
2022-01-29 08:00:00,08_12,6.07,6.95,4.16,8.12
2022-01-29 12:00:00,12_16,2.48,3.1,5.28,10.76
2022-01-29 16:00:00,16_20,10.45,13.6,3.84,9.84
2022-01-29 20:00:00,20_24,2.76,3.9,9.85,19.66
2022-01-30 00:00:00,00_04,0.63,8.66,47.05,59.88
2022-01-30 04:00:00,04_08,1.44,8.33,35.14,44.44
2022-01-30 08:00:00,08_12,3.9,4.84,8.41,16.96
2022-01-30 12:00:00,12_16,1.48,1.88,11.86,24.22
2022-01-30 16:00:00,16_20,7.94,9.44,2.63,4.72
2022-01-30 20:00:00,20_24,2.19,3.03,5.52,8.57
2022-01-31 00:00:00,00_04,1.72,3.16,25.75,29.06
2022-01-31 04:00:00,04_08,5.43,8.29,16.98,22.33
2022-01-31 08:00:00,08_12,12.3,18.12,2.6,3.94
2022-01-31 12:00:00,12_16,5.77,6.93,3.49,5.25
2022-01-31 16:00:00,16_20,17.82,21.82,0.91,1.3
2022-01-31 20:00:00,20_24,4.63,5.92,2.57,3.14
2022-02-01 00:00:00,00_04,1.29,1.64,16.5,20.0
2022-02-01 04:00:00,04_08,4.28,5.17,10.32,12.3
2022-02-01 08:00:00,08_12,12.26,15.11,1.32,2.0
2022-02-01 12:00:00,12_16,4.12,5.17,2.94,4.08
2022-02-01 16:00:00,16_20,12.72,14.92,1.07,2.0
2022-02-01 20:00:00,20_24,3.55,4.26,8.51,14.6
2022-02-02 00:00:00,00_04,1.07,2.83,38.72,55.0
2022-02-02 04:00:00,04_08,4.25,12.68,24.17,33.06
2022-02-02 08:00:00,08_12,9.44,11.25,2.21,4.16
2022-02-02 12:00:00,12_16,3.07,3.76,2.74,3.6
2022-02-02 16:00:00,16_20,21.17,29.4,0.98,1.2
2022-02-02 20:00:00,20_24,4.18,8.2,2.8,3.7
2022-02-03 00:00:00,00_04,1.25,1.61,15.75,18.44
2022-02-03 04:00:00,04_08,5.08,7.13,8.74,11.42
2022-02-03 08:00:00,08_12,11.25,16.0,1.21,1.63
2022-02-03 12:00:00,12_16,3.29,4.59,1.47,2.03
2022-02-03 16:00:00,16_20,19.77,22.79,0.77,0.9
2022-02-03 20:00:00,20_24,3.93,5.18,2.5,3.4
2022-02-04 00:00:00,00_04,1.26,3.62,13.46,15.02
2022-02-04 04:00:00,04_08,5.85,35.63,7.29,8.26
2022-02-04 08:00:00,08_12,9.22,10.76,1.14,1.37
2022-02-04 12:00:00,12_16,2.82,3.64,1.61,2.47
2022-02-04 16:00:00,16_20,11.58,13.2,1.02,1.74
2022-02-04 20:00:00,20_24,3.02,3.83,5.28,10.42
2022-02-05 00:00:00,00_04,1.9,5.43,32.44,43.75
2022-02-05 04:00:00,04_08,5.76,8.0,18.01,32.0
2022-02-05 08:00:00,08_12,6.01,6.84,4.24,6.41
2022-02-05 12:00:00,12_16,1.73,2.29,10.94,25.46
2022-02-05 16:00:00,16_20,10.66,14.92,2.61,4.1
2022-02-05 20:00:00,20_24,3.13,5.28,10.12,14.26
2022-02-06 00:00:00,00_04,2.02,3.6,49.64,63.26
2022-02-06 04:00:00,04_08,3.94,5.78,36.0,46.29
2022-02-06 08:00:00,08_12,3.89,4.44,9.58,15.81
2022-02-06 12:00:00,12_16,1.16,1.62,13.96,20.4
2022-02-06 16:00:00,16_20,9.94,13.04,3.62,5.54
2022-02-06 20:00:00,20_24,2.54,2.92,8.19,10.64
2022-02-07 00:00:00,00_04,1.72,2.5,38.77,52.76
2022-02-07 04:00:00,04_08,5.54,9.29,23.24,30.0
2022-02-07 08:00:00,08_12,8.11,9.9,3.85,6.16
2022-02-07 12:00:00,12_16,2.58,3.87,7.96,15.36
2022-02-07 16:00:00,16_20,15.3,18.62,1.96,3.1
2022-02-07 20:00:00,20_24,4.24,5.21,3.94,5.85
2022-02-08 00:00:00,00_04,1.52,1.99,24.31,28.62
2022-02-08 04:00:00,04_08,5.23,6.64,15.41,19.11
2022-02-08 08:00:00,08_12,7.61,8.8,2.15,2.86
2022-02-08 12:00:00,12_16,2.64,3.1,4.13,5.6
2022-02-08 16:00:00,16_20,13.58,16.17,1.41,1.68
2022-02-08 20:00:00,20_24,3.55,4.08,3.07,3.99
2022-02-09 00:00:00,00_04,1.36,1.88,17.71,20.85
2022-02-09 04:00:00,04_08,4.55,5.27,11.17,13.96
2022-02-09 08:00:00,08_12,7.15,7.96,1.39,2.5
2022-02-09 12:00:00,12_16,2.45,2.88,2.72,7.5
2022-02-09 16:00:00,16_20,15.6,20.54,0.84,1.0
2022-02-09 20:00:00,20_24,3.31,4.05,1.9,2.24
2022-02-10 00:00:00,00_04,1.17,1.92,10.6,11.8
2022-02-10 04:00:00,04_08,4.35,6.97,6.58,7.61
2022-02-10 08:00:00,08_12,8.29,11.68,1.02,1.31
2022-02-10 12:00:00,12_16,2.42,2.96,1.74,2.55
2022-02-10 16:00:00,16_20,14.03,16.07,0.61,0.8
2022-02-10 20:00:00,20_24,2.92,3.17,1.76,2.42
2022-02-11 00:00:00,00_04,0.99,1.12,10.5,15.29
2022-02-11 04:00:00,04_08,3.85,4.57,7.16,10.5
2022-02-11 08:00:00,08_12,6.45,7.56,1.05,1.76
2022-02-11 12:00:00,12_16,1.9,2.23,2.57,6.14
2022-02-11 16:00:00,16_20,19.69,28.0,0.48,0.64
2022-02-11 20:00:00,20_24,5.37,9.0,1.29,1.74
2022-02-12 00:00:00,00_04,0.72,2.0,9.24,10.64
2022-02-12 04:00:00,04_08,2.97,3.57,6.12,7.25
2022-02-12 08:00:00,08_12,4.67,5.45,1.03,1.56
2022-02-12 12:00:00,12_16,1.3,1.6,5.18,9.71
2022-02-12 16:00:00,16_20,11.21,13.76,0.66,1.28
2022-02-12 20:00:00,20_24,2.48,3.43,2.61,4.55
2022-02-13 00:00:00,00_04,0.84,1.52,13.38,19.72
2022-02-13 04:00:00,04_08,2.34,3.14,11.32,17.54
2022-02-13 08:00:00,08_12,3.07,3.53,7.41,15.56
2022-02-13 12:00:00,12_16,0.99,1.31,15.24,32.2
2022-02-13 16:00:00,16_20,9.17,11.68,2.39,4.0
2022-02-13 20:00:00,20_24,1.98,2.44,5.58,8.46
2022-02-14 00:00:00,00_04,0.99,1.78,31.61,53.65
2022-02-14 04:00:00,04_08,3.5,5.46,20.93,34.57
2022-02-14 08:00:00,08_12,6.12,8.38,4.09,5.5
2022-02-14 12:00:00,12_16,2.09,3.1,8.6,13.0
2022-02-14 16:00:00,16_20,13.74,18.2,1.48,1.9
2022-02-14 20:00:00,20_24,3.53,4.97,3.18,3.9
2022-02-15 00:00:00,00_04,1.01,1.35,17.81,20.44
2022-02-15 04:00:00,04_08,4.23,5.86,11.05,13.08
2022-02-15 08:00:00,08_12,9.47,21.75,1.92,2.6
2022-02-15 12:00:00,12_16,2.12,2.76,4.12,5.45
2022-02-15 16:00:00,16_20,11.17,13.7,0.92,1.24
2022-02-15 20:00:00,20_24,2.79,3.6,4.23,6.48
2022-02-16 00:00:00,00_04,0.68,0.86,19.63,26.26
2022-02-16 04:00:00,04_08,3.98,4.76,9.23,11.35
2022-02-16 08:00:00,08_12,11.81,20.08,1.11,1.86
2022-02-16 12:00:00,12_16,1.75,2.14,2.74,4.11
2022-02-16 16:00:00,16_20,8.94,9.92,0.88,1.19
2022-02-16 20:00:00,20_24,2.26,2.98,5.41,7.85
2022-02-17 00:00:00,00_04,0.71,5.0,34.48,52.98
2022-02-17 04:00:00,04_08,3.27,3.74,19.85,29.23
2022-02-17 08:00:00,08_12,10.3,13.16,3.03,7.55
2022-02-17 12:00:00,12_16,1.32,1.6,10.18,30.57
2022-02-17 16:00:00,16_20,7.71,9.19,0.98,2.88
2022-02-17 20:00:00,20_24,2.11,2.55,5.44,7.3
2022-02-18 00:00:00,00_04,1.12,1.95,26.42,34.32
2022-02-18 04:00:00,04_08,3.9,8.4,10.81,15.98
2022-02-18 08:00:00,08_12,15.3,23.0,2.44,6.22
2022-02-18 12:00:00,12_16,1.57,2.11,7.27,15.0
2022-02-18 16:00:00,16_20,6.68,7.85,1.78,4.0
2022-02-18 20:00:00,20_24,1.84,2.54,5.3,6.82
2022-02-19 00:00:00,00_04,1.84,3.32,28.44,39.63
2022-02-19 04:00:00,04_08,3.44,4.23,21.64,32.04
2022-02-19 08:00:00,08_12,8.56,10.09,32.81,82.83
2022-02-19 12:00:00,12_16,1.21,1.5,55.48,134.83
2022-02-19 16:00:00,16_20,11.35,19.01,3.84,13.06
2022-02-19 20:00:00,20_24,1.94,3.06,4.94,6.12
2022-02-20 00:00:00,00_04,1.43,2.17,19.26,25.61
2022-02-20 04:00:00,04_08,2.59,3.32,14.01,19.43
2022-02-20 08:00:00,08_12,5.68,7.29,18.64,27.89
2022-02-20 12:00:00,12_16,0.94,1.4,29.46,39.63
2022-02-20 16:00:00,16_20,7.44,9.55,4.31,7.75
2022-02-20 20:00:00,20_24,1.61,1.97,7.07,10.49
2022-02-21 00:00:00,00_04,1.48,2.25,39.92,53.25
2022-02-21 04:00:00,04_08,3.89,5.69,21.73,26.5
2022-02-21 08:00:00,08_12,7.37,11.33,8.19,11.81
2022-02-21 12:00:00,12_16,1.44,2.5,16.43,23.47
2022-02-21 16:00:00,16_20,12.0,15.2,2.67,3.54
2022-02-21 20:00:00,20_24,1.93,3.3,4.64,5.74
2022-02-22 00:00:00,00_04,1.22,1.58,30.52,63.9
2022-02-22 04:00:00,04_08,3.09,4.72,12.99,18.2
2022-02-22 08:00:00,08_12,12.24,18.14,3.68,5.67
2022-02-22 12:00:00,12_16,1.64,2.18,8.09,11.99
2022-02-22 16:00:00,16_20,12.26,17.0,1.58,2.12
2022-02-22 20:00:00,20_24,2.13,2.76,3.35,4.43
2022-02-23 00:00:00,00_04,1.02,1.29,32.86,49.26
2022-02-23 04:00:00,04_08,3.29,4.45,10.69,12.44
2022-02-23 08:00:00,08_12,10.39,12.46,3.02,4.4
2022-02-23 12:00:00,12_16,1.67,2.25,8.69,12.84
2022-02-23 16:00:00,16_20,21.93,38.21,1.11,1.42
2022-02-23 20:00:00,20_24,2.51,4.0,2.25,2.8
2022-02-24 00:00:00,00_04,1.06,1.5,21.0,26.35
2022-02-24 04:00:00,04_08,3.37,4.08,6.95,8.44
2022-02-24 08:00:00,08_12,9.16,11.82,2.2,2.89
2022-02-24 12:00:00,12_16,1.37,1.8,6.67,9.0
2022-02-24 16:00:00,16_20,15.28,19.16,0.95,1.45
2022-02-24 20:00:00,20_24,2.31,3.4,1.85,2.5
2022-02-25 00:00:00,00_04,0.94,1.13,26.48,37.87
2022-02-25 04:00:00,04_08,3.07,4.5,10.12,15.26
2022-02-25 08:00:00,08_12,6.86,8.31,4.85,14.64
2022-02-25 12:00:00,12_16,1.22,1.84,10.26,21.51
2022-02-25 16:00:00,16_20,12.63,15.0,0.97,1.38
2022-02-25 20:00:00,20_24,2.25,3.02,1.84,2.67
2022-02-26 00:00:00,00_04,1.03,1.68,17.32,20.84
2022-02-26 04:00:00,04_08,2.99,3.89,6.82,8.4
2022-02-26 08:00:00,08_12,7.24,10.73,3.4,4.76
2022-02-26 12:00:00,12_16,1.19,1.6,7.56,9.0
2022-02-26 16:00:00,16_20,23.15,48.1,0.85,1.2
2022-02-26 20:00:00,20_24,3.24,12.04,1.44,2.0
2022-02-27 00:00:00,00_04,1.4,2.53,10.27,12.04
2022-02-27 04:00:00,04_08,2.96,3.5,6.35,8.11
2022-02-27 08:00:00,08_12,5.46,7.08,4.99,11.58
2022-02-27 12:00:00,12_16,0.98,1.32,12.09,17.6
2022-02-27 16:00:00,16_20,16.63,25.12,1.02,1.6
2022-02-27 20:00:00,20_24,2.69,3.91,1.38,2.0
2022-02-28 00:00:00,00_04,1.4,2.0,7.91,10.45
2022-02-28 04:00:00,04_08,7.71,19.87,4.61,6.11
2022-02-28 08:00:00,08_12,8.95,14.33,3.1,4.51
2022-02-28 12:00:00,12_16,1.5,2.43,7.25,9.9
2022-02-28 16:00:00,16_20,18.6,24.25,0.95,1.17
2022-02-28 20:00:00,20_24,3.14,4.88,1.26,1.74
2022-03-01 00:00:00,00_04,1.26,1.79,10.75,22.87
2022-03-01 04:00:00,04_08,8.55,14.7,4.39,5.86
2022-03-01 08:00:00,08_12,11.86,20.0,2.6,4.35
2022-03-01 12:00:00,12_16,2.42,6.0,6.26,11.98
2022-03-01 16:00:00,16_20,31.37,49.45,0.8,1.0
2022-03-01 20:00:00,20_24,5.01,9.0,1.0,1.22
2022-03-02 00:00:00,00_04,1.5,2.74,7.75,10.5
2022-03-02 04:00:00,04_08,12.68,19.91,3.56,4.44
2022-03-02 08:00:00,08_12,19.88,35.76,2.27,3.02
2022-03-02 12:00:00,12_16,3.91,10.11,6.51,12.54
2022-03-02 16:00:00,16_20,36.61,55.31,0.65,0.88
2022-03-02 20:00:00,20_24,6.85,12.24,0.81,1.0
2022-03-03 00:00:00,00_04,2.46,4.06,7.12,9.45
2022-03-03 04:00:00,04_08,22.01,69.0,3.08,3.59
2022-03-03 08:00:00,08_12,24.63,34.8,2.06,3.0
2022-03-03 12:00:00,12_16,6.09,9.77,9.08,21.68
2022-03-03 16:00:00,16_20,37.57,46.25,0.66,0.99
2022-03-03 20:00:00,20_24,7.24,9.77,0.79,1.08
2022-03-04 00:00:00,00_04,3.49,5.64,6.75,8.44
2022-03-04 04:00:00,04_08,21.32,31.14,2.54,3.34
2022-03-04 08:00:00,08_12,28.77,36.38,1.98,2.5
2022-03-04 12:00:00,12_16,8.63,12.45,11.37,17.7
2022-03-04 16:00:00,16_20,39.68,48.14,0.66,0.97
2022-03-04 20:00:00,20_24,10.76,17.21,0.78,1.0
2022-03-05 00:00:00,00_04,3.36,4.73,6.49,8.47
2022-03-05 04:00:00,04_08,16.01,19.74,2.48,3.39
2022-03-05 08:00:00,08_12,23.26,26.3,2.92,5.16
2022-03-05 12:00:00,12_16,7.21,9.15,15.03,26.76
2022-03-05 16:00:00,16_20,34.69,41.2,0.7,1.0
2022-03-05 20:00:00,20_24,9.03,12.69,0.82,1.05
2022-03-06 00:00:00,00_04,3.38,5.26,6.42,8.7
2022-03-06 04:00:00,04_08,12.19,16.17,2.69,3.88
2022-03-06 08:00:00,08_12,15.73,18.94,4.41,9.2
2022-03-06 12:00:00,12_16,5.4,7.0,18.03,32.8
2022-03-06 16:00:00,16_20,29.12,33.79,0.84,1.18
2022-03-06 20:00:00,20_24,8.03,10.23,0.8,1.0
2022-03-07 00:00:00,00_04,3.63,4.59,5.92,6.9
2022-03-07 04:00:00,04_08,20.82,28.0,2.37,3.0
2022-03-07 08:00:00,08_12,29.15,45.0,3.41,5.03
2022-03-07 12:00:00,12_16,8.94,13.0,14.62,22.16
2022-03-07 16:00:00,16_20,41.28,65.9,0.67,1.0
2022-03-07 20:00:00,20_24,12.01,16.75,0.74,0.93
2022-03-08 00:00:00,00_04,3.44,4.0,4.98,6.0
2022-03-08 04:00:00,04_08,21.14,26.12,2.21,3.06
2022-03-08 08:00:00,08_12,29.55,35.82,2.9,3.61
2022-03-08 12:00:00,12_16,8.34,9.93,16.97,33.75
2022-03-08 16:00:00,16_20,39.75,45.0,0.76,1.25
2022-03-08 20:00:00,20_24,10.63,13.41,0.74,1.0
2022-03-09 00:00:00,00_04,4.35,8.56,5.52,8.54
2022-03-09 04:00:00,04_08,27.53,44.0,2.57,3.73
2022-03-09 08:00:00,08_12,40.11,69.04,3.52,10.24
2022-03-09 12:00:00,12_16,7.25,9.7,31.42,72.21
2022-03-09 16:00:00,16_20,69.82,112.0,0.81,1.37
2022-03-09 20:00:00,20_24,14.17,25.85,0.75,1.03
2022-03-10 00:00:00,00_04,4.29,6.02,5.62,6.89
2022-03-10 04:00:00,04_08,23.27,31.26,2.55,3.0
2022-03-10 08:00:00,08_12,30.39,42.0,7.98,18.23
2022-03-10 12:00:00,12_16,7.66,9.23,43.02,74.79
2022-03-10 16:00:00,16_20,43.61,63.35,1.23,2.02
2022-03-10 20:00:00,20_24,11.74,16.4,3.11,8.2
2022-03-11 00:00:00,00_04,2.91,3.67,10.87,20.26
2022-03-11 04:00:00,04_08,16.6,20.05,4.11,7.8
2022-03-11 08:00:00,08_12,21.79,26.1,15.95,26.18
2022-03-11 12:00:00,12_16,5.43,6.63,63.07,91.59
2022-03-11 16:00:00,16_20,29.81,35.46,6.59,20.01
2022-03-11 20:00:00,20_24,7.92,9.53,4.59,12.3
2022-03-12 00:00:00,00_04,2.1,2.75,12.8,17.42
2022-03-12 04:00:00,04_08,10.61,12.3,5.02,7.27
2022-03-12 08:00:00,08_12,12.83,17.33,15.21,18.6
2022-03-12 12:00:00,12_16,3.37,4.86,47.93,56.0
2022-03-12 16:00:00,16_20,27.93,32.68,4.81,7.0
2022-03-12 20:00:00,20_24,6.03,8.51,4.04,5.38
2022-03-13 00:00:00,00_04,1.97,2.62,11.9,15.28
2022-03-13 04:00:00,04_08,7.9,9.1,7.93,14.87
2022-03-13 08:00:00,08_12,10.06,12.23,22.87,50.08
2022-03-13 12:00:00,12_16,2.81,3.88,58.98,85.0
2022-03-13 16:00:00,16_20,24.01,26.84,6.59,14.51
2022-03-13 20:00:00,20_24,5.44,6.5,3.85,5.0
2022-03-14 00:00:00,00_04,2.59,3.5,9.69,13.15
2022-03-14 04:00:00,04_08,16.23,21.0,5.19,7.31
2022-03-14 08:00:00,08_12,25.15,30.03,10.55,16.82
2022-03-14 12:00:00,12_16,6.99,8.38,20.23,28.82
2022-03-14 16:00:00,16_20,39.58,49.99,2.92,4.64
2022-03-14 20:00:00,20_24,11.54,14.55,1.99,2.9
2022-03-15 00:00:00,00_04,2.53,3.1,7.48,9.36
2022-03-15 04:00:00,04_08,18.21,21.01,3.94,5.52
2022-03-15 08:00:00,08_12,25.44,29.0,6.04,8.36
2022-03-15 12:00:00,12_16,6.27,8.0,12.96,16.05
2022-03-15 16:00:00,16_20,39.98,44.19,2.07,2.7
2022-03-15 20:00:00,20_24,10.68,12.62,1.26,1.92
2022-03-16 00:00:00,00_04,2.17,2.75,5.76,6.7
2022-03-16 04:00:00,04_08,14.14,16.4,3.32,3.91
2022-03-16 08:00:00,08_12,18.6,22.44,5.44,7.14
2022-03-16 12:00:00,12_16,5.08,6.22,13.24,21.54
2022-03-16 16:00:00,16_20,26.85,31.18,1.94,2.55
2022-03-16 20:00:00,20_24,7.49,8.57,3.25,6.84
2022-03-17 00:00:00,00_04,1.85,2.38,12.99,24.0
2022-03-17 04:00:00,04_08,11.34,12.98,6.26,9.66
2022-03-17 08:00:00,08_12,14.3,16.75,5.27,6.2
2022-03-17 12:00:00,12_16,4.44,5.36,11.67,15.6
2022-03-17 16:00:00,16_20,27.15,30.83,1.57,1.91
2022-03-17 20:00:00,20_24,7.25,8.34,2.44,3.28
2022-03-18 00:00:00,00_04,1.73,2.1,8.96,11.29
2022-03-18 04:00:00,04_08,9.96,12.21,4.03,4.88
2022-03-18 08:00:00,08_12,12.48,16.01,3.98,4.93
2022-03-18 12:00:00,12_16,3.59,4.33,13.01,20.0
2022-03-18 16:00:00,16_20,23.9,27.31,1.28,1.6
2022-03-18 20:00:00,20_24,6.08,7.94,1.86,2.27
2022-03-19 00:00:00,00_04,1.6,2.1,8.33,11.23
2022-03-19 04:00:00,04_08,7.8,9.35,3.77,6.04
2022-03-19 08:00:00,08_12,10.0,12.33,13.71,25.5
2022-03-19 12:00:00,12_16,2.37,3.0,58.9,123.16
2022-03-19 16:00:00,16_20,24.66,53.89,6.72,11.64
2022-03-19 20:00:00,20_24,5.56,7.59,3.02,5.32
2022-03-20 00:00:00,00_04,1.65,2.1,12.59,17.1
2022-03-20 04:00:00,04_08,6.04,7.47,12.88,18.91
2022-03-20 08:00:00,08_12,7.82,9.08,42.21,65.85
2022-03-20 12:00:00,12_16,1.82,2.46,94.24,130.0
2022-03-20 16:00:00,16_20,24.91,33.2,9.19,13.36
2022-03-20 20:00:00,20_24,5.57,7.0,3.25,4.45
2022-03-21 00:00:00,00_04,2.03,2.77,8.82,10.99
2022-03-21 04:00:00,04_08,12.8,17.67,5.61,7.49
2022-03-21 08:00:00,08_12,15.54,21.96,13.06,18.27
2022-03-21 12:00:00,12_16,3.98,6.1,26.32,35.91
2022-03-21 16:00:00,16_20,33.5,45.78,2.95,4.07
2022-03-21 20:00:00,20_24,7.37,10.6,1.87,2.25
2022-03-22 00:00:00,00_04,1.83,2.28,6.08,7.34
2022-03-22 04:00:00,04_08,11.25,14.23,3.85,4.56
2022-03-22 08:00:00,08_12,13.02,16.68,6.29,8.76
2022-03-22 12:00:00,12_16,3.55,4.78,18.25,24.77
2022-03-22 16:00:00,16_20,31.26,40.06,1.99,2.72
2022-03-22 20:00:00,20_24,6.97,8.9,1.29,1.57
2022-03-23 00:00:00,00_04,1.68,2.0,4.54,5.35
2022-03-23 04:00:00,04_08,10.51,12.0,2.85,3.28
2022-03-23 08:00:00,08_12,12.32,14.82,4.63,6.08
2022-03-23 12:00:00,12_16,3.28,3.84,16.12,20.69
2022-03-23 16:00:00,16_20,30.79,37.15,1.56,1.96
2022-03-23 20:00:00,20_24,7.14,8.84,0.89,1.2
2022-03-24 00:00:00,00_04,1.42,1.7,3.46,4.02
2022-03-24 04:00:00,04_08,9.32,10.73,2.11,2.53
2022-03-24 08:00:00,08_12,11.21,12.71,3.71,4.32
2022-03-24 12:00:00,12_16,2.64,3.24,14.99,17.48
2022-03-24 16:00:00,16_20,30.08,32.64,1.04,1.37
2022-03-24 20:00:00,20_24,6.75,7.94,0.68,0.9
2022-03-25 00:00:00,00_04,1.22,1.44,2.6,3.0
2022-03-25 04:00:00,04_08,8.58,9.41,1.59,1.82
2022-03-25 08:00:00,08_12,9.99,11.26,2.64,3.24
2022-03-25 12:00:00,12_16,2.34,2.74,13.41,14.9
2022-03-25 16:00:00,16_20,25.57,27.93,0.81,0.96
2022-03-25 20:00:00,20_24,6.05,7.0,0.58,0.68
2022-03-26 00:00:00,00_04,2.41,17.16,3.58,4.98
2022-03-26 04:00:00,04_08,7.15,8.0,2.27,3.89
2022-03-26 08:00:00,08_12,7.92,9.4,13.13,26.08
2022-03-26 12:00:00,12_16,1.67,2.19,35.89,67.0
2022-03-26 16:00:00,16_20,21.3,23.45,2.65,4.96
2022-03-26 20:00:00,20_24,5.63,6.78,1.23,2.7
2022-03-27 00:00:00,00_04,6.22,11.6,3.63,4.71
2022-03-27 04:00:00,04_08,6.06,6.96,2.36,2.9
2022-03-27 08:00:00,08_12,7.07,8.09,13.98,18.0
2022-03-27 12:00:00,12_16,1.41,1.6,44.02,61.0
2022-03-27 16:00:00,16_20,18.2,19.67,3.55,4.94
2022-03-27 20:00:00,20_24,5.74,11.09,1.45,2.02
2022-03-28 00:00:00,00_04,4.28,5.44,3.2,4.1
2022-03-28 04:00:00,04_08,12.25,15.44,1.89,2.52
2022-03-28 08:00:00,08_12,17.7,26.0,9.1,10.82
2022-03-28 12:00:00,12_16,3.61,5.5,37.14,51.91
2022-03-28 16:00:00,16_20,21.52,28.56,3.51,6.68
2022-03-28 20:00:00,20_24,7.55,9.2,1.28,1.77
2022-03-29 00:00:00,00_04,2.49,3.48,3.02,4.32
2022-03-29 04:00:00,04_08,11.03,12.0,1.67,2.49
2022-03-29 08:00:00,08_12,15.41,19.02,5.36,6.62
2022-03-29 12:00:00,12_16,3.44,4.31,20.9,26.48
2022-03-29 16:00:00,16_20,20.11,23.22,2.62,3.56
2022-03-29 20:00:00,20_24,7.38,9.93,1.01,1.36
2022-03-30 00:00:00,00_04,2.3,2.93,2.96,3.53
2022-03-30 04:00:00,04_08,9.34,11.29,1.68,2.0
2022-03-30 08:00:00,08_12,13.3,16.31,3.54,4.43
2022-03-30 12:00:00,12_16,3.21,4.27,12.58,16.01
2022-03-30 16:00:00,16_20,16.92,18.0,1.95,2.56
2022-03-30 20:00:00,20_24,7.18,9.11,0.84,1.04
2022-03-31 00:00:00,00_04,1.79,2.25,2.4,2.9
2022-03-31 04:00:00,04_08,8.64,10.34,1.54,1.85
2022-03-31 08:00:00,08_12,11.74,13.96,3.11,3.8
2022-03-31 12:00:00,12_16,2.72,3.64,11.3,14.13
2022-03-31 16:00:00,16_20,13.05,15.02,2.2,2.8
2022-03-31 20:00:00,20_24,6.34,7.97,1.24,2.5
2022-04-01 00:00:00,00_04,1.54,2.08,8.1,23.68
2022-04-01 04:00:00,04_08,7.7,8.7,4.16,10.63
2022-04-01 08:00:00,08_12,10.67,13.0,3.11,3.73
2022-04-01 12:00:00,12_16,2.53,2.88,10.7,12.82
2022-04-01 16:00:00,16_20,11.31,12.81,2.25,2.89
2022-04-01 20:00:00,20_24,5.87,6.82,1.61,2.98
2022-04-02 00:00:00,00_04,1.42,1.86,8.03,11.22
2022-04-02 04:00:00,04_08,6.17,6.99,4.05,6.63
2022-04-02 08:00:00,08_12,9.22,10.33,4.07,6.19
2022-04-02 12:00:00,12_16,1.89,2.28,19.62,35.78
2022-04-02 16:00:00,16_20,12.16,16.0,2.6,3.85
2022-04-02 20:00:00,20_24,11.19,30.92,1.51,1.8
2022-04-03 00:00:00,00_04,1.66,2.44,5.2,6.17
2022-04-03 04:00:00,04_08,5.22,5.78,2.71,3.5
2022-04-03 08:00:00,08_12,7.72,8.47,7.45,13.91
2022-04-03 12:00:00,12_16,1.47,1.75,34.85,51.0
2022-04-03 16:00:00,16_20,15.91,39.45,3.98,7.32
2022-04-03 20:00:00,20_24,10.53,19.39,1.43,1.93
2022-04-04 00:00:00,00_04,1.62,2.5,5.6,9.17
2022-04-04 04:00:00,04_08,6.11,9.88,2.73,4.34
2022-04-04 08:00:00,08_12,8.88,13.63,15.61,27.82
2022-04-04 12:00:00,12_16,2.09,5.53,53.37,77.46
2022-04-04 16:00:00,16_20,17.56,29.84,9.44,15.7
2022-04-04 20:00:00,20_24,9.66,13.25,5.37,11.2
2022-04-05 00:00:00,00_04,1.47,1.91,18.04,34.15
2022-04-05 04:00:00,04_08,7.07,8.72,7.89,14.71
2022-04-05 08:00:00,08_12,12.25,16.56,9.67,13.04
2022-04-05 12:00:00,12_16,3.64,5.0,26.09,36.0
2022-04-05 16:00:00,16_20,30.79,49.73,4.74,6.2
2022-04-05 20:00:00,20_24,21.51,40.42,2.84,4.54
2022-04-06 00:00:00,00_04,1.51,2.09,13.02,18.75
2022-04-06 04:00:00,04_08,6.66,8.5,7.15,9.33
2022-04-06 08:00:00,08_12,12.83,18.5,9.59,13.13
2022-04-06 12:00:00,12_16,3.24,4.24,46.51,60.97
2022-04-06 16:00:00,16_20,26.6,33.0,7.63,10.18
2022-04-06 20:00:00,20_24,18.48,25.8,5.1,7.67
2022-04-07 00:00:00,00_04,1.49,1.95,26.85,52.16
2022-04-07 04:00:00,04_08,6.24,8.05,12.16,25.01
2022-04-07 08:00:00,08_12,11.83,14.77,11.2,17.9
2022-04-07 12:00:00,12_16,3.04,3.78,36.09,44.16
2022-04-07 16:00:00,16_20,21.74,25.89,6.91,8.56
2022-04-07 20:00:00,20_24,14.91,20.17,6.05,9.85
2022-04-08 00:00:00,00_04,1.46,1.73,32.74,49.0
2022-04-08 04:00:00,04_08,7.02,7.89,13.06,18.7
2022-04-08 08:00:00,08_12,12.46,15.56,9.26,11.28
2022-04-08 12:00:00,12_16,3.76,5.56,23.24,28.89
2022-04-08 16:00:00,16_20,28.83,37.14,4.47,5.22
2022-04-08 20:00:00,20_24,22.28,31.06,3.71,4.31
2022-04-09 00:00:00,00_04,2.42,7.52,16.34,21.02
2022-04-09 04:00:00,04_08,5.86,6.95,8.51,10.24
2022-04-09 08:00:00,08_12,10.43,12.47,17.32,23.62
2022-04-09 12:00:00,12_16,2.98,4.07,74.77,95.67
2022-04-09 16:00:00,16_20,22.71,33.89,16.13,38.38
2022-04-09 20:00:00,20_24,17.14,22.92,5.1,6.99
2022-04-10 00:00:00,00_04,3.28,5.34,16.33,19.67
2022-04-10 04:00:00,04_08,5.57,6.67,9.38,11.12
2022-04-10 08:00:00,08_12,9.49,10.97,28.55,56.0
2022-04-10 12:00:00,12_16,2.76,3.9,86.9,124.33
2022-04-10 16:00:00,16_20,23.25,31.5,34.02,80.69
2022-04-10 20:00:00,20_24,15.03,18.67,4.08,5.7
2022-04-11 00:00:00,00_04,3.77,5.8,8.63,11.0
2022-04-11 04:00:00,04_08,12.76,33.56,4.96,7.4
2022-04-11 08:00:00,08_12,20.22,34.0,15.32,19.82
2022-04-11 12:00:00,12_16,4.35,5.66,35.19,47.98
2022-04-11 16:00:00,16_20,28.46,34.5,13.29,18.5
2022-04-11 20:00:00,20_24,18.02,26.0,2.68,4.0
2022-04-12 00:00:00,00_04,3.49,4.6,6.37,7.38
2022-04-12 04:00:00,04_08,11.69,15.31,3.83,4.64
2022-04-12 08:00:00,08_12,17.08,21.1,11.76,14.89
2022-04-12 12:00:00,12_16,3.88,5.0,30.92,40.0
2022-04-12 16:00:00,16_20,22.8,25.98,9.99,13.2
2022-04-12 20:00:00,20_24,15.16,17.45,2.24,2.78
2022-04-13 00:00:00,00_04,3.35,4.33,5.15,7.03
2022-04-13 04:00:00,04_08,10.79,12.69,2.79,3.42
2022-04-13 08:00:00,08_12,15.15,17.41,8.7,10.0
2022-04-13 12:00:00,12_16,6.48,31.0,22.88,27.8
2022-04-13 16:00:00,16_20,22.04,25.36,7.03,8.33
2022-04-13 20:00:00,20_24,14.92,20.0,1.63,2.18
2022-04-14 00:00:00,00_04,3.29,4.05,4.22,5.07
2022-04-14 04:00:00,04_08,10.39,12.36,2.09,2.91
2022-04-14 08:00:00,08_12,14.2,16.06,5.93,7.05
2022-04-14 12:00:00,12_16,12.08,18.56,17.32,20.23
2022-04-14 16:00:00,16_20,20.79,23.02,4.71,5.93
2022-04-14 20:00:00,20_24,14.61,18.47,1.37,1.8
2022-04-15 00:00:00,00_04,3.09,4.1,3.38,4.2
2022-04-15 04:00:00,04_08,8.49,9.68,2.44,3.64
2022-04-15 08:00:00,08_12,11.12,12.55,6.34,8.09
2022-04-15 12:00:00,12_16,9.77,14.17,22.24,30.48
2022-04-15 16:00:00,16_20,17.9,19.3,5.13,7.53
2022-04-15 20:00:00,20_24,13.15,14.81,1.64,2.32
2022-04-16 00:00:00,00_04,2.84,3.57,3.21,4.09
2022-04-16 04:00:00,04_08,7.12,7.78,2.72,3.38
2022-04-16 08:00:00,08_12,8.86,9.93,9.52,12.63
2022-04-16 12:00:00,12_16,7.38,8.5,52.01,89.43
2022-04-16 16:00:00,16_20,16.18,18.45,10.06,18.8
2022-04-16 20:00:00,20_24,14.36,25.44,1.96,3.0
2022-04-17 00:00:00,00_04,2.58,3.05,3.32,3.89
2022-04-17 04:00:00,04_08,6.14,6.82,2.88,3.49
2022-04-17 08:00:00,08_12,7.65,8.49,13.19,21.7
2022-04-17 12:00:00,12_16,5.64,7.27,78.21,100.02
2022-04-17 16:00:00,16_20,15.13,16.48,18.46,32.36
2022-04-17 20:00:00,20_24,14.84,21.24,2.03,2.84
2022-04-18 00:00:00,00_04,2.35,3.05,2.9,3.6
2022-04-18 04:00:00,04_08,5.22,6.14,2.31,3.0
2022-04-18 08:00:00,08_12,6.98,9.3,13.2,19.89
2022-04-18 12:00:00,12_16,5.14,6.85,64.59,91.67
2022-04-18 16:00:00,16_20,11.98,14.92,16.69,23.0
2022-04-18 20:00:00,20_24,15.83,18.18,1.82,2.5
2022-04-19 00:00:00,00_04,2.9,4.29,2.56,3.64
2022-04-19 04:00:00,04_08,9.77,13.93,1.93,2.76
2022-04-19 08:00:00,08_12,14.52,20.75,7.69,9.85
2022-04-19 12:00:00,12_16,6.63,11.51,29.46,37.28
2022-04-19 16:00:00,16_20,20.08,24.03,9.26,13.0
2022-04-19 20:00:00,20_24,17.2,20.82,1.6,1.98
2022-04-20 00:00:00,00_04,3.08,4.0,2.24,2.9
2022-04-20 04:00:00,04_08,10.51,13.75,2.12,10.31
2022-04-20 08:00:00,08_12,15.16,19.54,5.62,6.76
2022-04-20 12:00:00,12_16,12.79,119.3,21.25,24.46
2022-04-20 16:00:00,16_20,19.09,22.02,6.67,7.8
2022-04-20 20:00:00,20_24,15.87,17.9,1.45,3.0
2022-04-21 00:00:00,00_04,22.09,111.2,1.89,2.5
2022-04-21 04:00:00,04_08,11.03,16.0,3.26,4.7
2022-04-21 08:00:00,08_12,15.25,19.0,6.45,35.0
2022-04-21 12:00:00,12_16,32.08,236.84,29.91,236.24
2022-04-21 16:00:00,16_20,17.11,19.5,5.25,16.22
2022-04-21 20:00:00,20_24,14.52,16.75,1.73,2.18
2022-04-22 00:00:00,00_04,20.35,34.09,2.43,4.13
2022-04-22 04:00:00,04_08,13.6,25.0,4.34,8.76
2022-04-22 08:00:00,08_12,15.74,31.41,16.18,23.38
2022-04-22 12:00:00,12_16,39.55,65.78,63.9,87.99
2022-04-22 16:00:00,16_20,16.26,22.52,9.79,17.09
2022-04-22 20:00:00,20_24,13.44,16.0,2.01,3.4
2022-04-23 00:00:00,00_04,11.88,15.19,2.69,4.0
2022-04-23 04:00:00,04_08,11.24,13.34,4.84,6.62
2022-04-23 08:00:00,08_12,13.94,16.5,21.91,33.73
2022-04-23 12:00:00,12_16,22.91,29.12,79.44,103.49
2022-04-23 16:00:00,16_20,15.85,23.11,19.28,28.97
2022-04-23 20:00:00,20_24,13.65,19.11,2.46,3.4
2022-04-24 00:00:00,00_04,8.23,9.89,6.89,13.42
2022-04-24 04:00:00,04_08,8.32,9.98,8.03,11.22
2022-04-24 08:00:00,08_12,10.53,12.62,22.78,29.82
2022-04-24 12:00:00,12_16,14.72,18.18,71.55,88.24
2022-04-24 16:00:00,16_20,16.56,19.82,16.71,20.68
2022-04-24 20:00:00,20_24,14.87,19.89,1.94,2.85
2022-04-25 00:00:00,00_04,7.37,9.5,5.08,7.26
2022-04-25 04:00:00,04_08,11.78,15.33,5.19,7.22
2022-04-25 08:00:00,08_12,16.88,22.55,14.04,17.5
2022-04-25 12:00:00,12_16,12.71,17.97,31.17,37.69
2022-04-25 16:00:00,16_20,21.57,27.36,9.46,12.27
2022-04-25 20:00:00,20_24,20.21,24.7,1.68,2.14
2022-04-26 00:00:00,00_04,6.2,7.76,3.33,4.05
2022-04-26 04:00:00,04_08,10.62,12.6,3.28,4.05
2022-04-26 08:00:00,08_12,16.3,19.58,7.98,9.65
2022-04-26 12:00:00,12_16,11.25,12.86,18.26,22.73
2022-04-26 16:00:00,16_20,20.2,22.31,5.54,6.92
2022-04-26 20:00:00,20_24,17.62,20.24,1.21,1.53
2022-04-27 00:00:00,00_04,5.15,5.86,2.13,2.7
2022-04-27 04:00:00,04_08,9.57,11.07,2.12,2.76
2022-04-27 08:00:00,08_12,15.08,17.76,5.01,6.22
2022-04-27 12:00:00,12_16,9.39,10.74,12.82,14.46
2022-04-27 16:00:00,16_20,17.66,19.03,3.59,4.08
2022-04-27 20:00:00,20_24,15.42,17.43,0.93,1.09
2022-04-28 00:00:00,00_04,4.09,4.82,1.71,2.0
2022-04-28 04:00:00,04_08,8.51,9.29,1.67,1.97
2022-04-28 08:00:00,08_12,13.98,15.1,4.02,4.43
2022-04-28 12:00:00,12_16,7.85,8.7,11.43,15.8
2022-04-28 16:00:00,16_20,15.35,16.14,2.59,3.12
2022-04-28 20:00:00,20_24,13.84,14.64,0.75,0.85
2022-04-29 00:00:00,00_04,3.84,4.19,1.37,1.79
2022-04-29 04:00:00,04_08,7.81,9.09,1.31,1.84
2022-04-29 08:00:00,08_12,12.73,14.27,3.17,4.0
2022-04-29 12:00:00,12_16,7.07,7.94,10.54,12.2
2022-04-29 16:00:00,16_20,14.1,16.02,2.18,2.63
2022-04-29 20:00:00,20_24,12.35,14.08,0.58,0.76
2022-04-30 00:00:00,00_04,3.5,13.0,1.84,2.67
2022-04-30 04:00:00,04_08,7.29,8.34,1.86,3.38
2022-04-30 08:00:00,08_12,12.19,24.21,6.34,24.04
2022-04-30 12:00:00,12_16,110.52,1766.68,18.34,51.09
2022-04-30 16:00:00,16_20,14.46,20.07,3.61,6.93
2022-04-30 20:00:00,20_24,11.88,15.02,0.99,2.0
2022-05-01 00:00:00,00_04,4.14,6.91,3.09,5.66
2022-05-01 04:00:00,04_08,6.2,7.22,2.98,4.99
2022-05-01 08:00:00,08_12,12.0,16.85,12.51,18.0
2022-05-01 12:00:00,12_16,43.38,84.0,34.12,48.86
2022-05-01 16:00:00,16_20,13.48,16.2,7.36,14.89
2022-05-01 20:00:00,20_24,10.93,12.6,1.8,3.67
2022-05-02 00:00:00,00_04,4.82,5.76,2.82,3.5
2022-05-02 04:00:00,04_08,9.41,12.55,2.42,3.17
2022-05-02 08:00:00,08_12,15.43,19.01,6.98,9.1
2022-05-02 12:00:00,12_16,18.97,30.43,15.87,20.54
2022-05-02 16:00:00,16_20,16.86,19.89,4.76,6.03
2022-05-02 20:00:00,20_24,12.94,15.86,1.5,1.85
2022-05-03 00:00:00,00_04,4.15,5.04,2.09,2.7
2022-05-03 04:00:00,04_08,9.15,10.56,1.92,2.8
2022-05-03 08:00:00,08_12,14.64,16.0,5.02,6.52
2022-05-03 12:00:00,12_16,13.93,17.88,11.45,15.0
2022-05-03 16:00:00,16_20,15.49,16.97,2.89,4.09
2022-05-03 20:00:00,20_24,12.34,13.44,0.89,1.39
2022-05-04 00:00:00,00_04,4.18,4.67,1.72,2.0
2022-05-04 04:00:00,04_08,8.83,9.51,1.81,2.21
2022-05-04 08:00:00,08_12,13.58,14.7,3.93,4.63
2022-05-04 12:00:00,12_16,12.41,14.26,9.61,11.48
2022-05-04 16:00:00,16_20,14.46,15.35,2.36,2.88
2022-05-04 20:00:00,20_24,11.45,12.4,0.86,1.05
2022-05-05 00:00:00,00_04,3.91,4.28,1.39,1.67
2022-05-05 04:00:00,04_08,8.35,8.99,1.47,1.8
2022-05-05 08:00:00,08_12,12.58,13.55,2.98,3.51
2022-05-05 12:00:00,12_16,10.61,12.33,7.84,8.82
2022-05-05 16:00:00,16_20,12.91,13.7,1.88,2.37
2022-05-05 20:00:00,20_24,10.64,11.83,0.73,0.95
2022-05-06 00:00:00,00_04,3.66,3.99,1.13,1.35
2022-05-06 04:00:00,04_08,7.86,8.4,1.26,1.56
2022-05-06 08:00:00,08_12,11.62,12.49,2.42,2.79
2022-05-06 12:00:00,12_16,9.56,10.21,5.99,6.93
2022-05-06 16:00:00,16_20,11.55,12.02,1.56,1.85
2022-05-06 20:00:00,20_24,10.09,10.97,0.64,0.86
2022-05-07 00:00:00,00_04,3.17,3.61,1.43,1.83
2022-05-07 04:00:00,04_08,6.81,7.26,1.49,1.93
2022-05-07 08:00:00,08_12,9.67,10.5,3.57,6.68
2022-05-07 12:00:00,12_16,7.64,8.59,12.24,19.49
2022-05-07 16:00:00,16_20,9.1,10.0,2.8,4.22
2022-05-07 20:00:00,20_24,8.74,9.51,1.04,1.41
2022-05-08 00:00:00,00_04,3.46,5.31,2.18,3.04
2022-05-08 04:00:00,04_08,6.29,7.68,2.41,3.32
2022-05-08 08:00:00,08_12,9.14,12.46,13.71,33.0
2022-05-08 12:00:00,12_16,13.35,50.0,37.15,76.0
2022-05-08 16:00:00,16_20,9.81,14.57,7.9,13.4
2022-05-08 20:00:00,20_24,8.52,10.1,1.39,2.16
2022-05-09 00:00:00,00_04,4.44,5.52,1.81,2.41
2022-05-09 04:00:00,04_08,10.23,16.0,1.76,2.5
2022-05-09 08:00:00,08_12,13.64,17.0,9.16,12.13
2022-05-09 12:00:00,12_16,13.27,17.76,17.93,24.66
2022-05-09 16:00:00,16_20,14.99,19.18,4.44,5.75
2022-05-09 20:00:00,20_24,14.21,23.5,1.01,1.4
2022-05-10 00:00:00,00_04,4.21,4.77,1.52,2.05
2022-05-10 04:00:00,04_08,9.15,10.95,1.57,2.12
2022-05-10 08:00:00,08_12,11.8,13.74,7.55,9.5
2022-05-10 12:00:00,12_16,11.89,13.86,18.65,32.32
2022-05-10 16:00:00,16_20,14.1,16.6,3.77,5.1
2022-05-10 20:00:00,20_24,13.78,16.31,0.99,1.4
2022-05-11 00:00:00,00_04,3.74,4.26,1.46,1.84
2022-05-11 04:00:00,04_08,7.99,9.1,1.49,1.81
2022-05-11 08:00:00,08_12,10.93,13.35,9.8,17.0
2022-05-11 12:00:00,12_16,10.54,12.15,62.17,103.2
2022-05-11 16:00:00,16_20,13.56,17.63,15.19,34.01
2022-05-11 20:00:00,20_24,13.89,16.77,1.09,1.63
2022-05-12 00:00:00,00_04,3.41,3.76,6.07,15.71
2022-05-12 04:00:00,04_08,8.07,11.9,2.29,4.7
2022-05-12 08:00:00,08_12,11.47,13.1,13.3,21.97
2022-05-12 12:00:00,12_16,11.3,16.67,68.26,97.08
2022-05-12 16:00:00,16_20,14.09,16.61,15.7,25.68
2022-05-12 20:00:00,20_24,14.84,19.5,1.02,1.4
2022-05-13 00:00:00,00_04,3.6,6.33,2.82,5.16
2022-05-13 04:00:00,04_08,8.51,11.0,1.94,2.9
2022-05-13 08:00:00,08_12,11.75,15.92,11.17,14.81
2022-05-13 12:00:00,12_16,9.86,12.0,75.36,103.37
2022-05-13 16:00:00,16_20,12.83,14.58,16.85,24.23
2022-05-13 20:00:00,20_24,15.46,24.68,1.05,1.47
2022-05-14 00:00:00,00_04,3.56,4.59,3.2,4.43
2022-05-14 04:00:00,04_08,7.36,8.48,2.17,3.55
2022-05-14 08:00:00,08_12,9.97,11.49,14.55,26.74
2022-05-14 12:00:00,12_16,8.92,11.38,69.79,91.67
2022-05-14 16:00:00,16_20,11.33,13.57,13.11,17.15
2022-05-14 20:00:00,20_24,18.12,29.78,1.04,1.7
2022-05-15 00:00:00,00_04,3.36,3.9,2.73,3.4
2022-05-15 04:00:00,04_08,6.39,6.94,2.25,2.77
2022-05-15 08:00:00,08_12,8.84,10.09,17.9,25.82
2022-05-15 12:00:00,12_16,8.37,10.12,62.86,81.23
2022-05-15 16:00:00,16_20,10.31,11.8,11.73,13.74
2022-05-15 20:00:00,20_24,18.77,22.5,1.26,1.5
2022-05-16 00:00:00,00_04,4.05,4.87,2.2,3.27
2022-05-16 04:00:00,04_08,9.63,11.56,1.86,2.7
2022-05-16 08:00:00,08_12,12.72,14.85,9.32,13.48
2022-05-16 12:00:00,12_16,10.99,13.23,20.29,30.0
2022-05-16 16:00:00,16_20,15.24,17.57,4.77,7.34
2022-05-16 20:00:00,20_24,16.24,19.29,0.95,1.25
2022-05-17 00:00:00,00_04,3.8,4.19,1.81,2.32
2022-05-17 04:00:00,04_08,8.95,10.02,1.54,2.02
2022-05-17 08:00:00,08_12,11.66,13.06,7.27,8.54
2022-05-17 12:00:00,12_16,10.19,11.45,14.34,18.01
2022-05-17 16:00:00,16_20,14.51,15.65,3.61,4.52
2022-05-17 20:00:00,20_24,14.88,16.05,0.75,0.98
2022-05-18 00:00:00,00_04,3.4,3.72,1.64,2.0
2022-05-18 04:00:00,04_08,8.11,8.8,1.5,1.9
2022-05-18 08:00:00,08_12,10.16,11.06,6.17,7.23
2022-05-18 12:00:00,12_16,9.03,9.62,12.66,13.98
2022-05-18 16:00:00,16_20,13.05,13.94,2.95,3.43
2022-05-18 20:00:00,20_24,13.63,14.54,0.69,0.84
2022-05-19 00:00:00,00_04,3.03,3.38,1.4,1.63
2022-05-19 04:00:00,04_08,7.4,7.91,1.21,1.56
2022-05-19 08:00:00,08_12,9.12,9.8,5.2,6.06
2022-05-19 12:00:00,12_16,7.85,8.71,9.74,11.06
2022-05-19 16:00:00,16_20,11.68,12.49,2.22,2.46
2022-05-19 20:00:00,20_24,12.43,13.24,0.54,0.67
2022-05-20 00:00:00,00_04,2.79,3.0,1.07,1.23
2022-05-20 04:00:00,04_08,6.64,7.28,1.03,1.2
2022-05-20 08:00:00,08_12,8.12,9.0,3.93,4.52
2022-05-20 12:00:00,12_16,7.1,7.64,7.42,8.08
2022-05-20 16:00:00,16_20,10.31,11.17,1.48,1.7
2022-05-20 20:00:00,20_24,11.22,12.42,0.48,0.77
2022-05-21 00:00:00,00_04,2.45,5.8,4.54,9.16
2022-05-21 04:00:00,04_08,5.93,8.39,4.5,12.0
2022-05-21 08:00:00,08_12,7.64,12.0,35.99,71.42
2022-05-21 12:00:00,12_16,5.84,6.7,89.25,131.08
2022-05-21 16:00:00,16_20,9.38,9.97,28.56,51.53
2022-05-21 20:00:00,20_24,14.47,22.5,1.15,3.99
2022-05-22 00:00:00,00_04,3.49,4.6,3.59,4.54
2022-05-22 04:00:00,04_08,6.44,7.76,4.41,5.9
2022-05-22 08:00:00,08_12,8.11,9.86,23.16,31.05
2022-05-22 12:00:00,12_16,5.52,6.64,56.7,77.8
2022-05-22 16:00:00,16_20,9.15,11.4,16.64,21.0
2022-05-22 20:00:00,20_24,16.37,19.32,1.29,1.74
2022-05-23 00:00:00,00_04,3.32,4.43,2.47,3.17
2022-05-23 04:00:00,04_08,7.37,9.7,2.59,3.34
2022-05-23 08:00:00,08_12,9.68,12.01,9.52,11.8
2022-05-23 12:00:00,12_16,7.09,8.02,19.53,24.23
2022-05-23 16:00:00,16_20,10.8,12.5,6.49,8.12
2022-05-23 20:00:00,20_24,13.1,15.0,1.0,1.44
2022-05-24 00:00:00,00_04,3.22,3.92,5.01,11.72
2022-05-24 04:00:00,04_08,7.08,7.84,3.53,7.26
2022-05-24 08:00:00,08_12,9.91,19.07,9.36,13.01
2022-05-24 12:00:00,12_16,6.91,9.25,27.42,43.53
2022-05-24 16:00:00,16_20,10.26,13.25,5.57,10.0
2022-05-24 20:00:00,20_24,12.93,16.98,0.92,1.16
2022-05-25 00:00:00,00_04,3.22,3.71,3.08,3.9
2022-05-25 04:00:00,04_08,6.82,7.88,2.59,3.21
2022-05-25 08:00:00,08_12,11.67,14.99,7.82,9.46
2022-05-25 12:00:00,12_16,7.01,7.86,17.32,19.8
2022-05-25 16:00:00,16_20,9.91,11.0,4.7,6.41
2022-05-25 20:00:00,20_24,11.55,13.0,0.8,1.14
2022-05-26 00:00:00,00_04,5.77,14.48,5.25,7.22
2022-05-26 04:00:00,04_08,6.46,8.45,6.76,9.35
2022-05-26 08:00:00,08_12,10.27,15.54,56.7,70.67
2022-05-26 12:00:00,12_16,6.14,7.07,95.02,115.38
2022-05-26 16:00:00,16_20,8.8,9.5,42.93,56.35
2022-05-26 20:00:00,20_24,14.0,21.67,2.41,3.64
2022-05-27 00:00:00,00_04,6.43,8.68,6.93,14.4
2022-05-27 04:00:00,04_08,6.97,8.41,6.93,8.78
2022-05-27 08:00:00,08_12,10.66,14.31,49.31,57.43
2022-05-27 12:00:00,12_16,5.74,6.73,88.34,99.44
2022-05-27 16:00:00,16_20,7.97,8.76,44.6,53.78
2022-05-27 20:00:00,20_24,14.54,19.12,2.83,3.88
2022-05-28 00:00:00,00_04,5.93,7.5,9.27,12.81
2022-05-28 04:00:00,04_08,6.77,8.2,9.83,13.31
2022-05-28 08:00:00,08_12,10.04,11.78,49.1,58.25
2022-05-28 12:00:00,12_16,5.34,5.95,86.6,96.22
2022-05-28 16:00:00,16_20,7.21,7.93,41.79,50.0
2022-05-28 20:00:00,20_24,15.21,18.12,2.61,3.35
2022-05-29 00:00:00,00_04,5.06,5.91,5.78,6.87
2022-05-29 04:00:00,04_08,5.91,6.68,5.58,6.7
2022-05-29 08:00:00,08_12,9.11,10.34,24.04,31.19
2022-05-29 12:00:00,12_16,4.56,5.28,45.85,56.5
2022-05-29 16:00:00,16_20,6.91,8.58,20.28,24.13
2022-05-29 20:00:00,20_24,14.45,16.39,1.65,2.36
2022-05-30 00:00:00,00_04,4.97,5.82,2.97,3.88
2022-05-30 04:00:00,04_08,8.21,9.9,2.81,3.88
2022-05-30 08:00:00,08_12,11.92,13.75,8.83,10.97
2022-05-30 12:00:00,12_16,5.89,7.55,16.98,19.98
2022-05-30 16:00:00,16_20,11.18,14.06,7.3,9.91
2022-05-30 20:00:00,20_24,15.04,16.9,1.14,1.45
2022-05-31 00:00:00,00_04,4.23,4.86,1.96,2.34
2022-05-31 04:00:00,04_08,7.73,9.02,1.91,2.4
2022-05-31 08:00:00,08_12,10.74,12.0,5.96,7.77
2022-05-31 12:00:00,12_16,5.81,8.75,11.95,14.4
2022-05-31 16:00:00,16_20,10.92,12.38,4.16,5.23
2022-05-31 20:00:00,20_24,13.69,15.0,0.78,1.05
2022-06-01 00:00:00,00_04,3.57,4.0,1.51,1.9
2022-06-01 04:00:00,04_08,7.23,8.0,1.48,1.85
2022-06-01 08:00:00,08_12,9.86,10.73,5.65,13.34
2022-06-01 12:00:00,12_16,6.38,7.73,9.86,11.4
2022-06-01 16:00:00,16_20,10.09,11.37,3.01,3.42
2022-06-01 20:00:00,20_24,12.28,13.14,0.61,0.86
2022-06-02 00:00:00,00_04,3.15,3.54,1.22,1.46
2022-06-02 04:00:00,04_08,6.5,7.0,1.17,1.4
2022-06-02 08:00:00,08_12,8.97,9.62,5.94,7.4
2022-06-02 12:00:00,12_16,5.97,6.68,9.53,11.84
2022-06-02 16:00:00,16_20,9.53,10.31,2.45,2.78
2022-06-02 20:00:00,20_24,10.86,11.51,0.62,0.78
2022-06-03 00:00:00,00_04,2.68,2.98,0.86,1.08
2022-06-03 04:00:00,04_08,5.74,6.12,0.84,1.03
2022-06-03 08:00:00,08_12,7.94,8.46,4.68,5.7
2022-06-03 12:00:00,12_16,5.29,5.66,8.22,9.43
2022-06-03 16:00:00,16_20,8.6,9.0,1.82,2.11
2022-06-03 20:00:00,20_24,9.67,11.69,0.49,0.58
2022-06-04 00:00:00,00_04,2.41,4.34,1.23,1.85
2022-06-04 04:00:00,04_08,4.96,5.86,1.31,2.05
2022-06-04 08:00:00,08_12,6.98,8.8,6.47,8.79
2022-06-04 12:00:00,12_16,4.69,6.64,18.79,31.0
2022-06-04 16:00:00,16_20,7.73,8.57,4.16,6.3
2022-06-04 20:00:00,20_24,9.36,11.37,0.67,1.13
2022-06-05 00:00:00,00_04,3.63,8.11,1.89,3.04
2022-06-05 04:00:00,04_08,5.23,7.6,2.26,3.4
2022-06-05 08:00:00,08_12,7.81,11.8,11.96,16.1
2022-06-05 12:00:00,12_16,5.63,9.9,36.72,56.39
2022-06-05 16:00:00,16_20,8.4,13.56,8.04,10.8
2022-06-05 20:00:00,20_24,9.86,13.0,1.04,1.45
2022-06-06 00:00:00,00_04,4.87,7.0,2.73,3.89
2022-06-06 04:00:00,04_08,5.6,7.63,2.55,3.52
2022-06-06 08:00:00,08_12,8.92,13.05,15.13,23.9
2022-06-06 12:00:00,12_16,6.17,9.8,58.39,89.31
2022-06-06 16:00:00,16_20,8.97,10.2,13.75,32.72
2022-06-06 20:00:00,20_24,9.58,10.23,1.1,2.48
2022-06-07 00:00:00,00_04,4.32,5.89,1.71,2.21
2022-06-07 04:00:00,04_08,7.02,9.12,1.63,2.39
2022-06-07 08:00:00,08_12,10.72,12.5,7.03,8.99
2022-06-07 12:00:00,12_16,7.42,9.89,16.96,19.32
2022-06-07 16:00:00,16_20,10.37,13.36,5.66,7.99
2022-06-07 20:00:00,20_24,11.43,14.89,0.94,1.36
2022-06-08 00:00:00,00_04,3.78,4.43,1.22,1.57
2022-06-08 04:00:00,04_08,6.75,7.94,1.19,2.0
2022-06-08 08:00:00,08_12,9.83,11.28,4.42,5.63
2022-06-08 12:00:00,12_16,6.79,8.17,9.87,11.32
2022-06-08 16:00:00,16_20,10.22,11.91,3.23,4.0
2022-06-08 20:00:00,20_24,11.34,13.68,0.61,0.91
2022-06-09 00:00:00,00_04,3.05,3.36,0.94,1.12
2022-06-09 04:00:00,04_08,6.02,6.61,1.13,1.3
2022-06-09 08:00:00,08_12,8.99,9.4,3.38,4.03
2022-06-09 12:00:00,12_16,5.97,6.35,7.09,8.91
2022-06-09 16:00:00,16_20,9.25,10.1,2.24,2.65
2022-06-09 20:00:00,20_24,10.35,11.1,0.48,0.61
2022-06-10 00:00:00,00_04,2.37,2.79,0.7,0.8
2022-06-10 04:00:00,04_08,5.25,5.78,0.8,0.89
2022-06-10 08:00:00,08_12,7.83,8.34,2.72,3.08
2022-06-10 12:00:00,12_16,5.05,5.51,5.99,7.1
2022-06-10 16:00:00,16_20,8.18,8.75,1.54,1.8
2022-06-10 20:00:00,20_24,9.59,12.41,0.33,0.42
2022-06-11 00:00:00,00_04,3.02,4.8,0.94,1.52
2022-06-11 04:00:00,04_08,4.55,5.43,1.04,1.94
2022-06-11 08:00:00,08_12,6.71,7.9,6.11,8.5
2022-06-11 12:00:00,12_16,4.48,5.9,23.34,34.81
2022-06-11 16:00:00,16_20,7.33,8.29,4.58,7.42
2022-06-11 20:00:00,20_24,9.78,12.42,0.68,1.08
2022-06-12 00:00:00,00_04,4.36,6.54,1.67,3.03
2022-06-12 04:00:00,04_08,5.3,7.68,1.97,3.25
2022-06-12 08:00:00,08_12,8.26,12.41,20.53,39.11
2022-06-12 12:00:00,12_16,6.02,8.78,60.22,88.89
2022-06-12 16:00:00,16_20,9.01,11.91,15.1,27.14
2022-06-12 20:00:00,20_24,9.81,11.61,0.98,1.83
2022-06-13 00:00:00,00_04,4.45,5.01,1.41,2.2
2022-06-13 04:00:00,04_08,6.01,7.11,1.47,2.17
2022-06-13 08:00:00,08_12,9.17,11.7,10.72,14.6
2022-06-13 12:00:00,12_16,6.6,8.0,29.95,44.59
2022-06-13 16:00:00,16_20,9.94,12.4,8.82,13.6
2022-06-13 20:00:00,20_24,10.47,12.02,0.8,1.03
2022-06-14 00:00:00,00_04,3.86,4.76,1.07,1.39
2022-06-14 04:00:00,04_08,5.83,8.02,1.03,1.46
2022-06-14 08:00:00,08_12,9.22,10.71,5.62,7.5
2022-06-14 12:00:00,12_16,6.05,7.46,16.01,18.65
2022-06-14 16:00:00,16_20,11.28,18.62,4.88,5.99
2022-06-14 20:00:00,20_24,15.83,28.78,0.54,0.9
2022-06-15 00:00:00,00_04,3.68,4.26,0.73,0.93
2022-06-15 04:00:00,04_08,6.31,8.14,0.75,0.95
2022-06-15 08:00:00,08_12,8.75,9.75,4.23,5.0
2022-06-15 12:00:00,12_16,104.52,407.89,10.79,13.14
2022-06-15 16:00:00,16_20,12.56,16.11,3.18,3.81
2022-06-15 20:00:00,20_24,18.71,29.6,0.58,0.76
2022-06-16 00:00:00,00_04,3.96,7.95,0.94,1.48
2022-06-16 04:00:00,04_08,5.96,7.23,0.91,1.48
2022-06-16 08:00:00,08_12,8.23,9.54,4.55,7.79
2022-06-16 12:00:00,12_16,27.96,49.0,18.56,39.7
2022-06-16 16:00:00,16_20,12.71,15.02,4.37,7.62
2022-06-16 20:00:00,20_24,15.6,24.8,0.69,1.0
2022-06-17 00:00:00,00_04,4.2,6.02,0.94,1.4
2022-06-17 04:00:00,04_08,6.6,8.56,0.83,1.42
2022-06-17 08:00:00,08_12,8.32,9.02,4.25,5.54
2022-06-17 12:00:00,12_16,13.59,18.9,12.35,15.65
2022-06-17 16:00:00,16_20,11.32,14.8,3.18,4.4
2022-06-17 20:00:00,20_24,17.13,24.77,0.6,0.85
2022-06-18 00:00:00,00_04,4.22,7.18,1.15,1.46
2022-06-18 04:00:00,04_08,5.57,6.64,1.19,2.1
2022-06-18 08:00:00,08_12,7.35,8.2,9.51,20.91
2022-06-18 12:00:00,12_16,8.67,12.92,29.13,42.2
2022-06-18 16:00:00,16_20,12.91,23.48,7.69,19.96
2022-06-18 20:00:00,20_24,19.8,36.0,0.75,1.2
2022-06-19 00:00:00,00_04,4.25,6.69,1.86,3.32
2022-06-19 04:00:00,04_08,5.33,6.0,3.03,8.43
2022-06-19 08:00:00,08_12,6.96,9.6,21.12,28.6
2022-06-19 12:00:00,12_16,7.68,9.93,56.41,76.0
2022-06-19 16:00:00,16_20,13.64,20.01,16.7,24.57
2022-06-19 20:00:00,20_24,21.14,30.02,1.24,1.78
2022-06-20 00:00:00,00_04,4.78,6.0,1.43,1.9
2022-06-20 04:00:00,04_08,9.52,19.0,2.16,3.1
2022-06-20 08:00:00,08_12,12.19,30.87,8.23,11.32
2022-06-20 12:00:00,12_16,9.44,16.97,24.18,33.85
2022-06-20 16:00:00,16_20,13.23,16.98,8.14,11.26
2022-06-20 20:00:00,20_24,19.17,24.04,0.73,1.0
2022-06-21 00:00:00,00_04,4.59,6.01,1.07,1.99
2022-06-21 04:00:00,04_08,10.07,13.67,1.58,5.33
2022-06-21 08:00:00,08_12,12.83,21.01,5.55,9.22
2022-06-21 12:00:00,12_16,15.12,41.08,16.43,26.59
2022-06-21 16:00:00,16_20,16.71,30.52,5.25,10.0
2022-06-21 20:00:00,20_24,26.56,37.68,0.6,0.95
2022-06-22 00:00:00,00_04,8.48,24.22,3.31,11.96
2022-06-22 04:00:00,04_08,18.36,34.42,4.46,15.16
2022-06-22 08:00:00,08_12,28.19,49.43,7.66,20.56
2022-06-22 12:00:00,12_16,24.21,52.12,15.35,30.0
2022-06-22 16:00:00,16_20,33.67,50.59,6.64,12.75
2022-06-22 20:00:00,20_24,40.88,66.35,2.21,10.35
2022-06-23 00:00:00,00_04,13.57,19.89,3.81,5.75
2022-06-23 04:00:00,04_08,18.1,27.69,5.58,8.61
2022-06-23 08:00:00,08_12,31.31,39.98,8.96,12.5
2022-06-23 12:00:00,12_16,29.52,37.93,18.51,25.4
2022-06-23 16:00:00,16_20,36.43,46.06,6.74,9.56
2022-06-23 20:00:00,20_24,38.29,47.0,3.46,6.17
2022-06-24 00:00:00,00_04,11.49,13.78,3.89,8.76
2022-06-24 04:00:00,04_08,16.48,18.9,4.48,5.59
2022-06-24 08:00:00,08_12,28.42,31.4,6.78,8.47
2022-06-24 12:00:00,12_16,25.68,29.0,15.44,19.67
2022-06-24 16:00:00,16_20,33.82,38.94,5.68,7.62
2022-06-24 20:00:00,20_24,34.46,39.0,2.94,3.71
2022-06-25 00:00:00,00_04,9.37,11.26,4.65,5.95
2022-06-25 04:00:00,04_08,12.69,15.29,4.27,5.5
2022-06-25 08:00:00,08_12,22.7,26.57,7.64,13.64
2022-06-25 12:00:00,12_16,21.25,25.36,27.51,45.19
2022-06-25 16:00:00,16_20,27.99,31.45,6.88,10.7
2022-06-25 20:00:00,20_24,29.57,33.87,2.12,3.04
2022-06-26 00:00:00,00_04,8.37,13.21,4.7,6.0
2022-06-26 04:00:00,04_08,10.93,14.16,5.9,10.18
2022-06-26 08:00:00,08_12,19.42,22.46,17.33,31.15
2022-06-26 12:00:00,12_16,18.8,22.12,42.87,67.67
2022-06-26 16:00:00,16_20,24.53,29.86,10.16,17.0
2022-06-26 20:00:00,20_24,25.87,28.7,2.12,2.94
2022-06-27 00:00:00,00_04,8.7,11.64,3.08,4.61
2022-06-27 04:00:00,04_08,11.73,16.11,3.69,6.36
2022-06-27 08:00:00,08_12,20.05,25.82,7.98,10.25
2022-06-27 12:00:00,12_16,20.87,29.61,22.87,29.5
2022-06-27 16:00:00,16_20,27.13,33.48,6.84,9.93
2022-06-27 20:00:00,20_24,24.89,31.0,1.26,1.9
2022-06-28 00:00:00,00_04,8.71,10.45,2.56,3.0
2022-06-28 04:00:00,04_08,12.26,14.28,3.06,4.57
2022-06-28 08:00:00,08_12,20.72,22.7,6.11,8.25
2022-06-28 12:00:00,12_16,21.38,24.4,17.44,21.9
2022-06-28 16:00:00,16_20,28.81,32.4,5.21,6.8
2022-06-28 20:00:00,20_24,27.83,30.79,1.14,1.5
2022-06-29 00:00:00,00_04,8.19,9.01,3.09,6.0
2022-06-29 04:00:00,04_08,11.19,12.2,3.11,4.13
2022-06-29 08:00:00,08_12,19.07,20.5,21.7,274.0
2022-06-29 12:00:00,12_16,18.48,20.65,13.27,16.0
2022-06-29 16:00:00,16_20,26.41,28.57,4.05,4.95
2022-06-29 20:00:00,20_24,25.47,27.53,0.98,1.18
2022-06-30 00:00:00,00_04,7.33,8.02,3.01,3.9
2022-06-30 04:00:00,04_08,10.0,10.79,2.98,3.68
2022-06-30 08:00:00,08_12,18.24,22.75,15.55,31.0
2022-06-30 12:00:00,12_16,16.0,17.27,11.28,13.52
2022-06-30 16:00:00,16_20,24.27,26.0,3.2,4.12
2022-06-30 20:00:00,20_24,22.92,24.56,0.78,0.98
2022-07-01 00:00:00,00_04,6.51,7.0,2.64,4.08
2022-07-01 04:00:00,04_08,8.87,9.58,2.67,3.07
2022-07-01 08:00:00,08_12,17.08,18.5,10.14,13.47
2022-07-01 12:00:00,12_16,14.76,15.9,9.56,11.47
2022-07-01 16:00:00,16_20,22.09,23.65,2.88,3.46
2022-07-01 20:00:00,20_24,20.52,22.03,0.73,0.87
2022-07-02 00:00:00,00_04,6.1,8.44,2.92,3.89
2022-07-02 04:00:00,04_08,7.77,10.0,3.45,5.9
2022-07-02 08:00:00,08_12,13.76,17.37,20.05,37.0
2022-07-02 12:00:00,12_16,12.72,17.2,45.15,85.28
2022-07-02 16:00:00,16_20,19.13,22.68,9.21,14.8
2022-07-02 20:00:00,20_24,19.91,28.01,0.89,1.76
2022-07-03 00:00:00,00_04,6.49,7.74,3.66,4.94
2022-07-03 04:00:00,04_08,8.21,9.93,5.65,8.26
2022-07-03 08:00:00,08_12,13.98,16.26,38.64,86.86
2022-07-03 12:00:00,12_16,13.33,15.41,73.84,162.93
2022-07-03 16:00:00,16_20,18.61,20.78,16.77,41.14
2022-07-03 20:00:00,20_24,21.21,24.68,1.39,2.08
2022-07-04 00:00:00,00_04,6.42,8.1,2.83,3.88
2022-07-04 04:00:00,04_08,10.13,14.89,3.92,6.16
2022-07-04 08:00:00,08_12,16.72,22.0,17.35,26.0
2022-07-04 12:00:00,12_16,15.13,17.92,31.66,43.02
2022-07-04 16:00:00,16_20,21.7,29.0,10.87,14.24
2022-07-04 20:00:00,20_24,23.09,29.25,1.14,1.38
2022-07-05 00:00:00,00_04,6.14,7.0,2.61,4.18
2022-07-05 04:00:00,04_08,10.13,11.41,3.87,5.0
2022-07-05 08:00:00,08_12,16.6,20.03,42.4,325.0
2022-07-05 12:00:00,12_16,14.08,16.3,31.85,55.52
2022-07-05 16:00:00,16_20,22.46,25.16,10.42,30.44
2022-07-05 20:00:00,20_24,23.23,26.0,0.92,1.18
2022-07-06 00:00:00,00_04,5.45,6.23,2.57,3.34
2022-07-06 04:00:00,04_08,9.17,10.18,3.39,4.32
2022-07-06 08:00:00,08_12,71.83,318.56,25.06,40.0
2022-07-06 12:00:00,12_16,13.06,15.8,115.53,648.4
2022-07-06 16:00:00,16_20,21.13,24.26,12.86,16.97
2022-07-06 20:00:00,20_24,21.82,25.3,0.83,1.05
2022-07-07 00:00:00,00_04,4.91,6.1,2.87,4.45
2022-07-07 04:00:00,04_08,8.46,9.48,5.01,9.01
2022-07-07 08:00:00,08_12,34.29,64.45,23.08,34.25
2022-07-07 12:00:00,12_16,25.86,83.43,67.9,128.0
2022-07-07 16:00:00,16_20,19.15,21.77,15.16,25.13
2022-07-07 20:00:00,20_24,19.69,22.0,1.14,5.0
2022-07-08 00:00:00,00_04,4.84,5.49,4.49,8.14
2022-07-08 04:00:00,04_08,8.33,9.74,5.35,7.74
2022-07-08 08:00:00,08_12,27.49,37.45,19.15,23.91
2022-07-08 12:00:00,12_16,26.52,36.76,53.34,72.5
2022-07-08 16:00:00,16_20,18.82,21.53,14.18,21.86
2022-07-08 20:00:00,20_24,21.98,36.95,1.15,1.92
2022-07-09 00:00:00,00_04,6.02,13.25,4.19,5.45
2022-07-09 04:00:00,04_08,8.75,12.8,5.12,6.98
2022-07-09 08:00:00,08_12,24.47,33.0,28.35,35.65
2022-07-09 12:00:00,12_16,23.08,30.5,86.67,113.28
2022-07-09 16:00:00,16_20,18.4,21.0,27.99,37.92
2022-07-09 20:00:00,20_24,21.89,27.36,1.64,2.76
2022-07-10 00:00:00,00_04,6.79,8.84,5.84,9.07
2022-07-10 04:00:00,04_08,8.7,10.57,7.92,11.63
2022-07-10 08:00:00,08_12,21.26,25.97,55.45,73.2
2022-07-10 12:00:00,12_16,21.34,25.83,110.14,145.95
2022-07-10 16:00:00,16_20,18.51,20.41,32.31,47.43
2022-07-10 20:00:00,20_24,22.21,25.19,1.74,3.11
2022-07-11 00:00:00,00_04,7.19,8.58,4.34,5.71
2022-07-11 04:00:00,04_08,11.15,14.85,5.39,9.42
2022-07-11 08:00:00,08_12,22.41,28.0,19.32,25.4
2022-07-11 12:00:00,12_16,19.96,23.89,34.31,46.0
2022-07-11 16:00:00,16_20,21.98,25.52,14.25,23.67
2022-07-11 20:00:00,20_24,25.53,29.0,1.38,2.0
2022-07-12 00:00:00,00_04,6.86,7.66,3.4,4.32
2022-07-12 04:00:00,04_08,10.84,12.21,5.21,8.57
2022-07-12 08:00:00,08_12,22.29,24.91,17.1,23.21
2022-07-12 12:00:00,12_16,19.55,21.75,31.77,41.6
2022-07-12 16:00:00,16_20,21.24,23.79,12.67,20.15
2022-07-12 20:00:00,20_24,23.93,25.18,1.19,1.7
2022-07-13 00:00:00,00_04,6.18,7.75,3.21,3.83
2022-07-13 04:00:00,04_08,9.76,10.94,5.34,7.14
2022-07-13 08:00:00,08_12,20.41,22.89,16.53,20.55
2022-07-13 12:00:00,12_16,17.66,20.07,40.03,76.5
2022-07-13 16:00:00,16_20,19.6,21.91,17.22,27.0
2022-07-13 20:00:00,20_24,21.33,23.58,1.27,1.82
2022-07-14 00:00:00,00_04,6.39,7.02,2.87,3.34
2022-07-14 04:00:00,04_08,9.06,9.55,4.85,6.47
2022-07-14 08:00:00,08_12,19.02,20.59,15.81,19.07
2022-07-14 12:00:00,12_16,17.0,18.29,38.68,50.71
2022-07-14 16:00:00,16_20,18.88,19.96,17.16,22.09
2022-07-14 20:00:00,20_24,20.18,21.48,1.31,1.63
2022-07-15 00:00:00,00_04,5.73,6.81,2.71,3.15
2022-07-15 04:00:00,04_08,8.08,9.18,4.56,5.27
2022-07-15 08:00:00,08_12,17.64,20.03,17.69,22.0
2022-07-15 12:00:00,12_16,16.14,19.12,44.26,71.67
2022-07-15 16:00:00,16_20,17.67,19.71,16.67,20.27
2022-07-15 20:00:00,20_24,21.39,32.84,1.15,1.5
2022-07-16 00:00:00,00_04,6.55,11.4,3.38,5.13
2022-07-16 04:00:00,04_08,8.35,12.2,5.64,7.35
2022-07-16 08:00:00,08_12,16.57,22.2,48.77,84.44
2022-07-16 12:00:00,12_16,15.39,21.67,109.31,155.11
2022-07-16 16:00:00,16_20,17.02,19.33,42.44,82.27
2022-07-16 20:00:00,20_24,22.16,26.13,1.65,2.41
2022-07-17 00:00:00,00_04,6.84,8.61,4.57,6.3
2022-07-17 04:00:00,04_08,8.5,10.96,6.28,8.72
2022-07-17 08:00:00,08_12,16.47,19.2,59.42,78.0
2022-07-17 12:00:00,12_16,15.55,18.18,118.15,157.45
2022-07-17 16:00:00,16_20,16.29,19.54,45.09,59.2
2022-07-17 20:00:00,20_24,20.8,24.14,1.6,1.98
2022-07-18 00:00:00,00_04,7.29,8.3,3.27,4.43
2022-07-18 04:00:00,04_08,11.42,13.98,5.01,6.39
2022-07-18 08:00:00,08_12,21.16,25.75,20.71,23.48
2022-07-18 12:00:00,12_16,18.7,22.7,41.05,47.89
2022-07-18 16:00:00,16_20,25.79,31.5,17.64,23.42
2022-07-18 20:00:00,20_24,44.89,70.0,1.14,1.56
2022-07-19 00:00:00,00_04,6.76,7.75,2.69,3.38
2022-07-19 04:00:00,04_08,10.6,12.78,4.43,5.63
2022-07-19 08:00:00,08_12,21.11,26.42,18.47,21.9
2022-07-19 12:00:00,12_16,17.72,20.0,39.26,53.83
2022-07-19 16:00:00,16_20,24.04,26.78,14.86,17.85
2022-07-19 20:00:00,20_24,38.53,55.22,1.18,2.0
2022-07-20 00:00:00,00_04,6.1,6.64,5.23,14.78
2022-07-20 04:00:00,04_08,9.27,10.11,6.18,15.0
2022-07-20 08:00:00,08_12,19.79,21.0,17.58,21.57
2022-07-20 12:00:00,12_16,16.52,17.88,37.81,44.7
2022-07-20 16:00:00,16_20,20.75,22.63,18.45,91.11
2022-07-20 20:00:00,20_24,35.69,39.97,1.38,2.0
2022-07-21 00:00:00,00_04,5.49,6.27,5.39,7.55
2022-07-21 04:00:00,04_08,8.64,9.62,6.93,10.14
2022-07-21 08:00:00,08_12,18.29,19.39,16.03,18.08
2022-07-21 12:00:00,12_16,15.51,17.89,36.91,47.8
2022-07-21 16:00:00,16_20,19.2,21.58,18.18,25.83
2022-07-21 20:00:00,20_24,31.68,38.25,1.21,1.54
2022-07-22 00:00:00,00_04,5.42,5.99,4.78,6.74
2022-07-22 04:00:00,04_08,8.45,10.86,6.28,9.72
2022-07-22 08:00:00,08_12,17.17,18.64,14.11,15.7
2022-07-22 12:00:00,12_16,15.14,16.53,36.26,42.7
2022-07-22 16:00:00,16_20,19.31,24.04,16.48,20.05
2022-07-22 20:00:00,20_24,32.91,50.53,1.09,1.29
2022-07-23 00:00:00,00_04,7.53,15.0,5.09,6.69
2022-07-23 04:00:00,04_08,9.7,14.68,6.72,8.43
2022-07-23 08:00:00,08_12,17.85,26.0,18.08,26.3
2022-07-23 12:00:00,12_16,14.52,16.66,59.56,85.0
2022-07-23 16:00:00,16_20,17.86,20.5,25.4,41.54
2022-07-23 20:00:00,20_24,34.91,47.35,1.18,1.62
2022-07-24 00:00:00,00_04,8.37,13.0,5.46,6.89
2022-07-24 04:00:00,04_08,10.05,12.53,6.93,9.28
2022-07-24 08:00:00,08_12,19.22,27.8,47.27,95.5
2022-07-24 12:00:00,12_16,13.41,15.26,94.06,150.0
2022-07-24 16:00:00,16_20,16.93,19.72,31.66,43.11
2022-07-24 20:00:00,20_24,34.82,46.0,1.09,1.44
2022-07-25 00:00:00,00_04,8.27,10.8,5.44,9.29
2022-07-25 04:00:00,04_08,11.45,14.31,6.98,12.0
2022-07-25 08:00:00,08_12,23.4,30.17,21.74,29.5
2022-07-25 12:00:00,12_16,15.06,17.42,44.45,63.51
2022-07-25 16:00:00,16_20,21.88,29.4,19.33,25.8
2022-07-25 20:00:00,20_24,37.73,48.0,1.02,1.24
2022-07-26 00:00:00,00_04,7.8,8.46,5.59,8.0
2022-07-26 04:00:00,04_08,11.42,14.22,8.19,16.08
2022-07-26 08:00:00,08_12,23.61,27.11,18.86,22.5
2022-07-26 12:00:00,12_16,14.83,16.38,43.08,59.03
2022-07-26 16:00:00,16_20,21.71,24.87,19.83,32.21
2022-07-26 20:00:00,20_24,36.29,38.56,0.92,1.1
2022-07-27 00:00:00,00_04,6.95,7.57,5.1,8.34
2022-07-27 04:00:00,04_08,11.44,12.64,7.41,10.31
2022-07-27 08:00:00,08_12,22.27,24.3,16.71,20.8
2022-07-27 12:00:00,12_16,14.24,15.37,44.64,66.83
2022-07-27 16:00:00,16_20,21.25,26.59,19.55,25.2
2022-07-27 20:00:00,20_24,33.32,37.45,0.79,1.0
2022-07-28 00:00:00,00_04,6.69,7.27,5.26,6.81
2022-07-28 04:00:00,04_08,11.66,13.8,7.09,9.93
2022-07-28 08:00:00,08_12,21.02,24.35,14.62,16.32
2022-07-28 12:00:00,12_16,13.31,16.86,37.62,43.91
2022-07-28 16:00:00,16_20,26.97,34.08,15.8,18.28
2022-07-28 20:00:00,20_24,37.87,52.73,0.73,1.0
2022-07-29 00:00:00,00_04,6.03,6.65,5.07,8.41
2022-07-29 04:00:00,04_08,10.11,11.52,6.76,7.85
2022-07-29 08:00:00,08_12,19.02,20.75,12.1,13.63
2022-07-29 12:00:00,12_16,13.19,14.2,32.35,34.46
2022-07-29 16:00:00,16_20,21.99,25.89,12.66,14.28
2022-07-29 20:00:00,20_24,33.15,37.5,0.78,0.96
2022-07-30 00:00:00,00_04,7.43,11.6,5.32,6.36
2022-07-30 04:00:00,04_08,10.74,15.4,6.27,7.28
2022-07-30 08:00:00,08_12,17.51,20.0,18.28,22.1
2022-07-30 12:00:00,12_16,12.35,13.41,55.53,76.52
2022-07-30 16:00:00,16_20,20.05,24.34,22.18,28.97
2022-07-30 20:00:00,20_24,31.61,40.0,1.02,1.48
2022-07-31 00:00:00,00_04,7.9,10.5,5.17,5.68
2022-07-31 04:00:00,04_08,10.67,13.08,5.89,6.85
2022-07-31 08:00:00,08_12,17.99,23.4,39.84,58.99
2022-07-31 12:00:00,12_16,11.15,12.0,81.33,109.05
2022-07-31 16:00:00,16_20,18.61,20.34,25.95,35.64
2022-07-31 20:00:00,20_24,30.29,33.78,1.1,1.41
2022-08-01 00:00:00,00_04,7.48,9.56,5.78,12.76
2022-08-01 04:00:00,04_08,10.94,12.91,7.23,17.39
2022-08-01 08:00:00,08_12,21.3,24.58,20.36,24.0
2022-08-01 12:00:00,12_16,12.51,14.41,35.39,44.56
2022-08-01 16:00:00,16_20,23.02,29.01,17.64,20.33
2022-08-01 20:00:00,20_24,33.22,42.0,0.94,1.17
2022-08-02 00:00:00,00_04,6.8,7.54,6.5,10.62
2022-08-02 04:00:00,04_08,9.86,10.82,9.12,14.5
2022-08-02 08:00:00,08_12,18.96,20.57,17.08,21.52
2022-08-02 12:00:00,12_16,10.49,12.02,36.4,57.38
2022-08-02 16:00:00,16_20,22.19,24.4,15.5,18.29
2022-08-02 20:00:00,20_24,31.4,34.95,0.84,1.1
2022-08-03 00:00:00,00_04,6.11,6.68,6.64,7.86
2022-08-03 04:00:00,04_08,8.97,9.5,9.14,10.65
2022-08-03 08:00:00,08_12,16.29,17.25,15.22,18.0
2022-08-03 12:00:00,12_16,9.02,10.12,44.8,68.65
2022-08-03 16:00:00,16_20,21.85,26.3,14.49,18.33
2022-08-03 20:00:00,20_24,32.17,42.23,0.78,1.0
2022-08-04 00:00:00,00_04,5.6,6.68,5.34,6.0
2022-08-04 04:00:00,04_08,8.28,10.4,7.16,7.93
2022-08-04 08:00:00,08_12,14.74,16.23,13.44,14.85
2022-08-04 12:00:00,12_16,8.12,8.83,41.94,57.79
2022-08-04 16:00:00,16_20,20.55,23.03,13.16,14.71
2022-08-04 20:00:00,20_24,30.43,36.6,0.78,0.9
2022-08-05 00:00:00,00_04,5.62,6.21,4.37,5.0
2022-08-05 04:00:00,04_08,8.25,9.42,5.6,6.49
2022-08-05 08:00:00,08_12,13.66,14.66,11.44,12.55
2022-08-05 12:00:00,12_16,7.18,7.82,38.06,43.28
2022-08-05 16:00:00,16_20,18.14,20.63,11.59,12.99
2022-08-05 20:00:00,20_24,27.91,30.66,0.69,0.86
2022-08-06 00:00:00,00_04,6.49,9.0,4.35,5.8
2022-08-06 04:00:00,04_08,9.58,12.42,5.57,7.0
2022-08-06 08:00:00,08_12,13.07,16.25,22.82,33.74
2022-08-06 12:00:00,12_16,7.69,13.66,71.33,98.22
2022-08-06 16:00:00,16_20,17.38,20.5,26.54,34.44
2022-08-06 20:00:00,20_24,27.5,35.76,1.05,1.42
2022-08-07 00:00:00,00_04,6.44,7.6,4.91,5.7
2022-08-07 04:00:00,04_08,9.55,11.2,5.98,6.74
2022-08-07 08:00:00,08_12,12.81,16.39,42.85,64.1
2022-08-07 12:00:00,12_16,9.52,11.42,90.61,116.78
2022-08-07 16:00:00,16_20,17.11,18.85,29.31,34.02
2022-08-07 20:00:00,20_24,26.21,28.55,1.07,1.39
2022-08-08 00:00:00,00_04,6.94,8.16,6.28,9.79
2022-08-08 04:00:00,04_08,9.93,11.7,7.44,11.1
2022-08-08 08:00:00,08_12,17.14,21.07,19.64,22.2
2022-08-08 12:00:00,12_16,10.62,12.2,36.75,48.0
2022-08-08 16:00:00,16_20,18.89,22.6,17.51,20.0
2022-08-08 20:00:00,20_24,30.06,34.43,0.91,1.1
2022-08-09 00:00:00,00_04,6.59,7.65,6.15,7.56
2022-08-09 04:00:00,04_08,9.3,10.39,7.19,9.41
2022-08-09 08:00:00,08_12,16.7,19.25,17.13,19.61
2022-08-09 12:00:00,12_16,9.5,10.85,35.25,41.07
2022-08-09 16:00:00,16_20,18.39,20.66,15.44,16.85
2022-08-09 20:00:00,20_24,27.89,30.56,0.82,1.04
2022-08-10 00:00:00,00_04,6.34,6.78,5.34,6.21
2022-08-10 04:00:00,04_08,8.62,9.42,6.94,7.88
2022-08-10 08:00:00,08_12,17.12,27.03,15.37,16.83
2022-08-10 12:00:00,12_16,8.84,9.69,33.53,37.71
2022-08-10 16:00:00,16_20,16.87,19.04,13.52,14.9
2022-08-10 20:00:00,20_24,26.13,27.47,0.76,0.88
2022-08-11 00:00:00,00_04,5.75,6.17,4.64,5.26
2022-08-11 04:00:00,04_08,8.02,8.65,6.0,6.8
2022-08-11 08:00:00,08_12,18.64,21.07,40.06,475.36
2022-08-11 12:00:00,12_16,8.12,8.85,29.5,39.86
2022-08-11 16:00:00,16_20,17.31,20.05,11.52,12.96
2022-08-11 20:00:00,20_24,24.67,25.96,0.62,0.77
2022-08-12 00:00:00,00_04,5.23,5.81,3.79,4.37
2022-08-12 04:00:00,04_08,7.15,7.73,6.2,24.24
2022-08-12 08:00:00,08_12,16.74,18.22,39.1,72.14
2022-08-12 12:00:00,12_16,6.96,7.77,31.22,52.37
2022-08-12 16:00:00,16_20,16.08,17.98,10.13,11.14
2022-08-12 20:00:00,20_24,23.01,26.01,0.56,0.7
2022-08-13 00:00:00,00_04,7.81,15.19,3.67,4.65
2022-08-13 04:00:00,04_08,10.6,18.57,7.39,9.72
2022-08-13 08:00:00,08_12,18.63,28.13,32.83,40.0
2022-08-13 12:00:00,12_16,8.05,10.7,65.75,97.5
2022-08-13 16:00:00,16_20,16.62,17.76,21.67,31.9
2022-08-13 20:00:00,20_24,25.12,29.73,0.76,1.13
2022-08-14 00:00:00,00_04,10.16,19.69,4.14,5.35
2022-08-14 04:00:00,04_08,11.66,18.27,7.38,8.66
2022-08-14 08:00:00,08_12,20.12,28.86,49.6,95.0
2022-08-14 12:00:00,12_16,8.32,9.91,93.74,149.08
2022-08-14 16:00:00,16_20,16.48,18.32,25.93,39.06
2022-08-14 20:00:00,20_24,23.97,27.5,1.29,5.2
2022-08-15 00:00:00,00_04,9.04,13.67,3.38,8.54
2022-08-15 04:00:00,04_08,8.91,12.88,4.57,9.89
2022-08-15 08:00:00,08_12,22.4,28.66,12.39,24.5
2022-08-15 12:00:00,12_16,10.94,32.04,32.02,46.28
2022-08-15 16:00:00,16_20,19.48,30.85,15.68,20.4
2022-08-15 20:00:00,20_24,23.94,29.95,0.72,1.35
2022-08-16 00:00:00,00_04,8.14,9.2,4.81,5.82
2022-08-16 04:00:00,04_08,8.93,9.78,6.58,8.52
2022-08-16 08:00:00,08_12,20.31,22.73,16.34,20.0
2022-08-16 12:00:00,12_16,13.6,19.95,29.38,35.0
2022-08-16 16:00:00,16_20,20.03,23.38,13.03,15.38
2022-08-16 20:00:00,20_24,25.13,28.35,0.78,1.01
2022-08-17 00:00:00,00_04,8.51,13.29,3.92,4.8
2022-08-17 04:00:00,04_08,8.11,9.55,5.59,6.9
2022-08-17 08:00:00,08_12,17.74,20.18,13.31,17.05
2022-08-17 12:00:00,12_16,13.33,15.33,22.28,28.4
2022-08-17 16:00:00,16_20,18.42,25.73,9.32,13.0
2022-08-17 20:00:00,20_24,23.62,29.0,0.82,2.5
2022-08-18 00:00:00,00_04,8.16,9.43,4.85,13.96
2022-08-18 04:00:00,04_08,7.8,9.29,5.35,6.91
2022-08-18 08:00:00,08_12,16.61,17.76,14.1,19.59
2022-08-18 12:00:00,12_16,12.19,13.7,20.73,24.64
2022-08-18 16:00:00,16_20,19.67,22.71,11.02,20.69
2022-08-18 20:00:00,20_24,24.47,27.92,0.93,1.64
2022-08-19 00:00:00,00_04,7.33,7.91,5.91,8.92
2022-08-19 04:00:00,04_08,7.76,8.63,4.84,5.92
2022-08-19 08:00:00,08_12,15.52,17.89,70.21,731.44
2022-08-19 12:00:00,12_16,11.14,12.38,18.66,22.75
2022-08-19 16:00:00,16_20,19.29,20.6,11.38,14.13
2022-08-19 20:00:00,20_24,24.2,25.68,0.91,1.23
2022-08-20 00:00:00,00_04,7.98,10.82,5.88,9.49
2022-08-20 04:00:00,04_08,8.53,11.38,6.8,10.44
2022-08-20 08:00:00,08_12,17.49,22.03,41.75,59.97
2022-08-20 12:00:00,12_16,9.62,10.83,59.63,102.27
2022-08-20 16:00:00,16_20,17.06,18.03,22.65,28.92
2022-08-20 20:00:00,20_24,22.85,25.68,1.26,2.3
2022-08-21 00:00:00,00_04,8.79,11.49,6.97,9.0
2022-08-21 04:00:00,04_08,9.33,10.67,7.99,9.7
2022-08-21 08:00:00,08_12,19.43,22.0,76.74,129.05
2022-08-21 12:00:00,12_16,9.14,9.7,121.41,236.38
2022-08-21 16:00:00,16_20,16.39,17.65,29.92,42.76
2022-08-21 20:00:00,20_24,21.6,23.4,2.31,4.87
2022-08-22 00:00:00,00_04,8.79,10.87,6.18,8.69
2022-08-22 04:00:00,04_08,8.69,10.17,6.37,9.14
2022-08-22 08:00:00,08_12,19.93,24.15,25.74,37.46
2022-08-22 12:00:00,12_16,9.82,11.66,40.08,49.25
2022-08-22 16:00:00,16_20,19.0,21.75,17.03,20.29
2022-08-22 20:00:00,20_24,21.26,24.81,1.18,1.87
2022-08-23 00:00:00,00_04,8.32,8.89,5.22,7.0
2022-08-23 04:00:00,04_08,8.6,9.17,6.32,7.96
2022-08-23 08:00:00,08_12,19.3,20.9,22.44,54.52
2022-08-23 12:00:00,12_16,9.33,11.25,31.66,37.62
2022-08-23 16:00:00,16_20,19.07,22.67,13.6,15.08
2022-08-23 20:00:00,20_24,21.55,23.5,1.01,1.2
2022-08-24 00:00:00,00_04,7.5,8.0,5.0,6.12
2022-08-24 04:00:00,04_08,8.01,8.57,5.79,7.01
2022-08-24 08:00:00,08_12,18.49,19.63,25.23,33.6
2022-08-24 12:00:00,12_16,9.05,9.73,28.48,33.96
2022-08-24 16:00:00,16_20,20.18,28.78,11.53,13.67
2022-08-24 20:00:00,20_24,20.82,22.37,0.83,1.06
2022-08-25 00:00:00,00_04,6.86,7.39,4.88,5.8
2022-08-25 04:00:00,04_08,7.54,8.32,5.57,6.41
2022-08-25 08:00:00,08_12,17.54,18.31,21.11,27.38
2022-08-25 12:00:00,12_16,8.25,8.85,26.05,32.27
2022-08-25 16:00:00,16_20,22.58,31.28,10.71,12.39
2022-08-25 20:00:00,20_24,20.2,21.87,0.81,0.95
2022-08-26 00:00:00,00_04,6.28,6.86,4.59,5.06
2022-08-26 04:00:00,04_08,7.3,7.8,5.07,5.59
2022-08-26 08:00:00,08_12,16.66,17.86,19.49,22.5
2022-08-26 12:00:00,12_16,7.59,8.95,24.35,27.57
2022-08-26 16:00:00,16_20,24.46,26.75,9.76,10.62
2022-08-26 20:00:00,20_24,19.43,20.41,0.73,0.92
2022-08-27 00:00:00,00_04,7.82,9.05,5.25,8.18
2022-08-27 04:00:00,04_08,8.68,9.79,6.45,8.36
2022-08-27 08:00:00,08_12,18.24,20.01,30.77,42.33
2022-08-27 12:00:00,12_16,8.04,9.81,57.86,83.44
2022-08-27 16:00:00,16_20,20.35,22.78,20.6,26.48
2022-08-27 20:00:00,20_24,18.51,20.4,4.26,38.89
2022-08-28 00:00:00,00_04,8.19,11.12,8.25,15.48
2022-08-28 04:00:00,04_08,8.41,9.67,8.29,14.25
2022-08-28 08:00:00,08_12,17.57,18.9,78.66,133.0
2022-08-28 12:00:00,12_16,8.24,14.69,139.67,211.81
2022-08-28 16:00:00,16_20,18.47,20.63,37.42,63.1
2022-08-28 20:00:00,20_24,17.35,18.84,11.42,33.87
2022-08-29 00:00:00,00_04,9.13,11.03,8.62,13.72
2022-08-29 04:00:00,04_08,8.91,9.87,9.15,19.62
2022-08-29 08:00:00,08_12,20.24,23.52,28.08,34.15
2022-08-29 12:00:00,12_16,11.76,15.49,43.15,82.39
2022-08-29 16:00:00,16_20,29.73,61.43,21.35,26.73
2022-08-29 20:00:00,20_24,20.08,32.45,8.63,14.69
2022-08-30 00:00:00,00_04,8.2,9.01,7.6,10.15
2022-08-30 04:00:00,04_08,8.4,9.85,8.5,11.7
2022-08-30 08:00:00,08_12,19.3,22.0,24.36,29.0
2022-08-30 12:00:00,12_16,11.43,12.8,35.89,45.44
2022-08-30 16:00:00,16_20,28.54,34.95,15.6,18.0
2022-08-30 20:00:00,20_24,21.83,23.92,7.19,11.8
2022-08-31 00:00:00,00_04,7.45,8.19,8.54,18.09
2022-08-31 04:00:00,04_08,8.07,9.14,7.67,10.48
2022-08-31 08:00:00,08_12,18.7,21.33,21.11,23.14
2022-08-31 12:00:00,12_16,10.16,11.36,28.53,32.0
2022-08-31 16:00:00,16_20,23.86,27.0,11.58,13.47
2022-08-31 20:00:00,20_24,19.79,21.34,7.1,9.71
2022-09-01 00:00:00,00_04,7.07,7.89,10.97,17.48
2022-09-01 04:00:00,04_08,8.25,12.86,7.67,9.93
2022-09-01 08:00:00,08_12,18.06,19.0,17.56,19.4
2022-09-01 12:00:00,12_16,9.07,9.79,24.73,28.77
2022-09-01 16:00:00,16_20,24.61,35.0,9.69,12.5
2022-09-01 20:00:00,20_24,18.75,20.87,6.17,7.94
2022-09-02 00:00:00,00_04,6.98,11.69,9.72,11.59
2022-09-02 04:00:00,04_08,9.27,12.34,6.9,7.9
2022-09-02 08:00:00,08_12,17.54,21.1,15.91,18.62
2022-09-02 12:00:00,12_16,7.95,8.56,36.23,64.78
2022-09-02 16:00:00,16_20,23.88,28.13,12.56,23.29
2022-09-02 20:00:00,20_24,17.88,18.9,6.88,12.45
2022-09-03 00:00:00,00_04,12.16,29.5,13.36,23.3
2022-09-03 04:00:00,04_08,12.4,19.75,10.8,16.62
2022-09-03 08:00:00,08_12,21.52,42.5,35.48,51.36
2022-09-03 12:00:00,12_16,8.46,12.0,96.14,167.27
2022-09-03 16:00:00,16_20,25.68,41.85,26.77,41.54
2022-09-03 20:00:00,20_24,21.58,47.4,10.1,15.74
2022-09-04 00:00:00,00_04,14.44,29.27,17.68,25.14
2022-09-04 04:00:00,04_08,15.15,31.08,14.63,21.43
2022-09-04 08:00:00,08_12,25.29,43.48,61.78,87.64
2022-09-04 12:00:00,12_16,8.26,11.58,138.85,196.32
2022-09-04 16:00:00,16_20,26.43,44.0,33.93,46.3
2022-09-04 20:00:00,20_24,25.97,38.06,11.05,18.36
2022-09-05 00:00:00,00_04,9.72,13.28,24.27,68.32
2022-09-05 04:00:00,04_08,11.65,16.81,16.01,30.16
2022-09-05 08:00:00,08_12,23.13,31.45,21.68,28.95
2022-09-05 12:00:00,12_16,9.79,11.86,51.28,73.05
2022-09-05 16:00:00,16_20,30.58,40.0,20.1,26.2
2022-09-05 20:00:00,20_24,25.8,35.03,9.79,14.46
2022-09-06 00:00:00,00_04,9.02,10.52,33.86,76.25
2022-09-06 04:00:00,04_08,10.69,13.54,20.14,49.36
2022-09-06 08:00:00,08_12,20.87,23.6,18.35,21.0
2022-09-06 12:00:00,12_16,8.65,9.95,35.28,51.4
2022-09-06 16:00:00,16_20,30.08,51.09,14.58,18.63
2022-09-06 20:00:00,20_24,26.12,35.21,7.71,9.94
2022-09-07 00:00:00,00_04,8.23,9.5,35.07,55.66
2022-09-07 04:00:00,04_08,9.92,11.97,23.83,38.71
2022-09-07 08:00:00,08_12,19.41,23.29,13.55,15.8
2022-09-07 12:00:00,12_16,8.76,11.88,27.38,31.4
2022-09-07 16:00:00,16_20,42.57,58.5,11.13,13.68
2022-09-07 20:00:00,20_24,30.14,43.62,6.38,8.58
2022-09-08 00:00:00,00_04,7.4,8.39,23.93,31.38
2022-09-08 04:00:00,04_08,9.29,10.81,17.06,23.0
2022-09-08 08:00:00,08_12,17.85,19.55,10.97,13.2
2022-09-08 12:00:00,12_16,8.22,8.82,18.58,20.91
2022-09-08 16:00:00,16_20,31.8,38.64,9.01,11.24
2022-09-08 20:00:00,20_24,26.06,30.98,5.59,6.89
2022-09-09 00:00:00,00_04,6.83,7.21,18.63,24.48
2022-09-09 04:00:00,04_08,8.64,9.4,12.69,16.58
2022-09-09 08:00:00,08_12,16.09,17.08,9.11,10.4
2022-09-09 12:00:00,12_16,7.17,7.91,16.11,22.43
2022-09-09 16:00:00,16_20,27.52,33.05,7.81,9.0
2022-09-09 20:00:00,20_24,21.9,24.89,4.66,5.38
2022-09-10 00:00:00,00_04,6.8,9.32,16.86,20.14
2022-09-10 04:00:00,04_08,8.24,10.77,11.34,14.03
2022-09-10 08:00:00,08_12,14.18,16.0,16.03,29.0
2022-09-10 12:00:00,12_16,6.17,6.95,28.35,49.1
2022-09-10 16:00:00,16_20,22.92,25.32,11.8,20.68
2022-09-10 20:00:00,20_24,20.08,22.68,3.92,5.68
2022-09-11 00:00:00,00_04,6.75,7.71,16.11,19.07
2022-09-11 04:00:00,04_08,8.39,9.34,11.52,13.62
2022-09-11 08:00:00,08_12,13.1,14.22,26.08,33.22
2022-09-11 12:00:00,12_16,5.77,6.16,53.99,82.08
2022-09-11 16:00:00,16_20,20.34,22.64,19.19,27.33
2022-09-11 20:00:00,20_24,18.73,21.1,4.07,5.0
2022-09-12 00:00:00,00_04,6.79,7.68,14.64,17.92
2022-09-12 04:00:00,04_08,8.2,9.68,10.73,13.92
2022-09-12 08:00:00,08_12,17.1,22.43,15.38,17.86
2022-09-12 12:00:00,12_16,6.95,8.94,29.65,35.0
2022-09-12 16:00:00,16_20,25.22,31.4,13.21,15.77
2022-09-12 20:00:00,20_24,21.79,27.0,3.79,4.76
2022-09-13 00:00:00,00_04,6.29,6.8,19.31,40.9
2022-09-13 04:00:00,04_08,7.63,8.43,14.43,27.0
2022-09-13 08:00:00,08_12,16.05,18.0,11.77,14.5
2022-09-13 12:00:00,12_16,6.58,7.52,20.86,24.1
2022-09-13 16:00:00,16_20,24.27,28.01,9.89,11.88
2022-09-13 20:00:00,20_24,20.62,23.49,3.1,3.9
2022-09-14 00:00:00,00_04,5.86,6.33,19.08,28.62
2022-09-14 04:00:00,04_08,7.27,9.65,13.77,17.76
2022-09-14 08:00:00,08_12,17.79,26.9,10.03,11.3
2022-09-14 12:00:00,12_16,6.47,9.94,14.79,16.56
2022-09-14 16:00:00,16_20,25.57,32.67,8.65,50.0
2022-09-14 20:00:00,20_24,21.23,25.34,2.74,3.38
2022-09-15 00:00:00,00_04,5.42,6.01,18.82,21.56
2022-09-15 04:00:00,04_08,7.57,9.36,13.25,15.09
2022-09-15 08:00:00,08_12,17.31,21.86,9.12,10.33
2022-09-15 12:00:00,12_16,7.84,15.0,17.99,24.52
2022-09-15 16:00:00,16_20,24.71,27.46,14.35,19.11
2022-09-15 20:00:00,20_24,19.11,22.26,2.82,3.42
2022-09-16 00:00:00,00_04,5.46,8.61,26.04,43.99
2022-09-16 04:00:00,04_08,8.53,17.89,14.66,20.1
2022-09-16 08:00:00,08_12,30.37,150.0,97.4,580.91
2022-09-16 12:00:00,12_16,14.04,41.14,55.16,97.84
2022-09-16 16:00:00,16_20,23.53,26.16,23.3,34.0
2022-09-16 20:00:00,20_24,18.19,26.12,6.76,11.88
2022-09-17 00:00:00,00_04,10.27,17.5,35.53,46.91
2022-09-17 04:00:00,04_08,13.96,21.37,23.77,33.14
2022-09-17 08:00:00,08_12,37.81,59.83,63.86,79.08
2022-09-17 12:00:00,12_16,19.44,29.33,117.68,147.31
2022-09-17 16:00:00,16_20,26.17,35.23,42.45,64.12
2022-09-17 20:00:00,20_24,26.52,36.62,12.35,17.63
2022-09-18 00:00:00,00_04,11.46,14.7,38.34,48.7
2022-09-18 04:00:00,04_08,14.17,17.6,30.76,38.87
2022-09-18 08:00:00,08_12,30.36,38.6,71.68,104.99
2022-09-18 12:00:00,12_16,16.09,21.54,118.15,166.19
2022-09-18 16:00:00,16_20,25.05,30.9,47.96,75.23
2022-09-18 20:00:00,20_24,23.05,27.8,12.7,25.26
2022-09-19 00:00:00,00_04,9.23,11.02,30.69,38.97
2022-09-19 04:00:00,04_08,13.23,15.75,23.06,55.54
2022-09-19 08:00:00,08_12,28.49,39.56,29.57,42.13
2022-09-19 12:00:00,12_16,14.33,17.42,40.54,60.0
2022-09-19 16:00:00,16_20,25.33,29.11,23.53,43.53
2022-09-19 20:00:00,20_24,21.91,26.67,10.2,14.1
2022-09-20 00:00:00,00_04,8.2,10.07,21.35,33.85
2022-09-20 04:00:00,04_08,13.58,21.15,20.56,29.7
2022-09-20 08:00:00,08_12,25.3,33.2,19.64,24.29
2022-09-20 12:00:00,12_16,12.63,15.5,24.6,30.03
2022-09-20 16:00:00,16_20,35.95,71.26,19.3,50.0
2022-09-20 20:00:00,20_24,34.05,59.73,7.02,9.24
2022-09-21 00:00:00,00_04,7.66,8.86,20.19,23.44
2022-09-21 04:00:00,04_08,19.13,37.9,16.64,19.2
2022-09-21 08:00:00,08_12,29.97,38.6,15.57,17.86
2022-09-21 12:00:00,12_16,12.2,13.93,21.68,28.44
2022-09-21 16:00:00,16_20,49.86,79.11,20.52,26.63
2022-09-21 20:00:00,20_24,38.53,50.0,5.68,7.08
2022-09-22 00:00:00,00_04,7.78,9.96,16.04,18.52
2022-09-22 04:00:00,04_08,23.82,39.11,13.81,16.51
2022-09-22 08:00:00,08_12,30.69,38.54,12.77,15.63
2022-09-22 12:00:00,12_16,11.83,13.05,20.24,23.59
2022-09-22 16:00:00,16_20,55.18,75.46,17.19,20.9
2022-09-22 20:00:00,20_24,37.57,43.31,4.51,5.7
2022-09-23 00:00:00,00_04,7.62,8.7,13.24,15.71
2022-09-23 04:00:00,04_08,25.48,31.41,11.86,13.63
2022-09-23 08:00:00,08_12,43.18,127.0,60.34,540.0
2022-09-23 12:00:00,12_16,18.34,120.0,18.27,20.85
2022-09-23 16:00:00,16_20,57.8,67.92,14.73,17.14
2022-09-23 20:00:00,20_24,34.38,37.25,3.86,4.65
2022-09-24 00:00:00,00_04,7.36,8.24,12.12,14.61
2022-09-24 04:00:00,04_08,21.84,25.17,11.47,13.78
2022-09-24 08:00:00,08_12,35.02,43.16,41.12,64.48
2022-09-24 12:00:00,12_16,19.23,28.79,22.99,35.38
2022-09-24 16:00:00,16_20,42.2,47.32,21.49,83.75
2022-09-24 20:00:00,20_24,27.32,30.55,4.55,8.0
2022-09-25 00:00:00,00_04,6.64,7.06,13.74,17.45
2022-09-25 04:00:00,04_08,18.46,20.54,13.65,19.6
2022-09-25 08:00:00,08_12,26.21,32.91,32.76,44.92
2022-09-25 12:00:00,12_16,14.2,18.02,43.4,57.14
2022-09-25 16:00:00,16_20,32.98,38.94,27.8,36.86
2022-09-25 20:00:00,20_24,25.81,29.86,5.06,6.29
2022-09-26 00:00:00,00_04,6.42,6.99,16.68,29.34
2022-09-26 04:00:00,04_08,18.4,26.22,17.99,29.99
2022-09-26 08:00:00,08_12,29.18,35.12,24.95,36.28
2022-09-26 12:00:00,12_16,13.27,14.95,39.98,58.16
2022-09-26 16:00:00,16_20,31.28,39.77,21.88,32.66
2022-09-26 20:00:00,20_24,24.42,27.51,3.96,5.35
2022-09-27 00:00:00,00_04,6.14,6.88,20.36,44.82
2022-09-27 04:00:00,04_08,17.2,19.36,20.82,33.75
2022-09-27 08:00:00,08_12,29.66,33.34,19.45,26.0
2022-09-27 12:00:00,12_16,11.66,13.24,25.41,30.84
2022-09-27 16:00:00,16_20,37.97,46.54,25.2,136.4
2022-09-27 20:00:00,20_24,27.12,30.34,3.57,4.42
2022-09-28 00:00:00,00_04,6.28,7.56,22.57,29.56
2022-09-28 04:00:00,04_08,22.57,35.56,18.9,23.28
2022-09-28 08:00:00,08_12,112.16,490.0,142.66,824.71
2022-09-28 12:00:00,12_16,202.09,1163.0,81.59,374.22
2022-09-28 16:00:00,16_20,71.36,162.0,56.29,216.69
2022-09-28 20:00:00,20_24,29.71,49.03,10.29,43.44
2022-09-29 00:00:00,00_04,6.35,7.38,19.5,23.8
2022-09-29 04:00:00,04_08,22.55,29.0,16.36,18.7
2022-09-29 08:00:00,08_12,63.88,89.43,55.2,80.81
2022-09-29 12:00:00,12_16,60.04,119.46,47.2,64.84
2022-09-29 16:00:00,16_20,66.43,94.0,42.94,59.0
2022-09-29 20:00:00,20_24,30.68,37.97,10.66,17.1
2022-09-30 00:00:00,00_04,6.38,7.13,16.47,18.0
2022-09-30 04:00:00,04_08,23.26,28.2,13.32,14.8
2022-09-30 08:00:00,08_12,50.79,60.24,29.5,37.63
2022-09-30 12:00:00,12_16,42.75,54.0,36.52,45.26
2022-09-30 16:00:00,16_20,48.56,58.67,31.55,39.6
2022-09-30 20:00:00,20_24,27.84,39.84,11.88,19.05
2022-10-01 00:00:00,00_04,12.51,23.15,37.47,53.96
2022-10-01 04:00:00,04_08,20.29,27.23,41.42,68.06
2022-10-01 08:00:00,08_12,37.72,47.55,54.03,76.0
2022-10-01 12:00:00,12_16,27.13,33.6,94.78,139.19
2022-10-01 16:00:00,16_20,35.56,44.4,45.1,57.5
2022-10-01 20:00:00,20_24,24.72,31.5,21.05,33.33
2022-10-02 00:00:00,00_04,11.31,16.5,50.85,81.2
2022-10-02 04:00:00,04_08,17.71,22.57,50.33,71.11
2022-10-02 08:00:00,08_12,31.97,43.86,52.98,68.74
2022-10-02 12:00:00,12_16,21.96,42.63,82.26,115.0
2022-10-02 16:00:00,16_20,35.56,52.65,37.06,47.18
2022-10-02 20:00:00,20_24,27.34,34.6,20.51,24.53
2022-10-03 00:00:00,00_04,9.25,12.0,47.91,75.21
2022-10-03 04:00:00,04_08,17.39,19.64,43.31,67.0
2022-10-03 08:00:00,08_12,31.82,42.39,43.48,59.97
2022-10-03 12:00:00,12_16,21.67,31.78,67.36,96.57
2022-10-03 16:00:00,16_20,34.76,50.0,30.42,38.51
2022-10-03 20:00:00,20_24,25.93,33.66,14.61,18.87
2022-10-04 00:00:00,00_04,7.82,9.15,33.5,46.02
2022-10-04 04:00:00,04_08,19.44,28.28,27.59,37.67
2022-10-04 08:00:00,08_12,43.66,88.71,29.66,36.0
2022-10-04 12:00:00,12_16,23.04,35.03,45.7,61.2
2022-10-04 16:00:00,16_20,42.58,84.16,23.23,29.46
2022-10-04 20:00:00,20_24,31.09,41.32,10.31,13.56
2022-10-05 00:00:00,00_04,7.05,9.13,34.23,49.6
2022-10-05 04:00:00,04_08,17.77,23.56,27.02,35.36
2022-10-05 08:00:00,08_12,43.46,59.9,32.94,43.8
2022-10-05 12:00:00,12_16,26.19,30.46,70.8,106.6
2022-10-05 16:00:00,16_20,44.77,57.09,31.79,42.91
2022-10-05 20:00:00,20_24,30.06,36.5,18.17,30.0
2022-10-06 00:00:00,00_04,7.72,14.12,50.95,69.06
2022-10-06 04:00:00,04_08,75.22,250.0,36.14,60.0
2022-10-06 08:00:00,08_12,47.37,90.0,69.95,304.52
2022-10-06 12:00:00,12_16,26.86,41.64,77.53,100.0
2022-10-06 16:00:00,16_20,60.36,97.28,27.69,32.62
2022-10-06 20:00:00,20_24,32.47,50.0,19.26,65.56
2022-10-07 00:00:00,00_04,8.17,9.97,40.69,45.9
2022-10-07 04:00:00,04_08,51.88,73.0,31.39,35.6
2022-10-07 08:00:00,08_12,53.92,62.0,54.24,70.0
2022-10-07 12:00:00,12_16,25.44,28.96,69.74,82.39
2022-10-07 16:00:00,16_20,53.93,74.07,22.91,26.1
2022-10-07 20:00:00,20_24,31.17,34.8,20.92,26.52
2022-10-08 00:00:00,00_04,7.95,8.99,37.98,43.45
2022-10-08 04:00:00,04_08,38.59,42.53,28.05,33.93
2022-10-08 08:00:00,08_12,42.51,49.48,46.27,57.27
2022-10-08 12:00:00,12_16,22.51,24.87,75.32,88.75
2022-10-08 16:00:00,16_20,48.5,55.28,23.49,30.0
2022-10-08 20:00:00,20_24,28.19,30.97,17.16,20.44
2022-10-09 00:00:00,00_04,7.18,7.9,32.51,36.61
2022-10-09 04:00:00,04_08,26.4,31.0,23.54,27.26
2022-10-09 08:00:00,08_12,32.22,39.5,43.07,48.0
2022-10-09 12:00:00,12_16,18.67,21.45,79.39,90.0
2022-10-09 16:00:00,16_20,45.72,50.15,22.52,24.55
2022-10-09 20:00:00,20_24,27.85,32.63,16.35,18.82
2022-10-10 00:00:00,00_04,6.42,6.94,35.81,43.33
2022-10-10 04:00:00,04_08,25.35,28.69,22.33,30.5
2022-10-10 08:00:00,08_12,37.01,43.81,30.38,35.01
2022-10-10 12:00:00,12_16,19.47,24.24,46.0,54.0
2022-10-10 16:00:00,16_20,45.78,53.73,17.81,20.88
2022-10-10 20:00:00,20_24,26.97,28.95,13.71,16.51
2022-10-11 00:00:00,00_04,6.05,7.41,31.01,36.46
2022-10-11 04:00:00,04_08,23.34,25.08,22.11,30.14
2022-10-11 08:00:00,08_12,36.91,40.94,22.36,26.29
2022-10-11 12:00:00,12_16,17.99,20.17,28.84,36.99
2022-10-11 16:00:00,16_20,52.96,73.0,13.69,15.15
2022-10-11 20:00:00,20_24,28.51,35.34,9.86,11.36
2022-10-12 00:00:00,00_04,5.9,6.49,24.58,30.0
2022-10-12 04:00:00,04_08,20.93,24.48,19.77,23.75
2022-10-12 08:00:00,08_12,37.68,48.02,17.69,19.25
2022-10-12 12:00:00,12_16,16.83,18.22,22.9,27.69
2022-10-12 16:00:00,16_20,55.1,66.85,9.83,13.0
2022-10-12 20:00:00,20_24,28.28,31.65,7.32,9.1
2022-10-13 00:00:00,00_04,5.27,5.68,22.6,27.1
2022-10-13 04:00:00,04_08,19.58,20.86,17.78,22.14
2022-10-13 08:00:00,08_12,49.64,103.0,14.45,120.01
2022-10-13 12:00:00,12_16,25.4,210.0,17.48,20.56
2022-10-13 16:00:00,16_20,51.63,58.14,8.19,9.49
2022-10-13 20:00:00,20_24,25.64,27.0,5.44,7.0
2022-10-14 00:00:00,00_04,4.83,5.72,21.03,23.18
2022-10-14 04:00:00,04_08,18.24,20.94,17.75,21.32
2022-10-14 08:00:00,08_12,49.06,54.0,23.76,31.42
2022-10-14 12:00:00,12_16,30.24,38.62,16.79,25.4
2022-10-14 16:00:00,16_20,46.34,52.49,7.23,10.0
2022-10-14 20:00:00,20_24,22.56,24.9,5.39,8.27
2022-10-15 00:00:00,00_04,5.77,11.58,19.35,24.0
2022-10-15 04:00:00,04_08,16.33,18.31,16.99,20.33
2022-10-15 08:00:00,08_12,38.47,39.98,22.82,31.48
2022-10-15 12:00:00,12_16,19.87,23.41,34.42,48.42
2022-10-15 16:00:00,16_20,40.58,44.56,13.98,38.36
2022-10-15 20:00:00,20_24,19.66,23.66,9.46,15.0
2022-10-16 00:00:00,00_04,8.25,15.96,28.96,38.75
2022-10-16 04:00:00,04_08,14.53,16.14,28.79,39.98
2022-10-16 08:00:00,08_12,34.38,43.58,40.68,56.84
2022-10-16 12:00:00,12_16,18.82,30.42,80.85,107.19
2022-10-16 16:00:00,16_20,36.39,40.93,25.11,32.73
2022-10-16 20:00:00,20_24,20.15,23.58,9.52,11.19
2022-10-17 00:00:00,00_04,8.59,10.04,26.57,32.5
2022-10-17 04:00:00,04_08,17.25,20.52,24.86,31.63
2022-10-17 08:00:00,08_12,37.38,41.06,24.32,29.44
2022-10-17 12:00:00,12_16,20.7,24.2,39.55,49.44
2022-10-17 16:00:00,16_20,42.47,58.58,18.65,23.14
2022-10-17 20:00:00,20_24,22.96,26.88,7.46,8.6
2022-10-18 00:00:00,00_04,7.58,8.39,22.44,24.81
2022-10-18 04:00:00,04_08,18.27,21.06,20.3,25.5
2022-10-18 08:00:00,08_12,37.01,40.74,18.31,22.82
2022-10-18 12:00:00,12_16,19.07,20.0,27.17,31.5
2022-10-18 16:00:00,16_20,47.93,60.96,14.66,16.84
2022-10-18 20:00:00,20_24,22.74,27.5,6.29,7.96
2022-10-19 00:00:00,00_04,6.95,7.75,19.24,23.33
2022-10-19 04:00:00,04_08,18.92,20.85,18.07,22.93
2022-10-19 08:00:00,08_12,35.88,38.17,15.67,17.1
2022-10-19 12:00:00,12_16,17.99,20.51,20.69,22.86
2022-10-19 16:00:00,16_20,49.05,54.14,11.83,14.92
2022-10-19 20:00:00,20_24,21.94,26.49,6.58,12.0
2022-10-20 00:00:00,00_04,8.22,18.47,27.96,45.57
2022-10-20 04:00:00,04_08,17.91,19.85,24.23,35.04
2022-10-20 08:00:00,08_12,32.85,36.17,16.65,22.0
2022-10-20 12:00:00,12_16,17.86,22.61,24.3,34.06
2022-10-20 16:00:00,16_20,43.95,46.3,13.7,18.54
2022-10-20 20:00:00,20_24,21.58,24.76,9.54,15.2
2022-10-21 00:00:00,00_04,8.24,10.0,30.6,36.89
2022-10-21 04:00:00,04_08,17.76,18.92,21.76,25.4
2022-10-21 08:00:00,08_12,32.09,33.8,14.27,15.81
2022-10-21 12:00:00,12_16,16.88,18.1,19.96,21.96
2022-10-21 16:00:00,16_20,39.05,43.7,12.0,15.49
2022-10-21 20:00:00,20_24,21.52,23.19,8.25,11.08
2022-10-22 00:00:00,00_04,7.27,9.53,25.89,28.11
2022-10-22 04:00:00,04_08,16.1,17.53,17.89,19.94
2022-10-22 08:00:00,08_12,26.37,28.87,14.83,23.67
2022-10-22 12:00:00,12_16,14.06,14.85,27.86,35.09
2022-10-22 16:00:00,16_20,34.26,38.52,13.34,15.8
2022-10-22 20:00:00,20_24,17.86,19.19,9.63,16.0
2022-10-23 00:00:00,00_04,7.01,8.18,21.45,24.7
2022-10-23 04:00:00,04_08,14.18,14.93,15.38,18.18
2022-10-23 08:00:00,08_12,21.56,22.67,19.09,24.32
2022-10-23 12:00:00,12_16,12.22,13.02,32.92,39.4
2022-10-23 16:00:00,16_20,28.5,29.7,13.99,16.19
2022-10-23 20:00:00,20_24,14.63,15.69,13.48,19.76
2022-10-24 00:00:00,00_04,6.56,7.35,33.4,48.44
2022-10-24 04:00:00,04_08,13.89,15.95,25.37,36.0
2022-10-24 08:00:00,08_12,19.79,23.33,16.3,20.74
2022-10-24 12:00:00,12_16,10.98,13.0,26.64,33.56
2022-10-24 16:00:00,16_20,27.84,34.49,12.19,14.0
2022-10-24 20:00:00,20_24,14.33,18.72,11.23,14.5
2022-10-25 00:00:00,00_04,6.25,6.88,29.5,37.81
2022-10-25 04:00:00,04_08,13.72,15.33,22.63,26.61
2022-10-25 08:00:00,08_12,20.04,30.33,13.81,19.33
2022-10-25 12:00:00,12_16,12.27,14.78,23.93,28.0
2022-10-25 16:00:00,16_20,34.41,43.35,9.44,11.72
2022-10-25 20:00:00,20_24,17.84,22.69,8.67,16.18
2022-10-26 00:00:00,00_04,5.74,6.3,24.44,27.7
2022-10-26 04:00:00,04_08,13.08,14.25,17.58,20.38
2022-10-26 08:00:00,08_12,22.17,25.0,12.94,14.41
2022-10-26 12:00:00,12_16,11.8,12.77,19.0,21.0
2022-10-26 16:00:00,16_20,33.79,36.0,7.92,9.2
2022-10-26 20:00:00,20_24,17.17,18.79,9.51,11.6
2022-10-27 00:00:00,00_04,5.33,5.71,19.2,21.66
2022-10-27 04:00:00,04_08,12.16,13.2,14.39,15.66
2022-10-27 08:00:00,08_12,20.29,23.38,9.71,11.2
2022-10-27 12:00:00,12_16,10.63,11.54,15.25,16.87
2022-10-27 16:00:00,16_20,29.6,32.73,6.26,7.07
2022-10-27 20:00:00,20_24,15.06,16.38,15.3,93.18
2022-10-28 00:00:00,00_04,4.89,5.31,17.55,19.96
2022-10-28 04:00:00,04_08,11.15,12.39,12.15,14.69
2022-10-28 08:00:00,08_12,19.02,21.11,7.85,8.73
2022-10-28 12:00:00,12_16,9.7,10.44,12.07,13.07
2022-10-28 16:00:00,16_20,26.67,28.0,5.37,6.88
2022-10-28 20:00:00,20_24,13.32,14.3,18.45,25.44
2022-10-29 00:00:00,00_04,4.75,5.53,15.69,16.77
2022-10-29 04:00:00,04_08,10.03,10.69,11.09,12.43
2022-10-29 08:00:00,08_12,16.75,17.55,7.5,8.68
2022-10-29 12:00:00,12_16,8.71,9.2,12.16,17.22
2022-10-29 16:00:00,16_20,22.83,24.22,5.9,7.58
2022-10-29 20:00:00,20_24,12.02,12.83,13.02,15.0
2022-10-30 00:00:00,00_04,4.87,7.65,14.11,18.81
2022-10-30 04:00:00,04_08,9.18,10.85,10.34,13.4
2022-10-30 08:00:00,08_12,14.32,14.99,8.67,11.94
2022-10-30 12:00:00,12_16,7.53,8.07,13.79,18.62
2022-10-30 16:00:00,16_20,19.63,20.93,5.63,7.2
2022-10-30 20:00:00,20_24,10.92,11.67,10.45,11.72
2022-10-31 00:00:00,00_04,5.27,6.41,13.13,16.47
2022-10-31 04:00:00,04_08,9.5,11.7,9.31,11.63
2022-10-31 08:00:00,08_12,13.44,17.23,7.29,8.25
2022-10-31 12:00:00,12_16,7.8,10.25,11.37,12.67
2022-10-31 16:00:00,16_20,18.7,26.12,4.99,5.83
2022-10-31 20:00:00,20_24,10.29,13.03,8.88,9.48
2022-11-01 00:00:00,00_04,5.53,22.03,15.97,20.37
2022-11-01 04:00:00,04_08,9.4,10.98,22.94,40.68
2022-11-01 08:00:00,08_12,13.33,14.74,22.29,31.74
2022-11-01 12:00:00,12_16,8.18,17.4,34.22,50.19
2022-11-01 16:00:00,16_20,19.01,21.42,9.25,13.69
2022-11-01 20:00:00,20_24,10.22,11.71,9.07,11.33
2022-11-02 00:00:00,00_04,11.13,14.68,24.77,34.56
2022-11-02 04:00:00,04_08,10.86,15.21,24.35,30.46
2022-11-02 08:00:00,08_12,13.52,19.16,19.49,24.8
2022-11-02 12:00:00,12_16,12.04,15.8,31.63,51.82
2022-11-02 16:00:00,16_20,21.2,29.37,8.71,10.6
2022-11-02 20:00:00,20_24,12.91,21.82,8.39,11.5
2022-11-03 00:00:00,00_04,9.8,12.51,22.37,29.0
2022-11-03 04:00:00,04_08,10.96,13.82,19.88,25.0
2022-11-03 08:00:00,08_12,13.67,15.0,14.31,17.9
2022-11-03 12:00:00,12_16,11.36,12.72,21.21,26.44
2022-11-03 16:00:00,16_20,20.53,23.75,6.58,7.39
2022-11-03 20:00:00,20_24,12.13,15.22,7.18,8.57
2022-11-04 00:00:00,00_04,9.19,10.12,18.9,21.7
2022-11-04 04:00:00,04_08,12.8,23.07,14.41,17.39
2022-11-04 08:00:00,08_12,17.31,30.0,10.4,11.77
2022-11-04 12:00:00,12_16,10.2,12.11,13.44,15.01
2022-11-04 16:00:00,16_20,26.87,52.94,4.83,5.35
2022-11-04 20:00:00,20_24,13.15,17.38,5.76,6.74
2022-11-05 00:00:00,00_04,8.06,8.87,14.99,16.62
2022-11-05 04:00:00,04_08,12.06,14.02,12.18,13.45
2022-11-05 08:00:00,08_12,14.54,16.6,8.67,9.94
2022-11-05 12:00:00,12_16,9.28,10.56,14.24,18.12
2022-11-05 16:00:00,16_20,20.67,23.87,4.23,5.0
2022-11-05 20:00:00,20_24,11.98,14.98,5.63,7.49
2022-11-06 00:00:00,00_04,8.05,9.9,21.67,27.45
2022-11-06 04:00:00,04_08,9.32,11.0,25.42,33.89
2022-11-06 08:00:00,08_12,11.45,14.34,19.65,26.84
2022-11-06 12:00:00,12_16,8.61,9.9,20.75,34.42
2022-11-06 16:00:00,16_20,20.48,25.29,8.74,12.0
2022-11-06 20:00:00,20_24,11.21,13.17,10.28,15.4
2022-11-07 00:00:00,00_04,7.62,8.94,40.17,78.12
2022-11-07 04:00:00,04_08,11.74,17.87,24.25,33.04
2022-11-07 08:00:00,08_12,14.59,22.01,12.31,14.36
2022-11-07 12:00:00,12_16,8.97,10.45,15.78,19.28
2022-11-07 16:00:00,16_20,24.3,35.9,6.43,8.03
2022-11-07 20:00:00,20_24,12.88,15.07,8.2,11.02
2022-11-08 00:00:00,00_04,7.04,8.29,29.92,52.24
2022-11-08 04:00:00,04_08,11.47,13.77,18.73,27.97
2022-11-08 08:00:00,08_12,13.79,17.4,8.47,10.66
2022-11-08 12:00:00,12_16,8.95,10.51,10.74,12.91
2022-11-08 16:00:00,16_20,23.55,33.86,4.85,5.94
2022-11-08 20:00:00,20_24,11.12,12.6,9.07,19.51
2022-11-09 00:00:00,00_04,6.58,7.29,35.55,49.0
2022-11-09 04:00:00,04_08,11.19,12.32,18.86,21.6
2022-11-09 08:00:00,08_12,15.31,18.6,6.67,7.74
2022-11-09 12:00:00,12_16,9.13,10.34,8.24,9.24
2022-11-09 16:00:00,16_20,28.13,33.69,3.64,4.4
2022-11-09 20:00:00,20_24,11.22,12.78,8.06,9.82
2022-11-10 00:00:00,00_04,6.33,6.85,25.86,38.83
2022-11-10 04:00:00,04_08,10.88,12.62,13.69,16.5
2022-11-10 08:00:00,08_12,16.27,18.08,5.16,5.72
2022-11-10 12:00:00,12_16,9.25,10.42,6.9,8.0
2022-11-10 16:00:00,16_20,31.0,38.02,2.73,3.21
2022-11-10 20:00:00,20_24,11.15,12.62,6.96,8.53
2022-11-11 00:00:00,00_04,5.65,6.08,24.12,27.65
2022-11-11 04:00:00,04_08,9.86,10.6,11.6,13.4
2022-11-11 08:00:00,08_12,14.48,15.38,3.66,4.34
2022-11-11 12:00:00,12_16,8.45,9.23,5.65,6.53
2022-11-11 16:00:00,16_20,27.06,32.0,1.88,2.28
2022-11-11 20:00:00,20_24,10.2,11.45,5.29,6.11
2022-11-12 00:00:00,00_04,5.16,5.83,18.08,21.88
2022-11-12 04:00:00,04_08,8.71,9.43,9.66,11.09
2022-11-12 08:00:00,08_12,11.74,13.35,3.43,5.5
2022-11-12 12:00:00,12_16,7.29,7.73,5.36,9.46
2022-11-12 16:00:00,16_20,27.11,29.86,1.57,2.5
2022-11-12 20:00:00,20_24,9.63,11.13,3.94,4.37
2022-11-13 00:00:00,00_04,4.68,5.5,14.92,19.0
2022-11-13 04:00:00,04_08,7.14,7.79,8.66,10.48
2022-11-13 08:00:00,08_12,9.72,10.72,7.39,12.35
2022-11-13 12:00:00,12_16,5.93,6.64,10.27,15.4
2022-11-13 16:00:00,16_20,21.53,23.4,3.48,5.46
2022-11-13 20:00:00,20_24,7.9,9.12,5.3,6.59
2022-11-14 00:00:00,00_04,4.7,5.52,19.29,29.73
2022-11-14 04:00:00,04_08,9.52,11.8,10.83,23.0
2022-11-14 08:00:00,08_12,13.32,16.78,6.22,7.51
2022-11-14 12:00:00,12_16,7.33,9.02,7.45,9.02
2022-11-14 16:00:00,16_20,28.48,32.78,2.58,3.21
2022-11-14 20:00:00,20_24,11.48,14.86,4.17,5.42
2022-11-15 00:00:00,00_04,4.5,5.29,17.69,22.8
2022-11-15 04:00:00,04_08,9.34,10.19,10.88,13.31
2022-11-15 08:00:00,08_12,14.5,17.04,4.36,5.4
2022-11-15 12:00:00,12_16,8.64,10.33,5.59,6.49
2022-11-15 16:00:00,16_20,28.06,31.41,1.98,2.48
2022-11-15 20:00:00,20_24,10.14,13.4,3.52,5.91
2022-11-16 00:00:00,00_04,4.18,4.57,20.57,28.28
2022-11-16 04:00:00,04_08,8.57,9.21,11.85,16.32
2022-11-16 08:00:00,08_12,14.27,15.66,4.15,4.62
2022-11-16 12:00:00,12_16,8.21,9.8,4.9,5.7
2022-11-16 16:00:00,16_20,26.5,29.31,1.79,2.08
2022-11-16 20:00:00,20_24,10.7,16.42,4.58,6.23
2022-11-17 00:00:00,00_04,4.88,9.18,33.72,45.03
2022-11-17 04:00:00,04_08,8.02,8.65,24.86,37.69
2022-11-17 08:00:00,08_12,12.6,13.66,7.54,12.18
2022-11-17 12:00:00,12_16,7.38,8.1,11.36,20.71
2022-11-17 16:00:00,16_20,25.72,29.68,2.53,4.72
2022-11-17 20:00:00,20_24,13.62,18.66,5.63,9.02
2022-11-18 00:00:00,00_04,5.39,6.46,26.24,31.85
2022-11-18 04:00:00,04_08,7.7,8.28,16.79,21.64
2022-11-18 08:00:00,08_12,11.67,12.5,5.29,6.46
2022-11-18 12:00:00,12_16,7.12,7.85,7.64,9.65
2022-11-18 16:00:00,16_20,26.03,28.62,1.91,2.67
2022-11-18 20:00:00,20_24,13.51,15.11,5.18,6.21
2022-11-19 00:00:00,00_04,4.66,5.04,21.57,27.73
2022-11-19 04:00:00,04_08,6.93,7.36,14.17,17.5
2022-11-19 08:00:00,08_12,10.49,10.95,4.26,5.02
2022-11-19 12:00:00,12_16,6.63,7.12,5.83,7.99
2022-11-19 16:00:00,16_20,25.82,29.0,1.8,2.14
2022-11-19 20:00:00,20_24,12.56,13.71,3.58,4.29
2022-11-20 00:00:00,00_04,4.03,4.58,18.2,21.69
2022-11-20 04:00:00,04_08,6.43,6.98,11.79,14.05
2022-11-20 08:00:00,08_12,8.87,9.65,4.22,5.85
2022-11-20 12:00:00,12_16,5.72,6.35,6.24,8.38
2022-11-20 16:00:00,16_20,20.54,22.8,1.89,2.42
2022-11-20 20:00:00,20_24,8.97,10.85,3.7,4.7
2022-11-21 00:00:00,00_04,4.2,4.92,18.73,27.54
2022-11-21 04:00:00,04_08,10.75,22.63,12.11,15.95
2022-11-21 08:00:00,08_12,16.75,24.54,3.96,4.99
2022-11-21 12:00:00,12_16,8.53,12.73,5.48,7.0
2022-11-21 16:00:00,16_20,26.28,30.73,1.86,3.4
2022-11-21 20:00:00,20_24,14.02,20.0,4.45,8.2
2022-11-22 00:00:00,00_04,4.18,5.05,30.0,69.95
2022-11-22 04:00:00,04_08,13.2,19.03,15.85,29.73
2022-11-22 08:00:00,08_12,16.05,18.89,3.77,4.69
2022-11-22 12:00:00,12_16,8.43,9.67,4.99,5.8
2022-11-22 16:00:00,16_20,24.97,32.85,1.95,2.36
2022-11-22 20:00:00,20_24,13.56,15.06,4.46,6.33
2022-11-23 00:00:00,00_04,4.09,4.72,31.37,42.2
2022-11-23 04:00:00,04_08,13.14,16.03,15.6,18.0
2022-11-23 08:00:00,08_12,14.54,17.19,3.48,4.0
2022-11-23 12:00:00,12_16,7.4,8.0,4.07,4.84
2022-11-23 16:00:00,16_20,23.87,25.53,1.87,2.34
2022-11-23 20:00:00,20_24,11.69,13.04,6.45,14.14
2022-11-24 00:00:00,00_04,3.89,4.37,35.35,56.12
2022-11-24 04:00:00,04_08,12.59,14.39,17.52,33.61
2022-11-24 08:00:00,08_12,16.44,20.17,3.08,3.93
2022-11-24 12:00:00,12_16,8.09,10.0,3.19,3.84
2022-11-24 16:00:00,16_20,28.22,36.98,1.69,2.09
2022-11-24 20:00:00,20_24,12.84,15.54,6.35,8.46
2022-11-25 00:00:00,00_04,3.58,3.96,36.41,43.33
2022-11-25 04:00:00,04_08,12.1,12.83,19.32,33.88
2022-11-25 08:00:00,08_12,16.28,18.05,2.92,3.4
2022-11-25 12:00:00,12_16,8.13,8.86,2.73,3.44
2022-11-25 16:00:00,16_20,28.98,32.05,1.56,1.99
2022-11-25 20:00:00,20_24,12.89,14.3,5.73,7.44
2022-11-26 00:00:00,00_04,3.16,3.71,27.77,31.02
2022-11-26 04:00:00,04_08,9.73,10.47,18.22,20.64
2022-11-26 08:00:00,08_12,12.83,13.28,2.73,4.24
2022-11-26 12:00:00,12_16,6.56,7.1,3.13,6.53
2022-11-26 16:00:00,16_20,24.49,27.21,1.54,2.11
2022-11-26 20:00:00,20_24,11.42,12.67,5.62,7.19
2022-11-27 00:00:00,00_04,2.97,3.91,22.11,29.15
2022-11-27 04:00:00,04_08,8.02,8.57,26.28,35.3
2022-11-27 08:00:00,08_12,10.05,10.99,8.92,17.7
2022-11-27 12:00:00,12_16,5.54,6.14,10.53,16.76
2022-11-27 16:00:00,16_20,20.89,21.9,5.38,11.6
2022-11-27 20:00:00,20_24,9.54,10.21,5.64,6.7
2022-11-28 00:00:00,00_04,3.39,5.12,23.73,30.9
2022-11-28 04:00:00,04_08,12.96,16.93,22.68,50.02
2022-11-28 08:00:00,08_12,17.23,19.99,5.16,6.86
2022-11-28 12:00:00,12_16,8.32,10.69,5.46,6.97
2022-11-28 16:00:00,16_20,26.65,31.66,2.74,5.0
2022-11-28 20:00:00,20_24,13.81,17.68,4.94,6.93
2022-11-29 00:00:00,00_04,4.03,5.08,21.47,33.65
2022-11-29 04:00:00,04_08,14.72,18.03,20.89,29.71
2022-11-29 08:00:00,08_12,18.65,22.36,3.84,4.9
2022-11-29 12:00:00,12_16,8.87,10.07,4.53,5.32
2022-11-29 16:00:00,16_20,30.03,37.32,2.29,3.0
2022-11-29 20:00:00,20_24,16.09,22.76,4.04,5.39
2022-11-30 00:00:00,00_04,4.03,5.27,21.63,28.26
2022-11-30 04:00:00,04_08,14.76,16.32,18.74,22.48
2022-11-30 08:00:00,08_12,19.52,22.96,3.18,3.63
2022-11-30 12:00:00,12_16,8.95,9.92,3.52,4.05
2022-11-30 16:00:00,16_20,37.87,89.46,1.74,1.99
2022-11-30 20:00:00,20_24,16.65,19.8,3.71,4.13
2022-12-01 00:00:00,00_04,4.29,4.71,21.97,24.59
2022-12-01 04:00:00,04_08,13.94,14.73,16.29,21.45
2022-12-01 08:00:00,08_12,20.85,24.34,2.52,2.98
2022-12-01 12:00:00,12_16,9.1,10.47,2.76,3.25
2022-12-01 16:00:00,16_20,47.73,65.99,1.29,1.59
2022-12-01 20:00:00,20_24,16.48,18.9,3.0,3.51
2022-12-02 00:00:00,00_04,3.95,4.38,19.5,21.55
2022-12-02 04:00:00,04_08,12.91,13.66,15.61,19.23
2022-12-02 08:00:00,08_12,21.41,25.79,1.99,2.48
2022-12-02 12:00:00,12_16,8.51,9.13,2.28,2.79
2022-12-02 16:00:00,16_20,38.73,45.0,1.2,1.71
2022-12-02 20:00:00,20_24,14.64,17.4,3.01,3.75
2022-12-03 00:00:00,00_04,3.35,3.62,15.55,19.8
2022-12-03 04:00:00,04_08,9.65,10.3,13.57,17.17
2022-12-03 08:00:00,08_12,14.85,16.3,3.24,4.58
2022-12-03 12:00:00,12_16,6.51,6.84,3.32,5.81
2022-12-03 16:00:00,16_20,27.88,30.0,1.69,3.28
2022-12-03 20:00:00,20_24,13.21,14.08,3.4,4.29
2022-12-04 00:00:00,00_04,2.95,3.4,15.81,19.8
2022-12-04 04:00:00,04_08,7.99,8.61,14.93,16.86
2022-12-04 08:00:00,08_12,11.81,13.0,5.45,9.92
2022-12-04 12:00:00,12_16,5.49,5.86,5.25,8.76
2022-12-04 16:00:00,16_20,23.07,25.19,3.38,5.4
2022-12-04 20:00:00,20_24,10.85,11.73,3.44,4.12
2022-12-05 00:00:00,00_04,3.24,3.94,20.95,36.98
2022-12-05 04:00:00,04_08,9.93,13.75,19.06,34.44
2022-12-05 08:00:00,08_12,15.46,18.43,3.76,4.58
2022-12-05 12:00:00,12_16,7.3,8.95,3.97,4.7
2022-12-05 16:00:00,16_20,31.12,37.75,2.48,2.98
2022-12-05 20:00:00,20_24,14.17,16.29,3.0,3.7
2022-12-06 00:00:00,00_04,3.41,4.17,20.09,25.78
2022-12-06 04:00:00,04_08,10.16,12.0,17.05,21.12
2022-12-06 08:00:00,08_12,17.42,25.03,3.24,3.87
2022-12-06 12:00:00,12_16,7.56,9.7,3.45,4.66
2022-12-06 16:00:00,16_20,29.94,32.0,1.76,2.46
2022-12-06 20:00:00,20_24,13.47,15.76,3.13,4.05
2022-12-07 00:00:00,00_04,3.35,3.9,24.32,34.6
2022-12-07 04:00:00,04_08,9.31,10.38,19.58,30.9
2022-12-07 08:00:00,08_12,16.6,18.3,3.45,4.29
2022-12-07 12:00:00,12_16,7.27,7.96,4.03,5.71
2022-12-07 16:00:00,16_20,27.03,29.27,1.86,2.16
2022-12-07 20:00:00,20_24,12.66,13.64,2.91,3.3
2022-12-08 00:00:00,00_04,3.26,3.62,21.31,24.54
2022-12-08 04:00:00,04_08,8.72,9.43,18.34,20.09
2022-12-08 08:00:00,08_12,15.56,17.09,2.64,3.41
2022-12-08 12:00:00,12_16,7.06,7.46,3.23,3.75
2022-12-08 16:00:00,16_20,26.7,29.96,1.4,1.83
2022-12-08 20:00:00,20_24,12.35,13.85,2.35,2.9
2022-12-09 00:00:00,00_04,3.09,3.34,17.65,21.25
2022-12-09 04:00:00,04_08,8.2,8.81,14.71,18.74
2022-12-09 08:00:00,08_12,15.17,16.68,2.12,2.5
2022-12-09 12:00:00,12_16,6.58,6.94,2.52,2.97
2022-12-09 16:00:00,16_20,26.12,28.3,1.13,1.4
2022-12-09 20:00:00,20_24,11.86,13.13,2.01,2.62
2022-12-10 00:00:00,00_04,3.13,4.46,15.14,16.37
2022-12-10 04:00:00,04_08,6.96,7.67,13.12,14.8
2022-12-10 08:00:00,08_12,11.21,13.16,2.3,3.15
2022-12-10 12:00:00,12_16,5.6,5.93,2.62,3.51
2022-12-10 16:00:00,16_20,21.17,23.57,1.26,1.69
2022-12-10 20:00:00,20_24,10.76,11.52,2.06,2.53
2022-12-11 00:00:00,00_04,3.2,4.1,13.56,16.37
2022-12-11 04:00:00,04_08,5.99,6.33,13.01,18.36
2022-12-11 08:00:00,08_12,9.07,9.59,3.1,6.87
2022-12-11 12:00:00,12_16,4.86,5.33,2.94,4.91
2022-12-11 16:00:00,16_20,17.86,18.48,1.34,1.82
2022-12-11 20:00:00,20_24,9.47,9.88,1.98,4.01
2022-12-12 00:00:00,00_04,3.46,5.3,15.3,22.99
2022-12-12 04:00:00,04_08,10.36,13.59,15.53,28.31
2022-12-12 08:00:00,08_12,16.85,23.0,2.55,3.56
2022-12-12 12:00:00,12_16,9.06,14.5,2.63,3.46
2022-12-12 16:00:00,16_20,29.47,39.0,1.15,1.84
2022-12-12 20:00:00,20_24,13.01,22.0,2.47,3.56
2022-12-13 00:00:00,00_04,3.64,4.31,16.33,23.59
2022-12-13 04:00:00,04_08,10.77,12.21,15.14,20.0
2022-12-13 08:00:00,08_12,18.06,20.76,2.12,3.09
2022-12-13 12:00:00,12_16,9.95,12.3,2.31,3.2
2022-12-13 16:00:00,16_20,31.3,34.75,1.15,1.4
2022-12-13 20:00:00,20_24,13.88,18.66,2.62,3.88
2022-12-14 00:00:00,00_04,3.52,4.04,19.68,25.39
2022-12-14 04:00:00,04_08,10.72,11.84,17.54,28.26
2022-12-14 08:00:00,08_12,18.66,21.82,2.13,2.46
2022-12-14 12:00:00,12_16,11.51,19.07,2.2,2.55
2022-12-14 16:00:00,16_20,39.51,60.95,0.84,1.15
2022-12-14 20:00:00,20_24,13.98,18.4,2.91,4.41
2022-12-15 00:00:00,00_04,3.79,9.79,21.41,30.29
2022-12-15 04:00:00,04_08,9.74,10.5,19.65,27.85
2022-12-15 08:00:00,08_12,17.5,19.17,2.21,3.04
2022-12-15 12:00:00,12_16,10.36,11.74,2.25,3.21
2022-12-15 16:00:00,16_20,37.21,42.24,1.0,1.25
2022-12-15 20:00:00,20_24,15.33,17.92,2.86,3.71
2022-12-16 00:00:00,00_04,5.98,11.12,22.1,39.95
2022-12-16 04:00:00,04_08,9.4,10.22,19.18,24.5
2022-12-16 08:00:00,08_12,20.86,37.75,1.98,2.28
2022-12-16 12:00:00,12_16,9.23,11.71,2.11,2.42
2022-12-16 16:00:00,16_20,39.06,55.65,0.8,1.19
2022-12-16 20:00:00,20_24,15.93,18.2,2.7,3.24
2022-12-17 00:00:00,00_04,5.91,9.3,19.91,23.0
2022-12-17 04:00:00,04_08,7.87,9.21,16.11,18.8
2022-12-17 08:00:00,08_12,16.36,19.01,2.27,3.04
2022-12-17 12:00:00,12_16,7.42,9.11,2.85,4.45
2022-12-17 16:00:00,16_20,27.76,34.22,1.62,2.4
2022-12-17 20:00:00,20_24,12.27,14.96,3.22,5.04
2022-12-18 00:00:00,00_04,5.74,7.1,17.6,20.6
2022-12-18 04:00:00,04_08,7.2,7.87,17.18,21.69
2022-12-18 08:00:00,08_12,11.96,14.02,5.0,7.14
2022-12-18 12:00:00,12_16,6.24,6.8,5.17,8.01
2022-12-18 16:00:00,16_20,20.97,23.36,2.78,3.72
2022-12-18 20:00:00,20_24,10.96,12.61,6.04,10.18
2022-12-19 00:00:00,00_04,5.53,6.43,29.84,56.14
2022-12-19 04:00:00,04_08,8.66,12.88,25.21,44.16
2022-12-19 08:00:00,08_12,13.39,16.74,4.96,8.27
2022-12-19 12:00:00,12_16,6.42,8.28,5.05,7.64
2022-12-19 16:00:00,16_20,22.17,25.32,2.44,3.71
2022-12-19 20:00:00,20_24,12.22,14.78,16.17,45.82
2022-12-20 00:00:00,00_04,5.05,5.68,37.76,58.32
2022-12-20 04:00:00,04_08,8.9,10.55,29.41,38.86
2022-12-20 08:00:00,08_12,13.32,14.76,5.49,7.12
2022-12-20 12:00:00,12_16,6.36,7.02,5.38,6.87
2022-12-20 16:00:00,16_20,21.48,24.36,2.33,2.75
2022-12-20 20:00:00,20_24,12.05,13.55,15.11,19.56
2022-12-21 00:00:00,00_04,4.74,5.23,28.88,33.0
2022-12-21 04:00:00,04_08,8.6,10.45,23.14,26.83
2022-12-21 08:00:00,08_12,13.02,21.4,4.77,5.8
2022-12-21 12:00:00,12_16,6.07,7.27,4.95,5.65
2022-12-21 16:00:00,16_20,20.21,21.93,2.02,2.4
2022-12-21 20:00:00,20_24,11.31,12.65,12.36,15.59
2022-12-22 00:00:00,00_04,4.27,4.69,27.59,34.13
2022-12-22 04:00:00,04_08,8.48,9.37,20.84,25.49
2022-12-22 08:00:00,08_12,12.78,13.79,4.43,5.33
2022-12-22 12:00:00,12_16,5.83,6.24,4.57,5.58
2022-12-22 16:00:00,16_20,18.71,19.92,1.82,2.42
2022-12-22 20:00:00,20_24,10.76,11.42,10.33,12.5
2022-12-23 00:00:00,00_04,3.72,4.1,25.09,27.61
2022-12-23 04:00:00,04_08,7.79,8.2,19.19,22.58
2022-12-23 08:00:00,08_12,12.05,13.0,3.84,4.58
2022-12-23 12:00:00,12_16,5.2,5.66,4.1,4.56
2022-12-23 16:00:00,16_20,17.24,18.06,1.73,2.18
2022-12-23 20:00:00,20_24,9.86,13.83,9.28,10.93
2022-12-24 00:00:00,00_04,4.58,9.32,32.71,41.92
2022-12-24 04:00:00,04_08,6.74,7.45,38.51,48.84
2022-12-24 08:00:00,08_12,10.47,11.48,8.44,13.11
2022-12-24 12:00:00,12_16,4.34,4.91,6.81,9.78
2022-12-24 16:00:00,16_20,15.37,17.6,2.43,3.34
2022-12-24 20:00:00,20_24,10.37,11.93,9.47,10.46
2022-12-25 00:00:00,00_04,5.32,6.75,28.91,32.0
2022-12-25 04:00:00,04_08,5.92,6.47,30.44,34.24
2022-12-25 08:00:00,08_12,9.48,9.97,8.42,9.92
2022-12-25 12:00:00,12_16,3.71,4.0,6.81,7.77
2022-12-25 16:00:00,16_20,14.1,14.87,2.91,3.8
2022-12-25 20:00:00,20_24,10.28,17.0,9.93,12.58
2022-12-26 00:00:00,00_04,4.64,5.5,28.28,40.07
2022-12-26 04:00:00,04_08,5.0,5.63,30.12,41.84
2022-12-26 08:00:00,08_12,8.3,8.77,9.22,12.99
2022-12-26 12:00:00,12_16,3.21,3.48,9.21,16.46
2022-12-26 16:00:00,16_20,12.4,13.92,5.51,13.63
2022-12-26 20:00:00,20_24,10.49,12.22,13.07,22.36
2022-12-27 00:00:00,00_04,4.22,4.73,33.22,41.31
2022-12-27 04:00:00,04_08,4.85,5.68,31.4,38.93
2022-12-27 08:00:00,08_12,7.63,8.54,7.62,9.96
2022-12-27 12:00:00,12_16,3.55,4.6,7.74,9.46
2022-12-27 16:00:00,16_20,16.53,22.66,4.27,6.45
2022-12-27 20:00:00,20_24,9.82,11.49,11.17,14.07
2022-12-28 00:00:00,00_04,3.68,4.11,32.95,42.0
2022-12-28 04:00:00,04_08,4.64,5.24,34.72,60.74
2022-12-28 08:00:00,08_12,7.15,7.88,7.5,8.93
2022-12-28 12:00:00,12_16,3.5,4.08,7.41,8.58
2022-12-28 16:00:00,16_20,15.72,17.94,4.31,5.11
2022-12-28 20:00:00,20_24,9.58,13.12,12.23,16.1
2022-12-29 00:00:00,00_04,3.36,3.78,41.18,52.02
2022-12-29 04:00:00,04_08,4.25,4.67,41.18,50.16
2022-12-29 08:00:00,08_12,6.65,7.2,8.51,10.35
2022-12-29 12:00:00,12_16,3.19,3.69,7.93,9.44
2022-12-29 16:00:00,16_20,14.99,18.67,4.14,4.53
2022-12-29 20:00:00,20_24,10.05,11.84,12.24,14.15
2022-12-30 00:00:00,00_04,2.87,3.16,28.3,34.9
2022-12-30 04:00:00,04_08,3.72,4.26,29.97,36.68
2022-12-30 08:00:00,08_12,6.11,7.76,7.55,9.99
2022-12-30 12:00:00,12_16,2.8,3.11,7.23,9.33
2022-12-30 16:00:00,16_20,10.81,14.0,8.91,22.93
2022-12-30 20:00:00,20_24,8.64,9.77,13.85,22.2
2022-12-31 00:00:00,00_04,2.39,3.0,30.42,35.46
2022-12-31 04:00:00,04_08,3.21,3.8,29.38,34.67
2022-12-31 08:00:00,08_12,5.42,5.98,11.47,14.71
2022-12-31 12:00:00,12_16,2.37,3.0,11.13,15.4
2022-12-31 16:00:00,16_20,9.83,12.0,12.17,15.0
2022-12-31 20:00:00,20_24,7.84,8.64,14.3,17.16
2023-01-01 00:00:00,00_04,2.08,2.46,30.07,37.78
2023-01-01 04:00:00,04_08,2.81,3.17,29.12,33.64
2023-01-01 08:00:00,08_12,4.54,5.08,12.23,17.25
2023-01-01 12:00:00,12_16,2.1,2.42,11.1,13.88
2023-01-01 16:00:00,16_20,9.26,10.62,8.75,12.5
2023-01-01 20:00:00,20_24,7.43,8.87,11.97,14.05
2023-01-02 00:00:00,00_04,2.26,3.01,27.24,31.49
2023-01-02 04:00:00,04_08,3.83,5.61,25.53,36.0
2023-01-02 08:00:00,08_12,6.15,8.66,8.23,10.67
2023-01-02 12:00:00,12_16,3.47,5.62,7.46,9.5
2023-01-02 16:00:00,16_20,12.67,18.74,5.8,7.87
2023-01-02 20:00:00,20_24,9.23,12.46,9.41,11.59
2023-01-03 00:00:00,00_04,2.72,3.53,22.73,26.4
2023-01-03 04:00:00,04_08,4.56,5.96,23.67,33.24
2023-01-03 08:00:00,08_12,8.38,10.75,6.24,7.94
2023-01-03 12:00:00,12_16,4.22,5.89,5.99,8.43
2023-01-03 16:00:00,16_20,15.89,18.96,4.58,7.29
2023-01-03 20:00:00,20_24,10.74,15.0,8.66,10.66
2023-01-04 00:00:00,00_04,2.61,4.1,29.21,35.96
2023-01-04 04:00:00,04_08,4.14,5.13,32.74,53.5
2023-01-04 08:00:00,08_12,8.28,10.86,7.67,9.68
2023-01-04 12:00:00,12_16,4.46,5.63,7.71,9.2
2023-01-04 16:00:00,16_20,14.09,17.67,6.14,7.83
2023-01-04 20:00:00,20_24,9.5,12.02,10.17,12.49
2023-01-05 00:00:00,00_04,2.94,3.73,32.88,42.41
2023-01-05 04:00:00,04_08,4.27,4.98,35.06,48.91
2023-01-05 08:00:00,08_12,8.05,8.78,7.42,10.0
2023-01-05 12:00:00,12_16,4.64,6.36,6.46,7.38
2023-01-05 16:00:00,16_20,16.89,26.15,4.84,5.9
2023-01-05 20:00:00,20_24,11.52,20.0,8.31,9.83
2023-01-06 00:00:00,00_04,2.94,3.5,22.75,25.06
2023-01-06 04:00:00,04_08,3.88,4.32,25.71,29.71
2023-01-06 08:00:00,08_12,7.03,7.57,6.59,7.34
2023-01-06 12:00:00,12_16,4.43,5.0,5.93,6.7
2023-01-06 16:00:00,16_20,15.88,17.09,4.37,4.99
2023-01-06 20:00:00,20_24,10.69,11.66,7.08,7.97
2023-01-07 00:00:00,00_04,2.78,3.51,16.6,19.2
2023-01-07 04:00:00,04_08,3.56,3.91,18.01,21.51
2023-01-07 08:00:00,08_12,6.12,6.57,5.31,6.12
2023-01-07 12:00:00,12_16,3.8,4.12,5.17,5.98
2023-01-07 16:00:00,16_20,12.17,14.09,4.22,4.82
2023-01-07 20:00:00,20_24,9.06,10.39,8.8,11.86
2023-01-08 00:00:00,00_04,2.6,3.13,21.87,27.18
2023-01-08 04:00:00,04_08,2.96,3.31,21.76,27.01
2023-01-08 08:00:00,08_12,5.26,5.79,6.1,8.27
2023-01-08 12:00:00,12_16,3.04,3.38,4.97,6.0
2023-01-08 16:00:00,16_20,10.39,12.02,4.11,4.79
2023-01-08 20:00:00,20_24,8.1,9.3,6.93,8.08
2023-01-09 00:00:00,00_04,2.72,3.36,21.68,30.7
2023-01-09 04:00:00,04_08,3.87,5.0,21.74,32.52
2023-01-09 08:00:00,08_12,7.25,9.77,4.91,6.73
2023-01-09 12:00:00,12_16,3.86,5.54,4.2,5.04
2023-01-09 16:00:00,16_20,15.43,18.98,3.47,4.19
2023-01-09 20:00:00,20_24,10.83,13.75,5.95,7.19
2023-01-10 00:00:00,00_04,2.64,3.04,20.09,22.92
2023-01-10 04:00:00,04_08,4.16,4.83,19.6,21.65
2023-01-10 08:00:00,08_12,9.27,13.28,4.56,5.27
2023-01-10 12:00:00,12_16,4.23,4.94,3.7,4.39
2023-01-10 16:00:00,16_20,13.44,14.95,3.13,3.63
2023-01-10 20:00:00,20_24,9.76,11.8,6.18,9.44
2023-01-11 00:00:00,00_04,2.94,5.24,29.79,38.46
2023-01-11 04:00:00,04_08,4.12,5.06,30.9,40.74
2023-01-11 08:00:00,08_12,9.01,10.1,4.57,5.8
2023-01-11 12:00:00,12_16,4.03,4.44,3.5,4.14
2023-01-11 16:00:00,16_20,13.57,15.1,2.67,3.09
2023-01-11 20:00:00,20_24,10.7,14.61,6.53,7.72
2023-01-12 00:00:00,00_04,3.63,4.6,30.96,39.2
2023-01-12 04:00:00,04_08,3.82,4.31,28.62,32.49
2023-01-12 08:00:00,08_12,8.39,8.97,4.77,5.35
2023-01-12 12:00:00,12_16,3.63,3.92,3.51,3.9
2023-01-12 16:00:00,16_20,13.15,13.99,2.4,2.88
2023-01-12 20:00:00,20_24,10.78,12.5,6.09,7.24
2023-01-13 00:00:00,00_04,3.26,3.68,36.94,68.92
2023-01-13 04:00:00,04_08,3.34,3.77,27.04,36.0
2023-01-13 08:00:00,08_12,7.86,9.26,4.22,4.94
2023-01-13 12:00:00,12_16,3.22,3.42,5.68,13.62
2023-01-13 16:00:00,16_20,12.17,13.0,2.26,2.71
2023-01-13 20:00:00,20_24,10.35,12.0,6.95,11.3
2023-01-14 00:00:00,00_04,2.96,3.36,30.35,36.61
2023-01-14 04:00:00,04_08,3.05,3.36,23.22,29.4
2023-01-14 08:00:00,08_12,7.05,7.67,5.88,7.73
2023-01-14 12:00:00,12_16,2.87,3.24,8.63,12.0
2023-01-14 16:00:00,16_20,10.27,11.19,5.23,7.5
2023-01-14 20:00:00,20_24,9.45,10.11,12.18,18.35
2023-01-15 00:00:00,00_04,2.68,2.94,37.77,50.0
2023-01-15 04:00:00,04_08,2.69,2.97,33.03,42.5
2023-01-15 08:00:00,08_12,6.04,6.46,9.32,14.23
2023-01-15 12:00:00,12_16,2.62,2.92,14.95,27.42
2023-01-15 16:00:00,16_20,9.31,10.24,7.24,14.38
2023-01-15 20:00:00,20_24,8.93,10.07,9.88,11.85
2023-01-16 00:00:00,00_04,2.94,3.83,27.84,33.4
2023-01-16 04:00:00,04_08,4.23,5.75,22.68,30.86
2023-01-16 08:00:00,08_12,11.15,24.68,5.29,7.19
2023-01-16 12:00:00,12_16,4.23,5.26,6.8,10.95
2023-01-16 16:00:00,16_20,15.37,30.0,4.81,7.03
2023-01-16 20:00:00,20_24,10.45,12.58,7.85,10.81
2023-01-17 00:00:00,00_04,3.07,3.48,23.96,30.3
2023-01-17 04:00:00,04_08,4.66,5.81,20.14,23.27
2023-01-17 08:00:00,08_12,11.05,13.26,4.32,5.25
2023-01-17 12:00:00,12_16,4.3,5.18,5.42,6.67
2023-01-17 16:00:00,16_20,20.24,37.79,3.47,4.17
2023-01-17 20:00:00,20_24,10.77,11.95,6.09,8.0
2023-01-18 00:00:00,00_04,2.87,3.29,18.21,22.0
2023-01-18 04:00:00,04_08,5.82,9.82,14.09,16.44
2023-01-18 08:00:00,08_12,15.67,31.82,2.83,3.85
2023-01-18 12:00:00,12_16,4.36,6.09,3.78,5.41
2023-01-18 16:00:00,16_20,20.67,25.47,2.48,2.93
2023-01-18 20:00:00,20_24,9.67,10.7,5.39,6.71
2023-01-19 00:00:00,00_04,5.89,33.79,18.41,23.77
2023-01-19 04:00:00,04_08,80.5,870.0,16.59,50.0
2023-01-19 08:00:00,08_12,19.56,42.86,62.41,677.32
2023-01-19 12:00:00,12_16,11.84,80.19,49.03,875.0
2023-01-19 16:00:00,16_20,27.05,80.26,8.06,127.0
2023-01-19 20:00:00,20_24,19.83,74.63,10.52,53.83
2023-01-20 00:00:00,00_04,7.06,9.5,17.17,19.0
2023-01-20 04:00:00,04_08,38.04,50.74,17.57,22.4
2023-01-20 08:00:00,08_12,22.8,28.3,29.98,49.96
2023-01-20 12:00:00,12_16,11.01,16.05,27.08,49.9
2023-01-20 16:00:00,16_20,29.12,33.47,9.03,14.31
2023-01-20 20:00:00,20_24,20.65,25.41,8.72,12.4
2023-01-21 00:00:00,00_04,5.03,6.22,14.3,15.99
2023-01-21 04:00:00,04_08,14.66,16.04,14.06,16.15
2023-01-21 08:00:00,08_12,14.07,15.26,11.37,15.98
2023-01-21 12:00:00,12_16,5.82,6.93,11.87,16.59
2023-01-21 16:00:00,16_20,16.81,18.0,4.95,6.8
2023-01-21 20:00:00,20_24,12.66,14.44,6.62,8.1
2023-01-22 00:00:00,00_04,3.96,4.57,15.27,19.42
2023-01-22 04:00:00,04_08,7.48,9.05,14.3,17.32
2023-01-22 08:00:00,08_12,8.34,10.5,7.52,11.5
2023-01-22 12:00:00,12_16,3.99,5.02,7.2,9.94
2023-01-22 16:00:00,16_20,12.54,15.32,4.12,5.0
2023-01-22 20:00:00,20_24,9.66,10.88,5.05,6.25
2023-01-23 00:00:00,00_04,4.12,5.03,13.8,16.12
2023-01-23 04:00:00,04_08,7.8,10.86,11.52,14.4
2023-01-23 08:00:00,08_12,12.62,19.37,4.84,5.97
2023-01-23 12:00:00,12_16,5.94,8.24,4.78,6.0
2023-01-23 16:00:00,16_20,19.18,22.57,2.93,3.59
2023-01-23 20:00:00,20_24,12.38,17.09,4.26,4.97
2023-01-24 00:00:00,00_04,4.07,4.63,12.57,14.27
2023-01-24 04:00:00,04_08,8.23,9.26,10.39,11.84
2023-01-24 08:00:00,08_12,17.07,21.57,3.72,4.19
2023-01-24 12:00:00,12_16,6.27,7.24,3.71,4.3
2023-01-24 16:00:00,16_20,20.23,24.15,2.39,2.74
2023-01-24 20:00:00,20_24,13.09,15.69,3.47,4.0
2023-01-25 00:00:00,00_04,3.79,4.09,11.32,12.36
2023-01-25 04:00:00,04_08,7.62,8.2,8.91,9.85
2023-01-25 08:00:00,08_12,17.35,19.34,2.88,3.58
2023-01-25 12:00:00,12_16,5.67,6.13,3.0,3.61
2023-01-25 16:00:00,16_20,18.76,20.75,1.95,2.44
2023-01-25 20:00:00,20_24,12.53,15.34,2.97,3.3
2023-01-26 00:00:00,00_04,3.34,3.6,9.65,10.52
2023-01-26 04:00:00,04_08,6.95,7.35,7.56,8.38
2023-01-26 08:00:00,08_12,16.3,17.23,2.58,2.96
2023-01-26 12:00:00,12_16,4.96,5.21,2.62,2.98
2023-01-26 16:00:00,16_20,16.6,17.29,1.79,2.07
2023-01-26 20:00:00,20_24,11.06,12.4,2.69,3.23
2023-01-27 00:00:00,00_04,2.88,3.14,8.73,9.74
2023-01-27 04:00:00,04_08,6.02,6.52,7.46,10.96
2023-01-27 08:00:00,08_12,14.29,15.03,2.08,2.4
2023-01-27 12:00:00,12_16,4.0,4.32,2.12,2.43
2023-01-27 16:00:00,16_20,14.31,15.07,1.51,1.81
2023-01-27 20:00:00,20_24,9.87,10.7,2.23,2.45
2023-01-28 00:00:00,00_04,2.39,2.75,7.37,8.03
2023-01-28 04:00:00,04_08,5.17,5.57,6.19,7.03
2023-01-28 08:00:00,08_12,10.32,12.13,1.81,2.35
2023-01-28 12:00:00,12_16,3.16,3.54,1.93,2.37
2023-01-28 16:00:00,16_20,10.54,12.07,1.47,2.02
2023-01-28 20:00:00,20_24,8.01,8.55,2.18,3.39
2023-01-29 00:00:00,00_04,2.31,2.97,6.25,7.52
2023-01-29 04:00:00,04_08,4.48,5.37,5.6,6.79
2023-01-29 08:00:00,08_12,8.59,9.73,3.08,4.46
2023-01-29 12:00:00,12_16,2.74,3.48,3.34,4.65
2023-01-29 16:00:00,16_20,9.03,10.67,2.71,3.72
2023-01-29 20:00:00,20_24,6.53,9.43,6.28,11.98
2023-01-30 00:00:00,00_04,2.57,3.5,28.52,42.04
2023-01-30 04:00:00,04_08,4.16,5.36,23.14,37.75
2023-01-30 08:00:00,08_12,7.72,9.4,3.89,5.39
2023-01-30 12:00:00,12_16,2.82,3.85,4.97,8.61
2023-01-30 16:00:00,16_20,9.4,15.1,3.33,5.4
2023-01-30 20:00:00,20_24,7.08,11.39,6.87,8.81
2023-01-31 00:00:00,00_04,2.47,2.92,25.08,32.61
2023-01-31 04:00:00,04_08,4.28,5.14,18.79,24.03
2023-01-31 08:00:00,08_12,8.65,12.12,3.64,4.52
2023-01-31 12:00:00,12_16,3.23,5.29,4.45,6.85
2023-01-31 16:00:00,16_20,10.13,11.87,3.41,4.44
2023-01-31 20:00:00,20_24,8.41,24.26,6.19,7.89
2023-02-01 00:00:00,00_04,2.45,3.08,27.14,32.0
2023-02-01 04:00:00,04_08,4.19,4.6,21.28,27.95
2023-02-01 08:00:00,08_12,8.74,9.88,3.6,4.27
2023-02-01 12:00:00,12_16,3.55,4.31,4.79,5.94
2023-02-01 16:00:00,16_20,9.52,10.91,4.07,18.34
2023-02-01 20:00:00,20_24,12.37,26.03,7.16,9.78
2023-02-02 00:00:00,00_04,2.51,2.88,30.1,38.9
2023-02-02 04:00:00,04_08,3.96,4.59,23.69,32.62
2023-02-02 08:00:00,08_12,8.22,9.05,3.43,4.55
2023-02-02 12:00:00,12_16,4.1,7.06,4.02,4.96
2023-02-02 16:00:00,16_20,13.85,19.71,5.16,8.36
2023-02-02 20:00:00,20_24,14.3,18.24,6.02,7.73
2023-02-03 00:00:00,00_04,2.43,2.9,21.61,26.72
2023-02-03 04:00:00,04_08,3.86,4.25,18.55,23.49
2023-02-03 08:00:00,08_12,7.22,7.69,3.6,4.13
2023-02-03 12:00:00,12_16,3.7,4.34,3.86,5.3
2023-02-03 16:00:00,16_20,9.92,11.09,4.61,5.59
2023-02-03 20:00:00,20_24,11.0,13.65,5.58,6.41
2023-02-04 00:00:00,00_04,2.31,2.57,15.09,19.31
2023-02-04 04:00:00,04_08,3.44,3.76,12.33,15.04
2023-02-04 08:00:00,08_12,6.37,7.18,2.89,3.54
2023-02-04 12:00:00,12_16,3.76,4.25,3.26,3.96
2023-02-04 16:00:00,16_20,11.58,20.48,3.45,4.27
2023-02-04 20:00:00,20_24,10.12,12.54,4.32,5.26
2023-02-05 00:00:00,00_04,3.92,15.2,12.23,13.28
2023-02-05 04:00:00,04_08,3.2,4.4,10.41,12.76
2023-02-05 08:00:00,08_12,5.47,6.04,3.03,3.74
2023-02-05 12:00:00,12_16,3.36,3.68,7.5,18.4
2023-02-05 16:00:00,16_20,9.88,11.03,3.52,4.75
2023-02-05 20:00:00,20_24,8.74,9.48,4.24,5.07
2023-02-06 00:00:00,00_04,4.2,6.9,10.72,15.04
2023-02-06 04:00:00,04_08,4.57,7.12,8.53,10.22
2023-02-06 08:00:00,08_12,9.08,11.39,2.43,3.0
2023-02-06 12:00:00,12_16,4.82,6.21,5.45,7.36
2023-02-06 16:00:00,16_20,14.22,20.18,2.96,3.48
2023-02-06 20:00:00,20_24,10.78,12.72,3.69,4.33
2023-02-07 00:00:00,00_04,3.95,4.8,9.56,11.2
2023-02-07 04:00:00,04_08,6.89,12.06,7.28,8.15
2023-02-07 08:00:00,08_12,9.18,11.1,2.26,3.0
2023-02-07 12:00:00,12_16,4.11,4.92,5.67,10.5
2023-02-07 16:00:00,16_20,15.67,27.67,2.24,2.78
2023-02-07 20:00:00,20_24,9.87,10.82,3.09,3.58
2023-02-08 00:00:00,00_04,3.62,4.0,7.8,8.91
2023-02-08 04:00:00,04_08,8.42,10.07,5.73,6.51
2023-02-08 08:00:00,08_12,10.35,14.24,2.25,3.01
2023-02-08 12:00:00,12_16,3.78,4.27,6.42,8.81
2023-02-08 16:00:00,16_20,13.7,15.79,2.28,2.75
2023-02-08 20:00:00,20_24,8.77,10.1,3.47,5.32
2023-02-09 00:00:00,00_04,3.1,3.43,8.34,11.04
2023-02-09 04:00:00,04_08,7.51,8.42,6.22,9.22
2023-02-09 08:00:00,08_12,9.67,11.06,2.48,3.01
2023-02-09 12:00:00,12_16,3.33,3.68,7.21,10.1
2023-02-09 16:00:00,16_20,12.82,15.02,2.14,2.42
2023-02-09 20:00:00,20_24,8.22,8.86,3.88,4.45
2023-02-10 00:00:00,00_04,2.65,2.96,8.55,10.21
2023-02-10 04:00:00,04_08,6.69,7.22,6.43,7.48
2023-02-10 08:00:00,08_12,9.42,11.68,2.39,2.82
2023-02-10 12:00:00,12_16,3.03,4.22,7.2,8.77
2023-02-10 16:00:00,16_20,11.19,12.61,2.2,2.74
2023-02-10 20:00:00,20_24,7.51,10.41,6.84,11.0
2023-02-11 00:00:00,00_04,2.72,4.74,17.05,28.08
2023-02-11 04:00:00,04_08,5.42,6.25,18.56,26.96
2023-02-11 08:00:00,08_12,7.69,8.32,5.0,9.29
2023-02-11 12:00:00,12_16,2.94,3.55,9.42,13.36
2023-02-11 16:00:00,16_20,9.47,9.85,2.79,3.8
2023-02-11 20:00:00,20_24,6.87,7.36,5.7,7.07
2023-02-12 00:00:00,00_04,2.86,3.48,11.19,12.42
2023-02-12 04:00:00,04_08,4.62,4.83,10.12,11.8
2023-02-12 08:00:00,08_12,6.39,6.8,3.81,4.57
2023-02-12 12:00:00,12_16,2.58,2.91,7.88,8.85
2023-02-12 16:00:00,16_20,8.69,9.51,2.38,2.94
2023-02-12 20:00:00,20_24,6.54,7.25,4.35,4.84
2023-02-13 00:00:00,00_04,3.06,4.22,9.02,11.15
2023-02-13 04:00:00,04_08,5.71,7.54,7.24,9.0
2023-02-13 08:00:00,08_12,9.63,11.36,2.47,3.11
2023-02-13 12:00:00,12_16,3.87,5.06,5.25,6.78
2023-02-13 16:00:00,16_20,14.4,18.07,1.84,2.27
2023-02-13 20:00:00,20_24,8.43,9.87,3.29,4.1
2023-02-14 00:00:00,00_04,3.27,3.7,7.81,8.66
2023-02-14 04:00:00,04_08,6.18,7.59,6.07,7.11
2023-02-14 08:00:00,08_12,9.62,11.2,2.22,2.75
2023-02-14 12:00:00,12_16,3.75,4.46,5.42,7.33
2023-02-14 16:00:00,16_20,14.77,17.7,1.62,2.02
2023-02-14 20:00:00,20_24,8.13,8.92,2.93,3.42
2023-02-15 00:00:00,00_04,2.97,3.39,6.2,7.07
2023-02-15 04:00:00,04_08,6.14,6.6,4.98,5.67
2023-02-15 08:00:00,08_12,9.27,9.99,2.12,2.45
2023-02-15 12:00:00,12_16,3.57,3.94,5.43,6.37
2023-02-15 16:00:00,16_20,13.67,15.0,1.59,1.88
2023-02-15 20:00:00,20_24,7.21,7.58,3.08,4.06
2023-02-16 00:00:00,00_04,2.7,2.97,6.65,8.46
2023-02-16 04:00:00,04_08,5.33,5.71,5.19,6.09
2023-02-16 08:00:00,08_12,8.33,8.91,2.02,2.18
2023-02-16 12:00:00,12_16,3.13,3.42,4.91,5.8
2023-02-16 16:00:00,16_20,12.33,12.86,1.49,1.69
2023-02-16 20:00:00,20_24,6.53,10.13,3.08,3.64
2023-02-17 00:00:00,00_04,2.39,2.87,7.22,8.49
2023-02-17 04:00:00,04_08,4.6,4.93,6.16,7.66
2023-02-17 08:00:00,08_12,7.54,8.46,2.75,3.83
2023-02-17 12:00:00,12_16,2.66,2.96,6.51,9.32
2023-02-17 16:00:00,16_20,9.88,10.72,3.37,6.53
2023-02-17 20:00:00,20_24,6.22,7.77,6.04,14.69
2023-02-18 00:00:00,00_04,2.33,2.65,21.75,27.75
2023-02-18 04:00:00,04_08,3.9,4.19,13.17,18.46
2023-02-18 08:00:00,08_12,6.63,6.98,3.71,4.76
2023-02-18 12:00:00,12_16,2.17,2.4,8.32,10.73
2023-02-18 16:00:00,16_20,8.6,9.1,4.1,5.33
2023-02-18 20:00:00,20_24,5.56,6.03,5.78,8.46
2023-02-19 00:00:00,00_04,2.13,2.94,12.47,14.88
2023-02-19 04:00:00,04_08,3.39,3.65,9.63,11.5
2023-02-19 08:00:00,08_12,5.61,6.01,3.48,4.28
2023-02-19 12:00:00,12_16,1.83,2.18,6.86,8.87
2023-02-19 16:00:00,16_20,8.52,11.11,3.37,3.84
2023-02-19 20:00:00,20_24,5.19,6.22,3.75,4.56
2023-02-20 00:00:00,00_04,2.42,3.03,12.72,16.2
2023-02-20 04:00:00,04_08,3.33,4.44,10.6,14.11
2023-02-20 08:00:00,08_12,5.2,5.68,4.52,7.3
2023-02-20 12:00:00,12_16,1.71,2.06,13.39,38.31
2023-02-20 16:00:00,16_20,8.85,11.39,3.9,5.33
2023-02-20 20:00:00,20_24,5.13,6.11,4.93,7.33
2023-02-21 00:00:00,00_04,2.22,2.58,19.19,29.85
2023-02-21 04:00:00,04_08,3.65,4.77,10.55,17.16
2023-02-21 08:00:00,08_12,5.76,6.63,3.66,4.8
2023-02-21 12:00:00,12_16,2.23,3.0,9.73,13.98
2023-02-21 16:00:00,16_20,11.44,14.55,2.34,3.45
2023-02-21 20:00:00,20_24,6.17,7.98,3.35,4.37
2023-02-22 00:00:00,00_04,2.09,2.45,9.32,12.0
2023-02-22 04:00:00,04_08,3.71,4.98,7.4,8.53
2023-02-22 08:00:00,08_12,5.88,6.75,2.68,3.4
2023-02-22 12:00:00,12_16,2.39,2.77,6.52,8.18
2023-02-22 16:00:00,16_20,10.66,12.04,2.06,2.5
2023-02-22 20:00:00,20_24,5.84,6.36,2.9,3.42
2023-02-23 00:00:00,00_04,1.95,2.2,7.0,8.3
2023-02-23 04:00:00,04_08,3.6,4.3,5.87,6.33
2023-02-23 08:00:00,08_12,5.81,8.6,2.12,2.4
2023-02-23 12:00:00,12_16,2.21,2.41,5.34,5.85
2023-02-23 16:00:00,16_20,9.36,9.94,1.73,1.97
2023-02-23 20:00:00,20_24,5.2,5.62,2.91,3.79
2023-02-24 00:00:00,00_04,1.75,2.46,5.99,6.71
2023-02-24 04:00:00,04_08,3.32,3.85,4.94,5.46
2023-02-24 08:00:00,08_12,5.4,6.5,1.98,2.44
2023-02-24 12:00:00,12_16,1.91,2.45,4.79,6.14
2023-02-24 16:00:00,16_20,8.19,8.71,1.55,1.86
2023-02-24 20:00:00,20_24,4.84,6.77,3.42,5.5
2023-02-25 00:00:00,00_04,1.94,3.08,14.16,26.12
2023-02-25 04:00:00,04_08,2.84,3.25,9.14,14.16
2023-02-25 08:00:00,08_12,4.73,5.27,4.63,6.73
2023-02-25 12:00:00,12_16,1.76,2.38,11.73,23.08
2023-02-25 16:00:00,16_20,7.31,9.03,2.61,5.3
2023-02-25 20:00:00,20_24,4.5,5.45,3.42,4.66
2023-02-26 00:00:00,00_04,2.01,2.87,10.32,12.8
2023-02-26 04:00:00,04_08,2.52,3.09,6.99,9.03
2023-02-26 08:00:00,08_12,4.04,4.42,7.64,17.48
2023-02-26 12:00:00,12_16,1.68,2.13,18.59,54.17
2023-02-26 16:00:00,16_20,7.43,11.0,3.05,5.0
2023-02-26 20:00:00,20_24,4.4,5.28,2.99,3.79
2023-02-27 00:00:00,00_04,2.08,2.65,7.67,9.29
2023-02-27 04:00:00,04_08,3.45,4.38,5.2,6.48
2023-02-27 08:00:00,08_12,4.94,7.09,4.81,7.3
2023-02-27 12:00:00,12_16,1.88,2.49,13.19,20.0
2023-02-27 16:00:00,16_20,10.37,20.02,2.32,3.38
2023-02-27 20:00:00,20_24,5.14,5.95,2.27,2.97
2023-02-28 00:00:00,00_04,1.96,2.42,5.95,6.84
2023-02-28 04:00:00,04_08,3.87,5.49,4.17,4.75
2023-02-28 08:00:00,08_12,5.43,6.26,3.76,4.97
2023-02-28 12:00:00,12_16,1.93,2.44,10.57,15.53
2023-02-28 16:00:00,16_20,13.26,16.63,1.87,2.42
2023-02-28 20:00:00,20_24,5.09,5.66,1.88,2.27
2023-03-01 00:00:00,00_04,1.79,2.1,4.71,5.34
2023-03-01 04:00:00,04_08,4.86,9.47,3.22,3.65
2023-03-01 08:00:00,08_12,6.63,15.84,3.2,3.69
2023-03-01 12:00:00,12_16,1.83,6.54,11.11,35.3
2023-03-01 16:00:00,16_20,12.32,16.74,1.59,1.96
2023-03-01 20:00:00,20_24,4.82,5.45,1.59,1.9
2023-03-02 00:00:00,00_04,1.62,1.87,3.76,4.19
2023-03-02 04:00:00,04_08,6.09,8.07,2.65,2.94
2023-03-02 08:00:00,08_12,7.39,9.0,2.46,2.84
2023-03-02 12:00:00,12_16,2.89,4.05,12.85,17.1
2023-03-02 16:00:00,16_20,11.94,15.05,1.41,1.72
2023-03-02 20:00:00,20_24,4.8,5.42,1.38,1.75
2023-03-03 00:00:00,00_04,1.4,1.67,3.02,3.44
2023-03-03 04:00:00,04_08,5.6,6.38,2.05,2.3
2023-03-03 08:00:00,08_12,6.31,7.4,1.9,2.16
2023-03-03 12:00:00,12_16,2.57,3.13,10.73,12.29
2023-03-03 16:00:00,16_20,10.22,11.45,1.35,1.68
2023-03-03 20:00:00,20_24,4.28,8.0,1.64,2.0
2023-03-04 00:00:00,00_04,1.84,3.91,7.93,9.9
2023-03-04 04:00:00,04_08,4.16,4.8,5.22,7.75
2023-03-04 08:00:00,08_12,4.75,5.39,4.48,7.1
2023-03-04 12:00:00,12_16,1.84,2.22,21.28,41.12
2023-03-04 16:00:00,16_20,8.69,9.38,2.86,5.13
2023-03-04 20:00:00,20_24,4.14,4.66,2.01,3.05
2023-03-05 00:00:00,00_04,1.94,2.45,7.06,8.1
2023-03-05 04:00:00,04_08,3.33,3.92,5.52,6.62
2023-03-05 08:00:00,08_12,3.86,4.33,5.41,6.68
2023-03-05 12:00:00,12_16,1.51,1.8,21.42,27.36
2023-03-05 16:00:00,16_20,7.81,8.78,2.85,4.0
2023-03-05 20:00:00,20_24,3.71,4.16,1.94,2.81
2023-03-06 00:00:00,00_04,2.12,2.61,5.57,7.72
2023-03-06 04:00:00,04_08,4.62,7.55,4.0,5.5
2023-03-06 08:00:00,08_12,6.97,9.92,3.47,4.49
2023-03-06 12:00:00,12_16,2.18,2.93,11.45,13.76
2023-03-06 16:00:00,16_20,13.11,18.34,2.02,2.45
2023-03-06 20:00:00,20_24,5.75,17.82,1.96,2.49
2023-03-07 00:00:00,00_04,1.81,2.34,10.37,16.56
2023-03-07 04:00:00,04_08,4.23,6.26,7.5,12.0
2023-03-07 08:00:00,08_12,5.96,8.05,6.19,12.66
2023-03-07 12:00:00,12_16,1.78,2.03,14.85,24.82
2023-03-07 16:00:00,16_20,12.02,14.7,3.54,13.46
2023-03-07 20:00:00,20_24,5.53,6.79,1.92,2.44
2023-03-08 00:00:00,00_04,1.76,1.98,7.86,9.02
2023-03-08 04:00:00,04_08,4.61,5.5,5.31,6.66
2023-03-08 08:00:00,08_12,6.5,7.29,4.14,5.35
2023-03-08 12:00:00,12_16,1.95,2.33,9.48,11.21
2023-03-08 16:00:00,16_20,13.41,15.36,2.73,3.75
2023-03-08 20:00:00,20_24,5.2,5.95,1.67,2.01
2023-03-09 00:00:00,00_04,1.65,1.85,5.75,7.64
2023-03-09 04:00:00,04_08,4.24,4.8,4.21,4.88
2023-03-09 08:00:00,08_12,5.89,6.4,3.59,4.07
2023-03-09 12:00:00,12_16,1.78,1.97,7.9,8.5
2023-03-09 16:00:00,16_20,12.05,13.59,2.19,2.51
2023-03-09 20:00:00,20_24,5.68,13.62,1.49,1.75
2023-03-10 00:00:00,00_04,1.66,3.38,5.45,7.01
2023-03-10 04:00:00,04_08,3.79,4.27,4.03,4.5
2023-03-10 08:00:00,08_12,5.12,5.69,3.24,3.56
2023-03-10 12:00:00,12_16,1.47,1.8,6.72,7.25
2023-03-10 16:00:00,16_20,9.65,10.86,2.06,2.28
2023-03-10 20:00:00,20_24,7.64,13.9,2.71,4.97
2023-03-11 00:00:00,00_04,2.14,2.75,11.7,25.22
2023-03-11 04:00:00,04_08,3.16,3.63,6.47,9.6
2023-03-11 08:00:00,08_12,4.32,4.83,6.06,8.3
2023-03-11 12:00:00,12_16,1.4,1.68,21.13,33.25
2023-03-11 16:00:00,16_20,8.74,10.4,2.86,4.02
2023-03-11 20:00:00,20_24,7.55,9.92,2.72,3.53
2023-03-12 00:00:00,00_04,1.82,2.14,8.91,10.57
2023-03-12 04:00:00,04_08,2.68,3.1,4.77,5.78
2023-03-12 08:00:00,08_12,3.59,3.97,4.56,5.82
2023-03-12 12:00:00,12_16,1.23,1.45,16.08,18.46
2023-03-12 16:00:00,16_20,8.16,8.83,2.49,2.99
2023-03-12 20:00:00,20_24,7.23,10.0,2.49,3.03
2023-03-13 00:00:00,00_04,1.73,2.23,19.02,43.44
2023-03-13 04:00:00,04_08,2.84,6.1,11.91,32.15
2023-03-13 08:00:00,08_12,4.42,10.39,7.06,13.33
2023-03-13 12:00:00,12_16,1.2,1.69,30.97,78.29
2023-03-13 16:00:00,16_20,8.68,15.43,3.03,4.89
2023-03-13 20:00:00,20_24,7.26,10.9,3.04,4.53
2023-03-14 00:00:00,00_04,1.75,2.1,33.83,48.36
2023-03-14 04:00:00,04_08,3.55,4.47,17.31,22.33
2023-03-14 08:00:00,08_12,5.91,7.15,7.13,8.4
2023-03-14 12:00:00,12_16,1.33,1.64,29.23,35.92
2023-03-14 16:00:00,16_20,10.71,14.4,2.99,3.72
2023-03-14 20:00:00,20_24,7.15,8.26,2.76,3.68
2023-03-15 00:00:00,00_04,1.77,2.05,18.92,22.5
2023-03-15 04:00:00,04_08,3.58,4.09,9.56,11.13
2023-03-15 08:00:00,08_12,5.25,6.13,4.51,5.2
2023-03-15 12:00:00,12_16,1.39,1.66,16.11,19.95
2023-03-15 16:00:00,16_20,15.39,20.89,2.25,2.8
2023-03-15 20:00:00,20_24,7.3,9.32,2.25,2.7
2023-03-16 00:00:00,00_04,1.72,2.33,10.73,15.0
2023-03-16 04:00:00,04_08,5.18,22.5,5.92,9.81
2023-03-16 08:00:00,08_12,6.34,23.4,3.67,8.0
2023-03-16 12:00:00,12_16,2.18,13.32,15.66,66.4
2023-03-16 16:00:00,16_20,12.14,14.76,2.1,4.32
2023-03-16 20:00:00,20_24,6.75,7.9,2.33,3.62
2023-03-17 00:00:00,00_04,2.72,7.68,15.8,28.61
2023-03-17 04:00:00,04_08,15.65,42.16,9.11,23.36
2023-03-17 08:00:00,08_12,13.01,37.46,7.36,26.66
2023-03-17 12:00:00,12_16,6.97,20.52,22.27,49.21
2023-03-17 16:00:00,16_20,13.11,38.34,2.25,5.52
2023-03-17 20:00:00,20_24,7.09,9.22,2.41,4.07
2023-03-18 00:00:00,00_04,2.56,3.51,11.46,13.4
2023-03-18 04:00:00,04_08,9.23,11.48,7.93,9.12
2023-03-18 08:00:00,08_12,8.06,11.01,6.62,10.44
2023-03-18 12:00:00,12_16,4.98,7.83,20.4,25.54
2023-03-18 16:00:00,16_20,14.1,17.36,2.66,3.34
2023-03-18 20:00:00,20_24,6.57,7.33,2.29,2.85
2023-03-19 00:00:00,00_04,2.56,5.04,8.75,10.31
2023-03-19 04:00:00,04_08,6.57,9.07,6.43,7.67
2023-03-19 08:00:00,08_12,6.19,8.07,6.03,7.44
2023-03-19 12:00:00,12_16,3.9,5.2,18.33,24.43
2023-03-19 16:00:00,16_20,11.34,13.81,2.31,2.84
2023-03-19 20:00:00,20_24,6.27,6.89,2.05,2.31
2023-03-20 00:00:00,00_04,2.25,2.85,8.14,9.58
2023-03-20 04:00:00,04_08,5.79,7.04,5.5,6.32
2023-03-20 08:00:00,08_12,6.08,7.33,3.97,4.87
2023-03-20 12:00:00,12_16,3.28,3.97,12.2,15.8
2023-03-20 16:00:00,16_20,11.27,14.03,1.75,2.21
2023-03-20 20:00:00,20_24,6.2,7.07,1.58,1.98
2023-03-21 00:00:00,00_04,2.12,2.57,6.79,7.86
2023-03-21 04:00:00,04_08,4.89,5.6,4.48,4.97
2023-03-21 08:00:00,08_12,5.72,6.44,3.03,3.71
2023-03-21 12:00:00,12_16,2.53,3.05,10.11,11.73
2023-03-21 16:00:00,16_20,10.11,11.47,1.48,1.76
2023-03-21 20:00:00,20_24,6.3,11.53,1.5,1.84
2023-03-22 00:00:00,00_04,2.08,4.28,9.8,14.21
2023-03-22 04:00:00,04_08,4.25,5.47,7.66,10.46
2023-03-22 08:00:00,08_12,5.59,11.43,7.11,9.77
2023-03-22 12:00:00,12_16,2.14,4.05,29.71,43.37
2023-03-22 16:00:00,16_20,10.38,18.2,3.32,6.12
2023-03-22 20:00:00,20_24,7.38,10.68,1.92,2.55
2023-03-23 00:00:00,00_04,2.76,4.45,19.13,27.7
2023-03-23 04:00:00,04_08,4.23,4.72,11.99,16.48
2023-03-23 08:00:00,08_12,6.04,7.42,5.93,7.47
2023-03-23 12:00:00,12_16,2.57,2.97,22.27,28.86
2023-03-23 16:00:00,16_20,13.63,18.83,3.14,3.94
2023-03-23 20:00:00,20_24,8.64,12.7,1.83,2.37
2023-03-24 00:00:00,00_04,3.5,5.02,20.5,24.49
2023-03-24 04:00:00,04_08,3.96,4.66,11.26,12.83
2023-03-24 08:00:00,08_12,6.94,15.47,6.28,6.94
2023-03-24 12:00:00,12_16,2.41,2.89,32.01,49.46
2023-03-24 16:00:00,16_20,14.28,18.78,4.03,9.1
2023-03-24 20:00:00,20_24,10.83,20.0,1.88,2.34
2023-03-25 00:00:00,00_04,4.2,13.74,18.92,23.34
2023-03-25 04:00:00,04_08,4.09,7.06,17.16,22.42
2023-03-25 08:00:00,08_12,8.5,11.93,21.12,29.97
2023-03-25 12:00:00,12_16,2.08,2.38,52.75,64.52
2023-03-25 16:00:00,16_20,13.69,14.89,12.29,27.64
2023-03-25 20:00:00,20_24,9.99,11.5,4.1,9.29
2023-03-26 00:00:00,00_04,4.39,5.51,16.13,18.65
2023-03-26 04:00:00,04_08,3.97,4.42,12.93,16.68
2023-03-26 08:00:00,08_12,7.5,8.4,11.05,15.26
2023-03-26 12:00:00,12_16,1.79,2.21,24.98,31.06
2023-03-26 16:00:00,16_20,12.02,13.45,8.36,13.73
2023-03-26 20:00:00,20_24,8.83,9.41,3.38,4.89
2023-03-27 00:00:00,00_04,3.79,4.46,12.37,15.55
2023-03-27 04:00:00,04_08,5.72,10.47,9.48,11.7
2023-03-27 08:00:00,08_12,8.8,20.04,7.97,9.64
2023-03-27 12:00:00,12_16,1.87,2.61,29.66,46.72
2023-03-27 16:00:00,16_20,12.0,14.59,7.45,13.0
2023-03-27 20:00:00,20_24,7.98,9.16,2.71,3.6
2023-03-28 00:00:00,00_04,3.29,3.77,10.58,12.6
2023-03-28 04:00:00,04_08,7.01,12.56,7.25,8.6
2023-03-28 08:00:00,08_12,9.9,13.18,5.61,7.0
2023-03-28 12:00:00,12_16,2.09,2.84,20.23,27.03
2023-03-28 16:00:00,16_20,13.42,21.29,5.82,7.6
2023-03-28 20:00:00,20_24,8.79,11.82,2.17,2.56
2023-03-29 00:00:00,00_04,2.97,3.45,8.59,9.36
2023-03-29 04:00:00,04_08,6.68,8.28,5.9,6.56
2023-03-29 08:00:00,08_12,9.7,11.45,4.35,4.83
2023-03-29 12:00:00,12_16,2.52,3.5,12.83,14.63
2023-03-29 16:00:00,16_20,13.04,15.18,4.08,4.59
2023-03-29 20:00:00,20_24,9.42,16.6,1.82,2.08
2023-03-30 00:00:00,00_04,3.0,5.07,8.53,10.93
2023-03-30 04:00:00,04_08,6.04,7.1,7.06,8.75
2023-03-30 08:00:00,08_12,9.48,17.91,5.42,6.42
2023-03-30 12:00:00,12_16,2.33,3.33,34.0,52.86
2023-03-30 16:00:00,16_20,11.88,14.71,6.76,10.4
2023-03-30 20:00:00,20_24,9.33,10.65,1.92,2.35
2023-03-31 00:00:00,00_04,2.91,3.3,9.91,12.81
2023-03-31 04:00:00,04_08,5.86,7.79,6.16,7.26
2023-03-31 08:00:00,08_12,11.23,14.21,4.46,4.87
2023-03-31 12:00:00,12_16,2.36,2.76,18.89,22.13
2023-03-31 16:00:00,16_20,10.86,12.39,4.76,5.42
2023-03-31 20:00:00,20_24,8.9,11.5,1.82,2.07
2023-04-01 00:00:00,00_04,2.71,3.62,10.06,13.51
2023-04-01 04:00:00,04_08,4.69,5.46,6.28,8.83
2023-04-01 08:00:00,08_12,9.26,10.64,5.74,9.6
2023-04-01 12:00:00,12_16,1.95,2.29,23.88,30.93
2023-04-01 16:00:00,16_20,9.29,9.88,6.63,10.14
2023-04-01 20:00:00,20_24,7.67,8.71,2.57,4.09
2023-04-02 00:00:00,00_04,2.74,3.81,10.5,12.59
2023-04-02 04:00:00,04_08,4.36,5.07,7.11,8.58
2023-04-02 08:00:00,08_12,7.9,9.31,7.51,11.97
2023-04-02 12:00:00,12_16,1.65,2.06,26.73,35.54
2023-04-02 16:00:00,16_20,8.42,9.12,9.58,18.21
2023-04-02 20:00:00,20_24,6.69,7.34,2.79,5.31
2023-04-03 00:00:00,00_04,2.77,3.33,8.34,9.96
2023-04-03 04:00:00,04_08,4.79,6.34,5.69,6.59
2023-04-03 08:00:00,08_12,8.9,11.24,5.55,6.16
2023-04-03 12:00:00,12_16,2.58,3.39,16.47,18.84
2023-04-03 16:00:00,16_20,10.39,11.97,6.4,7.98
2023-04-03 20:00:00,20_24,7.92,9.02,2.23,2.74
2023-04-04 00:00:00,00_04,2.7,3.19,6.48,7.55
2023-04-04 04:00:00,04_08,5.79,7.58,4.53,5.4
2023-04-04 08:00:00,08_12,12.15,21.72,4.56,5.87
2023-04-04 12:00:00,12_16,2.44,3.14,12.3,15.22
2023-04-04 16:00:00,16_20,10.51,12.31,4.52,5.34
2023-04-04 20:00:00,20_24,7.61,8.84,1.71,1.98
2023-04-05 00:00:00,00_04,2.65,3.13,4.86,5.22
2023-04-05 04:00:00,04_08,6.06,7.0,3.65,3.99
2023-04-05 08:00:00,08_12,10.8,14.88,4.21,4.73
2023-04-05 12:00:00,12_16,2.29,2.77,10.39,11.65
2023-04-05 16:00:00,16_20,10.56,12.26,3.29,3.89
2023-04-05 20:00:00,20_24,7.6,8.86,1.34,1.55
2023-04-06 00:00:00,00_04,2.62,2.94,3.96,4.23
2023-04-06 04:00:00,04_08,5.27,5.76,2.88,3.13
2023-04-06 08:00:00,08_12,9.77,12.62,3.63,3.9
2023-04-06 12:00:00,12_16,2.25,2.89,9.01,10.0
2023-04-06 16:00:00,16_20,10.01,11.1,2.71,2.95
2023-04-06 20:00:00,20_24,7.01,7.74,1.08,1.27
2023-04-07 00:00:00,00_04,2.52,2.83,3.43,4.17
2023-04-07 04:00:00,04_08,4.51,4.85,2.48,3.12
2023-04-07 08:00:00,08_12,8.61,9.17,2.88,3.24
2023-04-07 12:00:00,12_16,2.14,2.41,8.08,9.28
2023-04-07 16:00:00,16_20,8.88,9.48,2.17,2.4
2023-04-07 20:00:00,20_24,6.25,6.87,0.9,1.06
2023-04-08 00:00:00,00_04,2.29,2.52,3.11,3.48
2023-04-08 04:00:00,04_08,3.77,4.1,2.26,2.53
2023-04-08 08:00:00,08_12,7.68,8.29,2.41,3.0
2023-04-08 12:00:00,12_16,1.97,2.33,7.26,9.9
2023-04-08 16:00:00,16_20,8.03,9.06,1.85,2.87
2023-04-08 20:00:00,20_24,5.74,7.27,0.83,1.0
2023-04-09 00:00:00,00_04,2.45,3.99,2.66,2.99
2023-04-09 04:00:00,04_08,3.38,3.85,1.93,2.2
2023-04-09 08:00:00,08_12,6.66,7.47,2.95,5.52
2023-04-09 12:00:00,12_16,1.85,2.11,13.86,25.23
2023-04-09 16:00:00,16_20,8.1,10.53,2.89,6.07
2023-04-09 20:00:00,20_24,6.42,10.43,0.79,1.08
2023-04-10 00:00:00,00_04,3.54,9.49,2.53,3.24
2023-04-10 04:00:00,04_08,3.25,3.93,1.83,2.91
2023-04-10 08:00:00,08_12,7.03,25.04,3.43,4.72
2023-04-10 12:00:00,12_16,2.04,5.36,25.44,42.79
2023-04-10 16:00:00,16_20,7.72,11.89,8.63,18.33
2023-04-10 20:00:00,20_24,6.2,7.94,2.02,3.82
2023-04-11 00:00:00,00_04,3.94,5.16,8.52,17.56
2023-04-11 04:00:00,04_08,4.61,11.53,6.91,18.21
2023-04-11 08:00:00,08_12,12.71,22.85,4.18,5.51
2023-04-11 12:00:00,12_16,2.51,3.56,26.41,39.11
2023-04-11 16:00:00,16_20,9.49,13.6,7.17,15.8
2023-04-11 20:00:00,20_24,8.27,13.6,1.78,2.85
2023-04-12 00:00:00,00_04,3.57,4.45,6.25,9.61
2023-04-12 04:00:00,04_08,4.47,5.4,5.53,12.51
2023-04-12 08:00:00,08_12,10.25,11.7,3.59,4.38
2023-04-12 12:00:00,12_16,2.59,3.27,14.27,16.8
2023-04-12 16:00:00,16_20,9.95,13.4,4.61,5.64
2023-04-12 20:00:00,20_24,8.24,10.28,1.64,2.3
2023-04-13 00:00:00,00_04,3.15,4.03,10.39,19.7
2023-04-13 04:00:00,04_08,4.25,5.0,8.12,12.84
2023-04-13 08:00:00,08_12,8.68,9.76,3.5,4.09
2023-04-13 12:00:00,12_16,2.45,2.81,11.21,12.66
2023-04-13 16:00:00,16_20,11.57,15.22,2.98,4.0
2023-04-13 20:00:00,20_24,9.14,10.96,1.42,1.77
2023-04-14 00:00:00,00_04,3.13,3.6,6.78,8.03
2023-04-14 04:00:00,04_08,4.74,5.53,5.08,6.49
2023-04-14 08:00:00,08_12,8.63,9.4,2.93,3.58
2023-04-14 12:00:00,12_16,2.53,3.34,7.74,9.0
2023-04-14 16:00:00,16_20,10.32,11.2,2.41,2.85
2023-04-14 20:00:00,20_24,9.63,13.16,1.18,1.42
2023-04-15 00:00:00,00_04,2.95,5.0,5.06,5.98
2023-04-15 04:00:00,04_08,4.25,7.15,4.46,5.82
2023-04-15 08:00:00,08_12,8.3,12.6,3.64,5.25
2023-04-15 12:00:00,12_16,2.15,2.41,15.55,29.13
2023-04-15 16:00:00,16_20,8.3,8.84,4.8,8.93
2023-04-15 20:00:00,20_24,7.2,8.33,1.36,2.0
2023-04-16 00:00:00,00_04,2.74,3.2,4.15,4.69
2023-04-16 04:00:00,04_08,4.0,4.53,3.97,4.45
2023-04-16 08:00:00,08_12,7.12,8.19,3.85,5.19
2023-04-16 12:00:00,12_16,1.97,2.51,15.32,18.58
2023-04-16 16:00:00,16_20,7.5,8.13,5.13,8.47
2023-04-16 20:00:00,20_24,6.77,7.43,1.44,2.47
2023-04-17 00:00:00,00_04,2.94,3.34,3.42,4.48
2023-04-17 04:00:00,04_08,5.15,7.25,3.08,4.58
2023-04-17 08:00:00,08_12,9.91,13.0,2.94,3.25
2023-04-17 12:00:00,12_16,2.45,3.63,8.46,10.26
2023-04-17 16:00:00,16_20,7.98,10.02,3.78,4.68
2023-04-17 20:00:00,20_24,6.83,8.09,1.5,2.0
2023-04-18 00:00:00,00_04,2.84,3.3,3.34,3.9
2023-04-18 04:00:00,04_08,5.9,7.73,3.25,5.0
2023-04-18 08:00:00,08_12,9.61,11.86,3.18,5.08
2023-04-18 12:00:00,12_16,2.87,4.48,8.54,13.75
2023-04-18 16:00:00,16_20,8.08,9.53,3.78,5.5
2023-04-18 20:00:00,20_24,6.69,7.58,1.54,2.04
2023-04-19 00:00:00,00_04,2.69,3.15,3.42,4.27
2023-04-19 04:00:00,04_08,5.6,6.3,3.47,4.51
2023-04-19 08:00:00,08_12,9.9,15.57,3.81,4.5
2023-04-19 12:00:00,12_16,2.79,4.39,19.88,39.09
2023-04-19 16:00:00,16_20,7.59,8.66,8.43,19.11
2023-04-19 20:00:00,20_24,6.65,7.49,1.5,2.03
2023-04-20 00:00:00,00_04,2.61,2.92,3.18,3.58
2023-04-20 04:00:00,04_08,5.41,5.88,3.27,3.84
2023-04-20 08:00:00,08_12,10.25,11.42,3.37,3.9
2023-04-20 12:00:00,12_16,2.89,3.43,13.67,20.39
2023-04-20 16:00:00,16_20,7.55,8.45,5.89,7.5
2023-04-20 20:00:00,20_24,6.78,8.34,1.6,2.01
2023-04-21 00:00:00,00_04,2.32,2.63,2.96,3.46
2023-04-21 04:00:00,04_08,5.02,5.41,3.06,3.33
2023-04-21 08:00:00,08_12,9.49,10.53,3.14,3.58
2023-04-21 12:00:00,12_16,2.55,2.84,26.94,42.66
2023-04-21 16:00:00,16_20,7.46,8.77,7.74,14.8
2023-04-21 20:00:00,20_24,7.37,10.45,1.41,1.66
2023-04-22 00:00:00,00_04,2.15,2.58,2.73,3.04
2023-04-22 04:00:00,04_08,4.57,5.03,2.6,2.85
2023-04-22 08:00:00,08_12,8.45,9.25,3.0,3.85
2023-04-22 12:00:00,12_16,2.08,2.38,25.46,32.33
2023-04-22 16:00:00,16_20,6.7,7.35,7.88,10.54
2023-04-22 20:00:00,20_24,6.5,7.24,1.33,1.55
2023-04-23 00:00:00,00_04,2.11,2.88,2.36,2.65
2023-04-23 04:00:00,04_08,4.28,5.04,2.25,2.64
2023-04-23 08:00:00,08_12,7.79,9.06,4.7,7.97
2023-04-23 12:00:00,12_16,1.78,2.1,29.36,49.34
2023-04-23 16:00:00,16_20,6.34,6.84,8.27,11.61
2023-04-23 20:00:00,20_24,6.26,6.91,1.16,1.34
2023-04-24 00:00:00,00_04,2.07,2.37,2.34,4.22
2023-04-24 04:00:00,04_08,4.69,5.42,2.11,2.49
2023-04-24 08:00:00,08_12,8.43,10.39,3.56,4.41
2023-04-24 12:00:00,12_16,2.09,2.75,18.04,23.66
2023-04-24 16:00:00,16_20,6.77,8.2,5.98,7.51
2023-04-24 20:00:00,20_24,7.13,10.14,1.01,1.2
2023-04-25 00:00:00,00_04,1.96,2.62,2.63,3.43
2023-04-25 04:00:00,04_08,4.94,7.53,1.75,2.05
2023-04-25 08:00:00,08_12,8.24,8.91,3.22,3.91
2023-04-25 12:00:00,12_16,1.99,2.47,16.68,20.98
2023-04-25 16:00:00,16_20,6.7,7.36,5.36,6.37
2023-04-25 20:00:00,20_24,6.99,7.73,0.84,0.99
2023-04-26 00:00:00,00_04,2.02,2.78,2.33,2.64
2023-04-26 04:00:00,04_08,5.53,7.87,1.8,4.6
2023-04-26 08:00:00,08_12,8.67,14.16,4.38,26.55
2023-04-26 12:00:00,12_16,9.24,36.52,13.23,19.7
2023-04-26 16:00:00,16_20,9.11,22.45,4.87,9.24
2023-04-26 20:00:00,20_24,7.96,14.25,0.77,1.02
2023-04-27 00:00:00,00_04,2.38,4.68,2.46,6.63
2023-04-27 04:00:00,04_08,5.61,8.67,2.65,6.63
2023-04-27 08:00:00,08_12,9.38,13.0,8.35,17.48
2023-04-27 12:00:00,12_16,8.82,20.32,13.91,23.32
2023-04-27 16:00:00,16_20,9.58,15.2,5.8,8.67
2023-04-27 20:00:00,20_24,8.9,14.0,0.77,1.02
2023-04-28 00:00:00,00_04,2.41,2.98,2.66,3.45
2023-04-28 04:00:00,04_08,5.45,6.48,2.73,3.51
2023-04-28 08:00:00,08_12,8.93,10.58,5.71,6.66
2023-04-28 12:00:00,12_16,6.5,8.22,11.14,12.64
2023-04-28 16:00:00,16_20,8.45,10.37,5.06,5.93
2023-04-28 20:00:00,20_24,8.57,10.16,0.85,1.2
2023-04-29 00:00:00,00_04,2.18,2.65,2.47,2.86
2023-04-29 04:00:00,04_08,4.78,5.29,2.44,2.9
2023-04-29 08:00:00,08_12,7.93,8.52,4.85,6.0
2023-04-29 12:00:00,12_16,4.25,5.15,14.56,20.82
2023-04-29 16:00:00,16_20,7.08,8.08,4.99,6.2
2023-04-29 20:00:00,20_24,7.47,8.65,0.91,1.23
2023-04-30 00:00:00,00_04,2.1,2.43,2.25,2.47
2023-04-30 04:00:00,04_08,4.29,4.68,2.27,2.59
2023-04-30 08:00:00,08_12,7.13,8.09,6.89,9.42
2023-04-30 12:00:00,12_16,3.26,4.0,32.94,60.48
2023-04-30 16:00:00,16_20,6.98,8.72,7.35,11.75
2023-04-30 20:00:00,20_24,7.46,14.33,1.05,1.42
2023-05-01 00:00:00,00_04,2.06,2.44,2.12,2.39
2023-05-01 04:00:00,04_08,3.94,4.41,2.15,2.45
2023-05-01 08:00:00,08_12,6.8,7.39,6.51,10.08
2023-05-01 12:00:00,12_16,2.85,3.33,30.9,63.18
2023-05-01 16:00:00,16_20,6.96,8.99,6.4,8.97
2023-05-01 20:00:00,20_24,8.16,11.11,1.06,1.37
2023-05-02 00:00:00,00_04,2.13,2.46,2.07,2.49
2023-05-02 04:00:00,04_08,4.34,5.28,1.96,2.56
2023-05-02 08:00:00,08_12,7.18,8.18,4.67,6.12
2023-05-02 12:00:00,12_16,2.83,3.83,18.13,25.15
2023-05-02 16:00:00,16_20,7.9,9.45,5.2,6.23
2023-05-02 20:00:00,20_24,8.83,11.42,0.92,1.13
2023-05-03 00:00:00,00_04,1.93,2.23,1.84,2.19
2023-05-03 04:00:00,04_08,4.21,4.75,1.89,2.3
2023-05-03 08:00:00,08_12,7.12,8.08,3.92,4.6
2023-05-03 12:00:00,12_16,2.84,3.47,15.47,18.97
2023-05-03 16:00:00,16_20,7.98,8.78,4.18,4.75
2023-05-03 20:00:00,20_24,9.53,12.67,0.84,1.04
2023-05-04 00:00:00,00_04,1.86,2.33,1.7,1.88
2023-05-04 04:00:00,04_08,4.04,5.0,1.64,1.88
2023-05-04 08:00:00,08_12,7.18,7.8,3.27,3.87
2023-05-04 12:00:00,12_16,2.79,3.18,14.36,15.76
2023-05-04 16:00:00,16_20,7.69,8.15,3.56,4.01
2023-05-04 20:00:00,20_24,9.16,10.25,0.86,1.04
2023-05-05 00:00:00,00_04,1.8,2.04,1.74,2.09
2023-05-05 04:00:00,04_08,3.86,4.36,1.64,1.91
2023-05-05 08:00:00,08_12,6.77,7.5,3.3,4.33
2023-05-05 12:00:00,12_16,2.6,2.91,13.66,17.92
2023-05-05 16:00:00,16_20,7.32,8.24,3.26,4.4
2023-05-05 20:00:00,20_24,8.71,10.1,0.81,1.0
2023-05-06 00:00:00,00_04,1.69,2.3,1.58,1.83
2023-05-06 04:00:00,04_08,3.67,5.47,1.53,1.94
2023-05-06 08:00:00,08_12,6.45,7.65,3.29,4.4
2023-05-06 12:00:00,12_16,2.26,2.6,17.13,26.26
2023-05-06 16:00:00,16_20,7.12,10.11,4.18,7.62
2023-05-06 20:00:00,20_24,8.31,10.29,0.84,1.13
2023-05-07 00:00:00,00_04,1.74,2.25,1.58,1.78
2023-05-07 04:00:00,04_08,3.75,4.94,1.58,1.86
2023-05-07 08:00:00,08_12,6.58,10.32,6.77,8.86
2023-05-07 12:00:00,12_16,2.14,2.5,36.82,60.94
2023-05-07 16:00:00,16_20,7.28,8.63,8.57,16.44
2023-05-07 20:00:00,20_24,8.34,9.02,0.87,1.0
2023-05-08 00:00:00,00_04,1.83,2.06,1.64,2.76
2023-05-08 04:00:00,04_08,4.57,7.65,1.67,3.07
2023-05-08 08:00:00,08_12,7.52,9.42,4.0,4.91
2023-05-08 12:00:00,12_16,2.41,2.73,19.65,23.71
2023-05-08 16:00:00,16_20,8.22,9.26,5.88,8.14
2023-05-08 20:00:00,20_24,8.93,9.84,0.8,1.04
2023-05-09 00:00:00,00_04,1.76,2.06,1.83,2.63
2023-05-09 04:00:00,04_08,4.2,4.97,1.91,2.73
2023-05-09 08:00:00,08_12,7.35,8.2,3.68,4.57
2023-05-09 12:00:00,12_16,2.24,2.58,15.08,17.1
2023-05-09 16:00:00,16_20,7.65,8.31,4.72,5.49
2023-05-09 20:00:00,20_24,8.1,8.78,0.85,1.0
2023-05-10 00:00:00,00_04,1.77,2.04,2.93,6.76
2023-05-10 04:00:00,04_08,3.92,4.7,2.36,4.47
2023-05-10 08:00:00,08_12,6.74,7.26,3.51,4.98
2023-05-10 12:00:00,12_16,2.18,2.5,10.19,13.29
2023-05-10 16:00:00,16_20,7.62,8.18,3.77,4.61
2023-05-10 20:00:00,20_24,8.4,9.48,0.86,1.0
2023-05-11 00:00:00,00_04,1.76,1.88,2.68,3.16
2023-05-11 04:00:00,04_08,4.57,6.36,2.27,2.64
2023-05-11 08:00:00,08_12,7.49,8.92,3.19,3.97
2023-05-11 12:00:00,12_16,2.31,2.88,7.98,9.18
2023-05-11 16:00:00,16_20,7.35,8.53,3.03,3.47
2023-05-11 20:00:00,20_24,8.12,9.7,0.83,0.94
2023-05-12 00:00:00,00_04,1.6,2.31,2.01,2.41
2023-05-12 04:00:00,04_08,4.0,4.9,1.98,2.25
2023-05-12 08:00:00,08_12,6.44,7.03,2.88,3.16
2023-05-12 12:00:00,12_16,2.17,2.65,7.49,9.0
2023-05-12 16:00:00,16_20,6.63,7.21,2.78,3.35
2023-05-12 20:00:00,20_24,6.89,7.76,0.86,1.01
2023-05-13 00:00:00,00_04,1.99,4.43,1.78,2.0
2023-05-13 04:00:00,04_08,3.76,4.43,1.77,2.09
2023-05-13 08:00:00,08_12,5.72,6.51,3.65,6.83
2023-05-13 12:00:00,12_16,2.02,2.45,23.54,50.0
2023-05-13 16:00:00,16_20,5.97,6.56,5.7,10.04
2023-05-13 20:00:00,20_24,7.04,9.79,0.92,1.49
2023-05-14 00:00:00,00_04,2.44,4.8,1.62,1.8
2023-05-14 04:00:00,04_08,3.75,4.78,1.68,1.8
2023-05-14 08:00:00,08_12,5.54,6.72,6.16,8.76
2023-05-14 12:00:00,12_16,1.87,2.19,29.21,41.52
2023-05-14 16:00:00,16_20,5.45,5.92,6.91,10.73
2023-05-14 20:00:00,20_24,7.21,8.67,0.96,1.18
2023-05-15 00:00:00,00_04,2.4,3.35,1.48,1.73
2023-05-15 04:00:00,04_08,5.33,7.41,1.49,1.87
2023-05-15 08:00:00,08_12,7.15,8.72,4.14,4.68
2023-05-15 12:00:00,12_16,2.11,2.74,15.18,18.86
2023-05-15 16:00:00,16_20,6.13,7.77,4.74,5.76
2023-05-15 20:00:00,20_24,7.79,10.07,0.88,1.04
2023-05-16 00:00:00,00_04,2.41,3.57,1.63,2.26
2023-05-16 04:00:00,04_08,5.14,7.02,1.41,1.65
2023-05-16 08:00:00,08_12,6.87,8.6,3.46,4.33
2023-05-16 12:00:00,12_16,2.22,2.91,22.84,37.55
2023-05-16 16:00:00,16_20,6.35,8.8,4.77,6.14
2023-05-16 20:00:00,20_24,7.77,9.56,0.82,1.0
2023-05-17 00:00:00,00_04,2.5,2.88,2.26,5.0
2023-05-17 04:00:00,04_08,5.51,6.4,1.67,2.43
2023-05-17 08:00:00,08_12,6.87,7.7,4.57,8.65
2023-05-17 12:00:00,12_16,2.36,2.88,24.75,35.43
2023-05-17 16:00:00,16_20,7.37,11.21,4.8,6.01
2023-05-17 20:00:00,20_24,9.92,17.83,0.85,1.02
2023-05-18 00:00:00,00_04,2.42,3.24,2.55,3.3
2023-05-18 04:00:00,04_08,5.2,5.74,1.74,2.48
2023-05-18 08:00:00,08_12,6.25,7.29,9.48,18.22
2023-05-18 12:00:00,12_16,2.35,2.7,37.98,60.31
2023-05-18 16:00:00,16_20,7.26,8.64,7.96,13.39
2023-05-18 20:00:00,20_24,10.99,13.84,0.85,1.0
2023-05-19 00:00:00,00_04,2.32,2.64,2.12,2.53
2023-05-19 04:00:00,04_08,5.23,5.96,1.72,2.05
2023-05-19 08:00:00,08_12,7.17,10.92,7.91,10.14
2023-05-19 12:00:00,12_16,2.65,4.05,25.01,30.06
2023-05-19 16:00:00,16_20,7.11,8.22,6.26,7.77
2023-05-19 20:00:00,20_24,10.19,12.77,0.82,0.95
2023-05-20 00:00:00,00_04,2.19,3.27,2.03,2.48
2023-05-20 04:00:00,04_08,4.66,5.38,1.73,1.98
2023-05-20 08:00:00,08_12,7.27,19.87,8.86,13.39
2023-05-20 12:00:00,12_16,2.11,2.46,39.25,67.31
2023-05-20 16:00:00,16_20,6.46,7.61,10.57,26.15
2023-05-20 20:00:00,20_24,9.27,12.0,0.85,1.08
2023-05-21 00:00:00,00_04,2.56,5.22,2.1,2.89
2023-05-21 04:00:00,04_08,4.56,8.4,1.79,2.35
2023-05-21 08:00:00,08_12,9.48,23.0,13.37,21.02
2023-05-21 12:00:00,12_16,2.03,2.52,52.97,73.45
2023-05-21 16:00:00,16_20,6.24,7.28,16.88,27.43
2023-05-21 20:00:00,20_24,8.52,9.37,0.91,1.13
2023-05-22 00:00:00,00_04,2.42,3.29,2.5,3.85
2023-05-22 04:00:00,04_08,6.14,7.76,2.19,4.81
2023-05-22 08:00:00,08_12,9.23,12.47,6.53,8.96
2023-05-22 12:00:00,12_16,2.36,2.98,24.04,31.0
2023-05-22 16:00:00,16_20,9.28,15.0,7.95,9.72
2023-05-22 20:00:00,20_24,10.89,16.33,0.85,0.98
2023-05-23 00:00:00,00_04,2.71,4.32,2.44,2.89
2023-05-23 04:00:00,04_08,6.02,8.57,2.35,3.63
2023-05-23 08:00:00,08_12,8.7,12.0,7.85,12.0
2023-05-23 12:00:00,12_16,2.59,5.0,28.32,56.56
2023-05-23 16:00:00,16_20,8.64,10.59,9.23,12.37
2023-05-23 20:00:00,20_24,9.88,11.15,0.83,0.97
2023-05-24 00:00:00,00_04,3.03,3.93,2.41,3.32
2023-05-24 04:00:00,04_08,5.9,6.64,2.55,3.2
2023-05-24 08:00:00,08_12,9.02,10.54,7.12,8.89
2023-05-24 12:00:00,12_16,2.76,3.89,23.01,28.0
2023-05-24 16:00:00,16_20,8.82,10.17,6.85,8.04
2023-05-24 20:00:00,20_24,11.18,13.62,0.82,0.92
2023-05-25 00:00:00,00_04,3.4,5.41,2.4,2.86
2023-05-25 04:00:00,04_08,6.18,7.65,2.4,2.87
2023-05-25 08:00:00,08_12,10.12,19.28,7.97,11.92
2023-05-25 12:00:00,12_16,3.14,7.16,45.69,104.29
2023-05-25 16:00:00,16_20,8.81,10.81,10.21,27.83
2023-05-25 20:00:00,20_24,10.8,13.29,0.81,0.88
2023-05-26 00:00:00,00_04,3.55,4.36,2.42,3.13
2023-05-26 04:00:00,04_08,6.11,7.34,2.38,2.89
2023-05-26 08:00:00,08_12,14.3,22.11,12.3,37.0
2023-05-26 12:00:00,12_16,5.04,11.31,65.28,120.0
2023-05-26 16:00:00,16_20,9.54,12.37,17.83,29.18
2023-05-26 20:00:00,20_24,12.78,23.39,0.78,0.9
2023-05-27 00:00:00,00_04,4.1,8.25,2.64,3.9
2023-05-27 04:00:00,04_08,6.31,8.31,2.74,4.64
2023-05-27 08:00:00,08_12,15.58,21.82,20.23,29.17
2023-05-27 12:00:00,12_16,6.79,12.24,89.17,116.76
2023-05-27 16:00:00,16_20,10.1,13.74,21.81,28.63
2023-05-27 20:00:00,20_24,15.27,23.0,0.81,1.1
2023-05-28 00:00:00,00_04,5.12,7.5,3.19,3.83
2023-05-28 04:00:00,04_08,6.56,8.38,3.45,4.45
2023-05-28 08:00:00,08_12,15.96,19.8,24.69,32.7
2023-05-28 12:00:00,12_16,7.93,11.22,95.21,120.24
2023-05-28 16:00:00,16_20,10.63,12.7,25.36,37.5
2023-05-28 20:00:00,20_24,15.98,20.36,1.06,1.58
2023-05-29 00:00:00,00_04,5.56,7.22,3.39,4.45
2023-05-29 04:00:00,04_08,6.61,7.67,4.01,7.58
2023-05-29 08:00:00,08_12,16.05,18.19,30.05,54.6
2023-05-29 12:00:00,12_16,8.6,10.7,105.13,134.02
2023-05-29 16:00:00,16_20,10.41,12.21,28.96,38.0
2023-05-29 20:00:00,20_24,15.31,17.49,1.24,1.93
2023-05-30 00:00:00,00_04,5.55,6.47,3.39,4.25
2023-05-30 04:00:00,04_08,6.5,7.25,4.05,5.76
2023-05-30 08:00:00,08_12,15.23,17.64,20.21,31.97
2023-05-30 12:00:00,12_16,8.22,11.79,56.99,81.76
2023-05-30 16:00:00,16_20,11.13,15.74,17.1,23.5
2023-05-30 20:00:00,20_24,14.99,22.36,1.11,1.44
2023-05-31 00:00:00,00_04,5.27,6.02,3.77,7.35
2023-05-31 04:00:00,04_08,6.67,9.32,4.03,6.04
2023-05-31 08:00:00,08_12,15.75,27.64,21.29,33.03
2023-05-31 12:00:00,12_16,8.75,12.79,57.57,75.44
2023-05-31 16:00:00,16_20,11.61,15.2,14.99,18.16
2023-05-31 20:00:00,20_24,15.11,18.26,1.07,1.45
2023-06-01 00:00:00,00_04,4.71,5.25,4.55,7.2
2023-06-01 04:00:00,04_08,6.52,7.6,4.1,5.55
2023-06-01 08:00:00,08_12,16.23,21.49,21.67,28.93
2023-06-01 12:00:00,12_16,9.45,12.44,63.81,150.0
2023-06-01 16:00:00,16_20,12.07,15.63,15.19,21.98
2023-06-01 20:00:00,20_24,14.04,16.53,1.1,1.34
2023-06-02 00:00:00,00_04,4.27,4.82,18.73,140.01
2023-06-02 04:00:00,04_08,6.26,7.61,4.15,5.06
2023-06-02 08:00:00,08_12,16.42,19.89,21.38,33.0
2023-06-02 12:00:00,12_16,9.53,11.86,70.22,93.48
2023-06-02 16:00:00,16_20,29.76,156.66,30.43,149.88
2023-06-02 20:00:00,20_24,13.92,20.43,1.04,1.26
2023-06-03 00:00:00,00_04,4.58,9.86,23.02,38.64
2023-06-03 04:00:00,04_08,6.33,7.66,4.68,7.0
2023-06-03 08:00:00,08_12,15.9,20.14,35.89,84.3
2023-06-03 12:00:00,12_16,10.01,13.43,95.96,133.0
2023-06-03 16:00:00,16_20,37.2,59.74,36.04,52.1
2023-06-03 20:00:00,20_24,14.62,18.51,1.06,1.26
2023-06-04 00:00:00,00_04,6.03,12.14,10.84,15.07
2023-06-04 04:00:00,04_08,6.31,8.98,4.83,6.25
2023-06-04 08:00:00,08_12,17.51,24.82,43.78,72.5
2023-06-04 12:00:00,12_16,9.37,11.81,112.71,144.0
2023-06-04 16:00:00,16_20,21.41,29.33,35.2,45.02
2023-06-04 20:00:00,20_24,13.11,16.23,1.03,1.22
2023-06-05 00:00:00,00_04,5.44,6.6,7.81,9.87
2023-06-05 04:00:00,04_08,6.63,8.04,4.7,5.61
2023-06-05 08:00:00,08_12,17.13,19.8,29.85,36.2
2023-06-05 12:00:00,12_16,10.1,12.12,70.66,85.08
2023-06-05 16:00:00,16_20,18.75,27.82,21.48,25.42
2023-06-05 20:00:00,20_24,15.02,18.65,1.02,1.22
2023-06-06 00:00:00,00_04,5.02,6.0,5.92,6.56
2023-06-06 04:00:00,04_08,6.83,8.98,4.42,5.4
2023-06-06 08:00:00,08_12,15.08,17.1,21.41,25.74
2023-06-06 12:00:00,12_16,9.12,10.74,49.98,61.41
2023-06-06 16:00:00,16_20,16.55,18.98,15.88,19.4
2023-06-06 20:00:00,20_24,14.91,17.0,1.03,1.21
2023-06-07 00:00:00,00_04,4.75,5.31,4.43,5.18
2023-06-07 04:00:00,04_08,7.23,8.6,4.22,5.11
2023-06-07 08:00:00,08_12,14.14,15.17,16.42,19.01
2023-06-07 12:00:00,12_16,8.63,9.41,36.63,42.39
2023-06-07 16:00:00,16_20,14.67,18.1,12.4,14.75
2023-06-07 20:00:00,20_24,15.27,20.35,1.02,1.19
2023-06-08 00:00:00,00_04,4.5,7.18,3.71,4.39
2023-06-08 04:00:00,04_08,6.69,9.53,4.02,4.72
2023-06-08 08:00:00,08_12,13.82,18.89,18.18,22.7
2023-06-08 12:00:00,12_16,7.72,8.88,46.59,60.85
2023-06-08 16:00:00,16_20,14.13,15.45,15.71,20.56
2023-06-08 20:00:00,20_24,14.95,16.71,1.03,1.13
2023-06-09 00:00:00,00_04,4.83,5.76,3.77,4.84
2023-06-09 04:00:00,04_08,6.94,7.6,3.95,4.79
2023-06-09 08:00:00,08_12,15.58,18.55,16.37,18.02
2023-06-09 12:00:00,12_16,8.21,11.23,42.65,55.43
2023-06-09 16:00:00,16_20,13.89,15.76,14.64,16.26
2023-06-09 20:00:00,20_24,14.02,15.46,1.01,1.14
2023-06-10 00:00:00,00_04,5.5,12.63,4.73,7.0
2023-06-10 04:00:00,04_08,6.93,10.0,4.41,5.5
2023-06-10 08:00:00,08_12,16.49,29.05,24.64,37.35
2023-06-10 12:00:00,12_16,8.33,9.87,77.78,106.0
2023-06-10 16:00:00,16_20,12.93,14.14,24.17,35.0
2023-06-10 20:00:00,20_24,13.66,17.1,1.04,1.27
2023-06-11 00:00:00,00_04,7.54,10.78,5.92,8.0
2023-06-11 04:00:00,04_08,7.35,8.94,4.93,6.2
2023-06-11 08:00:00,08_12,19.84,29.29,33.93,42.45
2023-06-11 12:00:00,12_16,8.07,10.18,88.26,118.0
2023-06-11 16:00:00,16_20,13.01,15.96,26.94,33.64
2023-06-11 20:00:00,20_24,13.53,14.4,1.01,1.14
2023-06-12 00:00:00,00_04,7.75,10.78,5.53,8.24
2023-06-12 04:00:00,04_08,8.27,11.66,5.05,9.57
2023-06-12 08:00:00,08_12,22.85,35.0,23.0,31.0
2023-06-12 12:00:00,12_16,10.88,19.6,54.74,74.32
2023-06-12 16:00:00,16_20,16.29,33.54,19.2,24.75
2023-06-12 20:00:00,20_24,15.43,18.72,1.12,2.0
2023-06-13 00:00:00,00_04,7.96,9.42,5.21,7.57
2023-06-13 04:00:00,04_08,8.93,13.25,7.03,20.5
2023-06-13 08:00:00,08_12,27.27,47.23,77.3,337.16
2023-06-13 12:00:00,12_16,51.54,301.82,49.53,66.68
2023-06-13 16:00:00,16_20,20.94,29.0,16.86,21.14
2023-06-13 20:00:00,20_24,15.15,18.85,1.25,2.27
2023-06-14 00:00:00,00_04,8.45,16.2,5.35,6.55
2023-06-14 04:00:00,04_08,12.53,27.95,8.09,11.0
2023-06-14 08:00:00,08_12,86.39,412.2,49.08,66.0
2023-06-14 12:00:00,12_16,45.21,64.64,47.86,64.84
2023-06-14 16:00:00,16_20,24.22,31.3,15.63,17.63
2023-06-14 20:00:00,20_24,17.58,24.92,1.69,4.54
2023-06-15 00:00:00,00_04,10.74,15.02,5.86,9.11
2023-06-15 04:00:00,04_08,16.88,25.98,7.26,10.0
2023-06-15 08:00:00,08_12,60.65,91.52,35.9,62.6
2023-06-15 12:00:00,12_16,39.3,85.0,45.89,58.61
2023-06-15 16:00:00,16_20,26.88,31.3,13.94,15.74
2023-06-15 20:00:00,20_24,20.48,26.5,2.16,4.98
2023-06-16 00:00:00,00_04,11.18,13.8,18.51,199.0
2023-06-16 04:00:00,04_08,18.58,23.08,11.38,72.23
2023-06-16 08:00:00,08_12,48.65,61.15,184.44,799.0
2023-06-16 12:00:00,12_16,52.19,95.0,176.89,833.99
2023-06-16 16:00:00,16_20,26.54,30.06,27.94,126.68
2023-06-16 20:00:00,20_24,22.84,30.22,8.16,68.17
2023-06-17 00:00:00,00_04,22.34,103.98,31.29,45.0
2023-06-17 04:00:00,04_08,29.4,120.75,20.44,31.1
2023-06-17 08:00:00,08_12,46.27,57.25,119.43,225.0
2023-06-17 12:00:00,12_16,50.43,67.77,129.94,222.65
2023-06-17 16:00:00,16_20,46.21,314.25,111.27,504.8
2023-06-17 20:00:00,20_24,56.86,356.92,16.35,30.61
2023-06-18 00:00:00,00_04,35.63,65.41,28.57,71.6
2023-06-18 04:00:00,04_08,42.73,69.25,32.2,133.1
2023-06-18 08:00:00,08_12,70.02,198.68,111.46,175.12
2023-06-18 12:00:00,12_16,60.7,169.0,133.71,331.44
2023-06-18 16:00:00,16_20,78.08,153.63,113.76,176.88
2023-06-18 20:00:00,20_24,72.7,135.0,30.47,104.98
2023-06-19 00:00:00,00_04,33.14,45.32,33.95,45.2
2023-06-19 04:00:00,04_08,38.6,57.37,40.97,64.57
2023-06-19 08:00:00,08_12,75.33,116.7,84.57,119.52
2023-06-19 12:00:00,12_16,70.25,94.5,107.73,156.4
2023-06-19 16:00:00,16_20,73.16,109.71,82.3,119.36
2023-06-19 20:00:00,20_24,72.27,103.0,34.62,58.85
2023-06-20 00:00:00,00_04,29.86,34.57,25.22,32.67
2023-06-20 04:00:00,04_08,36.17,44.8,31.67,43.13
2023-06-20 08:00:00,08_12,73.24,110.88,72.83,97.55
2023-06-20 12:00:00,12_16,64.7,106.33,88.96,115.81
2023-06-20 16:00:00,16_20,71.95,99.4,68.62,89.85
2023-06-20 20:00:00,20_24,69.14,82.72,30.09,41.42
2023-06-21 00:00:00,00_04,26.5,29.48,20.92,23.77
2023-06-21 04:00:00,04_08,33.36,37.52,27.37,31.87
2023-06-21 08:00:00,08_12,79.48,96.52,68.04,78.0
2023-06-21 12:00:00,12_16,124.66,570.0,78.71,91.0
2023-06-21 16:00:00,16_20,83.72,126.67,60.42,68.34
2023-06-21 20:00:00,20_24,67.22,74.0,26.84,31.74
2023-06-22 00:00:00,00_04,23.41,27.4,16.55,20.0
2023-06-22 04:00:00,04_08,30.22,33.28,21.91,24.83
2023-06-22 08:00:00,08_12,75.94,84.14,56.94,65.14
2023-06-22 12:00:00,12_16,101.01,120.77,132.03,484.0
2023-06-22 16:00:00,16_20,80.92,95.33,48.97,58.05
2023-06-22 20:00:00,20_24,61.41,66.45,22.76,26.46
2023-06-23 00:00:00,00_04,21.28,22.84,19.09,54.48
2023-06-23 04:00:00,04_08,27.31,28.91,19.04,22.64
2023-06-23 08:00:00,08_12,69.0,73.79,70.69,215.0
2023-06-23 12:00:00,12_16,87.94,105.0,91.3,117.42
2023-06-23 16:00:00,16_20,73.18,79.39,45.07,51.44
2023-06-23 20:00:00,20_24,56.42,61.05,19.62,21.99
2023-06-24 00:00:00,00_04,27.0,79.0,25.05,37.89
2023-06-24 04:00:00,04_08,24.63,26.65,23.71,77.76
2023-06-24 08:00:00,08_12,60.92,71.72,76.82,108.76
2023-06-24 12:00:00,12_16,75.13,84.4,94.26,135.89
2023-06-24 16:00:00,16_20,63.06,68.0,47.52,70.0
2023-06-24 20:00:00,20_24,49.93,54.3,17.33,20.0
2023-06-25 00:00:00,00_04,25.94,31.77,24.09,28.95
2023-06-25 04:00:00,04_08,21.89,23.5,28.19,35.23
2023-06-25 08:00:00,08_12,54.88,61.3,85.56,116.18
2023-06-25 12:00:00,12_16,63.39,68.0,209.94,802.35
2023-06-25 16:00:00,16_20,54.48,58.21,125.43,489.52
2023-06-25 20:00:00,20_24,45.06,47.95,17.99,37.02
2023-06-26 00:00:00,00_04,23.45,27.07,20.29,23.7
2023-06-26 04:00:00,04_08,21.01,27.1,23.69,27.14
2023-06-26 08:00:00,08_12,58.91,71.06,101.07,418.67
2023-06-26 12:00:00,12_16,71.62,90.44,135.3,202.75
2023-06-26 16:00:00,16_20,60.91,77.31,83.3,107.38
2023-06-26 20:00:00,20_24,40.27,47.45,25.62,56.98
2023-06-27 00:00:00,00_04,20.92,22.5,17.7,21.5
2023-06-27 04:00:00,04_08,20.93,22.85,19.92,24.0
2023-06-27 08:00:00,08_12,59.8,92.06,94.48,113.0
2023-06-27 12:00:00,12_16,66.41,72.31,106.97,129.71
2023-06-27 16:00:00,16_20,59.62,65.73,60.22,78.48
2023-06-27 20:00:00,20_24,39.18,42.55,28.02,32.86
2023-06-28 00:00:00,00_04,18.69,19.92,15.69,17.0
2023-06-28 04:00:00,04_08,19.16,21.04,17.62,19.09
2023-06-28 08:00:00,08_12,63.6,72.2,75.4,87.21
2023-06-28 12:00:00,12_16,59.76,67.74,84.52,98.0
2023-06-28 16:00:00,16_20,55.88,63.97,51.75,59.24
2023-06-28 20:00:00,20_24,38.2,46.28,22.28,25.82
2023-06-29 00:00:00,00_04,16.74,17.84,12.56,14.17
2023-06-29 04:00:00,04_08,17.63,18.92,14.09,15.99
2023-06-29 08:00:00,08_12,103.92,579.0,59.87,64.95
2023-06-29 12:00:00,12_16,53.81,57.9,67.19,75.0
2023-06-29 16:00:00,16_20,52.54,56.5,39.65,45.33
2023-06-29 20:00:00,20_24,35.83,39.33,17.12,19.0
2023-06-30 00:00:00,00_04,14.12,16.03,9.92,12.05
2023-06-30 04:00:00,04_08,15.81,18.9,11.11,13.24
2023-06-30 08:00:00,08_12,92.71,130.5,51.49,118.95
2023-06-30 12:00:00,12_16,47.35,54.08,53.99,61.78
2023-06-30 16:00:00,16_20,46.53,50.78,31.02,35.0
2023-06-30 20:00:00,20_24,32.67,36.49,11.36,14.89
2023-07-01 00:00:00,00_04,14.04,20.0,15.5,38.33
2023-07-01 04:00:00,04_08,21.92,47.76,17.45,40.0
2023-07-01 08:00:00,08_12,75.79,87.59,113.22,400.0
2023-07-01 12:00:00,12_16,42.18,50.01,103.54,146.57
2023-07-01 16:00:00,16_20,41.6,46.36,58.93,144.0
2023-07-01 20:00:00,20_24,29.93,34.38,17.06,38.11
2023-07-02 00:00:00,00_04,19.25,38.0,29.41,39.56
2023-07-02 04:00:00,04_08,30.3,62.24,35.29,50.0
2023-07-02 08:00:00,08_12,69.45,100.0,163.21,256.1
2023-07-02 12:00:00,12_16,39.61,47.11,217.5,406.03
2023-07-02 16:00:00,16_20,37.85,46.58,133.0,206.0
2023-07-02 20:00:00,20_24,27.66,30.17,26.42,35.45
2023-07-03 00:00:00,00_04,20.54,27.0,26.63,33.21
2023-07-03 04:00:00,04_08,33.09,45.37,30.93,39.2
2023-07-03 08:00:00,08_12,206.92,795.0,127.65,167.0
2023-07-03 12:00:00,12_16,66.79,161.36,178.54,254.12
2023-07-03 16:00:00,16_20,86.81,437.5,110.61,144.0
2023-07-03 20:00:00,20_24,26.86,30.55,23.71,28.48
2023-07-04 00:00:00,00_04,20.96,27.96,23.75,27.47
2023-07-04 04:00:00,04_08,31.54,38.27,26.8,33.53
2023-07-04 08:00:00,08_12,152.06,239.38,292.8,1979.0
2023-07-04 12:00:00,12_16,186.15,1843.75,239.94,1500.0
2023-07-04 16:00:00,16_20,110.7,185.0,106.34,176.6
2023-07-04 20:00:00,20_24,29.61,40.0,18.41,21.0
2023-07-05 00:00:00,00_04,21.91,26.01,20.4,22.8
2023-07-05 04:00:00,04_08,29.62,32.8,23.49,26.89
2023-07-05 08:00:00,08_12,132.3,157.11,218.45,343.75
2023-07-05 12:00:00,12_16,177.46,263.78,271.95,473.88
2023-07-05 16:00:00,16_20,102.04,132.52,110.3,148.1
2023-07-05 20:00:00,20_24,31.45,42.07,16.05,19.16
2023-07-06 00:00:00,00_04,21.04,23.7,17.88,20.38
2023-07-06 04:00:00,04_08,27.57,30.3,19.91,23.0
2023-07-06 08:00:00,08_12,108.01,134.32,146.13,191.88
2023-07-06 12:00:00,12_16,134.0,173.15,184.89,246.25
2023-07-06 16:00:00,16_20,89.14,104.88,92.7,110.44
2023-07-06 20:00:00,20_24,36.61,56.32,13.94,16.66
2023-07-07 00:00:00,00_04,18.92,20.76,15.87,17.74
2023-07-07 04:00:00,04_08,25.02,27.41,17.29,19.5
2023-07-07 08:00:00,08_12,93.74,108.36,114.0,134.58
2023-07-07 12:00:00,12_16,103.38,119.44,140.21,165.0
2023-07-07 16:00:00,16_20,75.9,85.0,75.03,83.82
2023-07-07 20:00:00,20_24,35.03,44.0,12.72,14.29
2023-07-08 00:00:00,00_04,16.38,18.47,18.74,28.86
2023-07-08 04:00:00,04_08,21.2,24.51,21.3,39.72
2023-07-08 08:00:00,08_12,76.52,85.0,113.06,143.86
2023-07-08 12:00:00,12_16,80.48,91.51,135.29,180.59
2023-07-08 16:00:00,16_20,61.46,68.5,75.14,98.75
2023-07-08 20:00:00,20_24,31.04,34.59,13.75,18.0
2023-07-09 00:00:00,00_04,17.12,29.96,21.44,28.71
2023-07-09 04:00:00,04_08,21.79,35.94,30.55,48.0
2023-07-09 08:00:00,08_12,67.92,79.21,120.85,148.12
2023-07-09 12:00:00,12_16,68.05,77.43,162.92,220.88
2023-07-09 16:00:00,16_20,51.99,60.95,83.47,101.67
2023-07-09 20:00:00,20_24,28.48,33.17,14.01,16.64
2023-07-10 00:00:00,00_04,18.53,23.0,19.19,22.44
2023-07-10 04:00:00,04_08,23.74,28.53,27.04,32.89
2023-07-10 08:00:00,08_12,73.48,85.92,96.85,114.72
2023-07-10 12:00:00,12_16,69.73,80.8,129.07,154.65
2023-07-10 16:00:00,16_20,57.42,70.0,68.68,77.95
2023-07-10 20:00:00,20_24,30.4,37.7,12.04,13.89
2023-07-11 00:00:00,00_04,17.47,19.47,15.74,18.32
2023-07-11 04:00:00,04_08,21.6,23.92,22.37,25.7
2023-07-11 08:00:00,08_12,67.31,75.0,78.68,86.46
2023-07-11 12:00:00,12_16,62.48,70.0,105.39,116.12
2023-07-11 16:00:00,16_20,53.85,60.49,54.5,61.0
2023-07-11 20:00:00,20_24,28.79,34.79,10.18,11.69
2023-07-12 00:00:00,00_04,16.05,17.14,14.68,17.29
2023-07-12 04:00:00,04_08,19.75,20.8,19.24,22.0
2023-07-12 08:00:00,08_12,61.11,67.6,68.72,77.97
2023-07-12 12:00:00,12_16,57.13,61.32,99.15,133.88
2023-07-12 16:00:00,16_20,48.94,52.31,49.06,55.94
2023-07-12 20:00:00,20_24,27.16,29.55,8.72,9.76
2023-07-13 00:00:00,00_04,14.68,15.42,13.34,14.88
2023-07-13 04:00:00,04_08,17.87,18.92,16.61,18.3
2023-07-13 08:00:00,08_12,56.55,59.79,58.85,66.0
2023-07-13 12:00:00,12_16,69.77,140.0,176.96,737.55
2023-07-13 16:00:00,16_20,44.84,47.74,44.5,50.22
2023-07-13 20:00:00,20_24,25.83,31.5,7.26,8.31
2023-07-14 00:00:00,00_04,13.13,14.04,11.44,12.7
2023-07-14 04:00:00,04_08,16.15,17.12,13.9,15.62
2023-07-14 08:00:00,08_12,50.12,54.32,49.8,53.65
2023-07-14 12:00:00,12_16,63.84,79.8,120.42,148.9
2023-07-14 16:00:00,16_20,39.94,42.2,38.55,42.76
2023-07-14 20:00:00,20_24,25.05,28.87,6.32,7.25
2023-07-15 00:00:00,00_04,11.87,13.31,21.0,32.7
2023-07-15 04:00:00,04_08,14.77,16.84,23.8,31.77
2023-07-15 08:00:00,08_12,43.66,49.7,73.95,110.94
2023-07-15 12:00:00,12_16,56.65,67.03,147.84,185.0
2023-07-15 16:00:00,16_20,35.11,40.17,66.74,86.45
2023-07-15 20:00:00,20_24,22.96,24.94,11.28,17.66
2023-07-16 00:00:00,00_04,19.15,27.35,27.01,34.71
2023-07-16 04:00:00,04_08,22.33,33.42,32.53,45.0
2023-07-16 08:00:00,08_12,56.5,113.23,164.53,258.71
2023-07-16 12:00:00,12_16,65.03,129.74,334.58,588.0
2023-07-16 16:00:00,16_20,46.17,101.1,108.02,146.0
2023-07-16 20:00:00,20_24,21.31,24.38,15.26,23.33
2023-07-17 00:00:00,00_04,17.9,21.42,22.32,27.82
2023-07-17 04:00:00,04_08,21.6,25.9,26.79,32.0
2023-07-17 08:00:00,08_12,62.47,79.0,115.67,147.0
2023-07-17 12:00:00,12_16,76.48,100.0,184.91,246.0
2023-07-17 16:00:00,16_20,48.06,62.83,78.89,90.24
2023-07-17 20:00:00,20_24,22.56,29.0,14.35,17.12
2023-07-18 00:00:00,00_04,16.62,18.17,19.28,22.5
2023-07-18 04:00:00,04_08,19.48,21.4,21.66,24.72
2023-07-18 08:00:00,08_12,56.44,64.5,85.63,99.12
2023-07-18 12:00:00,12_16,66.87,74.64,121.28,142.0
2023-07-18 16:00:00,16_20,45.24,50.04,54.8,64.27
2023-07-18 20:00:00,20_24,24.71,33.33,10.62,13.0
2023-07-19 00:00:00,00_04,15.05,16.0,15.74,18.59
2023-07-19 04:00:00,04_08,17.77,18.97,17.0,20.35
2023-07-19 08:00:00,08_12,50.81,57.22,66.28,78.16
2023-07-19 12:00:00,12_16,58.56,65.59,94.98,112.5
2023-07-19 16:00:00,16_20,40.85,44.78,43.75,48.71
2023-07-19 20:00:00,20_24,26.76,31.93,8.88,9.89
2023-07-20 00:00:00,00_04,13.15,14.08,13.71,15.1
2023-07-20 04:00:00,04_08,15.6,16.74,14.86,16.23
2023-07-20 08:00:00,08_12,87.37,581.0,58.71,112.78
2023-07-20 12:00:00,12_16,54.09,93.92,80.64,87.7
2023-07-20 16:00:00,16_20,37.13,39.34,36.05,39.48
2023-07-20 20:00:00,20_24,28.17,33.14,7.38,8.1
2023-07-21 00:00:00,00_04,11.82,12.69,11.37,12.4
2023-07-21 04:00:00,04_08,14.1,15.4,12.13,13.3
2023-07-21 08:00:00,08_12,80.71,108.8,55.64,68.19
2023-07-21 12:00:00,12_16,53.6,64.48,65.2,72.04
2023-07-21 16:00:00,16_20,33.2,35.9,28.95,31.0
2023-07-21 20:00:00,20_24,28.19,30.7,5.99,6.81
2023-07-22 00:00:00,00_04,10.56,11.25,15.35,24.16
2023-07-22 04:00:00,04_08,12.8,13.61,17.66,26.4
2023-07-22 08:00:00,08_12,59.64,72.46,70.53,89.21
2023-07-22 12:00:00,12_16,44.06,53.18,94.51,132.0
2023-07-22 16:00:00,16_20,29.49,31.74,47.55,68.0
2023-07-22 20:00:00,20_24,25.69,27.44,8.08,12.89
2023-07-23 00:00:00,00_04,14.2,19.1,20.45,24.24
2023-07-23 04:00:00,04_08,16.3,23.1,26.47,33.18
2023-07-23 08:00:00,08_12,53.26,64.58,112.99,153.64
2023-07-23 12:00:00,12_16,40.92,45.51,170.24,250.0
2023-07-23 16:00:00,16_20,26.87,32.95,78.09,103.7
2023-07-23 20:00:00,20_24,22.66,24.91,12.65,16.79
2023-07-24 00:00:00,00_04,13.49,15.49,17.09,19.64
2023-07-24 04:00:00,04_08,16.32,20.14,21.15,24.73
2023-07-24 08:00:00,08_12,54.54,65.39,82.21,94.27
2023-07-24 12:00:00,12_16,40.46,58.3,115.12,133.36
2023-07-24 16:00:00,16_20,30.4,45.36,55.84,63.48
2023-07-24 20:00:00,20_24,24.08,27.77,10.39,11.72
2023-07-25 00:00:00,00_04,12.13,13.38,14.57,16.9
2023-07-25 04:00:00,04_08,17.13,20.95,54.63,405.26
2023-07-25 08:00:00,08_12,118.07,430.38,66.51,95.0
2023-07-25 12:00:00,12_16,125.45,485.24,88.72,130.94
2023-07-25 16:00:00,16_20,138.17,625.4,40.56,46.69
2023-07-25 20:00:00,20_24,26.46,47.5,8.03,10.1
2023-07-26 00:00:00,00_04,11.11,12.24,12.69,13.9
2023-07-26 04:00:00,04_08,17.51,20.32,37.67,51.33
2023-07-26 08:00:00,08_12,83.59,97.33,62.49,69.44
2023-07-26 12:00:00,12_16,78.72,94.0,82.38,89.01
2023-07-26 16:00:00,16_20,81.19,102.57,34.44,37.68
2023-07-26 20:00:00,20_24,27.18,32.45,6.85,7.78
2023-07-27 00:00:00,00_04,10.09,10.79,10.52,11.7
2023-07-27 04:00:00,04_08,16.57,18.73,26.7,30.57
2023-07-27 08:00:00,08_12,63.43,73.7,51.35,57.95
2023-07-27 12:00:00,12_16,60.17,69.22,63.24,73.23
2023-07-27 16:00:00,16_20,60.83,71.74,27.07,30.55
2023-07-27 20:00:00,20_24,25.81,27.72,5.43,6.55
2023-07-28 00:00:00,00_04,8.72,9.46,8.47,9.47
2023-07-28 04:00:00,04_08,15.49,16.39,19.96,22.11
2023-07-28 08:00:00,08_12,50.76,55.75,40.63,44.0
2023-07-28 12:00:00,12_16,48.52,53.0,51.35,55.0
2023-07-28 16:00:00,16_20,47.83,50.8,21.2,23.16
2023-07-28 20:00:00,20_24,22.71,24.64,4.32,4.88
2023-07-29 00:00:00,00_04,7.62,8.6,9.38,12.9
2023-07-29 04:00:00,04_08,12.87,13.76,18.06,22.38
2023-07-29 08:00:00,08_12,40.42,45.29,46.76,61.64
2023-07-29 12:00:00,12_16,38.97,43.84,63.55,85.3
2023-07-29 16:00:00,16_20,37.48,40.74,32.16,46.06
2023-07-29 20:00:00,20_24,19.9,21.76,5.28,6.64
2023-07-30 00:00:00,00_04,9.45,14.56,11.77,14.36
2023-07-30 04:00:00,04_08,14.15,18.2,22.22,26.53
2023-07-30 08:00:00,08_12,35.63,39.0,79.11,112.33
2023-07-30 12:00:00,12_16,34.53,39.0,147.35,215.03
2023-07-30 16:00:00,16_20,32.09,36.46,62.82,78.2
2023-07-30 20:00:00,20_24,18.25,19.58,7.65,9.75
2023-07-31 00:00:00,00_04,9.73,12.27,10.4,13.98
2023-07-31 04:00:00,04_08,13.63,15.56,18.95,21.41
2023-07-31 08:00:00,08_12,33.48,37.6,51.41,59.84
2023-07-31 12:00:00,12_16,35.19,42.59,80.17,98.0
2023-07-31 16:00:00,16_20,32.23,37.06,36.27,43.43
2023-07-31 20:00:00,20_24,19.15,21.28,5.88,7.24
2023-08-01 00:00:00,00_04,9.0,9.85,9.15,10.36
2023-08-01 04:00:00,04_08,12.56,13.74,15.9,18.03
2023-08-01 08:00:00,08_12,30.98,34.0,39.44,44.76
2023-08-01 12:00:00,12_16,32.27,36.2,58.98,68.19
2023-08-01 16:00:00,16_20,29.85,33.86,28.04,31.7
2023-08-01 20:00:00,20_24,18.62,20.62,4.77,5.56
2023-08-02 00:00:00,00_04,8.39,11.54,7.97,9.14
2023-08-02 04:00:00,04_08,11.6,12.74,13.74,15.78
2023-08-02 08:00:00,08_12,29.27,32.47,30.22,36.56
2023-08-02 12:00:00,12_16,29.19,33.34,46.55,60.19
2023-08-02 16:00:00,16_20,27.77,30.57,22.29,25.85
2023-08-02 20:00:00,20_24,17.78,19.67,4.03,4.78
2023-08-03 00:00:00,00_04,8.49,10.17,15.41,28.0
2023-08-03 04:00:00,04_08,10.76,12.67,18.8,25.91
2023-08-03 08:00:00,08_12,27.15,29.63,41.57,53.43
2023-08-03 12:00:00,12_16,27.33,30.05,63.85,90.31
2023-08-03 16:00:00,16_20,25.35,27.51,26.62,39.33
2023-08-03 20:00:00,20_24,17.16,18.16,3.84,5.39
2023-08-04 00:00:00,00_04,8.21,9.0,11.95,14.6
2023-08-04 04:00:00,04_08,10.74,12.0,15.0,17.74
2023-08-04 08:00:00,08_12,25.78,26.87,33.04,37.1
2023-08-04 12:00:00,12_16,25.31,26.64,52.4,59.05
2023-08-04 16:00:00,16_20,24.01,25.36,22.23,25.44
2023-08-04 20:00:00,20_24,17.26,23.63,3.84,4.46
2023-08-05 00:00:00,00_04,7.39,7.99,11.47,13.3
2023-08-05 04:00:00,04_08,9.63,10.55,14.16,17.16
2023-08-05 08:00:00,08_12,21.98,23.96,38.95,44.53
2023-08-05 12:00:00,12_16,21.28,23.16,57.9,65.27
2023-08-05 16:00:00,16_20,21.43,22.92,26.65,30.46
2023-08-05 20:00:00,20_24,17.81,20.42,4.46,5.41
2023-08-06 00:00:00,00_04,8.31,11.3,12.18,13.7
2023-08-06 04:00:00,04_08,9.83,12.25,16.28,18.98
2023-08-06 08:00:00,08_12,19.37,20.43,49.02,59.2
2023-08-06 12:00:00,12_16,18.66,19.77,71.43,82.94
2023-08-06 16:00:00,16_20,18.89,20.21,38.3,45.15
2023-08-06 20:00:00,20_24,16.78,18.88,6.01,7.34
2023-08-07 00:00:00,00_04,8.59,10.1,13.98,18.61
2023-08-07 04:00:00,04_08,10.39,12.48,17.78,22.62
2023-08-07 08:00:00,08_12,18.54,23.37,49.84,65.54
2023-08-07 12:00:00,12_16,17.26,19.33,80.81,106.2
2023-08-07 16:00:00,16_20,17.7,19.99,42.55,53.41
2023-08-07 20:00:00,20_24,16.37,18.5,6.55,8.2
2023-08-08 00:00:00,00_04,8.08,9.42,14.1,17.42
2023-08-08 04:00:00,04_08,11.22,33.0,16.76,18.95
2023-08-08 08:00:00,08_12,18.24,21.13,47.7,57.09
2023-08-08 12:00:00,12_16,15.97,17.9,75.17,93.33
2023-08-08 16:00:00,16_20,17.28,19.67,36.55,39.96
2023-08-08 20:00:00,20_24,16.4,18.02,5.31,6.28
2023-08-09 00:00:00,00_04,7.63,8.24,12.91,16.25
2023-08-09 04:00:00,04_08,13.23,17.02,14.35,17.05
2023-08-09 08:00:00,08_12,17.98,21.03,37.39,40.8
2023-08-09 12:00:00,12_16,15.81,18.67,58.86,66.19
2023-08-09 16:00:00,16_20,17.74,23.19,25.72,29.48
2023-08-09 20:00:00,20_24,20.33,29.98,3.97,4.79
2023-08-10 00:00:00,00_04,7.25,8.82,11.01,12.84
2023-08-10 04:00:00,04_08,11.78,15.9,11.88,13.5
2023-08-10 08:00:00,08_12,17.84,21.08,26.53,30.26
2023-08-10 12:00:00,12_16,15.1,17.69,43.57,49.14
2023-08-10 16:00:00,16_20,18.18,22.63,19.15,21.24
2023-08-10 20:00:00,20_24,25.24,44.55,3.02,3.4
2023-08-11 00:00:00,00_04,7.2,8.02,9.31,10.41
2023-08-11 04:00:00,04_08,12.35,13.5,9.87,11.05
2023-08-11 08:00:00,08_12,17.79,20.45,20.44,22.65
2023-08-11 12:00:00,12_16,14.46,15.57,34.26,38.12
2023-08-11 16:00:00,16_20,18.66,20.57,14.77,17.68
2023-08-11 20:00:00,20_24,29.26,37.78,2.35,2.91
2023-08-12 00:00:00,00_04,6.78,8.77,8.68,10.0
2023-08-12 04:00:00,04_08,10.27,11.6,9.29,10.55
2023-08-12 08:00:00,08_12,16.34,17.97,23.62,30.32
2023-08-12 12:00:00,12_16,12.06,13.2,42.98,53.44
2023-08-12 16:00:00,16_20,16.4,17.47,19.13,22.06
2023-08-12 20:00:00,20_24,24.82,28.5,2.96,3.98
2023-08-13 00:00:00,00_04,7.25,9.42,8.88,10.02
2023-08-13 04:00:00,04_08,9.64,11.29,9.75,11.45
2023-08-13 08:00:00,08_12,15.23,19.61,34.0,39.91
2023-08-13 12:00:00,12_16,10.28,11.32,59.77,71.14
2023-08-13 16:00:00,16_20,14.38,15.44,24.68,30.9
2023-08-13 20:00:00,20_24,21.89,23.6,3.29,4.25
2023-08-14 00:00:00,00_04,7.24,8.42,7.89,8.88
2023-08-14 04:00:00,04_08,9.91,11.22,8.67,10.32
2023-08-14 08:00:00,08_12,16.7,19.67,24.29,28.17
2023-08-14 12:00:00,12_16,10.18,11.84,40.09,47.0
2023-08-14 16:00:00,16_20,14.93,16.96,17.49,19.4
2023-08-14 20:00:00,20_24,22.58,26.33,2.69,3.33
2023-08-15 00:00:00,00_04,6.94,7.64,6.75,7.66
2023-08-15 04:00:00,04_08,9.35,10.05,7.41,8.61
2023-08-15 08:00:00,08_12,16.0,17.98,19.8,22.86
2023-08-15 12:00:00,12_16,9.63,10.56,33.2,42.81
2023-08-15 16:00:00,16_20,14.42,15.75,13.75,16.03
2023-08-15 20:00:00,20_24,21.59,24.14,2.29,2.75
2023-08-16 00:00:00,00_04,6.29,6.79,5.65,6.3
2023-08-16 04:00:00,04_08,8.77,9.88,6.24,7.82
2023-08-16 08:00:00,08_12,15.84,19.66,16.26,18.62
2023-08-16 12:00:00,12_16,9.32,10.7,29.49,33.82
2023-08-16 16:00:00,16_20,14.34,16.52,11.13,12.2
2023-08-16 20:00:00,20_24,21.1,25.44,1.84,2.19
2023-08-17 00:00:00,00_04,5.62,6.27,4.49,5.26
2023-08-17 04:00:00,04_08,8.22,9.5,5.34,5.94
2023-08-17 08:00:00,08_12,15.41,17.4,13.43,15.0
2023-08-17 12:00:00,12_16,8.51,9.26,24.34,26.74
2023-08-17 16:00:00,16_20,13.43,15.24,8.61,9.92
2023-08-17 20:00:00,20_24,20.12,22.44,1.48,1.81
2023-08-18 00:00:00,00_04,4.98,5.38,3.65,3.99
2023-08-18 04:00:00,04_08,7.67,8.63,3.92,4.58
2023-08-18 08:00:00,08_12,14.58,15.39,10.36,11.29
2023-08-18 12:00:00,12_16,7.57,8.06,20.12,22.65
2023-08-18 16:00:00,16_20,12.41,13.71,6.86,7.37
2023-08-18 20:00:00,20_24,18.77,19.98,1.23,1.43
2023-08-19 00:00:00,00_04,4.57,5.84,3.65,5.49
2023-08-19 04:00:00,04_08,6.79,7.29,3.98,5.62
2023-08-19 08:00:00,08_12,12.52,13.33,14.03,18.12
2023-08-19 12:00:00,12_16,6.17,6.54,29.73,52.92
2023-08-19 16:00:00,16_20,10.95,12.23,9.34,12.26
2023-08-19 20:00:00,20_24,16.54,17.5,1.61,2.07
2023-08-20 00:00:00,00_04,4.94,6.17,4.49,5.29
2023-08-20 04:00:00,04_08,6.29,7.34,5.0,6.0
2023-08-20 08:00:00,08_12,10.66,11.85,20.15,31.49
2023-08-20 12:00:00,12_16,4.98,5.61,55.78,85.36
2023-08-20 16:00:00,16_20,9.99,10.79,14.35,21.53
2023-08-20 20:00:00,20_24,15.01,16.48,1.69,2.14
2023-08-21 00:00:00,00_04,5.15,5.64,3.82,4.63
2023-08-21 04:00:00,04_08,6.9,7.5,4.17,5.3
2023-08-21 08:00:00,08_12,10.93,12.52,15.32,18.63
2023-08-21 12:00:00,12_16,5.24,6.4,36.65,41.43
2023-08-21 16:00:00,16_20,11.89,16.94,10.71,12.81
2023-08-21 20:00:00,20_24,17.79,27.5,1.38,1.67
2023-08-22 00:00:00,00_04,4.76,5.08,3.31,3.78
2023-08-22 04:00:00,04_08,6.64,7.39,3.68,4.17
2023-08-22 08:00:00,08_12,10.51,11.6,12.32,13.79
2023-08-22 12:00:00,12_16,4.98,5.51,25.38,30.9
2023-08-22 16:00:00,16_20,12.52,15.81,8.29,9.44
2023-08-22 20:00:00,20_24,20.46,24.5,1.12,1.39
2023-08-23 00:00:00,00_04,4.32,4.63,2.79,3.18
2023-08-23 04:00:00,04_08,6.53,7.13,2.99,3.5
2023-08-23 08:00:00,08_12,10.27,12.05,9.84,11.53
2023-08-23 12:00:00,12_16,4.65,5.15,19.96,22.81
2023-08-23 16:00:00,16_20,14.49,20.05,6.43,7.21
2023-08-23 20:00:00,20_24,22.69,29.83,0.93,1.12
2023-08-24 00:00:00,00_04,4.05,4.96,2.4,2.7
2023-08-24 04:00:00,04_08,6.41,6.84,2.56,2.88
2023-08-24 08:00:00,08_12,10.38,11.17,8.51,9.35
2023-08-24 12:00:00,12_16,4.5,5.46,16.24,18.39
2023-08-24 16:00:00,16_20,22.7,36.34,4.98,5.56
2023-08-24 20:00:00,20_24,25.74,31.54,0.81,0.98
2023-08-25 00:00:00,00_04,3.88,4.3,2.11,2.69
2023-08-25 04:00:00,04_08,5.99,6.56,2.21,2.72
2023-08-25 08:00:00,08_12,9.49,10.2,7.12,7.96
2023-08-25 12:00:00,12_16,4.17,4.62,13.58,15.03
2023-08-25 16:00:00,16_20,23.14,27.0,3.89,4.53
2023-08-25 20:00:00,20_24,23.28,25.92,0.81,1.43
2023-08-26 00:00:00,00_04,3.59,4.17,2.67,4.0
2023-08-26 04:00:00,04_08,5.28,5.87,2.9,4.11
2023-08-26 08:00:00,08_12,8.28,10.21,10.47,13.94
2023-08-26 12:00:00,12_16,3.44,4.07,36.96,62.83
2023-08-26 16:00:00,16_20,17.8,19.66,7.28,9.58
2023-08-26 20:00:00,20_24,19.01,20.53,1.39,1.7
2023-08-27 00:00:00,00_04,3.44,3.97,2.99,3.6
2023-08-27 04:00:00,04_08,4.74,5.07,3.16,4.0
2023-08-27 08:00:00,08_12,7.76,8.63,10.23,14.0
2023-08-27 12:00:00,12_16,3.32,4.18,36.52,47.89
2023-08-27 16:00:00,16_20,15.02,17.24,7.57,9.84
2023-08-27 20:00:00,20_24,15.97,17.54,1.43,1.75
2023-08-28 00:00:00,00_04,3.28,4.0,2.99,4.79
2023-08-28 04:00:00,04_08,4.61,5.69,6.55,67.58
2023-08-28 08:00:00,08_12,8.78,11.0,8.73,10.52
2023-08-28 12:00:00,12_16,5.25,10.0,23.34,27.83
2023-08-28 16:00:00,16_20,16.85,19.46,5.75,6.58
2023-08-28 20:00:00,20_24,17.83,21.1,1.28,2.11
2023-08-29 00:00:00,00_04,3.2,3.81,3.31,9.09
2023-08-29 04:00:00,04_08,4.85,6.5,7.55,18.78
2023-08-29 08:00:00,08_12,9.5,11.21,8.14,19.21
2023-08-29 12:00:00,12_16,6.1,8.72,18.34,24.91
2023-08-29 16:00:00,16_20,16.69,19.89,4.73,8.02
2023-08-29 20:00:00,20_24,17.37,19.68,1.52,3.56
2023-08-30 00:00:00,00_04,3.08,3.83,3.96,4.96
2023-08-30 04:00:00,04_08,4.92,6.23,7.24,9.5
2023-08-30 08:00:00,08_12,9.19,10.28,8.72,10.45
2023-08-30 12:00:00,12_16,5.72,8.06,17.81,23.18
2023-08-30 16:00:00,16_20,15.99,18.34,4.87,5.87
2023-08-30 20:00:00,20_24,16.65,18.92,1.74,2.25
2023-08-31 00:00:00,00_04,3.27,4.38,3.62,4.49
2023-08-31 04:00:00,04_08,5.16,6.78,5.96,7.41
2023-08-31 08:00:00,08_12,11.59,47.47,17.33,199.0
2023-08-31 12:00:00,12_16,6.23,8.24,19.43,24.1
2023-08-31 16:00:00,16_20,15.57,16.9,4.33,5.26
2023-08-31 20:00:00,20_24,15.97,17.1,1.55,1.91
2023-09-01 00:00:00,00_04,3.26,3.81,3.4,3.97
2023-09-01 04:00:00,04_08,5.35,6.22,5.08,5.88
2023-09-01 08:00:00,08_12,14.22,18.87,18.08,24.69
2023-09-01 12:00:00,12_16,6.32,7.36,18.18,21.31
2023-09-01 16:00:00,16_20,14.98,19.11,4.0,4.45
2023-09-01 20:00:00,20_24,14.79,17.23,1.3,1.52
2023-09-02 00:00:00,00_04,3.32,5.0,3.12,3.51
2023-09-02 04:00:00,04_08,4.9,6.15,4.3,5.1
2023-09-02 08:00:00,08_12,11.4,13.02,15.18,17.1
2023-09-02 12:00:00,12_16,5.63,6.17,24.95,34.91
2023-09-02 16:00:00,16_20,13.67,14.81,4.57,6.5
2023-09-02 20:00:00,20_24,13.74,15.49,1.26,1.45
2023-09-03 00:00:00,00_04,3.25,4.8,2.93,3.39
2023-09-03 04:00:00,04_08,4.53,5.42,4.01,4.75
2023-09-03 08:00:00,08_12,10.33,11.94,16.44,19.18
2023-09-03 12:00:00,12_16,4.86,5.85,36.96,56.46
2023-09-03 16:00:00,16_20,11.46,12.42,7.82,16.36
2023-09-03 20:00:00,20_24,12.68,13.46,1.23,1.5
2023-09-04 00:00:00,00_04,3.19,3.75,2.78,3.73
2023-09-04 04:00:00,04_08,5.06,7.44,3.51,4.34
2023-09-04 08:00:00,08_12,11.09,13.89,12.24,13.54
2023-09-04 12:00:00,12_16,4.95,5.84,25.8,30.53
2023-09-04 16:00:00,16_20,13.41,17.85,6.09,7.91
2023-09-04 20:00:00,20_24,14.17,17.24,1.06,1.36
2023-09-05 00:00:00,00_04,2.88,3.28,2.65,3.19
2023-09-05 04:00:00,04_08,5.54,6.95,3.04,3.79
2023-09-05 08:00:00,08_12,10.79,11.83,9.44,10.95
2023-09-05 12:00:00,12_16,4.7,5.69,21.53,25.86
2023-09-05 16:00:00,16_20,16.28,30.35,4.89,5.94
2023-09-05 20:00:00,20_24,14.46,17.57,0.94,1.17
2023-09-06 00:00:00,00_04,2.64,2.85,2.35,2.65
2023-09-06 04:00:00,04_08,5.63,7.23,2.75,3.1
2023-09-06 08:00:00,08_12,10.25,10.96,8.22,9.48
2023-09-06 12:00:00,12_16,4.82,5.6,19.54,22.11
2023-09-06 16:00:00,16_20,17.78,20.47,4.14,4.83
2023-09-06 20:00:00,20_24,15.05,16.42,0.84,1.02
2023-09-07 00:00:00,00_04,2.47,2.9,2.04,2.37
2023-09-07 04:00:00,04_08,5.53,6.44,2.25,2.68
2023-09-07 08:00:00,08_12,9.62,10.94,7.36,8.96
2023-09-07 12:00:00,12_16,4.64,5.2,18.04,27.91
2023-09-07 16:00:00,16_20,15.98,17.47,3.63,4.57
2023-09-07 20:00:00,20_24,14.09,14.8,0.82,0.95
2023-09-08 00:00:00,00_04,2.36,2.59,1.83,2.13
2023-09-08 04:00:00,04_08,5.32,5.88,1.93,2.25
2023-09-08 08:00:00,08_12,9.47,10.34,11.92,137.29
2023-09-08 12:00:00,12_16,4.47,5.0,46.82,428.5
2023-09-08 16:00:00,16_20,20.63,41.19,7.5,120.46
2023-09-08 20:00:00,20_24,16.71,24.26,0.78,0.99
2023-09-09 00:00:00,00_04,3.53,7.21,2.12,3.45
2023-09-09 04:00:00,04_08,5.01,5.82,2.24,3.83
2023-09-09 08:00:00,08_12,9.02,10.47,22.35,41.97
2023-09-09 12:00:00,12_16,4.28,7.1,59.25,94.0
2023-09-09 16:00:00,16_20,22.67,36.22,15.86,32.35
2023-09-09 20:00:00,20_24,17.42,20.0,0.91,1.4
2023-09-10 00:00:00,00_04,4.59,6.0,2.55,3.2
2023-09-10 04:00:00,04_08,4.81,5.63,2.81,3.43
2023-09-10 08:00:00,08_12,9.21,13.0,25.4,38.84
2023-09-10 12:00:00,12_16,5.71,13.02,66.19,92.52
2023-09-10 16:00:00,16_20,25.31,34.44,16.16,20.85
2023-09-10 20:00:00,20_24,17.24,21.55,1.15,1.76
2023-09-11 00:00:00,00_04,4.42,4.99,2.36,2.85
2023-09-11 04:00:00,04_08,6.22,9.32,2.55,3.38
2023-09-11 08:00:00,08_12,11.11,13.42,17.74,22.04
2023-09-11 12:00:00,12_16,8.15,12.72,39.09,61.77
2023-09-11 16:00:00,16_20,32.94,54.52,9.64,13.4
2023-09-11 20:00:00,20_24,23.54,34.76,1.17,1.62
2023-09-12 00:00:00,00_04,4.05,4.72,8.9,40.67
2023-09-12 04:00:00,04_08,10.89,21.12,3.85,15.0
2023-09-12 08:00:00,08_12,13.71,23.0,13.47,21.82
2023-09-12 12:00:00,12_16,9.72,16.04,35.69,92.0
2023-09-12 16:00:00,16_20,64.89,143.11,8.03,10.42
2023-09-12 20:00:00,20_24,37.33,70.65,1.98,5.99
2023-09-13 00:00:00,00_04,3.83,4.27,9.28,14.25
2023-09-13 04:00:00,04_08,11.1,13.42,6.19,10.85
2023-09-13 08:00:00,08_12,13.31,16.0,14.63,19.0
2023-09-13 12:00:00,12_16,11.2,16.0,42.85,67.14
2023-09-13 16:00:00,16_20,50.15,59.7,8.22,43.33
2023-09-13 20:00:00,20_24,32.06,37.48,2.59,4.45
2023-09-14 00:00:00,00_04,5.21,15.0,7.73,14.13
2023-09-14 04:00:00,04_08,13.94,19.36,6.36,10.9
2023-09-14 08:00:00,08_12,14.71,20.98,15.93,59.0
2023-09-14 12:00:00,12_16,33.49,123.0,43.76,57.0
2023-09-14 16:00:00,16_20,53.58,83.94,16.08,31.67
2023-09-14 20:00:00,20_24,30.67,39.16,2.85,6.47
2023-09-15 00:00:00,00_04,6.86,9.22,8.88,11.49
2023-09-15 04:00:00,04_08,13.6,15.68,7.33,8.97
2023-09-15 08:00:00,08_12,14.49,17.11,19.25,24.01
2023-09-15 12:00:00,12_16,30.8,45.3,40.59,45.67
2023-09-15 16:00:00,16_20,46.54,54.6,15.56,19.0
2023-09-15 20:00:00,20_24,27.63,29.35,3.1,4.3
2023-09-16 00:00:00,00_04,5.96,7.25,7.94,9.31
2023-09-16 04:00:00,04_08,10.32,11.73,6.51,7.87
2023-09-16 08:00:00,08_12,12.86,18.92,20.52,26.2
2023-09-16 12:00:00,12_16,21.27,24.5,45.56,59.53
2023-09-16 16:00:00,16_20,36.69,42.2,14.77,18.73
2023-09-16 20:00:00,20_24,22.53,25.12,2.87,3.52
2023-09-17 00:00:00,00_04,5.52,7.13,6.9,7.98
2023-09-17 04:00:00,04_08,8.95,10.05,6.18,7.38
2023-09-17 08:00:00,08_12,12.18,18.7,22.98,26.94
2023-09-17 12:00:00,12_16,15.72,17.86,56.03,78.73
2023-09-17 16:00:00,16_20,29.08,32.11,15.48,19.0
2023-09-17 20:00:00,20_24,18.76,20.28,2.82,3.55
2023-09-18 00:00:00,00_04,5.45,6.18,7.07,9.91
2023-09-18 04:00:00,04_08,9.36,10.78,6.01,9.56
2023-09-18 08:00:00,08_12,13.56,15.62,16.6,18.25
2023-09-18 12:00:00,12_16,14.87,18.17,43.53,53.1
2023-09-18 16:00:00,16_20,29.21,32.55,12.59,14.96
2023-09-18 20:00:00,20_24,18.68,22.01,2.36,3.39
2023-09-19 00:00:00,00_04,5.21,6.21,12.9,18.82
2023-09-19 04:00:00,04_08,8.57,9.73,9.28,12.67
2023-09-19 08:00:00,08_12,13.31,16.93,20.95,24.92
2023-09-19 12:00:00,12_16,13.43,14.88,67.31,90.0
2023-09-19 16:00:00,16_20,25.97,28.0,16.88,28.01
2023-09-19 20:00:00,20_24,17.4,19.47,3.03,5.6
2023-09-20 00:00:00,00_04,5.43,6.65,21.55,41.33
2023-09-20 04:00:00,04_08,14.74,36.15,13.7,24.23
2023-09-20 08:00:00,08_12,19.13,69.0,22.06,53.0
2023-09-20 12:00:00,12_16,35.15,344.0,75.76,121.67
2023-09-20 16:00:00,16_20,25.49,29.44,49.63,368.0
2023-09-20 20:00:00,20_24,17.65,20.51,3.97,6.08
2023-09-21 00:00:00,00_04,5.68,6.44,23.31,34.0
2023-09-21 04:00:00,04_08,16.23,48.0,13.86,19.46
2023-09-21 08:00:00,08_12,23.69,34.03,24.14,42.87
2023-09-21 12:00:00,12_16,36.92,60.78,61.21,74.54
2023-09-21 16:00:00,16_20,32.17,53.42,39.26,68.25
2023-09-21 20:00:00,20_24,18.4,20.09,4.48,5.94
2023-09-22 00:00:00,00_04,5.49,6.1,18.52,21.93
2023-09-22 04:00:00,04_08,18.12,20.56,12.05,15.48
2023-09-22 08:00:00,08_12,20.21,24.19,22.79,30.95
2023-09-22 12:00:00,12_16,25.01,32.28,49.19,58.21
2023-09-22 16:00:00,16_20,32.71,40.66,29.28,38.21
2023-09-22 20:00:00,20_24,17.96,19.0,4.45,5.35
2023-09-23 00:00:00,00_04,5.38,6.36,14.68,17.26
2023-09-23 04:00:00,04_08,13.26,14.53,10.95,12.96
2023-09-23 08:00:00,08_12,16.5,17.8,24.08,29.75
2023-09-23 12:00:00,12_16,19.99,22.17,54.2,67.31
2023-09-23 16:00:00,16_20,28.2,30.0,25.23,31.63
2023-09-23 20:00:00,20_24,16.57,17.63,4.19,4.8
2023-09-24 00:00:00,00_04,5.12,5.66,12.6,14.14
2023-09-24 04:00:00,04_08,10.59,11.44,9.99,11.66
2023-09-24 08:00:00,08_12,14.24,15.9,26.32,31.46
2023-09-24 12:00:00,12_16,15.85,17.8,68.64,83.77
2023-09-24 16:00:00,16_20,24.77,28.58,22.97,26.48
2023-09-24 20:00:00,20_24,14.93,15.82,3.92,4.35
2023-09-25 00:00:00,00_04,4.85,5.1,16.92,32.19
2023-09-25 04:00:00,04_08,9.81,11.1,14.15,54.49
2023-09-25 08:00:00,08_12,13.74,15.51,17.75,19.92
2023-09-25 12:00:00,12_16,14.29,16.45,45.4,58.62
2023-09-25 16:00:00,16_20,48.29,67.35,14.01,18.49
2023-09-25 20:00:00,20_24,23.81,32.56,3.17,3.73
2023-09-26 00:00:00,00_04,4.45,4.76,13.45,16.69
2023-09-26 04:00:00,04_08,17.97,27.23,14.57,18.46
2023-09-26 08:00:00,08_12,14.02,18.23,14.33,16.9
2023-09-26 12:00:00,12_16,13.69,14.92,38.79,43.68
2023-09-26 16:00:00,16_20,60.0,80.34,12.11,13.63
2023-09-26 20:00:00,20_24,26.22,30.81,2.78,3.28
2023-09-27 00:00:00,00_04,4.03,4.38,11.26,12.26
2023-09-27 04:00:00,04_08,22.76,37.02,11.63,12.83
2023-09-27 08:00:00,08_12,17.09,21.99,11.93,13.39
2023-09-27 12:00:00,12_16,13.12,14.62,31.07,36.07
2023-09-27 16:00:00,16_20,57.89,70.41,9.79,11.5
2023-09-27 20:00:00,20_24,24.74,27.19,2.54,3.06
2023-09-28 00:00:00,00_04,3.73,3.98,11.15,15.28
2023-09-28 04:00:00,04_08,18.59,19.89,10.09,11.9
2023-09-28 08:00:00,08_12,14.73,16.06,10.06,11.38
2023-09-28 12:00:00,12_16,12.31,13.74,27.55,31.14
2023-09-28 16:00:00,16_20,50.27,55.41,8.28,8.95
2023-09-28 20:00:00,20_24,22.44,24.96,2.3,2.8
2023-09-29 00:00:00,00_04,3.39,3.7,9.69,11.0
2023-09-29 04:00:00,04_08,14.23,16.61,8.48,9.48
2023-09-29 08:00:00,08_12,12.13,13.45,8.32,9.48
2023-09-29 12:00:00,12_16,11.14,12.49,23.72,26.98
2023-09-29 16:00:00,16_20,39.79,45.32,6.36,7.3
2023-09-29 20:00:00,20_24,19.45,20.99,2.09,2.4
2023-09-30 00:00:00,00_04,3.57,5.15,8.96,10.32
2023-09-30 04:00:00,04_08,11.53,12.46,8.01,9.46
2023-09-30 08:00:00,08_12,10.27,10.98,13.9,22.57
2023-09-30 12:00:00,12_16,9.56,10.96,40.07,70.15
2023-09-30 16:00:00,16_20,32.37,35.6,9.0,14.43
2023-09-30 20:00:00,20_24,16.91,18.19,1.94,2.47
2023-10-01 00:00:00,00_04,4.16,5.23,8.4,9.28
2023-10-01 04:00:00,04_08,9.14,9.9,7.88,9.18
2023-10-01 08:00:00,08_12,8.84,9.76,20.83,25.77
2023-10-01 12:00:00,12_16,8.31,9.37,66.4,83.82
2023-10-01 16:00:00,16_20,27.2,30.47,11.23,15.46
2023-10-01 20:00:00,20_24,15.16,16.19,1.93,2.28
2023-10-02 00:00:00,00_04,4.21,4.9,7.6,8.59
2023-10-02 04:00:00,04_08,8.63,9.7,7.56,8.9
2023-10-02 08:00:00,08_12,8.69,10.27,14.37,18.4
2023-10-02 12:00:00,12_16,8.14,9.46,42.75,52.36
2023-10-02 16:00:00,16_20,44.22,60.03,8.95,9.87
2023-10-02 20:00:00,20_24,21.29,25.0,1.71,2.05
2023-10-03 00:00:00,00_04,4.32,7.16,8.98,20.01
2023-10-03 04:00:00,04_08,8.22,8.98,11.53,31.78
2023-10-03 08:00:00,08_12,8.84,13.57,24.49,36.76
2023-10-03 12:00:00,12_16,7.73,8.62,75.73,103.65
2023-10-03 16:00:00,16_20,31.19,37.36,24.19,40.79
2023-10-03 20:00:00,20_24,16.36,18.7,6.28,19.22
2023-10-04 00:00:00,00_04,4.54,5.12,23.92,36.52
2023-10-04 04:00:00,04_08,8.55,15.19,16.75,22.53
2023-10-04 08:00:00,08_12,8.9,13.13,21.45,26.7
2023-10-04 12:00:00,12_16,7.42,8.16,61.14,69.98
2023-10-04 16:00:00,16_20,28.9,32.37,21.29,36.9
2023-10-04 20:00:00,20_24,17.28,20.13,4.94,8.94
2023-10-05 00:00:00,00_04,4.13,4.62,20.31,24.77
2023-10-05 04:00:00,04_08,8.79,10.59,12.83,15.84
2023-10-05 08:00:00,08_12,9.5,12.04,15.8,17.74
2023-10-05 12:00:00,12_16,7.07,7.81,40.35,53.0
2023-10-05 16:00:00,16_20,29.32,43.09,16.27,19.5
2023-10-05 20:00:00,20_24,16.66,19.72,3.97,4.59
2023-10-06 00:00:00,00_04,3.78,4.09,14.43,15.45
2023-10-06 04:00:00,04_08,8.12,8.68,9.58,10.59
2023-10-06 08:00:00,08_12,9.49,11.86,12.43,13.95
2023-10-06 12:00:00,12_16,24.16,72.87,58.69,89.0
2023-10-06 16:00:00,16_20,25.53,27.84,13.2,16.46
2023-10-06 20:00:00,20_24,15.03,16.2,4.42,7.49
2023-10-07 00:00:00,00_04,3.56,4.36,21.29,28.0
2023-10-07 04:00:00,04_08,7.2,8.23,14.67,18.96
2023-10-07 08:00:00,08_12,9.05,10.7,17.94,24.25
2023-10-07 12:00:00,12_16,13.21,18.5,62.58,75.32
2023-10-07 16:00:00,16_20,21.88,23.46,15.75,19.38
2023-10-07 20:00:00,20_24,13.14,13.82,5.05,6.66
2023-10-08 00:00:00,00_04,3.52,4.0,17.45,20.52
2023-10-08 04:00:00,04_08,6.78,7.29,12.29,14.5
2023-10-08 08:00:00,08_12,8.37,9.3,15.65,17.77
2023-10-08 12:00:00,12_16,10.87,12.26,48.73,54.81
2023-10-08 16:00:00,16_20,22.38,27.92,12.52,14.0
2023-10-08 20:00:00,20_24,12.14,14.03,4.18,4.9
2023-10-09 00:00:00,00_04,3.64,4.18,13.8,16.4
2023-10-09 04:00:00,04_08,7.28,9.15,10.0,12.02
2023-10-09 08:00:00,08_12,10.18,13.81,12.45,13.76
2023-10-09 12:00:00,12_16,10.56,12.55,34.67,39.0
2023-10-09 16:00:00,16_20,39.77,50.34,9.56,10.88
2023-10-09 20:00:00,20_24,17.44,19.61,3.24,3.71
2023-10-10 00:00:00,00_04,3.6,3.97,10.73,12.06
2023-10-10 04:00:00,04_08,8.69,10.64,8.12,9.72
2023-10-10 08:00:00,08_12,12.36,15.5,10.08,12.1
2023-10-10 12:00:00,12_16,10.53,12.08,28.31,35.01
2023-10-10 16:00:00,16_20,32.05,34.46,7.61,10.68
2023-10-10 20:00:00,20_24,14.69,15.68,3.55,5.12
2023-10-11 00:00:00,00_04,3.34,3.7,18.96,29.98
2023-10-11 04:00:00,04_08,8.47,10.76,13.26,18.42
2023-10-11 08:00:00,08_12,12.15,15.3,14.01,19.5
2023-10-11 12:00:00,12_16,9.77,11.14,55.71,75.53
2023-10-11 16:00:00,16_20,25.11,26.74,17.9,148.0
2023-10-11 20:00:00,20_24,12.49,13.48,3.96,5.83
2023-10-12 00:00:00,00_04,3.2,3.65,20.01,26.82
2023-10-12 04:00:00,04_08,9.01,10.02,11.53,15.0
2023-10-12 08:00:00,08_12,13.1,14.26,10.89,12.13
2023-10-12 12:00:00,12_16,9.64,10.63,31.19,38.71
2023-10-12 16:00:00,16_20,39.48,50.76,13.32,17.37
2023-10-12 20:00:00,20_24,16.29,21.27,3.23,4.1
2023-10-13 00:00:00,00_04,3.27,5.0,13.37,15.02
2023-10-13 04:00:00,04_08,8.26,9.31,9.46,10.94
2023-10-13 08:00:00,08_12,12.0,15.23,11.45,14.35
2023-10-13 12:00:00,12_16,8.46,9.57,56.9,68.71
2023-10-13 16:00:00,16_20,24.93,27.92,21.51,74.5
2023-10-13 20:00:00,20_24,12.85,17.08,8.28,21.0
2023-10-14 00:00:00,00_04,3.79,4.5,24.23,33.34
2023-10-14 04:00:00,04_08,7.46,8.17,17.95,24.57
2023-10-14 08:00:00,08_12,11.54,16.42,21.91,27.13
2023-10-14 12:00:00,12_16,7.71,8.65,68.16,80.62
2023-10-14 16:00:00,16_20,21.09,22.96,25.73,30.12
2023-10-14 20:00:00,20_24,12.64,14.3,6.76,9.22
2023-10-15 00:00:00,00_04,3.64,4.02,24.75,36.38
2023-10-15 04:00:00,04_08,6.65,7.19,21.37,36.5
2023-10-15 08:00:00,08_12,11.42,13.55,24.28,39.77
2023-10-15 12:00:00,12_16,7.01,8.4,67.99,86.75
2023-10-15 16:00:00,16_20,18.61,20.02,20.73,28.53
2023-10-15 20:00:00,20_24,11.47,12.98,5.51,8.59
2023-10-16 00:00:00,00_04,3.45,3.95,17.21,20.95
2023-10-16 04:00:00,04_08,8.32,9.48,15.72,19.1
2023-10-16 08:00:00,08_12,13.23,15.7,15.69,18.9
2023-10-16 12:00:00,12_16,8.43,10.97,36.7,43.66
2023-10-16 16:00:00,16_20,41.37,47.25,12.24,15.27
2023-10-16 20:00:00,20_24,18.07,21.0,4.12,4.93
2023-10-17 00:00:00,00_04,4.6,9.54,11.66,14.6
2023-10-17 04:00:00,04_08,38.27,158.44,20.02,114.4
2023-10-17 08:00:00,08_12,229.97,960.0,65.09,490.9
2023-10-17 12:00:00,12_16,248.3,1871.04,125.56,898.8
2023-10-17 16:00:00,16_20,37.73,43.53,10.1,12.57
2023-10-17 20:00:00,20_24,16.47,17.86,3.57,4.24
2023-10-18 00:00:00,00_04,4.66,6.71,10.37,13.0
2023-10-18 04:00:00,04_08,23.08,34.62,20.8,26.68
2023-10-18 08:00:00,08_12,63.8,84.98,42.52,82.42
2023-10-18 12:00:00,12_16,73.06,100.47,77.69,128.84
2023-10-18 16:00:00,16_20,33.37,35.78,11.25,24.1
2023-10-18 20:00:00,20_24,14.17,15.4,6.63,14.52
2023-10-19 00:00:00,00_04,4.23,5.29,31.3,69.62
2023-10-19 04:00:00,04_08,16.98,20.75,19.19,27.0
2023-10-19 08:00:00,08_12,29.59,37.33,26.14,34.7
2023-10-19 12:00:00,12_16,36.05,46.77,49.08,60.0
2023-10-19 16:00:00,16_20,28.65,31.45,11.23,16.54
2023-10-19 20:00:00,20_24,12.71,13.86,10.42,67.28
2023-10-20 00:00:00,00_04,4.24,5.0,30.68,43.42
2023-10-20 04:00:00,04_08,13.96,15.0,20.44,27.04
2023-10-20 08:00:00,08_12,21.92,25.02,20.78,25.0
2023-10-20 12:00:00,12_16,23.27,27.0,41.18,53.11
2023-10-20 16:00:00,16_20,23.97,25.36,27.43,247.32
2023-10-20 20:00:00,20_24,11.2,12.66,13.07,17.06
2023-10-21 00:00:00,00_04,4.26,5.08,30.57,37.55
2023-10-21 04:00:00,04_08,11.63,12.79,20.97,26.17
2023-10-21 08:00:00,08_12,18.04,21.22,20.29,24.95
2023-10-21 12:00:00,12_16,17.42,19.82,51.22,60.97
2023-10-21 16:00:00,16_20,20.94,24.12,24.14,37.5
2023-10-21 20:00:00,20_24,10.13,10.79,9.4,13.02
2023-10-22 00:00:00,00_04,4.2,5.6,30.28,34.6
2023-10-22 04:00:00,04_08,9.84,10.62,25.94,34.27
2023-10-22 08:00:00,08_12,15.06,16.62,24.23,33.23
2023-10-22 12:00:00,12_16,13.64,15.23,57.68,76.12
2023-10-22 16:00:00,16_20,18.8,20.0,22.3,31.25
2023-10-22 20:00:00,20_24,9.22,9.76,7.87,10.04
2023-10-23 00:00:00,00_04,4.44,5.3,18.3,20.7
2023-10-23 04:00:00,04_08,10.87,13.42,16.5,18.7
2023-10-23 08:00:00,08_12,17.88,23.0,14.37,16.78
2023-10-23 12:00:00,12_16,13.09,15.2,29.95,33.61
2023-10-23 16:00:00,16_20,29.2,36.38,13.23,14.77
2023-10-23 20:00:00,20_24,10.62,13.19,5.78,7.67
2023-10-24 00:00:00,00_04,4.36,5.04,15.89,22.75
2023-10-24 04:00:00,04_08,9.54,10.46,14.51,18.07
2023-10-24 08:00:00,08_12,16.48,17.68,11.37,14.67
2023-10-24 12:00:00,12_16,11.99,13.91,22.79,28.8
2023-10-24 16:00:00,16_20,25.39,29.15,9.19,11.6
2023-10-24 20:00:00,20_24,10.24,11.44,4.94,7.8
2023-10-25 00:00:00,00_04,4.17,4.5,14.35,15.85
2023-10-25 04:00:00,04_08,8.81,9.4,12.51,13.97
2023-10-25 08:00:00,08_12,14.93,16.43,9.92,10.9
2023-10-25 12:00:00,12_16,11.27,12.94,19.03,21.36
2023-10-25 16:00:00,16_20,23.15,24.54,7.87,8.53
2023-10-25 20:00:00,20_24,9.52,10.21,4.97,6.24
2023-10-26 00:00:00,00_04,3.83,4.14,12.3,14.14
2023-10-26 04:00:00,04_08,8.07,8.9,9.75,11.29
2023-10-26 08:00:00,08_12,13.81,14.99,7.73,8.9
2023-10-26 12:00:00,12_16,10.43,11.65,14.5,17.25
2023-10-26 16:00:00,16_20,20.37,21.98,5.85,6.41
2023-10-26 20:00:00,20_24,8.56,9.08,4.22,4.96
2023-10-27 00:00:00,00_04,3.43,3.8,9.73,10.86
2023-10-27 04:00:00,04_08,7.38,8.25,7.81,8.47
2023-10-27 08:00:00,08_12,12.54,13.41,5.79,6.51
2023-10-27 12:00:00,12_16,9.6,10.36,11.67,13.2
2023-10-27 16:00:00,16_20,17.91,18.68,4.42,4.9
2023-10-27 20:00:00,20_24,7.59,7.98,3.46,3.93
2023-10-28 00:00:00,00_04,3.11,4.47,9.41,11.3
2023-10-28 04:00:00,04_08,6.41,6.9,8.2,10.81
2023-10-28 08:00:00,08_12,10.71,11.38,8.22,11.49
2023-10-28 12:00:00,12_16,8.23,8.82,23.28,29.4
2023-10-28 16:00:00,16_20,15.93,17.53,6.76,9.44
2023-10-28 20:00:00,20_24,6.52,7.67,5.28,6.82
2023-10-29 00:00:00,00_04,3.43,5.72,22.58,36.55
2023-10-29 04:00:00,04_08,5.46,5.89,26.11,50.78
2023-10-29 08:00:00,08_12,8.5,9.42,26.34,45.04
2023-10-29 12:00:00,12_16,6.83,7.41,45.85,63.74
2023-10-29 16:00:00,16_20,14.28,17.24,15.75,23.46
2023-10-29 20:00:00,20_24,6.28,7.64,6.36,10.03
2023-10-30 00:00:00,00_04,4.23,4.8,22.07,36.47
2023-10-30 04:00:00,04_08,7.21,8.47,19.7,27.58
2023-10-30 08:00:00,08_12,11.5,13.56,15.15,18.96
2023-10-30 12:00:00,12_16,7.36,8.63,23.81,28.3
2023-10-30 16:00:00,16_20,28.33,53.28,9.13,10.76
2023-10-30 20:00:00,20_24,9.41,10.26,4.73,5.78
2023-10-31 00:00:00,00_04,3.96,4.35,17.63,20.42
2023-10-31 04:00:00,04_08,6.26,7.0,16.01,19.01
2023-10-31 08:00:00,08_12,9.8,10.78,12.34,13.85
2023-10-31 12:00:00,12_16,6.81,7.68,17.72,19.71
2023-10-31 16:00:00,16_20,24.39,29.15,6.7,7.57
2023-10-31 20:00:00,20_24,8.25,8.87,3.9,4.58
2023-11-01 00:00:00,00_04,3.73,5.82,12.81,16.04
2023-11-01 04:00:00,04_08,5.56,5.89,12.28,14.0
2023-11-01 08:00:00,08_12,8.38,8.97,13.42,26.73
2023-11-01 12:00:00,12_16,6.22,6.82,20.59,29.43
2023-11-01 16:00:00,16_20,18.28,21.52,7.87,14.89
2023-11-01 20:00:00,20_24,7.16,7.92,7.72,13.33
2023-11-02 00:00:00,00_04,4.0,4.7,38.03,128.0
2023-11-02 04:00:00,04_08,4.9,5.32,30.78,344.0
2023-11-02 08:00:00,08_12,7.3,7.8,22.47,336.02
2023-11-02 12:00:00,12_16,5.57,5.91,47.56,987.12
2023-11-02 16:00:00,16_20,16.83,18.37,8.62,12.09
2023-11-02 20:00:00,20_24,6.64,7.27,6.74,8.51
2023-11-03 00:00:00,00_04,3.99,5.0,27.94,39.01
2023-11-03 04:00:00,04_08,4.75,6.34,24.75,40.21
2023-11-03 08:00:00,08_12,8.24,12.68,19.07,25.43
2023-11-03 12:00:00,12_16,5.57,6.96,37.06,67.0
2023-11-03 16:00:00,16_20,15.95,18.73,7.57,8.9
2023-11-03 20:00:00,20_24,6.47,9.24,7.59,10.67
2023-11-04 00:00:00,00_04,4.01,5.35,24.19,30.06
2023-11-04 04:00:00,04_08,4.5,5.16,24.92,31.5
2023-11-04 08:00:00,08_12,7.74,9.34,18.75,24.68
2023-11-04 12:00:00,12_16,5.17,6.0,37.37,49.0
2023-11-04 16:00:00,16_20,14.87,16.39,9.37,14.95
2023-11-04 20:00:00,20_24,6.38,10.37,10.23,15.65
2023-11-05 00:00:00,00_04,3.88,4.71,25.11,31.85
2023-11-05 04:00:00,04_08,4.47,5.37,24.47,29.49
2023-11-05 08:00:00,08_12,7.57,9.37,19.92,24.78
2023-11-05 12:00:00,12_16,5.19,6.83,35.32,43.0
2023-11-05 16:00:00,16_20,14.41,18.06,8.9,11.52
2023-11-05 20:00:00,20_24,7.18,10.03,9.8,12.88
2023-11-06 00:00:00,00_04,3.81,4.48,29.15,37.01
2023-11-06 04:00:00,04_08,5.2,6.19,23.47,30.88
2023-11-06 08:00:00,08_12,8.7,10.0,16.93,18.97
2023-11-06 12:00:00,12_16,6.47,9.48,29.42,32.79
2023-11-06 16:00:00,16_20,20.44,26.6,7.15,8.03
2023-11-06 20:00:00,20_24,8.2,9.59,7.47,9.82
2023-11-07 00:00:00,00_04,3.94,4.46,22.14,27.29
2023-11-07 04:00:00,04_08,5.5,6.94,18.08,22.8
2023-11-07 08:00:00,08_12,8.67,9.81,12.51,14.12
2023-11-07 12:00:00,12_16,6.68,8.01,20.22,23.18
2023-11-07 16:00:00,16_20,21.85,26.19,5.67,6.46
2023-11-07 20:00:00,20_24,8.5,9.81,6.19,7.06
2023-11-08 00:00:00,00_04,3.83,4.16,19.1,21.89
2023-11-08 04:00:00,04_08,5.57,6.56,15.24,17.63
2023-11-08 08:00:00,08_12,8.48,9.23,10.4,12.22
2023-11-08 12:00:00,12_16,6.58,7.25,17.67,22.81
2023-11-08 16:00:00,16_20,20.27,21.91,5.06,6.2
2023-11-08 20:00:00,20_24,8.13,8.87,5.14,5.82
2023-11-09 00:00:00,00_04,3.61,3.81,16.33,18.29
2023-11-09 04:00:00,04_08,5.57,6.02,12.64,14.04
2023-11-09 08:00:00,08_12,8.35,9.1,8.4,9.25
2023-11-09 12:00:00,12_16,6.36,7.05,14.13,15.89
2023-11-09 16:00:00,16_20,19.22,20.75,4.36,4.88
2023-11-09 20:00:00,20_24,7.75,8.29,4.2,4.7
2023-11-10 00:00:00,00_04,3.32,3.55,14.16,17.44
2023-11-10 04:00:00,04_08,5.26,5.75,10.15,11.7
2023-11-10 08:00:00,08_12,8.1,8.5,6.56,7.18
2023-11-10 12:00:00,12_16,6.14,6.59,10.87,12.4
2023-11-10 16:00:00,16_20,18.25,19.6,3.36,3.78
2023-11-10 20:00:00,20_24,7.36,7.81,3.4,3.8
2023-11-11 00:00:00,00_04,3.36,5.21,12.49,13.5
2023-11-11 04:00:00,04_08,4.9,5.27,8.7,9.72
2023-11-11 08:00:00,08_12,7.4,7.83,5.55,6.6
2023-11-11 12:00:00,12_16,5.59,5.93,9.4,10.29
2023-11-11 16:00:00,16_20,16.94,17.68,2.95,3.5
2023-11-11 20:00:00,20_24,6.81,7.17,3.07,3.74
2023-11-12 00:00:00,00_04,3.65,4.53,10.68,12.4
2023-11-12 04:00:00,04_08,4.52,5.15,7.75,8.91
2023-11-12 08:00:00,08_12,6.78,7.53,5.3,6.23
2023-11-12 12:00:00,12_16,5.24,6.04,8.38,9.41
2023-11-12 16:00:00,16_20,15.46,16.23,2.64,3.04
2023-11-12 20:00:00,20_24,6.33,6.87,2.9,4.0
2023-11-13 00:00:00,00_04,3.78,5.0,9.25,10.13
2023-11-13 04:00:00,04_08,5.41,7.39,6.73,7.37
2023-11-13 08:00:00,08_12,9.2,16.64,4.49,5.06
2023-11-13 12:00:00,12_16,5.76,7.5,6.69,8.24
2023-11-13 16:00:00,16_20,14.7,16.77,2.84,6.69
2023-11-13 20:00:00,20_24,5.79,7.72,7.34,36.61
2023-11-14 00:00:00,00_04,3.72,4.5,31.83,58.61
2023-11-14 04:00:00,04_08,4.96,5.76,21.6,35.1
2023-11-14 08:00:00,08_12,8.48,10.32,7.61,14.55
2023-11-14 12:00:00,12_16,5.59,6.43,8.46,12.9
2023-11-14 16:00:00,16_20,15.29,18.9,3.63,4.34
2023-11-14 20:00:00,20_24,6.38,7.34,6.45,9.75
2023-11-15 00:00:00,00_04,3.97,4.74,20.77,24.61
2023-11-15 04:00:00,04_08,5.56,7.07,13.8,16.34
2023-11-15 08:00:00,08_12,8.81,10.64,6.72,7.71
2023-11-15 12:00:00,12_16,5.68,6.43,7.41,8.87
2023-11-15 16:00:00,16_20,16.14,18.76,2.97,3.34
2023-11-15 20:00:00,20_24,6.31,6.91,5.4,6.44
2023-11-16 00:00:00,00_04,3.94,4.48,16.95,19.8
2023-11-16 04:00:00,04_08,5.84,6.62,10.99,12.5
2023-11-16 08:00:00,08_12,9.04,10.11,5.18,5.71
2023-11-16 12:00:00,12_16,6.52,7.94,5.78,6.5
2023-11-16 16:00:00,16_20,19.8,26.72,2.27,2.62
2023-11-16 20:00:00,20_24,6.34,7.26,4.15,5.01
2023-11-17 00:00:00,00_04,4.08,4.97,13.18,15.0
2023-11-17 04:00:00,04_08,6.02,6.69,8.63,9.64
2023-11-17 08:00:00,08_12,9.16,10.5,3.86,4.24
2023-11-17 12:00:00,12_16,6.28,6.82,4.44,4.94
2023-11-17 16:00:00,16_20,21.22,23.1,1.81,1.98
2023-11-17 20:00:00,20_24,6.61,8.43,3.51,3.86
2023-11-18 00:00:00,00_04,4.21,6.2,10.19,11.7
2023-11-18 04:00:00,04_08,5.37,6.13,7.28,8.56
2023-11-18 08:00:00,08_12,7.92,8.58,4.08,5.22
2023-11-18 12:00:00,12_16,5.68,6.51,4.43,6.0
2023-11-18 16:00:00,16_20,16.48,17.72,2.92,4.3
2023-11-18 20:00:00,20_24,7.66,16.64,7.55,12.32
2023-11-19 00:00:00,00_04,4.59,5.79,27.08,34.39
2023-11-19 04:00:00,04_08,5.2,6.86,28.83,39.88
2023-11-19 08:00:00,08_12,7.2,8.36,17.84,24.2
2023-11-19 12:00:00,12_16,5.2,6.66,26.03,34.45
2023-11-19 16:00:00,16_20,15.33,17.81,6.76,10.88
2023-11-19 20:00:00,20_24,8.72,10.8,8.2,10.75
2023-11-20 00:00:00,00_04,4.71,5.38,21.03,25.83
2023-11-20 04:00:00,04_08,6.52,7.34,18.79,23.3
2023-11-20 08:00:00,08_12,8.79,10.85,9.34,13.47
2023-11-20 12:00:00,12_16,6.73,7.62,11.59,15.64
2023-11-20 16:00:00,16_20,21.86,27.9,4.37,5.38
2023-11-20 20:00:00,20_24,8.58,9.7,5.65,7.24
2023-11-21 00:00:00,00_04,4.54,5.09,15.04,16.54
2023-11-21 04:00:00,04_08,6.88,8.47,13.27,14.51
2023-11-21 08:00:00,08_12,9.84,13.29,6.4,7.38
2023-11-21 12:00:00,12_16,6.78,8.7,7.06,8.11
2023-11-21 16:00:00,16_20,21.96,24.36,3.26,3.64
2023-11-21 20:00:00,20_24,8.01,8.69,4.26,5.0
2023-11-22 00:00:00,00_04,4.3,4.65,10.55,11.88
2023-11-22 04:00:00,04_08,6.94,8.0,9.49,10.56
2023-11-22 08:00:00,08_12,11.37,15.0,4.51,5.3
2023-11-22 12:00:00,12_16,6.39,7.2,5.15,5.89
2023-11-22 16:00:00,16_20,17.95,19.65,2.53,2.96
2023-11-22 20:00:00,20_24,7.26,7.75,4.97,9.9
2023-11-23 00:00:00,00_04,11.11,37.35,53.05,185.0
2023-11-23 04:00:00,04_08,22.12,58.66,83.22,235.0
2023-11-23 08:00:00,08_12,42.68,183.5,26.45,222.0
2023-11-23 12:00:00,12_16,56.86,227.65,38.22,197.4
2023-11-23 16:00:00,16_20,21.22,33.0,36.32,198.34
2023-11-23 20:00:00,20_24,36.43,281.68,150.12,565.64
2023-11-24 00:00:00,00_04,10.47,13.74,45.3,60.05
2023-11-24 04:00:00,04_08,16.3,19.73,42.33,62.7
2023-11-24 08:00:00,08_12,27.64,33.7,23.36,28.71
2023-11-24 12:00:00,12_16,28.7,38.09,31.3,40.67
2023-11-24 16:00:00,16_20,19.2,22.36,22.36,34.42
2023-11-24 20:00:00,20_24,20.71,34.94,35.21,45.76
2023-11-25 00:00:00,00_04,7.73,9.13,26.33,32.9
2023-11-25 04:00:00,04_08,12.0,13.68,23.93,29.17
2023-11-25 08:00:00,08_12,18.39,22.32,13.83,18.0
2023-11-25 12:00:00,12_16,18.93,23.48,18.29,21.43
2023-11-25 16:00:00,16_20,16.46,19.24,14.57,18.4
2023-11-25 20:00:00,20_24,16.21,19.69,17.45,21.34
2023-11-26 00:00:00,00_04,6.35,6.8,16.47,18.51
2023-11-26 04:00:00,04_08,9.0,9.88,15.42,17.73
2023-11-26 08:00:00,08_12,13.64,14.86,8.75,9.69
2023-11-26 12:00:00,12_16,13.67,15.56,11.18,12.3
2023-11-26 16:00:00,16_20,14.56,15.54,8.76,9.51
2023-11-26 20:00:00,20_24,13.1,14.49,9.12,11.65
2023-11-27 00:00:00,00_04,5.54,6.3,10.67,12.3
2023-11-27 04:00:00,04_08,8.02,9.42,9.58,10.9
2023-11-27 08:00:00,08_12,13.26,17.82,5.36,6.94
2023-11-27 12:00:00,12_16,11.37,14.21,6.81,9.3
2023-11-27 16:00:00,16_20,13.5,16.0,5.21,6.2
2023-11-27 20:00:00,20_24,10.57,12.77,6.8,8.89
2023-11-28 00:00:00,00_04,5.06,5.52,12.16,19.05
2023-11-28 04:00:00,04_08,7.42,8.43,10.19,15.97
2023-11-28 08:00:00,08_12,12.44,13.84,4.43,5.04
2023-11-28 12:00:00,12_16,10.52,12.01,5.4,6.3
2023-11-28 16:00:00,16_20,20.13,48.0,3.64,4.35
2023-11-28 20:00:00,20_24,10.15,11.34,5.06,6.17
2023-11-29 00:00:00,00_04,4.6,4.9,11.07,14.85
2023-11-29 04:00:00,04_08,7.22,8.38,9.63,13.41
2023-11-29 08:00:00,08_12,11.52,12.74,3.91,5.16
2023-11-29 12:00:00,12_16,9.79,10.5,4.49,5.87
2023-11-29 16:00:00,16_20,26.34,36.67,2.93,3.65
2023-11-29 20:00:00,20_24,9.39,10.21,4.14,4.59
2023-11-30 00:00:00,00_04,4.28,4.9,9.89,11.5
2023-11-30 04:00:00,04_08,8.19,12.0,8.84,10.37
2023-11-30 08:00:00,08_12,16.29,30.0,3.62,4.69
2023-11-30 12:00:00,12_16,11.41,15.48,3.96,4.73
2023-11-30 16:00:00,16_20,43.46,71.0,2.59,2.95
2023-11-30 20:00:00,20_24,9.9,12.89,3.39,4.05
2023-12-01 00:00:00,00_04,4.46,5.61,8.77,13.24
2023-12-01 04:00:00,04_08,9.73,14.86,8.48,18.68
2023-12-01 08:00:00,08_12,27.14,39.4,3.35,3.74
2023-12-01 12:00:00,12_16,12.75,17.99,3.38,3.88
2023-12-01 16:00:00,16_20,50.86,64.59,2.11,2.5
2023-12-01 20:00:00,20_24,12.05,17.73,2.86,3.3
2023-12-02 00:00:00,00_04,4.42,5.0,8.9,9.84
2023-12-02 04:00:00,04_08,9.32,10.53,8.88,10.5
2023-12-02 08:00:00,08_12,18.76,22.46,3.39,4.2
2023-12-02 12:00:00,12_16,10.73,12.49,3.38,4.34
2023-12-02 16:00:00,16_20,36.67,43.67,2.02,2.64
2023-12-02 20:00:00,20_24,10.74,12.0,2.75,3.27
2023-12-03 00:00:00,00_04,4.25,4.91,8.2,9.25
2023-12-03 04:00:00,04_08,8.3,9.34,7.97,9.13
2023-12-03 08:00:00,08_12,14.42,17.19,3.42,4.01
2023-12-03 12:00:00,12_16,9.16,10.47,3.52,4.29
2023-12-03 16:00:00,16_20,28.61,35.0,1.88,2.21
2023-12-03 20:00:00,20_24,9.42,10.26,2.78,3.24
2023-12-04 00:00:00,00_04,4.11,4.96,8.55,13.26
2023-12-04 04:00:00,04_08,8.27,10.0,8.03,11.34
2023-12-04 08:00:00,08_12,14.31,17.19,2.84,3.31
2023-12-04 12:00:00,12_16,9.12,10.77,2.95,3.38
2023-12-04 16:00:00,16_20,24.05,32.84,1.61,1.89
2023-12-04 20:00:00,20_24,9.47,10.87,2.47,3.14
2023-12-05 00:00:00,00_04,4.06,4.68,9.39,12.46
2023-12-05 04:00:00,04_08,8.16,8.92,8.42,12.6
2023-12-05 08:00:00,08_12,13.89,16.01,2.4,3.0
2023-12-05 12:00:00,12_16,9.17,9.97,2.43,3.0
2023-12-05 16:00:00,16_20,26.36,33.3,1.31,1.54
2023-12-05 20:00:00,20_24,9.21,9.91,2.34,3.01
2023-12-06 00:00:00,00_04,4.48,9.45,8.74,10.0
2023-12-06 04:00:00,04_08,12.17,30.0,8.46,10.0
2023-12-06 08:00:00,08_12,23.68,60.0,2.52,10.39
2023-12-06 12:00:00,12_16,17.19,54.48,2.68,6.53
2023-12-06 16:00:00,16_20,46.43,79.0,1.33,2.66
2023-12-06 20:00:00,20_24,9.02,10.17,2.32,3.72
2023-12-07 00:00:00,00_04,5.05,6.28,7.61,9.44
2023-12-07 04:00:00,04_08,11.48,14.9,7.23,9.0
2023-12-07 08:00:00,08_12,23.93,35.02,3.65,4.9
2023-12-07 12:00:00,12_16,15.06,19.39,3.36,4.84
2023-12-07 16:00:00,16_20,33.93,38.75,1.63,2.4
2023-12-07 20:00:00,20_24,8.53,9.4,3.02,5.01
2023-12-08 00:00:00,00_04,4.6,5.35,8.96,13.0
2023-12-08 04:00:00,04_08,9.84,11.19,8.21,10.78
2023-12-08 08:00:00,08_12,19.77,22.95,3.3,4.0
2023-12-08 12:00:00,12_16,11.64,13.94,3.38,4.3
2023-12-08 16:00:00,16_20,27.41,29.83,1.61,1.97
2023-12-08 20:00:00,20_24,8.17,9.5,3.31,3.95
2023-12-09 00:00:00,00_04,4.96,8.8,8.85,10.55
2023-12-09 04:00:00,04_08,8.48,9.9,8.26,9.95
2023-12-09 08:00:00,08_12,15.84,18.29,3.76,5.34
2023-12-09 12:00:00,12_16,9.99,10.98,4.46,7.35
2023-12-09 16:00:00,16_20,21.05,23.98,3.66,5.1
2023-12-09 20:00:00,20_24,9.65,19.4,9.37,24.69
2023-12-10 00:00:00,00_04,5.04,6.06,31.92,66.31
2023-12-10 04:00:00,04_08,7.66,8.91,29.65,54.12
2023-12-10 08:00:00,08_12,13.54,14.95,9.17,17.0
2023-12-10 12:00:00,12_16,8.66,9.5,7.16,11.69
2023-12-10 16:00:00,16_20,17.38,19.58,3.48,4.05
2023-12-10 20:00:00,20_24,9.11,10.46,8.8,10.9
2023-12-11 00:00:00,00_04,5.41,7.0,25.41,33.92
2023-12-11 04:00:00,04_08,8.94,13.28,20.35,26.45
2023-12-11 08:00:00,08_12,14.34,16.75,6.74,8.27
2023-12-11 12:00:00,12_16,8.84,10.53,5.67,6.9
2023-12-11 16:00:00,16_20,17.94,20.4,2.71,3.39
2023-12-11 20:00:00,20_24,9.43,10.59,6.12,7.68
2023-12-12 00:00:00,00_04,5.58,8.68,15.38,17.82
2023-12-12 04:00:00,04_08,9.59,13.75,12.58,15.48
2023-12-12 08:00:00,08_12,15.91,22.18,4.38,5.38
2023-12-12 12:00:00,12_16,9.33,10.4,4.01,5.51
2023-12-12 16:00:00,16_20,18.09,19.81,2.32,2.92
2023-12-12 20:00:00,20_24,9.02,9.47,5.29,7.31
2023-12-13 00:00:00,00_04,5.67,6.37,13.48,15.8
2023-12-13 04:00:00,04_08,9.97,11.78,10.93,12.93
2023-12-13 08:00:00,08_12,16.03,17.68,4.02,4.64
2023-12-13 12:00:00,12_16,9.18,9.86,3.95,5.9
2023-12-13 16:00:00,16_20,17.51,18.38,2.14,2.43
2023-12-13 20:00:00,20_24,8.61,9.02,5.07,6.01
2023-12-14 00:00:00,00_04,5.41,5.9,10.75,12.5
2023-12-14 04:00:00,04_08,10.24,12.26,8.81,10.62
2023-12-14 08:00:00,08_12,15.86,17.42,3.28,3.67
2023-12-14 12:00:00,12_16,9.02,11.7,3.64,4.5
2023-12-14 16:00:00,16_20,17.24,18.73,1.69,2.14
2023-12-14 20:00:00,20_24,8.06,8.5,4.13,5.31
2023-12-15 00:00:00,00_04,5.12,5.5,9.12,10.1
2023-12-15 04:00:00,04_08,10.0,11.64,7.97,9.0
2023-12-15 08:00:00,08_12,15.56,16.58,2.95,3.33
2023-12-15 12:00:00,12_16,8.89,9.36,3.35,4.05
2023-12-15 16:00:00,16_20,16.56,17.72,1.59,1.84
2023-12-15 20:00:00,20_24,7.54,8.0,3.97,4.61
2023-12-16 00:00:00,00_04,4.89,5.57,9.27,12.4
2023-12-16 04:00:00,04_08,9.31,9.89,9.75,13.64
2023-12-16 08:00:00,08_12,13.79,15.03,3.15,3.9
2023-12-16 12:00:00,12_16,7.92,8.59,4.06,5.69
2023-12-16 16:00:00,16_20,15.27,16.16,2.43,3.88
2023-12-16 20:00:00,20_24,7.08,7.79,6.02,9.09
2023-12-17 00:00:00,00_04,4.89,6.68,25.89,36.83
2023-12-17 04:00:00,04_08,8.21,9.24,27.53,39.0
2023-12-17 08:00:00,08_12,12.54,13.0,11.46,21.7
2023-12-17 12:00:00,12_16,7.13,7.68,9.6,12.65
2023-12-17 16:00:00,16_20,14.15,14.94,3.45,4.46
2023-12-17 20:00:00,20_24,6.96,7.62,8.06,9.8
2023-12-18 00:00:00,00_04,5.46,6.57,24.42,29.79
2023-12-18 04:00:00,04_08,9.31,12.42,20.4,24.33
2023-12-18 08:00:00,08_12,12.27,14.05,8.1,9.9
2023-12-18 12:00:00,12_16,7.4,8.41,5.91,7.61
2023-12-18 16:00:00,16_20,15.19,18.54,2.95,3.33
2023-12-18 20:00:00,20_24,7.16,8.19,6.45,7.54
2023-12-19 00:00:00,00_04,5.55,6.16,21.12,25.9
2023-12-19 04:00:00,04_08,9.51,10.52,15.35,17.59
2023-12-19 08:00:00,08_12,12.14,15.09,5.72,6.86
2023-12-19 12:00:00,12_16,7.12,7.55,4.86,5.61
2023-12-19 16:00:00,16_20,14.49,16.13,2.13,2.61
2023-12-19 20:00:00,20_24,7.09,7.39,5.25,5.99
2023-12-20 00:00:00,00_04,5.31,5.64,19.22,20.67
2023-12-20 04:00:00,04_08,8.75,9.27,13.62,15.63
2023-12-20 08:00:00,08_12,12.3,13.51,5.4,6.96
2023-12-20 12:00:00,12_16,6.67,7.0,5.25,7.19
2023-12-20 16:00:00,16_20,13.8,14.5,2.77,5.31
2023-12-20 20:00:00,20_24,6.51,6.92,4.92,5.64
2023-12-21 00:00:00,00_04,4.74,5.14,24.19,32.75
2023-12-21 04:00:00,04_08,7.76,8.23,20.05,29.05
2023-12-21 08:00:00,08_12,11.21,12.27,7.55,12.21
2023-12-21 12:00:00,12_16,5.93,6.38,8.11,15.29
2023-12-21 16:00:00,16_20,12.37,13.01,5.53,11.78
2023-12-21 20:00:00,20_24,5.69,6.27,9.22,16.5
2023-12-22 00:00:00,00_04,4.35,5.0,32.96,45.0
2023-12-22 04:00:00,04_08,6.98,7.49,30.17,45.85
2023-12-22 08:00:00,08_12,10.13,11.0,9.64,12.33
2023-12-22 12:00:00,12_16,5.32,5.8,12.8,20.97
2023-12-22 16:00:00,16_20,11.2,12.33,8.57,12.14
2023-12-22 20:00:00,20_24,5.73,10.47,11.93,16.9
2023-12-23 00:00:00,00_04,4.52,6.15,36.07,40.97
2023-12-23 04:00:00,04_08,6.43,7.33,35.39,41.04
2023-12-23 08:00:00,08_12,9.07,9.76,9.31,11.79
2023-12-23 12:00:00,12_16,4.67,5.05,12.55,16.0
2023-12-23 16:00:00,16_20,10.99,15.02,7.83,9.56
2023-12-23 20:00:00,20_24,7.55,15.2,11.01,13.68
2023-12-24 00:00:00,00_04,5.26,7.2,33.49,37.66
2023-12-24 04:00:00,04_08,6.42,7.11,33.81,39.04
2023-12-24 08:00:00,08_12,8.14,8.78,15.75,22.8
2023-12-24 12:00:00,12_16,4.68,5.93,18.53,24.11
2023-12-24 16:00:00,16_20,11.01,13.0,10.86,14.2
2023-12-24 20:00:00,20_24,9.25,12.96,16.59,22.16
2023-12-25 00:00:00,00_04,5.58,6.65,31.81,38.86
2023-12-25 04:00:00,04_08,6.19,6.88,31.41,34.65
2023-12-25 08:00:00,08_12,7.65,8.5,14.66,18.0
2023-12-25 12:00:00,12_16,4.68,5.61,16.2,19.29
2023-12-25 16:00:00,16_20,11.66,15.0,9.05,10.5
2023-12-25 20:00:00,20_24,9.98,12.1,14.35,18.26
2023-12-26 00:00:00,00_04,5.41,6.26,28.48,32.15
2023-12-26 04:00:00,04_08,5.8,6.37,26.43,28.7
2023-12-26 08:00:00,08_12,7.31,7.8,11.94,13.71
2023-12-26 12:00:00,12_16,4.74,5.17,13.54,15.39
2023-12-26 16:00:00,16_20,11.14,13.09,7.13,8.2
2023-12-26 20:00:00,20_24,9.27,10.74,11.5,13.66
2023-12-27 00:00:00,00_04,5.63,6.36,18.61,22.31
2023-12-27 04:00:00,04_08,6.79,8.77,16.27,19.88
2023-12-27 08:00:00,08_12,10.87,13.62,7.25,8.98
2023-12-27 12:00:00,12_16,5.33,6.78,8.22,9.86
2023-12-27 16:00:00,16_20,11.73,12.81,5.42,6.18
2023-12-27 20:00:00,20_24,8.87,10.13,9.33,10.38
2023-12-28 00:00:00,00_04,5.17,5.73,27.25,39.17
2023-12-28 04:00:00,04_08,6.23,6.81,22.06,28.23
2023-12-28 08:00:00,08_12,9.48,11.58,7.89,10.11
2023-12-28 12:00:00,12_16,5.06,5.68,8.88,11.92
2023-12-28 16:00:00,16_20,10.34,12.11,5.38,7.37
2023-12-28 20:00:00,20_24,8.0,8.68,9.68,11.85
2023-12-29 00:00:00,00_04,4.87,5.37,29.33,33.88
2023-12-29 04:00:00,04_08,5.44,6.26,24.39,28.61
2023-12-29 08:00:00,08_12,8.68,9.51,9.19,12.15
2023-12-29 12:00:00,12_16,4.6,5.26,10.77,16.0
2023-12-29 16:00:00,16_20,10.5,11.95,6.21,7.45
2023-12-29 20:00:00,20_24,7.29,8.05,9.61,10.91
2023-12-30 00:00:00,00_04,4.67,5.02,26.86,29.94
2023-12-30 04:00:00,04_08,5.27,5.66,21.75,23.89
2023-12-30 08:00:00,08_12,7.51,8.47,8.98,10.14
2023-12-30 12:00:00,12_16,4.54,4.98,9.84,11.46
2023-12-30 16:00:00,16_20,12.18,17.02,5.25,5.59
2023-12-30 20:00:00,20_24,8.65,12.77,7.99,8.54
2023-12-31 00:00:00,00_04,4.71,6.83,20.32,24.49
2023-12-31 04:00:00,04_08,4.9,5.42,18.29,23.13
2023-12-31 08:00:00,08_12,6.93,7.38,10.53,16.38
2023-12-31 12:00:00,12_16,4.3,4.78,14.36,25.0
2023-12-31 16:00:00,16_20,11.69,14.46,6.44,8.03
2023-12-31 20:00:00,20_24,8.47,9.56,9.73,12.75
2024-01-01 00:00:00,00_04,4.72,5.25,21.33,25.21
2024-01-01 04:00:00,04_08,4.67,5.01,19.77,23.4
2024-01-01 08:00:00,08_12,6.33,6.66,13.07,23.08
2024-01-01 12:00:00,12_16,4.12,4.41,15.02,20.63
2024-01-01 16:00:00,16_20,11.36,11.92,5.83,6.73
2024-01-01 20:00:00,20_24,8.14,8.51,8.24,9.81
2024-01-02 00:00:00,00_04,4.71,5.19,18.1,20.63
2024-01-02 04:00:00,04_08,4.74,5.64,16.93,19.32
2024-01-02 08:00:00,08_12,7.32,9.03,9.42,11.37
2024-01-02 12:00:00,12_16,4.61,5.7,10.88,12.33
2024-01-02 16:00:00,16_20,11.32,12.31,5.19,5.65
2024-01-02 20:00:00,20_24,7.84,8.43,7.79,8.69
2024-01-03 00:00:00,00_04,4.54,4.88,24.16,31.99
2024-01-03 04:00:00,04_08,4.7,4.97,20.63,26.96
2024-01-03 08:00:00,08_12,7.02,7.88,8.75,10.0
2024-01-03 12:00:00,12_16,4.55,4.97,10.29,12.84
2024-01-03 16:00:00,16_20,12.2,15.48,4.66,5.13
2024-01-03 20:00:00,20_24,7.6,8.12,6.83,7.5
2024-01-04 00:00:00,00_04,4.29,4.64,20.93,25.89
2024-01-04 04:00:00,04_08,4.68,5.41,18.13,21.33
2024-01-04 08:00:00,08_12,7.18,8.44,7.23,7.91
2024-01-04 12:00:00,12_16,4.48,5.15,8.36,9.33
2024-01-04 16:00:00,16_20,15.48,18.68,3.81,4.32
2024-01-04 20:00:00,20_24,7.82,8.54,5.32,5.9
2024-01-05 00:00:00,00_04,4.15,4.9,16.43,17.65
2024-01-05 04:00:00,04_08,4.59,6.03,14.39,15.19
2024-01-05 08:00:00,08_12,6.83,7.83,5.51,6.29
2024-01-05 12:00:00,12_16,4.39,5.0,6.3,7.29
2024-01-05 16:00:00,16_20,13.62,15.09,3.05,3.55
2024-01-05 20:00:00,20_24,7.3,7.68,4.16,4.89
2024-01-06 00:00:00,00_04,4.01,4.22,14.13,15.64
2024-01-06 04:00:00,04_08,4.37,4.7,12.15,14.07
2024-01-06 08:00:00,08_12,6.31,6.67,4.95,5.71
2024-01-06 12:00:00,12_16,4.14,4.3,5.42,6.2
2024-01-06 16:00:00,16_20,11.86,12.78,2.86,3.18
2024-01-06 20:00:00,20_24,6.7,7.01,4.05,4.85
2024-01-07 00:00:00,00_04,3.73,3.95,13.22,14.09
2024-01-07 04:00:00,04_08,4.08,4.32,12.05,14.23
2024-01-07 08:00:00,08_12,5.69,5.98,4.86,5.91
2024-01-07 12:00:00,12_16,3.73,4.0,5.19,5.86
2024-01-07 16:00:00,16_20,10.56,11.1,2.62,2.91
2024-01-07 20:00:00,20_24,6.06,6.34,3.85,4.3
2024-01-08 00:00:00,00_04,3.56,3.98,10.77,12.18
2024-01-08 04:00:00,04_08,4.01,4.79,10.38,11.53
2024-01-08 08:00:00,08_12,5.47,6.65,4.24,4.57
2024-01-08 12:00:00,12_16,3.63,4.58,4.44,4.99
2024-01-08 16:00:00,16_20,10.67,13.29,2.21,2.53
2024-01-08 20:00:00,20_24,5.78,6.78,3.39,3.7
2024-01-09 00:00:00,00_04,3.47,3.69,9.06,9.7
2024-01-09 04:00:00,04_08,4.1,4.46,8.36,9.0
2024-01-09 08:00:00,08_12,6.1,7.92,3.56,3.89
2024-01-09 12:00:00,12_16,3.94,4.47,3.65,3.98
2024-01-09 16:00:00,16_20,13.23,18.87,1.92,2.14
2024-01-09 20:00:00,20_24,6.0,6.43,2.83,3.12
2024-01-10 00:00:00,00_04,3.29,3.54,7.33,7.85
2024-01-10 04:00:00,04_08,4.11,5.3,6.78,7.51
2024-01-10 08:00:00,08_12,15.25,75.89,3.04,3.97
2024-01-10 12:00:00,12_16,4.68,14.28,3.22,7.52
2024-01-10 16:00:00,16_20,15.45,18.98,1.63,1.9
2024-01-10 20:00:00,20_24,5.87,6.24,2.32,2.65
2024-01-11 00:00:00,00_04,3.16,3.47,6.09,6.8
2024-01-11 04:00:00,04_08,4.61,5.78,5.57,5.94
2024-01-11 08:00:00,08_12,17.57,22.83,2.98,3.3
2024-01-11 12:00:00,12_16,7.02,8.2,3.9,4.67
2024-01-11 16:00:00,16_20,16.14,17.43,1.48,1.7
2024-01-11 20:00:00,20_24,5.66,6.0,1.97,2.46
2024-01-12 00:00:00,00_04,3.04,3.21,5.21,5.51
2024-01-12 04:00:00,04_08,4.54,4.87,4.21,4.82
2024-01-12 08:00:00,08_12,12.08,16.38,2.55,2.73
2024-01-12 12:00:00,12_16,5.24,5.94,3.18,3.77
2024-01-12 16:00:00,16_20,14.63,15.41,1.25,1.47
2024-01-12 20:00:00,20_24,5.31,5.87,1.91,2.36
2024-01-13 00:00:00,00_04,2.84,3.68,5.3,7.14
2024-01-13 04:00:00,04_08,4.03,4.38,5.48,7.36
2024-01-13 08:00:00,08_12,9.22,9.95,3.51,5.76
2024-01-13 12:00:00,12_16,4.08,4.3,4.84,6.24
2024-01-13 16:00:00,16_20,11.37,11.87,2.33,3.5
2024-01-13 20:00:00,20_24,4.86,5.32,4.81,7.93
2024-01-14 00:00:00,00_04,2.74,3.13,9.44,13.97
2024-01-14 04:00:00,04_08,3.59,3.86,6.43,7.86
2024-01-14 08:00:00,08_12,6.94,8.05,4.29,4.88
2024-01-14 12:00:00,12_16,3.3,3.81,4.95,5.36
2024-01-14 16:00:00,16_20,9.7,10.44,2.41,2.73
2024-01-14 20:00:00,20_24,4.35,4.67,4.59,6.39
2024-01-15 00:00:00,00_04,2.59,3.0,11.01,18.57
2024-01-15 04:00:00,04_08,3.77,6.61,6.86,11.25
2024-01-15 08:00:00,08_12,7.15,9.24,3.53,4.01
2024-01-15 12:00:00,12_16,3.49,4.16,3.85,4.29
2024-01-15 16:00:00,16_20,10.46,14.1,1.92,2.24
2024-01-15 20:00:00,20_24,4.37,5.47,3.73,4.59
2024-01-16 00:00:00,00_04,2.61,3.05,8.21,10.04
2024-01-16 04:00:00,04_08,4.78,6.17,5.51,6.71
2024-01-16 08:00:00,08_12,8.44,12.0,2.74,3.18
2024-01-16 12:00:00,12_16,3.71,4.45,3.03,3.54
2024-01-16 16:00:00,16_20,12.04,15.16,1.6,1.79
2024-01-16 20:00:00,20_24,4.69,5.71,3.02,3.33
2024-01-17 00:00:00,00_04,2.58,2.88,7.11,8.98
2024-01-17 04:00:00,04_08,4.84,5.72,4.44,6.18
2024-01-17 08:00:00,08_12,8.89,11.04,2.27,2.5
2024-01-17 12:00:00,12_16,4.29,8.24,2.4,2.76
2024-01-17 16:00:00,16_20,17.5,48.58,1.26,1.45
2024-01-17 20:00:00,20_24,5.04,6.45,2.22,2.56
2024-01-18 00:00:00,00_04,2.51,2.78,6.36,6.94
2024-01-18 04:00:00,04_08,4.99,6.26,4.34,4.97
2024-01-18 08:00:00,08_12,9.05,9.91,1.8,2.01
2024-01-18 12:00:00,12_16,4.55,5.14,2.02,2.29
2024-01-18 16:00:00,16_20,17.61,19.8,1.12,1.56
2024-01-18 20:00:00,20_24,4.95,5.54,2.07,2.7
2024-01-19 00:00:00,00_04,2.43,2.59,5.88,6.7
2024-01-19 04:00:00,04_08,5.13,5.81,4.2,5.0
2024-01-19 08:00:00,08_12,8.23,8.89,1.9,2.94
2024-01-19 12:00:00,12_16,3.99,4.39,2.45,3.82
2024-01-19 16:00:00,16_20,12.81,15.05,1.39,1.87
2024-01-19 20:00:00,20_24,4.54,4.97,2.58,4.19
2024-01-20 00:00:00,00_04,2.44,4.0,6.39,7.64
2024-01-20 04:00:00,04_08,4.7,5.11,5.2,6.51
2024-01-20 08:00:00,08_12,7.21,7.74,3.2,4.9
2024-01-20 12:00:00,12_16,3.51,3.8,3.8,4.8
2024-01-20 16:00:00,16_20,11.42,12.62,1.64,2.41
2024-01-20 20:00:00,20_24,4.47,6.9,3.22,3.92
2024-01-21 00:00:00,00_04,3.53,6.9,6.76,7.5
2024-01-21 04:00:00,04_08,4.25,4.58,6.33,8.4
2024-01-21 08:00:00,08_12,6.2,6.81,5.03,8.27
2024-01-21 12:00:00,12_16,3.07,3.38,8.16,14.07
2024-01-21 16:00:00,16_20,9.81,10.79,2.76,3.96
2024-01-21 20:00:00,20_24,4.57,5.53,4.68,7.59
2024-01-22 00:00:00,00_04,3.56,4.56,18.38,34.61
2024-01-22 04:00:00,04_08,4.17,5.02,13.77,25.28
2024-01-22 08:00:00,08_12,6.4,7.26,4.88,5.99
2024-01-22 12:00:00,12_16,3.28,3.97,6.74,8.36
2024-01-22 16:00:00,16_20,10.08,11.92,2.5,3.05
2024-01-22 20:00:00,20_24,4.53,5.16,4.81,5.86
2024-01-23 00:00:00,00_04,3.39,3.99,17.91,24.98
2024-01-23 04:00:00,04_08,4.29,4.97,13.18,17.75
2024-01-23 08:00:00,08_12,6.5,7.31,4.2,4.77
2024-01-23 12:00:00,12_16,3.43,3.94,5.02,5.91
2024-01-23 16:00:00,16_20,10.17,11.25,2.12,2.39
2024-01-23 20:00:00,20_24,4.6,5.57,4.41,5.34
2024-01-24 00:00:00,00_04,3.21,3.5,25.59,37.96
2024-01-24 04:00:00,04_08,4.13,4.43,17.91,25.75
2024-01-24 08:00:00,08_12,6.35,6.78,3.89,4.74
2024-01-24 12:00:00,12_16,3.26,3.63,5.12,6.88
2024-01-24 16:00:00,16_20,9.57,9.98,1.97,2.38
2024-01-24 20:00:00,20_24,4.49,4.91,4.22,5.68
2024-01-25 00:00:00,00_04,3.02,3.5,22.0,25.89
2024-01-25 04:00:00,04_08,4.11,4.72,13.47,16.76
2024-01-25 08:00:00,08_12,8.65,14.0,3.8,6.0
2024-01-25 12:00:00,12_16,5.08,8.85,4.41,6.4
2024-01-25 16:00:00,16_20,16.62,22.54,1.65,1.88
2024-01-25 20:00:00,20_24,6.47,8.93,3.4,3.94
2024-01-26 00:00:00,00_04,2.89,3.17,13.33,16.05
2024-01-26 04:00:00,04_08,4.11,4.6,9.4,11.05
2024-01-26 08:00:00,08_12,7.51,8.16,3.87,4.5
2024-01-26 12:00:00,12_16,4.17,4.73,5.09,6.94
2024-01-26 16:00:00,16_20,11.25,13.16,1.67,2.5
2024-01-26 20:00:00,20_24,4.94,5.75,3.92,5.13
2024-01-27 00:00:00,00_04,2.93,3.52,12.29,15.4
2024-01-27 04:00:00,04_08,3.79,4.11,8.32,10.4
2024-01-27 08:00:00,08_12,6.34,6.72,3.72,4.47
2024-01-27 12:00:00,12_16,3.38,3.81,5.07,5.89
2024-01-27 16:00:00,16_20,10.71,13.24,1.66,2.01
2024-01-27 20:00:00,20_24,5.56,6.92,3.5,4.08
2024-01-28 00:00:00,00_04,3.35,4.4,9.9,11.2
2024-01-28 04:00:00,04_08,3.53,3.95,6.77,7.74
2024-01-28 08:00:00,08_12,5.64,6.12,3.99,6.35
2024-01-28 12:00:00,12_16,3.04,3.42,8.27,13.54
2024-01-28 16:00:00,16_20,10.11,10.77,2.19,3.04
2024-01-28 20:00:00,20_24,5.1,5.68,3.59,4.07
2024-01-29 00:00:00,00_04,3.47,3.98,10.71,15.54
2024-01-29 04:00:00,04_08,3.86,4.32,7.18,11.74
2024-01-29 08:00:00,08_12,6.25,6.9,3.59,4.11
2024-01-29 12:00:00,12_16,3.43,3.85,6.02,7.5
2024-01-29 16:00:00,16_20,15.18,23.43,1.86,2.13
2024-01-29 20:00:00,20_24,5.67,6.87,3.0,3.55
2024-01-30 00:00:00,00_04,3.43,3.9,8.83,10.0
2024-01-30 04:00:00,04_08,4.02,4.94,5.96,7.04
2024-01-30 08:00:00,08_12,6.1,7.21,3.03,3.52
2024-01-30 12:00:00,12_16,3.31,4.21,5.19,5.9
2024-01-30 16:00:00,16_20,11.53,14.61,1.65,1.9
2024-01-30 20:00:00,20_24,5.2,5.78,2.77,2.98
2024-01-31 00:00:00,00_04,3.36,3.65,7.53,8.19
2024-01-31 04:00:00,04_08,4.29,5.15,5.04,5.73
2024-01-31 08:00:00,08_12,7.51,9.21,2.64,2.95
2024-01-31 12:00:00,12_16,3.49,3.99,4.62,5.5
2024-01-31 16:00:00,16_20,10.36,11.3,1.5,1.82
2024-01-31 20:00:00,20_24,4.83,5.45,3.14,4.78
2024-02-01 00:00:00,00_04,3.09,3.35,12.67,22.52
2024-02-01 04:00:00,04_08,4.15,4.7,8.2,13.36
2024-02-01 08:00:00,08_12,6.93,7.38,2.65,3.11
2024-02-01 12:00:00,12_16,3.39,3.74,4.73,5.31
2024-02-01 16:00:00,16_20,10.31,11.92,1.46,1.72
2024-02-01 20:00:00,20_24,5.04,5.77,2.97,3.45
2024-02-02 00:00:00,00_04,2.88,3.1,10.12,12.28
2024-02-02 04:00:00,04_08,4.14,4.48,7.66,9.34
2024-02-02 08:00:00,08_12,7.11,8.84,2.75,4.13
2024-02-02 12:00:00,12_16,3.23,3.54,4.47,5.2
2024-02-02 16:00:00,16_20,9.29,9.8,1.61,2.15
2024-02-02 20:00:00,20_24,4.33,5.04,4.19,5.82
2024-02-03 00:00:00,00_04,2.76,3.17,18.11,24.96
2024-02-03 04:00:00,04_08,3.74,4.22,15.38,21.7
2024-02-03 08:00:00,08_12,6.07,6.69,5.06,8.81
2024-02-03 12:00:00,12_16,2.82,3.07,7.55,10.47
2024-02-03 16:00:00,16_20,8.85,9.85,2.32,4.0
2024-02-03 20:00:00,20_24,4.19,5.25,4.86,5.5
2024-02-04 00:00:00,00_04,2.68,4.86,19.03,22.5
2024-02-04 04:00:00,04_08,3.48,4.05,18.54,23.64
2024-02-04 08:00:00,08_12,5.34,5.91,7.99,12.1
2024-02-04 12:00:00,12_16,2.51,2.91,12.54,17.8
2024-02-04 16:00:00,16_20,7.98,9.1,5.01,11.38
2024-02-04 20:00:00,20_24,4.0,4.42,5.69,8.75
2024-02-05 00:00:00,00_04,2.85,3.4,19.95,25.55
2024-02-05 04:00:00,04_08,3.85,4.34,16.9,21.34
2024-02-05 08:00:00,08_12,6.13,6.9,6.47,7.95
2024-02-05 12:00:00,12_16,2.76,3.18,9.06,11.73
2024-02-05 16:00:00,16_20,8.99,10.39,3.56,5.0
2024-02-05 20:00:00,20_24,3.97,4.6,4.8,5.8
2024-02-06 00:00:00,00_04,2.8,3.16,18.79,23.3
2024-02-06 04:00:00,04_08,3.74,4.0,16.04,18.83
2024-02-06 08:00:00,08_12,5.95,6.86,5.66,6.15
2024-02-06 12:00:00,12_16,2.8,3.12,7.93,10.13
2024-02-06 16:00:00,16_20,8.82,9.36,3.36,3.78
2024-02-06 20:00:00,20_24,3.95,4.24,4.3,4.71
2024-02-07 00:00:00,00_04,2.73,2.96,18.54,22.46
2024-02-07 04:00:00,04_08,3.72,4.15,13.63,15.0
2024-02-07 08:00:00,08_12,6.1,7.16,3.97,4.49
2024-02-07 12:00:00,12_16,3.63,7.11,5.65,6.54
2024-02-07 16:00:00,16_20,14.93,21.38,2.1,2.79
2024-02-07 20:00:00,20_24,4.92,7.2,3.04,3.72
2024-02-08 00:00:00,00_04,2.83,3.44,11.47,13.25
2024-02-08 04:00:00,04_08,4.15,5.22,7.84,9.46
2024-02-08 08:00:00,08_12,8.38,12.88,2.83,3.22
2024-02-08 12:00:00,12_16,4.74,6.8,4.1,4.86
2024-02-08 16:00:00,16_20,12.77,14.86,1.84,2.15
2024-02-08 20:00:00,20_24,4.77,5.45,2.8,3.18
2024-02-09 00:00:00,00_04,2.72,2.9,9.94,11.45
2024-02-09 04:00:00,04_08,3.81,4.08,7.53,8.68
2024-02-09 08:00:00,08_12,6.92,7.44,2.66,2.99
2024-02-09 12:00:00,12_16,4.18,4.98,3.84,4.6
2024-02-09 16:00:00,16_20,10.42,11.1,1.61,1.85
2024-02-09 20:00:00,20_24,4.04,4.61,2.4,2.75
2024-02-10 00:00:00,00_04,2.49,2.83,8.29,9.38
2024-02-10 04:00:00,04_08,3.46,3.69,6.19,6.89
2024-02-10 08:00:00,08_12,6.1,6.4,2.47,2.7
2024-02-10 12:00:00,12_16,3.36,3.74,3.52,3.84
2024-02-10 16:00:00,16_20,8.91,9.29,1.53,1.71
2024-02-10 20:00:00,20_24,3.78,3.99,2.25,2.56
2024-02-11 00:00:00,00_04,2.41,2.73,8.68,10.29
2024-02-11 04:00:00,04_08,3.13,3.35,8.52,10.97
2024-02-11 08:00:00,08_12,5.45,5.7,3.12,4.37
2024-02-11 12:00:00,12_16,2.93,3.16,3.64,4.73
2024-02-11 16:00:00,16_20,7.93,8.4,1.59,2.13
2024-02-11 20:00:00,20_24,3.48,3.64,2.16,2.49
2024-02-12 00:00:00,00_04,2.4,2.8,7.82,8.65
2024-02-12 04:00:00,04_08,3.36,3.87,6.8,7.46
2024-02-12 08:00:00,08_12,5.97,6.35,2.64,2.99
2024-02-12 12:00:00,12_16,2.96,3.2,3.44,3.83
2024-02-12 16:00:00,16_20,8.37,9.23,1.51,1.7
2024-02-12 20:00:00,20_24,3.46,3.79,1.98,2.27
2024-02-13 00:00:00,00_04,2.34,2.52,6.67,7.7
2024-02-13 04:00:00,04_08,3.32,3.6,5.87,6.51
2024-02-13 08:00:00,08_12,5.62,6.12,2.19,2.52
2024-02-13 12:00:00,12_16,2.81,3.11,3.02,3.46
2024-02-13 16:00:00,16_20,8.98,11.48,1.19,1.4
2024-02-13 20:00:00,20_24,3.3,3.72,1.82,2.04
2024-02-14 00:00:00,00_04,2.16,2.35,5.94,6.23
2024-02-14 04:00:00,04_08,3.04,3.27,5.14,5.4
2024-02-14 08:00:00,08_12,5.38,5.61,1.93,2.2
2024-02-14 12:00:00,12_16,2.7,2.88,2.68,2.99
2024-02-14 16:00:00,16_20,8.44,9.04,1.03,1.18
2024-02-14 20:00:00,20_24,3.11,3.29,1.66,1.88
2024-02-15 00:00:00,00_04,2.02,2.33,5.28,5.72
2024-02-15 04:00:00,04_08,2.95,3.42,4.22,4.66
2024-02-15 08:00:00,08_12,5.24,5.88,1.58,1.91
2024-02-15 12:00:00,12_16,2.61,2.79,2.21,2.57
2024-02-15 16:00:00,16_20,9.38,13.54,0.85,1.09
2024-02-15 20:00:00,20_24,2.91,3.12,1.42,1.69
2024-02-16 00:00:00,00_04,1.96,2.11,4.71,5.04
2024-02-16 04:00:00,04_08,2.96,3.14,3.79,4.03
2024-02-16 08:00:00,08_12,5.03,5.2,1.96,11.7
2024-02-16 12:00:00,12_16,2.44,2.65,6.33,59.86
2024-02-16 16:00:00,16_20,8.46,9.24,0.89,1.15
2024-02-16 20:00:00,20_24,2.74,2.96,1.3,1.58
2024-02-17 00:00:00,00_04,1.86,2.19,4.28,4.8
2024-02-17 04:00:00,04_08,2.81,3.01,3.4,4.15
2024-02-17 08:00:00,08_12,4.6,4.83,3.1,5.2
2024-02-17 12:00:00,12_16,2.24,2.41,5.93,10.0
2024-02-17 16:00:00,16_20,9.67,11.82,0.89,1.2
2024-02-17 20:00:00,20_24,3.25,4.82,1.15,1.34
2024-02-18 00:00:00,00_04,2.15,3.61,4.0,4.3
2024-02-18 04:00:00,04_08,2.61,2.82,3.48,3.81
2024-02-18 08:00:00,08_12,4.08,4.38,4.18,6.19
2024-02-18 12:00:00,12_16,2.03,2.37,9.1,13.56
2024-02-18 16:00:00,16_20,8.61,9.2,1.16,1.52
2024-02-18 20:00:00,20_24,3.37,3.88,1.41,2.36
2024-02-19 00:00:00,00_04,2.31,3.07,5.48,9.95
2024-02-19 04:00:00,04_08,3.06,3.73,3.89,7.06
2024-02-19 08:00:00,08_12,4.9,6.02,3.51,4.09
2024-02-19 12:00:00,12_16,2.62,2.99,6.37,8.11
2024-02-19 16:00:00,16_20,9.79,11.08,1.1,1.38
2024-02-19 20:00:00,20_24,3.62,4.27,1.4,1.87
2024-02-20 00:00:00,00_04,2.43,2.89,4.95,5.97
2024-02-20 04:00:00,04_08,3.13,3.69,3.72,4.65
2024-02-20 08:00:00,08_12,5.41,7.12,2.85,3.39
2024-02-20 12:00:00,12_16,2.57,3.15,5.26,6.19
2024-02-20 16:00:00,16_20,9.3,9.89,1.05,1.25
2024-02-20 20:00:00,20_24,3.54,3.92,1.42,1.81
2024-02-21 00:00:00,00_04,2.25,2.5,5.77,7.46
2024-02-21 04:00:00,04_08,3.13,3.89,4.08,4.87
2024-02-21 08:00:00,08_12,5.41,6.47,2.58,2.97
2024-02-21 12:00:00,12_16,11.99,94.89,4.86,6.5
2024-02-21 16:00:00,16_20,8.6,9.11,1.02,1.29
2024-02-21 20:00:00,20_24,3.34,3.78,1.53,2.32
2024-02-22 00:00:00,00_04,2.15,2.4,8.28,12.26
2024-02-22 04:00:00,04_08,3.27,3.92,4.67,5.94
2024-02-22 08:00:00,08_12,5.48,6.56,2.68,3.68
2024-02-22 12:00:00,12_16,7.81,11.38,5.19,6.45
2024-02-22 16:00:00,16_20,7.78,8.29,2.79,7.96
2024-02-22 20:00:00,20_24,3.14,3.51,5.07,12.7
2024-02-23 00:00:00,00_04,1.97,2.2,20.81,35.02
2024-02-23 04:00:00,04_08,3.16,3.64,11.59,15.0
2024-02-23 08:00:00,08_12,5.37,6.35,4.76,6.5
2024-02-23 12:00:00,12_16,5.18,6.4,7.56,10.28
2024-02-23 16:00:00,16_20,9.91,21.3,2.7,3.59
2024-02-23 20:00:00,20_24,6.25,29.08,3.57,4.3
2024-02-24 00:00:00,00_04,2.1,3.17,10.52,12.22
2024-02-24 04:00:00,04_08,3.1,3.4,6.32,7.63
2024-02-24 08:00:00,08_12,5.21,5.73,4.13,5.16
2024-02-24 12:00:00,12_16,3.89,4.78,10.07,19.03
2024-02-24 16:00:00,16_20,10.67,12.56,2.67,3.43
2024-02-24 20:00:00,20_24,7.15,8.73,3.19,3.83
2024-02-25 00:00:00,00_04,2.3,2.62,7.5,10.21
2024-02-25 04:00:00,04_08,2.82,3.02,5.06,6.59
2024-02-25 08:00:00,08_12,4.77,5.01,4.4,5.81
2024-02-25 12:00:00,12_16,3.19,3.6,9.71,12.5
2024-02-25 16:00:00,16_20,9.0,9.81,2.56,2.9
2024-02-25 20:00:00,20_24,5.32,6.31,2.78,3.17
2024-02-26 00:00:00,00_04,2.28,2.67,6.99,8.08
2024-02-26 04:00:00,04_08,2.8,3.41,4.38,5.21
2024-02-26 08:00:00,08_12,4.8,5.42,3.56,4.15
2024-02-26 12:00:00,12_16,3.1,3.46,6.78,8.28
2024-02-26 16:00:00,16_20,8.66,9.64,2.14,2.42
2024-02-26 20:00:00,20_24,4.67,5.73,2.26,2.51
2024-02-27 00:00:00,00_04,2.21,2.68,5.87,6.49
2024-02-27 04:00:00,04_08,2.87,3.25,3.76,4.17
2024-02-27 08:00:00,08_12,4.87,5.37,2.8,3.13
2024-02-27 12:00:00,12_16,3.09,3.5,5.11,5.56
2024-02-27 16:00:00,16_20,12.92,22.39,1.64,1.87
2024-02-27 20:00:00,20_24,4.98,5.37,1.76,1.96
2024-02-28 00:00:00,00_04,3.35,22.46,4.73,5.4
2024-02-28 04:00:00,04_08,3.22,6.29,3.14,3.52
2024-02-28 08:00:00,08_12,5.65,11.22,2.3,2.7
2024-02-28 12:00:00,12_16,3.06,3.46,4.15,4.79
2024-02-28 16:00:00,16_20,14.36,17.6,1.25,1.62
2024-02-28 20:00:00,20_24,4.66,5.36,1.61,2.08
2024-02-29 00:00:00,00_04,4.75,7.21,4.87,6.04
2024-02-29 04:00:00,04_08,3.7,5.0,3.41,4.38
2024-02-29 08:00:00,08_12,5.48,6.86,2.69,4.29
2024-02-29 12:00:00,12_16,2.97,3.91,5.13,8.65
2024-02-29 16:00:00,16_20,11.28,12.99,1.39,1.75
2024-02-29 20:00:00,20_24,4.38,4.9,1.77,2.44
2024-03-01 00:00:00,00_04,3.79,4.37,4.63,5.05
2024-03-01 04:00:00,04_08,3.57,4.29,3.14,3.47
2024-03-01 08:00:00,08_12,5.19,5.64,2.6,2.89
2024-03-01 12:00:00,12_16,3.12,3.53,4.57,5.08
2024-03-01 16:00:00,16_20,10.29,11.05,1.24,1.43
2024-03-01 20:00:00,20_24,4.27,4.74,1.75,2.01
2024-03-02 00:00:00,00_04,3.38,3.9,4.33,4.7
2024-03-02 04:00:00,04_08,3.31,3.56,3.21,3.87
2024-03-02 08:00:00,08_12,4.66,4.96,2.96,4.05
2024-03-02 12:00:00,12_16,2.81,3.16,5.51,7.23
2024-03-02 16:00:00,16_20,9.52,9.95,1.24,1.66
2024-03-02 20:00:00,20_24,4.05,4.43,1.81,2.05
2024-03-03 00:00:00,00_04,3.14,3.54,4.13,4.43
2024-03-03 04:00:00,04_08,2.91,3.09,3.61,4.79
2024-03-03 08:00:00,08_12,4.1,4.42,4.63,7.9
2024-03-03 12:00:00,12_16,2.47,2.77,9.94,18.87
2024-03-03 16:00:00,16_20,8.56,8.91,1.46,2.2
2024-03-03 20:00:00,20_24,3.83,4.17,1.75,2.25
2024-03-04 00:00:00,00_04,3.11,3.48,3.72,4.8
2024-03-04 04:00:00,04_08,3.28,4.24,3.09,3.48
2024-03-04 08:00:00,08_12,4.98,5.67,3.12,3.85
2024-03-04 12:00:00,12_16,2.74,3.45,6.45,7.71
2024-03-04 16:00:00,16_20,9.77,12.3,1.28,1.58
2024-03-04 20:00:00,20_24,4.32,4.94,1.59,1.75
2024-03-05 00:00:00,00_04,2.9,3.11,3.84,4.37
2024-03-05 04:00:00,04_08,3.28,3.8,2.93,3.17
2024-03-05 08:00:00,08_12,4.8,5.3,2.79,3.07
2024-03-05 12:00:00,12_16,2.89,3.09,4.94,5.87
2024-03-05 16:00:00,16_20,9.87,11.86,1.13,1.36
2024-03-05 20:00:00,20_24,4.29,4.6,1.26,1.46
2024-03-06 00:00:00,00_04,2.86,3.24,3.38,3.72
2024-03-06 04:00:00,04_08,3.74,4.59,2.5,2.84
2024-03-06 08:00:00,08_12,5.62,7.19,2.28,2.65
2024-03-06 12:00:00,12_16,2.83,3.13,4.17,4.59
2024-03-06 16:00:00,16_20,11.38,13.63,0.98,1.18
2024-03-06 20:00:00,20_24,4.17,4.54,1.09,1.34
2024-03-07 00:00:00,00_04,2.82,3.09,2.98,3.18
2024-03-07 04:00:00,04_08,3.74,4.16,2.34,2.54
2024-03-07 08:00:00,08_12,5.4,6.75,2.21,2.64
2024-03-07 12:00:00,12_16,7.55,36.85,4.6,6.67
2024-03-07 16:00:00,16_20,9.87,10.51,1.18,1.85
2024-03-07 20:00:00,20_24,3.9,4.14,1.3,1.68
2024-03-08 00:00:00,00_04,2.7,3.05,2.94,3.44
2024-03-08 04:00:00,04_08,3.5,3.86,2.35,2.8
2024-03-08 08:00:00,08_12,5.08,7.86,3.02,4.55
2024-03-08 12:00:00,12_16,7.6,8.78,10.11,16.39
2024-03-08 16:00:00,16_20,8.84,9.19,2.13,3.37
2024-03-08 20:00:00,20_24,3.68,4.05,1.85,2.82
2024-03-09 00:00:00,00_04,2.82,4.62,3.82,4.9
2024-03-09 04:00:00,04_08,3.2,3.53,3.14,4.5
2024-03-09 08:00:00,08_12,4.91,7.82,7.03,9.27
2024-03-09 12:00:00,12_16,4.75,5.78,18.64,27.0
2024-03-09 16:00:00,16_20,7.81,8.54,3.4,5.23
2024-03-09 20:00:00,20_24,3.54,3.87,2.51,3.14
2024-03-10 00:00:00,00_04,3.66,7.58,4.58,5.89
2024-03-10 04:00:00,04_08,3.59,5.0,4.54,7.2
2024-03-10 08:00:00,08_12,6.0,10.21,8.71,12.63
2024-03-10 12:00:00,12_16,4.08,5.0,21.91,31.61
2024-03-10 16:00:00,16_20,6.93,7.27,4.52,7.29
2024-03-10 20:00:00,20_24,3.19,3.46,2.54,3.74
2024-03-11 00:00:00,00_04,3.85,4.54,4.05,4.58
2024-03-11 04:00:00,04_08,4.01,4.74,3.7,4.5
2024-03-11 08:00:00,08_12,6.5,7.35,5.71,6.78
2024-03-11 12:00:00,12_16,4.31,4.96,11.52,14.14
2024-03-11 16:00:00,16_20,8.22,10.0,3.23,3.84
2024-03-11 20:00:00,20_24,3.85,4.4,2.16,2.56
2024-03-12 00:00:00,00_04,3.54,3.88,3.33,3.87
2024-03-12 04:00:00,04_08,3.99,4.34,2.94,3.41
2024-03-12 08:00:00,08_12,6.17,6.57,4.07,4.57
2024-03-12 12:00:00,12_16,4.2,4.57,7.16,8.43
2024-03-12 16:00:00,16_20,11.49,13.92,2.12,2.54
2024-03-12 20:00:00,20_24,4.03,4.63,1.62,1.93
2024-03-13 00:00:00,00_04,3.24,3.48,2.8,3.09
2024-03-13 04:00:00,04_08,3.67,4.07,2.5,2.76
2024-03-13 08:00:00,08_12,5.72,6.07,3.22,3.61
2024-03-13 12:00:00,12_16,3.83,4.05,5.61,6.44
2024-03-13 16:00:00,16_20,9.84,11.53,1.83,2.01
2024-03-13 20:00:00,20_24,3.86,4.16,1.53,1.8
2024-03-14 00:00:00,00_04,3.01,3.24,2.63,2.84
2024-03-14 04:00:00,04_08,3.52,3.73,2.3,2.58
2024-03-14 08:00:00,08_12,5.28,5.55,2.8,3.16
2024-03-14 12:00:00,12_16,3.45,3.78,6.5,8.19
2024-03-14 16:00:00,16_20,9.35,9.87,1.66,1.8
2024-03-14 20:00:00,20_24,3.64,4.32,1.53,1.84
2024-03-15 00:00:00,00_04,2.8,2.97,3.5,5.57
2024-03-15 04:00:00,04_08,3.32,3.55,2.9,3.93
2024-03-15 08:00:00,08_12,4.85,5.22,2.73,3.16
2024-03-15 12:00:00,12_16,3.16,3.46,8.95,13.4
2024-03-15 16:00:00,16_20,8.93,9.83,1.58,1.85
2024-03-15 20:00:00,20_24,3.7,5.31,1.51,1.84
2024-03-16 00:00:00,00_04,3.12,3.96,5.63,8.36
2024-03-16 04:00:00,04_08,3.13,3.3,4.99,6.95
2024-03-16 08:00:00,08_12,4.67,4.91,6.58,9.5
2024-03-16 12:00:00,12_16,2.87,3.06,20.85,33.25
2024-03-16 16:00:00,16_20,8.31,9.5,3.23,4.41
2024-03-16 20:00:00,20_24,4.35,6.8,1.76,2.53
2024-03-17 00:00:00,00_04,3.09,3.54,4.63,5.23
2024-03-17 04:00:00,04_08,2.92,3.18,4.12,4.79
2024-03-17 08:00:00,08_12,4.45,5.39,5.69,6.9
2024-03-17 12:00:00,12_16,2.64,2.91,16.34,20.2
2024-03-17 16:00:00,16_20,8.02,8.68,2.91,3.25
2024-03-17 20:00:00,20_24,4.33,4.91,1.74,2.03
2024-03-18 00:00:00,00_04,3.0,3.29,4.15,6.9
2024-03-18 04:00:00,04_08,3.18,3.7,3.38,4.01
2024-03-18 08:00:00,08_12,4.99,5.61,3.92,4.8
2024-03-18 12:00:00,12_16,2.68,2.89,8.96,10.47
2024-03-18 16:00:00,16_20,15.88,26.42,2.07,2.31
2024-03-18 20:00:00,20_24,4.81,6.12,1.36,1.59
2024-03-19 00:00:00,00_04,2.84,3.04,3.81,4.42
2024-03-19 04:00:00,04_08,3.93,5.76,2.94,3.5
2024-03-19 08:00:00,08_12,5.0,7.1,3.64,5.58
2024-03-19 12:00:00,12_16,2.54,2.86,8.07,8.91
2024-03-19 16:00:00,16_20,20.32,26.93,1.72,1.9
2024-03-19 20:00:00,20_24,5.12,6.29,1.22,1.46
2024-03-20 00:00:00,00_04,2.79,3.21,3.08,3.55
2024-03-20 04:00:00,04_08,4.91,6.72,2.56,2.78
2024-03-20 08:00:00,08_12,6.35,10.5,3.83,4.35
2024-03-20 12:00:00,12_16,2.6,2.84,6.97,7.72
2024-03-20 16:00:00,16_20,23.9,31.57,1.4,1.58
2024-03-20 20:00:00,20_24,6.43,8.27,1.07,1.25
2024-03-21 00:00:00,00_04,2.85,3.23,2.71,2.86
2024-03-21 04:00:00,04_08,5.23,5.88,2.2,2.46
2024-03-21 08:00:00,08_12,6.76,8.3,3.3,3.78
2024-03-21 12:00:00,12_16,2.55,2.8,6.04,6.45
2024-03-21 16:00:00,16_20,19.98,23.14,1.21,1.31
2024-03-21 20:00:00,20_24,5.96,6.84,1.03,1.23
2024-03-22 00:00:00,00_04,2.78,3.1,2.77,3.4
2024-03-22 04:00:00,04_08,4.57,5.0,2.48,3.28
2024-03-22 08:00:00,08_12,26.68,135.52,4.32,8.0
2024-03-22 12:00:00,12_16,3.07,7.79,8.49,12.71
2024-03-22 16:00:00,16_20,16.85,19.95,1.17,1.67
2024-03-22 20:00:00,20_24,5.6,6.64,1.2,2.2
2024-03-23 00:00:00,00_04,4.6,8.21,3.43,4.13
2024-03-23 04:00:00,04_08,4.83,7.69,3.25,3.9
2024-03-23 08:00:00,08_12,13.37,19.21,9.74,13.24
2024-03-23 12:00:00,12_16,3.62,4.64,27.23,38.0
2024-03-23 16:00:00,16_20,14.0,16.05,5.46,9.17
2024-03-23 20:00:00,20_24,5.7,8.3,3.09,4.28
2024-03-24 00:00:00,00_04,5.25,6.66,6.83,11.76
2024-03-24 04:00:00,04_08,5.09,6.32,7.08,11.08
2024-03-24 08:00:00,08_12,10.08,11.73,14.86,21.16
2024-03-24 12:00:00,12_16,3.51,4.18,30.75,36.96
2024-03-24 16:00:00,16_20,11.39,12.54,6.82,10.26
2024-03-24 20:00:00,20_24,5.35,5.99,3.12,3.6
2024-03-25 00:00:00,00_04,4.52,4.97,5.44,6.66
2024-03-25 04:00:00,04_08,5.04,5.82,5.15,5.92
2024-03-25 08:00:00,08_12,9.09,10.25,8.25,10.05
2024-03-25 12:00:00,12_16,3.52,3.97,14.31,16.97
2024-03-25 16:00:00,16_20,22.22,28.31,4.11,5.2
2024-03-25 20:00:00,20_24,7.54,13.13,2.12,2.59
2024-03-26 00:00:00,00_04,4.05,4.47,4.3,4.88
2024-03-26 04:00:00,04_08,4.8,5.16,4.08,4.44
2024-03-26 08:00:00,08_12,8.08,8.8,7.09,8.41
2024-03-26 12:00:00,12_16,3.28,3.55,18.34,32.48
2024-03-26 16:00:00,16_20,16.66,18.23,3.49,4.27
2024-03-26 20:00:00,20_24,7.23,8.15,1.91,2.24
2024-03-27 00:00:00,00_04,3.74,4.0,3.96,4.26
2024-03-27 04:00:00,04_08,4.53,4.98,3.51,3.8
2024-03-27 08:00:00,08_12,7.62,8.18,5.86,6.4
2024-03-27 12:00:00,12_16,3.07,3.41,13.55,16.12
2024-03-27 16:00:00,16_20,19.15,23.39,2.91,3.22
2024-03-27 20:00:00,20_24,6.69,8.28,1.64,1.85
2024-03-28 00:00:00,00_04,3.94,7.09,3.57,3.81
2024-03-28 04:00:00,04_08,4.27,4.56,3.16,3.43
2024-03-28 08:00:00,08_12,7.05,7.71,5.25,5.7
2024-03-28 12:00:00,12_16,2.98,3.27,21.68,27.8
2024-03-28 16:00:00,16_20,15.67,17.06,4.56,7.28
2024-03-28 20:00:00,20_24,7.03,11.21,2.41,4.2
2024-03-29 00:00:00,00_04,4.33,5.56,8.7,14.47
2024-03-29 04:00:00,04_08,3.93,4.29,7.35,12.09
2024-03-29 08:00:00,08_12,6.47,7.61,11.26,17.64
2024-03-29 12:00:00,12_16,2.87,3.93,24.31,29.75
2024-03-29 16:00:00,16_20,13.88,14.97,5.2,6.8
2024-03-29 20:00:00,20_24,7.49,9.2,2.43,3.25
2024-03-30 00:00:00,00_04,5.52,9.25,6.36,7.65
2024-03-30 04:00:00,04_08,4.97,9.36,5.74,7.12
2024-03-30 08:00:00,08_12,6.41,8.29,12.42,16.43
2024-03-30 12:00:00,12_16,2.94,3.92,24.34,35.45
2024-03-30 16:00:00,16_20,12.76,14.34,5.78,7.33
2024-03-30 20:00:00,20_24,7.84,8.93,2.97,3.86
2024-03-31 00:00:00,00_04,7.08,8.94,6.11,7.09
2024-03-31 04:00:00,04_08,6.84,8.41,5.5,6.6
2024-03-31 08:00:00,08_12,6.86,8.21,13.17,15.44
2024-03-31 12:00:00,12_16,3.32,4.03,29.38,41.1
2024-03-31 16:00:00,16_20,12.09,12.95,6.31,8.41
2024-03-31 20:00:00,20_24,8.45,10.62,2.82,3.14
2024-04-01 00:00:00,00_04,6.79,7.52,5.89,6.45
2024-04-01 04:00:00,04_08,6.48,7.0,5.19,5.92
2024-04-01 08:00:00,08_12,6.75,7.66,11.89,13.4
2024-04-01 12:00:00,12_16,3.29,3.83,32.2,40.88
2024-04-01 16:00:00,16_20,11.26,12.12,7.98,10.44
2024-04-01 20:00:00,20_24,7.94,8.32,3.05,3.73
2024-04-02 00:00:00,00_04,6.02,6.64,6.01,8.04
2024-04-02 04:00:00,04_08,5.83,6.71,5.5,7.04
2024-04-02 08:00:00,08_12,6.67,8.54,12.25,15.0
2024-04-02 12:00:00,12_16,3.31,3.94,32.58,40.76
2024-04-02 16:00:00,16_20,10.53,11.79,7.29,9.4
2024-04-02 20:00:00,20_24,7.53,8.15,2.79,3.27
2024-04-03 00:00:00,00_04,5.46,6.17,5.14,5.95
2024-04-03 04:00:00,04_08,6.27,7.42,4.58,5.15
2024-04-03 08:00:00,08_12,7.64,8.76,7.89,8.9
2024-04-03 12:00:00,12_16,3.5,3.85,16.93,19.39
2024-04-03 16:00:00,16_20,10.76,12.58,4.98,5.7
2024-04-03 20:00:00,20_24,7.43,9.27,2.61,3.01
2024-04-04 00:00:00,00_04,5.08,5.45,5.28,6.0
2024-04-04 04:00:00,04_08,5.64,6.43,4.26,5.01
2024-04-04 08:00:00,08_12,7.19,7.9,6.62,8.0
2024-04-04 12:00:00,12_16,3.33,3.68,15.67,20.64
2024-04-04 16:00:00,16_20,9.99,10.55,4.57,5.7
2024-04-04 20:00:00,20_24,7.33,7.88,2.58,2.94
2024-04-05 00:00:00,00_04,4.73,5.03,4.73,5.4
2024-04-05 04:00:00,04_08,5.53,5.91,3.7,4.08
2024-04-05 08:00:00,08_12,6.98,7.42,6.37,7.03
2024-04-05 12:00:00,12_16,3.27,3.73,22.7,29.03
2024-04-05 16:00:00,16_20,9.09,9.77,6.23,8.32
2024-04-05 20:00:00,20_24,6.68,7.09,2.55,2.84
2024-04-06 00:00:00,00_04,4.55,5.12,5.14,5.79
2024-04-06 04:00:00,04_08,5.38,6.02,3.82,4.56
2024-04-06 08:00:00,08_12,6.5,7.08,8.05,9.69
2024-04-06 12:00:00,12_16,2.88,3.13,29.7,34.7
2024-04-06 16:00:00,16_20,8.5,9.26,7.95,13.47
2024-04-06 20:00:00,20_24,6.43,7.17,2.5,2.7
2024-04-07 00:00:00,00_04,4.5,5.22,6.94,9.28
2024-04-07 04:00:00,04_08,5.21,5.78,6.04,8.73
2024-04-07 08:00:00,08_12,5.97,6.38,12.56,15.2
2024-04-07 12:00:00,12_16,2.45,2.64,33.6,46.12
2024-04-07 16:00:00,16_20,8.19,8.77,9.36,13.14
2024-04-07 20:00:00,20_24,6.28,6.66,2.28,2.54
2024-04-08 00:00:00,00_04,4.62,5.09,5.51,6.23
2024-04-08 04:00:00,04_08,6.08,7.6,4.39,5.33
2024-04-08 08:00:00,08_12,6.76,8.66,8.17,9.76
2024-04-08 12:00:00,12_16,2.92,3.4,19.75,25.21
2024-04-08 16:00:00,16_20,10.11,12.39,6.17,7.61
2024-04-08 20:00:00,20_24,6.87,7.44,2.1,2.5
2024-04-09 00:00:00,00_04,4.45,4.76,4.52,5.18
2024-04-09 04:00:00,04_08,6.2,6.98,3.84,4.2
2024-04-09 08:00:00,08_12,7.05,10.3,6.95,7.87
2024-04-09 12:00:00,12_16,2.75,3.19,21.64,26.11
2024-04-09 16:00:00,16_20,9.45,10.59,6.35,7.62
2024-04-09 20:00:00,20_24,6.4,7.5,2.28,2.57
2024-04-10 00:00:00,00_04,4.23,4.49,7.68,12.44
2024-04-10 04:00:00,04_08,6.37,8.41,4.83,8.11
2024-04-10 08:00:00,08_12,8.14,13.86,6.4,7.23
2024-04-10 12:00:00,12_16,2.89,3.74,18.63,21.58
2024-04-10 16:00:00,16_20,11.66,18.35,6.16,13.1
2024-04-10 20:00:00,20_24,9.18,17.04,2.07,2.5
2024-04-11 00:00:00,00_04,4.5,7.48,7.41,9.19
2024-04-11 04:00:00,04_08,6.55,7.82,5.44,7.23
2024-04-11 08:00:00,08_12,8.72,11.09,8.43,15.88
2024-04-11 12:00:00,12_16,3.22,5.31,21.5,29.2
2024-04-11 16:00:00,16_20,13.31,20.53,7.17,9.02
2024-04-11 20:00:00,20_24,12.78,20.14,2.05,2.29
2024-04-12 00:00:00,00_04,5.72,7.7,6.23,7.0
2024-04-12 04:00:00,04_08,6.99,8.79,4.84,5.72
2024-04-12 08:00:00,08_12,10.8,29.9,11.27,18.64
2024-04-12 12:00:00,12_16,4.05,6.19,27.24,36.13
2024-04-12 16:00:00,16_20,14.84,18.17,8.39,11.75
2024-04-12 20:00:00,20_24,14.63,21.2,1.95,2.2
2024-04-13 00:00:00,00_04,6.03,7.2,6.04,6.74
2024-04-13 04:00:00,04_08,7.18,8.22,4.96,6.2
2024-04-13 08:00:00,08_12,14.13,22.14,15.32,17.78
2024-04-13 12:00:00,12_16,4.48,6.47,34.88,42.0
2024-04-13 16:00:00,16_20,12.79,14.34,11.63,16.52
2024-04-13 20:00:00,20_24,13.58,16.43,2.41,2.99
2024-04-14 00:00:00,00_04,5.97,6.61,9.26,12.63
2024-04-14 04:00:00,04_08,6.68,7.57,7.35,8.72
2024-04-14 08:00:00,08_12,11.94,13.95,19.25,31.91
2024-04-14 12:00:00,12_16,4.62,5.82,46.38,89.03
2024-04-14 16:00:00,16_20,10.71,11.75,15.17,27.77
2024-04-14 20:00:00,20_24,11.92,14.01,2.33,2.66
2024-04-15 00:00:00,00_04,6.49,7.5,6.44,7.88
2024-04-15 04:00:00,04_08,8.81,12.0,4.84,5.48
2024-04-15 08:00:00,08_12,137.16,992.34,14.96,17.84
2024-04-15 12:00:00,12_16,4.97,5.94,36.2,42.21
2024-04-15 16:00:00,16_20,10.62,20.67,13.98,17.57
2024-04-15 20:00:00,20_24,10.94,13.04,2.82,4.66
2024-04-16 00:00:00,00_04,5.91,6.3,12.29,19.75
2024-04-16 04:00:00,04_08,14.98,36.7,11.52,36.6
2024-04-16 08:00:00,08_12,64.09,81.09,15.0,25.47
2024-04-16 12:00:00,12_16,19.36,94.25,27.49,34.2
2024-04-16 16:00:00,16_20,21.08,58.26,11.12,14.55
2024-04-16 20:00:00,20_24,18.65,33.96,3.58,14.99
2024-04-17 00:00:00,00_04,16.01,72.19,8.82,12.22
2024-04-17 04:00:00,04_08,17.1,22.93,9.49,13.2
2024-04-17 08:00:00,08_12,34.94,43.12,14.23,17.88
2024-04-17 12:00:00,12_16,19.14,24.34,19.58,22.51
2024-04-17 16:00:00,16_20,25.48,30.91,8.91,9.65
2024-04-17 20:00:00,20_24,23.41,30.8,4.51,5.75
2024-04-18 00:00:00,00_04,15.31,19.18,7.46,8.38
2024-04-18 04:00:00,04_08,17.84,22.16,7.19,8.12
2024-04-18 08:00:00,08_12,28.69,33.63,11.84,12.88
2024-04-18 12:00:00,12_16,13.11,18.0,17.8,19.23
2024-04-18 16:00:00,16_20,21.66,24.69,7.63,8.44
2024-04-18 20:00:00,20_24,22.12,25.87,3.87,4.2
2024-04-19 00:00:00,00_04,11.32,12.97,7.17,8.92
2024-04-19 04:00:00,04_08,13.96,15.71,6.68,7.71
2024-04-19 08:00:00,08_12,21.23,23.29,10.83,12.44
2024-04-19 12:00:00,12_16,10.61,13.65,23.52,38.42
2024-04-19 16:00:00,16_20,17.95,19.61,8.8,12.25
2024-04-19 20:00:00,20_24,18.32,21.31,3.4,3.97
2024-04-20 00:00:00,00_04,9.12,9.86,8.57,11.85
2024-04-20 04:00:00,04_08,11.42,12.51,7.4,10.53
2024-04-20 08:00:00,08_12,16.93,18.34,10.98,13.21
2024-04-20 12:00:00,12_16,9.06,10.2,26.79,33.22
2024-04-20 16:00:00,16_20,16.14,17.2,9.7,13.51
2024-04-20 20:00:00,20_24,16.9,18.39,3.18,3.65
2024-04-21 00:00:00,00_04,7.82,8.4,7.74,8.64
2024-04-21 04:00:00,04_08,9.49,10.03,6.94,7.84
2024-04-21 08:00:00,08_12,13.68,15.06,12.9,16.8
2024-04-21 12:00:00,12_16,7.43,8.07,33.9,54.86
2024-04-21 16:00:00,16_20,13.53,14.86,11.93,17.91
2024-04-21 20:00:00,20_24,13.78,14.95,3.0,3.51
2024-04-22 00:00:00,00_04,7.75,8.97,6.33,7.42
2024-04-22 04:00:00,04_08,37.85,94.28,5.4,7.84
2024-04-22 08:00:00,08_12,15.05,19.49,10.24,13.1
2024-04-22 12:00:00,12_16,9.61,17.46,23.93,28.64
2024-04-22 16:00:00,16_20,20.52,26.73,9.21,11.34
2024-04-22 20:00:00,20_24,23.58,44.37,2.59,3.26
2024-04-23 00:00:00,00_04,8.04,10.1,5.45,6.27
2024-04-23 04:00:00,04_08,27.48,39.63,4.86,5.33
2024-04-23 08:00:00,08_12,15.92,17.69,8.85,9.7
2024-04-23 12:00:00,12_16,10.76,12.41,18.06,20.0
2024-04-23 16:00:00,16_20,20.83,24.1,7.54,8.3
2024-04-23 20:00:00,20_24,25.75,29.65,2.31,2.75
2024-04-24 00:00:00,00_04,8.19,8.69,4.97,5.45
2024-04-24 04:00:00,04_08,21.07,25.66,4.44,4.99
2024-04-24 08:00:00,08_12,14.6,15.86,7.43,9.17
2024-04-24 12:00:00,12_16,9.71,11.69,15.34,18.14
2024-04-24 16:00:00,16_20,19.73,22.92,7.27,14.4
2024-04-24 20:00:00,20_24,22.23,28.73,3.59,26.95
2024-04-25 00:00:00,00_04,7.46,8.21,4.29,4.65
2024-04-25 04:00:00,04_08,19.21,20.91,3.94,4.25
2024-04-25 08:00:00,08_12,14.13,15.4,6.99,7.53
2024-04-25 12:00:00,12_16,9.16,10.67,14.17,15.35
2024-04-25 16:00:00,16_20,20.0,25.06,7.98,11.7
2024-04-25 20:00:00,20_24,25.25,28.36,4.64,7.37
2024-04-26 00:00:00,00_04,7.03,7.47,3.68,4.05
2024-04-26 04:00:00,04_08,16.67,18.1,3.34,3.6
2024-04-26 08:00:00,08_12,19.32,33.2,7.92,15.53
2024-04-26 12:00:00,12_16,8.88,10.63,12.45,13.74
2024-04-26 16:00:00,16_20,20.89,23.03,7.63,8.3
2024-04-26 20:00:00,20_24,25.06,27.43,3.91,4.83
2024-04-27 00:00:00,00_04,6.78,7.82,3.64,4.03
2024-04-27 04:00:00,04_08,14.24,15.67,3.34,3.76
2024-04-27 08:00:00,08_12,19.07,31.35,11.44,17.92
2024-04-27 12:00:00,12_16,13.38,29.46,32.85,71.22
2024-04-27 16:00:00,16_20,17.86,19.45,10.49,15.43
2024-04-27 20:00:00,20_24,20.4,22.83,3.86,4.21
2024-04-28 00:00:00,00_04,6.52,7.32,5.04,6.52
2024-04-28 04:00:00,04_08,12.51,13.26,5.1,7.26
2024-04-28 08:00:00,08_12,17.71,19.83,22.88,40.0
2024-04-28 12:00:00,12_16,10.59,13.3,56.66,74.93
2024-04-28 16:00:00,16_20,15.14,16.68,17.66,26.0
2024-04-28 20:00:00,20_24,17.44,18.96,3.66,4.5
2024-04-29 00:00:00,00_04,6.78,7.19,4.44,5.2
2024-04-29 04:00:00,04_08,13.43,16.42,4.41,5.49
2024-04-29 08:00:00,08_12,17.57,21.8,15.54,17.84
2024-04-29 12:00:00,12_16,10.23,12.69,26.73,31.18
2024-04-29 16:00:00,16_20,19.54,22.42,11.53,13.64
2024-04-29 20:00:00,20_24,21.96,25.77,3.22,3.58
2024-04-30 00:00:00,00_04,6.57,6.91,3.98,4.38
2024-04-30 04:00:00,04_08,13.08,14.67,3.83,4.24
2024-04-30 08:00:00,08_12,17.69,21.72,13.22,15.85
2024-04-30 12:00:00,12_16,10.34,12.93,27.13,41.73
2024-04-30 16:00:00,16_20,18.3,21.3,10.05,12.39
2024-04-30 20:00:00,20_24,19.82,21.77,2.88,3.34
2024-05-01 00:00:00,00_04,6.52,8.06,4.23,5.23
2024-05-01 04:00:00,04_08,11.83,12.65,4.27,5.4
2024-05-01 08:00:00,08_12,16.22,20.98,24.45,32.47
2024-05-01 12:00:00,12_16,9.65,11.11,58.9,71.44
2024-05-01 16:00:00,16_20,16.13,17.86,20.6,27.72
2024-05-01 20:00:00,20_24,17.1,18.02,4.09,5.35
2024-05-02 00:00:00,00_04,6.42,6.89,5.49,8.19
2024-05-02 04:00:00,04_08,10.98,11.82,4.28,4.95
2024-05-02 08:00:00,08_12,16.37,19.52,16.87,21.16
2024-05-02 12:00:00,12_16,9.34,9.92,36.86,45.84
2024-05-02 16:00:00,16_20,15.79,17.04,13.81,16.35
2024-05-02 20:00:00,20_24,16.02,17.93,3.49,4.12
2024-05-03 00:00:00,00_04,6.19,6.88,4.64,5.41
2024-05-03 04:00:00,04_08,10.45,11.7,3.85,4.14
2024-05-03 08:00:00,08_12,16.08,18.23,13.87,15.0
2024-05-03 12:00:00,12_16,9.15,9.95,26.68,29.89
2024-05-03 16:00:00,16_20,15.93,18.51,10.54,12.1
2024-05-03 20:00:00,20_24,16.62,19.45,3.03,3.31
2024-05-04 00:00:00,00_04,6.32,7.12,4.17,4.7
2024-05-04 04:00:00,04_08,10.01,11.08,3.65,3.99
2024-05-04 08:00:00,08_12,15.06,16.67,12.82,14.71
2024-05-04 12:00:00,12_16,8.68,9.19,25.11,28.68
2024-05-04 16:00:00,16_20,15.23,17.32,9.78,11.01
2024-05-04 20:00:00,20_24,16.02,18.63,2.81,3.1
2024-05-05 00:00:00,00_04,6.24,6.87,4.53,5.65
2024-05-05 04:00:00,04_08,9.3,9.96,4.2,5.19
2024-05-05 08:00:00,08_12,14.08,14.9,18.17,28.73
2024-05-05 12:00:00,12_16,7.87,8.39,40.07,62.84
2024-05-05 16:00:00,16_20,14.29,15.53,15.09,21.73
2024-05-05 20:00:00,20_24,14.81,16.1,2.85,3.12
2024-05-06 00:00:00,00_04,6.2,6.69,3.94,4.28
2024-05-06 04:00:00,04_08,11.39,17.21,3.68,4.1
2024-05-06 08:00:00,08_12,14.78,17.63,13.02,15.81
2024-05-06 12:00:00,12_16,8.29,12.17,24.25,28.39
2024-05-06 16:00:00,16_20,17.22,23.05,10.04,11.26
2024-05-06 20:00:00,20_24,17.62,20.67,2.63,2.99
2024-05-07 00:00:00,00_04,6.02,6.51,3.38,4.01
2024-05-07 04:00:00,04_08,12.21,14.9,3.18,3.57
2024-05-07 08:00:00,08_12,15.21,18.15,11.38,13.3
2024-05-07 12:00:00,12_16,14.49,39.17,19.37,20.75
2024-05-07 16:00:00,16_20,17.83,20.94,8.42,8.84
2024-05-07 20:00:00,20_24,17.66,19.09,2.38,2.69
2024-05-08 00:00:00,00_04,5.83,6.08,3.19,3.57
2024-05-08 04:00:00,04_08,11.53,12.57,2.85,3.05
2024-05-08 08:00:00,08_12,14.85,16.07,10.01,10.8
2024-05-08 12:00:00,12_16,13.28,15.45,16.18,17.48
2024-05-08 16:00:00,16_20,17.12,18.39,7.01,7.9
2024-05-08 20:00:00,20_24,16.97,18.26,2.19,2.44
2024-05-09 00:00:00,00_04,5.96,7.05,2.91,3.6
2024-05-09 04:00:00,04_08,10.89,11.74,2.75,3.56
2024-05-09 08:00:00,08_12,13.78,15.74,14.59,18.43
2024-05-09 12:00:00,12_16,11.26,12.86,32.54,42.73
2024-05-09 16:00:00,16_20,15.79,16.39,11.34,14.78
2024-05-09 20:00:00,20_24,16.38,17.28,2.14,2.45
2024-05-10 00:00:00,00_04,5.76,6.0,2.96,3.44
2024-05-10 04:00:00,04_08,10.65,11.09,2.72,3.04
2024-05-10 08:00:00,08_12,13.37,13.95,11.92,14.66
2024-05-10 12:00:00,12_16,10.2,10.77,26.43,30.51
2024-05-10 16:00:00,16_20,15.3,16.92,9.51,12.3
2024-05-10 20:00:00,20_24,18.21,25.61,2.08,2.28
2024-05-11 00:00:00,00_04,5.61,6.18,2.88,3.35
2024-05-11 04:00:00,04_08,10.03,10.59,2.78,3.26
2024-05-11 08:00:00,08_12,12.78,19.56,15.48,19.5
2024-05-11 12:00:00,12_16,9.31,9.87,35.92,45.9
2024-05-11 16:00:00,16_20,14.74,15.96,11.55,15.72
2024-05-11 20:00:00,20_24,18.4,21.67,2.04,2.23
2024-05-12 00:00:00,00_04,5.47,5.82,3.85,4.7
2024-05-12 04:00:00,04_08,9.2,9.84,3.73,4.78
2024-05-12 08:00:00,08_12,12.76,16.0,22.09,27.26
2024-05-12 12:00:00,12_16,8.4,9.11,51.46,64.0
2024-05-12 16:00:00,16_20,13.7,14.97,18.86,25.06
2024-05-12 20:00:00,20_24,16.24,18.7,2.36,3.16
2024-05-13 00:00:00,00_04,5.43,5.82,4.28,5.77
2024-05-13 04:00:00,04_08,10.7,13.17,3.9,4.92
2024-05-13 08:00:00,08_12,174.72,615.79,45.63,278.6
2024-05-13 12:00:00,12_16,9.17,10.8,34.76,42.75
2024-05-13 16:00:00,16_20,15.26,17.73,12.47,15.9
2024-05-13 20:00:00,20_24,17.88,19.67,2.29,2.87
2024-05-14 00:00:00,00_04,5.44,5.88,4.64,6.43
2024-05-14 04:00:00,04_08,11.8,20.3,5.79,18.44
2024-05-14 08:00:00,08_12,112.94,218.6,71.33,152.77
2024-05-14 12:00:00,12_16,9.51,13.15,44.45,71.1
2024-05-14 16:00:00,16_20,15.29,17.93,15.15,22.72
2024-05-14 20:00:00,20_24,17.28,18.38,2.32,2.67
2024-05-15 00:00:00,00_04,5.31,5.63,5.17,5.75
2024-05-15 04:00:00,04_08,12.05,13.76,7.26,9.22
2024-05-15 08:00:00,08_12,64.27,84.21,49.21,67.77
2024-05-15 12:00:00,12_16,9.81,11.56,42.5,63.34
2024-05-15 16:00:00,16_20,15.35,16.84,15.36,18.32
2024-05-15 20:00:00,20_24,17.11,17.95,2.36,3.05
2024-05-16 00:00:00,00_04,5.16,5.4,4.75,5.55
2024-05-16 04:00:00,04_08,11.21,11.9,6.31,7.16
2024-05-16 08:00:00,08_12,41.14,50.92,33.56,43.65
2024-05-16 12:00:00,12_16,15.38,93.13,44.85,65.0
2024-05-16 16:00:00,16_20,15.2,16.72,14.3,16.84
2024-05-16 20:00:00,20_24,16.86,17.89,2.31,2.57
2024-05-17 00:00:00,00_04,4.96,5.17,4.48,5.28
2024-05-17 04:00:00,04_08,10.32,11.41,5.21,5.77
2024-05-17 08:00:00,08_12,28.78,31.65,25.13,27.07
2024-05-17 12:00:00,12_16,21.38,28.31,40.7,48.58
2024-05-17 16:00:00,16_20,15.31,16.32,13.03,14.26
2024-05-17 20:00:00,20_24,18.84,31.46,2.01,2.17
2024-05-18 00:00:00,00_04,4.76,4.99,4.34,4.76
2024-05-18 04:00:00,04_08,9.67,9.95,5.03,6.21
2024-05-18 08:00:00,08_12,20.18,22.3,24.82,30.29
2024-05-18 12:00:00,12_16,12.59,15.57,43.33,53.31
2024-05-18 16:00:00,16_20,14.7,15.72,13.8,19.76
2024-05-18 20:00:00,20_24,26.28,42.72,1.9,2.04
2024-05-19 00:00:00,00_04,4.56,5.58,4.18,4.65
2024-05-19 04:00:00,04_08,8.85,9.52,5.51,6.17
2024-05-19 08:00:00,08_12,15.13,17.2,31.25,38.0
2024-05-19 12:00:00,12_16,9.53,11.77,55.33,80.9
2024-05-19 16:00:00,16_20,13.65,14.73,20.83,29.95
2024-05-19 20:00:00,20_24,31.73,40.12,1.87,2.13
2024-05-20 00:00:00,00_04,4.64,5.29,4.01,4.41
2024-05-20 04:00:00,04_08,8.54,8.9,5.22,6.05
2024-05-20 08:00:00,08_12,12.97,16.94,34.21,50.23
2024-05-20 12:00:00,12_16,8.43,9.69,69.21,136.05
2024-05-20 16:00:00,16_20,13.24,13.78,22.71,34.91
2024-05-20 20:00:00,20_24,29.46,36.26,1.94,2.26
2024-05-21 00:00:00,00_04,4.71,4.88,3.76,4.02
2024-05-21 04:00:00,04_08,8.64,11.22,4.83,5.36
2024-05-21 08:00:00,08_12,14.79,17.21,27.18,29.9
2024-05-21 12:00:00,12_16,8.03,10.6,50.98,64.34
2024-05-21 16:00:00,16_20,16.48,35.07,17.57,19.63
2024-05-21 20:00:00,20_24,28.3,30.54,1.99,2.19
2024-05-22 00:00:00,00_04,4.42,4.64,5.37,10.62
2024-05-22 04:00:00,04_08,8.93,10.54,5.8,8.25
2024-05-22 08:00:00,08_12,15.08,19.88,21.55,25.0
2024-05-22 12:00:00,12_16,8.48,10.45,41.7,48.0
2024-05-22 16:00:00,16_20,21.26,28.38,12.44,14.98
2024-05-22 20:00:00,20_24,33.24,47.77,1.88,2.09
2024-05-23 00:00:00,00_04,4.75,5.83,5.14,6.51
2024-05-23 04:00:00,04_08,9.7,11.38,5.19,5.65
2024-05-23 08:00:00,08_12,15.21,16.47,18.61,19.53
2024-05-23 12:00:00,12_16,9.05,9.65,35.19,38.78
2024-05-23 16:00:00,16_20,22.59,25.26,10.68,11.88
2024-05-23 20:00:00,20_24,35.44,43.32,1.82,2.0
2024-05-24 00:00:00,00_04,5.32,6.34,4.07,4.76
2024-05-24 04:00:00,04_08,11.21,14.77,3.89,4.7
2024-05-24 08:00:00,08_12,14.96,17.66,14.14,16.23
2024-05-24 12:00:00,12_16,8.86,9.49,27.14,30.32
2024-05-24 16:00:00,16_20,20.51,22.88,8.98,9.99
2024-05-24 20:00:00,20_24,31.49,36.69,1.64,1.94
2024-05-25 00:00:00,00_04,5.24,6.43,4.13,4.42
2024-05-25 04:00:00,04_08,10.51,11.26,4.05,4.49
2024-05-25 08:00:00,08_12,13.82,16.0,16.51,19.34
2024-05-25 12:00:00,12_16,8.26,9.05,37.97,43.0
2024-05-25 16:00:00,16_20,18.49,20.49,11.66,16.64
2024-05-25 20:00:00,20_24,29.06,31.24,1.74,1.92
2024-05-26 00:00:00,00_04,5.42,6.83,3.96,4.22
2024-05-26 04:00:00,04_08,10.08,11.8,4.13,4.9
2024-05-26 08:00:00,08_12,12.67,14.54,26.7,33.46
2024-05-26 12:00:00,12_16,7.81,8.6,53.26,78.4
2024-05-26 16:00:00,16_20,17.22,18.18,18.49,23.9
2024-05-26 20:00:00,20_24,26.76,28.85,1.81,2.1
2024-05-27 00:00:00,00_04,5.34,5.9,3.9,4.62
2024-05-27 04:00:00,04_08,10.34,11.6,3.88,4.46
2024-05-27 08:00:00,08_12,12.26,15.18,17.45,20.95
2024-05-27 12:00:00,12_16,8.1,11.12,31.92,38.47
2024-05-27 16:00:00,16_20,17.43,19.63,13.03,14.76
2024-05-27 20:00:00,20_24,26.66,29.93,1.89,3.1
2024-05-28 00:00:00,00_04,5.26,5.55,3.47,3.83
2024-05-28 04:00:00,04_08,10.14,11.19,3.47,3.88
2024-05-28 08:00:00,08_12,12.84,15.03,15.47,16.37
2024-05-28 12:00:00,12_16,8.52,10.9,30.1,35.35
2024-05-28 16:00:00,16_20,16.83,18.84,10.56,12.53
2024-05-28 20:00:00,20_24,25.92,31.22,1.93,2.33
2024-05-29 00:00:00,00_04,4.95,5.2,3.49,4.45
2024-05-29 04:00:00,04_08,9.62,9.96,3.42,4.35
2024-05-29 08:00:00,08_12,12.72,13.79,14.2,15.21
2024-05-29 12:00:00,12_16,8.62,9.69,27.32,29.87
2024-05-29 16:00:00,16_20,15.93,17.21,9.84,10.44
2024-05-29 20:00:00,20_24,25.21,26.91,1.89,2.18
2024-05-30 00:00:00,00_04,4.57,5.23,3.32,3.77
2024-05-30 04:00:00,04_08,8.9,9.4,3.25,3.62
2024-05-30 08:00:00,08_12,12.12,12.86,13.24,15.22
2024-05-30 12:00:00,12_16,8.36,9.0,28.61,36.55
2024-05-30 16:00:00,16_20,15.31,16.08,8.76,10.2
2024-05-30 20:00:00,20_24,24.79,27.3,1.73,1.86
2024-05-31 00:00:00,00_04,4.53,4.98,3.05,3.36
2024-05-31 04:00:00,04_08,8.29,9.1,2.95,3.3
2024-05-31 08:00:00,08_12,11.46,12.82,10.9,12.5
2024-05-31 12:00:00,12_16,8.45,10.28,22.46,26.3
2024-05-31 16:00:00,16_20,14.15,15.68,7.58,8.62
2024-05-31 20:00:00,20_24,22.67,26.42,1.54,1.7
2024-06-01 00:00:00,00_04,4.66,7.32,3.04,3.37
2024-06-01 04:00:00,04_08,7.79,8.15,2.96,3.28
2024-06-01 08:00:00,08_12,10.79,11.92,14.16,17.36
2024-06-01 12:00:00,12_16,7.77,8.75,34.82,39.97
2024-06-01 16:00:00,16_20,13.02,13.94,11.74,15.01
2024-06-01 20:00:00,20_24,20.54,22.49,1.55,1.81
2024-06-02 00:00:00,00_04,7.24,15.88,4.33,5.71
2024-06-02 04:00:00,04_08,7.15,7.66,5.88,11.31
2024-06-02 08:00:00,08_12,10.11,10.8,26.58,34.0
2024-06-02 12:00:00,12_16,7.2,7.7,54.03,77.4
2024-06-02 16:00:00,16_20,12.05,12.79,21.8,29.88
2024-06-02 20:00:00,20_24,18.97,20.12,1.72,2.15
2024-06-03 00:00:00,00_04,8.36,18.05,4.53,9.4
2024-06-03 04:00:00,04_08,33.86,128.16,21.94,105.39
2024-06-03 08:00:00,08_12,36.31,186.85,28.09,123.61
2024-06-03 12:00:00,12_16,45.84,189.65,54.95,180.79
2024-06-03 16:00:00,16_20,88.84,388.0,40.44,285.97
2024-06-03 20:00:00,20_24,55.44,196.2,2.28,9.9
2024-06-04 00:00:00,00_04,26.7,69.0,13.44,44.0
2024-06-04 04:00:00,04_08,39.71,65.63,27.23,45.78
2024-06-04 08:00:00,08_12,44.49,68.75,37.76,70.72
2024-06-04 12:00:00,12_16,44.8,70.66,61.78,100.0
2024-06-04 16:00:00,16_20,71.08,113.13,53.14,102.38
2024-06-04 20:00:00,20_24,53.79,82.35,9.15,22.4
2024-06-05 00:00:00,00_04,22.43,30.82,16.23,27.03
2024-06-05 04:00:00,04_08,30.1,38.71,20.62,25.59
2024-06-05 08:00:00,08_12,33.55,44.23,31.32,40.2
2024-06-05 12:00:00,12_16,30.92,39.52,61.13,80.75
2024-06-05 16:00:00,16_20,48.75,65.51,40.22,52.0
2024-06-05 20:00:00,20_24,51.61,66.48,7.82,10.84
2024-06-06 00:00:00,00_04,17.42,20.27,11.91,14.7
2024-06-06 04:00:00,04_08,23.78,28.15,12.81,14.6
2024-06-06 08:00:00,08_12,27.39,32.44,24.77,30.0
2024-06-06 12:00:00,12_16,24.65,29.0,59.88,86.84
2024-06-06 16:00:00,16_20,39.48,44.8,30.52,36.21
2024-06-06 20:00:00,20_24,46.94,54.29,5.66,6.95
2024-06-07 00:00:00,00_04,14.1,15.87,8.85,10.37
2024-06-07 04:00:00,04_08,20.03,22.02,8.42,9.52
2024-06-07 08:00:00,08_12,23.04,26.88,21.12,24.09
2024-06-07 12:00:00,12_16,20.46,22.03,60.15,78.41
2024-06-07 16:00:00,16_20,30.81,33.91,25.19,28.2
2024-06-07 20:00:00,20_24,41.34,47.0,4.61,5.0
2024-06-08 00:00:00,00_04,11.84,12.98,7.58,9.0
2024-06-08 04:00:00,04_08,16.12,17.91,7.43,8.5
2024-06-08 08:00:00,08_12,19.4,24.0,26.67,30.4
2024-06-08 12:00:00,12_16,15.57,17.25,71.81,92.34
2024-06-08 16:00:00,16_20,25.47,27.13,27.57,34.89
2024-06-08 20:00:00,20_24,33.91,36.39,3.83,4.28
2024-06-09 00:00:00,00_04,10.21,11.87,7.99,9.93
2024-06-09 04:00:00,04_08,13.72,15.17,8.57,10.66
2024-06-09 08:00:00,08_12,17.8,19.48,38.93,70.0
2024-06-09 12:00:00,12_16,12.89,14.0,88.71,127.0
2024-06-09 16:00:00,16_20,21.01,23.05,33.08,44.67
2024-06-09 20:00:00,20_24,29.53,31.6,3.27,3.73
2024-06-10 00:00:00,00_04,9.76,11.19,7.1,8.0
2024-06-10 04:00:00,04_08,14.06,16.78,7.09,8.2
2024-06-10 08:00:00,08_12,18.46,21.89,28.62,31.67
2024-06-10 12:00:00,12_16,12.11,14.58,58.85,66.38
2024-06-10 16:00:00,16_20,21.64,25.51,24.09,26.62
2024-06-10 20:00:00,20_24,28.67,32.58,2.75,3.22
2024-06-11 00:00:00,00_04,9.25,10.21,8.13,11.75
2024-06-11 04:00:00,04_08,14.94,32.04,7.83,14.4
2024-06-11 08:00:00,08_12,53.96,111.89,54.94,114.06
2024-06-11 12:00:00,12_16,18.02,57.03,58.15,94.22
2024-06-11 16:00:00,16_20,20.24,21.77,22.47,28.27
2024-06-11 20:00:00,20_24,26.58,28.55,2.49,2.7
2024-06-12 00:00:00,00_04,8.95,9.37,7.31,8.71
2024-06-12 04:00:00,04_08,16.7,20.38,8.14,11.15
2024-06-12 08:00:00,08_12,46.7,58.15,46.4,59.15
2024-06-12 12:00:00,12_16,22.4,26.38,57.95,71.29
2024-06-12 16:00:00,16_20,19.43,20.73,19.5,22.0
2024-06-12 20:00:00,20_24,26.83,30.68,2.29,2.9
2024-06-13 00:00:00,00_04,8.73,9.26,6.4,7.23
2024-06-13 04:00:00,04_08,16.51,20.51,7.31,7.99
2024-06-13 08:00:00,08_12,36.73,41.93,31.97,38.06
2024-06-13 12:00:00,12_16,18.91,20.99,47.58,56.11
2024-06-13 16:00:00,16_20,18.83,20.08,16.26,18.75
2024-06-13 20:00:00,20_24,29.83,39.48,2.19,2.83
2024-06-14 00:00:00,00_04,8.26,8.52,5.84,6.45
2024-06-14 04:00:00,04_08,15.16,16.73,6.14,6.66
2024-06-14 08:00:00,08_12,26.82,31.61,23.92,26.37
2024-06-14 12:00:00,12_16,16.23,17.76,39.93,45.0
2024-06-14 16:00:00,16_20,17.67,18.81,14.03,15.3
2024-06-14 20:00:00,20_24,26.89,30.57,2.1,2.35
2024-06-15 00:00:00,00_04,7.61,8.0,6.0,7.2
2024-06-15 04:00:00,04_08,13.27,14.55,6.67,8.03
2024-06-15 08:00:00,08_12,21.23,23.43,30.99,37.43
2024-06-15 12:00:00,12_16,13.25,14.05,71.91,85.13
2024-06-15 16:00:00,16_20,15.48,16.37,26.37,31.22
2024-06-15 20:00:00,20_24,24.64,27.36,2.24,2.96
2024-06-16 00:00:00,00_04,7.06,7.56,7.21,8.77
2024-06-16 04:00:00,04_08,11.91,12.68,7.76,9.08
2024-06-16 08:00:00,08_12,18.31,20.31,34.43,45.32
2024-06-16 12:00:00,12_16,11.41,12.37,74.07,86.46
2024-06-16 16:00:00,16_20,14.45,15.97,27.92,37.05
2024-06-16 20:00:00,20_24,23.7,27.1,2.11,2.39
2024-06-17 00:00:00,00_04,7.19,8.73,6.25,6.8
2024-06-17 04:00:00,04_08,13.51,15.63,6.26,7.13
2024-06-17 08:00:00,08_12,19.23,21.46,25.1,28.6
2024-06-17 12:00:00,12_16,11.72,13.39,45.49,53.7
2024-06-17 16:00:00,16_20,19.08,23.47,18.12,22.27
2024-06-17 20:00:00,20_24,32.93,44.82,1.81,2.22
2024-06-18 00:00:00,00_04,7.31,8.69,5.12,5.89
2024-06-18 04:00:00,04_08,14.2,18.05,5.18,6.0
2024-06-18 08:00:00,08_12,55.61,234.32,28.88,70.02
2024-06-18 12:00:00,12_16,24.34,100.02,36.54,42.76
2024-06-18 16:00:00,16_20,20.5,23.75,14.74,16.22
2024-06-18 20:00:00,20_24,36.68,43.46,1.67,1.95
2024-06-19 00:00:00,00_04,7.48,7.98,4.81,5.14
2024-06-19 04:00:00,04_08,14.61,15.9,4.71,5.16
2024-06-19 08:00:00,08_12,47.2,56.71,26.33,31.21
2024-06-19 12:00:00,12_16,22.26,26.64,39.45,49.0
2024-06-19 16:00:00,16_20,19.27,20.65,14.86,18.03
2024-06-19 20:00:00,20_24,34.99,38.41,1.6,1.86
2024-06-20 00:00:00,00_04,7.05,7.42,4.38,4.9
2024-06-20 04:00:00,04_08,14.07,15.02,4.12,4.86
2024-06-20 08:00:00,08_12,31.62,36.03,23.02,29.17
2024-06-20 12:00:00,12_16,17.04,19.98,37.56,43.2
2024-06-20 16:00:00,16_20,18.35,19.69,13.29,15.41
2024-06-20 20:00:00,20_24,33.49,36.41,1.51,2.0
2024-06-21 00:00:00,00_04,6.9,7.63,4.06,4.32
2024-06-21 04:00:00,04_08,13.7,14.69,3.82,4.22
2024-06-21 08:00:00,08_12,24.45,26.9,20.56,22.32
2024-06-21 12:00:00,12_16,14.58,17.7,31.82,35.86
2024-06-21 16:00:00,16_20,17.34,18.88,12.39,13.75
2024-06-21 20:00:00,20_24,30.65,32.28,1.48,1.77
2024-06-22 00:00:00,00_04,6.78,9.09,4.56,5.34
2024-06-22 04:00:00,04_08,12.68,13.52,4.73,7.65
2024-06-22 08:00:00,08_12,20.03,21.3,26.83,30.02
2024-06-22 12:00:00,12_16,12.47,13.53,52.74,62.12
2024-06-22 16:00:00,16_20,15.04,16.03,19.83,22.72
2024-06-22 20:00:00,20_24,27.36,29.95,1.45,1.69
2024-06-23 00:00:00,00_04,7.18,8.0,4.89,5.76
2024-06-23 04:00:00,04_08,11.74,12.8,5.71,8.36
2024-06-23 08:00:00,08_12,17.43,19.63,29.62,32.9
2024-06-23 12:00:00,12_16,11.01,12.1,54.96,61.5
2024-06-23 16:00:00,16_20,13.96,15.2,19.9,23.78
2024-06-23 20:00:00,20_24,24.93,26.61,1.36,1.59
2024-06-24 00:00:00,00_04,7.03,7.65,4.33,4.67
2024-06-24 04:00:00,04_08,13.16,14.61,4.82,5.5
2024-06-24 08:00:00,08_12,18.89,22.7,22.67,25.87
2024-06-24 12:00:00,12_16,11.61,13.49,39.32,45.1
2024-06-24 16:00:00,16_20,18.62,21.81,14.47,17.23
2024-06-24 20:00:00,20_24,32.31,37.61,1.26,1.41
2024-06-25 00:00:00,00_04,6.93,7.27,3.95,4.25
2024-06-25 04:00:00,04_08,13.77,16.25,4.16,4.74
2024-06-25 08:00:00,08_12,18.84,22.25,22.18,28.27
2024-06-25 12:00:00,12_16,11.19,13.0,40.06,49.19
2024-06-25 16:00:00,16_20,18.22,19.63,14.01,15.15
2024-06-25 20:00:00,20_24,30.06,31.95,1.22,1.36
2024-06-26 00:00:00,00_04,6.63,6.87,3.63,3.85
2024-06-26 04:00:00,04_08,14.05,15.33,3.79,4.03
2024-06-26 08:00:00,08_12,19.38,22.06,22.73,32.4
2024-06-26 12:00:00,12_16,11.2,12.12,39.07,48.0
2024-06-26 16:00:00,16_20,17.85,19.06,12.72,13.63
2024-06-26 20:00:00,20_24,28.63,31.17,1.13,1.29
2024-06-27 00:00:00,00_04,7.73,17.25,4.31,14.8
2024-06-27 04:00:00,04_08,13.94,17.12,3.98,8.1
2024-06-27 08:00:00,08_12,19.77,23.67,23.57,29.25
2024-06-27 12:00:00,12_16,11.18,14.75,37.43,44.18
2024-06-27 16:00:00,16_20,18.1,20.97,11.68,12.5
2024-06-27 20:00:00,20_24,30.24,36.96,1.14,1.47
2024-06-28 00:00:00,00_04,7.77,9.0,5.49,7.64
2024-06-28 04:00:00,04_08,14.01,15.24,4.42,5.45
2024-06-28 08:00:00,08_12,19.08,21.96,24.29,26.25
2024-06-28 12:00:00,12_16,11.01,12.25,47.72,67.49
2024-06-28 16:00:00,16_20,17.11,18.14,18.14,35.22
2024-06-28 20:00:00,20_24,28.61,32.11,1.17,1.44
2024-06-29 00:00:00,00_04,7.45,8.26,5.15,6.12
2024-06-29 04:00:00,04_08,13.03,13.59,4.6,5.2
2024-06-29 08:00:00,08_12,18.24,21.99,27.12,29.9
2024-06-29 12:00:00,12_16,10.26,11.55,54.61,62.6
2024-06-29 16:00:00,16_20,15.8,17.12,19.56,25.19
2024-06-29 20:00:00,20_24,26.82,29.7,1.05,1.29
2024-06-30 00:00:00,00_04,7.22,8.17,5.05,5.67
2024-06-30 04:00:00,04_08,12.12,12.72,5.38,7.01
2024-06-30 08:00:00,08_12,17.94,19.19,28.13,31.45
2024-06-30 12:00:00,12_16,9.91,10.58,54.78,59.0
2024-06-30 16:00:00,16_20,14.68,15.58,21.68,25.25
2024-06-30 20:00:00,20_24,25.21,26.26,1.15,1.44
2024-07-01 00:00:00,00_04,7.06,7.28,4.49,4.94
2024-07-01 04:00:00,04_08,13.64,18.51,4.75,5.41
2024-07-01 08:00:00,08_12,19.21,21.54,21.49,23.91
2024-07-01 12:00:00,12_16,10.87,13.26,38.75,42.09
2024-07-01 16:00:00,16_20,17.46,19.51,16.57,18.08
2024-07-01 20:00:00,20_24,28.75,31.21,1.26,2.5
2024-07-02 00:00:00,00_04,6.65,7.0,4.18,4.73
2024-07-02 04:00:00,04_08,14.63,17.01,4.28,6.0
2024-07-02 08:00:00,08_12,22.7,60.6,25.02,61.16
2024-07-02 12:00:00,12_16,11.14,12.25,31.69,36.57
2024-07-02 16:00:00,16_20,17.14,18.76,13.84,14.75
2024-07-02 20:00:00,20_24,27.21,28.22,1.33,1.66
2024-07-03 00:00:00,00_04,6.38,6.68,3.97,4.21
2024-07-03 04:00:00,04_08,14.07,15.2,4.06,5.12
2024-07-03 08:00:00,08_12,23.1,26.16,23.72,26.78
2024-07-03 12:00:00,12_16,11.11,12.17,28.48,30.24
2024-07-03 16:00:00,16_20,17.4,19.08,11.49,12.46
2024-07-03 20:00:00,20_24,27.16,33.89,1.32,2.37
2024-07-04 00:00:00,00_04,6.36,8.44,4.59,6.2
2024-07-04 04:00:00,04_08,12.84,13.6,5.31,7.46
2024-07-04 08:00:00,08_12,18.91,22.0,25.53,33.1
2024-07-04 12:00:00,12_16,10.38,11.51,48.48,68.73
2024-07-04 16:00:00,16_20,15.98,16.84,22.31,29.4
2024-07-04 20:00:00,20_24,26.17,28.0,1.54,2.0
2024-07-05 00:00:00,00_04,6.36,7.18,4.83,5.8
2024-07-05 04:00:00,04_08,12.06,12.95,5.42,6.57
2024-07-05 08:00:00,08_12,18.05,20.32,30.75,100.0
2024-07-05 12:00:00,12_16,10.07,10.78,54.9,65.42
2024-07-05 16:00:00,16_20,14.68,15.8,21.47,24.73
2024-07-05 20:00:00,20_24,25.85,27.89,1.42,1.65
2024-07-06 00:00:00,00_04,7.16,11.48,4.61,5.08
2024-07-06 04:00:00,04_08,11.19,11.62,5.57,7.28
2024-07-06 08:00:00,08_12,16.64,17.37,32.62,37.62
2024-07-06 12:00:00,12_16,9.32,9.89,66.09,78.12
2024-07-06 16:00:00,16_20,13.2,13.93,27.13,38.32
2024-07-06 20:00:00,20_24,23.41,24.79,2.65,5.09
2024-07-07 00:00:00,00_04,6.88,7.8,5.59,7.74
2024-07-07 04:00:00,04_08,10.07,10.48,6.93,9.77
2024-07-07 08:00:00,08_12,14.51,16.15,30.97,34.92
2024-07-07 12:00:00,12_16,8.47,9.08,58.45,65.36
2024-07-07 16:00:00,16_20,12.63,14.76,23.62,30.9
2024-07-07 20:00:00,20_24,27.06,34.33,2.01,2.77
2024-07-08 00:00:00,00_04,6.64,7.43,4.72,6.51
2024-07-08 04:00:00,04_08,14.51,17.14,5.54,6.77
2024-07-08 08:00:00,08_12,18.21,20.75,21.87,24.18
2024-07-08 12:00:00,12_16,10.49,11.53,38.69,41.53
2024-07-08 16:00:00,16_20,17.39,20.82,16.93,19.98
2024-07-08 20:00:00,20_24,35.18,42.34,1.73,2.09
2024-07-09 00:00:00,00_04,6.35,6.6,4.31,4.6
2024-07-09 04:00:00,04_08,14.28,15.27,4.89,5.56
2024-07-09 08:00:00,08_12,18.13,21.13,19.77,21.15
2024-07-09 12:00:00,12_16,10.18,10.77,37.0,45.88
2024-07-09 16:00:00,16_20,17.31,19.29,14.64,17.85
2024-07-09 20:00:00,20_24,32.3,36.1,1.64,1.93
2024-07-10 00:00:00,00_04,5.96,6.3,4.43,5.34
2024-07-10 04:00:00,04_08,13.4,14.41,4.65,5.18
2024-07-10 08:00:00,08_12,17.6,20.8,17.93,19.9
2024-07-10 12:00:00,12_16,9.92,11.19,32.9,36.5
2024-07-10 16:00:00,16_20,17.22,18.92,12.92,13.87
2024-07-10 20:00:00,20_24,31.39,33.5,1.45,1.6
2024-07-11 00:00:00,00_04,5.73,6.01,4.03,4.34
2024-07-11 04:00:00,04_08,12.92,13.98,4.19,4.65
2024-07-11 08:00:00,08_12,17.75,19.23,16.55,17.73
2024-07-11 12:00:00,12_16,9.61,10.1,31.04,38.18
2024-07-11 16:00:00,16_20,16.64,18.0,11.54,12.49
2024-07-11 20:00:00,20_24,30.1,31.78,1.26,1.44
2024-07-12 00:00:00,00_04,5.45,5.67,3.45,3.79
2024-07-12 04:00:00,04_08,12.4,13.09,3.65,3.9
2024-07-12 08:00:00,08_12,17.2,18.72,14.12,15.2
2024-07-12 12:00:00,12_16,9.19,10.51,26.73,28.56
2024-07-12 16:00:00,16_20,15.91,16.7,9.71,10.6
2024-07-12 20:00:00,20_24,26.85,27.79,1.2,1.47
2024-07-13 00:00:00,00_04,5.81,8.14,3.64,4.42
2024-07-13 04:00:00,04_08,11.06,12.04,3.82,4.68
2024-07-13 08:00:00,08_12,15.47,17.24,20.58,23.63
2024-07-13 12:00:00,12_16,8.5,9.08,46.41,52.8
2024-07-13 16:00:00,16_20,13.78,15.01,19.33,24.5
2024-07-13 20:00:00,20_24,23.59,25.34,1.41,2.0
2024-07-14 00:00:00,00_04,6.26,7.3,3.83,4.76
2024-07-14 04:00:00,04_08,10.19,10.78,4.81,7.57
2024-07-14 08:00:00,08_12,14.52,15.06,26.13,32.0
2024-07-14 12:00:00,12_16,7.92,8.26,57.23,70.87
2024-07-14 16:00:00,16_20,12.98,13.49,21.64,26.0
2024-07-14 20:00:00,20_24,22.39,23.92,1.51,1.87
2024-07-15 00:00:00,00_04,5.69,6.18,3.58,3.99
2024-07-15 04:00:00,04_08,12.46,14.29,4.36,4.9
2024-07-15 08:00:00,08_12,15.87,17.83,20.28,22.62
2024-07-15 12:00:00,12_16,8.76,10.14,38.18,43.75
2024-07-15 16:00:00,16_20,15.75,17.84,15.83,17.43
2024-07-15 20:00:00,20_24,28.0,34.4,1.34,1.58
2024-07-16 00:00:00,00_04,5.36,5.94,3.54,4.78
2024-07-16 04:00:00,04_08,16.75,28.94,12.72,62.23
2024-07-16 08:00:00,08_12,68.88,150.69,56.07,174.65
2024-07-16 12:00:00,12_16,47.53,120.0,65.6,125.0
2024-07-16 16:00:00,16_20,33.84,96.0,29.3,80.35
2024-07-16 20:00:00,20_24,41.46,107.17,1.52,2.49
2024-07-17 00:00:00,00_04,5.23,5.6,3.75,4.73
2024-07-17 04:00:00,04_08,15.99,17.92,11.2,17.8
2024-07-17 08:00:00,08_12,45.4,59.52,41.51,48.67
2024-07-17 12:00:00,12_16,30.06,38.32,56.43,66.87
2024-07-17 16:00:00,16_20,30.53,39.47,25.14,31.7
2024-07-17 20:00:00,20_24,41.47,50.31,1.58,2.0
2024-07-18 00:00:00,00_04,4.9,5.3,3.58,3.99
2024-07-18 04:00:00,04_08,13.57,15.69,7.08,8.61
2024-07-18 08:00:00,08_12,30.12,33.92,26.66,29.5
2024-07-18 12:00:00,12_16,19.53,22.98,38.64,46.5
2024-07-18 16:00:00,16_20,23.56,25.56,18.02,20.29
2024-07-18 20:00:00,20_24,38.47,46.86,1.44,1.65
2024-07-19 00:00:00,00_04,4.57,4.97,3.43,3.7
2024-07-19 04:00:00,04_08,12.29,13.65,5.08,5.7
2024-07-19 08:00:00,08_12,21.01,22.59,19.93,22.42
2024-07-19 12:00:00,12_16,14.43,16.68,36.7,42.0
2024-07-19 16:00:00,16_20,19.18,21.96,14.86,15.94
2024-07-19 20:00:00,20_24,34.74,37.48,1.32,1.46
2024-07-20 00:00:00,00_04,5.79,7.28,3.34,3.82
2024-07-20 04:00:00,04_08,11.23,11.72,4.83,5.39
2024-07-20 08:00:00,08_12,17.16,18.43,22.39,25.0
2024-07-20 12:00:00,12_16,11.77,12.5,43.3,52.0
2024-07-20 16:00:00,16_20,15.81,17.07,18.57,20.88
2024-07-20 20:00:00,20_24,28.53,30.85,1.36,1.64
2024-07-21 00:00:00,00_04,5.67,6.43,3.82,4.3
2024-07-21 04:00:00,04_08,9.96,10.89,5.28,6.1
2024-07-21 08:00:00,08_12,14.83,16.26,24.16,28.08
2024-07-21 12:00:00,12_16,9.76,10.83,44.63,51.69
2024-07-21 16:00:00,16_20,13.73,14.86,17.49,19.45
2024-07-21 20:00:00,20_24,24.75,25.98,1.29,1.44
2024-07-22 00:00:00,00_04,5.46,5.9,3.4,3.88
2024-07-22 04:00:00,04_08,11.36,12.66,4.56,5.25
2024-07-22 08:00:00,08_12,16.29,17.6,17.98,19.62
2024-07-22 12:00:00,12_16,10.73,11.64,35.55,40.36
2024-07-22 16:00:00,16_20,15.99,17.1,13.88,14.84
2024-07-22 20:00:00,20_24,28.47,31.01,1.16,1.3
2024-07-23 00:00:00,00_04,5.19,5.51,3.19,3.61
2024-07-23 04:00:00,04_08,11.02,12.21,4.25,5.17
2024-07-23 08:00:00,08_12,16.21,19.57,15.36,18.27
2024-07-23 12:00:00,12_16,10.32,11.62,32.79,39.85
2024-07-23 16:00:00,16_20,15.41,17.53,11.53,13.37
2024-07-23 20:00:00,20_24,27.78,29.98,1.12,1.28
2024-07-24 00:00:00,00_04,4.95,5.47,3.02,3.35
2024-07-24 04:00:00,04_08,10.42,11.05,4.07,4.45
2024-07-24 08:00:00,08_12,15.61,17.4,15.19,16.96
2024-07-24 12:00:00,12_16,9.84,10.32,40.23,51.5
2024-07-24 16:00:00,16_20,14.33,14.98,14.5,18.67
2024-07-24 20:00:00,20_24,27.16,29.0,1.06,1.25
2024-07-25 00:00:00,00_04,5.06,5.51,2.78,3.21
2024-07-25 04:00:00,04_08,10.55,11.93,3.57,4.1
2024-07-25 08:00:00,08_12,15.29,16.44,14.24,16.0
2024-07-25 12:00:00,12_16,9.5,10.16,37.81,42.7
2024-07-25 16:00:00,16_20,15.63,16.87,12.89,13.51
2024-07-25 20:00:00,20_24,30.85,37.22,1.04,1.15
2024-07-26 00:00:00,00_04,4.82,5.06,2.72,3.0
2024-07-26 04:00:00,04_08,9.91,10.28,3.38,3.76
2024-07-26 08:00:00,08_12,14.5,15.32,12.59,13.85
2024-07-26 12:00:00,12_16,9.31,9.91,34.15,38.26
2024-07-26 16:00:00,16_20,14.76,15.69,10.99,11.53
2024-07-26 20:00:00,20_24,28.66,31.25,0.95,1.12
2024-07-27 00:00:00,00_04,4.75,5.09,2.66,3.07
2024-07-27 04:00:00,04_08,8.93,9.46,3.27,3.7
2024-07-27 08:00:00,08_12,13.1,14.03,13.5,16.1
2024-07-27 12:00:00,12_16,8.66,9.0,34.9,41.88
2024-07-27 16:00:00,16_20,13.54,14.02,10.28,11.57
2024-07-27 20:00:00,20_24,24.96,26.33,1.07,1.33
2024-07-28 00:00:00,00_04,4.95,8.36,3.18,4.41
2024-07-28 04:00:00,04_08,8.3,10.23,3.96,6.0
2024-07-28 08:00:00,08_12,12.22,17.67,21.42,27.5
2024-07-28 12:00:00,12_16,8.02,8.94,51.47,65.34
2024-07-28 16:00:00,16_20,11.61,12.31,20.28,26.7
2024-07-28 20:00:00,20_24,21.11,23.38,1.25,1.49
2024-07-29 00:00:00,00_04,4.84,5.63,3.09,3.55
2024-07-29 04:00:00,04_08,10.48,11.89,3.65,4.15
2024-07-29 08:00:00,08_12,13.92,16.11,17.16,21.0
2024-07-29 12:00:00,12_16,8.99,9.7,42.21,57.65
2024-07-29 16:00:00,16_20,14.28,15.72,15.99,18.43
2024-07-29 20:00:00,20_24,26.39,29.02,1.13,1.31
2024-07-30 00:00:00,00_04,4.88,5.21,2.77,3.1
2024-07-30 04:00:00,04_08,10.52,13.92,3.31,3.73
2024-07-30 08:00:00,08_12,14.1,17.3,16.38,18.74
2024-07-30 12:00:00,12_16,8.68,9.24,41.35,55.96
2024-07-30 16:00:00,16_20,14.18,14.99,13.44,15.25
2024-07-30 20:00:00,20_24,26.69,30.68,1.04,1.3
2024-07-31 00:00:00,00_04,4.79,5.1,2.48,2.82
2024-07-31 04:00:00,04_08,11.13,12.58,2.94,3.26
2024-07-31 08:00:00,08_12,14.46,16.22,15.66,16.85
2024-07-31 12:00:00,12_16,8.7,13.06,40.46,47.24
2024-07-31 16:00:00,16_20,13.64,14.6,11.69,13.06
2024-07-31 20:00:00,20_24,24.75,29.45,1.02,1.19
2024-08-01 00:00:00,00_04,4.66,4.92,2.32,2.5
2024-08-01 04:00:00,04_08,10.65,11.18,2.75,3.0
2024-08-01 08:00:00,08_12,13.9,14.57,13.47,14.5
2024-08-01 12:00:00,12_16,9.31,10.27,33.83,37.44
2024-08-01 16:00:00,16_20,13.06,13.9,9.88,10.61
2024-08-01 20:00:00,20_24,23.21,25.09,0.99,1.15
2024-08-02 00:00:00,00_04,4.5,4.68,1.98,2.19
2024-08-02 04:00:00,04_08,9.73,10.09,2.41,2.68
2024-08-02 08:00:00,08_12,12.84,13.57,11.44,12.8
2024-08-02 12:00:00,12_16,8.81,12.79,28.86,31.5
2024-08-02 16:00:00,16_20,12.44,13.08,8.3,9.33
2024-08-02 20:00:00,20_24,21.54,22.97,0.95,1.08
2024-08-03 00:00:00,00_04,4.93,6.5,1.92,2.16
2024-08-03 04:00:00,04_08,9.07,9.48,2.38,3.04
2024-08-03 08:00:00,08_12,11.77,12.46,17.61,27.76
2024-08-03 12:00:00,12_16,8.77,11.82,43.21,65.09
2024-08-03 16:00:00,16_20,11.43,12.23,13.02,18.9
2024-08-03 20:00:00,20_24,20.12,21.39,1.05,1.27
2024-08-04 00:00:00,00_04,5.59,9.43,2.06,2.4
2024-08-04 04:00:00,04_08,9.38,16.32,3.21,4.07
2024-08-04 08:00:00,08_12,11.02,11.96,32.02,59.88
2024-08-04 12:00:00,12_16,8.64,9.85,58.27,84.08
2024-08-04 16:00:00,16_20,10.72,11.34,20.07,35.1
2024-08-04 20:00:00,20_24,18.89,19.72,1.11,1.25
2024-08-05 00:00:00,00_04,5.72,7.62,1.94,2.32
2024-08-05 04:00:00,04_08,12.18,18.3,2.7,3.21
2024-08-05 08:00:00,08_12,13.38,14.66,23.94,28.1
2024-08-05 12:00:00,12_16,9.95,11.0,43.32,53.97
2024-08-05 16:00:00,16_20,13.79,15.12,15.45,18.42
2024-08-05 20:00:00,20_24,25.29,32.45,0.97,1.11
2024-08-06 00:00:00,00_04,5.8,6.11,1.83,2.14
2024-08-06 04:00:00,04_08,13.04,15.58,2.43,2.73
2024-08-06 08:00:00,08_12,28.89,56.03,25.95,50.93
2024-08-06 12:00:00,12_16,9.74,10.5,46.98,67.0
2024-08-06 16:00:00,16_20,14.3,17.17,13.39,15.67
2024-08-06 20:00:00,20_24,27.25,31.26,0.95,1.08
2024-08-07 00:00:00,00_04,5.14,5.56,1.79,1.96
2024-08-07 04:00:00,04_08,12.97,13.64,2.2,3.06
2024-08-07 08:00:00,08_12,27.45,38.05,25.28,34.2
2024-08-07 12:00:00,12_16,10.98,27.26,45.9,55.63
2024-08-07 16:00:00,16_20,15.29,20.41,12.51,13.4
2024-08-07 20:00:00,20_24,27.39,31.85,0.91,0.98
2024-08-08 00:00:00,00_04,4.79,5.01,1.62,1.76
2024-08-08 04:00:00,04_08,11.99,13.06,2.46,2.66
2024-08-08 08:00:00,08_12,20.89,23.39,20.64,23.77
2024-08-08 12:00:00,12_16,13.81,18.91,41.83,46.0
2024-08-08 16:00:00,16_20,16.51,18.42,11.66,12.39
2024-08-08 20:00:00,20_24,29.33,35.0,0.85,0.9
2024-08-09 00:00:00,00_04,4.53,4.85,1.81,2.5
2024-08-09 04:00:00,04_08,10.96,11.35,2.43,3.07
2024-08-09 08:00:00,08_12,16.95,18.54,21.57,24.34
2024-08-09 12:00:00,12_16,12.2,13.06,50.31,65.33
2024-08-09 16:00:00,16_20,14.51,15.5,18.27,26.13
2024-08-09 20:00:00,20_24,26.25,27.67,0.96,1.18
2024-08-10 00:00:00,00_04,4.91,5.89,2.51,3.7
2024-08-10 04:00:00,04_08,9.71,10.36,2.82,3.65
2024-08-10 08:00:00,08_12,14.23,15.99,29.92,38.72
2024-08-10 12:00:00,12_16,10.34,11.46,69.15,80.0
2024-08-10 16:00:00,16_20,12.73,13.39,24.29,30.6
2024-08-10 20:00:00,20_24,23.66,24.9,1.0,1.18
2024-08-11 00:00:00,00_04,5.46,6.82,3.14,3.88
2024-08-11 04:00:00,04_08,9.31,11.67,3.4,4.34
2024-08-11 08:00:00,08_12,12.92,14.3,35.05,42.0
2024-08-11 12:00:00,12_16,9.46,9.91,70.9,79.44
2024-08-11 16:00:00,16_20,11.58,12.36,24.82,29.82
2024-08-11 20:00:00,20_24,22.46,24.46,1.0,1.12
2024-08-12 00:00:00,00_04,5.24,5.78,2.9,3.49
2024-08-12 04:00:00,04_08,11.64,13.3,2.94,3.39
2024-08-12 08:00:00,08_12,13.61,15.6,26.21,28.64
2024-08-12 12:00:00,12_16,9.82,10.56,54.05,67.11
2024-08-12 16:00:00,16_20,13.73,16.61,17.52,19.38
2024-08-12 20:00:00,20_24,25.32,27.91,0.97,1.11
2024-08-13 00:00:00,00_04,5.06,5.33,2.88,3.32
2024-08-13 04:00:00,04_08,14.45,19.47,4.91,12.38
2024-08-13 08:00:00,08_12,25.18,38.86,26.74,37.14
2024-08-13 12:00:00,12_16,10.18,13.79,52.48,65.49
2024-08-13 16:00:00,16_20,18.35,28.36,14.99,17.63
2024-08-13 20:00:00,20_24,27.88,35.62,1.12,2.19
2024-08-14 00:00:00,00_04,5.1,5.9,2.69,3.05
2024-08-14 04:00:00,04_08,14.53,16.85,4.45,6.08
2024-08-14 08:00:00,08_12,23.7,28.9,21.76,25.08
2024-08-14 12:00:00,12_16,11.53,16.0,45.59,50.55
2024-08-14 16:00:00,16_20,21.97,27.5,13.32,14.6
2024-08-14 20:00:00,20_24,30.93,36.64,1.12,1.41
2024-08-15 00:00:00,00_04,4.99,5.27,2.5,2.7
2024-08-15 04:00:00,04_08,13.41,14.22,3.92,4.4
2024-08-15 08:00:00,08_12,20.31,22.0,21.26,22.65
2024-08-15 12:00:00,12_16,10.9,11.65,46.91,55.5
2024-08-15 16:00:00,16_20,19.27,20.9,13.17,14.06
2024-08-15 20:00:00,20_24,29.1,30.48,1.1,1.23
2024-08-16 00:00:00,00_04,4.7,4.95,2.41,2.63
2024-08-16 04:00:00,04_08,11.94,12.8,3.4,3.94
2024-08-16 08:00:00,08_12,17.03,18.54,18.87,20.45
2024-08-16 12:00:00,12_16,9.37,10.74,44.96,54.65
2024-08-16 16:00:00,16_20,18.1,21.23,11.97,13.38
2024-08-16 20:00:00,20_24,31.41,41.09,1.0,1.18
2024-08-17 00:00:00,00_04,5.02,5.84,2.24,2.5
2024-08-17 04:00:00,04_08,11.02,11.41,3.41,3.71
2024-08-17 08:00:00,08_12,15.03,15.71,20.78,25.14
2024-08-17 12:00:00,12_16,9.02,9.44,50.0,60.55
2024-08-17 16:00:00,16_20,16.87,18.18,13.46,16.78
2024-08-17 20:00:00,20_24,27.9,29.31,1.08,1.29
2024-08-18 00:00:00,00_04,5.15,6.01,2.68,3.93
2024-08-18 04:00:00,04_08,10.28,11.16,3.42,4.78
2024-08-18 08:00:00,08_12,13.34,14.58,22.8,28.38
2024-08-18 12:00:00,12_16,8.38,9.03,54.66,62.21
2024-08-18 16:00:00,16_20,14.74,16.15,15.97,18.91
2024-08-18 20:00:00,20_24,24.62,25.9,1.17,1.54
2024-08-19 00:00:00,00_04,5.06,5.78,2.68,3.32
2024-08-19 04:00:00,04_08,12.44,14.2,3.24,3.84
2024-08-19 08:00:00,08_12,15.08,17.0,19.6,21.55
2024-08-19 12:00:00,12_16,9.25,10.14,43.68,51.02
2024-08-19 16:00:00,16_20,20.39,24.32,13.51,14.77
2024-08-19 20:00:00,20_24,33.02,42.3,1.06,1.21
2024-08-20 00:00:00,00_04,5.07,5.45,2.57,2.92
2024-08-20 04:00:00,04_08,14.77,28.08,6.19,14.77
2024-08-20 08:00:00,08_12,40.65,67.76,51.01,217.36
2024-08-20 12:00:00,12_16,9.0,9.44,49.07,57.05
2024-08-20 16:00:00,16_20,19.1,20.82,12.53,13.95
2024-08-20 20:00:00,20_24,28.24,30.73,1.09,1.39
2024-08-21 00:00:00,00_04,4.93,5.15,2.64,5.43
2024-08-21 04:00:00,04_08,14.66,16.73,6.16,8.8
2024-08-21 08:00:00,08_12,35.12,44.39,47.88,69.35
2024-08-21 12:00:00,12_16,21.67,59.36,66.49,94.64
2024-08-21 16:00:00,16_20,17.68,24.33,21.83,33.23
2024-08-21 20:00:00,20_24,25.01,26.85,1.32,3.35
2024-08-22 00:00:00,00_04,4.73,4.91,3.12,3.86
2024-08-22 04:00:00,04_08,12.13,13.75,5.24,5.83
2024-08-22 08:00:00,08_12,27.98,31.47,35.62,40.95
2024-08-22 12:00:00,12_16,19.61,24.19,63.13,74.17
2024-08-22 16:00:00,16_20,18.48,20.13,23.46,26.93
2024-08-22 20:00:00,20_24,24.28,31.21,1.74,2.58
2024-08-23 00:00:00,00_04,4.69,6.44,3.68,5.46
2024-08-23 04:00:00,04_08,10.76,11.69,5.49,6.87
2024-08-23 08:00:00,08_12,24.43,26.85,33.71,39.0
2024-08-23 12:00:00,12_16,16.29,18.05,71.32,82.2
2024-08-23 16:00:00,16_20,16.9,18.27,26.41,32.82
2024-08-23 20:00:00,20_24,23.33,25.0,1.85,2.31
2024-08-24 00:00:00,00_04,5.34,6.4,3.31,3.8
2024-08-24 04:00:00,04_08,9.87,10.47,5.14,5.63
2024-08-24 08:00:00,08_12,20.6,22.75,34.23,37.71
2024-08-24 12:00:00,12_16,12.87,14.67,72.26,81.61
2024-08-24 16:00:00,16_20,15.63,16.23,27.01,31.03
2024-08-24 20:00:00,20_24,21.25,22.0,2.0,2.3
2024-08-25 00:00:00,00_04,6.4,16.78,4.55,5.42
2024-08-25 04:00:00,04_08,9.22,9.66,6.89,9.39
2024-08-25 08:00:00,08_12,18.15,18.9,33.8,38.0
2024-08-25 12:00:00,12_16,11.34,11.86,66.21,73.0
2024-08-25 16:00:00,16_20,13.94,14.82,25.65,27.92
2024-08-25 20:00:00,20_24,19.86,21.12,1.89,2.68
2024-08-26 00:00:00,00_04,6.86,7.97,3.78,4.41
2024-08-26 04:00:00,04_08,11.7,12.4,5.4,6.9
2024-08-26 08:00:00,08_12,17.23,19.25,25.31,27.69
2024-08-26 12:00:00,12_16,10.91,11.75,51.88,58.46
2024-08-26 16:00:00,16_20,19.61,28.71,16.87,19.08
2024-08-26 20:00:00,20_24,30.52,37.61,1.65,1.96
2024-08-27 00:00:00,00_04,5.95,6.47,3.38,3.92
2024-08-27 04:00:00,04_08,12.66,15.06,4.6,5.1
2024-08-27 08:00:00,08_12,17.1,19.0,22.06,24.39
2024-08-27 12:00:00,12_16,10.34,10.92,48.78,57.26
2024-08-27 16:00:00,16_20,21.37,31.95,15.04,16.6
2024-08-27 20:00:00,20_24,29.82,34.45,1.62,1.93
2024-08-28 00:00:00,00_04,5.59,6.03,3.16,3.58
2024-08-28 04:00:00,04_08,12.4,13.63,4.17,4.6
2024-08-28 08:00:00,08_12,17.3,18.8,19.94,21.7
2024-08-28 12:00:00,12_16,9.94,12.76,48.99,62.64
2024-08-28 16:00:00,16_20,22.57,25.43,13.63,15.08
2024-08-28 20:00:00,20_24,29.04,30.78,1.61,1.9
2024-08-29 00:00:00,00_04,5.22,5.44,2.95,3.35
2024-08-29 04:00:00,04_08,12.38,15.34,3.8,4.1
2024-08-29 08:00:00,08_12,19.43,23.91,18.41,20.07
2024-08-29 12:00:00,12_16,10.44,11.85,48.07,52.95
2024-08-29 16:00:00,16_20,24.08,30.4,13.09,16.0
2024-08-29 20:00:00,20_24,29.9,34.2,1.59,1.75
2024-08-30 00:00:00,00_04,4.92,5.31,2.78,3.15
2024-08-30 04:00:00,04_08,12.96,14.76,3.31,3.71
2024-08-30 08:00:00,08_12,19.27,22.35,16.13,17.14
2024-08-30 12:00:00,12_16,10.68,11.47,41.37,44.08
2024-08-30 16:00:00,16_20,24.83,31.99,11.61,12.5
2024-08-30 20:00:00,20_24,29.05,32.98,1.5,1.66
2024-08-31 00:00:00,00_04,5.19,7.29,2.7,3.1
2024-08-31 04:00:00,04_08,11.78,12.14,3.32,3.75
2024-08-31 08:00:00,08_12,17.16,18.3,20.59,23.56
2024-08-31 12:00:00,12_16,9.7,10.39,54.38,65.0
2024-08-31 16:00:00,16_20,21.85,22.95,15.2,19.03
2024-08-31 20:00:00,20_24,26.13,27.36,1.49,1.7
2024-09-01 00:00:00,00_04,5.53,7.31,3.02,3.6
2024-09-01 04:00:00,04_08,10.52,11.08,3.72,5.0
2024-09-01 08:00:00,08_12,15.44,17.16,28.26,35.53
2024-09-01 12:00:00,12_16,8.76,9.4,62.95,86.97
2024-09-01 16:00:00,16_20,18.6,20.11,17.97,23.32
2024-09-01 20:00:00,20_24,22.74,24.14,1.54,2.29
2024-09-02 00:00:00,00_04,5.62,6.1,2.89,3.2
2024-09-02 04:00:00,04_08,11.91,13.56,3.4,4.32
2024-09-02 08:00:00,08_12,16.52,17.62,21.08,22.78
2024-09-02 12:00:00,12_16,9.61,10.31,46.56,51.78
2024-09-02 16:00:00,16_20,23.8,30.96,13.78,15.2
2024-09-02 20:00:00,20_24,25.36,29.08,1.59,1.98
2024-09-03 00:00:00,00_04,5.45,5.8,2.66,3.04
2024-09-03 04:00:00,04_08,13.39,17.05,3.19,3.78
2024-09-03 08:00:00,08_12,23.08,35.6,18.62,24.37
2024-09-03 12:00:00,12_16,9.79,11.37,38.32,43.0
2024-09-03 16:00:00,16_20,29.33,46.95,11.22,12.21
2024-09-03 20:00:00,20_24,29.97,37.24,1.52,2.2
2024-09-04 00:00:00,00_04,5.38,5.97,3.3,9.44
2024-09-04 04:00:00,04_08,16.96,25.68,2.94,3.61
2024-09-04 08:00:00,08_12,25.88,36.25,16.91,18.35
2024-09-04 12:00:00,12_16,13.84,26.3,31.64,33.72
2024-09-04 16:00:00,16_20,37.91,59.84,10.05,11.44
2024-09-04 20:00:00,20_24,31.72,40.92,1.63,1.96
2024-09-05 00:00:00,00_04,5.24,5.75,3.88,5.85
2024-09-05 04:00:00,04_08,16.03,17.35,3.22,3.88
2024-09-05 08:00:00,08_12,22.57,25.41,18.57,20.22
2024-09-05 12:00:00,12_16,12.12,13.84,51.6,77.44
2024-09-05 16:00:00,16_20,29.42,32.95,16.93,22.75
2024-09-05 20:00:00,20_24,28.41,30.0,2.21,4.57
2024-09-06 00:00:00,00_04,5.01,5.26,9.68,23.55
2024-09-06 04:00:00,04_08,13.24,14.56,5.02,8.09
2024-09-06 08:00:00,08_12,19.29,21.96,17.12,18.74
2024-09-06 12:00:00,12_16,10.7,11.72,47.72,54.11
2024-09-06 16:00:00,16_20,25.15,27.23,14.41,16.43
2024-09-06 20:00:00,20_24,25.34,26.69,1.99,2.31
2024-09-07 00:00:00,00_04,5.03,5.68,8.23,9.9
2024-09-07 04:00:00,04_08,11.84,12.2,4.34,5.1
2024-09-07 08:00:00,08_12,17.04,18.43,19.5,22.2
2024-09-07 12:00:00,12_16,9.74,10.24,55.62,65.69
2024-09-07 16:00:00,16_20,22.51,24.08,15.42,17.49
2024-09-07 20:00:00,20_24,22.89,23.97,1.89,2.05
2024-09-08 00:00:00,00_04,5.11,5.49,6.95,8.75
2024-09-08 04:00:00,04_08,10.39,11.05,4.62,5.87
2024-09-08 08:00:00,08_12,15.64,16.46,24.39,30.5
2024-09-08 12:00:00,12_16,8.73,9.19,61.37,73.92
2024-09-08 16:00:00,16_20,19.17,20.15,16.11,17.37
2024-09-08 20:00:00,20_24,20.69,22.49,1.74,2.0
2024-09-09 00:00:00,00_04,5.02,5.41,6.0,7.2
2024-09-09 04:00:00,04_08,12.79,15.17,3.98,4.86
2024-09-09 08:00:00,08_12,18.33,24.06,17.36,18.68
2024-09-09 12:00:00,12_16,9.5,10.68,38.39,41.65
2024-09-09 16:00:00,16_20,20.7,22.99,11.64,13.23
2024-09-09 20:00:00,20_24,21.1,24.69,2.01,4.5
2024-09-10 00:00:00,00_04,4.88,5.22,7.55,17.4
2024-09-10 04:00:00,04_08,11.49,12.85,4.45,6.19
2024-09-10 08:00:00,08_12,17.16,20.7,18.44,22.7
2024-09-10 12:00:00,12_16,9.15,9.83,53.93,68.94
2024-09-10 16:00:00,16_20,19.36,20.58,15.69,22.09
2024-09-10 20:00:00,20_24,19.88,21.07,2.54,4.72
2024-09-11 00:00:00,00_04,4.81,5.84,12.55,28.58
2024-09-11 04:00:00,04_08,10.9,11.62,5.96,11.9
2024-09-11 08:00:00,08_12,16.4,17.41,17.18,19.16
2024-09-11 12:00:00,12_16,8.86,10.1,38.8,42.0
2024-09-11 16:00:00,16_20,20.96,26.38,13.38,19.72
2024-09-11 20:00:00,20_24,21.95,26.32,2.57,3.85
2024-09-12 00:00:00,00_04,5.11,5.71,11.05,13.66
2024-09-12 04:00:00,04_08,11.07,12.97,5.35,6.59
2024-09-12 08:00:00,08_12,16.36,18.44,14.55,16.43
2024-09-12 12:00:00,12_16,9.41,10.39,31.72,34.47
2024-09-12 16:00:00,16_20,30.81,47.0,11.26,12.51
2024-09-12 20:00:00,20_24,28.9,38.02,2.33,2.6
2024-09-13 00:00:00,00_04,5.03,5.3,8.61,10.1
2024-09-13 04:00:00,04_08,10.8,11.15,4.79,5.25
2024-09-13 08:00:00,08_12,15.9,17.0,12.79,14.14
2024-09-13 12:00:00,12_16,9.3,9.8,32.37,41.6
2024-09-13 16:00:00,16_20,24.46,28.98,11.55,15.06
2024-09-13 20:00:00,20_24,23.31,28.0,2.48,3.6
2024-09-14 00:00:00,00_04,4.83,5.17,10.58,13.8
2024-09-14 04:00:00,04_08,9.64,10.04,5.68,6.91
2024-09-14 08:00:00,08_12,14.5,14.97,18.48,21.8
2024-09-14 12:00:00,12_16,8.64,9.06,51.56,64.39
2024-09-14 16:00:00,16_20,20.36,21.37,14.32,18.17
2024-09-14 20:00:00,20_24,20.38,21.55,2.57,3.03
2024-09-15 00:00:00,00_04,4.75,5.13,9.27,10.55
2024-09-15 04:00:00,04_08,8.58,8.96,5.8,6.99
2024-09-15 08:00:00,08_12,13.02,13.81,23.41,33.34
2024-09-15 12:00:00,12_16,7.99,8.34,61.61,86.63
2024-09-15 16:00:00,16_20,17.79,18.72,14.73,18.3
2024-09-15 20:00:00,20_24,17.88,19.5,2.46,2.99
2024-09-16 00:00:00,00_04,4.88,5.33,7.97,9.18
2024-09-16 04:00:00,04_08,11.98,15.99,5.25,7.16
2024-09-16 08:00:00,08_12,24.5,35.6,17.59,23.49
2024-09-16 12:00:00,12_16,9.04,9.88,36.94,42.19
2024-09-16 16:00:00,16_20,19.0,21.58,11.17,12.9
2024-09-16 20:00:00,20_24,19.19,21.43,2.47,3.52
2024-09-17 00:00:00,00_04,4.84,5.26,9.04,13.36
2024-09-17 04:00:00,04_08,13.93,17.64,5.88,10.44
2024-09-17 08:00:00,08_12,46.84,81.22,27.41,69.58
2024-09-17 12:00:00,12_16,49.49,83.75,54.16,104.39
2024-09-17 16:00:00,16_20,20.39,27.22,10.75,15.57
2024-09-17 20:00:00,20_24,19.35,21.14,2.71,4.5
2024-09-18 00:00:00,00_04,4.78,5.06,8.11,9.79
2024-09-18 04:00:00,04_08,13.51,14.58,5.75,6.67
2024-09-18 08:00:00,08_12,30.14,34.75,20.03,24.41
2024-09-18 12:00:00,12_16,21.03,36.05,57.07,72.8
2024-09-18 16:00:00,16_20,19.16,20.64,12.27,15.94
2024-09-18 20:00:00,20_24,17.46,18.7,3.24,4.96
2024-09-19 00:00:00,00_04,4.72,4.95,7.68,8.58
2024-09-19 04:00:00,04_08,12.76,13.76,5.43,6.09
2024-09-19 08:00:00,08_12,23.95,29.49,19.91,23.32
2024-09-19 12:00:00,12_16,16.01,20.15,60.89,85.12
2024-09-19 16:00:00,16_20,18.6,20.17,12.89,16.52
2024-09-19 20:00:00,20_24,16.76,17.48,3.63,6.0
2024-09-20 00:00:00,00_04,4.6,4.81,7.15,7.83
2024-09-20 04:00:00,04_08,12.31,13.05,5.18,5.65
2024-09-20 08:00:00,08_12,22.0,23.98,19.0,20.68
2024-09-20 12:00:00,12_16,13.19,14.37,66.45,80.91
2024-09-20 16:00:00,16_20,17.83,19.22,13.4,15.25
2024-09-20 20:00:00,20_24,15.86,16.59,3.41,3.82
2024-09-21 00:00:00,00_04,4.47,4.64,6.75,7.21
2024-09-21 04:00:00,04_08,10.91,11.4,5.02,5.56
2024-09-21 08:00:00,08_12,18.37,19.22,22.01,24.64
2024-09-21 12:00:00,12_16,10.95,11.39,68.94,82.59
2024-09-21 16:00:00,16_20,17.0,18.56,14.71,18.23
2024-09-21 20:00:00,20_24,14.79,15.31,2.88,3.32
2024-09-22 00:00:00,00_04,4.3,4.53,6.17,6.58
2024-09-22 04:00:00,04_08,9.99,10.41,4.78,5.24
2024-09-22 08:00:00,08_12,15.88,17.53,24.15,30.74
2024-09-22 12:00:00,12_16,9.54,10.38,71.35,85.0
2024-09-22 16:00:00,16_20,17.01,18.82,14.86,16.66
2024-09-22 20:00:00,20_24,14.09,14.82,2.57,3.09
2024-09-23 00:00:00,00_04,4.45,4.93,5.47,5.99
2024-09-23 04:00:00,04_08,16.38,27.86,4.32,5.0
2024-09-23 08:00:00,08_12,19.11,24.0,17.82,19.31
2024-09-23 12:00:00,12_16,9.72,10.95,37.4,41.2
2024-09-23 16:00:00,16_20,31.64,55.72,10.94,11.92
2024-09-23 20:00:00,20_24,19.15,22.54,2.46,2.99
2024-09-24 00:00:00,00_04,4.55,4.95,5.3,7.57
2024-09-24 04:00:00,04_08,15.64,17.91,4.21,4.76
2024-09-24 08:00:00,08_12,18.63,20.88,15.59,16.16
2024-09-24 12:00:00,12_16,9.44,10.11,32.46,35.0
2024-09-24 16:00:00,16_20,26.7,30.83,9.51,10.03
2024-09-24 20:00:00,20_24,18.3,19.06,2.39,2.9
2024-09-25 00:00:00,00_04,4.4,4.6,9.32,15.88
2024-09-25 04:00:00,04_08,13.4,14.88,5.81,9.49
2024-09-25 08:00:00,08_12,17.02,18.24,16.59,19.52
2024-09-25 12:00:00,12_16,9.2,10.04,33.82,38.53
2024-09-25 16:00:00,16_20,22.89,25.38,8.13,9.1
2024-09-25 20:00:00,20_24,16.93,17.88,2.36,2.6
2024-09-26 00:00:00,00_04,4.27,4.44,7.66,9.2
2024-09-26 04:00:00,04_08,11.95,12.53,5.53,7.23
2024-09-26 08:00:00,08_12,15.71,16.84,14.21,15.9
2024-09-26 12:00:00,12_16,9.09,9.76,31.07,34.5
2024-09-26 16:00:00,16_20,19.65,21.52,7.43,8.98
2024-09-26 20:00:00,20_24,15.37,15.99,2.42,3.09
2024-09-27 00:00:00,00_04,4.17,5.07,13.95,19.76
2024-09-27 04:00:00,04_08,10.42,11.8,10.13,14.73
2024-09-27 08:00:00,08_12,14.35,17.03,22.73,28.33
2024-09-27 12:00:00,12_16,8.72,9.77,63.42,76.8
2024-09-27 16:00:00,16_20,17.77,18.98,12.95,16.68
2024-09-27 20:00:00,20_24,14.13,14.62,2.74,3.57
2024-09-28 00:00:00,00_04,4.23,4.66,14.0,15.88
2024-09-28 04:00:00,04_08,9.5,9.95,9.75,13.7
2024-09-28 08:00:00,08_12,13.43,14.07,21.73,26.28
2024-09-28 12:00:00,12_16,8.24,9.17,58.85,64.53
2024-09-28 16:00:00,16_20,16.34,17.32,12.87,16.25
2024-09-28 20:00:00,20_24,13.14,14.05,2.62,2.9
2024-09-29 00:00:00,00_04,4.08,4.37,10.43,11.78
2024-09-29 04:00:00,04_08,8.65,9.16,7.69,8.56
2024-09-29 08:00:00,08_12,12.28,13.02,22.09,26.99
2024-09-29 12:00:00,12_16,7.87,8.15,55.07,60.65
2024-09-29 16:00:00,16_20,19.63,26.98,11.23,12.69
2024-09-29 20:00:00,20_24,13.55,17.6,2.37,2.57
2024-09-30 00:00:00,00_04,4.04,4.36,11.31,16.64
2024-09-30 04:00:00,04_08,9.56,12.27,7.79,12.38
2024-09-30 08:00:00,08_12,14.78,18.0,18.56,20.0
2024-09-30 12:00:00,12_16,8.33,9.15,41.56,54.0
2024-09-30 16:00:00,16_20,19.16,21.75,10.22,12.24
2024-09-30 20:00:00,20_24,13.51,15.38,3.06,5.1
2024-10-01 00:00:00,00_04,3.96,4.28,18.58,37.85
2024-10-01 04:00:00,04_08,9.88,11.47,10.39,18.98
2024-10-01 08:00:00,08_12,15.06,16.66,14.93,16.57
2024-10-01 12:00:00,12_16,8.85,10.02,33.69,37.71
2024-10-01 16:00:00,16_20,21.57,24.91,8.62,9.15
2024-10-01 20:00:00,20_24,14.11,15.97,2.81,3.6
2024-10-02 00:00:00,00_04,3.91,4.19,14.68,17.37
2024-10-02 04:00:00,04_08,10.35,11.5,7.88,9.3
2024-10-02 08:00:00,08_12,15.66,18.0,11.05,12.25
2024-10-02 12:00:00,12_16,8.93,9.79,23.11,25.59
2024-10-02 16:00:00,16_20,21.59,24.31,6.91,7.95
2024-10-02 20:00:00,20_24,13.79,15.2,2.38,2.73
2024-10-03 00:00:00,00_04,3.91,4.43,10.76,11.91
2024-10-03 04:00:00,04_08,9.65,10.1,6.8,8.09
2024-10-03 08:00:00,08_12,14.33,15.81,10.48,13.39
2024-10-03 12:00:00,12_16,8.3,9.09,23.84,31.59
2024-10-03 16:00:00,16_20,20.23,21.84,6.2,7.74
2024-10-03 20:00:00,20_24,13.42,14.3,2.14,2.39
2024-10-04 00:00:00,00_04,3.99,4.17,9.16,10.09
2024-10-04 04:00:00,04_08,8.96,9.5,6.11,6.65
2024-10-04 08:00:00,08_12,13.77,15.59,9.84,10.83
2024-10-04 12:00:00,12_16,8.13,8.86,20.8,23.39
2024-10-04 16:00:00,16_20,21.74,29.42,5.77,6.4
2024-10-04 20:00:00,20_24,13.32,13.99,1.92,2.06
2024-10-05 00:00:00,00_04,3.76,3.96,7.61,8.19
2024-10-05 04:00:00,04_08,8.28,8.59,5.32,5.9
2024-10-05 08:00:00,08_12,12.86,13.85,9.15,9.97
2024-10-05 12:00:00,12_16,7.67,7.96,21.49,27.75
2024-10-05 16:00:00,16_20,20.37,22.45,5.12,5.74
2024-10-05 20:00:00,20_24,12.48,12.89,1.73,1.98
2024-10-06 00:00:00,00_04,3.55,3.76,7.04,7.31
2024-10-06 04:00:00,04_08,7.4,7.85,5.26,5.75
2024-10-06 08:00:00,08_12,11.69,12.24,14.35,19.58
2024-10-06 12:00:00,12_16,7.04,7.84,41.07,57.57
2024-10-06 16:00:00,16_20,18.57,20.11,6.07,8.28
2024-10-06 20:00:00,20_24,11.52,12.13,2.08,4.02
2024-10-07 00:00:00,00_04,3.49,3.88,7.97,10.97
2024-10-07 04:00:00,04_08,8.69,9.9,5.7,8.7
2024-10-07 08:00:00,08_12,13.67,15.73,11.33,12.58
2024-10-07 12:00:00,12_16,7.6,8.82,28.39,34.94
2024-10-07 16:00:00,16_20,26.41,32.75,4.91,5.4
2024-10-07 20:00:00,20_24,12.33,14.49,2.02,2.51
2024-10-08 00:00:00,00_04,3.48,3.7,6.88,9.51
2024-10-08 04:00:00,04_08,8.01,8.54,5.38,6.61
2024-10-08 08:00:00,08_12,12.08,13.28,8.48,9.41
2024-10-08 12:00:00,12_16,7.64,8.05,20.26,22.6
2024-10-08 16:00:00,16_20,31.29,48.33,4.03,4.65
2024-10-08 20:00:00,20_24,10.85,12.49,1.91,2.12
2024-10-09 00:00:00,00_04,3.3,3.47,7.35,9.85
2024-10-09 04:00:00,04_08,7.46,7.85,4.91,5.33
2024-10-09 08:00:00,08_12,11.24,12.39,7.52,8.35
2024-10-09 12:00:00,12_16,7.77,20.45,18.53,19.96
2024-10-09 16:00:00,16_20,28.39,31.54,3.6,3.95
2024-10-09 20:00:00,20_24,9.98,10.51,1.74,1.9
2024-10-10 00:00:00,00_04,3.08,3.23,7.6,9.21
2024-10-10 04:00:00,04_08,7.01,7.97,5.19,12.74
2024-10-10 08:00:00,08_12,14.33,27.96,12.88,41.99
2024-10-10 12:00:00,12_16,13.01,22.0,30.45,66.25
2024-10-10 16:00:00,16_20,23.79,25.79,3.56,8.66
2024-10-10 20:00:00,20_24,8.95,9.34,1.57,1.73
2024-10-11 00:00:00,00_04,2.89,3.13,7.24,9.01
2024-10-11 04:00:00,04_08,7.17,8.87,5.72,7.34
2024-10-11 08:00:00,08_12,14.7,18.25,12.85,16.15
2024-10-11 12:00:00,12_16,11.47,14.26,26.61,31.91
2024-10-11 16:00:00,16_20,29.57,38.24,3.97,4.93
2024-10-11 20:00:00,20_24,12.56,20.28,1.4,1.53
2024-10-12 00:00:00,00_04,3.55,5.0,6.76,7.24
2024-10-12 04:00:00,04_08,7.12,7.78,5.34,5.78
2024-10-12 08:00:00,08_12,12.95,14.07,12.93,14.72
2024-10-12 12:00:00,12_16,9.35,10.54,28.72,33.59
2024-10-12 16:00:00,16_20,23.6,24.88,4.04,4.88
2024-10-12 20:00:00,20_24,11.58,13.26,2.34,3.79
2024-10-13 00:00:00,00_04,3.8,5.73,11.42,17.68
2024-10-13 04:00:00,04_08,6.45,6.81,11.2,18.97
2024-10-13 08:00:00,08_12,10.57,11.23,22.32,27.68
2024-10-13 12:00:00,12_16,7.96,8.82,49.42,62.89
2024-10-13 16:00:00,16_20,18.46,20.36,9.95,17.48
2024-10-13 20:00:00,20_24,9.76,10.8,2.72,4.02
2024-10-14 00:00:00,00_04,4.44,6.81,10.69,16.9
2024-10-14 04:00:00,04_08,21.41,48.29,8.9,15.22
2024-10-14 08:00:00,08_12,33.95,85.9,15.09,20.0
2024-10-14 12:00:00,12_16,23.58,65.16,27.09,42.81
2024-10-14 16:00:00,16_20,70.32,155.39,6.64,9.9
2024-10-14 20:00:00,20_24,29.99,71.39,2.51,5.52
2024-10-15 00:00:00,00_04,17.85,34.46,9.59,14.26
2024-10-15 04:00:00,04_08,29.08,40.85,8.64,24.29
2024-10-15 08:00:00,08_12,37.7,51.22,15.18,28.0
2024-10-15 12:00:00,12_16,24.16,32.05,24.89,30.54
2024-10-15 16:00:00,16_20,48.11,64.62,7.77,19.58
2024-10-15 20:00:00,20_24,27.38,33.82,5.69,13.58
2024-10-16 00:00:00,00_04,12.96,15.32,16.26,26.25
2024-10-16 04:00:00,04_08,19.72,24.05,14.2,20.96
2024-10-16 08:00:00,08_12,25.51,30.65,21.2,30.24
2024-10-16 12:00:00,12_16,16.91,19.77,40.46,55.0
2024-10-16 16:00:00,16_20,34.33,38.22,10.55,15.7
2024-10-16 20:00:00,20_24,18.62,21.8,6.7,9.83
2024-10-17 00:00:00,00_04,9.3,10.41,25.3,41.46
2024-10-17 04:00:00,04_08,15.71,18.8,15.88,25.04
2024-10-17 08:00:00,08_12,21.32,24.65,19.65,23.57
2024-10-17 12:00:00,12_16,13.88,17.0,33.51,37.32
2024-10-17 16:00:00,16_20,37.78,47.28,8.31,9.98
2024-10-17 20:00:00,20_24,19.31,22.36,5.27,6.65
2024-10-18 00:00:00,00_04,7.96,8.6,16.3,19.2
2024-10-18 04:00:00,04_08,14.36,15.18,11.48,12.61
2024-10-18 08:00:00,08_12,18.94,21.26,14.58,15.5
2024-10-18 12:00:00,12_16,12.24,13.28,23.75,25.3
2024-10-18 16:00:00,16_20,33.27,37.35,6.26,6.98
2024-10-18 20:00:00,20_24,16.37,19.63,4.64,5.05
2024-10-19 00:00:00,00_04,6.75,7.25,12.29,13.3
2024-10-19 04:00:00,04_08,11.95,13.01,8.6,10.92
2024-10-19 08:00:00,08_12,15.47,17.42,12.13,14.77
2024-10-19 12:00:00,12_16,10.08,10.98,25.92,32.0
2024-10-19 16:00:00,16_20,27.29,28.87,5.33,6.21
2024-10-19 20:00:00,20_24,13.67,15.12,3.95,4.6
2024-10-20 00:00:00,00_04,5.75,5.89,10.09,11.88
2024-10-20 04:00:00,04_08,10.07,10.5,7.35,8.53
2024-10-20 08:00:00,08_12,13.18,14.01,15.88,20.0
2024-10-20 12:00:00,12_16,8.52,9.01,41.97,51.42
2024-10-20 16:00:00,16_20,22.48,22.98,7.42,10.38
2024-10-20 20:00:00,20_24,11.5,12.18,6.5,15.8
2024-10-21 00:00:00,00_04,4.91,6.2,23.68,43.32
2024-10-21 04:00:00,04_08,9.84,11.9,12.5,24.98
2024-10-21 08:00:00,08_12,14.96,17.88,11.38,12.5
2024-10-21 12:00:00,12_16,10.1,11.56,25.64,29.19
2024-10-21 16:00:00,16_20,36.37,48.43,5.48,6.22
2024-10-21 20:00:00,20_24,13.82,16.23,4.72,5.9
2024-10-22 00:00:00,00_04,4.99,5.41,14.32,16.23
2024-10-22 04:00:00,04_08,10.79,11.76,10.13,10.99
2024-10-22 08:00:00,08_12,15.34,18.62,9.06,10.2
2024-10-22 12:00:00,12_16,9.69,10.84,20.94,23.94
2024-10-22 16:00:00,16_20,31.28,37.14,4.69,5.0
2024-10-22 20:00:00,20_24,12.94,13.84,3.83,4.41
2024-10-23 00:00:00,00_04,4.7,4.97,10.28,11.73
2024-10-23 04:00:00,04_08,14.06,22.28,7.51,8.31
2024-10-23 08:00:00,08_12,32.46,66.0,7.78,8.4
2024-10-23 12:00:00,12_16,16.78,33.0,17.39,19.26
2024-10-23 16:00:00,16_20,44.39,74.74,3.77,4.41
2024-10-23 20:00:00,20_24,13.15,16.0,3.32,3.53
2024-10-24 00:00:00,00_04,4.37,4.66,8.52,9.22
2024-10-24 04:00:00,04_08,13.22,14.0,6.5,7.12
2024-10-24 08:00:00,08_12,25.91,34.11,6.3,7.15
2024-10-24 12:00:00,12_16,14.34,17.87,14.96,16.99
2024-10-24 16:00:00,16_20,33.6,36.66,3.22,3.5
2024-10-24 20:00:00,20_24,11.94,12.76,2.77,3.3
2024-10-25 00:00:00,00_04,4.09,4.27,6.95,7.49
2024-10-25 04:00:00,04_08,11.25,11.9,5.36,5.81
2024-10-25 08:00:00,08_12,19.81,21.44,5.36,5.73
2024-10-25 12:00:00,12_16,11.36,11.99,13.14,14.01
2024-10-25 16:00:00,16_20,37.28,47.0,2.56,2.89
2024-10-25 20:00:00,20_24,11.52,12.66,2.32,2.53
2024-10-26 00:00:00,00_04,3.8,4.0,5.72,6.02
2024-10-26 04:00:00,04_08,9.22,9.96,4.44,4.8
2024-10-26 08:00:00,08_12,15.28,16.36,4.63,5.26
2024-10-26 12:00:00,12_16,9.67,10.09,14.53,18.6
2024-10-26 16:00:00,16_20,26.89,30.25,2.65,3.65
2024-10-26 20:00:00,20_24,9.99,10.6,2.24,2.77
2024-10-27 00:00:00,00_04,3.43,3.7,5.39,6.38
2024-10-27 04:00:00,04_08,7.7,8.2,4.12,4.67
2024-10-27 08:00:00,08_12,12.17,13.6,8.4,14.02
2024-10-27 12:00:00,12_16,8.08,8.74,19.35,30.1
2024-10-27 16:00:00,16_20,21.48,23.62,2.91,5.08
2024-10-27 20:00:00,20_24,8.99,9.47,2.11,2.4
2024-10-28 00:00:00,00_04,3.38,3.71,4.98,5.7
2024-10-28 04:00:00,04_08,8.66,10.78,3.73,4.16
2024-10-28 08:00:00,08_12,13.04,15.43,5.98,6.91
2024-10-28 12:00:00,12_16,8.34,9.68,14.12,15.44
2024-10-28 16:00:00,16_20,27.04,33.49,2.4,2.81
2024-10-28 20:00:00,20_24,9.06,10.39,1.66,1.99
2024-10-29 00:00:00,00_04,3.2,3.62,4.42,4.83
2024-10-29 04:00:00,04_08,8.84,10.43,3.33,3.72
2024-10-29 08:00:00,08_12,12.17,13.62,4.6,5.16
2024-10-29 12:00:00,12_16,8.33,9.47,10.29,11.94
2024-10-29 16:00:00,16_20,37.82,57.09,1.87,2.19
2024-10-29 20:00:00,20_24,9.27,10.73,1.38,1.8
2024-10-30 00:00:00,00_04,3.05,3.38,3.92,4.42
2024-10-30 04:00:00,04_08,8.2,9.52,2.93,3.24
2024-10-30 08:00:00,08_12,11.24,12.28,3.91,4.18
2024-10-30 12:00:00,12_16,8.02,8.4,8.55,9.2
2024-10-30 16:00:00,16_20,42.68,56.87,1.52,1.66
2024-10-30 20:00:00,20_24,8.87,9.6,1.24,1.48
2024-10-31 00:00:00,00_04,2.94,3.15,3.62,3.83
2024-10-31 04:00:00,04_08,7.52,7.85,2.72,2.9
2024-10-31 08:00:00,08_12,9.75,10.37,3.7,4.5
2024-10-31 12:00:00,12_16,7.34,7.64,9.02,13.56
2024-10-31 16:00:00,16_20,27.79,30.89,1.41,2.0
2024-10-31 20:00:00,20_24,8.27,8.67,1.66,3.25
2024-11-01 00:00:00,00_04,2.8,3.17,5.78,8.0
2024-11-01 04:00:00,04_08,6.58,7.09,3.8,6.5
2024-11-01 08:00:00,08_12,8.33,9.22,9.0,16.8
2024-11-01 12:00:00,12_16,6.32,6.84,18.58,27.42
2024-11-01 16:00:00,16_20,20.89,23.25,1.86,2.98
2024-11-01 20:00:00,20_24,7.25,7.99,2.12,3.0
2024-11-02 00:00:00,00_04,2.76,2.93,5.59,6.68
2024-11-02 04:00:00,04_08,5.88,6.81,3.93,4.75
2024-11-02 08:00:00,08_12,7.52,8.69,7.31,9.77
2024-11-02 12:00:00,12_16,5.92,7.06,14.8,16.44
2024-11-02 16:00:00,16_20,28.18,38.78,1.67,1.91
2024-11-02 20:00:00,20_24,6.83,7.27,1.8,2.14
2024-11-03 00:00:00,00_04,2.53,2.74,4.87,5.18
2024-11-03 04:00:00,04_08,5.38,5.83,3.53,3.85
2024-11-03 08:00:00,08_12,6.85,7.28,10.45,15.12
2024-11-03 12:00:00,12_16,5.53,6.13,22.14,26.59
2024-11-03 16:00:00,16_20,21.72,23.36,1.67,2.35
2024-11-03 20:00:00,20_24,6.38,6.78,1.58,1.72
2024-11-04 00:00:00,00_04,2.69,3.0,4.1,4.69
2024-11-04 04:00:00,04_08,7.23,8.4,2.92,3.32
2024-11-04 08:00:00,08_12,9.1,11.41,6.25,6.99
2024-11-04 12:00:00,12_16,6.87,7.65,12.83,14.06
2024-11-04 16:00:00,16_20,54.22,118.27,1.4,1.52
2024-11-04 20:00:00,20_24,8.2,11.45,1.24,1.41
2024-11-05 00:00:00,00_04,2.77,3.26,3.47,3.88
2024-11-05 04:00:00,04_08,19.03,31.03,3.17,8.48
2024-11-05 08:00:00,08_12,50.27,91.41,6.06,19.49
2024-11-05 12:00:00,12_16,160.71,1057.48,10.79,16.2
2024-11-05 16:00:00,16_20,95.66,150.06,1.13,1.28
2024-11-05 20:00:00,20_24,10.17,14.88,1.04,1.18
2024-11-06 00:00:00,00_04,2.86,3.25,2.67,3.22
2024-11-06 04:00:00,04_08,24.84,44.62,2.68,3.82
2024-11-06 08:00:00,08_12,41.36,70.01,6.08,8.34
2024-11-06 12:00:00,12_16,47.69,63.78,10.6,15.83
2024-11-06 16:00:00,16_20,176.64,327.87,1.03,1.13
2024-11-06 20:00:00,20_24,18.8,37.07,0.88,1.06
2024-11-07 00:00:00,00_04,2.91,3.23,2.42,2.75
2024-11-07 04:00:00,04_08,29.74,37.24,2.56,3.04
2024-11-07 08:00:00,08_12,36.95,45.35,5.26,5.89
2024-11-07 12:00:00,12_16,28.83,33.9,10.12,11.51
2024-11-07 16:00:00,16_20,156.74,240.84,0.87,0.96
2024-11-07 20:00:00,20_24,18.89,26.66,0.78,0.95
2024-11-08 00:00:00,00_04,2.86,3.07,2.13,2.38
2024-11-08 04:00:00,04_08,22.1,27.5,2.3,2.55
2024-11-08 08:00:00,08_12,24.03,28.57,4.41,4.92
2024-11-08 12:00:00,12_16,16.81,22.16,8.25,9.1
2024-11-08 16:00:00,16_20,56.37,79.0,0.78,0.88
2024-11-08 20:00:00,20_24,14.36,17.05,0.83,1.65
2024-11-09 00:00:00,00_04,2.64,2.83,2.03,2.38
2024-11-09 04:00:00,04_08,15.84,17.0,2.07,2.22
2024-11-09 08:00:00,08_12,15.68,16.88,4.07,4.56
2024-11-09 12:00:00,12_16,12.4,13.78,7.65,8.5
2024-11-09 16:00:00,16_20,33.34,40.0,0.68,1.0
2024-11-09 20:00:00,20_24,10.03,11.1,0.86,1.18
2024-11-10 00:00:00,00_04,2.33,2.53,1.98,2.22
2024-11-10 04:00:00,04_08,8.67,9.74,1.83,1.96
2024-11-10 08:00:00,08_12,8.89,9.9,3.78,4.0
2024-11-10 12:00:00,12_16,8.04,8.6,7.19,7.65
2024-11-10 16:00:00,16_20,20.42,23.18,0.55,0.8
2024-11-10 20:00:00,20_24,7.05,7.86,0.74,0.86
2024-11-11 00:00:00,00_04,2.33,2.5,1.86,2.7
2024-11-11 04:00:00,04_08,7.86,9.69,1.59,3.0
2024-11-11 08:00:00,08_12,8.05,10.12,3.01,3.5
2024-11-11 12:00:00,12_16,7.33,8.56,5.6,6.27
2024-11-11 16:00:00,16_20,21.63,29.27,0.49,0.6
2024-11-11 20:00:00,20_24,6.87,8.37,0.84,2.25
2024-11-12 00:00:00,00_04,2.29,2.55,2.42,10.82
2024-11-12 04:00:00,04_08,10.55,18.97,1.88,2.73
2024-11-12 08:00:00,08_12,19.27,35.52,2.61,2.92
2024-11-12 12:00:00,12_16,9.67,16.77,4.62,4.95
2024-11-12 16:00:00,16_20,85.63,142.28,0.38,0.45
2024-11-12 20:00:00,20_24,9.94,14.66,0.9,1.8
2024-11-13 00:00:00,00_04,2.27,2.43,3.73,8.44
2024-11-13 04:00:00,04_08,12.38,18.0,1.97,2.36
2024-11-13 08:00:00,08_12,27.25,38.0,2.3,2.46
2024-11-13 12:00:00,12_16,10.54,14.58,3.66,4.0
2024-11-13 16:00:00,16_20,67.29,92.78,0.37,0.47
2024-11-13 20:00:00,20_24,9.3,10.39,1.23,2.11
2024-11-14 00:00:00,00_04,2.14,2.25,5.02,6.76
2024-11-14 04:00:00,04_08,10.15,13.23,2.47,4.11
2024-11-14 08:00:00,08_12,20.74,24.4,2.08,2.29
2024-11-14 12:00:00,12_16,9.49,12.17,3.15,3.39
2024-11-14 16:00:00,16_20,48.14,58.9,0.32,0.46
2024-11-14 20:00:00,20_24,8.09,8.91,1.19,1.58
2024-11-15 00:00:00,00_04,1.92,2.5,4.24,4.92
2024-11-15 04:00:00,04_08,9.13,9.79,2.2,2.8
2024-11-15 08:00:00,08_12,16.91,18.69,1.77,1.95
2024-11-15 12:00:00,12_16,8.64,9.24,2.51,2.95
2024-11-15 16:00:00,16_20,36.16,39.0,0.32,0.42
2024-11-15 20:00:00,20_24,7.26,7.98,1.13,1.5
2024-11-16 00:00:00,00_04,3.27,6.95,3.92,4.4
2024-11-16 04:00:00,04_08,7.41,7.89,2.79,5.17
2024-11-16 08:00:00,08_12,11.03,13.18,2.92,4.99
2024-11-16 12:00:00,12_16,6.88,7.88,4.7,7.21
2024-11-16 16:00:00,16_20,21.9,25.39,0.86,1.98
2024-11-16 20:00:00,20_24,6.3,6.9,1.77,3.58
2024-11-17 00:00:00,00_04,3.55,4.57,8.88,16.44
2024-11-17 04:00:00,04_08,5.9,6.39,11.36,23.96
2024-11-17 08:00:00,08_12,7.97,9.21,7.46,13.34
2024-11-17 12:00:00,12_16,5.79,6.31,12.37,17.5
2024-11-17 16:00:00,16_20,17.36,19.3,1.7,3.18
2024-11-17 20:00:00,20_24,5.7,6.14,3.37,5.75
2024-11-18 00:00:00,00_04,3.22,3.68,17.21,28.36
2024-11-18 04:00:00,04_08,7.09,7.97,12.49,18.21
2024-11-18 08:00:00,08_12,10.51,12.58,5.2,6.2
2024-11-18 12:00:00,12_16,6.98,8.12,6.99,9.18
2024-11-18 16:00:00,16_20,25.52,33.72,1.15,1.54
2024-11-18 20:00:00,20_24,8.19,9.92,2.02,2.8
2024-11-19 00:00:00,00_04,3.21,3.89,9.35,13.32
2024-11-19 04:00:00,04_08,7.13,8.56,7.22,8.94
2024-11-19 08:00:00,08_12,10.73,12.74,4.07,4.4
2024-11-19 12:00:00,12_16,7.25,8.75,5.81,7.29
2024-11-19 16:00:00,16_20,24.81,31.21,1.11,1.32
2024-11-19 20:00:00,20_24,7.65,8.39,2.07,2.93
2024-11-20 00:00:00,00_04,2.99,3.39,8.26,9.6
2024-11-20 04:00:00,04_08,6.78,7.42,6.31,7.0
2024-11-20 08:00:00,08_12,10.43,12.47,3.69,4.24
2024-11-20 12:00:00,12_16,7.16,8.46,5.46,6.75
2024-11-20 16:00:00,16_20,23.52,27.74,0.92,1.11
2024-11-20 20:00:00,20_24,6.95,7.37,1.81,2.43
2024-11-21 00:00:00,00_04,2.84,3.17,6.81,8.14
2024-11-21 04:00:00,04_08,6.47,6.78,5.13,5.97
2024-11-21 08:00:00,08_12,10.35,11.8,3.29,3.65
2024-11-21 12:00:00,12_16,7.08,7.88,4.9,5.34
2024-11-21 16:00:00,16_20,26.12,36.78,0.7,0.9
2024-11-21 20:00:00,20_24,6.58,7.2,1.61,2.0
2024-11-22 00:00:00,00_04,2.82,3.08,5.8,6.4
2024-11-22 04:00:00,04_08,6.0,6.27,4.3,4.7
2024-11-22 08:00:00,08_12,10.2,10.91,2.95,3.09
2024-11-22 12:00:00,12_16,6.73,7.05,4.21,4.61
2024-11-22 16:00:00,16_20,20.79,23.28,0.74,1.12
2024-11-22 20:00:00,20_24,5.93,6.84,1.69,2.96
2024-11-23 00:00:00,00_04,2.7,2.98,6.39,8.0
2024-11-23 04:00:00,04_08,5.22,5.62,4.33,4.98
2024-11-23 08:00:00,08_12,8.55,9.18,3.18,4.14
2024-11-23 12:00:00,12_16,5.76,6.14,4.23,4.87
2024-11-23 16:00:00,16_20,17.71,18.81,0.88,1.3
2024-11-23 20:00:00,20_24,5.44,9.0,3.7,9.0
2024-11-24 00:00:00,00_04,2.51,2.8,15.34,22.61
2024-11-24 04:00:00,04_08,4.29,4.79,14.47,21.02
2024-11-24 08:00:00,08_12,6.79,7.42,13.41,20.88
2024-11-24 12:00:00,12_16,4.75,5.12,15.62,28.2
2024-11-24 16:00:00,16_20,14.26,16.0,5.27,13.07
2024-11-24 20:00:00,20_24,5.52,6.94,9.72,18.84
2024-11-25 00:00:00,00_04,2.36,2.61,16.69,19.82
2024-11-25 04:00:00,04_08,5.24,7.15,15.59,26.28
2024-11-25 08:00:00,08_12,9.91,18.0,8.98,11.55
2024-11-25 12:00:00,12_16,7.15,13.0,10.2,13.37
2024-11-25 16:00:00,16_20,22.97,29.88,3.34,4.71
2024-11-25 20:00:00,20_24,9.83,27.64,6.7,8.5
2024-11-26 00:00:00,00_04,2.38,3.26,9.97,20.0
2024-11-26 04:00:00,04_08,14.79,24.61,9.22,15.3
2024-11-26 08:00:00,08_12,24.17,59.18,5.74,6.8
2024-11-26 12:00:00,12_16,25.07,48.63,7.29,8.28
2024-11-26 16:00:00,16_20,26.96,34.03,1.95,2.76
2024-11-26 20:00:00,20_24,12.12,16.02,3.38,4.7
2024-11-27 00:00:00,00_04,2.56,2.93,8.27,12.88
2024-11-27 04:00:00,04_08,17.3,28.1,6.42,8.51
2024-11-27 08:00:00,08_12,39.15,59.45,3.72,4.46
2024-11-27 12:00:00,12_16,24.43,32.34,4.94,5.99
2024-11-27 16:00:00,16_20,22.14,23.95,1.63,2.4
2024-11-27 20:00:00,20_24,9.57,10.5,5.06,15.0
2024-11-28 00:00:00,00_04,2.33,2.58,22.76,60.15
2024-11-28 04:00:00,04_08,15.16,19.17,9.63,23.46
2024-11-28 08:00:00,08_12,32.31,43.25,3.64,4.3
2024-11-28 12:00:00,12_16,20.0,22.0,4.44,5.22
2024-11-28 16:00:00,16_20,20.13,26.11,1.55,1.79
2024-11-28 20:00:00,20_24,8.22,9.92,3.99,5.38
2024-11-29 00:00:00,00_04,2.4,3.3,13.33,16.64
2024-11-29 04:00:00,04_08,13.88,18.0,7.47,8.59
2024-11-29 08:00:00,08_12,31.08,36.42,2.83,3.2
2024-11-29 12:00:00,12_16,15.28,18.68,3.59,4.01
2024-11-29 16:00:00,16_20,25.75,50.0,1.17,1.3
2024-11-29 20:00:00,20_24,8.1,8.87,3.02,3.5
2024-11-30 00:00:00,00_04,2.44,3.03,10.86,12.95
2024-11-30 04:00:00,04_08,9.89,11.6,6.86,8.1
2024-11-30 08:00:00,08_12,19.29,24.25,3.25,3.99
2024-11-30 12:00:00,12_16,10.61,13.0,4.01,5.93
2024-11-30 16:00:00,16_20,22.54,24.6,1.17,1.33
2024-11-30 20:00:00,20_24,7.21,8.0,2.78,3.15
2024-12-01 00:00:00,00_04,2.59,4.22,9.49,10.23
2024-12-01 04:00:00,04_08,8.47,9.05,6.43,6.9
2024-12-01 08:00:00,08_12,14.05,15.9,3.49,4.2
2024-12-01 12:00:00,12_16,8.66,9.98,4.57,5.16
2024-12-01 16:00:00,16_20,17.41,18.87,1.34,1.68
2024-12-01 20:00:00,20_24,6.58,7.17,2.86,3.49
2024-12-02 00:00:00,00_04,2.73,3.46,10.1,16.4
2024-12-02 04:00:00,04_08,8.62,11.5,6.34,13.0
2024-12-02 08:00:00,08_12,14.85,18.69,2.98,3.76
2024-12-02 12:00:00,12_16,9.49,12.0,3.82,4.1
2024-12-02 16:00:00,16_20,21.01,25.46,1.07,1.25
2024-12-02 20:00:00,20_24,7.14,8.6,2.23,2.64
2024-12-03 00:00:00,00_04,2.77,3.16,7.88,10.94
2024-12-03 04:00:00,04_08,8.67,9.48,6.46,13.76
2024-12-03 08:00:00,08_12,15.76,18.46,2.36,2.8
2024-12-03 12:00:00,12_16,10.92,15.24,3.04,3.28
2024-12-03 16:00:00,16_20,43.96,92.81,0.85,0.98
2024-12-03 20:00:00,20_24,8.68,11.12,2.03,4.07
2024-12-04 00:00:00,00_04,3.04,3.91,6.88,10.89
2024-12-04 04:00:00,04_08,16.56,23.75,5.8,7.93
2024-12-04 08:00:00,08_12,45.34,69.95,1.89,2.23
2024-12-04 12:00:00,12_16,33.27,53.7,2.5,2.89
2024-12-04 16:00:00,16_20,162.04,274.0,0.73,0.83
2024-12-04 20:00:00,20_24,19.66,32.61,1.69,2.17
2024-12-05 00:00:00,00_04,3.12,4.76,6.57,7.61
2024-12-05 04:00:00,04_08,12.64,14.51,5.77,7.23
2024-12-05 08:00:00,08_12,30.15,36.25,1.79,2.05
2024-12-05 12:00:00,12_16,21.48,26.26,2.4,3.02
2024-12-05 16:00:00,16_20,52.83,63.56,1.03,2.14
2024-12-05 20:00:00,20_24,13.9,16.55,3.71,6.72
2024-12-06 00:00:00,00_04,3.23,4.52,30.37,60.46
2024-12-06 04:00:00,04_08,9.63,10.8,17.57,37.4
2024-12-06 08:00:00,08_12,20.97,23.39,2.64,3.74
2024-12-06 12:00:00,12_16,14.67,16.98,2.48,2.98
2024-12-06 16:00:00,16_20,33.2,36.07,1.13,1.49
2024-12-06 20:00:00,20_24,11.67,14.02,2.95,3.59
2024-12-07 00:00:00,00_04,5.15,13.15,15.77,18.49
2024-12-07 04:00:00,04_08,8.08,8.65,13.64,18.47
2024-12-07 08:00:00,08_12,14.97,16.3,3.88,5.96
2024-12-07 12:00:00,12_16,10.93,12.31,3.62,5.14
2024-12-07 16:00:00,16_20,21.09,23.76,1.38,2.16
2024-12-07 20:00:00,20_24,9.45,9.89,3.02,3.99
2024-12-08 00:00:00,00_04,4.77,6.31,13.22,14.92
2024-12-08 04:00:00,04_08,6.61,7.28,10.96,12.23
2024-12-08 08:00:00,08_12,10.8,11.46,3.62,4.67
2024-12-08 12:00:00,12_16,8.86,9.51,3.2,3.63
2024-12-08 16:00:00,16_20,15.95,16.9,1.33,1.6
2024-12-08 20:00:00,20_24,7.58,8.33,2.9,3.56
2024-12-09 00:00:00,00_04,4.19,4.99,17.31,30.57
2024-12-09 04:00:00,04_08,6.83,7.83,10.9,17.42
2024-12-09 08:00:00,08_12,10.8,12.17,2.97,3.42
2024-12-09 12:00:00,12_16,8.91,9.83,2.74,3.17
2024-12-09 16:00:00,16_20,16.41,19.0,1.11,1.28
2024-12-09 20:00:00,20_24,7.53,8.18,2.64,3.42
2024-12-10 00:00:00,00_04,4.1,5.03,14.89,18.05
2024-12-10 04:00:00,04_08,7.61,10.43,10.22,14.37
2024-12-10 08:00:00,08_12,13.23,16.02,2.36,2.97
2024-12-10 12:00:00,12_16,11.25,14.16,2.28,2.7
2024-12-10 16:00:00,16_20,29.92,42.83,0.91,1.02
2024-12-10 20:00:00,20_24,9.62,11.47,2.16,2.71
2024-12-11 00:00:00,00_04,4.88,8.25,10.21,12.82
2024-12-11 04:00:00,04_08,14.34,21.72,8.57,10.0
2024-12-11 08:00:00,08_12,48.15,72.44,1.73,2.1
2024-12-11 12:00:00,12_16,36.74,53.71,1.78,2.2
2024-12-11 16:00:00,16_20,119.37,194.15,0.65,0.8
2024-12-11 20:00:00,20_24,14.31,21.03,1.83,4.9
2024-12-12 00:00:00,00_04,6.73,9.41,7.76,8.47
2024-12-12 04:00:00,04_08,20.66,28.98,7.3,9.05
2024-12-12 08:00:00,08_12,73.12,114.0,1.3,1.7
2024-12-12 12:00:00,12_16,55.97,101.93,1.56,1.84
2024-12-12 16:00:00,16_20,170.69,231.2,0.54,0.6
2024-12-12 20:00:00,20_24,24.86,36.88,2.16,3.8
2024-12-13 00:00:00,00_04,6.77,8.76,6.09,7.4
2024-12-13 04:00:00,04_08,19.18,25.0,7.07,7.92
2024-12-13 08:00:00,08_12,53.77,64.44,1.26,2.0
2024-12-13 12:00:00,12_16,38.26,49.58,1.57,2.02
2024-12-13 16:00:00,16_20,111.9,153.6,0.59,1.35
2024-12-13 20:00:00,20_24,20.24,28.64,2.38,3.23
2024-12-14 00:00:00,00_04,6.19,7.56,5.63,6.34
2024-12-14 04:00:00,04_08,13.0,14.24,6.58,7.2
2024-12-14 08:00:00,08_12,27.33,32.26,2.03,3.89
2024-12-14 12:00:00,12_16,20.88,24.24,2.18,3.73
2024-12-14 16:00:00,16_20,41.37,51.64,1.23,2.25
2024-12-14 20:00:00,20_24,12.71,14.34,3.58,6.78
2024-12-15 00:00:00,00_04,5.36,6.14,11.11,14.1
2024-12-15 04:00:00,04_08,9.37,10.56,11.34,14.1
2024-12-15 08:00:00,08_12,16.42,19.4,3.93,5.22
2024-12-15 12:00:00,12_16,13.23,15.0,4.07,6.2
2024-12-15 16:00:00,16_20,22.95,26.0,2.32,3.3
2024-12-15 20:00:00,20_24,8.88,11.26,8.92,15.68
2024-12-16 00:00:00,00_04,4.77,5.2,24.87,40.97
2024-12-16 04:00:00,04_08,8.28,9.46,18.89,29.75
2024-12-16 08:00:00,08_12,14.72,17.82,3.49,4.12
2024-12-16 12:00:00,12_16,11.02,13.71,3.73,5.25
2024-12-16 16:00:00,16_20,20.9,27.18,1.97,2.3
2024-12-16 20:00:00,20_24,8.73,10.43,7.0,9.15
2024-12-17 00:00:00,00_04,4.49,4.9,23.77,38.35
2024-12-17 04:00:00,04_08,8.47,9.6,16.48,22.0
2024-12-17 08:00:00,08_12,18.26,27.08,2.79,3.41
2024-12-17 12:00:00,12_16,13.63,21.47,3.17,3.6
2024-12-17 16:00:00,16_20,27.77,45.32,1.38,1.78
2024-12-17 20:00:00,20_24,10.22,13.71,4.59,6.36
2024-12-18 00:00:00,00_04,4.52,5.35,17.97,19.63
2024-12-18 04:00:00,04_08,7.72,8.82,14.48,16.01
2024-12-18 08:00:00,08_12,15.51,17.98,2.86,3.29
2024-12-18 12:00:00,12_16,11.56,13.51,3.73,5.08
2024-12-18 16:00:00,16_20,20.41,23.4,1.9,2.5
2024-12-18 20:00:00,20_24,9.13,10.45,7.05,10.76
2024-12-19 00:00:00,00_04,4.27,4.75,26.97,42.85
2024-12-19 04:00:00,04_08,7.08,7.89,19.53,29.34
2024-12-19 08:00:00,08_12,14.04,16.0,2.92,3.38
2024-12-19 12:00:00,12_16,10.61,12.78,3.86,6.63
2024-12-19 16:00:00,16_20,20.87,25.3,1.61,2.24
2024-12-19 20:00:00,20_24,9.32,10.44,6.87,8.73
2024-12-20 00:00:00,00_04,3.98,4.24,29.26,45.58
2024-12-20 04:00:00,04_08,6.77,7.05,17.93,26.0
2024-12-20 08:00:00,08_12,13.63,14.25,2.7,2.98
2024-12-20 12:00:00,12_16,10.43,11.37,3.64,4.07
2024-12-20 16:00:00,16_20,21.23,27.45,1.56,1.78
2024-12-20 20:00:00,20_24,9.15,10.32,6.48,6.9
2024-12-21 00:00:00,00_04,3.72,4.02,22.76,29.0
2024-12-21 04:00:00,04_08,5.98,6.25,17.32,21.11
2024-12-21 08:00:00,08_12,11.74,12.38,2.82,3.33
2024-12-21 12:00:00,12_16,8.89,9.5,3.72,4.5
2024-12-21 16:00:00,16_20,17.75,18.52,2.09,2.87
2024-12-21 20:00:00,20_24,7.97,8.6,9.55,11.86
2024-12-22 00:00:00,00_04,3.31,3.61,25.41,36.4
2024-12-22 04:00:00,04_08,4.99,5.23,17.37,24.15
2024-12-22 08:00:00,08_12,9.35,10.12,6.06,9.57
2024-12-22 12:00:00,12_16,7.28,7.86,5.04,6.76
2024-12-22 16:00:00,16_20,14.72,17.09,2.08,2.7
2024-12-22 20:00:00,20_24,6.73,7.11,7.82,9.31
2024-12-23 00:00:00,00_04,3.01,3.21,24.03,31.0
2024-12-23 04:00:00,04_08,4.27,4.98,16.8,23.31
2024-12-23 08:00:00,08_12,8.93,10.45,3.93,5.04
2024-12-23 12:00:00,12_16,6.88,8.63,4.14,4.78
2024-12-23 16:00:00,16_20,16.69,21.89,1.7,1.87
2024-12-23 20:00:00,20_24,6.89,8.9,5.59,6.6
2024-12-24 00:00:00,00_04,3.04,3.63,16.97,21.05
2024-12-24 04:00:00,04_08,4.6,5.34,13.06,14.51
2024-12-24 08:00:00,08_12,9.04,10.1,2.54,3.18
2024-12-24 12:00:00,12_16,7.16,8.33,2.89,3.46
2024-12-24 16:00:00,16_20,17.36,19.48,1.22,1.44
2024-12-24 20:00:00,20_24,7.26,7.85,4.22,4.66
2024-12-25 00:00:00,00_04,2.89,3.16,13.5,14.4
2024-12-25 04:00:00,04_08,4.32,4.85,11.22,12.54
2024-12-25 08:00:00,08_12,8.34,9.1,2.56,3.03
2024-12-25 12:00:00,12_16,6.78,7.37,2.65,3.3
2024-12-25 16:00:00,16_20,14.2,16.2,1.0,1.15
2024-12-25 20:00:00,20_24,6.36,6.86,3.27,3.67
2024-12-26 00:00:00,00_04,2.67,2.83,9.68,11.09
2024-12-26 04:00:00,04_08,4.15,4.4,9.35,9.85
2024-12-26 08:00:00,08_12,7.79,8.07,2.35,2.61
2024-12-26 12:00:00,12_16,6.18,6.41,2.38,2.66
2024-12-26 16:00:00,16_20,13.07,13.46,0.79,1.0
2024-12-26 20:00:00,20_24,5.76,5.99,2.59,2.83
2024-12-27 00:00:00,00_04,2.52,3.16,7.04,7.78
2024-12-27 04:00:00,04_08,4.14,4.86,7.35,8.28
2024-12-27 08:00:00,08_12,7.59,8.77,1.79,2.11
2024-12-27 12:00:00,12_16,6.06,7.57,1.85,2.18
2024-12-27 16:00:00,16_20,16.95,30.0,0.61,0.8
2024-12-27 20:00:00,20_24,5.85,7.56,1.96,2.37
2024-12-28 00:00:00,00_04,2.56,2.91,5.45,6.41
2024-12-28 04:00:00,04_08,3.95,4.23,5.86,6.43
2024-12-28 08:00:00,08_12,7.06,7.68,1.52,1.7
2024-12-28 12:00:00,12_16,5.64,6.2,1.56,1.8
2024-12-28 16:00:00,16_20,15.0,18.49,0.54,0.72
2024-12-28 20:00:00,20_24,5.66,7.23,1.73,1.93
2024-12-29 00:00:00,00_04,2.93,7.55,4.67,5.13
2024-12-29 04:00:00,04_08,3.62,4.89,4.93,5.64
2024-12-29 08:00:00,08_12,6.42,6.91,1.48,2.3
2024-12-29 12:00:00,12_16,5.09,5.5,1.49,2.08
2024-12-29 16:00:00,16_20,11.92,12.77,0.68,0.9
2024-12-29 20:00:00,20_24,5.19,5.8,1.82,2.56
2024-12-30 00:00:00,00_04,3.03,3.7,10.54,16.16
2024-12-30 04:00:00,04_08,3.56,3.94,10.08,16.41
2024-12-30 08:00:00,08_12,6.05,6.45,1.54,2.03
2024-12-30 12:00:00,12_16,4.98,5.79,1.56,2.0
2024-12-30 16:00:00,16_20,12.85,15.73,0.71,0.89
2024-12-30 20:00:00,20_24,5.04,5.89,2.04,2.35
2024-12-31 00:00:00,00_04,2.73,3.2,10.83,15.53
2024-12-31 04:00:00,04_08,3.27,3.57,10.76,14.3
2024-12-31 08:00:00,08_12,5.63,7.05,2.18,3.51
2024-12-31 12:00:00,12_16,4.47,4.97,3.27,4.98
2024-12-31 16:00:00,16_20,10.11,10.92,1.81,3.57
2024-12-31 20:00:00,20_24,4.54,8.96,5.54,14.35
2025-01-01 00:00:00,00_04,2.5,3.16,20.29,28.8
2025-01-01 04:00:00,04_08,2.84,3.24,18.47,23.72
2025-01-01 08:00:00,08_12,4.99,5.59,8.62,19.12
2025-01-01 12:00:00,12_16,3.84,4.25,11.93,19.17
2025-01-01 16:00:00,16_20,8.59,9.93,5.16,10.5
2025-01-01 20:00:00,20_24,5.0,5.93,9.34,13.4
2025-01-02 00:00:00,00_04,2.52,2.88,17.48,20.8
2025-01-02 04:00:00,04_08,3.18,4.49,14.08,22.0
2025-01-02 08:00:00,08_12,6.63,8.97,5.32,6.36
2025-01-02 12:00:00,12_16,4.99,6.5,7.06,9.05
2025-01-02 16:00:00,16_20,13.5,22.67,2.31,3.3
2025-01-02 20:00:00,20_24,5.78,7.59,4.68,6.59
2025-01-03 00:00:00,00_04,2.73,3.11,13.15,14.67
2025-01-03 04:00:00,04_08,3.73,4.47,11.48,12.97
2025-01-03 08:00:00,08_12,6.74,7.91,3.99,4.4
2025-01-03 12:00:00,12_16,4.98,5.59,4.78,5.98
2025-01-03 16:00:00,16_20,14.06,16.17,1.78,2.08
2025-01-03 20:00:00,20_24,5.71,6.1,3.52,4.17
2025-01-04 00:00:00,00_04,2.61,2.79,10.23,11.13
2025-01-04 04:00:00,04_08,3.79,4.38,8.73,9.43
2025-01-04 08:00:00,08_12,6.77,7.42,2.78,3.12
2025-01-04 12:00:00,12_16,5.06,6.16,3.23,3.59
2025-01-04 16:00:00,16_20,17.89,23.92,1.22,1.52
2025-01-04 20:00:00,20_24,6.18,10.88,2.8,3.15
2025-01-05 00:00:00,00_04,3.01,8.8,7.84,8.54
2025-01-05 04:00:00,04_08,3.79,7.05,6.8,7.6
2025-01-05 08:00:00,08_12,6.01,6.71,2.63,3.19
2025-01-05 12:00:00,12_16,4.63,6.0,3.14,4.24
2025-01-05 16:00:00,16_20,12.91,15.57,1.73,2.14
2025-01-05 20:00:00,20_24,5.49,6.42,4.84,7.81
2025-01-06 00:00:00,00_04,3.02,3.57,21.38,37.0
2025-01-06 04:00:00,04_08,3.79,5.36,16.99,33.0
2025-01-06 08:00:00,08_12,5.45,5.85,4.07,8.34
2025-01-06 12:00:00,12_16,4.46,4.9,6.58,12.24
2025-01-06 16:00:00,16_20,10.76,11.5,2.12,4.42
2025-01-06 20:00:00,20_24,4.99,5.45,5.59,7.45
2025-01-07 00:00:00,00_04,2.75,3.01,21.13,26.0
2025-01-07 04:00:00,04_08,3.95,5.08,16.54,22.22
2025-01-07 08:00:00,08_12,6.05,10.52,3.93,4.7
2025-01-07 12:00:00,12_16,4.66,6.51,5.3,6.3
2025-01-07 16:00:00,16_20,11.6,16.07,1.72,2.18
2025-01-07 20:00:00,20_24,5.02,5.55,4.68,6.18
2025-01-08 00:00:00,00_04,2.53,2.7,19.36,30.45
2025-01-08 04:00:00,04_08,4.45,5.72,14.55,18.05
2025-01-08 08:00:00,08_12,7.66,8.77,2.99,3.33
2025-01-08 12:00:00,12_16,6.03,7.4,3.49,4.08
2025-01-08 16:00:00,16_20,18.78,22.86,1.02,1.25
2025-01-08 20:00:00,20_24,6.07,7.45,3.52,3.81
2025-01-09 00:00:00,00_04,2.89,6.16,13.67,15.4
2025-01-09 04:00:00,04_08,51.57,304.39,8.71,10.83
2025-01-09 08:00:00,08_12,19.37,33.96,1.91,2.21
2025-01-09 12:00:00,12_16,8.76,17.34,2.15,2.79
2025-01-09 16:00:00,16_20,15.57,19.83,0.8,1.0
2025-01-09 20:00:00,20_24,5.54,6.21,2.78,3.47
2025-01-10 00:00:00,00_04,3.06,3.57,13.3,19.7
2025-01-10 04:00:00,04_08,25.64,37.46,8.29,12.05
2025-01-10 08:00:00,08_12,14.84,17.88,1.78,1.95
2025-01-10 12:00:00,12_16,7.36,9.1,1.98,2.43
2025-01-10 16:00:00,16_20,17.74,22.36,0.65,0.9
2025-01-10 20:00:00,20_24,5.76,6.8,2.43,2.84
2025-01-11 00:00:00,00_04,2.66,3.12,10.16,12.24
2025-01-11 04:00:00,04_08,11.49,15.41,7.19,8.95
2025-01-11 08:00:00,08_12,8.61,10.72,1.7,2.69
2025-01-11 12:00:00,12_16,5.65,6.52,1.76,3.03
2025-01-11 16:00:00,16_20,13.68,15.38,0.71,0.98
2025-01-11 20:00:00,20_24,5.03,5.46,2.18,2.92
2025-01-12 00:00:00,00_04,2.45,2.7,8.85,9.62
2025-01-12 04:00:00,04_08,8.01,9.05,6.5,7.59
2025-01-12 08:00:00,08_12,6.19,7.44,1.81,2.5
2025-01-12 12:00:00,12_16,4.77,5.35,2.05,2.53
2025-01-12 16:00:00,16_20,13.27,15.54,0.65,0.95
2025-01-12 20:00:00,20_24,4.69,6.11,1.89,2.4
2025-01-13 00:00:00,00_04,2.53,3.5,7.07,9.23
2025-01-13 04:00:00,04_08,10.29,17.23,5.25,6.26
2025-01-13 08:00:00,08_12,18.23,63.62,1.61,1.85
2025-01-13 12:00:00,12_16,5.96,7.18,1.68,2.08
2025-01-13 16:00:00,16_20,15.87,18.49,0.57,0.84
2025-01-13 20:00:00,20_24,5.51,7.42,1.78,2.21
2025-01-14 00:00:00,00_04,2.5,3.14,7.51,9.03
2025-01-14 04:00:00,04_08,10.36,13.04,5.15,7.24
2025-01-14 08:00:00,08_12,16.43,20.25,1.61,2.72
2025-01-14 12:00:00,12_16,5.92,7.53,1.6,1.94
2025-01-14 16:00:00,16_20,15.59,18.34,0.57,0.71
2025-01-14 20:00:00,20_24,5.72,6.72,1.74,1.97
2025-01-15 00:00:00,00_04,4.0,6.49,6.47,7.87
2025-01-15 04:00:00,04_08,16.97,26.58,5.19,8.7
2025-01-15 08:00:00,08_12,62.75,103.47,1.49,1.71
2025-01-15 12:00:00,12_16,42.63,67.88,1.21,1.65
2025-01-15 16:00:00,16_20,136.53,190.45,0.44,0.52
2025-01-15 20:00:00,20_24,19.6,29.11,1.41,1.82
2025-01-16 00:00:00,00_04,4.13,4.99,5.83,6.46
2025-01-16 04:00:00,04_08,16.01,20.62,5.03,5.52
2025-01-16 08:00:00,08_12,40.42,51.05,1.28,1.47
2025-01-16 12:00:00,12_16,27.17,34.83,1.18,1.48
2025-01-16 16:00:00,16_20,66.91,89.1,0.38,0.49
2025-01-16 20:00:00,20_24,13.37,16.16,1.47,2.5
2025-01-17 00:00:00,00_04,3.71,4.11,5.12,5.47
2025-01-17 04:00:00,04_08,13.85,16.3,4.26,4.88
2025-01-17 08:00:00,08_12,26.79,31.63,1.13,1.25
2025-01-17 12:00:00,12_16,18.29,21.35,1.13,1.29
2025-01-17 16:00:00,16_20,40.2,47.82,0.37,0.42
2025-01-17 20:00:00,20_24,9.36,10.47,1.43,1.64
2025-01-18 00:00:00,00_04,3.13,3.41,4.45,4.79
2025-01-18 04:00:00,04_08,10.57,12.3,3.83,4.28
2025-01-18 08:00:00,08_12,17.59,18.45,1.26,1.91
2025-01-18 12:00:00,12_16,11.44,12.43,1.3,1.68
2025-01-18 16:00:00,16_20,23.41,27.4,0.44,1.0
2025-01-18 20:00:00,20_24,6.7,7.89,1.3,1.65
2025-01-19 00:00:00,00_04,2.67,2.91,3.84,4.11
2025-01-19 04:00:00,04_08,8.26,8.79,3.39,3.7
2025-01-19 08:00:00,08_12,10.56,12.57,1.47,1.82
2025-01-19 12:00:00,12_16,7.15,9.02,2.11,4.34
2025-01-19 16:00:00,16_20,15.66,17.0,0.68,1.02
2025-01-19 20:00:00,20_24,5.29,6.11,1.24,1.37
2025-01-20 00:00:00,00_04,2.73,3.65,3.57,4.53
2025-01-20 04:00:00,04_08,14.29,21.73,2.87,4.0
2025-01-20 08:00:00,08_12,33.93,50.24,1.22,1.4
2025-01-20 12:00:00,12_16,12.58,20.42,1.75,2.17
2025-01-20 16:00:00,16_20,54.91,85.61,0.54,0.75
2025-01-20 20:00:00,20_24,10.42,14.18,1.06,1.26
2025-01-21 00:00:00,00_04,3.03,3.46,3.34,4.09
2025-01-21 04:00:00,04_08,16.51,29.48,2.84,3.92
2025-01-21 08:00:00,08_12,41.19,80.17,1.25,1.65
2025-01-21 12:00:00,12_16,14.41,25.02,1.6,1.9
2025-01-21 16:00:00,16_20,80.69,150.0,0.5,1.0
2025-01-21 20:00:00,20_24,10.27,16.8,1.05,1.5
2025-01-22 00:00:00,00_04,2.93,3.17,3.13,3.51
2025-01-22 04:00:00,04_08,16.38,22.58,2.89,3.34
2025-01-22 08:00:00,08_12,37.18,47.63,1.17,1.33
2025-01-22 12:00:00,12_16,13.95,17.01,1.36,1.53
2025-01-22 16:00:00,16_20,50.14,61.14,0.64,0.86
2025-01-22 20:00:00,20_24,9.11,11.74,1.14,1.42
2025-01-23 00:00:00,00_04,2.69,2.89,3.05,3.95
2025-01-23 04:00:00,04_08,13.85,15.89,2.9,3.79
2025-01-23 08:00:00,08_12,26.4,29.65,1.27,2.08
2025-01-23 12:00:00,12_16,12.32,15.98,1.6,2.29
2025-01-23 16:00:00,16_20,28.7,33.7,0.72,1.25
2025-01-23 20:00:00,20_24,7.76,8.93,2.21,4.0
2025-01-24 00:00:00,00_04,2.23,2.62,11.92,25.42
2025-01-24 04:00:00,04_08,10.35,11.76,7.15,12.0
2025-01-24 08:00:00,08_12,18.01,20.76,1.74,2.33
2025-01-24 12:00:00,12_16,9.96,11.2,2.38,4.87
2025-01-24 16:00:00,16_20,17.77,19.0,1.11,2.0
2025-01-24 20:00:00,20_24,6.44,7.43,3.52,8.66
2025-01-25 00:00:00,00_04,2.18,2.41,10.31,12.39
2025-01-25 04:00:00,04_08,8.23,8.68,6.78,7.57
2025-01-25 08:00:00,08_12,11.87,12.98,1.72,2.08
2025-01-25 12:00:00,12_16,7.72,8.25,2.26,3.19
2025-01-25 16:00:00,16_20,15.23,18.0,1.18,1.31
2025-01-25 20:00:00,20_24,5.97,7.13,3.03,3.5
2025-01-26 00:00:00,00_04,2.11,2.47,6.25,7.97
2025-01-26 04:00:00,04_08,6.63,7.38,4.66,5.26
2025-01-26 08:00:00,08_12,9.27,10.56,1.47,1.6
2025-01-26 12:00:00,12_16,6.14,6.73,2.15,3.16
2025-01-26 16:00:00,16_20,12.67,14.81,1.04,1.28
2025-01-26 20:00:00,20_24,5.27,6.37,4.58,8.18
2025-01-27 00:00:00,00_04,1.93,2.19,26.66,63.18
2025-01-27 04:00:00,04_08,5.71,6.48,18.98,40.0
2025-01-27 08:00:00,08_12,8.09,11.39,3.62,9.7
2025-01-27 12:00:00,12_16,5.3,6.9,6.21,18.0
2025-01-27 16:00:00,16_20,12.69,28.96,1.21,2.0
2025-01-27 20:00:00,20_24,5.17,6.27,4.69,6.81
2025-01-28 00:00:00,00_04,2.13,2.92,19.74,25.14
2025-01-28 04:00:00,04_08,6.98,11.27,13.66,18.0
2025-01-28 08:00:00,08_12,10.95,14.32,3.21,4.43
2025-01-28 12:00:00,12_16,6.64,8.34,4.78,6.67
2025-01-28 16:00:00,16_20,17.63,22.9,1.1,1.42
2025-01-28 20:00:00,20_24,5.42,6.24,3.83,4.73
2025-01-29 00:00:00,00_04,2.33,2.7,16.2,19.0
2025-01-29 04:00:00,04_08,18.07,100.89,11.67,14.0
2025-01-29 08:00:00,08_12,13.36,18.61,2.9,5.16
2025-01-29 12:00:00,12_16,7.87,15.34,5.86,16.48
2025-01-29 16:00:00,16_20,17.17,19.31,1.03,1.22
2025-01-29 20:00:00,20_24,5.55,5.93,3.13,3.6
2025-01-30 00:00:00,00_04,2.65,4.63,11.33,12.4
2025-01-30 04:00:00,04_08,15.34,19.75,8.43,9.98
2025-01-30 08:00:00,08_12,16.21,21.58,2.37,2.95
2025-01-30 12:00:00,12_16,9.64,14.18,4.92,5.77
2025-01-30 16:00:00,16_20,33.15,52.98,0.86,1.16
2025-01-30 20:00:00,20_24,6.67,7.68,2.45,2.9
2025-01-31 00:00:00,00_04,2.85,3.4,8.57,9.22
2025-01-31 04:00:00,04_08,11.04,13.41,6.4,7.25
2025-01-31 08:00:00,08_12,14.07,17.27,1.75,2.2
2025-01-31 12:00:00,12_16,8.77,10.9,3.53,4.58
2025-01-31 16:00:00,16_20,33.24,42.54,0.8,0.89
2025-01-31 20:00:00,20_24,6.57,7.38,2.0,2.17
2025-02-01 00:00:00,00_04,2.76,3.54,6.26,6.94
2025-02-01 04:00:00,04_08,8.5,9.27,5.24,5.91
2025-02-01 08:00:00,08_12,10.71,12.39,1.73,2.02
2025-02-01 12:00:00,12_16,7.08,8.22,3.37,4.51
2025-02-01 16:00:00,16_20,23.19,24.95,0.79,1.0
2025-02-01 20:00:00,20_24,6.01,6.66,1.73,1.99
2025-02-02 00:00:00,00_04,2.69,3.01,5.15,5.7
2025-02-02 04:00:00,04_08,6.64,7.18,4.53,4.8
2025-02-02 08:00:00,08_12,8.39,9.15,1.63,1.84
2025-02-02 12:00:00,12_16,5.99,6.81,3.48,4.27
2025-02-02 16:00:00,16_20,16.54,18.49,0.78,0.95
2025-02-02 20:00:00,20_24,5.54,5.9,1.6,1.76
2025-02-03 00:00:00,00_04,2.79,3.26,4.56,5.51
2025-02-03 04:00:00,04_08,14.56,21.8,3.83,4.38
2025-02-03 08:00:00,08_12,42.41,83.44,1.28,1.49
2025-02-03 12:00:00,12_16,10.44,14.1,2.85,3.32
2025-02-03 16:00:00,16_20,68.54,108.55,0.69,0.79
2025-02-03 20:00:00,20_24,9.71,12.46,1.38,1.54
2025-02-04 00:00:00,00_04,2.75,3.0,4.28,4.58
2025-02-04 04:00:00,04_08,14.29,16.37,3.43,3.73
2025-02-04 08:00:00,08_12,33.74,38.5,1.25,1.43
2025-02-04 12:00:00,12_16,10.27,12.88,2.83,3.9
2025-02-04 16:00:00,16_20,46.63,53.5,0.65,0.7
2025-02-04 20:00:00,20_24,8.41,9.32,1.25,1.44
2025-02-05 00:00:00,00_04,2.58,2.75,3.96,4.38
2025-02-05 04:00:00,04_08,12.28,18.0,3.19,3.69
2025-02-05 08:00:00,08_12,26.26,32.7,1.3,2.0
2025-02-05 12:00:00,12_16,14.34,29.9,2.93,6.57
2025-02-05 16:00:00,16_20,36.1,41.1,0.54,0.65
2025-02-05 20:00:00,20_24,7.65,8.38,1.1,1.24
2025-02-06 00:00:00,00_04,2.45,2.8,3.41,3.84
2025-02-06 04:00:00,04_08,14.01,18.91,2.8,3.12
2025-02-06 08:00:00,08_12,23.56,32.58,1.12,1.21
2025-02-06 12:00:00,12_16,12.47,14.08,2.67,3.2
2025-02-06 16:00:00,16_20,27.29,30.72,0.47,0.6
2025-02-06 20:00:00,20_24,6.85,7.94,0.99,1.14
2025-02-07 00:00:00,00_04,2.5,4.47,3.3,3.6
2025-02-07 04:00:00,04_08,11.03,12.89,2.88,3.33
2025-02-07 08:00:00,08_12,17.96,20.06,1.32,1.8
2025-02-07 12:00:00,12_16,9.65,10.39,2.8,3.5
2025-02-07 16:00:00,16_20,18.41,19.0,0.64,1.0
2025-02-07 20:00:00,20_24,6.16,6.59,1.1,1.4
2025-02-08 00:00:00,00_04,2.63,3.5,3.41,4.56
2025-02-08 04:00:00,04_08,8.51,8.8,3.17,4.86
2025-02-08 08:00:00,08_12,12.23,12.89,1.63,3.33
2025-02-08 12:00:00,12_16,7.58,7.84,3.08,3.93
2025-02-08 16:00:00,16_20,14.98,16.85,0.7,0.9
2025-02-08 20:00:00,20_24,5.68,6.06,0.92,1.12
2025-02-09 00:00:00,00_04,2.62,2.95,3.0,3.41
2025-02-09 04:00:00,04_08,6.75,7.09,2.82,3.08
2025-02-09 08:00:00,08_12,8.94,9.76,1.54,2.0
2025-02-09 12:00:00,12_16,6.13,6.88,2.79,3.24
2025-02-09 16:00:00,16_20,12.29,14.0,0.63,0.77
2025-02-09 20:00:00,20_24,5.18,5.47,0.85,0.99
2025-02-10 00:00:00,00_04,2.45,2.89,2.74,2.91
2025-02-10 04:00:00,04_08,9.66,14.07,2.42,2.7
2025-02-10 08:00:00,08_12,16.02,24.7,1.3,1.5
2025-02-10 12:00:00,12_16,6.22,7.44,2.43,2.81
2025-02-10 16:00:00,16_20,11.62,16.75,0.63,0.93
2025-02-10 20:00:00,20_24,4.72,5.17,1.06,5.14
2025-02-11 00:00:00,00_04,2.26,2.53,9.81,21.61
2025-02-11 04:00:00,04_08,8.69,10.5,4.62,9.63
2025-02-11 08:00:00,08_12,12.74,15.19,1.77,2.85
2025-02-11 12:00:00,12_16,6.54,13.8,2.28,3.0
2025-02-11 16:00:00,16_20,15.19,18.77,0.61,0.72
2025-02-11 20:00:00,20_24,4.87,5.83,1.45,2.17
2025-02-12 00:00:00,00_04,2.32,2.67,6.73,9.0
2025-02-12 04:00:00,04_08,10.22,13.18,3.83,5.16
2025-02-12 08:00:00,08_12,16.19,24.04,1.69,2.0
2025-02-12 12:00:00,12_16,8.94,11.93,2.0,2.34
2025-02-12 16:00:00,16_20,22.45,37.56,0.56,0.64
2025-02-12 20:00:00,20_24,5.43,6.75,1.35,1.55
2025-02-13 00:00:00,00_04,2.44,2.86,4.82,6.0
2025-02-13 04:00:00,04_08,12.12,15.07,3.2,3.7
2025-02-13 08:00:00,08_12,21.05,26.32,1.45,1.66
2025-02-13 12:00:00,12_16,10.09,11.55,1.69,2.1
2025-02-13 16:00:00,16_20,27.06,31.32,0.5,0.57
2025-02-13 20:00:00,20_24,5.73,6.38,1.13,1.29
2025-02-14 00:00:00,00_04,2.48,2.98,3.86,5.09
2025-02-14 04:00:00,04_08,13.57,16.68,2.69,2.99
2025-02-14 08:00:00,08_12,25.61,47.04,1.28,1.42
2025-02-14 12:00:00,12_16,9.99,11.53,1.46,1.69
2025-02-14 16:00:00,16_20,69.16,110.5,0.45,0.55
2025-02-14 20:00:00,20_24,12.69,19.29,0.95,1.05
2025-02-15 00:00:00,00_04,2.62,3.91,3.26,3.63
2025-02-15 04:00:00,04_08,9.85,10.4,2.45,2.63
2025-02-15 08:00:00,08_12,16.75,18.1,1.42,1.95
2025-02-15 12:00:00,12_16,7.59,8.26,1.8,5.2
2025-02-15 16:00:00,16_20,34.32,41.12,0.61,0.97
2025-02-15 20:00:00,20_24,8.56,10.36,0.91,1.0
2025-02-16 00:00:00,00_04,2.77,3.15,2.99,3.4
2025-02-16 04:00:00,04_08,7.38,7.93,2.48,2.98
2025-02-16 08:00:00,08_12,10.69,11.88,1.9,3.19
2025-02-16 12:00:00,12_16,5.97,6.49,5.23,16.0
2025-02-16 16:00:00,16_20,16.51,18.73,0.76,0.9
2025-02-16 20:00:00,20_24,6.12,6.8,0.86,0.95
2025-02-17 00:00:00,00_04,2.67,2.89,2.62,2.89
2025-02-17 04:00:00,04_08,12.78,17.82,2.11,2.38
2025-02-17 08:00:00,08_12,19.66,25.92,1.7,1.99
2025-02-17 12:00:00,12_16,7.89,11.2,4.99,10.02
2025-02-17 16:00:00,16_20,49.87,65.71,0.62,0.76
2025-02-17 20:00:00,20_24,9.89,14.08,0.78,0.92
2025-02-18 00:00:00,00_04,2.53,2.78,2.28,2.47
2025-02-18 04:00:00,04_08,11.3,13.08,1.84,2.15
2025-02-18 08:00:00,08_12,19.16,30.0,1.56,1.9
2025-02-18 12:00:00,12_16,184.93,1005.56,26.33,388.0
2025-02-18 16:00:00,16_20,33.87,45.29,0.55,0.65
2025-02-18 20:00:00,20_24,7.96,9.33,0.76,0.9
2025-02-19 00:00:00,00_04,2.45,2.68,2.13,2.79
2025-02-19 04:00:00,04_08,10.15,11.8,1.88,2.37
2025-02-19 08:00:00,08_12,17.34,19.68,1.87,4.49
2025-02-19 12:00:00,12_16,46.79,69.75,24.64,37.9
2025-02-19 16:00:00,16_20,25.14,28.76,0.52,0.66
2025-02-19 20:00:00,20_24,6.95,7.93,0.76,0.95
2025-02-20 00:00:00,00_04,2.41,2.6,2.23,2.57
2025-02-20 04:00:00,04_08,9.31,9.98,1.97,2.19
2025-02-20 08:00:00,08_12,14.53,15.98,2.33,2.91
2025-02-20 12:00:00,12_16,22.64,27.1,13.03,16.42
2025-02-20 16:00:00,16_20,18.73,21.11,0.52,0.77
2025-02-20 20:00:00,20_24,6.2,6.44,0.89,2.0
2025-02-21 00:00:00,00_04,2.27,2.4,2.41,4.12
2025-02-21 04:00:00,04_08,8.54,9.42,1.83,1.99
2025-02-21 08:00:00,08_12,12.08,14.03,2.01,2.3
2025-02-21 12:00:00,12_16,12.81,14.54,9.07,11.09
2025-02-21 16:00:00,16_20,14.51,15.99,0.55,0.65
2025-02-21 20:00:00,20_24,5.41,5.76,1.94,3.99
2025-02-22 00:00:00,00_04,1.94,2.23,6.31,16.8
2025-02-22 04:00:00,04_08,6.85,7.51,5.0,14.88
2025-02-22 08:00:00,08_12,9.45,10.29,3.71,6.44
2025-02-22 12:00:00,12_16,8.32,9.25,9.03,16.02
2025-02-22 16:00:00,16_20,12.31,13.51,0.56,0.97
2025-02-22 20:00:00,20_24,4.79,5.29,1.77,2.69
2025-02-23 00:00:00,00_04,1.91,2.21,5.75,7.54
2025-02-23 04:00:00,04_08,5.92,6.45,4.54,6.12
2025-02-23 08:00:00,08_12,7.9,8.95,3.74,5.0
2025-02-23 12:00:00,12_16,6.09,6.91,11.39,18.28
2025-02-23 16:00:00,16_20,11.66,14.2,0.58,0.72
2025-02-23 20:00:00,20_24,4.39,5.36,1.77,2.16
2025-02-24 00:00:00,00_04,1.84,1.98,11.8,27.85
2025-02-24 04:00:00,04_08,6.23,9.44,8.49,16.53
2025-02-24 08:00:00,08_12,10.21,13.2,3.68,5.12
2025-02-24 12:00:00,12_16,7.0,9.41,10.64,13.9
2025-02-24 16:00:00,16_20,14.33,20.0,0.53,0.66
2025-02-24 20:00:00,20_24,5.78,10.66,1.48,1.83
2025-02-25 00:00:00,00_04,1.95,2.84,8.69,10.76
2025-02-25 04:00:00,04_08,10.2,14.2,6.57,8.36
2025-02-25 08:00:00,08_12,15.09,19.77,2.99,3.42
2025-02-25 12:00:00,12_16,9.17,12.34,7.16,9.2
2025-02-25 16:00:00,16_20,53.75,77.38,0.47,0.55
2025-02-25 20:00:00,20_24,9.61,12.14,1.15,1.44
2025-02-26 00:00:00,00_04,2.26,2.89,4.54,6.62
2025-02-26 04:00:00,04_08,10.52,12.2,4.11,5.37
2025-02-26 08:00:00,08_12,14.0,17.78,2.25,2.6
2025-02-26 12:00:00,12_16,8.86,9.96,5.56,6.3
2025-02-26 16:00:00,16_20,36.85,44.06,0.46,0.52
2025-02-26 20:00:00,20_24,8.85,10.03,1.02,1.19
2025-02-27 00:00:00,00_04,2.3,2.76,3.96,4.36
2025-02-27 04:00:00,04_08,9.52,10.38,3.43,3.87
2025-02-27 08:00:00,08_12,12.32,13.63,2.02,2.23
2025-02-27 12:00:00,12_16,7.97,8.73,4.71,5.4
2025-02-27 16:00:00,16_20,26.86,29.05,0.43,0.48
2025-02-27 20:00:00,20_24,7.96,8.35,0.89,1.0
2025-02-28 00:00:00,00_04,2.31,2.66,3.09,3.62
2025-02-28 04:00:00,04_08,8.9,9.63,2.73,3.08
2025-02-28 08:00:00,08_12,26.7,43.56,1.8,2.73
2025-02-28 12:00:00,12_16,7.24,7.65,4.01,4.44
2025-02-28 16:00:00,16_20,21.68,24.94,0.37,0.46
2025-02-28 20:00:00,20_24,7.23,8.36,0.76,0.87
