DATE,PRODUCT,CUMULATED_CAPACITY_MORE_EXPENSIVE_THAN_ELECTRICITY_PRICE_EXCESS_CAPACITY,RES_SHARE,EXESSIVE_AVAILABLE_CAPACITY_UNTIL_PRICE_LIMIT_9999_€/MWh,CLEAN_SPREAD_OF_GAS
2021-01-01 00:00:00,00_04,20861.125,0.0938847810384153,20861.125,-17.69652
2021-01-01 04:00:00,04_08,22273.5,0.0718693690102214,22273.5,-24.284019999999995
2021-01-01 08:00:00,08_12,19788.0625,0.1108837584399317,19788.0625,-19.77402
2021-01-01 12:00:00,12_16,19368.5,0.1394263024577257,19368.5,-17.464019999999998
2021-01-01 16:00:00,16_20,14131.375,0.10064088967001,14131.375,-5.806519999999999
2021-01-01 20:00:00,20_24,17199.75,0.1195010302270748,17199.75,-10.75402
2021-01-02 00:00:00,00_04,21749.0,0.1105755035882356,21749.0,-22.02652
2021-01-02 04:00:00,04_08,20080.1875,0.0850267316251582,20080.1875,-23.67902
2021-01-02 08:00:00,08_12,11565.4375,0.0925298668009337,11565.4375,-13.42902
2021-01-02 12:00:00,12_16,10485.25,0.0914918875204683,10485.25,-11.55652
2021-01-02 16:00:00,16_20,6085.25,0.0568998480592512,6085.25,-2.76902
2021-01-02 20:00:00,20_24,14448.1875,0.095194293127138,14448.1875,-10.63902
2021-01-03 00:00:00,00_04,27178.0,0.2200978501767901,27178.0,-23.89652
2021-01-03 04:00:00,04_08,33644.375,0.3529865505369597,33644.375,-32.31902
2021-01-03 08:00:00,08_12,32171.0,0.4260929402171116,32171.0,-26.22152
2021-01-03 12:00:00,12_16,32970.375,0.4747814838391352,32970.375,-23.019020000000005
2021-01-03 16:00:00,16_20,17285.0,0.4627164784524781,30785.5625,-19.96902
2021-01-03 20:00:00,20_24,34150.0625,0.4909696008809005,34150.0625,-31.97902000000001
2021-01-04 00:00:00,00_04,38404.625,0.5185323904390761,38404.625,-40.57851999999999
2021-01-04 04:00:00,04_08,31878.3125,0.4368239068128632,31878.3125,-30.13851999999999
2021-01-04 08:00:00,08_12,17285.0,0.3412190023703688,18960.0625,-8.978519999999989
2021-01-04 12:00:00,12_16,17285.0,0.3288839300257354,17448.5,-6.208519999999988
2021-01-04 16:00:00,16_20,0.0,0.2941472854212084,14697.375,-5.01851999999999
2021-01-04 20:00:00,20_24,20978.0625,0.3120653094391907,20978.0625,-19.841019999999983
2021-01-05 00:00:00,00_04,31781.5,0.3912043593026022,31781.5,-27.596659999999986
2021-01-05 04:00:00,04_08,17285.0,0.3446447865175829,25821.0625,-20.244159999999987
2021-01-05 08:00:00,08_12,15238.375,0.2859082950981128,15238.375,-1.7541599999999846
2021-01-05 12:00:00,12_16,15329.375,0.2950940541046275,15329.375,-2.564159999999987
2021-01-05 16:00:00,16_20,0.0,0.2922473587874506,14570.75,-3.821659999999984
2021-01-05 20:00:00,20_24,17285.0,0.3202622416767504,22032.125,-13.181659999999985
2021-01-06 00:00:00,00_04,29878.25,0.3578156211987635,29878.25,-20.495500000000007
2021-01-06 04:00:00,04_08,25027.0625,0.3036963502440375,25027.0625,-18.780500000000007
2021-01-06 08:00:00,08_12,13387.0625,0.2253454387537464,13387.0625,-8.478000000000009
2021-01-06 12:00:00,12_16,11921.0625,0.212013106433387,11921.0625,-4.120500000000005
2021-01-06 16:00:00,16_20,8530.5625,0.1827687096251501,8530.5625,-3.830500000000004
2021-01-06 20:00:00,20_24,15079.6875,0.1943528275154336,15079.6875,-9.740500000000004
2021-01-07 00:00:00,00_04,20058.1875,0.164515325934886,20058.1875,-14.187820000000004
2021-01-07 04:00:00,04_08,0.0,0.1516256514563497,13865.0,-7.890320000000004
2021-01-07 08:00:00,08_12,0.0,0.1403145465881645,3411.75,23.30468
2021-01-07 12:00:00,12_16,0.0,0.1371923690039349,3409.6875,20.84718
2021-01-07 16:00:00,16_20,0.0,0.1081675593884493,927.3125,26.68468
2021-01-07 20:00:00,20_24,0.0,0.1314190236061787,9948.6875,-3.672820000000005
2021-01-08 00:00:00,00_04,19082.8125,0.1585585897268713,19082.8125,-18.97726999999999
2021-01-08 04:00:00,04_08,0.0,0.1372785928285677,12549.75,-7.277269999999989
2021-01-08 08:00:00,08_12,0.0,0.1205274668852103,2936.3125,40.762730000000005
2021-01-08 12:00:00,12_16,0.0,0.1123272192148,3713.3125,30.67023000000001
2021-01-08 16:00:00,16_20,0.0,0.0854561974348296,1231.4375,31.935230000000008
2021-01-08 20:00:00,20_24,8424.5,0.0792209787996321,8424.5,-8.674769999999992
2021-01-09 00:00:00,00_04,15969.4375,0.1026232268752272,15969.4375,-16.85476999999999
2021-01-09 04:00:00,04_08,16381.0,0.0958057591688589,16381.0,-18.64476999999999
2021-01-09 08:00:00,08_12,8244.0625,0.0907763346821563,8244.0625,-3.6647699999999936
2021-01-09 12:00:00,12_16,7915.5,0.0965466548414815,7915.5,-6.88726999999999
2021-01-09 16:00:00,16_20,0.0,0.0527824947951649,3942.125,-0.8622699999999917
2021-01-09 20:00:00,20_24,10022.0625,0.0726558095409634,10022.0625,-12.807269999999992
2021-01-10 00:00:00,00_04,12446.0,0.0967938783279177,12446.0,-18.31477
2021-01-10 04:00:00,04_08,16540.9375,0.1589693851108725,16540.9375,-24.10476999999999
2021-01-10 08:00:00,08_12,14254.1875,0.2368679824035445,14254.1875,-16.159769999999995
2021-01-10 12:00:00,12_16,14360.0625,0.2739415865873882,14360.0625,-15.859769999999996
2021-01-10 16:00:00,16_20,9035.375,0.2154564848799966,9035.375,-9.962269999999997
2021-01-10 20:00:00,20_24,12400.4375,0.2337209330423919,12400.4375,-19.99977
2021-01-11 00:00:00,00_04,21690.9375,0.3430596719748156,21690.9375,-25.67495999999999
2021-01-11 04:00:00,04_08,15097.0,0.3588779779475552,17590.9375,-18.117459999999998
2021-01-11 08:00:00,08_12,0.0,0.3857246284229803,11435.0625,-10.544959999999993
2021-01-11 12:00:00,12_16,15106.625,0.4463401252080939,15106.625,-19.79995999999999
2021-01-11 16:00:00,16_20,16192.9375,0.4687432485435399,16192.9375,-22.202459999999995
2021-01-11 20:00:00,20_24,28816.875,0.6088829565151381,28816.875,-36.94995999999999
2021-01-12 00:00:00,00_04,41275.5,0.781749649970815,41275.5,-54.52651999999999
2021-01-12 04:00:00,04_08,15097.0,0.6154755338428808,30652.0,-34.40402
2021-01-12 08:00:00,08_12,15097.0,0.4619129438717068,16066.125,-16.511519999999994
2021-01-12 12:00:00,12_16,15097.0,0.4598230818239568,15809.4375,-18.584019999999995
2021-01-12 16:00:00,16_20,13993.4375,0.4380232114358691,13993.4375,-12.906519999999997
2021-01-12 20:00:00,20_24,23489.5625,0.5208653010982732,23489.5625,-30.50401999999999
2021-01-13 00:00:00,00_04,31424.625,0.6078940912219859,31424.625,-47.62114999999999
2021-01-13 04:00:00,04_08,27738.8125,0.5840456786763556,27738.8125,-41.29364999999999
2021-01-13 08:00:00,08_12,15097.0,0.5672066322732249,22026.8125,-31.961149999999986
2021-01-13 12:00:00,12_16,24900.25,0.6047413392350927,24900.25,-39.96114999999999
2021-01-13 16:00:00,16_20,15097.0,0.5277367464244427,19091.125,-29.138649999999984
2021-01-13 20:00:00,20_24,24403.6875,0.5486793771885176,24403.6875,-37.80864999999999
2021-01-14 00:00:00,00_04,30467.1875,0.5816345487196736,30467.1875,-35.78695999999999
2021-01-14 04:00:00,04_08,0.0,0.3615071065773187,14603.875,-16.14195999999999
2021-01-14 08:00:00,08_12,0.0,0.1624113228450548,-6684.75,16.153040000000004
2021-01-14 12:00:00,12_16,0.0,0.1112242017609571,-9396.1875,11.408040000000009
2021-01-14 16:00:00,16_20,0.0,0.0846992054279422,-11621.1875,16.94804000000001
2021-01-14 20:00:00,20_24,0.0,0.1030158180629199,-3378.8125,-10.35445999999999
2021-01-15 00:00:00,00_04,5710.625,0.140650285175979,5710.625,-21.101319999999987
2021-01-15 04:00:00,04_08,0.0,0.1377260161564042,682.5,-8.978819999999986
2021-01-15 08:00:00,08_12,0.0,0.1286709931903892,-9520.8125,23.28618000000001
2021-01-15 12:00:00,12_16,0.0,0.1300197047640551,-8184.25,8.416180000000015
2021-01-15 16:00:00,16_20,0.0,0.082262846521133,-11542.25,24.54618000000001
2021-01-15 20:00:00,20_24,0.0,0.0680483659915563,-4843.1875,-3.338819999999984
2021-01-16 00:00:00,00_04,4750.875,0.0697611008692042,4750.875,-13.716319999999993
2021-01-16 04:00:00,04_08,6063.625,0.0745311639901771,6063.625,-18.51631999999999
2021-01-16 08:00:00,08_12,1214.25,0.1250396375382267,1214.25,-5.11381999999999
2021-01-16 12:00:00,12_16,4370.0625,0.1816640317264664,4370.0625,-16.616319999999995
2021-01-16 16:00:00,16_20,794.4375,0.1504180637494164,794.4375,-4.848819999999988
2021-01-16 20:00:00,20_24,7142.3125,0.1704855063269237,7142.3125,-14.51381999999999
2021-01-17 00:00:00,00_04,14978.1875,0.1720186748550439,14978.1875,-20.29382
2021-01-17 04:00:00,04_08,15681.8125,0.1477341394148398,15681.8125,-21.21382
2021-01-17 08:00:00,08_12,9279.6875,0.1459368804319363,9279.6875,-13.796319999999996
2021-01-17 12:00:00,12_16,7206.4375,0.1378960536299113,7206.4375,-14.603819999999995
2021-01-17 16:00:00,16_20,0.0,0.1116472345373037,2757.9375,-0.6863199999999967
2021-01-17 20:00:00,20_24,8088.9375,0.1614404473048193,8088.9375,-10.676319999999995
2021-01-18 00:00:00,00_04,15317.25,0.2215709571655768,15317.25,-19.632389999999987
2021-01-18 04:00:00,04_08,0.0,0.2496757208278909,10656.125,-10.602389999999987
2021-01-18 08:00:00,08_12,0.0,0.282160889045305,2370.6875,5.507610000000014
2021-01-18 12:00:00,12_16,7529.6875,0.3572489834924585,7529.6875,-9.099889999999988
2021-01-18 16:00:00,16_20,8979.75,0.3849805614010058,8979.75,-12.49488999999999
2021-01-18 20:00:00,20_24,20033.5625,0.4814199522543683,20033.5625,-24.39488999999999
2021-01-19 00:00:00,00_04,27175.0,0.5447149271341488,27175.0,-30.94399999999999
2021-01-19 04:00:00,04_08,21909.25,0.5041018457278773,21909.25,-26.043999999999983
2021-01-19 08:00:00,08_12,13769.5,0.4682260613430524,13769.5,-12.553999999999988
2021-01-19 12:00:00,12_16,14353.1875,0.4786627671525516,14353.1875,-14.766499999999986
2021-01-19 16:00:00,16_20,14703.625,0.4835556307675305,14703.625,-15.591499999999986
2021-01-19 20:00:00,20_24,26434.875,0.5983466108752218,26434.875,-31.018999999999984
2021-01-20 00:00:00,00_04,35324.125,0.6855581997866379,35324.125,-41.14915999999999
2021-01-20 04:00:00,04_08,27620.0625,0.5977677681585886,27620.0625,-34.901659999999985
2021-01-20 08:00:00,08_12,20545.5,0.5577831325301205,20545.5,-29.486659999999983
2021-01-20 12:00:00,12_16,21571.4375,0.5713815442957969,21571.4375,-31.149159999999984
2021-01-20 16:00:00,16_20,15097.0,0.4885406084047778,15525.75,-20.131659999999982
2021-01-20 20:00:00,20_24,26166.3125,0.5883453497328072,26166.3125,-38.10415999999999
2021-01-21 00:00:00,00_04,37290.5,0.7304411583880208,37290.5,-54.98225999999999
2021-01-21 04:00:00,04_08,33782.5,0.7021352761946604,33782.5,-49.35976
2021-01-21 08:00:00,08_12,25212.3125,0.6323372492689684,25212.3125,-33.757259999999995
2021-01-21 12:00:00,12_16,22959.375,0.6035384468807633,22959.375,-31.319759999999995
2021-01-21 16:00:00,16_20,15664.0,0.50202425690375,15664.0,-23.41976
2021-01-21 20:00:00,20_24,25399.25,0.5826964948147337,25399.25,-37.62225999999999
2021-01-22 00:00:00,00_04,39129.375,0.7469228628482987,39129.375,-57.14894999999999
2021-01-22 04:00:00,04_08,30985.0625,0.6434561774023231,30985.0625,-39.89645
2021-01-22 08:00:00,08_12,16247.0625,0.4990972561303166,16247.0625,-20.063949999999984
2021-01-22 12:00:00,12_16,9755.8125,0.3938999388812677,9755.8125,-16.396449999999987
2021-01-22 16:00:00,16_20,1258.5625,0.2594367584883703,1258.5625,-5.438949999999988
2021-01-22 20:00:00,20_24,9009.1875,0.2816935608255416,9009.1875,-17.18894999999999
2021-01-23 00:00:00,00_04,13158.75,0.2152804549566234,13158.75,-28.278949999999995
2021-01-23 04:00:00,04_08,11303.375,0.1857070659803462,11303.375,-29.661449999999995
2021-01-23 08:00:00,08_12,5160.5,0.2145663607948483,5160.5,-15.946449999999992
2021-01-23 12:00:00,12_16,4258.875,0.2051760883744698,4258.875,-18.631449999999997
2021-01-23 16:00:00,16_20,0.0,0.1142102118943698,-2402.6875,-9.248949999999995
2021-01-23 20:00:00,20_24,4936.25,0.1321371135657211,4936.25,-19.616449999999997
2021-01-24 00:00:00,00_04,13076.9375,0.1299977837960646,13076.9375,-30.358949999999997
2021-01-24 04:00:00,04_08,17261.8125,0.2053340064660674,17261.8125,-31.543949999999988
2021-01-24 08:00:00,08_12,13773.625,0.2639503400911312,13773.625,-21.103949999999987
2021-01-24 12:00:00,12_16,13812.25,0.2906660242169565,13812.25,-25.06644999999999
2021-01-24 16:00:00,16_20,4741.0,0.167375219270286,4741.0,-11.623949999999992
2021-01-24 20:00:00,20_24,6657.625,0.1454793824855755,6657.625,-17.87644999999999
2021-01-25 00:00:00,00_04,8682.8125,0.0743904421976334,8682.8125,-29.485039999999984
2021-01-25 04:00:00,04_08,0.0,0.052532618969056,-853.8125,-18.357539999999982
2021-01-25 08:00:00,08_12,0.0,0.0752015057772494,-12092.4375,2.2999600000000164
2021-01-25 12:00:00,12_16,0.0,0.1155720639513014,-8897.5625,-6.325039999999987
2021-01-25 16:00:00,16_20,0.0,0.1323071317805569,-7747.9375,-4.405039999999989
2021-01-25 20:00:00,20_24,4790.0,0.2264031746615881,4790.0,-18.565039999999986
2021-01-26 00:00:00,00_04,13150.3125,0.2617074503195499,13150.3125,-21.267510000000005
2021-01-26 04:00:00,04_08,8029.4375,0.2627146032161067,8029.4375,-13.420010000000005
2021-01-26 08:00:00,08_12,0.0,0.2224653301465879,-3460.4375,3.602489999999996
2021-01-26 12:00:00,12_16,0.0,0.2308905291705124,-2752.4375,-1.6975100000000047
2021-01-26 16:00:00,16_20,0.0,0.2086889448450485,-4399.9375,-0.2975100000000044
2021-01-26 20:00:00,20_24,5224.4375,0.2566538284235728,5224.4375,-14.447510000000005
2021-01-27 00:00:00,00_04,15321.9375,0.2851172478830243,15321.9375,-23.166599999999995
2021-01-27 04:00:00,04_08,8083.375,0.2527800241547431,8083.375,-17.451599999999992
2021-01-27 08:00:00,08_12,0.0,0.2193049650374222,-3456.5,-1.3765999999999927
2021-01-27 12:00:00,12_16,0.0,0.1966411685361351,-4492.5625,-1.6265999999999927
2021-01-27 16:00:00,16_20,0.0,0.1896270179500893,-4826.875,-0.3215999999999912
2021-01-27 20:00:00,20_24,7829.3125,0.2814535735594348,7829.3125,-12.849099999999996
2021-01-28 00:00:00,00_04,13712.9375,0.2484771044948104,13712.9375,-23.74307
2021-01-28 04:00:00,04_08,2196.0,0.1488652925255049,2196.0,-16.993069999999996
2021-01-28 08:00:00,08_12,0.0,0.1167712682252841,-10412.0,-2.2330699999999943
2021-01-28 12:00:00,12_16,0.0,0.1516791467614709,-7380.1875,-8.968069999999996
2021-01-28 16:00:00,16_20,0.0,0.1705405885284805,-5244.5,-8.338069999999997
2021-01-28 20:00:00,20_24,3222.25,0.1953890300826419,3222.25,-17.383069999999996
2021-01-29 00:00:00,00_04,14858.4375,0.2727401941549425,14858.4375,-29.667569999999976
2021-01-29 04:00:00,04_08,14052.1875,0.3458767330471038,14052.1875,-24.912569999999977
2021-01-29 08:00:00,08_12,10002.6875,0.3981339099791767,10002.6875,-12.167569999999976
2021-01-29 12:00:00,12_16,11158.875,0.4069884001427896,11158.875,-19.592569999999977
2021-01-29 16:00:00,16_20,5874.0625,0.3156528039468008,5874.0625,-10.705069999999978
2021-01-29 20:00:00,20_24,13534.0,0.3385529993159726,13534.0,-21.112569999999977
2021-01-30 00:00:00,00_04,23531.6875,0.4062180434041586,23531.6875,-30.027569999999987
2021-01-30 04:00:00,04_08,19362.8125,0.3142716873808457,19362.8125,-29.38006999999999
2021-01-30 08:00:00,08_12,4532.875,0.172782069858762,4532.875,-13.210069999999988
2021-01-30 12:00:00,12_16,2764.125,0.1369116752994602,2764.125,-18.282569999999986
2021-01-30 16:00:00,16_20,795.4375,0.1125026533644661,795.4375,-9.11756999999999
2021-01-30 20:00:00,20_24,8673.75,0.1632002130372563,8673.75,-21.47006999999999
2021-01-31 00:00:00,00_04,17371.875,0.1969900463888321,17371.875,-28.06506999999999
2021-01-31 04:00:00,04_08,18800.6875,0.2101415504776849,18800.6875,-28.662569999999988
2021-01-31 08:00:00,08_12,14705.9375,0.2595739177029249,14705.9375,-19.86506999999999
2021-01-31 12:00:00,12_16,13113.3125,0.2562540580898875,13113.3125,-21.227569999999996
2021-01-31 16:00:00,16_20,3629.9375,0.1189595117914676,3629.9375,-7.93006999999999
2021-01-31 20:00:00,20_24,9442.6875,0.1742575498149824,9442.6875,-17.84006999999999
2021-02-01 00:00:00,00_04,18006.625,0.2714039491676556,18006.625,-28.589029999999998
2021-02-01 04:00:00,04_08,11028.375,0.2625351590131674,11028.375,-20.061529999999998
2021-02-01 08:00:00,08_12,0.0,0.2219879332635597,-1434.3125,-3.476529999999997
2021-02-01 12:00:00,12_16,0.0,0.1487982359825879,-6498.875,-4.381529999999994
2021-02-01 16:00:00,16_20,0.0,0.0890073502656284,-10315.75,2.9659700000000093
2021-02-01 20:00:00,20_24,0.0,0.0796410925528559,-3538.75,-12.686529999999994
2021-02-02 00:00:00,00_04,6796.8125,0.1092794030157692,6796.8125,-20.794090000000004
2021-02-02 04:00:00,04_08,0.0,0.0919169496371445,-726.4375,-12.11159
2021-02-02 08:00:00,08_12,0.0,0.107856168051856,-10401.0,4.753409999999995
2021-02-02 12:00:00,12_16,0.0,0.1543946262083166,-6860.875,-5.899090000000003
2021-02-02 16:00:00,16_20,0.0,0.2078254273306511,-2290.6875,-9.419090000000002
2021-02-02 20:00:00,20_24,10435.375,0.3080843630650604,10435.375,-18.85909
2021-02-03 00:00:00,00_04,21227.25,0.3939806512218033,21227.25,-33.90844
2021-02-03 04:00:00,04_08,13971.8125,0.3490672053975052,13971.8125,-24.15344
2021-02-03 08:00:00,08_12,1823.6875,0.2919732614551473,1823.6875,-10.058439999999996
2021-02-03 12:00:00,12_16,3395.5,0.3076019332636263,3395.5,-16.938439999999996
2021-02-03 16:00:00,16_20,7944.8125,0.3611835901297237,7944.8125,-17.315939999999998
2021-02-03 20:00:00,20_24,20088.3125,0.4756216524448608,20088.3125,-25.55844
2021-02-04 00:00:00,00_04,29417.375,0.5546210504778886,29417.375,-31.99123
2021-02-04 04:00:00,04_08,15097.0,0.3847900017810302,15788.625,-20.01623
2021-02-04 08:00:00,08_12,2681.0,0.3043551445621842,2681.0,-7.961229999999999
2021-02-04 12:00:00,12_16,0.0,0.2546573286820579,-313.0,-8.393729999999998
2021-02-04 16:00:00,16_20,0.0,0.107644860497757,-10151.875,2.4562700000000035
2021-02-04 20:00:00,20_24,0.0,0.148619055700136,-89.8125,-12.003729999999996
2021-02-05 00:00:00,00_04,12783.125,0.2322253113122259,12783.125,-23.49594999999999
2021-02-05 04:00:00,04_08,8725.25,0.2477920530101596,8725.25,-18.510949999999987
2021-02-05 08:00:00,08_12,947.75,0.2646537366356847,947.75,-6.468449999999988
2021-02-05 12:00:00,12_16,3449.625,0.2860295992593331,3449.625,-14.14844999999999
2021-02-05 16:00:00,16_20,4081.875,0.2839973442657962,4081.875,-11.075949999999988
2021-02-05 20:00:00,20_24,14329.8125,0.359153725331239,14329.8125,-18.48594999999999
2021-02-06 00:00:00,00_04,26743.4375,0.4663113872750053,26743.4375,-29.413449999999997
2021-02-06 04:00:00,04_08,29288.0,0.5195604435799394,29288.0,-32.16094999999999
2021-02-06 08:00:00,08_12,26306.375,0.5451229151932244,26306.375,-24.683449999999997
2021-02-06 12:00:00,12_16,31923.25,0.6425271607865869,31923.25,-31.410949999999996
2021-02-06 16:00:00,16_20,31428.5625,0.6396266250605076,31428.5625,-28.363449999999997
2021-02-06 20:00:00,20_24,38484.75,0.7331562664034852,38484.75,-41.79344999999999
2021-02-07 00:00:00,00_04,42674.75,0.7849014129119107,42674.75,-70.00094999999999
2021-02-07 04:00:00,04_08,43801.3125,0.8065475288791555,43801.3125,-70.78594999999999
2021-02-07 08:00:00,08_12,37655.5,0.7224688645563423,37655.5,-50.47094999999997
2021-02-07 12:00:00,12_16,36108.125,0.6987742815814286,36108.125,-43.843449999999976
2021-02-07 16:00:00,16_20,31126.625,0.6221416898561746,31126.625,-31.413449999999976
2021-02-07 20:00:00,20_24,32080.5,0.619458241734838,32080.5,-32.89344999999998
2021-02-08 00:00:00,00_04,35006.625,0.6499871344469688,35006.625,-62.17628
2021-02-08 04:00:00,04_08,24557.1875,0.5204471307431408,24557.1875,-41.89878
2021-02-08 08:00:00,08_12,12173.375,0.4370504775139183,12173.375,-14.958779999999992
2021-02-08 12:00:00,12_16,11123.25,0.4187453701065587,11123.25,-18.226279999999992
2021-02-08 16:00:00,16_20,4435.8125,0.3196732613694156,4435.8125,-11.343779999999994
2021-02-08 20:00:00,20_24,8386.0625,0.2977222596345776,8386.0625,-22.023779999999995
2021-02-09 00:00:00,00_04,9436.1875,0.2106476831634424,9436.1875,-27.209229999999994
2021-02-09 04:00:00,04_08,2535.9375,0.178475747504161,2535.9375,-17.701729999999994
2021-02-09 08:00:00,08_12,0.0,0.1719715905653744,-7103.4375,5.1657700000000055
2021-02-09 12:00:00,12_16,0.0,0.1852261318069793,-5743.625,-3.4942299999999946
2021-02-09 16:00:00,16_20,0.0,0.1393360697720741,-8567.625,1.940770000000004
2021-02-09 20:00:00,20_24,0.0,0.1585402608794041,-597.8125,-17.246729999999992
2021-02-10 00:00:00,00_04,5146.3125,0.1476617069091016,5146.3125,-24.110769999999984
2021-02-10 04:00:00,04_08,0.0,0.1673637240043912,1478.3125,-15.020769999999985
2021-02-10 08:00:00,08_12,0.0,0.1830020639888988,-6377.0625,19.90173000000002
2021-02-10 12:00:00,12_16,0.0,0.2115386990948828,-3791.375,3.4267300000000134
2021-02-10 16:00:00,16_20,0.0,0.1845908665290028,-5471.0,19.73423000000002
2021-02-10 20:00:00,20_24,957.625,0.1957549234566152,957.625,-10.69826999999998
2021-02-11 00:00:00,00_04,5592.375,0.1495019567005159,5592.375,-18.63322999999999
2021-02-11 04:00:00,04_08,0.0,0.1141818691881812,-1483.25,-0.6807299999999881
2021-02-11 08:00:00,08_12,0.0,0.1173238451392881,-9792.25,43.63927000000001
2021-02-11 12:00:00,12_16,0.0,0.1368059695319377,-7805.75,2.6367700000000127
2021-02-11 16:00:00,16_20,0.0,0.0997213997926486,-10271.6875,30.21177000000001
2021-02-11 20:00:00,20_24,0.0,0.1401369330071033,-1815.0625,-8.895729999999991
2021-02-12 00:00:00,00_04,7141.0,0.1790993218551715,7141.0,-19.40460999999999
2021-02-12 04:00:00,04_08,0.0,0.1975036892307438,3622.0,-10.01960999999999
2021-02-12 08:00:00,08_12,0.0,0.2436277588055994,-1306.5625,8.832890000000006
2021-02-12 12:00:00,12_16,0.0,0.2893049984363504,3149.0625,-8.309609999999992
2021-02-12 16:00:00,16_20,0.0,0.2272093175924811,-680.0625,2.985390000000009
2021-02-12 20:00:00,20_24,6211.8125,0.2510891370702746,6211.8125,-13.957109999999991
2021-02-13 00:00:00,00_04,10494.875,0.2151434352159156,10494.875,-20.759609999999995
2021-02-13 04:00:00,04_08,8605.625,0.1710381975780963,8605.625,-21.53961
2021-02-13 08:00:00,08_12,5605.8125,0.2224382708660138,5605.8125,-6.227109999999993
2021-02-13 12:00:00,12_16,8138.0,0.2599459687649599,8138.0,-19.55461
2021-02-13 16:00:00,16_20,0.0,0.1342346643060054,-640.8125,-2.4296099999999985
2021-02-13 20:00:00,20_24,5486.4375,0.1730864571038013,5486.4375,-16.464609999999993
2021-02-14 00:00:00,00_04,13286.0625,0.2254297741792963,13286.0625,-23.202109999999983
2021-02-14 04:00:00,04_08,14995.625,0.2380720135028509,14995.625,-24.74710999999999
2021-02-14 08:00:00,08_12,16704.4375,0.3620949050087323,16704.4375,-21.362109999999987
2021-02-14 12:00:00,12_16,18062.9375,0.3975598676098384,18062.9375,-24.634609999999988
2021-02-14 16:00:00,16_20,11235.1875,0.306095395629804,11235.1875,-12.842109999999986
2021-02-14 20:00:00,20_24,16782.9375,0.3783947888951127,16782.9375,-22.334609999999987
2021-02-15 00:00:00,00_04,26436.1875,0.498974735241168,26436.1875,-30.333109999999984
2021-02-15 04:00:00,04_08,15463.0,0.4652537252150577,20631.25,-22.663109999999985
2021-02-15 08:00:00,08_12,11635.5,0.4311916960449681,11635.5,-6.67060999999998
2021-02-15 12:00:00,12_16,9823.8125,0.4034424343494047,9823.8125,-13.96060999999998
2021-02-15 16:00:00,16_20,0.0,0.3545892829616348,6681.0,-7.20810999999998
2021-02-15 20:00:00,20_24,9482.625,0.3273291296036301,9482.625,-17.068109999999983
2021-02-16 00:00:00,00_04,12475.6875,0.2386986539202985,12475.6875,-20.75466
2021-02-16 04:00:00,04_08,4125.4375,0.1879066841592529,4125.4375,-14.534660000000002
2021-02-16 08:00:00,08_12,0.0,0.2282575303578472,-1953.6875,1.1403399999999966
2021-02-16 12:00:00,12_16,4408.125,0.3114924681239845,4408.125,-12.407160000000005
2021-02-16 16:00:00,16_20,4998.5625,0.3107901972984365,4998.5625,-9.88466
2021-02-16 20:00:00,20_24,16443.1875,0.4175421349315145,16443.1875,-17.94966
2021-02-17 00:00:00,00_04,27998.875,0.5288697138868655,27998.875,-23.452279999999995
2021-02-17 04:00:00,04_08,21353.0625,0.4745252076784076,21353.0625,-21.279779999999995
2021-02-17 08:00:00,08_12,12967.8125,0.4418950038528983,12967.8125,-6.279779999999999
2021-02-17 12:00:00,12_16,13992.1875,0.4506934719947975,13992.1875,-18.16228
2021-02-17 16:00:00,16_20,0.0,0.2837352567872953,3046.8125,-0.694779999999998
2021-02-17 20:00:00,20_24,8500.125,0.2842678968330311,8500.125,-14.009779999999996
2021-02-18 00:00:00,00_04,16714.8125,0.3125799537433177,16714.8125,-23.31264
2021-02-18 04:00:00,04_08,9945.875,0.2798047361286083,9945.875,-17.610139999999998
2021-02-18 08:00:00,08_12,8617.75,0.3780183329172165,8617.75,-8.480139999999999
2021-02-18 12:00:00,12_16,13964.4375,0.4478735218945011,13964.4375,-19.80764
2021-02-18 16:00:00,16_20,14933.5625,0.4540849339716667,14933.5625,-15.230139999999995
2021-02-18 20:00:00,20_24,24416.25,0.5447721322314726,24416.25,-24.74264
2021-02-19 00:00:00,00_04,32482.125,0.6098164452771612,32482.125,-26.948309999999992
2021-02-19 04:00:00,04_08,20987.125,0.4540493642613937,20987.125,-19.91331
2021-02-19 08:00:00,08_12,11568.1875,0.4082389199429652,11568.1875,-9.043309999999993
2021-02-19 12:00:00,12_16,11660.5625,0.3955153800719581,11660.5625,-17.948309999999992
2021-02-19 16:00:00,16_20,1199.5,0.2220901718634889,1199.5,-4.138309999999992
2021-02-19 20:00:00,20_24,12360.1875,0.3146046401642384,12360.1875,-18.060809999999996
2021-02-20 00:00:00,00_04,21988.5,0.3946675044717009,21988.5,-24.86331
2021-02-20 04:00:00,04_08,23212.625,0.417854217032226,23212.625,-26.98581
2021-02-20 08:00:00,08_12,23891.125,0.5222539665805703,23891.125,-26.70331
2021-02-20 12:00:00,12_16,27138.0,0.5706922471952192,27138.0,-37.04580999999999
2021-02-20 16:00:00,16_20,18767.6875,0.436478359625836,18767.6875,-21.32581
2021-02-20 20:00:00,20_24,27397.0625,0.5414619781742595,27397.0625,-30.78331
2021-02-21 00:00:00,00_04,33580.375,0.5866531351295894,33580.375,-43.94581
2021-02-21 04:00:00,04_08,31306.6875,0.5260019695778161,31306.6875,-42.29080999999999
2021-02-21 08:00:00,08_12,29231.4375,0.5565517931674046,29231.4375,-29.73080999999999
2021-02-21 12:00:00,12_16,26188.0625,0.5059722528704541,26188.0625,-32.34830999999999
2021-02-21 16:00:00,16_20,9625.5,0.2264688120093175,9625.5,-8.78080999999999
2021-02-21 20:00:00,20_24,13885.0,0.2743073387655992,13885.0,-17.95830999999999
2021-02-22 00:00:00,00_04,18542.0,0.2789103991776597,18542.0,-23.780460000000005
2021-02-22 04:00:00,04_08,10843.25,0.2553760174948365,10843.25,-16.625460000000004
2021-02-22 08:00:00,08_12,8879.8125,0.3627407367919898,8879.8125,-10.98046
2021-02-22 12:00:00,12_16,10097.875,0.3802749804570745,10097.875,-16.38046
2021-02-22 16:00:00,16_20,0.0,0.1780851002942037,-3432.875,3.51704
2021-02-22 20:00:00,20_24,6765.0625,0.2459478600989042,6765.0625,-11.855460000000004
2021-02-23 00:00:00,00_04,17594.9375,0.3072056713815612,17594.9375,-21.84943
2021-02-23 04:00:00,04_08,11071.25,0.274825945183749,11071.25,-17.334429999999998
2021-02-23 08:00:00,08_12,9873.125,0.3872106012980258,9873.125,-9.74693
2021-02-23 12:00:00,12_16,13767.375,0.4383146499339377,13767.375,-22.14943
2021-02-23 16:00:00,16_20,427.1875,0.2369634684274019,427.1875,-5.729430000000001
2021-02-23 20:00:00,20_24,11153.4375,0.3186347160066169,11153.4375,-18.89193
2021-02-24 00:00:00,00_04,26966.8125,0.4806053935623895,26966.8125,-41.94317
2021-02-24 04:00:00,04_08,19940.4375,0.4209994595455248,19940.4375,-30.43567
2021-02-24 08:00:00,08_12,18893.5,0.5067082671759398,18893.5,-19.01567
2021-02-24 12:00:00,12_16,20297.3125,0.5203739202550156,20297.3125,-25.830670000000005
2021-02-24 16:00:00,16_20,5462.3125,0.2904114137188499,5462.3125,-6.968170000000002
2021-02-24 20:00:00,20_24,14885.0,0.3669885790352803,14885.0,-18.098170000000003
2021-02-25 00:00:00,00_04,23235.25,0.4158150505173954,23235.25,-26.921600000000005
2021-02-25 04:00:00,04_08,16527.1875,0.3694742351829112,16527.1875,-18.7141
2021-02-25 08:00:00,08_12,18210.1875,0.4962561398473197,18210.1875,-14.704100000000006
2021-02-25 12:00:00,12_16,18521.0,0.5009336294532551,18521.0,-19.126600000000003
2021-02-25 16:00:00,16_20,0.0,0.1893575326020696,-1975.625,-2.174100000000003
2021-02-25 20:00:00,20_24,2919.4375,0.1735539528240894,2919.4375,-10.569100000000006
2021-02-26 00:00:00,00_04,13144.1875,0.2014376541735276,13144.1875,-19.15136000000001
2021-02-26 04:00:00,04_08,7006.0,0.1892059727190084,7006.0,-11.59386000000001
2021-02-26 08:00:00,08_12,6372.3125,0.319930682658982,6372.3125,-8.32386000000001
2021-02-26 12:00:00,12_16,14372.375,0.4237624949677507,14372.375,-20.86636000000001
2021-02-26 16:00:00,16_20,4761.625,0.2638334593829387,4761.625,-8.343860000000012
2021-02-26 20:00:00,20_24,11384.5625,0.2846196806763179,11384.5625,-13.03886000000001
2021-02-27 00:00:00,00_04,18992.5625,0.2779842888546515,18992.5625,-20.29386
2021-02-27 04:00:00,04_08,15022.1875,0.2064182064822311,15022.1875,-18.44386
2021-02-27 08:00:00,08_12,10900.0625,0.2696244413697988,10900.0625,-12.94886
2021-02-27 12:00:00,12_16,15207.3125,0.334273829430968,15207.3125,-23.89136
2021-02-27 16:00:00,16_20,3338.8125,0.1271638358794603,3338.8125,-8.096359999999997
2021-02-27 20:00:00,20_24,6934.375,0.1254845762591135,6934.375,-13.47136
2021-02-28 00:00:00,00_04,13394.5625,0.1527894149830482,13394.5625,-20.82136
2021-02-28 04:00:00,04_08,14172.5,0.1541474035430009,14172.5,-21.268860000000004
2021-02-28 08:00:00,08_12,17726.1875,0.3522207771852727,17726.1875,-20.97886
2021-02-28 12:00:00,12_16,22886.5625,0.447678372603894,22886.5625,-29.84636
2021-02-28 16:00:00,16_20,4795.8125,0.1313169891354694,4795.8125,-8.76886
2021-02-28 20:00:00,20_24,5010.3125,0.1057590378513486,5010.3125,-11.96636
2021-03-01 00:00:00,00_04,11293.5625,0.0951230061875244,11293.5625,-20.719410000000003
2021-03-01 04:00:00,04_08,0.0,0.0772275838686861,2233.875,-9.994410000000004
2021-03-01 08:00:00,08_12,0.0,0.2485187586110444,1862.3125,-6.466910000000006
2021-03-01 12:00:00,12_16,8891.0625,0.3499131196473372,8891.0625,-21.09691
2021-03-01 16:00:00,16_20,0.0,0.1074956627100597,-6534.1875,-3.219410000000005
2021-03-01 20:00:00,20_24,0.0,0.1118611977258505,-327.5625,-12.344410000000003
2021-03-02 00:00:00,00_04,7949.125,0.1102704935589486,7949.125,-19.59527
2021-03-02 04:00:00,04_08,0.0,0.0749364622636228,-74.9375,-10.185270000000004
2021-03-02 08:00:00,08_12,0.0,0.2476934523809524,1010.0,-6.65527
2021-03-02 12:00:00,12_16,8766.125,0.3533466230642619,8766.125,-19.09527
2021-03-02 16:00:00,16_20,0.0,0.0685729270967434,-9481.3125,4.417230000000002
2021-03-02 20:00:00,20_24,0.0,0.0572078628153651,-4142.9375,-6.02777
2021-03-03 00:00:00,00_04,6663.125,0.0731310837746656,6663.125,-17.87383
2021-03-03 04:00:00,04_08,0.0,0.0759535767229765,335.0,-7.49883
2021-03-03 08:00:00,08_12,0.0,0.2885449948336531,4872.875,-7.573830000000003
2021-03-03 12:00:00,12_16,11248.9375,0.3738556889162837,11248.9375,-18.618830000000003
2021-03-03 16:00:00,16_20,0.0,0.144121893760924,-3339.6875,-2.113830000000002
2021-03-03 20:00:00,20_24,3873.6875,0.1743077670543755,3873.6875,-9.066330000000002
2021-03-04 00:00:00,00_04,14758.5,0.2279240751277607,14758.5,-16.635299999999994
2021-03-04 04:00:00,04_08,7475.8125,0.1922708754605849,7475.8125,-10.050299999999996
2021-03-04 08:00:00,08_12,0.0,0.2499314870248445,2812.9375,-0.325299999999995
2021-03-04 12:00:00,12_16,4569.375,0.2693934818390456,4569.375,-8.185299999999996
2021-03-04 16:00:00,16_20,0.0,0.1956161121061975,649.8125,-2.752799999999993
2021-03-04 20:00:00,20_24,6811.8125,0.2124262802110899,6811.8125,-10.260299999999994
2021-03-05 00:00:00,00_04,13049.8125,0.2019789850999852,13049.8125,-19.708850000000005
2021-03-05 04:00:00,04_08,0.0,0.1466570918222295,4478.125,-10.211350000000008
2021-03-05 08:00:00,08_12,0.0,0.2558739461484879,3158.4375,-0.6163500000000042
2021-03-05 12:00:00,12_16,8465.0625,0.3235524924419437,8465.0625,-15.303850000000006
2021-03-05 16:00:00,16_20,0.0,0.1384424113357048,-2747.375,-3.241350000000006
2021-03-05 20:00:00,20_24,1284.5,0.1058174417661174,1284.5,-9.391350000000005
2021-03-06 00:00:00,00_04,11932.125,0.1516016691663132,11932.125,-19.663850000000004
2021-03-06 04:00:00,04_08,15761.6875,0.2298862009396992,15761.6875,-22.031350000000003
2021-03-06 08:00:00,08_12,24906.5,0.506516555463899,24906.5,-20.94635
2021-03-06 12:00:00,12_16,30111.3125,0.5991908128652581,30111.3125,-26.588850000000008
2021-03-06 16:00:00,16_20,10793.6875,0.25735567843006,10793.6875,-13.268850000000002
2021-03-06 20:00:00,20_24,15203.5625,0.2793356018367693,15203.5625,-14.576350000000003
2021-03-07 00:00:00,00_04,23747.8125,0.3525334225571347,23747.8125,-21.131350000000005
2021-03-07 04:00:00,04_08,24576.0,0.3548770704262385,24576.0,-20.256350000000005
2021-03-07 08:00:00,08_12,30857.3125,0.577021328747659,30857.3125,-25.63385000000001
2021-03-07 12:00:00,12_16,31805.5625,0.6027435300740354,31805.5625,-25.608850000000004
2021-03-07 16:00:00,16_20,12221.0625,0.2389420438086809,12221.0625,-12.448850000000006
2021-03-07 20:00:00,20_24,10179.0,0.1759972822604027,10179.0,-10.896350000000004
2021-03-08 00:00:00,00_04,13169.0625,0.1368874926766765,13169.0625,-19.800410000000003
2021-03-08 04:00:00,04_08,0.0,0.0765942766049834,3052.4375,-5.312910000000002
2021-03-08 08:00:00,08_12,0.0,0.2697364288742678,5059.625,3.0320899999999984
2021-03-08 12:00:00,12_16,8475.1875,0.3197095056959184,8475.1875,-9.922910000000003
2021-03-08 16:00:00,16_20,0.0,0.0802963933675619,-6685.75,18.42959
2021-03-08 20:00:00,20_24,0.0,0.1071610594444109,652.8125,-6.037910000000002
2021-03-09 00:00:00,00_04,10987.375,0.1604985178338061,10987.375,-20.614519999999988
2021-03-09 04:00:00,04_08,0.0,0.1377993713383475,3915.125,-9.137019999999987
2021-03-09 08:00:00,08_12,0.0,0.2404474348382989,2031.9375,3.2804800000000096
2021-03-09 12:00:00,12_16,2846.3125,0.2427248880456574,2846.3125,-8.80201999999999
2021-03-09 16:00:00,16_20,0.0,0.0694688605086147,-7839.1875,10.502980000000008
2021-03-09 20:00:00,20_24,0.0,0.0649992243786411,-2106.875,-4.98201999999999
2021-03-10 00:00:00,00_04,6706.3125,0.0762060525653635,6706.3125,-15.396219999999984
2021-03-10 04:00:00,04_08,0.0,0.107109123266932,2156.75,-9.598719999999984
2021-03-10 08:00:00,08_12,0.0,0.2971873486851358,5602.25,-10.343719999999983
2021-03-10 12:00:00,12_16,13107.625,0.4050016529901973,13107.625,-20.791219999999985
2021-03-10 16:00:00,16_20,7823.8125,0.3154334229921856,7823.8125,-12.438719999999984
2021-03-10 20:00:00,20_24,24206.0,0.519175675632062,24206.0,-30.411219999999982
2021-03-11 00:00:00,00_04,41247.125,0.7794071486431754,41247.125,-64.17405
2021-03-11 04:00:00,04_08,37635.75,0.7427760080336776,37635.75,-49.18905
2021-03-11 08:00:00,08_12,31033.25,0.6897149892500781,31033.25,-31.22405
2021-03-11 12:00:00,12_16,36525.3125,0.767199913527536,36525.3125,-37.36905
2021-03-11 16:00:00,16_20,27377.0,0.6639087005006288,30006.8125,-24.32155
2021-03-11 20:00:00,20_24,32532.3125,0.6631383071820262,32532.3125,-41.04655
2021-03-12 00:00:00,00_04,39372.4375,0.7682536862675431,39372.4375,-58.691010000000006
2021-03-12 04:00:00,04_08,33710.625,0.6978974524346985,33710.625,-43.25851
2021-03-12 08:00:00,08_12,39111.8125,0.8209496631082359,39111.8125,-54.20351
2021-03-12 12:00:00,12_16,42637.5,0.8703070327300775,42637.5,-64.53351
2021-03-12 16:00:00,16_20,25260.8125,0.6012597052385537,25260.8125,-26.43101
2021-03-12 20:00:00,20_24,31656.6875,0.6606392857953667,31656.6875,-35.18101
2021-03-13 00:00:00,00_04,35844.1875,0.6963474475176171,35844.1875,-47.91600999999999
2021-03-13 04:00:00,04_08,37504.625,0.7261372830986949,37504.625,-51.32100999999999
2021-03-13 08:00:00,08_12,41196.3125,0.8287171121455524,41196.3125,-68.45100999999998
2021-03-13 12:00:00,12_16,46519.25,0.9177389561835751,46519.25,-76.54351
2021-03-13 16:00:00,16_20,36688.625,0.7503016946251284,36688.625,-47.66600999999999
2021-03-13 20:00:00,20_24,39311.75,0.7779507410419013,39311.75,-57.89350999999999
2021-03-14 00:00:00,00_04,48259.6875,0.933785588973868,48259.6875,-73.22350999999999
2021-03-14 04:00:00,04_08,44159.625,0.8381915337053933,44159.625,-71.01850999999999
2021-03-14 08:00:00,08_12,40482.625,0.790388303119422,40482.625,-58.79601
2021-03-14 12:00:00,12_16,42457.125,0.8322156802880757,42457.125,-68.81600999999999
2021-03-14 16:00:00,16_20,26384.0,0.5496556498069997,27156.875,-32.75600999999999
2021-03-14 20:00:00,20_24,26351.1875,0.5176639222685295,26351.1875,-26.681009999999997
2021-03-15 00:00:00,00_04,27901.125,0.5186496904179081,27901.125,-33.89489999999998
2021-03-15 04:00:00,04_08,14030.0,0.4455275782582263,19818.0625,-23.084899999999987
2021-03-15 08:00:00,08_12,14030.0,0.4915436877115735,16069.5,-13.112399999999989
2021-03-15 12:00:00,12_16,22555.1875,0.586256396738165,22555.1875,-27.722399999999983
2021-03-15 16:00:00,16_20,14030.0,0.4751874223411498,15761.1875,-15.339899999999988
2021-03-15 20:00:00,20_24,18970.1875,0.4724359656848986,18970.1875,-17.72739999999999
2021-03-16 00:00:00,00_04,26607.3125,0.5227738305155067,26607.3125,-25.27410999999998
2021-03-16 04:00:00,04_08,14030.0,0.4180809831907604,16946.8125,-15.569109999999975
2021-03-16 08:00:00,08_12,12239.875,0.4414547207245581,12239.875,-7.301609999999977
2021-03-16 12:00:00,12_16,12492.5,0.437234802614498,12492.5,-18.66410999999998
2021-03-16 16:00:00,16_20,0.0,0.2161700022895475,-1098.8125,-1.2016099999999792
2021-03-16 20:00:00,20_24,1696.1875,0.1751594481072799,1696.1875,-14.671609999999978
2021-03-17 00:00:00,00_04,8954.9375,0.1948944398640233,8954.9375,-24.144549999999988
2021-03-17 04:00:00,04_08,2120.0625,0.1746497173729536,2120.0625,-16.449549999999988
2021-03-17 08:00:00,08_12,0.0,0.2482479381712571,-1664.8125,-8.352049999999991
2021-03-17 12:00:00,12_16,152.5,0.2731168096193563,152.5,-17.567049999999988
2021-03-17 16:00:00,16_20,0.0,0.1138386769988257,-9498.8125,1.897950000000012
2021-03-17 20:00:00,20_24,0.0,0.0788296371724995,-5580.25,-5.07204999999999
2021-03-18 00:00:00,00_04,3186.8125,0.0596301290939365,3186.8125,-20.831750000000007
2021-03-18 04:00:00,04_08,0.0,0.0560526277760918,-3471.5,-9.089250000000003
2021-03-18 08:00:00,08_12,0.0,0.1926543410118604,-4373.75,2.683249999999997
2021-03-18 12:00:00,12_16,0.0,0.2460746110292115,-580.6875,-7.136750000000005
2021-03-18 16:00:00,16_20,0.0,0.0995985845023713,-9110.25,11.833249999999992
2021-03-18 20:00:00,20_24,0.0,0.09478674000501,-3246.5,-8.489250000000007
2021-03-19 00:00:00,00_04,6978.5625,0.1466432289060154,6978.5625,-15.42904999999999
2021-03-19 04:00:00,04_08,0.0,0.1813698520733687,3481.875,-9.44904999999999
2021-03-19 08:00:00,08_12,0.0,0.3538599022573889,6225.75,-11.77654999999999
2021-03-19 12:00:00,12_16,15016.5625,0.4731272156791068,15016.5625,-25.93654999999999
2021-03-19 16:00:00,16_20,0.0,0.2826668022345233,3749.875,-9.066549999999992
2021-03-19 20:00:00,20_24,3015.4375,0.1840208493185771,3015.4375,-7.331549999999988
2021-03-20 00:00:00,00_04,7840.5625,0.1281638159001929,7840.5625,-12.516549999999986
2021-03-20 04:00:00,04_08,8031.3125,0.1483023071210918,8031.3125,-15.374049999999988
2021-03-20 08:00:00,08_12,15592.4375,0.4118541460441512,15592.4375,-18.599049999999988
2021-03-20 12:00:00,12_16,20441.125,0.4916747816577238,20441.125,-24.669049999999988
2021-03-20 16:00:00,16_20,0.0,0.3023594718404743,9155.75,-11.584049999999989
2021-03-20 20:00:00,20_24,17677.8125,0.4010237687398804,17677.8125,-16.87404999999999
2021-03-21 00:00:00,00_04,27211.625,0.537301426411401,27211.625,-36.06905
2021-03-21 04:00:00,04_08,32496.875,0.6386479755137273,32496.875,-45.99905
2021-03-21 08:00:00,08_12,32212.3125,0.6841712887735001,32212.3125,-36.79905
2021-03-21 12:00:00,12_16,32050.0625,0.6863281703602468,32050.0625,-42.63154999999999
2021-03-21 16:00:00,16_20,14030.0,0.4637159418308357,19209.375,-19.73655
2021-03-21 20:00:00,20_24,14191.6875,0.3511653949381235,14191.6875,-12.931549999999998
2021-03-22 00:00:00,00_04,18892.75,0.3301483927863141,18892.75,-20.612859999999984
2021-03-22 04:00:00,04_08,0.0,0.2404643792914176,8354.25,-10.637859999999984
2021-03-22 08:00:00,08_12,0.0,0.2785411021841057,1762.875,-0.2803599999999857
2021-03-22 12:00:00,12_16,2851.4375,0.2984090751365941,2851.4375,-14.840359999999984
2021-03-22 16:00:00,16_20,0.0,0.1707352512415101,-4610.625,2.1121400000000143
2021-03-22 20:00:00,20_24,0.0,0.168422000561509,550.875,-6.145359999999982
2021-03-23 00:00:00,00_04,9296.0,0.1982737189622425,9296.0,-16.55216
2021-03-23 04:00:00,04_08,0.0,0.1604086332269506,2074.0625,-6.247159999999996
2021-03-23 08:00:00,08_12,0.0,0.2245698294095371,-2864.875,-1.312159999999995
2021-03-23 12:00:00,12_16,0.0,0.2416780252521236,-1645.75,-9.80966
2021-03-23 16:00:00,16_20,0.0,0.1190086393846989,-8408.75,0.9103400000000031
2021-03-23 20:00:00,20_24,0.0,0.1542333275310029,-498.125,-6.847159999999999
2021-03-24 00:00:00,00_04,12161.375,0.230746712853414,12161.375,-23.191869999999994
2021-03-24 04:00:00,04_08,6899.8125,0.2279251755252198,6899.8125,-12.714369999999994
2021-03-24 08:00:00,08_12,11304.375,0.4220790548944649,11304.375,-17.73436999999999
2021-03-24 12:00:00,12_16,15950.0625,0.4882663504244753,15950.0625,-23.824369999999995
2021-03-24 16:00:00,16_20,0.0,0.1817650491082841,-2803.9375,-2.461869999999994
2021-03-24 20:00:00,20_24,0.0,0.1305348429456898,-663.0625,-4.054369999999993
2021-03-25 00:00:00,00_04,8216.125,0.1464745857514212,8216.125,-18.443249999999995
2021-03-25 04:00:00,04_08,0.0,0.1170417452292705,935.3125,-6.088249999999997
2021-03-25 08:00:00,08_12,0.0,0.3160008740803945,4416.5625,-7.725749999999993
2021-03-25 12:00:00,12_16,7400.4375,0.3579274432083424,7400.4375,-21.838249999999995
2021-03-25 16:00:00,16_20,0.0,0.1427205873728903,-5211.375,-0.160749999999993
2021-03-25 20:00:00,20_24,0.0,0.1611509449714464,1253.4375,-8.415749999999996
2021-03-26 00:00:00,00_04,13843.25,0.2602708205409947,13843.25,-20.106189999999987
2021-03-26 04:00:00,04_08,10938.625,0.2915117911510829,10938.625,-13.806189999999988
2021-03-26 08:00:00,08_12,14030.0,0.504940499862339,17242.0,-21.376189999999987
2021-03-26 12:00:00,12_16,22376.0,0.5754328867235079,22376.0,-30.963689999999986
2021-03-26 16:00:00,16_20,6127.5,0.2959556981817188,6127.5,-8.828689999999986
2021-03-26 20:00:00,20_24,14030.0,0.3721349251511344,14782.875,-13.281189999999988
2021-03-27 00:00:00,00_04,29070.8125,0.5549139681391572,29070.8125,-31.87119
2021-03-27 04:00:00,04_08,34783.25,0.6785334807875791,34783.25,-37.51619
2021-03-27 08:00:00,08_12,41021.8125,0.8455718200805308,41021.8125,-59.56869
2021-03-27 12:00:00,12_16,47605.3125,0.9635618276512998,47605.3125,-99.88369
2021-03-27 16:00:00,16_20,14030.0,0.598895545145105,27609.0,-23.278690000000005
2021-03-27 20:00:00,20_24,23190.25,0.4755072336085153,23190.25,-17.62119
2021-03-28 00:00:00,00_04,27837.83333333333,0.5079456265621439,27837.83333333333,-30.17535666666667
2021-03-28 04:00:00,04_08,29947.6875,0.5414357311750523,29947.6875,-34.083690000000004
2021-03-28 08:00:00,08_12,36051.6875,0.7281983228322381,36051.6875,-49.25369
2021-03-28 12:00:00,12_16,48109.9375,0.9710179800007256,48109.9375,-109.44619
2021-03-28 16:00:00,16_20,33529.1875,0.6888394601217496,33529.1875,-51.761190000000006
2021-03-28 20:00:00,20_24,27382.3125,0.5667100836701299,27382.3125,-27.20619
2021-03-29 00:00:00,00_04,33506.3125,0.6358397353895301,33506.3125,-45.777749999999976
2021-03-29 04:00:00,04_08,14030.0,0.5291048499983999,24777.375,-25.262749999999983
2021-03-29 08:00:00,08_12,0.0,0.587295901302887,22461.5625,-20.285249999999984
2021-03-29 12:00:00,12_16,31690.4375,0.7275832840790526,31690.4375,-50.65524999999999
2021-03-29 16:00:00,16_20,14030.0,0.4447019295496923,14652.75,-23.287749999999985
2021-03-29 20:00:00,20_24,11675.4375,0.3370323804072483,11675.4375,-7.815249999999983
2021-03-30 00:00:00,00_04,20906.75,0.3841263880693096,20906.75,-23.40035
2021-03-30 04:00:00,04_08,0.0,0.2699900570822791,10098.8125,-8.645349999999995
2021-03-30 08:00:00,08_12,0.0,0.4122182150843276,11378.5625,-9.177849999999998
2021-03-30 12:00:00,12_16,21437.8125,0.5673301495116273,21437.8125,-27.71535
2021-03-30 16:00:00,16_20,0.0,0.2304869408537874,1615.25,-11.042849999999994
2021-03-30 20:00:00,20_24,0.0,0.0781234086833307,-2440.0,-1.7353499999999968
2021-03-31 00:00:00,00_04,6695.6875,0.0891341695576324,6695.6875,-18.351849999999992
2021-03-31 04:00:00,04_08,0.0,0.080639626179887,-120.375,-8.93684999999999
2021-03-31 08:00:00,08_12,0.0,0.3403628793536429,6990.0,-7.561849999999987
2021-03-31 12:00:00,12_16,16829.125,0.4905653046436224,16829.125,-24.36684999999999
2021-03-31 16:00:00,16_20,0.0,0.1757764845109076,-1147.375,-4.516849999999991
2021-03-31 20:00:00,20_24,0.0,0.0406821946877667,-4753.0625,-4.141849999999989
2021-04-01 00:00:00,00_04,10763.375,0.1516001157565399,10763.375,-23.535939999999982
2021-04-01 04:00:00,04_08,8685.0625,0.2208410533217667,8685.0625,-15.555939999999987
2021-04-01 08:00:00,08_12,12890.9375,0.4218661738279827,12890.9375,-14.478439999999988
2021-04-01 12:00:00,12_16,25056.1875,0.611713563026157,25056.1875,-31.96093999999999
2021-04-01 16:00:00,16_20,11945.25,0.3777027822469881,11945.25,-18.08843999999999
2021-04-01 20:00:00,20_24,7629.0,0.2370636336891319,7629.0,-11.06843999999999
2021-04-02 00:00:00,00_04,18743.25,0.2461623945192765,18743.25,-24.310939999999995
2021-04-02 04:00:00,04_08,19104.5625,0.2513908296507856,19104.5625,-21.765939999999997
2021-04-02 08:00:00,08_12,24867.0,0.5673253550742197,28850.8125,-22.26844
2021-04-02 12:00:00,12_16,41422.0,0.9170115785613244,45549.0,-74.10094
2021-04-02 16:00:00,16_20,35416.5625,0.7079778381951607,35416.5625,-49.53094
2021-04-02 20:00:00,20_24,27537.6875,0.5336880275515271,27537.6875,-26.960939999999997
2021-04-03 00:00:00,00_04,27880.3125,0.4750197069776292,27880.3125,-33.95344
2021-04-03 04:00:00,04_08,21345.125,0.3564845911269482,21345.125,-33.51844
2021-04-03 08:00:00,08_12,20508.375,0.4567620923329662,20508.375,-29.928439999999995
2021-04-03 12:00:00,12_16,30407.75,0.6393612362986641,30407.75,-51.70844
2021-04-03 16:00:00,16_20,17629.8125,0.3818049351600248,17629.8125,-30.318439999999995
2021-04-03 20:00:00,20_24,11394.0625,0.1938253617694564,11394.0625,-19.65344
2021-04-04 00:00:00,00_04,14179.0625,0.1272451540391987,14179.0625,-30.600939999999987
2021-04-04 04:00:00,04_08,17358.875,0.1729244006745016,17358.875,-34.313439999999986
2021-04-04 08:00:00,08_12,27879.5625,0.5294073853484217,27879.5625,-44.74593999999998
2021-04-04 12:00:00,12_16,38203.0,0.7595942296291417,38203.0,-66.23093999999998
2021-04-04 16:00:00,16_20,28563.3125,0.5590969681574034,28563.3125,-53.01343999999999
2021-04-04 20:00:00,20_24,27604.6875,0.5358734285352683,27604.6875,-41.63843999999999
2021-04-05 00:00:00,00_04,37713.9375,0.7182753515914138,37713.9375,-90.63094
2021-04-05 04:00:00,04_08,41977.625,0.8192812460218072,41977.625,-108.49093999999998
2021-04-05 08:00:00,08_12,43722.9375,0.8827672414115093,43722.9375,-92.04093999999998
2021-04-05 12:00:00,12_16,48801.4375,0.9841328390598968,48801.4375,-116.79594
2021-04-05 16:00:00,16_20,39640.5625,0.8033946321516144,39640.5625,-79.06844
2021-04-05 20:00:00,20_24,31720.75,0.6362050906576365,31720.75,-53.97843999999999
2021-04-06 00:00:00,00_04,38090.0,0.7386504807555946,38090.0,-61.04644999999999
2021-04-06 04:00:00,04_08,14030.0,0.6066932938832598,28904.1875,-36.14644999999999
2021-04-06 08:00:00,08_12,24867.0,0.6880550914953961,29535.125,-34.22394999999999
2021-04-06 12:00:00,12_16,37533.3125,0.8127002593373567,37533.3125,-59.71394999999999
2021-04-06 16:00:00,16_20,14030.0,0.6230912140130489,26670.25,-30.211449999999985
2021-04-06 20:00:00,20_24,14030.0,0.48783124798405,21125.6875,-15.406449999999984
2021-04-07 00:00:00,00_04,24867.0,0.5127321607262062,26204.3125,-27.35637999999999
2021-04-07 04:00:00,04_08,0.0,0.4586014257642919,19989.4375,-17.128879999999988
2021-04-07 08:00:00,08_12,0.0,0.5880622700233116,22648.8125,-11.23887999999999
2021-04-07 12:00:00,12_16,31056.5625,0.7143691588785047,31056.5625,-35.45638
2021-04-07 16:00:00,16_20,24867.0,0.6195131903615773,26063.5,-30.19887999999999
2021-04-07 20:00:00,20_24,25790.4375,0.5782944140866205,25790.4375,-32.08887999999999
2021-04-08 00:00:00,00_04,30315.6875,0.6161879089277328,30315.6875,-33.75380999999999
2021-04-08 04:00:00,04_08,0.0,0.4695253936322053,19458.3125,-16.423809999999982
2021-04-08 08:00:00,08_12,0.0,0.4913371927891589,15603.5,-4.121309999999982
2021-04-08 12:00:00,12_16,21298.6875,0.5778010337347053,21298.6875,-22.39380999999998
2021-04-08 16:00:00,16_20,0.0,0.4182627674023937,12259.125,-14.72630999999998
2021-04-08 20:00:00,20_24,0.0,0.374863439165484,13088.3125,-13.81130999999998
2021-04-09 00:00:00,00_04,25633.0,0.5424171621170559,25633.0,-33.60364999999999
2021-04-09 04:00:00,04_08,20947.3125,0.513075598234509,20947.3125,-27.203649999999985
2021-04-09 08:00:00,08_12,20053.1875,0.5761703486466728,20053.1875,-25.768649999999987
2021-04-09 12:00:00,12_16,24193.5,0.6298168505863245,24193.5,-28.63364999999999
2021-04-09 16:00:00,16_20,0.0,0.3188027278155644,5715.1875,-4.986149999999986
2021-04-09 20:00:00,20_24,0.0,0.1487303066564466,182.8125,0.2263500000000178
2021-04-10 00:00:00,00_04,8129.875,0.1474018829700421,8129.875,-13.633649999999989
2021-04-10 04:00:00,04_08,9000.25,0.1544944398470083,9000.25,-18.56114999999999
2021-04-10 08:00:00,08_12,6857.75,0.2478883533319147,6857.75,-7.966149999999986
2021-04-10 12:00:00,12_16,11443.5,0.3415647252145335,11443.5,-20.36364999999999
2021-04-10 16:00:00,16_20,5688.0625,0.2134356870374833,5688.0625,-11.538649999999988
2021-04-10 20:00:00,20_24,11635.5625,0.2758969169976432,11635.5625,-14.566149999999988
2021-04-11 00:00:00,00_04,24574.0,0.5125532782674483,27935.5625,-26.378649999999997
2021-04-11 04:00:00,04_08,29479.0625,0.5461617498273114,29479.0625,-30.37615
2021-04-11 08:00:00,08_12,25984.3125,0.5573547748512077,25984.3125,-26.798649999999995
2021-04-11 12:00:00,12_16,26912.3125,0.5913646848723864,26912.3125,-29.80364999999999
2021-04-11 16:00:00,16_20,17157.25,0.3836119845185793,17157.25,-24.073649999999997
2021-04-11 20:00:00,20_24,13979.0,0.3212394511370224,14579.75,-9.783649999999993
2021-04-12 00:00:00,00_04,19782.6875,0.3668109367371934,19782.6875,-25.528789999999987
2021-04-12 04:00:00,04_08,0.0,0.2732088026975097,8923.5625,-10.448789999999988
2021-04-12 08:00:00,08_12,0.0,0.2879569141303527,365.1875,3.3012100000000157
2021-04-12 12:00:00,12_16,7125.6875,0.3922043053743331,7125.6875,-22.283789999999986
2021-04-12 16:00:00,16_20,0.0,0.2900538076646831,3272.625,-11.598789999999989
2021-04-12 20:00:00,20_24,0.0,0.2230112438317752,3171.75,-7.933789999999988
2021-04-13 00:00:00,00_04,16779.875,0.3353010370330309,16779.875,-25.197969999999984
2021-04-13 04:00:00,04_08,0.0,0.3126334507116204,10686.4375,-11.267969999999982
2021-04-13 08:00:00,08_12,0.0,0.4707792332146003,12962.4375,-20.637969999999985
2021-04-13 12:00:00,12_16,21500.9375,0.6007727764686015,21500.9375,-32.74046999999998
2021-04-13 16:00:00,16_20,0.0,0.4054433412170781,10945.1875,-16.437969999999982
2021-04-13 20:00:00,20_24,0.0,0.2200560289405866,3187.0,-5.627969999999984
2021-04-14 00:00:00,00_04,10838.625,0.2114129638515997,10838.625,-23.396119999999986
2021-04-14 04:00:00,04_08,0.0,0.1617125380831816,2725.3125,0.3538800000000126
2021-04-14 08:00:00,08_12,0.0,0.3484765221929224,6306.75,5.043880000000014
2021-04-14 12:00:00,12_16,11699.5,0.4329749160701843,11699.5,-22.116119999999988
2021-04-14 16:00:00,16_20,0.0,0.2356049589067733,1316.1875,-5.088619999999986
2021-04-14 20:00:00,20_24,0.0,0.1091222404891565,-1704.25,4.566380000000013
2021-04-15 00:00:00,00_04,5453.0,0.1019317500804172,5453.0,-17.835379999999994
2021-04-15 04:00:00,04_08,0.0,0.0953129033789188,-1335.625,2.3246200000000066
2021-04-15 08:00:00,08_12,0.0,0.3085285873545203,2808.8125,4.887120000000007
2021-04-15 12:00:00,12_16,12818.6875,0.4581028223719797,12818.6875,-24.992879999999992
2021-04-15 16:00:00,16_20,0.0,0.3090181496382699,5439.5,-12.085379999999995
2021-04-15 20:00:00,20_24,0.0,0.2212461642540667,4410.6875,-8.880379999999994
2021-04-16 00:00:00,00_04,12882.5625,0.2557100631465807,12882.5625,-25.061549999999997
2021-04-16 04:00:00,04_08,0.0,0.2154825207729321,5614.875,-10.30654999999999
2021-04-16 08:00:00,08_12,0.0,0.3338378076095447,4919.625,-5.959049999999994
2021-04-16 12:00:00,12_16,11785.625,0.4295117181846222,11785.625,-22.28654999999999
2021-04-16 16:00:00,16_20,0.0,0.2789380850779964,4607.1875,-12.74404999999999
2021-04-16 20:00:00,20_24,0.0,0.1987430953086604,4587.375,-8.614049999999992
2021-04-17 00:00:00,00_04,12651.5625,0.2060210001779676,12651.5625,-19.219049999999992
2021-04-17 04:00:00,04_08,13072.8125,0.2165483994823737,13072.8125,-16.876549999999995
2021-04-17 08:00:00,08_12,12584.6875,0.3383209245537517,12584.6875,-13.474049999999991
2021-04-17 12:00:00,12_16,16540.75,0.4059880296955629,16540.75,-26.84404999999999
2021-04-17 16:00:00,16_20,10541.8125,0.2611973951963783,10541.8125,-18.18154999999999
2021-04-17 20:00:00,20_24,0.0,0.1629100419959167,7939.6875,-5.324049999999993
2021-04-18 00:00:00,00_04,11833.875,0.1399476655343466,11833.875,-13.381550000000006
2021-04-18 04:00:00,04_08,11522.3125,0.1200120720444601,11522.3125,-16.459050000000005
2021-04-18 08:00:00,08_12,9488.5625,0.2341438060526217,9488.5625,-16.409050000000008
2021-04-18 12:00:00,12_16,14148.4375,0.3409327933173016,14148.4375,-25.916550000000004
2021-04-18 16:00:00,16_20,8016.5,0.2195596875918263,8016.5,-15.906550000000006
2021-04-18 20:00:00,20_24,0.0,0.1398890746300678,4599.6875,-2.034050000000004
2021-04-19 00:00:00,00_04,9426.75,0.1257835057769977,9426.75,-19.25715999999999
2021-04-19 04:00:00,04_08,0.0,0.0957122558511069,474.3125,-1.0046599999999906
2021-04-19 08:00:00,08_12,0.0,0.2132800511256721,-3322.0,18.050340000000013
2021-04-19 12:00:00,12_16,3085.8125,0.321540420922164,3085.8125,-16.34965999999999
2021-04-19 16:00:00,16_20,0.0,0.1876866139820605,-3234.375,0.500340000000012
2021-04-19 20:00:00,20_24,0.0,0.1334999105638035,-2210.125,3.9628400000000106
2021-04-20 00:00:00,00_04,5018.5,0.0962517516768479,5018.5,-15.467369999999992
2021-04-20 04:00:00,04_08,0.0,0.0707944481477954,-2252.9375,2.3901300000000063
2021-04-20 08:00:00,08_12,0.0,0.28113924733556,732.5625,4.685130000000006
2021-04-20 12:00:00,12_16,7968.875,0.3990838106775788,7968.875,-20.284869999999994
2021-04-20 16:00:00,16_20,0.0,0.1857661649731326,-3422.0625,-0.4448699999999945
2021-04-20 20:00:00,20_24,0.0,0.0562184288451489,-6292.9375,10.522630000000008
2021-04-21 00:00:00,00_04,3203.25,0.0543456347498215,3203.25,-15.520529999999995
2021-04-21 04:00:00,04_08,0.0,0.104390273804177,-892.5,-5.278029999999996
2021-04-21 08:00:00,08_12,8924.0,0.4111637831648305,8924.0,-17.613029999999995
2021-04-21 12:00:00,12_16,19990.6875,0.5871240671705135,19990.6875,-33.52053
2021-04-21 16:00:00,16_20,13979.0,0.4890206678100525,14973.8125,-28.15803
2021-04-21 20:00:00,20_24,13979.0,0.4195487525957254,14202.3125,-13.640529999999996
2021-04-22 00:00:00,00_04,24424.0625,0.519337871497119,24424.0625,-33.6985
2021-04-22 04:00:00,04_08,0.0,0.4673782034087701,18136.0,-18.236
2021-04-22 08:00:00,08_12,23738.0,0.6522757343853748,24135.5,-38.1985
2021-04-22 12:00:00,12_16,34152.0625,0.8065217730394125,34152.0625,-75.031
2021-04-22 16:00:00,16_20,13943.0,0.6002802504417993,22184.1875,-31.871
2021-04-22 20:00:00,20_24,0.0,0.3885414344988439,12606.0625,-6.733500000000001
2021-04-23 00:00:00,00_04,13890.0,0.3518215670163906,15736.5625,-19.514309999999995
2021-04-23 04:00:00,04_08,0.0,0.3097615620703032,8917.1875,-8.339309999999992
2021-04-23 08:00:00,08_12,0.0,0.5278347428797354,15751.4375,-16.57430999999999
2021-04-23 12:00:00,12_16,25126.4375,0.6661470524501258,25126.4375,-37.38430999999999
2021-04-23 16:00:00,16_20,9595.9375,0.3905180946601065,9595.9375,-19.974309999999992
2021-04-23 20:00:00,20_24,0.0,0.1865902282962349,1596.375,-5.656809999999993
2021-04-24 00:00:00,00_04,9571.75,0.1875262104951978,9571.75,-13.526809999999992
2021-04-24 04:00:00,04_08,10404.625,0.1923589466074332,10404.625,-20.11930999999999
2021-04-24 08:00:00,08_12,18219.8125,0.4661087836490646,18219.8125,-24.24681
2021-04-24 12:00:00,12_16,26951.0,0.6312243678231378,26951.0,-47.22180999999999
2021-04-24 16:00:00,16_20,13498.1875,0.3671343756516487,13498.1875,-26.03180999999999
2021-04-24 20:00:00,20_24,8023.3125,0.2191582242198874,8023.3125,-9.454309999999987
2021-04-25 00:00:00,00_04,17431.1875,0.2519735942814412,17431.1875,-27.079309999999992
2021-04-25 04:00:00,04_08,18615.875,0.2625745781479828,18615.875,-30.196809999999992
2021-04-25 08:00:00,08_12,27343.25,0.5782711035722785,27343.25,-47.67680999999999
2021-04-25 12:00:00,12_16,34127.0,0.7374663573085847,34127.0,-74.49931
2021-04-25 16:00:00,16_20,18599.6875,0.4110654834850126,18599.6875,-41.26181
2021-04-25 20:00:00,20_24,8305.375,0.1915728932563833,8305.375,-11.464309999999992
2021-04-26 00:00:00,00_04,12110.5625,0.1639994044616759,12110.5625,-25.50493
2021-04-26 04:00:00,04_08,0.0,0.1329069183247368,3571.8125,-11.029930000000004
2021-04-26 08:00:00,08_12,0.0,0.4220587421870678,10585.9375,-11.892430000000004
2021-04-26 12:00:00,12_16,18129.9375,0.5464904052195126,18129.9375,-28.16993
2021-04-26 16:00:00,16_20,0.0,0.2622797532295894,2370.5,-11.012430000000004
2021-04-26 20:00:00,20_24,0.0,0.1611451041968591,558.8125,-4.754930000000003
2021-04-27 00:00:00,00_04,12032.0,0.2388796045468282,12032.0,-26.25109999999998
2021-04-27 04:00:00,04_08,0.0,0.217475169000727,5401.8125,-11.92609999999998
2021-04-27 08:00:00,08_12,0.0,0.4798910409008751,13375.375,-15.708599999999985
2021-04-27 12:00:00,12_16,22702.0,0.6280036611966877,22702.0,-31.168599999999984
2021-04-27 16:00:00,16_20,0.0,0.336916814101304,6025.75,-14.076099999999984
2021-04-27 20:00:00,20_24,0.0,0.2893523694171763,6971.9375,-12.531099999999984
2021-04-28 00:00:00,00_04,16071.3125,0.3426509322774138,16071.3125,-25.732469999999992
2021-04-28 04:00:00,04_08,0.0,0.2194709883045927,4779.1875,-14.307469999999988
2021-04-28 08:00:00,08_12,0.0,0.4238753837097865,9494.375,-14.759969999999994
2021-04-28 12:00:00,12_16,16617.375,0.5343073043933879,16617.375,-29.10496999999999
2021-04-28 16:00:00,16_20,1691.5,0.2693365182955289,1691.5,-12.389969999999993
2021-04-28 20:00:00,20_24,6023.0625,0.2797612693159678,6023.0625,-14.227469999999988
2021-04-29 00:00:00,00_04,12794.5,0.2912249438524143,12794.5,-29.01032999999999
2021-04-29 04:00:00,04_08,5320.75,0.2405258213797912,5320.75,-18.657829999999983
2021-04-29 08:00:00,08_12,0.0,0.362330804581001,4259.6875,-10.625329999999988
2021-04-29 12:00:00,12_16,17819.9375,0.5648501961795711,17819.9375,-32.680329999999984
2021-04-29 16:00:00,16_20,11305.125,0.4399172555084261,11305.125,-24.520329999999987
2021-04-29 20:00:00,20_24,6886.625,0.3089735259616517,6886.625,-18.287829999999992
2021-04-30 00:00:00,00_04,14077.375,0.3064621562622399,14077.375,-26.256119999999992
2021-04-30 04:00:00,04_08,2404.5,0.177431765084428,2404.5,-13.16861999999999
2021-04-30 08:00:00,08_12,0.0,0.2376554941257774,-3137.0625,-5.151119999999988
2021-04-30 12:00:00,12_16,487.875,0.2799039926762139,487.875,-21.57111999999999
2021-04-30 16:00:00,16_20,0.0,0.1363866231224137,-5476.0,-12.313619999999991
2021-04-30 20:00:00,20_24,0.0,0.045705844247096,-5701.125,-7.538619999999994
2021-05-01 00:00:00,00_04,6832.625,0.0747083708711992,6832.625,-21.808619999999983
2021-05-01 04:00:00,04_08,10979.1875,0.1057778686783666,10979.1875,-29.438619999999982
2021-05-01 08:00:00,08_12,13884.875,0.309277354477607,13884.875,-30.113619999999983
2021-05-01 12:00:00,12_16,16411.625,0.3882872214994308,16411.625,-36.04611999999998
2021-05-01 16:00:00,16_20,7833.0625,0.2195971342801644,7833.0625,-31.81861999999999
2021-05-01 20:00:00,20_24,5887.0,0.1660440554639426,5887.0,-23.866119999999984
2021-05-02 00:00:00,00_04,13747.0625,0.1877140775871421,13747.0625,-33.991119999999995
2021-05-02 04:00:00,04_08,15802.3125,0.2480113775535198,15802.3125,-36.75362
2021-05-02 08:00:00,08_12,17794.3125,0.4315821908400064,17794.3125,-38.01612
2021-05-02 12:00:00,12_16,28164.8125,0.6457693723930195,28164.8125,-69.84111999999999
2021-05-02 16:00:00,16_20,22898.9375,0.5334658411487415,22898.9375,-49.60111999999999
2021-05-02 20:00:00,20_24,12190.875,0.3091373560687095,12190.875,-23.76112
2021-05-03 00:00:00,00_04,18649.4375,0.3455882784829457,18649.4375,-34.38615999999999
2021-05-03 04:00:00,04_08,9765.6875,0.2851506870639342,9765.6875,-20.616159999999983
2021-05-03 08:00:00,08_12,0.0,0.4925170371030243,13746.6875,-18.586159999999985
2021-05-03 12:00:00,12_16,20731.875,0.6029056576154578,20731.875,-35.953659999999985
2021-05-03 16:00:00,16_20,6769.4375,0.3563349779230785,6769.4375,-22.248659999999987
2021-05-03 20:00:00,20_24,0.0,0.2313829668589374,3429.125,-15.196159999999985
2021-05-04 00:00:00,00_04,27676.9375,0.6017160152164456,27676.9375,-61.3655
2021-05-04 04:00:00,04_08,30497.0625,0.7072149319870217,30497.0625,-61.450500000000005
2021-05-04 08:00:00,08_12,31082.875,0.7734229642486523,31082.875,-46.52799999999999
2021-05-04 12:00:00,12_16,35167.5625,0.8329567883553197,35167.5625,-74.3805
2021-05-04 16:00:00,16_20,31588.1875,0.7667467189792402,31588.1875,-53.593
2021-05-04 20:00:00,20_24,28262.8125,0.685223994089382,28262.8125,-39.603
2021-05-05 00:00:00,00_04,35723.625,0.7752139748691127,35723.625,-65.06116
2021-05-05 04:00:00,04_08,23685.0,0.6610326884112047,27567.375,-38.03116000000001
2021-05-05 08:00:00,08_12,23685.0,0.772124131244125,31109.1875,-38.478660000000005
2021-05-05 12:00:00,12_16,40753.6875,0.914362876708758,40753.6875,-107.98116000000002
2021-05-05 16:00:00,16_20,23685.0,0.7451643808674419,30144.6875,-58.67866
2021-05-05 20:00:00,20_24,20523.5,0.5547314443762446,20523.5,-30.391160000000006
2021-05-06 00:00:00,00_04,24739.625,0.5854595238095238,24739.625,-40.45016
2021-05-06 04:00:00,04_08,13890.0,0.4803900389592008,15985.625,-27.07766
2021-05-06 08:00:00,08_12,11806.125,0.5154245392539729,11806.125,-31.33266
2021-05-06 12:00:00,12_16,8212.25,0.4624562942815153,8212.25,-28.34766
2021-05-06 16:00:00,16_20,0.0,0.1928070879957744,-9276.25,-12.41516
2021-05-06 20:00:00,20_24,0.0,0.0672903584262342,-11832.625,-6.232659999999999
2021-05-07 00:00:00,00_04,1954.25,0.1121867250255029,1954.25,-23.711790000000008
2021-05-07 04:00:00,04_08,0.0,0.1581405798769227,-1505.875,-16.026790000000005
2021-05-07 08:00:00,08_12,0.0,0.3289148984932551,-713.625,-5.774290000000004
2021-05-07 12:00:00,12_16,18036.375,0.5856838773059709,18036.375,-31.934290000000004
2021-05-07 16:00:00,16_20,11317.25,0.463927578060502,11317.25,-29.42929
2021-05-07 20:00:00,20_24,1535.3125,0.2320427717987061,1535.3125,-12.06429
2021-05-08 00:00:00,00_04,13655.9375,0.2493536951497856,13655.9375,-24.63679
2021-05-08 04:00:00,04_08,12506.8125,0.2440913695848846,12506.8125,-30.68429
2021-05-08 08:00:00,08_12,19651.875,0.5168314649200151,19651.875,-39.75179
2021-05-08 12:00:00,12_16,25901.125,0.6300037826874142,25901.125,-65.33679000000001
2021-05-08 16:00:00,16_20,15366.75,0.4123524186879905,15366.75,-36.43429
2021-05-08 20:00:00,20_24,19218.5,0.4458171477898799,19218.5,-31.14429
2021-05-09 00:00:00,00_04,31741.125,0.6360114286771029,31741.125,-81.62679
2021-05-09 04:00:00,04_08,32985.8125,0.6613326526841277,32985.8125,-87.87179
2021-05-09 08:00:00,08_12,38188.5625,0.8303301541467596,38188.5625,-91.85179
2021-05-09 12:00:00,12_16,43835.125,0.9481281739381928,43835.125,-141.02179
2021-05-09 16:00:00,16_20,26420.5625,0.6072946240554179,26420.5625,-69.48678999999998
2021-05-09 20:00:00,20_24,20694.3125,0.4799977333115059,20694.3125,-34.16928999999999
2021-05-10 00:00:00,00_04,25716.0625,0.523193685227636,25716.0625,-48.40230000000001
2021-05-10 04:00:00,04_08,17968.75,0.4545261208518772,17968.75,-41.022300000000016
2021-05-10 08:00:00,08_12,13890.0,0.6067698469298598,20484.3125,-31.20730000000001
2021-05-10 12:00:00,12_16,22711.6875,0.6459230940953231,22711.6875,-41.782300000000006
2021-05-10 16:00:00,16_20,1243.75,0.2861415556173318,1243.75,-18.64480000000001
2021-05-10 20:00:00,20_24,0.0,0.1121050403850433,-4366.5,-8.549800000000012
2021-05-11 00:00:00,00_04,6409.5625,0.1558398833562962,6409.5625,-29.32782999999998
2021-05-11 04:00:00,04_08,316.3125,0.1584662179166719,316.3125,-21.46782999999998
2021-05-11 08:00:00,08_12,0.0,0.2684452318429387,-2841.375,-8.267829999999982
2021-05-11 12:00:00,12_16,0.0,0.2898587555015376,-1700.5,-25.692829999999983
2021-05-11 16:00:00,16_20,0.0,0.1873382570738171,-5625.1875,-19.72282999999998
2021-05-11 20:00:00,20_24,0.0,0.1743376701074728,-1109.4375,-16.42782999999998
2021-05-12 00:00:00,00_04,8124.6875,0.1682958444116065,8124.6875,-36.85220999999999
2021-05-12 04:00:00,04_08,954.125,0.1609181771395215,954.125,-28.94471
2021-05-12 08:00:00,08_12,0.0,0.2279158548762082,-6029.75,-15.787209999999996
2021-05-12 12:00:00,12_16,0.0,0.2675503874832286,-3447.5,-31.997209999999995
2021-05-12 16:00:00,16_20,0.0,0.1745241575529165,-6228.5,-22.57471
2021-05-12 20:00:00,20_24,0.0,0.1017204813640265,-4376.5625,-19.854709999999997
2021-05-13 00:00:00,00_04,8942.75,0.1185367713925313,8942.75,-33.676419999999986
2021-05-13 04:00:00,04_08,10759.0,0.1426909631655004,10759.0,-35.17391999999999
2021-05-13 08:00:00,08_12,11233.625,0.2971138959228844,11233.625,-33.79891999999999
2021-05-13 12:00:00,12_16,15977.5,0.3885445369903212,15977.5,-44.27891999999999
2021-05-13 16:00:00,16_20,11120.3125,0.2696072992437046,11120.3125,-34.44141999999999
2021-05-13 20:00:00,20_24,5470.5625,0.1465266655573351,5470.5625,-18.94641999999999
2021-05-14 00:00:00,00_04,10680.6875,0.1414611837912809,10680.6875,-28.3645
2021-05-14 04:00:00,04_08,3508.375,0.1439350158923109,3508.375,-25.427
2021-05-14 08:00:00,08_12,3476.75,0.3108127740967145,3476.75,-21.8445
2021-05-14 12:00:00,12_16,10916.8125,0.4269356938192398,10916.8125,-33.6945
2021-05-14 16:00:00,16_20,2049.625,0.2527980200164227,2049.625,-25.872
2021-05-14 20:00:00,20_24,0.0,0.0892837409212639,-1949.75,-12.519499999999995
2021-05-15 00:00:00,00_04,7102.5625,0.1307771396697964,7102.5625,-33.76199999999999
2021-05-15 04:00:00,04_08,9303.75,0.1804256758442682,9303.75,-41.37199999999999
2021-05-15 08:00:00,08_12,12192.0625,0.3882504138956702,12192.0625,-40.8745
2021-05-15 12:00:00,12_16,17229.625,0.4788860089092357,17229.625,-49.937
2021-05-15 16:00:00,16_20,7292.75,0.278500921820587,7292.75,-35.0245
2021-05-15 20:00:00,20_24,4831.9375,0.1725086365435348,4831.9375,-27.229499999999994
2021-05-16 00:00:00,00_04,12606.0,0.2361221483036345,12606.0,-53.8845
2021-05-16 04:00:00,04_08,13888.375,0.2541851062177868,13888.375,-71.77700000000002
2021-05-16 08:00:00,08_12,17591.1875,0.4602443108956677,17591.1875,-69.0745
2021-05-16 12:00:00,12_16,22500.6875,0.5634168479139862,22500.6875,-87.432
2021-05-16 16:00:00,16_20,9883.8125,0.3187897965991887,9883.8125,-45.8845
2021-05-16 20:00:00,20_24,784.25,0.1246712178793291,784.25,-20.75950000000001
2021-05-17 00:00:00,00_04,8987.0625,0.1750028563267638,8987.0625,-43.12258
2021-05-17 04:00:00,04_08,1964.25,0.177020481817065,1964.25,-25.14758
2021-05-17 08:00:00,08_12,0.0,0.3077153193394885,-1481.5,-10.135079999999997
2021-05-17 12:00:00,12_16,4658.5,0.4073365599465712,4658.5,-29.447579999999995
2021-05-17 16:00:00,16_20,0.0,0.2842853301282576,-1319.5625,-24.62508
2021-05-17 20:00:00,20_24,0.0,0.1616839767019494,-3404.0625,-14.155079999999996
2021-05-18 00:00:00,00_04,9382.75,0.2208627442423713,9382.75,-33.47769999999999
2021-05-18 04:00:00,04_08,2324.875,0.1982663774952459,2324.875,-21.037699999999997
2021-05-18 08:00:00,08_12,0.0,0.3046866196077272,-1956.25,-10.127699999999994
2021-05-18 12:00:00,12_16,5084.375,0.4099513659207475,5084.375,-28.810199999999995
2021-05-18 16:00:00,16_20,0.0,0.2518068482639931,-2567.875,-21.925199999999997
2021-05-18 20:00:00,20_24,0.0,0.0906265585966423,-6645.1875,-9.92519999999999
2021-05-19 00:00:00,00_04,3539.9375,0.1019946876781695,3539.9375,-23.82164999999999
2021-05-19 04:00:00,04_08,0.0,0.110130727767544,-2350.3125,-10.44164999999999
2021-05-19 08:00:00,08_12,0.0,0.2756450651451929,-2764.8125,-0.1991499999999924
2021-05-19 12:00:00,12_16,4837.125,0.3936947523436117,4837.125,-20.78664999999999
2021-05-19 16:00:00,16_20,0.0,0.2235208101116533,-3637.75,-14.144149999999993
2021-05-19 20:00:00,20_24,0.0,0.0736512195609536,-7048.625,-2.1516499999999894
2021-05-20 00:00:00,00_04,3698.0625,0.110080259682742,3698.0625,-23.04103999999999
2021-05-20 04:00:00,04_08,0.0,0.1227855353339923,-1809.9375,-13.181039999999992
2021-05-20 08:00:00,08_12,0.0,0.305345976572821,-955.125,-5.613539999999993
2021-05-20 12:00:00,12_16,10671.0,0.4846880526621432,10671.0,-30.493539999999992
2021-05-20 16:00:00,16_20,610.25,0.2957390020725955,610.25,-17.411039999999993
2021-05-20 20:00:00,20_24,0.0,0.1320513549777321,-3746.75,-11.353539999999995
2021-05-21 00:00:00,00_04,16643.6875,0.4408659788274491,16643.6875,-68.93645
2021-05-21 04:00:00,04_08,15234.3125,0.4856364083986916,15234.3125,-53.44895
2021-05-21 08:00:00,08_12,18290.5,0.6304117207060561,18290.5,-44.58894999999999
2021-05-21 12:00:00,12_16,29392.1875,0.7960978018789429,29392.1875,-89.66145
2021-05-21 16:00:00,16_20,17396.1875,0.5872183399958738,17396.1875,-57.96644999999999
2021-05-21 20:00:00,20_24,10640.125,0.411059463846979,10640.125,-34.373949999999994
2021-05-22 00:00:00,00_04,23171.9375,0.6075820662901088,23171.9375,-84.81645
2021-05-22 04:00:00,04_08,27026.6875,0.6916482830175374,27026.6875,-91.47895
2021-05-22 08:00:00,08_12,35391.875,0.907793751655056,35391.875,-114.01144999999998
2021-05-22 12:00:00,12_16,40419.0,1.018897704148157,41456.1875,-153.71394999999998
2021-05-22 16:00:00,16_20,29225.8125,0.7900139645972252,29225.8125,-95.72645
2021-05-22 20:00:00,20_24,19038.1875,0.559585298782623,19038.1875,-48.93145
2021-05-23 00:00:00,00_04,26667.25,0.6306563241216194,26667.25,-75.21144999999999
2021-05-23 04:00:00,04_08,27614.9375,0.6391277695378144,27614.9375,-82.08644999999999
2021-05-23 08:00:00,08_12,29745.0,0.7658716340894323,29745.0,-81.86644999999999
2021-05-23 12:00:00,12_16,36590.0625,0.9182508186527392,36590.0625,-105.35145
2021-05-23 16:00:00,16_20,10318.0,0.5608044716540778,20318.75,-56.81644999999998
2021-05-23 20:00:00,20_24,3072.5625,0.1701633028873461,3072.5625,-17.386449999999986
2021-05-24 00:00:00,00_04,18064.0625,0.4033064469041681,18064.0625,-62.30734
2021-05-24 04:00:00,04_08,25843.25,0.6042270180922755,25843.25,-71.82484000000001
2021-05-24 08:00:00,08_12,31774.625,0.8165333545571518,31774.625,-76.44984000000001
2021-05-24 12:00:00,12_16,30063.1875,0.7911571416687464,30063.1875,-84.10734
2021-05-24 16:00:00,16_20,10318.0,0.4171328845546985,11905.25,-33.53984
2021-05-24 20:00:00,20_24,7489.8125,0.3036322038401095,7489.8125,-28.857340000000004
2021-05-25 00:00:00,00_04,12145.3125,0.3305794663032331,12145.3125,-44.72449
2021-05-25 04:00:00,04_08,7184.9375,0.3392789468125423,7184.9375,-32.65698999999999
2021-05-25 08:00:00,08_12,9601.1875,0.5247236064657291,9601.1875,-19.75199
2021-05-25 12:00:00,12_16,20221.0625,0.6912739688338289,20221.0625,-45.66449
2021-05-25 16:00:00,16_20,10318.0,0.5582958598545813,13112.1875,-33.52949
2021-05-25 20:00:00,20_24,7447.75,0.4017789913908066,7447.75,-17.706989999999998
2021-05-26 00:00:00,00_04,14742.875,0.4392489431779869,14742.875,-40.32167
2021-05-26 04:00:00,04_08,8296.3125,0.3964077805584687,8296.3125,-26.79666999999999
2021-05-26 08:00:00,08_12,6807.5625,0.4924142891121405,6807.5625,-20.92417
2021-05-26 12:00:00,12_16,11307.4375,0.5597645070678124,11307.4375,-37.03917
2021-05-26 16:00:00,16_20,8063.75,0.4836847517231818,8063.75,-27.78417
2021-05-26 20:00:00,20_24,7372.1875,0.4063722342226633,7372.1875,-24.21417
2021-05-27 00:00:00,00_04,16915.6875,0.5010177272968526,16915.6875,-38.24537999999998
2021-05-27 04:00:00,04_08,9152.6875,0.4253215945668381,9152.6875,-26.305379999999985
2021-05-27 08:00:00,08_12,3415.3125,0.4514116865463784,3415.3125,-14.225379999999989
2021-05-27 12:00:00,12_16,8992.0,0.531879160266257,8992.0,-29.712879999999988
2021-05-27 16:00:00,16_20,1186.125,0.3836796248622983,1186.125,-20.96537999999999
2021-05-27 20:00:00,20_24,0.0,0.198436598464338,-4731.0625,-10.452879999999986
2021-05-28 00:00:00,00_04,996.25,0.1794544908177694,996.25,-27.33485
2021-05-28 04:00:00,04_08,0.0,0.1494687962372779,-5783.875,-15.089849999999997
2021-05-28 08:00:00,08_12,0.0,0.3304177775777825,-4220.875,-7.844849999999997
2021-05-28 12:00:00,12_16,3266.9375,0.4376464578140003,3266.9375,-28.76485
2021-05-28 16:00:00,16_20,0.0,0.2864548343168406,-3791.8125,-18.13235
2021-05-28 20:00:00,20_24,0.0,0.0954386252287853,-9280.9375,-12.169849999999997
2021-05-29 00:00:00,00_04,170.5625,0.0989684891564679,170.5625,-22.752349999999986
2021-05-29 04:00:00,04_08,1956.1875,0.1350365887269597,1956.1875,-26.729849999999985
2021-05-29 08:00:00,08_12,8706.0,0.4282989322880556,8706.0,-30.624849999999984
2021-05-29 12:00:00,12_16,18358.5625,0.5998717970536013,18358.5625,-63.06984999999997
2021-05-29 16:00:00,16_20,7166.875,0.3743281404433567,7166.875,-40.48484999999998
2021-05-29 20:00:00,20_24,0.0,0.1540903459302176,-735.375,-20.574849999999987
2021-05-30 00:00:00,00_04,3628.0625,0.1319028835690968,3628.0625,-36.73484999999999
2021-05-30 04:00:00,04_08,6184.25,0.1549097929771256,6184.25,-43.55734999999999
2021-05-30 08:00:00,08_12,18063.625,0.5525353124733052,18063.625,-66.12984999999999
2021-05-30 12:00:00,12_16,25251.125,0.7073578514161474,25251.125,-96.29985
2021-05-30 16:00:00,16_20,9448.375,0.3922168543375911,9448.375,-56.74484999999999
2021-05-30 20:00:00,20_24,0.0,0.1400616480270365,-2358.4375,-15.649849999999986
2021-05-31 00:00:00,00_04,3726.0625,0.13210610372985,3726.0625,-33.84342999999998
2021-05-31 04:00:00,04_08,0.0,0.1275743393149729,-3090.5,-20.60842999999998
2021-05-31 08:00:00,08_12,3833.25,0.438555246847617,3833.25,-18.703429999999976
2021-05-31 12:00:00,12_16,10415.6875,0.5524795194261971,10415.6875,-35.10342999999998
2021-05-31 16:00:00,16_20,0.0,0.3024771537145755,-2876.5625,-21.53342999999998
2021-05-31 20:00:00,20_24,0.0,0.1190627281995767,-8558.1875,-10.735929999999978
2021-06-01 00:00:00,00_04,0.0,0.1338142828219202,-73.6875,-32.97753
2021-06-01 04:00:00,04_08,0.0,0.1420128309925441,-4867.25,-20.457529999999995
2021-06-01 08:00:00,08_12,2089.0625,0.4304480658713545,2089.0625,-18.55253
2021-06-01 12:00:00,12_16,10259.0,0.5600395122655911,10259.0,-34.750029999999995
2021-06-01 16:00:00,16_20,0.0,0.3308112778979663,-1840.0625,-17.697529999999997
2021-06-01 20:00:00,20_24,0.0,0.1671654113255893,-6586.6875,-14.382529999999996
2021-06-02 00:00:00,00_04,1393.625,0.1733690072314971,1393.625,-31.38189999999999
2021-06-02 04:00:00,04_08,0.0,0.1917241207965316,-2235.875,-21.84689999999999
2021-06-02 08:00:00,08_12,6483.5,0.4920030411600137,6483.5,-24.46939999999999
2021-06-02 12:00:00,12_16,15120.75,0.633608934508044,15120.75,-38.40189999999999
2021-06-02 16:00:00,16_20,1989.1875,0.393121559296418,1989.1875,-21.234399999999987
2021-06-02 20:00:00,20_24,1599.375,0.3139118863028036,1599.375,-19.16939999999999
2021-06-03 00:00:00,00_04,11715.75,0.3961943239768891,11715.75,-37.50720999999999
2021-06-03 04:00:00,04_08,12164.1875,0.3936959253483068,12164.1875,-35.82471
2021-06-03 08:00:00,08_12,17616.625,0.5984493319828293,17616.625,-35.48721
2021-06-03 12:00:00,12_16,20218.1875,0.656770671984527,20218.1875,-37.61721
2021-06-03 16:00:00,16_20,4707.75,0.3428031318057579,4707.75,-18.61471
2021-06-03 20:00:00,20_24,0.0,0.2096814451767494,-159.625,-12.899709999999995
2021-06-04 00:00:00,00_04,3296.875,0.1796082002694115,3296.875,-29.508699999999983
2021-06-04 04:00:00,04_08,0.0,0.1417511025648012,-2910.9375,-22.05369999999998
2021-06-04 08:00:00,08_12,0.0,0.315778053316801,-2956.875,-12.423699999999982
2021-06-04 12:00:00,12_16,1717.8125,0.4101370132634944,1717.8125,-26.92619999999998
2021-06-04 16:00:00,16_20,0.0,0.2278486636525771,-7191.5,-15.686199999999982
2021-06-04 20:00:00,20_24,0.0,0.0900916509907641,-9819.9375,-13.878699999999984
2021-06-05 00:00:00,00_04,0.0,0.111266626072452,-65.375,-27.741199999999985
2021-06-05 04:00:00,04_08,3168.5,0.1518682878137364,3168.5,-34.961199999999984
2021-06-05 08:00:00,08_12,4524.625,0.3710642678767277,4524.625,-29.321199999999987
2021-06-05 12:00:00,12_16,8117.3125,0.4435237464732818,8117.3125,-36.63369999999999
2021-06-05 16:00:00,16_20,654.25,0.2738609550629292,654.25,-26.27619999999999
2021-06-05 20:00:00,20_24,0.0,0.1875326459215129,-164.6875,-20.303699999999985
2021-06-06 00:00:00,00_04,4613.875,0.1978202693301451,4613.875,-33.843699999999984
2021-06-06 04:00:00,04_08,5835.0625,0.2021549267469863,5835.0625,-39.12119999999998
2021-06-06 08:00:00,08_12,1718.875,0.2991732126503177,1718.875,-34.02369999999999
2021-06-06 12:00:00,12_16,3733.75,0.3678573477131186,3733.75,-39.531199999999984
2021-06-06 16:00:00,16_20,0.0,0.2502738012159163,-1158.375,-32.44869999999999
2021-06-06 20:00:00,20_24,0.0,0.1312873482125044,-4988.375,-15.363699999999987
2021-06-07 00:00:00,00_04,0.0,0.1098921006560792,-311.0625,-31.413069999999998
2021-06-07 04:00:00,04_08,0.0,0.0945460846194136,-7474.1875,-20.748069999999995
2021-06-07 08:00:00,08_12,0.0,0.2394843637624192,-12405.9375,-8.273069999999993
2021-06-07 12:00:00,12_16,0.0,0.3398668079309823,-6123.25,-15.46056999999999
2021-06-07 16:00:00,16_20,0.0,0.211527213405276,-12628.6875,-11.165569999999992
2021-06-07 20:00:00,20_24,0.0,0.0985104857989212,-14370.3125,-7.875569999999993
2021-06-08 00:00:00,00_04,0.0,0.1067301967168789,-1421.9375,-30.1698
2021-06-08 04:00:00,04_08,0.0,0.0946674247591144,-7485.9375,-20.702299999999997
2021-06-08 08:00:00,08_12,0.0,0.3058789548086648,-6610.1875,-11.264799999999996
2021-06-08 12:00:00,12_16,272.75,0.4093438911102471,272.75,-27.554799999999997
2021-06-08 16:00:00,16_20,0.0,0.2337600651173813,-9082.875,-12.942299999999992
2021-06-08 20:00:00,20_24,0.0,0.0874326969444441,-12633.875,-8.377299999999998
2021-06-09 00:00:00,00_04,0.0,0.0611794451843089,-4982.3125,-33.07709
2021-06-09 04:00:00,04_08,0.0,0.0733437464098107,-9808.0,-24.23209
2021-06-09 08:00:00,08_12,0.0,0.3125200118817534,-6973.3125,-19.05459
2021-06-09 12:00:00,12_16,0.0,0.4100746329018525,-1167.1875,-29.20209
2021-06-09 16:00:00,16_20,0.0,0.2110806097961015,-10971.9375,-16.179590000000005
2021-06-09 20:00:00,20_24,0.0,0.0384681544001284,-14825.6875,-10.96709
2021-06-10 00:00:00,00_04,0.0,0.0321975945532527,-6788.8125,-28.7706
2021-06-10 04:00:00,04_08,0.0,0.0722601482428333,-9960.1875,-23.6756
2021-06-10 08:00:00,08_12,0.0,0.3470243840918902,-4488.75,-17.350599999999996
2021-06-10 12:00:00,12_16,821.875,0.4391093868021699,821.875,-30.153099999999995
2021-06-10 16:00:00,16_20,0.0,0.2403223089677062,-9213.0625,-15.973099999999995
2021-06-10 20:00:00,20_24,0.0,0.0451938925006867,-14558.1875,-11.5156
2021-06-11 00:00:00,00_04,0.0,0.0390369229511101,-6802.5625,-26.83867000000001
2021-06-11 04:00:00,04_08,0.0,0.1025510959446045,-8957.75,-19.11367000000001
2021-06-11 08:00:00,08_12,0.0,0.4057894174690952,-1332.5,-17.60617000000001
2021-06-11 12:00:00,12_16,5927.125,0.5170463357096965,5927.125,-31.221170000000008
2021-06-11 16:00:00,16_20,0.0,0.3321007041183324,-3116.0625,-20.79867000000001
2021-06-11 20:00:00,20_24,0.0,0.1357892206017744,-8791.0625,-13.831170000000014
2021-06-12 00:00:00,00_04,2184.5,0.169213644141557,2184.5,-29.876169999999988
2021-06-12 04:00:00,04_08,6675.6875,0.2815526426664044,6675.6875,-40.11866999999999
2021-06-12 08:00:00,08_12,14562.0625,0.5791529412309964,14562.0625,-47.07616999999999
2021-06-12 12:00:00,12_16,30288.5625,0.8736885356309687,30288.5625,-108.23867
2021-06-12 16:00:00,16_20,26376.875,0.7893465046695515,26376.875,-85.71367
2021-06-12 20:00:00,20_24,15326.375,0.520940904133858,15326.375,-46.42866999999998
2021-06-13 00:00:00,00_04,17732.1875,0.5009645573097156,17732.1875,-86.74867
2021-06-13 04:00:00,04_08,18164.375,0.4988618622164495,18164.375,-93.69867
2021-06-13 08:00:00,08_12,25852.25,0.7660434129070041,25852.25,-96.95367
2021-06-13 12:00:00,12_16,32194.1875,0.8998436542907388,32194.1875,-118.88617
2021-06-13 16:00:00,16_20,9996.0,0.5370322788475183,14627.4375,-62.72867
2021-06-13 20:00:00,20_24,0.0,0.1394133109484259,-2719.75,-16.183669999999996
2021-06-14 00:00:00,00_04,1043.9375,0.1141126221428658,1043.9375,-36.21402999999999
2021-06-14 04:00:00,04_08,0.0,0.1821698470103822,-2324.9375,-23.336529999999986
2021-06-14 08:00:00,08_12,5601.125,0.5064505632186371,5601.125,-22.241529999999983
2021-06-14 12:00:00,12_16,14083.75,0.6464347749819341,14083.75,-45.78402999999999
2021-06-14 16:00:00,16_20,0.0,0.3532571176376508,-2669.25,-15.51152999999999
2021-06-14 20:00:00,20_24,0.0,0.1059579079450179,-11722.125,-6.246529999999986
2021-06-15 00:00:00,00_04,0.0,0.1121137686936093,-2128.0625,-28.112030000000008
2021-06-15 04:00:00,04_08,0.0,0.114402127890301,-8154.6875,-19.804530000000003
2021-06-15 08:00:00,08_12,0.0,0.3552640807359344,-5244.0625,-11.779530000000005
2021-06-15 12:00:00,12_16,1925.0,0.4720442564536772,1925.0,-26.854530000000004
2021-06-15 16:00:00,16_20,0.0,0.2606280642959101,-8892.8125,-10.027030000000009
2021-06-15 20:00:00,20_24,0.0,0.0765446045172749,-13615.125,-6.762030000000006
2021-06-16 00:00:00,00_04,0.0,0.0941395231133379,-2679.1875,-26.876249999999978
2021-06-16 04:00:00,04_08,0.0,0.1338228336493568,-5796.0625,-17.32374999999998
2021-06-16 08:00:00,08_12,0.0,0.4018792844387379,-848.25,-9.96874999999998
2021-06-16 12:00:00,12_16,5248.25,0.5063492770735403,5248.25,-20.97874999999998
2021-06-16 16:00:00,16_20,0.0,0.2848929179240736,-6211.5,1.2512500000000202
2021-06-16 20:00:00,20_24,0.0,0.2222644169547025,-4266.125,-6.653749999999977
2021-06-17 00:00:00,00_04,8402.6875,0.3256088237614711,8402.6875,-33.24566
2021-06-17 04:00:00,04_08,3203.25,0.2957671095238211,3203.25,-24.59566
2021-06-17 08:00:00,08_12,0.0,0.4943597779854951,6152.4375,-14.883159999999997
2021-06-17 12:00:00,12_16,14322.75,0.6263479882899486,14322.75,-38.24316
2021-06-17 16:00:00,16_20,0.0,0.3562408365856536,-1200.6875,-7.930659999999996
2021-06-17 20:00:00,20_24,0.0,0.1986124806945026,-5107.4375,-4.123159999999999
2021-06-18 00:00:00,00_04,1505.0,0.1970346112166519,1505.0,-29.783529999999985
2021-06-18 04:00:00,04_08,0.0,0.1722099118932167,-3760.9375,-19.301029999999987
2021-06-18 08:00:00,08_12,0.0,0.4290000132873464,1785.4375,-8.973529999999986
2021-06-18 12:00:00,12_16,9719.125,0.5561002249956516,9719.125,-30.44852999999998
2021-06-18 16:00:00,16_20,0.0,0.342140197769369,-1186.75,-14.516029999999986
2021-06-18 20:00:00,20_24,0.0,0.215879612212415,-2949.375,-10.281029999999983
2021-06-19 00:00:00,00_04,5609.8125,0.230632893011655,5609.8125,-26.708529999999985
2021-06-19 04:00:00,04_08,9565.9375,0.3025567039845174,9565.9375,-32.72602999999998
2021-06-19 08:00:00,08_12,16739.5,0.5929312299125222,16739.5,-37.543529999999976
2021-06-19 12:00:00,12_16,19878.5625,0.664474872297611,19878.5625,-47.65352999999998
2021-06-19 16:00:00,16_20,3179.6875,0.3470917527248793,3179.6875,-24.291029999999974
2021-06-19 20:00:00,20_24,0.0,0.1253003035587088,-3439.0625,-14.47352999999998
2021-06-20 00:00:00,00_04,7142.875,0.2321707684490807,7142.875,-34.73102999999999
2021-06-20 04:00:00,04_08,16043.3125,0.4130037148973681,16043.3125,-49.22852999999999
2021-06-20 08:00:00,08_12,22294.375,0.6663863018990638,22294.375,-49.74352999999999
2021-06-20 12:00:00,12_16,25524.3125,0.7405895080006333,25524.3125,-71.76102999999999
2021-06-20 16:00:00,16_20,7953.5625,0.3824241373672104,7953.5625,-35.45602999999999
2021-06-20 20:00:00,20_24,0.0,0.1405218807954352,-1404.25,-15.69102999999999
2021-06-21 00:00:00,00_04,7113.875,0.2371186169929536,7113.875,-39.526030000000006
2021-06-21 04:00:00,04_08,2469.8125,0.2697028727580556,2469.8125,-30.206030000000005
2021-06-21 08:00:00,08_12,1839.0,0.4368325490398465,1839.0,-14.176030000000004
2021-06-21 12:00:00,12_16,9149.625,0.5556154355503237,9149.625,-29.79603
2021-06-21 16:00:00,16_20,243.5,0.3844846259860529,243.5,-16.538530000000005
2021-06-21 20:00:00,20_24,0.0,0.2152853939022261,-4474.9375,-14.438530000000007
2021-06-22 00:00:00,00_04,3493.375,0.2072687633868077,3493.375,-35.36815999999999
2021-06-22 04:00:00,04_08,0.0,0.1986615267628576,-1927.6875,-26.753159999999983
2021-06-22 08:00:00,08_12,0.0,0.3203141404445511,-5553.375,-11.410659999999986
2021-06-22 12:00:00,12_16,0.0,0.3719247947712177,-2818.125,-20.545659999999984
2021-06-22 16:00:00,16_20,0.0,0.25472906999083,-7272.75,-11.488159999999986
2021-06-22 20:00:00,20_24,0.0,0.1314644548747294,-8359.4375,-11.443159999999985
2021-06-23 00:00:00,00_04,0.0,0.1242850206490305,-1166.1875,-34.756780000000006
2021-06-23 04:00:00,04_08,0.0,0.1030151889757971,-7253.5,-20.139280000000003
2021-06-23 08:00:00,08_12,0.0,0.2553763716517992,-10057.5,-3.7917800000000064
2021-06-23 12:00:00,12_16,0.0,0.362202102176763,-3585.5,-20.33928000000001
2021-06-23 16:00:00,16_20,0.0,0.2196291497146548,-9669.625,-0.9492800000000088
2021-06-23 20:00:00,20_24,0.0,0.0882703531123736,-11668.125,0.2532199999999918
2021-06-24 00:00:00,00_04,0.0,0.0880228216298815,-2182.8125,-30.819869999999995
2021-06-24 04:00:00,04_08,0.0,0.0805076982215713,-7873.625,-20.764869999999995
2021-06-24 08:00:00,08_12,0.0,0.2192741767501751,-11420.6875,-0.5473699999999972
2021-06-24 12:00:00,12_16,0.0,0.288728589411748,-7028.625,-21.01237
2021-06-24 16:00:00,16_20,0.0,0.1719135015081711,-11616.375,-2.8348699999999987
2021-06-24 20:00:00,20_24,0.0,0.0662808061502732,-11547.5,-4.4973699999999965
2021-06-25 00:00:00,00_04,0.0,0.0406474997534273,-3452.9375,-29.891849999999994
2021-06-25 04:00:00,04_08,0.0,0.0645649716420042,-7986.8125,-22.959349999999997
2021-06-25 08:00:00,08_12,0.0,0.229467419340176,-9477.8125,-13.396849999999992
2021-06-25 12:00:00,12_16,0.0,0.3561578344178658,-1429.8125,-27.876849999999997
2021-06-25 16:00:00,16_20,0.0,0.2154996340171234,-6973.9375,-12.299349999999995
2021-06-25 20:00:00,20_24,0.0,0.0313929522650902,-10936.75,-9.589349999999996
2021-06-26 00:00:00,00_04,0.0,0.0153209850767043,-3004.0,-24.994349999999983
2021-06-26 04:00:00,04_08,0.0,0.0639392412103095,-69.0,-31.27184999999998
2021-06-26 08:00:00,08_12,7101.375,0.3872602640251092,7101.375,-31.451849999999983
2021-06-26 12:00:00,12_16,13461.625,0.5092766274199091,13461.625,-41.99684999999998
2021-06-26 16:00:00,16_20,2980.4375,0.2737311270416585,2980.4375,-31.219349999999984
2021-06-26 20:00:00,20_24,0.0,0.063810400579053,-3084.0,-17.921849999999978
2021-06-27 00:00:00,00_04,3921.75,0.0823966438290344,3921.75,-38.516850000000005
2021-06-27 04:00:00,04_08,6842.25,0.1281848494168534,6842.25,-43.25185000000001
2021-06-27 08:00:00,08_12,15279.875,0.4882122459822021,15279.875,-52.60935
2021-06-27 12:00:00,12_16,20202.1875,0.6112978949693909,20202.1875,-77.04685
2021-06-27 16:00:00,16_20,6683.5,0.3170491570325108,6683.5,-38.67685000000001
2021-06-27 20:00:00,20_24,0.0,0.1036604351007917,-1776.75,-17.409350000000007
2021-06-28 00:00:00,00_04,3666.0,0.1288814686192406,3666.0,-36.5552
2021-06-28 04:00:00,04_08,0.0,0.1431668461613774,-1796.9375,-24.82519999999999
2021-06-28 08:00:00,08_12,0.0,0.3750293497246375,-604.25,-17.635199999999998
2021-06-28 12:00:00,12_16,5213.375,0.4777077407590963,5213.375,-29.2777
2021-06-28 16:00:00,16_20,0.0,0.2723259772484806,-5208.5625,-10.232699999999998
2021-06-28 20:00:00,20_24,0.0,0.1487839112985114,-7095.875,-8.975199999999997
2021-06-29 00:00:00,00_04,4362.3125,0.1933318283981273,4362.3125,-34.21201999999998
2021-06-29 04:00:00,04_08,0.0,0.1659338377527713,-2609.4375,-23.097019999999983
2021-06-29 08:00:00,08_12,0.0,0.2873004088468915,-7498.0,-7.702019999999983
2021-06-29 12:00:00,12_16,0.0,0.3614214098185621,-3339.9375,-18.999519999999983
2021-06-29 16:00:00,16_20,0.0,0.2335808789459652,-8372.1875,-13.139519999999983
2021-06-29 20:00:00,20_24,0.0,0.1271521579997098,-8940.75,-16.922019999999986
2021-06-30 00:00:00,00_04,1098.875,0.1592425468518052,1098.875,-36.49624999999999
2021-06-30 04:00:00,04_08,0.0,0.1709373261559125,-3737.375,-26.37874999999998
2021-06-30 08:00:00,08_12,0.0,0.2858391937121582,-7155.625,-7.856249999999978
2021-06-30 12:00:00,12_16,0.0,0.3883671801226472,-647.625,-20.196249999999974
2021-06-30 16:00:00,16_20,0.0,0.2801706978559045,-5223.375,-18.386249999999983
2021-06-30 20:00:00,20_24,0.0,0.1632700092180674,-6653.8125,-19.80624999999998
2021-07-01 00:00:00,00_04,5697.3125,0.2677631552840054,5697.3125,-42.25775999999998
2021-07-01 04:00:00,04_08,2221.5625,0.294439020096341,2221.5625,-36.54525999999999
2021-07-01 08:00:00,08_12,0.0,0.3529141263554507,-3327.0,-21.467759999999984
2021-07-01 12:00:00,12_16,243.3125,0.4129018722584002,243.3125,-29.467759999999984
2021-07-01 16:00:00,16_20,0.0,0.3092692432100177,-3881.9375,-21.725259999999984
2021-07-01 20:00:00,20_24,0.0,0.1805895802254152,-5466.5625,-20.557759999999984
2021-07-02 00:00:00,00_04,451.9375,0.1517443805659489,451.9375,-36.64912
2021-07-02 04:00:00,04_08,0.0,0.1375324515497629,-5765.8125,-25.83912
2021-07-02 08:00:00,08_12,0.0,0.2882970778716275,-7008.1875,-13.744120000000002
2021-07-02 12:00:00,12_16,2185.3125,0.4196323850535803,2185.3125,-33.22662
2021-07-02 16:00:00,16_20,0.0,0.2732467415831247,-4281.6875,-25.11912
2021-07-02 20:00:00,20_24,0.0,0.0552156121471566,-10756.6875,-16.804120000000005
2021-07-03 00:00:00,00_04,1713.5,0.0956879513911848,1713.5,-36.62912
2021-07-03 04:00:00,04_08,4208.1875,0.132841517456902,4208.1875,-43.37162000000001
2021-07-03 08:00:00,08_12,12368.375,0.471640351877185,12368.375,-43.89662
2021-07-03 12:00:00,12_16,18323.625,0.587359770014563,18323.625,-52.59412
2021-07-03 16:00:00,16_20,4173.625,0.2858093959332146,4173.625,-29.74162
2021-07-03 20:00:00,20_24,0.0,0.0481833418847272,-3301.6875,-15.166619999999998
2021-07-04 00:00:00,00_04,3150.1875,0.0493300383522955,3150.1875,-36.53161999999999
2021-07-04 04:00:00,04_08,6842.3125,0.0998106303545026,6842.3125,-45.94161999999999
2021-07-04 08:00:00,08_12,11037.25,0.3905818043502982,11037.25,-43.41911999999999
2021-07-04 12:00:00,12_16,12783.4375,0.4549148166434312,12783.4375,-48.08911999999999
2021-07-04 16:00:00,16_20,2745.125,0.2244037436236795,2745.125,-32.30411999999998
2021-07-04 20:00:00,20_24,0.0,0.1001570498376881,-1506.3125,-19.991619999999983
2021-07-05 00:00:00,00_04,5262.8125,0.1581846238234593,5262.8125,-46.590880000000006
2021-07-05 04:00:00,04_08,0.0,0.1494446288782846,-1776.75,-37.505880000000005
2021-07-05 08:00:00,08_12,0.0,0.2906213142682411,-5496.125,-19.705880000000004
2021-07-05 12:00:00,12_16,0.0,0.3813692335075484,-444.5,-31.03838
2021-07-05 16:00:00,16_20,0.0,0.2426689123742435,-6979.6875,-20.350880000000007
2021-07-05 20:00:00,20_24,0.0,0.0827946542550187,-10566.8125,-15.468380000000009
2021-07-06 00:00:00,00_04,4514.0,0.2001749329984188,4514.0,-45.27332999999998
2021-07-06 04:00:00,04_08,6396.625,0.3374407757231031,6396.625,-42.83582999999998
2021-07-06 08:00:00,08_12,10067.125,0.5413470985628004,10067.125,-39.62582999999998
2021-07-06 12:00:00,12_16,16792.125,0.6482842768619901,16792.125,-62.190829999999984
2021-07-06 16:00:00,16_20,7454.1875,0.4773579857970823,7454.1875,-38.66832999999998
2021-07-06 20:00:00,20_24,1458.5625,0.302659483457306,1458.5625,-22.340829999999983
2021-07-07 00:00:00,00_04,7659.6875,0.2837734059288815,7659.6875,-39.1425
2021-07-07 04:00:00,04_08,0.0,0.1976621589014001,-2060.375,-27.025
2021-07-07 08:00:00,08_12,0.0,0.2875928268616071,-5980.4375,-12.769999999999992
2021-07-07 12:00:00,12_16,1244.9375,0.4050471906974698,1244.9375,-18.819999999999997
2021-07-07 16:00:00,16_20,0.0,0.2303106031746031,-7226.9375,-5.107499999999998
2021-07-07 20:00:00,20_24,0.0,0.0521893684209308,-11066.5625,1.2900000000000027
2021-07-08 00:00:00,00_04,0.0,0.0646288045721883,-3148.125,-30.91662
2021-07-08 04:00:00,04_08,0.0,0.0726558406289853,-7979.125,-16.939120000000003
2021-07-08 08:00:00,08_12,0.0,0.2008148350973931,-12433.5625,0.4758800000000036
2021-07-08 12:00:00,12_16,0.0,0.2537529440759909,-9870.375,-6.384120000000003
2021-07-08 16:00:00,16_20,0.0,0.1486552967368082,-12853.6875,18.198380000000004
2021-07-08 20:00:00,20_24,0.0,0.0468775138851436,-12108.5,5.688380000000002
2021-07-09 00:00:00,00_04,0.0,0.0915367026468195,-759.3125,-32.43421
2021-07-09 04:00:00,04_08,0.0,0.1129910488990411,-5432.125,-24.336710000000004
2021-07-09 08:00:00,08_12,0.0,0.202851004836337,-11299.9375,-6.834210000000002
2021-07-09 12:00:00,12_16,0.0,0.3039978774027685,-4928.3125,-22.65921
2021-07-09 16:00:00,16_20,0.0,0.2323754614269876,-5730.5625,-21.24171
2021-07-09 20:00:00,20_24,0.0,0.0779484493748103,-7930.0625,-15.604209999999998
2021-07-10 00:00:00,00_04,6496.3125,0.1983250569997122,6496.3125,-40.52671
2021-07-10 04:00:00,04_08,7806.4375,0.2159096709493197,7806.4375,-44.53171
2021-07-10 08:00:00,08_12,13310.9375,0.482206740951327,13310.9375,-43.65670999999999
2021-07-10 12:00:00,12_16,18965.0,0.5981321170448178,19292.0625,-50.60421
2021-07-10 16:00:00,16_20,4706.625,0.2850881579342141,4706.625,-33.026709999999994
2021-07-10 20:00:00,20_24,0.0,0.0462816504791442,-2775.125,-21.186709999999994
2021-07-11 00:00:00,00_04,5429.5625,0.0799809775325702,5429.5625,-41.47171
2021-07-11 04:00:00,04_08,8601.875,0.1291211640508507,8601.875,-50.39671
2021-07-11 08:00:00,08_12,10138.125,0.3463343489818269,10138.125,-47.33921
2021-07-11 12:00:00,12_16,15497.875,0.4827343870668795,15497.875,-51.83421
2021-07-11 16:00:00,16_20,7861.125,0.3161976737813709,7861.125,-40.20421
2021-07-11 20:00:00,20_24,0.0,0.109631981761928,-393.125,-18.78421
2021-07-12 00:00:00,00_04,6170.5,0.1605701110240235,6170.5,-41.60605999999999
2021-07-12 04:00:00,04_08,0.0,0.1537058416070191,-591.625,-30.788559999999983
2021-07-12 08:00:00,08_12,1889.875,0.3858957572780341,1889.875,-18.51105999999999
2021-07-12 12:00:00,12_16,8064.25,0.4952171226814327,8064.25,-29.81605999999999
2021-07-12 16:00:00,16_20,0.0,0.2790675242477353,-3267.375,-13.053559999999989
2021-07-12 20:00:00,20_24,0.0,0.118776817282391,-6619.3125,-14.693559999999987
2021-07-13 00:00:00,00_04,1055.8125,0.1115881574075113,1055.8125,-34.92600999999998
2021-07-13 04:00:00,04_08,0.0,0.1020355667254563,-4956.8125,-26.558509999999977
2021-07-13 08:00:00,08_12,0.0,0.2677689059944796,-6063.6875,-11.748509999999978
2021-07-13 12:00:00,12_16,0.0,0.3459615246055191,-1907.3125,-21.22350999999998
2021-07-13 16:00:00,16_20,0.0,0.2233545517918657,-7054.4375,-17.556009999999976
2021-07-13 20:00:00,20_24,0.0,0.1593367246864275,-4626.875,-22.43850999999998
2021-07-14 00:00:00,00_04,3232.4375,0.1749054041946089,3232.4375,-42.582639999999984
2021-07-14 04:00:00,04_08,0.0,0.1550740640731382,-3163.875,-28.87763999999999
2021-07-14 08:00:00,08_12,0.0,0.2563391343492294,-7884.125,-10.85263999999999
2021-07-14 12:00:00,12_16,457.1875,0.3890749084524038,457.1875,-32.90263999999999
2021-07-14 16:00:00,16_20,1059.6875,0.3569550927660456,1059.6875,-32.68013999999999
2021-07-14 20:00:00,20_24,1013.875,0.2691918033523777,1013.875,-31.360139999999987
2021-07-15 00:00:00,00_04,3860.625,0.2001799370220423,3860.625,-38.83493999999999
2021-07-15 04:00:00,04_08,0.0,0.1677392338164297,-2584.0,-24.86743999999999
2021-07-15 08:00:00,08_12,0.0,0.3024673584637651,-4780.5,-12.854939999999988
2021-07-15 12:00:00,12_16,0.0,0.3847131872958305,-158.4375,-27.754939999999987
2021-07-15 16:00:00,16_20,0.0,0.3048269531665833,-2620.3125,-25.394939999999988
2021-07-15 20:00:00,20_24,0.0,0.2230342859949266,-1873.875,-24.35243999999999
2021-07-16 00:00:00,00_04,3443.0,0.1920946899771962,3443.0,-39.82113999999999
2021-07-16 04:00:00,04_08,0.0,0.1674618640415976,-2827.5625,-28.293639999999986
2021-07-16 08:00:00,08_12,0.0,0.3050969859229565,-4762.875,-18.746139999999983
2021-07-16 12:00:00,12_16,2979.625,0.4268079480277363,2979.625,-36.69363999999999
2021-07-16 16:00:00,16_20,0.0,0.3242846228890157,-871.8125,-30.543639999999986
2021-07-16 20:00:00,20_24,0.0,0.2096756188544796,-1835.75,-23.526139999999984
2021-07-17 00:00:00,00_04,10914.8125,0.3098835952428279,10914.8125,-48.73364
2021-07-17 04:00:00,04_08,12032.375,0.3288194042258704,12032.375,-54.38114
2021-07-17 08:00:00,08_12,11849.8125,0.460711472074563,11849.8125,-44.49864
2021-07-17 12:00:00,12_16,22687.8125,0.6636440058821876,22687.8125,-78.33364
2021-07-17 16:00:00,16_20,18965.0,0.5783760108483703,19344.875,-59.636140000000005
2021-07-17 20:00:00,20_24,11928.375,0.3739162903265369,11928.375,-40.59864
2021-07-18 00:00:00,00_04,15656.75,0.3572699810129533,15656.75,-61.41363999999998
2021-07-18 04:00:00,04_08,15235.0,0.3220849995164039,15235.0,-66.64863999999999
2021-07-18 08:00:00,08_12,20678.1875,0.5765945122719025,20678.1875,-75.55863999999998
2021-07-18 12:00:00,12_16,30673.625,0.796231216442535,30673.625,-112.77863999999998
2021-07-18 16:00:00,16_20,18965.0,0.5948088383678111,21091.4375,-77.39613999999997
2021-07-18 20:00:00,20_24,7115.4375,0.2780864023082244,7115.4375,-28.616139999999984
2021-07-19 00:00:00,00_04,8869.5625,0.2366810509214631,8869.5625,-48.86003
2021-07-19 04:00:00,04_08,915.875,0.1945517304300225,915.875,-32.61752999999999
2021-07-19 08:00:00,08_12,2226.9375,0.4007771821201317,2226.9375,-18.20752999999999
2021-07-19 12:00:00,12_16,8430.8125,0.5043664069870205,8430.8125,-33.94502999999999
2021-07-19 16:00:00,16_20,0.0,0.3275897107455829,-302.5,-19.040029999999987
2021-07-19 20:00:00,20_24,0.0,0.1265402382914117,-6532.125,-9.527529999999988
2021-07-20 00:00:00,00_04,1111.4375,0.1134892925770557,1111.4375,-36.77705999999999
2021-07-20 04:00:00,04_08,0.0,0.1183845970361037,-4402.3125,-24.622059999999983
2021-07-20 08:00:00,08_12,0.0,0.3710887521976812,-248.0625,-18.949559999999984
2021-07-20 12:00:00,12_16,7898.0625,0.4998229061154194,7898.0625,-38.394559999999984
2021-07-20 16:00:00,16_20,463.125,0.3439143395698812,463.125,-25.009559999999983
2021-07-20 20:00:00,20_24,0.0,0.1287513072868689,-6529.5625,-12.882059999999983
2021-07-21 00:00:00,00_04,643.0625,0.1187152452788636,643.0625,-37.68177999999999
2021-07-21 04:00:00,04_08,0.0,0.1183537009667896,-4714.3125,-26.86178
2021-07-21 08:00:00,08_12,0.0,0.3620433820752172,-721.375,-23.03928
2021-07-21 12:00:00,12_16,5110.0,0.4599726568433844,5110.0,-38.63678
2021-07-21 16:00:00,16_20,0.0,0.2550899971995213,-5057.6875,-18.70928
2021-07-21 20:00:00,20_24,0.0,0.0502461746252546,-10760.5625,-10.509279999999997
2021-07-22 00:00:00,00_04,0.0,0.0410237027945644,-3582.75,-39.30172999999999
2021-07-22 04:00:00,04_08,0.0,0.0632417504859042,-7867.0,-29.381729999999997
2021-07-22 08:00:00,08_12,0.0,0.3288783466770285,-2734.1875,-23.239229999999992
2021-07-22 12:00:00,12_16,4951.0,0.4533784514239082,4951.0,-39.75672999999999
2021-07-22 16:00:00,16_20,0.0,0.2648232475446123,-4695.5,-25.679229999999997
2021-07-22 20:00:00,20_24,0.0,0.0758804642104371,-9814.0625,-20.136729999999996
2021-07-23 00:00:00,00_04,0.0,0.0586778334591885,-2189.75,-37.85565999999999
2021-07-23 04:00:00,04_08,0.0,0.0596107322439482,-7636.6875,-27.34815999999998
2021-07-23 08:00:00,08_12,0.0,0.3252706760830701,-2576.625,-20.303159999999977
2021-07-23 12:00:00,12_16,5633.4375,0.4542760826043265,5633.4375,-38.085659999999976
2021-07-23 16:00:00,16_20,0.0,0.2403076512173339,-4848.75,-27.73065999999998
2021-07-23 20:00:00,20_24,0.0,0.0672974581072464,-8521.6875,-19.585659999999976
2021-07-24 00:00:00,00_04,2652.3125,0.1298352502153451,2652.3125,-37.59065999999999
2021-07-24 04:00:00,04_08,6130.1875,0.1925190509457512,6130.1875,-44.00065999999998
2021-07-24 08:00:00,08_12,11193.5,0.4416277921275061,11193.5,-39.67315999999998
2021-07-24 12:00:00,12_16,16456.75,0.5570759334998582,16456.75,-50.22815999999999
2021-07-24 16:00:00,16_20,6244.75,0.3417331117831996,6244.75,-35.36315999999999
2021-07-24 20:00:00,20_24,7510.375,0.2863072884359471,7510.375,-33.605659999999986
2021-07-25 00:00:00,00_04,14654.875,0.3477745124568149,14654.875,-62.15565999999998
2021-07-25 04:00:00,04_08,15045.1875,0.3363848819143334,15045.1875,-67.01816
2021-07-25 08:00:00,08_12,16943.1875,0.5126050961984835,16943.1875,-64.74315999999999
2021-07-25 12:00:00,12_16,17359.875,0.5463367072151546,17359.875,-67.86065999999998
2021-07-25 16:00:00,16_20,4847.8125,0.2753911871472785,4847.8125,-44.87565999999998
2021-07-25 20:00:00,20_24,0.0,0.0914805111080623,-2064.0625,-25.848159999999982
2021-07-26 00:00:00,00_04,1439.5625,0.0764292498193091,1439.5625,-46.21306
2021-07-26 04:00:00,04_08,0.0,0.0765024206739876,-5460.0,-33.12056
2021-07-26 08:00:00,08_12,0.0,0.2815389052585629,-5990.25,-22.285559999999997
2021-07-26 12:00:00,12_16,0.0,0.38171858071635,-459.8125,-34.303059999999995
2021-07-26 16:00:00,16_20,0.0,0.2210198230919126,-7626.8125,-21.07806
2021-07-26 20:00:00,20_24,0.0,0.0825852555217187,-9669.5,-19.77556
2021-07-27 00:00:00,00_04,1797.375,0.1388307979447049,1797.375,-45.38192
2021-07-27 04:00:00,04_08,0.0,0.150954477270447,-3276.625,-35.87941999999998
2021-07-27 08:00:00,08_12,0.0,0.3720231231646757,-751.5,-30.906919999999985
2021-07-27 12:00:00,12_16,5532.0625,0.4779311386573265,5532.0625,-40.34941999999998
2021-07-27 16:00:00,16_20,0.0,0.2532727263523945,-6006.375,-23.159419999999987
2021-07-27 20:00:00,20_24,0.0,0.0872981431349722,-9593.375,-23.421919999999982
2021-07-28 00:00:00,00_04,1173.375,0.1471519919142892,1173.375,-47.08901
2021-07-28 04:00:00,04_08,0.0,0.1931264899227046,-1791.8125,-34.01651
2021-07-28 08:00:00,08_12,495.5,0.3917824157405301,495.5,-29.89901
2021-07-28 12:00:00,12_16,11176.0625,0.5605902899786699,11176.0625,-61.17401
2021-07-28 16:00:00,16_20,7606.75,0.4702521570218118,7606.75,-50.08401
2021-07-28 20:00:00,20_24,2355.3125,0.3057780261170091,2355.3125,-38.44901
2021-07-29 00:00:00,00_04,15212.1875,0.4529185264176249,15212.1875,-77.58687
2021-07-29 04:00:00,04_08,13834.75,0.4903720307949458,13834.75,-70.24437
2021-07-29 08:00:00,08_12,18870.0,0.723630103314588,22174.625,-95.25187
2021-07-29 12:00:00,12_16,32727.75,0.8870374896367966,32727.75,-130.08437
2021-07-29 16:00:00,16_20,10105.0,0.6462819475906016,18418.3125,-73.58187000000001
2021-07-29 20:00:00,20_24,3486.5,0.3208886003153696,3486.5,-34.82437000000001
2021-07-30 00:00:00,00_04,12032.9375,0.4064411955464274,12032.9375,-76.30987999999999
2021-07-30 04:00:00,04_08,6874.0,0.3723392099150929,6874.0,-65.82737999999999
2021-07-30 08:00:00,08_12,12666.8125,0.5796624480013007,12666.8125,-66.87487999999999
2021-07-30 12:00:00,12_16,18760.5625,0.6773553645037296,18760.5625,-85.32237999999998
2021-07-30 16:00:00,16_20,1624.9375,0.3712550115669508,1624.9375,-56.327379999999984
2021-07-30 20:00:00,20_24,0.0,0.1522034359062247,-5342.6875,-36.36237999999999
2021-07-31 00:00:00,00_04,12183.4375,0.3802234532133849,12183.4375,-79.41738
2021-07-31 04:00:00,04_08,20466.4375,0.568881471591752,20466.4375,-90.17987999999995
2021-07-31 08:00:00,08_12,30669.0,0.8735598259244478,32016.5625,-115.02487999999995
2021-07-31 12:00:00,12_16,38409.75,0.99579912072402,38409.75,-144.99987999999996
2021-07-31 16:00:00,16_20,18039.0,0.7219050814341891,24539.0,-96.70238
2021-07-31 20:00:00,20_24,7132.5625,0.3211201351404142,7132.5625,-61.25237999999999
2021-08-01 00:00:00,00_04,10233.375,0.2848850214568443,10233.375,-77.31987999999998
2021-08-01 04:00:00,04_08,8519.1875,0.2180090989072807,8519.1875,-75.34487999999999
2021-08-01 08:00:00,08_12,6508.25,0.3285117143763099,6508.25,-69.16987999999999
2021-08-01 12:00:00,12_16,10386.1875,0.4335490979203966,10386.1875,-73.87737999999999
2021-08-01 16:00:00,16_20,6245.375,0.3240308814778129,6245.375,-63.68487999999998
2021-08-01 20:00:00,20_24,1359.0,0.1883878582411729,1359.0,-55.34987999999999
2021-08-02 00:00:00,00_04,8451.25,0.2724414632383138,8451.25,-73.04681
2021-08-02 04:00:00,04_08,1775.1875,0.2537048525395325,1775.1875,-58.28681
2021-08-02 08:00:00,08_12,2086.625,0.4259674405925121,2086.625,-41.94681000000001
2021-08-02 12:00:00,12_16,10239.4375,0.5640463215927094,10239.4375,-58.991810000000015
2021-08-02 16:00:00,16_20,0.0,0.3629895176484511,-0.3125,-39.85431000000001
2021-08-02 20:00:00,20_24,0.0,0.1048846807133424,-9348.125,-20.91181000000001
2021-08-03 00:00:00,00_04,0.0,0.0836873944750815,-2247.375,-54.44105999999997
2021-08-03 04:00:00,04_08,0.0,0.0737597436159963,-8914.0625,-37.49605999999997
2021-08-03 08:00:00,08_12,0.0,0.2566337086698763,-8692.5625,-30.143559999999976
2021-08-03 12:00:00,12_16,0.0,0.3244943550772853,-4941.375,-44.986059999999966
2021-08-03 16:00:00,16_20,0.0,0.178454333534581,-10972.125,-27.98355999999997
2021-08-03 20:00:00,20_24,0.0,0.0507902329380988,-12239.25,-27.77855999999997
2021-08-04 00:00:00,00_04,0.0,0.0626645819618169,-3257.5625,-52.58506999999997
2021-08-04 04:00:00,04_08,0.0,0.0571392663068838,-9324.125,-41.145069999999976
2021-08-04 08:00:00,08_12,0.0,0.2172079513713838,-11168.5625,-19.96756999999997
2021-08-04 12:00:00,12_16,0.0,0.3041026705070099,-6196.625,-38.785069999999976
2021-08-04 16:00:00,16_20,0.0,0.1599331313518373,-11841.875,-27.265069999999977
2021-08-04 20:00:00,20_24,0.0,0.0496069711538461,-11387.4375,-26.74756999999997
2021-08-05 00:00:00,00_04,0.0,0.0768633848772875,-2636.9375,-52.88183
2021-08-05 04:00:00,04_08,0.0,0.0809199488695374,-7983.5,-37.37432999999999
2021-08-05 08:00:00,08_12,0.0,0.230427273665841,-9952.3125,-20.92932999999999
2021-08-05 12:00:00,12_16,0.0,0.3456555708177216,-3084.0,-45.52183
2021-08-05 16:00:00,16_20,0.0,0.2320801700058383,-6933.9375,-34.786829999999995
2021-08-05 20:00:00,20_24,0.0,0.1366453440226588,-6927.8125,-42.96933
2021-08-06 00:00:00,00_04,3809.5625,0.218735509350348,3809.5625,-71.27803999999999
2021-08-06 04:00:00,04_08,0.0,0.2293846328338647,-185.1875,-59.64303999999999
2021-08-06 08:00:00,08_12,421.9375,0.3880406076710384,421.9375,-53.24303999999999
2021-08-06 12:00:00,12_16,10787.1875,0.5531532141012079,10787.1875,-76.71803999999999
2021-08-06 16:00:00,16_20,3088.9375,0.3873983343431875,3088.9375,-63.39553999999999
2021-08-06 20:00:00,20_24,0.0,0.2195407850933343,-1250.0,-57.16054
2021-08-07 00:00:00,00_04,7304.875,0.2720631564608929,7304.875,-77.34303999999997
2021-08-07 04:00:00,04_08,5729.8125,0.248757621785042,5729.8125,-76.30553999999998
2021-08-07 08:00:00,08_12,7136.25,0.4284452398955739,7136.25,-78.46053999999997
2021-08-07 12:00:00,12_16,10922.9375,0.5053162189440551,10922.9375,-83.89303999999998
2021-08-07 16:00:00,16_20,799.5,0.2846787372586972,799.5,-66.13803999999999
2021-08-07 20:00:00,20_24,3416.25,0.2482657810194805,3416.25,-70.35303999999998
2021-08-08 00:00:00,00_04,15740.75,0.4392490117949361,15740.75,-132.19553999999997
2021-08-08 04:00:00,04_08,20599.75,0.5490814525136005,20599.75,-136.86803999999998
2021-08-08 08:00:00,08_12,28797.4375,0.8079901454872324,28797.4375,-143.95803999999998
2021-08-08 12:00:00,12_16,34900.625,0.9405283613029214,34900.625,-181.54304
2021-08-08 16:00:00,16_20,22178.3125,0.6713104552270879,22178.3125,-119.38053999999998
2021-08-08 20:00:00,20_24,12438.75,0.4445187961590725,12438.75,-73.26803999999998
2021-08-09 00:00:00,00_04,17463.1875,0.5023222606802588,17463.1875,-99.24765
2021-08-09 04:00:00,04_08,8530.125,0.4016583773344879,8530.125,-76.85515000000001
2021-08-09 08:00:00,08_12,10105.9375,0.5556788530724639,10105.9375,-65.22015
2021-08-09 12:00:00,12_16,15182.25,0.6443264634048097,15182.25,-82.76015000000001
2021-08-09 16:00:00,16_20,320.875,0.371224184507717,320.875,-56.05765000000001
2021-08-09 20:00:00,20_24,0.0,0.188505650295452,-4334.4375,-39.95515
2021-08-10 00:00:00,00_04,3736.0,0.2317097575205824,3736.0,-68.67028999999997
2021-08-10 04:00:00,04_08,0.0,0.2096570178174491,-2101.9375,-55.675289999999976
2021-08-10 08:00:00,08_12,0.0,0.3630879958533395,-2433.25,-36.222789999999975
2021-08-10 12:00:00,12_16,6073.1875,0.504450230611731,6073.1875,-59.39278999999998
2021-08-10 16:00:00,16_20,0.0,0.3088538544350877,-3479.25,-40.237789999999976
2021-08-10 20:00:00,20_24,0.0,0.0810630741792371,-9947.75,-22.65528999999998
2021-08-11 00:00:00,00_04,0.0,0.0945086196156935,-1712.8125,-55.80997000000001
2021-08-11 04:00:00,04_08,0.0,0.0902018294207755,-7440.4375,-38.15247000000001
2021-08-11 08:00:00,08_12,0.0,0.3358259277385459,-3497.6875,-38.312470000000005
2021-08-11 12:00:00,12_16,4024.375,0.4683490271906651,4024.375,-58.84497
2021-08-11 16:00:00,16_20,0.0,0.2380495939319563,-6855.4375,-32.36497
2021-08-11 20:00:00,20_24,0.0,0.0243395944252006,-12345.25,-20.10247
2021-08-12 00:00:00,00_04,0.0,0.03919795182394,-3753.375,-52.21033999999999
2021-08-12 04:00:00,04_08,0.0,0.0861191176993894,-7134.0625,-43.92034
2021-08-12 08:00:00,08_12,130.6875,0.3852183924690775,130.6875,-35.92783999999999
2021-08-12 12:00:00,12_16,6759.8125,0.5029018165371523,6759.8125,-49.84533999999999
2021-08-12 16:00:00,16_20,0.0,0.2262134492313078,-7501.8125,-22.54033999999999
2021-08-12 20:00:00,20_24,0.0,0.0503172012894618,-11039.0625,-17.69283999999999
2021-08-13 00:00:00,00_04,0.0,0.089600645468203,-1779.5,-58.06402999999997
2021-08-13 04:00:00,04_08,0.0,0.0973929222318677,-6877.5625,-42.47652999999998
2021-08-13 08:00:00,08_12,0.0,0.3811931866604101,-94.5,-38.46902999999998
2021-08-13 12:00:00,12_16,12351.25,0.5880098420574392,12351.25,-67.94152999999999
2021-08-13 16:00:00,16_20,3948.0,0.4099797544653139,3948.0,-48.09152999999999
2021-08-13 20:00:00,20_24,0.0,0.2199379125637449,-1329.0625,-35.72902999999998
2021-08-14 00:00:00,00_04,5621.6875,0.2386039418393658,5621.6875,-66.94652999999998
2021-08-14 04:00:00,04_08,5671.75,0.2373535730057859,5671.75,-70.24902999999998
2021-08-14 08:00:00,08_12,14802.25,0.5648384234081565,14802.25,-73.06152999999999
2021-08-14 12:00:00,12_16,29533.0,0.8476828016060254,29566.6875,-125.16402999999998
2021-08-14 16:00:00,16_20,16478.375,0.5762393442210106,16478.375,-72.34152999999998
2021-08-14 20:00:00,20_24,4122.125,0.2568581328741074,4122.125,-55.72402999999999
2021-08-15 00:00:00,00_04,6258.9375,0.2282389426792855,6258.9375,-73.00653
2021-08-15 04:00:00,04_08,7339.0,0.2397331201090589,7339.0,-81.47653
2021-08-15 08:00:00,08_12,12906.5625,0.5072295189915343,12906.5625,-86.29153
2021-08-15 12:00:00,12_16,19509.4375,0.6570434769318553,19509.4375,-111.75903
2021-08-15 16:00:00,16_20,5342.25,0.3539138557018521,5342.25,-67.52402999999998
2021-08-15 20:00:00,20_24,0.0,0.1722191185897215,-1352.8125,-52.709029999999984
2021-08-16 00:00:00,00_04,8224.1875,0.3257282899519594,8224.1875,-80.40754
2021-08-16 04:00:00,04_08,5043.375,0.360106629726231,5043.375,-64.36254
2021-08-16 08:00:00,08_12,8087.0,0.570260535610328,9441.6875,-69.34004
2021-08-16 12:00:00,12_16,19459.1875,0.7369170599609385,19459.1875,-93.56504
2021-08-16 16:00:00,16_20,13545.0,0.6166998078790605,13545.0,-79.15754
2021-08-16 20:00:00,20_24,13855.75,0.5670845006691121,13855.75,-73.15503999999999
2021-08-17 00:00:00,00_04,24850.4375,0.7373870282904306,24850.4375,-107.82071
2021-08-17 04:00:00,04_08,15962.0,0.6429247097860369,18125.4375,-93.37071
2021-08-17 08:00:00,08_12,15962.0,0.7174041390357263,18299.6875,-98.67320999999998
2021-08-17 12:00:00,12_16,23704.125,0.8053063594837524,23704.125,-109.03320999999998
2021-08-17 16:00:00,16_20,8087.0,0.5597917817027179,9980.625,-73.56070999999999
2021-08-17 20:00:00,20_24,4810.8125,0.3961700655599166,4810.8125,-66.08321
2021-08-18 00:00:00,00_04,8810.9375,0.4105963100796356,8810.9375,-85.70677999999998
2021-08-18 04:00:00,04_08,3185.875,0.3760659632779326,3185.875,-71.37677999999998
2021-08-18 08:00:00,08_12,1474.375,0.4626156250060209,1474.375,-50.61677999999998
2021-08-18 12:00:00,12_16,9663.4375,0.5992091402428547,9663.4375,-74.80427999999998
2021-08-18 16:00:00,16_20,5655.1875,0.5061989040522707,5655.1875,-66.00427999999998
2021-08-18 20:00:00,20_24,3725.0625,0.4020118469318646,3725.0625,-64.94177999999998
2021-08-19 00:00:00,00_04,14764.3125,0.5245424756930528,14764.3125,-78.60958999999997
2021-08-19 04:00:00,04_08,3799.5,0.3767192739453304,3799.5,-64.73708999999997
2021-08-19 08:00:00,08_12,0.0,0.3691051794625883,-5268.75,-47.87208999999997
2021-08-19 12:00:00,12_16,0.0,0.4153152321200734,-2440.875,-50.45958999999997
2021-08-19 16:00:00,16_20,0.0,0.256015572587367,-9405.8125,-33.567089999999965
2021-08-19 20:00:00,20_24,0.0,0.1129011350139964,-11136.8125,-27.65708999999997
2021-08-20 00:00:00,00_04,0.0,0.1047164265193615,-2623.25,-44.22352999999997
2021-08-20 04:00:00,04_08,0.0,0.0955544854406807,-8634.8125,-32.56852999999998
2021-08-20 08:00:00,08_12,0.0,0.2518953257989925,-9724.75,-18.57852999999998
2021-08-20 12:00:00,12_16,86.125,0.4048806995010621,86.125,-41.48602999999997
2021-08-20 16:00:00,16_20,0.0,0.2172531103890118,-8441.875,-23.308529999999976
2021-08-20 20:00:00,20_24,0.0,0.0306891308725277,-12510.5625,-14.321029999999976
2021-08-21 00:00:00,00_04,0.0,0.0286791223342644,-2886.0,-39.64853000000001
2021-08-21 04:00:00,04_08,0.0,0.0435741081942845,-2723.875,-45.31103000000002
2021-08-21 08:00:00,08_12,3911.6875,0.357977336928989,3911.6875,-44.56103000000001
2021-08-21 12:00:00,12_16,8963.375,0.4719140954380409,8963.375,-54.408530000000006
2021-08-21 16:00:00,16_20,0.0,0.2054862599883063,-3033.5,-33.218530000000015
2021-08-21 20:00:00,20_24,0.0,0.0910087446124716,-3313.75,-26.276030000000013
2021-08-22 00:00:00,00_04,7720.3125,0.2201977586915253,7720.3125,-54.42603
2021-08-22 04:00:00,04_08,9145.125,0.259484592495216,9145.125,-63.25603
2021-08-22 08:00:00,08_12,7370.1875,0.3746379554038294,7370.1875,-55.97603
2021-08-22 12:00:00,12_16,10404.875,0.4609225898400706,10404.875,-61.37353
2021-08-22 16:00:00,16_20,5040.3125,0.3350143909037284,5040.3125,-48.86853
2021-08-22 20:00:00,20_24,3235.6875,0.252967385155089,3235.6875,-40.79853
2021-08-23 00:00:00,00_04,5792.0,0.2393119072772461,5792.0,-58.111270000000005
2021-08-23 04:00:00,04_08,0.0,0.2313721301636709,-846.75,-43.443770000000015
2021-08-23 08:00:00,08_12,0.0,0.3261464116899938,-6537.9375,-23.29377000000001
2021-08-23 12:00:00,12_16,0.0,0.4249595117943903,-1346.625,-42.66627000000001
2021-08-23 16:00:00,16_20,0.0,0.3268434631610067,-4763.125,-33.91377000000001
2021-08-23 20:00:00,20_24,0.0,0.2301444530909651,-4925.5,-35.913770000000014
2021-08-24 00:00:00,00_04,3921.3125,0.2384484737336862,3921.3125,-56.86803999999999
2021-08-24 04:00:00,04_08,0.0,0.1874845643948748,-4190.25,-42.02803999999999
2021-08-24 08:00:00,08_12,0.0,0.3350697089468306,-5891.625,-29.643039999999992
2021-08-24 12:00:00,12_16,0.0,0.4362516374494773,-211.0625,-53.17803999999999
2021-08-24 16:00:00,16_20,0.0,0.2488609542476147,-9629.0625,-30.395539999999997
2021-08-24 20:00:00,20_24,0.0,0.1281965033768851,-10528.5625,-32.30304
2021-08-25 00:00:00,00_04,0.0,0.10988177233115,-2587.75,-59.43673999999996
2021-08-25 04:00:00,04_08,0.0,0.1467243919230702,-6290.0625,-47.436739999999965
2021-08-25 08:00:00,08_12,3657.5625,0.4703997692300041,3657.5625,-49.17673999999997
2021-08-25 12:00:00,12_16,16557.0,0.7035508031041329,18043.8125,-73.38673999999996
2021-08-25 16:00:00,16_20,7288.0,0.5369942773697118,9111.8125,-56.78423999999997
2021-08-25 20:00:00,20_24,6168.5625,0.4186988221567733,6168.5625,-55.35673999999996
2021-08-26 00:00:00,00_04,11794.4375,0.4315684005093136,11794.4375,-71.96603
2021-08-26 04:00:00,04_08,1039.5,0.30111444544231,1039.5,-53.95603
2021-08-26 08:00:00,08_12,0.0,0.3621273739487503,-3454.5,-32.34103
2021-08-26 12:00:00,12_16,5238.75,0.5074074793589121,5238.75,-53.59853
2021-08-26 16:00:00,16_20,1982.9375,0.4181568660500898,1982.9375,-48.58603
2021-08-26 20:00:00,20_24,46.9375,0.3059443478833521,46.9375,-44.77853
2021-08-27 00:00:00,00_04,6984.4375,0.3537981297867499,6984.4375,-63.65884999999999
2021-08-27 04:00:00,04_08,1868.3125,0.3293129148656993,1868.3125,-50.99884999999999
2021-08-27 08:00:00,08_12,0.0,0.4051554225504808,-1438.625,-36.79384999999999
2021-08-27 12:00:00,12_16,3105.3125,0.4839557322536447,3105.3125,-55.64384999999999
2021-08-27 16:00:00,16_20,0.0,0.349252500705188,-2737.1875,-45.18884999999999
2021-08-27 20:00:00,20_24,0.0,0.2320232732335472,-4192.875,-43.31384999999999
2021-08-28 00:00:00,00_04,6064.125,0.2689694351215793,6064.125,-68.12134999999998
2021-08-28 04:00:00,04_08,5669.4375,0.2704838353339716,5669.4375,-69.85384999999997
2021-08-28 08:00:00,08_12,3001.1875,0.3585155155453542,3001.1875,-60.186349999999976
2021-08-28 12:00:00,12_16,7875.5625,0.4575050091574119,7875.5625,-75.39634999999998
2021-08-28 16:00:00,16_20,3737.625,0.3421922092728179,3737.625,-57.56384999999999
2021-08-28 20:00:00,20_24,2499.0,0.2456141805169865,2499.0,-55.108849999999975
2021-08-29 00:00:00,00_04,8974.9375,0.2890204157720838,8974.9375,-76.51384999999999
2021-08-29 04:00:00,04_08,9269.0,0.3016641857838233,9269.0,-79.05634999999998
2021-08-29 08:00:00,08_12,5075.1875,0.3414532010707632,5075.1875,-68.73884999999999
2021-08-29 12:00:00,12_16,6545.875,0.4005741650631145,6545.875,-71.78884999999998
2021-08-29 16:00:00,16_20,3139.3125,0.3158005634119368,3139.3125,-59.101349999999975
2021-08-29 20:00:00,20_24,3520.75,0.281733762922945,3520.75,-55.80884999999999
2021-08-30 00:00:00,00_04,9005.0,0.3267091419325941,9005.0,-73.80172999999999
2021-08-30 04:00:00,04_08,1321.5,0.2890524508705732,1321.5,-53.23422999999999
2021-08-30 08:00:00,08_12,0.0,0.3162086978784582,-6774.875,-20.80673
2021-08-30 12:00:00,12_16,0.0,0.4054298924356565,-1559.1875,-40.53923
2021-08-30 16:00:00,16_20,0.0,0.2996009534156487,-5761.625,-36.72673
2021-08-30 20:00:00,20_24,0.0,0.2020414689426423,-6106.375,-39.48673
2021-08-31 00:00:00,00_04,3027.3125,0.2335658366218912,3027.3125,-62.479229999999966
2021-08-31 04:00:00,04_08,0.0,0.2132860123849178,-3908.5625,-44.52172999999997
2021-08-31 08:00:00,08_12,0.0,0.3055400805308361,-7677.625,-23.814229999999966
2021-08-31 12:00:00,12_16,588.75,0.4387595307662286,588.75,-49.68172999999997
2021-08-31 16:00:00,16_20,0.0,0.2844748373417375,-6555.0,-36.39922999999997
2021-08-31 20:00:00,20_24,0.0,0.1598955884611982,-8309.4375,-36.93422999999997
2021-09-01 00:00:00,00_04,0.0,0.1283886052657065,-2049.5,-63.91591
2021-09-01 04:00:00,04_08,0.0,0.0980863276468399,-9784.375,-44.21341
2021-09-01 08:00:00,08_12,0.0,0.3038415335260928,-6645.5,-31.79841
2021-09-01 12:00:00,12_16,857.0625,0.4326997772555669,857.0625,-58.18341
2021-09-01 16:00:00,16_20,0.0,0.2137656837883082,-10110.875,-33.50341
2021-09-01 20:00:00,20_24,0.0,0.0919170164477228,-11663.75,-34.21091
2021-09-02 00:00:00,00_04,0.0,0.0950406300890594,-3258.375,-64.04173999999999
2021-09-02 04:00:00,04_08,0.0,0.0691010001428947,-10519.1875,-40.446739999999984
2021-09-02 08:00:00,08_12,0.0,0.3203084677399684,-5607.0625,-33.31923999999998
2021-09-02 12:00:00,12_16,1891.375,0.4447954325546018,1891.375,-57.63173999999999
2021-09-02 16:00:00,16_20,0.0,0.1901762297343982,-11586.8125,-27.69173999999999
2021-09-02 20:00:00,20_24,0.0,0.0588104425209441,-12833.0,-31.266739999999984
2021-09-03 00:00:00,00_04,0.0,0.1082677789432912,-2045.3125,-64.35677000000001
2021-09-03 04:00:00,04_08,0.0,0.1562034609843616,-5027.125,-48.89927000000001
2021-09-03 08:00:00,08_12,1915.8125,0.4261680092512468,1915.8125,-44.07677000000001
2021-09-03 12:00:00,12_16,11602.0,0.579325115677348,11602.0,-71.44427
2021-09-03 16:00:00,16_20,0.0,0.2889948090130724,-3267.75,-38.839270000000006
2021-09-03 20:00:00,20_24,0.0,0.1195846050180348,-7424.25,-32.51177000000001
2021-09-04 00:00:00,00_04,0.0,0.0926660465333965,-384.875,-57.64177000000001
2021-09-04 04:00:00,04_08,0.0,0.0765909746572186,-1822.25,-56.95427000000001
2021-09-04 08:00:00,08_12,4690.4375,0.3624549624386443,4690.4375,-55.33427
2021-09-04 12:00:00,12_16,13178.9375,0.531144110894772,13178.9375,-74.31677
2021-09-04 16:00:00,16_20,0.0,0.2319923668499712,-952.375,-44.44177
2021-09-04 20:00:00,20_24,0.0,0.1191997144723462,-2485.8125,-36.74177
2021-09-05 00:00:00,00_04,5212.25,0.1735246705203035,5212.25,-61.35176999999999
2021-09-05 04:00:00,04_08,4873.875,0.1747409870926264,4873.875,-67.77426999999999
2021-09-05 08:00:00,08_12,13460.1875,0.4829294938817867,13460.1875,-71.05426999999999
2021-09-05 12:00:00,12_16,18311.0,0.6314363918773216,19725.9375,-91.52677
2021-09-05 16:00:00,16_20,1757.625,0.2556843967833886,1757.625,-49.04176999999999
2021-09-05 20:00:00,20_24,0.0,0.1333318992522163,-2040.125,-37.05677
2021-09-06 00:00:00,00_04,119.0625,0.0835911964045375,119.0625,-59.497009999999975
2021-09-06 04:00:00,04_08,0.0,0.0497721071077877,-9349.875,-34.23700999999998
2021-09-06 08:00:00,08_12,0.0,0.3224630740385255,-4414.1875,-27.47950999999998
2021-09-06 12:00:00,12_16,2089.1875,0.4406450945492198,2089.1875,-54.62950999999998
2021-09-06 16:00:00,16_20,0.0,0.1519659859822636,-13347.5625,-10.20950999999998
2021-09-06 20:00:00,20_24,0.0,0.0301841259208876,-14596.8125,-18.882009999999976
2021-09-07 00:00:00,00_04,0.0,0.0265155334277206,-3542.9375,-54.90284999999997
2021-09-07 04:00:00,04_08,0.0,0.031963159538692,-10478.75,-34.27284999999998
2021-09-07 08:00:00,08_12,0.0,0.2700041346912324,-7374.4375,-24.307849999999977
2021-09-07 12:00:00,12_16,608.4375,0.4052331284158911,608.4375,-56.275349999999975
2021-09-07 16:00:00,16_20,0.0,0.1499909636616672,-12728.0625,-20.980349999999973
2021-09-07 20:00:00,20_24,0.0,0.0534783163091047,-12659.4375,-29.44784999999998
2021-09-08 00:00:00,00_04,0.0,0.0865119698849343,-1914.5625,-57.32383
2021-09-08 04:00:00,04_08,0.0,0.085420543345654,-7724.8125,-36.29383000000001
2021-09-08 08:00:00,08_12,0.0,0.3514356229992914,-1919.625,-36.03133
2021-09-08 12:00:00,12_16,6989.4375,0.4967641291643725,6989.4375,-60.91633
2021-09-08 16:00:00,16_20,0.0,0.2134984816971928,-8025.3125,-24.158830000000005
2021-09-08 20:00:00,20_24,0.0,0.1562220009666729,-5947.25,-35.173829999999995
2021-09-09 00:00:00,00_04,3097.5,0.1966458501486172,3097.5,-64.79009999999997
2021-09-09 04:00:00,04_08,0.0,0.161255348418906,-4689.6875,-45.72759999999997
2021-09-09 08:00:00,08_12,0.0,0.3541729787339754,-1881.75,-32.69009999999997
2021-09-09 12:00:00,12_16,4200.75,0.4532744338008564,4200.75,-55.75259999999997
2021-09-09 16:00:00,16_20,0.0,0.1875392469479126,-10261.375,-16.65259999999998
2021-09-09 20:00:00,20_24,0.0,0.1120508270848835,-8928.25,-25.26759999999997
2021-09-10 00:00:00,00_04,337.25,0.1379179516642186,337.25,-58.30881
2021-09-10 04:00:00,04_08,0.0,0.1022459525683237,-7598.1875,-39.32631000000001
2021-09-10 08:00:00,08_12,0.0,0.2516213330175037,-8870.0,-19.963809999999995
2021-09-10 12:00:00,12_16,0.0,0.3360514494663517,-3511.0,-43.27381
2021-09-10 16:00:00,16_20,0.0,0.1399608947640602,-12077.25,-20.223809999999997
2021-09-10 20:00:00,20_24,0.0,0.0833988957376034,-8758.25,-27.52381
2021-09-11 00:00:00,00_04,4234.375,0.1181681770036483,4234.375,-51.10380999999999
2021-09-11 04:00:00,04_08,4631.8125,0.1375160695484238,4631.8125,-53.17880999999999
2021-09-11 08:00:00,08_12,3736.625,0.2858258180578255,3736.625,-34.15880999999999
2021-09-11 12:00:00,12_16,8650.0,0.433812032314508,11282.25,-63.15630999999999
2021-09-11 16:00:00,16_20,4470.375,0.262923567320352,4470.375,-39.12380999999999
2021-09-11 20:00:00,20_24,3225.0625,0.1605339129936738,3225.0625,-35.35880999999999
2021-09-12 00:00:00,00_04,8650.0,0.2136449699971487,11365.6875,-75.20381
2021-09-12 04:00:00,04_08,8650.0,0.217716127179618,11399.5625,-76.82381000000001
2021-09-12 08:00:00,08_12,8650.0,0.4126546076848065,13474.8125,-71.05381
2021-09-12 12:00:00,12_16,21018.0,0.5985691228235843,21854.5,-95.57631
2021-09-12 16:00:00,16_20,8650.0,0.3311728268449768,9439.0,-56.498810000000006
2021-09-12 20:00:00,20_24,3142.125,0.1651795832590127,3142.125,-42.661310000000014
2021-09-13 00:00:00,00_04,8315.8125,0.153643657091391,8315.8125,-69.45563
2021-09-13 04:00:00,04_08,0.0,0.1082917528446566,-1167.9375,-44.71813
2021-09-13 08:00:00,08_12,0.0,0.280194291701962,-2619.125,-23.76063
2021-09-13 12:00:00,12_16,3075.375,0.382891939914015,3075.375,-52.59313
2021-09-13 16:00:00,16_20,0.0,0.1335490018493199,-9476.8125,-3.0981300000000047
2021-09-13 20:00:00,20_24,0.0,0.0388948929614385,-8926.875,-18.57313
2021-09-14 00:00:00,00_04,1256.6875,0.0574801046989349,1256.6875,-69.72739999999999
2021-09-14 04:00:00,04_08,0.0,0.0553391966529787,-5977.4375,-47.64739999999999
2021-09-14 08:00:00,08_12,0.0,0.3008490812209774,-1434.25,-33.16239999999999
2021-09-14 12:00:00,12_16,6068.6875,0.4266298096793499,6068.6875,-57.3699
2021-09-14 16:00:00,16_20,0.0,0.1650072458373404,-7560.6875,-11.232399999999991
2021-09-14 20:00:00,20_24,0.0,0.1773828600510305,-1242.125,-38.029899999999984
2021-09-15 00:00:00,00_04,8650.0,0.2431844990142785,9206.9375,-67.3974
2021-09-15 04:00:00,04_08,0.0,0.1788065007737339,-100.875,-44.4799
2021-09-15 08:00:00,08_12,0.0,0.209353929059654,-8765.375,-9.617399999999996
2021-09-15 12:00:00,12_16,0.0,0.2448704593979394,-6542.5625,-19.8824
2021-09-15 16:00:00,16_20,0.0,0.1361374351519154,-10015.75,-7.697399999999995
2021-09-15 20:00:00,20_24,0.0,0.1349491135860088,-4044.4375,-26.8349
2021-09-16 00:00:00,00_04,8650.0,0.2740101610217305,10398.375,-83.44787999999997
2021-09-16 04:00:00,04_08,4055.5,0.2619421886588272,4055.5,-53.457879999999975
2021-09-16 08:00:00,08_12,190.3125,0.3418137275335079,190.3125,-17.092879999999973
2021-09-16 12:00:00,12_16,7707.4375,0.4583634248303405,7707.4375,-66.25287999999998
2021-09-16 16:00:00,16_20,2109.375,0.330007203811361,2109.375,-32.38537999999997
2021-09-16 20:00:00,20_24,1579.8125,0.2399886540339203,1579.8125,-35.362879999999976
2021-09-17 00:00:00,00_04,8318.25,0.2268400876232201,8318.25,-67.52008999999998
2021-09-17 04:00:00,04_08,0.0,0.1643465589895774,-1476.875,-37.95258999999998
2021-09-17 08:00:00,08_12,0.0,0.2680945513966964,-4983.875,-12.587589999999976
2021-09-17 12:00:00,12_16,1706.375,0.3613218851742275,1706.375,-45.39008999999998
2021-09-17 16:00:00,16_20,0.0,0.1688557592353135,-7607.5625,-21.95258999999998
2021-09-17 20:00:00,20_24,0.0,0.0760193560099992,-6008.6875,-18.602589999999985
2021-09-18 00:00:00,00_04,4911.125,0.0856267848757711,4911.125,-59.55258999999997
2021-09-18 04:00:00,04_08,4366.0,0.0938355907402543,4366.0,-64.07758999999997
2021-09-18 08:00:00,08_12,6387.4375,0.3012474351499139,6387.4375,-47.29508999999997
2021-09-18 12:00:00,12_16,8650.0,0.4131820902711283,11936.3125,-82.05758999999998
2021-09-18 16:00:00,16_20,2171.625,0.1931530286178774,2171.625,-37.965089999999975
2021-09-18 20:00:00,20_24,5970.9375,0.1900894128658242,5970.9375,-53.21008999999998
2021-09-19 00:00:00,00_04,14126.0,0.2548739745233389,14126.0,-112.11259
2021-09-19 04:00:00,04_08,13775.3125,0.2507221386286505,13775.3125,-115.55259
2021-09-19 08:00:00,08_12,16963.125,0.4523586062390305,16963.125,-109.87509
2021-09-19 12:00:00,12_16,17820.3125,0.4883574224220626,17820.3125,-112.63759000000002
2021-09-19 16:00:00,16_20,5701.625,0.2318329374705635,5701.625,-64.82759
2021-09-19 20:00:00,20_24,5008.25,0.1847856206011121,5008.25,-67.51509
2021-09-20 00:00:00,00_04,8052.1875,0.1427515238393524,8052.1875,-95.97555999999996
2021-09-20 04:00:00,04_08,0.0,0.1004575166603735,-2226.25,-56.52805999999997
2021-09-20 08:00:00,08_12,0.0,0.2011268488716605,-8287.3125,-18.43055999999998
2021-09-20 12:00:00,12_16,0.0,0.2581845017603597,-4866.5,-45.19305999999997
2021-09-20 16:00:00,16_20,0.0,0.0972778770094411,-11643.625,-14.710559999999973
2021-09-20 20:00:00,20_24,0.0,0.0460740805231046,-8411.125,-33.51805999999997
2021-09-21 00:00:00,00_04,1560.1875,0.038337399377888,1560.1875,-90.2488
2021-09-21 04:00:00,04_08,0.0,0.0574648704008598,-6319.875,-61.32879999999998
2021-09-21 08:00:00,08_12,0.0,0.2317166013885909,-6919.875,-44.14629999999998
2021-09-21 12:00:00,12_16,967.625,0.3541219349623474,967.625,-79.90129999999998
2021-09-21 16:00:00,16_20,0.0,0.1814735973897591,-6948.25,-48.886299999999984
2021-09-21 20:00:00,20_24,0.0,0.1268717821404453,-4254.75,-59.24379999999997
2021-09-22 00:00:00,00_04,8465.625,0.2213190643278081,8465.625,-115.10702
2021-09-22 04:00:00,04_08,0.0,0.1428607704809041,-2675.375,-66.20702
2021-09-22 08:00:00,08_12,0.0,0.2520322676934173,-5908.9375,-32.329519999999995
2021-09-22 12:00:00,12_16,2731.1875,0.3814026592143796,2731.1875,-75.78201999999999
2021-09-22 16:00:00,16_20,0.0,0.2220743141567311,-4986.625,-42.25702
2021-09-22 20:00:00,20_24,1217.9375,0.2348153638677589,1217.9375,-80.15952
2021-09-23 00:00:00,00_04,14946.625,0.3811274822625955,14946.625,-118.95886999999996
2021-09-23 04:00:00,04_08,8650.0,0.4121291119423647,11490.1875,-101.27636999999996
2021-09-23 08:00:00,08_12,8650.0,0.6108597661306043,17411.6875,-117.34886999999996
2021-09-23 12:00:00,12_16,32685.8125,0.8362005956544093,32685.8125,-198.53386999999995
2021-09-23 16:00:00,16_20,21091.0,0.6568513646104356,21769.375,-131.28136999999995
2021-09-23 20:00:00,20_24,21091.0,0.6195666284608531,22307.6875,-135.57636999999997
2021-09-24 00:00:00,00_04,25445.8125,0.6056015923691342,25445.8125,-144.76743999999997
2021-09-24 04:00:00,04_08,8650.0,0.3953829668015935,10623.75,-85.44243999999998
2021-09-24 08:00:00,08_12,6365.5625,0.4351365342795226,6365.5625,-61.864939999999976
2021-09-24 12:00:00,12_16,15627.0,0.5708777751592654,15627.0,-119.27243999999996
2021-09-24 16:00:00,16_20,6668.4375,0.400486406003455,6668.4375,-65.88993999999997
2021-09-24 20:00:00,20_24,8650.0,0.364348515710137,8921.375,-96.67243999999997
2021-09-25 00:00:00,00_04,8650.0,0.4110892535802934,19151.375,-101.14744000000002
2021-09-25 04:00:00,04_08,8650.0,0.2802770184071441,12884.5,-95.25244000000002
2021-09-25 08:00:00,08_12,8650.0,0.3803440463757729,10880.75,-87.02994000000001
2021-09-25 12:00:00,12_16,8650.0,0.4677151657143393,15394.5625,-101.99994000000004
2021-09-25 16:00:00,16_20,0.0,0.1280423682488166,-727.0625,-34.302440000000026
2021-09-25 20:00:00,20_24,0.0,0.0381313357674096,-1196.875,-32.66744000000002
2021-09-26 00:00:00,00_04,7738.125,0.0926459491519282,7738.125,-78.25493999999999
2021-09-26 04:00:00,04_08,8650.0,0.1372126592888075,8995.25,-91.99994
2021-09-26 08:00:00,08_12,8650.0,0.3473051698700459,11442.3125,-87.81243999999998
2021-09-26 12:00:00,12_16,8650.0,0.4546280028485325,16071.4375,-105.31744
2021-09-26 16:00:00,16_20,2952.5625,0.1787090188951384,2952.5625,-49.11993999999999
2021-09-26 20:00:00,20_24,4357.0,0.164932686216247,4357.0,-37.41993999999999
2021-09-27 00:00:00,00_04,8650.0,0.1569588647633117,9212.9375,-92.28865999999998
2021-09-27 04:00:00,04_08,0.0,0.1340716907423979,-955.5625,-62.15365999999999
2021-09-27 08:00:00,08_12,0.0,0.2661244084326611,-4741.8125,-29.118659999999984
2021-09-27 12:00:00,12_16,4169.625,0.4063053296521922,4169.625,-79.74365999999998
2021-09-27 16:00:00,16_20,0.0,0.2745885742782734,-2083.25,-39.04615999999999
2021-09-27 20:00:00,20_24,3204.625,0.2728542788843192,3204.625,-69.00615999999998
2021-09-28 00:00:00,00_04,8650.0,0.247812511113482,10688.9375,-120.98918
2021-09-28 04:00:00,04_08,0.0,0.1493182633019413,-1196.0625,-74.73418000000001
2021-09-28 08:00:00,08_12,0.0,0.2327160592155874,-7441.75,-41.634180000000015
2021-09-28 12:00:00,12_16,0.0,0.3148571744502366,-1959.5,-81.85668000000001
2021-09-28 16:00:00,16_20,0.0,0.0967336708289364,-13292.1875,-26.436680000000017
2021-09-28 20:00:00,20_24,0.0,0.0888572248554939,-7059.4375,-52.15168000000001
2021-09-29 00:00:00,00_04,7870.8125,0.2000549334922123,7870.8125,-132.40415999999996
2021-09-29 04:00:00,04_08,2690.5625,0.2219561264003017,2690.5625,-98.86915999999994
2021-09-29 08:00:00,08_12,0.0,0.3088014065702626,-1488.5625,-48.14915999999996
2021-09-29 12:00:00,12_16,7898.75,0.4544189464965919,7898.75,-123.44915999999996
2021-09-29 16:00:00,16_20,6771.1875,0.4121745454261861,6771.1875,-87.29915999999997
2021-09-29 20:00:00,20_24,8650.0,0.4796663469009589,15201.6875,-127.26165999999996
2021-09-30 00:00:00,00_04,21812.0,0.6523693477061758,28347.6875,-180.44434
2021-09-30 04:00:00,04_08,8650.0,0.562639097222775,20421.4375,-143.67933999999997
2021-09-30 08:00:00,08_12,8650.0,0.6245106923732204,19415.9375,-126.68683999999998
2021-09-30 12:00:00,12_16,21812.0,0.7002127893821705,24716.5625,-161.32183999999995
2021-09-30 16:00:00,16_20,5026.75,0.3715753646386882,5026.75,-65.41433999999997
2021-09-30 20:00:00,20_24,8650.0,0.3707845215442489,9468.625,-113.22933999999997
2021-10-01 00:00:00,00_04,20023.875,0.4985216531317223,20023.875,-192.0808700000001
2021-10-01 04:00:00,04_08,8650.0,0.4628157545644227,14415.9375,-161.70337000000006
2021-10-01 08:00:00,08_12,8650.0,0.5560014481167502,14640.75,-158.43337000000005
2021-10-01 12:00:00,12_16,23616.125,0.6853504482862087,23616.125,-203.30087000000003
2021-10-01 16:00:00,16_20,7039.0,0.4109116885084761,7039.0,-102.86087000000006
2021-10-01 20:00:00,20_24,8650.0,0.3902871004186881,10054.1875,-136.11087000000003
2021-10-02 00:00:00,00_04,15960.9375,0.3609162826162523,15960.9375,-149.15837
2021-10-02 04:00:00,04_08,8475.625,0.2083782505390064,8475.625,-128.19337
2021-10-02 08:00:00,08_12,6235.25,0.3121306533793739,6235.25,-109.06336999999998
2021-10-02 12:00:00,12_16,18746.3125,0.5298944686005519,18746.3125,-171.18087
2021-10-02 16:00:00,16_20,8650.0,0.4072374155752751,13559.25,-151.69337
2021-10-02 20:00:00,20_24,21812.0,0.6812162633939362,29619.8125,-204.90087
2021-10-03 00:00:00,00_04,41272.0,0.9210773218062296,41272.0,-255.05837
2021-10-03 04:00:00,04_08,41971.375,0.937342119022571,41971.375,-255.12087
2021-10-03 08:00:00,08_12,39153.4375,0.8911708814500804,39153.4375,-249.73587
2021-10-03 12:00:00,12_16,36419.0,0.8460074415084821,36827.1875,-238.63087
2021-10-03 16:00:00,16_20,8650.0,0.5421164275881782,21631.1875,-143.03337
2021-10-03 20:00:00,20_24,8650.0,0.4502876065105631,18374.25,-138.56837
2021-10-04 00:00:00,00_04,19932.625,0.4071413894797911,19932.625,-190.19842000000003
2021-10-04 04:00:00,04_08,5834.375,0.2453301614904405,5834.375,-122.20842000000002
2021-10-04 08:00:00,08_12,0.0,0.2420842552244723,-5362.3125,-53.87592000000003
2021-10-04 12:00:00,12_16,0.0,0.324682412406277,-784.4375,-101.30842000000004
2021-10-04 16:00:00,16_20,0.0,0.2330941113670461,-4838.375,-56.068420000000025
2021-10-04 20:00:00,20_24,1841.5,0.2443372169439645,1841.5,-93.48592000000004
2021-10-05 00:00:00,00_04,8650.0,0.2534520247288888,10230.875,-160.96558
2021-10-05 04:00:00,04_08,495.25,0.194836175161627,495.25,-120.31807999999998
2021-10-05 08:00:00,08_12,0.0,0.2392815134517064,-6270.75,-56.83057999999999
2021-10-05 12:00:00,12_16,606.3125,0.3501907398334604,606.3125,-104.91808
2021-10-05 16:00:00,16_20,0.0,0.2965102453905892,-1027.625,-76.47557999999998
2021-10-05 20:00:00,20_24,8650.0,0.3859713344097675,9756.9375,-131.42808
2021-10-06 00:00:00,00_04,19727.1875,0.4743898324446817,19727.1875,-239.42502
2021-10-06 04:00:00,04_08,8650.0,0.4048314103282178,11251.3125,-184.54252
2021-10-06 08:00:00,08_12,3455.0625,0.4030178199153911,3455.0625,-84.76752
2021-10-06 12:00:00,12_16,3139.875,0.3935427053853598,3139.875,-115.37002
2021-10-06 16:00:00,16_20,0.0,0.1772189554856705,-8783.75,-59.79502
2021-10-06 20:00:00,20_24,0.0,0.1198338791215762,-5836.5625,-78.46752000000001
2021-10-07 00:00:00,00_04,0.0,0.0504929529480211,-830.875,-66.70179000000002
2021-10-07 04:00:00,04_08,0.0,0.0157040224279479,-10729.9375,-23.799290000000028
2021-10-07 08:00:00,08_12,0.0,0.1542486168943332,-12553.625,19.51070999999999
2021-10-07 12:00:00,12_16,0.0,0.247860563053385,-5974.3125,-31.024290000000025
2021-10-07 16:00:00,16_20,0.0,0.0713661681709549,-15332.4375,35.60320999999996
2021-10-07 20:00:00,20_24,0.0,0.0566291606430599,-9703.75,-19.721790000000027
2021-10-08 00:00:00,00_04,4189.1875,0.076746028541313,4189.1875,-104.01802999999995
2021-10-08 04:00:00,04_08,0.0,0.0691851771074175,-4516.125,-61.188029999999976
2021-10-08 08:00:00,08_12,0.0,0.1903492565791004,-8738.3125,-22.87302999999997
2021-10-08 12:00:00,12_16,958.5625,0.317710476150475,958.5625,-99.26303
2021-10-08 16:00:00,16_20,0.0,0.1636712539619852,-5986.6875,-35.16052999999997
2021-10-08 20:00:00,20_24,3862.8125,0.2245135012822446,3862.8125,-80.84802999999998
2021-10-09 00:00:00,00_04,9823.0,0.2404907347079292,12262.625,-122.03552999999997
2021-10-09 04:00:00,04_08,9823.0,0.213826352913216,10897.75,-105.36052999999995
2021-10-09 08:00:00,08_12,9823.0,0.4209009824530296,14604.25,-108.82802999999998
2021-10-09 12:00:00,12_16,22985.0,0.6000966933861954,23969.8125,-172.59302999999997
2021-10-09 16:00:00,16_20,5073.6875,0.2477327660659738,5073.6875,-49.47302999999998
2021-10-09 20:00:00,20_24,8951.0,0.2713819260804251,8951.0,-110.50802999999998
2021-10-10 00:00:00,00_04,9823.0,0.2076834742366918,11089.8125,-124.74553
2021-10-10 04:00:00,04_08,7014.75,0.1260696756672654,7014.75,-115.95053
2021-10-10 08:00:00,08_12,9823.0,0.3496913359244133,11006.25,-110.01303
2021-10-10 12:00:00,12_16,18029.75,0.4901757059407541,18029.75,-166.66053
2021-10-10 16:00:00,16_20,0.0,0.1343072368613887,-517.1875,-65.57052999999999
2021-10-10 20:00:00,20_24,2317.0625,0.1374023853206441,2317.0625,-63.11802999999999
2021-10-11 00:00:00,00_04,9823.0,0.235850408774641,11976.5625,-123.12093
2021-10-11 04:00:00,04_08,2868.25,0.2121495456241277,2868.25,-75.78593
2021-10-11 08:00:00,08_12,0.0,0.3192091565533143,-596.1875,-32.27592999999999
2021-10-11 12:00:00,12_16,9168.1875,0.4642745638200183,9168.1875,-138.84842999999998
2021-10-11 16:00:00,16_20,1442.0625,0.3188858992773875,1442.0625,-53.62092999999999
2021-10-11 20:00:00,20_24,7686.375,0.3430454890740953,7686.375,-99.84842999999998
2021-10-12 00:00:00,00_04,19513.3125,0.4365001988983056,19513.3125,-155.57806999999997
2021-10-12 04:00:00,04_08,9787.1875,0.3569124225016343,9787.1875,-107.83806999999996
2021-10-12 08:00:00,08_12,0.0,0.3253335391936934,-797.4375,-22.775569999999966
2021-10-12 12:00:00,12_16,4463.4375,0.3982631621739889,4463.4375,-97.05306999999996
2021-10-12 16:00:00,16_20,0.0,0.2583375232035971,-2863.25,-40.13806999999996
2021-10-12 20:00:00,20_24,1097.0625,0.234567118772975,1097.0625,-62.175569999999965
2021-10-13 00:00:00,00_04,7238.0,0.2147536645757886,7238.0,-104.33252
2021-10-13 04:00:00,04_08,0.0,0.1735194912425557,-1414.75,-70.46252000000001
2021-10-13 08:00:00,08_12,0.0,0.2389511602642019,-5945.375,-24.33502
2021-10-13 12:00:00,12_16,118.1875,0.3319183408349037,118.1875,-75.56502
2021-10-13 16:00:00,16_20,0.0,0.1690352670961805,-8999.0625,-13.902519999999996
2021-10-13 20:00:00,20_24,0.0,0.2114644971990258,-626.5625,-72.60002
2021-10-14 00:00:00,00_04,9823.0,0.2656213796701042,10362.125,-132.20069999999998
2021-10-14 04:00:00,04_08,2248.0625,0.2360667629481417,2248.0625,-87.03319999999998
2021-10-14 08:00:00,08_12,0.0,0.2634719392019808,-5119.8125,-30.983199999999982
2021-10-14 12:00:00,12_16,1987.6875,0.3686422711604715,1987.6875,-101.7582
2021-10-14 16:00:00,16_20,1186.625,0.3342903618220206,1186.625,-64.31819999999999
2021-10-14 20:00:00,20_24,9823.0,0.4276138280382326,12289.4375,-151.52569999999997
2021-10-15 00:00:00,00_04,24424.0625,0.5568334949275803,24424.0625,-222.57733
2021-10-15 04:00:00,04_08,9823.0,0.5175570918600995,18496.1875,-181.3748300000001
2021-10-15 08:00:00,08_12,9823.0,0.5028940219239962,11569.0,-173.76233000000005
2021-10-15 12:00:00,12_16,14236.0625,0.5351032855427839,14236.0625,-210.94233000000003
2021-10-15 16:00:00,16_20,917.5,0.3040786298856721,917.5,-76.00483000000006
2021-10-15 20:00:00,20_24,2943.3125,0.2448003469737766,2943.3125,-104.07233000000004
2021-10-16 00:00:00,00_04,9823.0,0.2578744734918369,12510.0,-135.60233
2021-10-16 04:00:00,04_08,9112.4375,0.1986243895916421,9112.4375,-118.28983
2021-10-16 08:00:00,08_12,6266.4375,0.2843733674671684,6266.4375,-95.13233000000002
2021-10-16 12:00:00,12_16,14136.875,0.4295946990538364,14136.875,-174.33983
2021-10-16 16:00:00,16_20,2284.75,0.1857769881299568,2284.75,-60.77983000000001
2021-10-16 20:00:00,20_24,4271.6875,0.1667337251554566,4271.6875,-79.56483000000001
2021-10-17 00:00:00,00_04,14448.6875,0.2526573428646823,14448.6875,-160.64982999999998
2021-10-17 04:00:00,04_08,9823.0,0.207013505056705,12930.9375,-152.91733
2021-10-17 08:00:00,08_12,9585.625,0.2795903789564121,9585.625,-104.58232999999998
2021-10-17 12:00:00,12_16,9823.0,0.3856084797459702,13764.6875,-156.26232999999996
2021-10-17 16:00:00,16_20,4661.0,0.2039402979320183,4661.0,-77.08482999999998
2021-10-17 20:00:00,20_24,6702.25,0.2194773980757233,6702.25,-99.03732999999995
2021-10-18 00:00:00,00_04,9823.0,0.230891746749576,12201.1875,-154.40851999999995
2021-10-18 04:00:00,04_08,1125.0625,0.1728077839464131,1125.0625,-79.77601999999996
2021-10-18 08:00:00,08_12,0.0,0.248008094676038,-4833.3125,-33.64101999999995
2021-10-18 12:00:00,12_16,0.0,0.3240593082409171,-65.6875,-89.28601999999995
2021-10-18 16:00:00,16_20,0.0,0.1237770674940642,-11748.1875,-28.72351999999995
2021-10-18 20:00:00,20_24,0.0,0.1848799940094562,-2089.0625,-78.81601999999995
2021-10-19 00:00:00,00_04,9823.0,0.3134048169138314,13618.25,-159.06626
2021-10-19 04:00:00,04_08,5625.125,0.2802408070938791,5625.125,-114.26126000000002
2021-10-19 08:00:00,08_12,0.0,0.2996209437788781,-2413.9375,-43.95876000000002
2021-10-19 12:00:00,12_16,345.0625,0.3436268885106824,345.0625,-77.06376000000003
2021-10-19 16:00:00,16_20,2205.5,0.3475017212413694,2205.5,-85.97376000000001
2021-10-19 20:00:00,20_24,9823.0,0.4838244741650467,15281.375,-174.22376000000003
2021-10-20 00:00:00,00_04,30300.9375,0.6772351426756937,30300.9375,-245.85088
2021-10-20 04:00:00,04_08,9823.0,0.6071050064790748,23531.625,-199.57837999999995
2021-10-20 08:00:00,08_12,9823.0,0.6635499957205087,22874.9375,-165.32337999999996
2021-10-20 12:00:00,12_16,27739.5625,0.7336453945441849,27739.5625,-201.63338
2021-10-20 16:00:00,16_20,9823.0,0.6054343283428589,19839.0,-156.09837999999996
2021-10-20 20:00:00,20_24,23298.0,0.6505739978802677,25424.0,-182.33338
2021-10-21 00:00:00,00_04,27701.8125,0.6496836981241861,27701.8125,-232.55098
2021-10-21 04:00:00,04_08,22997.375,0.6159289180767187,22997.375,-192.36598
2021-10-21 08:00:00,08_12,23298.0,0.7203326490037791,26266.625,-162.49347999999998
2021-10-21 12:00:00,12_16,33426.375,0.8200859923855414,33426.375,-224.24598
2021-10-21 16:00:00,16_20,9823.0,0.645415104845536,21578.375,-173.91348
2021-10-21 20:00:00,20_24,20857.5625,0.5954186826643478,20857.5625,-187.68598
2021-10-22 00:00:00,00_04,27562.625,0.6398951195350122,27562.625,-194.94975
2021-10-22 04:00:00,04_08,9823.0,0.5904176108100698,21564.4375,-166.38225
2021-10-22 08:00:00,08_12,9823.0,0.6579313890527178,21347.9375,-168.74474999999998
2021-10-22 12:00:00,12_16,30656.3125,0.7836526469936427,30656.3125,-222.39975
2021-10-22 16:00:00,16_20,9823.0,0.5734352376637247,16735.5625,-160.89225
2021-10-22 20:00:00,20_24,17932.4375,0.5364008343373247,17932.4375,-172.51475
2021-10-23 00:00:00,00_04,23298.0,0.6244765502716612,29031.0,-181.88725
2021-10-23 04:00:00,04_08,23298.0,0.5094265032280697,23490.5625,-174.68224999999998
2021-10-23 08:00:00,08_12,9823.0,0.4361796583871821,14781.875,-111.13224999999996
2021-10-23 12:00:00,12_16,9823.0,0.4691522875029562,16473.0625,-125.38974999999996
2021-10-23 16:00:00,16_20,0.0,0.1405625548437549,-1041.8125,-31.244749999999968
2021-10-23 20:00:00,20_24,3143.3125,0.142482959084382,3143.3125,-55.91474999999998
2021-10-24 00:00:00,00_04,9823.0,0.2736490608351102,14959.9375,-134.88974999999994
2021-10-24 04:00:00,04_08,17366.3125,0.3214917277317595,17366.3125,-157.53724999999997
2021-10-24 08:00:00,08_12,9823.0,0.5124509799073255,21567.8125,-158.13474999999994
2021-10-24 12:00:00,12_16,23298.0,0.6231034743211472,26567.125,-183.49725
2021-10-24 16:00:00,16_20,9823.0,0.3172142663187844,10068.75,-110.18724999999996
2021-10-24 20:00:00,20_24,15583.0625,0.4007939515902261,15583.0625,-168.34474999999998
2021-10-25 00:00:00,00_04,18927.25,0.3923150987605536,18927.25,-170.20148
2021-10-25 04:00:00,04_08,7781.6875,0.298090474511321,7781.6875,-99.00148000000002
2021-10-25 08:00:00,08_12,2264.3125,0.3537211193450426,2264.3125,-56.91398
2021-10-25 12:00:00,12_16,3278.125,0.3695324255881381,3278.125,-79.94147999999998
2021-10-25 16:00:00,16_20,0.0,0.1949740919899886,-6968.1875,-12.06648
2021-10-25 20:00:00,20_24,539.625,0.2320074135791638,539.625,-65.98148
2021-10-26 00:00:00,00_04,9823.0,0.3125607871755514,12608.375,-134.92714
2021-10-26 04:00:00,04_08,3638.25,0.2552530365146833,3638.25,-75.71214
2021-10-26 08:00:00,08_12,0.0,0.2786053005146113,-3766.5625,-29.282140000000005
2021-10-26 12:00:00,12_16,1812.3125,0.3588502198310824,1812.3125,-76.32464000000002
2021-10-26 16:00:00,16_20,0.0,0.24711977257425,-4092.75,-37.51964000000001
2021-10-26 20:00:00,20_24,6315.4375,0.3329750485460218,6315.4375,-123.47214
2021-10-27 00:00:00,00_04,20457.8125,0.4800043890958714,20457.8125,-174.60093999999998
2021-10-27 04:00:00,04_08,9823.0,0.4091202701015595,12208.5,-127.86594
2021-10-27 08:00:00,08_12,4807.8125,0.4113693332314814,4807.8125,-67.71094
2021-10-27 12:00:00,12_16,9823.0,0.50976298749755,12146.5,-141.62594
2021-10-27 16:00:00,16_20,375.5,0.3215424567737735,375.5,-47.87093999999998
2021-10-27 20:00:00,20_24,6195.1875,0.3309003119365346,6195.1875,-95.08594
2021-10-28 00:00:00,00_04,9823.0,0.3430582450662842,13191.4375,-119.61614999999996
2021-10-28 04:00:00,04_08,3711.4375,0.2695076664683558,3711.4375,-75.06364999999997
2021-10-28 08:00:00,08_12,0.0,0.3375739121293611,146.9375,-52.37614999999997
2021-10-28 12:00:00,12_16,5804.125,0.4215933705254535,5804.125,-121.24364999999996
2021-10-28 16:00:00,16_20,0.0,0.2751512621803917,-2832.125,-46.66364999999997
2021-10-28 20:00:00,20_24,7297.0,0.3583114239324833,7297.0,-130.79114999999996
2021-10-29 00:00:00,00_04,16330.3125,0.402415668362815,16330.3125,-142.80060000000003
2021-10-29 04:00:00,04_08,8141.4375,0.3429178681032865,8141.4375,-106.4956
2021-10-29 08:00:00,08_12,5220.4375,0.4128568692691954,5220.4375,-86.72310000000002
2021-10-29 12:00:00,12_16,12127.9375,0.5050055708183477,12127.9375,-132.4356
2021-10-29 16:00:00,16_20,3554.8125,0.357973203236375,3554.8125,-62.4181
2021-10-29 20:00:00,20_24,13271.1875,0.43769475720535,13271.1875,-138.18560000000002
2021-10-30 00:00:00,00_04,16128.75,0.3995201707832888,16128.75,-124.0306
2021-10-30 04:00:00,04_08,12853.1875,0.3279088413471402,12853.1875,-119.69809999999998
2021-10-30 08:00:00,08_12,9823.0,0.4522145158051872,14851.3125,-85.9956
2021-10-30 12:00:00,12_16,21642.3125,0.564962190966312,21642.3125,-121.5156
2021-10-30 16:00:00,16_20,9823.0,0.4819694604165873,17317.5,-99.8456
2021-10-30 20:00:00,20_24,22836.0,0.5376945008573109,22836.0,-127.2881
2021-10-31 00:00:00,00_04,23298.0,0.4746640227835922,23786.3,-134.97760000000002
2021-10-31 04:00:00,04_08,19757.3125,0.3683955419208874,19757.3125,-139.10060000000004
2021-10-31 08:00:00,08_12,20823.9375,0.4990793372213978,20823.9375,-130.8306
2021-10-31 12:00:00,12_16,24080.625,0.5723948835968811,24080.625,-137.24810000000002
2021-10-31 16:00:00,16_20,23298.0,0.589814345403565,24885.9375,-125.5931
2021-10-31 20:00:00,20_24,28973.1875,0.6612878289635133,28973.1875,-142.62560000000002
2021-11-01 00:00:00,00_04,30266.5,0.6180875662190741,30266.5,-150.33996
2021-11-01 04:00:00,04_08,23298.0,0.5433042362917305,26197.75,-145.89996
2021-11-01 08:00:00,08_12,20640.75,0.5270737686547335,20640.75,-110.82996
2021-11-01 12:00:00,12_16,17929.4375,0.4922151887376515,17929.4375,-110.43246
2021-11-01 16:00:00,16_20,7942.0,0.3321216072851848,7942.0,-35.80745999999999
2021-11-01 20:00:00,20_24,9823.0,0.3336148769388387,11264.9375,-46.18745999999999
2021-11-02 00:00:00,00_04,9823.0,0.2279602621799779,10050.4375,-70.47508999999998
2021-11-02 04:00:00,04_08,0.0,0.1278988952900214,-2319.5625,-33.36758999999998
2021-11-02 08:00:00,08_12,0.0,0.1617110034799795,-11722.875,27.24991000000002
2021-11-02 12:00:00,12_16,0.0,0.1500611502804541,-12150.5625,22.38491000000002
2021-11-02 16:00:00,16_20,0.0,0.0661350530995124,-16691.75,85.39991000000003
2021-11-02 20:00:00,20_24,0.0,0.0803803212927877,-8106.625,-4.995089999999976
2021-11-03 00:00:00,00_04,3267.5,0.09237380950856,3267.5,-63.847399999999965
2021-11-03 04:00:00,04_08,0.0,0.0880150078876682,-4586.125,-43.297399999999975
2021-11-03 08:00:00,08_12,0.0,0.1566033892160003,-11185.25,13.45510000000003
2021-11-03 12:00:00,12_16,0.0,0.1175922821916787,-13153.625,11.062600000000032
2021-11-03 16:00:00,16_20,0.0,0.0509982590658221,-16498.5,46.76260000000003
2021-11-03 20:00:00,20_24,0.0,0.0547265571418019,-8439.5,-29.66739999999998
2021-11-04 00:00:00,00_04,2382.75,0.0635139698620535,2382.75,-69.78805000000001
2021-11-04 04:00:00,04_08,0.0,0.0822074820444878,-4335.25,-46.60555
2021-11-04 08:00:00,08_12,0.0,0.1323604745519908,-11496.375,-17.22305
2021-11-04 12:00:00,12_16,0.0,0.2135934808873807,-5223.0,-45.763050000000014
2021-11-04 16:00:00,16_20,0.0,0.2467092550280306,-2974.0,-28.14055000000001
2021-11-04 20:00:00,20_24,5527.1875,0.2728262532185558,5527.1875,-88.78805000000001
2021-11-05 00:00:00,00_04,11910.0,0.3480158828671214,17125.625,-104.70707000000004
2021-11-05 04:00:00,04_08,5996.9375,0.2483216335249193,5996.9375,-56.80457000000003
2021-11-05 08:00:00,08_12,0.0,0.253158134163838,-2375.4375,-19.957070000000023
2021-11-05 12:00:00,12_16,191.9375,0.2787880774851062,191.9375,-26.059570000000026
2021-11-05 16:00:00,16_20,0.0,0.2578631138226999,-221.5,-33.33207000000002
2021-11-05 20:00:00,20_24,10901.5,0.3385278591532797,10901.5,-101.61207000000002
2021-11-06 00:00:00,00_04,20718.3125,0.4288262811191778,20718.3125,-136.21706999999998
2021-11-06 04:00:00,04_08,21409.1875,0.4440413396911664,21409.1875,-131.08457
2021-11-06 08:00:00,08_12,19365.5625,0.5024963317672181,19365.5625,-129.58207
2021-11-06 12:00:00,12_16,20900.0625,0.5327207449075257,20900.0625,-136.37457
2021-11-06 16:00:00,16_20,11910.0,0.4772766619119488,17553.3125,-121.31707
2021-11-06 20:00:00,20_24,28413.5,0.6216150692257413,28413.5,-164.86207
2021-11-07 00:00:00,00_04,39542.75,0.8022290875060604,39542.75,-208.72457
2021-11-07 04:00:00,04_08,41023.4375,0.8350887313767326,41023.4375,-208.64707
2021-11-07 08:00:00,08_12,35945.125,0.7697591782881158,35945.125,-199.90457
2021-11-07 12:00:00,12_16,33823.4375,0.7349462193482297,33823.4375,-182.89957
2021-11-07 16:00:00,16_20,22959.5625,0.5587550661233796,22959.5625,-129.15457
2021-11-07 20:00:00,20_24,25014.4375,0.5659817184132673,25014.4375,-135.30707
2021-11-08 00:00:00,00_04,25961.0625,0.5174113576621848,25961.0625,-157.99805999999998
2021-11-08 04:00:00,04_08,0.0,0.3044979897407459,9120.375,-84.33305999999997
2021-11-08 08:00:00,08_12,0.0,0.2590531473478394,-3271.8125,-18.870559999999976
2021-11-08 12:00:00,12_16,0.0,0.2204425136666651,-5296.4375,-4.578059999999965
2021-11-08 16:00:00,16_20,0.0,0.094768213023137,-12853.625,55.39694000000002
2021-11-08 20:00:00,20_24,0.0,0.0746531921397197,-6935.0625,-27.54555999999998
2021-11-09 00:00:00,00_04,3776.3125,0.1041473748145492,3776.3125,-75.10282999999995
2021-11-09 04:00:00,04_08,0.0,0.1563770902271988,-219.0625,-47.59782999999996
2021-11-09 08:00:00,08_12,28.0625,0.3016953797297745,28.0625,-52.517829999999954
2021-11-09 12:00:00,12_16,4374.8125,0.3553293271849242,4374.8125,-84.52282999999997
2021-11-09 16:00:00,16_20,0.0,0.2481487795999428,-2227.375,-25.12782999999996
2021-11-09 20:00:00,20_24,7019.9375,0.2985411502751754,7019.9375,-90.27532999999995
2021-11-10 00:00:00,00_04,14578.9375,0.3009995178436129,14578.9375,-125.75594999999998
2021-11-10 04:00:00,04_08,2636.3125,0.2047492336214493,2636.3125,-61.748449999999984
2021-11-10 08:00:00,08_12,0.0,0.2736746596837923,-1653.0625,-57.00594999999999
2021-11-10 12:00:00,12_16,0.0,0.2095213983277707,-5615.3125,-27.733449999999976
2021-11-10 16:00:00,16_20,0.0,0.0627139780912434,-14257.4375,41.89655000000002
2021-11-10 20:00:00,20_24,0.0,0.0693708052433253,-5473.5625,-35.880949999999984
2021-11-11 00:00:00,00_04,1209.0625,0.0568941098464996,1209.0625,-44.97796999999999
2021-11-11 04:00:00,04_08,0.0,0.064487265895739,-5517.375,-27.210469999999997
2021-11-11 08:00:00,08_12,0.0,0.1950743273665812,-7189.9375,-4.477969999999999
2021-11-11 12:00:00,12_16,0.0,0.208585804155381,-5964.375,-27.317969999999995
2021-11-11 16:00:00,16_20,0.0,0.057110662016773,-16011.3125,30.50453000000001
2021-11-11 20:00:00,20_24,0.0,0.0494514703719965,-8206.0625,-16.66297
2021-11-12 00:00:00,00_04,3500.6875,0.0620501380868054,3500.6875,-56.88488000000001
2021-11-12 04:00:00,04_08,0.0,0.0861269204554827,-2980.4375,-42.55238
2021-11-12 08:00:00,08_12,0.0,0.1898578475392813,-6624.5625,-20.169880000000006
2021-11-12 12:00:00,12_16,0.0,0.2419289990378296,-1614.1875,-54.15738
2021-11-12 16:00:00,16_20,0.0,0.2297611371849275,-1721.0,-34.989880000000014
2021-11-12 20:00:00,20_24,10643.3125,0.3184063137568426,10643.3125,-101.87238
2021-11-13 00:00:00,00_04,13231.0,0.3593003950380032,17951.8125,-122.27988
2021-11-13 04:00:00,04_08,13231.0,0.2831945586404747,13842.0,-98.71988000000002
2021-11-13 08:00:00,08_12,2584.8125,0.2068033802408085,2584.8125,-55.119880000000016
2021-11-13 12:00:00,12_16,0.0,0.1264642200483831,-2121.0625,-44.43238
2021-11-13 16:00:00,16_20,0.0,0.0581828247902978,-7309.6875,-15.074880000000014
2021-11-13 20:00:00,20_24,0.0,0.0659882427471454,-1731.9375,-50.17238000000001
2021-11-14 00:00:00,00_04,5604.6875,0.0766507146520273,5604.6875,-51.17738
2021-11-14 04:00:00,04_08,7989.625,0.1146758323224154,7989.625,-79.88238
2021-11-14 08:00:00,08_12,3501.9375,0.1748282555566377,3501.9375,-49.24488
2021-11-14 12:00:00,12_16,3271.9375,0.1941321601028264,3271.9375,-52.87487999999999
2021-11-14 16:00:00,16_20,1539.6875,0.1876837013238252,1539.6875,-26.729879999999994
2021-11-14 20:00:00,20_24,5974.375,0.2042639973762858,5974.375,-47.64737999999999
2021-11-15 00:00:00,00_04,8860.1875,0.1625224384944258,8860.1875,-66.32696000000001
2021-11-15 04:00:00,04_08,0.0,0.1163046049410561,-1159.25,-36.79696000000001
2021-11-15 08:00:00,08_12,0.0,0.1275613090235338,-11230.5,40.54803999999999
2021-11-15 12:00:00,12_16,0.0,0.1249128280002357,-11269.1875,38.77554000000001
2021-11-15 16:00:00,16_20,0.0,0.0688093042101884,-13871.0,62.57553999999999
2021-11-15 20:00:00,20_24,0.0,0.0610056880390952,-5900.4375,-16.85446000000001
2021-11-16 00:00:00,00_04,4720.0625,0.0626112311440636,4720.0625,-69.34052
2021-11-16 04:00:00,04_08,0.0,0.0318626453016519,-5658.9375,-28.77802
2021-11-16 08:00:00,08_12,0.0,0.0582251134813199,-16118.9375,40.59198000000001
2021-11-16 12:00:00,12_16,0.0,0.0513929579619125,-16180.0,42.53698
2021-11-16 16:00:00,16_20,0.0,0.019238310173118,-17110.0,51.83448000000001
2021-11-16 20:00:00,20_24,0.0,0.0513905631502902,-6152.0,-36.71301999999999
2021-11-17 00:00:00,00_04,7700.0625,0.1240879768872531,7700.0625,-86.61545000000004
2021-11-17 04:00:00,04_08,4306.0,0.1911163320157405,4306.0,-80.96295000000002
2021-11-17 08:00:00,08_12,0.0,0.2477371608024824,-1288.375,-30.75295000000002
2021-11-17 12:00:00,12_16,2733.0,0.3034076322373992,2733.0,-61.22795000000002
2021-11-17 16:00:00,16_20,4815.8125,0.3260451348977473,4815.8125,-77.88295000000002
2021-11-17 20:00:00,20_24,13959.0,0.4000729905914914,15148.5,-155.30045
2021-11-18 00:00:00,00_04,22772.875,0.4515650425959606,22772.875,-188.81067
2021-11-18 04:00:00,04_08,13959.0,0.3914674017565228,14391.125,-132.39567
2021-11-18 08:00:00,08_12,7811.625,0.4003224006227628,7811.625,-76.06317000000001
2021-11-18 12:00:00,12_16,11908.125,0.4566518629496852,11908.125,-126.14567
2021-11-18 16:00:00,16_20,12594.125,0.4613405310410147,12594.125,-131.13317
2021-11-18 20:00:00,20_24,23093.3125,0.5500881913506608,23093.3125,-193.57817000000003
2021-11-19 00:00:00,00_04,29763.0,0.605206491888799,29763.0,-201.16155000000003
2021-11-19 04:00:00,04_08,13959.0,0.5013944863264478,20411.5,-166.57405
2021-11-19 08:00:00,08_12,10739.75,0.4469823528427519,10739.75,-99.14155000000002
2021-11-19 12:00:00,12_16,11271.875,0.4521517876804948,11271.875,-105.03905000000005
2021-11-19 16:00:00,16_20,6784.75,0.3868764895642911,6784.75,-87.51655000000002
2021-11-19 20:00:00,20_24,13959.0,0.4210196890631449,15183.9375,-159.40405000000004
2021-11-20 00:00:00,00_04,23426.4375,0.4427727035524821,23426.4375,-161.32155
2021-11-20 04:00:00,04_08,21389.5,0.4073179861743452,21389.5,-158.39905
2021-11-20 08:00:00,08_12,13959.0,0.3935488364096169,15156.25,-128.29154999999997
2021-11-20 12:00:00,12_16,13959.0,0.4328014635110795,17355.4375,-146.10655
2021-11-20 16:00:00,16_20,13582.9375,0.3778388031898417,13582.9375,-102.97905
2021-11-20 20:00:00,20_24,22150.125,0.4521613138111544,22150.125,-169.13155
2021-11-21 00:00:00,00_04,27260.0,0.51501290907313,29219.125,-178.26405
2021-11-21 04:00:00,04_08,25083.3125,0.4233382488932754,25083.3125,-175.07654999999997
2021-11-21 08:00:00,08_12,13959.0,0.3352606269103097,15231.3125,-108.08655
2021-11-21 12:00:00,12_16,12762.0625,0.3087097361997867,12762.0625,-69.17654999999999
2021-11-21 16:00:00,16_20,7111.9375,0.2341107028702274,7111.9375,-23.276549999999983
2021-11-21 20:00:00,20_24,12526.625,0.2714186733441112,12526.625,-106.35154999999996
2021-11-22 00:00:00,00_04,13959.0,0.2178588208299643,14196.4375,-102.20369999999996
2021-11-22 04:00:00,04_08,0.0,0.1699168790768138,3825.625,-43.13619999999997
2021-11-22 08:00:00,08_12,0.0,0.182992789284433,-5949.0625,31.876300000000043
2021-11-22 12:00:00,12_16,0.0,0.1938598708049329,-5436.25,2.0038000000000338
2021-11-22 16:00:00,16_20,0.0,0.1685530298779697,-6508.25,34.60880000000003
2021-11-22 20:00:00,20_24,6275.625,0.2611761424917893,6275.625,-62.153699999999965
2021-11-23 00:00:00,00_04,13959.0,0.3520134510084438,18169.1875,-97.70170999999998
2021-11-23 04:00:00,04_08,0.0,0.2702280767001963,7800.25,-55.80670999999997
2021-11-23 08:00:00,08_12,0.0,0.2336923343879495,-3282.5,20.963290000000043
2021-11-23 12:00:00,12_16,0.0,0.2035823739779409,-5282.4375,20.46829000000003
2021-11-23 16:00:00,16_20,0.0,0.1376771515563051,-9063.4375,76.19329000000002
2021-11-23 20:00:00,20_24,0.0,0.1489344184558369,-1050.5625,-17.254209999999972
2021-11-24 00:00:00,00_04,6104.5625,0.1675789533508331,6104.5625,-85.11019999999999
2021-11-24 04:00:00,04_08,0.0,0.1295857099192349,-2459.75,-34.48019999999998
2021-11-24 08:00:00,08_12,0.0,0.1544363908141609,-9916.875,61.07730000000002
2021-11-24 12:00:00,12_16,0.0,0.1726521043768072,-8540.125,51.26980000000002
2021-11-24 16:00:00,16_20,0.0,0.1144222602094668,-12251.1875,83.72980000000001
2021-11-24 20:00:00,20_24,0.0,0.1323357734200396,-3700.5625,-30.812699999999985
2021-11-25 00:00:00,00_04,5911.625,0.1369444344800373,5911.625,-72.81535000000005
2021-11-25 04:00:00,04_08,0.0,0.1251581925497824,-1427.8125,-13.212850000000053
2021-11-25 08:00:00,08_12,0.0,0.2002811554752922,-5936.125,40.99714999999996
2021-11-25 12:00:00,12_16,0.0,0.2789023837658703,296.9375,19.429649999999956
2021-11-25 16:00:00,16_20,0.0,0.2926417988545706,1680.875,-15.930350000000049
2021-11-25 20:00:00,20_24,10749.5,0.3441378868117339,10749.5,-123.50785000000003
2021-11-26 00:00:00,00_04,12756.3125,0.2616314687608536,12756.3125,-118.33101000000003
2021-11-26 04:00:00,04_08,3417.0625,0.1930726896164501,3417.0625,-71.33601000000004
2021-11-26 08:00:00,08_12,0.0,0.2432448905325391,-1745.25,-6.518510000000042
2021-11-26 12:00:00,12_16,3116.0625,0.3035466367191475,3116.0625,-75.06601000000003
2021-11-26 16:00:00,16_20,6124.625,0.3459909542468427,6124.625,-80.41351000000003
2021-11-26 20:00:00,20_24,14526.0,0.4000110361945535,15005.8125,-147.26851000000005
2021-11-27 00:00:00,00_04,14526.0,0.3738639615547814,19906.0,-115.09101000000004
2021-11-27 04:00:00,04_08,14370.9375,0.2797994184536472,14370.9375,-91.61351000000003
2021-11-27 08:00:00,08_12,3732.0625,0.2159568939412539,3732.0625,-44.033510000000064
2021-11-27 12:00:00,12_16,706.5,0.1674027266577699,706.5,-43.31851000000005
2021-11-27 16:00:00,16_20,0.0,0.1115073005117232,-3700.9375,-11.066010000000064
2021-11-27 20:00:00,20_24,2177.25,0.1068242592669934,2177.25,-55.92101000000005
2021-11-28 00:00:00,00_04,9706.5,0.1093100421837842,9706.5,-74.78351
2021-11-28 04:00:00,04_08,10224.875,0.1093374417216513,10224.875,-83.65351000000001
2021-11-28 08:00:00,08_12,5737.3125,0.1493057767943512,5737.3125,-63.13351
2021-11-28 12:00:00,12_16,5334.625,0.1556658399139204,5334.625,-59.87101
2021-11-28 16:00:00,16_20,582.375,0.1225185021255018,582.375,-25.75851
2021-11-28 20:00:00,20_24,5806.0625,0.1542913759554685,5806.0625,-62.73101
2021-11-29 00:00:00,00_04,10571.375,0.1518984400415162,10571.375,-118.90184000000004
2021-11-29 04:00:00,04_08,0.0,0.1579128261209186,2783.3125,-61.41934000000006
2021-11-29 08:00:00,08_12,0.0,0.1903784998180543,-5937.25,46.37815999999994
2021-11-29 12:00:00,12_16,0.0,0.1804315310135018,-6894.5625,65.75565999999993
2021-11-29 16:00:00,16_20,0.0,0.1407625199839514,-9537.0625,121.74315999999996
2021-11-29 20:00:00,20_24,0.0,0.2073921192132992,2019.75,-47.91684000000004
2021-11-30 00:00:00,00_04,27237.0625,0.5317473742299641,27237.0625,-181.05968
2021-11-30 04:00:00,04_08,28295.0,0.6618924081954832,31178.625,-200.88468
2021-11-30 08:00:00,08_12,22776.125,0.6053216025330869,22776.125,-177.86967999999996
2021-11-30 12:00:00,12_16,14526.0,0.6099009662728408,23263.4375,-160.88467999999995
2021-11-30 16:00:00,16_20,14526.0,0.5140633109352044,16345.3125,-80.75967999999997
2021-11-30 20:00:00,20_24,12535.25,0.3799671918286839,12535.25,-110.96468
2021-12-01 00:00:00,00_04,14526.0,0.4907805323293442,23423.4375,-174.1609
2021-12-01 04:00:00,04_08,25686.0625,0.5931572685523657,25686.0625,-178.8234
2021-12-01 08:00:00,08_12,25355.9375,0.6391496498502669,25355.9375,-187.5634
2021-12-01 12:00:00,12_16,26271.625,0.6499020282017278,26271.625,-195.2609
2021-12-01 16:00:00,16_20,23566.375,0.6129773466130238,23566.375,-192.5584
2021-12-01 20:00:00,20_24,30525.0,0.668142301656478,30525.0,-208.9884
2021-12-02 00:00:00,00_04,34522.875,0.6846109799611274,34522.875,-238.65805
2021-12-02 04:00:00,04_08,14526.0,0.4241782551571506,14735.25,-146.37305
2021-12-02 08:00:00,08_12,0.0,0.3091550733751427,-1443.5,-54.04805
2021-12-02 12:00:00,12_16,0.0,0.2517712604494128,-5461.6875,-23.033050000000003
2021-12-02 16:00:00,16_20,0.0,0.1921019944142533,-8084.4375,43.901950000000014
2021-12-02 20:00:00,20_24,5791.5625,0.275276496807923,5791.5625,-93.30304999999998
2021-12-03 00:00:00,00_04,14526.0,0.364698430416304,15775.5,-147.29462000000004
2021-12-03 04:00:00,04_08,13518.75,0.3956129779102773,13518.75,-109.94962000000004
2021-12-03 08:00:00,08_12,9123.8125,0.4409663173105138,9123.8125,-70.94212000000002
2021-12-03 12:00:00,12_16,14526.0,0.5101708610781415,15108.625,-133.70462000000003
2021-12-03 16:00:00,16_20,13963.3125,0.4953326355453213,13963.3125,-124.75462000000005
2021-12-03 20:00:00,20_24,19074.0625,0.4985633414800133,19074.0625,-159.89462000000003
2021-12-04 00:00:00,00_04,14526.0,0.403286369987991,21259.5,-119.51962000000002
2021-12-04 04:00:00,04_08,11996.5,0.2310524031128065,11996.5,-80.86962000000003
2021-12-04 08:00:00,08_12,675.3125,0.1613871091503987,675.3125,-38.12962000000002
2021-12-04 12:00:00,12_16,548.0,0.1564999055718783,548.0,-49.057120000000026
2021-12-04 16:00:00,16_20,643.625,0.1740248537508428,643.625,-48.12212000000002
2021-12-04 20:00:00,20_24,11612.9375,0.2619745225866536,11612.9375,-114.03712000000002
2021-12-05 00:00:00,00_04,25676.0,0.4447988663253165,25676.0,-185.22961999999995
2021-12-05 04:00:00,04_08,24691.8125,0.4206683825357678,24691.8125,-185.84462
2021-12-05 08:00:00,08_12,14526.0,0.337468504704161,14868.5,-129.47461999999996
2021-12-05 12:00:00,12_16,9508.0625,0.2605246238345289,9508.0625,-68.37961999999995
2021-12-05 16:00:00,16_20,3740.9375,0.1948392425200855,3740.9375,-28.744619999999948
2021-12-05 20:00:00,20_24,8060.0,0.2052485479283397,8060.0,-78.96711999999997
2021-12-06 00:00:00,00_04,11739.8125,0.1849744935419819,11739.8125,-88.31611999999998
2021-12-06 04:00:00,04_08,0.0,0.126865974970585,613.6875,-31.026119999999977
2021-12-06 08:00:00,08_12,0.0,0.1391400064348264,-9907.4375,89.13388000000003
2021-12-06 12:00:00,12_16,0.0,0.1621798056390813,-8447.5625,46.78888000000002
2021-12-06 16:00:00,16_20,0.0,0.1976618460777724,-5970.0625,15.568880000000014
2021-12-06 20:00:00,20_24,6577.0625,0.2928877680439523,6577.0625,-77.32111999999998
2021-12-07 00:00:00,00_04,14526.0,0.4057995655497864,20397.0,-151.66606999999996
2021-12-07 04:00:00,04_08,0.0,0.308913583069336,9311.25,-80.26106999999996
2021-12-07 08:00:00,08_12,0.0,0.2483492324538045,-3499.0,20.968930000000043
2021-12-07 12:00:00,12_16,0.0,0.2135267168794534,-5941.875,14.088930000000047
2021-12-07 16:00:00,16_20,0.0,0.2252283988354545,-5001.625,-12.90356999999996
2021-12-07 20:00:00,20_24,13658.5,0.4096721977268178,13658.5,-124.47606999999996
2021-12-08 00:00:00,00_04,30915.1875,0.6170649811921053,30915.1875,-214.79294000000004
2021-12-08 04:00:00,04_08,14526.0,0.5072313649852516,21207.625,-173.65044000000003
2021-12-08 08:00:00,08_12,5553.4375,0.3653775097024415,5553.4375,-75.12294000000001
2021-12-08 12:00:00,12_16,0.0,0.2771314058912798,-1159.875,-59.09544000000002
2021-12-08 16:00:00,16_20,0.0,0.2201134924776766,-5378.8125,-21.572940000000003
2021-12-08 20:00:00,20_24,2190.8125,0.2198726558855013,2190.8125,-88.87294000000001
2021-12-09 00:00:00,00_04,7055.875,0.1931203240643667,7055.875,-115.29746999999998
2021-12-09 04:00:00,04_08,0.0,0.1527729412051601,-2012.75,-62.37996999999997
2021-12-09 08:00:00,08_12,0.0,0.145214232053739,-11090.4375,41.57253000000003
2021-12-09 12:00:00,12_16,0.0,0.1480885915643389,-10540.8125,39.53753000000002
2021-12-09 16:00:00,16_20,0.0,0.1613605779294847,-9073.6875,42.25253000000002
2021-12-09 20:00:00,20_24,427.9375,0.2054884660033485,427.9375,-74.16746999999998
2021-12-10 00:00:00,00_04,10874.5625,0.2132906155931487,10874.5625,-131.78349000000003
2021-12-10 04:00:00,04_08,2924.0625,0.1858454144745035,2924.0625,-81.01349000000003
2021-12-10 08:00:00,08_12,0.0,0.1977758976186748,-7437.125,-15.07849000000003
2021-12-10 12:00:00,12_16,0.0,0.1459224977644898,-9788.75,-51.63599000000003
2021-12-10 16:00:00,16_20,0.0,0.1138939728236357,-10833.6875,-15.583490000000012
2021-12-10 20:00:00,20_24,0.0,0.1146903573390197,-2030.4375,-66.06349000000003
2021-12-11 00:00:00,00_04,4365.3125,0.060383639687818,4365.3125,-95.25349
2021-12-11 04:00:00,04_08,5193.1875,0.0651977434431403,5193.1875,-89.50349
2021-12-11 08:00:00,08_12,0.0,0.1141029907241795,-473.625,-19.235989999999987
2021-12-11 12:00:00,12_16,2874.5625,0.1718399246469902,2874.5625,-49.03099
2021-12-11 16:00:00,16_20,3027.0625,0.1974446184422679,3027.0625,-42.42099
2021-12-11 20:00:00,20_24,12828.625,0.2741906907861861,12828.625,-125.89099
2021-12-12 00:00:00,00_04,14526.0,0.3277366607273761,20532.25,-187.28349000000003
2021-12-12 04:00:00,04_08,24139.75,0.4006898375974586,24139.75,-200.71349
2021-12-12 08:00:00,08_12,14526.0,0.4083012439843004,19832.125,-149.50349
2021-12-12 12:00:00,12_16,14526.0,0.3387989771453844,15461.3125,-98.36599
2021-12-12 16:00:00,16_20,6744.25,0.2216797215797872,6744.25,-33.91849000000001
2021-12-12 20:00:00,20_24,8449.0625,0.1934533428624753,8449.0625,-76.40349
2021-12-13 00:00:00,00_04,14526.0,0.2362333418784622,16060.8125,-153.89256
2021-12-13 04:00:00,04_08,0.0,0.1971506944369152,6463.25,-88.13756
2021-12-13 08:00:00,08_12,0.0,0.1660438917298489,-6301.8125,18.08994
2021-12-13 12:00:00,12_16,0.0,0.1750611728626982,-6402.0,11.709940000000003
2021-12-13 16:00:00,16_20,0.0,0.1644375809574216,-7246.875,21.59744000000001
2021-12-13 20:00:00,20_24,3697.6875,0.2186562824837606,3697.6875,-77.79256
2021-12-14 00:00:00,00_04,14526.0,0.3190755342460622,18658.6875,-177.02824000000007
2021-12-14 04:00:00,04_08,8538.0625,0.2538408871043461,8538.0625,-111.91574000000004
2021-12-14 08:00:00,08_12,0.0,0.1637969856372225,-7256.5,25.98175999999995
2021-12-14 12:00:00,12_16,0.0,0.1166701525788083,-10870.9375,36.39925999999996
2021-12-14 16:00:00,16_20,0.0,0.0860931048175354,-13282.375,47.59175999999995
2021-12-14 20:00:00,20_24,0.0,0.1444632441116362,-1076.625,-60.70074000000007
2021-12-15 00:00:00,00_04,14526.0,0.2620353450406913,14680.8125,-145.94649999999996
2021-12-15 04:00:00,04_08,8490.1875,0.2549443611396101,8490.1875,-90.41399999999996
2021-12-15 08:00:00,08_12,0.0,0.2566133138207677,-276.5,-22.851499999999973
2021-12-15 12:00:00,12_16,391.0625,0.2649309757469547,391.0625,-14.543999999999954
2021-12-15 16:00:00,16_20,0.0,0.2248883043262852,-1916.375,4.68100000000004
2021-12-15 20:00:00,20_24,6384.3125,0.2402324764332854,6384.3125,-80.38649999999997
2021-12-16 00:00:00,00_04,14526.0,0.2542460284660015,14962.125,-139.19450999999998
2021-12-16 04:00:00,04_08,0.0,0.1630315269711394,3502.0,-58.007009999999966
2021-12-16 08:00:00,08_12,0.0,0.1173045399537107,-8206.625,43.28049000000003
2021-12-16 12:00:00,12_16,0.0,0.1138997702404513,-8119.625,29.495490000000032
2021-12-16 16:00:00,16_20,0.0,0.0928081673145999,-9781.625,48.815490000000025
2021-12-16 20:00:00,20_24,0.0,0.1182799844131271,-148.1875,-60.25450999999998
2021-12-17 00:00:00,00_04,10768.375,0.1620221449729613,10768.375,-116.56514000000004
2021-12-17 04:00:00,04_08,0.0,0.1275682109204924,2623.375,-73.61014000000003
2021-12-17 08:00:00,08_12,0.0,0.1205626417677402,-8684.875,22.477359999999976
2021-12-17 12:00:00,12_16,0.0,0.1237106592140755,-7782.25,-6.972640000000027
2021-12-17 16:00:00,16_20,0.0,0.0875664296734876,-9130.375,13.699859999999989
2021-12-17 20:00:00,20_24,0.0,0.0923488594073422,-150.9375,-74.20014000000003
2021-12-18 00:00:00,00_04,11018.5,0.1122679963749745,11018.5,-100.05764
2021-12-18 04:00:00,04_08,11929.4375,0.138151021200662,11929.4375,-111.41014
2021-12-18 08:00:00,08_12,6435.125,0.193374992918742,6435.125,-57.88514000000001
2021-12-18 12:00:00,12_16,10333.125,0.2690768247315548,10333.125,-95.36264
2021-12-18 16:00:00,16_20,11309.9375,0.3032367524765805,11309.9375,-95.58014
2021-12-18 20:00:00,20_24,14526.0,0.4331286938305126,23013.25,-257.66014
2021-12-19 00:00:00,00_04,28295.0,0.6166754820406789,35272.25,-314.18514
2021-12-19 04:00:00,04_08,37731.75,0.674410137697934,37731.75,-344.07764000000003
2021-12-19 08:00:00,08_12,28295.0,0.5930677075087024,30543.3125,-295.05514
2021-12-19 12:00:00,12_16,28295.0,0.5729632286040285,29155.625,-289.53264
2021-12-19 16:00:00,16_20,14526.0,0.4242197651734944,20225.875,-203.54764
2021-12-19 20:00:00,20_24,14526.0,0.3077888341761242,16820.5,-133.00764
2021-12-20 00:00:00,00_04,14526.0,0.2541521081633499,18957.1875,-239.88694000000004
2021-12-20 04:00:00,04_08,0.0,0.1737113899888082,7259.1875,-147.00694000000004
2021-12-20 08:00:00,08_12,0.0,0.1726516812021856,-3295.0,4.953059999999951
2021-12-20 12:00:00,12_16,0.0,0.1548719346651293,-4644.25,-7.521940000000043
2021-12-20 16:00:00,16_20,0.0,0.0587375573856472,-10886.75,60.87305999999997
2021-12-20 20:00:00,20_24,0.0,0.0533847974078715,-3144.5625,-31.08944000000004
2021-12-21 00:00:00,00_04,5219.6875,0.0455410448464233,5219.6875,-126.26796000000002
2021-12-21 04:00:00,04_08,0.0,0.0342420877290394,-1643.0625,-47.45045999999999
2021-12-21 08:00:00,08_12,0.0,0.1002497288436357,-8831.1875,83.14704
2021-12-21 12:00:00,12_16,0.0,0.1296200397754505,-6535.4375,56.04953999999999
2021-12-21 16:00:00,16_20,0.0,0.0463478147009518,-11927.1875,151.40204
2021-12-21 20:00:00,20_24,0.0,0.0670821179824317,-2800.9375,-36.63296
2021-12-22 00:00:00,00_04,7268.0,0.0748610232809066,7268.0,-145.07888000000003
2021-12-22 04:00:00,04_08,0.0,0.0813494469369333,1572.25,-85.06388000000004
2021-12-22 08:00:00,08_12,0.0,0.1611714802987438,-3698.75,0.4861199999999854
2021-12-22 12:00:00,12_16,0.0,0.1799209192664112,-1680.4375,-43.38638000000002
2021-12-22 16:00:00,16_20,0.0,0.092772003604118,-7261.25,12.088619999999976
2021-12-22 20:00:00,20_24,2784.6875,0.1392349003702442,2784.6875,-149.21388000000002
2021-12-23 00:00:00,00_04,12771.875,0.1823701089744984,12771.875,-182.98096
2021-12-23 04:00:00,04_08,8142.0,0.1906579456605504,8142.0,-117.76346
2021-12-23 08:00:00,08_12,3330.625,0.2511338400425385,3330.625,-62.13345999999999
2021-12-23 12:00:00,12_16,8758.5,0.3250420864918197,8758.5,-152.52846
2021-12-23 16:00:00,16_20,10473.375,0.3528009615062321,10473.375,-158.11595999999997
2021-12-23 20:00:00,20_24,14526.0,0.4538297747011687,21417.5625,-317.24346
2021-12-24 00:00:00,00_04,28295.0,0.5612491032391678,32452.5,-272.91846
2021-12-24 04:00:00,04_08,14526.0,0.4730467538051755,27128.375,-256.34596
2021-12-24 08:00:00,08_12,14526.0,0.3886243438732477,18045.3125,-161.37846000000002
2021-12-24 12:00:00,12_16,14526.0,0.4048677204077581,19174.8125,-143.19346
2021-12-24 16:00:00,16_20,14526.0,0.3315824185651367,15338.9375,-114.40596
2021-12-24 20:00:00,20_24,14526.0,0.2337336056435101,14910.3125,-113.03596000000002
2021-12-25 00:00:00,00_04,14515.0,0.1797778385449385,17834.1875,-145.80846000000005
2021-12-25 04:00:00,04_08,14515.0,0.1974775016094739,19560.0625,-184.03096000000005
2021-12-25 08:00:00,08_12,14515.0,0.2405746991085512,15836.375,-110.16596000000004
2021-12-25 12:00:00,12_16,14515.0,0.2301003575694495,14930.125,-91.46846000000004
2021-12-25 16:00:00,16_20,10705.9375,0.1902051478839395,10705.9375,-78.31846000000004
2021-12-25 20:00:00,20_24,14515.0,0.2249410120858671,15212.75,-100.83846000000004
2021-12-26 00:00:00,00_04,14515.0,0.254767724654076,22294.875,-153.68596000000002
2021-12-26 04:00:00,04_08,14515.0,0.2909902125987134,24666.9375,-171.35595999999998
2021-12-26 08:00:00,08_12,14515.0,0.3411537157783494,21539.3125,-118.64346
2021-12-26 12:00:00,12_16,14515.0,0.3284905984175731,19745.25,-114.31096
2021-12-26 16:00:00,16_20,14515.0,0.3562282874818848,19171.5625,-101.38346
2021-12-26 20:00:00,20_24,14515.0,0.4219064492110348,23740.5625,-161.47596
2021-12-27 00:00:00,00_04,27801.3125,0.4597373249664244,27801.3125,-227.69794
2021-12-27 04:00:00,04_08,14515.0,0.3963030387900854,20991.8125,-208.85044
2021-12-27 08:00:00,08_12,11053.25,0.3489017567965453,11053.25,-121.76044
2021-12-27 12:00:00,12_16,9473.6875,0.3241599067315411,9473.6875,-117.10544
2021-12-27 16:00:00,16_20,8755.25,0.3131622677342081,8755.25,-116.14044
2021-12-27 20:00:00,20_24,14515.0,0.4081932539989441,19516.375,-195.17544
2021-12-28 00:00:00,00_04,27445.0625,0.4880857276307494,27445.0625,-258.54125
2021-12-28 04:00:00,04_08,22117.9375,0.4400695813148151,22117.9375,-246.92125000000004
2021-12-28 08:00:00,08_12,14515.0,0.4356185597827659,15935.6875,-177.29625000000004
2021-12-28 12:00:00,12_16,14515.0,0.5072751804588623,20813.5,-204.31125000000003
2021-12-28 16:00:00,16_20,14515.0,0.4507944397469364,17157.5625,-177.71125000000006
2021-12-28 20:00:00,20_24,14515.0,0.4020401712978214,18934.875,-187.40625000000009
2021-12-29 00:00:00,00_04,18517.625,0.3104311152408345,18517.625,-196.26753
2021-12-29 04:00:00,04_08,11757.4375,0.2485108775940806,11757.4375,-158.99253000000004
2021-12-29 08:00:00,08_12,1277.125,0.1974127584255693,1277.125,-90.89003000000002
2021-12-29 12:00:00,12_16,1765.4375,0.1973237171408038,1765.4375,-89.66503000000002
2021-12-29 16:00:00,16_20,5602.6875,0.2634831951284368,5602.6875,-107.15003000000002
2021-12-29 20:00:00,20_24,14515.0,0.4572951711022905,21231.0,-186.80003
2021-12-30 00:00:00,00_04,30306.0625,0.5520017809622343,30306.0625,-236.81243
2021-12-30 04:00:00,04_08,27644.375,0.5348120103816939,27644.375,-226.28493
2021-12-30 08:00:00,08_12,18717.375,0.4834485556150411,18717.375,-184.07243
2021-12-30 12:00:00,12_16,23813.8125,0.5692316635726348,23813.8125,-195.93743
2021-12-30 16:00:00,16_20,24102.25,0.5742342661268988,24102.25,-195.25493
2021-12-30 20:00:00,20_24,30481.875,0.6185530798085972,30481.875,-212.36993
2021-12-31 00:00:00,00_04,43219.0,0.7954212022704639,43219.0,-247.79743
2021-12-31 04:00:00,04_08,40912.0,0.7540866583798891,40912.0,-249.25243
2021-12-31 08:00:00,08_12,35962.0,0.7049175446292056,35962.0,-246.21243
2021-12-31 12:00:00,12_16,38962.6875,0.7625239161685193,38962.6875,-232.72493
2021-12-31 16:00:00,16_20,36030.25,0.7177201164961804,36030.25,-200.30243
2021-12-31 20:00:00,20_24,40848.0625,0.7715261590714952,40848.0625,-246.30743
2022-01-01 00:00:00,00_04,41756.125,0.7421032387587833,41756.125,-179.30492999999998
2022-01-01 04:00:00,04_08,39186.4375,0.6535075181521925,39186.4375,-184.01493
2022-01-01 08:00:00,08_12,29815.625,0.4932887338979432,29815.625,-154.16992999999997
2022-01-01 12:00:00,12_16,23390.25,0.3943159195441751,23390.25,-126.89243
2022-01-01 16:00:00,16_20,14515.0,0.3178290367019433,17494.75,-83.52492999999997
2022-01-01 20:00:00,20_24,26480.375,0.4554275786286514,26480.375,-122.54242999999995
2022-01-02 00:00:00,00_04,31421.0625,0.5365670919322998,31421.0625,-173.32493
2022-01-02 04:00:00,04_08,31577.0,0.5393807224717143,31577.0,-186.75743
2022-01-02 08:00:00,08_12,29721.5,0.568617702920883,29721.5,-160.39243
2022-01-02 12:00:00,12_16,35783.1875,0.6999618774711979,35783.1875,-176.56492999999998
2022-01-02 16:00:00,16_20,35409.625,0.7075612288121643,35409.625,-172.31242999999995
2022-01-02 20:00:00,20_24,37328.125,0.7260533393748221,37328.125,-176.84492999999998
2022-01-03 00:00:00,00_04,41752.0625,0.7833214493473,41752.0625,-227.83826
2022-01-03 04:00:00,04_08,37348.1875,0.7309675930369132,37348.1875,-196.22576000000004
2022-01-03 08:00:00,08_12,27719.0,0.661051883034531,29782.0,-123.33076
2022-01-03 12:00:00,12_16,27719.0,0.6705593557188918,30256.75,-142.05576000000002
2022-01-03 16:00:00,16_20,14515.0,0.5642169915911602,22904.0625,-95.72326
2022-01-03 20:00:00,20_24,24878.125,0.5524085091670903,24878.125,-123.98326000000002
2022-01-04 00:00:00,00_04,23302.9375,0.4466360894893659,23302.9375,-125.20272
2022-01-04 04:00:00,04_08,9202.5,0.2566637250076432,9202.5,-91.40522
2022-01-04 08:00:00,08_12,0.0,0.1820007932313368,-3760.0,-45.22521999999999
2022-01-04 12:00:00,12_16,0.0,0.2281475254922644,-628.5625,-50.03271999999998
2022-01-04 16:00:00,16_20,2281.3125,0.2738253834082414,2281.3125,-50.40271999999999
2022-01-04 20:00:00,20_24,14439.1875,0.3934663800548835,14439.1875,-97.39772
2022-01-05 00:00:00,00_04,25736.5,0.5068203724589765,25736.5,-184.92545
2022-01-05 04:00:00,04_08,27719.0,0.5869203182499659,27808.875,-181.99295
2022-01-05 08:00:00,08_12,23239.5625,0.596687223898876,23239.5625,-166.68045
2022-01-05 12:00:00,12_16,24373.8125,0.6151675923287062,24373.8125,-170.72545000000002
2022-01-05 16:00:00,16_20,14515.0,0.523542167932753,18205.5,-135.29545000000002
2022-01-05 20:00:00,20_24,20747.1875,0.4988504850172877,20747.1875,-166.44295000000002
2022-01-06 00:00:00,00_04,26573.25,0.5007359622246876,26573.25,-173.27202999999997
2022-01-06 04:00:00,04_08,14515.0,0.3303855325914149,14990.5,-107.08452999999996
2022-01-06 08:00:00,08_12,2100.3125,0.2418234748962964,2100.3125,-56.64952999999998
2022-01-06 12:00:00,12_16,0.0,0.207507388401458,-520.0,-58.44702999999998
2022-01-06 16:00:00,16_20,0.0,0.1439172751652656,-5524.375,-19.20952999999998
2022-01-06 20:00:00,20_24,9427.1875,0.2945014046977727,9427.1875,-94.47952999999998
2022-01-07 00:00:00,00_04,23733.0,0.4668342104674872,23733.0,-169.82486999999998
2022-01-07 04:00:00,04_08,14515.0,0.5068531772550058,23413.125,-155.43487
2022-01-07 08:00:00,08_12,14515.0,0.4902073488421616,16744.5625,-120.32236999999998
2022-01-07 12:00:00,12_16,13870.125,0.4535181183272748,13870.125,-109.95736999999998
2022-01-07 16:00:00,16_20,8452.8125,0.3751309955663039,8452.8125,-48.89986999999997
2022-01-07 20:00:00,20_24,12406.875,0.3614641923911599,12406.875,-89.78486999999998
2022-01-08 00:00:00,00_04,14515.0,0.3076796519155151,17865.0625,-110.88237
2022-01-08 04:00:00,04_08,14515.0,0.3056201540611301,17642.75,-106.04487
2022-01-08 08:00:00,08_12,12256.5625,0.3298043537062706,12256.5625,-49.03987000000002
2022-01-08 12:00:00,12_16,14515.0,0.4303727076759661,17867.75,-90.84737
2022-01-08 16:00:00,16_20,14515.0,0.4819322329046354,20221.9375,-106.30237000000002
2022-01-08 20:00:00,20_24,27719.0,0.625091914435204,31087.0,-172.58237
2022-01-09 00:00:00,00_04,36741.125,0.701818674822089,36741.125,-194.34237
2022-01-09 04:00:00,04_08,34947.25,0.6556938323781756,34947.25,-205.95987
2022-01-09 08:00:00,08_12,14004.0,0.5351728132045421,25754.875,-145.22736999999998
2022-01-09 12:00:00,12_16,14004.0,0.414767664049442,18036.1875,-98.29487
2022-01-09 16:00:00,16_20,6606.0,0.2563569339431192,6606.0,-46.07486999999998
2022-01-09 20:00:00,20_24,4269.6875,0.1784524612050319,4269.6875,-54.49486999999999
2022-01-10 00:00:00,00_04,7527.5625,0.136020560259577,7527.5625,-76.72148999999999
2022-01-10 04:00:00,04_08,0.0,0.0733692816141937,-2525.0,-42.61398999999999
2022-01-10 08:00:00,08_12,0.0,0.0762573822021132,-14291.8125,42.96851000000002
2022-01-10 12:00:00,12_16,0.0,0.0830048418032062,-14723.1875,31.471010000000007
2022-01-10 16:00:00,16_20,0.0,0.0435485099006482,-16773.8125,36.61601000000003
2022-01-10 20:00:00,20_24,0.0,0.0704588417253823,-7737.8125,-38.733989999999984
2022-01-11 00:00:00,00_04,4682.75,0.0840406501894403,4682.75,-62.52984999999999
2022-01-11 04:00:00,04_08,0.0,0.0933040602981789,-1187.5625,-29.579849999999983
2022-01-11 08:00:00,08_12,0.0,0.1527103864573516,-8607.375,22.287650000000014
2022-01-11 12:00:00,12_16,0.0,0.1761499219192838,-7462.875,-4.18985
2022-01-11 16:00:00,16_20,0.0,0.1048375330690737,-11800.5625,44.49015
2022-01-11 20:00:00,20_24,0.0,0.1009357717192704,-5317.0,-18.237349999999985
2022-01-12 00:00:00,00_04,4548.6875,0.1133751440807414,4548.6875,-61.88096999999999
2022-01-12 04:00:00,04_08,0.0,0.081704432498649,-3055.0,-27.38846999999999
2022-01-12 08:00:00,08_12,0.0,0.1191644946680842,-10074.5625,32.966530000000006
2022-01-12 12:00:00,12_16,0.0,0.1740004698977307,-6373.0625,-10.78846999999999
2022-01-12 16:00:00,16_20,0.0,0.1781161422395281,-5556.875,24.92403
2022-01-12 20:00:00,20_24,6267.8125,0.2657686178860152,6267.8125,-50.62597
2022-01-13 00:00:00,00_04,15173.0,0.3586797696138968,17522.5625,-81.57298999999998
2022-01-13 04:00:00,04_08,14060.3125,0.3670961381027908,14060.3125,-57.69298999999998
2022-01-13 08:00:00,08_12,7604.9375,0.3762768226271673,7604.9375,-38.91048999999997
2022-01-13 12:00:00,12_16,10740.8125,0.4169393279559656,10740.8125,-75.62798999999998
2022-01-13 16:00:00,16_20,5112.125,0.332121025013228,5112.125,-28.33298999999998
2022-01-13 20:00:00,20_24,14195.4375,0.3948483902975409,14195.4375,-79.58298999999998
2022-01-14 00:00:00,00_04,22339.0625,0.4567331773961555,22339.0625,-131.39249
2022-01-14 04:00:00,04_08,15173.0,0.4038631537650742,15520.375,-88.49749
2022-01-14 08:00:00,08_12,10008.375,0.3986659153392817,10008.375,-58.61999000000001
2022-01-14 12:00:00,12_16,8740.8125,0.3768633379210758,8740.8125,-65.22999000000002
2022-01-14 16:00:00,16_20,0.0,0.198211871238715,-3180.125,2.4825099999999978
2022-01-14 20:00:00,20_24,0.0,0.1325051654624931,-1453.625,-43.17999000000001
2022-01-15 00:00:00,00_04,4405.0,0.0892720159558146,4405.0,-66.68749
2022-01-15 04:00:00,04_08,4161.6875,0.0741836705006109,4161.6875,-74.48998999999999
2022-01-15 08:00:00,08_12,0.0,0.1148721312716229,-729.5625,-47.73749000000001
2022-01-15 12:00:00,12_16,0.0,0.1385072379311945,-309.5,-61.39999
2022-01-15 16:00:00,16_20,0.0,0.071325920883443,-6426.5,-14.084990000000005
2022-01-15 20:00:00,20_24,75.125,0.1199949902139348,75.125,-46.279990000000005
2022-01-16 00:00:00,00_04,9527.1875,0.1778463173010682,9527.1875,-64.67749
2022-01-16 04:00:00,04_08,15173.0,0.2882651645998454,15811.3125,-123.26249
2022-01-16 08:00:00,08_12,15173.0,0.4328135234462976,18934.6875,-139.73998999999998
2022-01-16 12:00:00,12_16,27153.625,0.5698116324283908,27153.625,-150.49499
2022-01-16 16:00:00,16_20,26228.875,0.5631184576871477,26228.875,-155.44749
2022-01-16 20:00:00,20_24,28377.0,0.6281098524030071,31423.5625,-175.95499
2022-01-17 00:00:00,00_04,39111.3125,0.7401764060973549,39111.3125,-233.39799
2022-01-17 04:00:00,04_08,28377.0,0.6821751751881092,33445.9375,-206.06799
2022-01-17 08:00:00,08_12,24545.4375,0.6110063605936554,24545.4375,-154.47798999999998
2022-01-17 12:00:00,12_16,15173.0,0.579996762142188,22221.375,-139.90798999999998
2022-01-17 16:00:00,16_20,8330.4375,0.3780188106796116,8330.4375,-31.65048999999999
2022-01-17 20:00:00,20_24,8235.0625,0.2955473466913941,8235.0625,-60.74799
2022-01-18 00:00:00,00_04,9625.4375,0.2487717368967681,9625.4375,-58.08752999999997
2022-01-18 04:00:00,04_08,0.0,0.1543002225320713,-1025.875,-20.07002999999998
2022-01-18 08:00:00,08_12,0.0,0.1201461981003877,-9777.8125,35.847470000000015
2022-01-18 12:00:00,12_16,0.0,0.1505580426399539,-7994.3125,1.0899700000000294
2022-01-18 16:00:00,16_20,0.0,0.1451228592034157,-7596.3125,21.81747000000002
2022-01-18 20:00:00,20_24,3448.3125,0.2181489905739833,3448.3125,-38.60252999999997
2022-01-19 00:00:00,00_04,14281.1875,0.2892891372068343,14281.1875,-74.85486
2022-01-19 04:00:00,04_08,8836.75,0.2772431896484082,8836.75,-50.07236
2022-01-19 08:00:00,08_12,0.0,0.3299039389714163,3184.875,-6.289859999999997
2022-01-19 12:00:00,12_16,12030.6875,0.4394268597121352,12030.6875,-69.90235999999999
2022-01-19 16:00:00,16_20,14849.8125,0.4699225106480849,14849.8125,-74.66235999999998
2022-01-19 20:00:00,20_24,26210.3125,0.5781471146049436,26210.3125,-123.41486
2022-01-20 00:00:00,00_04,36715.5,0.6961260715213439,36715.5,-152.99048999999997
2022-01-20 04:00:00,04_08,29649.0,0.6417224516532986,31493.5,-138.55799
2022-01-20 08:00:00,08_12,15606.0,0.6073419312163384,25785.4375,-104.23299
2022-01-20 12:00:00,12_16,28066.125,0.6384771675049129,28066.125,-132.93798999999996
2022-01-20 16:00:00,16_20,15606.0,0.4924652193874917,18137.25,-61.120489999999975
2022-01-20 20:00:00,20_24,15606.0,0.4625654751740379,19332.75,-96.18549
2022-01-21 00:00:00,00_04,22533.5625,0.4663425763540823,22533.5625,-116.51092999999996
2022-01-21 04:00:00,04_08,14921.125,0.3980019889345783,14921.125,-82.73342999999997
2022-01-21 08:00:00,08_12,8384.9375,0.376327695200534,8384.9375,-18.820929999999976
2022-01-21 12:00:00,12_16,9370.375,0.3879152575914928,9370.375,-51.94842999999997
2022-01-21 16:00:00,16_20,9085.75,0.3808196995432423,9085.75,-64.71842999999997
2022-01-21 20:00:00,20_24,15606.0,0.4481648937467383,17701.0625,-100.39592999999998
2022-01-22 00:00:00,00_04,27410.375,0.4993630169081182,27410.375,-121.39092999999998
2022-01-22 04:00:00,04_08,15606.0,0.4011213578164361,22830.5625,-113.90842999999998
2022-01-22 08:00:00,08_12,8604.8125,0.2478474192828503,8604.8125,-39.20842999999999
2022-01-22 12:00:00,12_16,6073.6875,0.2116658101460979,6073.6875,-49.87092999999999
2022-01-22 16:00:00,16_20,3589.6875,0.176820877249735,3589.6875,-26.63342999999999
2022-01-22 20:00:00,20_24,9589.125,0.1980492260215443,9589.125,-51.29342999999999
2022-01-23 00:00:00,00_04,15606.0,0.2157211259923394,16866.125,-63.27842999999999
2022-01-23 04:00:00,04_08,15606.0,0.1864811510364111,16007.6875,-68.38842999999999
2022-01-23 08:00:00,08_12,6729.625,0.150967158810413,6729.625,-50.328429999999976
2022-01-23 12:00:00,12_16,4218.0,0.1453356506959206,4218.0,-54.14342999999998
2022-01-23 16:00:00,16_20,0.0,0.0855359543384509,-959.75,-20.33842999999998
2022-01-23 20:00:00,20_24,2198.875,0.0971528363322479,2198.875,-40.49842999999998
2022-01-24 00:00:00,00_04,6006.9375,0.1128585167833942,6006.9375,-66.02758
2022-01-24 04:00:00,04_08,0.0,0.1048966822999862,-1817.8125,-31.88258000000001
2022-01-24 08:00:00,08_12,0.0,0.1263649723433641,-11210.875,40.61991999999998
2022-01-24 12:00:00,12_16,0.0,0.1600855592582805,-8189.9375,0.8999199999999945
2022-01-24 16:00:00,16_20,0.0,0.071805118500099,-12913.1875,63.82491999999999
2022-01-24 20:00:00,20_24,0.0,0.0750916887547145,-4757.8125,-6.02508000000001
2022-01-25 00:00:00,00_04,7753.3125,0.1162624029223708,7753.3125,-68.71466999999998
2022-01-25 04:00:00,04_08,0.0,0.1028523685907992,-293.8125,-12.377169999999984
2022-01-25 08:00:00,08_12,0.0,0.1089568864999903,-13348.0,100.63283
2022-01-25 12:00:00,12_16,0.0,0.1457819597111675,-9750.0625,38.29783000000002
2022-01-25 16:00:00,16_20,0.0,0.0783871241325463,-12886.25,88.54533000000002
2022-01-25 20:00:00,20_24,0.0,0.0963547560249762,-3656.125,-18.24716999999999
2022-01-26 00:00:00,00_04,10423.5625,0.1914057321945954,10423.5625,-68.1404
2022-01-26 04:00:00,04_08,0.0,0.2222562158377306,6888.125,-40.13040000000001
2022-01-26 08:00:00,08_12,0.0,0.2778534622210636,2566.0625,21.972099999999983
2022-01-26 12:00:00,12_16,8185.9375,0.3581451195343605,8185.9375,-35.892900000000004
2022-01-26 16:00:00,16_20,8524.5625,0.3523640538565912,8524.5625,-31.172900000000013
2022-01-26 20:00:00,20_24,15769.0,0.4547737568076551,19647.8125,-116.4354
2022-01-27 00:00:00,00_04,29812.0,0.6282824505536241,33220.5,-163.07457
2022-01-27 04:00:00,04_08,15769.0,0.6387372814383088,31158.625,-163.14707
2022-01-27 08:00:00,08_12,15769.0,0.6335526437588214,27121.875,-146.23457000000002
2022-01-27 12:00:00,12_16,15769.0,0.6734265305087775,30153.4375,-142.03207
2022-01-27 16:00:00,16_20,15769.0,0.6233420793673271,27001.125,-147.26457
2022-01-27 20:00:00,20_24,29812.0,0.6925161231396865,34164.125,-176.71457
2022-01-28 00:00:00,00_04,40261.6875,0.7666345938663325,40261.6875,-197.16479
2022-01-28 04:00:00,04_08,15769.0,0.6417886147813074,30824.125,-153.79979000000003
2022-01-28 08:00:00,08_12,15769.0,0.5247913788728821,19388.75,-79.58979000000001
2022-01-28 12:00:00,12_16,12905.0,0.4315166632930234,12905.0,-49.11979
2022-01-28 16:00:00,16_20,3057.5625,0.2797147627460787,3057.5625,-34.419790000000006
2022-01-28 20:00:00,20_24,14408.875,0.3768832183204632,14408.875,-110.17229
2022-01-29 00:00:00,00_04,28932.625,0.5617744784166795,28932.625,-171.69979
2022-01-29 04:00:00,04_08,36644.0,0.7012410467342741,36644.0,-218.41729000000004
2022-01-29 08:00:00,08_12,29812.0,0.7144338769798516,35147.1875,-180.53229
2022-01-29 12:00:00,12_16,29812.0,0.7725264522239809,38752.8125,-180.75229
2022-01-29 16:00:00,16_20,29812.0,0.7547426526548604,37638.3125,-166.04229000000004
2022-01-29 20:00:00,20_24,42563.0625,0.8171373503119573,42563.0625,-202.68479
2022-01-30 00:00:00,00_04,47610.9375,0.9021471836201382,47610.9375,-272.23229
2022-01-30 04:00:00,04_08,46594.375,0.8785852931073252,46594.375,-270.15228999999994
2022-01-30 08:00:00,08_12,47464.875,0.9124310714728984,47464.875,-267.46729
2022-01-30 12:00:00,12_16,48655.875,0.9359825582545224,48655.875,-267.51978999999994
2022-01-30 16:00:00,16_20,15769.0,0.5568881463258872,27463.1875,-140.64228999999995
2022-01-30 20:00:00,20_24,15769.0,0.4362882029723758,22644.6875,-123.89728999999994
2022-01-31 00:00:00,00_04,24576.5625,0.477487682460745,24576.5625,-168.89939999999996
2022-01-31 04:00:00,04_08,15769.0,0.4213098869470403,16626.1875,-113.1394
2022-01-31 08:00:00,08_12,4285.5,0.3486714292546342,4285.5,-30.22189999999999
2022-01-31 12:00:00,12_16,4383.375,0.3510267338240992,4383.375,-63.89189999999998
2022-01-31 16:00:00,16_20,3981.0625,0.3359004024696503,3981.0625,-46.17189999999999
2022-01-31 20:00:00,20_24,13295.875,0.404857573809406,13295.875,-76.30189999999999
2022-02-01 00:00:00,00_04,15769.0,0.4490121085006257,20091.4375,-105.32817000000004
2022-02-01 04:00:00,04_08,15769.0,0.4419740300874242,15924.3125,-68.48817000000004
2022-02-01 08:00:00,08_12,15337.5,0.5142870638815931,15337.5,-51.985670000000034
2022-02-01 12:00:00,12_16,15769.0,0.6439022302585473,24437.125,-127.17567000000004
2022-02-01 16:00:00,16_20,26604.5,0.6703153460580613,26604.5,-136.06567000000004
2022-02-01 20:00:00,20_24,29812.0,0.7520423001472564,34254.875,-180.59317000000004
2022-02-02 00:00:00,00_04,40185.75,0.8252913450404677,40185.75,-224.07784
2022-02-02 04:00:00,04_08,29812.0,0.7070771749322641,31729.4375,-158.70284000000004
2022-02-02 08:00:00,08_12,15769.0,0.5963404428364361,20488.625,-101.87534
2022-02-02 12:00:00,12_16,15769.0,0.5346555595900769,16398.75,-85.96534
2022-02-02 16:00:00,16_20,0.0,0.287373703089719,-466.3125,1.8346599999999924
2022-02-02 20:00:00,20_24,2256.75,0.2436409872789662,2256.75,-36.04034
2022-02-03 00:00:00,00_04,12657.6875,0.3163985687490043,12657.6875,-86.37865999999998
2022-02-03 04:00:00,04_08,8413.0,0.3140497337373733,8413.0,-63.65865999999999
2022-02-03 08:00:00,08_12,2975.1875,0.3314428800175694,2975.1875,-26.471159999999983
2022-02-03 12:00:00,12_16,0.0,0.311480364116481,-11.0625,-46.37365999999999
2022-02-03 16:00:00,16_20,0.0,0.2433378086623794,-3894.5625,-20.986159999999977
2022-02-03 20:00:00,20_24,4467.5,0.2886068884715177,4467.5,-62.45115999999998
2022-02-04 00:00:00,00_04,20766.9375,0.4234627998701223,20766.9375,-117.56484999999998
2022-02-04 04:00:00,04_08,15769.0,0.4281158254796225,16953.6875,-100.57735
2022-02-04 08:00:00,08_12,11295.6875,0.463762239336868,11295.6875,-83.99984999999998
2022-02-04 12:00:00,12_16,19473.75,0.5686302774329212,19473.75,-125.98985
2022-02-04 16:00:00,16_20,15769.0,0.5816498662826579,22072.5,-118.19984999999998
2022-02-04 20:00:00,20_24,29812.0,0.6824082975065893,31166.4375,-145.70235
2022-02-05 00:00:00,00_04,38560.375,0.77742382626999,38560.375,-180.12484999999998
2022-02-05 04:00:00,04_08,29812.0,0.722960735483744,35326.375,-175.89735
2022-02-05 08:00:00,08_12,29812.0,0.7082430264377793,31520.625,-138.98485
2022-02-05 12:00:00,12_16,36818.5625,0.7948625704472957,36818.5625,-175.96734999999998
2022-02-05 16:00:00,16_20,15769.0,0.6294226089368763,27023.375,-122.65735
2022-02-05 20:00:00,20_24,29812.0,0.7531780691180562,35756.8125,-208.71485
2022-02-06 00:00:00,00_04,42999.5625,0.870610936864213,42999.5625,-249.26235
2022-02-06 04:00:00,04_08,44906.8125,0.9075786176461512,44906.8125,-252.36485
2022-02-06 08:00:00,08_12,37298.0625,0.790105817065807,37298.0625,-241.24485
2022-02-06 12:00:00,12_16,34203.6875,0.7414012251067102,34203.6875,-176.77734999999998
2022-02-06 16:00:00,16_20,29812.0,0.6785846995736681,30207.3125,-141.86485
2022-02-06 20:00:00,20_24,29812.0,0.7135841763461948,33662.4375,-155.69484999999997
2022-02-07 00:00:00,00_04,39249.0,0.7963506130172587,39249.0,-240.53073
2022-02-07 04:00:00,04_08,29812.0,0.6980839298726906,31790.5,-199.66323
2022-02-07 08:00:00,08_12,26768.0625,0.6784744507529005,26768.0625,-143.75823000000003
2022-02-07 12:00:00,12_16,32982.1875,0.7654678250310276,32982.1875,-204.76823
2022-02-07 16:00:00,16_20,15769.0,0.529156079062512,16705.6875,-108.89073
2022-02-07 20:00:00,20_24,15769.0,0.5142167063169918,19254.75,-127.96823
2022-02-08 00:00:00,00_04,27195.8125,0.5924941125458694,27195.8125,-136.15833
2022-02-08 04:00:00,04_08,23462.375,0.5814158506522064,23462.375,-128.86833
2022-02-08 08:00:00,08_12,19728.3125,0.5855235184983084,19728.3125,-117.20083000000002
2022-02-08 12:00:00,12_16,15769.0,0.5891731302705795,20177.9375,-119.25083
2022-02-08 16:00:00,16_20,10649.625,0.4471266171807283,10649.625,-55.76833000000001
2022-02-08 20:00:00,20_24,15140.625,0.4522767924056957,15140.625,-103.16083000000002
2022-02-09 00:00:00,00_04,23227.6875,0.5155977969781907,23227.6875,-131.20441999999997
2022-02-09 04:00:00,04_08,15769.0,0.4767992075588556,16981.25,-107.57691999999996
2022-02-09 08:00:00,08_12,14276.9375,0.5191656741142325,14276.9375,-93.48192
2022-02-09 12:00:00,12_16,15769.0,0.5389394445611703,15934.1875,-98.38442
2022-02-09 16:00:00,16_20,0.0,0.3159833506948607,1259.0625,-16.94691999999999
2022-02-09 20:00:00,20_24,2187.5625,0.2434708583504008,2187.5625,-31.76191999999999
2022-02-10 00:00:00,00_04,7741.4375,0.2222906755998324,7741.4375,-50.11217999999999
2022-02-10 04:00:00,04_08,1417.375,0.2166784856106482,1417.375,-41.48217999999999
2022-02-10 08:00:00,08_12,0.0,0.3342373913846975,764.875,-22.82717999999999
2022-02-10 12:00:00,12_16,4387.75,0.3782482724802039,4387.75,-63.01967999999999
2022-02-10 16:00:00,16_20,0.0,0.2722543527039309,-1845.9375,-24.257179999999984
2022-02-10 20:00:00,20_24,6908.9375,0.318903057237546,6908.9375,-67.65717999999998
2022-02-11 00:00:00,00_04,14297.875,0.3255487335156919,14297.875,-62.76684999999999
2022-02-11 04:00:00,04_08,8915.5625,0.3196008085849973,8915.5625,-46.51434999999999
2022-02-11 08:00:00,08_12,6648.375,0.4064019960423898,6648.375,-63.26934999999998
2022-02-11 12:00:00,12_16,13442.875,0.4911884945735402,13442.875,-92.49434999999995
2022-02-11 16:00:00,16_20,0.0,0.2382789336544797,-2680.1875,-10.936849999999993
2022-02-11 20:00:00,20_24,0.0,0.126340246772937,-2885.1875,-27.686849999999996
2022-02-12 00:00:00,00_04,3527.1875,0.1492726322030654,3527.1875,-54.62185
2022-02-12 04:00:00,04_08,8579.375,0.241065458101311,8579.375,-76.26935
2022-02-12 08:00:00,08_12,15769.0,0.4661645766104326,16410.9375,-110.16435
2022-02-12 12:00:00,12_16,23431.375,0.5804384671844748,23431.375,-141.36435
2022-02-12 16:00:00,16_20,9314.8125,0.3581628854935497,9314.8125,-64.39935
2022-02-12 20:00:00,20_24,18491.375,0.4673563040774286,18491.375,-129.96935
2022-02-13 00:00:00,00_04,26222.8125,0.5421632907494611,26222.8125,-143.34185000000002
2022-02-13 04:00:00,04_08,27291.5625,0.5539665624916048,27291.5625,-143.08435000000003
2022-02-13 08:00:00,08_12,32693.75,0.7115771481743419,32693.75,-167.67185
2022-02-13 12:00:00,12_16,34240.9375,0.7449253163822753,34240.9375,-188.44435
2022-02-13 16:00:00,16_20,21390.25,0.5396190264424701,21390.25,-134.84685000000002
2022-02-13 20:00:00,20_24,29766.5,0.6611753356026596,29766.5,-159.65435000000002
2022-02-14 00:00:00,00_04,33851.125,0.7032652872376435,33851.125,-218.64927
2022-02-14 04:00:00,04_08,25911.125,0.6157370076095992,25911.125,-154.14927
2022-02-14 08:00:00,08_12,24703.9375,0.6611901535682023,24703.9375,-138.67676999999998
2022-02-14 12:00:00,12_16,22066.4375,0.6236680837208249,22066.4375,-134.24426999999997
2022-02-14 16:00:00,16_20,8829.75,0.4256351169014624,8829.75,-66.91676999999997
2022-02-14 20:00:00,20_24,15769.0,0.4713919478530681,16117.8125,-115.81926999999996
2022-02-15 00:00:00,00_04,20231.1875,0.4714708354037338,20231.1875,-135.01870999999997
2022-02-15 04:00:00,04_08,8779.75,0.3522050676222077,8779.75,-70.07870999999999
2022-02-15 08:00:00,08_12,0.0,0.3532019937063447,2001.5625,-22.158709999999974
2022-02-15 12:00:00,12_16,10875.1875,0.4709025619454895,10875.1875,-89.54870999999997
2022-02-15 16:00:00,16_20,11001.125,0.4582500153373278,11001.125,-97.52371
2022-02-15 20:00:00,20_24,24704.75,0.6116474308426326,24704.75,-152.87870999999998
2022-02-16 00:00:00,00_04,29812.0,0.6415896927326225,29951.125,-129.58892000000003
2022-02-16 04:00:00,04_08,15769.0,0.495207631655397,18348.9375,-95.10142000000003
2022-02-16 08:00:00,08_12,14234.3125,0.5332926539371964,14234.3125,-67.47392000000002
2022-02-16 12:00:00,12_16,21389.1875,0.6232044640518651,21389.1875,-120.07142000000005
2022-02-16 16:00:00,16_20,22686.3125,0.6251342461181791,22686.3125,-116.66392000000002
2022-02-16 20:00:00,20_24,29812.0,0.6923517923391858,29865.0625,-136.52142000000003
2022-02-17 00:00:00,00_04,37161.125,0.7827983092997622,37161.125,-204.54235
2022-02-17 04:00:00,04_08,29812.0,0.69112991951692,29940.0625,-154.47734999999997
2022-02-17 08:00:00,08_12,28846.5,0.72109009372973,28846.5,-124.45234999999998
2022-02-17 12:00:00,12_16,33061.8125,0.7776909567894543,33061.8125,-167.27484999999996
2022-02-17 16:00:00,16_20,23063.1875,0.634943183063739,23063.1875,-118.25985
2022-02-17 20:00:00,20_24,25248.125,0.6341451013310948,25248.125,-139.34985
2022-02-18 00:00:00,00_04,28597.125,0.6578859438587986,28597.125,-156.52212999999998
2022-02-18 04:00:00,04_08,10977.3125,0.4117486476413051,10977.3125,-94.86712999999996
2022-02-18 08:00:00,08_12,6526.4375,0.4398013242768122,6526.4375,-69.06962999999999
2022-02-18 12:00:00,12_16,19204.5,0.6125743240812593,19204.5,-122.66462999999996
2022-02-18 16:00:00,16_20,17965.0,0.5885064884132365,17965.0,-109.28463
2022-02-18 20:00:00,20_24,20941.8125,0.5845706418086151,20941.8125,-121.51212999999998
2022-02-19 00:00:00,00_04,37175.4375,0.7907948356628709,37175.4375,-193.21713
2022-02-19 04:00:00,04_08,39230.4375,0.8387152779900451,39230.4375,-227.04713
2022-02-19 08:00:00,08_12,41290.0625,0.8982150424382558,41290.0625,-230.16213
2022-02-19 12:00:00,12_16,45811.875,0.972378185305942,45811.875,-233.19963
2022-02-19 16:00:00,16_20,26428.0,0.6490858049147494,26428.0,-145.42212999999998
2022-02-19 20:00:00,20_24,24714.6875,0.5897670729962612,24714.6875,-131.14963
2022-02-20 00:00:00,00_04,27890.875,0.5946973028627011,27890.875,-132.14212999999995
2022-02-20 04:00:00,04_08,27320.625,0.5826025501797241,27320.625,-146.94712999999996
2022-02-20 08:00:00,08_12,27241.0625,0.6473541457888545,27241.0625,-136.72963
2022-02-20 12:00:00,12_16,33435.625,0.7583269767256711,33435.625,-179.81713
2022-02-20 16:00:00,16_20,31995.75,0.7398890736144966,31995.75,-177.65963
2022-02-20 20:00:00,20_24,34278.125,0.7718274122645873,34278.125,-208.36963
2022-02-21 00:00:00,00_04,40126.1875,0.8587272827761211,40126.1875,-224.61538
2022-02-21 04:00:00,04_08,28839.0,0.7289466059327196,30928.5625,-193.85038
2022-02-21 08:00:00,08_12,26331.6875,0.7150400956905556,26331.6875,-145.43537999999998
2022-02-21 12:00:00,12_16,25142.625,0.6955313617574956,25142.625,-129.55038
2022-02-21 16:00:00,16_20,16829.1875,0.5669377502768833,16829.1875,-110.83788
2022-02-21 20:00:00,20_24,23671.125,0.6214900607624223,23671.125,-128.93038
2022-02-22 00:00:00,00_04,33395.5,0.7293373286971734,33395.5,-151.42431
2022-02-22 04:00:00,04_08,15769.0,0.559326684542842,20574.125,-112.72681
2022-02-22 08:00:00,08_12,8849.6875,0.4794256881970417,8849.6875,-66.77180999999999
2022-02-22 12:00:00,12_16,14214.8125,0.5465469303728169,14214.8125,-113.74931
2022-02-22 16:00:00,16_20,11165.1875,0.4868986068398563,11165.1875,-87.01181
2022-02-22 20:00:00,20_24,23025.0,0.6112159043702433,23025.0,-135.95931
2022-02-23 00:00:00,00_04,29446.6875,0.6745682904632655,29446.6875,-168.19307999999998
2022-02-23 04:00:00,04_08,15769.0,0.5276440568994616,17916.375,-134.80558
2022-02-23 08:00:00,08_12,15769.0,0.5848722316290235,16565.8125,-127.43308
2022-02-23 12:00:00,12_16,21812.4375,0.6497852507354368,21812.4375,-153.48807999999997
2022-02-23 16:00:00,16_20,184.625,0.3344550663814663,184.625,-42.190579999999976
2022-02-23 20:00:00,20_24,8963.5625,0.402142726269789,8963.5625,-99.57057999999998
2022-02-24 00:00:00,00_04,19130.9375,0.4998040198207227,19130.9375,-158.43856
2022-02-24 04:00:00,04_08,13545.6875,0.4557772603991091,13545.6875,-124.77106
2022-02-24 08:00:00,08_12,12550.625,0.5148624694430008,12550.625,-138.47356
2022-02-24 12:00:00,12_16,19148.75,0.609659644732506,19148.75,-162.84606
2022-02-24 16:00:00,16_20,13468.4375,0.5259268692173592,13468.4375,-132.76605999999998
2022-02-24 20:00:00,20_24,17677.25,0.54871906553536,17677.25,-164.60606
2022-02-25 00:00:00,00_04,26737.625,0.6504452795915764,26737.625,-252.45786
2022-02-25 04:00:00,04_08,20131.25,0.5855847730864385,20131.25,-239.13536
2022-02-25 08:00:00,08_12,21631.0,0.6716861594234173,21631.0,-243.12036
2022-02-25 12:00:00,12_16,22662.125,0.6788619177734002,22662.125,-256.02536
2022-02-25 16:00:00,16_20,9034.375,0.4669950657698892,9034.375,-187.19036
2022-02-25 20:00:00,20_24,12586.75,0.4616730829364815,12586.75,-207.26286
2022-02-26 00:00:00,00_04,11746.875,0.398423706036524,11746.875,-125.56036000000005
2022-02-26 04:00:00,04_08,1772.25,0.2216298482468942,1772.25,-56.40036000000004
2022-02-26 08:00:00,08_12,0.0,0.2529807324971347,-2847.0625,-41.29786000000002
2022-02-26 12:00:00,12_16,1216.375,0.3026288474773515,1216.375,-104.19536000000002
2022-02-26 16:00:00,16_20,0.0,0.0738181045534936,-12556.0,-20.55536000000003
2022-02-26 20:00:00,20_24,0.0,0.1388035561761117,-4117.5625,-49.73786000000001
2022-02-27 00:00:00,00_04,7888.75,0.2409470247673052,7888.75,-111.53786
2022-02-27 04:00:00,04_08,7955.75,0.2414073548380412,7955.75,-110.01536000000002
2022-02-27 08:00:00,08_12,13510.0,0.4708352078434675,14719.1875,-126.82536
2022-02-27 12:00:00,12_16,13510.0,0.5426434275691181,18067.875,-168.87536
2022-02-27 16:00:00,16_20,0.0,0.2528713939067134,-464.375,-53.23536
2022-02-27 20:00:00,20_24,4272.625,0.3083966173660897,4272.625,-88.93786
2022-02-28 00:00:00,00_04,8194.4375,0.3006914435957951,8194.4375,-116.54853000000004
2022-02-28 04:00:00,04_08,0.0,0.2102090166975504,-3996.125,-39.90103000000002
2022-02-28 08:00:00,08_12,0.0,0.3991892901682666,545.125,-73.97603000000002
2022-02-28 12:00:00,12_16,7257.625,0.4835442643715155,7257.625,-142.39353
2022-02-28 16:00:00,16_20,0.0,0.2791634627991113,-6291.0,-16.233530000000023
2022-02-28 20:00:00,20_24,5002.8125,0.3835523323812482,5002.8125,-133.38103
2022-03-01 00:00:00,00_04,13510.0,0.4062358209424755,13928.0,-151.57339000000002
2022-03-01 04:00:00,04_08,2193.5,0.2907993569521707,2193.5,-70.97588999999999
2022-03-01 08:00:00,08_12,0.0,0.3894844536510978,-640.8125,-75.42588999999998
2022-03-01 12:00:00,12_16,0.0,0.3600928528046282,-2022.875,-67.02339
2022-03-01 16:00:00,16_20,0.0,0.0778743906915898,-20867.25,27.51911
2022-03-01 20:00:00,20_24,0.0,0.0814702023669523,-14517.75,-22.893390000000004
2022-03-02 00:00:00,00_04,0.0,0.0528197379327044,-6047.6875,-97.72475
2022-03-02 04:00:00,04_08,0.0,0.0531460693025247,-11580.625,-65.33224999999999
2022-03-02 08:00:00,08_12,0.0,0.2284806204901526,-8735.9375,-51.14474999999999
2022-03-02 12:00:00,12_16,0.0,0.2831790923291729,-4898.0625,-99.70225
2022-03-02 16:00:00,16_20,0.0,0.0675281655064727,-18496.375,-1.6497499999999974
2022-03-02 20:00:00,20_24,0.0,0.0596603431832207,-13859.5,-60.14225
2022-03-03 00:00:00,00_04,0.0,0.0646354612263469,-3355.0,-135.27704
2022-03-03 04:00:00,04_08,0.0,0.0803086272831385,-8900.0,-100.45704
2022-03-03 08:00:00,08_12,0.0,0.3419984787742027,-570.5625,-121.53704000000002
2022-03-03 12:00:00,12_16,6510.1875,0.4325823936594149,6510.1875,-167.31204000000002
2022-03-03 16:00:00,16_20,0.0,0.1642590751219074,-10885.5,-66.92454000000002
2022-03-03 20:00:00,20_24,0.0,0.1905053273685952,-3664.3125,-106.00704000000002
2022-03-04 00:00:00,00_04,1804.3125,0.1637766169401283,1804.3125,-116.04963999999998
2022-03-04 04:00:00,04_08,0.0,0.1111830128417679,-6979.6875,-80.66213999999998
2022-03-04 08:00:00,08_12,0.0,0.3153004407729581,-1956.875,-71.84463999999998
2022-03-04 12:00:00,12_16,3657.0625,0.3786596833038703,3657.0625,-138.77213999999998
2022-03-04 16:00:00,16_20,0.0,0.1627598994775276,-9848.0625,-59.65213999999999
2022-03-04 20:00:00,20_24,0.0,0.1982745498767915,-2118.5625,-73.33214
2022-03-05 00:00:00,00_04,2865.3125,0.1799713364821802,2865.3125,-156.35464000000005
2022-03-05 04:00:00,04_08,2557.8125,0.1510270333859375,2557.8125,-149.07464000000004
2022-03-05 08:00:00,08_12,9812.75,0.3863122659620562,9812.75,-188.00964000000005
2022-03-05 12:00:00,12_16,10889.8125,0.3898290474863118,10889.8125,-231.9296400000001
2022-03-05 16:00:00,16_20,0.0,0.1094101755965781,-5730.25,-122.14714000000004
2022-03-05 20:00:00,20_24,0.0,0.1081346054771669,-1893.1875,-130.00214000000005
2022-03-06 00:00:00,00_04,2116.25,0.0838551080127377,2116.25,-151.81464
2022-03-06 04:00:00,04_08,3180.375,0.0891596069407915,3180.375,-164.55214
2022-03-06 08:00:00,08_12,10661.75,0.3572841569527262,10661.75,-239.15964
2022-03-06 12:00:00,12_16,11052.8125,0.3742014390663856,11052.8125,-243.58964
2022-03-06 16:00:00,16_20,0.0,0.1283499794057477,-3185.0625,-111.90464
2022-03-06 20:00:00,20_24,0.0,0.100464645226779,-3933.9375,-89.54964000000001
2022-03-07 00:00:00,00_04,67.875,0.0881898109424782,67.875,-151.53796
2022-03-07 04:00:00,04_08,0.0,0.094087689946733,-6846.9375,-86.15545999999999
2022-03-07 08:00:00,08_12,0.0,0.3163300979805878,-1749.6875,-87.80796
2022-03-07 12:00:00,12_16,3821.1875,0.3969612974376565,3821.1875,-189.07796
2022-03-07 16:00:00,16_20,0.0,0.12113456073633,-14279.5625,-50.21296
2022-03-07 20:00:00,20_24,0.0,0.1094959792236327,-10424.75,-97.14545999999996
2022-03-08 00:00:00,00_04,777.25,0.1310545925805929,777.25,-203.6628
2022-03-08 04:00:00,04_08,0.0,0.127762106124676,-5261.0625,-96.80030000000004
2022-03-08 08:00:00,08_12,0.0,0.410486685897276,4805.25,-178.98280000000003
2022-03-08 12:00:00,12_16,11263.5,0.5034274298360923,11263.5,-326.4253
2022-03-08 16:00:00,16_20,0.0,0.2149579921550431,-7754.0,-25.56530000000004
2022-03-08 20:00:00,20_24,0.0,0.2554601354384343,-1021.5625,-134.99530000000004
2022-03-09 00:00:00,00_04,3196.9375,0.1983975600251429,3196.9375,-140.88101000000003
2022-03-09 04:00:00,04_08,0.0,0.1456741537528801,-5124.9375,-69.41851000000003
2022-03-09 08:00:00,08_12,5308.375,0.4220549393951058,5308.375,-124.08351000000005
2022-03-09 12:00:00,12_16,8620.8125,0.4649050486336267,8620.8125,-223.68851
2022-03-09 16:00:00,16_20,0.0,0.1611958188811023,-10822.875,-26.61601000000006
2022-03-09 20:00:00,20_24,0.0,0.2132133417848151,-2367.3125,-99.15601000000004
2022-03-10 00:00:00,00_04,3875.4375,0.2137520822466389,3875.4375,-112.91826
2022-03-10 04:00:00,04_08,160.8125,0.2347602201721529,160.8125,-64.38825999999999
2022-03-10 08:00:00,08_12,11931.4375,0.517916304920422,11931.4375,-145.01076
2022-03-10 12:00:00,12_16,13247.0,0.6326991632305444,20098.4375,-267.28326
2022-03-10 16:00:00,16_20,6521.25,0.4246650825457393,6521.25,-89.50826
2022-03-10 20:00:00,20_24,13247.0,0.5285203773178629,16297.125,-276.01826
2022-03-11 00:00:00,00_04,24185.25,0.6003297120846277,24185.25,-280.2479400000001
2022-03-11 04:00:00,04_08,13247.0,0.5571150744965256,18928.9375,-232.05794000000003
2022-03-11 08:00:00,08_12,25680.0,0.8057217642829521,31606.0,-317.17294000000004
2022-03-11 12:00:00,12_16,40470.1875,0.9348444479867618,40470.1875,-366.65294000000006
2022-03-11 16:00:00,16_20,13247.0,0.6223110501324115,20124.5,-255.54044000000005
2022-03-11 20:00:00,20_24,22754.0625,0.6247688951831096,22754.0625,-296.09044000000006
2022-03-12 00:00:00,00_04,27342.8125,0.64731570588868,27342.8125,-278.84794
2022-03-12 04:00:00,04_08,24368.8125,0.5878733145978717,24368.8125,-269.18544
2022-03-12 08:00:00,08_12,28608.0,0.7181233232272559,28608.0,-275.14794
2022-03-12 12:00:00,12_16,25680.0,0.6984477930715036,27713.3125,-264.61794000000003
2022-03-12 16:00:00,16_20,8738.625,0.3683787180928647,8738.625,-91.11294
2022-03-12 20:00:00,20_24,13247.0,0.4487818047647902,16050.25,-174.61544
2022-03-13 00:00:00,00_04,13247.0,0.4496024481925017,20144.4375,-214.63044
2022-03-13 04:00:00,04_08,22097.1875,0.4892422232175302,22097.1875,-238.38044
2022-03-13 08:00:00,08_12,31863.75,0.7497192448839505,31863.75,-289.72794000000005
2022-03-13 12:00:00,12_16,34471.75,0.8038530315431068,34471.75,-330.50294
2022-03-13 16:00:00,16_20,13247.0,0.4751690462203931,16339.8125,-161.29544000000004
2022-03-13 20:00:00,20_24,13247.0,0.4719362829882035,17570.25,-168.03794000000005
2022-03-14 00:00:00,00_04,13247.0,0.3822745773239689,16418.75,-147.09244000000007
2022-03-14 04:00:00,04_08,4147.25,0.2567858282467499,4147.25,-82.40244000000006
2022-03-14 08:00:00,08_12,602.0625,0.3404670205040222,602.0625,-62.01494000000007
2022-03-14 12:00:00,12_16,1928.375,0.3576367441777634,1928.375,-116.10494000000008
2022-03-14 16:00:00,16_20,0.0,0.1340393192251449,-11569.5,11.892559999999932
2022-03-14 20:00:00,20_24,0.0,0.1298727450169829,-6281.1875,-41.70744000000006
2022-03-15 00:00:00,00_04,2628.5,0.1345277877357426,2628.5,-84.60639000000003
2022-03-15 04:00:00,04_08,0.0,0.0776653265244393,-6436.9375,-37.48139000000002
2022-03-15 08:00:00,08_12,0.0,0.160751398660267,-11229.9375,-5.043890000000019
2022-03-15 12:00:00,12_16,0.0,0.1395399876283008,-12291.8125,-41.593890000000016
2022-03-15 16:00:00,16_20,0.0,0.0455308573082998,-16647.8125,28.918609999999973
2022-03-15 20:00:00,20_24,0.0,0.0620022898391579,-9312.875,-28.321390000000022
2022-03-16 00:00:00,00_04,107.75,0.070194344603836,107.75,-82.22575000000005
2022-03-16 04:00:00,04_08,0.0,0.1035889867314118,-5236.625,-54.58575000000005
2022-03-16 08:00:00,08_12,608.9375,0.3402922927235322,608.9375,-43.63575000000005
2022-03-16 12:00:00,12_16,10683.375,0.4828032070964284,10683.375,-127.88075000000006
2022-03-16 16:00:00,16_20,1286.0,0.3210335481631384,1286.0,-40.42825000000004
2022-03-16 20:00:00,20_24,13741.1875,0.4515202057538763,13741.1875,-161.29825000000002
2022-03-17 00:00:00,00_04,23971.1875,0.5549779012147319,23971.1875,-174.24376
2022-03-17 04:00:00,04_08,14268.0,0.4659339275794319,15559.5,-107.79126
2022-03-17 08:00:00,08_12,8814.3125,0.4542022804509967,8814.3125,-67.99126
2022-03-17 12:00:00,12_16,6050.25,0.4095570684226657,6050.25,-83.01376
2022-03-17 16:00:00,16_20,0.0,0.1848141275136023,-7507.6875,-9.42626
2022-03-17 20:00:00,20_24,0.0,0.1876557708477927,-1253.8125,-47.86375999999999
2022-03-18 00:00:00,00_04,4762.875,0.2119754583548453,4762.875,-99.31326
2022-03-18 04:00:00,04_08,0.0,0.1597372229546635,-3132.6875,-58.42325999999998
2022-03-18 08:00:00,08_12,1742.25,0.3493698235505941,1742.25,-60.99325999999998
2022-03-18 12:00:00,12_16,9784.75,0.4572195663011202,9784.75,-101.54826
2022-03-18 16:00:00,16_20,0.0,0.2386818063243712,-4013.0625,-48.84075999999999
2022-03-18 20:00:00,20_24,2671.0,0.2737861992510372,2671.0,-80.18075999999999
2022-03-19 00:00:00,00_04,8760.0,0.2807925792822107,8760.0,-101.61076000000004
2022-03-19 04:00:00,04_08,10327.0625,0.3119802360851537,10327.0625,-98.43076000000003
2022-03-19 08:00:00,08_12,14268.0,0.5611722055769848,19538.4375,-164.03576000000004
2022-03-19 12:00:00,12_16,34344.0625,0.8018311532085785,34344.0625,-267.16576000000003
2022-03-19 16:00:00,16_20,14268.0,0.54503046069383,20041.25,-143.96826
2022-03-19 20:00:00,20_24,21792.1875,0.5508962699585473,21792.1875,-197.00576000000004
2022-03-20 00:00:00,00_04,28222.375,0.6244449612776116,28222.375,-217.66826000000003
2022-03-20 04:00:00,04_08,31582.6875,0.6926850645793516,31582.6875,-231.99326
2022-03-20 08:00:00,08_12,42680.1875,0.9422519696213604,42680.1875,-291.34826000000004
2022-03-20 12:00:00,12_16,45783.0,1.0099606940625627,46316.4375,-304.78076000000004
2022-03-20 16:00:00,16_20,24640.0625,0.6140210556581804,24640.0625,-213.40076000000005
2022-03-20 20:00:00,20_24,20949.75,0.5348653173033023,20949.75,-199.84576000000007
2022-03-21 00:00:00,00_04,19334.3125,0.4333155231311674,19334.3125,-174.94163
2022-03-21 04:00:00,04_08,9914.5,0.3440738793517269,9914.5,-73.04413000000001
2022-03-21 08:00:00,08_12,12561.5,0.5052804497247391,12561.5,-96.70163
2022-03-21 12:00:00,12_16,12842.5,0.5081809953062157,12842.5,-114.74413
2022-03-21 16:00:00,16_20,0.0,0.1771244571059468,-7563.25,-4.34413
2022-03-21 20:00:00,20_24,896.125,0.2246278550545639,896.125,-57.62163
2022-03-22 00:00:00,00_04,3528.0,0.1623623048169619,3528.0,-69.62627
2022-03-22 04:00:00,04_08,0.0,0.1274182502053517,-3746.8125,-36.22627000000002
2022-03-22 08:00:00,08_12,6301.5,0.4128582940560295,6301.5,-54.12877
2022-03-22 12:00:00,12_16,9128.25,0.4511493580571108,9128.25,-91.80377
2022-03-22 16:00:00,16_20,0.0,0.1013814230950416,-12278.375,5.536229999999989
2022-03-22 20:00:00,20_24,0.0,0.063389885807504,-8042.8125,-29.61877000000001
2022-03-23 00:00:00,00_04,0.0,0.0335888010758701,-1196.0,-79.39875000000004
2022-03-23 04:00:00,04_08,0.0,0.0548399815630327,-7403.8125,-31.698750000000032
2022-03-23 08:00:00,08_12,4698.8125,0.3860076162116773,4698.8125,-60.666250000000026
2022-03-23 12:00:00,12_16,9118.0,0.4389688288388231,9118.0,-94.02125000000004
2022-03-23 16:00:00,16_20,0.0,0.0930311181377414,-11727.5,9.681249999999965
2022-03-23 20:00:00,20_24,0.0,0.0487627736711202,-8980.5,-22.29625000000004
2022-03-24 00:00:00,00_04,0.0,0.0458980520423919,-518.625,-103.41072
2022-03-24 04:00:00,04_08,0.0,0.0531340067639235,-7420.8125,-59.49821999999999
2022-03-24 08:00:00,08_12,4525.0,0.3822293998473768,4525.0,-96.44572
2022-03-24 12:00:00,12_16,9136.1875,0.4380383035941418,9136.1875,-123.31322
2022-03-24 16:00:00,16_20,0.0,0.0939389070851892,-11590.9375,-20.210719999999988
2022-03-24 20:00:00,20_24,0.0,0.0521803040386133,-8704.75,-62.55572
2022-03-25 00:00:00,00_04,0.0,0.0473613199579788,-292.75,-80.36302999999998
2022-03-25 04:00:00,04_08,0.0,0.0746323537730832,-5163.8125,-40.72552999999999
2022-03-25 08:00:00,08_12,6239.4375,0.4000500391816233,6239.4375,-96.93052999999998
2022-03-25 12:00:00,12_16,10726.3125,0.4574181351230115,10726.3125,-140.44803
2022-03-25 16:00:00,16_20,0.0,0.1543197155736245,-6880.25,-31.165530000000004
2022-03-25 20:00:00,20_24,116.3125,0.1807964632412321,116.3125,-83.11802999999999
2022-03-26 00:00:00,00_04,10495.375,0.2463472475701371,10495.375,-82.13803000000001
2022-03-26 04:00:00,04_08,14268.0,0.345402020618884,15079.0,-87.41803000000002
2022-03-26 08:00:00,08_12,24091.9375,0.6161496638998563,24091.9375,-163.68303000000003
2022-03-26 12:00:00,12_16,24987.8125,0.6269370569490029,24987.8125,-187.93053
2022-03-26 16:00:00,16_20,0.0,0.2089410234616488,695.3125,-43.790530000000025
2022-03-26 20:00:00,20_24,0.0,0.1276420355749043,-554.6875,-41.133030000000026
2022-03-27 00:00:00,00_04,4650.666666666664,0.0983675056227132,4650.666666666667,-66.29053000000002
2022-03-27 04:00:00,04_08,5086.6875,0.0834663150350511,5086.6875,-78.08303000000002
2022-03-27 08:00:00,08_12,12408.875,0.3560225918317232,12408.875,-83.04803000000001
2022-03-27 12:00:00,12_16,14268.0,0.5833976230818222,24341.25,-184.59803000000005
2022-03-27 16:00:00,16_20,6172.9375,0.2604797193109474,6172.9375,-85.08053000000002
2022-03-27 20:00:00,20_24,218.875,0.1347415711228582,218.875,-33.21553000000002
2022-03-28 00:00:00,00_04,5300.875,0.1252924286823183,5300.875,-101.27452000000004
2022-03-28 04:00:00,04_08,0.0,0.1089204804919486,-2407.75,-45.48702000000003
2022-03-28 08:00:00,08_12,0.0,0.3358718475004129,2024.0,-41.867020000000025
2022-03-28 12:00:00,12_16,14268.0,0.5646856131895736,17805.0625,-136.90202000000002
2022-03-28 16:00:00,16_20,0.0,0.3094017455934201,3197.5625,-61.07702000000002
2022-03-28 20:00:00,20_24,0.0,0.1712360822505817,-1028.6875,-50.18452000000002
2022-03-29 00:00:00,00_04,7430.5625,0.16596178791482,7430.5625,-89.77622000000002
2022-03-29 04:00:00,04_08,0.0,0.1161820967549565,-2157.75,-47.63622000000003
2022-03-29 08:00:00,08_12,0.0,0.2448158265229999,-4479.6875,-6.25372000000003
2022-03-29 12:00:00,12_16,4276.5625,0.3641940100533902,4276.5625,-71.21622000000002
2022-03-29 16:00:00,16_20,0.0,0.1833409963217655,-5056.6875,-35.251220000000025
2022-03-29 20:00:00,20_24,0.0,0.1076842850225351,-4897.5,-45.88122000000002
2022-03-30 00:00:00,00_04,2376.6875,0.0874442656530019,2376.6875,-88.45702000000003
2022-03-30 04:00:00,04_08,0.0,0.0704425146969563,-4816.9375,-50.529520000000026
2022-03-30 08:00:00,08_12,0.0,0.1588813395376792,-9969.8125,3.800479999999979
2022-03-30 12:00:00,12_16,0.0,0.2149473495852421,-7734.625,-40.18702000000003
2022-03-30 16:00:00,16_20,0.0,0.1442405112426407,-8417.25,-35.90702000000003
2022-03-30 20:00:00,20_24,0.0,0.1446231479610505,-2937.0,-74.22952000000002
2022-03-31 00:00:00,00_04,9281.6875,0.229216318703444,9281.6875,-146.03374999999994
2022-03-31 04:00:00,04_08,6802.625,0.287003686018929,6802.625,-100.82124999999996
2022-03-31 08:00:00,08_12,5540.125,0.3917484711562849,5540.125,-75.12874999999997
2022-03-31 12:00:00,12_16,14050.25,0.5202451409034786,14050.25,-148.06624999999997
2022-03-31 16:00:00,16_20,14268.0,0.4978837358481961,14356.3125,-140.89124999999996
2022-03-31 20:00:00,20_24,14268.0,0.5290325856363592,19341.0,-182.97125
2022-04-01 00:00:00,00_04,24022.75,0.5561975651296285,24022.75,-247.73277
2022-04-01 04:00:00,04_08,14268.0,0.4901595861765353,17056.4375,-192.16777
2022-04-01 08:00:00,08_12,12664.0,0.4977410964178562,12664.0,-153.33026999999998
2022-04-01 12:00:00,12_16,14268.0,0.5836741416010753,18676.0625,-194.14777
2022-04-01 16:00:00,16_20,14268.0,0.527950348095146,16717.375,-170.99276999999998
2022-04-01 20:00:00,20_24,14268.0,0.4689757723141876,16011.375,-175.38527
2022-04-02 00:00:00,00_04,22435.0625,0.489883506220272,22435.0625,-215.74527
2022-04-02 04:00:00,04_08,19248.6875,0.4403822718234879,19248.6875,-197.87527
2022-04-02 08:00:00,08_12,14268.0,0.4668277273880639,14975.5625,-163.27526999999998
2022-04-02 12:00:00,12_16,20095.75,0.5455890617865046,20095.75,-207.60027
2022-04-02 16:00:00,16_20,12301.5,0.3777628896345795,12301.5,-144.19777
2022-04-02 20:00:00,20_24,6983.3125,0.2228450327297373,6983.3125,-131.27777
2022-04-03 00:00:00,00_04,10405.6875,0.1777280668669554,10405.6875,-145.57277000000002
2022-04-03 04:00:00,04_08,11827.75,0.1917269870205197,11827.75,-147.95027000000002
2022-04-03 08:00:00,08_12,14268.0,0.3777503399766696,14597.0,-156.36277
2022-04-03 12:00:00,12_16,14268.0,0.5278829525856289,20664.5,-217.43527000000003
2022-04-03 16:00:00,16_20,14268.0,0.406803369739622,15329.875,-180.46777000000003
2022-04-03 20:00:00,20_24,13165.25,0.3592524815751211,13165.25,-161.87027000000003
2022-04-04 00:00:00,00_04,23651.25,0.524517538778657,23651.25,-244.23776999999995
2022-04-04 04:00:00,04_08,20893.625,0.552982781403827,20893.625,-231.06526999999997
2022-04-04 08:00:00,08_12,25715.0625,0.7075544573933729,25715.0625,-256.34527
2022-04-04 12:00:00,12_16,34555.5625,0.8386549558281331,34555.5625,-305.68276999999995
2022-04-04 16:00:00,16_20,27669.25,0.7281106589877927,27669.25,-273.78527
2022-04-04 20:00:00,20_24,27706.5625,0.6971252715723834,27706.5625,-272.3502699999999
2022-04-05 00:00:00,00_04,32351.3125,0.7352965116914767,32351.3125,-287.20205
2022-04-05 04:00:00,04_08,14268.0,0.5230812678548283,17682.5625,-184.48455
2022-04-05 08:00:00,08_12,5965.5625,0.4162617330429485,5965.5625,-90.28705
2022-04-05 12:00:00,12_16,5558.5,0.4245747061990771,5558.5,-102.77455
2022-04-05 16:00:00,16_20,921.0,0.3182125175231324,921.0,-51.24705
2022-04-05 20:00:00,20_24,4957.5,0.3024684205658839,4957.5,-105.52705
2022-04-06 00:00:00,00_04,18091.9375,0.4831335548973528,18091.9375,-187.77561
2022-04-06 04:00:00,04_08,14268.0,0.5160223493740219,16279.875,-165.92310999999998
2022-04-06 08:00:00,08_12,14268.0,0.613153183063187,17421.6875,-186.74811
2022-04-06 12:00:00,12_16,26934.4375,0.738707836971769,26934.4375,-238.23561
2022-04-06 16:00:00,16_20,14268.0,0.5637830124475862,14921.9375,-176.79061000000002
2022-04-06 20:00:00,20_24,14268.0,0.5526908326597862,17225.5,-194.82561
2022-04-07 00:00:00,00_04,31947.125,0.7330723744482385,31947.125,-246.97649
2022-04-07 04:00:00,04_08,26341.125,0.6725173884480223,26341.125,-235.91149000000004
2022-04-07 08:00:00,08_12,26749.875,0.7289544987386714,26749.875,-230.35899
2022-04-07 12:00:00,12_16,30944.25,0.784331474761249,30944.25,-241.15649
2022-04-07 16:00:00,16_20,25962.8125,0.6988309788258982,25962.8125,-230.92149
2022-04-07 20:00:00,20_24,28546.8125,0.7132760821512291,28546.8125,-253.58399000000003
2022-04-08 00:00:00,00_04,38977.25,0.858027350127628,38977.25,-304.97107
2022-04-08 04:00:00,04_08,26927.0,0.6760524081565297,27312.1875,-232.67607
2022-04-08 08:00:00,08_12,20613.5625,0.6348292501087249,20613.5625,-205.25857
2022-04-08 12:00:00,12_16,17621.9375,0.588063961944805,17621.9375,-187.48607
2022-04-08 16:00:00,16_20,4668.0625,0.3703641229143556,4668.0625,-85.08357
2022-04-08 20:00:00,20_24,4994.1875,0.2982498776830766,4994.1875,-98.95107
2022-04-09 00:00:00,00_04,18922.625,0.4431764942105615,18922.625,-209.11357
2022-04-09 04:00:00,04_08,24708.8125,0.5651876469738257,24708.8125,-230.51607
2022-04-09 08:00:00,08_12,31634.9375,0.75041023547026,31634.9375,-264.80857000000003
2022-04-09 12:00:00,12_16,43648.9375,0.9592521239718852,43648.9375,-311.22857000000005
2022-04-09 16:00:00,16_20,26927.0,0.7188174642251626,30184.9375,-266.82607
2022-04-09 20:00:00,20_24,22512.0625,0.5481274502128787,22512.0625,-221.60857000000004
2022-04-10 00:00:00,00_04,28985.125,0.6172779664360496,28985.125,-273.55107
2022-04-10 04:00:00,04_08,29198.3125,0.6166250228707346,29198.3125,-273.42857000000004
2022-04-10 08:00:00,08_12,34549.5625,0.7762762082025808,34549.5625,-289.57357
2022-04-10 12:00:00,12_16,38954.1875,0.8649721896356107,38954.1875,-308.91357000000005
2022-04-10 16:00:00,16_20,14268.0,0.5554337313632925,22747.75,-197.15357
2022-04-10 20:00:00,20_24,6848.3125,0.2472665731668298,6848.3125,-71.81857000000001
2022-04-11 00:00:00,00_04,8613.3125,0.2002058499945124,8613.3125,-124.01575
2022-04-11 04:00:00,04_08,0.0,0.1381569392401725,-2253.625,-63.18824999999998
2022-04-11 08:00:00,08_12,561.3125,0.3339076707515231,561.3125,-72.01075
2022-04-11 12:00:00,12_16,10982.375,0.4842127963902324,10982.375,-126.06575
2022-04-11 16:00:00,16_20,0.0,0.2227073944567775,-5027.9375,-67.78575
2022-04-11 20:00:00,20_24,0.0,0.163911076355918,-4557.6875,-55.78324999999999
2022-04-12 00:00:00,00_04,12266.75,0.3004430072588828,12266.75,-110.97953
2022-04-12 04:00:00,04_08,7336.0,0.310128496939672,7336.0,-79.31453000000002
2022-04-12 08:00:00,08_12,11846.75,0.5018854011907413,11846.75,-89.61953000000003
2022-04-12 12:00:00,12_16,22755.375,0.6603535053230708,22755.375,-182.09203
2022-04-12 16:00:00,16_20,8745.5625,0.435335140168836,8745.5625,-105.69953
2022-04-12 20:00:00,20_24,10984.3125,0.4155533020794061,10984.3125,-113.72703
2022-04-13 00:00:00,00_04,14268.0,0.4089775174700568,17353.0,-134.55136
2022-04-13 04:00:00,04_08,4980.4375,0.258382779080999,4980.4375,-71.82886000000002
2022-04-13 08:00:00,08_12,4309.6875,0.373441291587887,4309.6875,-65.79886000000002
2022-04-13 12:00:00,12_16,10761.1875,0.4677793086764152,10761.1875,-104.20386
2022-04-13 16:00:00,16_20,0.0,0.2041610702009327,-3773.3125,-47.43886000000001
2022-04-13 20:00:00,20_24,0.0,0.0976074121647394,-5938.8125,-36.006360000000015
2022-04-14 00:00:00,00_04,4540.375,0.1354748950336637,4540.375,-92.23886000000005
2022-04-14 04:00:00,04_08,0.0,0.1367525092203526,-1183.125,-69.11636000000004
2022-04-14 08:00:00,08_12,0.0,0.2972297596828525,-804.0625,-60.86136000000004
2022-04-14 12:00:00,12_16,7677.5625,0.4236796504536763,7677.5625,-106.04136000000004
2022-04-14 16:00:00,16_20,0.0,0.2483862992562232,-1449.0625,-70.97136000000003
2022-04-14 20:00:00,20_24,0.0,0.1402326307978702,-3670.5625,-45.35386000000004
2022-04-15 00:00:00,00_04,7267.5,0.1824326173211109,7267.5,-85.99386000000001
2022-04-15 04:00:00,04_08,8170.375,0.1946150584445988,8170.375,-81.81636
2022-04-15 08:00:00,08_12,12738.1875,0.4040610347015392,12738.1875,-91.28136000000002
2022-04-15 12:00:00,12_16,19540.4375,0.5368029842785049,19540.4375,-126.48136
2022-04-15 16:00:00,16_20,8237.4375,0.3125916775124658,8237.4375,-95.80136000000002
2022-04-15 20:00:00,20_24,3643.1875,0.201535422137557,3643.1875,-73.98386
2022-04-16 00:00:00,00_04,11956.625,0.2694897245910806,11956.625,-101.08136000000002
2022-04-16 04:00:00,04_08,11529.5625,0.2755245042357224,11529.5625,-99.90386000000002
2022-04-16 08:00:00,08_12,12922.0,0.4914643966409755,16985.625,-125.06886000000002
2022-04-16 12:00:00,12_16,29831.9375,0.726829871100296,29831.9375,-230.42636
2022-04-16 16:00:00,16_20,12002.8125,0.382082347967472,12002.8125,-147.81136000000004
2022-04-16 20:00:00,20_24,5917.3125,0.223625903754956,5917.3125,-97.01636000000002
2022-04-17 00:00:00,00_04,14928.5,0.2808296023535076,14928.5,-142.96886
2022-04-17 04:00:00,04_08,14560.0,0.2366632749761497,14560.0,-138.29386
2022-04-17 08:00:00,08_12,25581.0,0.5893658595952698,25635.875,-191.61136
2022-04-17 12:00:00,12_16,35023.0,0.7915462349233946,35023.0,-274.08136
2022-04-17 16:00:00,16_20,12922.0,0.3851678403787696,16273.3125,-173.85886
2022-04-17 20:00:00,20_24,10224.0625,0.2594952636388227,10224.0625,-102.06386
2022-04-18 00:00:00,00_04,14743.9375,0.304770369422156,14743.9375,-189.66885999999997
2022-04-18 04:00:00,04_08,11910.0,0.239184167214316,11910.0,-180.69636
2022-04-18 08:00:00,08_12,21941.5,0.5570121988448341,21941.5,-178.0788599999999
2022-04-18 12:00:00,12_16,27143.6875,0.6661662880986331,27143.6875,-214.46136
2022-04-18 16:00:00,16_20,6904.1875,0.2739403434798513,6904.1875,-116.56635999999996
2022-04-18 20:00:00,20_24,127.75,0.1312388398714548,127.75,-50.00385999999997
2022-04-19 00:00:00,00_04,5740.875,0.1392781674792045,5740.875,-82.91620000000006
2022-04-19 04:00:00,04_08,0.0,0.11474046700141,-1962.875,-44.60620000000004
2022-04-19 08:00:00,08_12,0.0,0.3841924558290718,4853.5,-30.08620000000004
2022-04-19 12:00:00,12_16,12922.0,0.5613700193728446,16610.3125,-94.60870000000004
2022-04-19 16:00:00,16_20,6231.25,0.3669436429963746,6231.25,-71.37620000000004
2022-04-19 20:00:00,20_24,3408.875,0.2672366078275772,3408.875,-65.98120000000006
2022-04-20 00:00:00,00_04,8533.3125,0.2271949645796409,8533.3125,-93.75539
2022-04-20 04:00:00,04_08,545.1875,0.1790168232873698,545.1875,-65.86289
2022-04-20 08:00:00,08_12,6626.6875,0.4202409601779492,6626.6875,-69.92039
2022-04-20 12:00:00,12_16,17663.8125,0.582781194245885,17663.8125,-111.71539
2022-04-20 16:00:00,16_20,5015.75,0.3493934334317066,5015.75,-69.50039
2022-04-20 20:00:00,20_24,1454.3125,0.2377366029838357,1454.3125,-52.67538999999999
2022-04-21 00:00:00,00_04,8386.3125,0.2374493197466842,8386.3125,-103.70693
2022-04-21 04:00:00,04_08,1063.875,0.1957113407773512,1063.875,-69.27443000000002
2022-04-21 08:00:00,08_12,3550.5,0.3665384700672671,3550.5,-62.46193000000001
2022-04-21 12:00:00,12_16,12922.0,0.5195079772942659,13877.625,-111.50193
2022-04-21 16:00:00,16_20,8966.3125,0.4142978606297967,8966.3125,-89.74443
2022-04-21 20:00:00,20_24,9171.5625,0.3663070381772367,9171.5625,-81.22943000000001
2022-04-22 00:00:00,00_04,12922.0,0.3872493254480155,15461.625,-104.41193
2022-04-22 04:00:00,04_08,9934.625,0.3608681079076282,9934.625,-83.84443
2022-04-22 08:00:00,08_12,12922.0,0.5412421716292576,14636.4375,-85.16193
2022-04-22 12:00:00,12_16,25581.0,0.7194800491369227,26703.1875,-191.14443
2022-04-22 16:00:00,16_20,12922.0,0.5585396889161763,17966.0,-132.46443
2022-04-22 20:00:00,20_24,12922.0,0.4821904948975397,16276.0625,-106.65193
2022-04-23 00:00:00,00_04,24414.25,0.5438003184245886,24414.25,-165.75943
2022-04-23 04:00:00,04_08,22638.4375,0.5090106066276062,22638.4375,-155.98692999999997
2022-04-23 08:00:00,08_12,25581.0,0.7246899782420012,30142.8125,-210.52193
2022-04-23 12:00:00,12_16,38252.1875,0.8782667859226877,38252.1875,-282.50942999999995
2022-04-23 16:00:00,16_20,25492.75,0.6247011590551413,25492.75,-178.81693
2022-04-23 20:00:00,20_24,21987.4375,0.5312705531416853,21987.4375,-153.00942999999998
2022-04-24 00:00:00,00_04,25581.0,0.6036494417106932,28621.4375,-191.79443000000003
2022-04-24 04:00:00,04_08,25581.0,0.5950848798372718,28490.875,-196.47193
2022-04-24 08:00:00,08_12,25581.0,0.6587557135268773,28353.75,-203.59443000000005
2022-04-24 12:00:00,12_16,33360.0,0.7647261714697821,33360.0,-243.25943000000004
2022-04-24 16:00:00,16_20,12922.0,0.5078024716713602,21248.9375,-148.12443000000002
2022-04-24 20:00:00,20_24,12922.0,0.3443811067419352,13468.0625,-76.59193000000003
2022-04-25 00:00:00,00_04,12922.0,0.3151386374135937,13472.8125,-102.47978
2022-04-25 04:00:00,04_08,1557.4375,0.199745784844368,1557.4375,-65.77728000000002
2022-04-25 08:00:00,08_12,0.0,0.2637858117655001,-4401.75,-42.07478
2022-04-25 12:00:00,12_16,1808.5,0.3537902447997212,1808.5,-88.12478
2022-04-25 16:00:00,16_20,0.0,0.2110299672626542,-4471.25,-56.26228000000001
2022-04-25 20:00:00,20_24,0.0,0.1079385340577724,-6748.6875,-30.077280000000016
2022-04-26 00:00:00,00_04,3289.875,0.1036581695292999,3289.875,-80.05227000000004
2022-04-26 04:00:00,04_08,0.0,0.087161612723267,-4963.4375,-37.44727000000004
2022-04-26 08:00:00,08_12,0.0,0.249886699927178,-5106.0625,-33.19477000000003
2022-04-26 12:00:00,12_16,80.5,0.3237809462631785,80.5,-70.97727000000003
2022-04-26 16:00:00,16_20,0.0,0.1919084749436225,-5628.75,-37.70727000000003
2022-04-26 20:00:00,20_24,0.0,0.1012108617407507,-6917.0,-24.93477000000004
2022-04-27 00:00:00,00_04,593.4375,0.0824609948216858,593.4375,-88.79029999999997
2022-04-27 04:00:00,04_08,0.0,0.0748766995194532,-6036.9375,-57.03029999999998
2022-04-27 08:00:00,08_12,0.0,0.3056609588941518,-1467.0625,-48.18029999999997
2022-04-27 12:00:00,12_16,6248.4375,0.4156154676312171,6248.4375,-89.58029999999997
2022-04-27 16:00:00,16_20,0.0,0.2084416294898605,-4621.5625,-61.43279999999998
2022-04-27 20:00:00,20_24,0.0,0.0815496895913732,-7668.3125,-47.90279999999998
2022-04-28 00:00:00,00_04,1499.875,0.0954937107344939,1499.875,-107.47188
2022-04-28 04:00:00,04_08,0.0,0.1029637797182088,-4074.75,-71.90188000000002
2022-04-28 08:00:00,08_12,5444.375,0.407693636467138,5444.375,-69.19688000000001
2022-04-28 12:00:00,12_16,12922.0,0.5305722788787642,13498.1875,-111.09688
2022-04-28 16:00:00,16_20,573.4375,0.2916979802358106,573.4375,-74.24438000000002
2022-04-28 20:00:00,20_24,0.0,0.1333280377649675,-4572.125,-53.91688
2022-04-29 00:00:00,00_04,1933.4375,0.1096574790338065,1933.4375,-94.52437999999997
2022-04-29 04:00:00,04_08,0.0,0.09075966613564,-5154.1875,-59.56687999999996
2022-04-29 08:00:00,08_12,4583.5,0.3903627386366892,4583.5,-49.43937999999996
2022-04-29 12:00:00,12_16,12323.0,0.5042866491159823,12323.0,-99.28687999999995
2022-04-29 16:00:00,16_20,0.0,0.2499986809907553,-1277.625,-65.42187999999996
2022-04-29 20:00:00,20_24,0.0,0.147091905397216,-2683.9375,-53.18437999999996
2022-04-30 00:00:00,00_04,2823.6875,0.1654435076923938,2823.6875,-101.63687999999996
2022-04-30 04:00:00,04_08,1953.375,0.1486866228920806,1953.375,-96.36187999999996
2022-04-30 08:00:00,08_12,3627.25,0.3176141129074709,3627.25,-94.85437999999996
2022-04-30 12:00:00,12_16,8420.25,0.4020297103903752,8420.25,-124.69687999999996
2022-04-30 16:00:00,16_20,409.3125,0.2240657763827878,409.3125,-86.51937999999996
2022-04-30 20:00:00,20_24,0.0,0.1099423540131169,-3077.625,-54.99187999999996
2022-05-01 00:00:00,00_04,2484.1875,0.0955175266259952,2484.1875,-92.08688000000002
2022-05-01 04:00:00,04_08,4167.0625,0.096330019747845,4167.0625,-93.77688000000002
2022-05-01 08:00:00,08_12,8826.625,0.3446574600020191,8826.625,-110.25438
2022-05-01 12:00:00,12_16,14055.5,0.4655485513901645,14055.5,-139.71188
2022-05-01 16:00:00,16_20,2521.0,0.2234396236278097,2521.0,-88.89688000000001
2022-05-01 20:00:00,20_24,0.0,0.0884107007461728,-3396.8125,-52.53688000000002
2022-05-02 00:00:00,00_04,946.5,0.0788709396790556,946.5,-92.56393
2022-05-02 04:00:00,04_08,0.0,0.0699492789123605,-8038.0,-59.96393000000002
2022-05-02 08:00:00,08_12,0.0,0.3268067427674213,-3483.0625,-69.31143000000003
2022-05-02 12:00:00,12_16,3892.8125,0.4374652885291183,3892.8125,-102.80143
2022-05-02 16:00:00,16_20,0.0,0.2251014782798982,-7481.0,-62.508930000000014
2022-05-02 20:00:00,20_24,0.0,0.1083395543005866,-9759.5,-46.26893000000001
2022-05-03 00:00:00,00_04,400.6875,0.1311932747074005,400.6875,-110.03325
2022-05-03 04:00:00,04_08,0.0,0.1398436526167708,-5624.8125,-76.36825000000002
2022-05-03 08:00:00,08_12,0.0,0.3692577273257681,-1217.5,-70.23825
2022-05-03 12:00:00,12_16,5724.5625,0.4681169116775515,5724.5625,-98.10325
2022-05-03 16:00:00,16_20,0.0,0.239513273430624,-6783.875,-59.76075
2022-05-03 20:00:00,20_24,0.0,0.0845670724564549,-11136.0,-40.44325
2022-05-04 00:00:00,00_04,0.0,0.0675533321187231,-2882.9375,-92.15731
2022-05-04 04:00:00,04_08,0.0,0.0607215164593625,-9429.6875,-49.28731000000002
2022-05-04 08:00:00,08_12,0.0,0.3186831053503895,-3554.3125,-51.36981
2022-05-04 12:00:00,12_16,2996.1875,0.4158877620619439,2996.1875,-92.29731
2022-05-04 16:00:00,16_20,0.0,0.1917385780781335,-8255.0,-53.317310000000006
2022-05-04 20:00:00,20_24,0.0,0.0511518843522614,-11856.9375,-37.96481
2022-05-05 00:00:00,00_04,0.0,0.0557033370763243,-3660.75,-92.63774000000004
2022-05-05 04:00:00,04_08,0.0,0.0623905051245374,-9924.0,-65.42774000000003
2022-05-05 08:00:00,08_12,0.0,0.292099652690808,-5218.8125,-57.32524000000004
2022-05-05 12:00:00,12_16,2057.5625,0.3998133918770581,2057.5625,-89.24024000000004
2022-05-05 16:00:00,16_20,0.0,0.204757535959582,-7809.1875,-66.94274000000004
2022-05-05 20:00:00,20_24,0.0,0.0610020719961747,-11901.8125,-47.61774000000004
2022-05-06 00:00:00,00_04,0.0,0.0661442040617313,-3904.875,-87.22774000000004
2022-05-06 04:00:00,04_08,0.0,0.0809113839111862,-9229.375,-59.61274000000004
2022-05-06 08:00:00,08_12,0.0,0.348976055654586,-2126.25,-66.75524000000003
2022-05-06 12:00:00,12_16,4694.75,0.4510376687630181,4694.75,-104.67274000000003
2022-05-06 16:00:00,16_20,0.0,0.2289016751623274,-6662.4375,-73.68774000000003
2022-05-06 20:00:00,20_24,0.0,0.0617120605193923,-11197.125,-48.27024000000004
2022-05-07 00:00:00,00_04,0.0,0.0718717373816899,-1960.8125,-68.08524000000001
2022-05-07 04:00:00,04_08,0.0,0.1041624950828565,-716.3125,-76.02774000000002
2022-05-07 08:00:00,08_12,6784.5625,0.400063422339932,6784.5625,-77.83024000000003
2022-05-07 12:00:00,12_16,11029.0,0.520995856290161,13285.6875,-108.74524000000002
2022-05-07 16:00:00,16_20,4438.5625,0.3378347699449104,4438.5625,-85.97274
2022-05-07 20:00:00,20_24,221.5625,0.1926469470002281,221.5625,-57.42524000000002
2022-05-08 00:00:00,00_04,7138.3125,0.2144172361132278,7138.3125,-85.20024
2022-05-08 04:00:00,04_08,8536.375,0.237002934859397,8536.375,-95.04774
2022-05-08 08:00:00,08_12,16343.875,0.5287752116415005,16343.875,-127.39024
2022-05-08 12:00:00,12_16,20385.0,0.6686750591723671,22786.9375,-186.88524
2022-05-08 16:00:00,16_20,7307.0,0.3508356675521194,7307.0,-105.02274
2022-05-08 20:00:00,20_24,0.0,0.1417134219093892,-2382.9375,-49.74523999999999
2022-05-09 00:00:00,00_04,3161.5,0.1498650308949214,3161.5,-82.50804
2022-05-09 04:00:00,04_08,0.0,0.1441575705379041,-4144.4375,-56.21804
2022-05-09 08:00:00,08_12,3587.0,0.4344116690938698,3587.0,-65.47804000000001
2022-05-09 12:00:00,12_16,10748.6875,0.5474829312699135,10748.6875,-98.26054
2022-05-09 16:00:00,16_20,0.0,0.2541090582379166,-5082.5625,-46.49304
2022-05-09 20:00:00,20_24,0.0,0.1130516567453619,-8913.25,-38.43304
2022-05-10 00:00:00,00_04,7076.4375,0.2899800659045604,7076.4375,-71.06220000000002
2022-05-10 04:00:00,04_08,3159.0625,0.3158372053023623,3159.0625,-61.03720000000003
2022-05-10 08:00:00,08_12,7749.0,0.5189987231584109,7749.0,-66.88470000000002
2022-05-10 12:00:00,12_16,19000.125,0.6921224996265731,19000.125,-174.62220000000002
2022-05-10 16:00:00,16_20,6672.5625,0.4719633196121817,6672.5625,-79.56470000000004
2022-05-10 20:00:00,20_24,0.0,0.2686614140785233,-1226.9375,-38.36970000000002
2022-05-11 00:00:00,00_04,4529.0625,0.2373848013821742,4529.0625,-65.91433
2022-05-11 04:00:00,04_08,552.8125,0.2660888485511471,552.8125,-53.334330000000016
2022-05-11 08:00:00,08_12,9496.1875,0.5495879116908196,9496.1875,-90.11433000000002
2022-05-11 12:00:00,12_16,28327.125,0.8381475520360404,28327.125,-224.44433000000004
2022-05-11 16:00:00,16_20,11029.0,0.5576695995867125,11739.125,-106.99433000000002
2022-05-11 20:00:00,20_24,232.9375,0.292509228145499,232.9375,-46.80933000000002
2022-05-12 00:00:00,00_04,15767.875,0.5088591915135111,15767.875,-115.57679
2022-05-12 04:00:00,04_08,10372.5625,0.4690412973034702,10372.5625,-69.76429
2022-05-12 08:00:00,08_12,11029.0,0.6149082097590854,13199.1875,-90.88679
2022-05-12 12:00:00,12_16,20385.0,0.7505680516809634,22001.6875,-170.25179000000003
2022-05-12 16:00:00,16_20,5036.4375,0.4620326612295361,5036.4375,-68.61679000000001
2022-05-12 20:00:00,20_24,0.0,0.1579570785982964,-8027.625,-34.51679
2022-05-13 00:00:00,00_04,461.625,0.1814446067814711,461.625,-93.05728
2022-05-13 04:00:00,04_08,0.0,0.263225587556578,-64.3125,-74.88728
2022-05-13 08:00:00,08_12,8871.4375,0.5532866762848453,8871.4375,-94.57478
2022-05-13 12:00:00,12_16,27293.9375,0.8317280917280917,27293.9375,-235.72728
2022-05-13 16:00:00,16_20,11029.0,0.5922746429635332,13315.8125,-144.12978
2022-05-13 20:00:00,20_24,447.0,0.3039070204706121,447.0,-67.91478000000001
2022-05-14 00:00:00,00_04,12150.875,0.4001222977590734,12150.875,-119.24478000000003
2022-05-14 04:00:00,04_08,11029.0,0.3918183386526352,11769.0625,-99.50228000000004
2022-05-14 08:00:00,08_12,11029.0,0.6500421655867394,19690.5,-135.52478000000002
2022-05-14 12:00:00,12_16,29479.5625,0.832745565998987,29479.5625,-235.42978
2022-05-14 16:00:00,16_20,9275.75,0.4315521397285539,9275.75,-104.43728000000004
2022-05-14 20:00:00,20_24,0.0,0.1085066828806336,-3211.5625,-38.87228000000003
2022-05-15 00:00:00,00_04,3362.0625,0.1145486596366408,3362.0625,-81.80478000000002
2022-05-15 04:00:00,04_08,5287.25,0.1449853831307856,5287.25,-109.03728000000004
2022-05-15 08:00:00,08_12,18551.625,0.5809611362031523,18551.625,-161.62478000000004
2022-05-15 12:00:00,12_16,26493.5,0.7533916411438435,26493.5,-229.49478
2022-05-15 16:00:00,16_20,7424.25,0.357021828748365,7424.25,-115.66728000000003
2022-05-15 20:00:00,20_24,215.0625,0.1985120005062837,215.0625,-55.30978000000003
2022-05-16 00:00:00,00_04,10744.5625,0.342013530146352,10744.5625,-105.12132000000004
2022-05-16 04:00:00,04_08,4180.0,0.3153144542965758,4180.0,-69.78632000000002
2022-05-16 08:00:00,08_12,4230.3125,0.4650773566118158,4230.3125,-54.06882000000002
2022-05-16 12:00:00,12_16,9045.6875,0.5423563577445643,9045.6875,-92.35632000000004
2022-05-16 16:00:00,16_20,0.0,0.3232843961685149,-2656.375,-41.06382000000002
2022-05-16 20:00:00,20_24,0.0,0.1964973531358414,-5115.8125,-31.22632000000003
2022-05-17 00:00:00,00_04,1529.875,0.1700088392320475,1529.875,-85.49190000000004
2022-05-17 04:00:00,04_08,0.0,0.1280305067581481,-6780.375,-55.604400000000055
2022-05-17 08:00:00,08_12,0.0,0.3094142437694161,-6361.75,-37.021900000000045
2022-05-17 12:00:00,12_16,0.0,0.4009537909770982,-103.1875,-83.17190000000005
2022-05-17 16:00:00,16_20,0.0,0.2073660596217092,-9556.0625,-33.09440000000005
2022-05-17 20:00:00,20_24,0.0,0.123873358994503,-8978.25,-24.29190000000005
2022-05-18 00:00:00,00_04,3962.625,0.2496794801551644,3962.625,-91.32486
2022-05-18 04:00:00,04_08,0.0,0.2671433038939751,-28.5,-71.55735999999999
2022-05-18 08:00:00,08_12,3596.0,0.4648003325374346,3596.0,-75.10986
2022-05-18 12:00:00,12_16,9464.8125,0.5560432111104352,9464.8125,-98.57235999999996
2022-05-18 16:00:00,16_20,0.0,0.274810133240541,-6608.125,-41.72485999999999
2022-05-18 20:00:00,20_24,0.0,0.1657141748583244,-7493.6875,-40.19735999999999
2022-05-19 00:00:00,00_04,5473.0625,0.2879948080361151,5473.0625,-93.51377
2022-05-19 04:00:00,04_08,890.1875,0.2866197486225895,890.1875,-69.20626999999999
2022-05-19 08:00:00,08_12,3863.8125,0.472065760653222,3863.8125,-62.69626999999998
2022-05-19 12:00:00,12_16,8981.0625,0.5521940128691395,8981.0625,-96.79626999999996
2022-05-19 16:00:00,16_20,0.0,0.3193275699935021,-3983.0625,-46.74876999999998
2022-05-19 20:00:00,20_24,0.0,0.186398936382674,-6377.625,-34.53626999999999
2022-05-20 00:00:00,00_04,3143.375,0.2450276362147544,3143.375,-71.60763000000006
2022-05-20 04:00:00,04_08,0.0,0.1537677564395217,-6191.125,-43.08263000000005
2022-05-20 08:00:00,08_12,0.0,0.3650026694373861,-3226.4375,-47.625130000000055
2022-05-20 12:00:00,12_16,4791.6875,0.4825467521925534,4791.6875,-77.25263000000005
2022-05-20 16:00:00,16_20,0.0,0.2954166338162006,-4270.5625,-51.52013000000005
2022-05-20 20:00:00,20_24,2326.1875,0.3316560022742418,2326.1875,-60.11013000000005
2022-05-21 00:00:00,00_04,20385.0,0.6479985967994647,23238.0625,-141.72012999999998
2022-05-21 04:00:00,04_08,20385.0,0.6633919277856661,23732.8125,-152.86763000000002
2022-05-21 08:00:00,08_12,20385.0,0.8620331790988914,30860.5625,-183.34263
2022-05-21 12:00:00,12_16,38164.0,1.0408001134571747,40285.6875,-254.23513000000003
2022-05-21 16:00:00,16_20,11029.0,0.670663081720774,21689.25,-140.62763
2022-05-21 20:00:00,20_24,1443.625,0.2085358493819443,1443.625,-32.955130000000004
2022-05-22 00:00:00,00_04,5055.4375,0.1468260744884117,5055.4375,-76.43012999999996
2022-05-22 04:00:00,04_08,5182.875,0.1363601388927543,5182.875,-84.86262999999997
2022-05-22 08:00:00,08_12,15775.125,0.5217403499773601,15775.125,-106.92512999999995
2022-05-22 12:00:00,12_16,20385.0,0.6521752276981974,21618.0625,-140.55762999999996
2022-05-22 16:00:00,16_20,4024.75,0.2845911475903812,4024.75,-78.93262999999996
2022-05-22 20:00:00,20_24,0.0,0.1303786148584834,-2992.625,-37.40012999999996
2022-05-23 00:00:00,00_04,9303.9375,0.3128987579304798,9303.9375,-89.09626999999998
2022-05-23 04:00:00,04_08,4959.5,0.3283187598609752,4959.5,-63.066269999999975
2022-05-23 08:00:00,08_12,4594.5625,0.4719620237597461,4594.5625,-34.951269999999965
2022-05-23 12:00:00,12_16,11029.0,0.6104989604989605,13080.9375,-76.88626999999997
2022-05-23 16:00:00,16_20,4589.4375,0.4556249442231398,4589.4375,-52.33626999999997
2022-05-23 20:00:00,20_24,8626.8125,0.4609756877141794,8626.8125,-70.83376999999997
2022-05-24 00:00:00,00_04,20385.0,0.6717169749900533,23390.1875,-155.72511
2022-05-24 04:00:00,04_08,11029.0,0.507710222873161,12509.625,-78.32011
2022-05-24 08:00:00,08_12,6921.625,0.5234329604274504,6921.625,-57.57010999999999
2022-05-24 12:00:00,12_16,16263.1875,0.6642506400583991,16263.1875,-103.32011
2022-05-24 16:00:00,16_20,3812.1875,0.4478601185449691,3812.1875,-57.64260999999999
2022-05-24 20:00:00,20_24,0.0,0.1876751111341895,-6836.6875,-33.49760999999999
2022-05-25 00:00:00,00_04,0.0,0.1542727477900049,-739.1875,-67.12839000000001
2022-05-25 04:00:00,04_08,0.0,0.1467773533335029,-5876.25,-47.14589
2022-05-25 08:00:00,08_12,957.9375,0.4194359648985837,957.9375,-49.85089000000001
2022-05-25 12:00:00,12_16,14401.5625,0.6296815233214477,14401.5625,-102.22339
2022-05-25 16:00:00,16_20,5909.8125,0.4719118383498262,5909.8125,-85.71839000000001
2022-05-25 20:00:00,20_24,0.0,0.295729900666116,-709.375,-49.55589000000001
2022-05-26 00:00:00,00_04,19235.5,0.5622095964904396,19235.5,-152.83706999999998
2022-05-26 04:00:00,04_08,23037.3125,0.6391063074496329,23037.3125,-165.49206999999996
2022-05-26 08:00:00,08_12,30318.5625,0.8471487309912333,30318.5625,-231.09457
2022-05-26 12:00:00,12_16,36804.875,0.9745737514744446,36804.875,-247.86707
2022-05-26 16:00:00,16_20,20385.0,0.7081295014615624,23581.0,-177.23457
2022-05-26 20:00:00,20_24,9980.0,0.4081601790521126,9980.0,-96.32206999999998
2022-05-27 00:00:00,00_04,20659.75,0.5993260581289215,20659.75,-189.00729
2022-05-27 04:00:00,04_08,16780.5,0.5688980406523579,16780.5,-143.01229
2022-05-27 08:00:00,08_12,22675.125,0.7522182677092667,22675.125,-216.60729
2022-05-27 12:00:00,12_16,36101.9375,0.9677343836345916,36101.9375,-252.11979
2022-05-27 16:00:00,16_20,27671.3125,0.8240067361002069,27671.3125,-232.85729
2022-05-27 20:00:00,20_24,17892.4375,0.6151539848067531,17892.4375,-171.17729000000003
2022-05-28 00:00:00,00_04,23293.8125,0.7220697174879414,23293.8125,-243.37229
2022-05-28 04:00:00,04_08,25561.1875,0.7718072810601577,25561.1875,-247.01228999999995
2022-05-28 08:00:00,08_12,32665.875,0.9473215566009372,32665.875,-249.40479
2022-05-28 12:00:00,12_16,35513.0,1.0106036333771429,36084.3125,-256.56729
2022-05-28 16:00:00,16_20,17792.0,0.7673411625290596,23634.9375,-192.61728999999997
2022-05-28 20:00:00,20_24,9582.4375,0.4410914430434314,9582.4375,-86.77978999999995
2022-05-29 00:00:00,00_04,9927.875,0.3587662566621168,9927.875,-105.67478999999996
2022-05-29 04:00:00,04_08,10121.875,0.3531202459558267,10121.875,-112.92979
2022-05-29 08:00:00,08_12,13745.5625,0.5509530394580008,13745.5625,-109.98979
2022-05-29 12:00:00,12_16,17038.375,0.6259191583820534,17038.375,-121.34729
2022-05-29 16:00:00,16_20,7520.625,0.4185846879500688,7520.625,-88.57728999999998
2022-05-29 20:00:00,20_24,0.0,0.1286831548488938,-5413.1875,-31.34478999999999
2022-05-30 00:00:00,00_04,0.0,0.0918527594528162,-5206.8125,-60.15679999999997
2022-05-30 04:00:00,04_08,0.0,0.0921773039568892,-11948.0625,-37.27679999999997
2022-05-30 08:00:00,08_12,0.0,0.3195536900986628,-10161.5,-15.859299999999976
2022-05-30 12:00:00,12_16,0.0,0.41299850433977,-4603.75,-47.58179999999997
2022-05-30 16:00:00,16_20,0.0,0.224713152922746,-14359.3125,-11.824299999999972
2022-05-30 20:00:00,20_24,0.0,0.040616691679135,-20040.6875,4.0607000000000255
2022-05-31 00:00:00,00_04,0.0,0.0599573800355828,-8639.875,-78.15482000000002
2022-05-31 04:00:00,04_08,0.0,0.0985600987501928,-12871.4375,-50.179820000000014
2022-05-31 08:00:00,08_12,0.0,0.3688127550386466,-7232.9375,-47.39732000000002
2022-05-31 12:00:00,12_16,0.0,0.4334642340834953,-3331.5625,-78.05232000000001
2022-05-31 16:00:00,16_20,0.0,0.2145264007777292,-14899.0,-45.19982000000002
2022-05-31 20:00:00,20_24,0.0,0.0518269349954342,-19341.125,-19.74982000000002
2022-06-01 00:00:00,00_04,0.0,0.0679405461382125,-3874.125,-66.54935999999996
2022-06-01 04:00:00,04_08,0.0,0.1231171923494723,-7002.0625,-53.58935999999997
2022-06-01 08:00:00,08_12,0.0,0.3873450975111954,-1326.375,-45.42185999999996
2022-06-01 12:00:00,12_16,6961.0,0.5141581411984706,6961.0,-83.93435999999996
2022-06-01 16:00:00,16_20,0.0,0.2959476834358854,-4269.0,-53.01435999999997
2022-06-01 20:00:00,20_24,0.0,0.0859597390827046,-11025.4375,-18.65685999999996
2022-06-02 00:00:00,00_04,1514.4375,0.1812583849829805,1514.4375,-72.62260999999998
2022-06-02 04:00:00,04_08,0.0,0.2338400196294933,-595.0625,-54.58010999999999
2022-06-02 08:00:00,08_12,7825.5625,0.5174024689216993,7825.5625,-59.53010999999999
2022-06-02 12:00:00,12_16,15107.5625,0.635264135585138,15107.5625,-91.82760999999998
2022-06-02 16:00:00,16_20,0.0,0.3523329264633961,-961.75,-49.88010999999998
2022-06-02 20:00:00,20_24,0.0,0.1270378082394168,-8833.375,-20.06510999999999
2022-06-03 00:00:00,00_04,396.9375,0.1586131392938316,396.9375,-81.94200000000001
2022-06-03 04:00:00,04_08,0.0,0.1660584484854499,-3724.1875,-54.7395
2022-06-03 08:00:00,08_12,848.75,0.4164785355183167,848.75,-57.3545
2022-06-03 12:00:00,12_16,6543.125,0.504024680148979,6543.125,-91.6345
2022-06-03 16:00:00,16_20,0.0,0.2627341463465732,-5693.875,-46.432
2022-06-03 20:00:00,20_24,0.0,0.2178625742460617,-2591.625,-38.932
2022-06-04 00:00:00,00_04,5728.8125,0.2344875920038843,5728.8125,-79.91199999999995
2022-06-04 04:00:00,04_08,5461.9375,0.2154413873251128,5461.9375,-86.55699999999993
2022-06-04 08:00:00,08_12,9245.5,0.4530358316740184,9245.5,-81.39699999999995
2022-06-04 12:00:00,12_16,16866.125,0.60173445343231,16866.125,-131.03199999999995
2022-06-04 16:00:00,16_20,4860.0625,0.3434736728547,4860.0625,-77.04949999999995
2022-06-04 20:00:00,20_24,0.0,0.1693278734705375,-198.5,-50.189499999999946
2022-06-05 00:00:00,00_04,10023.75,0.2686330744719546,10023.75,-94.17450000000002
2022-06-05 04:00:00,04_08,15919.8125,0.3757983058303019,15919.8125,-115.2245
2022-06-05 08:00:00,08_12,18607.0,0.6392428541351273,21551.4375,-105.497
2022-06-05 12:00:00,12_16,18607.0,0.7465247437144928,25799.5625,-135.6945
2022-06-05 16:00:00,16_20,15547.875,0.5140842906740628,15547.875,-93.0045
2022-06-05 20:00:00,20_24,12902.3125,0.4371268107790027,12902.3125,-85.78450000000001
2022-06-06 00:00:00,00_04,18031.0,0.5321269472522487,18520.6875,-151.34628000000004
2022-06-06 04:00:00,04_08,18031.0,0.5342176563009228,18742.75,-153.08128000000002
2022-06-06 08:00:00,08_12,24971.4375,0.7591149310762784,24971.4375,-196.89378
2022-06-06 12:00:00,12_16,31814.375,0.9028165317138162,31814.375,-242.57878
2022-06-06 16:00:00,16_20,10810.0,0.5791876283335063,15921.125,-129.32878
2022-06-06 20:00:00,20_24,2202.875,0.2732494443098381,2202.875,-33.40128000000002
2022-06-07 00:00:00,00_04,8499.0,0.3209023968788194,8499.0,-87.40761
2022-06-07 04:00:00,04_08,5619.625,0.3612288339720129,5619.625,-67.54511
2022-06-07 08:00:00,08_12,4563.3125,0.4957557842457457,4563.3125,-42.14761
2022-06-07 12:00:00,12_16,9119.0625,0.5736002396552058,9119.0625,-74.30761000000001
2022-06-07 16:00:00,16_20,324.125,0.3969501719103289,324.125,-52.20261000000001
2022-06-07 20:00:00,20_24,0.0,0.1555128420973867,-8446.75,-19.13011
2022-06-08 00:00:00,00_04,0.0,0.1605708972966834,-264.375,-67.78074
2022-06-08 04:00:00,04_08,0.0,0.1381273839225042,-6743.75,-50.47824
2022-06-08 08:00:00,08_12,0.0,0.3804996064379983,-3393.0,-39.57574
2022-06-08 12:00:00,12_16,0.0,0.4195819642973259,-1238.6875,-60.68823999999999
2022-06-08 16:00:00,16_20,0.0,0.2332057372134852,-10064.75,-33.72574
2022-06-08 20:00:00,20_24,0.0,0.1493813018757246,-9343.375,-35.43823999999999
2022-06-09 00:00:00,00_04,0.0,0.1639068142879608,-1597.1875,-65.67620999999998
2022-06-09 04:00:00,04_08,0.0,0.1859443381368659,-5486.875,-47.98870999999998
2022-06-09 08:00:00,08_12,0.0,0.3491400312185444,-5543.3125,-30.36620999999998
2022-06-09 12:00:00,12_16,2860.9375,0.48398255783098,2860.9375,-71.03620999999998
2022-06-09 16:00:00,16_20,0.0,0.3751440592279347,-1838.5,-65.59620999999999
2022-06-09 20:00:00,20_24,0.0,0.1635913370017416,-8889.125,-34.61870999999998
2022-06-10 00:00:00,00_04,0.0,0.1610211803735965,-1839.25,-79.24989
2022-06-10 04:00:00,04_08,0.0,0.1836022194189301,-5135.125,-61.74489
2022-06-10 08:00:00,08_12,1160.625,0.448547168570837,1160.625,-66.12988999999999
2022-06-10 12:00:00,12_16,7101.3125,0.541266313766638,7101.3125,-96.83738999999998
2022-06-10 16:00:00,16_20,0.0,0.2976344372764934,-5857.1875,-60.52488999999999
2022-06-10 20:00:00,20_24,0.0,0.0688134426590124,-12926.125,-38.42988999999999
2022-06-11 00:00:00,00_04,0.0,0.1101838641468571,-1721.4375,-60.594890000000014
2022-06-11 04:00:00,04_08,4574.4375,0.2412425990371831,4574.4375,-86.72239000000002
2022-06-11 08:00:00,08_12,13990.6875,0.5750295471658549,13990.6875,-139.38739
2022-06-11 12:00:00,12_16,20981.0625,0.7091988588721267,20981.0625,-204.40989
2022-06-11 16:00:00,16_20,7783.4375,0.4336178436667056,7783.4375,-120.21989
2022-06-11 20:00:00,20_24,0.0,0.1399196765241345,-3133.75,-35.71489000000001
2022-06-12 00:00:00,00_04,3449.6875,0.146207127441038,3449.6875,-73.22488999999999
2022-06-12 04:00:00,04_08,8200.0625,0.2332881165058483,8200.0625,-109.44739
2022-06-12 08:00:00,08_12,17618.0,0.6438395937852383,19800.5625,-161.29238999999998
2022-06-12 12:00:00,12_16,29042.375,0.8487284368239578,29042.375,-229.38239
2022-06-12 16:00:00,16_20,10810.0,0.5237539258607935,13671.0625,-119.22739
2022-06-12 20:00:00,20_24,0.0,0.1758180483824898,-1407.4375,-34.124889999999986
2022-06-13 00:00:00,00_04,4039.25,0.2051801114777737,4039.25,-82.44047
2022-06-13 04:00:00,04_08,0.0,0.2354886302670133,-765.75,-63.70547
2022-06-13 08:00:00,08_12,6027.9375,0.5227524567408552,6027.9375,-66.80547
2022-06-13 12:00:00,12_16,17618.0,0.7502232848155564,20325.8125,-138.23797
2022-06-13 16:00:00,16_20,9607.0625,0.5527385439490486,9607.0625,-88.61046999999999
2022-06-13 20:00:00,20_24,0.0,0.2319055516015066,-4792.875,-23.96296999999999
2022-06-14 00:00:00,00_04,3050.9375,0.2186224287364328,3050.9375,-86.06926999999997
2022-06-14 04:00:00,04_08,0.0,0.1965693564487542,-3154.0,-55.926769999999976
2022-06-14 08:00:00,08_12,2409.875,0.4701103215789947,2409.875,-69.76426999999998
2022-06-14 12:00:00,12_16,9889.9375,0.5893412812633708,9889.9375,-91.16677
2022-06-14 16:00:00,16_20,0.0,0.3212748350417887,-4366.25,-26.03176999999998
2022-06-14 20:00:00,20_24,0.0,0.0753619828982982,-13079.1875,-2.2167699999999684
2022-06-15 00:00:00,00_04,0.0,0.0928657378546472,-2046.125,-93.98579000000004
2022-06-15 04:00:00,04_08,0.0,0.1205043438750969,-5039.6875,-71.53079000000002
2022-06-15 08:00:00,08_12,2911.6875,0.4407676703164884,2911.6875,-67.64579000000003
2022-06-15 12:00:00,12_16,9460.0,0.5593846374882642,9460.0,-106.57079000000004
2022-06-15 16:00:00,16_20,0.0,0.3011146589135135,-3623.125,-34.85079000000003
2022-06-15 20:00:00,20_24,0.0,0.101615713995093,-8755.8125,-16.578290000000024
2022-06-16 00:00:00,00_04,0.0,0.1012394089079484,-3479.5625,-93.02393000000004
2022-06-16 04:00:00,04_08,0.0,0.1322662102634606,-1597.625,-89.34643000000003
2022-06-16 08:00:00,08_12,8218.25,0.4686571700954723,8218.25,-109.30643000000003
2022-06-16 12:00:00,12_16,18395.0,0.6817147653789228,19547.8125,-196.20893
2022-06-16 16:00:00,16_20,6834.375,0.4356380762781188,6834.375,-122.53643000000002
2022-06-16 20:00:00,20_24,0.0,0.1376059116385384,-5973.8125,-57.61143000000002
2022-06-17 00:00:00,00_04,0.0,0.1126876726704527,-1198.6875,-125.4508700000001
2022-06-17 04:00:00,04_08,0.0,0.1296979202447228,-4903.0625,-105.6958700000001
2022-06-17 08:00:00,08_12,4235.3125,0.4605651827384474,4235.3125,-103.77587000000008
2022-06-17 12:00:00,12_16,10810.0,0.5914607930343209,12058.375,-190.84837000000007
2022-06-17 16:00:00,16_20,0.0,0.3518534992460158,-279.125,-102.71337000000008
2022-06-17 20:00:00,20_24,0.0,0.196256063483615,-4465.9375,-66.7333700000001
2022-06-18 00:00:00,00_04,9525.75,0.3527599565729027,9525.75,-130.52337000000006
2022-06-18 04:00:00,04_08,10810.0,0.4271859110266021,13488.125,-154.68087000000006
2022-06-18 08:00:00,08_12,10810.0,0.6587229720341703,19253.25,-169.27337000000006
2022-06-18 12:00:00,12_16,18395.0,0.8119459792322741,27346.0,-252.81587000000005
2022-06-18 16:00:00,16_20,9324.9375,0.4393059567037871,9324.9375,-104.51337000000008
2022-06-18 20:00:00,20_24,0.0,0.1731028702545994,-553.0,-40.84337000000008
2022-06-19 00:00:00,00_04,8744.125,0.2933280510097764,8744.125,-159.89586999999997
2022-06-19 04:00:00,04_08,15934.625,0.4414272093173131,15934.625,-224.82337
2022-06-19 08:00:00,08_12,18395.0,0.723549608724347,23866.4375,-241.95337
2022-06-19 12:00:00,12_16,26874.375,0.7939202516664812,26874.375,-260.90336999999994
2022-06-19 16:00:00,16_20,10810.0,0.4856625647543667,12022.25,-153.23086999999995
2022-06-19 20:00:00,20_24,0.0,0.1726370185030901,-1544.6875,-44.24086999999996
2022-06-20 00:00:00,00_04,701.4375,0.1188324267994734,701.4375,-114.68916999999996
2022-06-20 04:00:00,04_08,0.0,0.123964816229685,-5721.4375,-52.52166999999997
2022-06-20 08:00:00,08_12,0.0,0.3211488199497651,-6249.875,26.540830000000028
2022-06-20 12:00:00,12_16,7425.875,0.5472287260657497,7425.875,-126.07166999999995
2022-06-20 16:00:00,16_20,8231.0625,0.5227700667097052,8231.0625,-119.82666999999998
2022-06-20 20:00:00,20_24,67.4375,0.2964587411789457,67.4375,-46.751669999999976
2022-06-21 00:00:00,00_04,2597.25,0.2345545682830574,2597.25,-107.39827000000004
2022-06-21 04:00:00,04_08,0.0,0.2132303041903545,-2501.8125,-76.79827000000004
2022-06-21 08:00:00,08_12,3268.0,0.4624427335199796,3268.0,-79.01827000000004
2022-06-21 12:00:00,12_16,8920.9375,0.5642515574507456,8920.9375,-128.94077000000004
2022-06-21 16:00:00,16_20,0.0,0.2924595943776061,-5433.125,-5.298270000000031
2022-06-21 20:00:00,20_24,0.0,0.072274587622473,-11560.625,44.34172999999997
2022-06-22 00:00:00,00_04,0.0,0.0769510622263739,-4773.625,-86.60346000000003
2022-06-22 04:00:00,04_08,0.0,0.095143353658911,-8641.4375,-21.750960000000013
2022-06-22 08:00:00,08_12,0.0,0.3230597796068767,-6408.125,-20.78846000000001
2022-06-22 12:00:00,12_16,0.0,0.4181862963168034,-684.125,-95.89346000000002
2022-06-22 16:00:00,16_20,0.0,0.2413531096662896,-9208.4375,25.05404
2022-06-22 20:00:00,20_24,0.0,0.1045113959314935,-10487.3125,32.89653999999999
2022-06-23 00:00:00,00_04,0.0,0.1009225896297681,-2810.8125,-102.15008000000002
2022-06-23 04:00:00,04_08,0.0,0.1149111971875304,-6765.25,-54.20508
2022-06-23 08:00:00,08_12,0.0,0.3998961892899678,-450.25,-65.06008000000003
2022-06-23 12:00:00,12_16,7710.75,0.5308752644339905,7710.75,-126.42758000000002
2022-06-23 16:00:00,16_20,0.0,0.3238265467919228,-2981.25,-14.38008000000002
2022-06-23 20:00:00,20_24,0.0,0.2714339818880319,-1251.5625,-43.840080000000015
2022-06-24 00:00:00,00_04,10664.5625,0.407538897951075,10664.5625,-158.44124
2022-06-24 04:00:00,04_08,2358.3125,0.3026564897423096,2358.3125,-100.14624
2022-06-24 08:00:00,08_12,0.0,0.3946087415225229,-955.8125,-62.47124000000001
2022-06-24 12:00:00,12_16,6443.1875,0.5097933204855045,6443.1875,-137.67874
2022-06-24 16:00:00,16_20,0.0,0.3227874430329446,-2837.4375,-74.90374000000001
2022-06-24 20:00:00,20_24,0.0,0.1551926799225761,-6945.75,-60.71124
2022-06-25 00:00:00,00_04,3071.9375,0.1660949646031275,3071.9375,-130.08124000000004
2022-06-25 04:00:00,04_08,4165.8125,0.1846485036808534,4165.8125,-137.31124000000003
2022-06-25 08:00:00,08_12,10184.9375,0.4678609816414931,10184.9375,-145.47124000000005
2022-06-25 12:00:00,12_16,10810.0,0.5873649564421682,16390.9375,-180.69624
2022-06-25 16:00:00,16_20,2589.4375,0.2971907093310352,2589.4375,-93.61624000000002
2022-06-25 20:00:00,20_24,0.0,0.0827054518423778,-3892.25,-45.26374000000003
2022-06-26 00:00:00,00_04,3951.8125,0.1378692631280427,3951.8125,-120.65124000000002
2022-06-26 04:00:00,04_08,8924.0,0.2239933359219692,8924.0,-184.55624000000003
2022-06-26 08:00:00,08_12,15832.6875,0.531805237985358,15832.6875,-248.44374
2022-06-26 12:00:00,12_16,19017.75,0.6186259732170664,19017.75,-275.56374000000005
2022-06-26 16:00:00,16_20,4462.0,0.3156681325600999,4462.0,-112.25374000000004
2022-06-26 20:00:00,20_24,0.0,0.0932380498482426,-4775.1875,-34.55374000000003
2022-06-27 00:00:00,00_04,2572.5,0.1581579717470536,2572.5,-105.36717000000004
2022-06-27 04:00:00,04_08,0.0,0.1564265306513777,-3071.625,-70.68217000000003
2022-06-27 08:00:00,08_12,0.0,0.3662014334213504,-2257.8125,-37.37717000000004
2022-06-27 12:00:00,12_16,3254.9375,0.4641005816808889,3254.9375,-116.07717000000004
2022-06-27 16:00:00,16_20,0.0,0.3015802505023045,-4475.125,-10.85717000000004
2022-06-27 20:00:00,20_24,0.0,0.1405867421699959,-7281.9375,-2.252170000000035
2022-06-28 00:00:00,00_04,2094.0625,0.1630231947813554,2094.0625,-111.38074000000006
2022-06-28 04:00:00,04_08,0.0,0.1349110570881865,-5286.5,-51.053240000000045
2022-06-28 08:00:00,08_12,0.0,0.3561106347315612,-3315.5625,-34.40824000000006
2022-06-28 12:00:00,12_16,3149.625,0.4586791709171844,3149.625,-108.43074000000006
2022-06-28 16:00:00,16_20,0.0,0.2350416699844778,-8060.3125,25.86925999999993
2022-06-28 20:00:00,20_24,0.0,0.119924856947834,-8324.625,25.601759999999945
2022-06-29 00:00:00,00_04,3224.625,0.2290168262209068,3224.625,-116.57558999999998
2022-06-29 04:00:00,04_08,0.0,0.2295621769275158,-1272.0,-80.87558999999996
2022-06-29 08:00:00,08_12,0.0,0.3187907176101892,-6105.0625,-21.043089999999964
2022-06-29 12:00:00,12_16,0.0,0.3937843329782354,-1779.4375,-74.09808999999996
2022-06-29 16:00:00,16_20,0.0,0.2810967079730581,-6190.875,-19.340589999999963
2022-06-29 20:00:00,20_24,0.0,0.2100759800879769,-4766.375,-25.46308999999998
2022-06-30 00:00:00,00_04,2668.1875,0.2150616325905019,2668.1875,-117.98451000000004
2022-06-30 04:00:00,04_08,0.0,0.1909357003765084,-3195.4375,-81.78201000000004
2022-06-30 08:00:00,08_12,0.0,0.4035892264749295,-62.9375,-71.96451000000005
2022-06-30 12:00:00,12_16,5920.25,0.5031560961577499,5920.25,-118.28201000000004
2022-06-30 16:00:00,16_20,0.0,0.2839965551539762,-5399.0625,0.6654899999999628
2022-06-30 20:00:00,20_24,0.0,0.1907419289574843,-5552.25,-31.20451000000004
2022-07-01 00:00:00,00_04,5980.0625,0.3028835155080228,5980.0625,-145.89484000000004
2022-07-01 04:00:00,04_08,0.0,0.2606377005478141,-72.9375,-92.68234000000004
2022-07-01 08:00:00,08_12,0.0,0.3171008708026313,-6185.125,-43.56484000000006
2022-07-01 12:00:00,12_16,0.0,0.4190086524273932,-40.1875,-124.54734000000003
2022-07-01 16:00:00,16_20,0.0,0.3442180900775756,-2342.5,-138.29484000000008
2022-07-01 20:00:00,20_24,0.0,0.1567616204021766,-6554.6875,-47.127340000000046
2022-07-02 00:00:00,00_04,1812.5625,0.1666285366771886,1812.5625,-160.23234
2022-07-02 04:00:00,04_08,5954.125,0.2357130851332044,5954.125,-183.66234
2022-07-02 08:00:00,08_12,10398.0,0.6559257446637093,19900.375,-262.00734
2022-07-02 12:00:00,12_16,26613.125,0.787589101721544,26613.125,-326.33734000000004
2022-07-02 16:00:00,16_20,7521.8125,0.3960268584964381,7521.8125,-160.77983999999998
2022-07-02 20:00:00,20_24,0.0,0.1149756045055024,-2813.5625,-67.78483999999999
2022-07-03 00:00:00,00_04,8902.6875,0.256961351248801,8902.6875,-188.66484
2022-07-03 04:00:00,04_08,11313.875,0.2759486210542737,11313.875,-230.00984
2022-07-03 08:00:00,08_12,18986.0,0.6494199269762639,21186.9375,-266.60234
2022-07-03 12:00:00,12_16,18986.0,0.7911216519295713,27291.75,-338.85984
2022-07-03 16:00:00,16_20,10398.0,0.4741704950835643,12389.5625,-189.45233999999996
2022-07-03 20:00:00,20_24,0.0,0.1666341397302974,-1011.1875,-71.83233999999997
2022-07-04 00:00:00,00_04,3768.125,0.1736953892807376,3768.125,-140.28157999999996
2022-07-04 04:00:00,04_08,0.0,0.1877661020311676,-1986.1875,-94.94157999999996
2022-07-04 08:00:00,08_12,2058.0,0.4484635623051001,2058.0,-103.48657999999996
2022-07-04 12:00:00,12_16,11136.1875,0.6020234731209864,11136.1875,-242.10407999999995
2022-07-04 16:00:00,16_20,2616.0,0.4360631034433869,2616.0,-143.69157999999993
2022-07-04 20:00:00,20_24,0.0,0.1818857880934674,-6996.75,-29.32907999999996
2022-07-05 00:00:00,00_04,916.1875,0.174074005987338,916.1875,-128.47929000000005
2022-07-05 04:00:00,04_08,0.0,0.1760257654747136,-3801.9375,-96.43429000000002
2022-07-05 08:00:00,08_12,2207.5625,0.4566678850031776,2207.5625,-121.22929
2022-07-05 12:00:00,12_16,10398.0,0.5974016389487339,10825.9375,-226.90679
2022-07-05 16:00:00,16_20,1868.4375,0.428355075587875,1868.4375,-141.08929
2022-07-05 20:00:00,20_24,0.0,0.2215464245862537,-5048.4375,-80.91929000000002
2022-07-06 00:00:00,00_04,969.75,0.1881390480387836,969.75,-161.54705
2022-07-06 04:00:00,04_08,0.0,0.200527846338066,-3082.0,-113.73705000000002
2022-07-06 08:00:00,08_12,1971.4375,0.4521592672133778,1971.4375,-141.22205000000002
2022-07-06 12:00:00,12_16,10398.0,0.6197632364313387,12704.5625,-277.44955000000004
2022-07-06 16:00:00,16_20,5697.4375,0.4790032953105196,5697.4375,-193.15705000000003
2022-07-06 20:00:00,20_24,0.0,0.2936230958983972,-505.8125,-113.02205000000002
2022-07-07 00:00:00,00_04,8202.6875,0.3602551644786326,8202.6875,-250.54376
2022-07-07 04:00:00,04_08,5893.4375,0.3978585573713087,5893.4375,-245.09876
2022-07-07 08:00:00,08_12,2515.25,0.4784309911211771,2515.25,-213.95626
2022-07-07 12:00:00,12_16,10398.0,0.6201361863179176,12187.4375,-286.71626
2022-07-07 16:00:00,16_20,10398.0,0.614548021745392,13785.1875,-290.77126
2022-07-07 20:00:00,20_24,9196.5,0.478238589700476,9196.5,-229.63876
2022-07-08 00:00:00,00_04,10398.0,0.4408775287042099,12106.125,-282.57607
2022-07-08 04:00:00,04_08,3603.6875,0.3386174245181831,3603.6875,-190.17857000000004
2022-07-08 08:00:00,08_12,5298.0,0.4980741148438022,5298.0,-161.75107000000003
2022-07-08 12:00:00,12_16,10398.0,0.6514786736745223,15188.5625,-299.62107000000003
2022-07-08 16:00:00,16_20,6387.25,0.4783717849985879,6387.25,-208.58357000000004
2022-07-08 20:00:00,20_24,0.0,0.2069850525133523,-3809.125,-97.16357000000004
2022-07-09 00:00:00,00_04,5296.0625,0.2547689058705735,5296.0625,-218.50857
2022-07-09 04:00:00,04_08,7664.875,0.3058515329298724,7664.875,-260.89107
2022-07-09 08:00:00,08_12,10398.0,0.5656347266851571,13966.375,-308.28607
2022-07-09 12:00:00,12_16,19378.0,0.7887541787992747,26038.1875,-435.96607
2022-07-09 16:00:00,16_20,19378.0,0.7070230085006065,22441.4375,-419.94107
2022-07-09 20:00:00,20_24,14910.0625,0.5125017735385373,14910.0625,-386.03357
2022-07-10 00:00:00,00_04,18764.6875,0.5264019712052499,18764.6875,-427.76607
2022-07-10 04:00:00,04_08,20773.25,0.5630147258458634,20773.25,-421.87107
2022-07-10 08:00:00,08_12,29334.0,0.8278097833942473,29334.0,-443.07857000000007
2022-07-10 12:00:00,12_16,33640.0,0.9351117618739976,34421.3125,-461.65607000000006
2022-07-10 16:00:00,16_20,10398.0,0.6351800259240408,19888.6875,-330.5660700000001
2022-07-10 20:00:00,20_24,2454.3125,0.2480644463956402,2454.3125,-102.46607000000004
2022-07-11 00:00:00,00_04,4137.4375,0.1874685264620406,4137.4375,-195.21898000000004
2022-07-11 04:00:00,04_08,0.0,0.1643706926423593,-3076.625,-135.75148000000004
2022-07-11 08:00:00,08_12,0.0,0.3240534109862254,-5847.5625,-68.00398000000003
2022-07-11 12:00:00,12_16,0.0,0.4187117715397395,-627.75,-127.02898000000005
2022-07-11 16:00:00,16_20,0.0,0.2811741658304893,-6573.75,-91.46398000000003
2022-07-11 20:00:00,20_24,0.0,0.0795050497298981,-11861.25,-33.24148000000004
2022-07-12 00:00:00,00_04,0.0,0.0746751616840673,-2090.625,-119.60324999999996
2022-07-12 04:00:00,04_08,0.0,0.0967922709927261,-6696.625,-78.81824999999998
2022-07-12 08:00:00,08_12,160.875,0.4124143253346196,160.875,-96.65824999999998
2022-07-12 12:00:00,12_16,9609.0625,0.5659025910193543,9609.0625,-194.50575
2022-07-12 16:00:00,16_20,0.0,0.3414172907432879,-2167.875,-65.90825
2022-07-12 20:00:00,20_24,0.0,0.1167306645086586,-9112.1875,-6.058249999999987
2022-07-13 00:00:00,00_04,0.0,0.1450174388941706,-103.25,-120.01011
2022-07-13 04:00:00,04_08,0.0,0.2021453834413176,-2445.875,-105.70010999999998
2022-07-13 08:00:00,08_12,0.0,0.3989099340482129,-721.3125,-82.82761
2022-07-13 12:00:00,12_16,11010.0,0.6275516535039241,13842.6875,-258.55761
2022-07-13 16:00:00,16_20,9279.4375,0.5260159199072515,9279.4375,-154.75511
2022-07-13 20:00:00,20_24,0.0,0.2530841060192191,-1624.125,-55.74261
2022-07-14 00:00:00,00_04,844.625,0.1791901486241528,844.625,-135.01154
2022-07-14 04:00:00,04_08,0.0,0.1516517011587736,-5188.625,-109.21154
2022-07-14 08:00:00,08_12,912.6875,0.4221285573949779,912.6875,-102.06904000000002
2022-07-14 12:00:00,12_16,11000.5625,0.5899489872750546,11000.5625,-231.84404
2022-07-14 16:00:00,16_20,5516.0,0.4702357818370255,5516.0,-138.39904
2022-07-14 20:00:00,20_24,1348.625,0.312020537883628,1348.625,-76.37154000000001
2022-07-15 00:00:00,00_04,8300.8125,0.332203295285775,8300.8125,-165.62711000000007
2022-07-15 04:00:00,04_08,3050.125,0.3045840684348638,3050.125,-115.92711000000006
2022-07-15 08:00:00,08_12,8962.0625,0.5461473303069188,8962.0625,-169.74961000000008
2022-07-15 12:00:00,12_16,11010.0,0.6422399602626822,15001.9375,-278.50711
2022-07-15 16:00:00,16_20,3652.1875,0.4263270810283381,3652.1875,-136.10211000000004
2022-07-15 20:00:00,20_24,0.0,0.1775001020474316,-4588.625,-58.66461000000007
2022-07-16 00:00:00,00_04,6748.625,0.2641443831517928,6748.625,-132.20961000000003
2022-07-16 04:00:00,04_08,11010.0,0.4269665250285003,14039.75,-231.44711000000007
2022-07-16 08:00:00,08_12,19990.0,0.7876852707555888,26886.6875,-394.33711000000005
2022-07-16 12:00:00,12_16,36512.375,0.967780926242683,36512.375,-451.61211
2022-07-16 16:00:00,16_20,11010.0,0.6608225047896841,20736.6875,-341.40711000000005
2022-07-16 20:00:00,20_24,4557.75,0.2686106812196248,4557.75,-109.66711000000004
2022-07-17 00:00:00,00_04,7737.125,0.2043607305936073,7737.125,-222.18961
2022-07-17 04:00:00,04_08,9142.5,0.2044594033274588,9142.5,-260.86461
2022-07-17 08:00:00,08_12,19990.0,0.6295809159545653,21015.375,-308.34961
2022-07-17 12:00:00,12_16,29983.9375,0.829441581055873,29983.9375,-382.23461
2022-07-17 16:00:00,16_20,11010.0,0.43723860928302,11486.3125,-185.81711
2022-07-17 20:00:00,20_24,0.0,0.0768001241035045,-3428.125,-28.73711
2022-07-18 00:00:00,00_04,1202.5,0.0859819399510314,1202.5,-132.73427999999996
2022-07-18 04:00:00,04_08,0.0,0.1485698482622309,-2370.5,-105.15677999999996
2022-07-18 08:00:00,08_12,5067.125,0.4681878500438995,5067.125,-106.91177999999998
2022-07-18 12:00:00,12_16,11010.0,0.5879301943763343,11908.0625,-177.52177999999998
2022-07-18 16:00:00,16_20,0.0,0.2924022529300918,-4178.5,40.250720000000015
2022-07-18 20:00:00,20_24,0.0,0.0493681612202041,-11763.3125,112.16572000000002
2022-07-19 00:00:00,00_04,0.0,0.0709852987440237,-1624.3125,-85.37751000000002
2022-07-19 04:00:00,04_08,0.0,0.1005285521815732,-5488.3125,-45.36501
2022-07-19 08:00:00,08_12,0.0,0.4412611295733141,3889.8125,-57.27251000000001
2022-07-19 12:00:00,12_16,12314.0,0.589049140370302,12810.6875,-104.96001
2022-07-19 16:00:00,16_20,0.0,0.350382019328769,56.1875,28.54749
2022-07-19 20:00:00,20_24,0.0,0.2785256353856892,1095.875,-14.945010000000025
2022-07-20 00:00:00,00_04,12314.0,0.4596628906139465,14471.375,-191.57511000000005
2022-07-20 04:00:00,04_08,8527.0,0.399705002256648,8527.0,-107.47761000000006
2022-07-20 08:00:00,08_12,8359.5625,0.5267637571157495,8359.5625,-122.35261000000006
2022-07-20 12:00:00,12_16,12314.0,0.6186795234490178,13814.625,-189.40011000000004
2022-07-20 16:00:00,16_20,0.0,0.3897529379050801,1265.75,-23.67761000000003
2022-07-20 20:00:00,20_24,0.0,0.2805950723997891,219.375,8.574889999999954
2022-07-21 00:00:00,00_04,6490.75,0.2947548011957469,6490.75,-99.20587999999998
2022-07-21 04:00:00,04_08,0.0,0.2144670522978827,-1367.375,-34.36337999999999
2022-07-21 08:00:00,08_12,0.0,0.3757997407573965,-1759.5,8.701620000000005
2022-07-21 12:00:00,12_16,8800.125,0.542858152177955,8800.125,-110.18588
2022-07-21 16:00:00,16_20,0.0,0.3860506868065253,763.0625,-32.41838
2022-07-21 20:00:00,20_24,0.0,0.1928350068179,-5231.875,53.58912000000001
2022-07-22 00:00:00,00_04,1342.0,0.1684420808543761,1342.0,-78.49234999999996
2022-07-22 04:00:00,04_08,0.0,0.1724812921011364,-2978.6875,-38.88484999999999
2022-07-22 08:00:00,08_12,0.0,0.4127822309656179,1252.0625,-39.62984999999999
2022-07-22 12:00:00,12_16,10717.4375,0.5621423321133293,10717.4375,-130.83984999999996
2022-07-22 16:00:00,16_20,0.0,0.3204271625256383,-1964.625,-14.709849999999976
2022-07-22 20:00:00,20_24,0.0,0.0921349783326466,-9083.25,44.98515000000003
2022-07-23 00:00:00,00_04,674.9375,0.0893812282870416,674.9375,-85.46984999999995
2022-07-23 04:00:00,04_08,1913.1875,0.1071270171607928,1913.1875,-111.66234999999996
2022-07-23 08:00:00,08_12,6206.625,0.3759955625352528,6206.625,-110.24734999999995
2022-07-23 12:00:00,12_16,12314.0,0.585305460175626,16851.375,-220.72484999999995
2022-07-23 16:00:00,16_20,9409.9375,0.4068417153391568,9409.9375,-139.93734999999998
2022-07-23 20:00:00,20_24,0.0,0.1071838275185638,-887.75,-52.20984999999996
2022-07-24 00:00:00,00_04,5180.1875,0.1108068015083546,5180.1875,-83.03234999999994
2022-07-24 04:00:00,04_08,10507.0625,0.2133301489220429,10507.0625,-159.49984999999992
2022-07-24 08:00:00,08_12,12314.0,0.6535254436114737,23326.375,-288.80735
2022-07-24 12:00:00,12_16,30075.3125,0.8074165601983111,30075.3125,-386.8298499999999
2022-07-24 16:00:00,16_20,10888.5625,0.4004039806748622,10888.5625,-167.33234999999993
2022-07-24 20:00:00,20_24,0.0,0.0989110523239968,-2000.625,-36.76234999999993
2022-07-25 00:00:00,00_04,12314.0,0.3629412667281431,13325.125,-164.37300000000002
2022-07-25 04:00:00,04_08,8641.375,0.3611550551109457,8641.375,-119.60800000000002
2022-07-25 08:00:00,08_12,8357.625,0.5133168510998671,8357.625,-121.96050000000002
2022-07-25 12:00:00,12_16,12314.0,0.637291850172075,15702.125,-229.79550000000003
2022-07-25 16:00:00,16_20,7092.875,0.4707977215238915,7092.875,-143.2955
2022-07-25 20:00:00,20_24,2205.5,0.3038609251067946,2205.5,-79.578
2022-07-26 00:00:00,00_04,10633.75,0.3403284918847125,10633.75,-165.39492000000007
2022-07-26 04:00:00,04_08,5177.1875,0.3171444010360055,5177.1875,-91.94492000000004
2022-07-26 08:00:00,08_12,8194.75,0.5179286124252874,8194.75,-173.52242000000007
2022-07-26 12:00:00,12_16,12314.0,0.6433665188623786,16063.75,-281.58992000000006
2022-07-26 16:00:00,16_20,7777.75,0.4833205375256128,7777.75,-160.15242000000006
2022-07-26 20:00:00,20_24,0.0,0.2541504149834911,-646.875,-44.40242000000006
2022-07-27 00:00:00,00_04,4948.6875,0.2376465782193745,4948.6875,-171.99790000000002
2022-07-27 04:00:00,04_08,144.1875,0.2285927727757981,144.1875,-113.96040000000002
2022-07-27 08:00:00,08_12,2826.0625,0.4341295056200678,2826.0625,-92.4604
2022-07-27 12:00:00,12_16,12124.4375,0.5847080567418067,12124.4375,-177.79540000000003
2022-07-27 16:00:00,16_20,1711.0,0.3894411647138934,1711.0,-76.69540000000002
2022-07-27 20:00:00,20_24,0.0,0.1583025914808789,-6211.75,-32.0179
2022-07-28 00:00:00,00_04,2518.0,0.1572960188083334,2518.0,-156.76218999999992
2022-07-28 04:00:00,04_08,0.0,0.1272009198620207,-3940.5,-103.05218999999994
2022-07-28 08:00:00,08_12,1066.1875,0.3905404366316312,1066.1875,-88.70968999999995
2022-07-28 12:00:00,12_16,7457.4375,0.4934469136190315,7457.4375,-142.75468999999993
2022-07-28 16:00:00,16_20,0.0,0.252386777285528,-4528.125,-33.57968999999994
2022-07-28 20:00:00,20_24,0.0,0.1806889068402157,-2955.375,-33.764689999999945
2022-07-29 00:00:00,00_04,6002.4375,0.239673511513668,6002.4375,-165.77172999999993
2022-07-29 04:00:00,04_08,0.0,0.1892920734327991,-731.25,-115.19672999999996
2022-07-29 08:00:00,08_12,0.0,0.3415589459307302,-1301.75,-69.01422999999996
2022-07-29 12:00:00,12_16,4569.625,0.4385501306296589,4569.625,-169.65422999999996
2022-07-29 16:00:00,16_20,0.0,0.2556411757409313,-3050.25,-84.63672999999996
2022-07-29 20:00:00,20_24,0.0,0.1565140941400012,-2687.8125,-78.11672999999995
2022-07-30 00:00:00,00_04,5739.9375,0.1730872229965369,5739.9375,-121.43922999999997
2022-07-30 04:00:00,04_08,4210.8125,0.1312535660910441,4210.8125,-131.26673
2022-07-30 08:00:00,08_12,9118.25,0.401474654603312,9118.25,-167.62922999999995
2022-07-30 12:00:00,12_16,12486.0,0.5495812648030136,16196.0,-267.78923
2022-07-30 16:00:00,16_20,5853.6875,0.3115399428271455,5853.6875,-132.75672999999998
2022-07-30 20:00:00,20_24,0.0,0.0797985878487001,-898.75,-68.33422999999998
2022-07-31 00:00:00,00_04,4155.75,0.0614724614724614,4155.75,-199.1967299999999
2022-07-31 04:00:00,04_08,7492.9375,0.1203108385574988,7492.9375,-260.76672999999994
2022-07-31 08:00:00,08_12,12486.0,0.4739571549917428,15437.375,-252.34172999999996
2022-07-31 12:00:00,12_16,12486.0,0.5809997264699659,19409.3125,-298.9067299999999
2022-07-31 16:00:00,16_20,6852.375,0.3034800951911508,6852.375,-175.0467299999999
2022-07-31 20:00:00,20_24,293.125,0.1230511854549702,293.125,-75.89422999999994
2022-08-01 00:00:00,00_04,6934.4375,0.1979669007361914,6934.4375,-182.34786
2022-08-01 04:00:00,04_08,382.4375,0.1962057679848632,382.4375,-127.72285999999994
2022-08-01 08:00:00,08_12,0.0,0.3608355229048217,-1527.4375,-77.03035999999996
2022-08-01 12:00:00,12_16,5252.9375,0.478791540093509,5252.9375,-143.84785999999997
2022-08-01 16:00:00,16_20,0.0,0.2791144623638326,-4687.5,-77.57785999999996
2022-08-01 20:00:00,20_24,0.0,0.0734816764038998,-10083.1875,-21.01535999999996
2022-08-02 00:00:00,00_04,0.0,0.0515786996867601,-921.3125,-150.41316999999995
2022-08-02 04:00:00,04_08,0.0,0.1068259881362496,-4430.4375,-123.01566999999996
2022-08-02 08:00:00,08_12,2970.5,0.4300147913943824,2970.5,-165.47066999999998
2022-08-02 12:00:00,12_16,12354.5,0.5869494421242731,12354.5,-323.76316999999995
2022-08-02 16:00:00,16_20,0.0,0.3236283957317079,-1977.125,-160.26816999999994
2022-08-02 20:00:00,20_24,0.0,0.0998825706645894,-8856.75,-56.07816999999997
2022-08-03 00:00:00,00_04,2901.0,0.1605222028132757,2901.0,-201.66968999999995
2022-08-03 04:00:00,04_08,424.1875,0.2073368087841511,424.1875,-158.02218999999994
2022-08-03 08:00:00,08_12,7725.8125,0.4927993055812507,7725.8125,-212.06469
2022-08-03 12:00:00,12_16,12486.0,0.6280586955326353,15750.75,-327.01469
2022-08-03 16:00:00,16_20,0.0,0.3072911613466576,-1628.5625,-93.65468999999996
2022-08-03 20:00:00,20_24,0.0,0.0500870130058994,-9564.625,-36.32218999999997
2022-08-04 00:00:00,00_04,0.0,0.0970720688521309,-48.1875,-152.16215999999994
2022-08-04 04:00:00,04_08,0.0,0.173153979332701,-1497.625,-136.00715999999994
2022-08-04 08:00:00,08_12,4544.125,0.4488053040097104,4544.125,-121.97965999999994
2022-08-04 12:00:00,12_16,12194.8125,0.5813570250109782,12194.8125,-226.57966
2022-08-04 16:00:00,16_20,0.0,0.3287883192416249,-1270.3125,-101.70465999999992
2022-08-04 20:00:00,20_24,0.0,0.1685282811251265,-4401.5625,-71.76215999999995
2022-08-05 00:00:00,00_04,1343.375,0.149838006178369,1343.375,-176.15443999999997
2022-08-05 04:00:00,04_08,0.0,0.105160528139376,-5690.625,-124.79693999999996
2022-08-05 08:00:00,08_12,0.0,0.303963658776881,-5392.5625,-95.26943999999996
2022-08-05 12:00:00,12_16,4621.375,0.4627437927225189,4621.375,-216.78694
2022-08-05 16:00:00,16_20,3765.125,0.4025232840390975,3765.125,-206.87193999999997
2022-08-05 20:00:00,20_24,761.0,0.2503662593079547,761.0,-116.75443999999996
2022-08-06 00:00:00,00_04,8922.9375,0.2490783367594382,8922.9375,-218.23194
2022-08-06 04:00:00,04_08,8050.0,0.2348820620995323,8050.0,-250.00444
2022-08-06 08:00:00,08_12,12486.0,0.5058848201755509,14096.625,-277.88944
2022-08-06 12:00:00,12_16,21505.0,0.6804295217161567,22868.8125,-389.88944
2022-08-06 16:00:00,16_20,8882.4375,0.3831195143534117,8882.4375,-257.47943999999995
2022-08-06 20:00:00,20_24,1351.9375,0.145623129377642,1351.9375,-165.81694
2022-08-07 00:00:00,00_04,7746.8125,0.159042453464121,7746.8125,-299.8994399999999
2022-08-07 04:00:00,04_08,8629.875,0.1628432495251169,8629.875,-329.50694
2022-08-07 08:00:00,08_12,19826.6875,0.5750271729555231,19826.6875,-410.5894399999999
2022-08-07 12:00:00,12_16,26573.875,0.7338788167444943,26573.875,-455.5719399999999
2022-08-07 16:00:00,16_20,9025.75,0.3559967004609027,9025.75,-284.4519399999999
2022-08-07 20:00:00,20_24,0.0,0.1100340417599325,-558.0,-132.95693999999992
2022-08-08 00:00:00,00_04,4000.875,0.1068350743586995,4000.875,-248.0822200000001
2022-08-08 04:00:00,04_08,0.0,0.0850328259984023,-3818.375,-180.51472000000004
2022-08-08 08:00:00,08_12,3282.3125,0.4150856932442849,3282.3125,-172.02972000000003
2022-08-08 12:00:00,12_16,10862.25,0.5460886098961194,10862.25,-236.18472000000008
2022-08-08 16:00:00,16_20,0.0,0.2876935875084064,-2483.25,-115.52472000000006
2022-08-08 20:00:00,20_24,0.0,0.1385340919463291,-4820.3125,-91.16472000000006
2022-08-09 00:00:00,00_04,2924.9375,0.1502636139928606,2924.9375,-226.8122800000001
2022-08-09 04:00:00,04_08,0.0,0.1142392011052866,-4175.375,-177.85478000000006
2022-08-09 08:00:00,08_12,3395.4375,0.4243697101340724,3395.4375,-180.58478000000008
2022-08-09 12:00:00,12_16,11732.75,0.5623784304950898,11732.75,-265.2597800000001
2022-08-09 16:00:00,16_20,0.0,0.3062228715632886,-1388.1875,-148.64228000000008
2022-08-09 20:00:00,20_24,0.0,0.1801412031737836,-2660.6875,-119.23228000000007
2022-08-10 00:00:00,00_04,2589.3125,0.1641570665479003,2589.3125,-228.81939000000008
2022-08-10 04:00:00,04_08,0.0,0.1199456887629498,-4371.0625,-188.79939000000005
2022-08-10 08:00:00,08_12,4435.8125,0.4400850255076522,4435.8125,-186.0018900000001
2022-08-10 12:00:00,12_16,12486.0,0.5883519870267121,13274.125,-257.37939000000006
2022-08-10 16:00:00,16_20,0.0,0.314634260271733,-928.9375,-142.13689000000005
2022-08-10 20:00:00,20_24,0.0,0.1520612527451542,-4982.3125,-111.74939000000003
2022-08-11 00:00:00,00_04,2312.3125,0.1584186765133206,2312.3125,-246.58808
2022-08-11 04:00:00,04_08,0.0,0.1130285788829349,-4775.125,-181.73058
2022-08-11 08:00:00,08_12,4433.4375,0.4416215553021937,4433.4375,-182.86808
2022-08-11 12:00:00,12_16,12486.0,0.6121923592816493,14790.3125,-270.47808
2022-08-11 16:00:00,16_20,0.0,0.3296739153316632,-383.125,-121.64808
2022-08-11 20:00:00,20_24,0.0,0.163497212101597,-4518.25,-106.71558
2022-08-12 00:00:00,00_04,2840.875,0.1753913349771046,2840.875,-168.5655
2022-08-12 04:00:00,04_08,0.0,0.1251855114610419,-4273.8125,-123.9805
2022-08-12 08:00:00,08_12,5513.375,0.4597882791783296,5513.375,-120.7355
2022-08-12 12:00:00,12_16,12486.0,0.6307477559373897,16190.6875,-219.4255
2022-08-12 16:00:00,16_20,1677.875,0.3562817728970059,1677.875,-99.423
2022-08-12 20:00:00,20_24,0.0,0.1792386315011475,-2778.625,-80.583
2022-08-13 00:00:00,00_04,5696.1875,0.1966958561981354,5696.1875,-156.23550000000003
2022-08-13 04:00:00,04_08,3730.25,0.1456199699863697,3730.25,-171.91300000000004
2022-08-13 08:00:00,08_12,12486.0,0.5141730435077224,14326.1875,-201.753
2022-08-13 12:00:00,12_16,12486.0,0.6779204981605266,22474.25,-317.4605
2022-08-13 16:00:00,16_20,7364.8125,0.3617293737423013,7364.8125,-122.83050000000004
2022-08-13 20:00:00,20_24,2383.25,0.1851514705659915,2383.25,-85.60050000000003
2022-08-14 00:00:00,00_04,8428.8125,0.2046161422217089,8428.8125,-166.78549999999998
2022-08-14 04:00:00,04_08,9752.8125,0.2155117704222279,9752.8125,-202.16299999999995
2022-08-14 08:00:00,08_12,12486.0,0.5979384990854538,20433.5,-239.713
2022-08-14 12:00:00,12_16,21505.0,0.788548679849241,28949.75,-438.1255
2022-08-14 16:00:00,16_20,12486.0,0.4601098593098823,13656.375,-182.5205
2022-08-14 20:00:00,20_24,7711.5625,0.3115121396476781,7711.5625,-106.77049999999996
2022-08-15 00:00:00,00_04,11596.6875,0.3005153748251968,11596.6875,-195.1152
2022-08-15 04:00:00,04_08,2623.125,0.1976499832375283,2623.125,-175.0277
2022-08-15 08:00:00,08_12,3314.375,0.3801695899091536,3314.375,-117.1527
2022-08-15 12:00:00,12_16,9935.625,0.5065293979815562,9935.625,-164.98020000000002
2022-08-15 16:00:00,16_20,0.0,0.2621192593054157,-2766.625,-90.83020000000002
2022-08-15 20:00:00,20_24,0.0,0.0888576588122214,-7503.375,-38.09769999999999
2022-08-16 00:00:00,00_04,744.25,0.106559613754788,744.25,-149.04421000000002
2022-08-16 04:00:00,04_08,0.0,0.1073101902400962,-4985.125,-113.83921000000002
2022-08-16 08:00:00,08_12,360.0,0.3850876675128402,360.0,-115.28921000000004
2022-08-16 12:00:00,12_16,8333.125,0.52042524307042,8333.125,-171.03921000000005
2022-08-16 16:00:00,16_20,0.0,0.2358278343550554,-6460.5625,-31.26671000000003
2022-08-16 20:00:00,20_24,0.0,0.0238317603109032,-12449.1875,16.065789999999964
2022-08-17 00:00:00,00_04,0.0,0.0356415856036675,-2861.8125,-152.1176999999999
2022-08-17 04:00:00,04_08,0.0,0.0550081999336017,-7902.0,-112.45019999999992
2022-08-17 08:00:00,08_12,0.0,0.3316377306227432,-2805.875,-69.8376999999999
2022-08-17 12:00:00,12_16,3715.125,0.4496178102172903,3715.125,-133.99769999999992
2022-08-17 16:00:00,16_20,0.0,0.2265766122808261,-6928.75,2.8073000000000548
2022-08-17 20:00:00,20_24,0.0,0.1488116751352973,-5621.375,-44.15019999999991
2022-08-18 00:00:00,00_04,3076.25,0.1739993379355808,3076.25,-137.57068999999996
2022-08-18 04:00:00,04_08,0.0,0.1386277347556157,-3848.9375,-95.57318999999995
2022-08-18 08:00:00,08_12,0.0,0.2912942150610267,-5308.0625,-21.758189999999928
2022-08-18 12:00:00,12_16,0.0,0.3828903955089636,-16.5625,-75.08568999999994
2022-08-18 16:00:00,16_20,0.0,0.2267842045550264,-7058.1875,-6.848189999999931
2022-08-18 20:00:00,20_24,0.0,0.1161050966310566,-6925.6875,-43.448189999999954
2022-08-19 00:00:00,00_04,0.0,0.0722947555712196,-1386.375,-173.01854000000003
2022-08-19 04:00:00,04_08,0.0,0.0696991500316186,-7295.3125,-136.39354000000003
2022-08-19 08:00:00,08_12,0.0,0.230035824984847,-9415.0,-69.55354000000005
2022-08-19 12:00:00,12_16,0.0,0.3349808268388805,-2794.1875,-153.92104000000006
2022-08-19 16:00:00,16_20,0.0,0.1993094460191875,-7778.25,-107.80104000000006
2022-08-19 20:00:00,20_24,0.0,0.0902680366864485,-6958.3125,-99.78104000000005
2022-08-20 00:00:00,00_04,1575.5,0.0926027791475502,1575.5,-172.84604000000002
2022-08-20 04:00:00,04_08,2031.1875,0.1108803653348159,2031.1875,-198.04354
2022-08-20 08:00:00,08_12,283.6875,0.2525281106805065,283.6875,-192.75354
2022-08-20 12:00:00,12_16,8626.125,0.4196001451618224,8626.125,-290.77104
2022-08-20 16:00:00,16_20,2181.4375,0.2615907707678176,2181.4375,-218.72354000000004
2022-08-20 20:00:00,20_24,0.0,0.0952662738293874,-1389.8125,-144.50104
2022-08-21 00:00:00,00_04,6178.1875,0.1199267153134873,6178.1875,-278.97104
2022-08-21 04:00:00,04_08,8777.0625,0.1749590151517701,8777.0625,-321.23854000000006
2022-08-21 08:00:00,08_12,12486.0,0.5620067226393023,19077.4375,-391.42604000000006
2022-08-21 12:00:00,12_16,12486.0,0.7412598168839509,26796.8125,-542.5110400000001
2022-08-21 16:00:00,16_20,8312.0,0.3420510528695753,8312.0,-188.87104
2022-08-21 20:00:00,20_24,0.0,0.0642993162129615,-2691.25,-61.73604
2022-08-22 00:00:00,00_04,1716.8125,0.0540420579802884,1716.8125,-192.38275
2022-08-22 04:00:00,04_08,0.0,0.0459421552892432,-5950.125,-139.58274999999998
2022-08-22 08:00:00,08_12,0.0,0.316265553578265,-3114.8125,-77.63024999999996
2022-08-22 12:00:00,12_16,444.75,0.392455437228197,444.75,-114.40025
2022-08-22 16:00:00,16_20,0.0,0.1793068407260062,-9246.0,-37.82525000000001
2022-08-22 20:00:00,20_24,0.0,0.1337492442671414,-6078.375,-55.90274999999997
2022-08-23 00:00:00,00_04,5767.75,0.1777595024619626,5767.75,-234.8010900000001
2022-08-23 04:00:00,04_08,0.0,0.1381710668986559,-2397.9375,-167.75109000000006
2022-08-23 08:00:00,08_12,2062.8125,0.3995336957310697,2062.8125,-128.9985900000001
2022-08-23 12:00:00,12_16,9649.625,0.5286340481440788,9649.625,-210.4360900000001
2022-08-23 16:00:00,16_20,0.0,0.2427662366862049,-4932.3125,-60.0810900000001
2022-08-23 20:00:00,20_24,0.0,0.1437295054342749,-4932.625,-69.42109000000008
2022-08-24 00:00:00,00_04,6223.75,0.1884877961715229,6223.75,-173.12241999999986
2022-08-24 04:00:00,04_08,0.0,0.1308190390510888,-2186.5,-116.50491999999988
2022-08-24 08:00:00,08_12,1772.875,0.3866047455199984,1772.875,-100.3324199999999
2022-08-24 12:00:00,12_16,9729.9375,0.5168322284911105,9729.9375,-182.47991999999985
2022-08-24 16:00:00,16_20,0.0,0.2478873060182082,-3997.625,-6.162419999999855
2022-08-24 20:00:00,20_24,0.0,0.1912808749387191,-1431.9375,-41.03741999999989
2022-08-25 00:00:00,00_04,7107.8125,0.2215249092525101,7107.8125,-235.68122000000005
2022-08-25 04:00:00,04_08,0.0,0.1787773889514538,-409.0625,-177.61372000000003
2022-08-25 08:00:00,08_12,4240.375,0.4262025523966597,4240.375,-148.18372000000005
2022-08-25 12:00:00,12_16,12486.0,0.5704455423510036,13193.125,-249.08872000000005
2022-08-25 16:00:00,16_20,0.0,0.2966021911201971,-1597.5,-75.45122000000006
2022-08-25 20:00:00,20_24,0.0,0.203841293124661,-1321.3125,-65.96122000000005
2022-08-26 00:00:00,00_04,4974.8125,0.1839896491936303,4974.8125,-242.79158999999996
2022-08-26 04:00:00,04_08,0.0,0.0953951915947165,-4890.5625,-153.6315899999999
2022-08-26 08:00:00,08_12,0.0,0.3004720236396863,-4187.3125,-51.02908999999991
2022-08-26 12:00:00,12_16,1428.75,0.398481707767636,1428.75,-153.31658999999993
2022-08-26 16:00:00,16_20,0.0,0.2429500284527999,-4803.6875,-79.09658999999994
2022-08-26 20:00:00,20_24,0.0,0.1341405869833421,-3943.125,-76.41908999999993
2022-08-27 00:00:00,00_04,6006.0,0.1827673943963099,6006.0,-170.82408999999996
2022-08-27 04:00:00,04_08,6575.0625,0.1991466310365727,6575.0625,-220.96658999999997
2022-08-27 08:00:00,08_12,3482.25,0.3056441135438589,3482.25,-151.55158999999992
2022-08-27 12:00:00,12_16,10559.5625,0.4466359099046904,10559.5625,-302.14909
2022-08-27 16:00:00,16_20,9060.125,0.3850163504081955,9060.125,-204.73659
2022-08-27 20:00:00,20_24,7913.1875,0.2883526345697881,7913.1875,-158.74158999999997
2022-08-28 00:00:00,00_04,11295.0,0.3071686581940608,13669.0625,-303.3815900000001
2022-08-28 04:00:00,04_08,11295.0,0.3446445731765088,15221.1875,-370.64159000000006
2022-08-28 08:00:00,08_12,11295.0,0.5749456005683744,19762.75,-437.6540900000001
2022-08-28 12:00:00,12_16,21528.0,0.7883195597998572,29222.0625,-730.1065900000001
2022-08-28 16:00:00,16_20,11295.0,0.5208504365997463,16960.5625,-372.47409000000016
2022-08-28 20:00:00,20_24,6155.5,0.2685608147373713,6155.5,-161.0290900000001
2022-08-29 00:00:00,00_04,4325.0625,0.2344159385224836,4325.0625,-246.9361199999999
2022-08-29 04:00:00,04_08,0.0,0.1688146802316223,-5484.125,-150.49111999999988
2022-08-29 08:00:00,08_12,0.0,0.3600754178212828,-5422.8125,-117.3461199999999
2022-08-29 12:00:00,12_16,1482.375,0.4761325535450481,1482.375,-243.7236199999999
2022-08-29 16:00:00,16_20,0.0,0.2338735256585207,-10580.0625,-9.691119999999898
2022-08-29 20:00:00,20_24,0.0,0.1117291463762086,-11710.875,-31.94611999999989
2022-08-30 00:00:00,00_04,0.0,0.1199620041901921,-3009.125,-184.36179000000007
2022-08-30 04:00:00,04_08,0.0,0.0964474434803494,-10976.9375,-92.76929000000013
2022-08-30 08:00:00,08_12,0.0,0.368833152410853,-6281.0,-80.9167900000001
2022-08-30 12:00:00,12_16,1889.25,0.5000784134538125,1889.25,-210.85179000000008
2022-08-30 16:00:00,16_20,0.0,0.2584142939116326,-10341.3125,-37.53679000000008
2022-08-30 20:00:00,20_24,0.0,0.2316896692721142,-6351.125,-112.1117900000001
2022-08-31 00:00:00,00_04,547.0,0.2105276735526885,547.0,-171.76230000000004
2022-08-31 04:00:00,04_08,0.0,0.164841359913155,-7338.3125,-80.5823
2022-08-31 08:00:00,08_12,0.0,0.2859912423054295,-10233.0,-17.259800000000013
2022-08-31 12:00:00,12_16,0.0,0.399675892571442,-3250.5625,-170.80980000000002
2022-08-31 16:00:00,16_20,0.0,0.2608490939514064,-8784.8125,-31.912300000000045
2022-08-31 20:00:00,20_24,0.0,0.2202114037092044,-5977.9375,-73.53230000000002
2022-09-01 00:00:00,00_04,5102.875,0.2110858259796403,5102.875,-166.17166000000003
2022-09-01 04:00:00,04_08,0.0,0.1455906364086664,-4000.1875,-66.06916000000002
2022-09-01 08:00:00,08_12,0.0,0.3616606896335955,-1144.0,-59.15416000000005
2022-09-01 12:00:00,12_16,6123.4375,0.4792204275769571,6123.4375,-142.11666000000002
2022-09-01 16:00:00,16_20,0.0,0.2473746357667753,-5990.9375,0.3433399999999835
2022-09-01 20:00:00,20_24,0.0,0.2173143738414283,-2111.9375,-48.90916000000003
2022-09-02 00:00:00,00_04,8417.25,0.2869897078123921,8417.25,-201.80172000000005
2022-09-02 04:00:00,04_08,0.0,0.2185535890223796,-223.5625,-126.17422000000006
2022-09-02 08:00:00,08_12,7121.4375,0.4839744486874462,7121.4375,-106.60422000000008
2022-09-02 12:00:00,12_16,10392.0,0.6430706989985765,17051.9375,-346.80422000000004
2022-09-02 16:00:00,16_20,2810.625,0.3760134101230648,2810.625,-114.66672000000008
2022-09-02 20:00:00,20_24,9214.8125,0.4080316202431364,9214.8125,-230.4742200000001
2022-09-03 00:00:00,00_04,10392.0,0.5034781540158367,18675.6875,-282.71671999999995
2022-09-03 04:00:00,04_08,10392.0,0.4451805316290473,15792.9375,-236.60422
2022-09-03 08:00:00,08_12,10392.0,0.585776762229932,17788.9375,-251.08922
2022-09-03 12:00:00,12_16,21803.0,0.7614046197780424,26950.75,-437.17672
2022-09-03 16:00:00,16_20,0.0,0.4205749203015089,10178.1875,-120.82921999999998
2022-09-03 20:00:00,20_24,10392.0,0.3869597576181708,11790.0625,-122.77672
2022-09-04 00:00:00,00_04,10392.0,0.4347885459253769,18107.4375,-326.92172000000005
2022-09-04 04:00:00,04_08,10392.0,0.36172906523246,15436.5,-311.66922
2022-09-04 08:00:00,08_12,10392.0,0.5967867097750942,20776.75,-380.84672
2022-09-04 12:00:00,12_16,21803.0,0.7474320045254459,27181.1875,-462.32672
2022-09-04 16:00:00,16_20,9787.8125,0.3751281112011838,9787.8125,-145.60422000000003
2022-09-04 20:00:00,20_24,9883.1875,0.3460402576467174,9883.1875,-106.76422000000004
2022-09-05 00:00:00,00_04,10392.0,0.3882822154636751,15095.9375,-308.49501999999995
2022-09-05 04:00:00,04_08,4833.8125,0.2897491115089994,4833.8125,-146.31751999999994
2022-09-05 08:00:00,08_12,6239.8125,0.4758266418948094,6239.8125,-114.75751999999996
2022-09-05 12:00:00,12_16,10392.0,0.6386542309267227,16045.3125,-313.62001999999995
2022-09-05 16:00:00,16_20,0.0,0.3925508397809339,2773.125,-39.76751999999995
2022-09-05 20:00:00,20_24,7031.1875,0.3924443184798318,7031.1875,-170.10001999999997
2022-09-06 00:00:00,00_04,10392.0,0.4775645752104335,17177.75,-332.13691000000006
2022-09-06 04:00:00,04_08,8013.375,0.3755566193446726,8013.375,-191.08191
2022-09-06 08:00:00,08_12,6520.4375,0.486467232982395,6520.4375,-170.78191000000004
2022-09-06 12:00:00,12_16,10392.0,0.6139175735481529,14326.375,-323.18441
2022-09-06 16:00:00,16_20,0.0,0.3453720470392341,5.5,-72.83691000000003
2022-09-06 20:00:00,20_24,866.1875,0.2756232295618143,866.1875,-94.71191000000005
2022-09-07 00:00:00,00_04,7757.75,0.2839387251499431,7757.75,-186.2382299999999
2022-09-07 04:00:00,04_08,0.0,0.1951445841463593,-1793.8125,-122.8957299999999
2022-09-07 08:00:00,08_12,0.0,0.3029023101682715,-5561.0,-82.8932299999999
2022-09-07 12:00:00,12_16,1664.8125,0.4168628254995522,1664.8125,-174.4632299999999
2022-09-07 16:00:00,16_20,0.0,0.1859381520259856,-9175.125,-25.1307299999999
2022-09-07 20:00:00,20_24,0.0,0.079255623654015,-9201.75,-50.31322999999991
2022-09-08 00:00:00,00_04,1522.5625,0.1319683968832867,1522.5625,-162.54509000000004
2022-09-08 04:00:00,04_08,0.0,0.1602029073770381,-3568.5625,-119.55509000000004
2022-09-08 08:00:00,08_12,0.0,0.2746151334814253,-7447.25,-77.31509000000005
2022-09-08 12:00:00,12_16,243.875,0.4000301080918853,243.875,-165.48009000000008
2022-09-08 16:00:00,16_20,0.0,0.3121342428762526,-1979.5,-99.65759000000004
2022-09-08 20:00:00,20_24,0.0,0.2409059188636239,-488.25,-138.17009000000002
2022-09-09 00:00:00,00_04,5904.5,0.2356961613762784,5904.5,-295.67436
2022-09-09 04:00:00,04_08,0.0,0.2061242707110786,-1268.625,-201.59186000000005
2022-09-09 08:00:00,08_12,0.0,0.3781878802905427,-586.4375,-150.59686000000002
2022-09-09 12:00:00,12_16,6133.0,0.4797347831646987,6133.0,-225.34686
2022-09-09 16:00:00,16_20,0.0,0.2411891232530723,-5480.75,-115.40686
2022-09-09 20:00:00,20_24,0.0,0.1641364561531519,-3833.9375,-114.95936000000002
2022-09-10 00:00:00,00_04,5514.75,0.1979477406823762,5514.75,-153.29186000000004
2022-09-10 04:00:00,04_08,3176.25,0.1546832137181265,3176.25,-144.19186000000002
2022-09-10 08:00:00,08_12,2404.25,0.294401626554447,2404.25,-94.52686
2022-09-10 12:00:00,12_16,6064.0,0.3740748061249404,6064.0,-153.97686000000002
2022-09-10 16:00:00,16_20,0.0,0.1911397419777115,-1379.0,-75.91686000000001
2022-09-10 20:00:00,20_24,0.0,0.1073949441891004,-1072.125,-62.08936000000001
2022-09-11 00:00:00,00_04,6701.125,0.1268672507852537,6701.125,-128.24186000000003
2022-09-11 04:00:00,04_08,6307.9375,0.1115379756094317,6307.9375,-145.54436000000004
2022-09-11 08:00:00,08_12,6021.8125,0.2843631217198853,6021.8125,-125.24186000000002
2022-09-11 12:00:00,12_16,10392.0,0.4725461743104084,13812.6875,-217.49186
2022-09-11 16:00:00,16_20,2004.6875,0.2067298336410159,2004.6875,-90.10436
2022-09-11 20:00:00,20_24,0.0,0.0338274685556531,-4429.4375,-55.09186000000001
2022-09-12 00:00:00,00_04,914.3125,0.0279397233588426,914.3125,-169.88885
2022-09-12 04:00:00,04_08,0.0,0.046983583184175,-6744.5,-93.94885
2022-09-12 08:00:00,08_12,0.0,0.3284618415763554,-2680.9375,-90.34884999999998
2022-09-12 12:00:00,12_16,6614.3125,0.4817807544876543,6614.3125,-181.15635
2022-09-12 16:00:00,16_20,0.0,0.2010193602773231,-7797.4375,-43.42635
2022-09-12 20:00:00,20_24,0.0,0.1850255156346441,-3118.8125,-103.58385
2022-09-13 00:00:00,00_04,10392.0,0.4121541989607826,14397.625,-198.40654999999995
2022-09-13 04:00:00,04_08,4819.25,0.3160609320138094,4819.25,-125.24404999999996
2022-09-13 08:00:00,08_12,138.75,0.3898320765172139,138.75,-62.03654999999996
2022-09-13 12:00:00,12_16,6952.1875,0.4966000833651875,6952.1875,-168.41154999999995
2022-09-13 16:00:00,16_20,0.0,0.3114880365735488,-1855.5,-42.97654999999996
2022-09-13 20:00:00,20_24,0.0,0.212584171011421,-1991.625,-65.13904999999997
2022-09-14 00:00:00,00_04,5068.6875,0.2107329395615349,5068.6875,-176.97795
2022-09-14 04:00:00,04_08,0.0,0.1419711675186127,-4414.3125,-90.57045
2022-09-14 08:00:00,08_12,0.0,0.2046482874858209,-11430.5625,16.962050000000005
2022-09-14 12:00:00,12_16,0.0,0.2968307904487681,-6048.0,-58.78545000000001
2022-09-14 16:00:00,16_20,0.0,0.1794374454026438,-9838.875,27.80955
2022-09-14 20:00:00,20_24,0.0,0.1646437688833367,-4423.0625,-70.55795000000002
2022-09-15 00:00:00,00_04,9488.4375,0.3065973208063392,9488.4375,-228.4914799999999
2022-09-15 04:00:00,04_08,3666.5625,0.2975950366115666,3666.5625,-188.33897999999996
2022-09-15 08:00:00,08_12,1096.875,0.3920357874911067,1096.875,-124.2539799999999
2022-09-15 12:00:00,12_16,9872.75,0.5307814935594646,9872.75,-268.0664799999999
2022-09-15 16:00:00,16_20,4540.75,0.4120923896009461,4540.75,-175.1789799999999
2022-09-15 20:00:00,20_24,5772.25,0.3564573511669854,5772.25,-194.7039799999999
2022-09-16 00:00:00,00_04,10392.0,0.4671118848008709,16216.5625,-406.20231
2022-09-16 04:00:00,04_08,10392.0,0.4400521806749815,10817.9375,-280.25981
2022-09-16 08:00:00,08_12,10392.0,0.5765181208132785,12760.375,-292.08980999999994
2022-09-16 12:00:00,12_16,21803.0,0.7547976111215607,24311.9375,-504.84231
2022-09-16 16:00:00,16_20,10392.0,0.5769176659992109,14712.625,-334.90730999999994
2022-09-16 20:00:00,20_24,10392.0,0.4994490214839285,13847.8125,-349.99731
2022-09-17 00:00:00,00_04,21803.0,0.6242408343784679,23782.5,-380.0198099999999
2022-09-17 04:00:00,04_08,21570.9375,0.5844881966387324,21570.9375,-383.0673099999999
2022-09-17 08:00:00,08_12,21623.5,0.6603889118936375,21623.5,-383.19731
2022-09-17 12:00:00,12_16,29291.125,0.804676843967438,29291.125,-446.54230999999993
2022-09-17 16:00:00,16_20,21803.0,0.6835052013051282,23549.25,-373.39481
2022-09-17 20:00:00,20_24,21803.0,0.6308089183711074,22812.625,-387.64231
2022-09-18 00:00:00,00_04,29491.375,0.7324686475219178,29491.375,-435.27731000000006
2022-09-18 04:00:00,04_08,29117.0625,0.7262611240104606,29117.0625,-424.12231
2022-09-18 08:00:00,08_12,28736.375,0.7672202490790161,28736.375,-389.15481
2022-09-18 12:00:00,12_16,32345.0625,0.8472238014512828,32345.0625,-421.57481
2022-09-18 16:00:00,16_20,10392.0,0.632796746567749,22139.125,-332.51730999999995
2022-09-18 20:00:00,20_24,10392.0,0.5536322088933594,19071.9375,-295.98481
2022-09-19 00:00:00,00_04,21774.75,0.5559222775910688,21774.75,-369.81423000000007
2022-09-19 04:00:00,04_08,10273.125,0.4074829128258754,10273.125,-203.90923
2022-09-19 08:00:00,08_12,4695.3125,0.4473012577667764,4695.3125,-125.30423
2022-09-19 12:00:00,12_16,10392.0,0.5892029429738104,13309.9375,-274.64923
2022-09-19 16:00:00,16_20,4676.875,0.4153899383981433,4676.875,-100.15923
2022-09-19 20:00:00,20_24,2815.4375,0.3052412829535404,2815.4375,-98.46173
2022-09-20 00:00:00,00_04,7846.75,0.2785704994429269,7846.75,-181.38462000000004
2022-09-20 04:00:00,04_08,0.0,0.1958084485957991,-2165.25,-109.71712000000004
2022-09-20 08:00:00,08_12,0.0,0.2930998672882633,-5572.25,-58.602120000000056
2022-09-20 12:00:00,12_16,0.0,0.3782717244048771,-418.875,-131.52212000000003
2022-09-20 16:00:00,16_20,0.0,0.1573592802145012,-11076.5,10.195379999999956
2022-09-20 20:00:00,20_24,0.0,0.0495926044755333,-10806.4375,-26.32212000000005
2022-09-21 00:00:00,00_04,0.0,0.0414078183589878,-2582.8125,-163.28207000000003
2022-09-21 04:00:00,04_08,0.0,0.0403288790681283,-10046.375,-65.53707000000004
2022-09-21 08:00:00,08_12,0.0,0.2978294402393603,-4960.6875,-56.39457000000003
2022-09-21 12:00:00,12_16,2703.875,0.4222009809990221,2703.875,-154.55957000000004
2022-09-21 16:00:00,16_20,0.0,0.138796312846309,-12365.9375,-11.639570000000036
2022-09-21 20:00:00,20_24,0.0,0.0344074515150992,-12115.875,-62.13707000000004
2022-09-22 00:00:00,00_04,0.0,0.0285793051455126,-2701.625,-159.06315
2022-09-22 04:00:00,04_08,0.0,0.0326929627195402,-9944.0625,-84.10565000000001
2022-09-22 08:00:00,08_12,0.0,0.321212686620995,-3646.1875,-117.04315
2022-09-22 12:00:00,12_16,4479.25,0.4491859613003955,4479.25,-205.13565000000003
2022-09-22 16:00:00,16_20,0.0,0.1430369573575244,-11917.4375,-20.35315
2022-09-22 20:00:00,20_24,0.0,0.0874703273524269,-9341.8125,-71.58565000000002
2022-09-23 00:00:00,00_04,1354.0,0.1672810325596218,1354.0,-151.48520000000005
2022-09-23 04:00:00,04_08,0.0,0.1614062572529359,-4616.5625,-99.53770000000004
2022-09-23 08:00:00,08_12,0.0,0.3577858253413586,-1170.875,-100.43020000000006
2022-09-23 12:00:00,12_16,4993.6875,0.4493396846477527,4993.6875,-155.66270000000003
2022-09-23 16:00:00,16_20,0.0,0.1487013752722316,-10438.5625,-41.10270000000007
2022-09-23 20:00:00,20_24,0.0,0.085977045679771,-8623.75,-79.47770000000004
2022-09-24 00:00:00,00_04,0.0,0.0853689323889818,-620.875,-122.2902
2022-09-24 04:00:00,04_08,0.0,0.0828385031670034,-1673.375,-123.6177
2022-09-24 08:00:00,08_12,0.0,0.2060357000615518,-3267.0,-87.8127
2022-09-24 12:00:00,12_16,1079.9375,0.2758237125660699,1079.9375,-146.5202
2022-09-24 16:00:00,16_20,0.0,0.1254441312505352,-6007.8125,-65.40520000000001
2022-09-24 20:00:00,20_24,0.0,0.0902720490828208,-4004.125,-93.3877
2022-09-25 00:00:00,00_04,4247.625,0.1187176895131773,4247.625,-225.6627
2022-09-25 04:00:00,04_08,3410.625,0.1152876018013408,3410.625,-242.9177
2022-09-25 08:00:00,08_12,1620.3125,0.2328376940160318,1620.3125,-178.10019999999997
2022-09-25 12:00:00,12_16,8382.625,0.3664128144157259,8382.625,-224.2402
2022-09-25 16:00:00,16_20,0.0,0.1513619120017921,-2738.4375,-111.31520000000005
2022-09-25 20:00:00,20_24,0.0,0.1051052637537216,-3875.25,-106.3052
2022-09-26 00:00:00,00_04,8079.25,0.2756505501146739,8079.25,-285.05961
2022-09-26 04:00:00,04_08,5148.25,0.3332384850455213,5148.25,-253.57961
2022-09-26 08:00:00,08_12,6119.9375,0.4748874359582249,6119.9375,-187.05461
2022-09-26 12:00:00,12_16,10392.0,0.6032227425444545,14350.5,-297.63460999999995
2022-09-26 16:00:00,16_20,1569.5,0.377540623049605,1569.5,-133.11210999999997
2022-09-26 20:00:00,20_24,0.0,0.2745907631356487,-653.1875,-138.41710999999998
2022-09-27 00:00:00,00_04,9648.375,0.3414722716975912,9648.375,-282.85393
2022-09-27 04:00:00,04_08,2594.75,0.3101649910355627,2594.75,-175.73892999999998
2022-09-27 08:00:00,08_12,0.0,0.3236094250417974,-4645.4375,-62.418929999999975
2022-09-27 12:00:00,12_16,0.0,0.3933105203351894,-220.75,-161.30142999999998
2022-09-27 16:00:00,16_20,0.0,0.2470263264511409,-7267.3125,-87.40642999999997
2022-09-27 20:00:00,20_24,0.0,0.1922476899075963,-5685.625,-104.58893
2022-09-28 00:00:00,00_04,185.5,0.1687567585638477,185.5,-243.0074
2022-09-28 04:00:00,04_08,0.0,0.1026832269287368,-9639.4375,-151.61239999999998
2022-09-28 08:00:00,08_12,0.0,0.1600474940001924,-15605.5,-77.07239999999997
2022-09-28 12:00:00,12_16,0.0,0.2275745044464324,-11161.6875,-163.30739999999997
2022-09-28 16:00:00,16_20,0.0,0.0883746759732576,-17480.875,-17.842399999999998
2022-09-28 20:00:00,20_24,0.0,0.0423743413936285,-14299.1875,-94.68739999999998
2022-09-29 00:00:00,00_04,0.0,0.0438852614601106,-5283.75,-202.4227
2022-09-29 04:00:00,04_08,0.0,0.035802595119041,-12933.0,-115.86269999999998
2022-09-29 08:00:00,08_12,0.0,0.2029562176622655,-12301.625,-64.02519999999994
2022-09-29 12:00:00,12_16,0.0,0.2838697533270652,-6036.4375,-173.70519999999993
2022-09-29 16:00:00,16_20,0.0,0.1036104067470569,-15578.25,-44.00769999999994
2022-09-29 20:00:00,20_24,0.0,0.0589234603155716,-12581.625,-105.62519999999996
2022-09-30 00:00:00,00_04,0.0,0.0406292375091269,-4746.4375,-159.28332999999998
2022-09-30 04:00:00,04_08,0.0,0.0347984727688177,-12194.125,-85.72332999999998
2022-09-30 08:00:00,08_12,0.0,0.2511221440504482,-8488.0,-72.32832999999998
2022-09-30 12:00:00,12_16,4583.375,0.4333832465487426,4583.375,-260.88083
2022-09-30 16:00:00,16_20,0.0,0.266205991469601,-4188.875,-180.67583
2022-09-30 20:00:00,20_24,6293.0,0.3731131779330385,6293.0,-303.37582999999995
2022-10-01 00:00:00,00_04,19271.75,0.6156119957515828,19271.75,-397.32833
2022-10-01 04:00:00,04_08,23254.5,0.7089356110381078,23254.5,-429.49833
2022-10-01 08:00:00,08_12,16910.625,0.6428637407299886,16910.625,-363.52583
2022-10-01 12:00:00,12_16,17319.0625,0.647662869523916,17319.0625,-372.92333
2022-10-01 16:00:00,16_20,6360.0,0.5349217143707007,11606.0625,-304.02083
2022-10-01 20:00:00,20_24,6360.0,0.5492204636597957,14320.5,-318.97083
2022-10-02 00:00:00,00_04,24614.0,0.7013735453593016,24614.0,-383.58082999999993
2022-10-02 04:00:00,04_08,23284.0,0.6725176455370975,23284.0,-386.45583
2022-10-02 08:00:00,08_12,19125.0,0.6696990425771849,20550.3125,-367.4583300000001
2022-10-02 12:00:00,12_16,24430.5625,0.7476565151655404,24430.5625,-384.42333
2022-10-02 16:00:00,16_20,6360.0,0.472730426379399,10610.0625,-226.99083
2022-10-02 20:00:00,20_24,6360.0,0.3819634161956038,6739.0625,-237.25583
2022-10-03 00:00:00,00_04,13181.5625,0.4627153323028502,13181.5625,-350.45254
2022-10-03 04:00:00,04_08,6360.0,0.392880986407686,8108.875,-262.27504000000005
2022-10-03 08:00:00,08_12,6360.0,0.4723441151745355,7237.75,-221.48254000000003
2022-10-03 12:00:00,12_16,15401.625,0.6158927857840326,15401.625,-324.54754
2022-10-03 16:00:00,16_20,0.0,0.2865019575243133,-3238.0,-89.87254000000004
2022-10-03 20:00:00,20_24,0.0,0.1552387300132608,-8418.5625,-111.09504000000004
2022-10-04 00:00:00,00_04,0.0,0.170771486090825,-1432.375,-185.42895
2022-10-04 04:00:00,04_08,0.0,0.1410285067811378,-9865.0,-87.61894999999996
2022-10-04 08:00:00,08_12,0.0,0.2995876997240407,-9539.625,-50.48394999999998
2022-10-04 12:00:00,12_16,4284.375,0.506660348450851,4284.375,-223.95145
2022-10-04 16:00:00,16_20,0.0,0.2783039995014741,-9116.125,-56.23144999999995
2022-10-04 20:00:00,20_24,0.0,0.3190460186892205,-2428.4375,-157.28144999999995
2022-10-05 00:00:00,00_04,10517.625,0.4498566227904065,10517.625,-189.42366
2022-10-05 04:00:00,04_08,2477.8125,0.3867221858642354,2477.8125,-147.39865999999995
2022-10-05 08:00:00,08_12,5472.25,0.5338221064247405,5472.25,-151.41616
2022-10-05 12:00:00,12_16,18674.625,0.7255330609796956,18674.625,-283.35616000000005
2022-10-05 16:00:00,16_20,5347.0625,0.5105486406875867,5347.0625,-165.08366
2022-10-05 20:00:00,20_24,11997.0625,0.5737910515255219,11997.0625,-223.78866
2022-10-06 00:00:00,00_04,21811.875,0.6903139676378008,21811.875,-270.24836000000005
2022-10-06 04:00:00,04_08,12883.5,0.5755369478113119,12883.5,-202.05086
2022-10-06 08:00:00,08_12,13149.0625,0.6381287477639145,13149.0625,-197.17336
2022-10-06 12:00:00,12_16,21283.6875,0.7542679198628248,21283.6875,-242.69586
2022-10-06 16:00:00,16_20,0.0,0.3706469673774088,-2667.4375,-40.518360000000015
2022-10-06 20:00:00,20_24,0.0,0.2802756975166448,-4794.875,-66.87586000000002
2022-10-07 00:00:00,00_04,2156.1875,0.3026033389787092,2156.1875,-185.1923
2022-10-07 04:00:00,04_08,0.0,0.2928387257574916,-3399.25,-131.0773
2022-10-07 08:00:00,08_12,1473.25,0.4678458147811714,1473.25,-170.81230000000002
2022-10-07 12:00:00,12_16,14139.75,0.6442857101555144,14139.75,-272.7748
2022-10-07 16:00:00,16_20,0.0,0.3336366095359874,-5133.1875,-117.04230000000004
2022-10-07 20:00:00,20_24,0.0,0.3472760156473455,-730.5,-178.81480000000002
2022-10-08 00:00:00,00_04,10405.375,0.4411268736267889,10405.375,-192.14480000000003
2022-10-08 04:00:00,04_08,7371.5,0.3981705595223688,7371.5,-186.07730000000004
2022-10-08 08:00:00,08_12,6360.0,0.4961163069570365,8162.6875,-155.99230000000003
2022-10-08 12:00:00,12_16,19125.0,0.6907365853930144,19851.6875,-252.9773
2022-10-08 16:00:00,16_20,4069.6875,0.4092754940724673,4069.6875,-116.15230000000004
2022-10-08 20:00:00,20_24,0.0,0.2709247263579472,-974.3125,-105.77730000000004
2022-10-09 00:00:00,00_04,1625.5,0.1983994345644978,1625.5,-116.2173
2022-10-09 04:00:00,04_08,0.0,0.1337275517668049,-2390.75,-147.4448
2022-10-09 08:00:00,08_12,6360.0,0.4244863885228824,6961.875,-169.07229999999998
2022-10-09 12:00:00,12_16,19125.0,0.6548089703827409,19484.5625,-244.8073
2022-10-09 16:00:00,16_20,0.0,0.2902125734104375,-242.3125,-113.62229999999995
2022-10-09 20:00:00,20_24,6360.0,0.4090724048388728,6544.4375,-169.78229999999996
2022-10-10 00:00:00,00_04,12985.5,0.4787956865229634,12985.5,-246.17502
2022-10-10 04:00:00,04_08,1593.5625,0.3632618293184138,1593.5625,-162.38502000000005
2022-10-10 08:00:00,08_12,679.6875,0.4550255864974856,679.6875,-114.37752
2022-10-10 12:00:00,12_16,8061.3125,0.5574160238644139,8061.3125,-182.89502
2022-10-10 16:00:00,16_20,0.0,0.3471865633065059,-5086.8125,-93.16752
2022-10-10 20:00:00,20_24,0.0,0.3533048913208567,-973.125,-128.45002000000002
2022-10-11 00:00:00,00_04,5323.625,0.3359707061398604,5323.625,-132.10456000000002
2022-10-11 04:00:00,04_08,0.0,0.2120824436737405,-7382.9375,-77.58456000000001
2022-10-11 08:00:00,08_12,0.0,0.2712440791870774,-11888.75,-13.94706
2022-10-11 12:00:00,12_16,0.0,0.3646793034631775,-4726.3125,-90.06956000000002
2022-10-11 16:00:00,16_20,0.0,0.1089050573755232,-20423.125,76.69043999999998
2022-10-11 20:00:00,20_24,0.0,0.0496028719431796,-19238.875,-9.07956000000003
2022-10-12 00:00:00,00_04,0.0,0.0537790643290899,-9803.4375,-85.30686999999998
2022-10-12 04:00:00,04_08,0.0,0.0493401319736052,-17456.0625,10.47313000000002
2022-10-12 08:00:00,08_12,0.0,0.2192442178876859,-14509.5,30.64563000000002
2022-10-12 12:00:00,12_16,0.0,0.3895998033555853,-1652.625,-83.28186999999998
2022-10-12 16:00:00,16_20,0.0,0.1190001860671731,-18908.25,47.10813000000001
2022-10-12 20:00:00,20_24,0.0,0.1159246837615866,-14694.25,-34.25936999999999
2022-10-13 00:00:00,00_04,0.0,0.1785452992405251,-3858.9375,-97.48937
2022-10-13 04:00:00,04_08,0.0,0.1503183133349443,-12052.125,-59.654370000000014
2022-10-13 08:00:00,08_12,0.0,0.2439133768012385,-13176.875,-0.8843700000000325
2022-10-13 12:00:00,12_16,0.0,0.2804181658177966,-8585.3125,-39.77687000000003
2022-10-13 16:00:00,16_20,0.0,0.1379014739543088,-17822.4375,6.845629999999986
2022-10-13 20:00:00,20_24,0.0,0.144888216915749,-12934.0625,-57.37187000000002
2022-10-14 00:00:00,00_04,0.0,0.1300152973949214,-5679.375,-57.77127000000004
2022-10-14 04:00:00,04_08,0.0,0.0964426929842092,-13530.5625,-7.241270000000036
2022-10-14 08:00:00,08_12,0.0,0.1847254725891324,-17145.1875,53.49122999999996
2022-10-14 12:00:00,12_16,0.0,0.2691788544446338,-10878.3125,-35.31377000000004
2022-10-14 16:00:00,16_20,0.0,0.1533003351245793,-15553.5,4.038729999999973
2022-10-14 20:00:00,20_24,0.0,0.2119890253027741,-6813.8125,-51.946270000000034
2022-10-15 00:00:00,00_04,932.875,0.2281466381719546,932.875,-44.74127
2022-10-15 04:00:00,04_08,0.0,0.1895486201742459,-1392.0625,-68.26876999999999
2022-10-15 08:00:00,08_12,0.0,0.2864603939059726,-2740.5,-30.55627
2022-10-15 12:00:00,12_16,8623.9375,0.4918826722987702,8623.9375,-83.25127
2022-10-15 16:00:00,16_20,3238.875,0.3701197340769711,3238.875,-42.51127
2022-10-15 20:00:00,20_24,6360.0,0.408013821582741,7975.25,-70.76127
2022-10-16 00:00:00,00_04,15527.1875,0.4949240718905206,15527.1875,-143.77376999999996
2022-10-16 04:00:00,04_08,13190.8125,0.4535756535065763,13190.8125,-138.23627
2022-10-16 08:00:00,08_12,14662.5,0.5634688171633985,14662.5,-134.93126999999998
2022-10-16 12:00:00,12_16,21371.625,0.6946954273274836,21371.625,-177.43376999999998
2022-10-16 16:00:00,16_20,0.0,0.2560535848994039,-1648.5625,-48.34376999999999
2022-10-16 20:00:00,20_24,0.0,0.1476485467405544,-6423.75,-64.56376999999998
2022-10-17 00:00:00,00_04,2236.9375,0.2435737586178787,2236.9375,-105.20477
2022-10-17 04:00:00,04_08,2960.3125,0.3731470008320972,2960.3125,-94.08227
2022-10-17 08:00:00,08_12,4388.8125,0.5035515104425426,4388.8125,-64.51727
2022-10-17 12:00:00,12_16,6715.375,0.5423324310413141,6715.375,-90.26227
2022-10-17 16:00:00,16_20,0.0,0.263020422998808,-10035.0,17.912730000000018
2022-10-17 20:00:00,20_24,0.0,0.2203269100997225,-7879.4375,-36.45226999999999
2022-10-18 00:00:00,00_04,0.0,0.1854237383517037,-2192.0,-53.06815
2022-10-18 04:00:00,04_08,0.0,0.1336278881772392,-11150.1875,-3.2281499999999923
2022-10-18 08:00:00,08_12,0.0,0.2162740201528127,-14993.3125,32.876850000000005
2022-10-18 12:00:00,12_16,0.0,0.3729604940837626,-4621.5,-37.58815
2022-10-18 16:00:00,16_20,0.0,0.2172829421340716,-12810.6875,26.319350000000007
2022-10-18 20:00:00,20_24,0.0,0.1758791147062127,-10066.75,-21.14315
2022-10-19 00:00:00,00_04,0.0,0.1760202956933375,-2844.9375,-66.56440999999998
2022-10-19 04:00:00,04_08,0.0,0.1020833103569971,-12847.5,-19.434409999999986
2022-10-19 08:00:00,08_12,0.0,0.1562696713796086,-18843.1875,14.225590000000013
2022-10-19 12:00:00,12_16,0.0,0.2942365663098348,-9855.0625,-43.76190999999999
2022-10-19 16:00:00,16_20,0.0,0.1446324070162262,-16627.6875,16.06309000000001
2022-10-19 20:00:00,20_24,0.0,0.262987054835425,-4847.125,-44.20190999999999
2022-10-20 00:00:00,00_04,8920.8125,0.4181975541294649,8920.8125,-111.79644999999998
2022-10-20 04:00:00,04_08,4189.6875,0.4075338969982994,4189.6875,-84.11894999999998
2022-10-20 08:00:00,08_12,3369.8125,0.4856225619855254,3369.8125,-39.158949999999976
2022-10-20 12:00:00,12_16,6359.375,0.53203124713745,6359.375,-78.06144999999998
2022-10-20 16:00:00,16_20,0.0,0.3960431678910658,-930.9375,-40.70144999999997
2022-10-20 20:00:00,20_24,3480.75,0.4076332110519144,3480.75,-69.37894999999997
2022-10-21 00:00:00,00_04,5353.8125,0.354305382309911,5353.8125,-75.27812999999999
2022-10-21 04:00:00,04_08,0.0,0.2514965262402302,-4920.1875,-46.72062999999998
2022-10-21 08:00:00,08_12,0.0,0.2332749351687922,-13544.25,-6.733129999999974
2022-10-21 12:00:00,12_16,0.0,0.2401074259780594,-13030.25,-23.808129999999984
2022-10-21 16:00:00,16_20,0.0,0.1548982234857468,-15831.6875,2.901870000000024
2022-10-21 20:00:00,20_24,0.0,0.189020092027193,-8592.9375,-33.41062999999998
2022-10-22 00:00:00,00_04,0.0,0.1803001863902423,-878.5625,-13.710629999999988
2022-10-22 04:00:00,04_08,0.0,0.1811273745697325,-1603.25,-12.413129999999988
2022-10-22 08:00:00,08_12,0.0,0.2828969236286661,-2701.6875,-7.100629999999995
2022-10-22 12:00:00,12_16,4273.6875,0.4101929989780558,4273.6875,-27.58313
2022-10-22 16:00:00,16_20,0.0,0.204060074301722,-6354.375,15.496870000000008
2022-10-22 20:00:00,20_24,0.0,0.2064571200618866,-2614.8125,-3.925629999999998
2022-10-23 00:00:00,00_04,2573.0625,0.1885919689597482,2573.0625,-45.03312999999997
2022-10-23 04:00:00,04_08,711.375,0.1575774223114158,711.375,-44.480629999999984
2022-10-23 08:00:00,08_12,3519.625,0.341558787491343,3519.625,-36.98312999999997
2022-10-23 12:00:00,12_16,10875.875,0.4833194289296437,10875.875,-63.87812999999997
2022-10-23 16:00:00,16_20,5953.25,0.3881180552515991,5953.25,-38.11312999999998
2022-10-23 20:00:00,20_24,10944.8125,0.4720214678121638,10944.8125,-57.23312999999997
2022-10-24 00:00:00,00_04,17086.125,0.5497671181754071,17086.125,-102.49813
2022-10-24 04:00:00,04_08,10381.125,0.5010715615284257,10381.125,-78.35063
2022-10-24 08:00:00,08_12,7141.375,0.5429423450123642,7141.375,-39.63313
2022-10-24 12:00:00,12_16,11895.0625,0.6158076120636609,11895.0625,-73.87813
2022-10-24 16:00:00,16_20,2546.1875,0.4501917348663146,2546.1875,-31.68312999999999
2022-10-24 20:00:00,20_24,5883.0625,0.4523892294216039,5883.0625,-53.93813
2022-10-25 00:00:00,00_04,16603.4375,0.5512046048484488,16603.4375,-68.02930999999998
2022-10-25 04:00:00,04_08,7032.4375,0.4418527008784261,7032.4375,-37.17930999999999
2022-10-25 08:00:00,08_12,3462.0625,0.4814066861444896,3462.0625,-6.101809999999993
2022-10-25 12:00:00,12_16,8987.875,0.566679150887998,8987.875,-36.92430999999999
2022-10-25 16:00:00,16_20,0.0,0.2369446686316303,-10121.6875,36.18819000000001
2022-10-25 20:00:00,20_24,0.0,0.164949668291842,-9564.9375,5.953190000000006
2022-10-26 00:00:00,00_04,0.0,0.1620187583742742,-2768.75,-55.75951999999997
2022-10-26 04:00:00,04_08,0.0,0.1521696411420395,-9724.75,-25.472019999999976
2022-10-26 08:00:00,08_12,0.0,0.2515863631523092,-12678.1875,-6.224519999999973
2022-10-26 12:00:00,12_16,0.0,0.3387218165733903,-6810.5,-29.272019999999973
2022-10-26 16:00:00,16_20,0.0,0.1962724610048123,-13469.125,2.3654800000000265
2022-10-26 20:00:00,20_24,0.0,0.2462480781253555,-5204.625,-40.68451999999998
2022-10-27 00:00:00,00_04,2498.625,0.2657266150526716,2498.625,-64.66146
2022-10-27 04:00:00,04_08,0.0,0.1710619487543183,-8388.1875,-28.63146
2022-10-27 08:00:00,08_12,0.0,0.298077242847166,-8832.8125,-17.323959999999992
2022-10-27 12:00:00,12_16,0.0,0.4243940217566264,-455.75,-51.64645999999999
2022-10-27 16:00:00,16_20,0.0,0.2957024001682279,-6557.9375,-10.501459999999994
2022-10-27 20:00:00,20_24,3244.0625,0.3858058515741105,3244.0625,-40.34146
2022-10-28 00:00:00,00_04,8042.3125,0.3738767527769611,8042.3125,-46.67932999999998
2022-10-28 04:00:00,04_08,0.0,0.2715508193353312,-2118.125,-28.52682999999998
2022-10-28 08:00:00,08_12,0.0,0.353828920739116,-5184.375,-14.13932999999998
2022-10-28 12:00:00,12_16,775.8125,0.4366072939072432,775.8125,-40.36682999999997
2022-10-28 16:00:00,16_20,0.0,0.3390500863045925,-3152.75,-12.70432999999997
2022-10-28 20:00:00,20_24,5341.8125,0.4070507436852661,5341.8125,-32.479329999999976
2022-10-29 00:00:00,00_04,5358.125,0.2995599752313515,5358.125,-34.49182999999997
2022-10-29 04:00:00,04_08,0.0,0.1578410432168435,-2102.125,-34.01432999999997
2022-10-29 08:00:00,08_12,0.0,0.2474185762167621,-4467.75,-23.97932999999997
2022-10-29 12:00:00,12_16,555.0625,0.3324306566945171,555.0625,-40.41432999999998
2022-10-29 16:00:00,16_20,0.0,0.1329927338015168,-9421.75,2.910670000000032
2022-10-29 20:00:00,20_24,0.0,0.1746646976916619,-2945.625,-17.28932999999997
2022-10-30 00:00:00,00_04,4402.050000000003,0.2151087421218849,4402.05,-29.103329999999996
2022-10-30 04:00:00,04_08,1794.5,0.1750151154455304,1794.5,-27.481829999999995
2022-10-30 08:00:00,08_12,4829.1875,0.3606716861830583,4829.1875,-25.651829999999997
2022-10-30 12:00:00,12_16,2758.5625,0.3349363869162026,2758.5625,-20.979329999999997
2022-10-30 16:00:00,16_20,0.0,0.1222101349379299,-9006.625,28.393170000000005
2022-10-30 20:00:00,20_24,0.0,0.1780001878617241,-4111.6875,1.1956700000000104
2022-10-31 00:00:00,00_04,2348.5625,0.1916067490247258,2348.5625,-32.22334000000001
2022-10-31 04:00:00,04_08,0.0,0.1080888985411034,-7249.6875,-14.438340000000007
2022-10-31 08:00:00,08_12,0.0,0.2138603901440218,-11698.375,-0.4208400000000054
2022-10-31 12:00:00,12_16,0.0,0.2067331626130557,-11869.9375,0.9466600000000014
2022-10-31 16:00:00,16_20,0.0,0.1527318617208349,-13267.0,30.839159999999996
2022-10-31 20:00:00,20_24,2348.4375,0.3260485039638564,2348.4375,-25.79334
2022-11-01 00:00:00,00_04,14831.9375,0.4927893326598069,14831.9375,-68.88635
2022-11-01 04:00:00,04_08,16005.875,0.5536911385188616,16005.875,-73.45135
2022-11-01 08:00:00,08_12,19072.0,0.6762056259143694,19072.0,-66.74885
2022-11-01 12:00:00,12_16,18302.8125,0.6630200060103894,18302.8125,-74.10385
2022-11-01 16:00:00,16_20,5705.4375,0.4506660898363492,5705.4375,-23.38385
2022-11-01 20:00:00,20_24,13156.4375,0.5328646023644786,13156.4375,-67.99885
2022-11-02 00:00:00,00_04,20917.4375,0.6367990881840289,20917.4375,-86.31647999999998
2022-11-02 04:00:00,04_08,17309.9375,0.6196482642676439,17309.9375,-60.01897999999999
2022-11-02 08:00:00,08_12,18935.375,0.7129433860304468,18935.375,-49.34397999999999
2022-11-02 12:00:00,12_16,16497.5625,0.675454555781056,16497.5625,-50.27897999999999
2022-11-02 16:00:00,16_20,0.0,0.3618589157042716,-2829.0,18.49852000000001
2022-11-02 20:00:00,20_24,5679.4375,0.422443592694252,5679.4375,-26.48897999999999
2022-11-03 00:00:00,00_04,13927.125,0.5043967490000348,13927.125,-110.57352000000004
2022-11-03 04:00:00,04_08,7892.6875,0.476042445825092,7892.6875,-94.61852000000005
2022-11-03 08:00:00,08_12,1977.375,0.4821351398072518,1977.375,-64.80852000000002
2022-11-03 12:00:00,12_16,0.0,0.4129027175768265,-2598.5,-45.09852000000002
2022-11-03 16:00:00,16_20,0.0,0.3896596237304608,-2735.5625,-37.33102000000002
2022-11-03 20:00:00,20_24,3045.375,0.3967083749966218,3045.375,-51.51852000000002
2022-11-04 00:00:00,00_04,13165.25,0.4949233789744766,13165.25,-140.51968999999997
2022-11-04 04:00:00,04_08,787.25,0.3539506944633198,787.25,-75.42719
2022-11-04 08:00:00,08_12,0.0,0.2579183911162875,-14240.25,-23.42968999999998
2022-11-04 12:00:00,12_16,0.0,0.1998183750855067,-16979.8125,-28.48218999999998
2022-11-04 16:00:00,16_20,0.0,0.1225256561115387,-20285.8125,-2.7021899999999803
2022-11-04 20:00:00,20_24,0.0,0.1717399701335188,-9114.5625,-47.97968999999998
2022-11-05 00:00:00,00_04,2735.25,0.2456905848640292,2735.25,-49.94719
2022-11-05 04:00:00,04_08,1515.4375,0.2445598542464971,1515.4375,-51.65469
2022-11-05 08:00:00,08_12,0.0,0.3313618307059353,-398.125,-49.44219
2022-11-05 12:00:00,12_16,3002.4375,0.3885435839298963,3002.4375,-61.30219
2022-11-05 16:00:00,16_20,0.0,0.2933342505181002,-2523.8125,-24.797189999999997
2022-11-05 20:00:00,20_24,8890.75,0.4278162465482797,8890.75,-94.82218999999998
2022-11-06 00:00:00,00_04,18613.1875,0.559547124844276,18613.1875,-152.10469
2022-11-06 04:00:00,04_08,17836.1875,0.5591807795321052,17836.1875,-142.54719
2022-11-06 08:00:00,08_12,18989.3125,0.6492901582892033,18989.3125,-138.58219
2022-11-06 12:00:00,12_16,17455.0625,0.6200642631774314,17455.0625,-119.02719000000002
2022-11-06 16:00:00,16_20,11928.6875,0.5326646151218849,11928.6875,-102.38969
2022-11-06 20:00:00,20_24,20464.9375,0.660694116189648,20464.9375,-158.77469000000002
2022-11-07 00:00:00,00_04,23659.625,0.7005720642191605,23659.625,-190.01938
2022-11-07 04:00:00,04_08,14060.3125,0.5861146909660839,14060.3125,-148.18437999999998
2022-11-07 08:00:00,08_12,8889.4375,0.5886542467994833,8889.4375,-108.80187999999995
2022-11-07 12:00:00,12_16,5084.875,0.5343026167106109,5084.875,-88.83937999999998
2022-11-07 16:00:00,16_20,0.0,0.4044925042738789,-2829.9375,-39.84687999999996
2022-11-07 20:00:00,20_24,6389.875,0.4742867502190567,6389.875,-108.70687999999998
2022-11-08 00:00:00,00_04,12014.5625,0.4815742482143214,12014.5625,-117.83446
2022-11-08 04:00:00,04_08,4904.875,0.4395195681969592,4904.875,-104.67196
2022-11-08 08:00:00,08_12,6753.125,0.5596351821440554,6753.125,-99.82696
2022-11-08 12:00:00,12_16,4303.0,0.5224124400316753,4303.0,-98.62946
2022-11-08 16:00:00,16_20,0.0,0.439292601294441,-19.3125,-63.16196000000001
2022-11-08 20:00:00,20_24,8936.625,0.5103461453601489,8936.625,-104.59446
2022-11-09 00:00:00,00_04,17108.75,0.5823344972654079,17108.75,-180.65893
2022-11-09 04:00:00,04_08,7035.0,0.4739666128209852,7222.1875,-145.78393
2022-11-09 08:00:00,08_12,576.8125,0.4659445146213887,576.8125,-112.43893
2022-11-09 12:00:00,12_16,0.0,0.4435612340956701,-617.75,-119.37643
2022-11-09 16:00:00,16_20,0.0,0.3628518126935933,-4948.3125,-71.13143
2022-11-09 20:00:00,20_24,4717.375,0.4361782757954495,4717.375,-117.04143
2022-11-10 00:00:00,00_04,11899.875,0.4786219543816444,11899.875,-162.66981000000004
2022-11-10 04:00:00,04_08,1854.25,0.3791285183606881,1854.25,-132.39731000000006
2022-11-10 08:00:00,08_12,0.0,0.4347038408454416,-1636.0625,-115.70981000000003
2022-11-10 12:00:00,12_16,442.1875,0.4614247228517812,442.1875,-151.54481000000004
2022-11-10 16:00:00,16_20,0.0,0.3274297960838613,-7806.1875,-78.71981000000005
2022-11-10 20:00:00,20_24,3670.3125,0.4216368793457802,3670.3125,-151.19231000000005
2022-11-11 00:00:00,00_04,12137.0,0.481553459079967,12137.0,-178.31345
2022-11-11 04:00:00,04_08,3194.9375,0.3989452693469174,3194.9375,-146.69844999999998
2022-11-11 08:00:00,08_12,0.0,0.4287276299185499,-1924.25,-123.06844999999998
2022-11-11 12:00:00,12_16,0.0,0.4055765607600765,-2588.75,-115.02095
2022-11-11 16:00:00,16_20,0.0,0.2721534181576829,-10405.6875,-53.83844999999999
2022-11-11 20:00:00,20_24,0.0,0.2840782484214554,-3251.1875,-112.25595
2022-11-12 00:00:00,00_04,2481.75,0.2400402986780651,2481.75,-80.74844999999998
2022-11-12 04:00:00,04_08,0.0,0.1180314741987769,-4462.9375,-65.50344999999999
2022-11-12 08:00:00,08_12,0.0,0.2266210418093826,-5458.625,-60.00844999999998
2022-11-12 12:00:00,12_16,0.0,0.2139800142548822,-5963.25,-55.83094999999998
2022-11-12 16:00:00,16_20,0.0,0.0637260029619515,-14926.375,5.379050000000021
2022-11-12 20:00:00,20_24,0.0,0.1076292616788472,-7524.8125,-46.898449999999976
2022-11-13 00:00:00,00_04,0.0,0.1157355366241947,-111.5,-72.56344999999999
2022-11-13 04:00:00,04_08,811.75,0.1594461391430937,811.75,-81.46594999999999
2022-11-13 08:00:00,08_12,5053.125,0.3656772456786625,5053.125,-85.10594999999998
2022-11-13 12:00:00,12_16,6211.75,0.3950031083320795,6211.75,-86.71594999999998
2022-11-13 16:00:00,16_20,1355.9375,0.32867889315499,1355.9375,-45.07344999999998
2022-11-13 20:00:00,20_24,7035.0,0.399335232668566,7164.125,-81.67094999999999
2022-11-14 00:00:00,00_04,11733.875,0.4296230126121923,11733.875,-139.12814999999998
2022-11-14 04:00:00,04_08,2354.375,0.3599769760818099,2354.375,-88.96315
2022-11-14 08:00:00,08_12,0.0,0.3975200609999637,-2851.25,-77.82815
2022-11-14 12:00:00,12_16,0.0,0.361966673419313,-5265.8125,-57.58564999999999
2022-11-14 16:00:00,16_20,0.0,0.3234123198044528,-6798.4375,-21.75564999999999
2022-11-14 20:00:00,20_24,2038.5625,0.3795354880279436,2038.5625,-88.40314999999998
2022-11-15 00:00:00,00_04,8769.1875,0.3844738646255132,8769.1875,-185.22661
2022-11-15 04:00:00,04_08,0.0,0.2875604386964896,-2044.4375,-157.29411
2022-11-15 08:00:00,08_12,0.0,0.3134803908291305,-8790.0625,-103.48661
2022-11-15 12:00:00,12_16,0.0,0.2670898362132288,-11716.375,-100.91661
2022-11-15 16:00:00,16_20,0.0,0.2618657346363719,-11054.125,-93.28410999999998
2022-11-15 20:00:00,20_24,2682.875,0.3896396467893063,2682.875,-164.18411
2022-11-16 00:00:00,00_04,14858.125,0.4989036232640702,14858.125,-255.19725
2022-11-16 04:00:00,04_08,7035.0,0.454720082665339,8582.625,-226.94225
2022-11-16 08:00:00,08_12,0.0,0.3926618968328461,-2241.9375,-161.58475
2022-11-16 12:00:00,12_16,0.0,0.3482045551611905,-4804.5625,-135.65975
2022-11-16 16:00:00,16_20,0.0,0.3216373664868804,-5691.3125,-121.15225
2022-11-16 20:00:00,20_24,7035.0,0.4502548628697667,7569.5,-230.09225
2022-11-17 00:00:00,00_04,25102.625,0.7051287244006784,25102.625,-279.69162
2022-11-17 04:00:00,04_08,19793.0,0.6906602263227203,21971.375,-262.28662
2022-11-17 08:00:00,08_12,13965.125,0.6268077992001845,13965.125,-215.26662
2022-11-17 12:00:00,12_16,7035.0,0.5809304521943488,11042.75,-172.15912
2022-11-17 16:00:00,16_20,3371.75,0.4611644178838551,3371.75,-133.61662
2022-11-17 20:00:00,20_24,7035.0,0.4695533638725557,8629.75,-163.81162
2022-11-18 00:00:00,00_04,12347.4375,0.4514740765842087,12347.4375,-177.54503000000005
2022-11-18 04:00:00,04_08,3880.375,0.3798095411416916,3880.375,-139.41503000000003
2022-11-18 08:00:00,08_12,0.0,0.3737593106135264,-3031.9375,-68.68503000000004
2022-11-18 12:00:00,12_16,0.0,0.3794704438896044,-1919.5,-92.83753000000004
2022-11-18 16:00:00,16_20,0.0,0.3348547741393533,-4282.8125,-109.95253000000004
2022-11-18 20:00:00,20_24,1973.5,0.3390720318456119,1973.5,-163.64503000000002
2022-11-19 00:00:00,00_04,6729.0,0.3132789056254611,7304.25,-164.38503000000003
2022-11-19 04:00:00,04_08,3939.0625,0.2545426322733748,3939.0625,-161.16753
2022-11-19 08:00:00,08_12,0.0,0.2515508843886183,-2613.6875,-108.02503000000004
2022-11-19 12:00:00,12_16,0.0,0.1998432121902522,-5553.25,-104.58753000000002
2022-11-19 16:00:00,16_20,0.0,0.0975128458259036,-11951.3125,-41.05003000000002
2022-11-19 20:00:00,20_24,0.0,0.0912793379762068,-6564.6875,-85.40003000000002
2022-11-20 00:00:00,00_04,300.4375,0.0939052010440682,300.4375,-121.63503
2022-11-20 04:00:00,04_08,0.0,0.0931784110094793,-212.5625,-129.47003
2022-11-20 08:00:00,08_12,0.0,0.1758049835227899,-3169.625,-98.38503
2022-11-20 12:00:00,12_16,0.0,0.1842840190438972,-3458.625,-99.99253000000002
2022-11-20 16:00:00,16_20,0.0,0.1279774658902189,-8614.6875,-47.46503000000001
2022-11-20 20:00:00,20_24,0.0,0.1973171535464361,-2076.0,-99.28503000000002
2022-11-21 00:00:00,00_04,2896.0,0.2212791734809998,2896.0,-170.55534999999998
2022-11-21 04:00:00,04_08,0.0,0.1475269143188969,-8510.375,-86.69034999999998
2022-11-21 08:00:00,08_12,0.0,0.173282601238513,-17946.8125,-5.127849999999995
2022-11-21 12:00:00,12_16,0.0,0.1622488192512749,-18532.9375,2.8571500000000043
2022-11-21 16:00:00,16_20,0.0,0.1411126599783854,-18971.75,5.122150000000019
2022-11-21 20:00:00,20_24,0.0,0.3062433587470187,-1758.1875,-107.32285
2022-11-22 00:00:00,00_04,15921.0625,0.501823708969686,15921.0625,-224.54625
2022-11-22 04:00:00,04_08,7878.3125,0.4319414902815245,7878.3125,-183.17875
2022-11-22 08:00:00,08_12,0.0,0.3633837047666024,-3638.1875,-83.58375
2022-11-22 12:00:00,12_16,0.0,0.3116881355196475,-6842.4375,-72.63874999999999
2022-11-22 16:00:00,16_20,0.0,0.316376694668399,-5769.75,-49.63375
2022-11-22 20:00:00,20_24,3883.875,0.3778228559909403,3883.875,-122.78375
2022-11-23 00:00:00,00_04,8125.0,0.4279386091563851,10888.3125,-199.3066
2022-11-23 04:00:00,04_08,351.625,0.3279886323682081,351.625,-147.53410000000002
2022-11-23 08:00:00,08_12,0.0,0.3618461981870521,-4662.125,-115.78660000000002
2022-11-23 12:00:00,12_16,0.0,0.3693418068944731,-3475.1875,-158.2416
2022-11-23 16:00:00,16_20,0.0,0.3636839374530361,-3729.8125,-118.0841
2022-11-23 20:00:00,20_24,5892.8125,0.4313869916293874,5892.8125,-190.3791
2022-11-24 00:00:00,00_04,11004.375,0.4188127148543237,11004.375,-227.5578
2022-11-24 04:00:00,04_08,0.0,0.2990071185143567,-834.4375,-159.7103
2022-11-24 08:00:00,08_12,0.0,0.2446588303563846,-12639.875,-57.545300000000026
2022-11-24 12:00:00,12_16,0.0,0.2110668396204909,-14428.4375,-75.9203
2022-11-24 16:00:00,16_20,0.0,0.1515265395447288,-18396.8125,-48.9653
2022-11-24 20:00:00,20_24,0.0,0.2265554546681933,-6175.5625,-134.2228
2022-11-25 00:00:00,00_04,5373.9375,0.3129497014541055,5373.9375,-178.16559999999996
2022-11-25 04:00:00,04_08,0.0,0.2835895186191304,-1731.5,-130.39309999999998
2022-11-25 08:00:00,08_12,0.0,0.2614741568057376,-10964.5625,-62.15309999999995
2022-11-25 12:00:00,12_16,0.0,0.1944716343079417,-14460.8125,-63.260599999999954
2022-11-25 16:00:00,16_20,0.0,0.1474574296197544,-17346.1875,-15.11309999999996
2022-11-25 20:00:00,20_24,0.0,0.1988647136645526,-6278.3125,-88.40309999999997
2022-11-26 00:00:00,00_04,4355.0,0.2127817205983318,4355.0,-139.75809999999998
2022-11-26 04:00:00,04_08,1444.125,0.1745647530578112,1444.125,-132.17309999999998
2022-11-26 08:00:00,08_12,0.0,0.2046592292971468,-3308.1875,-81.4056
2022-11-26 12:00:00,12_16,0.0,0.1918464155634555,-3910.3125,-93.1506
2022-11-26 16:00:00,16_20,0.0,0.1186521368874662,-9080.5625,-50.33309999999999
2022-11-26 20:00:00,20_24,38.75,0.1800425758382118,38.75,-140.5881
2022-11-27 00:00:00,00_04,11297.1875,0.3080854695627274,11297.1875,-219.9956
2022-11-27 04:00:00,04_08,13339.1875,0.365109634723828,13339.1875,-227.6181
2022-11-27 08:00:00,08_12,8125.0,0.4548931622451971,12888.625,-192.7831
2022-11-27 12:00:00,12_16,8125.0,0.4368007494531502,10996.125,-188.67059999999995
2022-11-27 16:00:00,16_20,7619.875,0.3973179724001278,7619.875,-167.00059999999996
2022-11-27 20:00:00,20_24,8125.0,0.4304023731209803,11637.375,-195.9456
2022-11-28 00:00:00,00_04,18061.875,0.49051562113755,18061.875,-223.68784
2022-11-28 04:00:00,04_08,7822.3125,0.3966564686744281,7822.3125,-163.72034
2022-11-28 08:00:00,08_12,0.0,0.2913862088586852,-6782.375,14.13216
2022-11-28 12:00:00,12_16,0.0,0.2128611921679429,-11777.75,26.85216000000001
2022-11-28 16:00:00,16_20,0.0,0.1743862588488076,-14076.3125,45.03466
2022-11-28 20:00:00,20_24,0.0,0.1626766111339711,-8210.1875,-51.35784
2022-11-29 00:00:00,00_04,794.125,0.1339018436929123,794.125,-110.15375000000004
2022-11-29 04:00:00,04_08,0.0,0.102376183242045,-8371.0625,-52.43125000000003
2022-11-29 08:00:00,08_12,0.0,0.0920833442196997,-19875.9375,88.68874999999998
2022-11-29 12:00:00,12_16,0.0,0.0758901040355275,-20203.0,80.59874999999997
2022-11-29 16:00:00,16_20,0.0,0.0683927699071812,-20538.125,123.70624999999998
2022-11-29 20:00:00,20_24,0.0,0.0642332630871188,-13257.5,-26.04625000000003
2022-11-30 00:00:00,00_04,0.0,0.0665556174383823,-401.9375,-105.39914999999998
2022-11-30 04:00:00,04_08,0.0,0.0612785459837933,-7675.4375,-47.48664999999998
2022-11-30 08:00:00,08_12,0.0,0.0815493404240177,-16735.25,99.91085000000002
2022-11-30 12:00:00,12_16,0.0,0.0740147630574946,-16714.0625,77.29335000000003
2022-11-30 16:00:00,16_20,0.0,0.061959635158859,-16807.875,107.00085
2022-11-30 20:00:00,20_24,0.0,0.0652655307870597,-8893.9375,-40.53664999999998
2022-12-01 00:00:00,00_04,565.3125,0.075657572878904,565.3125,-119.46604
2022-12-01 04:00:00,04_08,0.0,0.0731565389858073,-7143.75,-65.37354
2022-12-01 08:00:00,08_12,0.0,0.1016757566590832,-15523.6875,51.07145999999999
2022-12-01 12:00:00,12_16,0.0,0.1015184540807112,-15599.8125,47.66896
2022-12-01 16:00:00,16_20,0.0,0.0897126939279856,-15776.875,62.21896
2022-12-01 20:00:00,20_24,0.0,0.1017307184521952,-6582.6875,-41.36104
2022-12-02 00:00:00,00_04,1451.9375,0.1050770313255837,1451.9375,-108.53104
2022-12-02 04:00:00,04_08,0.0,0.1233873323820693,-4518.9375,-60.75603999999999
2022-12-02 08:00:00,08_12,0.0,0.1633827673261124,-11602.375,20.033960000000008
2022-12-02 12:00:00,12_16,0.0,0.2115043314608649,-7906.5,-62.21854
2022-12-02 16:00:00,16_20,0.0,0.2527480329581906,-4068.375,-74.42354
2022-12-02 20:00:00,20_24,5672.9375,0.294146302634721,5672.9375,-127.96604
2022-12-03 00:00:00,00_04,11470.0,0.3283163137495712,14561.875,-149.52354000000005
2022-12-03 04:00:00,04_08,11470.0,0.282945814317398,11554.8125,-136.70104000000003
2022-12-03 08:00:00,08_12,3281.25,0.2464163149678515,3281.25,-90.39104000000005
2022-12-03 12:00:00,12_16,2943.0625,0.2448994159498326,2943.0625,-71.44854000000002
2022-12-03 16:00:00,16_20,1954.375,0.2338397573901678,1954.375,-45.76604000000002
2022-12-03 20:00:00,20_24,8265.375,0.256300812280934,8265.375,-105.97854000000004
2022-12-04 00:00:00,00_04,11470.0,0.3063911246823814,15694.625,-159.05354000000003
2022-12-04 04:00:00,04_08,11470.0,0.3250959475895995,15993.25,-168.63354000000004
2022-12-04 08:00:00,08_12,10081.875,0.3159441967496045,10081.875,-93.85104000000004
2022-12-04 12:00:00,12_16,8294.25,0.3039513338292886,8294.25,-76.53604000000003
2022-12-04 16:00:00,16_20,6654.75,0.2965460162841184,6654.75,-61.913540000000026
2022-12-04 20:00:00,20_24,9752.9375,0.2997359093265337,9752.9375,-119.23354000000003
2022-12-05 00:00:00,00_04,11470.0,0.2997850881425512,13681.0625,-193.96636000000004
2022-12-05 04:00:00,04_08,3638.5,0.236234687722041,3638.5,-116.63886000000002
2022-12-05 08:00:00,08_12,0.0,0.181829895746042,-9509.8125,21.64613999999997
2022-12-05 12:00:00,12_16,0.0,0.1644563432248194,-10789.8125,24.856139999999986
2022-12-05 16:00:00,16_20,0.0,0.1452885287706165,-11205.4375,48.74113999999999
2022-12-05 20:00:00,20_24,0.0,0.144972181084817,-3675.25,-49.80636000000001
2022-12-06 00:00:00,00_04,3781.9375,0.130261912117297,3781.9375,-105.71932
2022-12-06 04:00:00,04_08,0.0,0.0830625730729728,-5988.0,-32.48682000000001
2022-12-06 08:00:00,08_12,0.0,0.0914724041092688,-15922.0625,69.13067999999998
2022-12-06 12:00:00,12_16,0.0,0.1125427064798706,-14415.3125,65.18068
2022-12-06 16:00:00,16_20,0.0,0.141512482019904,-11543.9375,65.16067999999997
2022-12-06 20:00:00,20_24,658.25,0.2132131117777576,658.25,-71.31682000000002
2022-12-07 00:00:00,00_04,11470.0,0.3388702426921834,13856.0625,-168.03176
2022-12-07 04:00:00,04_08,10215.125,0.3617333110616584,10215.125,-121.91675999999998
2022-12-07 08:00:00,08_12,3440.5,0.3750973255431278,3440.5,-54.26925999999997
2022-12-07 12:00:00,12_16,0.0,0.363091856733036,2384.75,-27.876759999999976
2022-12-07 16:00:00,16_20,0.0,0.2485924670042521,-4843.125,21.350740000000016
2022-12-07 20:00:00,20_24,0.0,0.2198053410721956,689.0,-64.76425999999998
2022-12-08 00:00:00,00_04,10471.125,0.2751800422933025,10471.125,-139.38205999999997
2022-12-08 04:00:00,04_08,1833.875,0.2233421830075562,1833.875,-90.76955999999998
2022-12-08 08:00:00,08_12,0.0,0.1862673267860125,-9410.8125,32.78544000000002
2022-12-08 12:00:00,12_16,0.0,0.1406395610326526,-12477.4375,35.830440000000024
2022-12-08 16:00:00,16_20,0.0,0.079356417708722,-16457.375,52.49294
2022-12-08 20:00:00,20_24,0.0,0.0995555879353052,-6840.8125,-62.46455999999998
2022-12-09 00:00:00,00_04,0.0,0.0665219310711845,-891.1875,-102.76587999999995
2022-12-09 04:00:00,04_08,0.0,0.0749994172210131,-7214.8125,-54.12837999999997
2022-12-09 08:00:00,08_12,0.0,0.1079212048107283,-15516.5625,63.029120000000034
2022-12-09 12:00:00,12_16,0.0,0.1085774466521152,-14654.5,62.27162000000004
2022-12-09 16:00:00,16_20,0.0,0.0710712842325794,-16724.1875,64.82662000000003
2022-12-09 20:00:00,20_24,0.0,0.0892449454568483,-6582.9375,-45.52587999999996
2022-12-10 00:00:00,00_04,2665.9375,0.0817364877189106,2665.9375,-99.96588
2022-12-10 04:00:00,04_08,1727.0,0.0674334309036992,1727.0,-103.85338000000004
2022-12-10 08:00:00,08_12,0.0,0.0929838595830784,-4455.5625,-5.483380000000025
2022-12-10 12:00:00,12_16,0.0,0.0855640431224562,-5116.5625,-12.955880000000022
2022-12-10 16:00:00,16_20,0.0,0.0487436516598063,-8002.375,34.38411999999998
2022-12-10 20:00:00,20_24,0.0,0.0605047992322189,-1538.8125,-78.86088000000004
2022-12-11 00:00:00,00_04,5366.0625,0.0675346995665851,5366.0625,-109.68838000000004
2022-12-11 04:00:00,04_08,5535.6875,0.0702311062187976,5535.6875,-123.60838000000004
2022-12-11 08:00:00,08_12,471.25,0.1147429140694068,471.25,-76.97088000000005
2022-12-11 12:00:00,12_16,0.0,0.1082394708964411,-1320.4375,-63.883380000000045
2022-12-11 16:00:00,16_20,0.0,0.0634954283824309,-5390.5625,6.38161999999997
2022-12-11 20:00:00,20_24,0.0,0.073967554936413,-1595.625,-60.843380000000025
2022-12-12 00:00:00,00_04,3176.875,0.0781137692134095,3176.875,-126.91629999999998
2022-12-12 04:00:00,04_08,0.0,0.0858861474844934,-4465.6875,-40.18879999999999
2022-12-12 08:00:00,08_12,0.0,0.1262434311418262,-13404.4375,113.16870000000004
2022-12-12 12:00:00,12_16,0.0,0.1295243348561616,-13805.1875,101.22370000000002
2022-12-12 16:00:00,16_20,0.0,0.0753212942048087,-16540.6875,150.9262
2022-12-12 20:00:00,20_24,0.0,0.1006348626724745,-6530.1875,-9.051299999999998
2022-12-13 00:00:00,00_04,2895.4375,0.1189545601142762,2895.4375,-103.95417000000003
2022-12-13 04:00:00,04_08,0.0,0.1095450360290381,-4342.9375,-26.33917000000004
2022-12-13 08:00:00,08_12,0.0,0.1637711423123962,-11258.75,143.99082999999996
2022-12-13 12:00:00,12_16,0.0,0.1658904075625936,-11417.0,134.86082999999996
2022-12-13 16:00:00,16_20,0.0,0.1330838312602338,-12898.4375,200.30083
2022-12-13 20:00:00,20_24,0.0,0.2151979910343682,189.375,-40.48917000000003
2022-12-14 00:00:00,00_04,9464.75,0.2613240081880501,9464.75,-121.71028000000004
2022-12-14 04:00:00,04_08,0.0,0.1877291902393879,-314.875,-30.977780000000024
2022-12-14 08:00:00,08_12,0.0,0.1480540156564016,-11928.25,165.96971999999997
2022-12-14 12:00:00,12_16,0.0,0.1111506838527703,-14342.125,126.50222
2022-12-14 16:00:00,16_20,0.0,0.0752286104664254,-16687.875,158.38722
2022-12-14 20:00:00,20_24,0.0,0.1026427971278202,-6664.0,-3.447780000000023
2022-12-15 00:00:00,00_04,5184.0625,0.1764773163716308,5184.0625,-94.1965
2022-12-15 04:00:00,04_08,0.0,0.1995143194050412,796.25,-45.98399999999998
2022-12-15 08:00:00,08_12,0.0,0.229523942254175,-6313.4375,96.94600000000004
2022-12-15 12:00:00,12_16,0.0,0.2181629430316536,-6620.0,52.723500000000016
2022-12-15 16:00:00,16_20,0.0,0.1701849803889495,-10405.9375,113.3235
2022-12-15 20:00:00,20_24,0.0,0.1594474811792273,-3474.875,-16.801499999999976
2022-12-16 00:00:00,00_04,3097.3125,0.1233805839981714,3097.3125,-98.28190000000002
2022-12-16 04:00:00,04_08,0.0,0.0939639567906149,-5417.625,-36.429400000000015
2022-12-16 08:00:00,08_12,0.0,0.0890653219289685,-16545.5625,165.3656
2022-12-16 12:00:00,12_16,0.0,0.0708984081290683,-16952.125,91.06309999999998
2022-12-16 16:00:00,16_20,0.0,0.0347302626818148,-18774.3125,103.3631
2022-12-16 20:00:00,20_24,0.0,0.0485165264619319,-8533.25,-49.29940000000002
2022-12-17 00:00:00,00_04,2749.75,0.0639695492874932,2749.75,-83.71690000000007
2022-12-17 04:00:00,04_08,4468.375,0.108014554188178,4468.375,-108.38940000000004
2022-12-17 08:00:00,08_12,0.0,0.1675990265579447,-243.125,-55.44440000000005
2022-12-17 12:00:00,12_16,915.0625,0.1986986891002693,915.0625,-80.18440000000005
2022-12-17 16:00:00,16_20,608.5,0.2011380353272168,608.5,-34.84440000000005
2022-12-17 20:00:00,20_24,11406.125,0.3015124941268458,11406.125,-117.49690000000004
2022-12-18 00:00:00,00_04,11804.0,0.3519483501116622,18811.9375,-175.70940000000002
2022-12-18 04:00:00,04_08,11804.0,0.3840900783763347,20328.3125,-175.6819
2022-12-18 08:00:00,08_12,11804.0,0.4007662478852605,15710.875,-134.14690000000002
2022-12-18 12:00:00,12_16,11804.0,0.3696118662567966,12943.875,-127.6444
2022-12-18 16:00:00,16_20,11804.0,0.4423202361292602,15966.4375,-124.5469
2022-12-18 20:00:00,20_24,11804.0,0.5325787550641778,23230.875,-208.9644
2022-12-19 00:00:00,00_04,27661.0,0.599246658630322,28929.75,-245.87843
2022-12-19 04:00:00,04_08,11804.0,0.5403790577544546,21689.3125,-193.92343
2022-12-19 08:00:00,08_12,10183.5625,0.4678769152673222,10183.5625,-95.89843
2022-12-19 12:00:00,12_16,9598.875,0.4596400502681733,9598.875,-96.29343
2022-12-19 16:00:00,16_20,11015.8125,0.4753272301900338,11015.8125,-101.02093
2022-12-19 20:00:00,20_24,11804.0,0.5753972506749655,22168.3125,-182.29093
2022-12-20 00:00:00,00_04,27661.0,0.6474525059297588,30206.875,-221.42785
2022-12-20 04:00:00,04_08,11804.0,0.5434995711309889,21368.8125,-181.07285
2022-12-20 08:00:00,08_12,11377.5625,0.4806655603016325,11377.5625,-89.71535
2022-12-20 12:00:00,12_16,11765.1875,0.4827001751269625,11765.1875,-91.61785
2022-12-20 16:00:00,16_20,8164.5625,0.4266130522785363,8164.5625,-83.51034999999999
2022-12-20 20:00:00,20_24,11804.0,0.4063641155187656,12575.5625,-100.39284999999998
2022-12-21 00:00:00,00_04,11804.0,0.3551345673560327,15588.0,-127.98519
2022-12-21 04:00:00,04_08,5357.0,0.2574365553951779,5357.0,-98.74518999999998
2022-12-21 08:00:00,08_12,0.0,0.2389808634502905,-4401.1875,-43.22019
2022-12-21 12:00:00,12_16,0.0,0.291154136265394,-971.125,-68.46018999999998
2022-12-21 16:00:00,16_20,4575.8125,0.3611139531732622,4575.8125,-71.01768999999999
2022-12-21 20:00:00,20_24,11804.0,0.456342733677703,15940.4375,-126.47519
2022-12-22 00:00:00,00_04,11804.0,0.4535498508811104,21262.375,-141.56537
2022-12-22 04:00:00,04_08,11804.0,0.3658243690653617,12691.5,-112.66037
2022-12-22 08:00:00,08_12,4793.9375,0.3548205034607662,4793.9375,-61.36037
2022-12-22 12:00:00,12_16,8001.875,0.4002425404704157,8001.875,-69.70537000000002
2022-12-22 16:00:00,16_20,7248.625,0.377079594032963,7248.625,-67.44037
2022-12-22 20:00:00,20_24,11643.0625,0.3636066246815163,11643.0625,-106.48787000000002
2022-12-23 00:00:00,00_04,16829.0625,0.3464161801018232,16829.0625,-126.18667
2022-12-23 04:00:00,04_08,9286.875,0.2786060987853153,9286.875,-109.56417
2022-12-23 08:00:00,08_12,0.0,0.1790746342166944,-4431.5625,-50.05667
2022-12-23 12:00:00,12_16,0.0,0.1421561955777734,-6104.9375,-46.914170000000006
2022-12-23 16:00:00,16_20,0.0,0.2229952750266292,-144.0625,-60.49917
2022-12-23 20:00:00,20_24,11804.0,0.3552035620451533,13198.9375,-121.11667
2022-12-24 00:00:00,00_04,27460.0625,0.5398773265651439,27460.0625,-200.74917
2022-12-24 04:00:00,04_08,27661.0,0.5719415126246429,29503.0625,-194.22667
2022-12-24 08:00:00,08_12,22730.0625,0.4989424168734677,22730.0625,-117.58417000000004
2022-12-24 12:00:00,12_16,11804.0,0.4534053155124548,20081.875,-107.12417000000002
2022-12-24 16:00:00,16_20,11804.0,0.3229899411629482,13802.875,-99.79917000000005
2022-12-24 20:00:00,20_24,17616.625,0.3242594723845492,17616.625,-134.99167000000003
2022-12-25 00:00:00,00_04,18540.25,0.2783338257743635,18540.25,-145.41416999999998
2022-12-25 04:00:00,04_08,21729.6875,0.3270356396965642,21729.6875,-165.46166999999997
2022-12-25 08:00:00,08_12,18581.9375,0.3690443147980975,18581.9375,-136.79917
2022-12-25 12:00:00,12_16,15938.5,0.333160937104109,15938.5,-152.98917
2022-12-25 16:00:00,16_20,13878.1875,0.3054219484767941,13878.1875,-134.43417
2022-12-25 20:00:00,20_24,22114.4375,0.4335226319105674,22114.4375,-146.13916999999998
2022-12-26 00:00:00,00_04,32505.5,0.6213372197143263,32505.5,-218.22917
2022-12-26 04:00:00,04_08,35720.9375,0.6935505291816736,35720.9375,-233.22167
2022-12-26 08:00:00,08_12,33018.625,0.6842474000511465,33018.625,-199.49167
2022-12-26 12:00:00,12_16,35838.625,0.7587043536853962,35838.625,-214.24917
2022-12-26 16:00:00,16_20,33748.8125,0.7198102886695343,33748.8125,-198.63417
2022-12-26 20:00:00,20_24,36702.5625,0.7587006174762858,36702.5625,-205.75417
2022-12-27 00:00:00,00_04,36441.375,0.7392408865621044,36441.375,-241.68276
2022-12-27 04:00:00,04_08,32827.875,0.6970701668729397,32827.875,-217.08276
2022-12-27 08:00:00,08_12,22711.375,0.5866027271315549,22711.375,-152.60775999999998
2022-12-27 12:00:00,12_16,17421.0,0.5079879763287765,17421.0,-123.40526
2022-12-27 16:00:00,16_20,10476.5625,0.3889252379443246,10476.5625,-95.72276
2022-12-27 20:00:00,20_24,21230.875,0.5041579738861302,21230.875,-135.23525999999998
2022-12-28 00:00:00,00_04,35270.875,0.7181717303667495,35270.875,-227.9439
2022-12-28 04:00:00,04_08,35198.1875,0.7477629830725407,35198.1875,-236.7589
2022-12-28 08:00:00,08_12,27290.125,0.6728111609367214,27290.125,-190.08640000000003
2022-12-28 12:00:00,12_16,22733.25,0.6040025699507229,22733.25,-188.5489
2022-12-28 16:00:00,16_20,20024.875,0.5543680805104071,20024.875,-165.2164
2022-12-28 20:00:00,20_24,32610.8125,0.7200347649909634,32610.8125,-209.3814
2022-12-29 00:00:00,00_04,42203.5625,0.871073274901315,42203.5625,-237.66677
2022-12-29 04:00:00,04_08,39481.3125,0.8274973906602471,39481.3125,-237.07927
2022-12-29 08:00:00,08_12,37617.1875,0.8248206161906378,37617.1875,-230.27177
2022-12-29 12:00:00,12_16,35734.875,0.7944396081077342,35734.875,-223.86177
2022-12-29 16:00:00,16_20,24434.125,0.6009441623173807,24434.125,-196.05927
2022-12-29 20:00:00,20_24,31319.375,0.6766641009172962,31319.375,-211.57927
2022-12-30 00:00:00,00_04,34868.875,0.7057683420193819,34868.875,-240.04988
2022-12-30 04:00:00,04_08,26429.3125,0.5521610269936834,26429.3125,-234.92238
2022-12-30 08:00:00,08_12,22269.5,0.5531314404232137,22269.5,-218.15488
2022-12-30 12:00:00,12_16,25577.875,0.6145996256228329,25577.875,-222.24488
2022-12-30 16:00:00,16_20,30767.625,0.7045080483050093,30767.625,-223.05488000000005
2022-12-30 20:00:00,20_24,40565.875,0.8535635088997593,40565.875,-244.11988
2022-12-31 00:00:00,00_04,40878.5625,0.8341328296942022,40878.5625,-229.96488000000005
2022-12-31 04:00:00,04_08,38020.75,0.7589541474195073,38020.75,-229.94988000000004
2022-12-31 08:00:00,08_12,38845.6875,0.8147221287295333,38845.6875,-230.26238000000004
2022-12-31 12:00:00,12_16,41696.125,0.8804040964934975,41696.125,-232.73988000000003
2022-12-31 16:00:00,16_20,35087.25,0.7531519575315195,35087.25,-230.40238
2022-12-31 20:00:00,20_24,40937.3125,0.8504330721329869,40937.3125,-230.96738
2023-01-01 00:00:00,00_04,46304.0,0.9731670684454315,46304.0,-229.63738000000004
2023-01-01 04:00:00,04_08,47367.0,1.0071009987021535,47623.8125,-230.49238000000005
2023-01-01 08:00:00,08_12,44995.25,0.9413335229723442,44995.25,-227.60738000000003
2023-01-01 12:00:00,12_16,37007.75,0.7607974380843937,37007.75,-220.60988000000003
2023-01-01 16:00:00,16_20,23126.75,0.4949138989707987,23126.75,-178.16738000000004
2023-01-01 20:00:00,20_24,25949.9375,0.5185878776299226,25949.9375,-182.64488
2023-01-02 00:00:00,00_04,25663.1875,0.4952497277655814,25663.1875,-177.93539999999996
2023-01-02 04:00:00,04_08,11804.0,0.496496980840402,21968.4375,-138.20539999999997
2023-01-02 08:00:00,08_12,11804.0,0.5166982373584303,17034.8125,-84.08789999999996
2023-01-02 12:00:00,12_16,11804.0,0.5137759644642735,16273.3125,-81.66539999999998
2023-01-02 16:00:00,16_20,10877.625,0.4293046801466056,10877.625,-61.56289999999996
2023-01-02 20:00:00,20_24,11804.0,0.4481054109361401,16301.3125,-91.13539999999996
2023-01-03 00:00:00,00_04,21334.9375,0.4242205288983936,21334.9375,-107.02491
2023-01-03 04:00:00,04_08,9249.1875,0.2728957398113212,9249.1875,-95.78241
2023-01-03 08:00:00,08_12,0.0,0.2459679195173183,-1891.0625,-58.36491
2023-01-03 12:00:00,12_16,43.1875,0.2817355594708303,43.1875,-63.91741
2023-01-03 16:00:00,16_20,615.0625,0.2825862663028508,615.0625,-61.15491
2023-01-03 20:00:00,20_24,11804.0,0.4709273040869237,17003.3125,-105.83241
2023-01-04 00:00:00,00_04,32473.0625,0.6863801127010257,32473.0625,-167.29224
2023-01-04 04:00:00,04_08,33368.125,0.7418065843145865,33368.125,-179.32974
2023-01-04 08:00:00,08_12,27244.0,0.721233681357265,28898.375,-138.01974
2023-01-04 12:00:00,12_16,29417.375,0.7317038699599123,29417.375,-137.20974
2023-01-04 16:00:00,16_20,27244.0,0.7156608120897313,28536.5625,-140.88473999999997
2023-01-04 20:00:00,20_24,36837.125,0.8169864124393529,36837.125,-187.72724
2023-01-05 00:00:00,00_04,41557.25,0.8827798104709291,41557.25,-204.38839
2023-01-05 04:00:00,04_08,27244.0,0.766116436671858,34133.5,-164.33338999999998
2023-01-05 08:00:00,08_12,11804.0,0.601465516272904,20723.9375,-80.37088999999997
2023-01-05 12:00:00,12_16,10578.5625,0.4526912945950725,10578.5625,-55.96588999999997
2023-01-05 16:00:00,16_20,0.0,0.2116174848638561,-5610.625,-19.445889999999984
2023-01-05 20:00:00,20_24,161.3125,0.1936967881375941,161.3125,-57.55838999999997
2023-01-06 00:00:00,00_04,15150.6875,0.350248827820238,15150.6875,-106.71203999999996
2023-01-06 04:00:00,04_08,17414.875,0.4453531736417268,17414.875,-111.12703999999998
2023-01-06 08:00:00,08_12,18084.4375,0.5381369739651117,18084.4375,-87.61203999999996
2023-01-06 12:00:00,12_16,17636.125,0.5304670908752961,17636.125,-85.97703999999997
2023-01-06 16:00:00,16_20,5679.5,0.3523489182581307,5679.5,-52.12203999999997
2023-01-06 20:00:00,20_24,8555.5,0.3148172698749392,8555.5,-72.95203999999997
2023-01-07 00:00:00,00_04,17261.125,0.3580596171646785,17261.125,-115.88703999999996
2023-01-07 04:00:00,04_08,17303.0625,0.3646678351301548,17303.0625,-120.64953999999996
2023-01-07 08:00:00,08_12,13253.9375,0.3989577333624629,13253.9375,-107.74203999999996
2023-01-07 12:00:00,12_16,16434.6875,0.4567379569134231,16434.6875,-121.66453999999996
2023-01-07 16:00:00,16_20,16211.8125,0.4710949529148554,16211.8125,-114.53453999999996
2023-01-07 20:00:00,20_24,25257.875,0.5819987981182372,25257.875,-151.39203999999995
2023-01-08 00:00:00,00_04,30858.1875,0.6347475116171329,30858.1875,-202.46453999999997
2023-01-08 04:00:00,04_08,27517.3125,0.5525265236472797,27517.3125,-200.53204
2023-01-08 08:00:00,08_12,20655.375,0.4827522178163152,20655.375,-128.33203999999998
2023-01-08 12:00:00,12_16,17003.625,0.4322580493127184,17003.625,-108.62453999999995
2023-01-08 16:00:00,16_20,12287.875,0.3707092503700893,12287.875,-96.06203999999995
2023-01-08 20:00:00,20_24,19188.4375,0.4546050335251029,19188.4375,-115.01203999999996
2023-01-09 00:00:00,00_04,25131.6875,0.5146467135129614,25131.6875,-157.09417000000002
2023-01-09 04:00:00,04_08,11804.0,0.4099657281719991,15301.875,-121.03167000000002
2023-01-09 08:00:00,08_12,5039.1875,0.3698492020101406,5039.1875,-47.69917000000001
2023-01-09 12:00:00,12_16,3967.75,0.3593161187324806,3967.75,-73.68917
2023-01-09 16:00:00,16_20,0.0,0.2898816488164881,-231.75,-44.14417
2023-01-09 20:00:00,20_24,11067.0,0.3826231066688935,11067.0,-81.95667
2023-01-10 00:00:00,00_04,18806.0,0.4299199826717275,18806.0,-121.03195
2023-01-10 04:00:00,04_08,10739.75,0.3628610512089527,10739.75,-93.82195000000002
2023-01-10 08:00:00,08_12,1397.3125,0.3266203520378375,1397.3125,-61.356950000000005
2023-01-10 12:00:00,12_16,3792.625,0.3639313683101222,3792.625,-74.53195
2023-01-10 16:00:00,16_20,6002.75,0.3885601211088752,6002.75,-80.15695
2023-01-10 20:00:00,20_24,24073.4375,0.6076067472096984,24073.4375,-138.85445
2023-01-11 00:00:00,00_04,33804.8125,0.7430916853628345,33804.8125,-213.3618
2023-01-11 04:00:00,04_08,26581.8125,0.6531510388586192,26581.8125,-176.7293
2023-01-11 08:00:00,08_12,9582.1875,0.4688215596699768,9582.1875,-84.94679999999998
2023-01-11 12:00:00,12_16,6300.5625,0.4228715148717377,6300.5625,-99.3118
2023-01-11 16:00:00,16_20,5448.9375,0.40293752318885,5448.9375,-86.6068
2023-01-11 20:00:00,20_24,21763.0,0.5836133564339546,21763.0,-122.6043
2023-01-12 00:00:00,00_04,34780.8125,0.7706410827301322,34780.8125,-197.08016
2023-01-12 04:00:00,04_08,26823.125,0.668548735179743,26823.125,-148.57515999999995
2023-01-12 08:00:00,08_12,20688.1875,0.6348131936300605,20688.1875,-110.44015999999996
2023-01-12 12:00:00,12_16,21130.5625,0.6426366787588448,21130.5625,-119.36015999999996
2023-01-12 16:00:00,16_20,16160.3125,0.5690477401075463,16160.3125,-96.79265999999996
2023-01-12 20:00:00,20_24,26847.0,0.6844266522976274,27192.375,-131.10515999999996
2023-01-13 00:00:00,00_04,35119.75,0.7959738358721512,35119.75,-192.22311
2023-01-13 04:00:00,04_08,25263.375,0.6551561972359128,25263.375,-164.76310999999998
2023-01-13 08:00:00,08_12,19699.125,0.6261849663868226,19699.125,-110.79310999999998
2023-01-13 12:00:00,12_16,24989.625,0.7011388738502052,24989.625,-132.34311
2023-01-13 16:00:00,16_20,20256.4375,0.633940718563405,20256.4375,-113.61310999999998
2023-01-13 20:00:00,20_24,27912.625,0.7051826790079733,27912.625,-130.72561
2023-01-14 00:00:00,00_04,33690.4375,0.78143633934502,33690.4375,-165.07311
2023-01-14 04:00:00,04_08,26619.9375,0.6427558608913597,26619.9375,-156.72561000000002
2023-01-14 08:00:00,08_12,22543.75,0.6256884642627002,22543.75,-148.63561
2023-01-14 12:00:00,12_16,29427.5,0.7457259710684361,29427.5,-177.47311000000002
2023-01-14 16:00:00,16_20,31221.9375,0.7831470944075276,31221.9375,-191.47811
2023-01-14 20:00:00,20_24,34223.6875,0.8135747416314887,34223.6875,-194.33311
2023-01-15 00:00:00,00_04,37865.8125,0.8724220565937342,37865.8125,-198.96561
2023-01-15 04:00:00,04_08,34843.6875,0.8066663534402331,34843.6875,-199.51561
2023-01-15 08:00:00,08_12,32131.375,0.7876879924961597,32131.375,-192.95811
2023-01-15 12:00:00,12_16,36944.5,0.879742685421382,36944.5,-200.11811
2023-01-15 16:00:00,16_20,31656.625,0.7959515508661497,31656.625,-188.58311
2023-01-15 20:00:00,20_24,29459.0,0.7403893438000496,29459.0,-176.69811
2023-01-16 00:00:00,00_04,21636.875,0.6099135096342324,21636.875,-141.04109999999997
2023-01-16 04:00:00,04_08,4304.8125,0.3759381749532318,4304.8125,-80.74109999999999
2023-01-16 08:00:00,08_12,0.0,0.3910539606568817,-2465.75,-36.481099999999984
2023-01-16 12:00:00,12_16,542.125,0.4335678381335461,542.125,-57.04109999999998
2023-01-16 16:00:00,16_20,0.0,0.390885864683235,-2244.6875,-40.29609999999998
2023-01-16 20:00:00,20_24,8089.4375,0.4732628708082816,8089.4375,-76.41359999999999
2023-01-17 00:00:00,00_04,17060.3125,0.6049413857338596,17060.3125,-90.50511999999998
2023-01-17 04:00:00,04_08,8103.75,0.5101447995127127,8103.75,-71.69011999999998
2023-01-17 08:00:00,08_12,0.0,0.4442054436754854,-2204.75,-49.82761999999997
2023-01-17 12:00:00,12_16,0.0,0.4193164355150718,-3702.4375,-45.19011999999997
2023-01-17 16:00:00,16_20,0.0,0.2662440263619102,-14188.1875,-3.737619999999964
2023-01-17 20:00:00,20_24,0.0,0.2806304184414933,-6949.4375,-42.085119999999975
2023-01-18 00:00:00,00_04,0.0,0.2492919768099417,-2208.0625,-65.51821999999997
2023-01-18 04:00:00,04_08,0.0,0.1717695858073756,-12203.75,-46.54821999999998
2023-01-18 08:00:00,08_12,0.0,0.1807510984808786,-20503.4375,-17.90821999999998
2023-01-18 12:00:00,12_16,0.0,0.2055068319527833,-18900.0625,-44.99571999999997
2023-01-18 16:00:00,16_20,0.0,0.2103967201696127,-17926.0,-36.53821999999997
2023-01-18 20:00:00,20_24,0.0,0.3265408785023129,-3725.3125,-61.623219999999975
2023-01-19 00:00:00,00_04,14505.0625,0.5042733562015638,14505.0625,-92.87667000000002
2023-01-19 04:00:00,04_08,7810.1875,0.4550934401879167,7810.1875,-79.69417
2023-01-19 08:00:00,08_12,0.0,0.4008424366095994,-2400.125,-46.86417
2023-01-19 12:00:00,12_16,0.0,0.3511050118749106,-5184.875,-38.04417
2023-01-19 16:00:00,16_20,0.0,0.2345488649674397,-13275.375,-6.95667000000001
2023-01-19 20:00:00,20_24,0.0,0.2232889183972456,-7510.4375,-41.34167
2023-01-20 00:00:00,00_04,841.5,0.1994531184381212,841.5,-54.47162
2023-01-20 04:00:00,04_08,0.0,0.1376201252192275,-7928.8125,-28.739120000000007
2023-01-20 08:00:00,08_12,0.0,0.1439663159243763,-16383.875,18.38338
2023-01-20 12:00:00,12_16,0.0,0.1261998383566868,-16406.75,-12.31662
2023-01-20 16:00:00,16_20,0.0,0.045145477545857,-21181.875,4.775880000000001
2023-01-20 20:00:00,20_24,0.0,0.0479848203334416,-13559.5,-35.44912
2023-01-21 00:00:00,00_04,0.0,0.1197526980097469,-1535.4375,-68.91162
2023-01-21 04:00:00,04_08,975.0,0.1583938650366605,975.0,-74.93662
2023-01-21 08:00:00,08_12,0.0,0.2004610779634257,-3625.125,-45.66912000000001
2023-01-21 12:00:00,12_16,975.8125,0.2825911124787917,975.8125,-69.08912
2023-01-21 16:00:00,16_20,3408.125,0.3378732629532388,3408.125,-48.304120000000005
2023-01-21 20:00:00,20_24,13248.875,0.4451790392129759,13248.875,-77.38912
2023-01-22 00:00:00,00_04,16486.5625,0.4303825556778291,16486.5625,-88.40411999999998
2023-01-22 04:00:00,04_08,13978.625,0.3661496592909989,13978.625,-85.05911999999998
2023-01-22 08:00:00,08_12,2419.3125,0.2535575114216608,2419.3125,-59.74661999999999
2023-01-22 12:00:00,12_16,0.0,0.1939861493299022,-2508.875,-52.851619999999976
2023-01-22 16:00:00,16_20,0.0,0.1529549614290787,-6160.0,-17.766619999999982
2023-01-22 20:00:00,20_24,0.0,0.1470011662820417,-3183.625,-42.28661999999998
2023-01-23 00:00:00,00_04,879.75,0.117633585371255,879.75,-60.99029
2023-01-23 04:00:00,04_08,0.0,0.0935857427120597,-7641.125,-30.30279
2023-01-23 08:00:00,08_12,0.0,0.0887417779154629,-18783.6875,42.59971000000001
2023-01-23 12:00:00,12_16,0.0,0.0970133368631182,-18643.0625,10.224710000000002
2023-01-23 16:00:00,16_20,0.0,0.1040060351840322,-17152.625,26.707210000000003
2023-01-23 20:00:00,20_24,0.0,0.129992715577528,-8763.75,-28.700290000000003
2023-01-24 00:00:00,00_04,1326.25,0.1366999128851067,1326.25,-52.72504999999998
2023-01-24 04:00:00,04_08,0.0,0.1065563095519186,-7003.25,-32.24504999999997
2023-01-24 08:00:00,08_12,0.0,0.1008401711224982,-17226.8125,34.12745000000002
2023-01-24 12:00:00,12_16,0.0,0.1071232463310562,-16766.875,4.392450000000018
2023-01-24 16:00:00,16_20,0.0,0.0646611590092765,-18536.75,29.017450000000025
2023-01-24 20:00:00,20_24,0.0,0.0669532741680392,-11195.3125,-25.90004999999997
2023-01-25 00:00:00,00_04,0.0,0.0633781389917464,-2661.0625,-45.26332999999999
2023-01-25 04:00:00,04_08,0.0,0.0619309361415916,-9162.75,-27.773329999999994
2023-01-25 08:00:00,08_12,0.0,0.0968941486099983,-17037.875,21.026670000000003
2023-01-25 12:00:00,12_16,0.0,0.1498466481670804,-12922.625,-2.983329999999995
2023-01-25 16:00:00,16_20,0.0,0.1090810449421577,-14950.25,7.009170000000012
2023-01-25 20:00:00,20_24,0.0,0.1163890123328222,-7545.6875,-30.563329999999997
2023-01-26 00:00:00,00_04,0.0,0.0935180455687844,-817.8125,-51.59832999999998
2023-01-26 04:00:00,04_08,0.0,0.0742711665888298,-8090.375,-33.99082999999999
2023-01-26 08:00:00,08_12,0.0,0.0973941142281256,-16933.0,6.179170000000013
2023-01-26 12:00:00,12_16,0.0,0.1260055876680756,-14438.25,-9.918329999999983
2023-01-26 16:00:00,16_20,0.0,0.1489300270355644,-12224.5625,-15.535829999999985
2023-01-26 20:00:00,20_24,0.0,0.2210807733500984,-1000.9375,-41.84832999999998
2023-01-27 00:00:00,00_04,7013.375,0.2459644120999812,7013.375,-58.86455999999998
2023-01-27 04:00:00,04_08,1169.125,0.2324276968545492,1169.125,-42.14455999999998
2023-01-27 08:00:00,08_12,0.0,0.1846368060681875,-11024.375,5.267940000000024
2023-01-27 12:00:00,12_16,0.0,0.1627988738658941,-10978.1875,-7.139559999999975
2023-01-27 16:00:00,16_20,0.0,0.1284415489322103,-12151.875,5.582940000000022
2023-01-27 20:00:00,20_24,0.0,0.1133259980441573,-5912.5,-27.31205999999997
2023-01-28 00:00:00,00_04,793.75,0.0828282474760289,793.75,-50.67956
2023-01-28 04:00:00,04_08,380.1875,0.0737932043899625,380.1875,-56.84206
2023-01-28 08:00:00,08_12,0.0,0.1124822844736604,-4853.3125,-29.047059999999995
2023-01-28 12:00:00,12_16,0.0,0.1711508599125468,-1184.375,-44.61706
2023-01-28 16:00:00,16_20,0.0,0.1494396317867375,-3610.875,-20.95705999999999
2023-01-28 20:00:00,20_24,2809.75,0.1917021073116998,2809.75,-40.63706
2023-01-29 00:00:00,00_04,10184.3125,0.2454101618086135,10184.3125,-50.92206
2023-01-29 04:00:00,04_08,13356.8125,0.2984106616358697,13356.8125,-57.51456
2023-01-29 08:00:00,08_12,11552.0,0.4058323472986478,14314.9375,-47.09955999999998
2023-01-29 12:00:00,12_16,19537.6875,0.5106032409544328,19537.6875,-65.31205999999999
2023-01-29 16:00:00,16_20,11552.0,0.5028545447012105,18144.1875,-42.45455999999999
2023-01-29 20:00:00,20_24,26808.0,0.6882293359823531,29654.0,-102.25706
2023-01-30 00:00:00,00_04,38563.8125,0.8402268349721831,38563.8125,-171.01739
2023-01-30 04:00:00,04_08,26808.0,0.7691607212739697,33133.5625,-126.32239
2023-01-30 08:00:00,08_12,25086.25,0.6956889234623992,25086.25,-85.18239
2023-01-30 12:00:00,12_16,28001.4375,0.7363964306393802,28001.4375,-99.52739
2023-01-30 16:00:00,16_20,22650.75,0.658491718489361,22650.75,-89.19239
2023-01-30 20:00:00,20_24,27955.6875,0.6982566122381927,27955.6875,-96.57989
2023-01-31 00:00:00,00_04,26808.0,0.6873721908919146,29760.6875,-94.01305
2023-01-31 04:00:00,04_08,11552.0,0.5432982482741773,18982.125,-59.17805
2023-01-31 08:00:00,08_12,11552.0,0.5364100441010806,13476.5625,-25.22805
2023-01-31 12:00:00,12_16,20953.6875,0.6407292237079889,20953.6875,-72.65305000000001
2023-01-31 16:00:00,16_20,21161.5625,0.6394860220671378,21161.5625,-88.28054999999999
2023-01-31 20:00:00,20_24,28483.5625,0.7088575804741323,28483.5625,-107.62555
2023-02-01 00:00:00,00_04,34932.25,0.7888214627914404,34932.25,-127.58346999999998
2023-02-01 04:00:00,04_08,26808.0,0.7117269097267531,28831.0,-112.26346999999996
2023-02-01 08:00:00,08_12,20810.6875,0.6513213305115064,20810.6875,-87.95596999999998
2023-02-01 12:00:00,12_16,24579.6875,0.7016465721409079,24579.6875,-99.48346999999998
2023-02-01 16:00:00,16_20,22012.3125,0.6596348285818288,22012.3125,-91.51596999999998
2023-02-01 20:00:00,20_24,29631.8125,0.7342681123954933,29631.8125,-108.23097
2023-02-02 00:00:00,00_04,35751.8125,0.8057306812362881,35751.8125,-124.96253000000002
2023-02-02 04:00:00,04_08,11552.0,0.6325272572322661,23910.5625,-88.23253000000001
2023-02-02 08:00:00,08_12,4732.3125,0.4194139065584558,4732.3125,-26.162530000000004
2023-02-02 12:00:00,12_16,0.0,0.2990250399479927,-3645.3125,-38.89753
2023-02-02 16:00:00,16_20,0.0,0.2074661156714852,-9383.0625,-22.317530000000005
2023-02-02 20:00:00,20_24,5447.5,0.3373935318734416,5447.5,-67.57753
2023-02-03 00:00:00,00_04,25852.125,0.6118504489169654,25852.125,-94.40590999999998
2023-02-03 04:00:00,04_08,26808.0,0.6986827696451723,28135.9375,-96.69840999999998
2023-02-03 08:00:00,08_12,21602.4375,0.6605611729063011,21602.4375,-86.72590999999997
2023-02-03 12:00:00,12_16,24857.8125,0.7016584144068824,24857.8125,-91.68590999999998
2023-02-03 16:00:00,16_20,21150.4375,0.6429311585254545,21150.4375,-81.53340999999998
2023-02-03 20:00:00,20_24,24721.75,0.6473609730135613,24721.75,-85.05090999999999
2023-02-04 00:00:00,00_04,22032.125,0.5052473146473663,22032.125,-86.04590999999995
2023-02-04 04:00:00,04_08,7510.4375,0.1997829868988387,7510.4375,-59.56090999999996
2023-02-04 08:00:00,08_12,0.0,0.1528716826004036,-1576.375,-32.548409999999954
2023-02-04 12:00:00,12_16,873.6875,0.1919318393784409,873.6875,-56.70090999999995
2023-02-04 16:00:00,16_20,0.0,0.0549342358280132,-7664.75,-23.735909999999954
2023-02-04 20:00:00,20_24,211.3125,0.1045691359786675,211.3125,-42.410909999999966
2023-02-05 00:00:00,00_04,10208.0625,0.1832763349569809,10208.0625,-65.28590999999999
2023-02-05 04:00:00,04_08,11958.125,0.2204575820210348,11958.125,-83.51341
2023-02-05 08:00:00,08_12,11284.875,0.3341511737324968,11284.875,-78.94590999999998
2023-02-05 12:00:00,12_16,15410.625,0.4248834817003588,15410.625,-86.04091
2023-02-05 16:00:00,16_20,8651.625,0.3275051811202895,8651.625,-44.56090999999999
2023-02-05 20:00:00,20_24,7191.375,0.2782190492426483,7191.375,-43.453409999999984
2023-02-06 00:00:00,00_04,3311.3125,0.1245648142226769,3311.3125,-53.67549
2023-02-06 04:00:00,04_08,0.0,0.0639270401939548,-7577.8125,-31.39549
2023-02-06 08:00:00,08_12,0.0,0.1235386947218259,-15349.9375,-2.992989999999999
2023-02-06 12:00:00,12_16,0.0,0.1583484858547547,-12521.875,-31.620490000000004
2023-02-06 16:00:00,16_20,0.0,0.0659809339508625,-18103.4375,2.17201
2023-02-06 20:00:00,20_24,0.0,0.1074883971759329,-8007.75,-31.105490000000003
2023-02-07 00:00:00,00_04,6686.625,0.1420643365388979,6686.625,-51.69833999999998
2023-02-07 04:00:00,04_08,0.0,0.10202680014214,-2426.75,-29.648339999999983
2023-02-07 08:00:00,08_12,0.0,0.2606083860547708,-2569.375,-13.570839999999976
2023-02-07 12:00:00,12_16,2252.3125,0.3193233695652174,2252.3125,-44.81333999999997
2023-02-07 16:00:00,16_20,0.0,0.057949504339029,-15324.0,28.04916000000001
2023-02-07 20:00:00,20_24,0.0,0.0697529207777731,-7114.4375,-12.74833999999997
2023-02-08 00:00:00,00_04,3991.6875,0.097317402899293,3991.6875,-37.15834
2023-02-08 04:00:00,04_08,0.0,0.1066836350740007,-1822.8125,-23.58334
2023-02-08 08:00:00,08_12,0.0,0.3256787968065179,3465.375,-28.38584
2023-02-08 12:00:00,12_16,9729.4375,0.4047469664372971,9729.4375,-63.11584
2023-02-08 16:00:00,16_20,0.0,0.2467446490095247,-676.0,-18.878339999999994
2023-02-08 20:00:00,20_24,14148.5625,0.4032861522760259,14148.5625,-58.97084
2023-02-09 00:00:00,00_04,18994.5,0.4031794647591005,18994.5,-70.3452
2023-02-09 04:00:00,04_08,11468.0625,0.3478766953225967,11468.0625,-39.2852
2023-02-09 08:00:00,08_12,11245.1875,0.4430681851967641,11245.1875,-57.4302
2023-02-09 12:00:00,12_16,13359.6875,0.4581731861447375,13359.6875,-59.7852
2023-02-09 16:00:00,16_20,1368.5,0.2775638078254054,1368.5,-25.092700000000008
2023-02-09 20:00:00,20_24,12340.9375,0.3758170885562915,12340.9375,-62.6152
2023-02-10 00:00:00,00_04,17568.9375,0.3745033152574306,17568.9375,-63.9352
2023-02-10 04:00:00,04_08,0.0,0.2709060810911577,7160.875,-37.66519999999999
2023-02-10 08:00:00,08_12,0.0,0.343408260798459,4771.875,-26.8902
2023-02-10 12:00:00,12_16,14423.8125,0.4671629698673503,14423.8125,-64.92269999999999
2023-02-10 16:00:00,16_20,8865.75,0.3783454481472091,8865.75,-53.50269999999999
2023-02-10 20:00:00,20_24,24200.8125,0.5608311675015384,24200.8125,-99.3577
2023-02-11 00:00:00,00_04,33226.8125,0.6641473647188866,33226.8125,-97.5952
2023-02-11 04:00:00,04_08,32751.0,0.64871752618408,32751.0,-99.9552
2023-02-11 08:00:00,08_12,27260.25,0.6009537237236576,27260.25,-90.6327
2023-02-11 12:00:00,12_16,28518.5625,0.6197938277001316,28518.5625,-88.34519999999999
2023-02-11 16:00:00,16_20,15272.0,0.392377825961866,15487.0,-41.6827
2023-02-11 20:00:00,20_24,13238.875,0.2824800972683004,13238.875,-43.0077
2023-02-12 00:00:00,00_04,13927.6875,0.1732671562508071,13927.6875,-53.6777
2023-02-12 04:00:00,04_08,11038.875,0.0977781707852724,11038.875,-66.9352
2023-02-12 08:00:00,08_12,6090.1875,0.1499046381946447,6090.1875,-37.4952
2023-02-12 12:00:00,12_16,9284.625,0.231784747516263,9284.625,-58.6902
2023-02-12 16:00:00,16_20,1393.8125,0.1053875524789652,1393.8125,-24.645200000000003
2023-02-12 20:00:00,20_24,5337.375,0.1241459130859554,5337.375,-34.62520000000001
2023-02-13 00:00:00,00_04,10692.8125,0.140214288159381,10692.8125,-49.67119
2023-02-13 04:00:00,04_08,0.0,0.1090254016089433,1082.1875,-25.768689999999992
2023-02-13 08:00:00,08_12,0.0,0.1792253266309279,-5352.5625,2.3238099999999946
2023-02-13 12:00:00,12_16,1192.875,0.2639947002318648,1192.875,-39.05619
2023-02-13 16:00:00,16_20,0.0,0.060056831199549,-11856.625,12.993810000000003
2023-02-13 20:00:00,20_24,0.0,0.0468213536538379,-5725.25,-15.661189999999998
2023-02-14 00:00:00,00_04,4385.125,0.0457070657475237,4385.125,-46.03686999999997
2023-02-14 04:00:00,04_08,0.0,0.0430750238482689,-3353.75,-18.97686999999997
2023-02-14 08:00:00,08_12,0.0,0.186081266961597,-4796.0,-12.84186999999998
2023-02-14 12:00:00,12_16,3441.375,0.2908512214163224,3441.375,-50.33686999999997
2023-02-14 16:00:00,16_20,0.0,0.0408096559048672,-12604.6875,2.525630000000028
2023-02-14 20:00:00,20_24,0.0,0.0484901777603657,-5315.9375,-21.926869999999973
2023-02-15 00:00:00,00_04,2881.1875,0.0520599100040541,2881.1875,-51.07335999999998
2023-02-15 04:00:00,04_08,0.0,0.0444227705783484,-4499.5625,-30.16835999999998
2023-02-15 08:00:00,08_12,0.0,0.2431231461745986,-841.625,-21.350859999999976
2023-02-15 12:00:00,12_16,7857.125,0.3571997987472301,7857.125,-59.43335999999997
2023-02-15 16:00:00,16_20,0.0,0.1484679547768971,-5355.0625,-21.875859999999967
2023-02-15 20:00:00,20_24,9740.1875,0.3072507819703067,9740.1875,-50.06585999999998
2023-02-16 00:00:00,00_04,19651.1875,0.3843033169093002,19651.1875,-71.95379000000001
2023-02-16 04:00:00,04_08,10704.25,0.3078537114076126,10704.25,-49.74129000000001
2023-02-16 08:00:00,08_12,9198.625,0.3973598958602989,9198.625,-30.256290000000007
2023-02-16 12:00:00,12_16,9978.625,0.3934590149626408,9978.625,-61.58379000000001
2023-02-16 16:00:00,16_20,272.0,0.2385493403653479,272.0,-27.888790000000007
2023-02-16 20:00:00,20_24,12878.75,0.3564133122331269,12878.75,-57.22629000000001
2023-02-17 00:00:00,00_04,29046.5,0.571338035159342,29046.5,-83.67714999999998
2023-02-17 04:00:00,04_08,25834.8125,0.5715198619069903,25834.8125,-79.72464999999997
2023-02-17 08:00:00,08_12,23711.0,0.6142982819150248,23711.0,-70.06464999999999
2023-02-17 12:00:00,12_16,32854.3125,0.743033934626693,32854.3125,-122.34464999999996
2023-02-17 16:00:00,16_20,30725.4375,0.7042833442883814,30725.4375,-98.26715
2023-02-17 20:00:00,20_24,33864.8125,0.716819841918779,33864.8125,-136.32465
2023-02-18 00:00:00,00_04,38393.5625,0.757460579752186,38393.5625,-136.78465
2023-02-18 04:00:00,04_08,33088.5625,0.6471074080124889,33088.5625,-95.80965
2023-02-18 08:00:00,08_12,27359.125,0.60199136680574,27359.125,-64.15964999999998
2023-02-18 12:00:00,12_16,32620.0625,0.6876728943051115,32620.0625,-82.80464999999998
2023-02-18 16:00:00,16_20,15272.0,0.4990685796765319,22183.0625,-39.03464999999999
2023-02-18 20:00:00,20_24,21371.5625,0.4235308872682122,21371.5625,-51.29214999999999
2023-02-19 00:00:00,00_04,27252.0,0.4542550110327818,27252.0,-71.61714999999998
2023-02-19 04:00:00,04_08,27183.9375,0.4581614722881916,27183.9375,-73.88965
2023-02-19 08:00:00,08_12,20768.9375,0.4230503956930499,20768.9375,-57.48465
2023-02-19 12:00:00,12_16,21374.625,0.451244338893844,21374.625,-69.05465
2023-02-19 16:00:00,16_20,11628.75,0.2835221168273198,11628.75,-28.312149999999995
2023-02-19 20:00:00,20_24,20901.4375,0.4284450621581181,20901.4375,-53.55465
2023-02-20 00:00:00,00_04,34427.125,0.6592436363834029,34427.125,-121.31867000000004
2023-02-20 04:00:00,04_08,33507.875,0.6984216607269245,33507.875,-120.05367
2023-02-20 08:00:00,08_12,34163.125,0.7641357236683872,34163.125,-126.62617
2023-02-20 12:00:00,12_16,39842.0625,0.8470067159643059,39842.0625,-139.59617000000003
2023-02-20 16:00:00,16_20,24827.8125,0.617239505630571,24827.8125,-81.08617000000002
2023-02-20 20:00:00,20_24,29058.0,0.6433929027289781,29058.0,-89.91367000000001
2023-02-21 00:00:00,00_04,35004.375,0.6955293951534619,35004.375,-129.45652
2023-02-21 04:00:00,04_08,15272.0,0.5218035706112236,22674.375,-68.70402
2023-02-21 08:00:00,08_12,14581.5625,0.4716239586432609,14581.5625,-46.24152
2023-02-21 12:00:00,12_16,12019.5,0.4227465188395279,12019.5,-59.71151999999999
2023-02-21 16:00:00,16_20,0.0,0.1353129717442741,-5677.3125,-11.576520000000002
2023-02-21 20:00:00,20_24,0.0,0.0764353714577066,-2997.25,-22.69902
2023-02-22 00:00:00,00_04,3311.75,0.0472847597836462,3311.75,-42.85787000000002
2023-02-22 04:00:00,04_08,0.0,0.0750638730485701,-1986.8125,-23.587870000000017
2023-02-22 08:00:00,08_12,0.0,0.239318030341354,-1402.6875,-15.820370000000011
2023-02-22 12:00:00,12_16,3520.75,0.2993914757723124,3520.75,-37.00037000000002
2023-02-22 16:00:00,16_20,0.0,0.1392935192379086,-6122.5625,-5.99787000000002
2023-02-22 20:00:00,20_24,576.8125,0.1549520340853948,576.8125,-23.385370000000016
2023-02-23 00:00:00,00_04,7486.125,0.1307331203320983,7486.125,-46.010369999999966
2023-02-23 04:00:00,04_08,0.0,0.0813751251805702,-1728.4375,-31.20536999999997
2023-02-23 08:00:00,08_12,0.0,0.1570114239548176,-5724.125,-12.950369999999964
2023-02-23 12:00:00,12_16,1889.625,0.2532017396086268,1889.625,-38.57286999999997
2023-02-23 16:00:00,16_20,0.0,0.1926040361621123,-1739.0,-20.44536999999997
2023-02-23 20:00:00,20_24,5839.5625,0.2304304215103168,5839.5625,-29.94536999999997
2023-02-24 00:00:00,00_04,15115.5,0.2914805926015939,15115.5,-56.43290999999995
2023-02-24 04:00:00,04_08,12380.5,0.3313619366811622,12380.5,-45.73790999999995
2023-02-24 08:00:00,08_12,13374.8125,0.4527772448643181,13374.8125,-41.04790999999996
2023-02-24 12:00:00,12_16,21604.875,0.5675115211744862,21604.875,-69.67290999999996
2023-02-24 16:00:00,16_20,18489.0,0.50899423231322,18489.0,-56.587909999999965
2023-02-24 20:00:00,20_24,26258.6875,0.5824987577136678,26258.6875,-85.55790999999996
2023-02-25 00:00:00,00_04,33406.375,0.6762031630366843,33406.375,-98.81541
2023-02-25 04:00:00,04_08,33074.5625,0.6671661446558359,33074.5625,-100.46791
2023-02-25 08:00:00,08_12,29494.5,0.6547240388611748,29494.5,-101.65791
2023-02-25 12:00:00,12_16,33350.0,0.7195728041218096,33350.0,-118.56291
2023-02-25 16:00:00,16_20,19669.375,0.4824505169978462,19669.375,-58.96041
2023-02-25 20:00:00,20_24,20594.125,0.4474354789895021,20594.125,-70.46041
2023-02-26 00:00:00,00_04,23932.125,0.440650225554114,23932.125,-76.01790999999997
2023-02-26 04:00:00,04_08,22799.0,0.4128670706530415,22799.0,-74.05040999999999
2023-02-26 08:00:00,08_12,24943.8125,0.5303598347599501,24943.8125,-79.39790999999997
2023-02-26 12:00:00,12_16,29302.75,0.6190869847986483,29302.75,-110.52790999999998
2023-02-26 16:00:00,16_20,12710.5625,0.3240005438129283,12710.5625,-45.75040999999998
2023-02-26 20:00:00,20_24,10022.75,0.2487293542255038,10022.75,-38.97040999999999
2023-02-27 00:00:00,00_04,10401.125,0.1803728813559322,10401.125,-53.27540999999999
2023-02-27 04:00:00,04_08,0.0,0.1319886651845126,815.3125,-28.995409999999985
2023-02-27 08:00:00,08_12,0.0,0.2947242838112804,1512.5,-21.117909999999988
2023-02-27 12:00:00,12_16,5470.0625,0.3475148331694937,5470.0625,-47.23790999999999
2023-02-27 16:00:00,16_20,0.0,0.1583729461171935,-6146.0625,-3.617909999999988
2023-02-27 20:00:00,20_24,0.0,0.1455671582486596,-1514.0,-22.26540999999997
2023-02-28 00:00:00,00_04,5774.6875,0.1329535330801331,5774.6875,-49.19044
2023-02-28 04:00:00,04_08,0.0,0.119368863757384,-1058.9375,-23.97044
2023-02-28 08:00:00,08_12,0.0,0.3195836085449824,2691.8125,-25.76794
2023-02-28 12:00:00,12_16,9082.8125,0.4018032068467725,9082.8125,-52.87294000000001
2023-02-28 16:00:00,16_20,0.0,0.1283194382840391,-8159.75,2.79956
2023-02-28 20:00:00,20_24,0.0,0.1295187613801489,-2387.75,-18.73044
2023-03-01 00:00:00,00_04,5211.5,0.12335125174298,5211.5,-43.43325999999998
2023-03-01 04:00:00,04_08,0.0,0.1077176865857995,-1896.25,-15.870759999999985
2023-03-01 08:00:00,08_12,0.0,0.3225188446207173,3101.875,-25.13825999999998
2023-03-01 12:00:00,12_16,11195.4375,0.4319045440626879,11195.4375,-54.02075999999998
2023-03-01 16:00:00,16_20,0.0,0.1829836031421758,-4722.875,-5.130759999999981
2023-03-01 20:00:00,20_24,2200.125,0.2026079181987609,2200.125,-25.93575999999998
2023-03-02 00:00:00,00_04,8457.3125,0.1937994821293063,8457.3125,-41.44039000000001
2023-03-02 04:00:00,04_08,0.0,0.1670232575511009,904.8125,-17.490389999999998
2023-03-02 08:00:00,08_12,0.0,0.3189362530264212,2556.8125,-30.36039
2023-03-02 12:00:00,12_16,9059.1875,0.3983109671448404,9059.1875,-51.57789
2023-03-02 16:00:00,16_20,0.0,0.1429336635381635,-7410.3125,1.602109999999989
2023-03-02 20:00:00,20_24,0.0,0.1194375510015712,-2778.625,-17.37039
2023-03-03 00:00:00,00_04,4163.0,0.1046906206023511,4163.0,-35.61569999999997
2023-03-03 04:00:00,04_08,0.0,0.0946970347903044,-2988.9375,-14.990699999999975
2023-03-03 08:00:00,08_12,0.0,0.2566455075642581,-1483.125,-13.99069999999998
2023-03-03 12:00:00,12_16,11127.9375,0.4252485443169444,11127.9375,-54.89819999999998
2023-03-03 16:00:00,16_20,1846.0625,0.2764271597260095,1846.0625,-17.183199999999978
2023-03-03 20:00:00,20_24,14454.5625,0.4064117749245906,14454.5625,-50.68319999999998
2023-03-04 00:00:00,00_04,24572.625,0.4999477440353549,24572.625,-65.2432
2023-03-04 04:00:00,04_08,24459.4375,0.4975263452014831,24459.4375,-66.91319999999999
2023-03-04 08:00:00,08_12,25754.1875,0.5904268060551879,25754.1875,-66.4782
2023-03-04 12:00:00,12_16,29259.1875,0.6460939073051284,29259.1875,-69.3732
2023-03-04 16:00:00,16_20,13304.4375,0.3638864699911608,13304.4375,-27.9207
2023-03-04 20:00:00,20_24,15221.25,0.3315719691001771,15221.25,-42.1057
2023-03-05 00:00:00,00_04,22934.3125,0.3984155332820915,22934.3125,-58.11569999999999
2023-03-05 04:00:00,04_08,24591.375,0.4328535680191605,24591.375,-58.3757
2023-03-05 08:00:00,08_12,22192.875,0.4803359970897889,22192.875,-57.61319999999999
2023-03-05 12:00:00,12_16,21376.25,0.4797391415188266,21376.25,-53.82319999999999
2023-03-05 16:00:00,16_20,0.0,0.2113656668721427,6273.6875,-11.270699999999998
2023-03-05 20:00:00,20_24,6244.9375,0.1719874122142496,6244.9375,-18.0307
2023-03-06 00:00:00,00_04,9988.5,0.1626119143281976,9988.5,-38.41675000000001
2023-03-06 04:00:00,04_08,0.0,0.1392928626538896,1583.3125,-13.824250000000006
2023-03-06 08:00:00,08_12,0.0,0.1858466200815574,-5985.8125,18.81324999999999
2023-03-06 12:00:00,12_16,0.0,0.2426466078974996,-2022.125,-19.08425000000001
2023-03-06 16:00:00,16_20,0.0,0.1655278520664345,-5867.625,3.048249999999996
2023-03-06 20:00:00,20_24,9899.0625,0.3283148449986549,9899.0625,-38.42925000000001
2023-03-07 00:00:00,00_04,33438.5,0.6716365142378052,33438.5,-71.48671999999999
2023-03-07 04:00:00,04_08,30121.0,0.668429689608637,30497.1875,-69.96422
2023-03-07 08:00:00,08_12,24934.5625,0.6487157589672509,24934.5625,-64.14921999999999
2023-03-07 12:00:00,12_16,23064.5,0.6177837666654405,23064.5,-67.03171999999998
2023-03-07 16:00:00,16_20,0.0,0.3680954522066833,7091.5625,-20.511719999999983
2023-03-07 20:00:00,20_24,9621.1875,0.3285426428357481,9621.1875,-28.98921999999999
2023-03-08 00:00:00,00_04,13825.125,0.2915814890528249,13825.125,-50.45914999999999
2023-03-08 04:00:00,04_08,2039.6875,0.1778928163999404,2039.6875,-30.70414999999998
2023-03-08 08:00:00,08_12,0.0,0.1823084553015379,-5592.6875,-4.499149999999986
2023-03-08 12:00:00,12_16,0.0,0.1996678453801584,-3919.75,-24.906649999999985
2023-03-08 16:00:00,16_20,0.0,0.119840310236836,-7588.1875,-4.216649999999987
2023-03-08 20:00:00,20_24,0.0,0.1188173249671664,-1593.4375,-28.756649999999983
2023-03-09 00:00:00,00_04,14433.1875,0.2965121209098164,14433.1875,-50.19734000000001
2023-03-09 04:00:00,04_08,7318.4375,0.2666174122615344,7318.4375,-33.65234000000001
2023-03-09 08:00:00,08_12,0.0,0.2679766466362831,-1746.0,-15.519840000000002
2023-03-09 12:00:00,12_16,841.4375,0.2855650333082272,841.4375,-43.71984000000001
2023-03-09 16:00:00,16_20,0.0,0.1571641445080963,-5986.0,-24.94234000000001
2023-03-09 20:00:00,20_24,4308.5625,0.2265178363143077,4308.5625,-38.13234000000001
2023-03-10 00:00:00,00_04,21080.0,0.4289736674126347,21080.0,-62.15816999999996
2023-03-10 04:00:00,04_08,16716.3125,0.4261442517221988,16716.3125,-47.32316999999996
2023-03-10 08:00:00,08_12,11167.5625,0.4406299301948468,11167.5625,-28.898169999999965
2023-03-10 12:00:00,12_16,10897.125,0.424715526780107,10897.125,-48.328169999999965
2023-03-10 16:00:00,16_20,10783.625,0.4070049329972953,10783.625,-35.31566999999997
2023-03-10 20:00:00,20_24,24012.5625,0.5561935035046423,24012.5625,-59.44816999999996
2023-03-11 00:00:00,00_04,34699.25,0.7021259316971162,34699.25,-106.28567
2023-03-11 04:00:00,04_08,25614.6875,0.5213768093130434,25614.6875,-80.89817
2023-03-11 08:00:00,08_12,22052.0,0.5310123431357402,22052.0,-81.45817
2023-03-11 12:00:00,12_16,29287.1875,0.6514917352369239,29287.1875,-110.07567
2023-03-11 16:00:00,16_20,12707.8125,0.3629118704039775,12707.8125,-52.27067
2023-03-11 20:00:00,20_24,14387.1875,0.3245121263939892,14387.1875,-60.34066999999999
2023-03-12 00:00:00,00_04,17041.75,0.2841259558257615,17041.75,-75.85316999999999
2023-03-12 04:00:00,04_08,17500.875,0.2809906282393924,17500.875,-88.36567000000001
2023-03-12 08:00:00,08_12,18296.4375,0.4015787560163437,18296.4375,-88.29316999999999
2023-03-12 12:00:00,12_16,23762.625,0.5186026122867263,23762.625,-105.73816999999998
2023-03-12 16:00:00,16_20,21154.9375,0.4812609400733955,21154.9375,-67.59067
2023-03-12 20:00:00,20_24,27419.9375,0.5718670282556421,27419.9375,-76.78317
2023-03-13 00:00:00,00_04,37959.4375,0.7528347406513872,37959.4375,-142.63420999999997
2023-03-13 04:00:00,04_08,34683.125,0.7328856815521123,34683.125,-140.81670999999997
2023-03-13 08:00:00,08_12,33228.625,0.7641058924621095,33228.625,-132.19170999999997
2023-03-13 12:00:00,12_16,38194.375,0.8354323308270677,38194.375,-175.39670999999998
2023-03-13 16:00:00,16_20,24364.3125,0.624613590898722,24364.3125,-114.46921
2023-03-13 20:00:00,20_24,28335.9375,0.6476242660956076,28335.9375,-127.45671
2023-03-14 00:00:00,00_04,40211.6875,0.8141740595885402,40211.6875,-169.41385999999997
2023-03-14 04:00:00,04_08,33539.3125,0.7274953201128992,33539.3125,-137.99385999999998
2023-03-14 08:00:00,08_12,30783.875,0.7294045818221583,30783.875,-96.14885999999996
2023-03-14 12:00:00,12_16,32419.4375,0.7499302737517155,32419.4375,-114.48135999999998
2023-03-14 16:00:00,16_20,14951.0,0.577136352090017,21251.375,-49.693859999999965
2023-03-14 20:00:00,20_24,14951.0,0.490506961350262,19218.9375,-49.67885999999997
2023-03-15 00:00:00,00_04,22840.375,0.4720802956057527,22840.375,-56.504759999999976
2023-03-15 04:00:00,04_08,12718.0,0.3677816796940322,12718.0,-29.02225999999997
2023-03-15 08:00:00,08_12,12389.4375,0.4721405085068069,12389.4375,-36.484759999999966
2023-03-15 12:00:00,12_16,18734.0625,0.5551410443321116,18734.0625,-66.47225999999998
2023-03-15 16:00:00,16_20,0.0,0.3118496660972201,3371.375,0.677740000000032
2023-03-15 20:00:00,20_24,0.0,0.2317436085823751,3987.6875,-15.834759999999974
2023-03-16 00:00:00,00_04,13752.0625,0.2844127888492775,13752.0625,-48.54680999999998
2023-03-16 04:00:00,04_08,10588.9375,0.3190177311390431,10588.9375,-37.096809999999984
2023-03-16 08:00:00,08_12,14576.125,0.4904454514559683,14576.125,-43.28180999999998
2023-03-16 12:00:00,12_16,21724.0625,0.5937917385577177,21724.0625,-73.43180999999998
2023-03-16 16:00:00,16_20,12736.0,0.446167171444484,12736.0,-36.59180999999998
2023-03-16 20:00:00,20_24,24555.8125,0.575520064047402,24555.8125,-62.08430999999999
2023-03-17 00:00:00,00_04,30449.6875,0.6218279033168075,30449.6875,-103.15375999999996
2023-03-17 04:00:00,04_08,21654.1875,0.5153340809014577,21654.1875,-64.85125999999997
2023-03-17 08:00:00,08_12,20310.9375,0.5710416424258878,20310.9375,-65.54625999999996
2023-03-17 12:00:00,12_16,18524.3125,0.5313687083674282,18524.3125,-71.03375999999997
2023-03-17 16:00:00,16_20,5380.75,0.3074097924186837,5380.75,-29.026259999999965
2023-03-17 20:00:00,20_24,13100.25,0.3586872134251405,13100.25,-43.84125999999997
2023-03-18 00:00:00,00_04,18143.5,0.3480400030775751,18143.5,-54.08875999999999
2023-03-18 04:00:00,04_08,17452.625,0.330407688356466,17452.625,-51.97125999999999
2023-03-18 08:00:00,08_12,18983.0,0.4635795255279749,18983.0,-55.31626
2023-03-18 12:00:00,12_16,20842.4375,0.4877832048764695,20842.4375,-67.17876
2023-03-18 16:00:00,16_20,0.0,0.1153698028197769,668.5625,-12.783759999999994
2023-03-18 20:00:00,20_24,5614.25,0.1280972494549555,5614.25,-21.82876
2023-03-19 00:00:00,00_04,14931.0625,0.2265792283148263,14931.0625,-49.37875999999999
2023-03-19 04:00:00,04_08,14843.25,0.2301361702000266,14843.25,-51.94375999999998
2023-03-19 08:00:00,08_12,13451.375,0.3345792213654503,13451.375,-52.25875999999998
2023-03-19 12:00:00,12_16,12450.75,0.3329961676574429,12450.75,-56.80375999999998
2023-03-19 16:00:00,16_20,544.5,0.1219026844091097,544.5,-18.78875999999999
2023-03-19 20:00:00,20_24,3147.75,0.1284049593554528,3147.75,-17.36125999999998
2023-03-20 00:00:00,00_04,10768.625,0.1834390091936588,10768.625,-38.14077999999999
2023-03-20 04:00:00,04_08,2556.5,0.1882523067504003,2556.5,-25.97327999999999
2023-03-20 08:00:00,08_12,0.0,0.3057108334791188,-899.0625,-22.533279999999998
2023-03-20 12:00:00,12_16,6207.6875,0.4030646424858327,6207.6875,-50.93078
2023-03-20 16:00:00,16_20,0.0,0.2096530018157157,-5070.3125,-12.910779999999992
2023-03-20 20:00:00,20_24,783.75,0.1991530199131347,783.75,-20.588279999999987
2023-03-21 00:00:00,00_04,7338.0,0.1304538598656245,7338.0,-34.284049999999965
2023-03-21 04:00:00,04_08,161.625,0.1365694121498785,161.625,-21.72654999999997
2023-03-21 08:00:00,08_12,0.0,0.3010809097664725,-1405.0,-24.17654999999997
2023-03-21 12:00:00,12_16,3687.1875,0.3692689208486332,3687.1875,-47.97154999999997
2023-03-21 16:00:00,16_20,0.0,0.2715803023590547,-914.3125,-25.21154999999997
2023-03-21 20:00:00,20_24,11166.25,0.3792017614863407,11166.25,-41.93904999999997
2023-03-22 00:00:00,00_04,22867.4375,0.4893889968597256,22867.4375,-75.74288
2023-03-22 04:00:00,04_08,18584.75,0.483117554079474,18584.75,-63.50788
2023-03-22 08:00:00,08_12,27715.1875,0.712160758391594,27715.1875,-77.88788
2023-03-22 12:00:00,12_16,31459.5,0.7664431929918656,31459.5,-112.00288
2023-03-22 16:00:00,16_20,14564.0625,0.493815000575939,14564.0625,-38.73288
2023-03-22 20:00:00,20_24,18024.0625,0.488793776122747,18024.0625,-44.71538
2023-03-23 00:00:00,00_04,30171.0625,0.6474740520728837,30171.0625,-91.30821
2023-03-23 04:00:00,04_08,26117.75,0.6232832713721072,26117.75,-84.64821
2023-03-23 08:00:00,08_12,26924.8125,0.7017113163736051,26924.8125,-89.04570999999999
2023-03-23 12:00:00,12_16,28003.625,0.7151641248131266,28003.625,-105.03321
2023-03-23 16:00:00,16_20,8186.9375,0.3957827853050796,8186.9375,-27.453209999999988
2023-03-23 20:00:00,20_24,17035.1875,0.474244852263248,17035.1875,-54.85820999999999
2023-03-24 00:00:00,00_04,28506.0,0.6174971196292413,28506.0,-107.46866999999996
2023-03-24 04:00:00,04_08,28414.375,0.6708613815402248,28414.375,-97.67866999999995
2023-03-24 08:00:00,08_12,27228.8125,0.7128238273672192,27228.8125,-100.95616999999996
2023-03-24 12:00:00,12_16,34478.1875,0.8127990021789879,34478.1875,-146.56866999999997
2023-03-24 16:00:00,16_20,16132.25,0.5143547474349827,16132.25,-70.81866999999997
2023-03-24 20:00:00,20_24,21193.375,0.54043942331261,21193.375,-72.28116999999997
2023-03-25 00:00:00,00_04,34909.125,0.7359143941177436,34909.125,-146.42367
2023-03-25 04:00:00,04_08,36299.375,0.7689213903866382,36299.375,-147.62867
2023-03-25 08:00:00,08_12,43260.875,0.9333132458327804,43260.875,-149.35117
2023-03-25 12:00:00,12_16,46774.125,0.9964340031935328,46774.125,-154.51117000000002
2023-03-25 16:00:00,16_20,33626.5625,0.750873261791806,33626.5625,-110.30867
2023-03-25 20:00:00,20_24,34364.625,0.7474757467569466,34364.625,-107.01117
2023-03-26 00:00:00,00_04,34491.416666666664,0.7221042666315746,34491.416666666664,-111.28616999999998
2023-03-26 04:00:00,04_08,26032.1875,0.5126999978943632,26032.1875,-96.23617
2023-03-26 08:00:00,08_12,16751.625,0.4062605242655005,16751.625,-73.10117
2023-03-26 12:00:00,12_16,22741.875,0.529909100099724,22741.875,-97.50366999999996
2023-03-26 16:00:00,16_20,17747.5625,0.4325076506576706,17747.5625,-63.46866999999999
2023-03-26 20:00:00,20_24,19030.5,0.4364998746410469,19030.5,-48.13616999999999
2023-03-27 00:00:00,00_04,25202.625,0.5196240969895854,25202.625,-62.397009999999966
2023-03-27 04:00:00,04_08,14951.0,0.4405366112805529,16795.0625,-43.617009999999965
2023-03-27 08:00:00,08_12,14951.0,0.5341230130365227,15486.25,-41.08950999999996
2023-03-27 12:00:00,12_16,28948.5,0.7359979514653401,28948.5,-99.53450999999995
2023-03-27 16:00:00,16_20,20155.5,0.5873210181726282,20155.5,-66.47200999999995
2023-03-27 20:00:00,20_24,16900.5,0.484162349768089,16900.5,-48.292009999999976
2023-03-28 00:00:00,00_04,25513.5625,0.5723186482307977,25513.5625,-70.72092999999995
2023-03-28 04:00:00,04_08,0.0,0.3482794436263069,10237.8125,-34.86342999999996
2023-03-28 08:00:00,08_12,0.0,0.4204629194941174,8086.6875,-33.78342999999996
2023-03-28 12:00:00,12_16,16095.4375,0.5337263675011079,16095.4375,-61.77592999999996
2023-03-28 16:00:00,16_20,0.0,0.244630903704919,-911.9375,-29.67592999999996
2023-03-28 20:00:00,20_24,0.0,0.1900568885043296,878.5625,-22.318429999999957
2023-03-29 00:00:00,00_04,13891.5,0.3345612696553301,13891.5,-58.13301999999998
2023-03-29 04:00:00,04_08,7372.4375,0.2973327236701722,7372.4375,-40.630519999999976
2023-03-29 08:00:00,08_12,0.0,0.2965528619306424,-364.6875,-18.955519999999986
2023-03-29 12:00:00,12_16,4772.375,0.3663213448938983,4772.375,-49.50051999999998
2023-03-29 16:00:00,16_20,0.0,0.2097673461229822,-3397.9375,-22.860519999999976
2023-03-29 20:00:00,20_24,4809.6875,0.2706283726432727,4809.6875,-42.29301999999998
2023-03-30 00:00:00,00_04,21243.8125,0.4702441846424937,21243.8125,-72.04462
2023-03-30 04:00:00,04_08,19247.625,0.5048033580439738,19247.625,-63.95211999999999
2023-03-30 08:00:00,08_12,20039.4375,0.6030172965743582,20039.4375,-52.42461999999998
2023-03-30 12:00:00,12_16,32516.875,0.7898646728570002,32516.875,-128.35961999999998
2023-03-30 16:00:00,16_20,22589.875,0.6218935254794477,22589.875,-72.51211999999998
2023-03-30 20:00:00,20_24,16783.3125,0.4807764869427068,16783.3125,-51.549619999999976
2023-03-31 00:00:00,00_04,25987.625,0.5891611859068443,25987.625,-97.48762
2023-03-31 04:00:00,04_08,12392.375,0.3940310972126307,12392.375,-58.26261999999999
2023-03-31 08:00:00,08_12,4718.4375,0.3769742987076621,4718.4375,-28.000119999999995
2023-03-31 12:00:00,12_16,13438.3125,0.4995670733079415,13438.3125,-59.25512
2023-03-31 16:00:00,16_20,7824.0,0.37895314118579,7824.0,-47.44261999999999
2023-03-31 20:00:00,20_24,12826.75,0.3996651011951787,12826.75,-62.54011999999999
2023-04-01 00:00:00,00_04,23686.4375,0.5275001314802461,23686.4375,-105.93262
2023-04-01 04:00:00,04_08,25721.375,0.5744107948258257,25721.375,-126.26011999999996
2023-04-01 08:00:00,08_12,21152.4375,0.5672232010832309,21152.4375,-111.31511999999998
2023-04-01 12:00:00,12_16,26078.6875,0.6537170652799736,26078.6875,-128.26011999999997
2023-04-01 16:00:00,16_20,22977.8125,0.5963100847231648,22977.8125,-98.52012
2023-04-01 20:00:00,20_24,26216.9375,0.6232550161634018,26216.9375,-88.85261999999999
2023-04-02 00:00:00,00_04,30042.0625,0.6514444295058777,30042.0625,-104.20511999999997
2023-04-02 04:00:00,04_08,27834.9375,0.5911698968462638,27834.9375,-104.51761999999997
2023-04-02 08:00:00,08_12,25457.8125,0.6069606972040003,25457.8125,-105.57511999999996
2023-04-02 12:00:00,12_16,32208.375,0.7493862206065136,32208.375,-142.03261999999998
2023-04-02 16:00:00,16_20,21994.3125,0.5513858759380863,21994.3125,-90.46011999999996
2023-04-02 20:00:00,20_24,15469.125,0.4122729413641087,15469.125,-47.98511999999996
2023-04-03 00:00:00,00_04,15957.6875,0.3469400184122937,15957.6875,-61.49012000000001
2023-04-03 04:00:00,04_08,5079.125,0.2400312052053345,5079.125,-39.212620000000015
2023-04-03 08:00:00,08_12,8751.875,0.4399049253415166,8751.875,-47.345120000000016
2023-04-03 12:00:00,12_16,20954.625,0.6271100544940468,20954.625,-91.91512
2023-04-03 16:00:00,16_20,3786.4375,0.3372083504716013,3786.4375,-49.97012000000001
2023-04-03 20:00:00,20_24,0.0,0.1938668633232843,-1066.625,-32.44512000000001
2023-04-04 00:00:00,00_04,5222.375,0.1640345002054212,5222.375,-66.05477
2023-04-04 04:00:00,04_08,0.0,0.0918998327947136,-4717.4375,-37.47227
2023-04-04 08:00:00,08_12,0.0,0.3129587151586396,-229.75,-39.38977
2023-04-04 12:00:00,12_16,9298.625,0.4530971473060031,9298.625,-70.29227
2023-04-04 16:00:00,16_20,0.0,0.1844959042027927,-5912.3125,-38.08477
2023-04-04 20:00:00,20_24,0.0,0.0711133102424542,-8025.5,-27.54227
2023-04-05 00:00:00,00_04,325.0,0.0626051284214522,325.0,-52.911479999999976
2023-04-05 04:00:00,04_08,0.0,0.0363297489710837,-7226.25,-15.521479999999986
2023-04-05 08:00:00,08_12,0.0,0.3251514897384839,1516.1875,-34.69397999999998
2023-04-05 12:00:00,12_16,8534.875,0.421200337448272,8534.875,-60.11147999999998
2023-04-05 16:00:00,16_20,0.0,0.1417769297901437,-7043.375,-21.821479999999976
2023-04-05 20:00:00,20_24,0.0,0.037129380659898,-8766.125,-12.023979999999987
2023-04-06 00:00:00,00_04,1346.1875,0.1026449701719422,1346.1875,-44.38212999999999
2023-04-06 04:00:00,04_08,0.0,0.1217033519286923,-3429.875,-32.15463
2023-04-06 08:00:00,08_12,8048.25,0.4422421044731165,8048.25,-41.84463
2023-04-06 12:00:00,12_16,15994.5625,0.5606882842049573,15994.5625,-62.81462999999999
2023-04-06 16:00:00,16_20,179.0,0.2808794323903387,179.0,-37.87212999999999
2023-04-06 20:00:00,20_24,4826.375,0.3004835620309605,4826.375,-44.00212999999999
2023-04-07 00:00:00,00_04,18385.5,0.3868500694431809,18385.5,-61.892129999999966
2023-04-07 04:00:00,04_08,16114.5625,0.3305429606507325,16114.5625,-57.19212999999997
2023-04-07 08:00:00,08_12,18598.0,0.486845843368406,18598.0,-57.779629999999976
2023-04-07 12:00:00,12_16,23258.0,0.5887776530626385,23258.0,-73.15462999999997
2023-04-07 16:00:00,16_20,10995.0625,0.3247994315612686,10995.0625,-43.397129999999976
2023-04-07 20:00:00,20_24,7006.6875,0.2129352018617285,7006.6875,-27.504629999999977
2023-04-08 00:00:00,00_04,6671.5625,0.1900626014782858,6671.5625,-46.01462999999999
2023-04-08 04:00:00,04_08,4321.875,0.1517592589931572,4321.875,-44.90712999999999
2023-04-08 08:00:00,08_12,3231.125,0.2782297235991725,3231.125,-40.60462999999999
2023-04-08 12:00:00,12_16,8662.625,0.37932760311591,8662.625,-64.01462999999998
2023-04-08 16:00:00,16_20,0.0,0.1931926708597626,-337.25,-46.15712999999999
2023-04-08 20:00:00,20_24,0.0,0.1166499820067392,-973.625,-26.924629999999983
2023-04-09 00:00:00,00_04,3792.5,0.0784495758791228,3792.5,-39.88462999999998
2023-04-09 04:00:00,04_08,4846.0,0.0678330907764938,4846.0,-42.05212999999998
2023-04-09 08:00:00,08_12,15435.25,0.4356737512196875,15435.25,-55.25462999999998
2023-04-09 12:00:00,12_16,22281.1875,0.5883929912149103,22281.1875,-97.55962999999998
2023-04-09 16:00:00,16_20,7000.3125,0.2494532623967484,7000.3125,-59.42212999999997
2023-04-09 20:00:00,20_24,3422.5,0.1655875013200091,3422.5,-40.35462999999997
2023-04-10 00:00:00,00_04,15186.25,0.3305014013516629,15186.25,-77.85212999999999
2023-04-10 04:00:00,04_08,17487.625,0.4028515311274919,17487.625,-85.23463
2023-04-10 08:00:00,08_12,32184.75,0.812668292689439,32184.75,-123.73213
2023-04-10 12:00:00,12_16,40955.0,1.0454661683322712,43099.8125,-165.79462999999998
2023-04-10 16:00:00,16_20,28129.0625,0.7270830341041478,28129.0625,-127.99213
2023-04-10 20:00:00,20_24,28796.4375,0.7363929423657248,28796.4375,-141.80962999999997
2023-04-11 00:00:00,00_04,30057.1875,0.7526839614945342,30057.1875,-159.58885999999998
2023-04-11 04:00:00,04_08,19529.75,0.5853022310409911,19529.75,-100.76386
2023-04-11 08:00:00,08_12,18836.0,0.64823384274028,18836.0,-94.31635999999996
2023-04-11 12:00:00,12_16,33404.75,0.8769651484801493,33404.75,-160.68385999999998
2023-04-11 16:00:00,16_20,0.0,0.5443982693299826,13962.125,-65.13385999999998
2023-04-11 20:00:00,20_24,0.0,0.1763194159503392,-3838.875,-23.508859999999984
2023-04-12 00:00:00,00_04,11755.125,0.3405485280946178,11755.125,-75.12290000000002
2023-04-12 04:00:00,04_08,11122.6875,0.426386713910799,11122.6875,-61.1429
2023-04-12 08:00:00,08_12,9355.4375,0.50699699236674,9355.4375,-35.9254
2023-04-12 12:00:00,12_16,10977.5,0.5236481214397111,10977.5,-62.7229
2023-04-12 16:00:00,16_20,1521.0625,0.3485325158774684,1521.0625,-38.43540000000001
2023-04-12 20:00:00,20_24,5831.625,0.363080311624209,5831.625,-45.98790000000001
2023-04-13 00:00:00,00_04,19395.75,0.5237267166603311,19395.75,-77.23167999999998
2023-04-13 04:00:00,04_08,17295.125,0.5438075430909688,17295.125,-68.14167999999998
2023-04-13 08:00:00,08_12,14896.6875,0.5921920510674127,14896.6875,-61.61667999999998
2023-04-13 12:00:00,12_16,13322.1875,0.5731519355889194,13322.1875,-65.51167999999998
2023-04-13 16:00:00,16_20,0.0,0.2961462912534249,-1039.125,-34.69167999999998
2023-04-13 20:00:00,20_24,0.0,0.1164013474201405,-6187.125,-7.479179999999978
2023-04-14 00:00:00,00_04,2126.8125,0.1305143660614752,2126.8125,-42.61913999999999
2023-04-14 04:00:00,04_08,0.0,0.097764420643681,-5865.125,-18.41663999999999
2023-04-14 08:00:00,08_12,0.0,0.2567736974781737,-6795.8125,-13.799139999999989
2023-04-14 12:00:00,12_16,1676.625,0.3746998219839825,1676.625,-50.46163999999999
2023-04-14 16:00:00,16_20,0.0,0.2250491103942295,-4757.375,-29.769139999999997
2023-04-14 20:00:00,20_24,0.0,0.1616749366365616,-3102.5,-18.219139999999985
2023-04-15 00:00:00,00_04,7110.875,0.2195785931789589,7110.875,-39.86163999999999
2023-04-15 04:00:00,04_08,9359.3125,0.2802983890778114,9359.3125,-49.65663999999999
2023-04-15 08:00:00,08_12,12383.5,0.467520656735871,12383.5,-54.44413999999999
2023-04-15 12:00:00,12_16,16025.25,0.5425750303591048,16025.25,-69.61913999999999
2023-04-15 16:00:00,16_20,9154.25,0.3935165974461275,9154.25,-45.12413999999999
2023-04-15 20:00:00,20_24,7787.875,0.3010913572756924,7787.875,-27.101639999999996
2023-04-16 00:00:00,00_04,13474.5,0.3030979871291676,13474.5,-50.18164
2023-04-16 04:00:00,04_08,12339.0625,0.2686016174449174,12339.0625,-51.63414
2023-04-16 08:00:00,08_12,8066.625,0.3161620250431779,8066.625,-43.88914
2023-04-16 12:00:00,12_16,12835.4375,0.4257184438951444,12835.4375,-57.08914
2023-04-16 16:00:00,16_20,6489.6875,0.2819887528391186,6489.6875,-43.60914
2023-04-16 20:00:00,20_24,2272.1875,0.1767160760338477,2272.1875,-22.304140000000004
2023-04-17 00:00:00,00_04,3429.25,0.1427280779450841,3429.25,-43.752280000000006
2023-04-17 04:00:00,04_08,0.0,0.1261840006930438,-5035.75,-18.942280000000004
2023-04-17 08:00:00,08_12,0.0,0.2815163203241812,-6286.4375,-0.7147800000000046
2023-04-17 12:00:00,12_16,8094.0625,0.4995060124075442,8094.0625,-54.64978000000001
2023-04-17 16:00:00,16_20,1732.4375,0.3709700285506435,1732.4375,-39.15228
2023-04-17 20:00:00,20_24,308.375,0.2873592572670936,308.375,-27.822280000000006
2023-04-18 00:00:00,00_04,11449.625,0.3449479067840677,11449.625,-54.37665999999999
2023-04-18 04:00:00,04_08,4453.8125,0.3158489573038449,4453.8125,-39.54665999999998
2023-04-18 08:00:00,08_12,3092.1875,0.434021402223289,3092.1875,-32.15415999999998
2023-04-18 12:00:00,12_16,15263.4375,0.6155399588834862,15263.4375,-71.26165999999998
2023-04-18 16:00:00,16_20,9170.875,0.4963849809768383,9170.875,-53.70665999999999
2023-04-18 20:00:00,20_24,8842.625,0.4419177967662374,8842.625,-40.51665999999999
2023-04-19 00:00:00,00_04,16539.8125,0.4810678014740364,16539.8125,-58.16797999999997
2023-04-19 04:00:00,04_08,7779.875,0.3927818362054005,7779.875,-38.80547999999997
2023-04-19 08:00:00,08_12,11127.0,0.5715808623420437,12406.25,-54.55047999999998
2023-04-19 12:00:00,12_16,28373.0625,0.8194499332549581,28373.0625,-148.42298
2023-04-19 16:00:00,16_20,18226.625,0.6432713942926412,18226.625,-80.46297999999999
2023-04-19 20:00:00,20_24,11188.4375,0.4749316810208437,11188.4375,-41.567979999999984
2023-04-20 00:00:00,00_04,16971.3125,0.5003623669052191,16971.3125,-58.321
2023-04-20 04:00:00,04_08,7014.625,0.3831878705900455,7014.625,-36.78849999999999
2023-04-20 08:00:00,08_12,5235.6875,0.4659240529129431,5235.6875,-34.971
2023-04-20 12:00:00,12_16,14733.125,0.6072927610148168,14733.125,-65.08349999999999
2023-04-20 16:00:00,16_20,8189.8125,0.4794520691045615,8189.8125,-38.15599999999999
2023-04-20 20:00:00,20_24,10752.0,0.4713071059379178,10789.375,-25.7885
2023-04-21 00:00:00,00_04,21248.0625,0.6064039751691117,21248.0625,-57.86438
2023-04-21 04:00:00,04_08,10752.0,0.5070304224244951,13210.0625,-40.49938
2023-04-21 08:00:00,08_12,10752.0,0.6527103923922697,16973.6875,-49.39188
2023-04-21 12:00:00,12_16,32749.0,0.8995418928045437,32749.0,-142.99188
2023-04-21 16:00:00,16_20,10752.0,0.596537089201878,15423.4375,-48.38438000000001
2023-04-21 20:00:00,20_24,10752.0,0.4705628572382001,11157.125,-32.63938
2023-04-22 00:00:00,00_04,20926.3125,0.5628779241441816,20926.3125,-54.42438
2023-04-22 04:00:00,04_08,19382.0,0.5286796275748951,19382.0,-51.824380000000005
2023-04-22 08:00:00,08_12,22708.0,0.7177397612803608,24526.375,-72.60188000000001
2023-04-22 12:00:00,12_16,30642.0625,0.8376826971732708,30642.0625,-131.29688000000002
2023-04-22 16:00:00,16_20,13309.6875,0.4882488692190306,13309.6875,-45.12188
2023-04-22 20:00:00,20_24,11719.5,0.4053318467995803,11719.5,-33.394380000000005
2023-04-23 00:00:00,00_04,13762.625,0.3362244519379014,13762.625,-52.53438
2023-04-23 04:00:00,04_08,12340.3125,0.2949154509283819,12340.3125,-59.46938
2023-04-23 08:00:00,08_12,15546.9375,0.4958053544249702,15546.9375,-71.39437999999998
2023-04-23 12:00:00,12_16,25138.8125,0.7080447840033679,25138.8125,-127.94938
2023-04-23 16:00:00,16_20,6903.75,0.3177172537790504,6903.75,-42.15688
2023-04-23 20:00:00,20_24,3266.4375,0.2263087230118259,3266.4375,-27.05188
2023-04-24 00:00:00,00_04,19054.5625,0.5040370834392986,19054.5625,-65.95972
2023-04-24 04:00:00,04_08,10752.0,0.4554024425657211,12080.25,-45.89472
2023-04-24 08:00:00,08_12,10752.0,0.5855860443243665,12980.4375,-28.21722
2023-04-24 12:00:00,12_16,22708.0,0.7693140899321489,24559.625,-57.18222
2023-04-24 16:00:00,16_20,10752.0,0.6159179488899744,16022.5,-39.53222
2023-04-24 20:00:00,20_24,8116.0625,0.431430044653208,8116.0625,-26.00722
2023-04-25 00:00:00,00_04,17423.5625,0.5061867524968812,17423.5625,-51.87467
2023-04-25 04:00:00,04_08,8348.4375,0.4073893254799439,8348.4375,-34.97467
2023-04-25 08:00:00,08_12,9507.8125,0.5381128290487397,9507.8125,-39.70716999999999
2023-04-25 12:00:00,12_16,20868.5,0.7137613660686681,20868.5,-75.99716999999998
2023-04-25 16:00:00,16_20,10752.0,0.5849643979756038,14032.9375,-48.39216999999999
2023-04-25 20:00:00,20_24,4303.375,0.3617701350208442,4303.375,-20.31966999999999
2023-04-26 00:00:00,00_04,12331.0,0.412418517290907,12331.0,-52.80539999999999
2023-04-26 04:00:00,04_08,5392.5,0.3588584335729523,5392.5,-31.8654
2023-04-26 08:00:00,08_12,9453.8125,0.5402698175279987,9453.8125,-44.4104
2023-04-26 12:00:00,12_16,12526.25,0.5909946222240731,12526.25,-52.6054
2023-04-26 16:00:00,16_20,0.0,0.3672418304677759,382.875,-25.017899999999997
2023-04-26 20:00:00,20_24,0.0,0.1826996389665461,-5094.375,-8.647899999999996
2023-04-27 00:00:00,00_04,2309.9375,0.1843833583256407,2309.9375,-43.60189999999999
2023-04-27 04:00:00,04_08,0.0,0.1617480367417461,-4802.375,-25.7669
2023-04-27 08:00:00,08_12,3688.9375,0.4408032893399001,3688.9375,-35.899399999999986
2023-04-27 12:00:00,12_16,8981.875,0.519131179350352,8981.875,-51.40689999999999
2023-04-27 16:00:00,16_20,0.0,0.2300550346834798,-7009.5,-24.526899999999998
2023-04-27 20:00:00,20_24,0.0,0.1029463609423049,-9264.75,-11.134399999999992
2023-04-28 00:00:00,00_04,3340.9375,0.1999153788413367,3340.9375,-49.61379999999999
2023-04-28 04:00:00,04_08,1174.6875,0.2707459020254072,1174.6875,-37.53379999999999
2023-04-28 08:00:00,08_12,0.0,0.3398327699697562,-2831.5,-27.40879999999999
2023-04-28 12:00:00,12_16,1649.375,0.3964525072653453,1649.375,-50.53879999999999
2023-04-28 16:00:00,16_20,0.0,0.3137338871075341,-947.625,-37.47379999999999
2023-04-28 20:00:00,20_24,896.125,0.26892929681397,896.125,-26.13879999999999
2023-04-29 00:00:00,00_04,9210.75,0.2851139434912557,9210.75,-34.88129999999998
2023-04-29 04:00:00,04_08,7534.375,0.2458852252978212,7534.375,-39.53629999999998
2023-04-29 08:00:00,08_12,8481.125,0.4029382885757769,8481.125,-39.01629999999998
2023-04-29 12:00:00,12_16,19264.0,0.6088833960825549,19264.0,-69.58379999999998
2023-04-29 16:00:00,16_20,9785.0,0.4049558892880558,9785.0,-47.82879999999999
2023-04-29 20:00:00,20_24,2427.1875,0.1999481558998723,2427.1875,-27.438799999999983
2023-04-30 00:00:00,00_04,10595.25,0.2399391462337496,10595.25,-52.17879999999997
2023-04-30 04:00:00,04_08,10200.0625,0.2261758036098161,10200.0625,-57.86129999999997
2023-04-30 08:00:00,08_12,21636.5625,0.617902343052323,21636.5625,-103.68379999999996
2023-04-30 12:00:00,12_16,30618.1875,0.818608070061397,30618.1875,-145.7113
2023-04-30 16:00:00,16_20,11334.9375,0.3859855133026884,11334.9375,-65.09629999999997
2023-04-30 20:00:00,20_24,1268.1875,0.160485406423266,1268.1875,-25.36129999999997
2023-05-01 00:00:00,00_04,10779.6875,0.2803900137781824,10779.6875,-44.98879999999999
2023-05-01 04:00:00,04_08,11288.625,0.3077564663349231,11288.625,-57.14379999999999
2023-05-01 08:00:00,08_12,13163.1875,0.4632083925168551,13163.1875,-66.4413
2023-05-01 12:00:00,12_16,14655.625,0.5078493752745313,14655.625,-103.6813
2023-05-01 16:00:00,16_20,797.25,0.2225601510473809,797.25,-40.59629999999999
2023-05-01 20:00:00,20_24,0.0,0.1355707389703617,-2335.6875,-24.69129999999999
2023-05-02 00:00:00,00_04,8027.4375,0.284691424920424,8027.4375,-57.80379999999999
2023-05-02 04:00:00,04_08,4163.8125,0.3223621857072981,4163.8125,-42.34379999999999
2023-05-02 08:00:00,08_12,1076.5625,0.411421021240741,1076.5625,-24.171299999999995
2023-05-02 12:00:00,12_16,9383.6875,0.5467942883258634,9383.6875,-54.99629999999999
2023-05-02 16:00:00,16_20,927.5,0.3825789923142613,927.5,-37.621299999999984
2023-05-02 20:00:00,20_24,0.0,0.1763314677121149,-6193.8125,-15.698799999999988
2023-05-03 00:00:00,00_04,2090.0,0.1667660189651974,2090.0,-38.30718
2023-05-03 04:00:00,04_08,0.0,0.1408814210319512,-6090.125,-21.572180000000003
2023-05-03 08:00:00,08_12,0.0,0.3924201939290919,-270.0,-37.93968000000001
2023-05-03 12:00:00,12_16,10064.0625,0.5528897598455561,10064.0625,-63.94968000000001
2023-05-03 16:00:00,16_20,0.0,0.2845873967220256,-4647.0,-29.16468
2023-05-03 20:00:00,20_24,0.0,0.1074524646094598,-9888.25,-5.6921800000000005
2023-05-04 00:00:00,00_04,1652.125,0.1708462945892732,1652.125,-40.525909999999975
2023-05-04 04:00:00,04_08,0.0,0.1729950876620963,-4250.3125,-22.26090999999997
2023-05-04 08:00:00,08_12,5761.5,0.476202059515122,5761.5,-38.24340999999997
2023-05-04 12:00:00,12_16,16528.5,0.6408420489952664,16528.5,-73.66340999999997
2023-05-04 16:00:00,16_20,1084.5,0.3654409727178833,1084.5,-32.70840999999997
2023-05-04 20:00:00,20_24,3442.4375,0.3437163145530393,3442.4375,-27.94090999999997
2023-05-05 00:00:00,00_04,14003.5,0.4621062155945877,14003.5,-51.31967999999996
2023-05-05 04:00:00,04_08,8876.6875,0.4366607354756524,8876.6875,-38.89967999999997
2023-05-05 08:00:00,08_12,12373.6875,0.592563063036558,12373.6875,-39.38467999999996
2023-05-05 12:00:00,12_16,16688.25,0.6517002370740359,16688.25,-55.28717999999997
2023-05-05 16:00:00,16_20,1770.1875,0.3810551903747411,1770.1875,-27.977179999999965
2023-05-05 20:00:00,20_24,1856.75,0.3144275895763942,1856.75,-15.699679999999963
2023-05-06 00:00:00,00_04,6506.875,0.3593972306863843,6506.875,-35.76217999999997
2023-05-06 04:00:00,04_08,3561.875,0.2941842469420414,3561.875,-39.73467999999997
2023-05-06 08:00:00,08_12,6203.9375,0.4660535303649224,6203.9375,-47.85717999999997
2023-05-06 12:00:00,12_16,16118.875,0.6506031271790621,16118.875,-74.21467999999999
2023-05-06 16:00:00,16_20,4837.3125,0.4118493817575522,4837.3125,-40.274679999999975
2023-05-06 20:00:00,20_24,1044.0,0.2857074543012626,1044.0,-30.192179999999976
2023-05-07 00:00:00,00_04,10012.375,0.3782167966466825,10012.375,-47.99967999999996
2023-05-07 04:00:00,04_08,11489.25,0.419050221250733,11489.25,-51.24217999999996
2023-05-07 08:00:00,08_12,20212.125,0.7182241983292913,20212.125,-88.63217999999995
2023-05-07 12:00:00,12_16,25693.4375,0.8395447692464221,25693.4375,-130.65217999999993
2023-05-07 16:00:00,16_20,11584.4375,0.5302502611397056,11584.4375,-52.52467999999996
2023-05-07 20:00:00,20_24,6424.5625,0.4052217745563055,6424.5625,-32.537179999999964
2023-05-08 00:00:00,00_04,10973.125,0.4405466041199266,10973.125,-50.53764000000001
2023-05-08 04:00:00,04_08,1237.9375,0.3441487039860318,1237.9375,-35.08514000000001
2023-05-08 08:00:00,08_12,3343.25,0.5182526710735018,3343.25,-38.61514000000001
2023-05-08 12:00:00,12_16,11181.625,0.6469412414934541,11181.625,-58.02264000000001
2023-05-08 16:00:00,16_20,0.0,0.3982015867856914,-2499.125,-28.727640000000005
2023-05-08 20:00:00,20_24,0.0,0.3203557275090612,-2883.3125,-19.14264000000001
2023-05-09 00:00:00,00_04,9528.3125,0.4375534271131951,9528.3125,-48.65544999999997
2023-05-09 04:00:00,04_08,3220.3125,0.3991848624455377,3220.3125,-34.14794999999997
2023-05-09 08:00:00,08_12,9187.5625,0.6145527011688684,9187.5625,-41.060449999999975
2023-05-09 12:00:00,12_16,16580.8125,0.7340265711246622,16580.8125,-67.52794999999996
2023-05-09 16:00:00,16_20,1156.6875,0.4609913521682549,1156.6875,-31.02544999999997
2023-05-09 20:00:00,20_24,661.4375,0.3857304560557928,661.4375,-30.06294999999997
2023-05-10 00:00:00,00_04,8160.3125,0.4281396034905148,8160.3125,-48.01002999999999
2023-05-10 04:00:00,04_08,0.0,0.3419905816748811,-479.5,-36.17752999999999
2023-05-10 08:00:00,08_12,0.0,0.3794664418758831,-5545.9375,-25.350029999999997
2023-05-10 12:00:00,12_16,0.0,0.4127289464947993,-2804.6875,-43.42253
2023-05-10 16:00:00,16_20,0.0,0.225196838583255,-11960.0625,-16.320029999999992
2023-05-10 20:00:00,20_24,0.0,0.1072454718791193,-13407.3125,-10.532529999999989
2023-05-11 00:00:00,00_04,0.0,0.0944431664127482,-5899.1875,-37.62836
2023-05-11 04:00:00,04_08,0.0,0.0942877035594797,-12717.3125,-17.290859999999988
2023-05-11 08:00:00,08_12,0.0,0.2070800344686687,-15779.6875,1.2541400000000067
2023-05-11 12:00:00,12_16,0.0,0.2985182688459686,-9835.625,-31.82835999999999
2023-05-11 16:00:00,16_20,0.0,0.2132611358878967,-12657.5625,-10.323359999999994
2023-05-11 20:00:00,20_24,0.0,0.2212881339877213,-7885.0625,-18.47085999999999
2023-05-12 00:00:00,00_04,2733.125,0.3069847404165838,2733.125,-40.67702999999999
2023-05-12 04:00:00,04_08,0.0,0.2499303611770004,-4984.875,-23.702029999999997
2023-05-12 08:00:00,08_12,0.0,0.3973131832101023,-4348.75,-20.317029999999995
2023-05-12 12:00:00,12_16,9209.0,0.6053556990855697,9209.0,-55.67452999999999
2023-05-12 16:00:00,16_20,0.0,0.426723270325166,-69.0625,-31.61952999999999
2023-05-12 20:00:00,20_24,0.0,0.3225967123995002,-1547.4375,-22.414529999999992
2023-05-13 00:00:00,00_04,5903.0,0.3305309972012422,5903.0,-29.14953000000002
2023-05-13 04:00:00,04_08,4266.6875,0.2967705167173252,4266.6875,-31.13453000000002
2023-05-13 08:00:00,08_12,9780.6875,0.5312039576544989,9780.6875,-57.27953000000002
2023-05-13 12:00:00,12_16,18225.3125,0.6964590032562056,18225.3125,-120.89453000000002
2023-05-13 16:00:00,16_20,5935.875,0.4302265409383625,5935.875,-48.45203000000001
2023-05-13 20:00:00,20_24,0.0,0.247655916034828,-252.4375,-16.80203000000002
2023-05-14 00:00:00,00_04,4585.1875,0.2202342707458113,4585.1875,-34.03703
2023-05-14 04:00:00,04_08,5317.625,0.2308379772605717,5317.625,-44.844530000000006
2023-05-14 08:00:00,08_12,13508.75,0.5630804083298399,13508.75,-86.84453
2023-05-14 12:00:00,12_16,17229.5625,0.6490453436006738,17229.5625,-125.85703
2023-05-14 16:00:00,16_20,2826.1875,0.3308298543655878,2826.1875,-43.13203000000001
2023-05-14 20:00:00,20_24,0.0,0.1121552578983511,-6494.0625,-8.692030000000006
2023-05-15 00:00:00,00_04,0.0,0.0593755345621673,-3502.5625,-19.005679999999995
2023-05-15 04:00:00,04_08,0.0,0.0943185608736877,-10175.625,9.72932
2023-05-15 08:00:00,08_12,0.0,0.372875358114607,-5174.9375,-8.988179999999996
2023-05-15 12:00:00,12_16,4015.375,0.5215817033075569,4015.375,-37.40068
2023-05-15 16:00:00,16_20,0.0,0.4065843818098468,-1214.5,-20.20568
2023-05-15 20:00:00,20_24,0.0,0.2823739121316976,-4287.25,-13.71068
2023-05-16 00:00:00,00_04,6664.5625,0.4372709595670755,6664.5625,-56.63661000000002
2023-05-16 04:00:00,04_08,2026.0625,0.4319530856209986,2026.0625,-39.281610000000015
2023-05-16 08:00:00,08_12,4287.3125,0.5809923286613755,4287.3125,-32.75911000000002
2023-05-16 12:00:00,12_16,14706.875,0.744710686194766,14706.875,-89.85161000000002
2023-05-16 16:00:00,16_20,7536.9375,0.6080778720529173,7536.9375,-50.62661000000002
2023-05-16 20:00:00,20_24,890.9375,0.4378981347610118,890.9375,-23.336610000000015
2023-05-17 00:00:00,00_04,8235.375,0.4936638187731916,8235.375,-55.05641
2023-05-17 04:00:00,04_08,967.8125,0.4235274203222803,967.8125,-34.55641
2023-05-17 08:00:00,08_12,7156.5,0.6258195712608385,7156.5,-42.43391
2023-05-17 12:00:00,12_16,14540.0625,0.741674134307175,14540.0625,-111.77141
2023-05-17 16:00:00,16_20,0.0,0.4569525889494591,-1237.75,-40.22391
2023-05-17 20:00:00,20_24,0.0,0.1826617163426205,-12545.8125,-7.82891
2023-05-18 00:00:00,00_04,0.0,0.1724396289279614,-3907.375,-33.11049
2023-05-18 04:00:00,04_08,0.0,0.1766404141757168,-2842.375,-28.99549
2023-05-18 08:00:00,08_12,9692.3125,0.57058600301467,9692.3125,-50.22798999999999
2023-05-18 12:00:00,12_16,14889.3125,0.6866950776699156,14889.3125,-82.43799
2023-05-18 16:00:00,16_20,0.0,0.3361438295432932,-1058.4375,-33.46799
2023-05-18 20:00:00,20_24,0.0,0.1634561325231137,-7930.375,-14.302989999999994
2023-05-19 00:00:00,00_04,0.0,0.2001886090985754,-3157.5,-39.42088
2023-05-19 04:00:00,04_08,0.0,0.184182436847682,-9251.5625,-21.675880000000003
2023-05-19 08:00:00,08_12,0.0,0.4714069213342707,-1799.0625,-40.08588
2023-05-19 12:00:00,12_16,3944.25,0.562956528688878,3944.25,-62.72838
2023-05-19 16:00:00,16_20,0.0,0.3622254326608043,-6032.3125,-27.96588
2023-05-19 20:00:00,20_24,0.0,0.3070158638361367,-4680.875,-21.16088
2023-05-20 00:00:00,00_04,6379.5625,0.4153326709925797,6379.5625,-48.57837999999999
2023-05-20 04:00:00,04_08,7258.9375,0.4435467656705399,7258.9375,-56.41837999999999
2023-05-20 08:00:00,08_12,14232.375,0.6911967715343824,14232.375,-94.11087999999998
2023-05-20 12:00:00,12_16,24774.625,0.8962940003981423,24774.625,-120.93838
2023-05-20 16:00:00,16_20,11358.0625,0.6166085721662794,11358.0625,-80.39588
2023-05-20 20:00:00,20_24,5071.875,0.4435017532562973,5071.875,-40.14837999999999
2023-05-21 00:00:00,00_04,10796.8125,0.4843930109810107,10796.8125,-81.55337999999998
2023-05-21 04:00:00,04_08,10761.125,0.4722239440208819,10761.125,-91.13588
2023-05-21 08:00:00,08_12,20035.3125,0.7776613947498289,20035.3125,-114.85837999999998
2023-05-21 12:00:00,12_16,29919.0,1.010568202876056,30393.0625,-143.74838
2023-05-21 16:00:00,16_20,12795.625,0.6225208356583573,12795.625,-88.11337999999998
2023-05-21 20:00:00,20_24,4646.5625,0.4317975510295849,4646.5625,-31.44587999999999
2023-05-22 00:00:00,00_04,8089.875,0.4375495191409596,8089.875,-39.428450000000005
2023-05-22 04:00:00,04_08,0.0,0.3370607281471481,-1509.625,-16.590950000000007
2023-05-22 08:00:00,08_12,4267.5,0.5744118693155835,4267.5,-24.020950000000006
2023-05-22 12:00:00,12_16,11938.625,0.7010479936403361,11938.625,-52.128450000000015
2023-05-22 16:00:00,16_20,0.0,0.373572561890065,-6107.625,-10.408450000000007
2023-05-22 20:00:00,20_24,0.0,0.2229566812049116,-10122.625,3.304049999999993
2023-05-23 00:00:00,00_04,1709.5625,0.3161213781483574,1709.5625,-39.51432999999999
2023-05-23 04:00:00,04_08,0.0,0.3569407076501345,-1750.0625,-29.90182999999999
2023-05-23 08:00:00,08_12,570.125,0.5255942422552514,570.125,-30.68182999999999
2023-05-23 12:00:00,12_16,12577.0625,0.7199850643092496,12577.0625,-99.42933
2023-05-23 16:00:00,16_20,7881.25,0.6258053424542689,7881.25,-56.70933
2023-05-23 20:00:00,20_24,318.75,0.4352633110270585,318.75,-19.141829999999988
2023-05-24 00:00:00,00_04,5045.5625,0.4294036176362635,5045.5625,-41.582150000000006
2023-05-24 04:00:00,04_08,0.0,0.3095214834692603,-4978.0,-20.319650000000003
2023-05-24 08:00:00,08_12,0.0,0.4276200571481242,-5787.0625,-25.317150000000005
2023-05-24 12:00:00,12_16,0.0,0.4821584957586914,-1974.4375,-37.50215000000001
2023-05-24 16:00:00,16_20,0.0,0.2902779737243697,-11268.875,3.330349999999992
2023-05-24 20:00:00,20_24,0.0,0.1345003800333269,-14846.75,19.742849999999997
2023-05-25 00:00:00,00_04,0.0,0.1910842827512883,-3056.25,-21.187220000000007
2023-05-25 04:00:00,04_08,0.0,0.2365059502942398,-6497.0,-5.807220000000008
2023-05-25 08:00:00,08_12,1550.0625,0.5160159207727224,1550.0625,-36.71972000000001
2023-05-25 12:00:00,12_16,13841.875,0.7078744692671937,13841.875,-93.03222
2023-05-25 16:00:00,16_20,1601.3125,0.4820826587535053,1601.3125,-35.379720000000006
2023-05-25 20:00:00,20_24,0.0,0.3121418415269938,-4168.125,-8.932220000000008
2023-05-26 00:00:00,00_04,1002.5625,0.3091375129690724,1002.5625,-29.123770000000004
2023-05-26 04:00:00,04_08,0.0,0.2997147409700309,-4333.125,-12.771270000000005
2023-05-26 08:00:00,08_12,4661.875,0.5804654562488895,4661.875,-39.67627
2023-05-26 12:00:00,12_16,16055.5,0.7565982863707938,16055.5,-102.03627
2023-05-26 16:00:00,16_20,1764.375,0.4883353068953561,1764.375,-38.64877
2023-05-26 20:00:00,20_24,0.0,0.2520301926080167,-7083.3125,-3.146270000000001
2023-05-27 00:00:00,00_04,0.0,0.2360821114733159,-340.3125,-17.936269999999986
2023-05-27 04:00:00,04_08,0.0,0.2209973542232689,-1024.875,-17.271269999999987
2023-05-27 08:00:00,08_12,11710.125,0.6195733079727374,11710.125,-67.63376999999998
2023-05-27 12:00:00,12_16,21150.0,0.8093719649750928,21150.0,-105.98377
2023-05-27 16:00:00,16_20,1671.75,0.3948055770150461,1671.75,-43.36376999999999
2023-05-27 20:00:00,20_24,0.0,0.097860574040503,-9505.75,4.1812300000000135
2023-05-28 00:00:00,00_04,0.0,0.1359307374272321,-792.3125,-21.623770000000004
2023-05-28 04:00:00,04_08,2167.5,0.1787266553788584,2167.5,-31.546270000000007
2023-05-28 08:00:00,08_12,18710.875,0.7199960650577125,18710.875,-100.20127
2023-05-28 12:00:00,12_16,28636.25,0.9569155751708428,28636.25,-206.01127
2023-05-28 16:00:00,16_20,13005.9375,0.5868847752216999,13005.9375,-78.30377000000001
2023-05-28 20:00:00,20_24,3306.25,0.3636534122542268,3306.25,-29.056270000000005
2023-05-29 00:00:00,00_04,6183.8125,0.3516116738272363,6183.8125,-51.4592
2023-05-29 04:00:00,04_08,7077.125,0.3699950534967712,7077.125,-43.76420000000001
2023-05-29 08:00:00,08_12,20172.75,0.7782602995640916,20172.75,-103.1417
2023-05-29 12:00:00,12_16,26403.6875,0.9179391636673576,26403.6875,-189.8917
2023-05-29 16:00:00,16_20,13394.125,0.6340590088799771,13394.125,-88.24170000000001
2023-05-29 20:00:00,20_24,3290.6875,0.3986900024748414,3290.6875,-23.731700000000004
2023-05-30 00:00:00,00_04,3953.6875,0.3417849692873447,3953.6875,-32.996930000000006
2023-05-30 04:00:00,04_08,0.0,0.2666814348950516,-4644.5,-9.841930000000009
2023-05-30 08:00:00,08_12,323.1875,0.508140862332935,323.1875,-16.411930000000005
2023-05-30 12:00:00,12_16,7834.625,0.6299056922076747,7834.625,-43.99943
2023-05-30 16:00:00,16_20,0.0,0.3589164981752955,-6558.25,-8.374430000000007
2023-05-30 20:00:00,20_24,0.0,0.1829833113885109,-11640.875,12.575569999999995
2023-05-31 00:00:00,00_04,0.0,0.2455318965676352,-337.0,-25.109599999999983
2023-05-31 04:00:00,04_08,0.0,0.21317660490944,-7582.25,-2.0195999999999827
2023-05-31 08:00:00,08_12,4186.0625,0.5731403191247192,4186.0625,-29.292099999999987
2023-05-31 12:00:00,12_16,17668.8125,0.7914582725964416,17668.8125,-103.6721
2023-05-31 16:00:00,16_20,2062.0,0.5091521567086323,2062.0,-34.612099999999984
2023-05-31 20:00:00,20_24,0.0,0.305603848569274,-5476.25,-5.51209999999999
2023-06-01 00:00:00,00_04,3558.5625,0.3687480927509055,3558.5625,-33.83824
2023-06-01 04:00:00,04_08,0.0,0.3450361475744711,-1942.4375,-19.30073999999999
2023-06-01 08:00:00,08_12,7016.3125,0.6234475891556945,7016.3125,-29.03574
2023-06-01 12:00:00,12_16,20288.3125,0.8350829501230793,20288.3125,-91.51324
2023-06-01 16:00:00,16_20,4393.3125,0.5520760225709553,4393.3125,-28.54074
2023-06-01 20:00:00,20_24,0.0,0.3157058278838357,-5335.6875,-6.303239999999992
2023-06-02 00:00:00,00_04,1027.6875,0.3136987023484243,1027.6875,-21.38437999999999
2023-06-02 04:00:00,04_08,0.0,0.2357996773087037,-7274.3125,2.6881200000000085
2023-06-02 08:00:00,08_12,1125.0625,0.5188188407812453,1125.0625,-22.499379999999988
2023-06-02 12:00:00,12_16,13383.8125,0.7131089401561732,13383.8125,-56.35188
2023-06-02 16:00:00,16_20,346.5625,0.4646418078389698,346.5625,-20.956879999999988
2023-06-02 20:00:00,20_24,0.0,0.2984736053384508,-4818.0625,-4.091879999999989
2023-06-03 00:00:00,00_04,3838.5,0.3452047046606181,3838.5,-20.59688
2023-06-03 04:00:00,04_08,2008.3125,0.3012049122038432,2008.3125,-22.47188
2023-06-03 08:00:00,08_12,13397.5625,0.659077460018483,13397.5625,-59.574380000000005
2023-06-03 12:00:00,12_16,22583.5625,0.8423161624691603,22583.5625,-102.24688
2023-06-03 16:00:00,16_20,5119.1875,0.4697822608110222,5119.1875,-47.40688
2023-06-03 20:00:00,20_24,0.0,0.2435558213401183,-3199.5,-10.441879999999998
2023-06-04 00:00:00,00_04,2720.625,0.2525705233120018,2720.625,-25.20188
2023-06-04 04:00:00,04_08,3270.5,0.2495392068636069,3270.5,-30.44438000000001
2023-06-04 08:00:00,08_12,18129.6875,0.7260221445336038,18129.6875,-80.78438
2023-06-04 12:00:00,12_16,26031.5625,0.9057112357651868,26031.5625,-119.02438
2023-06-04 16:00:00,16_20,7036.0625,0.4810209105003837,7036.0625,-47.33438
2023-06-04 20:00:00,20_24,0.0,0.198129511467176,-4623.0625,-0.6543800000000033
2023-06-05 00:00:00,00_04,0.0,0.193375425213068,-1083.0625,-31.12487999999999
2023-06-05 04:00:00,04_08,0.0,0.1672275344253329,-8886.8125,-4.254879999999982
2023-06-05 08:00:00,08_12,0.0,0.4872240067728651,-947.375,-21.019879999999983
2023-06-05 12:00:00,12_16,7309.9375,0.6222523864634376,7309.9375,-34.724879999999985
2023-06-05 16:00:00,16_20,0.0,0.3518067888841585,-7171.0625,-2.6798799999999865
2023-06-05 20:00:00,20_24,0.0,0.1868918020902555,-11739.5625,15.06762000000002
2023-06-06 00:00:00,00_04,0.0,0.2011233205402921,-3139.75,-32.08421999999999
2023-06-06 04:00:00,04_08,0.0,0.1567412302738841,-10797.5625,6.748280000000008
2023-06-06 08:00:00,08_12,0.0,0.3958418308513027,-7172.1875,-15.801719999999989
2023-06-06 12:00:00,12_16,1123.75,0.5299078041446877,1123.75,-37.72671999999999
2023-06-06 16:00:00,16_20,0.0,0.3380865702297719,-8270.125,-11.836719999999996
2023-06-06 20:00:00,20_24,0.0,0.1505081982238387,-13704.125,5.380780000000009
2023-06-07 00:00:00,00_04,0.0,0.1221989161212458,-7499.9375,-18.303529999999984
2023-06-07 04:00:00,04_08,0.0,0.1250388092990248,-12831.8125,6.416470000000018
2023-06-07 08:00:00,08_12,0.0,0.3829545918575687,-7456.0625,-11.03602999999999
2023-06-07 12:00:00,12_16,2492.875,0.539095374391197,2492.875,-30.928529999999984
2023-06-07 16:00:00,16_20,0.0,0.3296948399051985,-8090.125,-5.886029999999987
2023-06-07 20:00:00,20_24,0.0,0.1353023649096265,-14547.1875,9.72647000000001
2023-06-08 00:00:00,00_04,0.0,0.1553426760969149,-4678.0625,-23.03847
2023-06-08 04:00:00,04_08,0.0,0.1856612715729232,-3829.3125,-20.13347
2023-06-08 08:00:00,08_12,7342.0625,0.5461970273345989,7342.0625,-29.99097
2023-06-08 12:00:00,12_16,14345.0625,0.6892868603769181,14345.0625,-44.55847
2023-06-08 16:00:00,16_20,968.1875,0.4116891771703157,968.1875,-24.630970000000005
2023-06-08 20:00:00,20_24,0.0,0.1962822557592175,-7284.25,-7.965970000000002
2023-06-09 00:00:00,00_04,0.0,0.1906736303717842,-4710.1875,-28.916590000000014
2023-06-09 04:00:00,04_08,0.0,0.2059791326492593,-8511.5,-20.764090000000017
2023-06-09 08:00:00,08_12,958.0625,0.5243275337094011,958.0625,-25.769090000000013
2023-06-09 12:00:00,12_16,12417.0,0.7146420407483693,12417.0,-47.15409000000001
2023-06-09 16:00:00,16_20,2694.5625,0.5192622573407034,2694.5625,-25.92659000000001
2023-06-09 20:00:00,20_24,0.0,0.3950978032502469,-710.0625,-15.511590000000012
2023-06-10 00:00:00,00_04,5451.6875,0.4337343356178222,5451.6875,-37.54159
2023-06-10 04:00:00,04_08,4987.625,0.4200124182919366,4987.625,-41.50158999999999
2023-06-10 08:00:00,08_12,15479.375,0.7294307628242996,15479.375,-75.63409
2023-06-10 12:00:00,12_16,25377.25,0.9220149606591403,25377.25,-133.15659
2023-06-10 16:00:00,16_20,14555.25,0.6932574564954632,14555.25,-69.89408999999999
2023-06-10 20:00:00,20_24,8345.75,0.5296035263157162,8345.75,-43.12659
2023-06-11 00:00:00,00_04,9400.25,0.5372797936469301,9400.25,-66.02659
2023-06-11 04:00:00,04_08,9155.5,0.5211015246043212,9155.5,-73.00409
2023-06-11 08:00:00,08_12,18395.875,0.8044174733040903,18395.875,-111.77159
2023-06-11 12:00:00,12_16,26192.375,0.9694019860130624,26192.375,-147.56159
2023-06-11 16:00:00,16_20,13084.625,0.6891932668776694,13084.625,-69.54909
2023-06-11 20:00:00,20_24,2834.625,0.4585000789489445,2834.625,-22.24159000000001
2023-06-12 00:00:00,00_04,1103.875,0.4320646488728741,1103.875,-36.74998
2023-06-12 04:00:00,04_08,0.0,0.3199393586602613,-8535.875,-19.93997999999999
2023-06-12 08:00:00,08_12,0.0,0.5847640332983516,-1254.0625,-24.182479999999995
2023-06-12 12:00:00,12_16,10856.3125,0.7787395339443157,10856.3125,-56.30998
2023-06-12 16:00:00,16_20,0.0,0.5253880417438199,-3123.125,-16.979979999999998
2023-06-12 20:00:00,20_24,0.0,0.3786239676786881,-7995.4375,-7.034979999999997
2023-06-13 00:00:00,00_04,0.0,0.3774314828226135,-2821.8125,-39.1565
2023-06-13 04:00:00,04_08,0.0,0.2890688339166716,-11265.5,-21.268999999999995
2023-06-13 08:00:00,08_12,0.0,0.5855467864983561,-1494.8125,-27.261499999999995
2023-06-13 12:00:00,12_16,11140.75,0.784652651304017,11140.75,-69.1665
2023-06-13 16:00:00,16_20,0.0,0.5655003587557507,-1049.5,-30.794
2023-06-13 20:00:00,20_24,0.0,0.3659695538329067,-9046.3125,-14.023999999999996
2023-06-14 00:00:00,00_04,0.0,0.3263147091537985,-5672.375,-43.09345999999998
2023-06-14 04:00:00,04_08,0.0,0.2759740815035073,-12354.4375,-20.253459999999976
2023-06-14 08:00:00,08_12,0.0,0.5541045305023192,-3821.1875,-33.29345999999998
2023-06-14 12:00:00,12_16,3784.9375,0.669162214218092,3784.9375,-56.19845999999998
2023-06-14 16:00:00,16_20,0.0,0.4130136413708885,-9981.625,-22.91095999999998
2023-06-14 20:00:00,20_24,0.0,0.1961481547965605,-17855.0,-2.458459999999977
2023-06-15 00:00:00,00_04,0.0,0.1611625556939973,-12015.75,-40.61728999999997
2023-06-15 04:00:00,04_08,0.0,0.1335152340856293,-18691.25,-7.25228999999997
2023-06-15 08:00:00,08_12,0.0,0.4255596842585171,-10754.6875,-28.90228999999997
2023-06-15 12:00:00,12_16,0.0,0.5503226406620261,-2705.9375,-52.277289999999965
2023-06-15 16:00:00,16_20,0.0,0.3719211582204954,-10798.0,-22.499789999999965
2023-06-15 20:00:00,20_24,0.0,0.1231269461077844,-20370.8125,13.360210000000034
2023-06-16 00:00:00,00_04,0.0,0.0865068886613005,-13486.125,-32.28269999999999
2023-06-16 04:00:00,04_08,0.0,0.1167026336760098,-16457.6875,-19.427699999999987
2023-06-16 08:00:00,08_12,0.0,0.4137797223585557,-8571.3125,-28.56519999999999
2023-06-16 12:00:00,12_16,825.0625,0.5541305356314457,825.0625,-48.87269999999999
2023-06-16 16:00:00,16_20,0.0,0.3646183459545765,-8503.6875,-21.28769999999999
2023-06-16 20:00:00,20_24,0.0,0.0968700726090595,-18237.6875,7.754800000000003
2023-06-17 00:00:00,00_04,0.0,0.0862077392826484,-8856.4375,-13.212699999999966
2023-06-17 04:00:00,04_08,0.0,0.1312373287460834,-6818.125,-25.87269999999997
2023-06-17 08:00:00,08_12,4891.125,0.5318671309805785,4891.125,-47.83269999999997
2023-06-17 12:00:00,12_16,12657.8125,0.6900933676401155,12657.8125,-84.92519999999998
2023-06-17 16:00:00,16_20,0.0,0.3867756141285285,-969.375,-25.82519999999997
2023-06-17 20:00:00,20_24,0.0,0.0519722074661083,-13516.1875,10.517300000000034
2023-06-18 00:00:00,00_04,0.0,0.0361915522023997,-8361.25,-18.43019999999999
2023-06-18 04:00:00,04_08,0.0,0.1272641854152529,-3859.0625,-35.97519999999999
2023-06-18 08:00:00,08_12,10255.0625,0.6083826097203029,10255.0625,-65.11019999999999
2023-06-18 12:00:00,12_16,15954.1875,0.743637980049113,15954.1875,-97.8602
2023-06-18 16:00:00,16_20,378.75,0.3925381345875855,378.75,-33.40519999999999
2023-06-18 20:00:00,20_24,0.0,0.1583902381011646,-9503.5,-1.942699999999988
2023-06-19 00:00:00,00_04,0.0,0.304113540575013,-143.4375,-42.68208
2023-06-19 04:00:00,04_08,0.0,0.3008292263661546,-5682.5,-25.129579999999997
2023-06-19 08:00:00,08_12,0.0,0.4229784189483971,-7556.5,-23.287079999999992
2023-06-19 12:00:00,12_16,0.0,0.5385097791735896,-717.125,-44.19457999999999
2023-06-19 16:00:00,16_20,0.0,0.3048327885873509,-12475.0,-6.814579999999992
2023-06-19 20:00:00,20_24,0.0,0.0810721290144884,-19843.1875,29.717920000000007
2023-06-20 00:00:00,00_04,0.0,0.1197444699635717,-7090.75,-27.20415999999998
2023-06-20 04:00:00,04_08,0.0,0.1458462765485353,-12745.0,-15.791659999999986
2023-06-20 08:00:00,08_12,0.0,0.4031333777502816,-6461.875,-12.214159999999982
2023-06-20 12:00:00,12_16,4038.5,0.5744965377009706,4038.5,-38.679159999999975
2023-06-20 16:00:00,16_20,0.0,0.3571943726001497,-6659.6875,-5.421659999999978
2023-06-20 20:00:00,20_24,0.0,0.185484522271207,-11699.0625,6.765840000000022
2023-06-21 00:00:00,00_04,0.0,0.1585508799662916,-6030.3125,-34.61615
2023-06-21 04:00:00,04_08,0.0,0.1727077955790197,-11262.75,-25.52115000000001
2023-06-21 08:00:00,08_12,0.0,0.421674589184801,-5479.3125,-23.501150000000003
2023-06-21 12:00:00,12_16,2658.8125,0.5483351852181956,2658.8125,-48.62115
2023-06-21 16:00:00,16_20,0.0,0.3037909431026467,-10112.625,-14.533650000000003
2023-06-21 20:00:00,20_24,0.0,0.0830935217634935,-17107.0,21.02135
2023-06-22 00:00:00,00_04,0.0,0.0976239435343167,-8384.5625,-22.126079999999995
2023-06-22 04:00:00,04_08,0.0,0.1413712033636235,-12568.375,-14.67357999999999
2023-06-22 08:00:00,08_12,0.0,0.3742471423037127,-8436.6875,-16.00107999999999
2023-06-22 12:00:00,12_16,0.0,0.4619807812138717,-2881.1875,-36.25607999999999
2023-06-22 16:00:00,16_20,0.0,0.3407701557188796,-8547.6875,-10.778579999999987
2023-06-22 20:00:00,20_24,0.0,0.3038383327242229,-5704.75,-3.6035799999999862
2023-06-23 00:00:00,00_04,6346.375,0.4381012626340376,6346.375,-39.121570000000006
2023-06-23 04:00:00,04_08,0.0,0.380187061536357,-277.6875,-27.256570000000004
2023-06-23 08:00:00,08_12,0.0,0.4344064554535629,-3654.125,-20.416570000000004
2023-06-23 12:00:00,12_16,5494.6875,0.5744372217375571,5494.6875,-49.85157
2023-06-23 16:00:00,16_20,0.0,0.414559291699522,-2109.375,-29.384070000000005
2023-06-23 20:00:00,20_24,0.0,0.1430574418936679,-12450.9375,-3.366570000000003
2023-06-24 00:00:00,00_04,0.0,0.1288380410222762,-3910.5,-20.24406999999998
2023-06-24 04:00:00,04_08,0.0,0.178456075108685,-1642.1875,-34.94906999999998
2023-06-24 08:00:00,08_12,10625.0625,0.5815614599156437,10625.0625,-64.08156999999999
2023-06-24 12:00:00,12_16,20311.5625,0.7769234720532613,20311.5625,-121.00656999999995
2023-06-24 16:00:00,16_20,0.0,0.4122290298362497,3451.375,-43.08156999999999
2023-06-24 20:00:00,20_24,0.0,0.0590154758826821,-9959.4375,7.425930000000022
2023-06-25 00:00:00,00_04,0.0,0.0506199354822148,-3232.25,-15.899069999999996
2023-06-25 04:00:00,04_08,891.0,0.1382768852132429,891.0,-35.06156999999999
2023-06-25 08:00:00,08_12,15556.0,0.6396096943948519,15556.0,-103.93907
2023-06-25 12:00:00,12_16,21368.0625,0.7831619540734083,21368.0625,-128.07657
2023-06-25 16:00:00,16_20,4104.5,0.4008419512555978,4104.5,-49.63406999999999
2023-06-25 20:00:00,20_24,0.0,0.1054794443775027,-8462.4375,17.36593000000001
2023-06-26 00:00:00,00_04,3732.75,0.2912432612185124,3732.75,-24.6184
2023-06-26 04:00:00,04_08,0.0,0.3227905442239116,-1402.5,-15.405899999999995
2023-06-26 08:00:00,08_12,5561.1875,0.5870782511052007,5561.1875,-29.6084
2023-06-26 12:00:00,12_16,19010.375,0.8026473912607707,19010.375,-68.1584
2023-06-26 16:00:00,16_20,11235.875,0.6602949954182815,11235.875,-39.26089999999999
2023-06-26 20:00:00,20_24,0.0,0.4070682066581987,76.6875,-4.920899999999996
2023-06-27 00:00:00,00_04,7161.5625,0.4053538133712155,7161.5625,-29.714309999999987
2023-06-27 04:00:00,04_08,0.0,0.3381165297563342,-784.5,-23.619309999999988
2023-06-27 08:00:00,08_12,5037.5625,0.5791803141511463,5037.5625,-30.411809999999992
2023-06-27 12:00:00,12_16,14243.625,0.7262200552252543,14243.625,-59.85180999999999
2023-06-27 16:00:00,16_20,0.0,0.518283484105409,3121.0,-22.94430999999999
2023-06-27 20:00:00,20_24,0.0,0.254809220890677,-7525.1875,-3.591809999999988
2023-06-28 00:00:00,00_04,1063.125,0.266913125517541,1063.125,-40.030139999999975
2023-06-28 04:00:00,04_08,0.0,0.2256412372410164,-6093.75,-23.252639999999975
2023-06-28 08:00:00,08_12,0.0,0.4467359558978969,-2256.0625,-19.79513999999997
2023-06-28 12:00:00,12_16,3158.8125,0.5393952781040755,3158.8125,-33.147639999999974
2023-06-28 16:00:00,16_20,0.0,0.3194516395914359,-7067.0,-8.34763999999998
2023-06-28 20:00:00,20_24,0.0,0.0611700257203713,-15281.8125,16.41236000000002
2023-06-29 00:00:00,00_04,0.0,0.0620966411795592,-6979.75,-25.384719999999973
2023-06-29 04:00:00,04_08,0.0,0.1041271526211308,-11282.875,-18.51471999999997
2023-06-29 08:00:00,08_12,0.0,0.4203240651500932,-2636.6875,-19.90221999999997
2023-06-29 12:00:00,12_16,2694.0625,0.5117018964327827,2694.0625,-33.54471999999997
2023-06-29 16:00:00,16_20,0.0,0.2676493544742232,-9115.0,-5.049719999999972
2023-06-29 20:00:00,20_24,0.0,0.0688055173949233,-14248.875,14.59278000000003
2023-06-30 00:00:00,00_04,0.0,0.1089205538032052,-7102.8125,-29.203209999999967
2023-06-30 04:00:00,04_08,0.0,0.1148651687639304,-12520.3125,-15.123209999999968
2023-06-30 08:00:00,08_12,0.0,0.2723982541927831,-11866.5,-14.298209999999967
2023-06-30 12:00:00,12_16,0.0,0.4350668924443109,-1624.0625,-39.75070999999997
2023-06-30 16:00:00,16_20,0.0,0.2921368195810744,-8496.25,-27.988209999999967
2023-06-30 20:00:00,20_24,0.0,0.0773344834486556,-14637.0625,-8.495709999999963
2023-07-01 00:00:00,00_04,1125.5625,0.2328743324714676,1125.5625,-31.800709999999988
2023-07-01 04:00:00,04_08,8366.5625,0.4181573690469713,8366.5625,-50.67570999999999
2023-07-01 08:00:00,08_12,17564.0625,0.7108966672522079,17564.0625,-84.49320999999999
2023-07-01 12:00:00,12_16,21786.4375,0.7996456527799054,21786.4375,-131.75070999999997
2023-07-01 16:00:00,16_20,11266.5625,0.5747265831716352,11266.5625,-80.72570999999999
2023-07-01 20:00:00,20_24,6612.125,0.4300507125251437,6612.125,-46.02071
2023-07-02 00:00:00,00_04,18568.375,0.6451969194922307,18568.375,-132.68321
2023-07-02 04:00:00,04_08,20096.8125,0.6799443575388331,20096.8125,-137.74821000000003
2023-07-02 08:00:00,08_12,31759.0,1.0505496211058862,34079.5625,-175.87321
2023-07-02 12:00:00,12_16,31759.0,1.256829671773782,44218.0,-471.06071
2023-07-02 16:00:00,16_20,31759.0,1.0130140530965897,32368.8125,-177.73321
2023-07-02 20:00:00,20_24,10936.1875,0.5403200437100566,10936.1875,-53.67071
2023-07-03 00:00:00,00_04,16340.25,0.5975123095647521,16340.25,-101.24861
2023-07-03 04:00:00,04_08,11880.0,0.5768776930373137,11880.0,-70.53860999999999
2023-07-03 08:00:00,08_12,18058.0,0.820066492323684,20853.5,-95.32111
2023-07-03 12:00:00,12_16,28300.3125,0.9442176980463746,28300.3125,-141.29110999999995
2023-07-03 16:00:00,16_20,16779.6875,0.74026124623536,16779.6875,-80.42111
2023-07-03 20:00:00,20_24,1241.5625,0.3937013251480112,1241.5625,-15.121109999999987
2023-07-04 00:00:00,00_04,17403.6875,0.6412724492680512,17403.6875,-55.26085
2023-07-04 04:00:00,04_08,11093.0,0.6025792460786188,12791.25,-35.84835
2023-07-04 08:00:00,08_12,18058.0,0.8058496585920989,19816.8125,-75.15084999999999
2023-07-04 12:00:00,12_16,25223.0625,0.895328597638425,25223.0625,-121.10835
2023-07-04 16:00:00,16_20,0.0,0.5397634285850448,5201.25,-22.76835
2023-07-04 20:00:00,20_24,0.0,0.1458562395211964,-11161.9375,20.33665000000001
2023-07-05 00:00:00,00_04,2463.375,0.2902224443132088,2463.375,-27.13803999999998
2023-07-05 04:00:00,04_08,12365.25,0.5937811733348693,12365.25,-55.11303999999998
2023-07-05 08:00:00,08_12,18058.0,0.866137736786646,23795.375,-58.11553999999998
2023-07-05 12:00:00,12_16,31759.0,1.0768013936274197,36404.6875,-136.93053999999998
2023-07-05 16:00:00,16_20,18058.0,0.8765242645660497,24738.625,-79.30803999999998
2023-07-05 20:00:00,20_24,4457.9375,0.4522100732740837,4457.9375,-11.878039999999976
2023-07-06 00:00:00,00_04,9900.125,0.4769751649117454,9900.125,-46.68774999999998
2023-07-06 04:00:00,04_08,236.1875,0.3458037871821046,236.1875,-27.10024999999997
2023-07-06 08:00:00,08_12,8108.625,0.5991364196373429,8108.625,-27.670249999999974
2023-07-06 12:00:00,12_16,13178.625,0.6938503554922105,13178.625,-52.75774999999997
2023-07-06 16:00:00,16_20,0.0,0.384127316205169,-2462.8125,-18.46774999999998
2023-07-06 20:00:00,20_24,0.0,0.0485951426206841,-15589.625,24.179750000000023
2023-07-07 00:00:00,00_04,0.0,0.0610422922003601,-4184.125,-23.77522
2023-07-07 04:00:00,04_08,0.0,0.1362603925602125,-8550.0,-12.347719999999995
2023-07-07 08:00:00,08_12,2588.1875,0.5111182105279697,2588.1875,-35.692719999999994
2023-07-07 12:00:00,12_16,10496.1875,0.6505445651850125,10496.1875,-58.47022
2023-07-07 16:00:00,16_20,0.0,0.3666648751298864,-3592.5,-17.947719999999993
2023-07-07 20:00:00,20_24,0.0,0.1960121065758322,-6359.875,6.274780000000003
2023-07-08 00:00:00,00_04,5543.125,0.3321583125555269,5543.125,-34.155219999999986
2023-07-08 04:00:00,04_08,6436.8125,0.3500850982600172,6436.8125,-39.61271999999998
2023-07-08 08:00:00,08_12,15734.125,0.6666995983204856,15734.125,-59.75771999999999
2023-07-08 12:00:00,12_16,24573.9375,0.8549311130684528,24573.9375,-99.35022
2023-07-08 16:00:00,16_20,7248.3125,0.4796508812223934,7248.3125,-33.36521999999999
2023-07-08 20:00:00,20_24,0.0,0.2776834551066394,1526.125,0.2997800000000161
2023-07-09 00:00:00,00_04,8691.5,0.345060537714739,8691.5,-24.58022000000001
2023-07-09 04:00:00,04_08,8468.125,0.320702094654084,8468.125,-32.04272
2023-07-09 08:00:00,08_12,19988.625,0.7267782712080304,19988.625,-58.28522000000001
2023-07-09 12:00:00,12_16,24885.6875,0.8493648484649249,24885.6875,-81.02022000000001
2023-07-09 16:00:00,16_20,7447.875,0.4572008679695513,7447.875,-31.015220000000014
2023-07-09 20:00:00,20_24,0.0,0.234682879481698,-371.5,2.7947799999999887
2023-07-10 00:00:00,00_04,2109.75,0.2092650345955298,2109.75,-27.0198
2023-07-10 04:00:00,04_08,0.0,0.1946038149684316,-5099.0,-13.977299999999993
2023-07-10 08:00:00,08_12,0.0,0.4545521199376467,-323.1875,-14.079799999999992
2023-07-10 12:00:00,12_16,13995.875,0.706620724111377,13995.875,-48.1798
2023-07-10 16:00:00,16_20,0.0,0.4864102322956832,2406.125,-12.012299999999993
2023-07-10 20:00:00,20_24,0.0,0.1072929227865451,-12936.5,35.9727
2023-07-11 00:00:00,00_04,0.0,0.0886363029171403,-5798.5,-11.05341
2023-07-11 04:00:00,04_08,0.0,0.2028478846358845,-6214.0625,-7.238410000000002
2023-07-11 08:00:00,08_12,8238.75,0.5896429707965665,8238.75,-22.34341
2023-07-11 12:00:00,12_16,18158.75,0.7632149106826708,18158.75,-68.03591
2023-07-11 16:00:00,16_20,0.0,0.4333584798390623,185.9375,-3.2784100000000045
2023-07-11 20:00:00,20_24,0.0,0.220183429231859,-6640.4375,12.196590000000004
2023-07-12 00:00:00,00_04,3960.6875,0.3400427790221361,3960.6875,-27.691579999999988
2023-07-12 04:00:00,04_08,1326.125,0.368585210627336,1326.125,-20.88157999999999
2023-07-12 08:00:00,08_12,0.0,0.6587897094601509,11532.0,-22.83907999999999
2023-07-12 12:00:00,12_16,24694.125,0.8718375184788186,24694.125,-99.29408
2023-07-12 16:00:00,16_20,0.0,0.555028310976864,6890.0625,-29.27407999999999
2023-07-12 20:00:00,20_24,0.0,0.1666691070779247,-10105.9375,16.535920000000004
2023-07-13 00:00:00,00_04,0.0,0.2219978708615972,-582.6875,-16.28196999999999
2023-07-13 04:00:00,04_08,0.0,0.2680255602629507,-3282.9375,-9.781969999999994
2023-07-13 08:00:00,08_12,0.0,0.5829904452721294,7722.5625,-13.904469999999993
2023-07-13 12:00:00,12_16,19242.625,0.7795812616283214,19242.625,-51.07697
2023-07-13 16:00:00,16_20,5098.9375,0.5237690339659755,5098.9375,-19.901969999999995
2023-07-13 20:00:00,20_24,0.0,0.1552898627701647,-10660.125,15.400530000000003
2023-07-14 00:00:00,00_04,0.0,0.1105987944783985,-4421.3125,-15.362069999999996
2023-07-14 04:00:00,04_08,0.0,0.1275703348771718,-9322.125,-6.257069999999999
2023-07-14 08:00:00,08_12,78.4375,0.4550596298547504,78.4375,-25.16207
2023-07-14 12:00:00,12_16,6627.25,0.5609581241018776,6627.25,-36.65207
2023-07-14 16:00:00,16_20,0.0,0.2947156811619722,-6474.5625,-1.9320699999999995
2023-07-14 20:00:00,20_24,0.0,0.1621375143254748,-8363.3125,-1.4245699999999992
2023-07-15 00:00:00,00_04,13899.5,0.5445108447984441,13899.5,-66.94957
2023-07-15 04:00:00,04_08,17994.0625,0.6422798502543285,17994.0625,-92.36707
2023-07-15 08:00:00,08_12,23174.0625,0.8097091185025926,23174.0625,-97.66957
2023-07-15 12:00:00,12_16,29299.1875,0.9349710499012684,29299.1875,-110.97957
2023-07-15 16:00:00,16_20,15298.1875,0.64337420574828,15298.1875,-67.09707
2023-07-15 20:00:00,20_24,8000.1875,0.4362062686918099,8000.1875,-28.95207000000001
2023-07-16 00:00:00,00_04,16480.625,0.5518112506429389,16480.625,-90.38456999999995
2023-07-16 04:00:00,04_08,20738.9375,0.6654188380604331,20738.9375,-111.12956999999996
2023-07-16 08:00:00,08_12,32492.0,1.0086017277010713,32872.0625,-124.26957
2023-07-16 12:00:00,12_16,32492.0,1.2147947083050583,42482.4375,-159.43956999999995
2023-07-16 16:00:00,16_20,18791.0,0.7978669909678477,23246.5625,-87.34706999999999
2023-07-16 20:00:00,20_24,0.0,0.2593406127125117,-236.8125,-1.6445699999999803
2023-07-17 00:00:00,00_04,4603.0,0.3112250060632732,4603.0,-12.178309999999987
2023-07-17 04:00:00,04_08,0.0,0.3499983472494926,679.625,-1.4833099999999888
2023-07-17 08:00:00,08_12,5792.0,0.6855940630331704,12631.625,-28.46330999999999
2023-07-17 12:00:00,12_16,25680.75,0.9048918574270916,25680.75,-108.68581
2023-07-17 16:00:00,16_20,12064.5,0.6594952420355813,12064.5,-31.85080999999999
2023-07-17 20:00:00,20_24,0.0,0.3242023504453554,-2680.375,9.024190000000011
2023-07-18 00:00:00,00_04,2025.3125,0.2841206749512671,2025.3125,-16.434489999999997
2023-07-18 04:00:00,04_08,0.0,0.2327190113398225,-5323.0625,-8.691989999999997
2023-07-18 08:00:00,08_12,3412.125,0.5317473510331885,3412.125,-18.00699
2023-07-18 12:00:00,12_16,8772.0625,0.6217674811132847,8772.0625,-24.12199
2023-07-18 16:00:00,16_20,0.0,0.3121789174295618,-7288.375,9.340510000000002
2023-07-18 20:00:00,20_24,0.0,0.0515835734203359,-15978.0625,41.50551
2023-07-19 00:00:00,00_04,0.0,0.0473226432069134,-6848.6875,-12.505779999999998
2023-07-19 04:00:00,04_08,0.0,0.0880311046765531,-11665.125,0.1767200000000031
2023-07-19 08:00:00,08_12,0.0,0.4025434890932115,-3891.125,-16.575779999999995
2023-07-19 12:00:00,12_16,7117.0625,0.593729580992825,7117.0625,-45.75827999999999
2023-07-19 16:00:00,16_20,0.0,0.4249969007898558,-1063.125,-24.68328
2023-07-19 20:00:00,20_24,0.0,0.1868314110423093,-7852.1875,3.3992200000000103
2023-07-20 00:00:00,00_04,0.0,0.1449013990823954,-3948.25,-25.115310000000008
2023-07-20 04:00:00,04_08,0.0,0.204269705702788,-6474.0,-18.295310000000004
2023-07-20 08:00:00,08_12,4009.0625,0.5208065723952838,4009.0625,-20.72281000000001
2023-07-20 12:00:00,12_16,14325.5625,0.7053542162647068,14325.5625,-41.99531
2023-07-20 16:00:00,16_20,0.0,0.4306945226892223,14.8125,-17.110310000000002
2023-07-20 20:00:00,20_24,0.0,0.0870334948728223,-13878.9375,13.65469
2023-07-21 00:00:00,00_04,0.0,0.0638085742771684,-6624.5,-19.279119999999992
2023-07-21 04:00:00,04_08,0.0,0.0877730839188035,-11256.375,0.9258800000000136
2023-07-21 08:00:00,08_12,0.0,0.3058969263832981,-9288.875,-13.111619999999984
2023-07-21 12:00:00,12_16,0.0,0.4352935857148855,-1380.125,-31.21161999999999
2023-07-21 16:00:00,16_20,0.0,0.3029324844472099,-6614.5,-13.98411999999999
2023-07-21 20:00:00,20_24,0.0,0.1330763293850806,-9874.4375,-1.3791199999999932
2023-07-22 00:00:00,00_04,3505.0625,0.2845783707602452,3505.0625,-24.389119999999995
2023-07-22 04:00:00,04_08,4854.875,0.3225090853055616,4854.875,-31.92411999999999
2023-07-22 08:00:00,08_12,14858.125,0.6567923324692472,14858.125,-55.006619999999984
2023-07-22 12:00:00,12_16,20913.1875,0.7910232625240763,20913.1875,-92.38662
2023-07-22 16:00:00,16_20,7201.0625,0.4920034137087356,7201.0625,-44.27161999999999
2023-07-22 20:00:00,20_24,0.0,0.1793055603010932,-3294.0,-12.526619999999994
2023-07-23 00:00:00,00_04,8457.1875,0.3802717663061532,8457.1875,-52.93161999999998
2023-07-23 04:00:00,04_08,16805.0625,0.6049753841696874,16805.0625,-111.14411999999996
2023-07-23 08:00:00,08_12,25361.5,0.8824611070139619,25361.5,-118.98161999999998
2023-07-23 12:00:00,12_16,30611.0,1.0202256136231769,31547.8125,-126.60912
2023-07-23 16:00:00,16_20,22856.0625,0.8290729806947892,22856.0625,-96.87662
2023-07-23 20:00:00,20_24,11225.625,0.5516134721527515,11225.625,-27.026619999999983
2023-07-24 00:00:00,00_04,13835.1875,0.5585464975716299,13835.1875,-47.93535
2023-07-24 04:00:00,04_08,3241.625,0.4042964764648748,3241.625,-26.03534999999999
2023-07-24 08:00:00,08_12,461.75,0.4831832163217028,461.75,-16.31534999999999
2023-07-24 12:00:00,12_16,9065.4375,0.6373506840524519,9065.4375,-42.15534999999999
2023-07-24 16:00:00,16_20,4982.5625,0.5430744956107606,4982.5625,-33.61784999999999
2023-07-24 20:00:00,20_24,0.0,0.3505737888096479,-446.875,-10.612849999999996
2023-07-25 00:00:00,00_04,5648.875,0.3459858747856901,5648.875,-34.49324999999999
2023-07-25 04:00:00,04_08,0.0,0.2452940613419753,-3884.25,-10.560749999999992
2023-07-25 08:00:00,08_12,0.0,0.3855747404658168,-5085.1875,-5.773249999999983
2023-07-25 12:00:00,12_16,2834.625,0.5308163644502251,2834.625,-31.863249999999987
2023-07-25 16:00:00,16_20,0.0,0.4331782687967538,-924.375,-18.620749999999983
2023-07-25 20:00:00,20_24,0.0,0.2801002719305495,-3688.9375,-12.215749999999986
2023-07-26 00:00:00,00_04,5632.25,0.3507544153768178,5632.25,-39.38446999999999
2023-07-26 04:00:00,04_08,0.0,0.2970457139751046,-1719.625,-31.894469999999995
2023-07-26 08:00:00,08_12,404.125,0.482881849560571,404.125,-25.22947
2023-07-26 12:00:00,12_16,10284.3125,0.6532258408468605,10284.3125,-50.48696999999999
2023-07-26 16:00:00,16_20,2441.0,0.4860755105950176,2441.0,-31.41197
2023-07-26 20:00:00,20_24,0.0,0.2294752882910604,-5541.875,-16.201969999999992
2023-07-27 00:00:00,00_04,5362.3125,0.3474642661579638,5362.3125,-42.17284999999998
2023-07-27 04:00:00,04_08,568.0625,0.3406729514976195,568.0625,-35.960349999999984
2023-07-27 08:00:00,08_12,0.0,0.421435344471364,-2642.4375,-26.420349999999985
2023-07-27 12:00:00,12_16,1441.4375,0.4929738585168133,1441.4375,-42.66534999999999
2023-07-27 16:00:00,16_20,0.0,0.3868249234846848,-2558.4375,-15.947849999999985
2023-07-27 20:00:00,20_24,0.0,0.3296310703328187,-948.0,-18.567849999999986
2023-07-28 00:00:00,00_04,5816.3125,0.3575070206749565,5816.3125,-36.140060000000005
2023-07-28 04:00:00,04_08,0.0,0.3085901046440732,-645.4375,-22.337560000000007
2023-07-28 08:00:00,08_12,0.0,0.4259628974775384,-1753.75,-14.177560000000009
2023-07-28 12:00:00,12_16,5927.0625,0.5608895105268308,5927.0625,-38.11506000000001
2023-07-28 16:00:00,16_20,0.0,0.3355229300091491,-4250.125,-17.45256000000001
2023-07-28 20:00:00,20_24,0.0,0.1337439794186661,-8405.875,-1.4275600000000068
2023-07-29 00:00:00,00_04,519.3125,0.1856487737876337,519.3125,-17.925059999999995
2023-07-29 04:00:00,04_08,3561.625,0.2666515163683026,3561.625,-24.12256
2023-07-29 08:00:00,08_12,8712.375,0.5261223195788944,8712.375,-34.83756
2023-07-29 12:00:00,12_16,17987.5,0.7408716075088401,17987.5,-77.27256
2023-07-29 16:00:00,16_20,9222.625,0.5344270499624643,9222.625,-41.61006
2023-07-29 20:00:00,20_24,1623.4375,0.2792681188813489,1623.4375,-13.330059999999992
2023-07-30 00:00:00,00_04,8806.125,0.3526082630621224,8806.125,-39.570059999999984
2023-07-30 04:00:00,04_08,11005.75,0.4300203630450641,11005.75,-63.91005999999998
2023-07-30 08:00:00,08_12,18512.3125,0.7378605110286334,18512.3125,-101.31256
2023-07-30 12:00:00,12_16,30159.5,0.9991982511184396,30159.5,-147.88255999999998
2023-07-30 16:00:00,16_20,22913.6875,0.8351846823147379,22913.6875,-93.40756
2023-07-30 20:00:00,20_24,9952.6875,0.5024790874991936,9952.6875,-28.310059999999982
2023-07-31 00:00:00,00_04,14654.3125,0.6196528185951918,14654.3125,-64.10708
2023-07-31 04:00:00,04_08,7339.875,0.526105067569032,7339.875,-49.59458
2023-07-31 08:00:00,08_12,5168.5,0.6058088445450525,5168.5,-31.63708
2023-07-31 12:00:00,12_16,13243.75,0.749401738018127,13243.75,-49.61207999999999
2023-07-31 16:00:00,16_20,5616.0625,0.5922139584492141,5616.0625,-27.70958
2023-07-31 20:00:00,20_24,3374.5,0.4700911628612196,3374.5,-15.062079999999998
2023-08-01 00:00:00,00_04,12539.125,0.5904853992130832,12539.125,-51.23744999999998
2023-08-01 04:00:00,04_08,5835.5,0.5056122341508625,5835.5,-34.76994999999999
2023-08-01 08:00:00,08_12,0.0,0.5045594959403074,-969.8125,-18.859949999999987
2023-08-01 12:00:00,12_16,9646.125,0.6881313875338695,9646.125,-45.02244999999999
2023-08-01 16:00:00,16_20,6740.125,0.6123018051437064,6740.125,-35.842449999999985
2023-08-01 20:00:00,20_24,0.0,0.3947103093885715,-114.375,-7.629949999999987
2023-08-02 00:00:00,00_04,6741.1875,0.4656498820698716,6741.1875,-36.014279999999985
2023-08-02 04:00:00,04_08,0.0,0.3631635208433577,-1278.4375,-18.67677999999999
2023-08-02 08:00:00,08_12,0.0,0.4915331351809109,-868.5625,-29.08677999999999
2023-08-02 12:00:00,12_16,8094.5625,0.6627800728002476,8094.5625,-79.11178
2023-08-02 16:00:00,16_20,5749.375,0.5968209642056175,5749.375,-53.19427999999999
2023-08-02 20:00:00,20_24,6274.0625,0.5452677608879587,6274.0625,-45.68927999999999
2023-08-03 00:00:00,00_04,18368.5,0.7550310398344542,18368.5,-104.44419999999998
2023-08-03 04:00:00,04_08,13393.9375,0.687094603650818,13393.9375,-78.48169999999999
2023-08-03 08:00:00,08_12,17702.9375,0.8265542282065816,17702.9375,-61.85919999999999
2023-08-03 12:00:00,12_16,25150.6875,0.954716198489452,25150.6875,-93.22919999999998
2023-08-03 16:00:00,16_20,14887.0625,0.7602239580500978,14887.0625,-53.57919999999999
2023-08-03 20:00:00,20_24,3532.8125,0.4771197276551804,3532.8125,-20.37919999999999
2023-08-04 00:00:00,00_04,3497.625,0.3821701823212045,3497.625,-34.914639999999984
2023-08-04 04:00:00,04_08,0.0,0.2450239798340235,-6753.8125,-17.60713999999998
2023-08-04 08:00:00,08_12,0.0,0.3970185088564834,-6253.875,-15.559639999999984
2023-08-04 12:00:00,12_16,885.9375,0.5288420358004405,885.9375,-37.79213999999998
2023-08-04 16:00:00,16_20,0.0,0.3491428530560966,-6288.125,-14.39213999999998
2023-08-04 20:00:00,20_24,0.0,0.1283621978119669,-11380.125,1.1053600000000152
2023-08-05 00:00:00,00_04,0.0,0.121581311769991,-4241.125,-20.697139999999987
2023-08-05 04:00:00,04_08,0.0,0.1095995464157017,-4452.875,-23.402139999999985
2023-08-05 08:00:00,08_12,0.0,0.3770168928706737,-114.875,-31.162139999999987
2023-08-05 12:00:00,12_16,6762.625,0.5387931447140417,6762.625,-53.57713999999999
2023-08-05 16:00:00,16_20,0.0,0.2794468816063803,-3071.0625,-13.127139999999986
2023-08-05 20:00:00,20_24,0.0,0.1491968562705692,-5219.0625,-9.369639999999984
2023-08-06 00:00:00,00_04,2465.6875,0.2195834650234327,2465.6875,-31.61964
2023-08-06 04:00:00,04_08,2375.8125,0.2012627990397507,2375.8125,-39.76214
2023-08-06 08:00:00,08_12,1434.625,0.3698201578976658,1434.625,-60.07713999999999
2023-08-06 12:00:00,12_16,4982.5625,0.4964046281028504,4982.5625,-98.69464
2023-08-06 16:00:00,16_20,3966.875,0.4489589703270144,3966.875,-69.97713999999999
2023-08-06 20:00:00,20_24,7493.8125,0.4873001165389832,7493.8125,-45.13964
2023-08-07 00:00:00,00_04,18418.0625,0.7395430688708844,18418.0625,-80.00241999999999
2023-08-07 04:00:00,04_08,16401.625,0.7418905733295854,16401.625,-79.13492
2023-08-07 08:00:00,08_12,17571.6875,0.8235070124702439,17571.6875,-86.09241999999998
2023-08-07 12:00:00,12_16,25138.9375,0.9615120044474535,25138.9375,-118.73491999999996
2023-08-07 16:00:00,16_20,20580.5,0.875265371428046,20580.5,-112.58241999999998
2023-08-07 20:00:00,20_24,12709.6875,0.6910547357823746,12709.6875,-96.56991999999995
2023-08-08 00:00:00,00_04,21276.25,0.8346258670900585,21276.25,-123.38926
2023-08-08 04:00:00,04_08,15968.9375,0.7424339395788917,15968.9375,-115.63676
2023-08-08 08:00:00,08_12,22424.1875,0.9127298790912184,22424.1875,-123.46676
2023-08-08 12:00:00,12_16,27363.0,1.003298855159674,27556.3125,-136.20426
2023-08-08 16:00:00,16_20,14609.1875,0.7664802500203124,14609.1875,-98.04676
2023-08-08 20:00:00,20_24,5554.5,0.5384169692640435,5554.5,-37.60426
2023-08-09 00:00:00,00_04,10872.9375,0.5709232660708013,10872.9375,-47.36932000000001
2023-08-09 04:00:00,04_08,2293.3125,0.4445290721586668,2293.3125,-29.36182000000001
2023-08-09 08:00:00,08_12,1691.4375,0.54548271264088,1691.4375,-25.66682000000001
2023-08-09 12:00:00,12_16,10124.0,0.7092485287126354,10124.0,-63.93432000000001
2023-08-09 16:00:00,16_20,535.0625,0.5055065698677732,535.0625,-26.32932000000001
2023-08-09 20:00:00,20_24,0.0,0.2054621814563467,-9267.875,3.688179999999992
2023-08-10 00:00:00,00_04,0.0,0.1592566643312314,-4320.5,-47.64443
2023-08-10 04:00:00,04_08,0.0,0.1478075447695743,-10837.625,-9.816929999999992
2023-08-10 08:00:00,08_12,0.0,0.4980534871711121,-1251.125,-47.90693
2023-08-10 12:00:00,12_16,10255.5,0.7048389769169726,10255.5,-82.83943
2023-08-10 16:00:00,16_20,0.0,0.3598629445593682,-6589.75,-24.98443
2023-08-10 20:00:00,20_24,0.0,0.0587052778665291,-15723.625,4.275570000000009
2023-08-11 00:00:00,00_04,0.0,0.0796645771219507,-7818.25,-28.67693000000001
2023-08-11 04:00:00,04_08,0.0,0.1334141325724738,-11431.625,-10.314430000000009
2023-08-11 08:00:00,08_12,2526.4375,0.5462920360904193,2526.4375,-40.864430000000006
2023-08-11 12:00:00,12_16,14576.3125,0.7671741710812546,14576.3125,-93.77443
2023-08-11 16:00:00,16_20,0.0,0.361862347680062,-5240.1875,-25.194430000000004
2023-08-11 20:00:00,20_24,0.0,0.0999099375501034,-12609.875,-3.9019300000000072
2023-08-12 00:00:00,00_04,0.0,0.1859523081626413,-2776.9375,-28.624429999999972
2023-08-12 04:00:00,04_08,0.0,0.2374186106769418,-1332.25,-30.38442999999998
2023-08-12 08:00:00,08_12,3951.125,0.4956738624212257,3951.125,-44.87692999999997
2023-08-12 12:00:00,12_16,12170.5,0.6782748147443532,12170.5,-105.19692999999998
2023-08-12 16:00:00,16_20,2781.25,0.4540638513305624,2781.25,-55.71692999999998
2023-08-12 20:00:00,20_24,0.0,0.2166265590839742,-3949.8125,-19.17692999999998
2023-08-13 00:00:00,00_04,2521.5,0.2674879545475644,2521.5,-46.98692999999999
2023-08-13 04:00:00,04_08,3256.8125,0.2918789614483776,3256.8125,-53.91442999999998
2023-08-13 08:00:00,08_12,9863.375,0.5972384557681908,9863.375,-86.89192999999997
2023-08-13 12:00:00,12_16,15176.5,0.7389302993927316,15176.5,-123.98942999999996
2023-08-13 16:00:00,16_20,0.0,0.3408456980407309,-2035.625,-53.41442999999998
2023-08-13 20:00:00,20_24,0.0,0.0585579102930139,-10844.375,-10.211929999999978
2023-08-14 00:00:00,00_04,0.0,0.0882022502206539,-4523.125,-39.45358999999999
2023-08-14 04:00:00,04_08,0.0,0.0952072267691912,-11989.875,-9.868589999999989
2023-08-14 08:00:00,08_12,0.0,0.4334870810597763,-4532.375,-35.35358999999999
2023-08-14 12:00:00,12_16,1153.8125,0.5597541661292267,1153.8125,-60.87608999999999
2023-08-14 16:00:00,16_20,0.0,0.2764405109250931,-12328.75,-8.11858999999999
2023-08-14 20:00:00,20_24,0.0,0.1336510790882733,-13048.9375,-3.586089999999988
2023-08-15 00:00:00,00_04,0.0,0.1896251278359497,-5606.4375,-34.28565999999999
2023-08-15 04:00:00,04_08,0.0,0.1866642400346459,-11086.3125,-20.613159999999997
2023-08-15 08:00:00,08_12,0.0,0.4453370836272142,-5309.375,-35.57065999999999
2023-08-15 12:00:00,12_16,3044.625,0.5963898237765746,3044.625,-87.20065999999997
2023-08-15 16:00:00,16_20,0.0,0.316723829605509,-11220.4375,-27.625659999999996
2023-08-15 20:00:00,20_24,0.0,0.1096408750505747,-16558.0,-0.6331599999999931
2023-08-16 00:00:00,00_04,0.0,0.0761081612238704,-8784.125,-37.91795
2023-08-16 04:00:00,04_08,0.0,0.0628723986856517,-15600.875,-20.54295
2023-08-16 08:00:00,08_12,0.0,0.3480105578146449,-10460.1875,-27.73294999999999
2023-08-16 12:00:00,12_16,0.0,0.5081424890075595,-1534.75,-45.57045
2023-08-16 16:00:00,16_20,0.0,0.2624422089538368,-12504.375,-12.112949999999998
2023-08-16 20:00:00,20_24,0.0,0.132639669658006,-12599.5,-6.937949999999997
2023-08-17 00:00:00,00_04,0.0,0.1900576734338299,-4954.5,-36.75276
2023-08-17 04:00:00,04_08,0.0,0.1849658499017044,-10522.1875,-18.67526
2023-08-17 08:00:00,08_12,0.0,0.3801140579388333,-8589.0,-23.94276
2023-08-17 12:00:00,12_16,0.0,0.5040123921602375,-1638.5,-44.42276
2023-08-17 16:00:00,16_20,0.0,0.3271448785463655,-8812.0625,-11.840260000000004
2023-08-17 20:00:00,20_24,0.0,0.227287399435326,-8280.25,-11.232760000000004
2023-08-18 00:00:00,00_04,0.0,0.1959875269908632,-6283.4375,-30.65486
2023-08-18 04:00:00,04_08,0.0,0.1894555646341741,-11763.25,-16.459860000000006
2023-08-18 08:00:00,08_12,0.0,0.4667739111402932,-4458.875,-29.867360000000005
2023-08-18 12:00:00,12_16,6672.9375,0.6587263213670684,6672.9375,-47.80236000000001
2023-08-18 16:00:00,16_20,0.0,0.3494888215597093,-8706.4375,-10.169860000000003
2023-08-18 20:00:00,20_24,0.0,0.2384227313977028,-9461.5625,-11.609859999999998
2023-08-19 00:00:00,00_04,1093.375,0.3382315281559155,1093.375,-35.85735999999997
2023-08-19 04:00:00,04_08,678.9375,0.3338964452241663,678.9375,-36.159859999999966
2023-08-19 08:00:00,08_12,9576.0,0.6584323646336019,9576.0,-63.23235999999997
2023-08-19 12:00:00,12_16,12508.0625,0.7355785442155645,12508.0625,-112.15985999999997
2023-08-19 16:00:00,16_20,0.0,0.3682083045464526,-3848.5625,-26.51735999999997
2023-08-19 20:00:00,20_24,0.0,0.1396581591586888,-9028.9375,-7.144859999999973
2023-08-20 00:00:00,00_04,0.0,0.1067805349057399,-5449.75,-24.33485999999999
2023-08-20 04:00:00,04_08,0.0,0.1291017138919989,-4114.0,-30.019859999999987
2023-08-20 08:00:00,08_12,6972.0,0.5804634085534914,6972.0,-57.29735999999998
2023-08-20 12:00:00,12_16,16019.75,0.8128385172416707,16019.75,-112.99486
2023-08-20 16:00:00,16_20,0.0,0.3598345331870527,-3645.75,-29.307359999999985
2023-08-20 20:00:00,20_24,0.0,0.0677670131896442,-14211.8125,-3.4773599999999902
2023-08-21 00:00:00,00_04,0.0,0.0592778941647747,-9273.625,-32.90316999999999
2023-08-21 04:00:00,04_08,0.0,0.0659479341995368,-16905.6875,-8.828169999999982
2023-08-21 08:00:00,08_12,0.0,0.4270800176159974,-8583.9375,-21.45066999999998
2023-08-21 12:00:00,12_16,1665.9375,0.6130746190074128,1665.9375,-41.43566999999999
2023-08-21 16:00:00,16_20,0.0,0.2737931267681834,-16004.625,2.291830000000015
2023-08-21 20:00:00,20_24,0.0,0.0471269493508088,-21810.6875,20.44933000000001
2023-08-22 00:00:00,00_04,0.0,0.0695433819916681,-6973.25,-39.10404000000001
2023-08-22 04:00:00,04_08,0.0,0.0886985098488855,-12960.0625,-18.986540000000005
2023-08-22 08:00:00,08_12,0.0,0.4171007010077662,-4365.375,-31.79904000000001
2023-08-22 12:00:00,12_16,7302.75,0.6225641946911928,7302.75,-51.594040000000014
2023-08-22 16:00:00,16_20,0.0,0.310250187259096,-8506.9375,-8.806540000000002
2023-08-22 20:00:00,20_24,0.0,0.0653477500065292,-15370.625,16.013459999999995
2023-08-23 00:00:00,00_04,0.0,0.0518219431980579,-7420.25,-38.19561
2023-08-23 04:00:00,04_08,0.0,0.0628259081507981,-13445.8125,-19.300609999999992
2023-08-23 08:00:00,08_12,0.0,0.4206463547705108,-3416.25,-20.02811
2023-08-23 12:00:00,12_16,8764.0625,0.6278175190893454,8764.0625,-50.56061
2023-08-23 16:00:00,16_20,0.0,0.2933565940052957,-8549.375,39.31939
2023-08-23 20:00:00,20_24,0.0,0.0470343609878493,-15581.8125,59.64689
2023-08-24 00:00:00,00_04,0.0,0.0317174978503212,-8053.875,-16.237689999999983
2023-08-24 04:00:00,04_08,0.0,0.0551428735548151,-13664.5625,8.044810000000023
2023-08-24 08:00:00,08_12,0.0,0.4011943345399444,-3996.0625,-9.57518999999998
2023-08-24 12:00:00,12_16,4172.5,0.5398466785424489,4172.5,-28.11518999999998
2023-08-24 16:00:00,16_20,0.0,0.2466916973409653,-10601.1875,50.54731000000002
2023-08-24 20:00:00,20_24,0.0,0.1891749000429567,-8304.25,42.48481000000002
2023-08-25 00:00:00,00_04,854.1875,0.2569706297681647,854.1875,-28.884730000000005
2023-08-25 04:00:00,04_08,0.0,0.2083445856473962,-6355.6875,-12.407230000000002
2023-08-25 08:00:00,08_12,0.0,0.3733488970232867,-5707.4375,-3.2497300000000067
2023-08-25 12:00:00,12_16,2743.75,0.5053150583846642,2743.75,-29.482230000000005
2023-08-25 16:00:00,16_20,0.0,0.2501611104509264,-9445.0625,4.342769999999991
2023-08-25 20:00:00,20_24,0.0,0.1053780522445372,-10948.25,4.152769999999997
2023-08-26 00:00:00,00_04,2517.125,0.2313088284903526,2517.125,-27.982230000000005
2023-08-26 04:00:00,04_08,3112.8125,0.2574359961250297,3112.8125,-36.55723
2023-08-26 08:00:00,08_12,10844.6875,0.5636937060213572,10844.6875,-42.73223
2023-08-26 12:00:00,12_16,20075.0625,0.7644582587336105,20075.0625,-68.56723
2023-08-26 16:00:00,16_20,1089.9375,0.3409538095624206,1089.9375,-29.47723
2023-08-26 20:00:00,20_24,0.0,0.0715379769413514,-6656.8125,-6.629729999999999
2023-08-27 00:00:00,00_04,0.0,0.0758505480473263,-273.9375,-33.27973
2023-08-27 04:00:00,04_08,1145.6875,0.1125588161835885,1145.6875,-33.50473000000001
2023-08-27 08:00:00,08_12,1857.0625,0.3044775245967594,1857.0625,-37.62223
2023-08-27 12:00:00,12_16,3611.125,0.3715182457550205,3611.125,-42.23473
2023-08-27 16:00:00,16_20,0.0,0.2252191484312639,-2099.3125,-18.927230000000005
2023-08-27 20:00:00,20_24,0.0,0.1384910033874338,-4528.25,-13.129730000000006
2023-08-28 00:00:00,00_04,6749.5625,0.3108568671888828,6749.5625,-46.46139
2023-08-28 04:00:00,04_08,0.0,0.2218155329204085,-3616.4375,-25.76389
2023-08-28 08:00:00,08_12,0.0,0.2583428220602956,-11541.1875,-7.921389999999999
2023-08-28 12:00:00,12_16,0.0,0.2913741303900353,-9956.9375,-27.46139
2023-08-28 16:00:00,16_20,0.0,0.1460517239429611,-15627.1875,17.773610000000005
2023-08-28 20:00:00,20_24,0.0,0.0756691104003211,-13330.875,1.863610000000001
2023-08-29 00:00:00,00_04,0.0,0.0855216508021125,-1058.875,-37.75783999999998
2023-08-29 04:00:00,04_08,0.0,0.0793479708359689,-9088.4375,-19.567839999999983
2023-08-29 08:00:00,08_12,0.0,0.169582771122753,-16766.3125,6.799660000000021
2023-08-29 12:00:00,12_16,0.0,0.2402479253892511,-12417.75,-29.835339999999984
2023-08-29 16:00:00,16_20,0.0,0.1292948942494414,-15612.3125,10.302160000000017
2023-08-29 20:00:00,20_24,0.0,0.055779121315827,-13494.125,-4.275339999999982
2023-08-30 00:00:00,00_04,0.0,0.0582255490467032,-4142.6875,-39.31393
2023-08-30 04:00:00,04_08,0.0,0.0998368188716051,-9081.9375,-20.03392999999999
2023-08-30 08:00:00,08_12,0.0,0.369571719138163,-2446.375,-18.176429999999996
2023-08-30 12:00:00,12_16,5651.8125,0.5122299504573254,5651.8125,-40.70893
2023-08-30 16:00:00,16_20,0.0,0.2429485067629366,-7819.4375,-6.726430000000001
2023-08-30 20:00:00,20_24,0.0,0.1323296767344559,-8427.75,-5.833929999999992
2023-08-31 00:00:00,00_04,4126.625,0.2616025678546738,4126.625,-42.323209999999975
2023-08-31 04:00:00,04_08,0.0,0.2503499788477989,-1809.5,-28.195709999999977
2023-08-31 08:00:00,08_12,2671.1875,0.4828637851105884,2671.1875,-27.220709999999976
2023-08-31 12:00:00,12_16,14463.3125,0.6778830583746173,14463.3125,-47.05820999999997
2023-08-31 16:00:00,16_20,0.0,0.3904773931964457,-788.4375,-20.81820999999997
2023-08-31 20:00:00,20_24,0.0,0.2355489689258978,-3743.8125,-18.008209999999973
2023-09-01 00:00:00,00_04,4367.5,0.2736504828166238,4367.5,-33.02696999999998
2023-09-01 04:00:00,04_08,0.0,0.2077172992121256,-3813.75,-20.39696999999998
2023-09-01 08:00:00,08_12,0.0,0.3160529261255609,-6496.375,-18.466969999999986
2023-09-01 12:00:00,12_16,390.0625,0.4269948798311052,390.0625,-37.79196999999998
2023-09-01 16:00:00,16_20,0.0,0.2021813196600622,-10929.375,-7.62196999999998
2023-09-01 20:00:00,20_24,0.0,0.058785350757078,-11293.75,-1.2719699999999785
2023-09-02 00:00:00,00_04,0.0,0.0507367516255599,-3006.9375,-26.399470000000008
2023-09-02 04:00:00,04_08,0.0,0.0519510051863294,-3180.5625,-28.236970000000007
2023-09-02 08:00:00,08_12,6397.75,0.4127254195939207,6397.75,-36.79697000000001
2023-09-02 12:00:00,12_16,16935.4375,0.6433759129555924,16935.4375,-61.979470000000006
2023-09-02 16:00:00,16_20,823.75,0.2699504592982249,823.75,-26.601970000000005
2023-09-02 20:00:00,20_24,0.0,0.064246880145356,-4103.8125,-16.67197000000001
2023-09-03 00:00:00,00_04,3306.75,0.0889249194059774,3306.75,-25.58197000000001
2023-09-03 04:00:00,04_08,4798.1875,0.1322038349407403,4798.1875,-30.051970000000004
2023-09-03 08:00:00,08_12,13303.875,0.5076532418165869,13303.875,-59.03697
2023-09-03 12:00:00,12_16,22820.75,0.7561372248121777,22820.75,-114.71697
2023-09-03 16:00:00,16_20,3870.5,0.3149102781791119,3870.5,-32.22697000000001
2023-09-03 20:00:00,20_24,0.0,0.0909892947442035,-3664.5,-10.82697000000001
2023-09-04 00:00:00,00_04,3832.0,0.1354293311328107,3832.0,-31.600689999999982
2023-09-04 04:00:00,04_08,0.0,0.1338936129844593,-4361.6875,-10.060689999999983
2023-09-04 08:00:00,08_12,0.0,0.504785652163275,5469.625,-23.56068999999999
2023-09-04 12:00:00,12_16,16573.1875,0.7051486304841234,16573.1875,-51.46818999999998
2023-09-04 16:00:00,16_20,0.0,0.3008031075926115,-4882.875,7.199310000000015
2023-09-04 20:00:00,20_24,0.0,0.1926580100407244,-5879.1875,-2.545689999999979
2023-09-05 00:00:00,00_04,6813.75,0.3044691407872082,6813.75,-32.72165999999999
2023-09-05 04:00:00,04_08,0.0,0.2303050366516907,-2303.0,-16.666659999999993
2023-09-05 08:00:00,08_12,6256.5625,0.5267957915919331,6256.5625,-28.531659999999995
2023-09-05 12:00:00,12_16,15366.875,0.6882013497212532,15366.875,-47.20916
2023-09-05 16:00:00,16_20,0.0,0.2839763029832851,-6041.9375,1.4558400000000091
2023-09-05 20:00:00,20_24,0.0,0.1711945250933222,-7165.5625,-4.949159999999992
2023-09-06 00:00:00,00_04,52.125,0.1728745776521424,52.125,-36.03694999999999
2023-09-06 04:00:00,04_08,0.0,0.1090215425094556,-9029.4375,-10.261949999999988
2023-09-06 08:00:00,08_12,3183.125,0.4812895475086818,3183.125,-28.38444999999999
2023-09-06 12:00:00,12_16,15390.8125,0.6921070814157029,15390.8125,-48.65694999999998
2023-09-06 16:00:00,16_20,0.0,0.3146213520502401,-4387.1875,7.940550000000016
2023-09-06 20:00:00,20_24,0.0,0.2632948528084725,-2673.4375,-2.7044499999999942
2023-09-07 00:00:00,00_04,5582.8125,0.3104471856335842,5582.8125,-32.640349999999984
2023-09-07 04:00:00,04_08,0.0,0.2462988276115872,-2541.375,-16.122849999999982
2023-09-07 08:00:00,08_12,0.0,0.5560505600211252,7240.25,-22.71034999999998
2023-09-07 12:00:00,12_16,19308.375,0.7622501954253476,19308.375,-49.882849999999976
2023-09-07 16:00:00,16_20,0.0,0.4456331639220385,2532.4375,0.4496500000000196
2023-09-07 20:00:00,20_24,0.0,0.3981315393255132,3792.8125,-8.840349999999983
2023-09-08 00:00:00,00_04,8150.1875,0.3772425897035881,8150.1875,-40.98741
2023-09-08 04:00:00,04_08,0.0,0.2463334858308749,-2531.625,-16.657410000000002
2023-09-08 08:00:00,08_12,4641.25,0.5102395695033545,4641.25,-24.79991
2023-09-08 12:00:00,12_16,14988.4375,0.6832072335874791,14988.4375,-48.85991
2023-09-08 16:00:00,16_20,0.0,0.2720327440419809,-6185.125,25.97009
2023-09-08 20:00:00,20_24,0.0,0.1362415113499333,-7530.0,13.322590000000009
2023-09-09 00:00:00,00_04,1195.8125,0.1389582697729932,1195.8125,-28.13240999999998
2023-09-09 04:00:00,04_08,0.0,0.1005611779783059,-739.8125,-27.53990999999998
2023-09-09 08:00:00,08_12,12818.9375,0.5566906124436868,12818.9375,-47.50740999999998
2023-09-09 12:00:00,12_16,23555.125,0.7908237333526541,23555.125,-106.55490999999998
2023-09-09 16:00:00,16_20,0.0,0.2770895574724735,1086.5625,-17.03740999999998
2023-09-09 20:00:00,20_24,0.0,0.0455696556090385,-5143.1875,-4.464909999999982
2023-09-10 00:00:00,00_04,1906.5625,0.04417929761463,1906.5625,-27.59740999999997
2023-09-10 04:00:00,04_08,2262.625,0.0462891120141967,2262.625,-33.214909999999975
2023-09-10 08:00:00,08_12,15416.6875,0.5687410881970801,15416.6875,-67.12490999999997
2023-09-10 12:00:00,12_16,24049.3125,0.7908511233652626,24049.3125,-122.58740999999996
2023-09-10 16:00:00,16_20,0.0,0.2663178275503796,1610.625,-18.489909999999977
2023-09-10 20:00:00,20_24,0.0,0.0537373780624876,-5374.8125,-6.682409999999972
2023-09-11 00:00:00,00_04,1978.25,0.1137982927868742,1978.25,-34.93897
2023-09-11 04:00:00,04_08,0.0,0.1182317708842822,-6137.3125,-1.608969999999989
2023-09-11 08:00:00,08_12,0.0,0.4554647659413861,1919.0,-24.361469999999997
2023-09-11 12:00:00,12_16,10891.4375,0.6156688578154547,10891.4375,-43.89146999999999
2023-09-11 16:00:00,16_20,0.0,0.2178946225909519,-9935.6875,123.21853
2023-09-11 20:00:00,20_24,0.0,0.0442464384544429,-13327.4375,101.94853
2023-09-12 00:00:00,00_04,0.0,0.0530334468875812,-4922.9375,-30.036689999999997
2023-09-12 04:00:00,04_08,0.0,0.0568594408472201,-11964.4375,15.478310000000008
2023-09-12 08:00:00,08_12,0.0,0.3470288522932281,-4795.5,-14.756689999999995
2023-09-12 12:00:00,12_16,4204.8125,0.5029114747236154,4204.8125,-39.02918999999999
2023-09-12 16:00:00,16_20,0.0,0.2016151855745128,-11132.3125,45.245810000000006
2023-09-12 20:00:00,20_24,0.0,0.1546300398759415,-8080.75,-2.8966899999999924
2023-09-13 00:00:00,00_04,0.0,0.2056920187515712,-270.9375,-35.01401999999999
2023-09-13 04:00:00,04_08,0.0,0.2175285719327078,-5503.5625,-20.541519999999995
2023-09-13 08:00:00,08_12,0.0,0.3619538039382483,-5328.875,-18.83152
2023-09-13 12:00:00,12_16,3066.875,0.5001467378724248,3066.875,-40.97652
2023-09-13 16:00:00,16_20,0.0,0.327334341195893,-5383.4375,-14.784019999999996
2023-09-13 20:00:00,20_24,0.0,0.1846963447589247,-7902.625,-17.27152
2023-09-14 00:00:00,00_04,0.0,0.1125520047581451,-3723.5,-38.21281999999999
2023-09-14 04:00:00,04_08,0.0,0.0568412868896632,-13406.75,-3.967819999999982
2023-09-14 08:00:00,08_12,0.0,0.3068611231951823,-8625.375,-20.267819999999983
2023-09-14 12:00:00,12_16,3344.25,0.502105224884558,3344.25,-46.13031999999998
2023-09-14 16:00:00,16_20,0.0,0.1894234425606126,-13063.75,19.119680000000017
2023-09-14 20:00:00,20_24,0.0,0.0679364306126039,-14056.0625,-2.6553199999999784
2023-09-15 00:00:00,00_04,0.0,0.1338247458912109,-1022.5,-35.649919999999995
2023-09-15 04:00:00,04_08,0.0,0.1391839896542231,-7766.3125,-11.599919999999994
2023-09-15 08:00:00,08_12,505.125,0.4397981426551254,505.125,-30.51242
2023-09-15 12:00:00,12_16,11832.5,0.6210401766377552,11832.5,-59.25242
2023-09-15 16:00:00,16_20,0.0,0.2520265935401088,-6917.625,4.652580000000011
2023-09-15 20:00:00,20_24,0.0,0.2359053173602354,-2103.625,-20.332419999999992
2023-09-16 00:00:00,00_04,7355.0625,0.3155712545366061,7355.0625,-40.44741999999998
2023-09-16 04:00:00,04_08,3418.0625,0.2364068901577356,3418.0625,-33.577419999999975
2023-09-16 08:00:00,08_12,10498.875,0.5140970041628737,10498.875,-49.92491999999997
2023-09-16 12:00:00,12_16,18399.75,0.6773485273483365,18399.75,-85.08741999999998
2023-09-16 16:00:00,16_20,0.0,0.2112010253475514,-3135.9375,-6.432419999999972
2023-09-16 20:00:00,20_24,0.0,0.071466850238978,-5707.25,-17.522419999999972
2023-09-17 00:00:00,00_04,1094.875,0.0807067887275619,1094.875,-28.819920000000007
2023-09-17 04:00:00,04_08,2397.0625,0.1153725325478911,2397.0625,-32.927420000000005
2023-09-17 08:00:00,08_12,12346.625,0.5042308268996285,12346.625,-61.82242000000001
2023-09-17 12:00:00,12_16,22402.1875,0.7398236646197125,22402.1875,-116.64492
2023-09-17 16:00:00,16_20,0.0,0.3343983297481969,4005.5625,-15.96742
2023-09-17 20:00:00,20_24,5861.0,0.3492584437705122,5861.0,-20.429920000000003
2023-09-18 00:00:00,00_04,11589.75,0.4151413289632435,11589.75,-45.20159
2023-09-18 04:00:00,04_08,0.0,0.4209258202307513,6477.9375,-24.45159
2023-09-18 08:00:00,08_12,8751.4375,0.5776413653890945,8751.4375,-32.59658999999999
2023-09-18 12:00:00,12_16,13618.375,0.6615715174632985,13618.375,-82.75408999999999
2023-09-18 16:00:00,16_20,0.0,0.4258302375688578,1041.375,-5.526589999999992
2023-09-18 20:00:00,20_24,5497.6875,0.4354746087566843,5497.6875,-32.64909
2023-09-19 00:00:00,00_04,24996.6875,0.7650794305494303,24996.6875,-130.29165999999998
2023-09-19 04:00:00,04_08,15904.125,0.6168981073670831,15904.125,-86.68165999999997
2023-09-19 08:00:00,08_12,16063.1875,0.7015003907908746,16063.1875,-79.56165999999997
2023-09-19 12:00:00,12_16,26968.75,0.8807297946250008,26968.75,-134.89915999999997
2023-09-19 16:00:00,16_20,13531.9375,0.6418254401270548,13531.9375,-65.92415999999997
2023-09-19 20:00:00,20_24,15262.6875,0.6255796614764654,15262.6875,-60.62165999999997
2023-09-20 00:00:00,00_04,24894.75,0.7630843532118657,24894.75,-134.91693999999995
2023-09-20 04:00:00,04_08,14431.25,0.5812841962946532,14431.25,-84.53193999999996
2023-09-20 08:00:00,08_12,18201.6875,0.7272007818392343,18201.6875,-86.28443999999996
2023-09-20 12:00:00,12_16,27775.0625,0.8914289066829824,27775.0625,-138.73193999999998
2023-09-20 16:00:00,16_20,0.0,0.4761171479067589,4887.875,-28.15693999999996
2023-09-20 20:00:00,20_24,6744.5625,0.4255288600222678,6744.5625,-39.86193999999996
2023-09-21 00:00:00,00_04,16218.8125,0.5520915156463937,16218.8125,-77.16647
2023-09-21 04:00:00,04_08,10272.5,0.4963004195833574,10272.5,-51.56147
2023-09-21 08:00:00,08_12,11407.375,0.6105840376467179,11407.375,-41.53647
2023-09-21 12:00:00,12_16,13088.75,0.6488800541696867,13088.75,-56.47147
2023-09-21 16:00:00,16_20,0.0,0.2928191545573167,-5481.0,36.56103
2023-09-21 20:00:00,20_24,0.0,0.2468263863032216,-2032.5625,-22.36897
2023-09-22 00:00:00,00_04,11939.125,0.4271515952837879,11939.125,-53.37647
2023-09-22 04:00:00,04_08,2039.3125,0.3048321571928007,2039.3125,-33.12147
2023-09-22 08:00:00,08_12,0.0,0.4060171935156497,-316.5,-30.286470000000005
2023-09-22 12:00:00,12_16,9747.9375,0.5778941486664421,9747.9375,-62.28647
2023-09-22 16:00:00,16_20,0.0,0.3337523965175849,-1519.625,-18.548970000000008
2023-09-22 20:00:00,20_24,1173.0625,0.2837624788720196,1173.0625,-27.188970000000005
2023-09-23 00:00:00,00_04,8878.75,0.3227219114572993,8878.75,-46.27646999999999
2023-09-23 04:00:00,04_08,9514.5,0.3618095070712087,9514.5,-49.26396999999999
2023-09-23 08:00:00,08_12,14186.375,0.5823967991342262,14186.375,-48.50646999999999
2023-09-23 12:00:00,12_16,23522.0,0.7769094526302932,23522.0,-77.45397
2023-09-23 16:00:00,16_20,0.0,0.4009839472514288,6293.375,-29.371469999999995
2023-09-23 20:00:00,20_24,2880.25,0.2585077325565077,2880.25,-28.52896999999999
2023-09-24 00:00:00,00_04,7569.8125,0.2289861406594835,7569.8125,-60.67646999999998
2023-09-24 04:00:00,04_08,5187.125,0.1626308169894626,5187.125,-55.48646999999998
2023-09-24 08:00:00,08_12,15799.0625,0.5695957292966518,15799.0625,-107.94146999999998
2023-09-24 12:00:00,12_16,25565.4375,0.8036216638572585,25565.4375,-147.41146999999998
2023-09-24 16:00:00,16_20,0.0,0.3425284541468421,6062.25,-47.50396999999998
2023-09-24 20:00:00,20_24,5791.8125,0.3093968485069081,5791.8125,-44.47396999999999
2023-09-25 00:00:00,00_04,19023.3125,0.5780416591623835,19023.3125,-136.25680999999997
2023-09-25 04:00:00,04_08,10161.875,0.472212713166406,10161.875,-72.91930999999998
2023-09-25 08:00:00,08_12,11906.0,0.620884769745109,12472.375,-36.67181
2023-09-25 12:00:00,12_16,16730.8125,0.7007176226427986,16730.8125,-65.62430999999998
2023-09-25 16:00:00,16_20,0.0,0.2424304800768177,-7611.8125,53.05819
2023-09-25 20:00:00,20_24,0.0,0.0828227984088731,-9182.1875,6.995690000000007
2023-09-26 00:00:00,00_04,0.0,0.0596078456339839,-2674.4375,-47.22388999999997
2023-09-26 04:00:00,04_08,0.0,0.0479416759000045,-11127.5625,8.203610000000022
2023-09-26 08:00:00,08_12,0.0,0.3701855191303312,-2769.125,-35.03638999999998
2023-09-26 12:00:00,12_16,8239.5625,0.5621317773999697,8239.5625,-64.65888999999997
2023-09-26 16:00:00,16_20,0.0,0.1881994463541236,-11239.375,11.623610000000024
2023-09-26 20:00:00,20_24,0.0,0.1526701480837256,-6484.8125,-31.15138999999997
2023-09-27 00:00:00,00_04,0.0,0.1429962874185402,-1657.6875,-43.08121999999997
2023-09-27 04:00:00,04_08,0.0,0.0649146656094965,-12480.0,6.541280000000018
2023-09-27 08:00:00,08_12,0.0,0.3228000502006964,-5543.0625,-21.138719999999974
2023-09-27 12:00:00,12_16,6834.25,0.5315812459090613,6834.25,-55.90871999999997
2023-09-27 16:00:00,16_20,0.0,0.1839963898320941,-12084.0,21.08878000000002
2023-09-27 20:00:00,20_24,0.0,0.2657413206620186,-2457.125,-37.266219999999976
2023-09-28 00:00:00,00_04,9469.25,0.4057749484486644,9469.25,-63.85378999999999
2023-09-28 04:00:00,04_08,0.0,0.3104622102569116,-132.75,-40.06628999999999
2023-09-28 08:00:00,08_12,359.1875,0.4470102239145376,359.1875,-38.32128999999999
2023-09-28 12:00:00,12_16,10406.875,0.6040651807081376,10406.875,-57.60378999999999
2023-09-28 16:00:00,16_20,0.0,0.2004800167184854,-12614.0625,26.88871000000001
2023-09-28 20:00:00,20_24,0.0,0.0891890928270301,-12049.8125,-15.34878999999999
2023-09-29 00:00:00,00_04,0.0,0.17770512231121,-1203.625,-46.05092
2023-09-29 04:00:00,04_08,0.0,0.2413477577448104,-4684.1875,-29.27592
2023-09-29 08:00:00,08_12,0.0,0.4383725062970346,-1292.0625,-40.46842
2023-09-29 12:00:00,12_16,9025.1875,0.6015767411291277,9025.1875,-63.98841999999999
2023-09-29 16:00:00,16_20,0.0,0.3861721936031947,-2534.125,-24.79591999999999
2023-09-29 20:00:00,20_24,1766.5,0.3705227799737164,1766.5,-31.05092
2023-09-30 00:00:00,00_04,12944.25,0.4789280339622394,12944.25,-48.95592
2023-09-30 04:00:00,04_08,8464.25,0.3730577550332702,8464.25,-39.50592
2023-09-30 08:00:00,08_12,11267.75,0.5436656863096256,11267.75,-45.02342
2023-09-30 12:00:00,12_16,23132.6875,0.7935585566281325,23132.6875,-107.65092
2023-09-30 16:00:00,16_20,0.0,0.3024941947821336,851.75,-15.035919999999996
2023-09-30 20:00:00,20_24,0.0,0.133536790794941,-2917.3125,-24.55592
2023-10-01 00:00:00,00_04,5276.375,0.1928839466754745,5276.375,-43.84841999999998
2023-10-01 04:00:00,04_08,6911.0625,0.2560981092040315,6911.0625,-51.18591999999998
2023-10-01 08:00:00,08_12,14945.1875,0.5884547551214218,14945.1875,-89.10341999999999
2023-10-01 12:00:00,12_16,24543.1875,0.8164406952266294,24543.1875,-137.84341999999998
2023-10-01 16:00:00,16_20,5207.3125,0.3771003818298166,5207.3125,-34.48341999999999
2023-10-01 20:00:00,20_24,871.625,0.2477295207265533,871.625,-24.620919999999984
2023-10-02 00:00:00,00_04,5040.375,0.2464503197642322,5040.375,-43.08327999999997
2023-10-02 04:00:00,04_08,0.0,0.1973070572540786,-3936.9375,-20.583279999999974
2023-10-02 08:00:00,08_12,0.0,0.4296277098682527,305.4375,-18.880779999999977
2023-10-02 12:00:00,12_16,9326.5625,0.5855834254143646,9326.5625,-47.238279999999975
2023-10-02 16:00:00,16_20,0.0,0.1736916061927413,-12843.3125,34.63422000000003
2023-10-02 20:00:00,20_24,0.0,0.1253643594684057,-9278.8125,-14.680779999999976
2023-10-03 00:00:00,00_04,8744.125,0.3739386229666272,8744.125,-51.013850000000005
2023-10-03 04:00:00,04_08,19552.875,0.6555614927960276,19552.875,-110.07135
2023-10-03 08:00:00,08_12,28919.5625,0.91759688480109,28919.5625,-121.01135
2023-10-03 12:00:00,12_16,32767.0,1.0509421270425403,35199.875,-133.27134999999998
2023-10-03 16:00:00,16_20,25777.4375,0.8511909197360017,25777.4375,-99.53885
2023-10-03 20:00:00,20_24,21760.5,0.753040990618295,21760.5,-95.60135
2023-10-04 00:00:00,00_04,22790.375,0.75413482183839,22790.375,-104.05748
2023-10-04 04:00:00,04_08,9521.0,0.5822253876801116,12273.5625,-46.95248
2023-10-04 08:00:00,08_12,9521.0,0.6598697889823529,12349.8125,-23.437479999999987
2023-10-04 12:00:00,12_16,21648.0625,0.8105405414040211,21648.0625,-71.06497999999999
2023-10-04 16:00:00,16_20,0.0,0.4459688077669226,960.0,-11.724979999999992
2023-10-04 20:00:00,20_24,5664.25,0.4632660462341462,5664.25,-24.56997999999999
2023-10-05 00:00:00,00_04,18102.625,0.6447798704051354,18102.625,-49.65503
2023-10-05 04:00:00,04_08,10587.6875,0.5557562692785323,10587.6875,-36.09253
2023-10-05 08:00:00,08_12,6506.375,0.5770252544623398,6506.375,-23.14502999999999
2023-10-05 12:00:00,12_16,10084.6875,0.6254606700523959,10084.6875,-42.65252999999999
2023-10-05 16:00:00,16_20,0.0,0.2478519414019108,-11795.375,37.764970000000005
2023-10-05 20:00:00,20_24,0.0,0.2000840075461951,-8653.5,-11.220029999999989
2023-10-06 00:00:00,00_04,5573.25,0.3538048434190867,5573.25,-33.74463999999999
2023-10-06 04:00:00,04_08,1943.9375,0.3852040784524918,1943.9375,-25.139639999999996
2023-10-06 08:00:00,08_12,8666.5,0.6048385774483923,8666.5,-22.544639999999998
2023-10-06 12:00:00,12_16,20317.0,0.7912177288849014,20317.0,-101.98463999999998
2023-10-06 16:00:00,16_20,7283.6875,0.5517205742173886,7283.6875,-24.482139999999998
2023-10-06 20:00:00,20_24,16061.3125,0.6622755535114796,16061.3125,-55.98964
2023-10-07 00:00:00,00_04,27297.625,0.8628109719868502,27297.625,-119.74214
2023-10-07 04:00:00,04_08,22406.875,0.744427141954085,22406.875,-83.19214
2023-10-07 08:00:00,08_12,17582.875,0.6916631553297018,17582.875,-68.46463999999999
2023-10-07 12:00:00,12_16,21071.25,0.7580707925931385,21071.25,-111.55464
2023-10-07 16:00:00,16_20,8264.3125,0.4856408513809422,8264.3125,-30.15214
2023-10-07 20:00:00,20_24,12663.1875,0.5297202541602215,12663.1875,-36.91214
2023-10-08 00:00:00,00_04,17120.4375,0.5598971930250178,17120.4375,-50.13964
2023-10-08 04:00:00,04_08,9530.1875,0.3535520911939296,9530.1875,-37.67964
2023-10-08 08:00:00,08_12,2851.5625,0.3376952230458324,2851.5625,-29.17464
2023-10-08 12:00:00,12_16,5464.0625,0.4177143481714892,5464.0625,-58.00214
2023-10-08 16:00:00,16_20,0.0,0.0993881468071055,-9082.125,4.237860000000001
2023-10-08 20:00:00,20_24,0.0,0.0900527122678133,-7519.4375,-10.079639999999998
2023-10-09 00:00:00,00_04,4058.0625,0.2573622255383337,4058.0625,-40.21464
2023-10-09 04:00:00,04_08,1467.0,0.3413550882555247,1467.0,-34.177139999999994
2023-10-09 08:00:00,08_12,0.0,0.3767565332174843,-4532.875,-8.539639999999995
2023-10-09 12:00:00,12_16,0.0,0.3692298949402297,-4693.6875,-21.06464
2023-10-09 16:00:00,16_20,0.0,0.1812719575395909,-14686.375,38.50036
2023-10-09 20:00:00,20_24,0.0,0.1258160644617405,-11822.5,12.672860000000004
2023-10-10 00:00:00,00_04,0.0,0.1365317603562117,-1782.8125,-44.286190000000005
2023-10-10 04:00:00,04_08,0.0,0.0944709573654652,-11068.5,-10.286190000000005
2023-10-10 08:00:00,08_12,0.0,0.2994034256256755,-8122.375,-7.313690000000001
2023-10-10 12:00:00,12_16,5820.75,0.5255645148564846,5820.75,-53.04619
2023-10-10 16:00:00,16_20,0.0,0.3170293926985709,-5303.0625,-24.47869
2023-10-10 20:00:00,20_24,8453.0625,0.4953849229709766,8453.0625,-58.02369
2023-10-11 00:00:00,00_04,19257.4375,0.6566777272350374,19257.4375,-131.87209
2023-10-11 04:00:00,04_08,11662.0,0.584418093940613,12635.6875,-101.60209
2023-10-11 08:00:00,08_12,11662.0,0.6805368798395441,13650.3125,-86.26959
2023-10-11 12:00:00,12_16,24201.25,0.8474605765482351,24201.25,-156.74958999999998
2023-10-11 16:00:00,16_20,8943.3125,0.5927437535796832,8943.3125,-51.75459
2023-10-11 20:00:00,20_24,11433.4375,0.5752244756354998,11433.4375,-53.41959
2023-10-12 00:00:00,00_04,17519.6875,0.6116639336298948,17519.6875,-76.30139
2023-10-12 04:00:00,04_08,2529.5625,0.3858113027158663,2529.5625,-46.75888999999998
2023-10-12 08:00:00,08_12,0.0,0.3124323232440947,-10241.75,-24.026389999999985
2023-10-12 12:00:00,12_16,0.0,0.3119780060192998,-8926.9375,-48.566389999999984
2023-10-12 16:00:00,16_20,0.0,0.1545597624039864,-16520.0,5.896110000000018
2023-10-12 20:00:00,20_24,0.0,0.1391214752112581,-10587.875,-31.011389999999977
2023-10-13 00:00:00,00_04,2618.0625,0.2426222105477523,2618.0625,-54.19837999999998
2023-10-13 04:00:00,04_08,394.5,0.3232246003285173,394.5,-49.028379999999984
2023-10-13 08:00:00,08_12,9300.5,0.5947756222299349,9300.5,-54.00087999999998
2023-10-13 12:00:00,12_16,25431.4375,0.8511293087949184,25431.4375,-153.50588
2023-10-13 16:00:00,16_20,19206.5625,0.7336090244961667,19206.5625,-114.32837999999995
2023-10-13 20:00:00,20_24,25759.5625,0.8229278394439394,25759.5625,-160.98587999999998
2023-10-14 00:00:00,00_04,32629.0,0.9488187086695123,32629.0,-176.58337999999998
2023-10-14 04:00:00,04_08,28242.0,0.842566557896984,28242.0,-176.60838
2023-10-14 08:00:00,08_12,23801.9375,0.7861384948009846,23801.9375,-167.61087999999998
2023-10-14 12:00:00,12_16,30373.375,0.9170063422105076,30373.375,-176.16588000000002
2023-10-14 16:00:00,16_20,11874.0,0.6618245063030259,17547.875,-96.37587999999998
2023-10-14 20:00:00,20_24,19526.4375,0.6590141777110253,19526.4375,-99.23087999999998
2023-10-15 00:00:00,00_04,27214.3125,0.8001032483927268,27214.3125,-167.06838
2023-10-15 04:00:00,04_08,25938.3125,0.7629967440199189,25938.3125,-166.04587999999998
2023-10-15 08:00:00,08_12,27813.0,0.8509532687963949,27813.0,-161.04088
2023-10-15 12:00:00,12_16,34523.0,1.0059855637547128,34801.625,-176.95838
2023-10-15 16:00:00,16_20,11874.0,0.652148439036027,17936.4375,-87.00838000000002
2023-10-15 20:00:00,20_24,11874.0,0.5207549898756147,12985.25,-61.30588
2023-10-16 00:00:00,00_04,14995.5625,0.4977078838790253,14995.5625,-77.05233999999999
2023-10-16 04:00:00,04_08,975.125,0.323372840117535,975.125,-53.05733999999998
2023-10-16 08:00:00,08_12,0.0,0.3649781751826248,-6047.4375,-36.21733999999998
2023-10-16 12:00:00,12_16,0.0,0.4303004829677023,-2145.5,-64.39483999999997
2023-10-16 16:00:00,16_20,0.0,0.1252129437382893,-19531.5625,13.247660000000025
2023-10-16 20:00:00,20_24,0.0,0.0849650974851256,-14484.4375,-36.12233999999999
2023-10-17 00:00:00,00_04,354.25,0.1011057275675482,354.25,-50.81746000000001
2023-10-17 04:00:00,04_08,0.0,0.0881186552085108,-8736.6875,-27.74746000000001
2023-10-17 08:00:00,08_12,0.0,0.2152588582370707,-12322.0625,-14.909960000000009
2023-10-17 12:00:00,12_16,0.0,0.3606418399228807,-2828.6875,-60.85746
2023-10-17 16:00:00,16_20,0.0,0.1482978647921302,-14430.6875,-11.71496000000002
2023-10-17 20:00:00,20_24,0.0,0.1901555672085299,-5350.5,-41.36246000000001
2023-10-18 00:00:00,00_04,3735.875,0.2156161800866587,3735.875,-68.95375
2023-10-18 04:00:00,04_08,0.0,0.2077881582720061,-3177.5625,-35.458749999999995
2023-10-18 08:00:00,08_12,0.0,0.403306822938468,491.25,-45.70125
2023-10-18 12:00:00,12_16,9540.4375,0.5375182502316811,9540.4375,-84.13624999999999
2023-10-18 16:00:00,16_20,3095.3125,0.4214207576112749,3095.3125,-42.15374999999999
2023-10-18 20:00:00,20_24,14047.3125,0.5461056789059169,14047.3125,-81.37124999999999
2023-10-19 00:00:00,00_04,25120.3125,0.6948343798238182,25120.3125,-146.47784
2023-10-19 04:00:00,04_08,13960.125,0.5297208991302056,13960.125,-97.44034
2023-10-19 08:00:00,08_12,1491.0625,0.4217989220421258,1491.0625,-36.75034
2023-10-19 12:00:00,12_16,3226.9375,0.4350057190653989,3226.9375,-39.33534
2023-10-19 16:00:00,16_20,823.0,0.3804765056254136,823.0,-24.45534
2023-10-19 20:00:00,20_24,11053.1875,0.4816916464007637,11053.1875,-63.34033999999999
2023-10-20 00:00:00,00_04,22723.0,0.6415470161106676,22723.0,-98.78855
2023-10-20 04:00:00,04_08,19297.5,0.6296972299763797,19297.5,-93.32354999999998
2023-10-20 08:00:00,08_12,11874.0,0.5871497650102817,12029.0,-38.58104999999999
2023-10-20 12:00:00,12_16,15667.5,0.6312306419849532,15667.5,-60.06854999999999
2023-10-20 16:00:00,16_20,10568.5,0.5358767241930028,10568.5,-44.38604999999998
2023-10-20 20:00:00,20_24,14170.5625,0.5289806469899051,14170.5625,-75.78854999999999
2023-10-21 00:00:00,00_04,21472.0,0.5975233125544809,21472.0,-117.37354999999997
2023-10-21 04:00:00,04_08,19168.4375,0.5503846883869572,19168.4375,-112.72354999999996
2023-10-21 08:00:00,08_12,17869.6875,0.6040774237378609,17869.6875,-105.99104999999996
2023-10-21 12:00:00,12_16,23464.0,0.7121512455321388,23464.0,-140.37854999999996
2023-10-21 16:00:00,16_20,9606.8125,0.4248132938304806,9606.8125,-47.82854999999998
2023-10-21 20:00:00,20_24,19720.8125,0.5784891525293719,19720.8125,-100.11854999999998
2023-10-22 00:00:00,00_04,27470.25,0.7036292328754903,27470.25,-132.54604999999998
2023-10-22 04:00:00,04_08,28323.1875,0.7264693797203506,28323.1875,-123.25605
2023-10-22 08:00:00,08_12,27538.5625,0.763763977292276,27538.5625,-104.16355
2023-10-22 12:00:00,12_16,29973.125,0.8236954055210274,29973.125,-119.20604999999998
2023-10-22 16:00:00,16_20,9631.5,0.3959973792207004,9631.5,-39.17354999999999
2023-10-22 20:00:00,20_24,8738.5625,0.3394140988750094,8738.5625,-49.19854999999999
2023-10-23 00:00:00,00_04,10367.4375,0.2785217869149211,10367.4375,-60.29447999999998
2023-10-23 04:00:00,04_08,0.0,0.1329159637518072,-4425.5625,-29.38697999999998
2023-10-23 08:00:00,08_12,0.0,0.2418647184834889,-8625.5625,-13.736979999999988
2023-10-23 12:00:00,12_16,0.0,0.3007716184426588,-4182.0625,-50.22197999999998
2023-10-23 16:00:00,16_20,0.0,0.1498236489096974,-12895.125,-6.839479999999988
2023-10-23 20:00:00,20_24,1166.25,0.2958948987810071,1166.25,-52.506979999999984
2023-10-24 00:00:00,00_04,16506.75,0.4767181636048558,16506.75,-66.57065
2023-10-24 04:00:00,04_08,8489.1875,0.4128104668603239,8489.1875,-60.49564999999999
2023-10-24 08:00:00,08_12,0.0,0.3374059427884562,-3213.5,-32.09564999999999
2023-10-24 12:00:00,12_16,0.0,0.3025795937431779,-4661.1875,-42.43064999999999
2023-10-24 16:00:00,16_20,0.0,0.2272682143861797,-8431.5,-18.930649999999996
2023-10-24 20:00:00,20_24,756.6875,0.2872572887595748,756.6875,-44.79565
2023-10-25 00:00:00,00_04,11508.9375,0.3479160161753394,11508.9375,-72.47220000000002
2023-10-25 04:00:00,04_08,2017.4375,0.2763610502872756,2017.4375,-48.95470000000002
2023-10-25 08:00:00,08_12,0.0,0.3015365883160907,-5401.5,-27.65970000000001
2023-10-25 12:00:00,12_16,0.0,0.3453915626892976,-2054.875,-40.85220000000002
2023-10-25 16:00:00,16_20,0.0,0.257998802794584,-6511.9375,-11.359700000000018
2023-10-25 20:00:00,20_24,2746.875,0.3263741056993443,2746.875,-41.379700000000014
2023-10-26 00:00:00,00_04,14761.125,0.4497430825413174,14761.125,-76.70382000000001
2023-10-26 04:00:00,04_08,3157.625,0.3048070104659495,3157.625,-55.01881999999999
2023-10-26 08:00:00,08_12,0.0,0.2305350013095626,-9840.625,-20.37882
2023-10-26 12:00:00,12_16,0.0,0.2351626373138455,-9104.0625,-42.48132
2023-10-26 16:00:00,16_20,0.0,0.1618492510089031,-12422.0,-21.18632
2023-10-26 20:00:00,20_24,0.0,0.1897285733067205,-4104.625,-47.26132
2023-10-27 00:00:00,00_04,4056.25,0.2088811035184478,4056.25,-65.86491999999998
2023-10-27 04:00:00,04_08,0.0,0.1945045697255224,-2830.9375,-46.45991999999998
2023-10-27 08:00:00,08_12,0.0,0.2526887393566506,-7767.0,-16.182419999999986
2023-10-27 12:00:00,12_16,0.0,0.3574527266827034,-714.9375,-53.504919999999984
2023-10-27 16:00:00,16_20,0.0,0.251136303269196,-5785.375,-30.082419999999985
2023-10-27 20:00:00,20_24,2720.9375,0.2970050184173444,2720.9375,-60.99491999999998
2023-10-28 00:00:00,00_04,13518.9375,0.3952705230861333,13518.9375,-94.48992
2023-10-28 04:00:00,04_08,13189.875,0.4105948785446511,13189.875,-93.71742
2023-10-28 08:00:00,08_12,8895.875,0.438067462324627,8895.875,-78.44242
2023-10-28 12:00:00,12_16,13487.6875,0.5262098725745487,13487.6875,-88.02242000000001
2023-10-28 16:00:00,16_20,3546.25,0.3250366014421879,3546.25,-32.78742
2023-10-28 20:00:00,20_24,13626.5,0.462676803057272,13626.5,-88.48492
2023-10-29 00:00:00,00_04,28590.2,0.7438322711299065,28590.2,-159.68241999999998
2023-10-29 04:00:00,04_08,34777.6875,0.908418046380701,34777.6875,-162.91742
2023-10-29 08:00:00,08_12,36288.25,0.9577693802663224,36288.25,-162.71242
2023-10-29 12:00:00,12_16,31487.5,0.8564674467502326,31487.5,-149.98242
2023-10-29 16:00:00,16_20,20216.5625,0.6237096276144577,20216.5625,-86.34992
2023-10-29 20:00:00,20_24,24383.9375,0.6921604714138814,24383.9375,-111.00991999999998
2023-10-30 00:00:00,00_04,33626.4375,0.8779351444659077,33626.4375,-154.81474999999995
2023-10-30 04:00:00,04_08,16834.25,0.5556056635902061,16834.25,-106.91724999999995
2023-10-30 08:00:00,08_12,8020.25,0.5058744970150183,8020.25,-63.40974999999996
2023-10-30 12:00:00,12_16,0.0,0.3652667513820733,-569.3125,-43.30474999999996
2023-10-30 16:00:00,16_20,0.0,0.181216679213184,-11425.625,-5.234749999999963
2023-10-30 20:00:00,20_24,0.0,0.2189334816160223,-1940.9375,-49.71474999999996
2023-10-31 00:00:00,00_04,14374.1875,0.4108477313742442,14374.1875,-88.36667
2023-10-31 04:00:00,04_08,17491.5625,0.5576794361196902,17491.5625,-81.96667
2023-10-31 08:00:00,08_12,12223.4375,0.5575572567715357,12223.4375,-63.00167
2023-10-31 12:00:00,12_16,6698.9375,0.463792748358221,6698.9375,-58.43417
2023-10-31 16:00:00,16_20,0.0,0.2414651955919761,-5493.0625,-8.399169999999998
2023-10-31 20:00:00,20_24,214.0,0.2464612585629683,214.0,-53.34667
2023-11-01 00:00:00,00_04,12955.75,0.3762562127179168,12955.75,-83.29029999999997
2023-11-01 04:00:00,04_08,11386.75,0.3880926161472161,11386.75,-74.03279999999998
2023-11-01 08:00:00,08_12,14804.5625,0.5538098017098853,14804.5625,-79.56029999999998
2023-11-01 12:00:00,12_16,17275.9375,0.6010119129645557,17275.9375,-85.32279999999999
2023-11-01 16:00:00,16_20,15104.9375,0.5655278654775708,15104.9375,-68.91279999999998
2023-11-01 20:00:00,20_24,22912.625,0.6774578950408839,22912.625,-110.01279999999996
2023-11-02 00:00:00,00_04,25857.6875,0.7023485425424105,25857.6875,-119.4691
2023-11-02 04:00:00,04_08,21568.6875,0.6695358438943299,21568.6875,-90.8616
2023-11-02 08:00:00,08_12,21264.75,0.7288944343014774,21264.75,-69.01159999999999
2023-11-02 12:00:00,12_16,18905.6875,0.6929623811246512,18905.6875,-69.9241
2023-11-02 16:00:00,16_20,11126.625,0.5588504507030521,11126.625,-46.63909999999999
2023-11-02 20:00:00,20_24,13472.125,0.5275861904716541,13472.125,-63.00409999999999
2023-11-03 00:00:00,00_04,22338.5,0.641202018851057,22338.5,-129.04662
2023-11-03 04:00:00,04_08,12944.5625,0.5187409502383377,12944.5625,-93.46162
2023-11-03 08:00:00,08_12,10052.125,0.5608366165669536,10052.125,-54.94911999999999
2023-11-03 12:00:00,12_16,11530.5,0.5756860395684096,11530.5,-75.60911999999999
2023-11-03 16:00:00,16_20,5507.0,0.4675070173139459,5507.0,-52.78161999999999
2023-11-03 20:00:00,20_24,19032.4375,0.6293972148764709,19032.4375,-92.54912
2023-11-04 00:00:00,00_04,24548.125,0.6723439953665833,24548.125,-111.19412
2023-11-04 04:00:00,04_08,24690.4375,0.6868318731555554,24690.4375,-124.69162
2023-11-04 08:00:00,08_12,26923.9375,0.7844843044002304,26923.9375,-124.89162
2023-11-04 12:00:00,12_16,25331.5625,0.7559138415380587,25331.5625,-114.98662
2023-11-04 16:00:00,16_20,24583.8125,0.7410574572344026,24583.8125,-104.04912
2023-11-04 20:00:00,20_24,31053.0,0.8438842819832042,31053.0,-133.14162
2023-11-05 00:00:00,00_04,30073.0,0.794166501816492,30073.0,-137.68411999999998
2023-11-05 04:00:00,04_08,24886.125,0.6748762338648443,24886.125,-135.84661999999997
2023-11-05 08:00:00,08_12,19031.75,0.6141736922932272,19031.75,-109.66662
2023-11-05 12:00:00,12_16,19273.125,0.6183104287605407,19273.125,-101.22161999999996
2023-11-05 16:00:00,16_20,16944.375,0.5865625121185093,16944.375,-76.07911999999999
2023-11-05 20:00:00,20_24,29383.75,0.8112669884541586,29383.75,-121.32912
2023-11-06 00:00:00,00_04,38267.0,1.0237042386704085,39235.25,-142.68598
2023-11-06 04:00:00,04_08,23115.0,0.7993877474831693,28191.375,-96.10598
2023-11-06 08:00:00,08_12,23115.0,0.7844313541252574,24845.75,-71.62347999999999
2023-11-06 12:00:00,12_16,22658.875,0.7478157428090173,22658.875,-67.09597999999998
2023-11-06 16:00:00,16_20,0.0,0.5203156465467628,8834.4375,-8.370979999999992
2023-11-06 20:00:00,20_24,17899.0625,0.6128205585158519,17899.0625,-42.54347999999999
2023-11-07 00:00:00,00_04,26591.25,0.7307055263806582,26591.25,-70.97593999999998
2023-11-07 04:00:00,04_08,11874.0,0.5821994008376639,16720.1875,-47.53593999999998
2023-11-07 08:00:00,08_12,11874.0,0.5974459599965806,12956.0625,-34.61343999999997
2023-11-07 12:00:00,12_16,12196.5,0.580726999328565,12196.5,-49.33843999999998
2023-11-07 16:00:00,16_20,0.0,0.4556222476772305,4851.5625,-11.59343999999998
2023-11-07 20:00:00,20_24,17170.3125,0.598077470348201,17170.3125,-54.33843999999998
2023-11-08 00:00:00,00_04,24493.875,0.6976673037005127,24493.875,-80.19429
2023-11-08 04:00:00,04_08,17808.8125,0.6152532411815179,17808.8125,-65.10428999999999
2023-11-08 08:00:00,08_12,16894.0,0.6629103612519616,16894.0,-56.41429
2023-11-08 12:00:00,12_16,17163.75,0.6633196594627904,17163.75,-63.48678999999999
2023-11-08 16:00:00,16_20,7438.5,0.502644798428649,7438.5,-27.604289999999985
2023-11-08 20:00:00,20_24,18436.9375,0.6274934076590909,18436.9375,-60.31428999999999
2023-11-09 00:00:00,00_04,24024.5,0.6786231056279034,24024.5,-80.15639
2023-11-09 04:00:00,04_08,11874.0,0.5216697091051458,12915.375,-53.99639
2023-11-09 08:00:00,08_12,3134.875,0.4708962536321441,3134.875,-44.43388999999999
2023-11-09 12:00:00,12_16,1047.9375,0.4278485074705736,1047.9375,-51.00639
2023-11-09 16:00:00,16_20,0.0,0.382815077633108,-1132.8125,-26.053889999999985
2023-11-09 20:00:00,20_24,12543.125,0.5272416514185093,12543.125,-66.63389
2023-11-10 00:00:00,00_04,22187.375,0.6370287810383747,22187.375,-95.37138999999998
2023-11-10 04:00:00,04_08,12526.1875,0.5087976871856584,12526.1875,-74.94888999999998
2023-11-10 08:00:00,08_12,8316.0625,0.5283911082068401,8316.0625,-49.62638999999997
2023-11-10 12:00:00,12_16,7374.0,0.5033439439246327,7374.0,-56.92138999999997
2023-11-10 16:00:00,16_20,0.0,0.2922360238923027,-5004.9375,-21.90888999999998
2023-11-10 20:00:00,20_24,1501.0625,0.2873350859551991,1501.0625,-48.05388999999998
2023-11-11 00:00:00,00_04,8205.5625,0.2952764269691566,8205.5625,-61.68638999999999
2023-11-11 04:00:00,04_08,8509.9375,0.3237002430408084,8509.9375,-61.64388999999999
2023-11-11 08:00:00,08_12,6362.9375,0.397831336387047,6362.9375,-55.15888999999999
2023-11-11 12:00:00,12_16,7077.375,0.4117925784832119,7077.375,-54.72888999999999
2023-11-11 16:00:00,16_20,0.0,0.2503883857360501,-2294.625,-21.273889999999984
2023-11-11 20:00:00,20_24,4132.125,0.2706418097807216,4132.125,-48.28638999999998
2023-11-12 00:00:00,00_04,7379.3125,0.2358686349686039,7379.3125,-61.543889999999976
2023-11-12 04:00:00,04_08,4374.25,0.1767704093552869,4374.25,-61.45388999999997
2023-11-12 08:00:00,08_12,294.4375,0.2425023291347973,294.4375,-59.25638999999997
2023-11-12 12:00:00,12_16,0.0,0.2043478155109546,-3038.875,-52.32388999999998
2023-11-12 16:00:00,16_20,0.0,0.0987504583533128,-10080.0,-17.636389999999977
2023-11-12 20:00:00,20_24,0.0,0.1410762754357757,-4655.25,-44.34638999999998
2023-11-13 00:00:00,00_04,1781.6875,0.1715000294323293,1781.6875,-60.39531999999998
2023-11-13 04:00:00,04_08,0.0,0.1753392072796852,-5357.9375,-36.19781999999998
2023-11-13 08:00:00,08_12,0.0,0.2632715865585026,-10091.5625,-16.070319999999978
2023-11-13 12:00:00,12_16,1364.625,0.4323050844490607,1364.625,-43.86281999999998
2023-11-13 16:00:00,16_20,13403.1875,0.6151839775515706,13403.1875,-65.86531999999998
2023-11-13 20:00:00,20_24,25353.9375,0.7697506712078055,25353.9375,-99.11032
2023-11-14 00:00:00,00_04,33670.875,0.9098365742377108,33670.875,-143.09527
2023-11-14 04:00:00,04_08,28338.9375,0.8241884844583984,28338.9375,-114.72527
2023-11-14 08:00:00,08_12,21025.5,0.746594952046418,21025.5,-69.48526999999999
2023-11-14 12:00:00,12_16,17595.9375,0.6909715665573734,17595.9375,-65.54776999999999
2023-11-14 16:00:00,16_20,5027.8125,0.4892664082149519,5027.8125,-34.55776999999999
2023-11-14 20:00:00,20_24,9702.5,0.4860947224992754,9702.5,-54.65776999999999
2023-11-15 00:00:00,00_04,19042.5,0.5750271533028162,19042.5,-77.06527
2023-11-15 04:00:00,04_08,5146.25,0.3871622515896971,5146.25,-56.59277
2023-11-15 08:00:00,08_12,0.0,0.3187917887461498,-7489.8125,-36.71777
2023-11-15 12:00:00,12_16,0.0,0.3505192778797974,-4505.125,-45.86027
2023-11-15 16:00:00,16_20,0.0,0.3197381853002685,-5841.6875,-26.89777
2023-11-15 20:00:00,20_24,8974.125,0.4733663461143865,8974.125,-56.47527000000001
2023-11-16 00:00:00,00_04,21300.625,0.6555911530220906,21300.625,-78.52999
2023-11-16 04:00:00,04_08,8241.25,0.4697825987876578,8241.25,-59.22999
2023-11-16 08:00:00,08_12,0.0,0.3481342511721982,-5217.0625,-34.17748999999999
2023-11-16 12:00:00,12_16,0.0,0.2181540416234497,-13980.5625,-18.10499
2023-11-16 16:00:00,16_20,0.0,0.1652410586697352,-16673.3125,-5.972489999999997
2023-11-16 20:00:00,20_24,0.0,0.2380558371711348,-4574.5,-46.19498999999999
2023-11-17 00:00:00,00_04,7593.0625,0.2744742067954112,7593.0625,-58.78164
2023-11-17 04:00:00,04_08,576.9375,0.258295284034944,576.9375,-45.06414
2023-11-17 08:00:00,08_12,0.0,0.2589518619608436,-8177.25,-24.944140000000004
2023-11-17 12:00:00,12_16,0.0,0.2617383384510107,-6606.625,-36.03414
2023-11-17 16:00:00,16_20,0.0,0.1491061789085689,-12188.6875,-13.741640000000004
2023-11-17 20:00:00,20_24,0.0,0.1403847958704833,-4933.0,-37.69414
2023-11-18 00:00:00,00_04,2950.0625,0.1221805401820131,2950.0625,-57.95414
2023-11-18 04:00:00,04_08,1336.6875,0.1132835002629872,1336.6875,-68.27413999999999
2023-11-18 08:00:00,08_12,638.75,0.251124318306235,638.75,-56.86914
2023-11-18 12:00:00,12_16,4736.9375,0.3260879619459019,4736.9375,-57.99413999999999
2023-11-18 16:00:00,16_20,8650.5,0.4068740009713807,8650.5,-54.17414
2023-11-18 20:00:00,20_24,23763.75,0.6349404067289915,23763.75,-80.84414
2023-11-19 00:00:00,00_04,34668.1875,0.8377320672306162,34668.1875,-144.63164
2023-11-19 04:00:00,04_08,36670.0625,0.8887522506635978,36670.0625,-149.86914
2023-11-19 08:00:00,08_12,34290.9375,0.8609780391185311,34290.9375,-137.24914
2023-11-19 12:00:00,12_16,34570.625,0.8703228470716635,34570.625,-128.00664
2023-11-19 16:00:00,16_20,21352.625,0.623861789100229,21352.625,-55.79664
2023-11-19 20:00:00,20_24,20725.5,0.5727830655759548,20725.5,-66.60664
2023-11-20 00:00:00,00_04,25389.75,0.6189662434199502,25389.75,-91.05004999999998
2023-11-20 04:00:00,04_08,13945.375,0.4727216374523891,13945.375,-59.77254999999999
2023-11-20 08:00:00,08_12,2710.125,0.4112144077244388,2710.125,-37.95754999999998
2023-11-20 12:00:00,12_16,0.0,0.3744597275567842,-100.5625,-37.26754999999999
2023-11-20 16:00:00,16_20,0.0,0.233446006660982,-8952.875,-14.535049999999991
2023-11-20 20:00:00,20_24,0.0,0.2352704032896556,-1515.5625,-45.59004999999999
2023-11-21 00:00:00,00_04,6511.0625,0.2191596780667103,6511.0625,-59.09155999999999
2023-11-21 04:00:00,04_08,0.0,0.1773087837268325,-2757.25,-42.80655999999998
2023-11-21 08:00:00,08_12,0.0,0.1948010236130204,-11951.8125,-18.731559999999988
2023-11-21 12:00:00,12_16,0.0,0.1999592560840003,-11851.75,-16.58155999999999
2023-11-21 16:00:00,16_20,0.0,0.1839159018420881,-12119.375,-14.821559999999993
2023-11-21 20:00:00,20_24,0.0,0.1859108441381406,-4371.6875,-45.08655999999999
2023-11-22 00:00:00,00_04,3882.5625,0.1624643827669795,3882.5625,-58.41447999999996
2023-11-22 04:00:00,04_08,0.0,0.1027608319382572,-6634.4375,-41.35447999999997
2023-11-22 08:00:00,08_12,0.0,0.2221270271037858,-8580.6875,-28.01197999999997
2023-11-22 12:00:00,12_16,0.0,0.2789515214935444,-4856.75,-44.92947999999996
2023-11-22 16:00:00,16_20,0.0,0.2986590399205357,-3297.0,-26.281979999999965
2023-11-22 20:00:00,20_24,15846.75,0.5234030690808686,15846.75,-63.39697999999996
2023-11-23 00:00:00,00_04,31080.1875,0.7515532816435904,31080.1875,-108.18005
2023-11-23 04:00:00,04_08,24396.0,0.6705355612250042,24396.0,-91.91755
2023-11-23 08:00:00,08_12,13965.0,0.648670221891541,18455.875,-62.10254999999999
2023-11-23 12:00:00,12_16,21674.625,0.6937520297693456,21674.625,-83.77505
2023-11-23 16:00:00,16_20,22107.9375,0.6917841929139363,22107.9375,-79.86505
2023-11-23 20:00:00,20_24,33228.125,0.8313890909733208,33228.125,-126.78754999999998
2023-11-24 00:00:00,00_04,40157.875,0.944304363388149,40157.875,-157.25281
2023-11-24 04:00:00,04_08,27267.0,0.7587389758492021,29402.0625,-108.27031
2023-11-24 08:00:00,08_12,21302.5625,0.6806416857777376,21302.5625,-64.50281
2023-11-24 12:00:00,12_16,22884.125,0.7023955142088706,22884.125,-82.63031000000001
2023-11-24 16:00:00,16_20,18311.5,0.6296482036423919,18311.5,-69.59031
2023-11-24 20:00:00,20_24,26943.25,0.7156517707494884,26943.25,-81.10281
2023-11-25 00:00:00,00_04,28386.625,0.6814415242228323,28386.625,-85.16280999999998
2023-11-25 04:00:00,04_08,21878.6875,0.549706381488565,21878.6875,-81.34030999999997
2023-11-25 08:00:00,08_12,14617.1875,0.4941085314842368,14617.1875,-68.54280999999997
2023-11-25 12:00:00,12_16,11517.375,0.435741791501139,11517.375,-70.69780999999998
2023-11-25 16:00:00,16_20,5177.875,0.3347150625814964,5177.875,-35.78030999999997
2023-11-25 20:00:00,20_24,6509.75,0.2653267947787793,6509.75,-45.54280999999997
2023-11-26 00:00:00,00_04,11137.3125,0.2282958346418999,11137.3125,-54.35030999999998
2023-11-26 04:00:00,04_08,10361.75,0.2251920600249207,10361.75,-59.29280999999997
2023-11-26 08:00:00,08_12,5067.75,0.2584033484324198,5067.75,-44.26780999999997
2023-11-26 12:00:00,12_16,2750.6875,0.2371162636658323,2750.6875,-43.82530999999997
2023-11-26 16:00:00,16_20,0.0,0.169442160484534,-2050.6875,-16.410309999999974
2023-11-26 20:00:00,20_24,2491.125,0.1870216297761341,2491.125,-39.32530999999997
2023-11-27 00:00:00,00_04,7355.375,0.1952175845649373,7355.375,-64.92484999999998
2023-11-27 04:00:00,04_08,0.0,0.1608761769400301,-3129.0625,-47.20984999999998
2023-11-27 08:00:00,08_12,0.0,0.2292040228350469,-10449.125,-18.107349999999972
2023-11-27 12:00:00,12_16,0.0,0.3078372870094109,-4623.875,-28.47984999999998
2023-11-27 16:00:00,16_20,457.25,0.3662435495782714,457.25,-37.75984999999997
2023-11-27 20:00:00,20_24,11735.5625,0.4525088361037798,11735.5625,-64.10984999999998
2023-11-28 00:00:00,00_04,24233.75,0.5896951336668974,24233.75,-81.91114
2023-11-28 04:00:00,04_08,14459.0,0.4978312940312197,15181.1875,-63.43364
2023-11-28 08:00:00,08_12,0.0,0.3212636511690859,-4077.25,-16.233639999999994
2023-11-28 12:00:00,12_16,0.0,0.2099560173420922,-11369.125,-10.121140000000004
2023-11-28 16:00:00,16_20,0.0,0.1362998386608389,-14932.3125,20.836359999999992
2023-11-28 20:00:00,20_24,0.0,0.2069513287548522,-1928.625,-29.25614
2023-11-29 00:00:00,00_04,16848.625,0.3888038942042281,16848.625,-54.93381
2023-11-29 04:00:00,04_08,12665.25,0.4176640694031649,12665.25,-43.80131
2023-11-29 08:00:00,08_12,0.0,0.3810215596172091,1535.625,-8.911309999999986
2023-11-29 12:00:00,12_16,0.0,0.3315873293254809,-1089.5625,-4.156309999999991
2023-11-29 16:00:00,16_20,0.0,0.2050733366268667,-8414.5625,77.18869000000001
2023-11-29 20:00:00,20_24,0.0,0.1579635412097404,-3302.1875,-12.116309999999997
2023-11-30 00:00:00,00_04,2176.125,0.0968226987447698,2176.125,-41.71896999999999
2023-11-30 04:00:00,04_08,0.0,0.0609470172118942,-7195.125,-18.238969999999984
2023-11-30 08:00:00,08_12,0.0,0.0929270804236579,-16148.3125,80.96353000000002
2023-11-30 12:00:00,12_16,0.0,0.0884833558978851,-16045.4375,49.15853000000002
2023-11-30 16:00:00,16_20,0.0,0.055677651606713,-18379.0625,88.11103000000003
2023-11-30 20:00:00,20_24,0.0,0.0771229525263742,-7839.25,-13.30646999999998
2023-12-01 00:00:00,00_04,605.5625,0.0780039525441816,605.5625,-43.06843999999998
2023-12-01 04:00:00,04_08,0.0,0.080622862075904,-6935.75,-26.56843999999997
2023-12-01 08:00:00,08_12,0.0,0.0812314967638046,-18079.875,69.54656000000003
2023-12-01 12:00:00,12_16,0.0,0.0754597581467492,-18194.8125,38.55156000000002
2023-12-01 16:00:00,16_20,0.0,0.0603419567071437,-18893.375,55.416560000000025
2023-12-01 20:00:00,20_24,0.0,0.0679709789969406,-8047.3125,-20.690939999999976
2023-12-02 00:00:00,00_04,5171.375,0.1053242772459051,5171.375,-46.10843999999999
2023-12-02 04:00:00,04_08,4372.125,0.0997195279965447,4372.125,-48.22093999999999
2023-12-02 08:00:00,08_12,0.0,0.089038708339638,-4214.625,-21.54593999999999
2023-12-02 12:00:00,12_16,0.0,0.0972611821738143,-3883.1875,-28.575939999999992
2023-12-02 16:00:00,16_20,0.0,0.0861701341434223,-5196.0,-11.033439999999992
2023-12-02 20:00:00,20_24,3761.125,0.135894117914141,3761.125,-34.81093999999999
2023-12-03 00:00:00,00_04,10768.0,0.1620679822476987,10768.0,-45.35843999999997
2023-12-03 04:00:00,04_08,11185.625,0.168734524094343,11185.625,-55.89593999999998
2023-12-03 08:00:00,08_12,4834.0,0.1976524203109366,4834.0,-45.92843999999998
2023-12-03 12:00:00,12_16,3236.8125,0.200363658165936,3236.8125,-41.83093999999998
2023-12-03 16:00:00,16_20,2278.9375,0.212433753680351,2278.9375,-21.42343999999997
2023-12-03 20:00:00,20_24,12545.8125,0.3359699650779406,12545.8125,-47.62343999999997
2023-12-04 00:00:00,00_04,19607.125,0.4005533379444829,19607.125,-57.18837999999998
2023-12-04 04:00:00,04_08,11422.8125,0.3599754706204932,11422.8125,-46.44837999999998
2023-12-04 08:00:00,08_12,0.0,0.3115318228793154,-758.75,-19.45587999999998
2023-12-04 12:00:00,12_16,0.0,0.2914787748959421,-2410.25,-19.03587999999998
2023-12-04 16:00:00,16_20,1374.6875,0.3429115972060091,1374.6875,-22.55087999999998
2023-12-04 20:00:00,20_24,13503.9375,0.4367114743978628,13503.9375,-43.50837999999997
2023-12-05 00:00:00,00_04,26096.875,0.5631901742377597,26096.875,-53.203520000000005
2023-12-05 04:00:00,04_08,16919.0,0.4832088462903161,17816.5,-40.74352000000001
2023-12-05 08:00:00,08_12,4485.375,0.3866656467890701,4485.375,-18.51102000000001
2023-12-05 12:00:00,12_16,1230.8125,0.3380675106024103,1230.8125,-18.576020000000003
2023-12-05 16:00:00,16_20,0.0,0.3086626205412037,-469.6875,0.7864799999999974
2023-12-05 20:00:00,20_24,7135.3125,0.3177327627116995,7135.3125,-24.93352000000001
2023-12-06 00:00:00,00_04,13576.1875,0.315830044800058,13576.1875,-42.70099
2023-12-06 04:00:00,04_08,3146.6875,0.2329245369445459,3146.6875,-29.280989999999992
2023-12-06 08:00:00,08_12,0.0,0.1789014824479378,-9231.8125,21.85651
2023-12-06 12:00:00,12_16,0.0,0.1476279158146017,-11173.1875,7.304010000000005
2023-12-06 16:00:00,16_20,0.0,0.1204352162178194,-12728.8125,28.719010000000004
2023-12-06 20:00:00,20_24,0.0,0.1208227904752964,-3756.5,-22.26099
2023-12-07 00:00:00,00_04,3175.1875,0.1064822617477726,3175.1875,-40.42953999999998
2023-12-07 04:00:00,04_08,0.0,0.0569127028323473,-6870.125,-28.79703999999998
2023-12-07 08:00:00,08_12,0.0,0.0714248381298628,-18931.125,3.197960000000016
2023-12-07 12:00:00,12_16,0.0,0.0964705798530306,-16824.25,1.2504600000000252
2023-12-07 16:00:00,16_20,0.0,0.1372898874850553,-12678.3125,-15.12203999999998
2023-12-07 20:00:00,20_24,6325.6875,0.3118336437075238,6325.6875,-41.64453999999998
2023-12-08 00:00:00,00_04,19803.5,0.4344294719321048,19803.5,-54.688779999999966
2023-12-08 04:00:00,04_08,14024.25,0.4177513137606939,14024.25,-44.00877999999997
2023-12-08 08:00:00,08_12,678.5625,0.3329087811688323,678.5625,-20.52877999999997
2023-12-08 12:00:00,12_16,0.0,0.2382197886365673,-5262.6875,-22.54377999999997
2023-12-08 16:00:00,16_20,0.0,0.1825881727900609,-7677.4375,-23.23127999999997
2023-12-08 20:00:00,20_24,2926.75,0.214840473093132,2926.75,-38.00377999999996
2023-12-09 00:00:00,00_04,16453.9375,0.3274655701769315,16453.9375,-50.62628
2023-12-09 04:00:00,04_08,18122.375,0.3758467167227471,18122.375,-58.28878
2023-12-09 08:00:00,08_12,14148.375,0.418042330014493,14148.375,-43.94378
2023-12-09 12:00:00,12_16,17987.0625,0.4948008144780796,17987.0625,-45.29128
2023-12-09 16:00:00,16_20,25328.5625,0.6214338572209148,25328.5625,-57.29128
2023-12-09 20:00:00,20_24,37215.0,0.7987034479326092,37215.0,-76.81878
2023-12-10 00:00:00,00_04,41052.375,0.8573110022545254,41052.375,-114.38878
2023-12-10 04:00:00,04_08,38086.0625,0.7898351394498204,38086.0625,-109.51128
2023-12-10 08:00:00,08_12,30218.4375,0.682873223901901,30218.4375,-67.07128
2023-12-10 12:00:00,12_16,28728.4375,0.665904298677589,28728.4375,-63.03627999999999
2023-12-10 16:00:00,16_20,21025.4375,0.5432676288086898,21025.4375,-51.293779999999984
2023-12-10 20:00:00,20_24,23406.8125,0.541965026252452,23406.8125,-57.39627999999999
2023-12-11 00:00:00,00_04,34750.625,0.7238980264512074,34750.625,-114.80635999999998
2023-12-11 04:00:00,04_08,23021.0,0.5617379466101972,23021.0,-78.67385999999998
2023-12-11 08:00:00,08_12,10623.3125,0.4729408322473407,10623.3125,-37.53885999999997
2023-12-11 12:00:00,12_16,11629.4375,0.4915150873063284,11629.4375,-41.18385999999997
2023-12-11 16:00:00,16_20,5606.0625,0.3949445086998611,5606.0625,-15.753859999999978
2023-12-11 20:00:00,20_24,10854.5625,0.3758157385529191,10854.5625,-33.48385999999998
2023-12-12 00:00:00,00_04,13283.5625,0.2859206760613605,13283.5625,-40.435949999999984
2023-12-12 04:00:00,04_08,0.0,0.1226538789608951,-1980.6875,-25.588449999999984
2023-12-12 08:00:00,08_12,0.0,0.1198831965124888,-13670.0,6.031550000000017
2023-12-12 12:00:00,12_16,0.0,0.1480456564488247,-11784.5625,-2.8259499999999846
2023-12-12 16:00:00,16_20,0.0,0.233213757358906,-4602.25,-19.715949999999985
2023-12-12 20:00:00,20_24,10247.9375,0.3543753455308442,10247.9375,-41.43344999999998
2023-12-13 00:00:00,00_04,21519.3125,0.4554222746846211,21519.3125,-51.330179999999984
2023-12-13 04:00:00,04_08,11911.625,0.357082721576868,11911.625,-41.19767999999998
2023-12-13 08:00:00,08_12,0.0,0.2934162003485919,-814.4375,-23.97767999999998
2023-12-13 12:00:00,12_16,0.0,0.2728223585349478,-2426.8125,-21.16017999999998
2023-12-13 16:00:00,16_20,0.0,0.2483761460782492,-3003.25,-18.56767999999998
2023-12-13 20:00:00,20_24,5905.25,0.2702009245657426,5905.25,-33.67767999999998
2023-12-14 00:00:00,00_04,10692.4375,0.2261543580034696,10692.4375,-48.12288
2023-12-14 04:00:00,04_08,0.0,0.1101920690401102,-1520.5625,-30.15288
2023-12-14 08:00:00,08_12,0.0,0.0745006395887196,-14579.4375,2.12462
2023-12-14 12:00:00,12_16,0.0,0.0792109832611765,-14817.1875,-0.5728799999999978
2023-12-14 16:00:00,16_20,0.0,0.0770161725628938,-13590.125,-0.8828799999999966
2023-12-14 20:00:00,20_24,0.0,0.135089054953409,-1595.6875,-30.35788
2023-12-15 00:00:00,00_04,10593.0625,0.2185876199241928,10593.0625,-41.37478999999999
2023-12-15 04:00:00,04_08,5590.8125,0.2326756229024945,5590.8125,-33.17978999999998
2023-12-15 08:00:00,08_12,0.0,0.2443661785844988,-2652.375,-9.887289999999986
2023-12-15 12:00:00,12_16,0.0,0.2683905038298682,-637.3125,-33.004789999999986
2023-12-15 16:00:00,16_20,591.375,0.2728791994572986,591.375,-23.452289999999984
2023-12-15 20:00:00,20_24,11839.75,0.3496017074251973,11839.75,-36.50228999999999
2023-12-16 00:00:00,00_04,24405.5625,0.4789255818231993,24405.5625,-54.36729000000001
2023-12-16 04:00:00,04_08,25689.5,0.5140981095367345,25689.5,-58.01729
2023-12-16 08:00:00,08_12,23094.75,0.5452057355879912,23094.75,-36.31229
2023-12-16 12:00:00,12_16,23993.5625,0.5694418117882495,23993.5625,-42.16479
2023-12-16 16:00:00,16_20,21673.875,0.5337434007371252,21673.875,-31.22479000000001
2023-12-16 20:00:00,20_24,29664.9375,0.6341526556708148,29664.9375,-53.11729000000001
2023-12-17 00:00:00,00_04,35281.625,0.7100449904957018,35281.625,-76.49979000000002
2023-12-17 04:00:00,04_08,33659.5,0.6727127836719159,33659.5,-81.30229
2023-12-17 08:00:00,08_12,28725.125,0.635222273582685,28725.125,-61.37979000000001
2023-12-17 12:00:00,12_16,28950.8125,0.6555994591696389,28950.8125,-69.86229000000002
2023-12-17 16:00:00,16_20,25192.75,0.585158742657824,25192.75,-45.45979000000001
2023-12-17 20:00:00,20_24,31676.375,0.6808279571118825,31676.375,-59.87729000000001
2023-12-18 00:00:00,00_04,35159.0625,0.7237255214048175,35159.0625,-67.38729000000001
2023-12-18 04:00:00,04_08,25043.375,0.5774600675367043,25043.375,-42.662290000000006
2023-12-18 08:00:00,08_12,16244.8125,0.5269142449015596,16244.8125,-22.887290000000004
2023-12-18 12:00:00,12_16,15049.8125,0.5160761023032338,15049.8125,-38.11229
2023-12-18 16:00:00,16_20,13091.5625,0.4781744090040598,13091.5625,-18.45979
2023-12-18 20:00:00,20_24,27354.9375,0.6429285710313069,27354.9375,-51.31979
2023-12-19 00:00:00,00_04,34822.8125,0.728959430597324,34822.8125,-74.28531000000001
2023-12-19 04:00:00,04_08,22326.0,0.5366937591816622,22326.0,-48.59531000000001
2023-12-19 08:00:00,08_12,12993.25,0.4832321306602817,12993.25,-32.87781000000001
2023-12-19 12:00:00,12_16,16315.875,0.5392307642450466,16315.875,-43.84781000000001
2023-12-19 16:00:00,16_20,12757.9375,0.4739413819827904,12757.9375,-32.28531000000001
2023-12-19 20:00:00,20_24,20775.5625,0.5216421846419714,20775.5625,-47.922810000000005
2023-12-20 00:00:00,00_04,34839.125,0.7011460458596532,34839.125,-71.89340999999999
2023-12-20 04:00:00,04_08,31781.0,0.6912006655072951,31781.0,-74.41840999999997
2023-12-20 08:00:00,08_12,26263.8125,0.6757395009829357,26263.8125,-52.53090999999998
2023-12-20 12:00:00,12_16,26624.875,0.6867393644017126,26624.875,-56.12840999999997
2023-12-20 16:00:00,16_20,20380.0625,0.5844931830515149,20380.0625,-41.62090999999998
2023-12-20 20:00:00,20_24,28639.75,0.6600056354157591,28639.75,-57.20340999999998
2023-12-21 00:00:00,00_04,46703.5625,0.9822121594074352,46703.5625,-102.75516
2023-12-21 04:00:00,04_08,42954.625,0.9075335060589934,42954.625,-105.31766
2023-12-21 08:00:00,08_12,36805.0625,0.8249526061709395,36805.0625,-86.02515999999999
2023-12-21 12:00:00,12_16,38606.4375,0.8537248115339363,38606.4375,-107.06016
2023-12-21 16:00:00,16_20,37772.125,0.8381534047412807,37772.125,-87.69515999999999
2023-12-21 20:00:00,20_24,46458.0625,0.9809317246739188,46458.0625,-95.42516
2023-12-22 00:00:00,00_04,47240.0,1.0662005797867509,50245.8125,-125.69219
2023-12-22 04:00:00,04_08,43832.625,0.9349020928335944,43832.625,-117.56719
2023-12-22 08:00:00,08_12,34279.1875,0.7960127798795591,34279.1875,-93.59469
2023-12-22 12:00:00,12_16,33623.8125,0.7838252177286759,33623.8125,-96.84219
2023-12-22 16:00:00,16_20,27895.4375,0.6883839029610843,27895.4375,-81.55469
2023-12-22 20:00:00,20_24,38801.1875,0.8399870587440582,38801.1875,-102.45719
2023-12-23 00:00:00,00_04,47240.0,1.0569615530366765,49673.1875,-123.44469
2023-12-23 04:00:00,04_08,44126.9375,0.9282051060296814,44126.9375,-121.56469
2023-12-23 08:00:00,08_12,30227.0,0.6750829874775746,30227.0,-86.03969
2023-12-23 12:00:00,12_16,26426.4375,0.6104763642573579,26426.4375,-72.63469
2023-12-23 16:00:00,16_20,22265.0,0.530591435995508,22265.0,-59.90219
2023-12-23 20:00:00,20_24,31887.6875,0.6738958137237852,31887.6875,-92.62219
2023-12-24 00:00:00,00_04,42000.125,0.8629883118920615,42000.125,-123.34219
2023-12-24 04:00:00,04_08,47240.0,1.0225914211235232,48082.8125,-126.97969
2023-12-24 08:00:00,08_12,44324.0625,0.937578687245876,44324.0625,-126.71468999999998
2023-12-24 12:00:00,12_16,45308.5625,0.9605454666162788,45308.5625,-125.81219
2023-12-24 16:00:00,16_20,45055.875,0.9558953634978792,45055.875,-127.78468999999998
2023-12-24 20:00:00,20_24,47240.0,1.0488667762973902,49424.125,-127.70968999999997
2023-12-25 00:00:00,00_04,47240.0,1.2244325392197886,55419.5,-132.07469
2023-12-25 04:00:00,04_08,47240.0,1.1948037038560129,54345.5625,-131.87219000000002
2023-12-25 08:00:00,08_12,44191.0625,0.9331370605964664,44191.0625,-123.25719
2023-12-25 12:00:00,12_16,38731.3125,0.8213298125747254,38731.3125,-122.10719
2023-12-25 16:00:00,16_20,31469.5625,0.6744377782078576,31469.5625,-106.49719
2023-12-25 20:00:00,20_24,40811.5,0.8548113433931369,40811.5,-118.09718999999998
2023-12-26 00:00:00,00_04,47240.0,1.0206148251795126,48008.875,-123.41468999999998
2023-12-26 04:00:00,04_08,47240.0,1.1345985342308258,52222.8125,-124.66468999999998
2023-12-26 08:00:00,08_12,46301.5625,0.9799041717413708,46301.5625,-123.02469
2023-12-26 12:00:00,12_16,45015.625,0.9537669720289532,45015.625,-120.07719
2023-12-26 16:00:00,16_20,34755.5625,0.7462631964706944,34755.5625,-70.95468999999999
2023-12-26 20:00:00,20_24,31135.375,0.6470591458161262,31135.375,-74.41969
2023-12-27 00:00:00,00_04,26467.0,0.4843722123709836,26467.0,-74.23482999999999
2023-12-27 04:00:00,04_08,10317.3125,0.2314048296507929,10317.3125,-62.84732999999999
2023-12-27 08:00:00,08_12,3739.625,0.2653398565525103,3739.625,-46.61232999999999
2023-12-27 12:00:00,12_16,9575.5,0.3672869221392671,9575.5,-50.09482999999998
2023-12-27 16:00:00,16_20,15607.75,0.4667079715207246,15607.75,-50.08733
2023-12-27 20:00:00,20_24,34679.6875,0.754625384456657,34679.6875,-100.79233
2023-12-28 00:00:00,00_04,42754.0,0.8981451392032513,42754.0,-129.48269
2023-12-28 04:00:00,04_08,35742.0,0.7767302772424306,35742.0,-124.98019
2023-12-28 08:00:00,08_12,29913.0,0.7219139978875125,29913.0,-98.53519
2023-12-28 12:00:00,12_16,30204.0625,0.7288703919405648,30204.0625,-117.31019
2023-12-28 16:00:00,16_20,27269.6875,0.677134634933017,27269.6875,-85.67268999999999
2023-12-28 20:00:00,20_24,38233.3125,0.8307749216153693,38233.3125,-115.46518999999998
2023-12-29 00:00:00,00_04,46910.4375,0.9924805596870726,46910.4375,-122.34268999999998
2023-12-29 04:00:00,04_08,40633.0,0.8691746314224932,40633.0,-122.34269
2023-12-29 08:00:00,08_12,36995.75,0.8310371380593207,36995.75,-120.62769
2023-12-29 12:00:00,12_16,37556.6875,0.8397117702438469,37556.6875,-118.56769
2023-12-29 16:00:00,16_20,30892.9375,0.7257048952016998,30892.9375,-102.29519
2023-12-29 20:00:00,20_24,38421.6875,0.8274918937952688,38421.6875,-107.78768999999998
2023-12-30 00:00:00,00_04,44800.75,0.9519991129319352,44800.75,-113.91769
2023-12-30 04:00:00,04_08,43716.625,0.9275180642248289,43716.625,-109.73269
2023-12-30 08:00:00,08_12,36342.0,0.7972550375928976,36342.0,-94.89019
2023-12-30 12:00:00,12_16,31300.625,0.7079040139697979,31300.625,-84.16519
2023-12-30 16:00:00,16_20,15657.4375,0.4046524108814655,15657.4375,-44.40019
2023-12-30 20:00:00,20_24,21191.125,0.4518166697369439,21191.125,-66.77768999999999
2023-12-31 00:00:00,00_04,29677.8125,0.5661766562709125,29677.8125,-106.16019
2023-12-31 04:00:00,04_08,32980.75,0.6470236600031161,32980.75,-119.14269
2023-12-31 08:00:00,08_12,34514.8125,0.7440190085087187,34514.8125,-110.54268999999998
2023-12-31 12:00:00,12_16,34668.6875,0.7582160759473269,34668.6875,-110.08768999999998
2023-12-31 16:00:00,16_20,29399.125,0.6654774436855613,29399.125,-99.86768999999998
2023-12-31 20:00:00,20_24,36865.5,0.7846720391799262,36865.5,-112.92269
2024-01-01 00:00:00,00_04,42710.0,0.9146120576908208,42710.0,-119.36269
2024-01-01 04:00:00,04_08,41753.5625,0.8894508979534097,41753.5625,-119.41769
2024-01-01 08:00:00,08_12,38186.1875,0.8342429067940603,38186.1875,-119.22768999999998
2024-01-01 12:00:00,12_16,35640.0,0.7912430993740733,35640.0,-117.16269
2024-01-01 16:00:00,16_20,25636.375,0.6057863245997618,25636.375,-68.07768999999999
2024-01-01 20:00:00,20_24,25855.6875,0.5779920656896853,25855.6875,-75.98769
2024-01-02 00:00:00,00_04,27774.9375,0.5669241512389336,27774.9375,-92.00371
2024-01-02 04:00:00,04_08,26351.875,0.6097540945870449,26351.875,-84.37620999999999
2024-01-02 08:00:00,08_12,20927.125,0.5965798498470665,20927.125,-48.79370999999999
2024-01-02 12:00:00,12_16,17778.0,0.5423211049690103,17778.0,-37.96621
2024-01-02 16:00:00,16_20,16779.5625,0.5297853672590128,16779.5625,-41.39621
2024-01-02 20:00:00,20_24,33309.375,0.7624003072257957,33309.375,-79.16620999999999
2024-01-03 00:00:00,00_04,44227.375,0.9604567244037232,44227.375,-117.00941
2024-01-03 04:00:00,04_08,39203.75,0.8696771733543129,39203.75,-106.28190999999998
2024-01-03 08:00:00,08_12,31907.75,0.7780707341519654,31907.75,-58.00190999999998
2024-01-03 12:00:00,12_16,30745.625,0.7582067068638635,30745.625,-56.94190999999998
2024-01-03 16:00:00,16_20,18999.75,0.5757286586895506,18999.75,-36.56190999999998
2024-01-03 20:00:00,20_24,23274.375,0.5860239710321508,23274.375,-50.08940999999999
2024-01-04 00:00:00,00_04,37690.8125,0.8145442498736446,37690.8125,-75.78465
2024-01-04 04:00:00,04_08,29425.0,0.7087960637294102,30697.375,-56.49465000000001
2024-01-04 08:00:00,08_12,17823.4375,0.5586515497286758,17823.4375,-27.26715
2024-01-04 12:00:00,12_16,11989.6875,0.4670470573780563,11989.6875,-28.347150000000003
2024-01-04 16:00:00,16_20,0.0,0.2251656989482909,-3630.8125,8.057849999999998
2024-01-04 20:00:00,20_24,38.375,0.170429571785507,38.375,-22.27215
2024-01-05 00:00:00,00_04,14266.9375,0.3141411593684062,14266.9375,-43.43878
2024-01-05 04:00:00,04_08,15573.1875,0.414571568971908,15573.1875,-43.12128
2024-01-05 08:00:00,08_12,12119.0625,0.4615262685674409,12119.0625,-27.891279999999995
2024-01-05 12:00:00,12_16,13508.25,0.4752289153208361,13508.25,-27.58128
2024-01-05 16:00:00,16_20,8823.6875,0.4079054596587663,8823.6875,-16.951279999999997
2024-01-05 20:00:00,20_24,14867.4375,0.4289274052555312,14867.4375,-28.641279999999995
2024-01-06 00:00:00,00_04,22564.125,0.4634305622283148,22564.125,-47.53877999999997
2024-01-06 04:00:00,04_08,20093.75,0.4148429621245325,20093.75,-49.41377999999997
2024-01-06 08:00:00,08_12,10491.625,0.3448719150319764,10491.625,-30.84627999999998
2024-01-06 12:00:00,12_16,9468.9375,0.338096022633663,9468.9375,-29.931279999999983
2024-01-06 16:00:00,16_20,7480.3125,0.3251465071702009,7480.3125,-23.748779999999982
2024-01-06 20:00:00,20_24,15963.5,0.3972936693622519,15963.5,-38.79127999999999
2024-01-07 00:00:00,00_04,21493.3125,0.4651707855636922,21493.3125,-47.32878
2024-01-07 04:00:00,04_08,21820.25,0.4736112041919089,21820.25,-51.72628
2024-01-07 08:00:00,08_12,14980.125,0.4229492711731428,14980.125,-40.12378
2024-01-07 12:00:00,12_16,15299.625,0.4459143910347602,15299.625,-39.40378
2024-01-07 16:00:00,16_20,10468.125,0.3874613163754387,10468.125,-24.96128
2024-01-07 20:00:00,20_24,15228.25,0.4252606162460627,15228.25,-33.648779999999995
2024-01-08 00:00:00,00_04,20353.9375,0.4710250837687748,20353.9375,-41.24412
2024-01-08 04:00:00,04_08,11071.9375,0.3945121415216043,11071.9375,-32.81661999999999
2024-01-08 08:00:00,08_12,2851.3125,0.3900179691015163,2851.3125,-11.176619999999993
2024-01-08 12:00:00,12_16,5651.125,0.422928595340053,5651.125,-25.29161999999999
2024-01-08 16:00:00,16_20,0.0,0.3129278585432904,-1620.5,0.2208800000000081
2024-01-08 20:00:00,20_24,4916.0625,0.3281062026285526,4916.0625,-22.184119999999997
2024-01-09 00:00:00,00_04,12268.1875,0.3221995324494454,12268.1875,-31.97339999999999
2024-01-09 04:00:00,04_08,0.0,0.232291528930892,1561.125,-16.16589999999999
2024-01-09 08:00:00,08_12,0.0,0.2961162381373706,-3510.875,0.2216000000000093
2024-01-09 12:00:00,12_16,0.0,0.3144579158962169,-1630.25,-10.225899999999992
2024-01-09 16:00:00,16_20,0.0,0.1713325814526791,-11442.5625,15.421600000000012
2024-01-09 20:00:00,20_24,0.0,0.189561828235795,-3466.8125,-9.260899999999989
2024-01-10 00:00:00,00_04,5016.9375,0.1933425061969597,5016.9375,-28.42856999999999
2024-01-10 04:00:00,04_08,0.0,0.15989698100235,-3350.5,-13.016069999999996
2024-01-10 08:00:00,08_12,0.0,0.2379315332154022,-8138.75,9.193930000000002
2024-01-10 12:00:00,12_16,0.0,0.2308892822791016,-8141.25,-4.513569999999998
2024-01-10 16:00:00,16_20,0.0,0.0907663518637828,-17714.375,21.99893
2024-01-10 20:00:00,20_24,0.0,0.0821977749224625,-10383.375,-8.076069999999994
2024-01-11 00:00:00,00_04,3416.0,0.0894415849353727,3416.0,-26.94545999999999
2024-01-11 04:00:00,04_08,0.0,0.1222601000124169,-2249.8125,-16.87795999999999
2024-01-11 08:00:00,08_12,0.0,0.2255229647835881,-5800.75,8.134540000000012
2024-01-11 12:00:00,12_16,0.0,0.2408103698434474,-4078.9375,-8.857959999999991
2024-01-11 16:00:00,16_20,0.0,0.0939499160323329,-13976.4375,24.67204000000001
2024-01-11 20:00:00,20_24,0.0,0.0812698412698412,-7099.5625,-8.865459999999992
2024-01-12 00:00:00,00_04,3643.4375,0.0942650585842987,3643.4375,-25.32471999999999
2024-01-12 04:00:00,04_08,0.0,0.1347761555360977,-1342.5625,-17.61971999999999
2024-01-12 08:00:00,08_12,0.0,0.19988848489392,-6904.4375,15.507780000000018
2024-01-12 12:00:00,12_16,0.0,0.248066529022175,-2615.75,-6.452219999999986
2024-01-12 16:00:00,16_20,0.0,0.1919456401932189,-6370.9375,10.640280000000011
2024-01-12 20:00:00,20_24,4948.75,0.263517057456989,4948.75,-16.097219999999986
2024-01-13 00:00:00,00_04,20737.6875,0.4320329125873257,20737.6875,-30.507219999999982
2024-01-13 04:00:00,04_08,24226.625,0.5214804969786325,24226.625,-36.81471999999998
2024-01-13 08:00:00,08_12,23696.5625,0.5883366244640845,23696.5625,-37.54971999999998
2024-01-13 12:00:00,12_16,30275.3125,0.7090769161629553,30275.3125,-46.739719999999984
2024-01-13 16:00:00,16_20,27462.9375,0.6634361653003846,27462.9375,-40.71721999999998
2024-01-13 20:00:00,20_24,30006.0,0.7540390306573969,34039.0625,-46.51221999999999
2024-01-14 00:00:00,00_04,39589.125,0.8381230683274432,39589.125,-51.14222
2024-01-14 04:00:00,04_08,35762.625,0.7490461100691974,35762.625,-47.19971999999999
2024-01-14 08:00:00,08_12,26762.625,0.6160952571464815,26762.625,-34.322219999999994
2024-01-14 12:00:00,12_16,27578.3125,0.6423211760005406,27578.3125,-34.68471999999999
2024-01-14 16:00:00,16_20,21562.6875,0.5486723555991072,21562.6875,-23.319719999999997
2024-01-14 20:00:00,20_24,30006.0,0.6891960654438756,30743.9375,-38.86471999999999
2024-01-15 00:00:00,00_04,40075.8125,0.8691932826625687,40075.8125,-50.62804999999999
2024-01-15 04:00:00,04_08,29781.375,0.7050457462788474,29781.375,-41.57804999999999
2024-01-15 08:00:00,08_12,15554.3125,0.5576748872669586,15554.3125,-19.165549999999985
2024-01-15 12:00:00,12_16,13344.0625,0.5280751333242357,13344.0625,-30.360549999999986
2024-01-15 16:00:00,16_20,6100.0625,0.4140611728234649,6100.0625,-8.55804999999999
2024-01-15 20:00:00,20_24,10946.0,0.4023683085475106,10946.0,-22.818049999999985
2024-01-16 00:00:00,00_04,18648.1875,0.4385661081747958,18648.1875,-30.84711999999999
2024-01-16 04:00:00,04_08,0.0,0.3669236689961602,9790.875,-19.18961999999999
2024-01-16 08:00:00,08_12,0.0,0.2845268856731682,-4014.875,17.672880000000013
2024-01-16 12:00:00,12_16,0.0,0.2965059533670919,-2851.6875,-9.839619999999986
2024-01-16 16:00:00,16_20,0.0,0.2510173537556833,-5219.875,8.650380000000013
2024-01-16 20:00:00,20_24,7867.25,0.3548182325053878,7867.25,-25.64711999999999
2024-01-17 00:00:00,00_04,19619.875,0.4610382391464077,19619.875,-37.68354999999998
2024-01-17 04:00:00,04_08,13162.625,0.4205814555257254,13162.625,-33.571049999999985
2024-01-17 08:00:00,08_12,0.0,0.2774829955877278,-4137.25,-2.551049999999986
2024-01-17 12:00:00,12_16,0.0,0.1388065001910498,-13886.75,13.078950000000011
2024-01-17 16:00:00,16_20,0.0,0.0896124354952671,-16107.375,18.16395000000002
2024-01-17 20:00:00,20_24,0.0,0.1229754087601289,-5382.0,-11.238549999999982
2024-01-18 00:00:00,00_04,4499.0625,0.1540644856777441,4499.0625,-27.211599999999997
2024-01-18 04:00:00,04_08,0.0,0.1427375654349879,-2734.5,-14.004099999999998
2024-01-18 08:00:00,08_12,0.0,0.1622958895637133,-12071.75,12.333400000000008
2024-01-18 12:00:00,12_16,0.0,0.203649897751987,-9007.0625,-13.931599999999992
2024-01-18 16:00:00,16_20,0.0,0.2252821641866585,-7405.0625,-3.896599999999992
2024-01-18 20:00:00,20_24,8369.625,0.3602143655830259,8369.625,-23.236599999999992
2024-01-19 00:00:00,00_04,20044.375,0.4807921387323445,20044.375,-38.6769
2024-01-19 04:00:00,04_08,14085.75,0.4514476476660461,14085.75,-31.181899999999995
2024-01-19 08:00:00,08_12,6407.625,0.435707709256181,6407.625,-7.946899999999992
2024-01-19 12:00:00,12_16,10808.3125,0.4845338564182833,10808.3125,-29.4469
2024-01-19 16:00:00,16_20,9377.8125,0.456128291336713,9377.8125,-17.101899999999993
2024-01-19 20:00:00,20_24,20993.3125,0.5701212549384548,20993.3125,-35.529399999999995
2024-01-20 00:00:00,00_04,33423.8125,0.7249045908366732,33423.8125,-42.17689999999999
2024-01-20 04:00:00,04_08,31926.25,0.6992662584459459,31926.25,-42.6069
2024-01-20 08:00:00,08_12,26767.75,0.6599728127221564,26767.75,-32.05689999999999
2024-01-20 12:00:00,12_16,25042.0,0.6308936768681782,25042.0,-33.62689999999999
2024-01-20 16:00:00,16_20,13670.875,0.4380573819744344,13670.875,-12.33689999999999
2024-01-20 20:00:00,20_24,19828.0,0.4890990354298016,19828.0,-30.49939999999999
2024-01-21 00:00:00,00_04,28392.25,0.608898740321403,28392.25,-48.041899999999984
2024-01-21 04:00:00,04_08,33880.375,0.7302697193058991,33880.375,-59.284399999999984
2024-01-21 08:00:00,08_12,36693.0625,0.823971828990922,36693.0625,-55.53439999999999
2024-01-21 12:00:00,12_16,37468.3125,0.8443749105673607,37468.3125,-63.26939999999999
2024-01-21 16:00:00,16_20,29792.625,0.7152606396100051,29792.625,-49.00439999999999
2024-01-21 20:00:00,20_24,34564.5,0.7824907336685301,34564.5,-57.19439999999999
2024-01-22 00:00:00,00_04,44527.8125,0.9647461113184598,44527.8125,-83.33726999999999
2024-01-22 04:00:00,04_08,37289.375,0.8431845650362308,37289.375,-72.46977
2024-01-22 08:00:00,08_12,27172.3125,0.7299053170833574,27172.3125,-42.42476999999999
2024-01-22 12:00:00,12_16,24478.1875,0.6939114436706673,24478.1875,-46.07726999999999
2024-01-22 16:00:00,16_20,20416.4375,0.6338113160595975,20416.4375,-33.909769999999995
2024-01-22 20:00:00,20_24,31528.3125,0.7549055304794728,31528.3125,-46.62226999999999
2024-01-23 00:00:00,00_04,42073.0,0.9163161537302492,42073.0,-91.93764
2024-01-23 04:00:00,04_08,30006.0,0.7847632800323394,33723.125,-55.49763999999999
2024-01-23 08:00:00,08_12,23674.3125,0.6801895502136571,23674.3125,-37.02513999999999
2024-01-23 12:00:00,12_16,23533.9375,0.6770433532609471,23533.9375,-37.93014
2024-01-23 16:00:00,16_20,14726.9375,0.5470177744962091,14726.9375,-22.005139999999987
2024-01-23 20:00:00,20_24,30319.5,0.7324208342697844,30319.5,-53.32764
2024-01-24 00:00:00,00_04,42463.25,0.927140639995478,42463.25,-103.78024
2024-01-24 04:00:00,04_08,36627.5,0.8373783512007227,36627.5,-90.31524
2024-01-24 08:00:00,08_12,28357.75,0.7494355309525986,28357.75,-52.46774
2024-01-24 12:00:00,12_16,30565.125,0.779914032637978,30565.125,-60.58524
2024-01-24 16:00:00,16_20,24626.125,0.691531032952124,24626.125,-51.16774
2024-01-24 20:00:00,20_24,31814.75,0.758986026167879,31814.75,-62.58274
2024-01-25 00:00:00,00_04,38216.1875,0.8413856891236792,38216.1875,-59.94510999999999
2024-01-25 04:00:00,04_08,25953.375,0.6487335620447627,25953.375,-43.02260999999999
2024-01-25 08:00:00,08_12,9308.125,0.4663470760900645,9308.125,-18.74760999999999
2024-01-25 12:00:00,12_16,1712.625,0.363312092560717,1712.625,-20.912609999999997
2024-01-25 16:00:00,16_20,0.0,0.2035403878488141,-8424.125,5.682390000000009
2024-01-25 20:00:00,20_24,1203.375,0.2394458510182831,1203.375,-21.117609999999992
2024-01-26 00:00:00,00_04,12952.1875,0.3465558472216245,12952.1875,-42.73267999999999
2024-01-26 04:00:00,04_08,14676.0625,0.4533864014562275,14676.0625,-43.05767999999998
2024-01-26 08:00:00,08_12,18641.9375,0.5970336063796402,18641.9375,-36.00767999999998
2024-01-26 12:00:00,12_16,28220.4375,0.7331108459353765,28220.4375,-53.45267999999999
2024-01-26 16:00:00,16_20,22129.0625,0.6405740140616064,22129.0625,-43.70017999999999
2024-01-26 20:00:00,20_24,24871.0,0.6341312054833937,24871.0,-43.62267999999997
2024-01-27 00:00:00,00_04,31314.875,0.691659606819488,31314.875,-47.46767999999999
2024-01-27 04:00:00,04_08,27331.625,0.6099952640119254,27331.625,-43.52768
2024-01-27 08:00:00,08_12,21619.75,0.5725863667425473,21619.75,-36.78517999999999
2024-01-27 12:00:00,12_16,22409.875,0.5838617900863593,22409.875,-42.44517999999999
2024-01-27 16:00:00,16_20,4829.4375,0.2785456013001674,4829.4375,-11.547679999999987
2024-01-27 20:00:00,20_24,10222.625,0.2940435670106383,10222.625,-25.625179999999997
2024-01-28 00:00:00,00_04,15285.125,0.2808682984615877,15285.125,-41.43518
2024-01-28 04:00:00,04_08,14772.75,0.2737057000092532,14772.75,-41.83518
2024-01-28 08:00:00,08_12,22861.3125,0.5495457082047924,22861.3125,-50.35018
2024-01-28 12:00:00,12_16,26020.125,0.6221278530998616,26020.125,-56.07268
2024-01-28 16:00:00,16_20,15755.375,0.4533456904541242,15755.375,-31.125179999999997
2024-01-28 20:00:00,20_24,23802.25,0.5715520564706333,23802.25,-43.04268
2024-01-29 00:00:00,00_04,27996.25,0.6161004283096293,27996.25,-54.7273
2024-01-29 04:00:00,04_08,14156.625,0.4361673319228288,14156.625,-31.7548
2024-01-29 08:00:00,08_12,7662.5,0.4429202687636816,7662.5,-18.6248
2024-01-29 12:00:00,12_16,988.25,0.3494591965385699,988.25,-21.712300000000003
2024-01-29 16:00:00,16_20,0.0,0.1373741563049408,-13108.4375,12.110200000000004
2024-01-29 20:00:00,20_24,0.0,0.1637014049704724,-4006.25,-17.437299999999993
2024-01-30 00:00:00,00_04,7736.25,0.2667595950104872,7736.25,-36.24728999999998
2024-01-30 04:00:00,04_08,4136.375,0.2983452967198063,4136.375,-29.23728999999998
2024-01-30 08:00:00,08_12,4169.0625,0.4103347759093318,4169.0625,-23.60478999999998
2024-01-30 12:00:00,12_16,4752.4375,0.4246565946588433,4752.4375,-33.69478999999998
2024-01-30 16:00:00,16_20,894.6875,0.3709034065003582,894.6875,-15.214789999999985
2024-01-30 20:00:00,20_24,10679.0625,0.4419426295885715,10679.0625,-27.99228999999998
2024-01-31 00:00:00,00_04,21324.25,0.4956033609862683,21324.25,-36.17547999999999
2024-01-31 04:00:00,04_08,0.0,0.3133000300600457,5763.1875,-22.837979999999995
2024-01-31 08:00:00,08_12,0.0,0.3231121293581689,-1767.4375,-13.430479999999989
2024-01-31 12:00:00,12_16,5473.125,0.4302038330377012,5473.125,-35.55047999999999
2024-01-31 16:00:00,16_20,2598.4375,0.3919778605767554,2598.4375,-24.34297999999999
2024-01-31 20:00:00,20_24,21680.9375,0.61298227938126,21680.9375,-52.63297999999999
2024-02-01 00:00:00,00_04,35872.4375,0.7973292162338381,35872.4375,-63.95590999999999
2024-02-01 04:00:00,04_08,24702.5,0.6289274609495699,24702.5,-42.95840999999999
2024-02-01 08:00:00,08_12,14444.25,0.5461031720270015,14444.25,-22.383409999999984
2024-02-01 12:00:00,12_16,20213.875,0.6256211370504193,20213.875,-40.13591
2024-02-01 16:00:00,16_20,5818.5625,0.4256947230492646,5818.5625,-16.998409999999986
2024-02-01 20:00:00,20_24,10762.3125,0.4230842867006532,10762.3125,-25.173409999999983
2024-02-02 00:00:00,00_04,23350.125,0.5290677501531714,23350.125,-47.13401
2024-02-02 04:00:00,04_08,17142.9375,0.4853192809805616,17142.9375,-43.30151
2024-02-02 08:00:00,08_12,12365.1875,0.5025797088653695,12365.1875,-23.57401
2024-02-02 12:00:00,12_16,21635.1875,0.6319715358544166,21635.1875,-49.04901
2024-02-02 16:00:00,16_20,21823.75,0.6339528030251772,21823.75,-45.47400999999999
2024-02-02 20:00:00,20_24,31844.4375,0.7506956152850446,31844.4375,-59.65401
2024-02-03 00:00:00,00_04,42211.375,0.9137667827391937,42211.375,-91.55151
2024-02-03 04:00:00,04_08,40416.875,0.8763113544547749,40416.875,-88.26401000000001
2024-02-03 08:00:00,08_12,33542.875,0.7737352423001236,33542.875,-65.75901
2024-02-03 12:00:00,12_16,34543.875,0.7903791842006207,34543.875,-68.84900999999999
2024-02-03 16:00:00,16_20,26273.4375,0.6424362442040186,26273.4375,-44.82401000000001
2024-02-03 20:00:00,20_24,32090.0,0.7172071722600302,32090.0,-56.484010000000005
2024-02-04 00:00:00,00_04,42028.0625,0.9001589801161836,42028.0625,-93.09651
2024-02-04 04:00:00,04_08,45117.5625,0.9744419866672338,45117.5625,-105.14651
2024-02-04 08:00:00,08_12,42165.0625,0.9201905072760772,42165.0625,-94.81401
2024-02-04 12:00:00,12_16,43843.875,0.954537789042241,43843.875,-94.43901
2024-02-04 16:00:00,16_20,36946.1875,0.828145016653856,36946.1875,-70.52901
2024-02-04 20:00:00,20_24,42684.0,0.9295696371371118,42684.0,-85.76401000000001
2024-02-05 00:00:00,00_04,46169.0,1.0029140483544574,46297.25,-105.44965
2024-02-05 04:00:00,04_08,36920.5625,0.8310589030445361,36920.5625,-80.82964999999999
2024-02-05 08:00:00,08_12,31890.1875,0.7901707851340243,31890.1875,-52.32714999999998
2024-02-05 12:00:00,12_16,38966.1875,0.8913841511055736,38966.1875,-88.82964999999999
2024-02-05 16:00:00,16_20,26037.6875,0.6978848251611166,26037.6875,-40.43964999999999
2024-02-05 20:00:00,20_24,34614.25,0.7990768725825506,34614.25,-49.43214999999999
2024-02-06 00:00:00,00_04,45736.25,0.9907365784741844,45736.25,-86.33371999999997
2024-02-06 04:00:00,04_08,37408.375,0.8441691560098321,37408.375,-69.67371999999997
2024-02-06 08:00:00,08_12,32036.9375,0.7938772012667482,32036.9375,-46.641219999999976
2024-02-06 12:00:00,12_16,36951.8125,0.8628296483286099,36951.8125,-60.53621999999999
2024-02-06 16:00:00,16_20,28334.875,0.7345097502858701,28334.875,-43.891219999999976
2024-02-06 20:00:00,20_24,34590.4375,0.7995392552772476,34590.4375,-48.428719999999984
2024-02-07 00:00:00,00_04,42133.25,0.9164073220619838,42133.25,-65.26889999999999
2024-02-07 04:00:00,04_08,28435.125,0.6820821489275642,28435.125,-35.72639999999999
2024-02-07 08:00:00,08_12,10513.0625,0.4733710823265294,10513.0625,-21.698899999999988
2024-02-07 12:00:00,12_16,4637.75,0.3730238930262707,4637.75,-24.271399999999996
2024-02-07 16:00:00,16_20,0.0,0.1695961632395957,-8870.0625,11.19110000000001
2024-02-07 20:00:00,20_24,0.0,0.1831690862286354,-475.3125,-17.02639999999999
2024-02-08 00:00:00,00_04,7787.9375,0.2156244890868961,7787.9375,-30.443229999999986
2024-02-08 04:00:00,04_08,0.0,0.1531647870743759,-1579.0625,-16.29572999999999
2024-02-08 08:00:00,08_12,0.0,0.1641764133139402,-10326.5625,5.649270000000016
2024-02-08 12:00:00,12_16,0.0,0.1944173190011316,-7710.9375,-11.030729999999988
2024-02-08 16:00:00,16_20,0.0,0.2065891674920502,-7101.0,-9.255729999999986
2024-02-08 20:00:00,20_24,7010.1875,0.3309259634996743,7010.1875,-27.093229999999988
2024-02-09 00:00:00,00_04,23445.75,0.5412340694006309,23445.75,-43.81827
2024-02-09 04:00:00,04_08,22727.375,0.5854882310424628,22727.375,-43.37826999999999
2024-02-09 08:00:00,08_12,13934.0,0.5269671639491308,13934.0,-30.92577
2024-02-09 12:00:00,12_16,10295.25,0.4669997260617429,10295.25,-27.82327
2024-02-09 16:00:00,16_20,0.0,0.2987814912402348,-1235.5625,-8.398269999999993
2024-02-09 20:00:00,20_24,7667.6875,0.3338858864314153,7667.6875,-25.04327
2024-02-10 00:00:00,00_04,13946.625,0.3207562643935877,13946.625,-33.790769999999995
2024-02-10 04:00:00,04_08,10522.1875,0.2547639061735713,10522.1875,-28.783270000000005
2024-02-10 08:00:00,08_12,8862.4375,0.3405420087249103,8862.4375,-22.25827
2024-02-10 12:00:00,12_16,8615.75,0.3308554672483617,8615.75,-27.35327
2024-02-10 16:00:00,16_20,3123.0,0.2425462162719664,3123.0,-11.85577
2024-02-10 20:00:00,20_24,13529.875,0.355122575334178,13529.875,-29.89327
2024-02-11 00:00:00,00_04,22214.875,0.4963814321469784,22214.875,-45.64326999999999
2024-02-11 04:00:00,04_08,23164.4375,0.5173948149820278,23164.4375,-49.72826999999998
2024-02-11 08:00:00,08_12,14973.25,0.4391448798060671,14973.25,-37.85576999999998
2024-02-11 12:00:00,12_16,12341.4375,0.4028297995214916,12341.4375,-33.535769999999985
2024-02-11 16:00:00,16_20,1846.4375,0.2454321644968865,1846.4375,-20.375769999999985
2024-02-11 20:00:00,20_24,7667.75,0.2960762783783097,7667.75,-27.820769999999985
2024-02-12 00:00:00,00_04,13065.9375,0.3258799109270918,13065.9375,-35.721979999999995
2024-02-12 04:00:00,04_08,4857.1875,0.2950127610576945,4857.1875,-25.81197999999999
2024-02-12 08:00:00,08_12,0.0,0.3439973893026304,-488.375,-5.9394799999999925
2024-02-12 12:00:00,12_16,6425.4375,0.4389109607903401,6425.4375,-31.84947999999999
2024-02-12 16:00:00,16_20,0.0,0.2840500918635536,-4462.6875,-7.866979999999991
2024-02-12 20:00:00,20_24,6694.4375,0.3769893996795936,6694.4375,-27.60197999999999
2024-02-13 00:00:00,00_04,15997.9375,0.4267862839636446,15997.9375,-30.27388999999998
2024-02-13 04:00:00,04_08,9519.9375,0.3991555689208974,9519.9375,-25.60888999999998
2024-02-13 08:00:00,08_12,7854.875,0.4733118351582318,7854.875,-20.413889999999988
2024-02-13 12:00:00,12_16,11278.75,0.5146134879643183,11278.75,-31.091389999999983
2024-02-13 16:00:00,16_20,0.0,0.2462277053773962,-7105.1875,-3.678889999999985
2024-02-13 20:00:00,20_24,3398.875,0.3220750955343093,3398.875,-23.998889999999985
2024-02-14 00:00:00,00_04,17986.4375,0.4619112922184781,17986.4375,-36.54162
2024-02-14 04:00:00,04_08,11890.3125,0.4354139565599909,11890.3125,-31.80662
2024-02-14 08:00:00,08_12,5350.25,0.4336317461020063,5350.25,-25.039120000000004
2024-02-14 12:00:00,12_16,5646.25,0.4290617924002439,5646.25,-27.24412
2024-02-14 16:00:00,16_20,0.0,0.2942224963638447,-3606.1875,-10.781620000000004
2024-02-14 20:00:00,20_24,4782.4375,0.337059374135767,4782.4375,-24.63162
2024-02-15 00:00:00,00_04,15228.875,0.390208066226104,15228.875,-31.97773999999998
2024-02-15 04:00:00,04_08,4415.1875,0.2724961059595297,4415.1875,-22.255239999999983
2024-02-15 08:00:00,08_12,0.0,0.3102997603612001,-2043.5,-16.307739999999978
2024-02-15 12:00:00,12_16,1825.375,0.3667140755179559,1825.375,-23.255239999999983
2024-02-15 16:00:00,16_20,0.0,0.2447706698940928,-5053.75,-10.55773999999998
2024-02-15 20:00:00,20_24,7709.4375,0.3564695782066554,7709.4375,-28.84023999999998
2024-02-16 00:00:00,00_04,20314.125,0.4980273043143722,20314.125,-42.443380000000005
2024-02-16 04:00:00,04_08,14243.5625,0.4573928273099412,14243.5625,-34.473380000000006
2024-02-16 08:00:00,08_12,13568.0,0.5429348827753151,13568.0,-32.15838
2024-02-16 12:00:00,12_16,15391.9375,0.5574872632950832,15391.9375,-37.583380000000005
2024-02-16 16:00:00,16_20,6153.125,0.4066795076882896,6153.125,-18.643380000000004
2024-02-16 20:00:00,20_24,13759.5625,0.4532898288181959,13759.5625,-25.350880000000004
2024-02-17 00:00:00,00_04,18452.1875,0.4883925756592573,18452.1875,-35.54837999999999
2024-02-17 04:00:00,04_08,18312.8125,0.4893806488707517,18312.8125,-36.21837999999999
2024-02-17 08:00:00,08_12,13213.5625,0.4799216328740525,13213.5625,-29.038379999999982
2024-02-17 12:00:00,12_16,10964.6875,0.436907606484707,10964.6875,-31.403379999999988
2024-02-17 16:00:00,16_20,0.0,0.0988945478604263,-7961.0625,-0.9358799999999832
2024-02-17 20:00:00,20_24,0.0,0.0522291440779639,-5094.4375,-17.498379999999987
2024-02-18 00:00:00,00_04,7148.3125,0.2577307856863263,7148.3125,-37.01088
2024-02-18 04:00:00,04_08,13429.75,0.4162896539090454,13429.75,-43.33588
2024-02-18 08:00:00,08_12,19625.125,0.6334709859989142,19625.125,-48.80838
2024-02-18 12:00:00,12_16,19329.875,0.6346155517238383,19329.875,-47.46338
2024-02-18 16:00:00,16_20,6206.25,0.4013953941074392,6206.25,-21.96838
2024-02-18 20:00:00,20_24,11510.3125,0.4669549724487098,11510.3125,-32.79588
2024-02-19 00:00:00,00_04,24230.875,0.7096900865574208,24230.875,-46.26287999999999
2024-02-19 04:00:00,04_08,11939.3125,0.5312952266146227,11939.3125,-29.007879999999982
2024-02-19 08:00:00,08_12,3043.8125,0.4929641511600769,3043.8125,-15.345379999999988
2024-02-19 12:00:00,12_16,5930.3125,0.5336159784750559,5930.3125,-25.37787999999999
2024-02-19 16:00:00,16_20,0.0,0.3555111639411505,-5063.75,-8.705379999999984
2024-02-19 20:00:00,20_24,4075.8125,0.4191482216054724,4075.8125,-23.88537999999999
2024-02-20 00:00:00,00_04,12745.75,0.4834674121881169,12745.75,-33.83512999999999
2024-02-20 04:00:00,04_08,2070.4375,0.3663503946179358,2070.4375,-22.11262999999999
2024-02-20 08:00:00,08_12,0.0,0.4200801562207696,-2069.5625,-13.75012999999999
2024-02-20 12:00:00,12_16,8410.125,0.5694830969417066,8410.125,-35.567629999999994
2024-02-20 16:00:00,16_20,0.0,0.4063877447106031,-1793.9375,-19.20512999999999
2024-02-20 20:00:00,20_24,11431.875,0.5495596046087561,11431.875,-28.93012999999999
2024-02-21 00:00:00,00_04,21653.4375,0.6612427560610336,21653.4375,-41.40838
2024-02-21 04:00:00,04_08,10686.8125,0.5175117278192725,10686.8125,-28.40088
2024-02-21 08:00:00,08_12,2609.75,0.4888173611424852,2609.75,-19.10588
2024-02-21 12:00:00,12_16,8579.625,0.5732065265914705,8579.625,-33.19088
2024-02-21 16:00:00,16_20,604.5625,0.4426921300739462,604.5625,-21.71088
2024-02-21 20:00:00,20_24,16685.125,0.6383988295691945,16685.125,-45.33588
2024-02-22 00:00:00,00_04,26005.75,0.7637626082085686,26005.75,-59.84839
2024-02-22 04:00:00,04_08,9901.875,0.5093980138143126,9901.875,-31.055889999999994
2024-02-22 08:00:00,08_12,0.0,0.4260358652758256,-1991.1875,-13.853389999999994
2024-02-22 12:00:00,12_16,4046.1875,0.5030651842570342,4046.1875,-21.185889999999997
2024-02-22 16:00:00,16_20,10005.375,0.5887095785426159,10005.375,-28.63839
2024-02-22 20:00:00,20_24,26986.3125,0.8220137954330642,26986.3125,-67.74839
2024-02-23 00:00:00,00_04,35942.0,0.9728875225305664,35942.0,-83.339
2024-02-23 04:00:00,04_08,24159.75,0.7689641300334508,24159.75,-62.0215
2024-02-23 08:00:00,08_12,18265.5,0.719206570644592,18265.5,-36.4015
2024-02-23 12:00:00,12_16,21148.0625,0.754521892472463,21148.0625,-46.41149999999999
2024-02-23 16:00:00,16_20,0.0,0.4165879291275817,-751.6875,-9.401499999999997
2024-02-23 20:00:00,20_24,3605.6875,0.4050790101387966,3605.6875,-17.406499999999994
2024-02-24 00:00:00,00_04,8213.75,0.3477273556597868,8213.75,-24.039
2024-02-24 04:00:00,04_08,6117.0,0.3159468356446082,6117.0,-25.239
2024-02-24 08:00:00,08_12,11862.5,0.5370348429197692,11862.5,-31.0565
2024-02-24 12:00:00,12_16,21032.375,0.70070519130533,21032.375,-46.5215
2024-02-24 16:00:00,16_20,1739.0,0.3612472240453863,1739.0,-14.869
2024-02-24 20:00:00,20_24,10189.75,0.459592317462377,10189.75,-26.924
2024-02-25 00:00:00,00_04,16416.125,0.4988392029343748,16416.125,-29.60649999999999
2024-02-25 04:00:00,04_08,14364.9375,0.4473696516955123,14364.9375,-28.45399999999999
2024-02-25 08:00:00,08_12,17572.625,0.6094738669046911,17572.625,-26.718999999999998
2024-02-25 12:00:00,12_16,18165.375,0.6232726806418162,18165.375,-34.95899999999999
2024-02-25 16:00:00,16_20,0.0,0.1672115361753726,-6521.8125,-4.46149999999999
2024-02-25 20:00:00,20_24,0.0,0.1932834984115118,-3208.4375,-20.296499999999988
2024-02-26 00:00:00,00_04,2968.1875,0.2137054302669347,2968.1875,-30.81372999999999
2024-02-26 04:00:00,04_08,0.0,0.2225606701968796,-4453.1875,-21.066229999999987
2024-02-26 08:00:00,08_12,0.0,0.329699807872566,-7701.3125,-14.573729999999989
2024-02-26 12:00:00,12_16,0.0,0.3622695974931135,-4382.875,-25.638729999999985
2024-02-26 16:00:00,16_20,0.0,0.2708633923237502,-9957.75,-8.021229999999989
2024-02-26 20:00:00,20_24,0.0,0.3117215996845322,-2010.875,-20.383729999999996
2024-02-27 00:00:00,00_04,3218.5625,0.2680855809853477,3218.5625,-31.550699999999992
2024-02-27 04:00:00,04_08,0.0,0.1702863663116497,-8731.375,-16.30069999999999
2024-02-27 08:00:00,08_12,0.0,0.2094241992758252,-16491.1875,-11.340699999999988
2024-02-27 12:00:00,12_16,0.0,0.25720623599837,-11271.9375,-25.078199999999992
2024-02-27 16:00:00,16_20,0.0,0.0762444420187727,-22507.3125,9.804300000000008
2024-02-27 20:00:00,20_24,0.0,0.0907074797444712,-14861.75,-15.905699999999989
2024-02-28 00:00:00,00_04,0.0,0.1152678533452426,-3233.875,-30.22484999999999
2024-02-28 04:00:00,04_08,0.0,0.0931200391370987,-12146.6875,-15.272349999999992
2024-02-28 08:00:00,08_12,0.0,0.2248669643657687,-14043.25,-8.492349999999995
2024-02-28 12:00:00,12_16,0.0,0.3452483799227266,-4358.0625,-27.21734999999999
2024-02-28 16:00:00,16_20,0.0,0.1255771131218924,-18261.375,-6.48234999999999
2024-02-28 20:00:00,20_24,0.0,0.2639218975467008,-3811.4375,-29.572349999999997
2024-02-29 00:00:00,00_04,10439.625,0.4096962971769772,10439.625,-41.79157999999999
2024-02-29 04:00:00,04_08,7771.125,0.4446347783076874,7771.125,-34.11407999999999
2024-02-29 08:00:00,08_12,10900.8125,0.5925320174938413,10900.8125,-28.23407999999999
2024-02-29 12:00:00,12_16,12057.6875,0.605316574613089,12057.6875,-35.66657999999999
2024-02-29 16:00:00,16_20,0.0,0.3314224022416165,-5445.9375,-13.296579999999988
2024-02-29 20:00:00,20_24,5132.875,0.4152721850678126,5132.875,-26.71907999999999
2024-03-01 00:00:00,00_04,12327.0,0.450771861047875,12327.0,-32.766519999999986
2024-03-01 04:00:00,04_08,3876.375,0.3740389959506822,3876.375,-24.69151999999999
2024-03-01 08:00:00,08_12,0.0,0.3977665894256917,-1688.125,-19.886519999999987
2024-03-01 12:00:00,12_16,266.875,0.4040967141244263,266.875,-25.77651999999999
2024-03-01 16:00:00,16_20,0.0,0.2351829934223928,-9733.875,-5.309019999999986
2024-03-01 20:00:00,20_24,1537.75,0.3248876118725855,1537.75,-21.234019999999987
2024-03-02 00:00:00,00_04,12227.8125,0.4067399441978692,12227.8125,-36.64401999999999
2024-03-02 04:00:00,04_08,11936.3125,0.4065229472124301,11936.3125,-36.48401999999999
2024-03-02 08:00:00,08_12,9597.625,0.4642537917935253,9597.625,-31.23151999999999
2024-03-02 12:00:00,12_16,12701.5625,0.5129465651752103,12701.5625,-34.34651999999999
2024-03-02 16:00:00,16_20,644.75,0.295044879319306,644.75,-9.231519999999987
2024-03-02 20:00:00,20_24,11824.0,0.4552311173364939,11824.0,-27.834019999999988
2024-03-03 00:00:00,00_04,19581.3125,0.5363887346535875,19581.3125,-38.93901999999999
2024-03-03 04:00:00,04_08,17648.0,0.4829976529665411,17648.0,-37.31651999999998
2024-03-03 08:00:00,08_12,22447.4375,0.6690842719253803,22447.4375,-40.76151999999998
2024-03-03 12:00:00,12_16,25685.0625,0.7352488381984182,25685.0625,-45.57151999999998
2024-03-03 16:00:00,16_20,3960.0,0.3117815014276213,3960.0,-16.524019999999982
2024-03-03 20:00:00,20_24,2785.625,0.2601715079522875,2785.625,-17.96901999999998
2024-03-04 00:00:00,00_04,5408.4375,0.2290668011607423,5408.4375,-26.532599999999995
2024-03-04 04:00:00,04_08,0.0,0.1631439894319682,-5581.0625,-15.630099999999992
2024-03-04 08:00:00,08_12,0.0,0.2355617721265026,-12117.125,-12.995099999999994
2024-03-04 12:00:00,12_16,0.0,0.288958640535535,-8254.9375,-29.850099999999998
2024-03-04 16:00:00,16_20,0.0,0.1755559856769573,-14875.625,-1.485099999999992
2024-03-04 20:00:00,20_24,0.0,0.253055212189188,-3213.0625,-23.3651
2024-03-05 00:00:00,00_04,7133.0,0.2899700814796464,7133.0,-35.410099999999986
2024-03-05 04:00:00,04_08,0.0,0.2688578992932295,-170.1875,-28.355099999999982
2024-03-05 08:00:00,08_12,0.0,0.3386713813336701,-4777.5,-21.392599999999984
2024-03-05 12:00:00,12_16,0.0,0.3622322510417616,-2669.5,-28.585099999999983
2024-03-05 16:00:00,16_20,0.0,0.238635135664975,-10025.0,-2.685099999999988
2024-03-05 20:00:00,20_24,0.0,0.2196380628867393,-4372.8125,-15.655099999999983
2024-03-06 00:00:00,00_04,1847.625,0.1723371279788908,1847.625,-29.91567999999999
2024-03-06 04:00:00,04_08,0.0,0.1072536401042754,-8811.5625,-16.64317999999999
2024-03-06 08:00:00,08_12,0.0,0.2099333850359728,-13025.0625,-14.42817999999999
2024-03-06 12:00:00,12_16,0.0,0.2355195851530226,-10640.875,-30.005679999999987
2024-03-06 16:00:00,16_20,0.0,0.1111473465192076,-17927.625,4.581820000000011
2024-03-06 20:00:00,20_24,0.0,0.166257155481584,-7195.625,-18.923179999999984
2024-03-07 00:00:00,00_04,2510.5,0.1892157690303062,2510.5,-27.65437999999999
2024-03-07 04:00:00,04_08,0.0,0.171815875633483,-4741.9375,-16.206879999999988
2024-03-07 08:00:00,08_12,0.0,0.3621534349245606,-1965.5625,-20.514379999999985
2024-03-07 12:00:00,12_16,5125.4375,0.4599431649309983,5125.4375,-35.99937999999999
2024-03-07 16:00:00,16_20,0.0,0.2892096178622427,-5494.5,-10.046879999999987
2024-03-07 20:00:00,20_24,6564.0,0.401391838873765,6564.0,-24.60937999999999
2024-03-08 00:00:00,00_04,12155.9375,0.4052278613450423,12155.9375,-29.47988999999999
2024-03-08 04:00:00,04_08,5948.6875,0.3697837787059715,5948.6875,-18.73738999999999
2024-03-08 08:00:00,08_12,15994.375,0.6333472065024359,15994.375,-28.35988999999999
2024-03-08 12:00:00,12_16,30308.875,0.8425931288485683,30308.875,-73.96238999999998
2024-03-08 16:00:00,16_20,9750.0625,0.520622834183576,9750.0625,-23.717389999999988
2024-03-08 20:00:00,20_24,17246.9375,0.5883652971700637,17246.9375,-31.26238999999999
2024-03-09 00:00:00,00_04,24237.0,0.6356494818520887,24237.0,-41.81238999999999
2024-03-09 04:00:00,04_08,22553.5,0.6010412984812527,22553.5,-46.26988999999999
2024-03-09 08:00:00,08_12,30855.5,0.8218903532164952,30855.5,-62.66989
2024-03-09 12:00:00,12_16,38228.625,0.9588597454631732,38228.625,-90.75489
2024-03-09 16:00:00,16_20,15514.625,0.5217434246977939,15514.625,-27.46489
2024-03-09 20:00:00,20_24,19917.9375,0.5749708174624141,19917.9375,-34.86238999999999
2024-03-10 00:00:00,00_04,27097.25,0.6880430513965932,27097.25,-53.36488999999999
2024-03-10 04:00:00,04_08,30510.375,0.7696446159659545,30510.375,-61.65738999999999
2024-03-10 08:00:00,08_12,37125.875,0.9442066505131536,37125.875,-80.59488999999999
2024-03-10 12:00:00,12_16,39050.3125,0.9843225156489964,39050.3125,-97.25489
2024-03-10 16:00:00,16_20,21665.125,0.6413187193396518,21665.125,-38.02488999999999
2024-03-10 20:00:00,20_24,20244.75,0.5993338359859138,20244.75,-42.17238999999999
2024-03-11 00:00:00,00_04,24687.625,0.648420355024082,24687.625,-45.987459999999984
2024-03-11 04:00:00,04_08,13868.75,0.5085527118224589,13868.75,-29.042459999999988
2024-03-11 08:00:00,08_12,12133.9375,0.5810075637782742,12133.9375,-19.857459999999985
2024-03-11 12:00:00,12_16,12622.75,0.5874661990092315,12622.75,-28.547459999999983
2024-03-11 16:00:00,16_20,0.0,0.2826915478303209,-6598.6875,-0.3524599999999829
2024-03-11 20:00:00,20_24,0.0,0.2474883848894845,-2588.1875,-18.719959999999983
2024-03-12 00:00:00,00_04,2402.8125,0.1870654091860561,2402.8125,-26.041749999999983
2024-03-12 04:00:00,04_08,0.0,0.1306572702233029,-7654.875,-12.266749999999988
2024-03-12 08:00:00,08_12,0.0,0.2508089542008186,-10333.875,-2.484249999999985
2024-03-12 12:00:00,12_16,0.0,0.2659978549315498,-9167.6875,-12.141749999999988
2024-03-12 16:00:00,16_20,0.0,0.1002785461717942,-18636.9375,25.883250000000007
2024-03-12 20:00:00,20_24,0.0,0.107357936998147,-10774.5625,-10.064249999999989
2024-03-13 00:00:00,00_04,2848.1875,0.1933857580325051,2848.1875,-29.105769999999996
2024-03-13 04:00:00,04_08,0.0,0.1914757545328332,-4125.125,-17.355769999999993
2024-03-13 08:00:00,08_12,0.0,0.3257456075107752,-4953.125,-16.318269999999995
2024-03-13 12:00:00,12_16,0.0,0.3619500754593922,-2259.3125,-26.14326999999999
2024-03-13 16:00:00,16_20,0.0,0.2254571465679841,-10137.75,-2.5532699999999906
2024-03-13 20:00:00,20_24,409.625,0.2993577759351596,409.625,-22.50576999999999
2024-03-14 00:00:00,00_04,10243.0625,0.3546348065499335,10243.0625,-34.17670999999999
2024-03-14 04:00:00,04_08,2315.1875,0.3045247069380695,2315.1875,-20.70921
2024-03-14 08:00:00,08_12,3317.3125,0.4379560076282453,3317.3125,-29.25671
2024-03-14 12:00:00,12_16,10689.875,0.537233477200598,10689.875,-39.41920999999999
2024-03-14 16:00:00,16_20,0.0,0.276624960639023,-5563.625,-0.3392099999999942
2024-03-14 20:00:00,20_24,8729.1875,0.4365763895655957,8729.1875,-30.854209999999995
2024-03-15 00:00:00,00_04,18083.0625,0.5321406554120083,18083.0625,-48.36328
2024-03-15 04:00:00,04_08,12860.6875,0.497704877542984,12860.6875,-37.46078000000001
2024-03-15 08:00:00,08_12,16140.9375,0.6342266352273858,16140.9375,-42.39078000000001
2024-03-15 12:00:00,12_16,19911.375,0.6879971066737628,19911.375,-51.563280000000006
2024-03-15 16:00:00,16_20,1391.0,0.3879080531652906,1391.0,-13.575780000000004
2024-03-15 20:00:00,20_24,11130.0,0.4714002308718523,11130.0,-38.16078
2024-03-16 00:00:00,00_04,24959.9375,0.660690437318867,24959.9375,-56.87327999999998
2024-03-16 04:00:00,04_08,24431.25,0.6532805669009023,24431.25,-53.90327999999997
2024-03-16 08:00:00,08_12,25443.75,0.7313667318927487,25443.75,-51.86077999999998
2024-03-16 12:00:00,12_16,32540.375,0.8605490194196999,32540.375,-73.36827999999998
2024-03-16 16:00:00,16_20,13442.375,0.4994702026044911,13442.375,-26.283279999999976
2024-03-16 20:00:00,20_24,8163.0,0.3487557255148622,8163.0,-25.33327999999998
2024-03-17 00:00:00,00_04,8911.125,0.2435291993254513,8911.125,-38.64077999999999
2024-03-17 04:00:00,04_08,7230.625,0.1959316971881937,7230.625,-38.65577999999999
2024-03-17 08:00:00,08_12,17636.25,0.5411213635499281,17636.25,-51.43077999999999
2024-03-17 12:00:00,12_16,17497.9375,0.5481485794868354,17497.9375,-52.15577999999999
2024-03-17 16:00:00,16_20,2117.25,0.2648125932644761,2117.25,-13.740779999999988
2024-03-17 20:00:00,20_24,8896.625,0.3640200400183117,8896.625,-26.633279999999992
2024-03-18 00:00:00,00_04,15312.0625,0.4245185219990955,15312.0625,-40.29178
2024-03-18 04:00:00,04_08,5159.875,0.3304822522011135,5159.875,-20.18678
2024-03-18 08:00:00,08_12,0.0,0.3427651933272181,-2467.0,-20.84678
2024-03-18 12:00:00,12_16,0.0,0.3200306502734144,-2898.6875,-30.44428
2024-03-18 16:00:00,16_20,0.0,0.1443347029392621,-13765.5625,14.688220000000005
2024-03-18 20:00:00,20_24,0.0,0.1476721220248684,-6907.8125,-15.59178
2024-03-19 00:00:00,00_04,2012.6875,0.173340314336529,2012.6875,-31.892
2024-03-19 04:00:00,04_08,0.0,0.1942147895430855,-3503.25,-17.869499999999995
2024-03-19 08:00:00,08_12,2118.6875,0.420597645928417,2118.6875,-30.4845
2024-03-19 12:00:00,12_16,5991.3125,0.4660900456395707,5991.3125,-43.072
2024-03-19 16:00:00,16_20,0.0,0.154203306296528,-13328.75,6.005500000000005
2024-03-19 20:00:00,20_24,0.0,0.1292400867332951,-8232.0625,-14.291999999999998
2024-03-20 00:00:00,00_04,0.0,0.0961818548477447,-529.5,-27.951899999999974
2024-03-20 04:00:00,04_08,0.0,0.0802320221445903,-9328.5,-5.579399999999978
2024-03-20 08:00:00,08_12,0.0,0.3788071309568595,-647.875,-27.86689999999998
2024-03-20 12:00:00,12_16,1985.9375,0.4046288726026979,1985.9375,-37.82689999999998
2024-03-20 16:00:00,16_20,0.0,0.073068310745199,-18302.0,30.630600000000022
2024-03-20 20:00:00,20_24,0.0,0.0567524954615054,-12053.75,-1.0743999999999794
2024-03-21 00:00:00,00_04,2107.125,0.1659838643889691,2107.125,-27.72214
2024-03-21 04:00:00,04_08,531.5625,0.254988227427604,531.5625,-17.83214
2024-03-21 08:00:00,08_12,0.0,0.3916371675022757,333.1875,-20.14464
2024-03-21 12:00:00,12_16,7493.5625,0.4893159501657946,7493.5625,-36.39464
2024-03-21 16:00:00,16_20,0.0,0.2150687043380938,-9198.125,5.710359999999998
2024-03-21 20:00:00,20_24,0.0,0.1988203528932744,-4220.125,-20.23964
2024-03-22 00:00:00,00_04,12711.5,0.4001048883796682,12711.5,-46.44557999999999
2024-03-22 04:00:00,04_08,10802.1875,0.4538799276510966,10802.1875,-35.42558
2024-03-22 08:00:00,08_12,15911.0,0.6227132288581908,15911.0,-42.45308
2024-03-22 12:00:00,12_16,17510.25,0.6372879253566393,17510.25,-45.56808
2024-03-22 16:00:00,16_20,0.0,0.3009363016342813,-2633.8125,2.566920000000003
2024-03-22 20:00:00,20_24,0.0,0.2254842742558541,-1545.75,-15.253079999999995
2024-03-23 00:00:00,00_04,8513.6875,0.287751342508624,8513.6875,-30.400580000000005
2024-03-23 04:00:00,04_08,12269.375,0.384121419505622,12269.375,-42.32558
2024-03-23 08:00:00,08_12,21339.1875,0.6589831064003637,21339.1875,-87.36308
2024-03-23 12:00:00,12_16,34464.625,0.900826312040116,34464.625,-104.82558
2024-03-23 16:00:00,16_20,18754.375,0.6125375853794887,18754.375,-53.65808
2024-03-23 20:00:00,20_24,21219.1875,0.6196448714308734,21219.1875,-58.57308
2024-03-24 00:00:00,00_04,30021.125,0.7597017719949293,30021.125,-82.23558000000001
2024-03-24 04:00:00,04_08,31638.875,0.8005491042336578,31638.875,-84.47058000000001
2024-03-24 08:00:00,08_12,37274.5625,0.9489732052342794,37274.5625,-100.36308
2024-03-24 12:00:00,12_16,38415.75,0.9719836130566936,38415.75,-100.36308
2024-03-24 16:00:00,16_20,22606.0,0.6733294648472617,23023.75,-43.86558000000001
2024-03-24 20:00:00,20_24,22703.875,0.6511452989709647,22703.875,-35.63558000000001
2024-03-25 00:00:00,00_04,23139.0625,0.605563788783681,23139.0625,-38.16807999999999
2024-03-25 04:00:00,04_08,0.0,0.3479030444885264,6235.5,-14.515579999999993
2024-03-25 08:00:00,08_12,3560.375,0.4383209268180242,3560.375,-23.410579999999992
2024-03-25 12:00:00,12_16,7775.1875,0.495913280902678,7775.1875,-35.225579999999994
2024-03-25 16:00:00,16_20,0.0,0.1384294037298809,-13531.8125,28.22942
2024-03-25 20:00:00,20_24,0.0,0.1985960897433701,-4054.6875,-16.260579999999994
2024-03-26 00:00:00,00_04,9443.875,0.3266666666666666,9443.875,-30.772699999999997
2024-03-26 04:00:00,04_08,8614.375,0.414062078082478,8614.375,-27.8127
2024-03-26 08:00:00,08_12,18773.9375,0.6770974860871234,18773.9375,-48.1377
2024-03-26 12:00:00,12_16,24969.625,0.7679577667848392,24969.625,-71.32770000000001
2024-03-26 16:00:00,16_20,2534.5625,0.4028043288647395,2534.5625,-15.755199999999997
2024-03-26 20:00:00,20_24,8455.4375,0.4304822153773491,8455.4375,-29.0977
2024-03-27 00:00:00,00_04,12901.3125,0.4007166492887102,12901.3125,-43.90491
2024-03-27 04:00:00,04_08,6002.8125,0.3597002044491061,6002.8125,-27.44241
2024-03-27 08:00:00,08_12,6934.9375,0.4939932789375603,6934.9375,-34.24241
2024-03-27 12:00:00,12_16,3055.375,0.4292688655667313,3055.375,-35.43491
2024-03-27 16:00:00,16_20,0.0,0.1882231704148045,-11346.8125,5.852590000000003
2024-03-27 20:00:00,20_24,0.0,0.2364525487885038,-2301.6875,-16.24241
2024-03-28 00:00:00,00_04,8629.6875,0.3085968523254122,8629.6875,-30.669739999999987
2024-03-28 04:00:00,04_08,5294.8125,0.3476974290398945,5294.8125,-25.11723999999999
2024-03-28 08:00:00,08_12,12221.0625,0.5702748488477378,12221.0625,-43.94723999999998
2024-03-28 12:00:00,12_16,30253.625,0.8462367981876838,30253.625,-96.84224
2024-03-28 16:00:00,16_20,16319.625,0.6167258545182327,16319.625,-43.45723999999999
2024-03-28 20:00:00,20_24,20182.25,0.6381600781768567,20182.25,-57.89973999999998
2024-03-29 00:00:00,00_04,31081.375,0.8079492874880156,31081.375,-84.97474
2024-03-29 04:00:00,04_08,31590.375,0.819926157477077,31590.375,-82.66973999999999
2024-03-29 08:00:00,08_12,29631.125,0.8140334457804239,29631.125,-84.26723999999999
2024-03-29 12:00:00,12_16,26173.625,0.7463112780153393,26173.625,-86.02973999999999
2024-03-29 16:00:00,16_20,0.0,0.3707758873935103,7550.5,-16.287239999999986
2024-03-29 20:00:00,20_24,4278.5625,0.278080098145917,4278.5625,-22.194739999999985
2024-03-30 00:00:00,00_04,8228.9375,0.2617778562535913,8228.9375,-39.11474
2024-03-30 04:00:00,04_08,11729.875,0.3552804993469217,11729.875,-42.777240000000006
2024-03-30 08:00:00,08_12,22468.4375,0.6797838315033865,22468.4375,-63.85974
2024-03-30 12:00:00,12_16,24267.375,0.7188603351159153,24267.375,-82.51724
2024-03-30 16:00:00,16_20,3353.1875,0.3253556200783798,3353.1875,-24.95974
2024-03-30 20:00:00,20_24,6078.8125,0.3013832095385727,6078.8125,-29.899740000000005
2024-03-31 00:00:00,00_04,5986.666666666664,0.1733827048393378,5986.666666666667,-31.41223999999998
2024-03-31 04:00:00,04_08,8368.125,0.165905802270365,8368.125,-36.74473999999998
2024-03-31 08:00:00,08_12,15976.8125,0.4871146545811013,15976.8125,-54.06723999999998
2024-03-31 12:00:00,12_16,24757.6875,0.6856476165885655,24757.6875,-90.73973999999998
2024-03-31 16:00:00,16_20,0.0,0.286508222783322,5683.625,-21.937239999999974
2024-03-31 20:00:00,20_24,1941.375,0.1825861252711198,1941.375,-32.25973999999998
2024-04-01 00:00:00,00_04,12020.0625,0.2870961682945154,12020.0625,-53.964740000000006
2024-04-01 04:00:00,04_08,9317.3125,0.2491662328237651,9317.3125,-44.86974000000001
2024-04-01 08:00:00,08_12,7318.125,0.3579330195798839,7318.125,-48.769740000000006
2024-04-01 12:00:00,12_16,19417.625,0.6132133979770138,19417.625,-97.84474
2024-04-01 16:00:00,16_20,18771.6875,0.6068256103896733,18771.6875,-77.03724000000001
2024-04-01 20:00:00,20_24,18009.875,0.5800147621351234,18009.875,-68.85474
2024-04-02 00:00:00,00_04,28349.75,0.7497331793487386,28349.75,-97.35388999999998
2024-04-02 04:00:00,04_08,21862.0,0.6978644816430927,23868.8125,-64.83888999999999
2024-04-02 08:00:00,08_12,21862.0,0.8485272163325212,29671.375,-70.40888999999999
2024-04-02 12:00:00,12_16,39063.0,1.0737489522212909,43462.125,-100.56888999999998
2024-04-02 16:00:00,16_20,21862.0,0.7289278648200631,23221.375,-46.57138999999998
2024-04-02 20:00:00,20_24,12938.8125,0.5050796041460937,12938.8125,-20.348889999999987
2024-04-03 00:00:00,00_04,14510.75,0.4435175308495071,14510.75,-24.742379999999983
2024-04-03 04:00:00,04_08,0.0,0.2751855431752169,1756.4375,-5.879879999999982
2024-04-03 08:00:00,08_12,0.0,0.3367624352400883,-2791.0625,7.4151200000000195
2024-04-03 12:00:00,12_16,3625.375,0.4150831672464234,3625.375,-20.597379999999983
2024-04-03 16:00:00,16_20,0.0,0.3082285799149243,-1694.875,3.292620000000017
2024-04-03 20:00:00,20_24,0.0,0.384969828267739,6486.3125,-16.36487999999998
2024-04-04 00:00:00,00_04,23557.125,0.6504058968834503,23557.125,-43.26905
2024-04-04 04:00:00,04_08,16452.5625,0.5584901377372813,16452.5625,-31.906550000000006
2024-04-04 08:00:00,08_12,12848.4375,0.5820682109861378,12848.4375,-24.92905
2024-04-04 12:00:00,12_16,17957.125,0.6495597886321277,17957.125,-38.84655
2024-04-04 16:00:00,16_20,15087.75,0.5900957216954217,15087.75,-22.291550000000004
2024-04-04 20:00:00,20_24,13607.4375,0.5184411401654346,13607.4375,-23.61905
2024-04-05 00:00:00,00_04,18759.1875,0.5593703476844986,18759.1875,-38.35992
2024-04-05 04:00:00,04_08,8522.0,0.4301364654440028,8522.0,-27.714920000000006
2024-04-05 08:00:00,08_12,13284.0625,0.6050071379474435,13284.0625,-40.68242000000001
2024-04-05 12:00:00,12_16,33262.3125,0.9151384907812974,33262.3125,-94.66992
2024-04-05 16:00:00,16_20,24285.75,0.7604352580973472,24285.75,-59.16242000000001
2024-04-05 20:00:00,20_24,19947.0625,0.644754181752895,19947.0625,-41.559920000000005
2024-04-06 00:00:00,00_04,24227.625,0.6728418684568916,24227.625,-51.85741999999999
2024-04-06 04:00:00,04_08,15560.3125,0.4813963244788169,15560.3125,-41.45992
2024-04-06 08:00:00,08_12,22516.75,0.7045388389500583,22516.75,-63.27492
2024-04-06 12:00:00,12_16,37330.8125,0.99811966046583,37330.8125,-139.62242
2024-04-06 16:00:00,16_20,21150.0,0.6813333201520462,21307.875,-59.31741999999999
2024-04-06 20:00:00,20_24,21304.25,0.6519559027918337,21304.25,-50.97742
2024-04-07 00:00:00,00_04,28080.375,0.7874014320076629,28080.375,-94.61991999999998
2024-04-07 04:00:00,04_08,30653.0,0.8540111513716386,30653.0,-97.38492
2024-04-07 08:00:00,08_12,30654.875,0.8835569000517454,30654.875,-98.23991999999998
2024-04-07 12:00:00,12_16,36140.0,1.0045014605660547,36350.25,-112.84242
2024-04-07 16:00:00,16_20,0.0,0.4511186330713351,10336.8125,-45.73241999999999
2024-04-07 20:00:00,20_24,0.0,0.2695269839210216,2362.5625,-10.917419999999993
2024-04-08 00:00:00,00_04,5345.25,0.2648213441082425,5345.25,-29.489989999999995
2024-04-08 04:00:00,04_08,0.0,0.1672196046379817,-5826.875,0.6275100000000045
2024-04-08 08:00:00,08_12,0.0,0.3634523076488959,-3337.375,-8.102489999999989
2024-04-08 12:00:00,12_16,8691.75,0.538936715239575,8691.75,-38.06998999999999
2024-04-08 16:00:00,16_20,0.0,0.3023932575335931,-4987.1875,-2.7649899999999867
2024-04-08 20:00:00,20_24,0.0,0.2969286410578811,-1184.125,-10.357489999999997
2024-04-09 00:00:00,00_04,6882.625,0.3367319613191172,6882.625,-33.70213999999999
2024-04-09 04:00:00,04_08,3596.125,0.3674045096705219,3596.125,-24.669639999999998
2024-04-09 08:00:00,08_12,11761.0625,0.6141741395989246,11761.0625,-40.85714
2024-04-09 12:00:00,12_16,24924.6875,0.8166297770066033,24924.6875,-80.35213999999999
2024-04-09 16:00:00,16_20,16424.75,0.6674583722070242,16424.75,-42.75464
2024-04-09 20:00:00,20_24,14535.0625,0.5974260253041906,14535.0625,-40.34213999999999
2024-04-10 00:00:00,00_04,23972.875,0.7211074101930447,23972.875,-91.38956
2024-04-10 04:00:00,04_08,12344.1875,0.5396276470325062,12344.1875,-39.42706
2024-04-10 08:00:00,08_12,0.0,0.5413339810252699,7223.6875,-24.847060000000003
2024-04-10 12:00:00,12_16,14845.125,0.6489148052852687,14845.125,-59.24956
2024-04-10 16:00:00,16_20,0.0,0.3450945479832213,-2296.6875,5.15794
2024-04-10 20:00:00,20_24,0.0,0.2048248154810626,-6240.75,14.85044
2024-04-11 00:00:00,00_04,9933.5625,0.4191280472008766,9933.5625,-39.032319999999984
2024-04-11 04:00:00,04_08,9545.6875,0.492813721750739,9545.6875,-39.75981999999999
2024-04-11 08:00:00,08_12,18476.5625,0.7214825487428945,18476.5625,-81.00232
2024-04-11 12:00:00,12_16,22083.5,0.775137149901568,22083.5,-96.24232
2024-04-11 16:00:00,16_20,0.0,0.3806549679283217,-1269.5625,-11.394819999999983
2024-04-11 20:00:00,20_24,0.0,0.2124491578003998,-6699.8125,-5.394819999999985
2024-04-12 00:00:00,00_04,1515.4375,0.2678924124476922,1515.4375,-38.52703999999999
2024-04-12 04:00:00,04_08,0.0,0.2900650119257924,-1820.875,-26.10703999999999
2024-04-12 08:00:00,08_12,9142.1875,0.5848513240978016,9142.1875,-55.04453999999999
2024-04-12 12:00:00,12_16,25149.6875,0.8310837124723887,25149.6875,-109.89703999999998
2024-04-12 16:00:00,16_20,0.0,0.4827402856968721,4712.75,-43.559539999999984
2024-04-12 20:00:00,20_24,0.0,0.2943962069009945,-2173.0625,-20.72204
2024-04-13 00:00:00,00_04,12440.3125,0.4510637600783932,12440.3125,-73.58454
2024-04-13 04:00:00,04_08,13717.8125,0.4876218535873225,13717.8125,-84.18454
2024-04-13 08:00:00,08_12,25069.25,0.7966470078269046,25069.25,-106.50954
2024-04-13 12:00:00,12_16,35478.0,1.0777355928794126,39342.625,-157.08204
2024-04-13 16:00:00,16_20,17617.9375,0.635197636758918,17617.9375,-88.35454
2024-04-13 20:00:00,20_24,14813.4375,0.5557112814689895,14813.4375,-78.53953999999999
2024-04-14 00:00:00,00_04,29143.5625,0.8359461371240435,29143.5625,-111.44954
2024-04-14 04:00:00,04_08,25445.5625,0.7404772067335365,25445.5625,-103.74204
2024-04-14 08:00:00,08_12,33409.9375,0.9560981499368452,33409.9375,-114.06204
2024-04-14 12:00:00,12_16,35478.0,1.2240077249209054,45757.8125,-162.88954
2024-04-14 16:00:00,16_20,20790.25,0.6852639050718523,20790.25,-74.69203999999999
2024-04-14 20:00:00,20_24,0.0,0.1975384289312722,-1436.9375,-6.352039999999999
2024-04-15 00:00:00,00_04,522.5625,0.1515168524836876,522.5625,-32.76468999999999
2024-04-15 04:00:00,04_08,0.0,0.1924728391857317,-5356.125,-0.7871899999999847
2024-04-15 08:00:00,08_12,0.0,0.4574052453738385,1435.0625,-15.374689999999983
2024-04-15 12:00:00,12_16,24397.5625,0.8189873986387834,24397.5625,-88.33718999999999
2024-04-15 16:00:00,16_20,18635.5,0.7176185566146083,18635.5,-61.89718999999998
2024-04-15 20:00:00,20_24,19594.1875,0.7072263451476074,19594.1875,-54.68218999999999
2024-04-16 00:00:00,00_04,29022.6875,0.8561538332980513,29022.6875,-116.18567
2024-04-16 04:00:00,04_08,17737.875,0.6657457782802233,17737.875,-69.14567
2024-04-16 08:00:00,08_12,16668.0,0.7114654517843584,16668.0,-58.73316999999999
2024-04-16 12:00:00,12_16,17762.75,0.7204029754606371,17762.75,-74.21067
2024-04-16 16:00:00,16_20,1549.5625,0.4435115904545459,1549.5625,-29.56316999999999
2024-04-16 20:00:00,20_24,0.0,0.2526781269086134,-5895.0,-16.123169999999995
2024-04-17 00:00:00,00_04,2122.8125,0.2487654981362822,2122.8125,-37.32003999999999
2024-04-17 04:00:00,04_08,0.0,0.1706923558160428,-8598.25,-8.665039999999994
2024-04-17 08:00:00,08_12,0.0,0.2785799337111211,-11060.3125,-14.280039999999993
2024-04-17 12:00:00,12_16,0.0,0.3917193234044884,-2697.125,-40.54254
2024-04-17 16:00:00,16_20,0.0,0.2288554798659278,-11182.75,-9.730039999999995
2024-04-17 20:00:00,20_24,0.0,0.102660038334711,-13912.9375,1.5249600000000108
2024-04-18 00:00:00,00_04,0.0,0.0890230423716724,-7227.0625,-28.796909999999983
2024-04-18 04:00:00,04_08,0.0,0.093876739422277,-12655.4375,-2.4919099999999865
2024-04-18 08:00:00,08_12,0.0,0.3358856694352858,-6934.375,-16.084409999999988
2024-04-18 12:00:00,12_16,6025.625,0.5244957761031979,6025.625,-42.29440999999999
2024-04-18 16:00:00,16_20,0.0,0.3754553287234634,-1716.875,-24.81190999999999
2024-04-18 20:00:00,20_24,0.0,0.2283435788938426,-7012.875,-16.679409999999983
2024-04-19 00:00:00,00_04,10870.3125,0.4611546246710252,10870.3125,-57.26022
2024-04-19 04:00:00,04_08,12623.6875,0.5755517018836562,12623.6875,-60.21771999999999
2024-04-19 08:00:00,08_12,12058.1875,0.638481323829628,12058.1875,-51.62522
2024-04-19 12:00:00,12_16,18156.4375,0.7199738105366112,18156.4375,-69.91772
2024-04-19 16:00:00,16_20,12507.0,0.6132995104377863,12507.0,-57.14771999999999
2024-04-19 20:00:00,20_24,10506.875,0.5361781463749878,10506.875,-51.54521999999999
2024-04-20 00:00:00,00_04,17337.625,0.6563953539363783,17337.625,-56.06521999999998
2024-04-20 04:00:00,04_08,11147.0625,0.5204129967961599,11147.0625,-50.44521999999999
2024-04-20 08:00:00,08_12,7209.625,0.5301529833528555,7209.625,-61.03271999999999
2024-04-20 12:00:00,12_16,13139.5,0.6327643525088944,13139.5,-96.84272
2024-04-20 16:00:00,16_20,2344.25,0.4090359924200289,2344.25,-47.20021999999999
2024-04-20 20:00:00,20_24,0.0,0.2315780125866984,-4746.1875,-25.307719999999986
2024-04-21 00:00:00,00_04,1843.625,0.2504381654317053,1843.625,-42.83771999999999
2024-04-21 04:00:00,04_08,4217.8125,0.2950068055295734,4217.8125,-51.31521999999999
2024-04-21 08:00:00,08_12,10151.5,0.5500798695792221,10151.5,-67.87771999999998
2024-04-21 12:00:00,12_16,19768.75,0.7479635956337243,19768.75,-112.88271999999998
2024-04-21 16:00:00,16_20,6732.5625,0.4731434138778717,6732.5625,-57.38271999999999
2024-04-21 20:00:00,20_24,0.0,0.2446889630785642,-4304.9375,-23.380219999999994
2024-04-22 00:00:00,00_04,0.0,0.2321982736435446,-159.75,-34.42652000000001
2024-04-22 04:00:00,04_08,0.0,0.1582694651152721,-10983.4375,-12.276520000000009
2024-04-22 08:00:00,08_12,0.0,0.3683285366480489,-8707.5,-18.869020000000013
2024-04-22 12:00:00,12_16,0.0,0.4469152630708555,-2949.5,-37.42902000000001
2024-04-22 16:00:00,16_20,0.0,0.2259136526675664,-14522.25,1.8809799999999937
2024-04-22 20:00:00,20_24,0.0,0.0930509947135136,-18501.875,12.670979999999991
2024-04-23 00:00:00,00_04,0.0,0.0924335527646094,-8053.875,-23.538329999999988
2024-04-23 04:00:00,04_08,0.0,0.0980276480629025,-15150.4375,11.54167000000001
2024-04-23 08:00:00,08_12,0.0,0.3977020348401169,-6558.0,-11.435829999999983
2024-04-23 12:00:00,12_16,621.25,0.4957269797929515,621.25,-31.26332999999999
2024-04-23 16:00:00,16_20,0.0,0.3041582826813577,-9308.5625,-10.533329999999983
2024-04-23 20:00:00,20_24,0.0,0.1722663954112627,-13431.375,-9.02082999999999
2024-04-24 00:00:00,00_04,0.0,0.2655108572818678,-115.9375,-30.54372999999999
2024-04-24 04:00:00,04_08,0.0,0.2406329127447943,-7639.25,-11.23372999999999
2024-04-24 08:00:00,08_12,0.0,0.3912479191668925,-6970.6875,-13.998729999999991
2024-04-24 12:00:00,12_16,212.5625,0.4877062658579802,212.5625,-28.50872999999999
2024-04-24 16:00:00,16_20,0.0,0.3215074617980379,-8261.5625,-7.376229999999989
2024-04-24 20:00:00,20_24,0.0,0.164140997443438,-13881.0625,6.53877000000001
2024-04-25 00:00:00,00_04,0.0,0.2104760577124137,-4577.8125,-30.33027999999999
2024-04-25 04:00:00,04_08,0.0,0.1743071068929327,-12401.875,-11.872779999999992
2024-04-25 08:00:00,08_12,0.0,0.3386938651835851,-11466.1875,-18.805279999999996
2024-04-25 12:00:00,12_16,0.0,0.486749175484056,-946.3125,-39.98027999999999
2024-04-25 16:00:00,16_20,0.0,0.2755823391173803,-11854.3125,-12.322779999999993
2024-04-25 20:00:00,20_24,0.0,0.133548737637326,-15924.125,-0.2877799999999979
2024-04-26 00:00:00,00_04,0.0,0.2900965176306731,-954.625,-35.21682
2024-04-26 04:00:00,04_08,0.0,0.2686527608523326,-7349.875,-21.28932
2024-04-26 08:00:00,08_12,0.0,0.452144962072736,-3632.0,-28.901819999999997
2024-04-26 12:00:00,12_16,3307.1875,0.5472925275743288,3307.1875,-42.28182
2024-04-26 16:00:00,16_20,0.0,0.2486342378307996,-13509.75,-16.166819999999994
2024-04-26 20:00:00,20_24,0.0,0.0730377330308716,-18364.5625,-2.739319999999992
2024-04-27 00:00:00,00_04,0.0,0.1068296653286034,-6986.5625,-19.219319999999996
2024-04-27 04:00:00,04_08,0.0,0.1839499845964938,-3648.5,-23.299319999999994
2024-04-27 08:00:00,08_12,13071.4375,0.6464974372971826,13071.4375,-64.87931999999999
2024-04-27 12:00:00,12_16,27868.75,0.9323341043840924,27868.75,-107.92932
2024-04-27 16:00:00,16_20,0.0,0.4936454084549994,6378.0,-35.869319999999995
2024-04-27 20:00:00,20_24,0.0,0.3953155461866479,3853.8125,-23.321819999999995
2024-04-28 00:00:00,00_04,16622.8125,0.6089541838646654,16622.8125,-64.29181999999999
2024-04-28 04:00:00,04_08,21138.25,0.7294985127850495,21138.25,-91.79432
2024-04-28 08:00:00,08_12,29280.5,0.957414925500032,29280.5,-121.32181999999996
2024-04-28 12:00:00,12_16,31284.0,1.0868520128197607,35355.6875,-167.11932
2024-04-28 16:00:00,16_20,16762.8125,0.6964154816488288,16762.8125,-89.89431999999998
2024-04-28 20:00:00,20_24,7386.0625,0.481869279947532,7386.0625,-33.92181999999999
2024-04-29 00:00:00,00_04,4625.8125,0.3339990256637665,4625.8125,-45.93927
2024-04-29 04:00:00,04_08,0.0,0.1838388562945488,-8849.5,-11.504270000000002
2024-04-29 08:00:00,08_12,0.0,0.4746418826047998,-1109.1875,-39.20427
2024-04-29 12:00:00,12_16,9492.5,0.6369512837653507,9492.5,-71.84427
2024-04-29 16:00:00,16_20,0.0,0.2796153709069975,-10402.8125,-2.5367700000000006
2024-04-29 20:00:00,20_24,0.0,0.1851386215115441,-11493.625,13.30323
2024-04-30 00:00:00,00_04,3636.5,0.3486324314375115,3636.5,-35.70024999999998
2024-04-30 04:00:00,04_08,0.0,0.3078629979637655,-3514.3125,-19.51774999999998
2024-04-30 08:00:00,08_12,5864.9375,0.5858451831545847,5864.9375,-37.28024999999998
2024-04-30 12:00:00,12_16,18918.5625,0.792989905162095,18918.5625,-88.81275
2024-04-30 16:00:00,16_20,0.0,0.4438122239144064,-374.3125,-25.68524999999998
2024-04-30 20:00:00,20_24,0.0,0.3248324691841127,-3223.8125,-12.325249999999984
2024-05-01 00:00:00,00_04,9679.9375,0.4401533458152206,9679.9375,-53.84024999999999
2024-05-01 04:00:00,04_08,12123.625,0.5027920366540972,12123.625,-67.12525
2024-05-01 08:00:00,08_12,27064.0625,0.9126623376623376,27064.0625,-116.03025
2024-05-01 12:00:00,12_16,31284.0,1.1909020135645103,40326.3125,-210.87775
2024-05-01 16:00:00,16_20,26294.5,0.8910367965102075,26294.5,-99.24775
2024-05-01 20:00:00,20_24,17230.875,0.6894620103692205,17230.875,-73.90775
2024-05-02 00:00:00,00_04,17807.9375,0.6818513141042666,17807.9375,-98.92332
2024-05-02 04:00:00,04_08,9679.0625,0.575704573266905,9679.0625,-61.32581999999999
2024-05-02 08:00:00,08_12,17394.9375,0.7771592911213684,17394.9375,-84.90582
2024-05-02 12:00:00,12_16,26953.5,0.9282292338878836,26953.5,-111.58831999999998
2024-05-02 16:00:00,16_20,10093.9375,0.6320159505593441,10093.9375,-52.65332
2024-05-02 20:00:00,20_24,6025.5,0.5162191603720507,6025.5,-30.578319999999994
2024-05-03 00:00:00,00_04,13016.3125,0.5938906372661401,13016.3125,-54.79581999999999
2024-05-03 04:00:00,04_08,3668.0,0.4790091344606282,3668.0,-39.78332
2024-05-03 08:00:00,08_12,2753.5625,0.5535099130468804,2753.5625,-31.395819999999997
2024-05-03 12:00:00,12_16,9232.5625,0.6390934142933423,9232.5625,-52.12331999999999
2024-05-03 16:00:00,16_20,0.0,0.4163239750503261,-2567.3125,-27.613319999999995
2024-05-03 20:00:00,20_24,0.0,0.2304737838938216,-8762.0,-12.440819999999997
2024-05-04 00:00:00,00_04,0.0,0.1683890165354627,-3213.5625,-25.550819999999984
2024-05-04 04:00:00,04_08,0.0,0.1519698213412637,-4164.5625,-20.395819999999983
2024-05-04 08:00:00,08_12,4081.125,0.4569390169039812,4081.125,-60.390819999999984
2024-05-04 12:00:00,12_16,10869.875,0.584158012469174,10869.875,-93.98582
2024-05-04 16:00:00,16_20,0.0,0.2787832931358709,-3328.8125,-22.965819999999987
2024-05-04 20:00:00,20_24,0.0,0.135261355948419,-8259.6875,-7.988319999999984
2024-05-05 00:00:00,00_04,4266.1875,0.2883354076532527,4266.1875,-28.91082000000001
2024-05-05 04:00:00,04_08,9007.875,0.4100934468068203,9007.875,-47.98582000000001
2024-05-05 08:00:00,08_12,17227.0,0.6975611199188878,17227.0,-94.57832
2024-05-05 12:00:00,12_16,27805.25,0.9252657189045776,27805.25,-114.04082
2024-05-05 16:00:00,16_20,11397.25,0.5749439938870847,11397.25,-60.078320000000005
2024-05-05 20:00:00,20_24,0.0,0.2015022416644903,-5405.375,-12.048320000000007
2024-05-06 00:00:00,00_04,0.0,0.1805108177337472,-1948.4375,-34.23216000000001
2024-05-06 04:00:00,04_08,0.0,0.1407056516654569,-11333.5625,-12.97966000000001
2024-05-06 08:00:00,08_12,0.0,0.3579782866526776,-8300.25,-28.01216000000001
2024-05-06 12:00:00,12_16,0.0,0.4228175504269756,-3427.5,-38.19216000000001
2024-05-06 16:00:00,16_20,0.0,0.2291921488923966,-13183.375,-9.934660000000004
2024-05-06 20:00:00,20_24,0.0,0.147854790914021,-13989.25,-7.192160000000005
2024-05-07 00:00:00,00_04,0.0,0.1592507783323822,-5088.125,-35.119339999999994
2024-05-07 04:00:00,04_08,0.0,0.1387651076540562,-12793.625,-18.979339999999997
2024-05-07 08:00:00,08_12,0.0,0.3137403008994211,-11644.375,-21.97434
2024-05-07 12:00:00,12_16,0.0,0.4328952493018553,-2934.25,-43.46433999999999
2024-05-07 16:00:00,16_20,0.0,0.2690444972770647,-10702.3125,-11.236839999999995
2024-05-07 20:00:00,20_24,0.0,0.1402028839566498,-14289.0625,1.1031600000000097
2024-05-08 00:00:00,00_04,0.0,0.1438701263843344,-5397.3125,-33.25606999999999
2024-05-08 04:00:00,04_08,0.0,0.1110815449176934,-14231.625,-15.668569999999985
2024-05-08 08:00:00,08_12,0.0,0.3353535333397793,-10389.375,-23.443569999999983
2024-05-08 12:00:00,12_16,0.0,0.4642447348155865,-1371.1875,-46.48356999999999
2024-05-08 16:00:00,16_20,0.0,0.2626739086930419,-11086.8125,-15.081069999999986
2024-05-08 20:00:00,20_24,0.0,0.0969217209093479,-16231.125,-6.903569999999988
2024-05-09 00:00:00,00_04,0.0,0.0667371782581227,-5830.8125,-29.065829999999988
2024-05-09 04:00:00,04_08,0.0,0.1060670629135359,-3590.0,-27.460829999999987
2024-05-09 08:00:00,08_12,13957.0625,0.6397988192127392,13957.0625,-91.10582999999998
2024-05-09 12:00:00,12_16,21207.9375,0.786872632810486,21207.9375,-115.75833
2024-05-09 16:00:00,16_20,3442.4375,0.3868045948531587,3442.4375,-48.77832999999998
2024-05-09 20:00:00,20_24,0.0,0.0927037136060815,-9862.0,-3.4233299999999893
2024-05-10 00:00:00,00_04,0.0,0.0681374691627834,-8024.0,-32.13616999999999
2024-05-10 04:00:00,04_08,0.0,0.105347717183492,-13229.3125,-16.813669999999995
2024-05-10 08:00:00,08_12,1457.3125,0.5044639334116953,1457.3125,-67.61366999999998
2024-05-10 12:00:00,12_16,9032.0,0.620450344229125,9032.0,-109.04367
2024-05-10 16:00:00,16_20,0.0,0.2925957035646249,-8983.0,-15.911170000000002
2024-05-10 20:00:00,20_24,0.0,0.0799256573983769,-15590.625,11.726330000000004
2024-05-11 00:00:00,00_04,0.0,0.1010510858052065,-5369.125,-19.848669999999995
2024-05-11 04:00:00,04_08,0.0,0.1357249449847591,-4406.5625,-25.57117
2024-05-11 08:00:00,08_12,10944.375,0.5938020722167927,10944.375,-99.16367
2024-05-11 12:00:00,12_16,21808.9375,0.8091787439613527,21808.9375,-132.08616999999998
2024-05-11 16:00:00,16_20,4987.25,0.44667616165681,4987.25,-58.39617
2024-05-11 20:00:00,20_24,0.0,0.2599954391265927,-1166.125,-17.211169999999996
2024-05-12 00:00:00,00_04,7294.5,0.3462082216234078,7294.5,-60.95866999999999
2024-05-12 04:00:00,04_08,9260.4375,0.3998927093445051,9260.4375,-84.33366999999998
2024-05-12 08:00:00,08_12,26543.1875,0.8959018373250918,26543.1875,-136.16366999999997
2024-05-12 12:00:00,12_16,31284.0,1.0626348257200169,34180.25,-225.75117
2024-05-12 16:00:00,16_20,17136.9375,0.6928111848631953,17136.9375,-97.61366999999998
2024-05-12 20:00:00,20_24,11000.625,0.5519330441337681,11000.625,-58.83866999999999
2024-05-13 00:00:00,00_04,14996.3125,0.6020441197579919,14996.3125,-85.30004
2024-05-13 04:00:00,04_08,5286.0625,0.4792457979563784,5286.0625,-47.77004
2024-05-13 08:00:00,08_12,11812.625,0.6853339959114084,11812.625,-78.23504
2024-05-13 12:00:00,12_16,23228.4375,0.8677415846095119,23228.4375,-113.12004
2024-05-13 16:00:00,16_20,0.0,0.5639526570474193,5934.6875,-39.98754
2024-05-13 20:00:00,20_24,0.0,0.4613387047760438,3255.0625,-23.595039999999997
2024-05-14 00:00:00,00_04,12022.875,0.5596469493872197,12022.875,-68.77510999999998
2024-05-14 04:00:00,04_08,6929.25,0.5276889269745383,6929.25,-51.52260999999998
2024-05-14 08:00:00,08_12,19894.5625,0.8177485878418382,19894.5625,-98.21260999999998
2024-05-14 12:00:00,12_16,31284.0,1.0222469080793608,32644.5625,-143.83511
2024-05-14 16:00:00,16_20,16480.625,0.7463060492426798,16480.625,-77.96760999999998
2024-05-14 20:00:00,20_24,9582.3125,0.5840222827877445,9582.3125,-48.400109999999984
2024-05-15 00:00:00,00_04,18102.1875,0.6870595985809226,18102.1875,-73.40299000000002
2024-05-15 04:00:00,04_08,10946.625,0.5977088798830951,10946.625,-43.42299000000001
2024-05-15 08:00:00,08_12,18555.625,0.7963673814249503,18555.625,-74.38549
2024-05-15 12:00:00,12_16,29633.25,0.9733351101849944,29633.25,-117.20549
2024-05-15 16:00:00,16_20,13795.9375,0.7026721454840666,13795.9375,-57.68299000000002
2024-05-15 20:00:00,20_24,0.0,0.55184931342135,7989.6875,-32.84549000000001
2024-05-16 00:00:00,00_04,14567.5625,0.6172374314867553,14567.5625,-63.72381
2024-05-16 04:00:00,04_08,9337.4375,0.5682991987941957,9337.4375,-40.95131000000001
2024-05-16 08:00:00,08_12,17766.0,0.784491279533208,17766.0,-73.81130999999999
2024-05-16 12:00:00,12_16,26324.5625,0.9210055808082316,26324.5625,-110.94630999999998
2024-05-16 16:00:00,16_20,9297.8125,0.6322207643531853,9297.8125,-54.23380999999999
2024-05-16 20:00:00,20_24,1701.9375,0.4497185887233194,1701.9375,-23.33881
2024-05-17 00:00:00,00_04,6834.6875,0.4667957914938452,6834.6875,-47.44897999999999
2024-05-17 04:00:00,04_08,2807.5625,0.460768638107152,2807.5625,-34.22897999999998
2024-05-17 08:00:00,08_12,4519.25,0.584356743735059,4519.25,-39.433979999999984
2024-05-17 12:00:00,12_16,14011.25,0.7266672600856502,14011.25,-78.19147999999998
2024-05-17 16:00:00,16_20,4942.4375,0.5617454689140992,4942.4375,-40.18897999999998
2024-05-17 20:00:00,20_24,0.0,0.4109800323685568,-174.5625,-18.75397999999998
2024-05-18 00:00:00,00_04,8341.375,0.4264275279172858,8341.375,-47.86397999999999
2024-05-18 04:00:00,04_08,5391.6875,0.3644604030996303,5391.6875,-41.96147999999999
2024-05-18 08:00:00,08_12,10362.75,0.5888892175421991,10362.75,-82.56397999999999
2024-05-18 12:00:00,12_16,18678.1875,0.7535554867317543,18678.1875,-114.41148
2024-05-18 16:00:00,16_20,4692.8125,0.4502670983774567,4692.8125,-52.28647999999999
2024-05-18 20:00:00,20_24,0.0,0.1713942390026145,-5077.375,-3.513979999999993
2024-05-19 00:00:00,00_04,94.5,0.1653424872264091,94.5,-24.22897999999998
2024-05-19 04:00:00,04_08,4014.1875,0.2330916117384184,4014.1875,-34.93397999999998
2024-05-19 08:00:00,08_12,12905.0625,0.6135284514523203,12905.0625,-99.97148
2024-05-19 12:00:00,12_16,19470.5625,0.7665019099713184,19470.5625,-121.70897999999998
2024-05-19 16:00:00,16_20,7198.8125,0.4839509603924085,7198.8125,-75.58147999999997
2024-05-19 20:00:00,20_24,0.0,0.169136928923981,-6426.6875,-6.911479999999976
2024-05-20 00:00:00,00_04,0.0,0.1401836210791834,-2754.6875,-28.7212
2024-05-20 04:00:00,04_08,0.0,0.1707272893426197,-2047.9375,-17.838700000000003
2024-05-20 08:00:00,08_12,12115.0,0.628882448072566,12115.0,-84.4812
2024-05-20 12:00:00,12_16,21406.375,0.8244814247925634,21406.375,-114.8562
2024-05-20 16:00:00,16_20,3961.6875,0.4516388773543723,3961.6875,-49.2012
2024-05-20 20:00:00,20_24,0.0,0.2082620409578964,-6524.5,-7.178699999999999
2024-05-21 00:00:00,00_04,2961.75,0.3469202166048457,2961.75,-41.56219999999999
2024-05-21 04:00:00,04_08,0.0,0.3426105424484016,-2671.8125,-22.12219999999999
2024-05-21 08:00:00,08_12,2708.125,0.563069007465924,2708.125,-44.40719999999999
2024-05-21 12:00:00,12_16,9970.9375,0.6779944034130005,9970.9375,-73.67219999999999
2024-05-21 16:00:00,16_20,0.0,0.50578019313396,668.9375,-20.05719999999999
2024-05-21 20:00:00,20_24,2326.875,0.4823711474170417,2326.875,-36.6572
2024-05-22 00:00:00,00_04,11958.3125,0.5865624613414252,11958.3125,-57.638920000000006
2024-05-22 04:00:00,04_08,2334.5625,0.4655271705047084,2334.5625,-37.97142000000001
2024-05-22 08:00:00,08_12,0.0,0.5193115499757242,-855.0,-42.50892000000001
2024-05-22 12:00:00,12_16,3336.1875,0.5803575068584957,3336.1875,-60.03392000000001
2024-05-22 16:00:00,16_20,0.0,0.3403922795225135,-9564.125,-17.236420000000006
2024-05-22 20:00:00,20_24,0.0,0.1238367297484959,-17290.75,1.448579999999989
2024-05-23 00:00:00,00_04,0.0,0.2320096305323544,-2654.875,-48.05109
2024-05-23 04:00:00,04_08,0.0,0.2360447500291341,-8871.5625,-28.02609
2024-05-23 08:00:00,08_12,0.0,0.5035251548946716,-1659.1875,-47.26358999999999
2024-05-23 12:00:00,12_16,5280.5,0.6058468119100227,5280.5,-68.83609
2024-05-23 16:00:00,16_20,0.0,0.2871245935880094,-12551.625,-13.33859
2024-05-23 20:00:00,20_24,0.0,0.0388010142335792,-21486.9375,16.42141
2024-05-24 00:00:00,00_04,0.0,0.0390792634872765,-15489.3125,-33.91888
2024-05-24 04:00:00,04_08,0.0,0.0831457541904222,-18385.125,-17.508880000000005
2024-05-24 08:00:00,08_12,0.0,0.3476774568730308,-12461.1875,-25.686380000000007
2024-05-24 12:00:00,12_16,0.0,0.4801071023298208,-3531.25,-39.48888
2024-05-24 16:00:00,16_20,0.0,0.3011808805799634,-12997.9375,-21.53888
2024-05-24 20:00:00,20_24,0.0,0.1731163028669677,-14951.875,-15.156380000000002
2024-05-25 00:00:00,00_04,0.0,0.1890886718449588,-4702.875,-33.30637999999999
2024-05-25 04:00:00,04_08,0.0,0.2169529499626587,-3600.1875,-35.83137999999999
2024-05-25 08:00:00,08_12,4881.75,0.5332298729884849,4881.75,-70.65638
2024-05-25 12:00:00,12_16,11893.5,0.6798559258683782,11893.5,-124.05638
2024-05-25 16:00:00,16_20,0.0,0.3525101858139391,-3218.0625,-49.31387999999999
2024-05-25 20:00:00,20_24,0.0,0.0667316483691872,-12683.75,-2.5863799999999983
2024-05-26 00:00:00,00_04,0.0,0.0604269316289665,-7621.375,-28.06638000000001
2024-05-26 04:00:00,04_08,0.0,0.1348620168024135,-4763.5,-40.90888
2024-05-26 08:00:00,08_12,11551.8125,0.6639947026840283,11551.8125,-121.40388
2024-05-26 12:00:00,12_16,18116.4375,0.8088204380598257,18116.4375,-136.34138000000002
2024-05-26 16:00:00,16_20,127.4375,0.4193641626341058,127.4375,-57.76388
2024-05-26 20:00:00,20_24,0.0,0.164423229095824,-9758.5,-16.128880000000006
2024-05-27 00:00:00,00_04,0.0,0.2814899958778578,-2471.5625,-49.76982999999998
2024-05-27 04:00:00,04_08,0.0,0.2079314482813734,-12553.5625,-24.442329999999973
2024-05-27 08:00:00,08_12,0.0,0.3758789130661282,-12709.0625,-23.722329999999975
2024-05-27 12:00:00,12_16,0.0,0.4995881009668143,-4785.0,-49.70482999999998
2024-05-27 16:00:00,16_20,0.0,0.2395542341019899,-18569.4375,3.105170000000026
2024-05-27 20:00:00,20_24,0.0,0.0674771040749761,-23250.625,33.78517000000003
2024-05-28 00:00:00,00_04,0.0,0.1606536288673239,-9149.125,-34.6139
2024-05-28 04:00:00,04_08,0.0,0.2375300611815134,-11996.0625,-24.2889
2024-05-28 08:00:00,08_12,0.0,0.4759122886819023,-6805.0,-42.56139999999999
2024-05-28 12:00:00,12_16,4489.125,0.6508062283598198,4489.125,-65.5789
2024-05-28 16:00:00,16_20,0.0,0.3834904285297833,-10232.875,-27.2364
2024-05-28 20:00:00,20_24,0.0,0.1530652740042878,-18835.5,-10.603899999999996
2024-05-29 00:00:00,00_04,794.0625,0.4044547846088829,794.0625,-64.76019
2024-05-29 04:00:00,04_08,0.0,0.4262329426350016,-2851.0625,-59.83268999999999
2024-05-29 08:00:00,08_12,0.0,0.558088270198424,-1679.9375,-50.76769
2024-05-29 12:00:00,12_16,1708.375,0.6068289283160798,1708.375,-60.17018999999999
2024-05-29 16:00:00,16_20,0.0,0.3869512814805794,-10247.25,-31.417689999999997
2024-05-29 20:00:00,20_24,0.0,0.1799511294437491,-17526.875,1.502310000000005
2024-05-30 00:00:00,00_04,0.0,0.1604865132811838,-8470.5,-29.101119999999987
2024-05-30 04:00:00,04_08,0.0,0.1376405225168453,-11042.6875,-23.121119999999983
2024-05-30 08:00:00,08_12,0.0,0.3885931568299329,-4785.0625,-35.316119999999984
2024-05-30 12:00:00,12_16,3924.875,0.5607489048545504,3924.875,-58.331119999999984
2024-05-30 16:00:00,16_20,0.0,0.3002488607349471,-8934.875,-19.52361999999999
2024-05-30 20:00:00,20_24,0.0,0.0740985840742755,-17912.0,3.2813800000000057
2024-05-31 00:00:00,00_04,0.0,0.1502869074728941,-9689.5,-43.05844
2024-05-31 04:00:00,04_08,0.0,0.1688265598168288,-14591.1875,-30.59593999999999
2024-05-31 08:00:00,08_12,0.0,0.3370394344121871,-13248.0,-29.320939999999997
2024-05-31 12:00:00,12_16,0.0,0.4555915407570721,-5574.75,-56.67594
2024-05-31 16:00:00,16_20,0.0,0.3214791867647207,-11424.875,-35.19593999999999
2024-05-31 20:00:00,20_24,0.0,0.2237505144497646,-12417.375,-23.380939999999992
2024-06-01 00:00:00,00_04,0.0,0.28137600477156,-2969.5,-42.77843999999999
2024-06-01 04:00:00,04_08,0.0,0.2856305046917373,-3519.0625,-51.75343999999998
2024-06-01 08:00:00,08_12,0.0,0.4303400067449489,-2784.1875,-69.36343999999998
2024-06-01 12:00:00,12_16,6041.25,0.6003372264361791,6041.25,-115.73594
2024-06-01 16:00:00,16_20,1962.0,0.5046131447534323,1962.0,-71.45843999999998
2024-06-01 20:00:00,20_24,0.0,0.3648727031090738,-1948.0,-45.705939999999984
2024-06-02 00:00:00,00_04,5409.1875,0.4396700075960769,5409.1875,-102.67844
2024-06-02 04:00:00,04_08,6073.9375,0.4598011815306344,6073.9375,-119.37594
2024-06-02 08:00:00,08_12,9270.1875,0.6364245953618355,9270.1875,-124.32844
2024-06-02 12:00:00,12_16,18402.0,0.834489159841577,18402.0,-135.05844
2024-06-02 16:00:00,16_20,10464.375,0.6614890097664157,10464.375,-107.42094
2024-06-02 20:00:00,20_24,0.0,0.4004706330308235,-519.375,-22.63093999999999
2024-06-03 00:00:00,00_04,0.0,0.3423274919646742,-109.5,-39.86717999999999
2024-06-03 04:00:00,04_08,0.0,0.2491198809466563,-10837.6875,-1.277179999999987
2024-06-03 08:00:00,08_12,0.0,0.4113888652656118,-10521.25,-5.569679999999988
2024-06-03 12:00:00,12_16,1202.75,0.598584360853751,1202.75,-53.61967999999999
2024-06-03 16:00:00,16_20,0.0,0.4013748369659077,-9064.1875,-3.902179999999991
2024-06-03 20:00:00,20_24,0.0,0.1218553705368006,-19309.375,42.402820000000006
2024-06-04 00:00:00,00_04,0.0,0.0762533548505261,-13784.8125,-30.156340000000007
2024-06-04 04:00:00,04_08,0.0,0.0944693466809863,-20178.5,5.191159999999989
2024-06-04 08:00:00,08_12,0.0,0.4389029083588123,-9216.5625,-22.218840000000007
2024-06-04 12:00:00,12_16,2769.9375,0.6249746671285652,2769.9375,-75.57634
2024-06-04 16:00:00,16_20,0.0,0.4078510982580811,-8791.375,-18.48134000000001
2024-06-04 20:00:00,20_24,0.0,0.2416838270709311,-13407.8125,10.878659999999996
2024-06-05 00:00:00,00_04,4934.6875,0.498660427521886,4934.6875,-74.8476
2024-06-05 04:00:00,04_08,0.0,0.4714542412788896,-307.875,-32.2951
2024-06-05 08:00:00,08_12,0.0,0.5818528069591672,-40.6875,-41.4326
2024-06-05 12:00:00,12_16,5272.0,0.6651564391197587,5272.0,-89.96010000000001
2024-06-05 16:00:00,16_20,0.0,0.4483248346618896,-6256.3125,-29.9276
2024-06-05 20:00:00,20_24,0.0,0.1547720184023946,-17365.1875,16.652400000000004
2024-06-06 00:00:00,00_04,0.0,0.2002025896365616,-7824.25,-32.453869999999995
2024-06-06 04:00:00,04_08,0.0,0.232460048568407,-12275.125,-11.286369999999994
2024-06-06 08:00:00,08_12,0.0,0.5579331833438708,-1094.8125,-56.85386999999999
2024-06-06 12:00:00,12_16,7913.3125,0.6988420544891064,7913.3125,-94.61887
2024-06-06 16:00:00,16_20,0.0,0.3970615050070696,-9249.625,-33.94886999999999
2024-06-06 20:00:00,20_24,0.0,0.0864964945431007,-21065.0,21.08863
2024-06-07 00:00:00,00_04,0.0,0.0471620342853026,-15746.9375,-25.884770000000007
2024-06-07 04:00:00,04_08,0.0,0.1218857658243756,-17306.125,-17.687270000000005
2024-06-07 08:00:00,08_12,0.0,0.5406796169849302,-1500.375,-49.132270000000005
2024-06-07 12:00:00,12_16,9895.6875,0.7185885049776601,9895.6875,-97.53477
2024-06-07 16:00:00,16_20,0.0,0.4432370495894571,-5167.8125,-43.99477
2024-06-07 20:00:00,20_24,0.0,0.1147419393860895,-18044.5625,13.257729999999992
2024-06-08 00:00:00,00_04,0.0,0.1943159603570222,-5271.4375,-30.38727
2024-06-08 04:00:00,04_08,0.0,0.3089476792396828,-994.4375,-43.209770000000006
2024-06-08 08:00:00,08_12,16697.875,0.7915538577556899,16697.875,-106.18727
2024-06-08 12:00:00,12_16,27236.0,1.0087125988765333,27677.75,-140.34977
2024-06-08 16:00:00,16_20,13666.1875,0.725941615366264,13666.1875,-92.81977
2024-06-08 20:00:00,20_24,2116.0,0.4394780809041539,2116.0,-26.41727
2024-06-09 00:00:00,00_04,5640.4375,0.4291249078911281,5640.4375,-70.48977
2024-06-09 04:00:00,04_08,7696.8125,0.481197093228763,7696.8125,-109.38727
2024-06-09 08:00:00,08_12,21924.125,0.8863609014111625,21924.125,-125.65227000000002
2024-06-09 12:00:00,12_16,27236.0,1.0080398291552533,27623.0625,-150.35727
2024-06-09 16:00:00,16_20,12360.5,0.6878706411551021,12360.5,-86.16227
2024-06-09 20:00:00,20_24,0.0,0.3283656269055249,-2916.4375,-11.297270000000005
2024-06-10 00:00:00,00_04,0.0,0.3149171701544306,-218.4375,-49.11775
2024-06-10 04:00:00,04_08,0.0,0.2629713822983262,-9056.625,-7.280250000000002
2024-06-10 08:00:00,08_12,0.0,0.5200684444825356,-2862.9375,-12.765250000000002
2024-06-10 12:00:00,12_16,2869.625,0.6122523877297099,2869.625,-49.54525000000001
2024-06-10 16:00:00,16_20,0.0,0.4452459387653679,-5833.375,-27.67525
2024-06-10 20:00:00,20_24,0.0,0.3681043903686423,-5505.75,-16.270250000000004
2024-06-11 00:00:00,00_04,9240.25,0.5744728050754324,9240.25,-62.47317000000001
2024-06-11 04:00:00,04_08,3318.5625,0.5245408928727472,3318.5625,-46.10817000000001
2024-06-11 08:00:00,08_12,9980.125,0.7245704259259806,9980.125,-60.96817000000001
2024-06-11 12:00:00,12_16,20277.0,0.8846764147139479,20277.0,-118.44567
2024-06-11 16:00:00,16_20,5708.4375,0.6318651216705587,5708.4375,-61.22067000000001
2024-06-11 20:00:00,20_24,0.0,0.3305924853587948,-7477.6875,-9.530670000000017
2024-06-12 00:00:00,00_04,0.0,0.3303989233818476,-1084.4375,-38.93972999999999
2024-06-12 04:00:00,04_08,0.0,0.298692180161281,-8307.6875,-12.614729999999987
2024-06-12 08:00:00,08_12,1985.25,0.5990084498175272,1985.25,-44.22472999999999
2024-06-12 12:00:00,12_16,9315.0625,0.7119303554155609,9315.0625,-81.13222999999999
2024-06-12 16:00:00,16_20,0.0,0.4623142039375469,-4637.3125,-28.12722999999999
2024-06-12 20:00:00,20_24,0.0,0.1602794086652816,-16114.5625,13.647770000000008
2024-06-13 00:00:00,00_04,0.0,0.169519800436545,-9158.0625,-34.49697
2024-06-13 04:00:00,04_08,0.0,0.1868255688506501,-13898.8125,-15.83947
2024-06-13 08:00:00,08_12,0.0,0.5173751110844841,-2746.0,-42.52697
2024-06-13 12:00:00,12_16,5074.25,0.6397173820120188,5074.25,-75.55947
2024-06-13 16:00:00,16_20,0.0,0.3567512412690398,-10755.625,-23.89447
2024-06-13 20:00:00,20_24,0.0,0.0882747802324667,-20414.3125,11.523030000000006
2024-06-14 00:00:00,00_04,0.0,0.2667095025123787,-5062.375,-55.401159999999976
2024-06-14 04:00:00,04_08,0.0,0.3312305810397553,-6706.9375,-48.41115999999998
2024-06-14 08:00:00,08_12,0.0,0.4333128402607826,-8370.1875,-35.45865999999998
2024-06-14 12:00:00,12_16,3473.9375,0.612870071802982,3473.9375,-77.39115999999999
2024-06-14 16:00:00,16_20,0.0,0.4283609315017415,-6264.5625,-34.338659999999976
2024-06-14 20:00:00,20_24,0.0,0.3002539786950245,-8439.875,-28.09615999999998
2024-06-15 00:00:00,00_04,5138.0625,0.4566753671862641,5138.0625,-83.43615999999999
2024-06-15 04:00:00,04_08,10825.625,0.5988390054387712,10825.625,-115.02866
2024-06-15 08:00:00,08_12,21910.875,0.8914378731922403,21910.875,-133.36865999999998
2024-06-15 12:00:00,12_16,27463.0,1.1586633323323847,35619.8125,-185.22866
2024-06-15 16:00:00,16_20,16389.8125,0.7762529109563091,16389.8125,-122.16866
2024-06-15 20:00:00,20_24,0.0,0.345484703792127,-2008.1875,-56.34865999999999
2024-06-16 00:00:00,00_04,6342.75,0.4460244131947973,6342.75,-112.71616
2024-06-16 04:00:00,04_08,9046.9375,0.5111504489378786,9046.9375,-121.40366
2024-06-16 08:00:00,08_12,19170.1875,0.8267623085128467,19170.1875,-129.65115999999998
2024-06-16 12:00:00,12_16,23742.6875,0.9253333500583284,23742.6875,-152.17615999999998
2024-06-16 16:00:00,16_20,6226.125,0.5639989580833867,6226.125,-87.64616
2024-06-16 20:00:00,20_24,0.0,0.2204066776734151,-7744.75,-8.94115999999999
2024-06-17 00:00:00,00_04,0.0,0.2253554722592237,-3794.875,-52.31002
2024-06-17 04:00:00,04_08,0.0,0.2231795227388046,-10907.125,-19.45502
2024-06-17 08:00:00,08_12,0.0,0.4843667791077906,-5000.6875,-43.78252
2024-06-17 12:00:00,12_16,1609.25,0.5930049509236739,1609.25,-77.68502000000001
2024-06-17 16:00:00,16_20,0.0,0.3218070267511757,-13485.0625,-17.222520000000003
2024-06-17 20:00:00,20_24,0.0,0.0621025078914425,-21469.75,36.66498
2024-06-18 00:00:00,00_04,0.0,0.0709062714167896,-12287.375,-30.51401999999999
2024-06-18 04:00:00,04_08,0.0,0.1132066862178767,-17236.6875,-8.799019999999995
2024-06-18 08:00:00,08_12,0.0,0.4839043098373598,-5062.625,-46.12652
2024-06-18 12:00:00,12_16,217.875,0.5691044245290505,217.875,-63.43401999999999
2024-06-18 16:00:00,16_20,0.0,0.2846865099259366,-15545.3125,-7.086519999999997
2024-06-18 20:00:00,20_24,0.0,0.1374784069097888,-17232.375,4.020980000000005
2024-06-19 00:00:00,00_04,0.0,0.1461988563650754,-8351.5625,-31.67479
2024-06-19 04:00:00,04_08,0.0,0.173553002599326,-13993.625,-22.86229
2024-06-19 08:00:00,08_12,0.0,0.3920486621169085,-10849.875,-38.93479
2024-06-19 12:00:00,12_16,0.0,0.5644462132538803,-121.9375,-86.71728999999999
2024-06-19 16:00:00,16_20,0.0,0.4446822428651001,-5868.375,-42.36729
2024-06-19 20:00:00,20_24,0.0,0.2047566072341321,-13609.5625,-7.624790000000001
2024-06-20 00:00:00,00_04,0.0,0.1721941248647552,-7238.5,-42.85298999999999
2024-06-20 04:00:00,04_08,0.0,0.1815143241742781,-12641.8125,-25.375489999999985
2024-06-20 08:00:00,08_12,0.0,0.4981691795972805,-3136.5625,-45.51048999999999
2024-06-20 12:00:00,12_16,1886.25,0.5780810226705446,1886.25,-64.64798999999998
2024-06-20 16:00:00,16_20,0.0,0.2793397853050781,-14392.4375,-10.105489999999984
2024-06-20 20:00:00,20_24,0.0,0.1164806224234235,-17195.4375,10.852010000000014
2024-06-21 00:00:00,00_04,0.0,0.1205864333850998,-10860.125,-29.73222999999999
2024-06-21 04:00:00,04_08,0.0,0.1521866575806467,-14583.375,-24.02972999999999
2024-06-21 08:00:00,08_12,0.0,0.358152449017436,-12304.0,-16.04722999999999
2024-06-21 12:00:00,12_16,0.0,0.4673702317252853,-5337.4375,-39.204729999999984
2024-06-21 16:00:00,16_20,0.0,0.3420115612836278,-10962.5625,-17.96472999999999
2024-06-21 20:00:00,20_24,0.0,0.2548694525166069,-10119.9375,-22.62472999999999
2024-06-22 00:00:00,00_04,3018.9375,0.3996828034824775,3018.9375,-54.58223
2024-06-22 04:00:00,04_08,4072.25,0.4388093708789538,4072.25,-69.00972999999999
2024-06-22 08:00:00,08_12,12761.8125,0.7153686850003034,12761.8125,-96.46973
2024-06-22 12:00:00,12_16,20654.875,0.8637953687966344,20654.875,-119.75222999999998
2024-06-22 16:00:00,16_20,3908.6875,0.5227480017038764,3908.6875,-60.52722999999999
2024-06-22 20:00:00,20_24,0.0,0.1910462659920562,-8447.125,-8.694729999999996
2024-06-23 00:00:00,00_04,0.0,0.195892432829965,-1872.5,-42.75723000000001
2024-06-23 04:00:00,04_08,664.5625,0.2600372341425804,664.5625,-62.34973
2024-06-23 08:00:00,08_12,12055.3125,0.6599286708845299,12055.3125,-114.67973
2024-06-23 12:00:00,12_16,18919.125,0.8134014865207011,18919.125,-122.02223
2024-06-23 16:00:00,16_20,3415.5625,0.4811916408478706,3415.5625,-72.42973
2024-06-23 20:00:00,20_24,0.0,0.1069764932540736,-11595.625,-9.49473
2024-06-24 00:00:00,00_04,0.0,0.0783456912490707,-8547.5625,-28.42010999999999
2024-06-24 04:00:00,04_08,0.0,0.1257424987756926,-14570.125,-6.850109999999994
2024-06-24 08:00:00,08_12,0.0,0.5469847906937697,-275.6875,-51.85511
2024-06-24 12:00:00,12_16,7620.375,0.6743429048305812,7620.375,-85.37760999999999
2024-06-24 16:00:00,16_20,0.0,0.369587099176344,-9743.75,-20.23510999999999
2024-06-24 20:00:00,20_24,0.0,0.1219903749763827,-17882.375,23.089890000000008
2024-06-25 00:00:00,00_04,0.0,0.1629053799527413,-7421.25,-34.90265
2024-06-25 04:00:00,04_08,0.0,0.1834636669648469,-12959.625,-16.50265
2024-06-25 08:00:00,08_12,2819.0,0.6000718804054617,2819.0,-60.905150000000006
2024-06-25 12:00:00,12_16,15330.75,0.7994460428087269,15330.75,-117.92765
2024-06-25 16:00:00,16_20,0.0,0.4651527049594981,-3868.875,-34.01015
2024-06-25 20:00:00,20_24,0.0,0.2313926389889829,-12210.375,-6.977650000000001
2024-06-26 00:00:00,00_04,0.0,0.2418890587761176,-3675.0,182.39496
2024-06-26 04:00:00,04_08,0.0,0.2093540532852468,-11716.8125,1057.31246
2024-06-26 08:00:00,08_12,0.0,0.5561804940556987,-34.3125,24.79996
2024-06-26 12:00:00,12_16,9447.1875,0.7049472710976171,9447.1875,-103.53753999999998
2024-06-26 16:00:00,16_20,0.0,0.3854632594625732,-8554.1875,283.08996
2024-06-26 20:00:00,20_24,0.0,0.2110134699719305,-13145.5,780.15496
2024-06-27 00:00:00,00_04,0.0,0.1950533014446944,-8272.375,-34.11929
2024-06-27 04:00:00,04_08,0.0,0.1690215959221291,-14736.625,-19.05679
2024-06-27 08:00:00,08_12,0.0,0.4781753853929745,-5806.4375,-39.901790000000005
2024-06-27 12:00:00,12_16,3251.625,0.6256763636913554,3251.625,-73.88429000000001
2024-06-27 16:00:00,16_20,0.0,0.3930853204683449,-8696.75,-38.87429
2024-06-27 20:00:00,20_24,0.0,0.0985484578418944,-20298.8125,32.65321
2024-06-28 00:00:00,00_04,0.0,0.1723473251170773,-9530.0625,-31.162189999999995
2024-06-28 04:00:00,04_08,0.0,0.2533423234945681,-10570.6875,-19.71468999999999
2024-06-28 08:00:00,08_12,5699.6875,0.6631611936120537,5699.6875,-77.92469
2024-06-28 12:00:00,12_16,23318.4375,0.9484800078792748,23318.4375,-127.36969
2024-06-28 16:00:00,16_20,5664.8125,0.639813212821751,5664.8125,-89.88219000000001
2024-06-28 20:00:00,20_24,0.0,0.1893940335998607,-14284.5625,-0.0971899999999941
2024-06-29 00:00:00,00_04,0.0,0.0875367053771568,-10967.625,-10.537189999999992
2024-06-29 04:00:00,04_08,0.0,0.1499566269117609,-8881.375,-22.497189999999996
2024-06-29 08:00:00,08_12,9978.8125,0.6738155212003643,9978.8125,-95.08469
2024-06-29 12:00:00,12_16,19304.6875,0.8590580138531722,19304.6875,-120.23469
2024-06-29 16:00:00,16_20,0.0,0.4131626268988091,-2485.5625,-42.31469
2024-06-29 20:00:00,20_24,0.0,0.2256411551596889,-8035.75,-8.874689999999998
2024-06-30 00:00:00,00_04,3115.0625,0.3725443747217392,3115.0625,-54.20968999999999
2024-06-30 04:00:00,04_08,3226.0,0.3691792283436236,3226.0,-73.64469
2024-06-30 08:00:00,08_12,11341.375,0.6743519691708194,11341.375,-118.66468999999998
2024-06-30 12:00:00,12_16,17296.375,0.8061194659654145,17296.375,-121.23219
2024-06-30 16:00:00,16_20,5911.0,0.5639782264995808,5911.0,-71.86469
2024-06-30 20:00:00,20_24,0.0,0.257296350397489,-6878.0,-21.212189999999985
2024-07-01 00:00:00,00_04,0.0,0.1523561037318153,-7716.1875,-36.86236
2024-07-01 04:00:00,04_08,0.0,0.1548121622600783,-15097.875,-15.72735999999999
2024-07-01 08:00:00,08_12,0.0,0.3818269821173919,-12177.5,-6.559859999999986
2024-07-01 12:00:00,12_16,2544.3125,0.6154457718463484,2544.3125,-65.25985999999999
2024-07-01 16:00:00,16_20,0.0,0.4769522655626796,-5057.3125,-50.62735999999999
2024-07-01 20:00:00,20_24,0.0,0.205520396707908,-15739.5,2.107640000000007
2024-07-02 00:00:00,00_04,0.0,0.2514631641995379,-6348.5625,-38.01986
2024-07-02 04:00:00,04_08,0.0,0.2653127898411517,-11069.8125,-28.86236
2024-07-02 08:00:00,08_12,0.0,0.4758704642475987,-6938.4375,-32.54486
2024-07-02 12:00:00,12_16,0.0,0.5699404468846867,-840.0625,-52.76986
2024-07-02 16:00:00,16_20,0.0,0.4218495911977484,-8696.0625,-34.519859999999994
2024-07-02 20:00:00,20_24,0.0,0.2758031446253008,-12109.0625,-14.152360000000002
2024-07-03 00:00:00,00_04,0.0,0.2959648146751604,-4467.4375,-54.51246
2024-07-03 04:00:00,04_08,0.0,0.2415661499786454,-12499.8125,-28.372460000000004
2024-07-03 08:00:00,08_12,0.0,0.4311248462927335,-9599.125,-31.24496000000001
2024-07-03 12:00:00,12_16,0.0,0.5183767342085245,-3894.6875,-48.07496
2024-07-03 16:00:00,16_20,0.0,0.3112597084354363,-15000.0,-25.232460000000003
2024-07-03 20:00:00,20_24,0.0,0.2074333280187707,-15175.4375,-7.277460000000012
2024-07-04 00:00:00,00_04,0.0,0.3860163658776198,-548.625,-77.82849000000002
2024-07-04 04:00:00,04_08,480.9375,0.4952300944387181,480.9375,-93.79599000000002
2024-07-04 08:00:00,08_12,7528.875,0.7068542318390633,7528.875,-103.46349
2024-07-04 12:00:00,12_16,19354.1875,0.8920995272455835,19354.1875,-128.53849
2024-07-04 16:00:00,16_20,7933.625,0.6971617823582399,7933.625,-106.01849
2024-07-04 20:00:00,20_24,0.0,0.3625595391768376,-7511.0,-29.70849000000001
2024-07-05 00:00:00,00_04,4076.625,0.4937880891990222,4076.625,-96.14739
2024-07-05 04:00:00,04_08,1023.875,0.5042595387628518,1023.875,-93.39489
2024-07-05 08:00:00,08_12,12590.9375,0.7849897271491102,12590.9375,-103.78989
2024-07-05 12:00:00,12_16,21588.75,0.9261614631127424,21588.75,-119.50239
2024-07-05 16:00:00,16_20,1077.5,0.5750878784923485,1077.5,-75.83238999999998
2024-07-05 20:00:00,20_24,0.0,0.2208139616815232,-13265.5,-4.1498899999999885
2024-07-06 00:00:00,00_04,0.0,0.3210029421479985,-1491.8125,-51.29739
2024-07-06 04:00:00,04_08,7895.9375,0.5494543168961774,7895.9375,-102.39239
2024-07-06 08:00:00,08_12,25134.625,0.9800163623405174,25134.625,-127.59489
2024-07-06 12:00:00,12_16,26130.0,1.0590194372198884,29173.625,-158.66988999999998
2024-07-06 16:00:00,16_20,18359.375,0.843112166031317,18359.375,-121.65489
2024-07-06 20:00:00,20_24,8958.9375,0.6137564054800684,8958.9375,-106.71739
2024-07-07 00:00:00,00_04,14064.875,0.6738696161424381,14064.875,-119.04239
2024-07-07 04:00:00,04_08,11398.4375,0.6029777560299304,11398.4375,-118.71238999999998
2024-07-07 08:00:00,08_12,19037.9375,0.8484142400104466,19037.9375,-125.96738999999997
2024-07-07 12:00:00,12_16,20692.0625,0.887950029471219,20692.0625,-135.94988999999998
2024-07-07 16:00:00,16_20,2043.0,0.4928033806051802,2043.0,-81.68489
2024-07-07 20:00:00,20_24,0.0,0.1095535954734875,-14088.125,-0.9048899999999946
2024-07-08 00:00:00,00_04,0.0,0.1545021362833562,-7477.5,-40.47536
2024-07-08 04:00:00,04_08,0.0,0.20751434943057,-12665.0,-19.51785999999999
2024-07-08 08:00:00,08_12,0.0,0.5672750754204882,-801.875,-50.34036
2024-07-08 12:00:00,12_16,6998.0,0.692668432010673,6998.0,-86.10535999999999
2024-07-08 16:00:00,16_20,0.0,0.3300357803850852,-13657.5,-22.16285999999999
2024-07-08 20:00:00,20_24,0.0,0.051020895750608,-23646.875,41.18464000000001
2024-07-09 00:00:00,00_04,0.0,0.1303762270481763,-10438.0,-19.942399999999992
2024-07-09 04:00:00,04_08,0.0,0.1990610584252311,-13441.625,-16.45989999999999
2024-07-09 08:00:00,08_12,1858.125,0.5988358127133637,1858.125,-55.967399999999984
2024-07-09 12:00:00,12_16,14926.0625,0.806904050610667,14926.0625,-106.1724
2024-07-09 16:00:00,16_20,0.0,0.468858619265449,-4895.75,-19.819899999999997
2024-07-09 20:00:00,20_24,0.0,0.319832695559313,-8813.75,-13.687399999999991
2024-07-10 00:00:00,00_04,3563.625,0.4543365547532305,3563.625,-58.50486
2024-07-10 04:00:00,04_08,0.0,0.3244053483636778,-7058.125,-33.959860000000006
2024-07-10 08:00:00,08_12,0.0,0.4812836726648641,-5553.4375,-36.27736
2024-07-10 12:00:00,12_16,1317.3125,0.5859449431887993,1317.3125,-61.91986
2024-07-10 16:00:00,16_20,0.0,0.3446654580483044,-11552.25,-31.187359999999995
2024-07-10 20:00:00,20_24,0.0,0.076296304371261,-20649.9375,16.69014000000001
2024-07-11 00:00:00,00_04,0.0,0.0940691771065415,-11742.4375,-29.562949999999987
2024-07-11 04:00:00,04_08,0.0,0.1398967227210013,-16001.625,-15.220449999999984
2024-07-11 08:00:00,08_12,0.0,0.46512790550593,-6287.0,-26.987949999999987
2024-07-11 12:00:00,12_16,7540.3125,0.6864711742626267,7540.3125,-62.79044999999999
2024-07-11 16:00:00,16_20,0.0,0.3827531324438937,-9102.5,-24.10294999999999
2024-07-11 20:00:00,20_24,0.0,0.0622937612164952,-21579.875,29.97455000000002
2024-07-12 00:00:00,00_04,0.0,0.0706803410511605,-12926.6875,-24.668479999999985
2024-07-12 04:00:00,04_08,0.0,0.1301187902283854,-16447.9375,-17.49597999999999
2024-07-12 08:00:00,08_12,0.0,0.3803862971279091,-11362.0,-14.150979999999986
2024-07-12 12:00:00,12_16,0.0,0.5145349285038652,-2237.25,-34.05597999999999
2024-07-12 16:00:00,16_20,0.0,0.3703013532794327,-9104.75,-22.100979999999986
2024-07-12 20:00:00,20_24,0.0,0.2393298678524456,-10649.0625,-25.408479999999987
2024-07-13 00:00:00,00_04,3368.625,0.4198801887292583,3368.625,-70.97848
2024-07-13 04:00:00,04_08,5268.8125,0.4656566636256452,5268.8125,-84.35598
2024-07-13 08:00:00,08_12,16279.0625,0.7812248511685178,16279.0625,-101.72598
2024-07-13 12:00:00,12_16,26925.5625,0.9925226733623156,26925.5625,-122.76348
2024-07-13 16:00:00,16_20,12456.1875,0.700565605442314,12456.1875,-96.01598
2024-07-13 20:00:00,20_24,0.0,0.3180281614786677,-2967.625,-41.53098
2024-07-14 00:00:00,00_04,690.1875,0.2823992315988137,690.1875,-51.76847999999998
2024-07-14 04:00:00,04_08,3877.3125,0.3672614395743697,3877.3125,-84.49597999999997
2024-07-14 08:00:00,08_12,21895.125,0.8832321760945213,21895.125,-130.79847999999998
2024-07-14 12:00:00,12_16,27306.0,1.0273078444139958,28587.75,-179.54347999999996
2024-07-14 16:00:00,16_20,7428.625,0.5784432629894876,7428.625,-85.14347999999998
2024-07-14 20:00:00,20_24,0.0,0.2190051998208965,-7905.6875,-10.395979999999977
2024-07-15 00:00:00,00_04,0.0,0.2624485713564541,-1914.3125,-47.23634999999999
2024-07-15 04:00:00,04_08,0.0,0.2550665524180259,-8718.5625,-10.936349999999996
2024-07-15 08:00:00,08_12,5571.1875,0.6460236352717242,5571.1875,-64.96634999999999
2024-07-15 12:00:00,12_16,15686.0,0.8093484088098427,15686.0,-113.05135
2024-07-15 16:00:00,16_20,0.0,0.3731683732660246,-9603.6875,-2.726349999999993
2024-07-15 20:00:00,20_24,0.0,0.1664639443961772,-16166.8125,21.34115000000001
2024-07-16 00:00:00,00_04,3040.6875,0.4349833148751563,3040.6875,-56.54128999999999
2024-07-16 04:00:00,04_08,0.0,0.4205591713628065,-1895.5,-49.01379
2024-07-16 08:00:00,08_12,3952.5625,0.6256273275869842,3952.5625,-71.80129
2024-07-16 12:00:00,12_16,20479.0,0.8895895896907696,20479.0,-124.37879
2024-07-16 16:00:00,16_20,4744.375,0.6190977648296478,4744.375,-72.75129
2024-07-16 20:00:00,20_24,0.0,0.3318032802639972,-7458.3125,-7.458789999999993
2024-07-17 00:00:00,00_04,243.3125,0.3620957880935193,243.3125,-40.08243999999999
2024-07-17 04:00:00,04_08,0.0,0.3600564387169598,-4584.1875,-31.43994
2024-07-17 08:00:00,08_12,4321.0625,0.6303669604896827,4321.0625,-45.31994
2024-07-17 12:00:00,12_16,13327.6875,0.7731762305265304,13327.6875,-96.33744
2024-07-17 16:00:00,16_20,0.0,0.4914901051835181,-2435.25,-43.41994
2024-07-17 20:00:00,20_24,0.0,0.1220004386926957,-17725.5,18.77006
2024-07-18 00:00:00,00_04,0.0,0.0996504806442086,-10995.375,-32.84876999999999
2024-07-18 04:00:00,04_08,0.0,0.128948053696172,-15969.875,-14.931269999999998
2024-07-18 08:00:00,08_12,0.0,0.5298424766950438,-1757.375,-43.07876999999999
2024-07-18 12:00:00,12_16,6829.6875,0.6671604080376219,6829.6875,-76.12127
2024-07-18 16:00:00,16_20,0.0,0.3407413464393766,-10990.5,-21.00626999999999
2024-07-18 20:00:00,20_24,0.0,0.0636473777781018,-20852.3125,43.56873000000001
2024-07-19 00:00:00,00_04,0.0,0.0861522198731501,-11380.375,-32.68470999999998
2024-07-19 04:00:00,04_08,0.0,0.1181062099010602,-16241.75,-14.854709999999985
2024-07-19 08:00:00,08_12,0.0,0.5128436916861747,-2569.5,-37.979709999999976
2024-07-19 12:00:00,12_16,7865.6875,0.6754013848232967,7865.6875,-75.22970999999998
2024-07-19 16:00:00,16_20,0.0,0.3420876868392971,-10187.3125,-26.68470999999998
2024-07-19 20:00:00,20_24,0.0,0.1302234484028259,-15214.875,12.092790000000022
2024-07-20 00:00:00,00_04,0.0,0.1875467831255914,-5052.4375,-23.407210000000003
2024-07-20 04:00:00,04_08,0.0,0.2296432407895371,-3665.375,-22.594710000000006
2024-07-20 08:00:00,08_12,11175.625,0.6756148694847766,11175.625,-83.18721000000001
2024-07-20 12:00:00,12_16,22547.25,0.9052373360415492,22547.25,-117.60721
2024-07-20 16:00:00,16_20,3890.5,0.5178660132653508,3890.5,-51.657210000000006
2024-07-20 20:00:00,20_24,0.0,0.328068769371529,-2299.5,-13.43221
2024-07-21 00:00:00,00_04,4698.0625,0.3765874978672508,4698.0625,-55.28720999999998
2024-07-21 04:00:00,04_08,3271.4375,0.3285837251570932,3271.4375,-42.78220999999999
2024-07-21 08:00:00,08_12,14957.75,0.7236963921605921,14957.75,-99.33221
2024-07-21 12:00:00,12_16,19985.4375,0.8414915859773054,19985.4375,-114.22471
2024-07-21 16:00:00,16_20,1317.4375,0.432652398507874,1317.4375,-48.549709999999976
2024-07-21 20:00:00,20_24,0.0,0.1787448026023742,-8654.25,1.1727900000000169
2024-07-22 00:00:00,00_04,0.0,0.2056609918768841,-3637.625,-15.397190000000002
2024-07-22 04:00:00,04_08,0.0,0.2427695591935242,-8697.5625,-8.642189999999996
2024-07-22 08:00:00,08_12,0.0,0.4852546696204316,-3960.5,-21.42969
2024-07-22 12:00:00,12_16,9477.4375,0.7076317264832521,9477.4375,-76.21719
2024-07-22 16:00:00,16_20,0.0,0.4506774697320795,-4593.125,-40.44719
2024-07-22 20:00:00,20_24,0.0,0.1172008048897172,-18019.0625,28.29781
2024-07-23 00:00:00,00_04,0.0,0.1886955827898138,-7010.25,-36.67505999999999
2024-07-23 04:00:00,04_08,0.0,0.2320064715117188,-10728.6875,-18.852559999999983
2024-07-23 08:00:00,08_12,0.0,0.5194585534078422,-2348.0625,-30.087559999999986
2024-07-23 12:00:00,12_16,6131.3125,0.656143780302269,6131.3125,-73.35255999999998
2024-07-23 16:00:00,16_20,0.0,0.4189545219510994,-6616.125,-33.18755999999998
2024-07-23 20:00:00,20_24,0.0,0.2305069148046755,-12098.25,-10.437559999999984
2024-07-24 00:00:00,00_04,0.0,0.2829214060201602,-2887.625,-37.45214000000001
2024-07-24 04:00:00,04_08,0.0,0.2851393780475304,-7998.6875,-19.092140000000008
2024-07-24 08:00:00,08_12,1023.0,0.5702596562510538,1023.0,-52.727140000000006
2024-07-24 12:00:00,12_16,16529.5,0.8214728715881112,16529.5,-115.42214
2024-07-24 16:00:00,16_20,2035.5,0.5554666232755322,2035.5,-63.09464
2024-07-24 20:00:00,20_24,0.0,0.172578821523234,-14544.1875,-5.684640000000005
2024-07-25 00:00:00,00_04,0.0,0.1055983206086296,-10027.5,-29.75172999999999
2024-07-25 04:00:00,04_08,0.0,0.1247745354024127,-15515.9375,-17.906729999999992
2024-07-25 08:00:00,08_12,670.625,0.5633670345522874,670.625,-52.14672999999999
2024-07-25 12:00:00,12_16,10694.125,0.7264519024040822,10694.125,-95.60923
2024-07-25 16:00:00,16_20,0.0,0.3701563398669941,-8695.3125,-26.461729999999992
2024-07-25 20:00:00,20_24,0.0,0.093699808300088,-18611.8125,2.17577000000001
2024-07-26 00:00:00,00_04,0.0,0.2051126977965933,-5716.5,-35.72538
2024-07-26 04:00:00,04_08,0.0,0.2038659717282097,-11234.5,-20.092880000000005
2024-07-26 08:00:00,08_12,0.0,0.3959494625136818,-9152.1875,-22.00538000000001
2024-07-26 12:00:00,12_16,1094.4375,0.5561847455008392,1094.4375,-49.845380000000006
2024-07-26 16:00:00,16_20,0.0,0.3326695437109389,-9912.3125,-24.33538
2024-07-26 20:00:00,20_24,0.0,0.0577118787993502,-18121.0625,6.429619999999996
2024-07-27 00:00:00,00_04,0.0,0.0495648895982547,-9725.625,-16.500380000000007
2024-07-27 04:00:00,04_08,0.0,0.0817385329525232,-8944.4375,-28.222880000000004
2024-07-27 08:00:00,08_12,0.0,0.4422664944685165,-62.75,-53.24288000000001
2024-07-27 12:00:00,12_16,7953.9375,0.6125257475228568,7953.9375,-91.81788
2024-07-27 16:00:00,16_20,0.0,0.2611918127374791,-8130.75,-20.475380000000005
2024-07-27 20:00:00,20_24,0.0,0.0578990603562575,-13550.5625,-3.7628800000000098
2024-07-28 00:00:00,00_04,0.0,0.1748339944993274,-2790.125,-22.80538000000001
2024-07-28 04:00:00,04_08,3216.5,0.3307914548434592,3216.5,-40.03038000000001
2024-07-28 08:00:00,08_12,13890.0,0.7011153037497041,13890.0,-109.52038
2024-07-28 12:00:00,12_16,27306.0,1.053781184303451,29766.6875,-151.20538000000002
2024-07-28 16:00:00,16_20,12738.4375,0.6797242463424991,12738.4375,-87.11788000000001
2024-07-28 20:00:00,20_24,0.0,0.2175464537855348,-7023.5625,-12.28538000000001
2024-07-29 00:00:00,00_04,0.0,0.1933662690651193,-3573.25,-40.91038
2024-07-29 04:00:00,04_08,0.0,0.1775860561137008,-11485.3125,-7.460380000000011
2024-07-29 08:00:00,08_12,3462.875,0.6057932856001761,3462.875,-73.81538000000002
2024-07-29 12:00:00,12_16,16546.8125,0.8217096493889967,16546.8125,-117.68538
2024-07-29 16:00:00,16_20,0.0,0.4097920675774925,-6546.1875,-42.357880000000016
2024-07-29 20:00:00,20_24,0.0,0.0760624338702273,-19738.9375,10.247119999999988
2024-07-30 00:00:00,00_04,0.0,0.1254889488639741,-9471.125,-40.82052
2024-07-30 04:00:00,04_08,0.0,0.1371808895609486,-15239.125,-15.125519999999996
2024-07-30 08:00:00,08_12,0.0,0.5505858575157033,-266.625,-66.81801999999999
2024-07-30 12:00:00,12_16,12162.1875,0.7523558293745861,12162.1875,-116.45552
2024-07-30 16:00:00,16_20,0.0,0.3639578892230673,-9729.0625,-32.110519999999994
2024-07-30 20:00:00,20_24,0.0,0.0623914034978314,-20618.75,14.689480000000003
2024-07-31 00:00:00,00_04,0.0,0.0729375660370638,-11623.625,-33.02582
2024-07-31 04:00:00,04_08,0.0,0.0910075894764685,-17253.25,-17.67332
2024-07-31 08:00:00,08_12,0.0,0.5298708738830955,-1198.375,-55.67582
2024-07-31 12:00:00,12_16,11076.0,0.7290299184043517,11076.0,-100.98832
2024-07-31 16:00:00,16_20,0.0,0.3783816722125619,-8283.125,-37.460820000000005
2024-07-31 20:00:00,20_24,0.0,0.1472017417982087,-15664.5,-8.24832
2024-08-01 00:00:00,00_04,0.0,0.1178757530733227,-8346.875,-35.3338
2024-08-01 04:00:00,04_08,0.0,0.104717526833344,-15290.3125,-12.861300000000004
2024-08-01 08:00:00,08_12,0.0,0.4399234226873217,-5604.9375,-40.1263
2024-08-01 12:00:00,12_16,187.0625,0.5386011044453308,187.0625,-60.7813
2024-08-01 16:00:00,16_20,0.0,0.2756946956636042,-13430.6875,-28.3163
2024-08-01 20:00:00,20_24,0.0,0.1338883296381613,-15586.0625,-5.101299999999998
2024-08-02 00:00:00,00_04,0.0,0.1249458342423219,-8080.4375,-38.62889
2024-08-02 04:00:00,04_08,0.0,0.1165371337659963,-14376.3125,-23.25139
2024-08-02 08:00:00,08_12,0.0,0.342072288655073,-10990.4375,-30.42889
2024-08-02 12:00:00,12_16,1388.1875,0.5346315589748977,1388.1875,-67.28889
2024-08-02 16:00:00,16_20,0.0,0.2975658441039095,-10232.6875,-33.718889999999995
2024-08-02 20:00:00,20_24,0.0,0.0439528207364492,-17519.125,-6.85389
2024-08-03 00:00:00,00_04,0.0,0.045697994192196,-8696.0625,-30.651390000000006
2024-08-03 04:00:00,04_08,0.0,0.1001449763777524,-6858.375,-31.588890000000006
2024-08-03 08:00:00,08_12,5162.6875,0.5167306098328943,5162.6875,-75.85889
2024-08-03 12:00:00,12_16,13895.25,0.7056874863227159,13895.25,-117.31139000000002
2024-08-03 16:00:00,16_20,0.0,0.3934256697283194,-293.0625,-46.793890000000005
2024-08-03 20:00:00,20_24,0.0,0.1090712335682351,-9865.0,-6.253890000000009
2024-08-04 00:00:00,00_04,0.0,0.1801290340668159,-722.875,-26.451389999999986
2024-08-04 04:00:00,04_08,4243.625,0.3092900644587686,4243.625,-45.70638999999999
2024-08-04 08:00:00,08_12,14473.6875,0.6828337620882788,14473.6875,-101.19889
2024-08-04 12:00:00,12_16,27256.75,0.9720717287693778,27256.75,-127.27139
2024-08-04 16:00:00,16_20,10573.0,0.6119698870070576,11002.75,-76.16138999999998
2024-08-04 20:00:00,20_24,0.0,0.2060863873399906,-5819.1875,-11.06388999999999
2024-08-05 00:00:00,00_04,0.0,0.1628577607959051,-3412.0,-36.970490000000005
2024-08-05 04:00:00,04_08,0.0,0.121274766825642,-12497.125,-16.84299
2024-08-05 08:00:00,08_12,0.0,0.4184447925528519,-6213.875,-37.08299
2024-08-05 12:00:00,12_16,6989.5,0.6394183870414021,6989.5,-79.24548999999999
2024-08-05 16:00:00,16_20,0.0,0.3227602208052071,-9534.5,-21.675490000000003
2024-08-05 20:00:00,20_24,0.0,0.055575736468074,-18764.375,35.05700999999999
2024-08-06 00:00:00,00_04,0.0,0.0959925938537498,-8646.8125,-30.79385000000001
2024-08-06 04:00:00,04_08,0.0,0.1286368805848903,-13379.3125,-16.22135
2024-08-06 08:00:00,08_12,2392.125,0.5658780942174815,2392.125,-69.76135
2024-08-06 12:00:00,12_16,14419.1875,0.7650114042305008,14419.1875,-113.31885
2024-08-06 16:00:00,16_20,0.0,0.3613825441606021,-7485.25,-23.386350000000004
2024-08-06 20:00:00,20_24,0.0,0.1007961208022977,-16425.3125,30.888649999999995
2024-08-07 00:00:00,00_04,0.0,0.1649684817484869,-5945.5,-43.071649999999984
2024-08-07 04:00:00,04_08,0.0,0.1459501123799283,-12683.4375,-16.151649999999982
2024-08-07 08:00:00,08_12,0.0,0.4582701030713819,-4098.25,-43.85664999999999
2024-08-07 12:00:00,12_16,3593.75,0.5837940613566588,3593.75,-77.94664999999998
2024-08-07 16:00:00,16_20,0.0,0.3473522508210767,-8042.9375,-23.086649999999985
2024-08-07 20:00:00,20_24,0.0,0.1301693450794429,-14515.9375,-2.599149999999984
2024-08-08 00:00:00,00_04,0.0,0.1272016187895649,-7622.25,-40.79164999999996
2024-08-08 04:00:00,04_08,0.0,0.1326675351363724,-13678.0625,-25.70914999999997
2024-08-08 08:00:00,08_12,0.0,0.3770032254426058,-9153.1875,-36.03164999999997
2024-08-08 12:00:00,12_16,4557.9375,0.6017154401058281,4557.9375,-88.26914999999997
2024-08-08 16:00:00,16_20,0.0,0.3459369069264356,-8487.25,-36.084149999999966
2024-08-08 20:00:00,20_24,0.0,0.085416171745083,-17242.1875,1.198350000000033
2024-08-09 00:00:00,00_04,0.0,0.2975300909331019,-614.9375,-54.46118999999999
2024-08-09 04:00:00,04_08,161.75,0.4154042701457579,161.75,-62.75868999999998
2024-08-09 08:00:00,08_12,11182.6875,0.7135905194411291,11182.6875,-109.20619
2024-08-09 12:00:00,12_16,24390.625,0.9306238965908572,24390.625,-134.55369
2024-08-09 16:00:00,16_20,11494.75,0.6940767656931421,11494.75,-102.93868999999997
2024-08-09 20:00:00,20_24,0.0,0.3867799568344203,-1038.4375,-21.851189999999985
2024-08-10 00:00:00,00_04,3658.9375,0.3578059849712591,3658.9375,-48.02618999999997
2024-08-10 04:00:00,04_08,4775.8125,0.386669966340096,4775.8125,-52.033689999999964
2024-08-10 08:00:00,08_12,20566.75,0.8340174283536725,20566.75,-131.10368999999997
2024-08-10 12:00:00,12_16,28475.0,1.099455594481341,33324.1875,-168.57369
2024-08-10 16:00:00,16_20,10527.0,0.6854840982192099,13825.8125,-98.50368999999998
2024-08-10 20:00:00,20_24,0.0,0.2429037759263066,-3517.0,-14.588689999999977
2024-08-11 00:00:00,00_04,1508.75,0.2438698077413144,1508.75,-34.01618999999997
2024-08-11 04:00:00,04_08,1973.375,0.2482438658408404,1973.375,-38.28118999999997
2024-08-11 08:00:00,08_12,19139.4375,0.7936267179175173,19139.4375,-133.56118999999995
2024-08-11 12:00:00,12_16,28213.0,1.0619383687177542,30998.9375,-178.88869
2024-08-11 16:00:00,16_20,6678.9375,0.5211653410678078,6678.9375,-82.15368999999995
2024-08-11 20:00:00,20_24,0.0,0.1526698207637523,-8557.6875,-17.86118999999997
2024-08-12 00:00:00,00_04,0.0,0.1681311514094778,-3864.75,-44.391189999999966
2024-08-12 04:00:00,04_08,0.0,0.169092383885412,-11512.375,-9.50868999999997
2024-08-12 08:00:00,08_12,1582.4375,0.5673803377428047,1582.4375,-76.93868999999997
2024-08-12 12:00:00,12_16,14268.4375,0.775861553697614,14268.4375,-122.58868999999996
2024-08-12 16:00:00,16_20,0.0,0.3961315301208696,-7328.8125,-20.581189999999964
2024-08-12 20:00:00,20_24,0.0,0.269252976038854,-9790.5625,2.7613100000000337
2024-08-13 00:00:00,00_04,887.125,0.3648898411334326,887.125,-46.89363999999999
2024-08-13 04:00:00,04_08,0.0,0.3010678306158228,-6996.0625,-25.253639999999987
2024-08-13 08:00:00,08_12,3588.125,0.6050078056271707,3588.125,-54.55113999999999
2024-08-13 12:00:00,12_16,11463.125,0.7340268302622003,11463.125,-87.75613999999999
2024-08-13 16:00:00,16_20,0.0,0.3662985497714285,-9834.5625,-7.938639999999989
2024-08-13 20:00:00,20_24,0.0,0.2306184120588552,-12237.6875,1.0513600000000096
2024-08-14 00:00:00,00_04,0.0,0.2777477021145045,-3240.125,-44.78394
2024-08-14 04:00:00,04_08,0.0,0.1988964700967764,-12409.875,-17.931439999999995
2024-08-14 08:00:00,08_12,0.0,0.482068737934229,-4214.875,-37.17894
2024-08-14 12:00:00,12_16,3269.4375,0.6020826191205753,3269.4375,-58.52644
2024-08-14 16:00:00,16_20,0.0,0.311293067778029,-12500.875,-16.486439999999995
2024-08-14 20:00:00,20_24,0.0,0.1322351139154676,-16610.625,14.80356
2024-08-15 00:00:00,00_04,0.0,0.1319590904701231,-6968.25,-28.791929999999976
2024-08-15 04:00:00,04_08,0.0,0.1302895831746845,-11397.0,-22.451929999999976
2024-08-15 08:00:00,08_12,0.0,0.4847227650342222,-1061.1875,-62.51692999999997
2024-08-15 12:00:00,12_16,14712.875,0.7644285893439392,14712.875,-130.27943
2024-08-15 16:00:00,16_20,0.0,0.4344653398421071,-2309.875,-40.52192999999997
2024-08-15 20:00:00,20_24,0.0,0.1362393722997313,-13784.8125,-5.061929999999968
2024-08-16 00:00:00,00_04,0.0,0.2181794293204675,-4121.9375,-42.92501999999998
2024-08-16 04:00:00,04_08,0.0,0.2152906836272928,-9691.0,-23.930019999999985
2024-08-16 08:00:00,08_12,2690.3125,0.5741074431028685,2690.3125,-44.275019999999984
2024-08-16 12:00:00,12_16,10194.9375,0.7010383748133294,10194.9375,-83.88001999999997
2024-08-16 16:00:00,16_20,0.0,0.3174245535972073,-11293.8125,3.25248000000002
2024-08-16 20:00:00,20_24,0.0,0.048648197068678,-19112.125,31.69998000000002
2024-08-17 00:00:00,00_04,0.0,0.0476222625945202,-10930.25,-29.425020000000004
2024-08-17 04:00:00,04_08,0.0,0.067477266042453,-10183.0625,-26.73002
2024-08-17 08:00:00,08_12,0.0,0.4005782870573669,-1912.8125,-56.95502
2024-08-17 12:00:00,12_16,7618.625,0.5924585184542077,7618.625,-93.09752
2024-08-17 16:00:00,16_20,0.0,0.2634303035669177,-7493.4375,-32.82252
2024-08-17 20:00:00,20_24,0.0,0.0582414138161072,-13077.1875,-10.08502
2024-08-18 00:00:00,00_04,0.0,0.0670757118108771,-5997.4375,-25.520019999999988
2024-08-18 04:00:00,04_08,0.0,0.0844956507673121,-5034.875,-33.66001999999999
2024-08-18 08:00:00,08_12,0.0,0.2589607662040258,-5084.1875,-55.98252
2024-08-18 12:00:00,12_16,1683.375,0.4235528887176241,1683.375,-92.60502
2024-08-18 16:00:00,16_20,0.0,0.327234930678637,-2599.625,-45.76501999999999
2024-08-18 20:00:00,20_24,0.0,0.2146950967947824,-6281.4375,-25.682519999999982
2024-08-19 00:00:00,00_04,0.0,0.210441142507755,-1838.6875,-45.26820999999997
2024-08-19 04:00:00,04_08,0.0,0.1507271646843069,-11529.875,-22.080709999999968
2024-08-19 08:00:00,08_12,0.0,0.3645235733882686,-9501.75,-28.32570999999997
2024-08-19 12:00:00,12_16,0.0,0.4994716814927591,-1685.0,-54.69070999999997
2024-08-19 16:00:00,16_20,0.0,0.240685359857526,-14587.4375,-10.850709999999973
2024-08-19 20:00:00,20_24,0.0,0.1074705737428791,-16516.125,-2.790709999999965
2024-08-20 00:00:00,00_04,0.0,0.2231593214945722,-3670.4375,-46.03506
2024-08-20 04:00:00,04_08,0.0,0.2440089628194903,-8012.625,-28.16256
2024-08-20 08:00:00,08_12,0.0,0.5264477119634218,-0.5625,-48.47506
2024-08-20 12:00:00,12_16,6646.125,0.6482199767008627,6646.125,-104.98256
2024-08-20 16:00:00,16_20,0.0,0.3494794874819251,-9160.5,-20.39256
2024-08-20 20:00:00,20_24,0.0,0.2038326109662207,-11714.25,-16.930059999999997
2024-08-21 00:00:00,00_04,2895.1875,0.3959592535822592,2895.1875,-59.65296999999998
2024-08-21 04:00:00,04_08,3184.6875,0.4888137029570755,3184.6875,-60.60046999999999
2024-08-21 08:00:00,08_12,16137.3125,0.8003426731644863,16137.3125,-98.56046999999998
2024-08-21 12:00:00,12_16,28067.0,1.0153087331685435,28994.4375,-150.16296999999997
2024-08-21 16:00:00,16_20,11026.5625,0.702341337944828,11026.5625,-92.86797
2024-08-21 20:00:00,20_24,0.0,0.3424041209504966,-4837.125,-17.40296999999998
2024-08-22 00:00:00,00_04,2842.25,0.377713088352974,2842.25,-51.44845000000001
2024-08-22 04:00:00,04_08,0.0,0.3484131346775804,-3122.875,-33.335950000000004
2024-08-22 08:00:00,08_12,9612.3125,0.687797043495362,9612.3125,-79.36345000000001
2024-08-22 12:00:00,12_16,27084.5,0.9830955199901928,27084.5,-131.80095
2024-08-22 16:00:00,16_20,6051.6875,0.5996788293294966,6051.6875,-72.85095000000001
2024-08-22 20:00:00,20_24,0.0,0.4051795181105361,-1210.25,-30.55345000000001
2024-08-23 00:00:00,00_04,9355.4375,0.5543745376441397,9355.4375,-87.03562
2024-08-23 04:00:00,04_08,5425.75,0.5425917695306975,5425.75,-82.21562
2024-08-23 08:00:00,08_12,21310.125,0.8886411042154868,21310.125,-116.76562
2024-08-23 12:00:00,12_16,28067.0,1.1495769771012314,36938.8125,-140.58562
2024-08-23 16:00:00,16_20,16572.0,0.8091768941689363,17321.25,-92.56561999999998
2024-08-23 20:00:00,20_24,0.0,0.3804450268829268,-2131.0,-12.25561999999999
2024-08-24 00:00:00,00_04,0.0,0.2251423371732248,-2588.5,-24.41812
2024-08-24 04:00:00,04_08,1320.6875,0.3208072715383773,1320.6875,-25.76312
2024-08-24 08:00:00,08_12,19045.0,0.8138426421469378,19045.0,-107.06562
2024-08-24 12:00:00,12_16,28067.0,1.1068537479200906,33300.75,-160.79811999999998
2024-08-24 16:00:00,16_20,16572.0,0.8137705716376635,19367.1875,-89.63562
2024-08-24 20:00:00,20_24,12741.1875,0.638883898197755,12741.1875,-62.368120000000005
2024-08-25 00:00:00,00_04,20728.25,0.7943614908529217,20728.25,-128.29812
2024-08-25 04:00:00,04_08,20352.3125,0.7833257267237748,20352.3125,-128.39312
2024-08-25 08:00:00,08_12,23462.5625,0.8974360045274004,23462.5625,-132.44312
2024-08-25 12:00:00,12_16,28067.0,1.0045385820262362,28275.625,-144.42312
2024-08-25 16:00:00,16_20,7131.3125,0.5400203232495229,7131.3125,-79.79312000000002
2024-08-25 20:00:00,20_24,0.0,0.2057810393889471,-6402.5,-23.770620000000008
2024-08-26 00:00:00,00_04,1077.8125,0.2869753164901829,1077.8125,-42.68243
2024-08-26 04:00:00,04_08,0.0,0.2776478392321028,-6098.8125,-20.17992999999999
2024-08-26 08:00:00,08_12,0.0,0.5542919177070321,1329.0,-35.30492999999999
2024-08-26 12:00:00,12_16,9822.75,0.6974827189537065,9822.75,-89.71992999999999
2024-08-26 16:00:00,16_20,0.0,0.3125818728255721,-11388.4375,-4.707429999999995
2024-08-26 20:00:00,20_24,0.0,0.0698109088924663,-18807.4375,19.962570000000007
2024-08-27 00:00:00,00_04,0.0,0.0817080263086894,-10223.25,-38.97254
2024-08-27 04:00:00,04_08,0.0,0.1182167357780283,-15193.5625,-16.237539999999992
2024-08-27 08:00:00,08_12,0.0,0.5391897528714487,-34.5625,-52.29003999999999
2024-08-27 12:00:00,12_16,13053.25,0.7520337833583309,13053.25,-121.48254
2024-08-27 16:00:00,16_20,0.0,0.3346599252887039,-10415.8125,-7.110039999999991
2024-08-27 20:00:00,20_24,0.0,0.2205261807391183,-11613.625,4.539960000000001
2024-08-28 00:00:00,00_04,0.0,0.3213188667943357,-531.375,-43.53844
2024-08-28 04:00:00,04_08,0.0,0.2623687379910568,-8299.1875,-26.240939999999995
2024-08-28 08:00:00,08_12,1974.5625,0.571508456848389,1974.5625,-37.46843999999999
2024-08-28 12:00:00,12_16,15670.0,0.793039256613634,15670.0,-106.01593999999996
2024-08-28 16:00:00,16_20,0.0,0.3881582568733075,-7211.1875,-12.05093999999999
2024-08-28 20:00:00,20_24,0.0,0.2571608705891589,-9631.625,1.929060000000014
2024-08-29 00:00:00,00_04,402.75,0.3330566016247248,402.75,-42.93509999999998
2024-08-29 04:00:00,04_08,0.0,0.2152999315126039,-10307.125,-21.802599999999977
2024-08-29 08:00:00,08_12,0.0,0.5310310450064171,-122.875,-31.55009999999998
2024-08-29 12:00:00,12_16,13194.625,0.750884737946579,13194.625,-73.98509999999997
2024-08-29 16:00:00,16_20,0.0,0.3709604877852229,-7882.875,2.1974000000000267
2024-08-29 20:00:00,20_24,0.0,0.1276626674883702,-15661.3125,38.92990000000002
2024-08-30 00:00:00,00_04,0.0,0.1100995282046378,-7550.875,-34.14284999999998
2024-08-30 04:00:00,04_08,0.0,0.1151659168902317,-13445.9375,-10.170349999999978
2024-08-30 08:00:00,08_12,0.0,0.4190726746859471,-5459.0625,-24.53034999999998
2024-08-30 12:00:00,12_16,7189.1875,0.6173952709923217,7189.1875,-51.54284999999999
2024-08-30 16:00:00,16_20,0.0,0.3251364399900158,-7836.0625,-17.287849999999985
2024-08-30 20:00:00,20_24,0.0,0.2015568310447237,-8985.5625,-22.842849999999988
2024-08-31 00:00:00,00_04,261.9375,0.2433653784322551,261.9375,-31.23034999999997
2024-08-31 04:00:00,04_08,409.6875,0.2539992799543759,409.6875,-30.92284999999997
2024-08-31 08:00:00,08_12,11000.9375,0.6148463679950508,11000.9375,-66.44284999999996
2024-08-31 12:00:00,12_16,24797.4375,0.8996679969061012,24797.4375,-134.37534999999997
2024-08-31 16:00:00,16_20,0.0,0.4732052352372751,4635.0,-42.45284999999997
2024-08-31 20:00:00,20_24,2087.4375,0.3598291713796804,2087.4375,-28.995349999999966
2024-09-01 00:00:00,00_04,8936.5,0.441335799811182,8936.5,-49.85284999999999
2024-09-01 04:00:00,04_08,9381.375,0.4549628774817863,9381.375,-56.42784999999999
2024-09-01 08:00:00,08_12,20827.5625,0.820699578241146,20827.5625,-106.45534999999998
2024-09-01 12:00:00,12_16,28982.0,1.0537528325237835,31471.25,-149.44034999999997
2024-09-01 16:00:00,16_20,8008.0,0.5453456675716832,8008.0,-48.77785
2024-09-01 20:00:00,20_24,2586.5,0.4017152619783595,2586.5,-28.650349999999992
2024-09-02 00:00:00,00_04,4434.9375,0.3714855618467961,4434.9375,-42.6073
2024-09-02 04:00:00,04_08,0.0,0.2634204029238162,-6475.125,-24.637300000000003
2024-09-02 08:00:00,08_12,0.0,0.5136569547345412,-965.125,-23.277300000000004
2024-09-02 12:00:00,12_16,8403.6875,0.668506445209309,8403.6875,-50.80730000000001
2024-09-02 16:00:00,16_20,0.0,0.3069286165997703,-11676.9375,14.587699999999998
2024-09-02 20:00:00,20_24,0.0,0.2298299565846599,-10782.875,5.1752
2024-09-03 00:00:00,00_04,0.0,0.216710190498185,-4271.125,-37.94831000000002
2024-09-03 04:00:00,04_08,0.0,0.1463050667408583,-13392.9375,-10.53331000000001
2024-09-03 08:00:00,08_12,0.0,0.4408240056134846,-5419.0625,-22.623310000000014
2024-09-03 12:00:00,12_16,5596.875,0.6212324042821519,5596.875,-47.75831000000002
2024-09-03 16:00:00,16_20,0.0,0.2531837287814252,-14532.0,160.54918999999998
2024-09-03 20:00:00,20_24,0.0,0.0669336084135481,-18972.375,114.68169
2024-09-04 00:00:00,00_04,0.0,0.0742481216775042,-9972.1875,-26.47611999999999
2024-09-04 04:00:00,04_08,0.0,0.074713789139719,-16608.25,4.876380000000012
2024-09-04 08:00:00,08_12,0.0,0.3228318188059049,-12088.3125,-7.413619999999994
2024-09-04 12:00:00,12_16,0.0,0.4755814048256498,-2646.6875,-37.42361999999999
2024-09-04 16:00:00,16_20,0.0,0.2742042233697135,-12693.8125,46.87138
2024-09-04 20:00:00,20_24,0.0,0.2352360202986834,-9722.5,3.428880000000003
2024-09-05 00:00:00,00_04,679.5,0.3089795083130318,679.5,-31.43847999999999
2024-09-05 04:00:00,04_08,0.0,0.3867560828341674,-748.3125,-27.61597999999999
2024-09-05 08:00:00,08_12,12293.6875,0.7195769822246626,12293.6875,-52.71597999999999
2024-09-05 12:00:00,12_16,29594.0,1.0795542566345455,34459.6875,-135.04598
2024-09-05 16:00:00,16_20,18086.5,0.8018719506552258,18086.5,-69.48097999999999
2024-09-05 20:00:00,20_24,13446.875,0.6865073442420051,13446.875,-45.26597999999999
2024-09-06 00:00:00,00_04,16068.3125,0.7037071583289287,16068.3125,-68.28000999999999
2024-09-06 04:00:00,04_08,5391.3125,0.5337148703922047,5391.3125,-39.58250999999999
2024-09-06 08:00:00,08_12,5604.375,0.6258936714220572,5604.375,-34.685009999999984
2024-09-06 12:00:00,12_16,19654.0,0.85014470936879,19654.0,-102.52501
2024-09-06 16:00:00,16_20,0.0,0.5015866005034738,647.0625,-27.675009999999983
2024-09-06 20:00:00,20_24,0.0,0.3564589349400368,-2832.625,-18.55500999999998
2024-09-07 00:00:00,00_04,734.8125,0.2930479025950942,734.8125,-28.820009999999986
2024-09-07 04:00:00,04_08,0.0,0.2161910073915061,-2779.25,-24.59000999999999
2024-09-07 08:00:00,08_12,9023.1875,0.603581194610088,9023.1875,-65.23500999999999
2024-09-07 12:00:00,12_16,21887.25,0.8652006937717984,21887.25,-122.72751
2024-09-07 16:00:00,16_20,0.0,0.3724423999370921,-1351.4375,-19.067509999999988
2024-09-07 20:00:00,20_24,0.0,0.2548451518331823,-3862.5,-22.45000999999999
2024-09-08 00:00:00,00_04,4031.25,0.3236649083015157,4031.25,-40.23000999999998
2024-09-08 04:00:00,04_08,3220.3125,0.3025649400883632,3220.3125,-43.51250999999999
2024-09-08 08:00:00,08_12,10545.1875,0.6014442298499957,10545.1875,-95.23251
2024-09-08 12:00:00,12_16,17790.8125,0.7672113057578317,17790.8125,-125.64750999999998
2024-09-08 16:00:00,16_20,0.0,0.2830581031376927,-4134.25,-27.16500999999998
2024-09-08 20:00:00,20_24,0.0,0.1310867168945101,-9655.75,-14.680009999999982
2024-09-09 00:00:00,00_04,0.0,0.2129400486032149,-2313.25,-41.97552999999999
2024-09-09 04:00:00,04_08,0.0,0.1979628660889606,-11095.0625,-19.053029999999996
2024-09-09 08:00:00,08_12,0.0,0.3293619945752655,-13750.4375,-1.335529999999995
2024-09-09 12:00:00,12_16,0.0,0.4956376062064989,-3185.875,-39.00303
2024-09-09 16:00:00,16_20,0.0,0.3947293653362418,-7773.1875,-26.753029999999992
2024-09-09 20:00:00,20_24,0.0,0.4219377062008915,-1987.5625,-32.79803
2024-09-10 00:00:00,00_04,5968.0,0.4880376815860687,5968.0,-63.85999
2024-09-10 04:00:00,04_08,0.0,0.3723133243787455,-4194.1875,-31.03998999999999
2024-09-10 08:00:00,08_12,51.375,0.5569949418718083,51.375,-55.25498999999999
2024-09-10 12:00:00,12_16,17758.375,0.829949156289146,17758.375,-126.40749
2024-09-10 16:00:00,16_20,5882.375,0.6308647937009795,5882.375,-77.52498999999997
2024-09-10 20:00:00,20_24,4471.5625,0.5513502383594726,4471.5625,-49.77999
2024-09-11 00:00:00,00_04,10422.625,0.5931372892348509,10422.625,-87.55172999999999
2024-09-11 04:00:00,04_08,320.6875,0.4615933364456597,320.6875,-53.00172999999998
2024-09-11 08:00:00,08_12,0.0,0.4978669805882153,-3814.875,-36.04923
2024-09-11 12:00:00,12_16,953.3125,0.5615159325908244,953.3125,-58.12172999999999
2024-09-11 16:00:00,16_20,0.0,0.3324307689786856,-12165.625,-15.174229999999987
2024-09-11 20:00:00,20_24,0.0,0.210842381690228,-13664.5,-9.719229999999987
2024-09-12 00:00:00,00_04,0.0,0.2720624078717035,-2720.875,-38.87950999999998
2024-09-12 04:00:00,04_08,0.0,0.2003851768256032,-12195.875,-20.55450999999999
2024-09-12 08:00:00,08_12,0.0,0.3730324173830775,-10554.1875,-23.08700999999999
2024-09-12 12:00:00,12_16,0.0,0.4844128025979337,-3288.0625,-43.792009999999976
2024-09-12 16:00:00,16_20,0.0,0.1806947884040124,-20190.5,37.387990000000016
2024-09-12 20:00:00,20_24,0.0,0.0618542987107164,-21262.5625,17.367990000000017
2024-09-13 00:00:00,00_04,0.0,0.1065265121942282,-11078.4375,-31.54365999999999
2024-09-13 04:00:00,04_08,0.0,0.1540638104092746,-16036.375,-24.683659999999996
2024-09-13 08:00:00,08_12,0.0,0.320446961842673,-14958.75,-11.431159999999988
2024-09-13 12:00:00,12_16,0.0,0.5158133055741865,-1366.75,-46.63116
2024-09-13 16:00:00,16_20,0.0,0.443461561709,-4255.0625,-35.27865999999999
2024-09-13 20:00:00,20_24,641.125,0.4563794996919645,641.125,-43.15615999999999
2024-09-14 00:00:00,00_04,10361.75,0.5596371930132564,10361.75,-75.75116
2024-09-14 04:00:00,04_08,7535.625,0.5011485179073826,7535.625,-71.45365999999999
2024-09-14 08:00:00,08_12,8507.5625,0.6102622635179485,8507.5625,-76.47366
2024-09-14 12:00:00,12_16,18936.5625,0.8117948441772397,18936.5625,-124.21616
2024-09-14 16:00:00,16_20,0.0,0.4913715080652001,3433.5,-50.383660000000006
2024-09-14 20:00:00,20_24,0.0,0.3133510961400408,-2539.3125,-24.42116
2024-09-15 00:00:00,00_04,4339.0625,0.3460661181861311,4339.0625,-53.70365999999999
2024-09-15 04:00:00,04_08,4167.25,0.3462143127704721,4167.25,-53.21865999999999
2024-09-15 08:00:00,08_12,11391.5625,0.629531703195626,11391.5625,-88.68115999999999
2024-09-15 12:00:00,12_16,19716.125,0.8116391423284683,19716.125,-124.35866
2024-09-15 16:00:00,16_20,0.0,0.4019695266675032,547.4375,-37.20865999999998
2024-09-15 20:00:00,20_24,0.0,0.2209435286108274,-6498.125,-15.188659999999988
2024-09-16 00:00:00,00_04,0.0,0.1967447854517684,-3007.375,-34.326040000000006
2024-09-16 04:00:00,04_08,0.0,0.19973081757812,-10844.75,-19.251040000000003
2024-09-16 08:00:00,08_12,0.0,0.3100731418737227,-14749.1875,-0.1285400000000045
2024-09-16 12:00:00,12_16,0.0,0.4645025866254778,-4952.3125,-37.87104000000001
2024-09-16 16:00:00,16_20,0.0,0.4042837514821855,-7060.375,-26.726040000000005
2024-09-16 20:00:00,20_24,0.0,0.4088384119117378,-2361.625,-32.79354000000001
2024-09-17 00:00:00,00_04,1848.0625,0.3760266581111824,1848.0625,-38.27572999999998
2024-09-17 04:00:00,04_08,0.0,0.321683296389789,-5855.8125,-16.868229999999983
2024-09-17 08:00:00,08_12,0.0,0.4206643533938496,-7828.125,-13.98822999999998
2024-09-17 12:00:00,12_16,6564.9375,0.6467586388017093,6564.9375,-77.40822999999997
2024-09-17 16:00:00,16_20,0.0,0.426028898727861,-5415.3125,-16.99572999999998
2024-09-17 20:00:00,20_24,0.0,0.3678788553719849,-4402.8125,-25.03822999999998
2024-09-18 00:00:00,00_04,299.1875,0.3349128405858429,299.1875,-37.83504
2024-09-18 04:00:00,04_08,0.0,0.2651329422137566,-8447.4375,-16.345039999999997
2024-09-18 08:00:00,08_12,0.0,0.5108454811080496,-1889.1875,-28.74754
2024-09-18 12:00:00,12_16,16153.6875,0.7991969127866259,16153.6875,-119.59503999999998
2024-09-18 16:00:00,16_20,0.0,0.4896796255732228,-1769.4375,-28.35504
2024-09-18 20:00:00,20_24,0.0,0.4406975864507894,-520.1875,-28.49004
2024-09-19 00:00:00,00_04,3560.5625,0.4018209014246923,3560.5625,-43.85373
2024-09-19 04:00:00,04_08,0.0,0.3110159089389541,-5804.8125,-14.691229999999996
2024-09-19 08:00:00,08_12,0.0,0.5542722492189505,973.125,-34.436229999999995
2024-09-19 12:00:00,12_16,17448.25,0.820508326752618,17448.25,-117.24873
2024-09-19 16:00:00,16_20,0.0,0.4902249510684505,-1377.9375,-21.57373
2024-09-19 20:00:00,20_24,0.0,0.4254199234890535,-1436.875,-28.07123
2024-09-20 00:00:00,00_04,5365.0,0.4578323919471643,5365.0,-45.72376999999997
2024-09-20 04:00:00,04_08,0.0,0.3628005753593839,-3980.75,-15.753769999999978
2024-09-20 08:00:00,08_12,4286.3125,0.6104128500293179,4286.3125,-47.96876999999998
2024-09-20 12:00:00,12_16,22282.1875,0.8969482233113311,22282.1875,-115.06876999999996
2024-09-20 16:00:00,16_20,0.0,0.4776907192727135,-1121.8125,-24.15126999999997
2024-09-20 20:00:00,20_24,0.0,0.4049884561523031,-1146.5,-25.336269999999978
2024-09-21 00:00:00,00_04,3760.6875,0.3769095675715087,3760.6875,-35.88127000000001
2024-09-21 04:00:00,04_08,359.5625,0.3040740700424683,359.5625,-26.998770000000007
2024-09-21 08:00:00,08_12,9945.0,0.627971447795096,9945.0,-77.46627000000001
2024-09-21 12:00:00,12_16,22815.4375,0.8879205219273509,22815.4375,-121.88127
2024-09-21 16:00:00,16_20,0.0,0.3609306890678675,-2109.75,-16.841270000000005
2024-09-21 20:00:00,20_24,0.0,0.2570762014826669,-3932.8125,-22.74377000000001
2024-09-22 00:00:00,00_04,0.0,0.1908512284240117,-956.9375,-28.996269999999992
2024-09-22 04:00:00,04_08,0.0,0.1335476889993768,-3299.625,-27.41626999999999
2024-09-22 08:00:00,08_12,8674.875,0.565979094038185,8674.875,-74.17126999999999
2024-09-22 12:00:00,12_16,19561.625,0.8099427365352285,19561.625,-116.49377
2024-09-22 16:00:00,16_20,0.0,0.2344240573196318,-6950.5625,-6.493769999999991
2024-09-22 20:00:00,20_24,0.0,0.0885909339926112,-12221.4375,-14.22126999999999
2024-09-23 00:00:00,00_04,0.0,0.070656828886417,-7543.75,-35.11825999999998
2024-09-23 04:00:00,04_08,0.0,0.0531565471408938,-17270.75,8.414240000000017
2024-09-23 08:00:00,08_12,0.0,0.2892596968207595,-15323.625,-12.890759999999982
2024-09-23 12:00:00,12_16,0.0,0.425812113231326,-7207.0625,-43.61575999999999
2024-09-23 16:00:00,16_20,0.0,0.1501647353479248,-21549.0625,79.80174000000001
2024-09-23 20:00:00,20_24,0.0,0.1301291419620261,-16719.6875,0.0292400000000156
2024-09-24 00:00:00,00_04,0.0,0.164466058965834,-5670.8125,-38.98776999999997
2024-09-24 04:00:00,04_08,0.0,0.1542028350993105,-12532.9375,-17.77776999999997
2024-09-24 08:00:00,08_12,0.0,0.3151612024556772,-12930.6875,-21.36776999999997
2024-09-24 12:00:00,12_16,612.0625,0.5300728559908595,612.0625,-53.52526999999998
2024-09-24 16:00:00,16_20,0.0,0.3640828358232474,-7865.375,-16.220269999999974
2024-09-24 20:00:00,20_24,1420.0625,0.4524963081584903,1420.0625,-44.542769999999976
2024-09-25 00:00:00,00_04,13726.5,0.6221775706098047,13726.5,-81.75558
2024-09-25 04:00:00,04_08,4440.8125,0.4962487065036809,4440.8125,-54.62557999999999
2024-09-25 08:00:00,08_12,5509.9375,0.6101970784379156,5509.9375,-66.54057999999999
2024-09-25 12:00:00,12_16,9203.6875,0.6652439264003966,9203.6875,-83.42308
2024-09-25 16:00:00,16_20,0.0,0.2862951099001904,-12337.125,12.456919999999997
2024-09-25 20:00:00,20_24,0.0,0.2637180294791312,-8164.6875,-24.255579999999995
2024-09-26 00:00:00,00_04,9946.1875,0.5178458546805296,9946.1875,-71.26222000000001
2024-09-26 04:00:00,04_08,11544.375,0.6280380317856895,11544.375,-64.89722
2024-09-26 08:00:00,08_12,8227.0,0.651159922140358,8227.0,-70.11972000000002
2024-09-26 12:00:00,12_16,16208.8125,0.7758186321033316,16208.8125,-108.09972000000002
2024-09-26 16:00:00,16_20,7114.8125,0.6062345399154212,7114.8125,-53.62472000000001
2024-09-26 20:00:00,20_24,11890.625,0.6488219110222894,11890.625,-70.06722
2024-09-27 00:00:00,00_04,26503.875,0.9177947285754756,26503.875,-129.31751
2024-09-27 04:00:00,04_08,22910.375,0.8575289302494588,22910.375,-122.74001
2024-09-27 08:00:00,08_12,27773.125,0.9644319935828096,27773.125,-118.76001
2024-09-27 12:00:00,12_16,29968.0,1.0566101950902107,33388.25,-133.42251
2024-09-27 16:00:00,16_20,13737.6875,0.7202445012534244,13737.6875,-88.95000999999999
2024-09-27 20:00:00,20_24,12826.625,0.6591384191674518,12826.625,-93.24001
2024-09-28 00:00:00,00_04,23255.9375,0.835215285162118,23255.9375,-128.31250999999995
2024-09-28 04:00:00,04_08,15604.1875,0.6527119389384958,15604.1875,-120.71000999999998
2024-09-28 08:00:00,08_12,14807.6875,0.7005159622343795,14807.6875,-116.46250999999998
2024-09-28 12:00:00,12_16,23944.75,0.8808424561498953,23944.75,-130.94750999999997
2024-09-28 16:00:00,16_20,7243.375,0.5340342585306714,7243.375,-67.77250999999998
2024-09-28 20:00:00,20_24,2482.3125,0.3819491388457511,2482.3125,-48.120009999999965
2024-09-29 00:00:00,00_04,8524.8125,0.4148240503220172,8524.8125,-82.84751
2024-09-29 04:00:00,04_08,2984.875,0.266453941198059,2984.875,-54.67250999999999
2024-09-29 08:00:00,08_12,9580.3125,0.5523395600836577,9580.3125,-93.10501
2024-09-29 12:00:00,12_16,17195.6875,0.721131211901633,17195.6875,-131.50500999999997
2024-09-29 16:00:00,16_20,0.0,0.2439857979184735,-4899.375,-16.975009999999987
2024-09-29 20:00:00,20_24,0.0,0.3091662300600845,-1018.3125,-58.40750999999999
2024-09-30 00:00:00,00_04,13260.625,0.5764212621257689,13260.625,-120.03789
2024-09-30 04:00:00,04_08,5750.8125,0.5198824844307979,5750.8125,-91.47039
2024-09-30 08:00:00,08_12,3693.25,0.5873620069081205,3693.25,-74.30039000000001
2024-09-30 12:00:00,12_16,12595.75,0.7258694912496116,12595.75,-120.90039
2024-09-30 16:00:00,16_20,3293.5,0.5655645425618329,3293.5,-72.55039000000001
2024-09-30 20:00:00,20_24,11982.6875,0.666117863822638,11982.6875,-107.60039
2024-10-01 00:00:00,00_04,18190.9375,0.7358799725834236,18190.9375,-131.41043
2024-10-01 04:00:00,04_08,5741.875,0.543675501951297,5741.875,-88.69792999999999
2024-10-01 08:00:00,08_12,0.0,0.5190527236257225,-1382.1875,-42.22793
2024-10-01 12:00:00,12_16,2885.3125,0.5774363165090467,2885.3125,-74.01043
2024-10-01 16:00:00,16_20,0.0,0.3278119907264668,-12000.5625,-12.51543
2024-10-01 20:00:00,20_24,0.0,0.322016999945639,-6668.125,-37.61543
2024-10-02 00:00:00,00_04,0.0,0.3058175584389456,-1085.6875,-52.79993
2024-10-02 04:00:00,04_08,0.0,0.2709615560114584,-8477.25,-38.984930000000006
2024-10-02 08:00:00,08_12,0.0,0.3312718439024014,-13405.75,-19.12993
2024-10-02 12:00:00,12_16,0.0,0.436942450438944,-5740.6875,-47.92743
2024-10-02 16:00:00,16_20,0.0,0.2959822578771085,-13581.4375,-25.21243
2024-10-02 20:00:00,20_24,0.0,0.2927267703991958,-7631.75,-35.082429999999995
2024-10-03 00:00:00,00_04,6267.4375,0.371928001087949,6267.4375,-66.60463999999999
2024-10-03 04:00:00,04_08,7209.9375,0.3922925223287046,7209.9375,-65.43713999999999
2024-10-03 08:00:00,08_12,6959.1875,0.4999256941624803,6959.1875,-61.75963999999999
2024-10-03 12:00:00,12_16,13936.5625,0.6440762573921819,13936.5625,-89.33963999999999
2024-10-03 16:00:00,16_20,733.5625,0.3596912996269579,733.5625,-36.94963999999999
2024-10-03 20:00:00,20_24,0.0,0.290498480285442,-1364.125,-37.36713999999999
2024-10-04 00:00:00,00_04,1517.5,0.2871572055557126,1517.5,-60.120540000000005
2024-10-04 04:00:00,04_08,0.0,0.2011977666642406,-8534.0,-38.00804
2024-10-04 08:00:00,08_12,0.0,0.2786355173610746,-12982.125,-22.055540000000004
2024-10-04 12:00:00,12_16,0.0,0.3796646194926569,-6419.3125,-56.88804
2024-10-04 16:00:00,16_20,0.0,0.1649563200775675,-18887.125,-13.27804
2024-10-04 20:00:00,20_24,0.0,0.1263534652729825,-14956.25,-29.37554
2024-10-05 00:00:00,00_04,0.0,0.0925777639085968,-9885.375,-51.60803999999997
2024-10-05 04:00:00,04_08,0.0,0.0578318229933131,-12410.625,-49.74303999999997
2024-10-05 08:00:00,08_12,0.0,0.2434755035601166,-11020.4375,-44.200539999999975
2024-10-05 12:00:00,12_16,0.0,0.4126602437850803,-1643.3125,-86.09553999999997
2024-10-05 16:00:00,16_20,0.0,0.1389192604530971,-14966.1875,-18.14553999999997
2024-10-05 20:00:00,20_24,0.0,0.157240485049627,-10271.0,-46.27303999999997
2024-10-06 00:00:00,00_04,0.0,0.213446008165394,-1518.625,-70.83803999999996
2024-10-06 04:00:00,04_08,0.0,0.2367285644714961,-645.0625,-69.41053999999997
2024-10-06 08:00:00,08_12,6550.5,0.5275134630113038,6550.5,-86.33053999999996
2024-10-06 12:00:00,12_16,17756.875,0.7678586420995257,17756.875,-133.77803999999995
2024-10-06 16:00:00,16_20,0.0,0.3820205343167166,-472.875,-46.62053999999996
2024-10-06 20:00:00,20_24,3787.5625,0.4469849295144016,3787.5625,-74.44803999999996
2024-10-07 00:00:00,00_04,11353.625,0.5547332706694308,11353.625,-101.53965999999996
2024-10-07 04:00:00,04_08,2166.75,0.4509578261021707,2166.75,-72.03715999999999
2024-10-07 08:00:00,08_12,0.0,0.4768703076038902,-3555.875,-53.24715999999998
2024-10-07 12:00:00,12_16,2041.625,0.5647904360602736,2041.625,-80.01715999999999
2024-10-07 16:00:00,16_20,0.0,0.2284147492089893,-17049.375,36.57784000000002
2024-10-07 20:00:00,20_24,0.0,0.2398621885146677,-10876.5625,-36.63465999999998
2024-10-08 00:00:00,00_04,1505.5625,0.3502159223094067,1505.5625,-67.18330999999999
2024-10-08 04:00:00,04_08,0.0,0.3924269889224572,-1219.0,-52.08330999999999
2024-10-08 08:00:00,08_12,0.0,0.447345405724741,-5373.4375,-44.93081
2024-10-08 12:00:00,12_16,0.0,0.4321263930989303,-6214.5625,-48.69830999999999
2024-10-08 16:00:00,16_20,0.0,0.191809900706953,-19096.0625,5.176690000000008
2024-10-08 20:00:00,20_24,0.0,0.2136626378144751,-12170.1875,-42.07081
2024-10-09 00:00:00,00_04,992.25,0.3434114490055959,992.25,-72.83041
2024-10-09 04:00:00,04_08,0.0,0.3524499169572233,-3681.875,-51.49291
2024-10-09 08:00:00,08_12,0.0,0.5202605897323777,-812.375,-48.77041
2024-10-09 12:00:00,12_16,3562.0,0.5857830664250333,3562.0,-65.15041000000001
2024-10-09 16:00:00,16_20,0.0,0.3810921265910238,-7445.75,-15.737910000000005
2024-10-09 20:00:00,20_24,0.0,0.3427003688483195,-4811.375,-35.19041000000001
2024-10-10 00:00:00,00_04,9085.4375,0.5389355262737906,9085.4375,-86.96651999999999
2024-10-10 04:00:00,04_08,7809.125,0.591800920181719,7809.125,-77.36401999999998
2024-10-10 08:00:00,08_12,6442.0625,0.6508673557937971,6442.0625,-71.69901999999999
2024-10-10 12:00:00,12_16,14498.9375,0.7743109556850122,14498.9375,-107.37152
2024-10-10 16:00:00,16_20,0.0,0.5176170820781265,-846.6875,-41.49651999999999
2024-10-10 20:00:00,20_24,0.0,0.4418212044883142,-872.0625,-45.25151999999999
2024-10-11 00:00:00,00_04,2564.3125,0.4002972067959772,2564.3125,-61.75920999999999
2024-10-11 04:00:00,04_08,0.0,0.3228465561453888,-6586.5,-39.12670999999999
2024-10-11 08:00:00,08_12,0.0,0.414137574534034,-8524.6875,-27.991709999999987
2024-10-11 12:00:00,12_16,4535.375,0.6014400102857878,4535.375,-73.61921
2024-10-11 16:00:00,16_20,0.0,0.2721579849968962,-14290.0,-2.896709999999985
2024-10-11 20:00:00,20_24,0.0,0.196254279385111,-12211.5625,-33.11920999999999
2024-10-12 00:00:00,00_04,0.0,0.2638590570479049,-1427.1875,-54.41671
2024-10-12 04:00:00,04_08,1045.6875,0.340658512918143,1045.6875,-64.39921
2024-10-12 08:00:00,08_12,9960.0625,0.6320347578782384,9960.0625,-89.36671000000001
2024-10-12 12:00:00,12_16,13198.0,0.6931133677100663,13198.0,-107.24170999999998
2024-10-12 16:00:00,16_20,1050.6875,0.4460401028634974,1050.6875,-60.02421
2024-10-12 20:00:00,20_24,10902.375,0.600957544881461,10902.375,-92.98171
2024-10-13 00:00:00,00_04,23867.1875,0.8956084134077286,23867.1875,-134.63421
2024-10-13 04:00:00,04_08,27802.0,1.0616324975530929,30147.625,-134.75671
2024-10-13 08:00:00,08_12,27802.0,1.1217989117875675,33599.75,-135.40670999999998
2024-10-13 12:00:00,12_16,27802.0,1.2396335202590634,39369.125,-145.35920999999996
2024-10-13 16:00:00,16_20,21042.875,0.8604614554866546,21042.875,-112.53421
2024-10-13 20:00:00,20_24,13048.1875,0.6783349139904506,13048.1875,-95.80171
2024-10-14 00:00:00,00_04,10740.0,0.5747562955047464,10740.0,-101.66425999999998
2024-10-14 04:00:00,04_08,0.0,0.290398571749582,-8119.0,-53.84425999999999
2024-10-14 08:00:00,08_12,0.0,0.2949242554454827,-17321.4375,-20.12675999999998
2024-10-14 12:00:00,12_16,0.0,0.3293923140702421,-14458.1875,-54.08425999999999
2024-10-14 16:00:00,16_20,0.0,0.1056817419345656,-27178.5625,60.92074000000002
2024-10-14 20:00:00,20_24,0.0,0.0841147010201248,-21471.3125,-20.489259999999984
2024-10-15 00:00:00,00_04,0.0,0.0755524659218306,-9510.5,-48.87808000000001
2024-10-15 04:00:00,04_08,0.0,0.0676837124205545,-17615.8125,-18.848080000000017
2024-10-15 08:00:00,08_12,0.0,0.2677986505509441,-16088.75,-20.66808000000001
2024-10-15 12:00:00,12_16,0.0,0.4426582004045036,-4137.625,-59.03558000000001
2024-10-15 16:00:00,16_20,0.0,0.2834412489096153,-13155.375,-25.450580000000016
2024-10-15 20:00:00,20_24,3152.125,0.4818361123139236,3152.125,-75.57058
2024-10-16 00:00:00,00_04,16716.0625,0.6763567497854011,16716.0625,-122.21406
2024-10-16 04:00:00,04_08,10308.5,0.605463736081399,10308.5,-103.16905999999996
2024-10-16 08:00:00,08_12,13107.1875,0.7217023825047935,13107.1875,-93.06655999999998
2024-10-16 12:00:00,12_16,21391.25,0.8461403038542069,21391.25,-127.40155999999996
2024-10-16 16:00:00,16_20,4652.125,0.568474888599885,4652.125,-58.299059999999976
2024-10-16 20:00:00,20_24,10435.25,0.6137313000698146,10435.25,-86.26655999999997
2024-10-17 00:00:00,00_04,18098.8125,0.7025945481213198,18098.8125,-121.43853999999996
2024-10-17 04:00:00,04_08,8245.3125,0.56205722356208,8245.3125,-79.83103999999999
2024-10-17 08:00:00,08_12,2623.125,0.5595975209765381,2623.125,-62.62603999999998
2024-10-17 12:00:00,12_16,3402.3125,0.5617484318752854,3402.3125,-78.34603999999999
2024-10-17 16:00:00,16_20,0.0,0.2296866182650169,-15895.0,10.91146000000002
2024-10-17 20:00:00,20_24,0.0,0.1961225730460883,-11200.5,-36.116039999999984
2024-10-18 00:00:00,00_04,0.0,0.1398527498056751,-5818.25,-51.9172
2024-10-18 04:00:00,04_08,0.0,0.1152906296401915,-13870.375,-29.28719999999999
2024-10-18 08:00:00,08_12,0.0,0.255518938736939,-15564.125,-20.762199999999996
2024-10-18 12:00:00,12_16,0.0,0.3565903121423455,-7957.375,-50.6647
2024-10-18 16:00:00,16_20,0.0,0.1363557299676512,-19778.9375,7.367800000000006
2024-10-18 20:00:00,20_24,0.0,0.1736222628757084,-10472.375,-38.1172
2024-10-19 00:00:00,00_04,0.0,0.1863263798555449,-1625.3125,-50.222200000000015
2024-10-19 04:00:00,04_08,0.0,0.2208583484241608,-1264.875,-50.39970000000001
2024-10-19 08:00:00,08_12,0.0,0.3424382323360839,-2428.625,-49.94220000000002
2024-10-19 12:00:00,12_16,3131.0625,0.4494313031427888,3131.0625,-64.0172
2024-10-19 16:00:00,16_20,0.0,0.2034090631787012,-9316.375,-16.042200000000012
2024-10-19 20:00:00,20_24,0.0,0.2652871514245133,-2102.75,-45.502200000000016
2024-10-20 00:00:00,00_04,6624.625,0.3443980803965774,6624.625,-74.75219999999999
2024-10-20 04:00:00,04_08,3741.5625,0.2773753638003216,3741.5625,-64.28719999999998
2024-10-20 08:00:00,08_12,6447.0,0.4724413492342515,6447.0,-101.51219999999998
2024-10-20 12:00:00,12_16,17758.0,0.7160612546659635,17758.0,-132.3797
2024-10-20 16:00:00,16_20,7074.875,0.5045371866652122,7074.875,-89.48969999999998
2024-10-20 20:00:00,20_24,16101.625,0.6645976103216665,16101.625,-114.28719999999998
2024-10-21 00:00:00,00_04,21038.75,0.7403477601833848,21038.75,-132.3232
2024-10-21 04:00:00,04_08,6581.125,0.5024819100220226,6581.125,-88.4707
2024-10-21 08:00:00,08_12,0.0,0.44929942709811,-3086.875,-33.62819999999999
2024-10-21 12:00:00,12_16,0.0,0.4857224990417784,-714.0,-48.52069999999999
2024-10-21 16:00:00,16_20,0.0,0.1788859323612819,-18368.25,34.78680000000001
2024-10-21 20:00:00,20_24,0.0,0.1608315008067838,-12945.5,-26.9157
2024-10-22 00:00:00,00_04,0.0,0.2002776051850036,-3585.625,-46.69207
2024-10-22 04:00:00,04_08,0.0,0.221894632591469,-8973.625,-26.83707
2024-10-22 08:00:00,08_12,0.0,0.3106644018442125,-12898.75,-16.657069999999997
2024-10-22 12:00:00,12_16,0.0,0.4732167072827865,-1652.5625,-57.13956999999999
2024-10-22 16:00:00,16_20,0.0,0.2586373583699754,-14330.25,-5.407069999999994
2024-10-22 20:00:00,20_24,0.0,0.2386405684063821,-9278.5625,-34.917069999999995
2024-10-23 00:00:00,00_04,0.0,0.2170374983648142,-2927.3125,-55.80363
2024-10-23 04:00:00,04_08,0.0,0.109269241535734,-15048.5625,-23.031129999999997
2024-10-23 08:00:00,08_12,0.0,0.2105391108172235,-19252.625,-10.748629999999997
2024-10-23 12:00:00,12_16,0.0,0.355634608437362,-8644.6875,-54.57612999999999
2024-10-23 16:00:00,16_20,0.0,0.1259442696322886,-21411.0,23.08137000000001
2024-10-23 20:00:00,20_24,0.0,0.1413276735401135,-14102.1875,-35.698629999999994
2024-10-24 00:00:00,00_04,0.0,0.1856677248198642,-3347.875,-57.19375
2024-10-24 04:00:00,04_08,0.0,0.1782438741729718,-10591.75,-37.03375
2024-10-24 08:00:00,08_12,0.0,0.3011818053708247,-12588.3125,-20.093749999999996
2024-10-24 12:00:00,12_16,0.0,0.4504264754013299,-1760.8125,-55.89625
2024-10-24 16:00:00,16_20,0.0,0.2653798651530465,-12357.3125,-15.528749999999992
2024-10-24 20:00:00,20_24,0.0,0.3439898435468518,-2184.5625,-50.03625
2024-10-25 00:00:00,00_04,2578.1875,0.3123542823835973,2578.1875,-60.86066999999998
2024-10-25 04:00:00,04_08,0.0,0.2223812346107328,-7683.0,-39.63816999999997
2024-10-25 08:00:00,08_12,0.0,0.3038083234673796,-11735.1875,-23.80816999999997
2024-10-25 12:00:00,12_16,0.0,0.4396487392283965,-1456.5625,-57.31066999999997
2024-10-25 16:00:00,16_20,0.0,0.1033280999111681,-20773.3125,29.65683000000002
2024-10-25 20:00:00,20_24,0.0,0.0820689536937029,-14187.25,-27.198169999999973
2024-10-26 00:00:00,00_04,0.0,0.0679996507202389,-6029.0625,-33.758169999999964
2024-10-26 04:00:00,04_08,0.0,0.0645026249262224,-6863.875,-30.63566999999997
2024-10-26 08:00:00,08_12,0.0,0.2540085434551639,-5692.125,-37.06566999999997
2024-10-26 12:00:00,12_16,6814.875,0.4884903716402163,6814.875,-74.26566999999997
2024-10-26 16:00:00,16_20,0.0,0.2134886916321302,-6977.875,-19.68316999999997
2024-10-26 20:00:00,20_24,837.9375,0.2971358685224372,837.9375,-56.33316999999997
2024-10-27 00:00:00,00_04,6354.25,0.3118090688877611,6354.249999999998,-60.20266999999999
2024-10-27 04:00:00,04_08,4962.4375,0.2792543286892857,4962.4375,-58.56317
2024-10-27 08:00:00,08_12,8052.4375,0.4732380196843599,8052.4375,-81.85067000000001
2024-10-27 12:00:00,12_16,10075.4375,0.520640251707475,10075.4375,-79.89817
2024-10-27 16:00:00,16_20,0.0,0.1531248113269352,-8541.8125,-6.823169999999994
2024-10-27 20:00:00,20_24,0.0,0.1113261802808625,-8170.5625,-32.15317
2024-10-28 00:00:00,00_04,0.0,0.1852048667958827,-495.375,-53.163649999999976
2024-10-28 04:00:00,04_08,0.0,0.2081046886263663,-7708.625,-37.33364999999998
2024-10-28 08:00:00,08_12,0.0,0.3554320032365383,-8363.625,-33.993649999999974
2024-10-28 12:00:00,12_16,0.0,0.421539601401756,-3642.5,-35.976149999999976
2024-10-28 16:00:00,16_20,0.0,0.2157794485610613,-16074.5625,-3.8061499999999695
2024-10-28 20:00:00,20_24,0.0,0.2067262358077587,-9979.6875,-30.82614999999998
2024-10-29 00:00:00,00_04,0.0,0.2312826550170754,-1904.0,-43.11008999999999
2024-10-29 04:00:00,04_08,0.0,0.1673929219291803,-10138.375,-18.14758999999999
2024-10-29 08:00:00,08_12,0.0,0.2266348638441661,-17188.875,-14.035089999999986
2024-10-29 12:00:00,12_16,0.0,0.2374455252918288,-16332.125,-9.860089999999984
2024-10-29 16:00:00,16_20,0.0,0.1049053988828516,-23203.875,97.23991
2024-10-29 20:00:00,20_24,0.0,0.119586798881953,-15865.0,-21.250089999999982
2024-10-30 00:00:00,00_04,0.0,0.1622359049327504,-4163.125,-43.56931999999999
2024-10-30 04:00:00,04_08,0.0,0.1360458098074119,-12521.8125,-25.404319999999988
2024-10-30 08:00:00,08_12,0.0,0.2120459155981384,-17800.875,-20.94681999999999
2024-10-30 12:00:00,12_16,0.0,0.2606981888009801,-13693.125,-31.19181999999999
2024-10-30 16:00:00,16_20,0.0,0.1115500655092694,-22062.5,33.623180000000005
2024-10-30 20:00:00,20_24,0.0,0.0901346498052198,-15237.125,-21.944319999999987
2024-10-31 00:00:00,00_04,0.0,0.1336582190616908,-4226.125,-39.37037999999997
2024-10-31 04:00:00,04_08,0.0,0.1512311088893404,-9180.1875,-23.872879999999967
2024-10-31 08:00:00,08_12,0.0,0.296584094863685,-10564.6875,-23.15037999999997
2024-10-31 12:00:00,12_16,0.0,0.3945465945527117,-3743.375,-40.05037999999997
2024-10-31 16:00:00,16_20,0.0,0.2855162826533531,-9863.9375,-13.530379999999967
2024-10-31 20:00:00,20_24,817.875,0.3814950312469201,817.875,-54.100379999999966
2024-11-01 00:00:00,00_04,12933.0,0.5156806963867091,12933.0,-74.30640999999999
2024-11-01 04:00:00,04_08,11147.8125,0.4900294134097039,11147.8125,-68.73140999999998
2024-11-01 08:00:00,08_12,11042.4375,0.5654898574694751,11042.4375,-80.68141
2024-11-01 12:00:00,12_16,12717.0,0.6011546742100232,12717.0,-79.40141
2024-11-01 16:00:00,16_20,724.4375,0.3783653525766129,724.4375,-15.936409999999984
2024-11-01 20:00:00,20_24,4137.875,0.3886478976692758,4137.875,-33.31640999999999
2024-11-02 00:00:00,00_04,6899.0,0.3502515646091545,6899.0,-40.86640999999999
2024-11-02 04:00:00,04_08,0.0,0.2122327333464681,-113.3125,-37.30640999999999
2024-11-02 08:00:00,08_12,0.0,0.2436085170598755,-5722.9375,-32.213909999999984
2024-11-02 12:00:00,12_16,0.0,0.2296635126295234,-6224.125,-29.843909999999983
2024-11-02 16:00:00,16_20,0.0,0.0620054689143303,-15401.25,13.941090000000017
2024-11-02 20:00:00,20_24,0.0,0.086879784885952,-8565.8125,-21.086409999999983
2024-11-03 00:00:00,00_04,0.0,0.1208553692735541,-590.5,-38.408910000000006
2024-11-03 04:00:00,04_08,104.0625,0.1391070894285275,104.0625,-38.99891
2024-11-03 08:00:00,08_12,6101.6875,0.4220059529250003,6101.6875,-55.416410000000006
2024-11-03 12:00:00,12_16,7286.6875,0.4492789765147826,7286.6875,-56.64141000000001
2024-11-03 16:00:00,16_20,0.0,0.1721039960748523,-7334.75,-8.928910000000002
2024-11-03 20:00:00,20_24,0.0,0.1857299709666758,-3893.1875,-29.39391
2024-11-04 00:00:00,00_04,0.0,0.1292414219587498,-2357.0,-43.42408999999997
2024-11-04 04:00:00,04_08,0.0,0.0807766091396148,-14034.625,-19.12658999999997
2024-11-04 08:00:00,08_12,0.0,0.2152901690055244,-16981.4375,-19.674089999999964
2024-11-04 12:00:00,12_16,0.0,0.2631183149269789,-12987.3125,-27.106589999999965
2024-11-04 16:00:00,16_20,0.0,0.0894354426946213,-23694.8125,84.79591000000003
2024-11-04 20:00:00,20_24,0.0,0.1470897269061162,-12997.8125,-23.694089999999967
2024-11-05 00:00:00,00_04,0.0,0.1811770287154847,-2019.75,-40.99212999999998
2024-11-05 04:00:00,04_08,0.0,0.12510273215138,-11883.6875,-16.599629999999983
2024-11-05 08:00:00,08_12,0.0,0.2674810365959758,-12797.6875,-21.352129999999978
2024-11-05 12:00:00,12_16,0.0,0.2646287758323332,-12052.9375,-20.85712999999998
2024-11-05 16:00:00,16_20,0.0,0.0408072522564711,-25718.125,275.91037000000006
2024-11-05 20:00:00,20_24,0.0,0.0343875573745191,-17701.9375,-3.307129999999983
2024-11-06 00:00:00,00_04,0.0,0.0264350258321622,-8337.5,-37.37037
2024-11-06 04:00:00,04_08,0.0,0.0148416437774871,-16920.9375,31.679630000000014
2024-11-06 08:00:00,08_12,0.0,0.1124141373327312,-21873.0625,23.67713000000001
2024-11-06 12:00:00,12_16,0.0,0.1179589157651634,-20215.8125,28.29213
2024-11-06 16:00:00,16_20,0.0,0.0072752139725217,-26309.4375,513.0021300000001
2024-11-06 20:00:00,20_24,0.0,0.0103477981444384,-17805.0625,6.119630000000004
2024-11-07 00:00:00,00_04,0.0,0.0162942291867911,-5201.8125,-34.254879999999986
2024-11-07 04:00:00,04_08,0.0,0.015667565078615,-13278.375,11.865120000000012
2024-11-07 08:00:00,08_12,0.0,0.0854529552883464,-20733.0,19.87262000000001
2024-11-07 12:00:00,12_16,0.0,0.1026349830772774,-19211.125,12.050120000000009
2024-11-07 16:00:00,16_20,0.0,0.0466232247755625,-21457.6875,148.04512
2024-11-07 20:00:00,20_24,0.0,0.0980088521549244,-10258.0625,-23.53987999999999
2024-11-08 00:00:00,00_04,0.0,0.1341372187796572,-369.5,-42.33561999999999
2024-11-08 04:00:00,04_08,0.0,0.1426468950469961,-6340.8125,-33.47561999999999
2024-11-08 08:00:00,08_12,0.0,0.2324258463142192,-10928.4375,-19.148119999999988
2024-11-08 12:00:00,12_16,0.0,0.2920935854406717,-6032.25,-29.015619999999984
2024-11-08 16:00:00,16_20,0.0,0.2490808127422933,-8070.125,-11.638119999999986
2024-11-08 20:00:00,20_24,0.0,0.2546626961647766,-655.125,-30.505619999999983
2024-11-09 00:00:00,00_04,5477.4375,0.2221905633636471,5477.4375,-43.46061999999998
2024-11-09 04:00:00,04_08,3435.5,0.1828582611159304,3435.5,-40.07561999999998
2024-11-09 08:00:00,08_12,1188.125,0.2766196266030449,1188.125,-32.12811999999998
2024-11-09 12:00:00,12_16,994.5,0.2750622499103795,994.5,-31.76561999999998
2024-11-09 16:00:00,16_20,0.0,0.076825991516015,-9458.4375,-0.4306199999999762
2024-11-09 20:00:00,20_24,0.0,0.0701259999313351,-3913.4375,-25.668119999999984
2024-11-10 00:00:00,00_04,1244.1875,0.0412251775765735,1244.1875,-40.90311999999997
2024-11-10 04:00:00,04_08,744.3125,0.0350780553184743,744.3125,-42.03061999999997
2024-11-10 08:00:00,08_12,0.0,0.1493610989460918,-2626.375,-33.65811999999997
2024-11-10 12:00:00,12_16,0.0,0.1729971110552244,-2082.5625,-28.91311999999997
2024-11-10 16:00:00,16_20,0.0,0.0399279151908281,-9807.5,-1.598119999999966
2024-11-10 20:00:00,20_24,0.0,0.0705219221194546,-5045.125,-28.51061999999997
2024-11-11 00:00:00,00_04,2476.9375,0.1304982431939837,2476.9375,-41.00516
2024-11-11 04:00:00,04_08,0.0,0.1772386757695278,-4331.0,-32.44516
2024-11-11 08:00:00,08_12,0.0,0.2259677465775108,-12020.75,-13.625160000000005
2024-11-11 12:00:00,12_16,0.0,0.2436325541172442,-10463.5625,-14.215159999999996
2024-11-11 16:00:00,16_20,0.0,0.1988196223180981,-13009.25,-0.0751600000000038
2024-11-11 20:00:00,20_24,0.0,0.2120620621758595,-4912.5625,-30.857660000000003
2024-11-12 00:00:00,00_04,1002.6875,0.191251314235365,1002.6875,-41.86463999999998
2024-11-12 04:00:00,04_08,0.0,0.1147004599307293,-9823.625,-7.597139999999978
2024-11-12 08:00:00,08_12,0.0,0.1472475083991816,-18386.25,49.300360000000026
2024-11-12 12:00:00,12_16,0.0,0.1509865440917023,-17236.75,30.530360000000023
2024-11-12 16:00:00,16_20,0.0,0.0864470745739824,-20960.4375,99.55286
2024-11-12 20:00:00,20_24,0.0,0.0945350066616018,-11800.5625,-16.817139999999977
2024-11-13 00:00:00,00_04,0.0,0.0811997604089458,-3553.8125,-36.12890999999998
2024-11-13 04:00:00,04_08,0.0,0.0729188129264063,-11618.9375,-15.791409999999985
2024-11-13 08:00:00,08_12,0.0,0.1215617142258232,-19707.3125,60.676090000000016
2024-11-13 12:00:00,12_16,0.0,0.1601108671947429,-16201.25,14.971090000000018
2024-11-13 16:00:00,16_20,0.0,0.1493631685656803,-16051.5625,25.93109000000002
2024-11-13 20:00:00,20_24,0.0,0.2515994954734278,-2503.0625,-32.11640999999998
2024-11-14 00:00:00,00_04,9049.0,0.3579950545913778,9049.0,-50.47188999999996
2024-11-14 04:00:00,04_08,1708.875,0.3207607638072313,1708.875,-47.24438999999997
2024-11-14 08:00:00,08_12,0.0,0.3032640491382078,-7718.25,-22.53188999999996
2024-11-14 12:00:00,12_16,0.0,0.3053426878401821,-7339.5625,-16.601889999999962
2024-11-14 16:00:00,16_20,0.0,0.23477604453016,-11137.5,3.5056100000000328
2024-11-14 20:00:00,20_24,0.0,0.2294692425024138,-4310.0625,-22.07188999999996
2024-11-15 00:00:00,00_04,508.0,0.1802499875370016,508.0,-45.42626999999998
2024-11-15 04:00:00,04_08,0.0,0.1557696492061485,-7783.0625,-30.761269999999985
2024-11-15 08:00:00,08_12,0.0,0.2213576473726478,-12913.1875,-6.733769999999971
2024-11-15 12:00:00,12_16,0.0,0.2366173910420281,-10495.25,-23.076269999999987
2024-11-15 16:00:00,16_20,0.0,0.211272952211801,-11591.625,-19.028769999999987
2024-11-15 20:00:00,20_24,2997.4375,0.33622579658508,2997.4375,-44.181269999999984
2024-11-16 00:00:00,00_04,15100.6875,0.4645252417922044,15100.6875,-58.83626999999998
2024-11-16 04:00:00,04_08,15645.625,0.4888941303228273,15645.625,-67.36376999999999
2024-11-16 08:00:00,08_12,12914.0625,0.5247448186949001,12914.0625,-46.99626999999998
2024-11-16 12:00:00,12_16,15111.5,0.5645566090351366,15111.5,-55.31126999999998
2024-11-16 16:00:00,16_20,10299.1875,0.4823277985951161,10299.1875,-40.52126999999997
2024-11-16 20:00:00,20_24,19939.75,0.6099324906353537,19939.75,-78.53626999999997
2024-11-17 00:00:00,00_04,24888.0,0.7283698538399217,27658.625,-82.01126999999998
2024-11-17 04:00:00,04_08,28802.8125,0.7597530547973318,28802.8125,-107.19126999999996
2024-11-17 08:00:00,08_12,27400.0,0.7775093951273978,27400.0,-86.33376999999999
2024-11-17 12:00:00,12_16,29961.25,0.832445050884353,29961.25,-95.20377
2024-11-17 16:00:00,16_20,22549.5,0.6970789519191364,22549.5,-72.39626999999997
2024-11-17 20:00:00,20_24,27287.125,0.7669322218955489,27287.125,-88.91126999999997
2024-11-18 00:00:00,00_04,30333.375,0.8084869432204145,30333.375,-96.0959
2024-11-18 04:00:00,04_08,17181.0,0.659246171141167,20309.25,-66.70839999999998
2024-11-18 08:00:00,08_12,11756.75,0.596907247533099,11756.75,-42.62089999999999
2024-11-18 12:00:00,12_16,10973.0,0.5845669039129144,10973.0,-53.32839999999999
2024-11-18 16:00:00,16_20,0.0,0.388166580672575,-1783.375,-2.3208999999999875
2024-11-18 20:00:00,20_24,1259.375,0.3394098491393633,1259.375,-36.04839999999999
2024-11-19 00:00:00,00_04,7265.6875,0.3336170462158961,7265.6875,-55.83059
2024-11-19 04:00:00,04_08,2287.25,0.3440229476822705,2287.25,-44.30559
2024-11-19 08:00:00,08_12,0.0,0.4206773503544896,-754.25,0.6519100000000009
2024-11-19 12:00:00,12_16,1426.625,0.4488178303929177,1426.625,-14.45809
2024-11-19 16:00:00,16_20,0.0,0.3734917516612759,-3462.375,-21.35809
2024-11-19 20:00:00,20_24,3917.8125,0.3959202237191121,3917.8125,-49.38309
2024-11-20 00:00:00,00_04,7707.25,0.3598199498476219,7707.25,-64.15896999999998
2024-11-20 04:00:00,04_08,6771.75,0.3992813068866876,6771.75,-49.61896999999998
2024-11-20 08:00:00,08_12,5695.5,0.4782700222925035,5695.5,-26.45396999999998
2024-11-20 12:00:00,12_16,8653.8125,0.5213814258154875,8653.8125,-46.19896999999997
2024-11-20 16:00:00,16_20,974.0,0.4043986255657846,974.0,-14.241469999999978
2024-11-20 20:00:00,20_24,6817.125,0.4254046183215614,6817.125,-34.48646999999998
2024-11-21 00:00:00,00_04,14781.0625,0.4927072335006747,14781.0625,-67.54476999999999
2024-11-21 04:00:00,04_08,8060.625,0.4547676824154319,8060.625,-55.04226999999998
2024-11-21 08:00:00,08_12,3267.25,0.48278510761943,3267.25,-28.679769999999987
2024-11-21 12:00:00,12_16,690.1875,0.4348680692119805,690.1875,-23.65476999999999
2024-11-21 16:00:00,16_20,0.0,0.2613007508506652,-10380.125,11.782730000000017
2024-11-21 20:00:00,20_24,0.0,0.2516789535666033,-4079.75,-35.187269999999984
2024-11-22 00:00:00,00_04,4551.625,0.285139358369062,4551.625,-57.26553999999997
2024-11-22 04:00:00,04_08,4373.0625,0.389625617688936,4373.0625,-51.86053999999997
2024-11-22 08:00:00,08_12,4066.8125,0.4924101990136756,4066.8125,-25.59053999999997
2024-11-22 12:00:00,12_16,13008.3125,0.6133310106047078,13008.3125,-59.45553999999997
2024-11-22 16:00:00,16_20,11962.3125,0.5940553975306095,11962.3125,-34.47053999999997
2024-11-22 20:00:00,20_24,17181.0,0.6438674609790646,18828.875,-64.45053999999998
2024-11-23 00:00:00,00_04,24888.0,0.7145043766867448,25932.1875,-79.57303999999998
2024-11-23 04:00:00,04_08,21817.9375,0.6359058621093356,21817.9375,-74.71803999999999
2024-11-23 08:00:00,08_12,15803.6875,0.5908659330373917,15803.6875,-74.23553999999997
2024-11-23 12:00:00,12_16,15635.9375,0.5866099486039571,15635.9375,-73.70053999999998
2024-11-23 16:00:00,16_20,15983.4375,0.5957516892743543,15983.4375,-73.03303999999999
2024-11-23 20:00:00,20_24,29209.875,0.8120971896321318,29209.875,-116.73554
2024-11-24 00:00:00,00_04,38534.0,1.1215447679749908,43413.4375,-155.62804
2024-11-24 04:00:00,04_08,38534.0,1.0834896665543745,41910.75,-155.91054
2024-11-24 08:00:00,08_12,38534.0,1.0053007011301136,38794.875,-153.44804
2024-11-24 12:00:00,12_16,38534.0,1.0116497234265212,39118.4375,-152.94304
2024-11-24 16:00:00,16_20,29564.3125,0.8302244588452684,29564.3125,-141.45054
2024-11-24 20:00:00,20_24,33389.875,0.8937073665885781,33389.875,-152.08303999999998
2024-11-25 00:00:00,00_04,37206.1875,0.9686759103079772,37206.1875,-158.37847
2024-11-25 04:00:00,04_08,28426.75,0.808249324729714,28426.75,-143.65597
2024-11-25 08:00:00,08_12,25270.8125,0.7971731881059041,25270.8125,-99.97347
2024-11-25 12:00:00,12_16,21550.125,0.7399677713218351,21550.125,-91.81847
2024-11-25 16:00:00,16_20,9448.3125,0.5514102923726322,9448.3125,-43.18346999999999
2024-11-25 20:00:00,20_24,14836.9375,0.571721290643232,14836.9375,-73.99346999999999
2024-11-26 00:00:00,00_04,17990.125,0.5595690314731369,17990.125,-79.36790999999998
2024-11-26 04:00:00,04_08,9165.4375,0.4663596615751519,9165.4375,-61.46790999999996
2024-11-26 08:00:00,08_12,3520.6875,0.476642856742481,3520.6875,-39.04540999999997
2024-11-26 12:00:00,12_16,4716.25,0.4885001295094334,4716.25,-50.045409999999976
2024-11-26 16:00:00,16_20,0.0,0.3391981366301612,-5297.9375,-5.09790999999997
2024-11-26 20:00:00,20_24,2780.5625,0.3683884523361307,2780.5625,-38.280409999999975
2024-11-27 00:00:00,00_04,6437.5625,0.322778708943188,6437.5625,-48.22078999999998
2024-11-27 04:00:00,04_08,0.0,0.1802316809252824,-6969.1875,-21.57078999999997
2024-11-27 08:00:00,08_12,0.0,0.2595908700397056,-11289.75,6.756710000000027
2024-11-27 12:00:00,12_16,439.6875,0.4202771595426963,439.6875,-19.35578999999997
2024-11-27 16:00:00,16_20,10615.8125,0.5733414712422346,10615.8125,-45.85828999999997
2024-11-27 20:00:00,20_24,24888.0,0.7752746760947884,25980.5625,-89.88328999999996
2024-11-28 00:00:00,00_04,34591.125,0.916541208158816,34591.125,-115.75249999999996
2024-11-28 04:00:00,04_08,23952.6875,0.7390369127516778,23952.6875,-95.34249999999996
2024-11-28 08:00:00,08_12,12119.6875,0.611303075424654,12119.6875,-53.20999999999998
2024-11-28 12:00:00,12_16,12494.3125,0.6095043859114719,12494.3125,-54.042499999999976
2024-11-28 16:00:00,16_20,0.0,0.4033062718368533,-980.625,-6.09249999999998
2024-11-28 20:00:00,20_24,0.0,0.2838324367360045,-2169.5625,-26.80999999999998
2024-11-29 00:00:00,00_04,767.125,0.1962859464758122,767.125,-49.31264
2024-11-29 04:00:00,04_08,0.0,0.0872150385694488,-11771.0625,-21.46764
2024-11-29 08:00:00,08_12,0.0,0.1449446368180907,-18306.5,0.6048600000000022
2024-11-29 12:00:00,12_16,0.0,0.1790931924250193,-14597.5,-26.03513999999999
2024-11-29 16:00:00,16_20,0.0,0.1308858525373379,-18279.9375,-11.38514
2024-11-29 20:00:00,20_24,0.0,0.2473813620438039,-2884.25,-42.16264
2024-11-30 00:00:00,00_04,12150.25,0.4038791490443341,12150.25,-64.62764000000001
2024-11-30 04:00:00,04_08,12355.375,0.427426674832134,12355.375,-63.90264
2024-11-30 08:00:00,08_12,15122.0625,0.5723402773575794,15122.0625,-64.01264
2024-11-30 12:00:00,12_16,11216.6875,0.4952810742960873,11216.6875,-57.62764
2024-11-30 16:00:00,16_20,0.0,0.286826350696942,-814.6875,-22.060140000000004
2024-11-30 20:00:00,20_24,3578.9375,0.290599136208832,3578.9375,-41.22264
2024-12-01 00:00:00,00_04,8444.4375,0.2747023455307763,8444.4375,-65.27514
2024-12-01 04:00:00,04_08,6707.875,0.2456756016087339,6707.875,-70.02514
2024-12-01 08:00:00,08_12,8974.75,0.4192225322225715,8974.75,-64.67264
2024-12-01 12:00:00,12_16,9826.0,0.4434135223002718,9826.0,-64.26264
2024-12-01 16:00:00,16_20,5111.3125,0.3825955640324333,5111.3125,-38.39263999999999
2024-12-01 20:00:00,20_24,13382.875,0.4967655124721289,13382.875,-66.73014
2024-12-02 00:00:00,00_04,21069.125,0.5972140341874674,21069.125,-95.08099
2024-12-02 04:00:00,04_08,9673.4375,0.4605993846355122,9673.4375,-72.85348999999997
2024-12-02 08:00:00,08_12,297.625,0.4214953244515722,297.625,-35.64598999999998
2024-12-02 12:00:00,12_16,0.0,0.3938643488173268,-1345.9375,-26.253489999999974
2024-12-02 16:00:00,16_20,0.0,0.3175465259656467,-6089.5,-12.538489999999976
2024-12-02 20:00:00,20_24,4842.6875,0.3987317911080376,4842.6875,-45.46598999999998
2024-12-03 00:00:00,00_04,12380.0,0.4501491360620195,12380.0,-58.85670000000001
2024-12-03 04:00:00,04_08,3286.375,0.3697931798981767,3286.375,-41.49670000000001
2024-12-03 08:00:00,08_12,0.0,0.3379727170188767,-6183.75,-13.34920000000001
2024-12-03 12:00:00,12_16,0.0,0.2812679878683052,-9616.6875,-10.429200000000009
2024-12-03 16:00:00,16_20,0.0,0.1946584498537219,-15437.625,41.04579999999999
2024-12-03 20:00:00,20_24,0.0,0.1822851425212855,-8508.0625,-10.541700000000006
2024-12-04 00:00:00,00_04,0.0,0.1804625411839455,-1451.4375,-43.85601
2024-12-04 04:00:00,04_08,0.0,0.1504299903834609,-9669.0625,-11.98101
2024-12-04 08:00:00,08_12,0.0,0.1703621924181296,-18530.5625,75.63149
2024-12-04 12:00:00,12_16,0.0,0.1504847273870973,-18862.4375,54.33149
2024-12-04 16:00:00,16_20,0.0,0.0930257919770928,-22281.625,86.71649000000002
2024-12-04 20:00:00,20_24,0.0,0.1223916397643981,-11911.3125,-20.108509999999992
2024-12-05 00:00:00,00_04,1791.5,0.2224174770326772,1791.5,-48.52938
2024-12-05 04:00:00,04_08,0.0,0.275204540944271,-1490.6875,-33.89688
2024-12-05 08:00:00,08_12,0.0,0.4102949039799017,-1087.8125,-29.27438
2024-12-05 12:00:00,12_16,7355.875,0.5309160262481143,7355.875,-53.25937999999999
2024-12-05 16:00:00,16_20,9951.3125,0.5624756718379575,9951.3125,-46.26688
2024-12-05 20:00:00,20_24,20932.125,0.6862153727179827,20932.125,-85.16438
2024-12-06 00:00:00,00_04,33062.625,0.8804898822597726,33062.625,-149.20711999999995
2024-12-06 04:00:00,04_08,22943.625,0.7163656840386294,22943.625,-112.17712
2024-12-06 08:00:00,08_12,9638.25,0.5685348277136242,9638.25,-48.86711999999999
2024-12-06 12:00:00,12_16,7277.5,0.5186521985685165,7277.5,-49.93211999999998
2024-12-06 16:00:00,16_20,0.0,0.3814443828493873,-1764.125,-12.539619999999992
2024-12-06 20:00:00,20_24,1952.0,0.3281940138816493,1952.0,-36.40212
2024-12-07 00:00:00,00_04,12643.4375,0.4172333729631443,12643.4375,-79.95211999999998
2024-12-07 04:00:00,04_08,17658.5625,0.5407550899495168,17658.5625,-105.41462
2024-12-07 08:00:00,08_12,16670.375,0.6008309364014062,16670.375,-90.47212
2024-12-07 12:00:00,12_16,15946.1875,0.5876507751560173,15946.1875,-78.76711999999998
2024-12-07 16:00:00,16_20,12880.4375,0.5384984266623444,12880.4375,-62.46711999999999
2024-12-07 20:00:00,20_24,14551.8125,0.5115170468993734,14551.8125,-72.84961999999999
2024-12-08 00:00:00,00_04,14710.6875,0.4174264568882047,14710.6875,-65.23711999999999
2024-12-08 04:00:00,04_08,11054.3125,0.3224521287572419,11054.3125,-63.56461999999999
2024-12-08 08:00:00,08_12,5688.875,0.3354717138513219,5688.875,-43.47461999999999
2024-12-08 12:00:00,12_16,6622.9375,0.36948228344756,6622.9375,-35.99462
2024-12-08 16:00:00,16_20,8050.0,0.4206640796107307,8050.0,-49.14462
2024-12-08 20:00:00,20_24,15569.25,0.5252037475080311,15569.25,-66.72711999999999
2024-12-09 00:00:00,00_04,22255.5,0.6229876548208084,22255.5,-103.48715999999996
2024-12-09 04:00:00,04_08,13974.8125,0.544261884701102,13974.8125,-76.41965999999996
2024-12-09 08:00:00,08_12,4028.125,0.4829370209125279,4028.125,-26.624659999999967
2024-12-09 12:00:00,12_16,4147.1875,0.4882830038717354,4147.1875,-29.91465999999997
2024-12-09 16:00:00,16_20,4955.4375,0.4960980159641533,4955.4375,-31.14215999999997
2024-12-09 20:00:00,20_24,13989.6875,0.5690652262589313,13989.6875,-50.86715999999997
2024-12-10 00:00:00,00_04,17634.1875,0.562731904886334,17634.1875,-63.42068999999998
2024-12-10 04:00:00,04_08,5466.5625,0.4112079886727774,5466.5625,-45.635689999999975
2024-12-10 08:00:00,08_12,0.0,0.2894841109700709,-9865.75,29.271810000000016
2024-12-10 12:00:00,12_16,0.0,0.2319085549307496,-13592.0,38.09681000000002
2024-12-10 16:00:00,16_20,0.0,0.1624475207027996,-18067.4375,39.41681000000002
2024-12-10 20:00:00,20_24,0.0,0.1129535030324109,-12456.5,-7.250689999999977
2024-12-11 00:00:00,00_04,0.0,0.0786326710472289,-6467.5625,-42.68167
2024-12-11 04:00:00,04_08,0.0,0.0523216431285715,-14786.0625,21.138330000000003
2024-12-11 08:00:00,08_12,0.0,0.0840652653047797,-24095.875,216.58833
2024-12-11 12:00:00,12_16,0.0,0.1003153908709654,-22226.25,233.82833
2024-12-11 16:00:00,16_20,0.0,0.0643772882617035,-23850.0,243.93833
2024-12-11 20:00:00,20_24,0.0,0.0751574160959054,-14177.4375,13.903330000000004
2024-12-12 00:00:00,00_04,0.0,0.058061376319894,-4241.0,-35.878910000000005
2024-12-12 04:00:00,04_08,0.0,0.0388928613246058,-12808.25,103.49609
2024-12-12 08:00:00,08_12,0.0,0.0737645515765907,-21714.3125,428.2960900000001
2024-12-12 12:00:00,12_16,0.0,0.0828866883181573,-20380.0625,345.18859
2024-12-12 16:00:00,16_20,0.0,0.0253035683956818,-23811.6875,595.52109
2024-12-12 20:00:00,20_24,0.0,0.0415343734645358,-14342.3125,37.86109000000001
2024-12-13 00:00:00,00_04,0.0,0.0768029851500487,-2981.625,-22.54496
2024-12-13 04:00:00,04_08,0.0,0.1063035361300241,-8674.3125,2.160040000000002
2024-12-13 08:00:00,08_12,0.0,0.1918406313046995,-13293.9375,76.12254
2024-12-13 12:00:00,12_16,0.0,0.18364490332794,-12191.1875,39.81504
2024-12-13 16:00:00,16_20,0.0,0.0888049176660539,-18143.6875,110.70004
2024-12-13 20:00:00,20_24,0.0,0.1232926387042185,-7189.8125,-1.0599600000000002
2024-12-14 00:00:00,00_04,4559.4375,0.2155490645204222,4559.4375,-32.37995999999998
2024-12-14 04:00:00,04_08,8730.1875,0.3223299583543439,8730.1875,-46.46745999999999
2024-12-14 08:00:00,08_12,9486.125,0.4514223035068436,9486.125,-24.434959999999982
2024-12-14 12:00:00,12_16,14533.8125,0.5457485156311164,14533.8125,-40.58496
2024-12-14 16:00:00,16_20,15140.0,0.5606153652353284,15140.0,-37.33495999999998
2024-12-14 20:00:00,20_24,22887.0,0.6596557048607123,22887.0,-58.75745999999999
2024-12-15 00:00:00,00_04,30359.75,0.7724584049201192,30359.75,-73.65996
2024-12-15 04:00:00,04_08,30446.1875,0.7722589576445442,30446.1875,-89.02246
2024-12-15 08:00:00,08_12,26028.25,0.7243938278804795,26028.25,-75.39746
2024-12-15 12:00:00,12_16,30644.6875,0.8234332566787902,30644.6875,-89.32496
2024-12-15 16:00:00,16_20,32075.625,0.85711778715581,32075.625,-107.34996
2024-12-15 20:00:00,20_24,37776.875,0.9630759572155334,37776.875,-129.70496
2024-12-16 00:00:00,00_04,39368.0,1.1001402215887717,43577.0625,-140.00316
2024-12-16 04:00:00,04_08,33648.875,0.890508616945283,33648.875,-122.88816
2024-12-16 08:00:00,08_12,21236.875,0.7240636075341332,21236.875,-64.25816
2024-12-16 12:00:00,12_16,19554.4375,0.7003925875241469,19554.4375,-57.50066
2024-12-16 16:00:00,16_20,17832.4375,0.6703332555175832,17832.4375,-65.45316
2024-12-16 20:00:00,20_24,26839.4375,0.7750479738752791,26839.4375,-98.35566
2024-12-17 00:00:00,00_04,33676.6875,0.8748304126042439,33676.6875,-108.87779000000002
2024-12-17 04:00:00,04_08,19187.0,0.6685920172720773,21638.75,-70.38029000000002
2024-12-17 08:00:00,08_12,6806.6875,0.5040019269418652,6806.6875,-24.93529000000001
2024-12-17 12:00:00,12_16,1378.125,0.4190817516294894,1378.125,-26.37779000000001
2024-12-17 16:00:00,16_20,0.0,0.2910328499556082,-6298.125,-16.587790000000016
2024-12-17 20:00:00,20_24,3549.875,0.3531606065565444,3549.875,-45.757790000000014
2024-12-18 00:00:00,00_04,16520.8125,0.5094182884964825,16520.8125,-85.40624
2024-12-18 04:00:00,04_08,16258.75,0.5730678545778689,16258.75,-95.11623999999998
2024-12-18 08:00:00,08_12,16134.75,0.6466573641406633,16134.75,-69.26374
2024-12-18 12:00:00,12_16,23132.5,0.7502917466927365,23132.5,-77.91624
2024-12-18 16:00:00,16_20,21573.5625,0.7230227585361535,21573.5625,-81.41373999999999
2024-12-18 20:00:00,20_24,24688.0,0.7350936612180864,24688.0,-95.83874
2024-12-19 00:00:00,00_04,33403.625,0.8755735111771936,33403.625,-131.41672999999997
2024-12-19 04:00:00,04_08,30604.625,0.8429896179124942,30604.625,-123.01173
2024-12-19 08:00:00,08_12,20891.4375,0.7242680535457228,20891.4375,-71.86922999999997
2024-12-19 12:00:00,12_16,16855.4375,0.6613159587334251,16855.4375,-69.14172999999998
2024-12-19 16:00:00,16_20,11447.3125,0.5754192674715145,11447.3125,-55.98922999999998
2024-12-19 20:00:00,20_24,22885.9375,0.7072479498990573,22885.9375,-71.69422999999998
2024-12-20 00:00:00,00_04,34458.9375,0.8973284233691611,34458.9375,-115.60572999999997
2024-12-20 04:00:00,04_08,19187.0,0.7160700474176539,24039.125,-83.87572999999998
2024-12-20 08:00:00,08_12,13051.1875,0.5943090489873206,13051.1875,-39.60322999999998
2024-12-20 12:00:00,12_16,13458.1875,0.5924662120272783,13458.1875,-54.31572999999997
2024-12-20 16:00:00,16_20,7864.125,0.4972372415220644,7864.125,-40.10072999999998
2024-12-20 20:00:00,20_24,18912.5,0.6162318909334583,18912.5,-71.30322999999999
2024-12-21 00:00:00,00_04,31121.25,0.8126549509051251,31121.25,-123.03322999999996
2024-12-21 04:00:00,04_08,32402.3125,0.8436757293217373,32402.3125,-126.06073
2024-12-21 08:00:00,08_12,26359.125,0.7546968538848564,26359.125,-117.24073
2024-12-21 12:00:00,12_16,28164.6875,0.792789581225809,28164.6875,-117.31823
2024-12-21 16:00:00,16_20,31076.6875,0.848455752732401,31076.6875,-119.08572999999998
2024-12-21 20:00:00,20_24,39136.0,1.0105667115274428,39631.625,-139.85072999999997
2024-12-22 00:00:00,00_04,39136.0,1.106421237842959,43264.0,-146.19322999999997
2024-12-22 04:00:00,04_08,39136.0,1.005749093480486,39358.5625,-146.64322999999996
2024-12-22 08:00:00,08_12,29437.6875,0.796363030309393,29437.6875,-129.00322999999997
2024-12-22 12:00:00,12_16,28059.5625,0.7763646045750974,28059.5625,-117.71822999999998
2024-12-22 16:00:00,16_20,21024.625,0.6519289833364763,21024.625,-87.96072999999998
2024-12-22 20:00:00,20_24,26213.125,0.7307615180880404,26213.125,-109.73822999999996
2024-12-23 00:00:00,00_04,27463.6875,0.7216893827175213,27463.6875,-129.03695
2024-12-23 04:00:00,04_08,21964.625,0.6628431951246749,21964.625,-123.72945
2024-12-23 08:00:00,08_12,14808.75,0.6133168819453965,14808.75,-91.30195
2024-12-23 12:00:00,12_16,16039.0,0.6309148926607842,16039.0,-86.16694999999999
2024-12-23 16:00:00,16_20,9330.25,0.5268421616601778,9330.25,-52.21694999999999
2024-12-23 20:00:00,20_24,10480.0625,0.4738898495779024,10480.0625,-46.30194999999999
2024-12-24 00:00:00,00_04,12278.0625,0.3950122974995319,12278.0625,-68.94944999999998
2024-12-24 04:00:00,04_08,3116.375,0.2417389977198778,3116.375,-64.81944999999999
2024-12-24 08:00:00,08_12,0.0,0.2290165470492217,-4524.9375,-32.589449999999985
2024-12-24 12:00:00,12_16,0.0,0.2457410252373636,-4283.625,-33.551949999999984
2024-12-24 16:00:00,16_20,0.0,0.2151589933756387,-5944.875,-37.426949999999984
2024-12-24 20:00:00,20_24,1260.0625,0.2386621892066076,1260.0625,-54.58194999999999
2024-12-25 00:00:00,00_04,9645.0625,0.2643094467060715,9645.0625,-66.42694999999999
2024-12-25 04:00:00,04_08,8390.4375,0.2279348986125934,8390.4375,-71.16194999999999
2024-12-25 08:00:00,08_12,2812.3125,0.2494049394865754,2812.3125,-58.45944999999999
2024-12-25 12:00:00,12_16,300.875,0.2208197066672017,300.875,-53.02444999999999
2024-12-25 16:00:00,16_20,0.0,0.1159824070450822,-5622.75,-33.434449999999984
2024-12-25 20:00:00,20_24,0.0,0.1371465474363156,-1197.4375,-39.83944999999999
2024-12-26 00:00:00,00_04,6561.5625,0.1321901089276735,6561.5625,-57.35194999999999
2024-12-26 04:00:00,04_08,4916.3125,0.1068678755293396,4916.3125,-53.32695
2024-12-26 08:00:00,08_12,1290.0625,0.1930632772397029,1290.0625,-38.57444999999999
2024-12-26 12:00:00,12_16,1477.4375,0.2157182538339585,1477.4375,-42.22194999999999
2024-12-26 16:00:00,16_20,0.0,0.074219644647574,-6338.5625,-17.39694999999999
2024-12-26 20:00:00,20_24,0.0,0.0806739163149624,-3244.875,-30.106949999999998
2024-12-27 00:00:00,00_04,1747.5,0.0849426460083182,1747.5,-52.67362999999999
2024-12-27 04:00:00,04_08,0.0,0.059091609271808,-3239.75,-43.501129999999975
2024-12-27 08:00:00,08_12,0.0,0.1759139489014265,-5778.75,-32.43362999999999
2024-12-27 12:00:00,12_16,0.0,0.2043014223932686,-3997.875,-36.47862999999998
2024-12-27 16:00:00,16_20,0.0,0.0186884231058991,-13373.0625,-4.223629999999979
2024-12-27 20:00:00,20_24,0.0,0.0266781095635539,-7292.0625,-30.113629999999983
2024-12-28 00:00:00,00_04,0.0,0.0189453062905259,-1365.1875,-44.04362999999998
2024-12-28 04:00:00,04_08,0.0,0.0182214962392731,-3237.4375,-48.20362999999999
2024-12-28 08:00:00,08_12,0.0,0.1603986144494155,-4811.9375,-35.68612999999998
2024-12-28 12:00:00,12_16,0.0,0.2181781893008918,-2728.75,-40.15612999999998
2024-12-28 16:00:00,16_20,0.0,0.0514313383736633,-11919.9375,-13.00862999999999
2024-12-28 20:00:00,20_24,0.0,0.1067290319885538,-3630.6875,-35.983629999999984
2024-12-29 00:00:00,00_04,7989.375,0.2138202160335582,7989.375,-47.01362999999998
2024-12-29 04:00:00,04_08,11162.9375,0.2784985410990924,11162.9375,-60.58862999999997
2024-12-29 08:00:00,08_12,11314.1875,0.4154198703848401,11314.1875,-52.33112999999998
2024-12-29 12:00:00,12_16,14089.375,0.4917506147881438,14089.375,-59.011129999999966
2024-12-29 16:00:00,16_20,11085.375,0.4462396835443818,11085.375,-36.94112999999997
2024-12-29 20:00:00,20_24,18662.625,0.5660535825941352,18662.625,-70.84862999999999
2024-12-30 00:00:00,00_04,26545.75,0.6852540776005788,26545.75,-91.93112999999995
2024-12-30 04:00:00,04_08,21622.3125,0.6220407337469652,21622.3125,-88.47612999999998
2024-12-30 08:00:00,08_12,14292.75,0.5632152837069978,14292.75,-76.33862999999998
2024-12-30 12:00:00,12_16,15534.1875,0.5917978862894185,15534.1875,-75.45612999999997
2024-12-30 16:00:00,16_20,13609.5625,0.5582806360660205,13609.5625,-61.93612999999998
2024-12-30 20:00:00,20_24,20955.375,0.642725109955772,20955.375,-98.88362999999998
2024-12-31 00:00:00,00_04,23968.75,0.6499040639381393,23968.75,-106.22362999999996
2024-12-31 04:00:00,04_08,18490.5625,0.5591990167858987,18490.5625,-92.95113
2024-12-31 08:00:00,08_12,13741.3125,0.5453416301972426,13741.3125,-77.34612999999999
2024-12-31 12:00:00,12_16,17720.3125,0.6236796151691871,17720.3125,-78.94112999999999
2024-12-31 16:00:00,16_20,18547.375,0.6364990615037788,18547.375,-80.60112999999998
2024-12-31 20:00:00,20_24,31641.6875,0.8496231455122336,31641.6875,-143.48362999999998
2025-01-01 00:00:00,00_04,39136.0,1.0055880346519763,39374.0625,-160.01613
2025-01-01 04:00:00,04_08,39136.0,1.045284119747502,41037.5,-160.99613
2025-01-01 08:00:00,08_12,39136.0,1.0167396101734618,39984.625,-160.99863
2025-01-01 12:00:00,12_16,39136.0,1.078330348268262,43214.25,-161.24613
2025-01-01 16:00:00,16_20,35649.0,0.9347197049562804,35649.0,-160.31613
2025-01-01 20:00:00,20_24,35384.1875,0.9243927260635952,35384.1875,-156.42113
2025-01-02 00:00:00,00_04,37521.875,0.9631898517673888,37521.875,-159.91832
2025-01-02 04:00:00,04_08,20247.25,0.6375168066168595,20247.25,-111.36832
2025-01-02 08:00:00,08_12,2345.4375,0.4246282778601003,2345.4375,-39.79332000000001
2025-01-02 12:00:00,12_16,0.0,0.3769734799172061,-615.0,-43.02082
2025-01-02 16:00:00,16_20,0.0,0.3399992569518993,-3055.125,-17.67582
2025-01-02 20:00:00,20_24,8222.9375,0.4437983406465136,8222.9375,-52.14582
2025-01-03 00:00:00,00_04,17008.25,0.5336494638952554,17008.25,-77.93017999999996
2025-01-03 04:00:00,04_08,16116.125,0.5764853335173111,16116.125,-87.06017999999997
2025-01-03 08:00:00,08_12,15933.5625,0.6433816395420549,15933.5625,-89.04017999999998
2025-01-03 12:00:00,12_16,18598.3125,0.675774050320671,18598.3125,-88.94267999999997
2025-01-03 16:00:00,16_20,7067.125,0.4938804256477634,7067.125,-53.86767999999997
2025-01-03 20:00:00,20_24,12074.0625,0.5036823409257376,12074.0625,-64.93017999999998
2025-01-04 00:00:00,00_04,13413.125,0.4555444284322426,13413.125,-75.68267999999998
2025-01-04 04:00:00,04_08,4759.125,0.2611981672801742,4759.125,-59.12267999999999
2025-01-04 08:00:00,08_12,0.0,0.2529728387920305,-2512.5,-36.85018
2025-01-04 12:00:00,12_16,0.0,0.2771516877437814,-1678.5,-32.54267999999999
2025-01-04 16:00:00,16_20,0.0,0.1920604940316076,-6638.875,-22.530179999999987
2025-01-04 20:00:00,20_24,0.0,0.2111940824056701,-713.0625,-46.267679999999984
2025-01-05 00:00:00,00_04,7614.8125,0.2522759320375743,7614.8125,-65.88518000000002
2025-01-05 04:00:00,04_08,11369.9375,0.3408844448214026,11369.9375,-81.45268000000002
2025-01-05 08:00:00,08_12,15068.625,0.5323849355733727,15068.625,-80.05518000000002
2025-01-05 12:00:00,12_16,22721.5,0.6956073387490801,22721.5,-96.62518
2025-01-05 16:00:00,16_20,24467.9375,0.7384693495494848,24467.9375,-108.16268000000002
2025-01-05 20:00:00,20_24,29089.6875,0.8098146661985254,29089.6875,-132.18018
2025-01-06 00:00:00,00_04,35411.375,0.9258184680035064,35411.375,-147.87278999999995
2025-01-06 04:00:00,04_08,32599.0,0.8743713305696429,32599.0,-144.61778999999996
2025-01-06 08:00:00,08_12,27237.5,0.8071110921973743,27237.5,-128.39278999999996
2025-01-06 12:00:00,12_16,31174.5,0.8749941888230993,31174.5,-136.75278999999998
2025-01-06 16:00:00,16_20,26536.75,0.8015073874356886,26536.75,-134.99278999999996
2025-01-06 20:00:00,20_24,31387.9375,0.8655695891516857,31387.9375,-144.62028999999995
2025-01-07 00:00:00,00_04,35203.375,0.9259526124220852,35203.375,-149.59778999999995
2025-01-07 04:00:00,04_08,27195.0625,0.7870580016919939,27195.0625,-125.86529
2025-01-07 08:00:00,08_12,17598.25,0.680899141410491,17598.25,-83.17778999999999
2025-01-07 12:00:00,12_16,19999.6875,0.7159129807866993,19999.6875,-90.76778999999998
2025-01-07 16:00:00,16_20,13834.375,0.6188281117566381,13834.375,-69.18778999999999
2025-01-07 20:00:00,20_24,24034.5625,0.7427111960807743,24034.5625,-91.78278999999998
2025-01-08 00:00:00,00_04,28512.375,0.7872851779387658,28512.375,-93.02234
2025-01-08 04:00:00,04_08,17890.4375,0.6210027721139086,17890.4375,-77.42734
2025-01-08 08:00:00,08_12,7276.625,0.5278480069632984,7276.625,-50.109840000000005
2025-01-08 12:00:00,12_16,4135.0625,0.480407643984884,4135.0625,-51.57984
2025-01-08 16:00:00,16_20,0.0,0.3296233024451692,-5136.125,-11.127340000000013
2025-01-08 20:00:00,20_24,0.0,0.2884944714355658,-1576.1875,-36.81734
2025-01-09 00:00:00,00_04,5819.3125,0.2933827347768808,5819.3125,-56.67635
2025-01-09 04:00:00,04_08,0.0,0.2205206286257222,-2033.625,-34.71635
2025-01-09 08:00:00,08_12,0.0,0.2562052610495919,-7990.5,-3.313850000000002
2025-01-09 12:00:00,12_16,0.0,0.334539436509107,-4184.875,-30.33135
2025-01-09 16:00:00,16_20,1914.375,0.4227677557470292,1914.375,-26.82135
2025-01-09 20:00:00,20_24,13786.875,0.5531655554738816,13786.875,-52.15635
2025-01-10 00:00:00,00_04,21473.5,0.6324984240762785,21473.5,-77.44403
2025-01-10 04:00:00,04_08,13339.3125,0.5337913955900528,13339.3125,-59.58403
2025-01-10 08:00:00,08_12,2593.0625,0.4546884987498138,2593.0625,-25.39653000000001
2025-01-10 12:00:00,12_16,1110.9375,0.4250499504480304,1110.9375,-40.99903
2025-01-10 16:00:00,16_20,0.0,0.2812487438994409,-8619.5625,-13.134029999999996
2025-01-10 20:00:00,20_24,0.0,0.287205763671208,-1522.5625,-31.581530000000004
2025-01-11 00:00:00,00_04,8492.5625,0.3513104521728193,8492.5625,-56.61402999999997
2025-01-11 04:00:00,04_08,12088.1875,0.4179741535252931,12088.1875,-64.42152999999998
2025-01-11 08:00:00,08_12,8963.375,0.4579581799646701,8963.375,-51.44152999999998
2025-01-11 12:00:00,12_16,11936.75,0.5195503031719219,11936.75,-56.891529999999975
2025-01-11 16:00:00,16_20,6988.1875,0.4323725661481811,6988.1875,-37.03402999999997
2025-01-11 20:00:00,20_24,10185.5,0.4259114108975562,10185.5,-48.12402999999998
2025-01-12 00:00:00,00_04,15941.875,0.461433603515998,15941.875,-69.74652999999999
2025-01-12 04:00:00,04_08,13378.6875,0.4028444697051818,13378.6875,-65.22653
2025-01-12 08:00:00,08_12,4689.5625,0.3389293315275224,4689.5625,-39.79652999999999
2025-01-12 12:00:00,12_16,1261.4375,0.2994487865267728,1261.4375,-47.81653
2025-01-12 16:00:00,16_20,0.0,0.1226926897917345,-9767.8125,-13.266529999999996
2025-01-12 20:00:00,20_24,0.0,0.0766905465963479,-8466.9375,-29.714029999999987
2025-01-13 00:00:00,00_04,0.0,0.0536693077721656,-8840.375,-50.987530000000014
2025-01-13 04:00:00,04_08,0.0,0.0783236946509439,-17201.4375,-23.48253000000001
2025-01-13 08:00:00,08_12,0.0,0.227863795922895,-18803.875,7.08996999999999
2025-01-13 12:00:00,12_16,0.0,0.3337218772177248,-10979.1875,-44.057530000000014
2025-01-13 16:00:00,16_20,0.0,0.22494433486403,-18224.3125,-11.472530000000011
2025-01-13 20:00:00,20_24,0.0,0.3224317197941213,-5346.8125,-41.24003000000001
2025-01-14 00:00:00,00_04,9726.6875,0.4201481183656349,9726.6875,-60.90778999999998
2025-01-14 04:00:00,04_08,2203.25,0.3715931316721793,2203.25,-40.31028999999997
2025-01-14 08:00:00,08_12,0.0,0.4358098667525035,-944.125,-21.99028999999997
2025-01-14 12:00:00,12_16,2438.6875,0.4759867928033522,2438.6875,-49.715289999999975
2025-01-14 16:00:00,16_20,0.0,0.3312491457018913,-7548.1875,-3.6252899999999713
2025-01-14 20:00:00,20_24,0.0,0.3532974149095995,-79.3125,-38.717789999999965
2025-01-15 00:00:00,00_04,7264.6875,0.3909460716784351,7264.6875,-53.818290000000005
2025-01-15 04:00:00,04_08,0.0,0.2477352158900838,-5650.75,-24.44329
2025-01-15 08:00:00,08_12,0.0,0.1224608834374899,-23880.5625,147.59170999999998
2025-01-15 12:00:00,12_16,0.0,0.092554749693561,-25152.5,140.05171
2025-01-15 16:00:00,16_20,0.0,0.0463366240150286,-27126.9375,164.65420999999998
2025-01-15 20:00:00,20_24,0.0,0.0560444398431805,-17485.625,-12.53329
2025-01-16 00:00:00,00_04,0.0,0.0900013201652092,-4401.75,-41.51047
2025-01-16 04:00:00,04_08,0.0,0.1229062805567647,-9285.4375,-23.34547000000001
2025-01-16 08:00:00,08_12,0.0,0.226092011612106,-12166.75,5.762029999999996
2025-01-16 12:00:00,12_16,0.0,0.2612496217574296,-9519.6875,-20.242970000000007
2025-01-16 16:00:00,16_20,0.0,0.1320014931357232,-18025.25,22.727029999999992
2025-01-16 20:00:00,20_24,0.0,0.1534698839760023,-9213.125,-20.97547000000001
2025-01-17 00:00:00,00_04,0.0,0.1608804554643834,-1502.9375,-43.26492999999998
2025-01-17 04:00:00,04_08,0.0,0.1100017874013737,-11448.5,-21.824929999999977
2025-01-17 08:00:00,08_12,0.0,0.1644468777402397,-17827.3125,10.36257000000002
2025-01-17 12:00:00,12_16,0.0,0.229797954295273,-11597.9375,-26.32742999999998
2025-01-17 16:00:00,16_20,0.0,0.0817813460429831,-21682.6875,15.59757000000002
2025-01-17 20:00:00,20_24,0.0,0.0894976465718878,-12374.5625,-17.757429999999978
2025-01-18 00:00:00,00_04,0.0,0.1074451680904637,-2035.6875,-39.90243
2025-01-18 04:00:00,04_08,0.0,0.0849297424494513,-3302.8125,-39.102430000000005
2025-01-18 08:00:00,08_12,0.0,0.1846148649458508,-5935.625,-25.81993
2025-01-18 12:00:00,12_16,0.0,0.2585915383887316,-2248.875,-39.81493
2025-01-18 16:00:00,16_20,0.0,0.0742293012409021,-13725.3125,0.9850700000000004
2025-01-18 20:00:00,20_24,0.0,0.1028223323548929,-6064.0,-20.11993
2025-01-19 00:00:00,00_04,2417.9375,0.1288825333476947,2417.9375,-37.27743
2025-01-19 04:00:00,04_08,3071.875,0.133072286304214,3071.875,-40.56242999999999
2025-01-19 08:00:00,08_12,5145.9375,0.3157684721626408,5145.9375,-37.95492999999999
2025-01-19 12:00:00,12_16,6990.0625,0.3718813181255604,6990.0625,-46.11742999999999
2025-01-19 16:00:00,16_20,0.0,0.1456875112313061,-7301.0625,-10.467429999999991
2025-01-19 20:00:00,20_24,0.0,0.1416318059279822,-3961.5,-26.269929999999988
2025-01-20 00:00:00,00_04,0.0,0.1162751369532854,-645.0625,-44.48217999999999
2025-01-20 04:00:00,04_08,0.0,0.0767932950516038,-11970.25,7.642820000000022
2025-01-20 08:00:00,08_12,0.0,0.1661266800608138,-18024.375,124.21282
2025-01-20 12:00:00,12_16,0.0,0.1987265028860238,-16021.3125,41.45032000000001
2025-01-20 16:00:00,16_20,0.0,0.0561518683227175,-25264.6875,275.94032000000004
2025-01-20 20:00:00,20_24,0.0,0.090095011655301,-14130.6875,7.470320000000008
2025-01-21 00:00:00,00_04,0.0,0.1413052194219887,-2670.0,-44.81318999999998
2025-01-21 04:00:00,04_08,0.0,0.1312801909267299,-10262.6875,-22.70318999999997
2025-01-21 08:00:00,08_12,0.0,0.2139166636016694,-15269.0625,40.14931000000003
2025-01-21 12:00:00,12_16,0.0,0.2719249334036602,-10498.25,-11.300689999999967
2025-01-21 16:00:00,16_20,0.0,0.099160643899824,-22601.8125,77.23431000000002
2025-01-21 20:00:00,20_24,0.0,0.1336714610613583,-11518.9375,-16.258189999999974
2025-01-22 00:00:00,00_04,0.0,0.130780780060536,-4467.75,-42.33378999999998
2025-01-22 04:00:00,04_08,0.0,0.1498616273963046,-9737.4375,-12.406289999999984
2025-01-22 08:00:00,08_12,0.0,0.2744386229822287,-11331.1875,30.93371000000002
2025-01-22 12:00:00,12_16,0.0,0.298110210312736,-8763.375,11.078710000000015
2025-01-22 16:00:00,16_20,0.0,0.2499631803551928,-11365.5625,22.316210000000027
2025-01-22 20:00:00,20_24,1073.25,0.3353844482309395,1073.25,-40.30878999999997
2025-01-23 00:00:00,00_04,13511.0625,0.444512494965038,13511.0625,-60.54167
2025-01-23 04:00:00,04_08,10217.5625,0.4565428902031656,10217.5625,-57.43167
2025-01-23 08:00:00,08_12,7058.0,0.501458955068981,7058.0,-27.211670000000005
2025-01-23 12:00:00,12_16,11531.3125,0.5638864497213147,11531.3125,-77.79667
2025-01-23 16:00:00,16_20,9023.125,0.5231271713344502,9023.125,-64.96167
2025-01-23 20:00:00,20_24,22000.5,0.6774381393198001,22000.5,-93.94667
2025-01-24 00:00:00,00_04,26345.75,0.7066513799199471,26345.75,-114.56336999999998
2025-01-24 04:00:00,04_08,14388.0,0.5419609676996836,14388.0,-88.28086999999998
2025-01-24 08:00:00,08_12,9654.75,0.5480654074376048,9654.75,-72.79586999999998
2025-01-24 12:00:00,12_16,18703.5,0.6669895626233197,18703.5,-92.72586999999996
2025-01-24 16:00:00,16_20,14999.5,0.6172921805212985,14999.5,-83.11336999999997
2025-01-24 20:00:00,20_24,19777.1875,0.6317165659716947,19777.1875,-81.76336999999997
2025-01-25 00:00:00,00_04,20684.3125,0.5722405839059658,20684.3125,-103.45837
2025-01-25 04:00:00,04_08,18268.6875,0.52052775213976,18268.6875,-89.67087000000001
2025-01-25 08:00:00,08_12,15442.4375,0.5474273097621756,15442.4375,-79.44587000000001
2025-01-25 12:00:00,12_16,16185.4375,0.5597065581201143,16185.4375,-75.98837
2025-01-25 16:00:00,16_20,0.0,0.2534650067050451,-1579.3125,-22.80087000000001
2025-01-25 20:00:00,20_24,0.0,0.1708080116619224,-1258.6875,-35.51337000000001
2025-01-26 00:00:00,00_04,6537.625,0.2031534527374165,6537.625,-52.00336999999998
2025-01-26 04:00:00,04_08,8920.0625,0.2474791835531648,8920.0625,-56.66336999999999
2025-01-26 08:00:00,08_12,4774.375,0.2874040790414635,4774.375,-53.485869999999984
2025-01-26 12:00:00,12_16,7506.1875,0.3534872611851086,7506.1875,-69.31586999999999
2025-01-26 16:00:00,16_20,1528.3125,0.2787409611955019,1528.3125,-50.05336999999999
2025-01-26 20:00:00,20_24,18242.3125,0.5570083630730617,18242.3125,-111.95837
2025-01-27 00:00:00,00_04,29090.1875,0.7398919706089181,29090.1875,-137.05136
2025-01-27 04:00:00,04_08,28026.8125,0.7681644927314876,28026.8125,-135.33635999999998
2025-01-27 08:00:00,08_12,21044.625,0.7116189431826565,21044.625,-110.91386
2025-01-27 12:00:00,12_16,18455.25,0.6716232847943037,18455.25,-112.32135999999998
2025-01-27 16:00:00,16_20,6539.8125,0.4941104774127404,6539.8125,-56.07885999999999
2025-01-27 20:00:00,20_24,16204.3125,0.5781273919853036,16204.3125,-83.34136
2025-01-28 00:00:00,00_04,20172.5625,0.5799688454520967,20172.5625,-95.35556000000004
2025-01-28 04:00:00,04_08,8930.3125,0.4432973837783131,8930.3125,-69.57556000000001
2025-01-28 08:00:00,08_12,0.0,0.3884203757664631,-1549.5,-34.20306000000001
2025-01-28 12:00:00,12_16,0.0,0.3941082400316716,-392.125,-40.77556000000001
2025-01-28 16:00:00,16_20,0.0,0.3675895157461988,-2046.0,-24.01056000000001
2025-01-28 20:00:00,20_24,11605.25,0.5009880790292497,11605.25,-82.55806000000001
2025-01-29 00:00:00,00_04,18421.6875,0.5505035881044154,18421.6875,-85.16987999999999
2025-01-29 04:00:00,04_08,11196.5,0.4838948416693422,11196.5,-66.25988000000001
2025-01-29 08:00:00,08_12,7521.125,0.519325512165076,7521.125,-49.57488000000001
2025-01-29 12:00:00,12_16,17202.0,0.652893305487343,17202.0,-76.15988
2025-01-29 16:00:00,16_20,2467.8125,0.4323237348731313,2467.8125,-21.74238
2025-01-29 20:00:00,20_24,7378.875,0.4323102979808317,7378.875,-50.66738000000001
2025-01-30 00:00:00,00_04,13175.0,0.4388125566679559,13175.0,-79.34899999999999
2025-01-30 04:00:00,04_08,0.0,0.2755661218035522,-626.4375,-48.74149999999999
2025-01-30 08:00:00,08_12,0.0,0.2546058476974179,-10288.625,-29.59149999999999
2025-01-30 12:00:00,12_16,0.0,0.2523332980256886,-9899.625,-44.17399999999999
2025-01-30 16:00:00,16_20,0.0,0.1499150285965029,-16315.9375,-2.3564999999999827
2025-01-30 20:00:00,20_24,0.0,0.2330025928833266,-4295.3125,-39.3715
2025-01-31 00:00:00,00_04,9219.125,0.3584570643688861,9219.125,-59.86076999999998
2025-01-31 04:00:00,04_08,1507.8125,0.3126669943743514,1507.8125,-44.24326999999998
2025-01-31 08:00:00,08_12,0.0,0.3239898238946269,-5767.4375,-32.17826999999998
2025-01-31 12:00:00,12_16,0.0,0.3340549594677875,-3942.9375,-48.16326999999998
2025-01-31 16:00:00,16_20,0.0,0.1243415426993648,-17856.625,3.3642300000000134
2025-01-31 20:00:00,20_24,0.0,0.1188630971865355,-9469.5,-28.113269999999986
2025-02-01 00:00:00,00_04,0.0,0.1168451212408499,-1144.0625,-51.48576999999998
2025-02-01 04:00:00,04_08,0.0,0.0985970610679554,-2354.75,-51.10326999999998
2025-02-01 08:00:00,08_12,0.0,0.2660399509355245,-1014.0625,-42.818269999999984
2025-02-01 12:00:00,12_16,3772.3125,0.3430911727464376,3772.3125,-64.69326999999998
2025-02-01 16:00:00,16_20,0.0,0.0707307969733554,-12228.375,-15.615769999999983
2025-02-01 20:00:00,20_24,0.0,0.0779541364550728,-6463.4375,-35.08576999999998
2025-02-02 00:00:00,00_04,2555.375,0.0878684891683471,2555.375,-53.21576999999998
2025-02-02 04:00:00,04_08,1728.5625,0.0680694322805888,1728.5625,-51.73576999999997
2025-02-02 08:00:00,08_12,3544.25,0.2678216861910617,3544.25,-45.578269999999975
2025-02-02 12:00:00,12_16,7289.0625,0.3472207694908575,7289.0625,-59.54326999999998
2025-02-02 16:00:00,16_20,0.0,0.0382820295233921,-10731.875,-13.750769999999974
2025-02-02 20:00:00,20_24,0.0,0.0367470633968992,-7717.5,-28.43326999999997
2025-02-03 00:00:00,00_04,0.0,0.0322724132514696,-2677.875,-53.37095999999998
2025-02-03 04:00:00,04_08,0.0,0.0284931977634128,-12875.875,-24.085959999999982
2025-02-03 08:00:00,08_12,0.0,0.203259101184358,-13862.3125,-4.285959999999992
2025-02-03 12:00:00,12_16,0.0,0.3136175237918818,-5482.875,-52.95345999999998
2025-02-03 16:00:00,16_20,0.0,0.06122215812984,-22332.3125,18.53154000000001
2025-02-03 20:00:00,20_24,0.0,0.0952328254022303,-12307.5,-28.408459999999984
2025-02-04 00:00:00,00_04,0.0,0.1413136559412211,-1531.4375,-52.97268
2025-02-04 04:00:00,04_08,0.0,0.1397015335047756,-8530.625,-29.61518
2025-02-04 08:00:00,08_12,0.0,0.2945752830316588,-7942.8125,-19.65018
2025-02-04 12:00:00,12_16,0.0,0.3895817353412391,-647.8125,-59.84518
2025-02-04 16:00:00,16_20,0.0,0.1967033943902496,-12819.9375,-11.54018
2025-02-04 20:00:00,20_24,0.0,0.2970181656165289,-188.8125,-47.38018
2025-02-05 00:00:00,00_04,9735.3125,0.3972655341499341,9735.3125,-65.88381999999999
2025-02-05 04:00:00,04_08,1365.6875,0.3315759000538767,1365.6875,-40.35132
2025-02-05 08:00:00,08_12,0.0,0.3390771030618024,-5914.6875,-27.958819999999992
2025-02-05 12:00:00,12_16,0.0,0.3347051227174126,-5017.125,-49.22382
2025-02-05 16:00:00,16_20,0.0,0.145791805808844,-17071.8125,3.293680000000009
2025-02-05 20:00:00,20_24,0.0,0.1299434792147685,-11215.5,-25.44882
2025-02-06 00:00:00,00_04,0.0,0.0875394864379098,-6411.4375,-49.824219999999976
2025-02-06 04:00:00,04_08,0.0,0.0839296138236759,-12816.75,-29.22671999999997
2025-02-06 08:00:00,08_12,0.0,0.1497474042361866,-18734.75,-0.5742199999999755
2025-02-06 12:00:00,12_16,0.0,0.2151961904796597,-13027.625,-32.86171999999998
2025-02-06 16:00:00,16_20,0.0,0.2107785302523322,-12722.125,-10.87421999999998
2025-02-06 20:00:00,20_24,480.625,0.3348244272921706,480.625,-46.21671999999997
2025-02-07 00:00:00,00_04,13918.1875,0.4660695167042566,13918.1875,-68.58877
2025-02-07 04:00:00,04_08,10407.75,0.480101585731041,10407.75,-65.74877000000001
2025-02-07 08:00:00,08_12,6909.625,0.5158585509524253,6909.625,-40.83376999999999
2025-02-07 12:00:00,12_16,11824.875,0.5701762351351548,11824.875,-71.84877
2025-02-07 16:00:00,16_20,1821.1875,0.4246208377541677,1821.1875,-41.02377
2025-02-07 20:00:00,20_24,10854.5,0.4826198355591444,10854.5,-75.28376999999999
2025-02-08 00:00:00,00_04,21825.5625,0.590610840218874,21825.5625,-98.94876999999998
2025-02-08 04:00:00,04_08,19495.5,0.543152883048045,19495.5,-92.01877
2025-02-08 08:00:00,08_12,21389.375,0.6492665359275307,21389.375,-95.72626999999996
2025-02-08 12:00:00,12_16,20270.0,0.648206382870275,21566.125,-94.86377
2025-02-08 16:00:00,16_20,2673.9375,0.3198438549435691,2673.9375,-30.601269999999975
2025-02-08 20:00:00,20_24,4337.0,0.2750339473391519,4337.0,-37.28376999999998
2025-02-09 00:00:00,00_04,7156.5,0.1998808668687258,7156.5,-53.98876999999996
2025-02-09 04:00:00,04_08,7880.6875,0.219072033633067,7880.6875,-62.68126999999996
2025-02-09 08:00:00,08_12,10143.9375,0.3976991150442477,10143.9375,-63.44126999999996
2025-02-09 12:00:00,12_16,14053.4375,0.4808994174351967,14053.4375,-77.60126999999996
2025-02-09 16:00:00,16_20,3148.375,0.303254106187821,3148.375,-31.58626999999996
2025-02-09 20:00:00,20_24,6992.9375,0.3336991598895986,6992.9375,-42.60126999999997
2025-02-10 00:00:00,00_04,12975.6875,0.3844895584584266,12975.6875,-73.91997999999998
2025-02-10 04:00:00,04_08,5066.875,0.3574872928176795,5066.875,-54.08497999999997
2025-02-10 08:00:00,08_12,773.1875,0.4170065062695475,773.1875,-36.467479999999966
2025-02-10 12:00:00,12_16,6591.5625,0.499566112584352,6591.5625,-67.71997999999998
2025-02-10 16:00:00,16_20,5409.9375,0.4772550090892837,5409.9375,-54.30747999999997
2025-02-10 20:00:00,20_24,18043.3125,0.6107409593957625,18043.3125,-94.87247999999995
2025-02-11 00:00:00,00_04,29033.75,0.7486773713625362,29033.75,-117.41029999999996
2025-02-11 04:00:00,04_08,18467.75,0.6010423773457808,18467.75,-91.10529999999996
2025-02-11 08:00:00,08_12,9191.875,0.5367841758336098,9191.875,-69.58029999999997
2025-02-11 12:00:00,12_16,7240.625,0.5041562125604563,7240.625,-72.19029999999995
2025-02-11 16:00:00,16_20,0.0,0.3881443171933232,-329.25,-31.15529999999997
2025-02-11 20:00:00,20_24,6089.375,0.4013665850034222,6089.375,-45.532799999999966
2025-02-12 00:00:00,00_04,11472.0625,0.3990145305834067,11472.0625,-61.88579
2025-02-12 04:00:00,04_08,3236.3125,0.3323708174047506,3236.3125,-45.77579
2025-02-12 08:00:00,08_12,0.0,0.336279931595126,-4382.5,-24.218290000000003
2025-02-12 12:00:00,12_16,0.0,0.3518565609626007,-2032.375,-42.36829
2025-02-12 16:00:00,16_20,0.0,0.2297981724437564,-9648.0625,-2.5882900000000006
2025-02-12 20:00:00,20_24,0.0,0.2147467407565719,-3833.5,-33.99579
2025-02-13 00:00:00,00_04,0.0,0.1388573852666938,-1423.25,-43.65744999999999
2025-02-13 04:00:00,04_08,0.0,0.1280672509514239,-8153.25,-24.442449999999987
2025-02-13 08:00:00,08_12,0.0,0.1802237346334113,-14488.1875,25.22255000000001
2025-02-13 12:00:00,12_16,0.0,0.2426023338112063,-9713.5625,-12.167449999999995
2025-02-13 16:00:00,16_20,0.0,0.1847861232895221,-12584.6875,17.16255000000001
2025-02-13 20:00:00,20_24,0.0,0.1917076503742128,-5742.8125,-24.512449999999998
2025-02-14 00:00:00,00_04,1027.8125,0.1851381048287083,1027.8125,-42.12441999999997
2025-02-14 04:00:00,04_08,0.0,0.1279838877016444,-8861.0625,-9.379419999999977
2025-02-14 08:00:00,08_12,0.0,0.175213497902002,-15057.3125,32.03308000000002
2025-02-14 12:00:00,12_16,0.0,0.1729993350001671,-13557.5625,-16.83191999999997
2025-02-14 16:00:00,16_20,0.0,0.0331669842535829,-22153.625,80.25308000000001
2025-02-14 20:00:00,20_24,0.0,0.0250867262309494,-14182.625,-14.071919999999976
2025-02-15 00:00:00,00_04,0.0,0.0306489788304277,-4774.6875,-44.82942
2025-02-15 04:00:00,04_08,0.0,0.0305500323639647,-5879.6875,-40.51192
2025-02-15 08:00:00,08_12,0.0,0.2181410705482473,-4182.4375,-38.13942
2025-02-15 12:00:00,12_16,488.1875,0.2859684801985485,488.1875,-53.95192
2025-02-15 16:00:00,16_20,0.0,0.0533560079224641,-13916.875,-8.32442000000001
2025-02-15 20:00:00,20_24,0.0,0.1122984611226258,-5371.5625,-37.07942
2025-02-16 00:00:00,00_04,4701.875,0.1821060988243772,4701.875,-44.17692
2025-02-16 04:00:00,04_08,7810.5625,0.2447373022179451,7810.5625,-49.00192
2025-02-16 08:00:00,08_12,8012.8125,0.3737416022816889,8012.8125,-42.84192
2025-02-16 12:00:00,12_16,8067.75,0.3867032408392981,8067.75,-47.29442
2025-02-16 16:00:00,16_20,0.0,0.1716430416402263,-5323.1875,-15.314420000000004
2025-02-16 20:00:00,20_24,0.0,0.1743703118643016,-2232.25,-30.24942
2025-02-17 00:00:00,00_04,0.0,0.129348204263029,-428.5625,-46.11691999999999
2025-02-17 04:00:00,04_08,0.0,0.0841259358536906,-12027.9375,-15.26442
2025-02-17 08:00:00,08_12,0.0,0.2944520706463073,-8902.25,-10.371920000000005
2025-02-17 12:00:00,12_16,0.0,0.3626472554248215,-3319.125,-54.75692
2025-02-17 16:00:00,16_20,0.0,0.0888135587154863,-22636.6875,47.20058
2025-02-17 20:00:00,20_24,0.0,0.0997534670294053,-14098.75,-19.35692
2025-02-18 00:00:00,00_04,0.0,0.1074809455034248,-5514.0625,-42.13595999999998
2025-02-18 04:00:00,04_08,0.0,0.1262475621754944,-11597.1875,-23.90595999999998
2025-02-18 08:00:00,08_12,0.0,0.3868693733420489,-3022.6875,-23.970959999999984
2025-02-18 12:00:00,12_16,5412.375,0.4915526509214243,5412.375,-68.46846
2025-02-18 16:00:00,16_20,0.0,0.2254288074664523,-12907.25,-7.790959999999984
2025-02-18 20:00:00,20_24,0.0,0.3174936512538197,-343.4375,-39.74595999999998
2025-02-19 00:00:00,00_04,7802.5,0.3770703317063985,7802.5,-63.33398999999997
2025-02-19 04:00:00,04_08,2492.0625,0.364866053709455,2492.0625,-49.39398999999997
2025-02-19 08:00:00,08_12,0.0,0.5626027450288826,9518.3125,-40.43398999999998
2025-02-19 12:00:00,12_16,16629.1875,0.6498734990206376,16629.1875,-78.49148999999998
2025-02-19 16:00:00,16_20,0.0,0.3811802447593247,-1791.1875,-31.336489999999984
2025-02-19 20:00:00,20_24,6593.375,0.4314871222553842,6593.375,-53.11648999999998
2025-02-20 00:00:00,00_04,15787.5625,0.4928887812090377,15787.5625,-78.2667
2025-02-20 04:00:00,04_08,7568.5625,0.4174538765702368,7568.5625,-72.4742
2025-02-20 08:00:00,08_12,7031.5,0.5056651476653244,7031.5,-59.4592
2025-02-20 12:00:00,12_16,9147.875,0.5242386825566392,9147.875,-76.6067
2025-02-20 16:00:00,16_20,1463.9375,0.4007339804948868,1463.9375,-52.3342
2025-02-20 20:00:00,20_24,9463.0,0.4610692402187702,9463.0,-70.1192
2025-02-21 00:00:00,00_04,14310.375,0.4609027578967459,14310.375,-81.97295000000001
2025-02-21 04:00:00,04_08,2119.0,0.3262556376568254,2119.0,-54.54795000000001
2025-02-21 08:00:00,08_12,671.0,0.411062037025144,671.0,-48.33045
2025-02-21 12:00:00,12_16,8653.8125,0.5087033540733493,8653.8125,-81.18045000000001
2025-02-21 16:00:00,16_20,2631.375,0.4149898818010394,2631.375,-62.68545
2025-02-21 20:00:00,20_24,14845.4375,0.5388024365883763,14845.4375,-88.88045000000001
2025-02-22 00:00:00,00_04,22718.625,0.6126623685412584,22718.625,-110.21545
2025-02-22 04:00:00,04_08,21718.6875,0.5938085679601312,21718.6875,-107.59294999999996
2025-02-22 08:00:00,08_12,22531.875,0.6736936397591008,22531.875,-98.68045
2025-02-22 12:00:00,12_16,19796.8125,0.6227417199204843,19796.8125,-96.09045
2025-02-22 16:00:00,16_20,8190.8125,0.4155171679638914,8190.8125,-49.89044999999999
2025-02-22 20:00:00,20_24,14946.875,0.4788683225852797,14946.875,-62.17294999999999
2025-02-23 00:00:00,00_04,17591.6875,0.4433386871581687,17591.6875,-70.69045
2025-02-23 04:00:00,04_08,12208.625,0.3239810964586163,12208.625,-64.97295
2025-02-23 08:00:00,08_12,10453.625,0.4053098429345029,10453.625,-63.15044999999999
2025-02-23 12:00:00,12_16,16061.0,0.5199048739944429,16061.0,-88.62795
2025-02-23 16:00:00,16_20,526.6875,0.2499528476525116,526.6875,-30.45794999999999
2025-02-23 20:00:00,20_24,10391.8125,0.3993835613900987,10391.8125,-78.88544999999999
2025-02-24 00:00:00,00_04,20334.75,0.5438550035886751,20334.75,-103.28271999999998
2025-02-24 04:00:00,04_08,13628.375,0.5064330354455767,13628.375,-82.21521999999999
2025-02-24 08:00:00,08_12,12928.5,0.5889755459811711,12928.5,-66.90271999999997
2025-02-24 12:00:00,12_16,14225.0,0.6038022515980978,14225.0,-71.61271999999998
2025-02-24 16:00:00,16_20,2910.9375,0.4277104110680744,2910.9375,-32.46771999999997
2025-02-24 20:00:00,20_24,5814.5625,0.393475030644726,5814.5625,-42.27271999999997
2025-02-25 00:00:00,00_04,11334.9375,0.3907364986452106,11334.9375,-63.95604
2025-02-25 04:00:00,04_08,0.0,0.2050967253240351,-4005.625,-27.08604
2025-02-25 08:00:00,08_12,0.0,0.2404835299002637,-10997.4375,-7.351039999999998
2025-02-25 12:00:00,12_16,0.0,0.2210631931194848,-11466.3125,-22.60604
2025-02-25 16:00:00,16_20,0.0,0.0642337896912453,-20925.0625,44.051460000000006
2025-02-25 20:00:00,20_24,0.0,0.1051070480104042,-10386.25,-19.89104
2025-02-26 00:00:00,00_04,0.0,0.1283140844047359,-2710.8125,-32.8372
2025-02-26 04:00:00,04_08,0.0,0.1494823288320665,-7871.6875,-20.1672
2025-02-26 08:00:00,08_12,0.0,0.215666502527264,-13364.875,-0.0872000000000028
2025-02-26 12:00:00,12_16,0.0,0.2732358619553733,-7745.625,-27.1597
2025-02-26 16:00:00,16_20,0.0,0.1399843172355856,-15898.0625,10.767799999999994
2025-02-26 20:00:00,20_24,0.0,0.2142631435341113,-4744.5625,-26.964700000000004
2025-02-27 00:00:00,00_04,9268.5625,0.3490546069358939,9268.5625,-45.14757999999998
2025-02-27 04:00:00,04_08,0.0,0.2578408177841264,-773.625,-28.230079999999973
2025-02-27 08:00:00,08_12,0.0,0.3046852291610681,-6752.625,-11.28757999999997
2025-02-27 12:00:00,12_16,0.0,0.3304369478930404,-4080.4375,-35.84257999999998
2025-02-27 16:00:00,16_20,0.0,0.1275981672835134,-16414.1875,13.117420000000024
2025-02-27 20:00:00,20_24,0.0,0.159841552619416,-7607.0625,-16.497579999999974
2025-02-28 00:00:00,00_04,0.0,0.1519732666627267,-463.0625,-41.70469999999999
2025-02-28 04:00:00,04_08,0.0,0.1222886066715815,-8542.25,-24.622199999999985
2025-02-28 08:00:00,08_12,0.0,0.2047193260245052,-13641.6875,-14.537199999999988
2025-02-28 12:00:00,12_16,0.0,0.2620388407608587,-7769.75,-38.47719999999999
2025-02-28 16:00:00,16_20,0.0,0.1052395297554076,-17257.3125,-0.2846999999999795
2025-02-28 20:00:00,20_24,0.0,0.088545966806885,-10059.875,-21.444699999999983
