MODEL,MODEL_BASE,MODEL_NAME,MODEL_GROUP,LOOKBACK,STRATEGY,PRODUCT,PRODUCT_SIGN,PRICE_TYPE,N_OBSERVATIONS,RMSE,MAPE,MAE,MED_MAE,ZERO_COUNT,NEGATIVE_COUNT,ACCEPTANCE,CHANCE_OF_ACCEPTANCE,REVENUE,MAX_REVENUE,ACHIEVED_REVENUE_PERCENTAGE,MAPE_NORM,RMSE_NORM,MAE_NORM,COMBINED_SCORE,MAE_vs_BEST_STATISTICAL
bidirectional_lstm_ts168_ensemble,bidirectional_lstm,"BiLSTM (168 TimeSteps), Ensemble",DEEP_LEARNING,168,ensemble,00_04,NEG,AVERAGE,243,2.9287735746561636,0.18783656578467375,1.6524654526748972,0.8726380000000002,0,0,180,0.7407407407407407,5.2682251476,7.5244800332,70.01447441358333,0.9952828469533739,0.9995057544240455,0.9957981362099716,0.9968464518733728,40.991164592791286
bidirectional_lstm_ts168_ensemble,bidirectional_lstm,"BiLSTM (168 TimeSteps), Ensemble",DEEP_LEARNING,168,ensemble,00_04,NEG,MARGINAL,243,6.964589358521462,0.26481031856492643,3.3632216238683124,1.2738378,0,0,85,0.3497942386831276,3.82123968,10.485960278399999,36.441485362779424,0.9933497996208653,0.9988246897921451,0.9914480516755754,0.9945289365554421,18.021518522709552
bidirectional_lstm_ts168_ensemble,bidirectional_lstm,"BiLSTM (168 TimeSteps), Ensemble",DEEP_LEARNING,168,ensemble,00_04,POS,AVERAGE,243,2.3543564662734915,0.47285670277534425,1.8546769802469134,1.4392243000000002,0,0,43,0.17695473251028807,0.7985114884,3.9527597800000005,20.201366458955416,0.9881251159655927,0.9996026902599283,0.9952839558413257,0.9942751326417154,976.2834265201427
bidirectional_lstm_ts168_ensemble,bidirectional_lstm,"BiLSTM (168 TimeSteps), Ensemble",DEEP_LEARNING,168,ensemble,00_04,POS,MARGINAL,243,3.621198836956565,0.6250724792028316,2.7836177893004113,2.1087162999999993,0,0,14,0.05761316872427984,0.4010848896,4.755639932399999,8.433878411765857,0.9843025103375566,0.9993889041063793,0.9929218594100064,0.9921254054751765,528.8800812475291
bidirectional_lstm_ts168_ensemble,bidirectional_lstm,"BiLSTM (168 TimeSteps), Ensemble",DEEP_LEARNING,168,ensemble,04_08,NEG,AVERAGE,243,1.3714897870829657,0.16253710819952205,0.9396950082304527,0.6467579999999997,0,0,152,0.6255144032921811,4.7927630932,6.092240204,78.66996265270697,0.9959181940325075,0.9997685540577127,0.9976105579560756,0.9977472929356027,43.91875811027264
bidirectional_lstm_ts168_ensemble,bidirectional_lstm,"BiLSTM (168 TimeSteps), Ensemble",DEEP_LEARNING,168,ensemble,04_08,NEG,MARGINAL,243,4.630062629217984,0.1875759473165037,1.8584940176954732,0.7321977000000004,0,0,68,0.27983539094650206,2.5514621743999997,8.573920134400002,29.75840845732988,0.9952893918835156,0.9992186531623046,0.9952742499370876,0.9965810512631947,-27.668499969231515
bidirectional_lstm_ts168_ensemble,bidirectional_lstm,"BiLSTM (168 TimeSteps), Ensemble",DEEP_LEARNING,168,ensemble,04_08,POS,AVERAGE,243,4.162750695758668,0.18292689028662704,2.1956875041152264,1.361927999999999,0,0,187,0.7695473251028807,7.464240606400001,10.608559304800002,70.36054936340595,0.9954061439836236,0.9992975144500811,0.9944168395152678,0.9963638257629972,129.5256656321359
bidirectional_lstm_ts168_ensemble,bidirectional_lstm,"BiLSTM (168 TimeSteps), Ensemble",DEEP_LEARNING,168,ensemble,04_08,POS,MARGINAL,243,20.60842721519604,0.2599797649218044,5.114325686008231,2.0958869999999994,0,0,130,0.5349794238683128,5.9012872976,14.250879452400001,41.409986782297565,0.9934711096583405,0.996522222111456,0.9869953711433641,0.9923409830579265,121.02968201356326
bidirectional_lstm_ts168_ensemble,bidirectional_lstm,"BiLSTM (168 TimeSteps), Ensemble",DEEP_LEARNING,168,ensemble,08_12,NEG,AVERAGE,243,4.570586186692925,0.2302548257058468,2.5755839522633748,1.1641785999999996,0,0,176,0.7242798353909465,8.1010841236,11.115999204,72.87769614705346,0.9942175941726713,0.9992286901173106,0.9934508446577959,0.9956182284944934,60.40017216009844
bidirectional_lstm_ts168_ensemble,bidirectional_lstm,"BiLSTM (168 TimeSteps), Ensemble",DEEP_LEARNING,168,ensemble,08_12,NEG,MARGINAL,243,16.961909926932158,0.3684980184210706,6.396474941152262,2.445805,0,0,135,0.5555555555555556,7.6067694292,15.307239597599999,49.69393325751989,0.9907458830339599,0.9971375906237103,0.9837351416965815,0.9905416018972427,117.39882948601858
bidirectional_lstm_ts168_ensemble,bidirectional_lstm,"BiLSTM (168 TimeSteps), Ensemble",DEEP_LEARNING,168,ensemble,08_12,POS,AVERAGE,243,8.52392154932156,0.15488063687375678,3.9047810057613166,1.367794,0,0,207,0.8518518518518519,12.811204467200001,17.759679465599998,72.1364622149569,0.9961104715418937,0.9985615444799176,0.9900709827914769,0.9949262943238042,23.401135843090152
bidirectional_lstm_ts168_ensemble,bidirectional_lstm,"BiLSTM (168 TimeSteps), Ensemble",DEEP_LEARNING,168,ensemble,08_12,POS,MARGINAL,243,17.04484023922748,0.21564221696878338,7.636297190946502,2.5768500000000003,0,0,110,0.45267489711934156,8.728939165200002,23.3909594152,37.317576463014724,0.9945845616560005,0.9971235957077772,0.9805825407093421,0.9908017759806896,25.55967346775738
bidirectional_lstm_ts168_ensemble,bidirectional_lstm,"BiLSTM (168 TimeSteps), Ensemble",DEEP_LEARNING,168,ensemble,12_16,NEG,AVERAGE,243,5.983848008215485,0.13445898201364095,3.3606622307407408,1.0433499999999967,0,0,234,0.9629629629629629,19.447495439320004,23.0065574596,84.53022784251931,0.996623322013995,0.9989901949297696,0.991454559661137,0.9956986984997576,-28.09530710450171
bidirectional_lstm_ts168_ensemble,bidirectional_lstm,"BiLSTM (168 TimeSteps), Ensemble",DEEP_LEARNING,168,ensemble,12_16,NEG,MARGINAL,243,28.917794822926005,0.2007726541893149,7.955728448971194,1.9969535,0,0,141,0.5802469135802469,16.80256821,30.050997300000002,55.913512760523254,0.9949579820444864,0.9951199736704571,0.9797702958092599,0.9899995028234321,-18.927784476082408
bidirectional_lstm_ts168_ensemble,bidirectional_lstm,"BiLSTM (168 TimeSteps), Ensemble",DEEP_LEARNING,168,ensemble,12_16,POS,AVERAGE,243,15.448724716893993,0.12408313695098268,3.2103422724279835,0.7480729999999998,0,0,187,0.7695473251028807,8.3150087212,12.4003592184,67.05457942590853,0.9968838913495989,0.9973929483960329,0.9918367909439336,0.9953863370410526,-1.3297077165726074
bidirectional_lstm_ts168_ensemble,bidirectional_lstm,"BiLSTM (168 TimeSteps), Ensemble",DEEP_LEARNING,168,ensemble,12_16,POS,MARGINAL,243,92.9707758136774,0.20677656126832036,12.775443981481482,1.4606861999999996,0,0,130,0.5349794238683128,6.330650240400001,22.7001991136,27.888082429229538,0.9948072054986574,0.9843107043041512,0.9675147971290847,0.9823368653425115,-4.351431835352046
bidirectional_lstm_ts168_ensemble,bidirectional_lstm,"BiLSTM (168 TimeSteps), Ensemble",DEEP_LEARNING,168,ensemble,16_20,NEG,AVERAGE,243,1.5767267322564573,0.34816207635096713,1.0738494460493826,0.5898299999999992,0,0,111,0.4567901234567901,4.693599825080001,6.763039872199999,69.40074158624152,0.9912565809946646,0.9997339192696048,0.9972694321106726,0.9960383434936775,93.23203362805386
bidirectional_lstm_ts168_ensemble,bidirectional_lstm,"BiLSTM (168 TimeSteps), Ensemble",DEEP_LEARNING,168,ensemble,16_20,NEG,MARGINAL,243,3.963404196044242,0.6156036947443713,2.202458474526749,0.9984500000000001,0,0,36,0.14814814814814814,2.47476162176,8.514640332119999,29.064781661115997,0.9845403005956433,0.9993311551952785,0.9943996223956304,0.9926748588075187,67.10712693634136
bidirectional_lstm_ts168_ensemble,bidirectional_lstm,"BiLSTM (168 TimeSteps), Ensemble",DEEP_LEARNING,168,ensemble,16_20,POS,AVERAGE,243,19.44576824286707,0.2019639132319723,8.298429080246914,2.803474999999999,0,0,199,0.8189300411522634,16.874379332000004,26.775798113999997,63.021013454598254,0.9949280658713551,0.9967184267816941,0.9788988819040274,0.9902292542625488,30.827971424176177
bidirectional_lstm_ts168_ensemble,bidirectional_lstm,"BiLSTM (168 TimeSteps), Ensemble",DEEP_LEARNING,168,ensemble,16_20,POS,MARGINAL,243,34.74135500500751,0.24077498787703983,13.98883181893004,3.365857000000002,0,0,143,0.588477366255144,15.17432734,35.721720065999996,42.479273987825,0.9939534005912484,0.9941372179937448,0.9644294131598267,0.9842711444817032,-18.724309255954648
bidirectional_lstm_ts168_ensemble,bidirectional_lstm,"BiLSTM (168 TimeSteps), Ensemble",DEEP_LEARNING,168,ensemble,20_24,NEG,AVERAGE,243,0.6973774857704893,0.24705369437884542,0.49613636720164606,0.3665786,0,0,138,0.5679012345679012,1.49515169904,2.2389599894,66.77884848851959,0.9937957229879545,0.9998823139692002,0.998738432060479,0.9974353920056986,141.7103234223755
bidirectional_lstm_ts168_ensemble,bidirectional_lstm,"BiLSTM (168 TimeSteps), Ensemble",DEEP_LEARNING,168,ensemble,20_24,NEG,MARGINAL,243,1.7983921994566416,0.32323394479679995,1.0186785041563786,0.5575135999999998,0,0,67,0.2757201646090535,1.00334751644,3.17832014352,31.568484958497272,0.9918826029367513,0.9996965120840668,0.9974097199349213,0.9962851415647617,48.17038420851601
bidirectional_lstm_ts168_ensemble,bidirectional_lstm,"BiLSTM (168 TimeSteps), Ensemble",DEEP_LEARNING,168,ensemble,20_24,POS,AVERAGE,243,5.416005377449893,0.22597790904594514,3.863813049794239,2.093033000000002,0,0,165,0.6790123456790124,9.8183917224,14.7366389548,66.62571942296222,0.9943250006851794,0.9990860212888035,0.9901751554811091,0.9945266885670323,124.28096441317219
bidirectional_lstm_ts168_ensemble,bidirectional_lstm,"BiLSTM (168 TimeSteps), Ensemble",DEEP_LEARNING,168,ensemble,20_24,POS,MARGINAL,243,8.052670489115608,0.30301657584516173,5.578015102057614,3.3364150000000006,0,0,104,0.4279835390946502,7.893635482800001,17.54480025,44.99131007661373,0.9923903231622921,0.9986410705155546,0.9858163088132177,0.9922836450536742,104.61715701195415
bidirectional_lstm_ts168_recency,bidirectional_lstm,"BiLSTM (168 TimeSteps), Weighted Ensemble",DEEP_LEARNING,168,recency,00_04,NEG,AVERAGE,243,2.842424679830912,0.20139111976606602,1.6786533473251029,0.9377549999999992,0,0,158,0.6502057613168725,4.831939246,7.5244800332,64.21625447446473,0.9949424504744354,0.9995203262433303,0.9957315460334026,0.99671355101263,51.51204686561076
bidirectional_lstm_ts168_recency,bidirectional_lstm,"BiLSTM (168 TimeSteps), Weighted Ensemble",DEEP_LEARNING,168,recency,00_04,NEG,MARGINAL,243,6.921801682927303,0.2950521393516615,3.626919532098765,1.6742720000000002,0,0,77,0.3168724279835391,3.2676266160000007,10.485960278399999,31.161920599022064,0.9925903346228564,0.9988319104320575,0.990777524681921,0.9940518273593841,55.121887464835794
bidirectional_lstm_ts168_recency,bidirectional_lstm,"BiLSTM (168 TimeSteps), Weighted Ensemble",DEEP_LEARNING,168,recency,00_04,POS,AVERAGE,243,1.6097606269017652,0.2598674266764717,1.0519790275720167,0.5960953,0,0,117,0.48148148148148145,1.86384874,3.9527597800000005,47.153099194912365,0.9934739308166918,0.9997283446302996,0.9973250438750966,0.996808754684456,345.77310987352854
bidirectional_lstm_ts168_recency,bidirectional_lstm,"BiLSTM (168 TimeSteps), Weighted Ensemble",DEEP_LEARNING,168,recency,00_04,POS,MARGINAL,243,2.560874986572607,0.3439174808425882,1.6192103419753086,1.0216406,0,0,28,0.11522633744855967,0.622836572,4.755639932399999,13.096798345825919,0.9913631758237939,0.9995678391994387,0.9958826967950392,0.9955621566582677,204.68272262787295
bidirectional_lstm_ts168_recency,bidirectional_lstm,"BiLSTM (168 TimeSteps), Weighted Ensemble",DEEP_LEARNING,168,recency,04_08,NEG,AVERAGE,243,1.3135405209099225,0.11295739991318243,0.7286129888888889,0.39639899999999884,0,0,205,0.8436213991769548,5.630250007200001,6.092240204,92.41674357329723,0.9971632927757513,0.9997783332938693,0.9981472940750435,0.9983509765754968,-11.791965779853019
bidirectional_lstm_ts168_recency,bidirectional_lstm,"BiLSTM (168 TimeSteps), Weighted Ensemble",DEEP_LEARNING,168,recency,04_08,NEG,MARGINAL,243,4.638323771453759,0.19464982714252393,1.897221927983539,0.7868449999999996,0,0,68,0.27983539094650206,2.4595640192,8.573920134400002,28.68657487643042,0.9951117450359309,0.9992172590521428,0.9951757732012264,0.9964876939558283,-22.27006566435545
bidirectional_lstm_ts168_recency,bidirectional_lstm,"BiLSTM (168 TimeSteps), Weighted Ensemble",DEEP_LEARNING,168,recency,04_08,POS,AVERAGE,243,4.170380390603363,0.17365086095245919,2.1605704979423868,1.2289645,0,0,192,0.7901234567901234,7.607770426800001,10.608559304800002,71.71351178060297,0.9956390935685538,0.999296226899908,0.9945061344995673,0.9964720710751351,107.1173328551622
bidirectional_lstm_ts168_recency,bidirectional_lstm,"BiLSTM (168 TimeSteps), Weighted Ensemble",DEEP_LEARNING,168,recency,04_08,POS,MARGINAL,243,20.540523834254685,0.26353457147796094,5.088419275308643,2.3125920000000004,0,0,119,0.4897119341563786,5.5758702616,14.250879452400001,39.126499387102484,0.9933818375482671,0.9965336811555805,0.9870612455668638,0.9923361505848174,143.88312651736973
bidirectional_lstm_ts168_recency,bidirectional_lstm,"BiLSTM (168 TimeSteps), Weighted Ensemble",DEEP_LEARNING,168,recency,08_12,NEG,AVERAGE,243,3.832496762748471,0.19495937177520334,2.108781370781893,0.8775056999999995,0,0,188,0.7736625514403292,8.664288614000002,11.115999204,77.94430761457978,0.9951039714195373,0.9993532464966771,0.9946378230972203,0.9963524032486288,20.90246750066327
bidirectional_lstm_ts168_recency,bidirectional_lstm,"BiLSTM (168 TimeSteps), Weighted Ensemble",DEEP_LEARNING,168,recency,08_12,NEG,MARGINAL,243,15.915412880615566,0.31780447402730827,5.32937688106996,1.619356999999999,0,0,127,0.522633744855967,7.477818481200001,15.307239597599999,48.85151521618854,0.9920189536226516,0.9973141923726019,0.9864485422652961,0.9919281466622081,43.93883253979381
bidirectional_lstm_ts168_recency,bidirectional_lstm,"BiLSTM (168 TimeSteps), Weighted Ensemble",DEEP_LEARNING,168,recency,08_12,POS,AVERAGE,243,8.047954807078975,0.1679723537766802,3.91449307037037,1.7418249999999986,0,0,161,0.6625514403292181,11.006318603200002,17.759679465599998,61.973633164488874,0.9957816983234513,0.9986418663111069,0.9900462871026556,0.994832868056515,57.14587389613519
bidirectional_lstm_ts168_recency,bidirectional_lstm,"BiLSTM (168 TimeSteps), Weighted Ensemble",DEEP_LEARNING,168,recency,08_12,POS,MARGINAL,243,16.378224894065774,0.2306532141559002,7.566352597530864,3.1536039999999996,0,0,84,0.345679012345679,7.422040282,23.3909594152,31.730379888466576,0.9942075894151681,0.9972360904694278,0.9807603947479278,0.9907694205228845,53.66260685977588
bidirectional_lstm_ts168_recency,bidirectional_lstm,"BiLSTM (168 TimeSteps), Weighted Ensemble",DEEP_LEARNING,168,recency,12_16,NEG,AVERAGE,243,5.487514993389176,0.11120807815406561,2.666344544444444,0.8007262000000002,0,0,214,0.8806584362139918,19.980158726000006,23.0065574596,86.84549507715609,0.9972072236176036,0.9990739536740101,0.993220060017046,0.9965074805480338,-44.81624430499876
bidirectional_lstm_ts168_recency,bidirectional_lstm,"BiLSTM (168 TimeSteps), Weighted Ensemble",DEEP_LEARNING,168,recency,12_16,NEG,MARGINAL,243,28.43900703362225,0.19616053984644607,7.617303444032921,1.8685935999999996,0,0,109,0.448559670781893,12.4040738816,30.050997300000002,41.27674618505922,0.9950738064002659,0.9952007715678202,0.9806308377174665,0.990349525240235,-24.138933096933393
bidirectional_lstm_ts168_recency,bidirectional_lstm,"BiLSTM (168 TimeSteps), Weighted Ensemble",DEEP_LEARNING,168,recency,12_16,POS,AVERAGE,243,15.36655821526596,0.11038614900971823,3.08216438436214,0.5275320000000008,0,0,223,0.9176954732510288,9.2197271268,12.4003592184,74.35048424338797,0.9972278647827099,0.9974068144149948,0.9921627197103562,0.9956154202874872,-30.41890747445622
bidirectional_lstm_ts168_recency,bidirectional_lstm,"BiLSTM (168 TimeSteps), Weighted Ensemble",DEEP_LEARNING,168,recency,12_16,POS,MARGINAL,243,92.90667071548808,0.18295104768806716,12.380588811522633,1.2251510000000003,0,0,148,0.6090534979423868,6.9853690484,22.7001991136,30.772280954200838,0.9954055373170817,0.9843215223685623,0.9685188287947816,0.9828751985717112,-19.774734001398336
bidirectional_lstm_ts168_recency,bidirectional_lstm,"BiLSTM (168 TimeSteps), Weighted Ensemble",DEEP_LEARNING,168,recency,16_20,NEG,AVERAGE,243,1.46737857338497,0.22757704594104788,0.9357231495884775,0.39688769999999995,0,0,153,0.6296296296296297,4.7207586656,6.763039872199999,69.80231899866575,0.9942848414465072,0.9997523723327669,0.9976206575372679,0.997189945948924,30.022917438857043
bidirectional_lstm_ts168_recency,bidirectional_lstm,"BiLSTM (168 TimeSteps), Weighted Ensemble",DEEP_LEARNING,168,recency,16_20,NEG,MARGINAL,243,3.9897744601942313,0.5137802536726559,1.9752455564609055,0.8105720000000001,0,0,54,0.2222222222222222,3.2102879172000005,8.514640332119999,37.70315353297716,0.9870973999189988,0.9993267050778281,0.9949773759162877,0.9937334627005179,35.66263517957243
bidirectional_lstm_ts168_recency,bidirectional_lstm,"BiLSTM (168 TimeSteps), Weighted Ensemble",DEEP_LEARNING,168,recency,16_20,POS,AVERAGE,243,17.27248525367781,0.19559680079034777,7.440115660493827,2.6904900000000005,0,0,158,0.6502057613168725,15.555787348,26.775798113999997,58.096446954709066,0.9950879636193083,0.9970851794429442,0.981081388093865,0.991124874917712,25.5553728273061
bidirectional_lstm_ts168_recency,bidirectional_lstm,"BiLSTM (168 TimeSteps), Weighted Ensemble",DEEP_LEARNING,168,recency,16_20,POS,MARGINAL,243,33.2914695177086,0.2708285299913615,14.056875236625514,4.534633999999997,0,0,85,0.3497942386831276,11.290091058,35.721720065999996,31.605675866504345,0.9931986638489412,0.9943818936128979,0.9642563934016819,0.9840381804234514,9.498267639246972
bidirectional_lstm_ts168_recency,bidirectional_lstm,"BiLSTM (168 TimeSteps), Weighted Ensemble",DEEP_LEARNING,168,recency,20_24,NEG,AVERAGE,243,0.5803306326099413,0.1469766138667613,0.34815179872427987,0.19435550000000013,0,0,201,0.8271604938271605,1.86644944208,2.2389599894,83.36234014526424,0.9963089658342712,0.999902066226546,0.9991147249498471,0.998420589471862,28.151863649207943
bidirectional_lstm_ts168_recency,bidirectional_lstm,"BiLSTM (168 TimeSteps), Weighted Ensemble",DEEP_LEARNING,168,recency,20_24,NEG,MARGINAL,243,1.7583156897332974,0.23280642711413432,0.8864415957201647,0.363019,0,0,110,0.45267489711934156,1.28015517944,3.17832014352,40.277729166144475,0.9941535156248837,0.9997032752008205,0.9977459699160414,0.997170446201025,-3.5204437972611107
bidirectional_lstm_ts168_recency,bidirectional_lstm,"BiLSTM (168 TimeSteps), Weighted Ensemble",DEEP_LEARNING,168,recency,20_24,POS,AVERAGE,243,4.454075198042033,0.16755389361775627,3.0008075711934157,1.3177295999999998,0,0,196,0.8065843621399177,11.2639944328,14.7366389548,76.4353016135413,0.995792207143208,0.9992483519447695,0.9923695925661683,0.9958032721173002,41.20258281822757
bidirectional_lstm_ts168_recency,bidirectional_lstm,"BiLSTM (168 TimeSteps), Weighted Ensemble",DEEP_LEARNING,168,recency,20_24,POS,MARGINAL,243,6.758601637080763,0.21970340488940607,4.31285494526749,2.429583000000001,0,0,108,0.4444444444444444,8.882648776,17.54480025,50.628383620383474,0.9944825727546773,0.9988594512776023,0.9890333386414648,0.9941286954098826,49.00255699143383
bidirectional_lstm_ts168_single,bidirectional_lstm,"BiLSTM (168 TimeSteps), Single",DEEP_LEARNING,168,single,00_04,NEG,AVERAGE,243,2.857917653297584,0.17601184031287112,1.5656450707818932,0.6927491999999997,0,0,149,0.6131687242798354,4.8670547424,7.5244800332,64.68293783657163,0.995579802125823,0.9995177117245226,0.9960189017444777,0.9970242151675499,11.926728470138158
bidirectional_lstm_ts168_single,bidirectional_lstm,"BiLSTM (168 TimeSteps), Single",DEEP_LEARNING,168,single,00_04,NEG,MARGINAL,243,6.6001657396086095,0.2576970495518244,3.248834266666667,1.1799157999999998,0,0,82,0.3374485596707819,3.7392763343999995,10.485960278399999,35.65983691643888,0.993528435651909,0.9988861881486516,0.9917389140917818,0.9947059518609922,9.319612312444844
bidirectional_lstm_ts168_single,bidirectional_lstm,"BiLSTM (168 TimeSteps), Single",DEEP_LEARNING,168,single,00_04,POS,AVERAGE,243,1.211858950701507,0.1984137191111374,0.7625892967078189,0.4390000999999999,0,0,115,0.4732510288065844,1.8885041728,3.9527597800000005,47.776851564706014,0.995017222149012,0.9997954925808372,0.9980608996410104,0.9975984649638738,228.29388155180888
bidirectional_lstm_ts168_single,bidirectional_lstm,"BiLSTM (168 TimeSteps), Single",DEEP_LEARNING,168,single,00_04,POS,MARGINAL,243,2.504745161782159,0.30738453475655,1.5054084218107,0.8419393,0,0,43,0.17695473251028807,0.8073185011999999,4.755639932399999,16.97602242128906,0.9922806302992422,0.9995773113955218,0.9961720705709334,0.9959727103506726,151.090606825341
bidirectional_lstm_ts168_single,bidirectional_lstm,"BiLSTM (168 TimeSteps), Single",DEEP_LEARNING,168,single,04_08,NEG,AVERAGE,243,1.2620854184493189,0.09155148429394566,0.6654986345679013,0.28155900000000145,0,0,228,0.9382716049382716,5.7787242148,6.092240204,94.85384721051948,0.9977008610583554,0.9997870166065608,0.9983077802864939,0.998589575734549,-37.346547526632094
bidirectional_lstm_ts168_single,bidirectional_lstm,"BiLSTM (168 TimeSteps), Single",DEEP_LEARNING,168,single,04_08,NEG,MARGINAL,243,4.612845923782081,0.20559953473437795,1.9283380251028805,0.7942252000000005,0,0,91,0.37448559670781895,3.6082425484,8.573920134400002,42.08393000913465,0.9948367642497842,0.9992215585697312,0.9950966516670599,0.9963695092230678,-21.540998997624396
bidirectional_lstm_ts168_single,bidirectional_lstm,"BiLSTM (168 TimeSteps), Single",DEEP_LEARNING,168,single,04_08,POS,AVERAGE,243,4.04884205393861,0.14431420400522435,1.8800466308641974,1.0831790000000012,0,0,163,0.6707818930041153,6.466335474,10.608559304800002,60.95394566040847,0.9963758271226325,0.9993167371181527,0.9952194462831246,0.9969647217441167,82.54810898502112
bidirectional_lstm_ts168_single,bidirectional_lstm,"BiLSTM (168 TimeSteps), Single",DEEP_LEARNING,168,single,04_08,POS,MARGINAL,243,20.594109208429018,0.24409617675321016,4.956558990946503,2.0862627,0,0,78,0.32098765432098764,3.893757922,14.250879452400001,27.32293073564838,0.9938699953386012,0.9965246383486013,0.9873965378740689,0.9926097865686057,120.01471509568884
bidirectional_lstm_ts168_single,bidirectional_lstm,"BiLSTM (168 TimeSteps), Single",DEEP_LEARNING,168,single,08_12,NEG,AVERAGE,243,3.4729073379976945,0.16948064593325363,1.8649088497942383,0.6791455999999998,0,0,189,0.7777777777777778,8.832194736000002,11.115999204,79.45479820493159,0.9957438204751641,0.9994139290581018,0.9952579384004856,0.9967946152228897,-6.427526530917715
bidirectional_lstm_ts168_single,bidirectional_lstm,"BiLSTM (168 TimeSteps), Single",DEEP_LEARNING,168,single,08_12,NEG,MARGINAL,243,15.95845299892038,0.25546332911784264,4.8988328806584365,1.3762348000000002,0,0,119,0.4897119341563786,6.3210166028,15.307239597599999,41.294294523168396,0.9935845312321622,0.997306929131686,0.9875433229412943,0.9928193238030187,22.32857264496758
bidirectional_lstm_ts168_single,bidirectional_lstm,"BiLSTM (168 TimeSteps), Single",DEEP_LEARNING,168,single,08_12,POS,AVERAGE,243,7.666502044212468,0.14144532157774303,3.506134426748971,1.1684883,0,0,200,0.823045267489712,13.2587241448,17.759679465599998,74.65632569822995,0.9964478735712389,0.9987062384230768,0.9910846551939221,0.9954232719078309,5.419956104034288
bidirectional_lstm_ts168_single,bidirectional_lstm,"BiLSTM (168 TimeSteps), Single",DEEP_LEARNING,168,single,08_12,POS,MARGINAL,243,16.861063420560452,0.1829977523056557,6.92575555473251,1.6513919999999995,0,0,107,0.4403292181069959,8.530010576799999,23.3909594152,36.46712571890915,0.9954043644206958,0.9971546089893689,0.9823892950760867,0.991686972244637,-19.534221903771382
bidirectional_lstm_ts168_single,bidirectional_lstm,"BiLSTM (168 TimeSteps), Single",DEEP_LEARNING,168,single,12_16,NEG,AVERAGE,243,5.372996523585457,0.12811907250577798,2.818151474074074,1.0763320000000007,0,0,200,0.823045267489712,19.850395180400003,23.0065574596,86.28146655690541,0.9967825366127362,0.9990932792536846,0.9928340476864078,0.996242080338561,-25.82228215498369
bidirectional_lstm_ts168_single,bidirectional_lstm,"BiLSTM (168 TimeSteps), Single",DEEP_LEARNING,168,single,12_16,NEG,MARGINAL,243,26.835875213272654,0.1849333035996123,7.412594322222223,2.0639600000000087,0,0,179,0.7366255144032922,18.331733658,30.050997300000002,61.0020808128055,0.9953557567832795,0.9954713082923851,0.9811513689304081,0.9907064407898368,-16.207458034077586
bidirectional_lstm_ts168_single,bidirectional_lstm,"BiLSTM (168 TimeSteps), Single",DEEP_LEARNING,168,single,12_16,POS,AVERAGE,243,15.833498794901551,0.14301334799203025,3.706976652674897,0.6165859999999999,0,0,177,0.7283950617283951,7.1325730067999995,12.4003592184,57.51908377151275,0.9964084956122858,0.9973280157950825,0.9905739566644849,0.9947865394198344,-18.672748731916048
bidirectional_lstm_ts168_single,bidirectional_lstm,"BiLSTM (168 TimeSteps), Single",DEEP_LEARNING,168,single,12_16,POS,MARGINAL,243,92.85512293092383,0.2011637794416869,12.825531509465025,1.277106999999999,0,0,121,0.49794238683127573,5.3727028584,22.7001991136,23.668086925198555,0.9949481596881835,0.9843302213218347,0.9673874353317017,0.9823492009896494,-16.372554253576848
bidirectional_lstm_ts168_single,bidirectional_lstm,"BiLSTM (168 TimeSteps), Single",DEEP_LEARNING,168,single,16_20,NEG,AVERAGE,243,1.419971769451854,0.21499949065706575,0.8629250869958849,0.4076058,0,0,177,0.7283950617283951,5.04415892064,6.763039872199999,74.58419610054952,0.9946007024876155,0.9997603724742995,0.9978057673334799,0.9973610649823565,33.53423469913349
bidirectional_lstm_ts168_single,bidirectional_lstm,"BiLSTM (168 TimeSteps), Single",DEEP_LEARNING,168,single,16_20,NEG,MARGINAL,243,3.904776411615641,0.3546889081033444,1.7702605276543208,0.6785039999999984,0,0,77,0.3168724279835391,3.9889788837199998,8.514640332119999,46.848471904001286,0.9910926722042918,0.999341048934874,0.9954986087013036,0.9952685955693978,13.55887030378596
bidirectional_lstm_ts168_single,bidirectional_lstm,"BiLSTM (168 TimeSteps), Single",DEEP_LEARNING,168,single,16_20,POS,AVERAGE,243,18.35108983034612,0.17578380155276813,7.371541691358023,2.089390999999999,0,0,171,0.7037037037037037,16.668535230000003,26.775798113999997,62.252244205877425,0.9955855288794371,0.9969031593834777,0.9812557569300691,0.991291522202479,-2.4957290355965807
bidirectional_lstm_ts168_single,bidirectional_lstm,"BiLSTM (168 TimeSteps), Single",DEEP_LEARNING,168,single,16_20,POS,MARGINAL,243,34.168396749414214,0.2273568839862673,13.402342228395062,3.097428999999998,0,0,107,0.4403292181069959,12.868216698000001,35.721720065999996,36.02350803439612,0.9942903703893485,0.9942339076407302,0.9659207298888441,0.9849097563171381,-25.206067427808915
bidirectional_lstm_ts168_single,bidirectional_lstm,"BiLSTM (168 TimeSteps), Single",DEEP_LEARNING,168,single,20_24,NEG,AVERAGE,243,0.6068173540373276,0.16025863648339211,0.37188888485596705,0.21616740000000023,0,0,191,0.7860082304526749,1.80971940388,2.2389599894,80.82857275019781,0.9959754134548947,0.9998975964563322,0.9990543666515624,0.9982857884002695,42.53393997187527
bidirectional_lstm_ts168_single,bidirectional_lstm,"BiLSTM (168 TimeSteps), Single",DEEP_LEARNING,168,single,20_24,NEG,MARGINAL,243,1.7991018586111343,0.25205263465126315,0.9250249761728394,0.4095618000000001,0,0,83,0.34156378600823045,0.9186642047600001,3.17832014352,28.904080246069125,0.9936701842450723,0.9996963923254414,0.9976478606884273,0.9969714661379012,8.849235719328506
bidirectional_lstm_ts168_single,bidirectional_lstm,"BiLSTM (168 TimeSteps), Single",DEEP_LEARNING,168,single,20_24,POS,AVERAGE,243,2.5876673894506346,0.10056888592104539,1.6510882057613168,0.8483944000000001,0,0,215,0.8847736625514403,12.851805387200002,14.7366389548,87.20988161967507,0.9974744064094417,0.9995633178439108,0.9958016382522846,0.9976117336909547,-9.089481993482943
bidirectional_lstm_ts168_single,bidirectional_lstm,"BiLSTM (168 TimeSteps), Single",DEEP_LEARNING,168,single,20_24,POS,MARGINAL,243,5.311952628306451,0.15321093486798007,2.967475540329218,1.5780709999999996,0,0,127,0.522633744855967,10.219186688000002,17.54480025,58.246241293057764,0.996152402887213,0.9991035807243895,0.9924543487426497,0.9959059337057754,-3.2193532330326575
bidirectional_lstm_ts42_ensemble,bidirectional_lstm,"BiLSTM (42 TimeSteps), Ensemble",DEEP_LEARNING,42,ensemble,00_04,NEG,AVERAGE,243,3.02721296695634,0.2190235913131494,1.8151543444444442,1.008533,0,0,140,0.5761316872427984,4.6581077432,7.5244800332,61.906041648687946,0.9944996449614065,0.9994891422712437,0.995384453393027,0.9964381658560877,62.947570699719144
bidirectional_lstm_ts42_ensemble,bidirectional_lstm,"BiLSTM (42 TimeSteps), Ensemble",DEEP_LEARNING,42,ensemble,00_04,NEG,MARGINAL,243,7.049857716345283,0.27004771098019353,3.594376687242798,1.5630609999999994,0,0,103,0.42386831275720166,3.6646587228,10.485960278399999,34.94824151059222,0.9932182726123469,0.9988103003190264,0.9908602741283337,0.9942855022558268,44.81814934650617
bidirectional_lstm_ts42_ensemble,bidirectional_lstm,"BiLSTM (42 TimeSteps), Ensemble",DEEP_LEARNING,42,ensemble,00_04,POS,AVERAGE,243,1.3886474937014854,0.26156187781860324,1.0091394144032924,0.7252643999999999,0,0,83,0.34156378600823045,1.4736022076000002,3.9527597800000005,37.2803380325834,0.9934313779445495,0.9997656586066396,0.9974339757859338,0.9968425478506961,442.3685894999655
bidirectional_lstm_ts42_ensemble,bidirectional_lstm,"BiLSTM (42 TimeSteps), Ensemble",DEEP_LEARNING,42,ensemble,00_04,POS,MARGINAL,243,3.392363368006246,0.5961182481004288,2.671637139506173,2.1281712,0,0,13,0.053497942386831275,0.37184452120000006,4.755639932399999,7.819021761227905,0.9850296400041731,0.9994275212665206,0.993206602087557,0.9924793383082645,534.682094108464
bidirectional_lstm_ts42_ensemble,bidirectional_lstm,"BiLSTM (42 TimeSteps), Ensemble",DEEP_LEARNING,42,ensemble,04_08,NEG,AVERAGE,243,1.3239806822682858,0.11779588596898886,0.799863204526749,0.47653180000000006,0,0,212,0.8724279835390947,5.4239925956,6.092240204,89.03116774743636,0.9970417835310318,0.9997765714630442,0.9979661201203108,0.9982492946230581,6.039453483455725
bidirectional_lstm_ts42_ensemble,bidirectional_lstm,"BiLSTM (42 TimeSteps), Ensemble",DEEP_LEARNING,42,ensemble,04_08,NEG,MARGINAL,243,4.777431291524398,0.20548873371721957,2.0047125613168726,0.9915504999999998,0,0,104,0.4279835390946502,3.7451201015999995,8.573920134400002,43.68037073933021,0.9948395468036149,0.9991937839440047,0.9949024476686172,0.9962972023453944,-2.047855352101692
bidirectional_lstm_ts42_ensemble,bidirectional_lstm,"BiLSTM (42 TimeSteps), Ensemble",DEEP_LEARNING,42,ensemble,04_08,POS,AVERAGE,243,4.128990662229034,0.16627636795272663,2.0468592567901234,1.1915440000000004,0,0,184,0.757201646090535,7.4602514632,10.608559304800002,70.32294630077146,0.9958242897361673,0.9993032116290507,0.9947952776982607,0.9966327599883096,100.81085764444089
bidirectional_lstm_ts42_ensemble,bidirectional_lstm,"BiLSTM (42 TimeSteps), Ensemble",DEEP_LEARNING,42,ensemble,04_08,POS,MARGINAL,243,20.737160857936974,0.26552232943561327,5.259448504115227,2.2453660000000006,0,0,130,0.5349794238683128,5.8355102028,14.250879452400001,40.94842162051436,0.9933319188411893,0.996500497648373,0.9866263550689138,0.9921647138027091,136.7935547021699
bidirectional_lstm_ts42_ensemble,bidirectional_lstm,"BiLSTM (42 TimeSteps), Ensemble",DEEP_LEARNING,42,ensemble,08_12,NEG,AVERAGE,243,4.8640251715998675,0.19384296121759623,2.758669827572016,1.0311408999999996,0,0,212,0.8724279835390947,8.183844698800002,11.115999204,73.62221378942806,0.9951320079173358,0.9991791707822013,0.9929852967041731,0.9957591569623978,42.070278461843266
bidirectional_lstm_ts42_ensemble,bidirectional_lstm,"BiLSTM (42 TimeSteps), Ensemble",DEEP_LEARNING,42,ensemble,08_12,NEG,MARGINAL,243,16.351759090432328,0.3169030403447297,5.645306388065843,2.062856,0,0,134,0.551440329218107,7.955328136,15.307239597599999,51.97101727765015,0.9920415913908855,0.9972405567096566,0.985645201563983,0.9916464413032022,83.35986711868296
bidirectional_lstm_ts42_ensemble,bidirectional_lstm,"BiLSTM (42 TimeSteps), Ensemble",DEEP_LEARNING,42,ensemble,08_12,POS,AVERAGE,243,7.388297565176306,0.15587089038767887,3.5728429222222227,1.6849260000000008,0,0,158,0.6502057613168725,11.522174931999999,17.759679465599998,64.8782820338516,0.996085603234913,0.9987531868571121,0.9909150298555148,0.9952596166150374,52.01249765063645
bidirectional_lstm_ts42_ensemble,bidirectional_lstm,"BiLSTM (42 TimeSteps), Ensemble",DEEP_LEARNING,42,ensemble,08_12,POS,MARGINAL,243,17.274671847545097,0.1804235040515829,7.17672332962963,1.5196630000000013,0,0,146,0.6008230452674898,11.081881107600001,23.3909594152,47.37677027646301,0.9954690117003335,0.9970848104440039,0.9817511380700826,0.9914753269877621,-25.952853266184402
bidirectional_lstm_ts42_ensemble,bidirectional_lstm,"BiLSTM (42 TimeSteps), Ensemble",DEEP_LEARNING,42,ensemble,12_16,NEG,AVERAGE,243,5.383989189121413,0.14904795400938928,2.889693888888889,1.1904082000000002,0,0,180,0.7407407407407407,18.990045026400004,23.0065574596,82.54187989553378,0.9962569481218329,0.9990914241849431,0.9926521307320927,0.996002735484045,-17.96047726910126
bidirectional_lstm_ts42_ensemble,bidirectional_lstm,"BiLSTM (42 TimeSteps), Ensemble",DEEP_LEARNING,42,ensemble,12_16,NEG,MARGINAL,243,28.33897484389549,0.20362048970629984,8.077157892592592,2.275373,0,0,179,0.7366255144032922,16.7686045368,30.050997300000002,55.80049264055539,0.9948864641484414,0.9952176525133645,0.9794615268837915,0.9899055270115316,-7.624523929424025
bidirectional_lstm_ts42_ensemble,bidirectional_lstm,"BiLSTM (42 TimeSteps), Ensemble",DEEP_LEARNING,42,ensemble,12_16,POS,AVERAGE,243,15.261327540825045,0.17060543163879358,3.5381754353909467,1.1943584999999999,0,0,134,0.551440329218107,6.601735792399999,12.4003592184,53.23826250617126,0.9957155736516794,0.9974245726315217,0.9910031818089319,0.9947244540069208,57.535029717949904
bidirectional_lstm_ts42_ensemble,bidirectional_lstm,"BiLSTM (42 TimeSteps), Ensemble",DEEP_LEARNING,42,ensemble,12_16,POS,MARGINAL,243,92.24553321082865,0.2634760164775847,12.890627293004115,2.219773,0,0,47,0.1934156378600823,3.6408626812000002,22.7001991136,16.038901962840978,0.9933833080441594,0.984433092716507,0.9672219107724478,0.9817964758863693,45.355045526236324
bidirectional_lstm_ts42_ensemble,bidirectional_lstm,"BiLSTM (42 TimeSteps), Ensemble",DEEP_LEARNING,42,ensemble,16_20,NEG,AVERAGE,243,1.429256402780828,0.2458124377669215,0.8805981738271604,0.38581540000000003,0,0,154,0.6337448559670782,4.90704714824,6.763039872199999,72.55682712164389,0.9938268947536015,0.9997588056447614,0.9977608284795425,0.9970826234772449,26.395562021296236
bidirectional_lstm_ts42_ensemble,bidirectional_lstm,"BiLSTM (42 TimeSteps), Ensemble",DEEP_LEARNING,42,ensemble,16_20,NEG,MARGINAL,243,4.208613060910006,0.5297105850790513,2.013851860493827,0.8140354999999997,0,0,70,0.2880658436213992,3.6547256392000005,8.514640332119999,42.92284226514165,0.9866973403724801,0.9992897749405215,0.9948792083989455,0.9935528602286674,36.242309208461165
bidirectional_lstm_ts42_ensemble,bidirectional_lstm,"BiLSTM (42 TimeSteps), Ensemble",DEEP_LEARNING,42,ensemble,16_20,POS,AVERAGE,243,19.165763454430028,0.1874485233831733,7.872591973251029,2.705279000000001,0,0,206,0.8477366255144033,17.644215957999997,26.775798113999997,65.8961345722671,0.9952925918898233,0.996765679027183,0.9799816939636925,0.990726114329529,26.24552161386285
bidirectional_lstm_ts42_ensemble,bidirectional_lstm,"BiLSTM (42 TimeSteps), Ensemble",DEEP_LEARNING,42,ensemble,16_20,POS,MARGINAL,243,35.06218896409354,0.22721696774784456,13.753035236625516,3.248148999999998,0,0,150,0.6172839506172839,15.703860591999998,35.721720065999996,43.96165851752185,0.9942938841158032,0.9940830756161071,0.9650289930901629,0.9845669032724422,-21.566616283882574
bidirectional_lstm_ts42_ensemble,bidirectional_lstm,"BiLSTM (42 TimeSteps), Ensemble",DEEP_LEARNING,42,ensemble,20_24,NEG,AVERAGE,243,0.6705151715045546,0.17237207245334396,0.388025733744856,0.21137919999999988,0,0,205,0.8436213991769548,1.83991104836,2.2389599894,82.17704010213521,0.9956712078751554,0.9998868471226338,0.9990133341198859,0.9981652704875843,39.376752480267456
bidirectional_lstm_ts42_ensemble,bidirectional_lstm,"BiLSTM (42 TimeSteps), Ensemble",DEEP_LEARNING,42,ensemble,20_24,NEG,MARGINAL,243,1.800187639475569,0.3096927799022165,0.9928773345679012,0.5505859000000002,0,0,84,0.345679012345679,1.12545723432,3.17832014352,35.410442733863576,0.9922226631745997,0.9996962090943465,0.997475326752939,0.9964223123089682,46.3292094449205
bidirectional_lstm_ts42_ensemble,bidirectional_lstm,"BiLSTM (42 TimeSteps), Ensemble",DEEP_LEARNING,42,ensemble,20_24,POS,AVERAGE,243,3.410733670690131,0.11808043200598081,2.2009369699588475,1.0298844999999996,0,0,218,0.897119341563786,12.201830744400002,14.7366389548,82.79927859958622,0.9970346377061511,0.9994244211836364,0.9944034912540927,0.9969549879245421,10.358264248187838
bidirectional_lstm_ts42_ensemble,bidirectional_lstm,"BiLSTM (42 TimeSteps), Ensemble",DEEP_LEARNING,42,ensemble,20_24,POS,MARGINAL,243,6.3665350840003105,0.2338062636609901,4.046394775308642,2.6754309999999997,0,0,99,0.4074074074074074,8.7146158088,17.54480025,49.67064705567109,0.9941284066585149,0.9989256145211581,0.9897108894718453,0.9942537045815862,64.08003350951526
bidirectional_lstm_ts42_recency,bidirectional_lstm,"BiLSTM (42 TimeSteps), Weighted Ensemble",DEEP_LEARNING,42,recency,00_04,NEG,AVERAGE,243,3.021777930837544,0.21652561680748883,1.7941706201646088,0.9450634,0,0,131,0.5390946502057613,4.5524410348,7.5244800332,60.50173586365336,0.9945623767729712,0.9994900594614902,0.9954378104850549,0.9964774051851701,52.69285703811077
bidirectional_lstm_ts42_recency,bidirectional_lstm,"BiLSTM (42 TimeSteps), Weighted Ensemble",DEEP_LEARNING,42,recency,00_04,NEG,MARGINAL,243,7.195237444881938,0.2730393207743449,3.6324480810699593,1.3959320000000002,0,0,98,0.40329218106995884,3.6404091511999996,10.485960278399999,34.71698399143156,0.9931431441026456,0.9987857667435105,0.9907634667724526,0.9942199160551675,29.333588934511933
bidirectional_lstm_ts42_recency,bidirectional_lstm,"BiLSTM (42 TimeSteps), Weighted Ensemble",DEEP_LEARNING,42,recency,00_04,POS,AVERAGE,243,1.0584933601477378,0.1624167521778068,0.6405538337448561,0.38787600000000033,0,0,128,0.5267489711934157,2.1393807959999998,3.9527597800000005,54.12372405792895,0.9959212165418477,0.9998213738115649,0.9983712095431589,0.9980167661312871,190.06216080768448
bidirectional_lstm_ts42_recency,bidirectional_lstm,"BiLSTM (42 TimeSteps), Weighted Ensemble",DEEP_LEARNING,42,recency,00_04,POS,MARGINAL,243,2.5218312848404154,0.3391470981026043,1.639909374074074,1.0625868,0,0,27,0.1111111111111111,0.5894843088,4.755639932399999,12.395478151822747,0.9914829747850956,0.9995744280245419,0.9958300636139196,0.9955876936676249,216.89406162249142
bidirectional_lstm_ts42_recency,bidirectional_lstm,"BiLSTM (42 TimeSteps), Weighted Ensemble",DEEP_LEARNING,42,recency,04_08,NEG,AVERAGE,243,1.2336052757938476,0.09262038443700077,0.6694455666666667,0.3076439000000004,0,0,231,0.9506172839506173,5.8229781112,6.092240204,95.58024497091874,0.9976740176929793,0.9997918227768403,0.9982977440881331,0.9985787230810543,-31.542048141343464
bidirectional_lstm_ts42_recency,bidirectional_lstm,"BiLSTM (42 TimeSteps), Weighted Ensemble",DEEP_LEARNING,42,recency,04_08,NEG,MARGINAL,243,4.748570917195579,0.18502102411588575,1.870406888888889,0.7599262999999996,0,0,93,0.38271604938271603,3.402309212,8.573920134400002,39.68207259535072,0.9953535538517104,0.9991986542803311,0.9952439580710629,0.9965862703855415,-24.929279084280488
bidirectional_lstm_ts42_recency,bidirectional_lstm,"BiLSTM (42 TimeSteps), Weighted Ensemble",DEEP_LEARNING,42,recency,04_08,POS,AVERAGE,243,4.008741253097145,0.16417236131294483,1.9684056362139921,1.197064000000001,0,0,163,0.6707818930041153,6.919432013600001,10.608559304800002,65.22499252532057,0.995877127804674,0.9993235043341573,0.9949947683605084,0.996723253442829,101.74114300041384
bidirectional_lstm_ts42_recency,bidirectional_lstm,"BiLSTM (42 TimeSteps), Weighted Ensemble",DEEP_LEARNING,42,recency,04_08,POS,MARGINAL,243,20.772483756475022,0.24927656616375846,5.185502816460906,1.93492,0,0,138,0.5679012345679012,6.116147980399999,14.250879452400001,42.91768799833595,0.9937398998505975,0.9964945367279101,0.9868143830285184,0.9923635094688247,104.05429888237482
bidirectional_lstm_ts42_recency,bidirectional_lstm,"BiLSTM (42 TimeSteps), Weighted Ensemble",DEEP_LEARNING,42,recency,08_12,NEG,AVERAGE,243,3.970945559340088,0.17026080618575898,2.125465097942387,0.6956199999999981,0,0,206,0.8477366255144033,8.679601368,11.115999204,78.08206179860751,0.9957242282552117,0.9993298825515078,0.9945953999718684,0.9965415808394862,-4.1576887274792576
bidirectional_lstm_ts42_recency,bidirectional_lstm,"BiLSTM (42 TimeSteps), Weighted Ensemble",DEEP_LEARNING,42,recency,08_12,NEG,MARGINAL,243,16.726220020916394,0.34167610179592534,5.91518216872428,2.4694636,0,0,132,0.5432098765432098,7.6084888196,15.307239597599999,49.705165788304015,0.9914194637353325,0.9971773645052946,0.9849589655711405,0.9911876065952367,119.50175753926811
bidirectional_lstm_ts42_recency,bidirectional_lstm,"BiLSTM (42 TimeSteps), Weighted Ensemble",DEEP_LEARNING,42,recency,08_12,POS,AVERAGE,243,7.235902118687973,0.14252302384677878,3.4061523370370366,1.3712040000000005,0,0,165,0.6790123456790124,11.791399755999999,17.759679465599998,66.39421493411302,0.9964208091574465,0.9987789043710484,0.9913388881170564,0.9955219466346065,23.708782954588674
bidirectional_lstm_ts42_recency,bidirectional_lstm,"BiLSTM (42 TimeSteps), Weighted Ensemble",DEEP_LEARNING,42,recency,08_12,POS,MARGINAL,243,16.623171370614436,0.17637517928022756,6.773637788888888,1.460281000000002,0,0,113,0.46502057613168724,9.439665317200001,23.3909594152,40.356041621216626,0.9955706775684735,0.9971947544940464,0.982776097796279,0.9918844116290884,-28.846302450212296
bidirectional_lstm_ts42_recency,bidirectional_lstm,"BiLSTM (42 TimeSteps), Weighted Ensemble",DEEP_LEARNING,42,recency,12_16,NEG,AVERAGE,243,5.34514216056415,0.1568904417283489,2.9500886913580247,1.3718335999999995,0,0,176,0.7242798353909465,18.6520395464,23.0065574596,81.07270972266657,0.9960599991695238,0.9990979798204384,0.9924985597553498,0.9958872577776483,-5.457158468657567
bidirectional_lstm_ts42_recency,bidirectional_lstm,"BiLSTM (42 TimeSteps), Weighted Ensemble",DEEP_LEARNING,42,recency,12_16,NEG,MARGINAL,243,27.77161870139801,0.19786656655577303,7.71903883292181,2.325035000000007,0,0,139,0.5720164609053497,14.427194704,30.050997300000002,48.00903796959843,0.9950309628300807,0.9953133967750057,0.9803721465320958,0.9902867566535711,-5.608348606688998
bidirectional_lstm_ts42_recency,bidirectional_lstm,"BiLSTM (42 TimeSteps), Weighted Ensemble",DEEP_LEARNING,42,recency,12_16,POS,AVERAGE,243,15.192203918918484,0.11475929017026393,2.9871890987654317,0.5630955000000002,0,0,195,0.8024691358024691,8.8820257264,12.4003592184,71.62716474552285,0.997118041777468,0.9974362375975734,0.9924042214088337,0.9956674856764536,-25.728107325778733
bidirectional_lstm_ts42_recency,bidirectional_lstm,"BiLSTM (42 TimeSteps), Weighted Ensemble",DEEP_LEARNING,42,recency,12_16,POS,MARGINAL,243,92.273136696936,0.23273945081814873,12.605155969958847,1.919231,0,0,55,0.22633744855967078,3.5442226112,22.7001991136,15.61317851646776,0.9941551976053722,0.9844284344865204,0.9679478028711017,0.9822969255138418,25.674971891433973
bidirectional_lstm_ts42_recency,bidirectional_lstm,"BiLSTM (42 TimeSteps), Weighted Ensemble",DEEP_LEARNING,42,recency,16_20,NEG,AVERAGE,243,1.5926262085263223,0.2183095425911854,1.016098797201646,0.4799294999999999,0,0,162,0.6666666666666666,4.5065439528799995,6.763039872199999,66.6348866491901,0.9945175769177867,0.9997312361513622,0.997416279574171,0.9971946563414735,57.22793564772084
bidirectional_lstm_ts42_recency,bidirectional_lstm,"BiLSTM (42 TimeSteps), Weighted Ensemble",DEEP_LEARNING,42,recency,16_20,NEG,MARGINAL,243,4.1853469717931615,0.5438877711097276,2.221474504320988,0.9876084,0,0,61,0.25102880658436216,2.8734068631600005,8.514640332119999,33.74666164489148,0.9863413076905695,0.9992937012124994,0.994351268726939,0.9932588846948084,65.29260580118884
bidirectional_lstm_ts42_recency,bidirectional_lstm,"BiLSTM (42 TimeSteps), Weighted Ensemble",DEEP_LEARNING,42,recency,16_20,POS,AVERAGE,243,17.639443664209388,0.18046139307957876,7.256635333333333,2.130786999999998,0,0,172,0.7078189300411523,16.875651484000002,26.775798113999997,63.02576458094967,0.9954680601904765,0.9970232533273393,0.9815479390536024,0.9913876339504728,-0.5639284291795258
bidirectional_lstm_ts42_recency,bidirectional_lstm,"BiLSTM (42 TimeSteps), Weighted Ensemble",DEEP_LEARNING,42,recency,16_20,POS,MARGINAL,243,33.189227521014026,0.24897757673563134,13.51421214197531,4.4427769999999995,0,0,113,0.46502057613168724,13.334472797999998,35.721720065999996,37.3287534121062,0.9937474083933879,0.9943991474747123,0.965636268789639,0.9846858062209878,7.280187333198452
bidirectional_lstm_ts42_recency,bidirectional_lstm,"BiLSTM (42 TimeSteps), Weighted Ensemble",DEEP_LEARNING,42,recency,20_24,NEG,AVERAGE,243,0.6142556297516779,0.1408983722455879,0.34617452181069963,0.1828310000000002,0,0,219,0.9012345679012346,1.94193962604,2.2389599894,86.73400307436509,0.9964616091487488,0.9998963412091201,0.9991197527392345,0.9984722581135317,20.55297320038973
bidirectional_lstm_ts42_recency,bidirectional_lstm,"BiLSTM (42 TimeSteps), Weighted Ensemble",DEEP_LEARNING,42,recency,20_24,NEG,MARGINAL,243,1.7927814659828378,0.30761019153992797,0.9914782081234569,0.5275816999999998,0,0,80,0.3292181069958848,1.018312927784,3.17832014352,32.03934411264861,0.992274963364379,0.999697458924144,0.9974788844301874,0.9964416808508183,40.215383428102975
bidirectional_lstm_ts42_recency,bidirectional_lstm,"BiLSTM (42 TimeSteps), Weighted Ensemble",DEEP_LEARNING,42,recency,20_24,POS,AVERAGE,243,2.620794653212965,0.10187285135206521,1.7219803316872428,0.8557649999999999,0,0,230,0.9465020576131687,13.0629787656,14.7366389548,88.6428635842038,0.9974416598327571,0.9995577274480879,0.9956213748425752,0.9975392680990562,-8.299678260668566
bidirectional_lstm_ts42_recency,bidirectional_lstm,"BiLSTM (42 TimeSteps), Weighted Ensemble",DEEP_LEARNING,42,recency,20_24,POS,MARGINAL,243,5.734393240867755,0.19884894154881225,3.366796822222222,1.9899695000000008,0,0,91,0.37448559670781895,8.4845537792,17.54480025,48.3593637904199,0.9950062923769558,0.9990322917023673,0.9914389607160754,0.9951576527062511,22.04174289784094
bidirectional_lstm_ts42_single,bidirectional_lstm,"BiLSTM (42 TimeSteps), Single",DEEP_LEARNING,42,single,00_04,NEG,AVERAGE,243,2.7168798121220497,0.16287543703235416,1.4532732666666668,0.6096437999999997,0,0,164,0.6748971193415638,5.315312727599999,7.5244800332,70.64026622633632,0.9959096975564465,0.9995415125842567,0.996304639043232,0.9972385272062632,-1.500519861873228
bidirectional_lstm_ts42_single,bidirectional_lstm,"BiLSTM (42 TimeSteps), Single",DEEP_LEARNING,42,single,00_04,NEG,MARGINAL,243,7.173788116851449,0.29893378185701097,3.85190599218107,1.9133291999999997,0,0,107,0.4403292181069959,3.801106298,10.485960278399999,36.249482136890116,0.9924928546583269,0.9987893864277285,0.9902054325644513,0.9938158608512506,77.2706208104682
bidirectional_lstm_ts42_single,bidirectional_lstm,"BiLSTM (42 TimeSteps), Single",DEEP_LEARNING,42,single,00_04,POS,AVERAGE,243,1.089059861751312,0.14106923424172638,0.6282638234567902,0.3428477000000001,0,0,168,0.691358024691358,2.4907813704,3.9527597800000005,63.01372987558581,0.9964573182792779,0.9998162155575023,0.998402460392685,0.9982076512785163,156.3890126997925
bidirectional_lstm_ts42_single,bidirectional_lstm,"BiLSTM (42 TimeSteps), Single",DEEP_LEARNING,42,single,00_04,POS,MARGINAL,243,2.2801135166848465,0.21514201814491896,1.1810510465020576,0.5983210000000003,0,0,99,0.4074074074074074,1.690430196,4.755639932399999,35.54579867334281,0.994597123184668,0.999615219138807,0.9969968415264362,0.9970450019023175,78.43659627997523
bidirectional_lstm_ts42_single,bidirectional_lstm,"BiLSTM (42 TimeSteps), Single",DEEP_LEARNING,42,single,04_08,NEG,AVERAGE,243,1.3930447772982,0.1167626587822811,0.7896610823045268,0.40159639999999985,0,0,219,0.9012345679012346,5.731239528000001,6.092240204,94.07441821215491,0.997067731038916,0.9997649165424586,0.9979920619201091,0.9982628314458788,-10.635422910027708
bidirectional_lstm_ts42_single,bidirectional_lstm,"BiLSTM (42 TimeSteps), Single",DEEP_LEARNING,42,single,04_08,NEG,MARGINAL,243,4.864172424049828,0.2007511120024012,2.060520518930041,0.8939969999999997,0,0,112,0.4609053497942387,3.7020608948,8.573920134400002,43.178159310660156,0.9949585230349597,0.9991791459325944,0.9947605400505726,0.9962859942063316,-11.68485774674398
bidirectional_lstm_ts42_single,bidirectional_lstm,"BiLSTM (42 TimeSteps), Single",DEEP_LEARNING,42,single,04_08,POS,AVERAGE,243,4.538580488037006,0.18538963271796238,2.4067110065843624,1.2995719999999995,0,0,212,0.8724279835390947,7.7826934992,10.608559304800002,73.36239799949654,0.9953442969576491,0.9992340912432641,0.993880252192105,0.9961447942992725,119.01681170875867
bidirectional_lstm_ts42_single,bidirectional_lstm,"BiLSTM (42 TimeSteps), Single",DEEP_LEARNING,42,single,04_08,POS,MARGINAL,243,20.569654509958898,0.21938320863679853,4.70035629835391,1.8882320000000004,0,0,92,0.3786008230452675,4.468203480000001,14.250879452400001,31.35387886006928,0.9944906138659604,0.9965287652045094,0.9880480061484403,0.9930371432609,99.13063945138015
bidirectional_lstm_ts42_single,bidirectional_lstm,"BiLSTM (42 TimeSteps), Single",DEEP_LEARNING,42,single,08_12,NEG,AVERAGE,243,3.2046873033339764,0.1786610475112624,1.8238507020576131,0.766884000000001,0,0,177,0.7283950617283951,8.4524105088,11.115999204,76.03824319957194,0.995513272396881,0.9994591925658929,0.9953623404283651,0.9967656185030447,5.6610434402634935
bidirectional_lstm_ts42_single,bidirectional_lstm,"BiLSTM (42 TimeSteps), Single",DEEP_LEARNING,42,single,08_12,NEG,MARGINAL,243,16.326751216815833,0.34984987835323744,5.428874651440329,1.8335816999999999,0,0,117,0.48148148148148145,7.6058425612,15.307239597599999,49.687878161863416,0.991214195102845,0.9972447769167104,0.9861955408619499,0.9915481312019253,62.980497360576194
bidirectional_lstm_ts42_single,bidirectional_lstm,"BiLSTM (42 TimeSteps), Single",DEEP_LEARNING,42,single,08_12,POS,AVERAGE,243,7.269026284816692,0.15881262885418984,3.536216150617284,1.5511049999999997,0,0,158,0.6502057613168725,11.8106857628,17.759679465599998,66.50280927466606,0.9960117271474127,0.9987733144979671,0.9910081638481821,0.9952718750843496,39.93928823484847
bidirectional_lstm_ts42_single,bidirectional_lstm,"BiLSTM (42 TimeSteps), Single",DEEP_LEARNING,42,single,08_12,POS,MARGINAL,243,16.42812620129535,0.1889413284338397,6.909416277777778,1.8156660000000002,0,0,98,0.40329218106995884,8.2942325436,23.3909594152,35.459137850541566,0.9952551029703292,0.9972276693676582,0.9824308423387422,0.991674043873024,-11.529801856332663
bidirectional_lstm_ts42_single,bidirectional_lstm,"BiLSTM (42 TimeSteps), Single",DEEP_LEARNING,42,single,12_16,NEG,AVERAGE,243,6.125675741340247,0.1338289287867338,3.61014997037037,1.2876072,0,0,221,0.9094650205761317,19.4047761316,23.0065574596,84.34454466156093,0.996639144585529,0.998966260771714,0.9908201660660947,0.9954868300155568,-11.261800655549195
bidirectional_lstm_ts42_single,bidirectional_lstm,"BiLSTM (42 TimeSteps), Single",DEEP_LEARNING,42,single,12_16,NEG,MARGINAL,243,27.886766251002474,0.2113449234666673,7.892311750205761,2.5127489999999995,0,0,141,0.5802469135802469,14.007419830399998,30.050997300000002,46.612162952741656,0.9946924798935974,0.9952939650348854,0.979931550817523,0.9900198633951179,2.0124547143978813
bidirectional_lstm_ts42_single,bidirectional_lstm,"BiLSTM (42 TimeSteps), Single",DEEP_LEARNING,42,single,12_16,POS,AVERAGE,243,15.15661437223671,0.1226212814888345,3.0535654185185184,0.6297189999999997,0,0,221,0.9094650205761317,9.426203025200001,12.4003592184,76.01556422021336,0.9969206030298736,0.9974422435162793,0.9922354407217492,0.9955466408287066,-16.94051544912381
bidirectional_lstm_ts42_single,bidirectional_lstm,"BiLSTM (42 TimeSteps), Single",DEEP_LEARNING,42,single,12_16,POS,MARGINAL,243,92.40362352854744,0.20183231814713312,12.31948951728395,1.2703285000000006,0,0,143,0.588477366255144,6.4374480488,22.7001991136,28.35855322935576,0.9949313706280876,0.9844064141638152,0.968674191142383,0.9827932657645952,-16.816423593414463
bidirectional_lstm_ts42_single,bidirectional_lstm,"BiLSTM (42 TimeSteps), Single",DEEP_LEARNING,42,single,16_20,NEG,AVERAGE,243,1.5822487515581312,0.23481419242169757,0.923164761728395,0.33826220000000007,0,0,172,0.7078189300411523,5.65929854928,6.763039872199999,83.67980458821464,0.9941030944718036,0.9997329874004995,0.9976525908131649,0.9971322929309225,10.81683333418033
bidirectional_lstm_ts42_single,bidirectional_lstm,"BiLSTM (42 TimeSteps), Single",DEEP_LEARNING,42,single,16_20,NEG,MARGINAL,243,3.893987136163868,0.4590795877229269,1.859261264403292,0.6205169999999995,0,0,79,0.32510288065843623,3.52943504564,8.514640332119999,41.45136973461839,0.9884711016365495,0.9993428696804946,0.9952722989939351,0.9943031802189888,3.8537864541616007
bidirectional_lstm_ts42_single,bidirectional_lstm,"BiLSTM (42 TimeSteps), Single",DEEP_LEARNING,42,single,16_20,POS,AVERAGE,243,18.46231476388326,0.19163880852070186,7.832208868312758,2.7481299999999997,0,0,192,0.7901234567901234,17.231367542,26.775798113999997,64.35426301257628,0.995187360960903,0.996884389604956,0.9800843795031055,0.9907633965323672,28.245221772950135
bidirectional_lstm_ts42_single,bidirectional_lstm,"BiLSTM (42 TimeSteps), Single",DEEP_LEARNING,42,single,16_20,POS,MARGINAL,243,34.809617586343045,0.25369939919732504,13.902317041152264,3.8920959999999987,0,0,88,0.36213991769547327,11.288153472,35.721720065999996,31.60025175479746,0.9936288289298114,0.9941256983327097,0.9646494016088792,0.9842295848168603,-6.017162689283693
bidirectional_lstm_ts42_single,bidirectional_lstm,"BiLSTM (42 TimeSteps), Single",DEEP_LEARNING,42,single,20_24,NEG,AVERAGE,243,0.5737068617528142,0.17877420790390575,0.3840573782716049,0.2702152,0,0,173,0.7119341563786008,1.7934230975999998,2.2389599894,80.10072114243562,0.9955104305918859,0.9999031840218822,0.9990234247932746,0.9981193273102429,78.17134820647436
bidirectional_lstm_ts42_single,bidirectional_lstm,"BiLSTM (42 TimeSteps), Single",DEEP_LEARNING,42,single,20_24,NEG,MARGINAL,243,1.7869017071934603,0.3027686725404681,1.0323522767407407,0.6324169999999998,0,1,99,0.4074074074074074,1.026786699888,3.17832014352,32.30595577293955,0.9923965487756284,0.9996984511636241,0.9973749504758671,0.9964490491247457,68.07746011935326
bidirectional_lstm_ts42_single,bidirectional_lstm,"BiLSTM (42 TimeSteps), Single",DEEP_LEARNING,42,single,20_24,POS,AVERAGE,243,2.945118377914935,0.166170947503853,2.0498837423868315,1.5352625999999994,0,0,134,0.551440329218107,9.950733343600001,14.7366389548,67.52376423226994,0.9958269371674037,0.9995029961545875,0.994787587082707,0.9966970511052246,64.5125406792314
bidirectional_lstm_ts42_single,bidirectional_lstm,"BiLSTM (42 TimeSteps), Single",DEEP_LEARNING,42,single,20_24,POS,MARGINAL,243,5.134470344347236,0.17502834967148165,2.928629844444444,1.4860319999999998,0,0,113,0.46502057613168724,8.1921040868,17.54480025,46.69248991193274,0.9956045005963043,0.9991335317709354,0.9925531249819185,0.9957621269311853,-8.863962346174517
lstm_features_1_3_ts168_ensemble,lstm_features_1_3,"LSTM with Features 1&3 (168 TimeSteps), Ensemble",DEEP_LEARNING,168,ensemble,00_04,NEG,AVERAGE,243,3.4557506846557904,0.14958603350870553,1.5840106802469134,0.5846220000000013,0,0,229,0.9423868312757202,6.070383489199999,7.5244800332,80.67512256549104,0.9962434352930665,0.9994168243314291,0.9959722019546166,0.9972011466740377,-5.543264645171322
lstm_features_1_3_ts168_ensemble,lstm_features_1_3,"LSTM with Features 1&3 (168 TimeSteps), Ensemble",DEEP_LEARNING,168,ensemble,00_04,NEG,MARGINAL,243,6.8102528900760815,0.2088172205731266,3.0885781160493826,1.0198459999999994,0,0,161,0.6625514403292181,5.5907278632,10.485960278399999,53.31631738789174,0.994755958276283,0.9988507348635012,0.9921464109718636,0.9952460839396067,-5.510910746006139
lstm_features_1_3_ts168_ensemble,lstm_features_1_3,"LSTM with Features 1&3 (168 TimeSteps), Ensemble",DEEP_LEARNING,168,ensemble,00_04,POS,AVERAGE,243,1.4371149078879086,0.24962325282723172,1.040135670781893,0.7526696000000004,0,0,83,0.34156378600823045,1.3533069443999999,3.9527597800000005,34.23701463588561,0.9937311934837408,0.9997574794816819,0.9973551589809635,0.9969157764771449,462.86279777623645
lstm_features_1_3_ts168_ensemble,lstm_features_1_3,"LSTM with Features 1&3 (168 TimeSteps), Ensemble",DEEP_LEARNING,168,ensemble,00_04,POS,MARGINAL,243,2.769713587993207,0.47193306099008225,2.046318076131687,1.6017609,0,0,17,0.06995884773662552,0.4361649884,4.755639932399999,9.171530952720454,0.9881483114474902,0.9995325966133495,0.9947966538041326,0.9940990785299157,377.691344696826
lstm_features_1_3_ts168_ensemble,lstm_features_1_3,"LSTM with Features 1&3 (168 TimeSteps), Ensemble",DEEP_LEARNING,168,ensemble,04_08,NEG,AVERAGE,243,2.1705676939635485,0.11896378659678103,0.9841682259259259,0.338873,0,0,229,0.9423868312757202,5.5240736016000005,6.092240204,90.67392973069319,0.9970124539594357,0.9996337055587586,0.9974974721407213,0.9980375229870366,-24.592844128557452
lstm_features_1_3_ts168_ensemble,lstm_features_1_3,"LSTM with Features 1&3 (168 TimeSteps), Ensemble",DEEP_LEARNING,168,ensemble,04_08,NEG,MARGINAL,243,5.418981821778309,0.18663598785045005,2.1433311699588473,0.7946739999999997,0,0,99,0.4074074074074074,3.022563906,8.573920134400002,35.25299814577195,0.9953129971524923,0.9990855189985431,0.9945499703981642,0.9963061305327607,-21.49666346199823
lstm_features_1_3_ts168_ensemble,lstm_features_1_3,"LSTM with Features 1&3 (168 TimeSteps), Ensemble",DEEP_LEARNING,168,ensemble,04_08,POS,AVERAGE,243,4.024805510495252,0.15710077699012276,1.9825955485596714,1.0992175,0,0,189,0.7777777777777778,7.671435273599999,10.608559304800002,72.31363895122823,0.9960547170051234,0.9993207934082534,0.9949586864691911,0.9967708321412987,85.25107668099383
lstm_features_1_3_ts168_ensemble,lstm_features_1_3,"LSTM with Features 1&3 (168 TimeSteps), Ensemble",DEEP_LEARNING,168,ensemble,04_08,POS,MARGINAL,243,20.63356451661364,0.269779470432371,5.298772125925924,2.341381,0,0,146,0.6008230452674898,6.4264431344,14.250879452400001,45.09506347215448,0.9932250089563175,0.9965179800627962,0.9865263635669362,0.9921011364429597,146.91917927951218
lstm_features_1_3_ts168_ensemble,lstm_features_1_3,"LSTM with Features 1&3 (168 TimeSteps), Ensemble",DEEP_LEARNING,168,ensemble,08_12,NEG,AVERAGE,243,4.430439418360518,0.21108562270184433,2.296066106008231,1.0919910000000002,0,0,185,0.7613168724279835,8.30457505296,11.115999204,74.70830917270729,0.9946989917321613,0.999252340603928,0.9941615983470454,0.9960242570427561,50.454186666271085
lstm_features_1_3_ts168_ensemble,lstm_features_1_3,"LSTM with Features 1&3 (168 TimeSteps), Ensemble",DEEP_LEARNING,168,ensemble,08_12,NEG,MARGINAL,243,16.48252388665924,0.32626241421560676,5.4105255683127575,1.539162000000001,0,0,81,0.3333333333333333,5.356740718399999,15.307239597599999,34.99481852521519,0.9918065487686726,0.9972184894789956,0.986242198628894,0.9917562536569522,36.81058677587116
lstm_features_1_3_ts168_ensemble,lstm_features_1_3,"LSTM with Features 1&3 (168 TimeSteps), Ensemble",DEEP_LEARNING,168,ensemble,08_12,POS,AVERAGE,243,7.847689175396161,0.14016771826400354,3.5511122872427987,1.2329599999999985,0,0,225,0.9259259259259259,13.7545622964,17.759679465599998,77.44825757155247,0.9964799581141958,0.9986756621645424,0.9909702861806056,0.9953863487127255,11.236534484795412
lstm_features_1_3_ts168_ensemble,lstm_features_1_3,"LSTM with Features 1&3 (168 TimeSteps), Ensemble",DEEP_LEARNING,168,ensemble,08_12,POS,MARGINAL,243,17.238058457661104,0.20818361828704354,7.5835538555555555,2.2133839999999996,0,0,125,0.51440329218107,9.49004441,23.3909594152,40.57142010102049,0.9947718699755929,0.9970909891415063,0.9807166556530378,0.9908989585739012,7.849417815844394
lstm_features_1_3_ts168_ensemble,lstm_features_1_3,"LSTM with Features 1&3 (168 TimeSteps), Ensemble",DEEP_LEARNING,168,ensemble,12_16,NEG,AVERAGE,243,8.556382764745695,0.21074754840456167,4.648756063621399,2.305100000000003,0,0,208,0.8559670781893004,16.255316275760002,23.0065574596,70.65514388367177,0.9947074818160528,0.9985560664831711,0.9881792144333268,0.9938231865199023,58.86088809451656
lstm_features_1_3_ts168_ensemble,lstm_features_1_3,"LSTM with Features 1&3 (168 TimeSteps), Ensemble",DEEP_LEARNING,168,ensemble,12_16,NEG,MARGINAL,243,27.823511049592312,0.2486041958699467,8.49562871893004,2.872814300000001,0,0,122,0.5020576131687243,9.199398067599999,30.050997300000002,30.61262152387867,0.9937567851336448,0.995304639674852,0.9783974456895226,0.989198995115683,16.630367251812576
lstm_features_1_3_ts168_ensemble,lstm_features_1_3,"LSTM with Features 1&3 (168 TimeSteps), Ensemble",DEEP_LEARNING,168,ensemble,12_16,POS,AVERAGE,243,15.449244387430841,0.10372459226316343,2.911015865843622,0.5962740000000011,0,0,222,0.9135802469135802,9.254300217199999,12.4003592184,74.62929141172144,0.9973951569314511,0.9973928606989619,0.9925979135363547,0.9958113088543479,-21.35188696690228
lstm_features_1_3_ts168_ensemble,lstm_features_1_3,"LSTM with Features 1&3 (168 TimeSteps), Ensemble",DEEP_LEARNING,168,ensemble,12_16,POS,MARGINAL,243,93.09206263704024,0.20428927233277355,12.843427165432098,1.5393014000000003,0,0,125,0.51440329218107,6.2549341996,22.7001991136,27.554534514424518,0.9948696689627392,0.9842902365300674,0.9673419305323819,0.9822943025779396,0.796444084867846
lstm_features_1_3_ts168_ensemble,lstm_features_1_3,"LSTM with Features 1&3 (168 TimeSteps), Ensemble",DEEP_LEARNING,168,ensemble,16_20,NEG,AVERAGE,243,2.4043382678635705,0.41846983711950325,1.6080520278600825,0.8429228000000002,0,0,146,0.6008230452674898,5.28736062328,6.763039872199999,78.18023733697189,0.989490937194027,0.999594255574322,0.9959110699849067,0.9949436760805148,176.1468335545048
lstm_features_1_3_ts168_ensemble,lstm_features_1_3,"LSTM with Features 1&3 (168 TimeSteps), Ensemble",DEEP_LEARNING,168,ensemble,16_20,NEG,MARGINAL,243,4.211861014409446,0.6265304354925026,2.119776378395062,1.2360960000000016,0,0,65,0.2674897119341564,3.8714019877599997,8.514640332119999,45.46759271975128,0.9842658965774778,0.9992892268316947,0.9946098651606194,0.9926371051938061,106.88111690871258
lstm_features_1_3_ts168_ensemble,lstm_features_1_3,"LSTM with Features 1&3 (168 TimeSteps), Ensemble",DEEP_LEARNING,168,ensemble,16_20,POS,AVERAGE,243,18.424247978965198,0.17137301307825728,7.289939302469136,2.2760759999999998,0,0,233,0.9588477366255144,19.54833184,26.775798113999997,73.0074665067741,0.9956962973243543,0.9968908135703316,0.9814632542320532,0.9913935834650675,6.216180236047513
lstm_features_1_3_ts168_ensemble,lstm_features_1_3,"LSTM with Features 1&3 (168 TimeSteps), Ensemble",DEEP_LEARNING,168,ensemble,16_20,POS,MARGINAL,243,36.20404624772314,0.24360384309176547,14.536934427983542,3.915529000000003,0,0,169,0.6954732510288066,16.939478502000004,35.721720065999996,47.42066863158427,0.993882359348885,0.9938903813376252,0.9630357062581338,0.9837056110852216,-5.451323658925137
lstm_features_1_3_ts168_ensemble,lstm_features_1_3,"LSTM with Features 1&3 (168 TimeSteps), Ensemble",DEEP_LEARNING,168,ensemble,20_24,NEG,AVERAGE,243,1.0240902672785421,0.2665008038205572,0.6207534686419753,0.3694060000000001,0,0,142,0.5843621399176955,1.6948851572,2.2389599894,75.69966257656074,0.9933073463443132,0.9998271795100993,0.9984215576076346,0.9971465810059187,143.57462147044612
lstm_features_1_3_ts168_ensemble,lstm_features_1_3,"LSTM with Features 1&3 (168 TimeSteps), Ensemble",DEEP_LEARNING,168,ensemble,20_24,NEG,MARGINAL,243,2.1106656871441145,0.4531261090834204,1.3283709331687243,0.8740839999999999,0,0,27,0.1111111111111111,0.4478963084,3.17832014352,14.092233890068526,0.9886206117693879,0.9996438143299239,0.9966222387797744,0.9948988055277923,132.30529642777597
lstm_features_1_3_ts168_ensemble,lstm_features_1_3,"LSTM with Features 1&3 (168 TimeSteps), Ensemble",DEEP_LEARNING,168,ensemble,20_24,POS,AVERAGE,243,4.373611949275987,0.14689623476097355,2.9217084699588476,1.2092589999999994,0,0,223,0.9176954732510288,11.7328416132,14.7366389548,79.61680848113872,0.9963109844004762,0.999261930531067,0.992570724546727,0.996050510871834,29.57931133685317
lstm_features_1_3_ts168_ensemble,lstm_features_1_3,"LSTM with Features 1&3 (168 TimeSteps), Ensemble",DEEP_LEARNING,168,ensemble,20_24,POS,MARGINAL,243,8.624317509392805,0.226065011321158,5.216708247736626,2.4844790000000003,0,0,139,0.5720164609053497,9.259063018400001,17.54480025,52.77382977557695,0.9943228132795421,0.9985446021462602,0.9867350343368302,0.9932120365544642,52.36924352513186
lstm_features_1_3_ts168_recency,lstm_features_1_3,"LSTM with Features 1&3 (168 TimeSteps), Weighted Ensemble",DEEP_LEARNING,168,recency,00_04,NEG,AVERAGE,243,3.891734747665404,0.1444500019268845,1.6012338028806585,0.4803579,0,0,193,0.7942386831275721,5.7735367832,7.5244800332,76.7300432418669,0.9963724168197599,0.9993432497826167,0.9959284072627342,0.9972062685436842,-22.389100930342757
lstm_features_1_3_ts168_recency,lstm_features_1_3,"LSTM with Features 1&3 (168 TimeSteps), Weighted Ensemble",DEEP_LEARNING,168,recency,00_04,NEG,MARGINAL,243,7.496959953186264,0.2109776795635542,3.1886793032921807,0.8144073000000001,0,0,84,0.345679012345679,3.2132417207999997,10.485960278399999,30.64327572763124,0.9947017025158765,0.9987348495213033,0.9918918752093558,0.9951053980165157,-24.544878286717594
lstm_features_1_3_ts168_recency,lstm_features_1_3,"LSTM with Features 1&3 (168 TimeSteps), Weighted Ensemble",DEEP_LEARNING,168,recency,00_04,POS,AVERAGE,243,1.0187580867293218,0.10736724515113552,0.4981391683127572,0.23164339999999983,0,0,174,0.7160493827160493,2.5789883472,3.9527597800000005,65.24525877461747,0.997303678730194,0.9998280793429404,0.9987333393685538,0.9986085189430589,73.22800364250088
lstm_features_1_3_ts168_recency,lstm_features_1_3,"LSTM with Features 1&3 (168 TimeSteps), Weighted Ensemble",DEEP_LEARNING,168,recency,00_04,POS,MARGINAL,243,2.289895740202371,0.2981099411814597,1.3900581987654321,0.8937955,0,0,34,0.13991769547325103,0.7593409644000001,4.755639932399999,15.967166883822262,0.9925135438278525,0.9996135683383701,0.9964653813476283,0.9961606582978495,166.5556228017377
lstm_features_1_3_ts168_recency,lstm_features_1_3,"LSTM with Features 1&3 (168 TimeSteps), Weighted Ensemble",DEEP_LEARNING,168,recency,04_08,NEG,AVERAGE,243,2.084204562782428,0.10756143051362144,0.907626587654321,0.3025935000000004,0,0,234,0.9629629629629629,5.5913328508,6.092240204,91.77794478833715,0.9972988021393638,0.9996482797805015,0.9976921010437112,0.9982039183993741,-32.665880078420585
lstm_features_1_3_ts168_recency,lstm_features_1_3,"LSTM with Features 1&3 (168 TimeSteps), Weighted Ensemble",DEEP_LEARNING,168,recency,04_08,NEG,MARGINAL,243,5.413707181126252,0.176530271890333,2.059405197530864,0.689635,0,0,89,0.3662551440329218,2.7310173808,8.573920134400002,31.85261045111327,0.9955667827167165,0.9990864091212313,0.9947633760727078,0.9964631352376836,-31.873134778053803
lstm_features_1_3_ts168_recency,lstm_features_1_3,"LSTM with Features 1&3 (168 TimeSteps), Weighted Ensemble",DEEP_LEARNING,168,recency,04_08,POS,AVERAGE,243,4.0059695909788875,0.15377121309249503,1.9496226662551437,1.0947300000000002,0,0,185,0.7613168724279835,7.587740278799999,10.608559304800002,71.52470058179165,0.9961383325802805,0.9993239720663684,0.9950425294082273,0.996827978563912,84.49479850437646
lstm_features_1_3_ts168_recency,lstm_features_1_3,"LSTM with Features 1&3 (168 TimeSteps), Weighted Ensemble",DEEP_LEARNING,168,recency,04_08,POS,MARGINAL,243,20.595889799301965,0.26090788775481355,5.213158835390947,2.2330840000000016,0,0,136,0.5596707818930041,5.9449806004,14.250879452400001,41.71658752891073,0.993447801643572,0.9965243378647506,0.9867440597280643,0.9922508237644434,135.49830998979257
lstm_features_1_3_ts168_recency,lstm_features_1_3,"LSTM with Features 1&3 (168 TimeSteps), Weighted Ensemble",DEEP_LEARNING,168,recency,08_12,NEG,AVERAGE,243,3.840845365693801,0.1662079593009141,1.878804966872428,0.6863703000000001,0,0,205,0.8436213991769548,8.6520983646,11.115999204,77.83464361428359,0.9958260076875096,0.9993518376270715,0.9952226035672651,0.9967904082078844,-5.432109570148026
lstm_features_1_3_ts168_recency,lstm_features_1_3,"LSTM with Features 1&3 (168 TimeSteps), Weighted Ensemble",DEEP_LEARNING,168,recency,08_12,NEG,MARGINAL,243,15.7296079728375,0.3080780978479687,5.428331997530864,1.5575220000000023,0,0,75,0.30864197530864196,4.0695820152,15.307239597599999,26.585995399445267,0.99226321279996,0.9973455479046425,0.986196920713982,0.9919385069961326,38.44254128956443
lstm_features_1_3_ts168_recency,lstm_features_1_3,"LSTM with Features 1&3 (168 TimeSteps), Weighted Ensemble",DEEP_LEARNING,168,recency,08_12,POS,AVERAGE,243,7.012995613874798,0.12452336784681499,3.0924227983539097,1.208539,0,0,204,0.8395061728395061,13.961390560400002,17.759679465599998,78.61285214883986,0.9968728357997765,0.9988165209880545,0.9921366347727102,0.9959513055729764,9.03329398335739
lstm_features_1_3_ts168_recency,lstm_features_1_3,"LSTM with Features 1&3 (168 TimeSteps), Weighted Ensemble",DEEP_LEARNING,168,recency,08_12,POS,MARGINAL,243,16.269337880104196,0.22328579349872274,7.391766836213993,2.7289199999999987,0,0,93,0.38271604938271603,8.2421199692,23.3909594152,35.23634846651085,0.9943926079745397,0.9972544657120191,0.981204328742157,0.9909848888812216,32.969441030573094
lstm_features_1_3_ts168_recency,lstm_features_1_3,"LSTM with Features 1&3 (168 TimeSteps), Weighted Ensemble",DEEP_LEARNING,168,recency,12_16,NEG,AVERAGE,243,8.769941126300552,0.15793118894454922,4.107610379423868,1.2252860000000005,0,0,195,0.8024691358024691,16.652054911599997,23.0065574596,72.37960281907172,0.9960338628106038,0.9985200274133297,0.989555231373275,0.9947163487551849,-15.556799214881064
lstm_features_1_3_ts168_recency,lstm_features_1_3,"LSTM with Features 1&3 (168 TimeSteps), Weighted Ensemble",DEEP_LEARNING,168,recency,12_16,NEG,MARGINAL,243,29.676513711385557,0.2534420758451259,9.830194538683129,3.0339105,0,0,84,0.345679012345679,5.8310728008,30.050997300000002,19.403924410854746,0.9936352911094714,0.9949919359630498,0.9750039322067731,0.9879346354732619,23.170542496996845
lstm_features_1_3_ts168_recency,lstm_features_1_3,"LSTM with Features 1&3 (168 TimeSteps), Weighted Ensemble",DEEP_LEARNING,168,recency,12_16,POS,AVERAGE,243,15.309537188124224,0.10525243902474916,2.8745759411522633,0.4996489999999998,0,0,232,0.9547325102880658,9.9655979696,12.4003592184,80.3653974379449,0.9973567880069764,0.9974164370060496,0.992690572417558,0.9958366210321625,-34.09665518054761
lstm_features_1_3_ts168_recency,lstm_features_1_3,"LSTM with Features 1&3 (168 TimeSteps), Weighted Ensemble",DEEP_LEARNING,168,recency,12_16,POS,MARGINAL,243,92.81440337459559,0.1874296662931157,12.360282381069958,1.2882750000000005,0,0,121,0.49794238683127573,6.3955691884000005,22.7001991136,28.174066475779625,0.9952930654492682,0.984337092956004,0.9685704636744613,0.9828591359408048,-15.641251931926291
lstm_features_1_3_ts168_recency,lstm_features_1_3,"LSTM with Features 1&3 (168 TimeSteps), Weighted Ensemble",DEEP_LEARNING,168,recency,16_20,NEG,AVERAGE,243,1.602663055063873,0.22112392986700208,0.9653134280246913,0.45921199999999995,0,0,191,0.7860082304526749,5.982237993840001,6.763039872199999,88.45486803102337,0.994446899009803,0.9997295423819835,0.9975454158314297,0.9972126818737594,50.44075178679617
lstm_features_1_3_ts168_recency,lstm_features_1_3,"LSTM with Features 1&3 (168 TimeSteps), Weighted Ensemble",DEEP_LEARNING,168,recency,16_20,NEG,MARGINAL,243,3.8586177097357783,0.40570791566020836,1.558598457366255,0.7180862,0,0,62,0.2551440329218107,3.3076240268,8.514640332119999,38.846315261521546,0.989811428236019,0.9993488384527778,0.9960368197649153,0.9950131528120852,20.18360636449998
lstm_features_1_3_ts168_recency,lstm_features_1_3,"LSTM with Features 1&3 (168 TimeSteps), Weighted Ensemble",DEEP_LEARNING,168,recency,16_20,POS,AVERAGE,243,16.452619257943763,0.15938000187882057,6.6037866938271605,1.8018019999999986,0,0,190,0.7818930041152263,18.523601081600003,26.775798113999997,69.1803882100334,0.9959974786682599,0.9972235360386105,0.9832079925538252,0.9921815471827122,-15.916460618331396
lstm_features_1_3_ts168_recency,lstm_features_1_3,"LSTM with Features 1&3 (168 TimeSteps), Weighted Ensemble",DEEP_LEARNING,168,recency,16_20,POS,MARGINAL,243,33.99585033645714,0.23919697424546219,13.348435535390946,3.482764000000003,0,0,109,0.448559670781893,12.9468032416,35.721720065999996,36.24350456159247,0.9939930293599001,0.9942630257337056,0.9660578030004227,0.9848635034646285,-15.901344056359356
lstm_features_1_3_ts168_recency,lstm_features_1_3,"LSTM with Features 1&3 (168 TimeSteps), Weighted Ensemble",DEEP_LEARNING,168,recency,20_24,NEG,AVERAGE,243,0.8541298824440637,0.15627424705505247,0.4252878449794238,0.1828839000000002,0,0,196,0.8065843621399177,1.9215526206400002,2.2389599894,85.82344614183754,0.9960754737102147,0.9998558611975533,0.9989185845953599,0.9982612281731345,20.58785378564225
lstm_features_1_3_ts168_recency,lstm_features_1_3,"LSTM with Features 1&3 (168 TimeSteps), Weighted Ensemble",DEEP_LEARNING,168,recency,20_24,NEG,MARGINAL,243,1.871541748060819,0.28885125799045075,1.0111071654320989,0.5142803,0,0,49,0.20164609053497942,0.62451604448,3.17832014352,19.649249171870597,0.9927460577978549,0.9996841677222174,0.99742897221882,0.996580995831813,36.680270475681496
lstm_features_1_3_ts168_recency,lstm_features_1_3,"LSTM with Features 1&3 (168 TimeSteps), Weighted Ensemble",DEEP_LEARNING,168,recency,20_24,POS,AVERAGE,243,2.6464686564984286,0.1008984602314649,1.77042310781893,0.9878983999999997,0,0,226,0.9300411522633745,12.934140411599998,14.7366389548,87.76859127289065,0.9974661297863252,0.9995533948282328,0.9954981952949564,0.9975055088680032,5.8592033160630885
lstm_features_1_3_ts168_recency,lstm_features_1_3,"LSTM with Features 1&3 (168 TimeSteps), Weighted Ensemble",DEEP_LEARNING,168,recency,20_24,POS,MARGINAL,243,7.360796604760292,0.195426920102179,4.3618005209876545,2.417677000000001,0,0,134,0.551440329218107,9.7865708368,17.54480025,55.78046314206399,0.9950922298451222,0.998757827785362,0.9889088805827697,0.9942613719088251,48.27238047820502
lstm_features_1_3_ts168_single,lstm_features_1_3,"LSTM with Features 1&3 (168 TimeSteps), Single",DEEP_LEARNING,168,single,00_04,NEG,AVERAGE,243,4.031848269986898,0.3573456688888222,2.8285583607407405,1.8684051,0,0,241,0.9917695473251029,4.771528802560001,7.5244800332,63.41340240796375,0.9910259527815797,0.9993196049064343,0.9928075852147229,0.994350796685719,201.8761628305329
lstm_features_1_3_ts168_single,lstm_features_1_3,"LSTM with Features 1&3 (168 TimeSteps), Single",DEEP_LEARNING,168,single,00_04,NEG,MARGINAL,243,6.86449779271701,0.24548775770994288,3.080108456378601,1.0173447999999996,0,0,76,0.31275720164609055,3.3160669611999998,10.485960278399999,31.623874906628792,0.993835048466983,0.9988415807577073,0.992167947492477,0.9949370608013351,-5.742647802426488
lstm_features_1_3_ts168_single,lstm_features_1_3,"LSTM with Features 1&3 (168 TimeSteps), Single",DEEP_LEARNING,168,single,00_04,POS,AVERAGE,243,1.1374375573461346,0.12914390722615457,0.6031879502057613,0.2928105000000003,0,0,150,0.6172839506172839,2.2987776788,3.9527597800000005,58.15627072586737,0.9967567998654564,0.9998080515730177,0.9984662229383081,0.9983278225429928,118.97009956062894
lstm_features_1_3_ts168_single,lstm_features_1_3,"LSTM with Features 1&3 (168 TimeSteps), Single",DEEP_LEARNING,168,single,00_04,POS,MARGINAL,243,2.3319704677259714,0.19444568861576872,1.060319910288066,0.5933937,0,0,80,0.3292181069958848,1.5143542155999998,4.755639932399999,31.843332067315703,0.9951168715812838,0.9996064680121045,0.997303834806547,0.9973201362677917,76.96713316427251
lstm_features_1_3_ts168_single,lstm_features_1_3,"LSTM with Features 1&3 (168 TimeSteps), Single",DEEP_LEARNING,168,single,04_08,NEG,AVERAGE,243,2.294221716927579,0.23899777841822373,1.4673634156378599,1.0038431,0,0,149,0.6131687242798354,4.399945632400001,6.092240204,72.22212987451012,0.9939980317788881,0.9996128383075897,0.996268810828692,0.9966002750197951,123.37853152116605
lstm_features_1_3_ts168_single,lstm_features_1_3,"LSTM with Features 1&3 (168 TimeSteps), Single",DEEP_LEARNING,168,single,04_08,NEG,MARGINAL,243,5.026261836800316,0.16888194033846143,1.9633925090534976,0.6445210000000001,0,0,95,0.39094650205761317,2.8164958180000004,8.573920134400002,32.84956908683752,0.9957588558113816,0.9991517925120862,0.9950075156633076,0.9966305826737497,-36.32980446219523
lstm_features_1_3_ts168_single,lstm_features_1_3,"LSTM with Features 1&3 (168 TimeSteps), Single",DEEP_LEARNING,168,single,04_08,POS,AVERAGE,243,4.009428114697498,0.14389971808327565,1.8921304580246914,1.0076070000000001,0,0,207,0.8518518518518519,8.164989877600002,10.608559304800002,76.96605771818261,0.9963862361370932,0.9993233884227362,0.9951887197128908,0.9969603159713687,69.81196316589408
lstm_features_1_3_ts168_single,lstm_features_1_3,"LSTM with Features 1&3 (168 TimeSteps), Single",DEEP_LEARNING,168,single,04_08,POS,MARGINAL,243,20.551799863927446,0.24934328596310984,5.131024511522633,2.149230000000001,0,0,141,0.5802469135802469,5.967913427199999,14.250879452400001,41.877509715338576,0.9937382243115274,0.9965317782676862,0.9869529096261497,0.9924209432708853,126.65516961267996
lstm_features_1_3_ts168_single,lstm_features_1_3,"LSTM with Features 1&3 (168 TimeSteps), Single",DEEP_LEARNING,168,single,08_12,NEG,AVERAGE,243,5.104648111348403,0.36588993159014055,2.852497801646091,1.521483,0,0,128,0.5267489711934157,7.467058516400001,11.115999204,67.17397491098274,0.9908113801041869,0.9991385644258503,0.9927467123718258,0.9941980105786566,109.62946333033705
lstm_features_1_3_ts168_single,lstm_features_1_3,"LSTM with Features 1&3 (168 TimeSteps), Single",DEEP_LEARNING,168,single,08_12,NEG,MARGINAL,243,15.771319834833504,0.24072447171653646,4.956180220987655,1.3192750000000002,0,0,151,0.6213991769547325,6.8680297247999995,15.307239597599999,44.86785276345206,0.9939546692071828,0.9973385088137975,0.9873975010045067,0.9929074707704826,17.26562042769853
lstm_features_1_3_ts168_single,lstm_features_1_3,"LSTM with Features 1&3 (168 TimeSteps), Single",DEEP_LEARNING,168,single,08_12,POS,AVERAGE,243,6.864432821366414,0.13749498172247485,3.2228962646090533,1.3420989999999993,0,0,166,0.6831275720164609,12.0584006608,17.759679465599998,67.89762554080316,0.9965470787372067,0.9988415917219563,0.9918048688453018,0.9957393387578456,21.08295621553784
lstm_features_1_3_ts168_single,lstm_features_1_3,"LSTM with Features 1&3 (168 TimeSteps), Single",DEEP_LEARNING,168,single,08_12,POS,MARGINAL,243,15.63446672944568,0.21979330375115327,7.273824696296295,2.549720999999998,0,0,84,0.345679012345679,7.134867642000001,23.3909594152,30.502672059546192,0.9944803151181634,0.9973616034778845,0.9815042302052929,0.9911490322556241,24.237784967647926
lstm_features_1_3_ts168_single,lstm_features_1_3,"LSTM with Features 1&3 (168 TimeSteps), Single",DEEP_LEARNING,168,single,12_16,NEG,AVERAGE,243,11.24584557932757,0.3568802816532067,6.8926724386008225,3.5975839999999977,0,0,224,0.9218106995884774,14.83166110528,23.0065574596,64.46710304801016,0.9910376400843537,0.9981022058265113,0.9824734183160069,0.9905427535957113,147.93518252337086
lstm_features_1_3_ts168_single,lstm_features_1_3,"LSTM with Features 1&3 (168 TimeSteps), Single",DEEP_LEARNING,168,single,12_16,NEG,MARGINAL,243,28.539214933823164,0.23370879623678378,8.278656727572015,2.0252920000000003,0,0,67,0.2757201646090535,6.365634763599999,30.050997300000002,21.18277373643103,0.9941308543648767,0.9951838609702313,0.9789491587389312,0.9894683869880818,-17.777299510045616
lstm_features_1_3_ts168_single,lstm_features_1_3,"LSTM with Features 1&3 (168 TimeSteps), Single",DEEP_LEARNING,168,single,12_16,POS,AVERAGE,243,15.207681913902933,0.12508314903339457,3.1782341366255142,0.7020680000000006,0,0,183,0.7530864197530864,7.847275419600001,12.4003592184,63.28264594106269,0.9968587779749931,0.9974336256064614,0.9919184350188371,0.9954181645178463,-7.397734228021354
lstm_features_1_3_ts168_single,lstm_features_1_3,"LSTM with Features 1&3 (168 TimeSteps), Single",DEEP_LEARNING,168,single,12_16,POS,MARGINAL,243,92.09112798662161,0.2111301053925407,12.15336937695473,1.6751806999999994,0,0,206,0.8477366255144033,9.205720493599998,22.7001991136,40.55347905774415,0.9946978746351836,0.9844591493907507,0.9690965988855004,0.9828706743071254,9.694084446099827
lstm_features_1_3_ts168_single,lstm_features_1_3,"LSTM with Features 1&3 (168 TimeSteps), Single",DEEP_LEARNING,168,single,16_20,NEG,AVERAGE,243,3.2150312513908927,0.7054932585099023,2.2350775672016456,1.2957539999999987,0,0,124,0.5102880658436214,4.606167674,6.763039872199999,68.10794792049076,0.9822828975825231,0.9994574469715564,0.994316679067434,0.9919216467709248,324.49719495733586
lstm_features_1_3_ts168_single,lstm_features_1_3,"LSTM with Features 1&3 (168 TimeSteps), Single",DEEP_LEARNING,168,single,16_20,NEG,MARGINAL,243,3.767228374178608,0.3715911884172644,1.495227262510288,0.5932312000000001,0,0,52,0.2139917695473251,2.50375589936,8.514640332119999,29.405304295884545,0.9906682040356758,0.9993642608723118,0.996197959066536,0.9953627219519496,-0.7129436216153884
lstm_features_1_3_ts168_single,lstm_features_1_3,"LSTM with Features 1&3 (168 TimeSteps), Single",DEEP_LEARNING,168,single,16_20,POS,AVERAGE,243,17.59262780488012,0.14591659093488218,6.490706855967079,1.8080789999999993,0,0,211,0.8683127572016461,19.266144982000004,26.775798113999997,71.95357875038093,0.9963355862656113,0.9970311537439362,0.9834955302299185,0.99232790504168,-15.623535881485285
lstm_features_1_3_ts168_single,lstm_features_1_3,"LSTM with Features 1&3 (168 TimeSteps), Single",DEEP_LEARNING,168,single,16_20,POS,MARGINAL,243,32.576534549860156,0.222043092435166,12.784598609053498,3.945978,0,0,123,0.5061728395061729,13.875111092,35.721720065999996,38.84222558814115,0.9944238160148033,0.9945025425589318,0.9674915188826054,0.9855621377207404,-4.716068564170603
lstm_features_1_3_ts168_single,lstm_features_1_3,"LSTM with Features 1&3 (168 TimeSteps), Single",DEEP_LEARNING,168,single,20_24,NEG,AVERAGE,243,1.2764766552746463,0.4950285669626839,0.9863905233333332,0.8232822000000004,0,0,86,0.35390946502057613,1.08641846968,2.2389599894,48.52335346872993,0.9875683123620782,0.9997845880114673,0.9974918213169829,0.9948744412814952,442.84621860055375
lstm_features_1_3_ts168_single,lstm_features_1_3,"LSTM with Features 1&3 (168 TimeSteps), Single",DEEP_LEARNING,168,single,20_24,NEG,MARGINAL,243,1.6443406108100342,0.20496374714263513,0.8077481225925924,0.3270535999999997,0,0,153,0.6296296296296297,1.48214253012,3.17832014352,46.63288980318145,0.9948527308288305,0.9997225090804943,0.9979460704716754,0.9974805597340184,-13.078967815711964
lstm_features_1_3_ts168_single,lstm_features_1_3,"LSTM with Features 1&3 (168 TimeSteps), Single",DEEP_LEARNING,168,single,20_24,POS,AVERAGE,243,2.1300266416873326,0.08698546257646701,1.352472989711934,0.7215559999999996,0,0,217,0.8930041152263375,13.219998152799999,14.7366389548,89.70836697124888,0.9978155278867527,0.9996405470694528,0.9965609524403292,0.998003774319724,-22.68097275192955
lstm_features_1_3_ts168_single,lstm_features_1_3,"LSTM with Features 1&3 (168 TimeSteps), Single",DEEP_LEARNING,168,single,20_24,POS,MARGINAL,243,5.152396085225996,0.15471259597466205,2.8215451271604937,1.432618999999999,0,0,100,0.411522633744856,8.5283586716,17.54480025,48.609038290988806,0.9961146915649537,0.9991305067101381,0.9928254183574274,0.9960244504043809,-12.13969879007603
lstm_features_1_3_ts42_ensemble,lstm_features_1_3,"LSTM with Features 1&3 (42 TimeSteps), Ensemble",DEEP_LEARNING,42,ensemble,00_04,NEG,AVERAGE,243,3.882978633356057,0.24917466516980938,2.269117104526749,1.2332495999999997,0,0,229,0.9423868312757202,5.4480399543999996,7.5244800332,72.40420507944474,0.9937424588975118,0.999344727421857,0.994230123854383,0.9957521369463134,99.25478530340636
lstm_features_1_3_ts42_ensemble,lstm_features_1_3,"LSTM with Features 1&3 (42 TimeSteps), Ensemble",DEEP_LEARNING,42,ensemble,00_04,NEG,MARGINAL,243,7.967423463977065,0.3155801510040737,4.204209789711934,1.8493339999999998,0,0,212,0.8724279835390947,5.5918588612,10.485960278399999,53.32710321932704,0.9920748132050599,0.9986554563886731,0.9893095998754603,0.9933339050568846,71.34144310655293
lstm_features_1_3_ts42_ensemble,lstm_features_1_3,"LSTM with Features 1&3 (42 TimeSteps), Ensemble",DEEP_LEARNING,42,ensemble,00_04,POS,AVERAGE,243,1.897419260060776,0.39647870005034,1.5503119279835391,1.3105137000000004,0,0,45,0.18518518518518517,0.8343205875999999,3.9527597800000005,21.1072929810068,0.9900432021845587,0.9996798007592219,0.9960578906246431,0.9952081268994255,880.0308232271998
lstm_features_1_3_ts42_ensemble,lstm_features_1_3,"LSTM with Features 1&3 (42 TimeSteps), Ensemble",DEEP_LEARNING,42,ensemble,00_04,POS,MARGINAL,243,3.5227448332642584,0.5352117348329478,2.5372559456790125,1.9164040999999998,0,0,26,0.10699588477366255,0.5544927328,4.755639932399999,11.659687038588885,0.9865591896071425,0.9994055187249284,0.9935483045246573,0.9931048861387918,471.52703097666483
lstm_features_1_3_ts42_ensemble,lstm_features_1_3,"LSTM with Features 1&3 (42 TimeSteps), Ensemble",DEEP_LEARNING,42,ensemble,04_08,NEG,AVERAGE,243,3.0839636758822655,0.20078002560417627,1.4949521144032922,0.7343196999999999,0,0,167,0.6872427983539094,4.4903941324000005,6.092240204,73.70678079061507,0.9949577969256203,0.9994795652977755,0.9961986587089192,0.9968594648769202,63.40328110345447
lstm_features_1_3_ts42_ensemble,lstm_features_1_3,"LSTM with Features 1&3 (42 TimeSteps), Ensemble",DEEP_LEARNING,42,ensemble,04_08,NEG,MARGINAL,243,7.084089791095857,0.3038917044982498,3.148577199588477,1.3463076999999997,0,0,62,0.2551440329218107,2.1621750976000005,8.573920134400002,25.218045697964836,0.992368345994136,0.9988045234806775,0.9919938462231425,0.994368699640267,32.997488853043066
lstm_features_1_3_ts42_ensemble,lstm_features_1_3,"LSTM with Features 1&3 (42 TimeSteps), Ensemble",DEEP_LEARNING,42,ensemble,04_08,POS,AVERAGE,243,4.23897238954223,0.176656903299551,2.218223586419753,1.3287245000000008,0,0,188,0.7736625514403292,7.406643858399999,10.608559304800002,69.81762221990645,0.9955636026131233,0.9992846516479613,0.9943595351110812,0.9963942065189461,123.9298812449905
lstm_features_1_3_ts42_ensemble,lstm_features_1_3,"LSTM with Features 1&3 (42 TimeSteps), Ensemble",DEEP_LEARNING,42,ensemble,04_08,POS,MARGINAL,243,20.682365792334718,0.25787290714652633,5.067642121399176,2.2036540000000002,0,0,108,0.4444444444444444,5.302611074800001,14.250879452400001,37.20900939841284,0.9935240193276158,0.9965097445969908,0.9871140773949245,0.9923940278287214,132.39465815090074
lstm_features_1_3_ts42_ensemble,lstm_features_1_3,"LSTM with Features 1&3 (42 TimeSteps), Ensemble",DEEP_LEARNING,42,ensemble,08_12,NEG,AVERAGE,243,5.426460898919722,0.32831978801595973,2.979366008230453,1.550924000000002,0,0,146,0.6008230452674898,7.5385790916,11.115999204,67.81737703694064,0.9917548817939819,0.9990842568658808,0.9924241138433726,0.9943944221440074,113.68583532391759
lstm_features_1_3_ts42_ensemble,lstm_features_1_3,"LSTM with Features 1&3 (42 TimeSteps), Ensemble",DEEP_LEARNING,42,ensemble,08_12,NEG,MARGINAL,243,18.011800830201636,0.4825903249028736,6.478084895473252,2.46331,0,0,78,0.32098765432098764,5.538838824799999,15.307239597599999,36.184439326790354,0.9878806748202716,0.9969604161440353,0.9835276251573327,0.9894404830683439,118.95478611794661
lstm_features_1_3_ts42_ensemble,lstm_features_1_3,"LSTM with Features 1&3 (42 TimeSteps), Ensemble",DEEP_LEARNING,42,ensemble,08_12,POS,AVERAGE,243,8.240361562644352,0.16265333854649458,3.9229902526748974,1.5223519999999997,0,0,191,0.7860082304526749,12.297114626,17.759679465599998,69.24175996430097,0.9959152751315308,0.9986093966833607,0.9900246805979115,0.9948604390475403,37.34521861698469
lstm_features_1_3_ts42_ensemble,lstm_features_1_3,"LSTM with Features 1&3 (42 TimeSteps), Ensemble",DEEP_LEARNING,42,ensemble,08_12,POS,MARGINAL,243,17.61983027015436,0.19614865404420057,7.5282981740740755,2.091308999999999,0,0,126,0.5185185185185185,9.6460716244,23.3909594152,41.23846077955979,0.9950741048892637,0.997026563188274,0.9808571589518115,0.9910268239685778,1.9011875585238054
lstm_features_1_3_ts42_ensemble,lstm_features_1_3,"LSTM with Features 1&3 (42 TimeSteps), Ensemble",DEEP_LEARNING,42,ensemble,12_16,NEG,AVERAGE,243,9.63951965088398,0.29668370314331327,5.860144313868312,3.2286815000000004,0,0,211,0.8683127572016461,15.87827001732,23.0065574596,69.01627957682315,0.9925493610452231,0.9983732815732144,0.9850989149837142,0.9920126076191623,122.5114790960632
lstm_features_1_3_ts42_ensemble,lstm_features_1_3,"LSTM with Features 1&3 (42 TimeSteps), Ensemble",DEEP_LEARNING,42,ensemble,12_16,NEG,MARGINAL,243,31.07187084879055,0.35854636044345434,11.714520892222223,4.0984812,0,0,152,0.6255144032921811,8.73855690756,30.050997300000002,29.079091187299795,0.9909957997291039,0.9947564622828695,0.9702124960767677,0.9853783281665757,66.38992904297692
lstm_features_1_3_ts42_ensemble,lstm_features_1_3,"LSTM with Features 1&3 (42 TimeSteps), Ensemble",DEEP_LEARNING,42,ensemble,12_16,POS,AVERAGE,243,15.532748350794757,0.164187910221156,3.612247779835392,1.170318,0,0,149,0.6131687242798354,6.8624910316,12.4003592184,55.341066421827875,0.9958767373238353,0.997378768976466,0.9908148317883855,0.9947019789425051,54.36410500653842
lstm_features_1_3_ts42_ensemble,lstm_features_1_3,"LSTM with Features 1&3 (42 TimeSteps), Ensemble",DEEP_LEARNING,42,ensemble,12_16,POS,MARGINAL,243,92.59860895018252,0.24833254356687468,13.051950053086419,1.9532550000000004,0,0,55,0.22633744855967078,3.8994356675999997,22.7001991136,17.1779800172052,0.993763607157268,0.9843735093729319,0.9668117017341892,0.9817707460988212,27.90292946591782
lstm_features_1_3_ts42_ensemble,lstm_features_1_3,"LSTM with Features 1&3 (42 TimeSteps), Ensemble",DEEP_LEARNING,42,ensemble,16_20,NEG,AVERAGE,243,3.1901723778903595,0.8644819649571471,2.3824531493415635,1.5478636999999997,0,0,107,0.4403292181069959,4.65159392816,6.763039872199999,68.77963188241337,0.9782902028808083,0.9994616420340757,0.9939419346991777,0.9904418493014484,407.0899251140909
lstm_features_1_3_ts42_ensemble,lstm_features_1_3,"LSTM with Features 1&3 (42 TimeSteps), Ensemble",DEEP_LEARNING,42,ensemble,16_20,NEG,MARGINAL,243,5.294507453026359,1.0452514210755892,3.2467432264197527,2.0615571,0,0,75,0.30864197530864196,4.0453031483999995,8.514640332119999,47.50997095132483,0.9737505266622621,0.999106524687275,0.9917442311568271,0.9880559284937228,245.03568931465347
lstm_features_1_3_ts42_ensemble,lstm_features_1_3,"LSTM with Features 1&3 (42 TimeSteps), Ensemble",DEEP_LEARNING,42,ensemble,16_20,POS,AVERAGE,243,19.564272712664778,0.19828980572067076,8.166141894650206,3.1669997000000008,0,0,210,0.8641975308641975,17.482595404399998,26.775798113999997,65.29252771464186,0.9950203339948068,0.996698428544058,0.9792352597291394,0.9903650306883895,47.792345661001
lstm_features_1_3_ts42_ensemble,lstm_features_1_3,"LSTM with Features 1&3 (42 TimeSteps), Ensemble",DEEP_LEARNING,42,ensemble,16_20,POS,MARGINAL,243,35.50786969126917,0.24490432500945022,14.418796316872427,3.514732000000002,0,0,149,0.6131687242798354,15.490934150000001,35.721720065999996,43.36558855894597,0.9938497002539187,0.9940078647054376,0.9633361060338125,0.983832408430285,-15.129409514367358
lstm_features_1_3_ts42_ensemble,lstm_features_1_3,"LSTM with Features 1&3 (42 TimeSteps), Ensemble",DEEP_LEARNING,42,ensemble,20_24,NEG,AVERAGE,243,1.6079846622782514,0.5357573126902062,1.1327135783950621,0.8071074000000005,0,0,77,0.3168724279835391,1.10609725704,2.2389599894,49.402278838239255,0.9865454884715793,0.999728644333447,0.9971197532984262,0.9943854372988551,432.18106755438737
lstm_features_1_3_ts42_ensemble,lstm_features_1_3,"LSTM with Features 1&3 (42 TimeSteps), Ensemble",DEEP_LEARNING,42,ensemble,20_24,NEG,MARGINAL,243,2.686420738456984,0.6785056748432174,1.857590340946502,1.3160999999999998,0,0,31,0.12757201646090535,0.44969694228000007,3.17832014352,14.148887524651913,0.9829606386921019,0.9995466527093032,0.9952765477924548,0.9924982733208949,249.77988457470448
lstm_features_1_3_ts42_ensemble,lstm_features_1_3,"LSTM with Features 1&3 (42 TimeSteps), Ensemble",DEEP_LEARNING,42,ensemble,20_24,POS,AVERAGE,243,4.396434198503807,0.15651516022028997,2.96391377654321,1.2997499999999995,0,0,200,0.823045267489712,11.202918328400001,14.7366389548,76.02085090610841,0.996069423640748,0.9992580791593489,0.9924634055409367,0.9959316939889487,39.27596148556672
lstm_features_1_3_ts42_ensemble,lstm_features_1_3,"LSTM with Features 1&3 (42 TimeSteps), Ensemble",DEEP_LEARNING,42,ensemble,20_24,POS,MARGINAL,243,7.291744160096521,0.27480564656907164,4.94991613744856,3.2445950000000003,0,0,107,0.4403292181069959,8.6508300332,17.54480025,49.307087626717205,0.9930987862372368,0.9987694807398886,0.987413429219985,0.9930939476074189,98.98597882913286
lstm_features_1_3_ts42_recency,lstm_features_1_3,"LSTM with Features 1&3 (42 TimeSteps), Weighted Ensemble",DEEP_LEARNING,42,recency,00_04,NEG,AVERAGE,243,4.269965807335157,0.2495475775559379,2.3330042637860084,1.1255069,0,0,219,0.9012345679012346,5.2413660448,7.5244800332,69.65751814974197,0.9937330939222153,0.9992794213496001,0.9940676725663972,0.9956737929258324,81.84691543139564
lstm_features_1_3_ts42_recency,lstm_features_1_3,"LSTM with Features 1&3 (42 TimeSteps), Weighted Ensemble",DEEP_LEARNING,42,recency,00_04,NEG,MARGINAL,243,8.13273439492704,0.2954569377612124,4.151981717695473,1.5262417999999993,0,0,197,0.8106995884773662,5.368288441200001,10.485960278399999,51.19501026775891,0.9925801688915841,0.9986275593204307,0.9894424046153558,0.9935403455219483,41.40683756506009
lstm_features_1_3_ts42_recency,lstm_features_1_3,"LSTM with Features 1&3 (42 TimeSteps), Weighted Ensemble",DEEP_LEARNING,42,recency,00_04,POS,AVERAGE,243,1.330448652487038,0.2276192085270007,0.9172128057613168,0.6254485000000001,0,0,100,0.411522633744856,1.6351308228,3.9527597800000005,41.366814929492115,0.994283782614485,0.9997754799598656,0.9976677253554438,0.9972127438429771,367.72407517847176
lstm_features_1_3_ts42_recency,lstm_features_1_3,"LSTM with Features 1&3 (42 TimeSteps), Weighted Ensemble",DEEP_LEARNING,42,recency,00_04,POS,MARGINAL,243,3.034166540040899,0.3752134850410389,1.9017055872427984,1.1800282000000002,0,0,52,0.2139917695473251,0.8011755004000001,4.755639932399999,16.84684946271102,0.9905772370427304,0.9994879688200886,0.9951643722212798,0.9950315331381799,251.9184777441972
lstm_features_1_3_ts42_recency,lstm_features_1_3,"LSTM with Features 1&3 (42 TimeSteps), Weighted Ensemble",DEEP_LEARNING,42,recency,04_08,NEG,AVERAGE,243,3.6896962331249665,0.19830506384879815,1.5789607555555556,0.6579103000000002,0,0,170,0.6995884773662552,4.4304311756,6.092240204,72.72252943492113,0.9950199508163491,0.9993773448191358,0.9959850428256124,0.9967763712003257,46.40040528908335
lstm_features_1_3_ts42_recency,lstm_features_1_3,"LSTM with Features 1&3 (42 TimeSteps), Weighted Ensemble",DEEP_LEARNING,42,recency,04_08,NEG,MARGINAL,243,7.475436453743746,0.2928414278556897,3.1015047580246913,1.302836,0,0,63,0.25925925925925924,2.2418337979999996,8.573920134400002,26.14712713505912,0.9926458523780116,0.9987384817223278,0.9921135413050547,0.9944807574075603,28.70305680294577
lstm_features_1_3_ts42_recency,lstm_features_1_3,"LSTM with Features 1&3 (42 TimeSteps), Weighted Ensemble",DEEP_LEARNING,42,recency,04_08,POS,AVERAGE,243,4.358558480470832,0.18867401833512218,2.317773369958848,1.4895359999999993,0,0,174,0.7160493827160493,6.891913131199999,10.608559304800002,64.9655898900584,0.9952618159478651,0.9992644708812067,0.994106401449448,0.9962014052913901,151.03143623086487
lstm_features_1_3_ts42_recency,lstm_features_1_3,"LSTM with Features 1&3 (42 TimeSteps), Weighted Ensemble",DEEP_LEARNING,42,recency,04_08,POS,MARGINAL,243,20.736866755151087,0.28419068677063,5.27733561728395,2.248203,0,0,101,0.4156378600823045,5.1582843428,14.250879452400001,36.19625272973093,0.9928630990546344,0.9965005472797279,0.9865808719920905,0.9919903220382759,137.09274125558255
lstm_features_1_3_ts42_recency,lstm_features_1_3,"LSTM with Features 1&3 (42 TimeSteps), Weighted Ensemble",DEEP_LEARNING,42,recency,08_12,NEG,AVERAGE,243,5.634919199331535,0.3540428388858258,3.1180761469135807,1.6460270000000001,0,0,139,0.5720164609053497,7.145204118800001,11.115999204,64.27855910810841,0.9911088969865381,0.9990490784575391,0.9920714038317356,0.9940467841308838,126.78909763516566
lstm_features_1_3_ts42_recency,lstm_features_1_3,"LSTM with Features 1&3 (42 TimeSteps), Weighted Ensemble",DEEP_LEARNING,42,recency,08_12,NEG,MARGINAL,243,18.210018211731338,0.4914675896931456,6.5574180757201646,2.591286,0,0,70,0.2880658436213992,5.149936257200001,15.307239597599999,33.643794652612954,0.9876577394377161,0.9969269659433281,0.9833258979642543,0.9892870764983257,130.33011350598562
lstm_features_1_3_ts42_recency,lstm_features_1_3,"LSTM with Features 1&3 (42 TimeSteps), Weighted Ensemble",DEEP_LEARNING,42,recency,08_12,POS,AVERAGE,243,7.771382616329521,0.1867076100265784,4.061130486831275,2.0136340000000015,0,0,139,0.5720164609053497,10.0448386016,17.759679465599998,56.55979670723546,0.9953111984996852,0.9986885392881143,0.9896734197307581,0.9945652539661209,81.66823569358046
lstm_features_1_3_ts42_recency,lstm_features_1_3,"LSTM with Features 1&3 (42 TimeSteps), Weighted Ensemble",DEEP_LEARNING,42,recency,08_12,POS,MARGINAL,243,17.084300286486148,0.20492163409903175,7.382024783950618,2.0979850000000013,0,0,106,0.43621399176954734,8.7725965808,23.3909594152,37.50421872434766,0.9948537884166921,0.9971169366222292,0.9812291006831254,0.9911044803724424,2.2264825427374935
lstm_features_1_3_ts42_recency,lstm_features_1_3,"LSTM with Features 1&3 (42 TimeSteps), Weighted Ensemble",DEEP_LEARNING,42,recency,12_16,NEG,AVERAGE,243,12.627416466123622,0.3108628455202972,7.047399658024692,3.0274755,0,0,190,0.7818930041152263,12.7053105484,23.0065574596,55.22473568986056,0.9921932792334485,0.9978690586468948,0.9820799803173023,0.9907288977975575,108.64493801327055
lstm_features_1_3_ts42_recency,lstm_features_1_3,"LSTM with Features 1&3 (42 TimeSteps), Weighted Ensemble",DEEP_LEARNING,42,recency,12_16,NEG,MARGINAL,243,30.807680470877767,0.3534643236005747,11.64302868489712,4.109185000000004,0,0,151,0.6213991769547325,8.424047145880003,30.050997300000002,28.032504418347543,0.991123425282075,0.9948010457653972,0.9703942853642487,0.9854964238686886,66.82448136506413
lstm_features_1_3_ts42_recency,lstm_features_1_3,"LSTM with Features 1&3 (42 TimeSteps), Weighted Ensemble",DEEP_LEARNING,42,recency,12_16,POS,AVERAGE,243,15.413333126403769,0.15685968583486068,3.52802626872428,0.7925056000000001,0,0,170,0.6995884773662552,7.6442581888,12.4003592184,61.6454576368823,0.9960607715444662,0.9973989209086153,0.9910289889541564,0.9948418725798333,4.530920362388477
lstm_features_1_3_ts42_recency,lstm_features_1_3,"LSTM with Features 1&3 (42 TimeSteps), Weighted Ensemble",DEEP_LEARNING,42,recency,12_16,POS,MARGINAL,243,92.46662861924628,0.2633857769787013,13.20286185802469,1.606992,0,0,77,0.3168724279835391,4.5735409424,22.7001991136,20.147580730514072,0.9933855742351181,0.9843957817313151,0.9664279655128772,0.9815229318305236,5.228955987976051
lstm_features_1_3_ts42_recency,lstm_features_1_3,"LSTM with Features 1&3 (42 TimeSteps), Weighted Ensemble",DEEP_LEARNING,42,recency,16_20,NEG,AVERAGE,243,2.8854652690933733,0.7845311922898895,2.1507358630452678,1.4830881299999998,0,0,109,0.448559670781893,4.8314707627999995,6.763039872199999,71.43933577354964,0.9802980123256414,0.999513062922938,0.9945311418582358,0.9913359117685054,385.8690392308426
lstm_features_1_3_ts42_recency,lstm_features_1_3,"LSTM with Features 1&3 (42 TimeSteps), Weighted Ensemble",DEEP_LEARNING,42,recency,16_20,NEG,MARGINAL,243,5.171972223573586,0.9543444041357738,3.0590038111934152,1.9434500000000003,0,0,76,0.31275720164609055,4.110879843400001,8.514640332119999,48.280134956404694,0.9760334810493698,0.9991272031362954,0.9922216120603272,0.9889964925716712,225.26851203809167
lstm_features_1_3_ts42_recency,lstm_features_1_3,"LSTM with Features 1&3 (42 TimeSteps), Weighted Ensemble",DEEP_LEARNING,42,recency,16_20,POS,AVERAGE,243,17.19253204069678,0.18341510655565535,6.9814657654321,2.650213000000001,0,0,173,0.7119341563786008,17.031544816,26.775798113999997,63.607981892778334,0.9953938833737086,0.9970986719580847,0.9822476360073936,0.9916182019756687,23.675791876860135
lstm_features_1_3_ts42_recency,lstm_features_1_3,"LSTM with Features 1&3 (42 TimeSteps), Weighted Ensemble",DEEP_LEARNING,42,recency,16_20,POS,MARGINAL,243,35.125296184265274,0.2678072942509912,14.3136768127572,4.446832999999998,0,0,106,0.43621399176954734,13.329456022,35.721720065999996,37.314709362741475,0.9932745363571386,0.9940724259487341,0.9636034022954393,0.9837463656820045,7.378127977039744
lstm_features_1_3_ts42_recency,lstm_features_1_3,"LSTM with Features 1&3 (42 TimeSteps), Weighted Ensemble",DEEP_LEARNING,42,recency,20_24,NEG,AVERAGE,243,1.5035249393453323,0.47083769056981956,1.03320941436214,0.6778829,0,0,72,0.2962962962962963,1.0543028916,2.2389599894,47.088956327555174,0.988175819562822,0.9997462724479491,0.9973727709594793,0.995029062975811,346.97452333959984
lstm_features_1_3_ts42_recency,lstm_features_1_3,"LSTM with Features 1&3 (42 TimeSteps), Weighted Ensemble",DEEP_LEARNING,42,recency,20_24,NEG,MARGINAL,243,2.653750510559247,0.6729018601934338,1.8735030441152265,1.267042,0,0,25,0.102880658436214,0.4325989208,3.17832014352,13.6109297133578,0.9831013676882776,0.9995521659779777,0.995236085215075,0.9925345879077218,236.74174037786094
lstm_features_1_3_ts42_recency,lstm_features_1_3,"LSTM with Features 1&3 (42 TimeSteps), Weighted Ensemble",DEEP_LEARNING,42,recency,20_24,POS,AVERAGE,243,2.8232761811473055,0.10699583692973663,1.8065544127572015,0.9168099999999999,0,0,202,0.831275720164609,12.0093976244,14.7366389548,81.49346442723504,0.9973130059312946,0.9995235576507844,0.9954063211673244,0.997413282026616,-1.7583425661993013
lstm_features_1_3_ts42_recency,lstm_features_1_3,"LSTM with Features 1&3 (42 TimeSteps), Weighted Ensemble",DEEP_LEARNING,42,recency,20_24,POS,MARGINAL,243,6.143771152566208,0.2797615299912995,4.317504133333333,3.1975103999999996,0,0,86,0.35390946502057613,8.316833398,17.54480025,47.403408870385974,0.9929743287840981,0.9989632070781747,0.9890215167574095,0.9936462306523361,96.09835334158254
lstm_features_1_3_ts42_single,lstm_features_1_3,"LSTM with Features 1&3 (42 TimeSteps), Single",DEEP_LEARNING,42,single,00_04,NEG,AVERAGE,243,3.2987898712474366,0.16820788217003355,1.5976522119341563,0.6486783000000003,0,0,183,0.7530864197530864,5.615981945200001,7.5244800332,74.6361465565833,0.9957757834821443,0.99944331227447,0.9959375144772206,0.997039439211987,4.806241491972679
lstm_features_1_3_ts42_single,lstm_features_1_3,"LSTM with Features 1&3 (42 TimeSteps), Single",DEEP_LEARNING,42,single,00_04,NEG,MARGINAL,243,8.032091246308207,0.34358982583767866,4.4909373909465025,2.2672529999999997,0,0,196,0.8065843621399177,5.1047196216,10.485960278399999,48.681470137887125,0.9913714042472545,0.9986445433684245,0.9885805133319087,0.9928505461551764,110.0617848953523
lstm_features_1_3_ts42_single,lstm_features_1_3,"LSTM with Features 1&3 (42 TimeSteps), Single",DEEP_LEARNING,42,single,00_04,POS,AVERAGE,243,0.9695487226335767,0.10443469455694494,0.4639775547325103,0.2611367999999996,0,0,165,0.6790123456790124,2.5909415211999995,3.9527597800000005,65.54765949374234,0.9973773240820027,0.999836383675754,0.9988202049952327,0.9986649644493066,95.2838135754828
lstm_features_1_3_ts42_single,lstm_features_1_3,"LSTM with Features 1&3 (42 TimeSteps), Single",DEEP_LEARNING,42,single,00_04,POS,MARGINAL,243,2.8202798490718646,0.3429693919325865,1.7239156255144032,1.080895,0,0,47,0.1934156378600823,0.8230413879999999,4.755639932399999,17.306638006646576,0.991386985248075,0.9995240632972041,0.9956164538071356,0.9954679456287776,222.35409543713777
lstm_features_1_3_ts42_single,lstm_features_1_3,"LSTM with Features 1&3 (42 TimeSteps), Single",DEEP_LEARNING,42,single,04_08,NEG,AVERAGE,243,2.114521494589353,0.2315597634904138,1.4731447633744856,1.0246429,0,0,171,0.7037037037037037,4.1750273596,6.092240204,68.53024864086595,0.9941848231772029,0.9996431636426233,0.996254110106403,0.9966689402174278,128.006972738657
lstm_features_1_3_ts42_single,lstm_features_1_3,"LSTM with Features 1&3 (42 TimeSteps), Single",DEEP_LEARNING,42,single,04_08,NEG,MARGINAL,243,6.005581283821109,0.21795562631169763,2.4476967761316875,0.9396351999999997,0,0,80,0.3292181069958848,2.70503116,8.573920134400002,31.549525976419616,0.994526464842505,0.9989865273279406,0.9937760342063742,0.9957506433527755,-7.176403998932132
lstm_features_1_3_ts42_single,lstm_features_1_3,"LSTM with Features 1&3 (42 TimeSteps), Single",DEEP_LEARNING,42,single,04_08,POS,AVERAGE,243,3.883930346142219,0.13937987808455554,1.7602271251028805,1.112404999999999,0,0,154,0.6337448559670782,6.5582123148,10.608559304800002,61.82000897928373,0.9964997432007001,0.9993445668154386,0.9955241214833127,0.997116579826826,87.47356547300308
lstm_features_1_3_ts42_single,lstm_features_1_3,"LSTM with Features 1&3 (42 TimeSteps), Single",DEEP_LEARNING,42,single,04_08,POS,MARGINAL,243,20.709307749426486,0.20820191127224985,4.706020382304528,1.6184209999999997,0,0,129,0.5308641975308642,6.0747463131999995,14.250879452400001,42.62716791262273,0.9947714105825533,0.9965051980034216,0.9880336036027065,0.9931200841280905,70.67670107886211
lstm_features_1_3_ts42_single,lstm_features_1_3,"LSTM with Features 1&3 (42 TimeSteps), Single",DEEP_LEARNING,42,single,08_12,NEG,AVERAGE,243,3.387120350565112,0.1565753473312889,1.6716078185185186,0.6842307000000001,0,0,180,0.7407407407407407,8.6892098692,11.115999204,78.16850028266698,0.9960679121575454,0.9994284060526294,0.995749461295913,0.9970717863585845,-5.726903005067505
lstm_features_1_3_ts42_single,lstm_features_1_3,"LSTM with Features 1&3 (42 TimeSteps), Single",DEEP_LEARNING,42,single,08_12,NEG,MARGINAL,243,18.29843420049371,0.42424834604700534,6.232037963786009,2.5662936,0,0,93,0.38271604938271603,6.251860839999999,15.307239597599999,40.84250984730271,0.9893458210880204,0.9969120452913297,0.9841532695187508,0.9901291330572536,128.1086287571825
lstm_features_1_3_ts42_single,lstm_features_1_3,"LSTM with Features 1&3 (42 TimeSteps), Single",DEEP_LEARNING,42,single,08_12,POS,AVERAGE,243,7.172968882793392,0.15146050993023205,3.4854274876543214,1.5358349999999987,0,0,163,0.6707818930041153,11.770510526399999,17.759679465599998,66.27659327522858,0.9961963614332687,0.9987895246776815,0.9911373084808294,0.9953826178296201,38.56164266517634
lstm_features_1_3_ts42_single,lstm_features_1_3,"LSTM with Features 1&3 (42 TimeSteps), Single",DEEP_LEARNING,42,single,08_12,POS,MARGINAL,243,16.96131257513957,0.17033692754446708,6.794369158847736,1.584124000000001,0,0,134,0.551440329218107,10.294463833999998,23.3909594152,44.01043861121153,0.9957223166141121,0.997137691429892,0.9827233823869451,0.9918997420083544,-22.811924569750744
lstm_features_1_3_ts42_single,lstm_features_1_3,"LSTM with Features 1&3 (42 TimeSteps), Single",DEEP_LEARNING,42,single,12_16,NEG,AVERAGE,243,5.131067031284078,0.1588343592426892,3.302998119753087,1.8972899999999981,0,0,227,0.934156378600823,19.8910202736,23.0065574596,86.45804705258077,0.9960111814306195,0.9991341060974862,0.991601187077493,0.9955864484341539,30.755791233718554
lstm_features_1_3_ts42_single,lstm_features_1_3,"LSTM with Features 1&3 (42 TimeSteps), Single",DEEP_LEARNING,42,single,12_16,NEG,MARGINAL,243,28.05159395129453,0.3329092524324185,9.745171316707818,4.051287,0,0,182,0.7489711934156379,13.21827782816,30.050997300000002,43.986153591514906,0.9916396262474164,0.9952661495142971,0.9752201279506243,0.9874179444875457,64.47394133776552
lstm_features_1_3_ts42_single,lstm_features_1_3,"LSTM with Features 1&3 (42 TimeSteps), Single",DEEP_LEARNING,42,single,12_16,POS,AVERAGE,243,15.383112461036752,0.1236429803968121,3.0723834000000005,0.7340136999999993,0,0,218,0.897119341563786,9.144490640399999,12.4003592184,73.74375596177204,0.9968949450324738,0.9974040208010376,0.9921875906472678,0.995509513088982,-3.1841193051481005
lstm_features_1_3_ts42_single,lstm_features_1_3,"LSTM with Features 1&3 (42 TimeSteps), Single",DEEP_LEARNING,42,single,12_16,POS,MARGINAL,243,92.17805166459934,0.21570425946683078,12.513318882304528,1.3315870000000007,0,0,82,0.3374485596707819,4.7428497128,22.7001991136,20.893427802395326,0.9945830035783308,0.9844444805738582,0.9681813248080183,0.9825247369926517,-12.805098085640038
lstm_features_1_3_ts42_single,lstm_features_1_3,"LSTM with Features 1&3 (42 TimeSteps), Single",DEEP_LEARNING,42,single,16_20,NEG,AVERAGE,243,2.384105939173873,0.518835995119978,1.6224512846502057,0.9059089999999994,0,0,114,0.4691358024691358,4.957077903879999,6.763039872199999,73.29659439472556,0.986970434724168,0.9995976698836536,0.9958744557757493,0.9940757492738201,196.78151052329784
lstm_features_1_3_ts42_single,lstm_features_1_3,"LSTM with Features 1&3 (42 TimeSteps), Single",DEEP_LEARNING,42,single,16_20,NEG,MARGINAL,243,4.951817314767334,0.8477065126851515,2.705397808148148,1.8621462999999996,0,0,75,0.30864197530864196,4.17378057384,8.514640332119999,49.01887115648489,0.9787114860077799,0.9991643554073496,0.9931207559775131,0.9902159919996499,211.66099266677182
lstm_features_1_3_ts42_single,lstm_features_1_3,"LSTM with Features 1&3 (42 TimeSteps), Single",DEEP_LEARNING,42,single,16_20,POS,AVERAGE,243,17.155804647131472,0.1714783755426348,6.943555901234568,2.2027199999999993,0,0,170,0.6995884773662552,16.67409972,26.775798113999997,62.27302599537371,0.9956936513492868,0.9971048698942936,0.9823440326282118,0.9917539792911844,2.7929227888464765
lstm_features_1_3_ts42_single,lstm_features_1_3,"LSTM with Features 1&3 (42 TimeSteps), Single",DEEP_LEARNING,42,single,16_20,POS,MARGINAL,243,36.672385582647955,0.2252556372891095,14.249694901234571,3.1747660000000018,0,0,154,0.6337448559670782,15.977566900000001,35.721720065999996,44.72787668253266,0.9943431391472196,0.9938113466705771,0.9637660945180262,0.9840772229022939,-23.33860303610347
lstm_features_1_3_ts42_single,lstm_features_1_3,"LSTM with Features 1&3 (42 TimeSteps), Single",DEEP_LEARNING,42,single,20_24,NEG,AVERAGE,243,0.8021308092468977,0.26180268416719443,0.5496470954320988,0.39217269999999993,0,0,113,0.46502057613168724,1.3857492061599999,2.2389599894,61.89253996143786,0.993425330557577,0.9998646363080992,0.9986023658020494,0.9972587230859253,158.58626268534562
lstm_features_1_3_ts42_single,lstm_features_1_3,"LSTM with Features 1&3 (42 TimeSteps), Single",DEEP_LEARNING,42,single,20_24,NEG,MARGINAL,243,2.2125092934859807,0.5042892458437622,1.4693045220576133,0.9580020000000005,0,0,35,0.1440329218106996,0.5337918208,3.17832014352,16.794778269530262,0.987335748274169,0.9996266276985266,0.9962638750130812,0.9943380203080481,154.6081824955066
lstm_features_1_3_ts42_single,lstm_features_1_3,"LSTM with Features 1&3 (42 TimeSteps), Single",DEEP_LEARNING,42,single,20_24,POS,AVERAGE,243,2.1488291985957213,0.10260147675471665,1.37100324691358,0.676126,0,0,194,0.7983539094650206,11.968413301199998,14.7366389548,81.2153526859777,0.9974233618111573,0.9996373740414493,0.9965138339867303,0.9978538416650928,-27.54906810125769
lstm_features_1_3_ts42_single,lstm_features_1_3,"LSTM with Features 1&3 (42 TimeSteps), Single",DEEP_LEARNING,42,single,20_24,POS,MARGINAL,243,5.936273232140548,0.2054950844662208,3.669615923045267,2.1932849999999995,0,0,107,0.4403292181069959,9.5232560044,17.54480025,54.279649062405255,0.9948393873168031,0.9989982234174634,0.9906689569543522,0.9948355612104123,34.51076716084889
lstm_features_1_4_ts168_ensemble,lstm_features_1_4,"LSTM with Features 1&4 (168 TimeSteps), Ensemble",DEEP_LEARNING,168,ensemble,00_04,NEG,AVERAGE,243,2.8401647688880063,0.17009886741703859,1.594518634979424,0.8161095999999999,0,0,233,0.9588477366255144,5.9125844036,7.5244800332,78.57797984062833,0.9957282950350372,0.9995207076149034,0.995945482488605,0.9970514630460705,31.857933002409943
lstm_features_1_4_ts168_ensemble,lstm_features_1_4,"LSTM with Features 1&4 (168 TimeSteps), Ensemble",DEEP_LEARNING,168,ensemble,00_04,NEG,MARGINAL,243,7.123412010130572,0.24752826957495214,3.5175554716049384,1.3668629999999986,0,0,187,0.7695473251028807,5.715345689199999,10.485960278399999,54.504742889146975,0.9937838049472748,0.9987978876543498,0.9910556139363594,0.9945381492070076,26.640335898735458
lstm_features_1_4_ts168_ensemble,lstm_features_1_4,"LSTM with Features 1&4 (168 TimeSteps), Ensemble",DEEP_LEARNING,168,ensemble,00_04,POS,AVERAGE,243,1.5537498166782335,0.29702469979793417,1.190057213580247,0.8725700000000005,0,0,68,0.27983539094650206,1.2657714796000001,3.9527597800000005,32.02247417119792,0.9925407975719637,0.9997377967420634,0.9969739407830218,0.9963787445577459,552.5269407129113
lstm_features_1_4_ts168_ensemble,lstm_features_1_4,"LSTM with Features 1&4 (168 TimeSteps), Ensemble",DEEP_LEARNING,168,ensemble,00_04,POS,MARGINAL,243,3.8361465365858565,0.716516238540904,3.1124229271604937,2.5658618,0,0,15,0.06172839506172839,0.434022306,4.755639932399999,9.126475346525334,0.9820060767003965,0.9993526305786055,0.9920857787521549,0.9910567411572857,665.2140675604071
lstm_features_1_4_ts168_ensemble,lstm_features_1_4,"LSTM with Features 1&4 (168 TimeSteps), Ensemble",DEEP_LEARNING,168,ensemble,04_08,NEG,AVERAGE,243,1.3880912852995249,0.11741256528047811,0.8076797679012346,0.4057340000000025,0,0,238,0.9794238683127572,5.5921165692,6.092240204,91.7908089954885,0.9970514098907669,0.9997657524696627,0.9979462442829354,0.9982424382912183,-9.714710288680244
lstm_features_1_4_ts168_ensemble,lstm_features_1_4,"LSTM with Features 1&4 (168 TimeSteps), Ensemble",DEEP_LEARNING,168,ensemble,04_08,NEG,MARGINAL,243,4.990329849774388,0.17699438482159932,1.9860671543209876,0.8066554999999997,0,0,175,0.720164609053498,4.838365984,8.573920134400002,56.43119959314371,0.9955551274156385,0.9991578562193582,0.9949498589233454,0.9965442893184093,-20.313048889569693
lstm_features_1_4_ts168_ensemble,lstm_features_1_4,"LSTM with Features 1&4 (168 TimeSteps), Ensemble",DEEP_LEARNING,168,ensemble,04_08,POS,AVERAGE,243,3.8898206202798162,0.13874454932460237,1.7557927802469138,0.9417419999999996,0,0,186,0.7654320987654321,7.7126508000000005,10.608559304800002,72.70215095569382,0.9965156982570711,0.9993435728014394,0.9955353970673515,0.9971253974641052,58.71173762764187
lstm_features_1_4_ts168_ensemble,lstm_features_1_4,"LSTM with Features 1&4 (168 TimeSteps), Ensemble",DEEP_LEARNING,168,ensemble,04_08,POS,MARGINAL,243,20.408306476780666,0.23807108695727844,4.682587486419753,2.021699999999999,0,0,107,0.4403292181069959,5.2566547264,14.250879452400001,36.88652861009727,0.9940213038475081,0.9965559935134088,0.9880931884107002,0.9929014733431087,113.20601164414911
lstm_features_1_4_ts168_ensemble,lstm_features_1_4,"LSTM with Features 1&4 (168 TimeSteps), Ensemble",DEEP_LEARNING,168,ensemble,08_12,NEG,AVERAGE,243,5.6975162965321005,0.24238137519663788,3.27085679218107,1.4925580999999999,0,0,210,0.8641975308641975,7.8831709352,11.115999204,70.9173398677764,0.9939130592721497,0.9990385148760363,0.9916829155519188,0.9948685121937562,105.6441994372251
lstm_features_1_4_ts168_ensemble,lstm_features_1_4,"LSTM with Features 1&4 (168 TimeSteps), Ensemble",DEEP_LEARNING,168,ensemble,08_12,NEG,MARGINAL,243,18.49427855620059,0.3151448990184541,6.300879679423868,2.0997000000000003,0,0,139,0.5720164609053497,7.118418145999999,15.307239597599999,46.50360439328385,0.9920857437191556,0.9968789955509123,0.9839782198608509,0.9909920339503948,86.63479806108553
lstm_features_1_4_ts168_ensemble,lstm_features_1_4,"LSTM with Features 1&4 (168 TimeSteps), Ensemble",DEEP_LEARNING,168,ensemble,08_12,POS,AVERAGE,243,7.524764524073696,0.13416786376141457,3.344703807407407,1.1470175999999999,0,0,209,0.8600823045267489,13.5306754024,17.759679465599998,76.18761041610317,0.9966306328873847,0.9987301573572278,0.9914951384950496,0.9956287628129623,3.4828889964535827
lstm_features_1_4_ts168_ensemble,lstm_features_1_4,"LSTM with Features 1&4 (168 TimeSteps), Ensemble",DEEP_LEARNING,168,ensemble,08_12,POS,MARGINAL,243,16.748251344244775,0.2174293406960108,7.548150305761316,2.4169300000000007,0,0,130,0.5349794238683128,9.960568448399998,23.3909594152,42.58298375708088,0.9945396814906324,0.9971736466063823,0.9808066792560596,0.9908769992414209,17.767406560112892
lstm_features_1_4_ts168_ensemble,lstm_features_1_4,"LSTM with Features 1&4 (168 TimeSteps), Ensemble",DEEP_LEARNING,168,ensemble,12_16,NEG,AVERAGE,243,9.04741019292727,0.26085482406537397,6.396306476131688,4.613334999999999,0,0,242,0.9958847736625515,16.9609586136,23.0065574596,73.72227958652137,0.993449134235782,0.9984732030839137,0.9837355700668501,0.991901600779918,217.93783140753783
lstm_features_1_4_ts168_ensemble,lstm_features_1_4,"LSTM with Features 1&4 (168 TimeSteps), Ensemble",DEEP_LEARNING,168,ensemble,12_16,NEG,MARGINAL,243,27.548050332425714,0.30934810871058993,10.110643766790124,6.195687999999999,0,0,202,0.831275720164609,16.54559905788,30.050997300000002,55.05840253055428,0.9922313189267685,0.9953511250849865,0.974290810214046,0.9873404870837821,151.532222885986
lstm_features_1_4_ts168_ensemble,lstm_features_1_4,"LSTM with Features 1&4 (168 TimeSteps), Ensemble",DEEP_LEARNING,168,ensemble,12_16,POS,AVERAGE,243,15.453938013798949,0.11260007579519091,3.0261590135802465,0.6741320000000002,0,0,197,0.8106995884773662,8.427574036400001,12.4003592184,67.9623379288475,0.9971722662817606,0.9973920686254171,0.9923051293075763,0.9956386458536866,-11.08247259610825
lstm_features_1_4_ts168_ensemble,lstm_features_1_4,"LSTM with Features 1&4 (168 TimeSteps), Ensemble",DEEP_LEARNING,168,ensemble,12_16,POS,MARGINAL,243,92.88390123329052,0.2325609544586101,12.952173850205758,1.9988479999999988,0,0,98,0.40329218106995884,5.2443759928,22.7001991136,23.102775295296958,0.9941596801971545,0.9843253648355732,0.967065411131449,0.9819732473361499,30.888447620556814
lstm_features_1_4_ts168_ensemble,lstm_features_1_4,"LSTM with Features 1&4 (168 TimeSteps), Ensemble",DEEP_LEARNING,168,ensemble,16_20,NEG,AVERAGE,243,2.6650995080122435,0.40192922097014455,1.736633354855967,0.8227981,0,0,144,0.5925925925925926,5.01479035864,6.763039872199999,74.14994519333953,0.9899063228647353,0.9995502507763959,0.9955841153601652,0.9949624905990753,169.55385471796797
lstm_features_1_4_ts168_ensemble,lstm_features_1_4,"LSTM with Features 1&4 (168 TimeSteps), Ensemble",DEEP_LEARNING,168,ensemble,16_20,NEG,MARGINAL,243,5.856022158889284,0.6326100470761294,3.314580715308642,1.48438342,0,0,106,0.43621399176954734,4.765157728279999,8.514640332119999,55.964286715720334,0.9841132188590356,0.9990117661980537,0.991571735031291,0.9914910498177558,148.43612458124142
lstm_features_1_4_ts168_ensemble,lstm_features_1_4,"LSTM with Features 1&4 (168 TimeSteps), Ensemble",DEEP_LEARNING,168,ensemble,16_20,POS,AVERAGE,243,18.266205013041425,0.16175597036888112,7.052737061728395,2.1680100000000007,0,0,228,0.9382716049382716,19.729299154,26.775798113999997,73.68332801883629,0.9959378108024493,0.9969174841321649,0.9820664084490861,0.9916835402246456,1.1731334601979293
lstm_features_1_4_ts168_ensemble,lstm_features_1_4,"LSTM with Features 1&4 (168 TimeSteps), Ensemble",DEEP_LEARNING,168,ensemble,16_20,POS,MARGINAL,243,34.28853823197555,0.23233362188537773,13.748013590534981,4.175286999999997,0,0,156,0.6419753086419753,16.381830876,35.721720065999996,45.85958023782919,0.9941653892162474,0.9942136331487863,0.9650417620547667,0.9845705127506967,0.8210791425876022
lstm_features_1_4_ts168_ensemble,lstm_features_1_4,"LSTM with Features 1&4 (168 TimeSteps), Ensemble",DEEP_LEARNING,168,ensemble,20_24,NEG,AVERAGE,243,0.7691744989769206,0.32024508435401033,0.5866340774897119,0.5135722999999999,0,0,144,0.5925925925925926,1.5650609521600005,2.2389599894,69.901246988313,0.9919576624017962,0.9998701978546426,0.9985083158717717,0.9967305147463275,238.6333155666295
lstm_features_1_4_ts168_ensemble,lstm_features_1_4,"LSTM with Features 1&4 (168 TimeSteps), Ensemble",DEEP_LEARNING,168,ensemble,20_24,NEG,MARGINAL,243,1.5023671114053356,0.3597848795609684,1.028689807037037,0.6950581,0,0,62,0.2551440329218107,0.8354263766000002,3.17832014352,26.285155015088023,0.9909646967103488,0.9997464678373579,0.9973842633476159,0.99598113817256,84.72558467495892
lstm_features_1_4_ts168_ensemble,lstm_features_1_4,"LSTM with Features 1&4 (168 TimeSteps), Ensemble",DEEP_LEARNING,168,ensemble,20_24,POS,AVERAGE,243,3.576897483613089,0.13536762741979383,2.484867552263374,1.403086,0,0,218,0.897119341563786,12.1008708232,14.7366389548,82.1141839758415,0.9966005031372335,0.9993963801871826,0.993681516927346,0.9965598771144539,50.34902996494552
lstm_features_1_4_ts168_ensemble,lstm_features_1_4,"LSTM with Features 1&4 (168 TimeSteps), Ensemble",DEEP_LEARNING,168,ensemble,20_24,POS,MARGINAL,243,6.774997018049176,0.22965253814449701,4.112217488888889,2.8729340000000008,0,0,115,0.4732510288065844,9.273257518000003,17.54480025,52.85473408567306,0.9942327194630699,0.9988566844728962,0.98954351648604,0.9942111909338929,76.19258616298677
lstm_features_1_4_ts168_recency,lstm_features_1_4,"LSTM with Features 1&4 (168 TimeSteps), Weighted Ensemble",DEEP_LEARNING,168,recency,00_04,NEG,AVERAGE,243,2.716370399145212,0.1346669772133612,1.35768341563786,0.48694729999999975,0,0,215,0.8847736625514403,5.890821006799999,7.5244800332,78.28874527951614,0.9966180986157395,0.9995415985503117,0.9965477034492575,0.9975596231892093,-21.32445879927844
lstm_features_1_4_ts168_recency,lstm_features_1_4,"LSTM with Features 1&4 (168 TimeSteps), Weighted Ensemble",DEEP_LEARNING,168,recency,00_04,NEG,MARGINAL,243,6.702728115102851,0.2097163418842542,3.1636615119341567,1.0741360000000002,0,0,162,0.6666666666666666,5.111497192,10.485960278399999,48.74610485154287,0.9947333785787978,0.99886888022127,0.991955490065233,0.9951813909113373,-0.4809232227924294
lstm_features_1_4_ts168_recency,lstm_features_1_4,"LSTM with Features 1&4 (168 TimeSteps), Weighted Ensemble",DEEP_LEARNING,168,recency,00_04,POS,AVERAGE,243,1.1126854740688652,0.15539689335139914,0.6573160588477367,0.3193519,0,0,152,0.6255144032921811,2.4115195924,3.9527597800000005,61.00850359289984,0.9960975067562239,0.9998122286141387,0.998328586814444,0.9980596213885484,138.818339294103
lstm_features_1_4_ts168_recency,lstm_features_1_4,"LSTM with Features 1&4 (168 TimeSteps), Weighted Ensemble",DEEP_LEARNING,168,recency,00_04,POS,MARGINAL,243,2.4730934691095525,0.3265274216066311,1.5593483205761314,0.9652807999999999,0,0,37,0.1522633744855967,0.8250460688000001,4.755639932399999,17.34879176152491,0.9917998936191987,0.9995826527811482,0.9960349130242546,0.9957657605463105,187.874603108384
lstm_features_1_4_ts168_recency,lstm_features_1_4,"LSTM with Features 1&4 (168 TimeSteps), Weighted Ensemble",DEEP_LEARNING,168,recency,04_08,NEG,AVERAGE,243,1.2311607845069212,0.08472138811838195,0.6255907172839505,0.27115700000000054,0,0,232,0.9547325102880658,5.8600211588,6.092240204,96.18828152823765,0.9978723857497738,0.9997922352972941,0.9984092575260328,0.998683103786621,-39.66123543441706
lstm_features_1_4_ts168_recency,lstm_features_1_4,"LSTM with Features 1&4 (168 TimeSteps), Weighted Ensemble",DEEP_LEARNING,168,recency,04_08,NEG,MARGINAL,243,4.753091972103637,0.15710366533513184,1.7812517781893005,0.7098695999999993,0,0,170,0.6995884773662552,4.9137490995999995,8.573920134400002,57.310413703123,0.9960546444699095,0.999197891329106,0.9954706603181436,0.9968992011633616,-29.874222502690824
lstm_features_1_4_ts168_recency,lstm_features_1_4,"LSTM with Features 1&4 (168 TimeSteps), Weighted Ensemble",DEEP_LEARNING,168,recency,04_08,POS,AVERAGE,243,3.9491861066816805,0.1397913441923543,1.827408869547325,0.9543409999999994,0,0,200,0.823045267489712,7.980161109200001,10.608559304800002,75.22379693526582,0.9964894100230471,0.9993335545708488,0.9953532927746852,0.9970530590318625,60.83504654066756
lstm_features_1_4_ts168_recency,lstm_features_1_4,"LSTM with Features 1&4 (168 TimeSteps), Weighted Ensemble",DEEP_LEARNING,168,recency,04_08,POS,MARGINAL,243,20.452839657758,0.24877220485518234,4.957961763374486,2.1301699999999997,0,0,138,0.5679012345679012,6.3851827232,14.250879452400001,44.80553459544328,0.9937525659120399,0.9965484783105022,0.9873929709258696,0.9925765506580964,124.64512530247676
lstm_features_1_4_ts168_recency,lstm_features_1_4,"LSTM with Features 1&4 (168 TimeSteps), Weighted Ensemble",DEEP_LEARNING,168,recency,08_12,NEG,AVERAGE,243,4.048430914798034,0.16178135956094844,2.0404088032921814,0.8255154,0,0,208,0.8559670781893004,8.963029717600001,11.115999204,80.63179524495403,0.9959371732018617,0.9993168064999933,0.9948116798124098,0.9966810393717261,13.739259835915707
lstm_features_1_4_ts168_recency,lstm_features_1_4,"LSTM with Features 1&4 (168 TimeSteps), Weighted Ensemble",DEEP_LEARNING,168,recency,08_12,NEG,MARGINAL,243,17.333599558239648,0.26327266828635254,5.3390636683127575,1.6985710000000012,0,0,129,0.5308641975308642,7.4835417124,15.307239597599999,48.888904264445785,0.9933884147417601,0.9970748660903113,0.9864239108513738,0.9923066574029544,50.979880734112626
lstm_features_1_4_ts168_recency,lstm_features_1_4,"LSTM with Features 1&4 (168 TimeSteps), Weighted Ensemble",DEEP_LEARNING,168,recency,08_12,POS,AVERAGE,243,7.1185450143388405,0.14229044211404127,3.315175442798354,1.401401,0,0,179,0.7366255144032922,12.757227465199998,17.759679465599998,71.83253216878373,0.9964266499990557,0.998798708984875,0.9915702227673584,0.9956068084779159,26.43312894459427
lstm_features_1_4_ts168_recency,lstm_features_1_4,"LSTM with Features 1&4 (168 TimeSteps), Weighted Ensemble",DEEP_LEARNING,168,recency,08_12,POS,MARGINAL,243,15.830509599459184,0.2320580008256054,7.421494400823045,2.9410248,0,0,91,0.37448559670781895,8.115259481599999,23.3909594152,34.69400009444038,0.9941723109075401,0.9973285202371588,0.9811287379471456,0.990909480909384,43.30446613057665
lstm_features_1_4_ts168_recency,lstm_features_1_4,"LSTM with Features 1&4 (168 TimeSteps), Weighted Ensemble",DEEP_LEARNING,168,recency,12_16,NEG,AVERAGE,243,5.072995119427471,0.13520443336990765,3.216944333539095,1.6653939999999992,0,0,233,0.9588477366255144,18.922920012199995,23.0065574596,82.25011519184929,0.9966046014410244,0.9991439060307316,0.9918200033242727,0.9958636545770997,14.774183275033117
lstm_features_1_4_ts168_recency,lstm_features_1_4,"LSTM with Features 1&4 (168 TimeSteps), Weighted Ensemble",DEEP_LEARNING,168,recency,12_16,NEG,MARGINAL,243,26.6742768342802,0.23105502825016877,7.795271814403292,3.3570320000000002,0,0,183,0.7530864197530864,15.559510242800002,30.050997300000002,51.7770178722155,0.9941974986292179,0.9954985788484257,0.9801783024768542,0.9900005203712765,36.28861254139775
lstm_features_1_4_ts168_recency,lstm_features_1_4,"LSTM with Features 1&4 (168 TimeSteps), Weighted Ensemble",DEEP_LEARNING,168,recency,12_16,POS,AVERAGE,243,15.408167916824755,0.11281108571188055,3.0546790802469137,0.5500190000000007,0,0,216,0.8888888888888888,9.1283101768,12.4003592184,73.61327213211015,0.9971669671747032,0.997399792564248,0.9922326089197994,0.9956154613291348,-27.452888299085064
lstm_features_1_4_ts168_recency,lstm_features_1_4,"LSTM with Features 1&4 (168 TimeSteps), Weighted Ensemble",DEEP_LEARNING,168,recency,12_16,POS,MARGINAL,243,92.70314710104748,0.2005826410100882,12.394227517695475,1.4652150000000006,0,0,117,0.48148148148148145,5.9360377272000004,22.7001991136,26.14971656192936,0.9949627538589813,0.9843558680233135,0.9684841485020603,0.9827245417654271,-4.054877219101031
lstm_features_1_4_ts168_recency,lstm_features_1_4,"LSTM with Features 1&4 (168 TimeSteps), Weighted Ensemble",DEEP_LEARNING,168,recency,16_20,NEG,AVERAGE,243,1.4515343732460073,0.23649945153001584,0.8203980911934156,0.390039,0,0,166,0.6831275720164609,5.9163069988400006,6.763039872199999,87.47999583973237,0.9940607724398608,0.9997550461228786,0.9979139043256766,0.9972114162775759,27.77924005942832
lstm_features_1_4_ts168_recency,lstm_features_1_4,"LSTM with Features 1&4 (168 TimeSteps), Weighted Ensemble",DEEP_LEARNING,168,recency,16_20,NEG,MARGINAL,243,4.611268293505333,0.4617901209920307,2.3663973004938272,0.9547509999999999,0,0,102,0.41975308641975306,5.2099974302400005,8.514640332119999,61.18869649239548,0.9884030318216287,0.9992218248029393,0.9939827612651929,0.9938145442218375,59.79337628283723
lstm_features_1_4_ts168_recency,lstm_features_1_4,"LSTM with Features 1&4 (168 TimeSteps), Weighted Ensemble",DEEP_LEARNING,168,recency,16_20,POS,AVERAGE,243,16.94116680998063,0.15127406028451415,6.485477378600823,1.8108400000000007,0,0,194,0.7983539094650206,18.881607182,26.775798113999997,70.51743929951265,0.996201043756493,0.9971410911311833,0.9835088276647003,0.9923228280798493,-15.494690063669065
lstm_features_1_4_ts168_recency,lstm_features_1_4,"LSTM with Features 1&4 (168 TimeSteps), Weighted Ensemble",DEEP_LEARNING,168,recency,16_20,POS,MARGINAL,243,31.0202679387637,0.22357207415777638,12.216346552674896,3.7313669999999988,0,0,103,0.42386831275720166,14.0133579248,35.721720065999996,39.229236159145486,0.9943854185879716,0.9947651705388466,0.9689364614896906,0.9861125808893276,-9.898302172511784
lstm_features_1_4_ts168_recency,lstm_features_1_4,"LSTM with Features 1&4 (168 TimeSteps), Weighted Ensemble",DEEP_LEARNING,168,recency,20_24,NEG,AVERAGE,243,0.49983991132652117,0.15564900127229955,0.32861001650205757,0.2272147,0,0,184,0.757201646090535,1.8322139876,2.2389599894,81.83326170518124,0.9960911755520615,0.9999156494489719,0.9991644154937427,0.9983674211187967,49.81817984824545
lstm_features_1_4_ts168_recency,lstm_features_1_4,"LSTM with Features 1&4 (168 TimeSteps), Weighted Ensemble",DEEP_LEARNING,168,recency,20_24,NEG,MARGINAL,243,1.3955804428260297,0.2218482998935409,0.7764856574074073,0.4056065000000002,0,0,90,0.37037037037037035,1.07094125764,3.17832014352,33.695197754809215,0.9944287078537664,0.9997644886358836,0.9980255641883132,0.9973764781022656,7.79803567567051
lstm_features_1_4_ts168_recency,lstm_features_1_4,"LSTM with Features 1&4 (168 TimeSteps), Weighted Ensemble",DEEP_LEARNING,168,recency,20_24,POS,AVERAGE,243,2.2453069289685113,0.09686697217208529,1.5171273057613168,1.0087660000000014,0,0,219,0.9012345679012346,13.062798856799999,14.7366389548,88.64164275766015,0.997567372832919,0.9996210929291681,0.9961422719726922,0.9977748171808063,8.095291066704707
lstm_features_1_4_ts168_recency,lstm_features_1_4,"LSTM with Features 1&4 (168 TimeSteps), Weighted Ensemble",DEEP_LEARNING,168,recency,20_24,POS,MARGINAL,243,5.818448101262502,0.16256953320169823,3.124351045679013,2.2407419999999973,0,0,111,0.4567901234567901,9.429912612399999,17.54480025,53.74762025233088,0.9959173797411198,0.9990181070131693,0.9920554481154659,0.9956661823044304,37.421231362788966
lstm_features_1_4_ts168_single,lstm_features_1_4,"LSTM with Features 1&4 (168 TimeSteps), Single",DEEP_LEARNING,168,single,00_04,NEG,AVERAGE,243,2.438712780692957,0.1465589873199719,1.2914147275720163,0.5937609999999998,0,0,172,0.7078189300411523,5.7717564924,7.5244800332,76.70638325749395,0.9963194537194672,0.9995884546988162,0.9967162104521397,0.9975291537644343,-4.066686438385346
lstm_features_1_4_ts168_single,lstm_features_1_4,"LSTM with Features 1&4 (168 TimeSteps), Single",DEEP_LEARNING,168,single,00_04,NEG,MARGINAL,243,6.585470758892539,0.19122523474493666,2.917685840740741,0.8274229999999996,0,0,147,0.6049382716049383,5.531135305199999,10.485960278399999,52.74800932246111,0.9951977470685717,0.998888668002086,0.992580953226561,0.995552209008768,-23.338969121016927
lstm_features_1_4_ts168_single,lstm_features_1_4,"LSTM with Features 1&4 (168 TimeSteps), Single",DEEP_LEARNING,168,single,00_04,POS,AVERAGE,243,0.983113807253909,0.12995269633145656,0.5339173580246913,0.29574170000000066,0,0,153,0.6296296296296297,2.4645031295999997,3.9527597800000005,62.34892244324545,0.9967364886870859,0.9998340944980862,0.9986423631368995,0.9983876371731546,121.1621150649643
lstm_features_1_4_ts168_single,lstm_features_1_4,"LSTM with Features 1&4 (168 TimeSteps), Single",DEEP_LEARNING,168,single,00_04,POS,MARGINAL,243,2.194209450643605,0.2038458240594173,1.1107324312757203,0.5644090000000004,0,0,69,0.2839506172839506,1.2016571964,4.755639932399999,25.268044121952,0.9948808053107924,0.9996297158909508,0.9971756466219414,0.9972052434349239,68.32305880920869
lstm_features_1_4_ts168_single,lstm_features_1_4,"LSTM with Features 1&4 (168 TimeSteps), Single",DEEP_LEARNING,168,single,04_08,NEG,AVERAGE,243,1.1869200858275242,0.09601049623895086,0.6655513304526748,0.3317005000000002,0,0,227,0.934156378600823,5.7438048976000005,6.092240204,94.28067025047326,0.9975888815739912,0.9997997011423115,0.9983076462922069,0.9985556443885482,-26.188892870971003
lstm_features_1_4_ts168_single,lstm_features_1_4,"LSTM with Features 1&4 (168 TimeSteps), Single",DEEP_LEARNING,168,single,04_08,NEG,MARGINAL,243,4.54922740374824,0.17489501888915684,1.7653893703703705,0.8024294000000003,0,0,96,0.3950617283950617,3.1916633708,8.573920134400002,37.22525193574538,0.9956078489417313,0.9992322945215806,0.9955109950052797,0.9967719541840525,-20.73053197136576
lstm_features_1_4_ts168_single,lstm_features_1_4,"LSTM with Features 1&4 (168 TimeSteps), Single",DEEP_LEARNING,168,single,04_08,POS,AVERAGE,243,3.8414862410293082,0.14953416091919175,1.785458651851852,0.9883119999999996,0,0,146,0.6008230452674898,6.528504325600001,10.608559304800002,61.53997105569351,0.9962447379730991,0.9993517294760685,0.995459963144364,0.9970110694755965,66.56017766888384
lstm_features_1_4_ts168_single,lstm_features_1_4,"LSTM with Features 1&4 (168 TimeSteps), Single",DEEP_LEARNING,168,single,04_08,POS,MARGINAL,243,20.40173037474182,0.22065737415802264,4.746642262962963,1.8304010000000002,0,0,149,0.6131687242798354,6.7459988640000015,14.250879452400001,47.33742143095528,0.9944586156565317,0.9965571032643872,0.9879303109080573,0.9929967760001275,93.03185285624099
lstm_features_1_4_ts168_single,lstm_features_1_4,"LSTM with Features 1&4 (168 TimeSteps), Single",DEEP_LEARNING,168,single,08_12,NEG,AVERAGE,243,3.6064118007233685,0.12966935065986085,1.7742706563786008,0.5027949999999999,0,0,231,0.9506172839506173,9.297786312,11.115999204,83.64327975711143,0.9967436043671051,0.9993913994946547,0.9954884118075333,0.997203163214538,-30.725058370565563
lstm_features_1_4_ts168_single,lstm_features_1_4,"LSTM with Features 1&4 (168 TimeSteps), Single",DEEP_LEARNING,168,single,08_12,NEG,MARGINAL,243,15.894344162432558,0.22011499478453309,4.591313866666667,0.9868538,0,0,128,0.5267489711934157,7.027226968800001,15.307239597599999,45.90786551679631,0.9944722364683444,0.9973177478269541,0.9883252775700859,0.9933827587802604,-12.282107120629206
lstm_features_1_4_ts168_single,lstm_features_1_4,"LSTM with Features 1&4 (168 TimeSteps), Single",DEEP_LEARNING,168,single,08_12,POS,AVERAGE,243,7.039644646813453,0.1425512666669522,3.331844869135803,1.3643550000000015,0,0,174,0.7160493827160493,12.383251012,17.759679465599998,69.72677089125405,0.9964200998934931,0.99881202382694,0.9915278360059199,0.9955949877086314,23.09087237785768
lstm_features_1_4_ts168_single,lstm_features_1_4,"LSTM with Features 1&4 (168 TimeSteps), Single",DEEP_LEARNING,168,single,08_12,POS,MARGINAL,243,15.209059638570846,0.23096983753905298,7.323907866666666,3.0923810000000014,0,0,77,0.3168724279835391,7.0737787916,23.3909594152,30.24150769550432,0.99419963802961,0.997433393108351,0.9813768794883817,0.9910352668869893,50.67945305233024
lstm_features_1_4_ts168_single,lstm_features_1_4,"LSTM with Features 1&4 (168 TimeSteps), Single",DEEP_LEARNING,168,single,12_16,NEG,AVERAGE,243,5.203941647156026,0.12612972884968135,3.123312195884774,1.1343099999999993,0,0,230,0.9465020576131687,20.037314478,23.0065574596,87.0939275169088,0.9968324951415719,0.9991218081319467,0.9920580896867778,0.9960124146283136,-21.826604496772056
lstm_features_1_4_ts168_single,lstm_features_1_4,"LSTM with Features 1&4 (168 TimeSteps), Single",DEEP_LEARNING,168,single,12_16,NEG,MARGINAL,243,26.4537568575556,0.19618223810746538,7.633429220576131,3.269120000000001,0,0,158,0.6502057613168725,17.202035764799998,30.050997300000002,57.242811588153174,0.9950732614902924,0.9955357927265653,0.9805898333403805,0.9904463655087916,32.719565685204756
lstm_features_1_4_ts168_single,lstm_features_1_4,"LSTM with Features 1&4 (168 TimeSteps), Single",DEEP_LEARNING,168,single,12_16,POS,AVERAGE,243,15.506217885831107,0.11007848818164953,3.0099903987654324,0.6169019000000002,0,0,233,0.9588477366255144,9.6009712008,12.4003592184,77.42494416253531,0.9972355910909843,0.9973832461286263,0.9923462426131617,0.9956708322557247,-18.631081748436664
lstm_features_1_4_ts168_single,lstm_features_1_4,"LSTM with Features 1&4 (168 TimeSteps), Single",DEEP_LEARNING,168,single,12_16,POS,MARGINAL,243,91.99131623868705,0.20597312302601753,12.226342944444445,1.2640981,0,0,138,0.5679012345679012,6.1264968176000005,22.7001991136,26.98873603240569,0.9948273823004244,0.9844759931356111,0.9689110428181297,0.9828590318468788,-17.22440228116621
lstm_features_1_4_ts168_single,lstm_features_1_4,"LSTM with Features 1&4 (168 TimeSteps), Single",DEEP_LEARNING,168,single,16_20,NEG,AVERAGE,243,1.5093673185638332,0.17853156085468339,0.7860836716872427,0.23825610000000008,0,0,196,0.8065843621399177,6.0708447772000005,6.763039872199999,89.76503010361773,0.9955165242045044,0.9997452865164634,0.9980011585049186,0.9977319450865876,-21.945796708731258
lstm_features_1_4_ts168_single,lstm_features_1_4,"LSTM with Features 1&4 (168 TimeSteps), Single",DEEP_LEARNING,168,single,16_20,NEG,MARGINAL,243,3.8761455458238983,0.5046115333177745,1.704919919588477,0.7560231,0,0,58,0.23868312757201646,3.7653829234000002,8.514640332119999,44.22245422623135,0.987327654645894,0.9993458805404566,0.9956647557966065,0.9940449125708348,26.5329742485916
lstm_features_1_4_ts168_single,lstm_features_1_4,"LSTM with Features 1&4 (168 TimeSteps), Single",DEEP_LEARNING,168,single,16_20,POS,AVERAGE,243,17.329268057019366,0.15987951642506532,6.699846351851853,1.7425360000000012,0,0,204,0.8395061728395061,18.830946212,26.775798113999997,70.3282349673605,0.995984934323905,0.9970755970533786,0.9829637335297814,0.9920478567625705,-18.6821890640728
lstm_features_1_4_ts168_single,lstm_features_1_4,"LSTM with Features 1&4 (168 TimeSteps), Single",DEEP_LEARNING,168,single,16_20,POS,MARGINAL,243,32.420615446835626,0.23251183078183815,12.585901432098764,4.263627,0,0,88,0.36213991769547327,12.932806024000001,35.721720065999996,36.20432050893728,0.9941609138435459,0.9945288547079977,0.9679967630144422,0.9856481645552108,2.95423409252432
lstm_features_1_4_ts168_single,lstm_features_1_4,"LSTM with Features 1&4 (168 TimeSteps), Single",DEEP_LEARNING,168,single,20_24,NEG,AVERAGE,243,0.5117794602847974,0.15311390834184033,0.3411993290123456,0.22463499999999992,0,0,185,0.7613168724279835,1.8180872340399998,2.2389599894,81.20231011931634,0.9961548395212703,0.999913634588792,0.9991324035831198,0.998377838033963,48.117207338304276
lstm_features_1_4_ts168_single,lstm_features_1_4,"LSTM with Features 1&4 (168 TimeSteps), Single",DEEP_LEARNING,168,single,20_24,NEG,MARGINAL,243,1.4715328792081612,0.20886620075120013,0.7623352554320988,0.364117,0,0,88,0.36213991769547327,1.2095662568,3.17832014352,38.05677849243976,0.9947547282335847,0.9997516712723327,0.9980615456132671,0.9974949691716668,-3.228628347627313
lstm_features_1_4_ts168_single,lstm_features_1_4,"LSTM with Features 1&4 (168 TimeSteps), Single",DEEP_LEARNING,168,single,20_24,POS,AVERAGE,243,2.041471986876083,0.0945340814923634,1.3714956625514403,0.9185559999999988,0,0,217,0.8930041152263375,13.2949032084,14.7366389548,90.2166582840085,0.9976259588826123,0.9996554911220589,0.9965125818798043,0.9979282901107032,-1.5712482567139012
lstm_features_1_4_ts168_single,lstm_features_1_4,"LSTM with Features 1&4 (168 TimeSteps), Single",DEEP_LEARNING,168,single,20_24,POS,MARGINAL,243,5.152577597471593,0.15690908685981586,2.7349779304526756,1.51722,0,0,95,0.39094650205761317,7.216062605200001,17.54480025,41.129351730294,0.9960595309330101,0.9991304760790148,0.9930455400965307,0.9960783258551535,-6.951250680243009
lstm_features_1_4_ts42_ensemble,lstm_features_1_4,"LSTM with Features 1&4 (42 TimeSteps), Ensemble",DEEP_LEARNING,42,ensemble,00_04,NEG,AVERAGE,243,3.0695904245754027,0.19339459288300612,1.7962236600823047,1.0187838999999999,0,0,231,0.9506172839506173,5.9333808196,7.5244800332,78.85436327055626,0.9951432678232369,0.9994819908577204,0.9954325900466635,0.9966705227583473,64.60379737002715
lstm_features_1_4_ts42_ensemble,lstm_features_1_4,"LSTM with Features 1&4 (42 TimeSteps), Ensemble",DEEP_LEARNING,42,ensemble,00_04,NEG,MARGINAL,243,7.247679086986523,0.26155709479080713,3.6396145802469135,1.5512069,0,0,202,0.831275720164609,5.780990610000001,10.485960278399999,55.13076968170715,0.993431498061067,0.9987769169471895,0.9907452439083412,0.9943090224230879,43.7198628278301
lstm_features_1_4_ts42_ensemble,lstm_features_1_4,"LSTM with Features 1&4 (42 TimeSteps), Ensemble",DEEP_LEARNING,42,ensemble,00_04,POS,AVERAGE,243,1.711775205544438,0.32948412723413995,1.3154991094650208,1.0217113999999996,0,0,75,0.30864197530864196,1.2809848176,3.9527597800000005,32.407353062067436,0.9917256416603188,0.9997111291464489,0.9966549690555236,0.9959875305711594,664.0581433392219
lstm_features_1_4_ts42_ensemble,lstm_features_1_4,"LSTM with Features 1&4 (42 TimeSteps), Ensemble",DEEP_LEARNING,42,ensemble,00_04,POS,MARGINAL,243,4.11269731860686,0.7804176270343072,3.402498142798354,2.9016671,0,0,13,0.053497942386831275,0.40699476719999994,4.755639932399999,8.558149333955239,0.9804013165827055,0.9993059612144308,0.9913481799460797,0.9902523142210884,765.3609030296217
lstm_features_1_4_ts42_ensemble,lstm_features_1_4,"LSTM with Features 1&4 (42 TimeSteps), Ensemble",DEEP_LEARNING,42,ensemble,04_08,NEG,AVERAGE,243,1.6429208814917404,0.13504551412952664,0.9715989946502058,0.40544350000000007,0,0,239,0.9835390946502057,5.3190903332,6.092240204,87.30926810317867,0.9966085923912198,0.9997227486671052,0.997529432989089,0.9979401413595589,-9.779353322444623
lstm_features_1_4_ts42_ensemble,lstm_features_1_4,"LSTM with Features 1&4 (42 TimeSteps), Ensemble",DEEP_LEARNING,42,ensemble,04_08,NEG,MARGINAL,243,5.013460194134987,0.17706440313446614,1.9851463366255144,0.755445299999999,0,0,174,0.7160493827160493,4.8218367112,8.573920134400002,56.23841411647847,0.9955533690407635,0.9991539528550047,0.9949522003644482,0.9965431760362791,-25.371942932634443
lstm_features_1_4_ts42_ensemble,lstm_features_1_4,"LSTM with Features 1&4 (42 TimeSteps), Ensemble",DEEP_LEARNING,42,ensemble,04_08,POS,AVERAGE,243,3.9185492215085236,0.13186320962193682,1.7072294362139917,0.8475010000000003,0,0,190,0.7818930041152263,7.709233864400001,10.608559304800002,72.66994172254702,0.9966885098308331,0.9993387247025001,0.995658883193179,0.9972233039480574,42.82930606383088
lstm_features_1_4_ts42_ensemble,lstm_features_1_4,"LSTM with Features 1&4 (42 TimeSteps), Ensemble",DEEP_LEARNING,42,ensemble,04_08,POS,MARGINAL,243,20.507557785237356,0.2211020220934741,4.611556930041153,1.7037185000000008,0,0,116,0.4773662551440329,5.5440786292,14.250879452400001,38.90341398029521,0.994447449181279,0.9965392443455876,0.98827380381924,0.993100438616028,79.67207120213315
lstm_features_1_4_ts42_ensemble,lstm_features_1_4,"LSTM with Features 1&4 (42 TimeSteps), Ensemble",DEEP_LEARNING,42,ensemble,08_12,NEG,AVERAGE,243,5.40850167194857,0.21155626279948053,3.0657270014814815,1.2082352999999997,0,0,230,0.9465020576131687,8.14869233776,11.115999204,73.30598165955033,0.9946871725138895,0.9990872875776281,0.9922045164352543,0.9953199339789737,66.47029083845743
lstm_features_1_4_ts42_ensemble,lstm_features_1_4,"LSTM with Features 1&4 (42 TimeSteps), Ensemble",DEEP_LEARNING,42,ensemble,08_12,NEG,MARGINAL,243,18.179478772778,0.2897008556597638,5.992591467901234,1.9055809999999997,0,0,147,0.6049382716049383,7.1523732488,15.307239597599999,46.72542820797951,0.9927247217911117,0.9969321196304295,0.9847621303933178,0.9914855079168146,69.3802567624143
lstm_features_1_4_ts42_ensemble,lstm_features_1_4,"LSTM with Features 1&4 (42 TimeSteps), Ensemble",DEEP_LEARNING,42,ensemble,08_12,POS,AVERAGE,243,7.320741018776574,0.15059140704167648,3.472101020164609,1.4297170000000001,0,0,195,0.8024691358024691,13.197491272800002,17.759679465599998,74.31153979081195,0.9962181872759711,0.9987645873711273,0.9911711948178196,0.9953929917961827,28.98777281825724
lstm_features_1_4_ts42_ensemble,lstm_features_1_4,"LSTM with Features 1&4 (42 TimeSteps), Ensemble",DEEP_LEARNING,42,ensemble,08_12,POS,MARGINAL,243,17.09372050740094,0.19866796869933898,7.371533665432099,2.002097000000001,0,0,150,0.6172839506172839,11.122836586000002,23.3909594152,47.551861334820316,0.9950108371610061,0.9971153469115899,0.9812557773382703,0.991166155637196,-2.4457591358531774
lstm_features_1_4_ts42_ensemble,lstm_features_1_4,"LSTM with Features 1&4 (42 TimeSteps), Ensemble",DEEP_LEARNING,42,ensemble,12_16,NEG,AVERAGE,243,9.062278779074362,0.2559434337268526,6.422377481069958,4.5473099999999995,0,0,242,0.9958847736625515,16.9840926896,23.0065574596,73.82283385693155,0.9935724743309425,0.9984706939336716,0.9836692771156466,0.9919208317187955,213.3875775632619
lstm_features_1_4_ts42_ensemble,lstm_features_1_4,"LSTM with Features 1&4 (42 TimeSteps), Ensemble",DEEP_LEARNING,42,ensemble,12_16,NEG,MARGINAL,243,27.629417442529032,0.3278832021752451,10.279858946707817,6.981057,0,0,209,0.8600823045267489,16.609675485,30.050997300000002,55.27162815658034,0.9917658458052756,0.9953373939674481,0.9738605324517676,0.987035703292135,183.41659316992286
lstm_features_1_4_ts42_ensemble,lstm_features_1_4,"LSTM with Features 1&4 (42 TimeSteps), Ensemble",DEEP_LEARNING,42,ensemble,12_16,POS,AVERAGE,243,15.313603989665758,0.18911353811514195,3.7404509790123464,1.380509,0,0,135,0.5555555555555556,6.441762798400001,12.4003592184,51.948195088103034,0.9952507782563448,0.9974157507124121,0.9904888386612581,0.9943937791004684,82.08814718603948
lstm_features_1_4_ts42_ensemble,lstm_features_1_4,"LSTM with Features 1&4 (42 TimeSteps), Ensemble",DEEP_LEARNING,42,ensemble,12_16,POS,MARGINAL,243,92.42329513935437,0.3135326629203851,13.579798638271603,2.7095857,0,0,46,0.18930041152263374,3.487050692,22.7001991136,15.36132205074298,0.9921262319190443,0.9844030944785048,0.9654694964535178,0.9807808738600425,77.42893204879007
lstm_features_1_4_ts42_ensemble,lstm_features_1_4,"LSTM with Features 1&4 (42 TimeSteps), Ensemble",DEEP_LEARNING,42,ensemble,16_20,NEG,AVERAGE,243,2.975329528496854,0.394391850988405,1.9102705420576132,0.7691873,0,0,151,0.6213991769547325,4.83207861228,6.763039872199999,71.44832358807516,0.9900956093735915,0.9994978978678339,0.9951425933856368,0.9948638693006666,151.990618008362
lstm_features_1_4_ts42_ensemble,lstm_features_1_4,"LSTM with Features 1&4 (42 TimeSteps), Ensemble",DEEP_LEARNING,42,ensemble,16_20,NEG,MARGINAL,243,5.663441434859725,0.5847710402890065,3.148787686255144,1.405247000000001,0,0,113,0.46502057613168724,4.986006943039999,8.514640332119999,58.55804530264367,0.9853146032416277,0.9990442651838712,0.9919933110008772,0.9920493652431204,135.19133537574547
lstm_features_1_4_ts42_ensemble,lstm_features_1_4,"LSTM with Features 1&4 (42 TimeSteps), Ensemble",DEEP_LEARNING,42,ensemble,16_20,POS,AVERAGE,243,16.83965034664083,0.17267795863540764,6.745440903703703,2.6753549999999997,0,0,185,0.7613168724279835,17.692510655600003,26.775798113999997,66.0765015491706,0.9956635261336925,0.9971582225555197,0.9828477964031451,0.9919275851418148,24.849077480457986
lstm_features_1_4_ts42_ensemble,lstm_features_1_4,"LSTM with Features 1&4 (42 TimeSteps), Ensemble",DEEP_LEARNING,42,ensemble,16_20,POS,MARGINAL,243,35.75712610932989,0.23708619041229076,14.320794661728392,4.096622999999999,0,0,163,0.6707818930041153,16.6984924168,35.721720065999996,46.74604802329678,0.9940460376245466,0.9939658014053003,0.9635853031383244,0.983967517291742,-1.078428452859686
lstm_features_1_4_ts42_ensemble,lstm_features_1_4,"LSTM with Features 1&4 (42 TimeSteps), Ensemble",DEEP_LEARNING,42,ensemble,20_24,NEG,AVERAGE,243,0.669483961793869,0.2669750581484422,0.5015428295061729,0.40505800000000036,0,0,151,0.6213991769547325,1.6352009535999998,2.2389599894,73.03395153739231,0.9932954363616199,0.9998870211445663,0.9987246845911126,0.9972623112557248,167.0824215729469
lstm_features_1_4_ts42_ensemble,lstm_features_1_4,"LSTM with Features 1&4 (42 TimeSteps), Ensemble",DEEP_LEARNING,42,ensemble,20_24,NEG,MARGINAL,243,1.5890245863509846,0.36364252610987646,1.0725585512345677,0.6933052000000002,0,0,69,0.2839506172839506,0.85407589336,3.17832014352,26.871927772955818,0.9908678193579815,0.9997318439435936,0.9972727145781943,0.9959065628939037,84.25971645850808
lstm_features_1_4_ts42_ensemble,lstm_features_1_4,"LSTM with Features 1&4 (42 TimeSteps), Ensemble",DEEP_LEARNING,42,ensemble,20_24,POS,AVERAGE,243,2.7170516167414296,0.13071775875334352,1.960789293415638,1.3277800000000006,0,0,192,0.7901234567901234,12.067297428400002,14.7366389548,81.88636137054478,0.9967172756200284,0.9995414835913452,0.9950141350800757,0.9970872278723786,42.279543097754136
lstm_features_1_4_ts42_ensemble,lstm_features_1_4,"LSTM with Features 1&4 (42 TimeSteps), Ensemble",DEEP_LEARNING,42,ensemble,20_24,POS,MARGINAL,243,6.4035555737274015,0.23836115040294598,3.9510269662551445,3.062971000000001,0,0,106,0.43621399176954734,9.340055620400001,17.54480025,53.235462856865524,0.9940140194635505,0.9989193671234673,0.989953389272944,0.994292776228423,87.84726061657867
lstm_features_1_4_ts42_recency,lstm_features_1_4,"LSTM with Features 1&4 (42 TimeSteps), Weighted Ensemble",DEEP_LEARNING,42,recency,00_04,NEG,AVERAGE,243,2.652052967658113,0.12388694417467597,1.2337562827160498,0.41532899999999984,0,0,213,0.8765432098765432,6.0842944092,7.5244800332,80.85999806437762,0.9968888183527551,0.9995524524470568,0.9968628234607428,0.9977592392895107,-32.89574898278625
lstm_features_1_4_ts42_recency,lstm_features_1_4,"LSTM with Features 1&4 (42 TimeSteps), Weighted Ensemble",DEEP_LEARNING,42,recency,00_04,NEG,MARGINAL,243,6.999479875654271,0.22390067332960348,3.354514152674897,1.1465169999999993,0,0,176,0.7242798353909465,4.992533118000001,10.485960278399999,47.61159670120157,0.99437716645358,0.998818801838264,0.9914701928996785,0.9948836048577383,6.225201789506734
lstm_features_1_4_ts42_recency,lstm_features_1_4,"LSTM with Features 1&4 (42 TimeSteps), Weighted Ensemble",DEEP_LEARNING,42,recency,00_04,POS,AVERAGE,243,1.08618583102672,0.14793803730280985,0.6296579901234567,0.3342990000000001,0,0,161,0.6625514403292181,2.473029584,3.9527597800000005,62.564631337146416,0.9962848215390883,0.9998167005649413,0.9983989153270835,0.9981479925676582,149.99610776600787
lstm_features_1_4_ts42_recency,lstm_features_1_4,"LSTM with Features 1&4 (42 TimeSteps), Weighted Ensemble",DEEP_LEARNING,42,recency,00_04,POS,MARGINAL,243,2.724895372407459,0.3969103800046562,1.8816003753086419,1.2833352000000002,0,0,26,0.10699588477366255,0.5596347248,4.755639932399999,11.767811120165538,0.9900323613751393,0.9995401599173096,0.9952154954455992,0.9948803691373073,282.7276077127181
lstm_features_1_4_ts42_recency,lstm_features_1_4,"LSTM with Features 1&4 (42 TimeSteps), Weighted Ensemble",DEEP_LEARNING,42,recency,04_08,NEG,AVERAGE,243,1.2374535093698753,0.08983952775889459,0.6555917987654322,0.31280900000000056,0,0,238,0.9794238683127572,5.7230028416000005,6.092240204,93.93921857911037,0.997743853544676,0.999791173367669,0.9983329712365164,0.9986138779245711,-30.39269277578882
lstm_features_1_4_ts42_recency,lstm_features_1_4,"LSTM with Features 1&4 (42 TimeSteps), Weighted Ensemble",DEEP_LEARNING,42,recency,04_08,NEG,MARGINAL,243,4.783139717668526,0.15703953755946734,1.7747426839506173,0.6709017999999998,0,0,144,0.5925925925925926,4.0156236976,8.573920134400002,46.835328935344826,0.9960562549153045,0.9991928206177879,0.9954872115430682,0.9969035372842862,-33.723728485704626
lstm_features_1_4_ts42_recency,lstm_features_1_4,"LSTM with Features 1&4 (42 TimeSteps), Weighted Ensemble",DEEP_LEARNING,42,recency,04_08,POS,AVERAGE,243,3.9281278406368085,0.1276295415102413,1.6924611209876543,0.8580373999999997,0,0,191,0.7860082304526749,7.8634043924,10.608559304800002,74.12320718084769,0.9967948302394717,0.9993371082613491,0.9956964358384636,0.9972713118343586,44.60500509003953
lstm_features_1_4_ts42_recency,lstm_features_1_4,"LSTM with Features 1&4 (42 TimeSteps), Weighted Ensemble",DEEP_LEARNING,42,recency,04_08,POS,MARGINAL,243,20.58834779034659,0.22184948885897046,4.759809200823045,1.7882485999999993,0,0,150,0.6172839506172839,6.8569733196,14.250879452400001,48.116141480975145,0.9944286779951929,0.9965256106174797,0.9878968302205607,0.9929651559949191,88.5865122591054
lstm_features_1_4_ts42_recency,lstm_features_1_4,"LSTM with Features 1&4 (42 TimeSteps), Weighted Ensemble",DEEP_LEARNING,42,recency,08_12,NEG,AVERAGE,243,4.10055473911238,0.14563663855646983,2.085183395473251,0.7333030000000011,0,0,232,0.9547325102880658,9.100689819600001,11.115999204,81.87019135738326,0.9963426167296171,0.999308010337056,0.9946978276666392,0.9967784162292892,1.0342635103556208
lstm_features_1_4_ts42_recency,lstm_features_1_4,"LSTM with Features 1&4 (42 TimeSteps), Weighted Ensemble",DEEP_LEARNING,42,recency,08_12,NEG,MARGINAL,243,17.07924199380223,0.2517828329772848,5.1056099987654315,1.3228001000000003,0,0,128,0.5267489711934157,7.0931122028,15.307239597599999,46.33828429726885,0.9936769597937152,0.997117790235087,0.9870175332591115,0.9926148230829488,17.578953916599396
lstm_features_1_4_ts42_recency,lstm_features_1_4,"LSTM with Features 1&4 (42 TimeSteps), Weighted Ensemble",DEEP_LEARNING,42,recency,08_12,POS,AVERAGE,243,6.903559873265621,0.15842248944892912,3.488329974897119,1.743132000000001,0,0,158,0.6502057613168725,11.847306414800002,17.759679465599998,66.70901036107043,0.9960215247460669,0.9988349888310847,0.9911299280808176,0.9953357409945905,57.26379025236078
lstm_features_1_4_ts42_recency,lstm_features_1_4,"LSTM with Features 1&4 (42 TimeSteps), Weighted Ensemble",DEEP_LEARNING,42,recency,08_12,POS,MARGINAL,243,16.00529715472984,0.20904214870114607,7.045079917695473,2.2168279999999996,0,0,104,0.4279835390946502,8.294122679200001,23.3909594152,35.458668163095034,0.9947503096401938,0.9972990239399128,0.9820858789174066,0.9914121232205813,8.017230267257148
lstm_features_1_4_ts42_recency,lstm_features_1_4,"LSTM with Features 1&4 (42 TimeSteps), Weighted Ensemble",DEEP_LEARNING,42,recency,12_16,NEG,AVERAGE,243,5.146274813067043,0.13160630990141378,3.3043337288065846,1.8346350000000058,0,0,232,0.9547325102880658,19.2475757724,23.0065574596,83.66125964825093,0.9966949613718005,0.9991315397062392,0.9915977909112915,0.9958169659701974,26.437788134694344
lstm_features_1_4_ts42_recency,lstm_features_1_4,"LSTM with Features 1&4 (42 TimeSteps), Weighted Ensemble",DEEP_LEARNING,42,recency,12_16,NEG,MARGINAL,243,27.13011157306588,0.2642027628124991,8.412256575514402,3.7472018,0,0,194,0.7983539094650206,15.5414995838,30.050997300000002,51.7170842240234,0.9933650572117214,0.9954216543961701,0.978609443096154,0.9891743816244523,52.12870602205406
lstm_features_1_4_ts42_recency,lstm_features_1_4,"LSTM with Features 1&4 (42 TimeSteps), Weighted Ensemble",DEEP_LEARNING,42,recency,12_16,POS,AVERAGE,243,15.204762862643092,0.16460335100180318,3.4941261502057612,0.9136465000000005,0,0,154,0.6337448559670782,7.29469062,12.4003592184,58.82644600469261,0.99586630432994,0.9974341182113469,0.991115189655206,0.9948158150681421,20.509318206552727
lstm_features_1_4_ts42_recency,lstm_features_1_4,"LSTM with Features 1&4 (42 TimeSteps), Weighted Ensemble",DEEP_LEARNING,42,recency,12_16,POS,MARGINAL,243,92.08515969757363,0.3264111467054535,13.611659552263376,2.951664000000001,0,0,46,0.18930041152263374,3.3221705227999996,22.7001991136,14.634984064124978,0.9918028136390684,0.9844601565701666,0.96538848101044,0.9806630070388834,93.28068910566665
lstm_features_1_4_ts42_recency,lstm_features_1_4,"LSTM with Features 1&4 (42 TimeSteps), Weighted Ensemble",DEEP_LEARNING,42,recency,16_20,NEG,AVERAGE,243,1.7472186480117542,0.2123290839588382,0.9867450628395062,0.40631269999999997,0,0,185,0.7613168724279835,5.854227095600001,6.763039872199999,86.56206685493983,0.9946677646011057,0.9997051478835791,0.9974909197993682,0.9972617422997486,33.11060697133998
lstm_features_1_4_ts42_recency,lstm_features_1_4,"LSTM with Features 1&4 (42 TimeSteps), Weighted Ensemble",DEEP_LEARNING,42,recency,16_20,NEG,MARGINAL,243,4.764345875167882,0.45065161400896,2.419315571028806,1.0933156000000004,0,0,104,0.4279835390946502,5.227022461999999,8.514640332119999,61.38864659123611,0.9886827539403257,0.9991959921751905,0.993848201499098,0.9938567202522259,82.98445465539814
lstm_features_1_4_ts42_recency,lstm_features_1_4,"LSTM with Features 1&4 (42 TimeSteps), Weighted Ensemble",DEEP_LEARNING,42,recency,16_20,POS,AVERAGE,243,15.343702664240128,0.17735451760465684,6.466929683539096,2.4501139999999992,0,0,147,0.6049382716049383,16.1794535496,26.775798113999997,60.42566305853796,0.9955460833754235,0.9974106714065623,0.983555990459022,0.9922046667632867,14.33790006259161
lstm_features_1_4_ts42_recency,lstm_features_1_4,"LSTM with Features 1&4 (42 TimeSteps), Weighted Ensemble",DEEP_LEARNING,42,recency,16_20,POS,MARGINAL,243,31.578444288887503,0.23432896354031607,12.429394084362137,4.399428999999998,0,0,99,0.4074074074074074,13.379385412,35.721720065999996,37.454482559294576,0.99411528005924,0.9946709754142941,0.9683947274960979,0.9858108771805709,6.233458775694964
lstm_features_1_4_ts42_recency,lstm_features_1_4,"LSTM with Features 1&4 (42 TimeSteps), Weighted Ensemble",DEEP_LEARNING,42,recency,20_24,NEG,AVERAGE,243,0.503142045598098,0.13813011086304564,0.31047281407407407,0.1935948500000001,0,0,190,0.7818930041152263,1.8251218394800004,2.2389599894,81.51650088079954,0.9965311286938915,0.9999150921968617,0.9992105344936959,0.9985320405638072,27.65031512043066
lstm_features_1_4_ts42_recency,lstm_features_1_4,"LSTM with Features 1&4 (42 TimeSteps), Weighted Ensemble",DEEP_LEARNING,42,recency,20_24,NEG,MARGINAL,243,1.5166461586021314,0.25516935209869923,0.8966795166255145,0.4620313000000005,0,0,79,0.32510288065843623,0.9498488228799999,3.17832014352,29.885246922546933,0.993591913897969,0.9997440581748401,0.9977199370879011,0.9969843691620142,22.794054238964247
lstm_features_1_4_ts42_recency,lstm_features_1_4,"LSTM with Features 1&4 (42 TimeSteps), Weighted Ensemble",DEEP_LEARNING,42,recency,20_24,POS,AVERAGE,243,2.0473666065824125,0.10124139276717169,1.3102770460905349,0.8265070000000012,0,0,182,0.7489711934156379,11.734394411999999,14.7366389548,79.62734547539338,0.9974575176971463,0.9996544963747226,0.9966682476381209,0.9979220615412682,-11.434847394074627
lstm_features_1_4_ts42_recency,lstm_features_1_4,"LSTM with Features 1&4 (42 TimeSteps), Weighted Ensemble",DEEP_LEARNING,42,recency,20_24,POS,MARGINAL,243,5.069385440920381,0.19350522832368222,2.947525689300411,2.0473849999999985,0,0,71,0.29218106995884774,6.7607791524000005,17.54480025,38.534375177055665,0.9951404894275403,0.9991445151825104,0.9925050769176434,0.9955921317984144,25.562946458674762
lstm_features_1_4_ts42_single,lstm_features_1_4,"LSTM with Features 1&4 (42 TimeSteps), Single",DEEP_LEARNING,42,single,00_04,NEG,AVERAGE,243,3.073320069156745,0.1372545967651043,1.487427651028807,0.4107631999999999,0,0,211,0.8683127572016461,5.808883939999999,7.5244800332,77.19980536023307,0.9965531155417515,0.9994813614610507,0.9962177917988979,0.9974087798599787,-33.633440281237334
lstm_features_1_4_ts42_single,lstm_features_1_4,"LSTM with Features 1&4 (42 TimeSteps), Single",DEEP_LEARNING,42,single,00_04,NEG,MARGINAL,243,6.437246770442891,0.19599193513806082,2.9091393016460905,0.8342014999999998,0,0,142,0.5843621399176955,5.0006758248,10.485960278399999,47.68925012143026,0.9950780405823088,0.9989136815610635,0.9926026852349935,0.9955269348406839,-22.7109387208308
lstm_features_1_4_ts42_single,lstm_features_1_4,"LSTM with Features 1&4 (42 TimeSteps), Single",DEEP_LEARNING,42,single,00_04,POS,AVERAGE,243,1.3891228079987556,0.22777900336041595,0.9489965164609053,0.6084581,0,0,116,0.4773662551440329,1.8576013171999999,3.9527597800000005,46.99504702003418,0.9942797696754594,0.9997655783949118,0.9975869062237124,0.9971814416138023,355.01828225241576
lstm_features_1_4_ts42_single,lstm_features_1_4,"LSTM with Features 1&4 (42 TimeSteps), Single",DEEP_LEARNING,42,single,00_04,POS,MARGINAL,243,2.2396616709198707,0.21630480386970635,1.184462849382716,0.5618631999999999,0,0,94,0.3868312757201646,1.5715256464,4.755639932399999,33.04551372136594,0.9945679220639951,0.9996220455954445,0.9969881660464376,0.9970344633435795,67.56382774961084
lstm_features_1_4_ts42_single,lstm_features_1_4,"LSTM with Features 1&4 (42 TimeSteps), Single",DEEP_LEARNING,42,single,04_08,NEG,AVERAGE,243,1.2306879017417813,0.08362525371062589,0.6247015868312757,0.28182799999999997,0,0,239,0.9835390946502057,5.857397904,6.092240204,96.14522257599413,0.9978999130511779,0.9997923150986884,0.998411518393301,0.9986932354897571,-37.286688744937166
lstm_features_1_4_ts42_single,lstm_features_1_4,"LSTM with Features 1&4 (42 TimeSteps), Single",DEEP_LEARNING,42,single,04_08,NEG,MARGINAL,243,4.506194090621005,0.14896910740622007,1.6314813045267487,0.5749884000000001,0,0,143,0.588477366255144,4.264102652,8.573920134400002,49.73340764968998,0.9962589282021905,0.9992395566140878,0.9958514943798055,0.9971080824167297,-43.19871057735977
lstm_features_1_4_ts42_single,lstm_features_1_4,"LSTM with Features 1&4 (42 TimeSteps), Single",DEEP_LEARNING,42,single,04_08,POS,AVERAGE,243,4.077741433996386,0.1446392747340045,1.8478543238683132,0.9425099999999986,0,0,171,0.7037037037037037,7.030633346000001,10.608559304800002,66.27321527833554,0.9963676635982823,0.9993118601994093,0.995301304387247,0.9969873499370127,58.8411686336901
lstm_features_1_4_ts42_single,lstm_features_1_4,"LSTM with Features 1&4 (42 TimeSteps), Single",DEEP_LEARNING,42,single,04_08,POS,MARGINAL,243,20.743965244693655,0.2185719145713868,4.9262150164609055,1.8582549999999998,0,0,163,0.6707818930041153,7.0730972328,14.250879452400001,49.63270692468607,0.9945109879515724,0.9964993493731766,0.9874736960666534,0.9928448408986786,95.9693016608787
lstm_features_1_4_ts42_single,lstm_features_1_4,"LSTM with Features 1&4 (42 TimeSteps), Single",DEEP_LEARNING,42,single,08_12,NEG,AVERAGE,243,3.248226339173218,0.12531238217558324,1.5721836847736625,0.5488839999999993,0,0,217,0.8930041152263375,9.0442809096,11.115999204,81.36273441208498,0.9968530212267767,0.9994518451300819,0.996002275457178,0.9974298870108997,-24.374930018535483
lstm_features_1_4_ts42_single,lstm_features_1_4,"LSTM with Features 1&4 (42 TimeSteps), Single",DEEP_LEARNING,42,single,08_12,NEG,MARGINAL,243,16.29421227918678,0.2365805501499704,4.937788586008232,1.5887998999999997,0,0,152,0.6255144032921811,8.0568572444,15.307239597599999,52.63429237537527,0.9940587358044454,0.9972502680294781,0.9874442669716464,0.9929291667238825,41.22272157735523
lstm_features_1_4_ts42_single,lstm_features_1_4,"LSTM with Features 1&4 (42 TimeSteps), Single",DEEP_LEARNING,42,single,08_12,POS,AVERAGE,243,7.372902031948523,0.18176829372961908,3.8856361337448555,2.201723000000001,0,0,145,0.5967078189300411,10.336612962,17.759679465599998,58.20270000943276,0.9954352399014278,0.9987557849323793,0.9901196640781933,0.9947768797399745,98.63745491781376
lstm_features_1_4_ts42_single,lstm_features_1_4,"LSTM with Features 1&4 (42 TimeSteps), Single",DEEP_LEARNING,42,single,08_12,POS,MARGINAL,243,15.801317860935402,0.19674764051792698,6.9084303407407415,2.158218999999999,0,0,108,0.4444444444444444,8.9329240216,23.3909594152,38.18964354149225,0.9950590624993135,0.9973334464928941,0.9824333493643073,0.9916431238826431,5.161446305337803
lstm_features_1_4_ts42_single,lstm_features_1_4,"LSTM with Features 1&4 (42 TimeSteps), Single",DEEP_LEARNING,42,single,12_16,NEG,AVERAGE,243,6.366808119236753,0.128963672767622,3.3249657777777784,1.1758408999999999,0,0,219,0.9012345679012346,18.634862179200002,23.0065574596,80.99804680436529,0.9967613261062425,0.9989255684450603,0.9915453280538407,0.9957542467207599,-18.964413851088725
lstm_features_1_4_ts42_single,lstm_features_1_4,"LSTM with Features 1&4 (42 TimeSteps), Single",DEEP_LEARNING,42,single,12_16,NEG,MARGINAL,243,26.972137727383103,0.20179613363597054,7.806724499999999,3.1010109999999997,0,0,173,0.7119341563786008,16.859403022800002,30.050997300000002,56.10264063615619,0.9949322793322919,0.995448313293608,0.9801491807637017,0.9902241480118915,25.894685146168488
lstm_features_1_4_ts42_single,lstm_features_1_4,"LSTM with Features 1&4 (42 TimeSteps), Single",DEEP_LEARNING,42,single,12_16,POS,AVERAGE,243,15.462118855548372,0.14318327294421626,3.3537527181069966,0.6298859999999991,0,0,204,0.8395061728395061,8.8552705296,12.4003592184,71.41140327983645,0.9964042282748665,0.9973906880663744,0.9914721290638108,0.9951021672664158,-16.918488268873663
lstm_features_1_4_ts42_single,lstm_features_1_4,"LSTM with Features 1&4 (42 TimeSteps), Single",DEEP_LEARNING,42,single,12_16,POS,MARGINAL,243,92.62594225857485,0.2481874465535538,13.094390511111111,1.3076399999999992,0,0,119,0.4897119341563786,5.853257026400001,22.7001991136,25.785047069887746,0.9937672509888914,0.9843688967368216,0.9667037847889257,0.9817348502397197,-14.373194136550197
lstm_features_1_4_ts42_single,lstm_features_1_4,"LSTM with Features 1&4 (42 TimeSteps), Single",DEEP_LEARNING,42,single,16_20,NEG,AVERAGE,243,1.4362848794750291,0.17255097148007423,0.6971093355967076,0.23962155000000007,0,0,200,0.823045267489712,6.1786168883200006,6.763039872199999,91.35857550859171,0.9956667151711632,0.9997576195532376,0.998227401081098,0.9978617399675263,-21.498466663943056
lstm_features_1_4_ts42_single,lstm_features_1_4,"LSTM with Features 1&4 (42 TimeSteps), Single",DEEP_LEARNING,42,single,16_20,NEG,MARGINAL,243,4.009784997036471,0.3661108305351673,1.6436097284773663,0.7191428000000002,0,0,97,0.3991769547325103,5.3538121518,8.514640332119999,62.877725223503276,0.990805832653257,0.9993233281970093,0.9958206544095382,0.995271497362268,20.360445856032825
lstm_features_1_4_ts42_single,lstm_features_1_4,"LSTM with Features 1&4 (42 TimeSteps), Single",DEEP_LEARNING,42,single,16_20,POS,AVERAGE,243,16.52103130037042,0.19467993632533076,6.8828336563786,2.923016000000004,0,0,154,0.6337448559670782,16.630941584000002,26.775798113999997,62.111842616950206,0.99511098890188,0.9972119911552492,0.98249843622043,0.9916421772606134,36.40651467211601
lstm_features_1_4_ts42_single,lstm_features_1_4,"LSTM with Features 1&4 (42 TimeSteps), Single",DEEP_LEARNING,42,single,16_20,POS,MARGINAL,243,33.00649220325679,0.21415107885906884,12.685238681069961,3.3067519999999995,0,0,130,0.5349794238683128,15.491003652,35.721720065999996,43.36578312404494,0.9946220087134879,0.9944299849976788,0.967744169782446,0.9856889540400271,-20.151523692404858
lstm_features_1_4_ts42_single,lstm_features_1_4,"LSTM with Features 1&4 (42 TimeSteps), Single",DEEP_LEARNING,42,single,20_24,NEG,AVERAGE,243,0.498872120857906,0.1168616715394553,0.2914977035802469,0.14882319999999982,0,0,235,0.9670781893004116,2.01262893096,2.2389599894,89.89124149107049,0.9970652445244974,0.9999158127685818,0.9992587841134182,0.9987298001093892,-1.8706934754160902
lstm_features_1_4_ts42_single,lstm_features_1_4,"LSTM with Features 1&4 (42 TimeSteps), Single",DEEP_LEARNING,42,single,20_24,NEG,MARGINAL,243,1.4672525324266186,0.2273359134953158,0.7872163023868313,0.37015259999999994,0,0,85,0.3497942386831276,1.12533280456,3.17832014352,35.406527780228274,0.9942908970227805,0.9997523936028258,0.9979982784689599,0.9973166267714347,-1.624546992609413
lstm_features_1_4_ts42_single,lstm_features_1_4,"LSTM with Features 1&4 (42 TimeSteps), Single",DEEP_LEARNING,42,single,20_24,POS,AVERAGE,243,3.0688086163864767,0.13660227315441364,1.8956199716049382,1.1533659999999983,0,0,180,0.7407407407407407,11.6661387144,14.7366389548,79.16417542821132,0.9965694973910187,0.9994821227918658,0.9951798466313181,0.9970720790225971,23.59004315811654
lstm_features_1_4_ts42_single,lstm_features_1_4,"LSTM with Features 1&4 (42 TimeSteps), Single",DEEP_LEARNING,42,single,20_24,POS,MARGINAL,243,5.263949006626558,0.14865761541470707,2.7389432300411527,1.5259625999999997,0,0,129,0.5308641975308642,9.978028956800001,17.54480025,56.871715919364775,0.9962667507227452,0.9991116815819807,0.993035457193599,0.9961392510416747,-6.415080582430642
lstm_features_1_ts168_ensemble,lstm_features_1,"LSTM with Feature 1 (168 TimeSteps), Ensemble",DEEP_LEARNING,168,ensemble,00_04,NEG,AVERAGE,243,3.916654062102188,0.22388995028384945,2.2128069456790125,0.9582781999999996,0,0,235,0.9670781893004116,5.3098935192,7.5244800332,70.56824519131347,0.9943774357421913,0.9993390445203789,0.9943733084620189,0.9960134046365363,54.827957780756364
lstm_features_1_ts168_ensemble,lstm_features_1,"LSTM with Feature 1 (168 TimeSteps), Ensemble",DEEP_LEARNING,168,ensemble,00_04,NEG,MARGINAL,243,7.591305334103642,0.2189655679509816,3.286557179835391,0.8864649999999998,0,0,114,0.4691358024691358,4.8681470396,10.485960278399999,46.42538127507391,0.9945011021062307,0.9987189282539395,0.9916429928471703,0.9949498086794846,-17.868707132702678
lstm_features_1_ts168_ensemble,lstm_features_1,"LSTM with Feature 1 (168 TimeSteps), Ensemble",DEEP_LEARNING,168,ensemble,00_04,POS,AVERAGE,243,1.466254675486151,0.2652313410204401,1.0612617456790125,0.7680679000000001,0,0,77,0.3168724279835391,1.3509645048,3.9527597800000005,34.17775377182167,0.993339226453972,0.999752561996307,0.9973014399219708,0.9967631576273822,474.37798348188693
lstm_features_1_ts168_ensemble,lstm_features_1,"LSTM with Feature 1 (168 TimeSteps), Ensemble",DEEP_LEARNING,168,ensemble,00_04,POS,MARGINAL,243,4.271754844041389,0.8512660344512017,3.612939820576132,3.0023812999999997,0,0,13,0.053497942386831275,0.4151261804,4.755639932399999,8.729133960957821,0.9786220954843048,0.9992791194404718,0.9908130720778118,0.9894619356656973,795.3967851816113
lstm_features_1_ts168_ensemble,lstm_features_1,"LSTM with Feature 1 (168 TimeSteps), Ensemble",DEEP_LEARNING,168,ensemble,04_08,NEG,AVERAGE,243,1.7223428683973714,0.1630268760110114,1.039154618106996,0.594061,0,0,194,0.7983539094650206,4.9480840988,6.092240204,81.21945184550047,0.9959058944585962,0.999709345799092,0.9973576535866474,0.9976401139132168,32.19244502850634
lstm_features_1_ts168_ensemble,lstm_features_1,"LSTM with Feature 1 (168 TimeSteps), Ensemble",DEEP_LEARNING,168,ensemble,04_08,NEG,MARGINAL,243,5.205563261004705,0.2058792645518029,2.2729476049382717,0.9477640999999997,0,0,121,0.49794238683127573,4.179895510400001,8.573920134400002,48.75127648588142,0.9948297393749682,0.999121534476285,0.9942203837167295,0.9960449443911841,-6.373375622033225
lstm_features_1_ts168_ensemble,lstm_features_1,"LSTM with Feature 1 (168 TimeSteps), Ensemble",DEEP_LEARNING,168,ensemble,04_08,POS,AVERAGE,243,4.159476213539061,0.16896752082347055,2.1276335106995883,1.1690843000000002,0,0,194,0.7983539094650206,7.667594492,10.608559304800002,72.27743439705976,0.99575670662257,0.9992980670357656,0.9945898861651915,0.9965403048079897,97.02572539633516
lstm_features_1_ts168_ensemble,lstm_features_1,"LSTM with Feature 1 (168 TimeSteps), Ensemble",DEEP_LEARNING,168,ensemble,04_08,POS,MARGINAL,243,20.639168211234107,0.26102070638745667,5.049623109053498,2.2976230000000006,0,0,107,0.4403292181069959,5.2233190768,14.250879452400001,36.65260866353295,0.9934449684212201,0.9965170344105617,0.9871598958629505,0.9923846762534739,142.30451406829164
lstm_features_1_ts168_ensemble,lstm_features_1,"LSTM with Feature 1 (168 TimeSteps), Ensemble",DEEP_LEARNING,168,ensemble,08_12,NEG,AVERAGE,243,5.652938216065587,0.32122485515081123,3.317750796707819,1.7650652000000004,0,0,151,0.6213991769547325,7.299237407200001,11.115999204,65.66424909938307,0.9919330573480367,0.9990460376559623,0.9915636741969654,0.9941584444097986,143.19014449655643
lstm_features_1_ts168_ensemble,lstm_features_1,"LSTM with Feature 1 (168 TimeSteps), Ensemble",DEEP_LEARNING,168,ensemble,08_12,NEG,MARGINAL,243,17.174659205136244,0.3059941629729545,5.981415369958848,1.9118050000000002,0,0,144,0.5925925925925926,8.1404465276,15.307239597599999,53.18036916908473,0.9923155468048093,0.997101688090838,0.9847905488036283,0.991411724088809,69.93348578709987
lstm_features_1_ts168_ensemble,lstm_features_1,"LSTM with Feature 1 (168 TimeSteps), Ensemble",DEEP_LEARNING,168,ensemble,08_12,POS,AVERAGE,243,8.331927169728592,0.14960496882379756,3.840114321399177,1.2990070000000014,0,0,215,0.8847736625514403,13.256873122000002,17.759679465599998,74.64590308444582,0.9962429597691507,0.9985939445171015,0.9902354162439297,0.9950362953726516,17.1952350047779
lstm_features_1_ts168_ensemble,lstm_features_1,"LSTM with Feature 1 (168 TimeSteps), Ensemble",DEEP_LEARNING,168,ensemble,08_12,POS,MARGINAL,243,18.16158888921853,0.1973530065200927,7.735363509876543,1.852729,0,0,146,0.6008230452674898,10.6261058232,23.3909594152,45.4282598442495,0.9950438598998117,0.9969351386401202,0.9803306363940962,0.9908126181272274,-9.723868962398024
lstm_features_1_ts168_ensemble,lstm_features_1,"LSTM with Feature 1 (168 TimeSteps), Ensemble",DEEP_LEARNING,168,ensemble,12_16,NEG,AVERAGE,243,5.782463344615108,0.20887652034766305,3.705231006995885,1.9659744000000003,0,0,232,0.9547325102880658,18.6782466752,23.0065574596,81.18662128395087,0.9947544690768242,0.9990241796255859,0.9905783954655243,0.9947853692661868,35.489323307051315
lstm_features_1_ts168_ensemble,lstm_features_1,"LSTM with Feature 1 (168 TimeSteps), Ensemble",DEEP_LEARNING,168,ensemble,12_16,NEG,MARGINAL,243,27.550159788643242,0.2393174906636656,9.26887834403292,2.948442,0,0,170,0.6995884773662552,18.8315478112,30.050997300000002,62.66530066607805,0.9939900028225114,0.9953507691034206,0.9764312384111111,0.9886446634394493,19.700696728176503
lstm_features_1_ts168_ensemble,lstm_features_1,"LSTM with Feature 1 (168 TimeSteps), Ensemble",DEEP_LEARNING,168,ensemble,12_16,POS,AVERAGE,243,15.609232227260057,0.1252547206005046,3.242404355967078,0.8122284000000004,0,0,189,0.7777777777777778,7.9387582556,12.4003592184,64.02038937565816,0.996854469286016,0.9973658619296729,0.9917552639700186,0.9953404911041437,7.132343539869295
lstm_features_1_ts168_ensemble,lstm_features_1,"LSTM with Feature 1 (168 TimeSteps), Ensemble",DEEP_LEARNING,168,ensemble,12_16,POS,MARGINAL,243,93.05938408705856,0.20282866014315004,12.678092443621399,1.646744,0,0,80,0.3292181069958848,4.5183850292,22.7001991136,19.90460527058978,0.9949063494206226,0.9842957512031363,0.9677623411253454,0.9824473292714108,7.831994122847926
lstm_features_1_ts168_ensemble,lstm_features_1,"LSTM with Feature 1 (168 TimeSteps), Ensemble",DEEP_LEARNING,168,ensemble,16_20,NEG,AVERAGE,243,2.9497928274102425,0.6389008546488543,1.9499835248971191,1.0182020999999999,0,0,126,0.5185185185185185,4.85899510108,6.763039872199999,71.84631752731899,0.9839552373606865,0.9995022073172383,0.9950416118224112,0.9927442410187177,233.56943937635472
lstm_features_1_ts168_ensemble,lstm_features_1,"LSTM with Feature 1 (168 TimeSteps), Ensemble",DEEP_LEARNING,168,ensemble,16_20,NEG,MARGINAL,243,4.606659259882158,0.5932718687675343,2.2747669067901235,1.0288649999999997,0,0,90,0.37037037037037035,5.168152591200001,8.514640332119999,60.69725073065088,0.9851011213309634,0.9992226026010242,0.9942157576239044,0.9927690401267539,72.19758040498652
lstm_features_1_ts168_ensemble,lstm_features_1,"LSTM with Feature 1 (168 TimeSteps), Ensemble",DEEP_LEARNING,168,ensemble,16_20,POS,AVERAGE,243,19.783150898008017,0.18695176768162486,8.075959592592593,2.6700680000000006,0,0,234,0.9629629629629629,18.804481402,26.775798113999997,70.22939641962675,0.995305066951115,0.9966614917266423,0.9794645739026393,0.9905253244210421,24.60235243924324
lstm_features_1_ts168_ensemble,lstm_features_1,"LSTM with Feature 1 (168 TimeSteps), Ensemble",DEEP_LEARNING,168,ensemble,16_20,POS,MARGINAL,243,38.41184004565597,0.25407591997448875,15.683699483539094,4.246818999999999,0,0,191,0.7860082304526749,17.170780160000003,35.721720065999996,48.06817848713614,0.993619373336734,0.993517804800234,0.9601197296761068,0.982530973311682,2.548369609860321
lstm_features_1_ts168_ensemble,lstm_features_1,"LSTM with Feature 1 (168 TimeSteps), Ensemble",DEEP_LEARNING,168,ensemble,20_24,NEG,AVERAGE,243,1.0337232107531937,0.40954343134526267,0.7721987295473252,0.64644055,0,0,116,0.4773662551440329,1.3347190965999998,2.2389599894,59.6133518651077,0.9897151066576109,0.9998255539014359,0.9980364649226775,0.9957976024755452,326.24243317487253
lstm_features_1_ts168_ensemble,lstm_features_1,"LSTM with Feature 1 (168 TimeSteps), Ensemble",DEEP_LEARNING,168,ensemble,20_24,NEG,MARGINAL,243,1.934915172641506,0.43275004255339755,1.1861960411934156,0.7661773000000001,0,0,56,0.23045267489711935,0.90798572268,3.17832014352,28.568101439724785,0.9891323173785106,0.9996734731314838,0.9969837589129035,0.9952018744833415,103.62693378752282
lstm_features_1_ts168_ensemble,lstm_features_1,"LSTM with Feature 1 (168 TimeSteps), Ensemble",DEEP_LEARNING,168,ensemble,20_24,POS,AVERAGE,243,4.614034348394762,0.1536924357005562,3.067181493415638,1.4857879999999994,0,0,218,0.897119341563786,11.6142359764,14.7366389548,78.81197342231842,0.9961403109225316,0.9992213580169768,0.9922008179754885,0.9958570237911744,59.21104232638369
lstm_features_1_ts168_ensemble,lstm_features_1,"LSTM with Feature 1 (168 TimeSteps), Ensemble",DEEP_LEARNING,168,ensemble,20_24,POS,MARGINAL,243,8.263404851258121,0.27590843477452026,5.3625963288065845,3.061762,0,0,112,0.4609053497942387,8.3631347456,17.54480025,47.667312402716014,0.9930710918385377,0.9986055080101114,0.9863640723634635,0.9926841327483826,87.77311452179498
lstm_features_1_ts168_recency,lstm_features_1,"LSTM with Feature 1 (168 TimeSteps), Weighted Ensemble",DEEP_LEARNING,168,recency,00_04,NEG,AVERAGE,243,3.4164088471812946,0.18032778050085374,1.8224941913580244,0.7478632999999999,0,0,216,0.8888888888888888,5.557394680000001,7.5244800332,73.85752444659701,0.9954714156126765,0.9994234634684692,0.9953657897429515,0.996740734868079,20.831453160655393
lstm_features_1_ts168_recency,lstm_features_1,"LSTM with Feature 1 (168 TimeSteps), Weighted Ensemble",DEEP_LEARNING,168,recency,00_04,NEG,MARGINAL,243,6.930392073126996,0.24000827530787278,3.294833022633745,1.1064720000000001,0,0,84,0.345679012345679,3.5732608824,10.485960278399999,34.07662042894203,0.9939726550985719,0.9988304607596116,0.9916219491611252,0.9947999980073576,2.5150185077405527
lstm_features_1_ts168_recency,lstm_features_1,"LSTM with Feature 1 (168 TimeSteps), Weighted Ensemble",DEEP_LEARNING,168,recency,00_04,POS,AVERAGE,243,1.023138437055531,0.11578393947830774,0.525063372016461,0.25284500000000065,0,0,178,0.7325102880658436,2.6415408292,3.9527597800000005,66.82776025412807,0.9970923096864612,0.9998273401363357,0.9986648769166249,0.9985138169208738,89.08302408351923
lstm_features_1_ts168_recency,lstm_features_1,"LSTM with Feature 1 (168 TimeSteps), Weighted Ensemble",DEEP_LEARNING,168,recency,00_04,POS,MARGINAL,243,2.8421022407387726,0.4474334488685659,2.045365410699588,1.4895195999999995,0,0,19,0.07818930041152264,0.46287449999999997,4.755639932399999,9.733169596092695,0.9887635719505631,0.9995203806565823,0.9947990762271712,0.9943050352348302,344.2177485268108
lstm_features_1_ts168_recency,lstm_features_1,"LSTM with Feature 1 (168 TimeSteps), Weighted Ensemble",DEEP_LEARNING,168,recency,04_08,NEG,AVERAGE,243,1.4811299274723921,0.12935141665857358,0.8478236148148147,0.43757780000000013,0,0,207,0.8518518518518519,5.263219101200001,6.092240204,86.39217964098515,0.9967515886663096,0.9997500517211704,0.9978441671251556,0.9981016323658329,-2.6287211714036705
lstm_features_1_ts168_recency,lstm_features_1,"LSTM with Feature 1 (168 TimeSteps), Weighted Ensemble",DEEP_LEARNING,168,recency,04_08,NEG,MARGINAL,243,4.717786930979716,0.17687788200905444,1.8685699271604936,0.6606529999999999,0,0,103,0.42386831275720166,3.9125240512000006,8.573920134400002,45.63284926695666,0.9955580531590624,0.9992038492360386,0.9952486290691511,0.9966590559147939,-34.73617509338357
lstm_features_1_ts168_recency,lstm_features_1,"LSTM with Feature 1 (168 TimeSteps), Weighted Ensemble",DEEP_LEARNING,168,recency,04_08,POS,AVERAGE,243,4.079444509800648,0.15463617228047546,2.000884910288066,1.0029430000000001,0,0,201,0.8271604938271605,7.962669045200001,10.608559304800002,75.05891060624201,0.9961166107986256,0.9993115727966244,0.9949121805609042,0.9967734862795171,69.02593945207934
lstm_features_1_ts168_recency,lstm_features_1,"LSTM with Feature 1 (168 TimeSteps), Weighted Ensemble",DEEP_LEARNING,168,recency,04_08,POS,MARGINAL,243,20.65416474693546,0.24749413571228004,5.018281990946502,2.0484994999999997,0,0,120,0.49382716049382713,5.551775402,14.250879452400001,38.957423087773165,0.9937846621533977,0.9965145036681755,0.9872395895770306,0.9925256359030733,116.03225416730167
lstm_features_1_ts168_recency,lstm_features_1,"LSTM with Feature 1 (168 TimeSteps), Weighted Ensemble",DEEP_LEARNING,168,recency,08_12,NEG,AVERAGE,243,4.484657174605054,0.2649926303646019,2.5256909296296297,1.2464842,0,0,159,0.654320987654321,8.1649897004,11.115999204,73.45259342463694,0.9933452212116632,0.999243191079228,0.9935777118699608,0.9953682731851978,71.74021260555953
lstm_features_1_ts168_recency,lstm_features_1,"LSTM with Feature 1 (168 TimeSteps), Weighted Ensemble",DEEP_LEARNING,168,recency,08_12,NEG,MARGINAL,243,15.342818014040008,0.2735669552920067,4.757969938683129,1.5260057000000002,0,0,125,0.51440329218107,7.549066608799999,15.307239597599999,49.31696901107896,0.9931298935794469,0.997410820695825,0.9879015070681001,0.9928172319791072,35.64117048129041
lstm_features_1_ts168_recency,lstm_features_1,"LSTM with Feature 1 (168 TimeSteps), Weighted Ensemble",DEEP_LEARNING,168,recency,08_12,POS,AVERAGE,243,7.43124251211166,0.14403195384114076,3.4042856160493824,1.360361000000001,0,0,175,0.720164609053498,12.299365883999998,17.759679465599998,69.2544361953352,0.9963829152910935,0.9987459396768535,0.9913436347865322,0.995499750771889,22.730537315299014
lstm_features_1_ts168_recency,lstm_features_1,"LSTM with Feature 1 (168 TimeSteps), Weighted Ensemble",DEEP_LEARNING,168,recency,08_12,POS,MARGINAL,243,16.779008679741438,0.20817683495734468,7.25791076584362,2.3336310000000005,0,0,84,0.345679012345679,7.2263977496,23.3909594152,30.893977546316957,0.9947720403258344,0.9971684561481206,0.9815446959033913,0.9911978338877827,13.708576888152649
lstm_features_1_ts168_recency,lstm_features_1,"LSTM with Feature 1 (168 TimeSteps), Weighted Ensemble",DEEP_LEARNING,168,recency,12_16,NEG,AVERAGE,243,5.536383059858939,0.15954367563117658,3.3272659181069963,1.400271,0,0,226,0.9300411522633745,19.0390571328,23.0065574596,82.75491527245215,0.9959933683176668,0.9990657069369229,0.9915394792923155,0.9955374566836555,-3.4973343312669645
lstm_features_1_ts168_recency,lstm_features_1,"LSTM with Feature 1 (168 TimeSteps), Weighted Ensemble",DEEP_LEARNING,168,recency,12_16,NEG,MARGINAL,243,27.6631091916023,0.19566029019250647,7.171881509053497,1.7040539999999993,0,0,121,0.49794238683127573,14.4215373532,30.050997300000002,47.99021213582152,0.9950863692054327,0.9953317083118312,0.9817634497771285,0.9907707676992039,-30.818903318282675
lstm_features_1_ts168_recency,lstm_features_1,"LSTM with Feature 1 (168 TimeSteps), Weighted Ensemble",DEEP_LEARNING,168,recency,12_16,POS,AVERAGE,243,15.463416592923668,0.11073300996380657,3.0126874012345675,0.6327965999999998,0,0,210,0.8641975308641975,9.1859273872,12.4003592184,74.07791359438735,0.9972191540388806,0.9973904690665303,0.9923393847166785,0.9956653641216784,-16.53458221596142
lstm_features_1_ts168_recency,lstm_features_1,"LSTM with Feature 1 (168 TimeSteps), Weighted Ensemble",DEEP_LEARNING,168,recency,12_16,POS,MARGINAL,243,92.90177713298937,0.1733405063462356,12.27189241069959,1.1819049999999987,0,0,95,0.39094650205761317,4.696770420000001,22.7001991136,20.69043710363801,0.9956468875258707,0.9843223481857308,0.9687952203344566,0.9830487393704579,-22.606566039551723
lstm_features_1_ts168_recency,lstm_features_1,"LSTM with Feature 1 (168 TimeSteps), Weighted Ensemble",DEEP_LEARNING,168,recency,16_20,NEG,AVERAGE,243,2.4386504306775003,0.47627245584220196,1.5509727521399175,0.8099092999999997,0,0,135,0.5555555555555556,5.223006945879999,6.763039872199999,77.22868775843796,0.9880393359156938,0.9995884652207013,0.996056210291121,0.9944961171302373,165.33140242658686
lstm_features_1_ts168_recency,lstm_features_1,"LSTM with Feature 1 (168 TimeSteps), Weighted Ensemble",DEEP_LEARNING,168,recency,16_20,NEG,MARGINAL,243,3.9911958503218723,0.4433452288338313,1.7711595767489714,0.6872119999999988,0,0,73,0.3004115226337449,3.9563820318399996,8.514640332119999,46.46563891742128,0.9888662397112921,0.9993264652109471,0.9954963226130649,0.9945060414837633,15.016298178353265
lstm_features_1_ts168_recency,lstm_features_1,"LSTM with Feature 1 (168 TimeSteps), Weighted Ensemble",DEEP_LEARNING,168,recency,16_20,POS,AVERAGE,243,17.538432269377367,0.16816970772182757,7.018718226337449,1.796316000000001,0,0,190,0.7818930041152263,18.11314475,26.775798113999997,67.64745040607906,0.9957767421597793,0.997040299518772,0.9821529110215768,0.9916978518126401,-16.172472265031555
lstm_features_1_ts168_recency,lstm_features_1,"LSTM with Feature 1 (168 TimeSteps), Weighted Ensemble",DEEP_LEARNING,168,recency,16_20,POS,MARGINAL,243,34.93128575563041,0.23544009500150284,13.649521987654323,3.5025139999999997,0,0,99,0.4074074074074074,11.838437464,35.721720065999996,33.14072626437675,0.9940873761357656,0.9941051662045435,0.9652922049908633,0.9845908403806447,-15.424438800968348
lstm_features_1_ts168_recency,lstm_features_1,"LSTM with Feature 1 (168 TimeSteps), Weighted Ensemble",DEEP_LEARNING,168,recency,20_24,NEG,AVERAGE,243,0.8424779232797028,0.3078402532151177,0.5992876951851852,0.44592180000000003,0,0,129,0.5308641975308642,1.4684284859200003,2.2389599894,65.58529374674141,0.9922691858091544,0.9998578275254791,0.998476140446911,0.9968217326060013,194.02671759641143
lstm_features_1_ts168_recency,lstm_features_1,"LSTM with Feature 1 (168 TimeSteps), Weighted Ensemble",DEEP_LEARNING,168,recency,20_24,NEG,MARGINAL,243,1.726730119973666,0.25796198550745847,0.8893706858847737,0.38878619999999975,0,0,86,0.35390946502057613,1.1215992326000002,3.17832014352,35.289057802648706,0.9935217822963971,0.999708605427866,0.9977385218705282,0.9969549579892452,3.327704703470783
lstm_features_1_ts168_recency,lstm_features_1,"LSTM with Feature 1 (168 TimeSteps), Weighted Ensemble",DEEP_LEARNING,168,recency,20_24,POS,AVERAGE,243,2.6274683854986236,0.10140568295526851,1.689205129218107,0.8438700000000008,0,0,216,0.8888888888888888,12.795764444000003,14.7366389548,86.82959854853594,0.9974533918659586,0.9995566012215042,0.9957047151243602,0.9975703876285613,-9.57429842752426
lstm_features_1_ts168_recency,lstm_features_1,"LSTM with Feature 1 (168 TimeSteps), Weighted Ensemble",DEEP_LEARNING,168,recency,20_24,POS,MARGINAL,243,6.370869913991993,0.2144645988932986,4.01933242962963,2.401802,0,0,106,0.43621399176954734,9.094440335200002,17.54480025,51.83553078753348,0.9946141352625522,0.9989248829963436,0.9897797031890687,0.9944413194304538,47.298791351083544
lstm_features_1_ts168_single,lstm_features_1,"LSTM with Feature 1 (168 TimeSteps), Single",DEEP_LEARNING,168,single,00_04,NEG,AVERAGE,243,2.776543322078813,0.17541959455436867,1.5394103950617282,0.6584857,0,0,155,0.6378600823045267,5.110132130799999,7.5244800332,67.91342535634014,0.9955946752357119,0.9995314440606613,0.9960856108752334,0.9970558177089874,6.390812353690019
lstm_features_1_ts168_single,lstm_features_1,"LSTM with Feature 1 (168 TimeSteps), Single",DEEP_LEARNING,168,single,00_04,NEG,MARGINAL,243,6.799486339204482,0.2504489366755123,3.363293510288065,1.1927319999999995,0,0,87,0.35802469135802467,3.6421969596,10.485960278399999,34.734033535322006,0.9937104580264874,0.9988525517742322,0.9914478688838906,0.9946606945461863,10.507037733240729
lstm_features_1_ts168_single,lstm_features_1,"LSTM with Feature 1 (168 TimeSteps), Single",DEEP_LEARNING,168,single,00_04,POS,AVERAGE,243,1.032317143792971,0.11779046154895395,0.5342160773662552,0.2801400000000003,0,0,163,0.6707818930041153,2.4159455884,3.9527597800000005,61.12047589190962,0.9970419197548783,0.9998257911824537,0.9986416035579426,0.9984884929809894,109.4948223882497
lstm_features_1_ts168_single,lstm_features_1,"LSTM with Feature 1 (168 TimeSteps), Single",DEEP_LEARNING,168,single,00_04,POS,MARGINAL,243,2.251077490323397,0.2717266373540815,1.2993806106995887,0.7802182999999996,0,0,41,0.16872427983539096,0.904380618,4.755639932399999,19.017012028990845,0.9931761096148146,0.9996201191173156,0.996695954926788,0.9964641817035913,132.68362268305552
lstm_features_1_ts168_single,lstm_features_1,"LSTM with Feature 1 (168 TimeSteps), Single",DEEP_LEARNING,168,single,04_08,NEG,AVERAGE,243,1.235536929583953,0.08967193629649654,0.6380829530864197,0.3028550000000001,0,0,231,0.9506172839506173,5.745597930800001,6.092240204,94.31010167700866,0.9977480622810002,0.9997914968003468,0.9983774924605727,0.9986301076316436,-32.607690221865596
lstm_features_1_ts168_single,lstm_features_1,"LSTM with Feature 1 (168 TimeSteps), Single",DEEP_LEARNING,168,single,04_08,NEG,MARGINAL,243,4.673266257832974,0.21049164362047243,1.9703947847736625,0.8568189999999998,0,0,74,0.3045267489711934,3.2364353344000003,8.573920134400002,37.74743972030811,0.9947139083711108,0.9992113623281845,0.9949897103840815,0.9962890828412255,-15.357555036210888
lstm_features_1_ts168_single,lstm_features_1,"LSTM with Feature 1 (168 TimeSteps), Single",DEEP_LEARNING,168,single,04_08,POS,AVERAGE,243,4.011269026048587,0.13311573819232114,1.775564408230453,0.8507500000000006,0,0,178,0.7325102880658436,7.235134726,10.608559304800002,68.20091699658364,0.9966570549916909,0.999323077759495,0.9954851220751818,0.9971501046426183,43.37685989019972
lstm_features_1_ts168_single,lstm_features_1,"LSTM with Feature 1 (168 TimeSteps), Single",DEEP_LEARNING,168,single,04_08,POS,MARGINAL,243,20.53256127771249,0.2726225899378235,5.201114136625513,2.4317019999999996,0,0,122,0.5020576131687243,5.599122191599999,14.250879452400001,39.2896607560388,0.9931536094938058,0.9965350248778738,0.9867746868032158,0.9921644320826537,156.44432157446744
lstm_features_1_ts168_single,lstm_features_1,"LSTM with Feature 1 (168 TimeSteps), Single",DEEP_LEARNING,168,single,08_12,NEG,AVERAGE,243,3.369912501723134,0.1469673221999727,1.788163214403292,0.6045732000000001,0,0,214,0.8806584362139918,9.149726318,11.115999204,82.31132577544219,0.9963091991765607,0.9994313099654603,0.9954530860242196,0.997056978396625,-16.702089040820983
lstm_features_1_ts168_single,lstm_features_1,"LSTM with Feature 1 (168 TimeSteps), Single",DEEP_LEARNING,168,single,08_12,NEG,MARGINAL,243,14.90928515372745,0.25308975838300624,4.629677174897119,1.3407270000000011,0,0,120,0.49382716049382713,6.9869878044,15.307239597599999,45.64498882930845,0.9936441388829752,0.9974839815915988,0.9882277279387406,0.9931238713652236,19.172411725506112
lstm_features_1_ts168_single,lstm_features_1,"LSTM with Feature 1 (168 TimeSteps), Single",DEEP_LEARNING,168,single,08_12,POS,AVERAGE,243,7.277204257213528,0.13631808062361916,3.329987611522634,1.181761999999999,0,0,191,0.7860082304526749,13.180280024000002,17.759679465599998,74.2146278570502,0.9965766343382733,0.9987719344231425,0.9915325586120723,0.9956365383766339,6.617497295792933
lstm_features_1_ts168_single,lstm_features_1,"LSTM with Feature 1 (168 TimeSteps), Single",DEEP_LEARNING,168,single,08_12,POS,MARGINAL,243,16.03488773156843,0.19545294355001674,6.979636891769547,2.075132,0,0,88,0.36213991769547327,7.394608140800001,23.3909594152,31.6131032059968,0.9950915763164243,0.9972940303781642,0.9822522864392721,0.9915814204973383,1.112946551989554
lstm_features_1_ts168_single,lstm_features_1,"LSTM with Feature 1 (168 TimeSteps), Single",DEEP_LEARNING,168,single,12_16,NEG,AVERAGE,243,4.832062024835342,0.12345927482926927,2.6333970139917695,1.0396569999999983,0,0,207,0.8518518518518519,19.775712620000004,23.0065574596,85.9568523223284,0.9968995584434676,0.9991845647273047,0.9933038384917825,0.9964670229330779,-28.34981808438666
lstm_features_1_ts168_single,lstm_features_1,"LSTM with Feature 1 (168 TimeSteps), Single",DEEP_LEARNING,168,single,12_16,NEG,MARGINAL,243,29.66361643510385,0.20567611899032406,8.552473590123455,1.9626870000000025,0,0,118,0.48559670781893005,9.4333747064,30.050997300000002,31.39122010569679,0.9948348409839134,0.9949941124446321,0.9782529014235412,0.9894153605110277,-20.318934081343688
lstm_features_1_ts168_single,lstm_features_1,"LSTM with Feature 1 (168 TimeSteps), Single",DEEP_LEARNING,168,single,12_16,POS,AVERAGE,243,15.509688923253663,0.138745093678737,3.507882188477366,0.6603019999999997,0,0,175,0.720164609053498,7.490002619199999,12.4003592184,60.40149714442242,0.996515684586667,0.9973826603732422,0.9910802110122248,0.995008080316671,-12.906639679106629
lstm_features_1_ts168_single,lstm_features_1,"LSTM with Feature 1 (168 TimeSteps), Single",DEEP_LEARNING,168,single,12_16,POS,MARGINAL,243,92.38488989619309,0.18143430485555653,12.138299408641972,1.0721797999999998,0,0,173,0.7119341563786008,7.817574788800001,22.7001991136,34.43835338041764,0.9954436273877952,0.9844095755604465,0.9691349185696231,0.9831205163747734,-29.79158515699086
lstm_features_1_ts168_single,lstm_features_1,"LSTM with Feature 1 (168 TimeSteps), Single",DEEP_LEARNING,168,single,16_20,NEG,AVERAGE,243,1.3717162420168842,0.2058798887845609,0.7892676220164608,0.31256589999999984,0,0,190,0.7818930041152263,5.772031521560001,6.763039872199999,85.34670252775508,0.9948297236985666,0.99976851584228,0.9979930624048906,0.997503426879079,2.3985631449451073
lstm_features_1_ts168_single,lstm_features_1,"LSTM with Feature 1 (168 TimeSteps), Single",DEEP_LEARNING,168,single,16_20,NEG,MARGINAL,243,4.074358040572024,0.35552221384914917,1.6408608813168726,0.4981276000000001,0,0,89,0.3662551440329218,4.21124661264,8.514640332119999,49.45889019826011,0.9910717453377833,0.9993124311644188,0.9958276441359069,0.9953606182639538,-16.630104578401433
lstm_features_1_ts168_single,lstm_features_1,"LSTM with Feature 1 (168 TimeSteps), Single",DEEP_LEARNING,168,single,16_20,POS,AVERAGE,243,17.656283668366076,0.20946314352657,7.772667767489712,2.8309580000000008,0,0,123,0.5061728395061729,13.654759244000001,26.775798113999997,50.99664699391527,0.9947397371671769,0.9970204114901876,0.9802357797004057,0.9907060537297361,32.11050297471644
lstm_features_1_ts168_single,lstm_features_1,"LSTM with Feature 1 (168 TimeSteps), Single",DEEP_LEARNING,168,single,16_20,POS,MARGINAL,243,34.170797734865154,0.23191502187540672,13.250023154320987,3.7781249999999993,0,0,99,0.4074074074074074,12.661957852,35.721720065999996,35.44610345919954,0.9941759015480935,0.9942335024621095,0.966308044492515,0.984998517021378,-8.769231998761052
lstm_features_1_ts168_single,lstm_features_1,"LSTM with Feature 1 (168 TimeSteps), Single",DEEP_LEARNING,168,single,20_24,NEG,AVERAGE,243,0.6277744796394454,0.14205665881391963,0.34302469510288064,0.16609479999999988,0,0,215,0.8847736625514403,1.9488159471999997,2.2389599894,87.04112429102615,0.9964325210157122,0.9998940598338008,0.9991277620702417,0.9984642583736763,9.517652767441279
lstm_features_1_ts168_single,lstm_features_1,"LSTM with Feature 1 (168 TimeSteps), Single",DEEP_LEARNING,168,single,20_24,NEG,MARGINAL,243,1.7032484687394964,0.22713024326069536,0.8647797906419752,0.36185920000000005,0,1,111,0.4567901234567901,1.200953967096,3.17832014352,37.785808630528315,0.994296062034022,0.9997125680770578,0.9978010512215157,0.9972401554600968,-3.828683832311425
lstm_features_1_ts168_single,lstm_features_1,"LSTM with Feature 1 (168 TimeSteps), Single",DEEP_LEARNING,168,single,20_24,POS,AVERAGE,243,2.072039002347308,0.09064131362817143,1.2467921502057613,0.5722847,0,0,209,0.8600823045267489,13.0261622592,14.7366389548,88.39303384681982,0.9977237182390702,0.9996503327812784,0.9968296760569724,0.9980644671179066,-38.67628248818686
lstm_features_1_ts168_single,lstm_features_1,"LSTM with Feature 1 (168 TimeSteps), Single",DEEP_LEARNING,168,single,20_24,POS,MARGINAL,243,5.943356769657633,0.16329451170686451,3.283931127160494,1.6395309999999998,0,0,128,0.5267489711934157,10.0007062156,17.54480025,57.00096936469823,0.9958991733043161,0.9989970280341431,0.9916496703336058,0.9955191293848247,0.5498932395898305
lstm_features_1_ts42_ensemble,lstm_features_1,"LSTM with Feature 1 (42 TimeSteps), Ensemble",DEEP_LEARNING,42,ensemble,00_04,NEG,AVERAGE,243,3.37005047585958,0.14535739959785857,1.5963827999999998,0.4615948000000003,0,0,221,0.9094650205761317,5.9532555812000005,7.5244800332,79.11849795510997,0.9963496292774607,0.9994312866816164,0.9959407423184031,0.9972316435243432,-25.420634418880912
lstm_features_1_ts42_ensemble,lstm_features_1,"LSTM with Feature 1 (42 TimeSteps), Ensemble",DEEP_LEARNING,42,ensemble,00_04,NEG,MARGINAL,243,7.3434183543089455,0.2272080333011775,3.4988362427983546,1.2093296000000002,0,0,140,0.5761316872427984,4.3884856428,10.485960278399999,41.85106109775974,0.9942941084871983,0.9987607604543391,0.9911032129040548,0.9947151080939175,12.044811189039116
lstm_features_1_ts42_ensemble,lstm_features_1,"LSTM with Feature 1 (42 TimeSteps), Ensemble",DEEP_LEARNING,42,ensemble,00_04,POS,AVERAGE,243,2.1429751632096603,0.40726376662322183,1.6146449810699588,1.2871095000000006,0,0,60,0.24691358024691357,1.0349792564,3.9527597800000005,26.18371249466619,0.9897723560400404,0.9996383619399731,0.9958943055246774,0.9950483813169484,862.528650306021
lstm_features_1_ts42_ensemble,lstm_features_1,"LSTM with Feature 1 (42 TimeSteps), Ensemble",DEEP_LEARNING,42,ensemble,00_04,POS,MARGINAL,243,4.361695247469244,0.8689771403823007,3.638217809053498,3.0180375,0,0,13,0.053497942386831275,0.41514500079999994,4.755639932399999,8.729529710010894,0.978177315220393,0.9992639415356728,0.9907487955966933,0.9892844904286144,800.065916030568
lstm_features_1_ts42_ensemble,lstm_features_1,"LSTM with Feature 1 (42 TimeSteps), Ensemble",DEEP_LEARNING,42,ensemble,04_08,NEG,AVERAGE,243,1.8914542185687135,0.13018468529130484,1.038816633744856,0.4180522,0,0,230,0.9465020576131687,5.183730350799999,6.092240204,85.08742559750848,0.9967306627318244,0.999680807390596,0.9973585130080959,0.9979114010603888,-6.973623133741919
lstm_features_1_ts42_ensemble,lstm_features_1,"LSTM with Feature 1 (42 TimeSteps), Ensemble",DEEP_LEARNING,42,ensemble,04_08,NEG,MARGINAL,243,4.783046408441944,0.19855960572469095,1.9394645658436214,0.8821588,0,0,80,0.3292181069958848,3.2687407468000007,8.573920134400002,38.12422667299251,0.9950135584881017,0.999192836364199,0.9950683592700411,0.9964108044452538,-12.854316164414808
lstm_features_1_ts42_ensemble,lstm_features_1,"LSTM with Feature 1 (42 TimeSteps), Ensemble",DEEP_LEARNING,42,ensemble,04_08,POS,AVERAGE,243,4.410606063714863,0.18930517176971007,2.292265091358025,1.5013500000000004,0,0,163,0.6707818930041153,6.6669911396,10.608559304800002,62.8453963261856,0.9952459657467373,0.9992556875843415,0.9941712635087577,0.9962145222146135,153.0224491285939
lstm_features_1_ts42_ensemble,lstm_features_1,"LSTM with Feature 1 (42 TimeSteps), Ensemble",DEEP_LEARNING,42,ensemble,04_08,POS,MARGINAL,243,20.65618339319849,0.2621085861813117,5.083031573251029,2.24939,0,0,120,0.49382716049382713,5.6610415788,14.250879452400001,39.72415595618992,0.9934176484185225,0.9965141630112557,0.9870749453329623,0.9923464062158897,137.2179208251634
lstm_features_1_ts42_ensemble,lstm_features_1,"LSTM with Feature 1 (42 TimeSteps), Ensemble",DEEP_LEARNING,42,ensemble,08_12,NEG,AVERAGE,243,5.311694556154654,0.21368413242717613,3.0166722584362136,1.0037366999999997,0,0,197,0.8106995884773662,7.895698104,11.115999204,71.0300348092756,0.9946337351724689,0.99910362427539,0.9923292520829481,0.995348319156891,38.29453615056065
lstm_features_1_ts42_ensemble,lstm_features_1,"LSTM with Feature 1 (42 TimeSteps), Ensemble",DEEP_LEARNING,42,ensemble,08_12,NEG,MARGINAL,243,15.630008157936976,0.34940462166925706,4.993166368312758,1.7978769999999997,0,0,103,0.42386831275720166,7.4897609979999995,15.307239597599999,48.92953396492408,0.9912253768656428,0.9973623558847152,0.987303453196774,0.99195634513121,59.80683470670579
lstm_features_1_ts42_ensemble,lstm_features_1,"LSTM with Feature 1 (42 TimeSteps), Ensemble",DEEP_LEARNING,42,ensemble,08_12,POS,AVERAGE,243,9.26288172462978,0.17367816766228136,4.504196531687244,1.4304249999999996,0,0,218,0.897119341563786,12.5971032292,17.759679465599998,70.93091546838014,0.9956384078132063,0.9984368411567884,0.9885467981923424,0.9942216596417034,29.051647937008195
lstm_features_1_ts42_ensemble,lstm_features_1,"LSTM with Feature 1 (42 TimeSteps), Ensemble",DEEP_LEARNING,42,ensemble,08_12,POS,MARGINAL,243,18.711940637430263,0.21174443949129695,8.247361892592593,2.1883090000000003,0,0,191,0.7860082304526749,12.7177719052,23.3909594152,54.37045860092293,0.9946824468192337,0.9968422639573088,0.9790287347649849,0.9902294614968964,6.62761258379599
lstm_features_1_ts42_ensemble,lstm_features_1,"LSTM with Feature 1 (42 TimeSteps), Ensemble",DEEP_LEARNING,42,ensemble,12_16,NEG,AVERAGE,243,9.509265844317062,0.20670384174041523,6.351356571604938,3.507484000000005,0,0,230,0.9465020576131687,16.8696606264,23.0065574596,73.32544495639333,0.9948090317093378,0.998395262571747,0.9838498679941626,0.9923759638679251,141.72574865181878
lstm_features_1_ts42_ensemble,lstm_features_1,"LSTM with Feature 1 (42 TimeSteps), Ensemble",DEEP_LEARNING,42,ensemble,12_16,NEG,MARGINAL,243,29.010924920633563,0.21427427126519827,8.696029448971192,2.427223999999999,0,0,137,0.5637860082304527,10.5994937272,30.050997300000002,35.271687063776746,0.994618914973824,0.9951042574883738,0.9778878697890449,0.9892578330926483,-1.4596848385176444
lstm_features_1_ts42_ensemble,lstm_features_1,"LSTM with Feature 1 (42 TimeSteps), Ensemble",DEEP_LEARNING,42,ensemble,12_16,POS,AVERAGE,243,15.644022155958908,0.199735725519512,3.9877657851851853,1.2019200000000012,0,0,131,0.5390946502057613,6.133162942,12.4003592184,49.45955866261875,0.994984022507979,0.9973599909506065,0.9898599703680582,0.9940771548878722,58.53238614586706
lstm_features_1_ts42_ensemble,lstm_features_1,"LSTM with Feature 1 (42 TimeSteps), Ensemble",DEEP_LEARNING,42,ensemble,12_16,POS,MARGINAL,243,92.84295749602946,0.23710209989562167,13.02358628271605,1.9633279999999997,0,0,62,0.2551440329218107,4.1588273988,22.7001991136,18.320664845218868,0.9940456380885593,0.9843322743014259,0.9668838246941428,0.9818768296186479,28.562529061725893
lstm_features_1_ts42_ensemble,lstm_features_1,"LSTM with Feature 1 (42 TimeSteps), Ensemble",DEEP_LEARNING,42,ensemble,16_20,NEG,AVERAGE,243,2.1806740295968194,0.4591500541312043,1.3847103264609053,0.7404136999999995,0,0,131,0.5390946502057613,5.2922056092,6.763039872199999,78.25187651124196,0.9884693320086227,0.9996320000627383,0.9964789798352419,0.9947961962492653,142.56420490153414
lstm_features_1_ts42_ensemble,lstm_features_1,"LSTM with Feature 1 (42 TimeSteps), Ensemble",DEEP_LEARNING,42,ensemble,16_20,NEG,MARGINAL,243,4.572071508517693,0.6337084662210173,2.195656852469136,1.0863854000000002,0,0,85,0.3497942386831276,4.9082654643999994,8.514640332119999,57.6450122723848,0.9840856341808653,0.9992284394616276,0.9944169174558031,0.9924920834042463,81.82457102467625
lstm_features_1_ts42_ensemble,lstm_features_1,"LSTM with Feature 1 (42 TimeSteps), Ensemble",DEEP_LEARNING,42,ensemble,16_20,POS,AVERAGE,243,21.804132314061693,0.2231125650627151,9.286806291358022,3.0121599999999997,0,0,198,0.8148148148148148,15.9349685268,26.775798113999997,59.512580947001695,0.9943969582725833,0.9963204407377184,0.9763856515018218,0.9890879762517266,40.566540598737866
lstm_features_1_ts42_ensemble,lstm_features_1,"LSTM with Feature 1 (42 TimeSteps), Ensemble",DEEP_LEARNING,42,ensemble,16_20,POS,MARGINAL,243,39.19772678094127,0.2704180713709924,16.365853823045267,4.421454000000001,0,0,197,0.8106995884773662,16.810252792,35.721720065999996,47.05891194752414,0.9932089717254907,0.9933851823792051,0.9583851580917255,0.9817752627420739,6.7652986870868705
lstm_features_1_ts42_ensemble,lstm_features_1,"LSTM with Feature 1 (42 TimeSteps), Ensemble",DEEP_LEARNING,42,ensemble,20_24,NEG,AVERAGE,243,0.9771214508506567,0.40600946538593585,0.7218817900411523,0.5801610999999998,0,0,124,0.5102880658436214,1.4528939116,2.2389599894,64.89146382599489,0.9898038553962927,0.9998351057389918,0.9981644100641591,0.9958731510497794,282.5398621689348
lstm_features_1_ts42_ensemble,lstm_features_1,"LSTM with Feature 1 (42 TimeSteps), Ensemble",DEEP_LEARNING,42,ensemble,20_24,NEG,MARGINAL,243,1.8236442645710704,0.3841892496265473,1.101030500617284,0.6759101,0,0,56,0.23045267489711935,0.84532863748,3.17832014352,26.596711448450744,0.9903518280278059,0.9996922506684441,0.9972003165423086,0.9956941687090024,79.6366208957351
lstm_features_1_ts42_ensemble,lstm_features_1,"LSTM with Feature 1 (42 TimeSteps), Ensemble",DEEP_LEARNING,42,ensemble,20_24,POS,AVERAGE,243,5.452259211094733,0.2346699695900336,3.90529360617284,1.9863287000000005,0,0,163,0.6707818930041153,9.7117841548,14.7366389548,65.90230095605816,0.9941067163500409,0.9990799032682623,0.9900696793590181,0.9944156458260165,112.84696250730985
lstm_features_1_ts42_ensemble,lstm_features_1,"LSTM with Feature 1 (42 TimeSteps), Ensemble",DEEP_LEARNING,42,ensemble,20_24,POS,MARGINAL,243,8.166977657832875,0.2549487715511314,5.0933583,2.8830576,0,0,118,0.48559670781893005,8.718442200399998,17.54480025,49.69245631850382,0.9935974533529608,0.9986217805940232,0.9870486866906857,0.9930943883439607,76.81345084880256
lstm_features_1_ts42_recency,lstm_features_1,"LSTM with Feature 1 (42 TimeSteps), Weighted Ensemble",DEEP_LEARNING,42,recency,00_04,NEG,AVERAGE,243,2.9307482149232977,0.13810609985509342,1.4354851320987654,0.44492010000000004,0,0,212,0.8724279835390947,5.801754674,7.5244800332,77.10505773689505,0.9965317316840433,0.9995054211933634,0.9963498704387882,0.9974530350111848,-28.114747409875406
lstm_features_1_ts42_recency,lstm_features_1,"LSTM with Feature 1 (42 TimeSteps), Weighted Ensemble",DEEP_LEARNING,42,recency,00_04,NEG,MARGINAL,243,7.16397908198415,0.22178249642303988,3.408315046502058,0.9741909999999994,0,0,101,0.4156378600823045,3.6331938988,10.485960278399999,34.64817529667747,0.994430360381005,0.9987910417527183,0.9913333888126232,0.9948473846161043,-9.740862493516147
lstm_features_1_ts42_recency,lstm_features_1,"LSTM with Feature 1 (42 TimeSteps), Weighted Ensemble",DEEP_LEARNING,42,recency,00_04,POS,AVERAGE,243,1.6862038642924053,0.2841424441494235,1.1736595477366254,0.8181976999999998,0,0,107,0.4403292181069959,1.6145251392,3.9527597800000005,40.845516273695736,0.9928643105750147,0.9997154444415589,0.9970156365160477,0.9964951223115153,511.8661449274441
lstm_features_1_ts42_recency,lstm_features_1,"LSTM with Feature 1 (42 TimeSteps), Weighted Ensemble",DEEP_LEARNING,42,recency,00_04,POS,MARGINAL,243,2.987527557798156,0.49477341878172176,2.1816301617283953,1.6564457,0,0,17,0.06995884773662552,0.4407742844,4.755639932399999,9.268453681638533,0.987574719916508,0.9994958393877692,0.9944525843097285,0.9937783845917871,393.99993085751765
lstm_features_1_ts42_recency,lstm_features_1,"LSTM with Feature 1 (42 TimeSteps), Weighted Ensemble",DEEP_LEARNING,42,recency,04_08,NEG,AVERAGE,243,1.3146279382938229,0.0914023018706509,0.6789763423868311,0.30205400000000004,0,0,234,0.9629629629629629,5.7348263872,6.092240204,94.13329407850117,0.9977046074871703,0.9997781497866034,0.9982735093779159,0.9985766140699294,-32.78593142683922
lstm_features_1_ts42_recency,lstm_features_1,"LSTM with Feature 1 (42 TimeSteps), Weighted Ensemble",DEEP_LEARNING,42,recency,04_08,NEG,MARGINAL,243,4.704784599911648,0.20803814257614808,1.9345430374485597,0.9036726000000002,0,0,77,0.3168724279835391,3.1955344371999996,8.573920134400002,37.27040125296923,0.9947755233174754,0.9992060434461554,0.9950808736569056,0.9963383605719518,-10.729035758095645
lstm_features_1_ts42_recency,lstm_features_1,"LSTM with Feature 1 (42 TimeSteps), Weighted Ensemble",DEEP_LEARNING,42,recency,04_08,POS,AVERAGE,243,4.4839491176789625,0.184253468176984,2.312030155967078,1.4852340000000002,0,0,178,0.7325102880658436,7.098165132399999,10.608559304800002,66.9097935776098,0.9953728295386381,0.9992433105674692,0.9941210052058359,0.9962369862483276,150.30642036104703
lstm_features_1_ts42_recency,lstm_features_1,"LSTM with Feature 1 (42 TimeSteps), Weighted Ensemble",DEEP_LEARNING,42,recency,04_08,POS,MARGINAL,243,20.646750860639663,0.2569551859676576,5.104536243209876,2.1401887000000004,0,0,125,0.51440329218107,5.754870348799999,14.250879452400001,40.38256283075089,0.9935470661249034,0.9965157547995481,0.9870202635882575,0.992372888550443,125.70168516242599
lstm_features_1_ts42_recency,lstm_features_1,"LSTM with Feature 1 (42 TimeSteps), Weighted Ensemble",DEEP_LEARNING,42,recency,08_12,NEG,AVERAGE,243,3.6118940841830978,0.16366370437035296,1.8935917580246915,0.7102805999999999,0,0,199,0.8189300411522634,8.881637180399998,11.115999204,79.89958453041285,0.9958899017426791,0.9993904743311769,0.9951850039416797,0.9968124744225536,-2.137755734405318
lstm_features_1_ts42_recency,lstm_features_1,"LSTM with Feature 1 (42 TimeSteps), Weighted Ensemble",DEEP_LEARNING,42,recency,08_12,NEG,MARGINAL,243,14.77656111468023,0.3256937497494928,4.857248234156379,1.8736500000000005,0,0,74,0.3045267489711934,4.8852925868,15.307239597599999,31.914915525108515,0.9918208296798872,0.9975063794545437,0.9876490637421537,0.9923203783460717,66.54202475932416
lstm_features_1_ts42_recency,lstm_features_1,"LSTM with Feature 1 (42 TimeSteps), Weighted Ensemble",DEEP_LEARNING,42,recency,08_12,POS,AVERAGE,243,8.433895494951491,0.1755765927041401,4.156916904115226,1.8224049999999998,0,0,170,0.6995884773662552,11.096511400399999,17.759679465599998,62.48148465682407,0.9955907325300016,0.9985767368387528,0.9894298554990759,0.994543024531684,64.41572851330442
lstm_features_1_ts42_recency,lstm_features_1,"LSTM with Feature 1 (42 TimeSteps), Weighted Ensemble",DEEP_LEARNING,42,recency,08_12,POS,MARGINAL,243,17.434094787623536,0.18155213709703527,7.202706232510289,1.6304904999999987,0,0,142,0.5843621399176955,10.394770299600001,23.3909594152,44.439264397360425,0.9954406682583278,0.9970579070044477,0.981685069143439,0.9914350093366342,-20.552669044655183
lstm_features_1_ts42_recency,lstm_features_1,"LSTM with Feature 1 (42 TimeSteps), Weighted Ensemble",DEEP_LEARNING,42,recency,12_16,NEG,AVERAGE,243,5.081398497080228,0.1127989422376074,2.8126693646090537,0.9188407999999999,0,0,227,0.934156378600823,19.8302247392,23.0065574596,86.19379398252994,0.997167272134637,0.9991424879176128,0.9928479875102127,0.996393729416959,-36.67612446077139
lstm_features_1_ts42_recency,lstm_features_1,"LSTM with Feature 1 (42 TimeSteps), Weighted Ensemble",DEEP_LEARNING,42,recency,12_16,NEG,MARGINAL,243,28.31847499663992,0.1982811592495597,8.034475480246913,2.1991249999999987,0,0,124,0.5102880658436214,10.792556649600002,30.050997300000002,35.914138029622066,0.9950205511342513,0.9952211119678274,0.9795700590667888,0.9899880738270688,-10.720036313296651
lstm_features_1_ts42_recency,lstm_features_1,"LSTM with Feature 1 (42 TimeSteps), Weighted Ensemble",DEEP_LEARNING,42,recency,12_16,POS,AVERAGE,243,15.532387564472995,0.23204824562968582,4.175388681893004,1.4577999999999989,0,0,129,0.5308641975308642,6.192871414400001,12.4003592184,49.94106465247268,0.9941725558904696,0.99737882986101,0.9893828857460586,0.9936500351530922,92.28277466340904
lstm_features_1_ts42_recency,lstm_features_1,"LSTM with Feature 1 (42 TimeSteps), Weighted Ensemble",DEEP_LEARNING,42,recency,12_16,POS,MARGINAL,243,92.55911388879142,0.2207146317435206,12.65642118271605,1.5723909999999997,0,0,59,0.24279835390946503,4.1791813175999994,22.7001991136,18.410328899257077,0.9944571777427116,0.9843801743672945,0.967817446474952,0.9823406553104633,2.963215333299492
lstm_features_1_ts42_recency,lstm_features_1,"LSTM with Feature 1 (42 TimeSteps), Weighted Ensemble",DEEP_LEARNING,42,recency,16_20,NEG,AVERAGE,243,1.4578978705415009,0.24760068005541816,0.8335154366666667,0.34545190000000003,0,0,171,0.7037037037037037,5.88052472532,6.763039872199999,86.95091018895738,0.9937819864977248,0.9997539722500421,0.9978805497409401,0.9971052676662506,13.172224467516399
lstm_features_1_ts42_recency,lstm_features_1,"LSTM with Feature 1 (42 TimeSteps), Weighted Ensemble",DEEP_LEARNING,42,recency,16_20,NEG,MARGINAL,243,4.154487137928669,0.4971349093874444,1.8491577600823044,0.8374119000000002,0,0,75,0.30864197530864196,4.275527673439999,8.514640332119999,50.213837656903905,0.9875154156348372,0.999298908967887,0.9952979900296479,0.9939722179850312,40.15473651289781
lstm_features_1_ts42_recency,lstm_features_1,"LSTM with Feature 1 (42 TimeSteps), Weighted Ensemble",DEEP_LEARNING,42,recency,16_20,POS,AVERAGE,243,19.275826396449684,0.22574783085604266,8.309025905349793,3.5795809999999992,0,0,146,0.6008230452674898,14.614484406,26.775798113999997,54.58094785364649,0.9943307786551392,0.9967471053406951,0.9788719364598022,0.9900267485369115,67.04601281571053
lstm_features_1_ts42_recency,lstm_features_1,"LSTM with Feature 1 (42 TimeSteps), Weighted Ensemble",DEEP_LEARNING,42,recency,16_20,POS,MARGINAL,243,35.794204006417004,0.2325831009852864,14.020416067901236,3.397547000000003,0,0,132,0.5432098765432098,14.65040308,35.721720065999996,41.01259136718974,0.9941591240298537,0.9939595443198228,0.9643491012163168,0.9842559551970764,-17.959087608190384
lstm_features_1_ts42_recency,lstm_features_1,"LSTM with Feature 1 (42 TimeSteps), Weighted Ensemble",DEEP_LEARNING,42,recency,20_24,NEG,AVERAGE,243,0.6196007989003898,0.1597058982954548,0.35365934979423863,0.19763399999999987,0,0,191,0.7860082304526749,1.85691627636,2.2389599894,82.93655470179347,0.9959892944083519,0.9998954391843862,0.9991007204335196,0.9983050927727486,30.3136027560194
lstm_features_1_ts42_recency,lstm_features_1,"LSTM with Feature 1 (42 TimeSteps), Weighted Ensemble",DEEP_LEARNING,42,recency,20_24,NEG,MARGINAL,243,1.7605027006714404,0.3293346610140229,1.0583925214403294,0.6006061,0,0,57,0.2345679012345679,0.7384469946000002,3.17832014352,23.233877056266827,0.9917293952161436,0.9997029061314974,0.9973087357413264,0.9962018361915208,59.62307752667992
lstm_features_1_ts42_recency,lstm_features_1,"LSTM with Feature 1 (42 TimeSteps), Weighted Ensemble",DEEP_LEARNING,42,recency,20_24,POS,AVERAGE,243,4.320067866322332,0.2101291233627104,3.1499248456790125,1.9308472000000005,0,0,152,0.6255144032921811,10.08721472,14.7366389548,68.44990062482601,0.994723012368148,0.9992709663699408,0.991990419449348,0.9953220815255357,106.9017890068971
lstm_features_1_ts42_recency,lstm_features_1,"LSTM with Feature 1 (42 TimeSteps), Weighted Ensemble",DEEP_LEARNING,42,recency,20_24,POS,MARGINAL,243,6.384878990624674,0.20429066891694161,3.83963790946502,2.3127570000000013,0,0,110,0.45267489711934156,9.2636834696,17.54480025,52.80016493547711,0.9948696338902216,0.9989225188927445,0.9902366276568837,0.9946781938840528,41.83779961410563
lstm_features_1_ts42_single,lstm_features_1,"LSTM with Feature 1 (42 TimeSteps), Single",DEEP_LEARNING,42,single,00_04,NEG,AVERAGE,243,2.8174549796446904,0.14245925886975294,1.4342590358024692,0.5045050000000018,0,0,192,0.7901234567901234,5.470689492400001,7.5244800332,72.70521641710616,0.9964224104918533,0.9995245400084218,0.9963529881376315,0.9974232038554278,-18.487680466715414
lstm_features_1_ts42_single,lstm_features_1,"LSTM with Feature 1 (42 TimeSteps), Single",DEEP_LEARNING,42,single,00_04,NEG,MARGINAL,243,7.111045389896334,0.23930302107283632,3.31548445925926,1.0213552000000004,0,0,87,0.35802469135802467,3.6904255032,10.485960278399999,35.193967984047184,0.9939903661983759,0.9987999745849999,0.9915694370050446,0.9947786303321626,-5.371082837182434
lstm_features_1_ts42_single,lstm_features_1,"LSTM with Feature 1 (42 TimeSteps), Single",DEEP_LEARNING,42,single,00_04,POS,AVERAGE,243,1.8996955007684995,0.310629122962604,1.2968909341563783,0.9212227,0,0,114,0.4691358024691358,1.6486613156000003,3.9527597800000005,41.70911988990133,0.992199148724676,0.9996794166319171,0.996702285638089,0.9961536723154919,588.9104944546428
lstm_features_1_ts42_single,lstm_features_1,"LSTM with Feature 1 (42 TimeSteps), Single",DEEP_LEARNING,42,single,00_04,POS,MARGINAL,243,2.547532101434382,0.30796490140286936,1.5443166279835392,0.9152154000000001,0,0,44,0.18106995884773663,0.9175391219999999,4.755639932399999,19.29370463370954,0.992266055510343,0.9995700908798032,0.9960731353814636,0.9959327235397347,172.94365539403762
lstm_features_1_ts42_single,lstm_features_1,"LSTM with Feature 1 (42 TimeSteps), Single",DEEP_LEARNING,42,single,04_08,NEG,AVERAGE,243,1.2748168944363092,0.10689602131986119,0.7098945563786009,0.38359260000000006,0,0,219,0.9012345679012346,5.7089437404000005,6.092240204,93.70844794746704,0.9973155126078102,0.9997848681046294,0.998194891017929,0.9984205947970999,-14.641688835251204
lstm_features_1_ts42_single,lstm_features_1,"LSTM with Feature 1 (42 TimeSteps), Single",DEEP_LEARNING,42,single,04_08,NEG,MARGINAL,243,4.65072783918925,0.22584506352666237,2.020613071604938,1.0261250000000004,0,0,68,0.27983539094650206,3.0974616783999998,8.573920134400002,36.126551563881094,0.994328336844161,0.9992151658020345,0.9948620160951074,0.9961171045530716,1.3676503887847495
lstm_features_1_ts42_single,lstm_features_1,"LSTM with Feature 1 (42 TimeSteps), Single",DEEP_LEARNING,42,single,04_08,POS,AVERAGE,243,5.590102919090512,0.2520341974264504,2.9454996139917697,1.8731047000000007,0,0,149,0.6131687242798354,6.18119142,10.608559304800002,58.266077818910134,0.9936706472604113,0.9990566414348998,0.9925102287908408,0.9950650872430342,215.67425228513017
lstm_features_1_ts42_single,lstm_features_1,"LSTM with Feature 1 (42 TimeSteps), Single",DEEP_LEARNING,42,single,04_08,POS,MARGINAL,243,20.902095783126473,0.22594353249929033,5.095855813580246,1.840104000000002,0,0,146,0.6008230452674898,6.2240469771999996,14.250879452400001,43.67482721322019,0.9943258639858424,0.9964726640330328,0.9870423360514873,0.9926307437830781,94.05511937995051
lstm_features_1_ts42_single,lstm_features_1,"LSTM with Feature 1 (42 TimeSteps), Single",DEEP_LEARNING,42,single,08_12,NEG,AVERAGE,243,3.0055964809508176,0.15652612731480528,1.6620530395061732,0.7103457,0,0,185,0.7613168724279835,8.6335349972,11.115999204,77.66764677432951,0.9960691482233228,0.9994927901642281,0.9957737570413331,0.997101470973765,-2.1287862762761027
lstm_features_1_ts42_single,lstm_features_1,"LSTM with Feature 1 (42 TimeSteps), Single",DEEP_LEARNING,42,single,08_12,NEG,MARGINAL,243,14.978889405368927,0.2749271267039048,4.657861913168724,1.4563539999999975,0,0,96,0.3950617283950617,6.158882538,15.307239597599999,40.235095940914405,0.9930957354979638,0.997472235516812,0.9881560602188599,0.9929098876620794,29.450080818904432
lstm_features_1_ts42_single,lstm_features_1,"LSTM with Feature 1 (42 TimeSteps), Single",DEEP_LEARNING,42,single,08_12,POS,AVERAGE,243,8.947900769420702,0.18862200567576307,4.525416518930042,1.8085720000000016,0,0,179,0.7366255144032922,10.994950122399999,17.759679465599998,61.90962029296141,0.9952631221454818,0.9984899958099747,0.9884928403344785,0.9940937974571334,63.16772778211445
lstm_features_1_ts42_single,lstm_features_1,"LSTM with Feature 1 (42 TimeSteps), Single",DEEP_LEARNING,42,single,08_12,POS,MARGINAL,243,16.830128331996796,0.19064443498588737,7.0598991905349795,1.8796729999999968,0,0,96,0.3950617283950617,8.041237204,23.3909594152,34.3775433117746,0.9952123327342616,0.9971598294443733,0.9820481966978855,0.9915108417565943,-8.410994778058676
lstm_features_1_ts42_single,lstm_features_1,"LSTM with Feature 1 (42 TimeSteps), Single",DEEP_LEARNING,42,single,12_16,NEG,AVERAGE,243,6.005829031916106,0.12109602272518105,3.05097905473251,0.9141980000000007,0,0,211,0.8683127572016461,19.6786645144,23.0065574596,85.53502430320637,0.9969589069617721,0.9989864855191777,0.9922420172878872,0.9960714342933341,-36.99609293556428
lstm_features_1_ts42_single,lstm_features_1,"LSTM with Feature 1 (42 TimeSteps), Single",DEEP_LEARNING,42,single,12_16,NEG,MARGINAL,243,27.28114492061698,0.1799276668534457,7.092967424279836,1.7892309999999991,0,0,145,0.5967078189300411,16.3325740636,30.050997300000002,54.349524245573036,0.9954814636951836,0.995396166743422,0.9819641113006702,0.990992589410913,-27.3608918514755
lstm_features_1_ts42_single,lstm_features_1,"LSTM with Feature 1 (42 TimeSteps), Single",DEEP_LEARNING,42,single,12_16,POS,AVERAGE,243,16.0189627386169,0.24568529375722367,4.586850656790124,1.3165431000000005,0,0,164,0.6748971193415638,6.757053254800001,12.4003592184,54.49078640216886,0.9938300877301671,0.9972967178024778,0.988336626551656,0.993161233465121,73.651090843714
lstm_features_1_ts42_single,lstm_features_1,"LSTM with Feature 1 (42 TimeSteps), Single",DEEP_LEARNING,42,single,12_16,POS,MARGINAL,243,92.7129525879876,0.21235414680602333,12.577478654732511,1.3025434999999996,0,0,138,0.5679012345679012,6.596378313600001,22.7001991136,29.058680413283334,0.9946671351960404,0.9843542132970546,0.9680181803234512,0.9824697158614207,-14.706922850938742
lstm_features_1_ts42_single,lstm_features_1,"LSTM with Feature 1 (42 TimeSteps), Single",DEEP_LEARNING,42,single,16_20,NEG,AVERAGE,243,1.337750934659588,0.19036992143782616,0.7517824604115226,0.2800180000000001,0,0,193,0.7942386831275721,5.69601083784,6.763039872199999,84.22264167410715,0.9952192266125337,0.9997742476622618,0.9980883790984748,0.9976692038793046,-8.264334482036384
lstm_features_1_ts42_single,lstm_features_1,"LSTM with Feature 1 (42 TimeSteps), Single",DEEP_LEARNING,42,single,16_20,NEG,MARGINAL,243,4.284599280419179,0.4779030687643957,1.867518435967078,0.8056550000000016,0,0,53,0.21810699588477367,2.9557449805200005,8.514640332119999,34.713679794200665,0.9879983862173128,0.9992769518758945,0.9952513027848188,0.9941137753519218,34.83969387740834
lstm_features_1_ts42_single,lstm_features_1,"LSTM with Feature 1 (42 TimeSteps), Single",DEEP_LEARNING,42,single,16_20,POS,AVERAGE,243,20.889265906561246,0.2372279758579968,8.984556576131686,3.7795340000000017,0,0,154,0.6337448559670782,14.075251487999996,26.775798113999997,52.56706607987386,0.9940424769565563,0.9964748291405671,0.9771542074385889,0.9892720242363506,76.37709134153245
lstm_features_1_ts42_single,lstm_features_1,"LSTM with Feature 1 (42 TimeSteps), Single",DEEP_LEARNING,42,single,16_20,POS,MARGINAL,243,32.71187708835712,0.3179822867035427,14.734701475308642,5.551886999999999,0,0,74,0.3045267489711934,10.812457792,35.721720065999996,30.2685810538315,0.9920144882002567,0.9944797028107623,0.9625328272456432,0.9830990609067011,34.06197912088522
lstm_features_1_ts42_single,lstm_features_1,"LSTM with Feature 1 (42 TimeSteps), Single",DEEP_LEARNING,42,single,20_24,NEG,AVERAGE,243,0.5929352427372818,0.16836007338356201,0.37534712699588474,0.22397929999999988,0,0,183,0.7530864197530864,1.7020568924800004,2.2389599894,76.01997804954614,0.9957719614933661,0.9998999391338796,0.9990455730865283,0.9982144859404791,47.68485951694193
lstm_features_1_ts42_single,lstm_features_1,"LSTM with Feature 1 (42 TimeSteps), Single",DEEP_LEARNING,42,single,20_24,NEG,MARGINAL,243,1.7408228015681109,0.2661979909977484,0.9337916330041154,0.46784500000000007,0,0,82,0.3374485596707819,0.972733932,3.17832014352,30.605284806919858,0.9933149509042863,0.9997062272155003,0.9976255689679926,0.9968465760480101,24.339161233077014
lstm_features_1_ts42_single,lstm_features_1,"LSTM with Feature 1 (42 TimeSteps), Single",DEEP_LEARNING,42,single,20_24,POS,AVERAGE,243,4.438188200593522,0.29211635798820956,3.5585525839506174,2.8237319999999997,0,0,124,0.5102880658436214,9.2989232732,14.7366389548,63.100706353202504,0.9926640611092036,0.9992510329571468,0.9909513671083351,0.9942725727987383,202.57971862093663
lstm_features_1_ts42_single,lstm_features_1,"LSTM with Feature 1 (42 TimeSteps), Single",DEEP_LEARNING,42,single,20_24,POS,MARGINAL,243,5.585417613697583,0.2625056724159851,3.8293231695473247,2.667453,0,0,32,0.13168724279835392,3.5443626308000002,17.54480025,20.201783892067965,0.9934076763636468,0.9990574321042375,0.9902628558192296,0.994234304978384,63.59075514377199
lstm_features_4_ts168_ensemble,lstm_features_4,"LSTM with Feature 4 (168 TimeSteps), Ensemble",DEEP_LEARNING,168,ensemble,00_04,NEG,AVERAGE,243,2.830470238707854,0.1565461985848853,1.4849584168724281,0.6659450000000007,0,0,229,0.9423868312757202,6.0217459188,7.5244800332,80.02873145028575,0.9960686441720886,0.9995223436166394,0.9962240705296115,0.997259655686773,7.596003273690191
lstm_features_4_ts168_ensemble,lstm_features_4,"LSTM with Feature 4 (168 TimeSteps), Ensemble",DEEP_LEARNING,168,ensemble,00_04,NEG,MARGINAL,243,6.780470237493364,0.22363131785008972,3.2340189366255143,1.0798120999999998,0,0,145,0.5967078189300411,4.3284620188,10.485960278399999,41.27864214511843,0.9943839307969096,0.9988557608390175,0.9917765862856158,0.9949992110220782,0.04496943111272859
lstm_features_4_ts168_ensemble,lstm_features_4,"LSTM with Feature 4 (168 TimeSteps), Ensemble",DEEP_LEARNING,168,ensemble,00_04,POS,AVERAGE,243,1.7733636202614074,0.3440963192448139,1.3776130016460904,1.0788923000000001,0,0,63,0.25925925925925924,1.1418445612,3.9527597800000005,28.887274328621103,0.9913586846422692,0.9997007357852934,0.996497026803847,0.9958072144327879,706.8192716661313
lstm_features_4_ts168_ensemble,lstm_features_4,"LSTM with Feature 4 (168 TimeSteps), Ensemble",DEEP_LEARNING,168,ensemble,00_04,POS,MARGINAL,243,4.841784523043208,0.9540321249225348,4.059398856790124,3.5050666,0,0,11,0.04526748971193416,0.3777704644,4.755639932399999,7.943630505460764,0.9760413233394797,0.9991829240058204,0.9896778228930486,0.9881780964120499,945.3120546305831
lstm_features_4_ts168_ensemble,lstm_features_4,"LSTM with Feature 4 (168 TimeSteps), Ensemble",DEEP_LEARNING,168,ensemble,04_08,NEG,AVERAGE,243,1.5984421667361557,0.12051143353481783,0.8793867897119341,0.4108609999999997,0,0,225,0.9259259259259259,5.521277328400001,6.092240204,90.62803079850461,0.9969735877917204,0.9997302546785574,0.9977639087684776,0.9981440937867065,-8.573833062838482
lstm_features_4_ts168_ensemble,lstm_features_4,"LSTM with Feature 4 (168 TimeSteps), Ensemble",DEEP_LEARNING,168,ensemble,04_08,NEG,MARGINAL,243,4.604340232603914,0.15622196094308968,1.7094634666666666,0.7008610000000006,0,0,115,0.4732510288065844,3.2566697724,8.573920134400002,37.98343956265345,0.9960767867750661,0.9992229939487824,0.9956532025348331,0.9969752523431157,-30.76415366633295
lstm_features_4_ts168_ensemble,lstm_features_4,"LSTM with Feature 4 (168 TimeSteps), Ensemble",DEEP_LEARNING,168,ensemble,04_08,POS,AVERAGE,243,3.922391273758324,0.15799142721681889,1.9000599625514403,1.0558340000000008,0,0,179,0.7366255144032922,7.530493009600001,10.608559304800002,70.98506774800907,0.9960323500425845,0.9993380763364593,0.995168556690487,0.996838187913371,77.93965734388381
lstm_features_4_ts168_ensemble,lstm_features_4,"LSTM with Feature 4 (168 TimeSteps), Ensemble",DEEP_LEARNING,168,ensemble,04_08,POS,MARGINAL,243,20.449632480950093,0.2645687161645972,4.9211206,2.221629,0,0,82,0.3374485596707819,4.3143649856,14.250879452400001,30.274377100800017,0.9933558669991419,0.996549019538053,0.987486650070638,0.9924727657505763,134.29027968688706
lstm_features_4_ts168_ensemble,lstm_features_4,"LSTM with Feature 4 (168 TimeSteps), Ensemble",DEEP_LEARNING,168,ensemble,08_12,NEG,AVERAGE,243,5.486175420148614,0.24048785470485312,3.1093487850617283,1.2817884,0,0,195,0.8024691358024691,7.835599302120001,11.115999204,70.48938344022574,0.9939606113870394,0.9990741797338714,0.9920935956334997,0.9950319737428259,76.60441450548669
lstm_features_4_ts168_ensemble,lstm_features_4,"LSTM with Feature 4 (168 TimeSteps), Ensemble",DEEP_LEARNING,168,ensemble,08_12,NEG,MARGINAL,243,17.14059626024511,0.27816580393752377,5.66186304691358,2.0152409999999996,0,0,145,0.5967078189300411,7.7626129024,15.307239597599999,50.71203630742861,0.9930144023660692,0.9971074363876549,0.9856031015459866,0.9919193743225653,79.12754063886265
lstm_features_4_ts168_ensemble,lstm_features_4,"LSTM with Feature 4 (168 TimeSteps), Ensemble",DEEP_LEARNING,168,ensemble,08_12,POS,AVERAGE,243,7.5504845764441715,0.1498648728609548,3.5512120366255147,1.4991060000000012,0,0,196,0.8065843621399177,12.9168955884,17.759679465599998,72.7315806201326,0.9962364327805658,0.9987258169663531,0.9909700325394063,0.995320017482293,35.24798555132692
lstm_features_4_ts168_ensemble,lstm_features_4,"LSTM with Feature 4 (168 TimeSteps), Ensemble",DEEP_LEARNING,168,ensemble,08_12,POS,MARGINAL,243,17.245670613379488,0.20978044116089192,7.629210289711934,2.2785129999999985,0,0,144,0.5925925925925926,10.3335435172,23.3909594152,44.177510352504044,0.9947317688491012,0.9970897045511509,0.9806005611730273,0.9908465890976732,11.022895501111844
lstm_features_4_ts168_ensemble,lstm_features_4,"LSTM with Feature 4 (168 TimeSteps), Ensemble",DEEP_LEARNING,168,ensemble,12_16,NEG,AVERAGE,243,7.503043053425326,0.23342248548075475,5.134264798395061,3.1524554999999994,0,0,240,0.9876543209876543,18.12495512356,23.0065574596,78.78169150420614,0.9941380445072722,0.9987338229669096,0.9869446702744243,0.9932808379021127,117.25820155674049
lstm_features_4_ts168_ensemble,lstm_features_4,"LSTM with Feature 4 (168 TimeSteps), Ensemble",DEEP_LEARNING,168,ensemble,12_16,NEG,MARGINAL,243,26.936314689745604,0.23790932071703405,7.8937570158847725,2.985358999999999,0,0,190,0.7818930041152263,15.75015526576,30.050997300000002,52.41142285071517,0.9940253662946137,0.9954543586151113,0.9799278758181372,0.9898447619031407,21.199451196168067
lstm_features_4_ts168_ensemble,lstm_features_4,"LSTM with Feature 4 (168 TimeSteps), Ensemble",DEEP_LEARNING,168,ensemble,12_16,POS,AVERAGE,243,15.513895239439245,0.10723015179880312,2.9881702522633744,0.6215890000000002,0,0,223,0.9176954732510288,9.2963889144,12.4003592184,74.96870655654682,0.9973071215653093,0.9973819505357921,0.9924017265467785,0.9957130347694536,-18.012856619389574
lstm_features_4_ts168_ensemble,lstm_features_4,"LSTM with Feature 4 (168 TimeSteps), Ensemble",DEEP_LEARNING,168,ensemble,12_16,POS,MARGINAL,243,93.02822803773913,0.1920043262420786,12.591227295061728,1.4456609999999994,0,0,116,0.4773662551440329,6.0553421536,22.7001991136,26.67528211227082,0.9951781816883487,0.9843010089464025,0.9679832204918445,0.9826143774886602,-5.335311101403499
lstm_features_4_ts168_ensemble,lstm_features_4,"LSTM with Feature 4 (168 TimeSteps), Ensemble",DEEP_LEARNING,168,ensemble,16_20,NEG,AVERAGE,243,2.544648038907603,0.28678317216326804,1.5722192322633743,0.6721148999999997,0,0,181,0.7448559670781894,5.217962904119999,6.763039872199999,77.15410529470397,0.9927979937844378,0.9995705775801603,0.9960021850675668,0.9960903295604588,120.18908661600153
lstm_features_4_ts168_ensemble,lstm_features_4,"LSTM with Feature 4 (168 TimeSteps), Ensemble",DEEP_LEARNING,168,ensemble,16_20,NEG,MARGINAL,243,5.139232972899882,0.4533799194884829,2.6149889925925933,0.9839216,0,0,104,0.4279835390946502,4.96220622676,8.514640332119999,58.27851833084412,0.9886142378106195,0.9991327280529176,0.993350646126059,0.993648354334673,64.67555882278339
lstm_features_4_ts168_ensemble,lstm_features_4,"LSTM with Feature 4 (168 TimeSteps), Ensemble",DEEP_LEARNING,168,ensemble,16_20,POS,AVERAGE,243,17.80029102490916,0.16257838340429603,6.901785804526748,2.361985999999998,0,0,222,0.9135802469135802,19.513432467999998,26.775798113999997,72.87712726589913,0.995917157485352,0.9969961095094909,0.9824502449890078,0.9918291305295244,10.225287156940608
lstm_features_4_ts168_ensemble,lstm_features_4,"LSTM with Feature 4 (168 TimeSteps), Ensemble",DEEP_LEARNING,168,ensemble,16_20,POS,MARGINAL,243,35.21184888715016,0.23337864649269463,14.095443269547323,3.7230500000000006,0,0,175,0.720164609053498,17.475287044,35.721720065999996,48.92062031646962,0.9941391454388998,0.9940578197357931,0.9641583231995338,0.9842186366178838,-10.099133616009851
lstm_features_4_ts168_ensemble,lstm_features_4,"LSTM with Feature 4 (168 TimeSteps), Ensemble",DEEP_LEARNING,168,ensemble,20_24,NEG,AVERAGE,243,0.7354913732710665,0.27397185913383565,0.5477733429218107,0.4354627,0,0,137,0.5637860082304527,1.5002739318399998,2.2389599894,67.00762581478938,0.9931197252004463,0.9998758820550221,0.9986071303511731,0.9971601006621962,187.13031817836853
lstm_features_4_ts168_ensemble,lstm_features_4,"LSTM with Feature 4 (168 TimeSteps), Ensemble",DEEP_LEARNING,168,ensemble,20_24,NEG,MARGINAL,243,1.505021181696811,0.26371197297851845,0.850842098106996,0.4443269000000001,0,0,98,0.40329218106995884,1.06641467552,3.17832014352,33.552777170488,0.9933773824517563,0.9997460199493712,0.9978364917721696,0.9969505389017057,18.08875601811132
lstm_features_4_ts168_ensemble,lstm_features_4,"LSTM with Feature 4 (168 TimeSteps), Ensemble",DEEP_LEARNING,168,ensemble,20_24,POS,AVERAGE,243,3.9303698733071,0.15378059621270285,2.7447562839506174,1.526591999999999,0,0,201,0.8271604938271605,11.5223265416,14.7366389548,78.18829366004763,0.9961380969413149,0.9993367299068263,0.9930206758493402,0.9961648968595821,63.583434195940924
lstm_features_4_ts168_ensemble,lstm_features_4,"LSTM with Feature 4 (168 TimeSteps), Ensemble",DEEP_LEARNING,168,ensemble,20_24,POS,MARGINAL,243,7.159497751984672,0.26592641333121075,4.768961481481481,3.509003,0,0,111,0.4567901234567901,8.806331842800002,17.54480025,50.193400422441414,0.9933217710535568,0.9987917980001612,0.9878735579417772,0.993328969619049,115.20171135977328
lstm_features_4_ts168_recency,lstm_features_4,"LSTM with Feature 4 (168 TimeSteps), Weighted Ensemble",DEEP_LEARNING,168,recency,00_04,NEG,AVERAGE,243,2.683048747439061,0.12253986500700331,1.257167181069959,0.4080018999999999,0,0,215,0.8847736625514403,6.1261827636,7.5244800332,81.41669240359013,0.996922647647777,0.999547221750098,0.9968032945877331,0.9977493705917284,-34.07958049377687
lstm_features_4_ts168_recency,lstm_features_4,"LSTM with Feature 4 (168 TimeSteps), Weighted Ensemble",DEEP_LEARNING,168,recency,00_04,NEG,MARGINAL,243,6.5357402477350055,0.21513131383088172,3.1235451921810697,1.0576489999999996,0,0,110,0.45267489711934156,3.9683683068,10.485960278399999,37.84458648936933,0.9945973920028683,0.9988970602811417,0.9920574972273717,0.9951781172587847,-2.0084495498365644
lstm_features_4_ts168_recency,lstm_features_4,"LSTM with Feature 4 (168 TimeSteps), Weighted Ensemble",DEEP_LEARNING,168,recency,00_04,POS,AVERAGE,243,1.096568315207003,0.14910128069767953,0.6425139419753086,0.3360997999999995,0,0,157,0.6460905349794238,2.4466704492,3.9527597800000005,61.89777738529811,0.996255608924914,0.999814948467436,0.9983662254100355,0.9981266944140363,151.34278541345782
lstm_features_4_ts168_recency,lstm_features_4,"LSTM with Feature 4 (168 TimeSteps), Weighted Ensemble",DEEP_LEARNING,168,recency,00_04,POS,MARGINAL,243,3.049125731987553,0.506076148308566,2.254695316872428,1.6892505999999994,0,0,19,0.07818930041152264,0.4847442608,4.755639932399999,10.1930395843776,0.98729087366538,0.9994854443796527,0.9942667953546762,0.9936171361585578,403.78329914528433
lstm_features_4_ts168_recency,lstm_features_4,"LSTM with Feature 4 (168 TimeSteps), Weighted Ensemble",DEEP_LEARNING,168,recency,04_08,NEG,AVERAGE,243,1.348736484847248,0.09243573824558163,0.6913546971193416,0.28803199999999984,0,0,236,0.9711934156378601,5.704295944000002,6.092240204,93.63215751497643,0.9976786547259274,0.999772393794272,0.9982420338874926,0.9985555037417977,-35.90615386896174
lstm_features_4_ts168_recency,lstm_features_4,"LSTM with Feature 4 (168 TimeSteps), Weighted Ensemble",DEEP_LEARNING,168,recency,04_08,NEG,MARGINAL,243,4.571818121393382,0.16085948565195213,1.7195495744855969,0.7628512000000001,0,0,81,0.3333333333333333,2.6893253772,8.573920134400002,31.366345091202525,0.9959603242869566,0.9992284822220057,0.9956275557346789,0.9969290027832711,-24.640337444010342
lstm_features_4_ts168_recency,lstm_features_4,"LSTM with Feature 4 (168 TimeSteps), Weighted Ensemble",DEEP_LEARNING,168,recency,04_08,POS,AVERAGE,243,3.9000921793096905,0.14697346166915246,1.8538967921810696,1.0466889999999989,0,0,187,0.7695473251028807,7.7836454856,10.608559304800002,73.3713717571261,0.9963090449956341,0.9993418394231227,0.9952859396915646,0.9969722424063625,76.39845089816397
lstm_features_4_ts168_recency,lstm_features_4,"LSTM with Feature 4 (168 TimeSteps), Weighted Ensemble",DEEP_LEARNING,168,recency,04_08,POS,MARGINAL,243,20.436290273746216,0.25962308149389673,4.916474371193416,2.2625600000000006,0,0,112,0.4609053497942387,5.592067328,14.250879452400001,39.240155996535606,0.9934800670746541,0.9965512711040125,0.9874984644299343,0.992519635531585,138.6068129324758
lstm_features_4_ts168_recency,lstm_features_4,"LSTM with Feature 4 (168 TimeSteps), Weighted Ensemble",DEEP_LEARNING,168,recency,08_12,NEG,AVERAGE,243,4.379308168287907,0.16762546032874773,2.3009823353909464,0.9031775,0,0,217,0.8930041152263375,8.7417781916,11.115999204,78.6414071391292,0.9957904098833009,0.9992609692648665,0.9941490974344284,0.9963940613710895,24.439520268734842
lstm_features_4_ts168_recency,lstm_features_4,"LSTM with Feature 4 (168 TimeSteps), Weighted Ensemble",DEEP_LEARNING,168,recency,08_12,NEG,MARGINAL,243,16.410826363998655,0.246351784244755,4.951950015226338,1.4990709999999972,0,0,137,0.5637860082304527,8.096962279600001,15.307239597599999,52.89629281604446,0.9938133501071135,0.9972305888040129,0.9874082575067888,0.992827358318983,33.24704165558364
lstm_features_4_ts168_recency,lstm_features_4,"LSTM with Feature 4 (168 TimeSteps), Weighted Ensemble",DEEP_LEARNING,168,recency,08_12,POS,AVERAGE,243,7.005941249838765,0.16092335711266118,3.543256174897119,1.912758499999999,0,0,162,0.6666666666666666,11.7604155032,17.759679465599998,66.21975090248444,0.9959587202784175,0.9988177114482001,0.9909902625824979,0.9952625963247923,72.56733944842954
lstm_features_4_ts168_recency,lstm_features_4,"LSTM with Feature 4 (168 TimeSteps), Weighted Ensemble",DEEP_LEARNING,168,recency,08_12,POS,MARGINAL,243,16.21969030378677,0.22678301614189222,7.4841994921810695,2.9130600000000015,0,0,107,0.4403292181069959,8.3928720732,23.3909594152,35.880837225283344,0.9943047819733719,0.9972628439953949,0.9809692924032759,0.9908802308825079,41.941852413600124
lstm_features_4_ts168_recency,lstm_features_4,"LSTM with Feature 4 (168 TimeSteps), Weighted Ensemble",DEEP_LEARNING,168,recency,12_16,NEG,AVERAGE,243,5.356126484148987,0.14206913294673784,3.4577709469135804,1.9014762999999997,0,0,235,0.9670781893004116,20.0125622764,23.0065574596,86.9863399230523,0.9964322077519269,0.999096126159444,0.9912076331081358,0.9955871911939564,31.044299036343308
lstm_features_4_ts168_recency,lstm_features_4,"LSTM with Feature 4 (168 TimeSteps), Weighted Ensemble",DEEP_LEARNING,168,recency,12_16,NEG,MARGINAL,243,26.58956657164344,0.196144236197688,7.29211207366255,2.2757959999999997,0,0,178,0.7325102880658436,16.2916860788,30.050997300000002,54.21346225604299,0.9950742158349576,0.9955128741401167,0.9814577293428116,0.990725532533252,-7.607350997171679
lstm_features_4_ts168_recency,lstm_features_4,"LSTM with Feature 4 (168 TimeSteps), Weighted Ensemble",DEEP_LEARNING,168,recency,12_16,POS,AVERAGE,243,15.4401716668618,0.11218050486717995,3.0270051934156377,0.6268136999999996,0,0,228,0.9382716049382716,9.519916918400002,12.4003592184,76.77129953037233,0.9971828029963404,0.997394391767134,0.9923029776544785,0.9956422849278879,-17.32372243583641
lstm_features_4_ts168_recency,lstm_features_4,"LSTM with Feature 4 (168 TimeSteps), Weighted Ensemble",DEEP_LEARNING,168,recency,12_16,POS,MARGINAL,243,92.99858393989933,0.188470225153658,12.424516716460905,1.240036400000001,0,0,140,0.5761316872427984,6.675455133600001,22.7001991136,29.407033392939024,0.9952669338205371,0.9843060115400947,0.9684071295923364,0.9827860940726849,-18.80000911075576
lstm_features_4_ts168_recency,lstm_features_4,"LSTM with Feature 4 (168 TimeSteps), Weighted Ensemble",DEEP_LEARNING,168,recency,16_20,NEG,AVERAGE,243,1.7592162575933479,0.17104191710311203,0.9744794606172841,0.38360020000000006,0,0,212,0.8724279835390947,5.861007346000001,6.763039872199999,86.66232133411083,0.9957046121611453,0.9997031232253709,0.997522108584439,0.9976238946320268,25.66984850910991
lstm_features_4_ts168_recency,lstm_features_4,"LSTM with Feature 4 (168 TimeSteps), Weighted Ensemble",DEEP_LEARNING,168,recency,16_20,NEG,MARGINAL,243,4.360627250403871,0.399802089604982,1.9528981238683127,0.7672086,0,0,99,0.4074074074074074,5.440136151,8.514640332119999,63.89155547155683,0.9899597416661164,0.9992641217656603,0.9950342006248823,0.9947047585553587,28.40505273859757
lstm_features_4_ts168_recency,lstm_features_4,"LSTM with Feature 4 (168 TimeSteps), Weighted Ensemble",DEEP_LEARNING,168,recency,16_20,POS,AVERAGE,243,15.937543278394658,0.16739300443070246,6.592827024279834,2.061271999999999,0,0,171,0.7037037037037037,17.3740153884,26.775798113999997,64.88701219821276,0.9957962475648146,0.9973104577543674,0.9832358606333346,0.9921510092399786,-3.807940390602935
lstm_features_4_ts168_recency,lstm_features_4,"LSTM with Feature 4 (168 TimeSteps), Weighted Ensemble",DEEP_LEARNING,168,recency,16_20,POS,MARGINAL,243,31.72834962072026,0.23961360219185449,12.80167490329218,3.967815,0,0,97,0.3991769547325103,12.792300076,35.721720065999996,35.810985731831366,0.993982566552627,0.9946456781199892,0.9674480975437125,0.9854450185969147,-4.188768307868065
lstm_features_4_ts168_recency,lstm_features_4,"LSTM with Feature 4 (168 TimeSteps), Weighted Ensemble",DEEP_LEARNING,168,recency,20_24,NEG,AVERAGE,243,0.4971643540827781,0.15092778433040366,0.3278607688065843,0.20395379999999985,0,0,187,0.7695473251028807,1.8243035915600003,2.2389599894,81.47995498789061,0.9962097398091763,0.9999161009629921,0.9991663206692828,0.9984085106737707,34.48067879909645
lstm_features_4_ts168_recency,lstm_features_4,"LSTM with Feature 4 (168 TimeSteps), Weighted Ensemble",DEEP_LEARNING,168,recency,20_24,NEG,MARGINAL,243,1.5043217696636308,0.2205473579700066,0.8058770112757201,0.38164869999999995,0,0,98,0.40329218106995884,1.0746293554,3.17832014352,33.811236970289734,0.9944613785008922,0.9997461379787423,0.9979508283048131,0.9973568675638766,1.4307713958559496
lstm_features_4_ts168_recency,lstm_features_4,"LSTM with Feature 4 (168 TimeSteps), Weighted Ensemble",DEEP_LEARNING,168,recency,20_24,POS,AVERAGE,243,2.596253745692669,0.10754030656963151,1.7124660152263373,0.9445150000000009,0,0,219,0.9012345679012346,12.991648852800001,14.7366389548,88.158832503448,0.9972993326264729,0.9995618688522159,0.9956455677004405,0.9975002271553775,1.210413358369088
lstm_features_4_ts168_recency,lstm_features_4,"LSTM with Feature 4 (168 TimeSteps), Weighted Ensemble",DEEP_LEARNING,168,recency,20_24,POS,MARGINAL,243,5.715866620742832,0.1924731212240544,3.4451189958847737,2.345286999999999,0,0,109,0.448559670781893,9.4895643684,17.54480025,54.0876170328585,0.9951664088065979,0.999035418164622,0.991239804295022,0.9951474024059259,43.83281405853127
lstm_features_4_ts168_single,lstm_features_4,"LSTM with Feature 4 (168 TimeSteps), Single",DEEP_LEARNING,168,single,00_04,NEG,AVERAGE,243,2.962153586579697,0.1522697396115338,1.4806303617283953,0.5306785000000005,0,0,171,0.7037037037037037,5.301445134800001,7.5244800332,70.45596654398204,0.9961760391906818,0.9995001213756729,0.9962350758418022,0.9972924684065987,-14.2588567775462
lstm_features_4_ts168_single,lstm_features_4,"LSTM with Feature 4 (168 TimeSteps), Single",DEEP_LEARNING,168,single,00_04,NEG,MARGINAL,243,6.260001854156777,0.23791699732392882,3.004931633333334,1.0811566,0,0,85,0.3497942386831276,4.0440542212,10.485960278399999,38.56636983005111,0.9940251735114384,0.9989435925505962,0.9923591059642575,0.9950984495037908,0.1695378272254775
lstm_features_4_ts168_single,lstm_features_4,"LSTM with Feature 4 (168 TimeSteps), Single",DEEP_LEARNING,168,single,00_04,POS,AVERAGE,243,1.0217287498525458,0.13220734212889446,0.5735789790123458,0.28985949999999994,0,0,146,0.6008230452674898,2.2701872267999996,3.9527597800000005,57.43296717110392,0.9966798676066907,0.999827578028288,0.9985415121758024,0.9983329547536248,116.76327718300416
lstm_features_4_ts168_single,lstm_features_4,"LSTM with Feature 4 (168 TimeSteps), Single",DEEP_LEARNING,168,single,00_04,POS,MARGINAL,243,2.3015677711086577,0.24530309867315483,1.2675797600823044,0.7361760000000004,0,0,43,0.17695473251028807,0.8683617428,4.755639932399999,18.259619213050247,0.9938396858225177,0.9996115986232348,0.9967768176416391,0.9967136705470644,119.54893728117023
lstm_features_4_ts168_single,lstm_features_4,"LSTM with Feature 4 (168 TimeSteps), Single",DEEP_LEARNING,168,single,04_08,NEG,AVERAGE,243,1.2027164489071998,0.08588739318675812,0.6079944720164608,0.30416,0,0,228,0.9382716049382716,5.7508015839999995,6.092240204,94.3955161226929,0.9978431037814962,0.9997970354249492,0.9984540009884213,0.9986894973021211,-32.31729724747039
lstm_features_4_ts168_single,lstm_features_4,"LSTM with Feature 4 (168 TimeSteps), Single",DEEP_LEARNING,168,single,04_08,NEG,MARGINAL,243,4.514998319482173,0.19475796588449448,1.8281005847736624,0.8892745,0,0,120,0.49382716049382713,4.077787604399999,8.573920134400002,47.56036375985395,0.9951090293400067,0.9992380708552698,0.9953515338918245,0.9965516395421434,-12.151378617944864
lstm_features_4_ts168_single,lstm_features_4,"LSTM with Feature 4 (168 TimeSteps), Single",DEEP_LEARNING,168,single,04_08,POS,AVERAGE,243,3.79951426370343,0.1262787228654542,1.6264436823045265,0.7667079999999995,0,0,188,0.7736625514403292,7.810873652000001,10.608559304800002,73.6280340014299,0.9968287534442485,0.9993588124627107,0.9958643039682716,0.9973454045932687,29.213265345512905
lstm_features_4_ts168_single,lstm_features_4,"LSTM with Feature 4 (168 TimeSteps), Single",DEEP_LEARNING,168,single,04_08,POS,MARGINAL,243,20.499902669150927,0.26188372482413197,4.999920959259259,1.9722920000000013,0,0,91,0.37448559670781895,4.5807941664000005,14.250879452400001,32.14394018067808,0.9934232953777908,0.9965405361857257,0.9872862777265888,0.9924267690195128,107.99550433677727
lstm_features_4_ts168_single,lstm_features_4,"LSTM with Feature 4 (168 TimeSteps), Single",DEEP_LEARNING,168,single,08_12,NEG,AVERAGE,243,3.801947603502348,0.13950797246381255,1.8958344522633745,0.6790580000000013,0,0,226,0.9300411522633745,8.987339590000001,11.115999204,80.85048788745848,0.9964965263574361,0.9993584018241278,0.9951793012531918,0.9970062609770438,-6.439596032178938
lstm_features_4_ts168_single,lstm_features_4,"LSTM with Feature 4 (168 TimeSteps), Single",DEEP_LEARNING,168,single,08_12,NEG,MARGINAL,243,15.522377455285403,0.21076350824336634,4.45152767325103,1.0292299999999983,0,0,136,0.5596707818930041,6.717435051600001,15.307239597599999,43.88403937084265,0.9947070810154849,0.9973805191183236,0.9886807237571806,0.9936006176941812,-8.515438772962465
lstm_features_4_ts168_single,lstm_features_4,"LSTM with Feature 4 (168 TimeSteps), Single",DEEP_LEARNING,168,single,08_12,POS,AVERAGE,243,7.010168515568705,0.12879053766158916,3.168241998765432,1.3195970000000017,0,0,198,0.8148148148148148,13.3837746388,17.759679465599998,75.36045154826131,0.9967656740604839,0.998816998075407,0.9919438428736225,0.9958514066937444,19.052846156025286
lstm_features_4_ts168_single,lstm_features_4,"LSTM with Feature 4 (168 TimeSteps), Single",DEEP_LEARNING,168,single,08_12,POS,MARGINAL,243,15.124449213991557,0.22120935899804986,7.255584425102881,2.7950280000000003,0,0,83,0.34156378600823045,6.9128398232,23.3909594152,29.553468502484225,0.9944447536219542,0.9974476715518571,0.9815506112869208,0.9911806495682612,36.19062150037409
lstm_features_4_ts168_single,lstm_features_4,"LSTM with Feature 4 (168 TimeSteps), Single",DEEP_LEARNING,168,single,12_16,NEG,AVERAGE,243,4.9879065705620205,0.10844856601541504,2.6157549757201646,0.8711449999999985,0,0,216,0.8888888888888888,19.172880720000002,23.0065574596,83.33659111611105,0.9972765234423616,0.9991582651601655,0.993348698395919,0.9966013159439109,-39.96318235256726
lstm_features_4_ts168_single,lstm_features_4,"LSTM with Feature 4 (168 TimeSteps), Single",DEEP_LEARNING,168,single,12_16,NEG,MARGINAL,243,26.940907856024594,0.18285209201535987,7.126322502057612,2.0466570000000033,0,0,151,0.6213991769547325,15.918875698399999,30.050997300000002,52.97286988342314,0.995408022397934,0.9954535834947222,0.9818792965208506,0.9909585780204366,-16.90992433848116
lstm_features_4_ts168_single,lstm_features_4,"LSTM with Feature 4 (168 TimeSteps), Single",DEEP_LEARNING,168,single,12_16,POS,AVERAGE,243,15.436012805820019,0.11099569006621687,3.116485226748971,0.5110220000000005,0,0,216,0.8888888888888888,9.2651273976,12.4003592184,74.71660485328638,0.9972125573347713,0.9973950935962848,0.9920754491991118,0.9955775486163032,-32.59656463572178
lstm_features_4_ts168_single,lstm_features_4,"LSTM with Feature 4 (168 TimeSteps), Single",DEEP_LEARNING,168,single,12_16,POS,MARGINAL,243,92.28520806203194,0.18758831837556394,12.1478497345679,1.0115040000000004,0,0,106,0.43621399176954734,5.359662418800001,22.7001991136,23.61064055860617,0.9952890812082289,0.9844263973816906,0.9691106341474428,0.9830655080154118,-33.76475433750649
lstm_features_4_ts168_single,lstm_features_4,"LSTM with Feature 4 (168 TimeSteps), Single",DEEP_LEARNING,168,single,16_20,NEG,AVERAGE,243,1.3472747642830134,0.19274894260558445,0.6760288946502058,0.2500680000000006,0,0,190,0.7818930041152263,6.198686138400001,6.763039872199999,91.65532446260124,0.9951594820846108,0.999772640467121,0.9982810041027814,0.9977119266168355,-18.076143659528405
lstm_features_4_ts168_single,lstm_features_4,"LSTM with Feature 4 (168 TimeSteps), Single",DEEP_LEARNING,168,single,16_20,NEG,MARGINAL,243,3.924261232263348,0.2865110395406145,1.5636999459670782,0.4931049999999999,0,0,122,0.5020576131687243,5.3045285689999995,8.514640332119999,62.29891530461467,0.9928048278703607,0.9993377607713619,0.9960238477780019,0.9960229722972127,-17.470719787726388
lstm_features_4_ts168_single,lstm_features_4,"LSTM with Feature 4 (168 TimeSteps), Single",DEEP_LEARNING,168,single,16_20,POS,AVERAGE,243,16.91359377161836,0.18519011514000142,7.038833656378599,2.271370000000001,0,0,140,0.5761316872427984,15.26920932,26.775798113999997,57.02615942572535,0.995349307456786,0.9971457442229567,0.9821017618148118,0.9915704415277709,5.996568349541655
lstm_features_4_ts168_single,lstm_features_4,"LSTM with Feature 4 (168 TimeSteps), Single",DEEP_LEARNING,168,single,16_20,POS,MARGINAL,243,29.027878008037778,0.3054755993691722,13.11688066872428,6.219753000000001,0,0,55,0.22633744855967078,10.129553456,35.721720065999996,28.356846863153518,0.992328569529502,0.9951013965678436,0.9666465971613394,0.984768551570661,50.18900723719044
lstm_features_4_ts168_single,lstm_features_4,"LSTM with Feature 4 (168 TimeSteps), Single",DEEP_LEARNING,168,single,20_24,NEG,AVERAGE,243,0.5100853079112134,0.1272434667683333,0.3014559562962963,0.14922920000000006,0,0,229,0.9423868312757202,2.0225524945999998,2.2389599894,90.3344635087475,0.9968045257619457,0.9999139204857023,0.9992334624212571,0.9986321751183582,-1.6029899288655214
lstm_features_4_ts168_single,lstm_features_4,"LSTM with Feature 4 (168 TimeSteps), Single",DEEP_LEARNING,168,single,20_24,NEG,MARGINAL,243,1.5465899810142398,0.20387334109872196,0.7980267965020575,0.35952249999999997,0,0,145,0.5967078189300411,1.56031465308,3.17832014352,49.09243193330256,0.9948801142734257,0.9997390050010877,0.9979707897104497,0.9975034711077722,-4.44970856925067
lstm_features_4_ts168_single,lstm_features_4,"LSTM with Feature 4 (168 TimeSteps), Single",DEEP_LEARNING,168,single,20_24,POS,AVERAGE,243,2.0416281052235696,0.10606278334685826,1.3089326604938274,0.8099969999999992,0,0,184,0.757201646090535,12.330734157600002,14.7366389548,83.67399239012808,0.9973364377723355,0.9996554647762862,0.9966716661211819,0.9978823420387586,-13.20399232512059
lstm_features_4_ts168_single,lstm_features_4,"LSTM with Feature 4 (168 TimeSteps), Single",DEEP_LEARNING,168,single,20_24,POS,MARGINAL,243,5.086223900798518,0.1764030410906793,2.968517028395062,1.8831430000000005,0,0,69,0.2839506172839506,5.5317709044,17.54480025,31.529403729746086,0.9955699778728444,0.9991416736059636,0.9924517004627813,0.995719605919453,15.490239345813514
lstm_features_4_ts42_ensemble,lstm_features_4,"LSTM with Feature 4 (42 TimeSteps), Ensemble",DEEP_LEARNING,42,ensemble,00_04,NEG,AVERAGE,243,2.7321407224300702,0.16965401921208034,1.4644472139917695,0.7213370000000001,0,0,214,0.8806584362139918,5.9414660912,7.5244800332,78.96181616516593,0.9957394665396724,0.9995389372272984,0.9962762261014781,0.997170422521985,16.545627962420014
lstm_features_4_ts42_ensemble,lstm_features_4,"LSTM with Feature 4 (42 TimeSteps), Ensemble",DEEP_LEARNING,42,ensemble,00_04,NEG,MARGINAL,243,6.89575732704287,0.23953373386360807,3.3236985201646094,1.2434425,0,0,164,0.6748971193415638,5.4550246948000005,10.485960278399999,52.02217584246234,0.9939845722916393,0.998836305550815,0.9915485504170488,0.9947817570485524,15.205383327197769
lstm_features_4_ts42_ensemble,lstm_features_4,"LSTM with Feature 4 (42 TimeSteps), Ensemble",DEEP_LEARNING,42,ensemble,00_04,POS,AVERAGE,243,1.914598404532249,0.4064105820137257,1.594541513168724,1.3313710000000007,0,0,43,0.17695473251028807,0.8455073503999999,3.9527597800000005,21.390304431806374,0.9897937821258678,0.999676901690401,0.9959454243142964,0.9950852535043453,895.6283685937968
lstm_features_4_ts42_ensemble,lstm_features_4,"LSTM with Feature 4 (42 TimeSteps), Ensemble",DEEP_LEARNING,42,ensemble,00_04,POS,MARGINAL,243,4.688734546919249,0.9309059233134369,4.0028328707818925,3.5380643000000003,0,0,11,0.04526748971193416,0.3694209628,4.755639932399999,7.768059988796641,0.9766220932865958,0.9992087519749928,0.9898216580140615,0.9884315470138305,955.1529214446642
lstm_features_4_ts42_ensemble,lstm_features_4,"LSTM with Feature 4 (42 TimeSteps), Ensemble",DEEP_LEARNING,42,ensemble,04_08,NEG,AVERAGE,243,1.4669379848267885,0.12892317183896976,0.8681655897119342,0.48019500000000015,0,0,226,0.9300411522633745,5.4045439044,6.092240204,88.71193064337027,0.9967623432089465,0.9997524466843479,0.9977924418636079,0.9980890099118673,6.854601026601019
lstm_features_4_ts42_ensemble,lstm_features_4,"LSTM with Feature 4 (42 TimeSteps), Ensemble",DEEP_LEARNING,42,ensemble,04_08,NEG,MARGINAL,243,4.988614737324374,0.19083501465217398,2.0289341679012343,0.9458117999999995,0,0,127,0.522633744855967,3.4691578464,8.573920134400002,40.461746692521174,0.9952075466935368,0.9991581456533889,0.9948408573391623,0.9963902368633446,-6.566237177744311
lstm_features_4_ts42_ensemble,lstm_features_4,"LSTM with Feature 4 (42 TimeSteps), Ensemble",DEEP_LEARNING,42,ensemble,04_08,POS,AVERAGE,243,3.927385804742775,0.1515371532185018,1.8304259909465024,1.0821151999999996,0,0,160,0.6584362139917695,6.966466724,10.608559304800002,65.66835819872277,0.9961944366849149,0.9993372334837156,0.9953456208846999,0.9969514504144482,82.36882681804913
lstm_features_4_ts42_ensemble,lstm_features_4,"LSTM with Feature 4 (42 TimeSteps), Ensemble",DEEP_LEARNING,42,ensemble,04_08,POS,MARGINAL,243,20.493310156222776,0.24585145344334947,4.796419044444445,2.0571289999999998,0,0,81,0.3333333333333333,4.268615554800001,14.250879452400001,29.95334827620846,0.9938259149501423,0.9965416487061258,0.9878037392721102,0.9927347891158662,116.94231069274224
lstm_features_4_ts42_ensemble,lstm_features_4,"LSTM with Feature 4 (42 TimeSteps), Ensemble",DEEP_LEARNING,42,ensemble,08_12,NEG,AVERAGE,243,5.8527170680239475,0.24515781520169402,3.347758355843622,1.3193753000000001,0,0,203,0.8353909465020576,7.70349296892,11.115999204,69.30094926732238,0.9938433343366777,0.9990123239491042,0.991487371436169,0.9947716331516107,81.78312611465425
lstm_features_4_ts42_ensemble,lstm_features_4,"LSTM with Feature 4 (42 TimeSteps), Ensemble",DEEP_LEARNING,42,ensemble,08_12,NEG,MARGINAL,243,18.557105592502786,0.3511506797811068,6.384121227572016,2.4748710000000003,0,0,144,0.5925925925925926,7.366272770399999,15.307239597599999,48.1228030921718,0.9911815279839968,0.9968683931660057,0.9837665545298612,0.990611252254195,119.98240192038709
lstm_features_4_ts42_ensemble,lstm_features_4,"LSTM with Feature 4 (42 TimeSteps), Ensemble",DEEP_LEARNING,42,ensemble,08_12,POS,AVERAGE,243,7.479359392630828,0.145708854012648,3.4757575000000003,1.4476279999999981,0,0,193,0.7942386831275721,12.927335796799998,17.759679465599998,72.79036663831623,0.9963408031777259,0.9987378197062518,0.991161897177016,0.9954227796519051,30.603687015925416
lstm_features_4_ts42_ensemble,lstm_features_4,"LSTM with Feature 4 (42 TimeSteps), Ensemble",DEEP_LEARNING,42,ensemble,08_12,POS,MARGINAL,243,17.142120595125046,0.1989950258224305,7.38572186090535,2.290212999999998,0,0,143,0.588477366255144,10.624316373200001,23.3909594152,45.42060966638277,0.9950026237521943,0.9971071791483185,0.9812196998125899,0.9911487621328459,11.59299006601577
lstm_features_4_ts42_ensemble,lstm_features_4,"LSTM with Feature 4 (42 TimeSteps), Ensemble",DEEP_LEARNING,42,ensemble,12_16,NEG,AVERAGE,243,10.522171319527903,0.2888433465290646,7.450608763497942,5.407197,0,0,234,0.9629629629629629,15.733485677080001,23.0065574596,68.38696186819054,0.9927462564789478,0.9982243295729262,0.9810547063926006,0.9906958090714661,272.64852610385867
lstm_features_4_ts42_ensemble,lstm_features_4,"LSTM with Feature 4 (42 TimeSteps), Ensemble",DEEP_LEARNING,42,ensemble,12_16,NEG,MARGINAL,243,28.356547803397085,0.35026223059674255,11.169276775144032,7.03466,0,0,212,0.8724279835390947,16.88115491976,30.050997300000002,56.17502391429784,0.991203839671603,0.9952146869862355,0.9715989344489396,0.9860578005619529,185.59276500803955
lstm_features_4_ts42_ensemble,lstm_features_4,"LSTM with Feature 4 (42 TimeSteps), Ensemble",DEEP_LEARNING,42,ensemble,12_16,POS,AVERAGE,243,15.419479297244107,0.11585242770115621,3.0644957139917697,0.6389423000000001,0,0,191,0.7860082304526749,8.490393815600001,12.4003592184,68.46893437572128,0.997090589736846,0.9973978837107339,0.9922076473341845,0.9955806257553508,-15.723968792824527
lstm_features_4_ts42_ensemble,lstm_features_4,"LSTM with Feature 4 (42 TimeSteps), Ensemble",DEEP_LEARNING,42,ensemble,12_16,POS,MARGINAL,243,92.96566824266408,0.17932718958531205,12.410891782304525,1.1842239999999986,0,0,84,0.345679012345679,4.9613781991999995,22.7001991136,21.856099915121757,0.9954965435235599,0.9843115662329801,0.9684417748657856,0.9828774273606031,-22.454713417425346
lstm_features_4_ts42_ensemble,lstm_features_4,"LSTM with Feature 4 (42 TimeSteps), Ensemble",DEEP_LEARNING,42,ensemble,16_20,NEG,AVERAGE,243,2.642203974113816,0.3483875675823704,1.6941026319341561,0.7770442999999998,0,0,155,0.6378600823045267,5.07717083668,6.763039872199999,75.07231855234366,0.99125091821732,0.9995541145152784,0.9956922618296237,0.9954566163877065,154.564620836661
lstm_features_4_ts42_ensemble,lstm_features_4,"LSTM with Feature 4 (42 TimeSteps), Ensemble",DEEP_LEARNING,42,ensemble,16_20,NEG,MARGINAL,243,5.889703967046205,0.5458637415106519,3.3034288016049382,1.5845691999999998,0,0,121,0.49794238683127573,4.855193296,8.514640332119999,57.02170739596162,0.9862916850052429,0.9990060822200173,0.9916000919462905,0.9922392103766642,165.2038724461083
lstm_features_4_ts42_ensemble,lstm_features_4,"LSTM with Feature 4 (42 TimeSteps), Ensemble",DEEP_LEARNING,42,ensemble,16_20,POS,AVERAGE,243,18.28424160567286,0.15666227537425725,6.9127186213991765,2.1500090000000007,0,0,211,0.8683127572016461,18.784430229999998,26.775798113999997,70.15451098795957,0.9960657291274149,0.9969144403645652,0.982422445190068,0.99184352013635,0.33309232781523024
lstm_features_4_ts42_ensemble,lstm_features_4,"LSTM with Feature 4 (42 TimeSteps), Ensemble",DEEP_LEARNING,42,ensemble,16_20,POS,MARGINAL,243,35.88562252980385,0.2439655340579475,14.61938856831276,4.112069999999999,0,0,181,0.7448559670781894,17.447621641599998,35.721720065999996,48.843173311261346,0.9938732761779063,0.9939441169746926,0.9628260431356604,0.9836510667369047,-0.7054281753900052
lstm_features_4_ts42_ensemble,lstm_features_4,"LSTM with Feature 4 (42 TimeSteps), Ensemble",DEEP_LEARNING,42,ensemble,20_24,NEG,AVERAGE,243,0.8493396811975945,0.3342226370665648,0.6516228218106995,0.5892252999999998,0,0,122,0.5020576131687243,1.3939276152400002,2.2389599894,62.25781710433992,0.9916066431256133,0.9998566695686048,0.9983430634901986,0.9965521705721136,288.5165086877581
lstm_features_4_ts42_ensemble,lstm_features_4,"LSTM with Feature 4 (42 TimeSteps), Ensemble",DEEP_LEARNING,42,ensemble,20_24,NEG,MARGINAL,243,1.9247897495710713,0.46276206921494656,1.3403526630041154,0.8871026000000004,0,0,52,0.2139917695473251,0.6291361468400001,3.17832014352,19.794612198607208,0.988378623216724,0.9996751818486072,0.9965917718210517,0.9948168266046736,135.7652496268676
lstm_features_4_ts42_ensemble,lstm_features_4,"LSTM with Feature 4 (42 TimeSteps), Ensemble",DEEP_LEARNING,42,ensemble,20_24,POS,AVERAGE,243,3.433853565590532,0.1507892209632234,2.470536488477366,1.6682381,0,0,187,0.7695473251028807,11.564002162000001,14.7366389548,78.47109641125725,0.996213219560879,0.999420519582683,0.9937179577363793,0.9964481921659893,78.76165829148304
lstm_features_4_ts42_ensemble,lstm_features_4,"LSTM with Feature 4 (42 TimeSteps), Ensemble",DEEP_LEARNING,42,ensemble,20_24,POS,MARGINAL,243,7.487474687438528,0.281211220676541,5.042363064609054,3.4530434999999997,0,0,107,0.4403292181069959,8.560243488800001,17.54480025,48.790772005512004,0.9929379225987316,0.998736450208592,0.9871783565925323,0.9929507799279398,111.7698020206142
lstm_features_4_ts42_recency,lstm_features_4,"LSTM with Feature 4 (42 TimeSteps), Weighted Ensemble",DEEP_LEARNING,42,recency,00_04,NEG,AVERAGE,243,2.8568189397489947,0.13414353475592836,1.388551387654321,0.4662089999999992,0,0,210,0.8641975308641975,5.9424166624,7.5244800332,78.97444921350689,0.9966312438634312,0.9995178971380744,0.9964692128437942,0.9975303692075833,-24.675123185512778
lstm_features_4_ts42_recency,lstm_features_4,"LSTM with Feature 4 (42 TimeSteps), Weighted Ensemble",DEEP_LEARNING,42,recency,00_04,NEG,MARGINAL,243,6.975042438227921,0.24178015809987105,3.4293029168724276,1.2044876999999996,0,0,160,0.6584362139917695,4.7052986256,10.485960278399999,44.872367438702135,0.9939281576798951,0.9988229257812824,0.99128002117798,0.994669546107721,11.59620745743751
lstm_features_4_ts42_recency,lstm_features_4,"LSTM with Feature 4 (42 TimeSteps), Weighted Ensemble",DEEP_LEARNING,42,recency,00_04,POS,AVERAGE,243,1.139618645703184,0.16715492598480666,0.6995586255144032,0.4070522999999997,0,0,131,0.5390946502057613,2.1261923179999997,3.9527597800000005,53.79007165469589,0.9958022264457725,0.9998076835031605,0.9982211730642884,0.997922279658821,204.40261758845
lstm_features_4_ts42_recency,lstm_features_4,"LSTM with Feature 4 (42 TimeSteps), Weighted Ensemble",DEEP_LEARNING,42,recency,00_04,POS,MARGINAL,243,2.9863024278487353,0.5022929879745037,2.2704868172839507,1.7311989999999997,0,0,17,0.06995884773662552,0.44914371399999997,4.755639932399999,9.4444432375967,0.987385880440132,0.9994960461347375,0.9942266409698073,0.9936396860941447,416.2935231143427
lstm_features_4_ts42_recency,lstm_features_4,"LSTM with Feature 4 (42 TimeSteps), Weighted Ensemble",DEEP_LEARNING,42,recency,04_08,NEG,AVERAGE,243,1.375540552218694,0.08854464830376035,0.6758250395061729,0.29449419999999993,0,0,235,0.9670781893004116,5.7099045876000005,6.092240204,93.72421960399772,0.9977763719446014,0.9997678704703009,0.9982815224625128,0.998600266128993,-34.46816346349289
lstm_features_4_ts42_recency,lstm_features_4,"LSTM with Feature 4 (42 TimeSteps), Weighted Ensemble",DEEP_LEARNING,42,recency,04_08,NEG,MARGINAL,243,5.095838696088253,0.19298766991166175,2.117502474074074,0.9089751000000001,0,0,90,0.37037037037037035,2.367147102,8.573920134400002,27.608690830960857,0.9951534869087808,0.9991400510598997,0.9946156472096256,0.9962915659779289,-10.205218517324267
lstm_features_4_ts42_recency,lstm_features_4,"LSTM with Feature 4 (42 TimeSteps), Weighted Ensemble",DEEP_LEARNING,42,recency,04_08,POS,AVERAGE,243,3.899363369932025,0.13904603787580144,1.754119600411523,0.9339479999999991,0,0,174,0.7160493827160493,7.5124978836,10.608559304800002,70.81543938016974,0.9965081269536251,0.9993419624134466,0.9955396516033559,0.9971236957897774,57.398215152197515
lstm_features_4_ts42_recency,lstm_features_4,"LSTM with Feature 4 (42 TimeSteps), Weighted Ensemble",DEEP_LEARNING,42,recency,04_08,POS,MARGINAL,243,20.518000178417726,0.22219306826857355,4.641849788888888,1.6780106000000004,0,0,102,0.41975308641975306,5.0342265828,14.250879452400001,35.32572568321166,0.9944200496610238,0.996537482138131,0.988196775602715,0.9930651219392272,76.96094748113265
lstm_features_4_ts42_recency,lstm_features_4,"LSTM with Feature 4 (42 TimeSteps), Weighted Ensemble",DEEP_LEARNING,42,recency,08_12,NEG,AVERAGE,243,4.147383406055262,0.15561765055162272,2.0883843353909466,0.7614686000000006,0,0,214,0.8806584362139918,8.851111914,11.115999204,79.62497794003981,0.9960919628649414,0.9993001077591085,0.9946896883657463,0.9966879000952822,4.914911281232343
lstm_features_4_ts42_recency,lstm_features_4,"LSTM with Feature 4 (42 TimeSteps), Weighted Ensemble",DEEP_LEARNING,42,recency,08_12,NEG,MARGINAL,243,17.440931463309187,0.2938320682442656,5.275566955555557,1.5051503000000004,0,0,125,0.51440329218107,7.248828185600002,15.307239597599999,47.35555447068677,0.9926209743554202,0.9970567532803288,0.9865853693179871,0.9920930317382872,33.787408816536804
lstm_features_4_ts42_recency,lstm_features_4,"LSTM with Feature 4 (42 TimeSteps), Weighted Ensemble",DEEP_LEARNING,42,recency,08_12,POS,AVERAGE,243,6.9956772227968225,0.16023121856825945,3.5498615773662556,1.880443999999999,0,0,153,0.6296296296296297,11.525129760399999,17.759679465599998,64.8949198814306,0.9959761020029491,0.9988194435554552,0.9909734664664831,0.9952635349882424,69.6519545262837
lstm_features_4_ts42_recency,lstm_features_4,"LSTM with Feature 4 (42 TimeSteps), Weighted Ensemble",DEEP_LEARNING,42,recency,08_12,POS,MARGINAL,243,16.01772813818152,0.2149700294837543,7.151203949794239,2.5844880000000003,0,0,95,0.39094650205761317,7.890538650799999,23.3909594152,33.73328349102491,0.9946014423481578,0.9972969261476392,0.9818160283574413,0.9912717653850504,25.93184289397417
lstm_features_4_ts42_recency,lstm_features_4,"LSTM with Feature 4 (42 TimeSteps), Weighted Ensemble",DEEP_LEARNING,42,recency,12_16,NEG,AVERAGE,243,5.470454559022353,0.15178609753034097,3.515134988888889,1.7857819999999975,0,0,231,0.9506172839506173,18.924819111999998,23.0065574596,82.2583697940571,0.9961881849286921,0.9990768327098914,0.9910617687026587,0.9954497213418969,23.07097933417258
lstm_features_4_ts42_recency,lstm_features_4,"LSTM with Feature 4 (42 TimeSteps), Weighted Ensemble",DEEP_LEARNING,42,recency,12_16,NEG,MARGINAL,243,26.779938455516664,0.2778348172100062,8.424723243786008,3.9049600000000027,0,0,196,0.8065843621399177,15.39524909944,30.050997300000002,51.230409912019795,0.9930227144593168,0.9954807479074148,0.9785777430434189,0.9890670249299429,58.53336531485457
lstm_features_4_ts42_recency,lstm_features_4,"LSTM with Feature 4 (42 TimeSteps), Weighted Ensemble",DEEP_LEARNING,42,recency,12_16,POS,AVERAGE,243,15.382350522592363,0.10853382940615068,3.0338030921810706,0.45412859999999977,0,0,216,0.8888888888888888,9.5518774272,12.4003592184,77.02903810259511,0.9972743822167611,0.9974041493820616,0.992285692061836,0.9956709376301851,-40.100763299485905
lstm_features_4_ts42_recency,lstm_features_4,"LSTM with Feature 4 (42 TimeSteps), Weighted Ensemble",DEEP_LEARNING,42,recency,12_16,POS,MARGINAL,243,92.84148525416423,0.1506709904235215,11.96097890493827,0.7981009999999991,0,0,119,0.4897119341563786,6.2415023096,22.7001991136,27.49536371185674,0.9962161886928381,0.9843325227497985,0.9695858064248192,0.9835065527831889,-47.73879707991105
lstm_features_4_ts42_recency,lstm_features_4,"LSTM with Feature 4 (42 TimeSteps), Weighted Ensemble",DEEP_LEARNING,42,recency,16_20,NEG,AVERAGE,243,1.5695805825965488,0.16936177578819678,0.8533550901234568,0.38032639999999995,0,0,211,0.8683127572016461,6.080309551480001,6.763039872199999,89.90497862468008,0.9957468056695781,0.9997351252190455,0.9978301017746412,0.9977504388355731,24.597330950336126
lstm_features_4_ts42_recency,lstm_features_4,"LSTM with Feature 4 (42 TimeSteps), Weighted Ensemble",DEEP_LEARNING,42,recency,16_20,NEG,MARGINAL,243,4.689789650162988,0.397104861021084,2.3480614410288063,1.0098600000000015,0,0,116,0.4773662551440329,5.2923027758000005,8.514640332119999,62.155329754043855,0.9900274773595307,0.9992085739209039,0.9940293854072108,0.9943778688805184,69.01677921571829
lstm_features_4_ts42_recency,lstm_features_4,"LSTM with Feature 4 (42 TimeSteps), Weighted Ensemble",DEEP_LEARNING,42,recency,16_20,POS,AVERAGE,243,16.71257497594722,0.1577354044114079,6.4933963106995884,1.9550330000000002,0,0,175,0.720164609053498,17.832559404,26.775798113999997,66.59954384207903,0.9960387795615203,0.9971796671766817,0.9834886915257041,0.9922737434227042,-8.765727728151115
lstm_features_4_ts42_recency,lstm_features_4,"LSTM with Feature 4 (42 TimeSteps), Weighted Ensemble",DEEP_LEARNING,42,recency,16_20,POS,MARGINAL,243,31.970753786386393,0.21623058314457055,12.474157366255142,3.426081,0,0,116,0.4773662551440329,14.437698522,35.721720065999996,40.417142554514975,0.9945697859743484,0.9946047711726205,0.9682809041099542,0.9859060000745281,-17.270074212882637
lstm_features_4_ts42_recency,lstm_features_4,"LSTM with Feature 4 (42 TimeSteps), Weighted Ensemble",DEEP_LEARNING,42,recency,20_24,NEG,AVERAGE,243,0.4965056898883897,0.13205851926841844,0.3059447158436214,0.18369560000000007,0,0,199,0.8189300411522634,1.9263630956799997,2.2389599894,86.03829924608121,0.996683605005779,0.9999162121159563,0.9992220484723763,0.9985880516961148,21.1230630682406
lstm_features_4_ts42_recency,lstm_features_4,"LSTM with Feature 4 (42 TimeSteps), Weighted Ensemble",DEEP_LEARNING,42,recency,20_24,NEG,MARGINAL,243,1.63900562114331,0.3037873850003313,1.0000604083127573,0.5779699,0,0,70,0.2880658436213992,0.7512868556000001,3.17832014352,23.63785967665131,0.9923709657771127,0.9997234093873885,0.9974570617432708,0.9964756838373359,53.60705486638822
lstm_features_4_ts42_recency,lstm_features_4,"LSTM with Feature 4 (42 TimeSteps), Weighted Ensemble",DEEP_LEARNING,42,recency,20_24,POS,AVERAGE,243,2.0586917401460867,0.09678292055947565,1.3328390135802468,0.8475725000000001,0,0,203,0.8353909465020576,12.915118877200001,14.7366389548,87.63951479583004,0.9975694836270491,0.9996525852002948,0.9966108774134828,0.9979405670957433,-9.177553478572378
lstm_features_4_ts42_recency,lstm_features_4,"LSTM with Feature 4 (42 TimeSteps), Weighted Ensemble",DEEP_LEARNING,42,recency,20_24,POS,MARGINAL,243,5.813063371402512,0.20295395876397263,3.6447911967078186,2.500311,0,0,102,0.41975308641975306,9.273724289200002,17.54480025,52.85739453887485,0.9949032027874393,0.9990190157139764,0.9907320808874582,0.9948849508262029,53.340195528948286
lstm_features_4_ts42_single,lstm_features_4,"LSTM with Feature 4 (42 TimeSteps), Single",DEEP_LEARNING,42,single,00_04,NEG,AVERAGE,243,2.56417718496334,0.12398890701176316,1.2517642098765434,0.4181190000000008,0,0,208,0.8559670781893004,6.004702522,7.5244800332,79.80222547612142,0.9968862577527697,0.999567281936508,0.9968170331799557,0.9977481516243748,-32.44497174272333
lstm_features_4_ts42_single,lstm_features_4,"LSTM with Feature 4 (42 TimeSteps), Single",DEEP_LEARNING,42,single,00_04,NEG,MARGINAL,243,6.407614366873921,0.19290230275688525,2.95790063909465,0.8916105999999999,0,0,122,0.5020576131687243,4.522170386400001,10.485960278399999,43.125953811928966,0.9951556307402151,0.9989186821812875,0.9924786956545477,0.9955140491374989,-17.391965489684655
lstm_features_4_ts42_single,lstm_features_4,"LSTM with Feature 4 (42 TimeSteps), Single",DEEP_LEARNING,42,single,00_04,POS,AVERAGE,243,0.9117907768153123,0.12022630533298102,0.5004400654320987,0.2859875999999999,0,0,167,0.6872427983539094,2.5824349684,3.9527597800000005,65.33245408604111,0.9969807482365484,0.9998461306256186,0.9987274886826742,0.9985027487721632,113.86778563304676
lstm_features_4_ts42_single,lstm_features_4,"LSTM with Feature 4 (42 TimeSteps), Single",DEEP_LEARNING,42,single,00_04,POS,MARGINAL,243,2.2104632494690875,0.20925656232155515,1.1579580522633743,0.6123969999999996,0,0,132,0.5432098765432098,2.0500955344,4.755639932399999,43.108720667281275,0.9947449250556828,0.9996269729789581,0.9970555620377411,0.9971185110744429,82.63446586709789
lstm_features_4_ts42_single,lstm_features_4,"LSTM with Feature 4 (42 TimeSteps), Single",DEEP_LEARNING,42,single,04_08,NEG,AVERAGE,243,1.4170612370324107,0.09744577072920274,0.7251715032921812,0.3500289999999997,0,0,234,0.9629629629629629,5.688993097599999,6.092240204,93.38097164758473,0.9975528374235556,0.9997608636415869,0.9981560450317969,0.9984805445862257,-22.110373613344404
lstm_features_4_ts42_single,lstm_features_4,"LSTM with Feature 4 (42 TimeSteps), Single",DEEP_LEARNING,42,single,04_08,NEG,MARGINAL,243,4.73029548247727,0.16964149998101233,1.8535180843621397,0.7511348,0,0,125,0.51440329218107,3.4682645240000003,8.573920134400002,40.451327626493075,0.9957397809360132,0.999201738353759,0.995286902663994,0.996732777054103,-25.79776362407141
lstm_features_4_ts42_single,lstm_features_4,"LSTM with Feature 4 (42 TimeSteps), Single",DEEP_LEARNING,42,single,04_08,POS,AVERAGE,243,3.820356486925436,0.11908212946889228,1.5602490625514405,0.687183000000001,0,0,185,0.7613168724279835,7.8148872223999994,10.608559304800002,73.66586732341722,0.9970094820064649,0.9993552952305459,0.9960326226313849,0.9974612367766353,15.810920611139808
lstm_features_4_ts42_single,lstm_features_4,"LSTM with Feature 4 (42 TimeSteps), Single",DEEP_LEARNING,42,single,04_08,POS,MARGINAL,243,20.92421609424197,0.21058510082537227,4.987086013580247,1.7194564999999997,0,0,184,0.757201646090535,7.3915104856,14.250879452400001,51.86704799720406,0.9947115613736719,0.9964689311169747,0.9873189142294629,0.9928519198313728,81.33178145155463
lstm_features_4_ts42_single,lstm_features_4,"LSTM with Feature 4 (42 TimeSteps), Single",DEEP_LEARNING,42,single,08_12,NEG,AVERAGE,243,3.6064560546460105,0.13684668954778514,1.758218620576132,0.5708909999999996,0,0,224,0.9218106995884774,9.343288718,11.115999204,84.05262133014453,0.9965633593447346,0.9993913920265781,0.9955292286777956,0.9971553470096531,-21.342812275839186
lstm_features_4_ts42_single,lstm_features_4,"LSTM with Feature 4 (42 TimeSteps), Single",DEEP_LEARNING,42,single,08_12,NEG,MARGINAL,243,16.56135754720193,0.24519430095372233,4.994722240740741,1.517907000000001,0,0,140,0.5761316872427984,8.198968604,15.307239597599999,53.56268549742636,0.9938424180673899,0.9972051858940764,0.9872994969482446,0.9927929674808785,34.92130610111363
lstm_features_4_ts42_single,lstm_features_4,"LSTM with Feature 4 (42 TimeSteps), Single",DEEP_LEARNING,42,single,08_12,POS,AVERAGE,243,7.170519622806648,0.12727417949782605,3.2342988748971195,0.9438119999999994,0,0,204,0.8395061728395061,13.670578384799999,17.759679465599998,76.97536665163088,0.9968037544709838,0.9987899380028777,0.9917758744628755,0.9957999946338332,-14.850136188389088
lstm_features_4_ts42_single,lstm_features_4,"LSTM with Feature 4 (42 TimeSteps), Single",DEEP_LEARNING,42,single,08_12,POS,MARGINAL,243,15.663706580137841,0.19293331305164144,6.855468394650206,1.852505400000001,0,0,109,0.448559670781893,8.8891845804,23.3909594152,38.002650607925034,0.9951548519764756,0.9973566691029737,0.9825680201879344,0.9917277971380014,-9.7347641029717
lstm_features_4_ts42_single,lstm_features_4,"LSTM with Feature 4 (42 TimeSteps), Single",DEEP_LEARNING,42,single,12_16,NEG,AVERAGE,243,4.2523607396830805,0.10407351808617518,2.4414276049382715,0.9632819999999995,0,0,232,0.9547325102880658,20.955275862000004,23.0065574596,91.08392639271611,0.9973863943324215,0.9992823922951443,0.9937919753586618,0.9968259153987793,-33.61336427683752
lstm_features_4_ts42_single,lstm_features_4,"LSTM with Feature 4 (42 TimeSteps), Single",DEEP_LEARNING,42,single,12_16,NEG,MARGINAL,243,26.39776127406569,0.17911964411771406,6.974364334156377,2.138976999999997,0,0,163,0.6707818930041153,17.386678296,30.050997300000002,57.85724221538563,0.9955017556276606,0.9955452422687397,0.9822656934178445,0.9911482056899774,-13.161921724916265
lstm_features_4_ts42_single,lstm_features_4,"LSTM with Feature 4 (42 TimeSteps), Single",DEEP_LEARNING,42,single,12_16,POS,AVERAGE,243,15.433228838427826,0.1387878377728484,3.3432973823045273,0.5113016000000004,0,0,201,0.8271604938271605,8.437865438,12.4003592184,68.04533069880475,0.996514611151189,0.9973955634050741,0.9914987147312145,0.9951500795763797,-32.55968559621303
lstm_features_4_ts42_single,lstm_features_4,"LSTM with Feature 4 (42 TimeSteps), Single",DEEP_LEARNING,42,single,12_16,POS,MARGINAL,243,91.91608231127921,0.28924632667121397,13.409535313168723,2.1192220000000006,0,0,52,0.2139917695473251,3.3481880267999995,22.7001991136,14.749597613855528,0.9927361364099542,0.984488689247084,0.9659024394232855,0.9811593588406062,38.77077083566729
lstm_features_4_ts42_single,lstm_features_4,"LSTM with Feature 4 (42 TimeSteps), Single",DEEP_LEARNING,42,single,16_20,NEG,AVERAGE,243,1.2820771762614922,0.1566314399203462,0.7389941031687243,0.3386380000000002,0,0,202,0.831275720164609,5.8534164294,6.763039872199999,86.55008014163754,0.9960665035003637,0.9997836428947998,0.9981208971369884,0.9979711094006138,10.939947787899964
lstm_features_4_ts42_single,lstm_features_4,"LSTM with Feature 4 (42 TimeSteps), Single",DEEP_LEARNING,42,single,16_20,NEG,MARGINAL,243,3.8432187767300534,0.315986081202418,1.4524370432921812,0.6314430000000009,0,0,54,0.2222222222222222,2.9476300504800004,8.514640332119999,34.618374182648424,0.992064619051095,0.9993514371017749,0.9963067653791937,0.995869177296092,5.6824333257192015
lstm_features_4_ts42_single,lstm_features_4,"LSTM with Feature 4 (42 TimeSteps), Single",DEEP_LEARNING,42,single,16_20,POS,AVERAGE,243,16.924303688098213,0.17377662829932047,6.9076033909465036,2.3803439999999974,0,0,160,0.6584362139917695,16.527488276,26.775798113999997,61.72547389860411,0.9956359351642201,0.99714393686957,0.9824354521195515,0.991777416322245,11.081988179566071
lstm_features_4_ts42_single,lstm_features_4,"LSTM with Feature 4 (42 TimeSteps), Single",DEEP_LEARNING,42,single,16_20,POS,MARGINAL,243,33.03009004262635,0.24215008057095636,13.181801613168727,4.248707,0,0,96,0.3950617283950617,13.26292274,35.721720065999996,37.12845494420544,0.9939188677905478,0.9944260027411427,0.9664815171802517,0.9850318966228465,2.59395933756558
lstm_features_4_ts42_single,lstm_features_4,"LSTM with Feature 4 (42 TimeSteps), Single",DEEP_LEARNING,42,single,20_24,NEG,AVERAGE,243,0.4936756233567367,0.13469932662233294,0.3055067148559671,0.16038869999999994,0,0,225,0.9259259259259259,1.99213299512,2.2389599894,88.97581933359405,0.9966172862227293,0.999916689704212,0.999223162214565,0.9985660284489244,5.755231075393784
lstm_features_4_ts42_single,lstm_features_4,"LSTM with Feature 4 (42 TimeSteps), Single",DEEP_LEARNING,42,single,20_24,NEG,MARGINAL,243,1.5522137426047111,0.20139123525942437,0.780581831893004,0.32194069999999986,0,0,113,0.46502057613168724,1.3096386720400002,3.17832014352,41.20537305564099,0.9949424475740425,0.999738055962449,0.9980151484987018,0.9975389896473542,-14.437823200441057
lstm_features_4_ts42_single,lstm_features_4,"LSTM with Feature 4 (42 TimeSteps), Single",DEEP_LEARNING,42,single,20_24,POS,AVERAGE,243,1.80624690942114,0.0851176020432518,1.100678193415638,0.646958999999999,0,0,213,0.8765432098765432,13.236454984800002,14.7366389548,89.82003987068326,0.9978624356012763,0.9996951865614372,0.9972012123836534,0.9982490397563138,-30.674486042130685
lstm_features_4_ts42_single,lstm_features_4,"LSTM with Feature 4 (42 TimeSteps), Single",DEEP_LEARNING,42,single,20_24,POS,MARGINAL,243,5.012478482078544,0.15973349080911928,2.733451469547325,1.5956150000000022,0,0,115,0.4732510288065844,9.172159926399999,17.54480025,52.27850870744453,0.9959886014755922,0.9991541185239541,0.9930494215578918,0.9960632927287105,-2.1434069246093146
lstm_ts168_ensemble,lstm,"LSTM (168 TimeSteps), Ensemble",DEEP_LEARNING,168,ensemble,00_04,NEG,AVERAGE,243,2.9619052841116438,0.15773889323938167,1.5429934522633746,0.6275666000000002,0,0,203,0.8353909465020576,5.635549698799999,7.524480022400001,74.89620122617444,0.9960386919463351,0.9995001632779891,0.996076499932376,0.9971934541211744,1.395247277265503
lstm_ts168_ensemble,lstm,"LSTM (168 TimeSteps), Ensemble",DEEP_LEARNING,168,ensemble,00_04,NEG,MARGINAL,243,7.234690365005315,0.278504678374087,3.407787533333334,1.2598950000000002,0,0,72,0.2962962962962963,3.5403002727999997,10.4859602936,33.76228951544654,0.993005892188223,0.9987791088607031,0.9913347301650121,0.9943595702224819,16.72971321715307
lstm_ts168_ensemble,lstm,"LSTM (168 TimeSteps), Ensemble",DEEP_LEARNING,168,ensemble,00_04,POS,AVERAGE,243,1.9531023499871518,0.4039616142312549,1.5781000600823045,1.3443581999999998,0,0,48,0.19753086419753085,0.9299569524,3.952759774,23.526776368170964,0.9898552832281048,0.9996704039519406,0.9959872313888514,0.995117815960017,905.3404809566173
lstm_ts168_ensemble,lstm,"LSTM (168 TimeSteps), Ensemble",DEEP_LEARNING,168,ensemble,00_04,POS,MARGINAL,243,4.74954984430752,0.9419464991893695,4.045256163786008,3.4415257,0,0,11,0.04526748971193416,0.37572986560000005,4.755639994,7.900721376597962,0.9763448305187631,0.9991984890813554,0.9897137847157489,0.9882982927294239,926.3623237661036
lstm_ts168_ensemble,lstm,"LSTM (168 TimeSteps), Ensemble",DEEP_LEARNING,168,ensemble,04_08,NEG,AVERAGE,243,1.2359127055471788,0.10718903446324962,0.7082078395061727,0.3736478999999999,0,0,210,0.8641975308641975,5.6048822976,6.092240038,92.00035229472026,0.9973081541478838,0.999791433386224,0.9981991799757035,0.9984216748197166,-16.854616814154053
lstm_ts168_ensemble,lstm,"LSTM (168 TimeSteps), Ensemble",DEEP_LEARNING,168,ensemble,04_08,NEG,MARGINAL,243,5.003202915775354,0.21881165817535878,2.2089117193415637,0.9954699999999999,0,0,100,0.411522633744856,3.7616105516000005,8.5739200904,43.87270364009784,0.9945049672533811,0.999155683823385,0.9943832131837635,0.9959995248785086,-1.6606603167026428
lstm_ts168_ensemble,lstm,"LSTM (168 TimeSteps), Ensemble",DEEP_LEARNING,168,ensemble,04_08,POS,AVERAGE,243,4.108551413569608,0.1727148586749013,2.051574552263374,1.220948,0,0,179,0.7366255144032922,7.2893923112,10.608559357599999,68.7123676786317,0.9956625994603742,0.9993066608571894,0.9947832877173045,0.9965749668461102,105.76631246455415
lstm_ts168_ensemble,lstm,"LSTM (168 TimeSteps), Ensemble",DEEP_LEARNING,168,ensemble,04_08,POS,MARGINAL,243,20.57900435654233,0.25506817141783966,4.943879849382715,2.1702920000000008,0,0,99,0.4074074074074074,4.913628800000001,14.250879974799998,34.479476416114856,0.9935944548556094,0.9965271873698998,0.9874287782006302,0.9925275832891822,128.87634239659894
lstm_ts168_ensemble,lstm,"LSTM (168 TimeSteps), Ensemble",DEEP_LEARNING,168,ensemble,08_12,NEG,AVERAGE,243,4.413463105718459,0.24996149683245295,2.5277786839506176,1.1161373999999995,0,0,158,0.6502057613168725,8.084957381199999,11.115999961200002,72.7326143344751,0.9937226991379617,0.9992552054438364,0.9935724031603175,0.9954988285462778,53.78107028794778
lstm_ts168_ensemble,lstm,"LSTM (168 TimeSteps), Ensemble",DEEP_LEARNING,168,ensemble,08_12,NEG,MARGINAL,243,17.344161056236093,0.37357071640398865,6.327026695061728,2.4211750000000016,0,0,127,0.522633744855967,7.7369620964,15.3072399332,50.54446216407204,0.9906184920084438,0.9970730837833056,0.9839117336308071,0.9905352770295281,115.20955717271465
lstm_ts168_ensemble,lstm,"LSTM (168 TimeSteps), Ensemble",DEEP_LEARNING,168,ensemble,08_12,POS,AVERAGE,243,8.533418540676323,0.16113969700815342,3.964997881893003,1.3697020000000002,0,0,196,0.8065843621399177,12.289557559600002,17.7596800436,69.19920589463972,0.9959532873192231,0.9985599418138725,0.989917864243094,0.9948217936873348,23.57327387497847
lstm_ts168_ensemble,lstm,"LSTM (168 TimeSteps), Ensemble",DEEP_LEARNING,168,ensemble,08_12,POS,MARGINAL,243,17.953407851550725,0.19710739239985717,7.638595746090535,1.885632000000001,0,0,140,0.5761316872427984,10.3248771384,23.390960316799998,44.14045852997495,0.9950500280246958,0.9969702702589505,0.9805766959786014,0.9909075083867886,-8.120636358206959
lstm_ts168_ensemble,lstm,"LSTM (168 TimeSteps), Ensemble",DEEP_LEARNING,168,ensemble,12_16,NEG,AVERAGE,243,6.883259895720466,0.14052973131534793,4.051317532921811,1.2968469999999996,0,0,232,0.9547325102880658,18.6234829416,23.0065598792,80.94857744654516,0.9964708668546695,0.9988384145565079,0.989698371959344,0.9950172342808188,-10.625020110750425
lstm_ts168_ensemble,lstm,"LSTM (168 TimeSteps), Ensemble",DEEP_LEARNING,168,ensemble,12_16,NEG,MARGINAL,243,28.526525743089287,0.2565953887699763,10.548128199176956,3.1514360000000003,0,0,167,0.6872427983539094,18.073728774800003,30.050999984800004,60.14351863146589,0.9935561017375389,0.9951860023363092,0.9731783815141468,0.9873693212614136,27.94183670367526
lstm_ts168_ensemble,lstm,"LSTM (168 TimeSteps), Ensemble",DEEP_LEARNING,168,ensemble,12_16,POS,AVERAGE,243,15.594314013531234,0.10638209786860561,3.0819172806584354,0.5235243,0,0,217,0.8930041152263375,9.128189282,12.4003592852,73.61229680574351,0.9973284188040222,0.9973683794548241,0.9921633480418612,0.9956371324672737,-30.94752023067702
lstm_ts168_ensemble,lstm,"LSTM (168 TimeSteps), Ensemble",DEEP_LEARNING,168,ensemble,12_16,POS,MARGINAL,243,92.93106767533996,0.21311628710051475,12.654632233744856,1.8336480000000002,0,0,70,0.2880658436213992,4.3905342504,22.700199836,19.341390305459335,0.9946479955125762,0.9843174052563425,0.9678219953869381,0.9823863206865586,20.070830899867783
lstm_ts168_ensemble,lstm,"LSTM (168 TimeSteps), Ensemble",DEEP_LEARNING,168,ensemble,16_20,NEG,AVERAGE,243,1.4427203985207275,0.2406376118057371,0.8755302083127572,0.44497319999999996,0,0,161,0.6625514403292181,5.37439001472,6.763039946119999,79.46707482932025,0.9939568505263053,0.9997565335263612,0.9977737152244665,0.9971303112667169,45.776030968216006
lstm_ts168_ensemble,lstm,"LSTM (168 TimeSteps), Ensemble",DEEP_LEARNING,168,ensemble,16_20,NEG,MARGINAL,243,4.481667262885651,0.5651235890685711,2.10972631909465,0.8661080000000001,0,0,83,0.34156378600823045,4.7910173292,8.51464002216,56.26799625974805,0.9858080110826184,0.9992436956421797,0.9946354202971542,0.9931548320280705,44.95750362720292
lstm_ts168_ensemble,lstm,"LSTM (168 TimeSteps), Ensemble",DEEP_LEARNING,168,ensemble,16_20,POS,AVERAGE,243,19.815551208361825,0.18799714063943584,7.992970181069958,2.541944000000001,0,0,208,0.8559670781893004,17.562479105999998,26.775799502,65.59086724819619,0.9952788144256166,0.996656024007939,0.9796755981044877,0.9905842322018106,18.623271830088132
lstm_ts168_ensemble,lstm,"LSTM (168 TimeSteps), Ensemble",DEEP_LEARNING,168,ensemble,16_20,POS,MARGINAL,243,37.02529514085641,0.2523758055442712,15.210902061728394,4.217715999999999,0,0,187,0.7695473251028807,17.318400382,35.721719969999995,48.4814292160188,0.993662068431433,0.9937517913709234,0.961321951703508,0.9830194384812496,1.84561651377695
lstm_ts168_ensemble,lstm,"LSTM (168 TimeSteps), Ensemble",DEEP_LEARNING,168,ensemble,20_24,NEG,AVERAGE,243,0.6980587910907886,0.2572561568360507,0.5164081953086419,0.39789569999999985,0,0,122,0.5020576131687243,1.44048971852,2.23896007788,64.33744543957897,0.9935395078220626,0.99988219899543,0.9986868851671127,0.9973312304331403,162.35982770236035
lstm_ts168_ensemble,lstm,"LSTM (168 TimeSteps), Ensemble",DEEP_LEARNING,168,ensemble,20_24,NEG,MARGINAL,243,1.9981938490687545,0.5417512338184428,1.4107719861728396,1.0234185999999994,0,0,42,0.1728395061728395,0.7236662592,3.17832013944,22.76882842039649,0.9863949627036428,0.9996627945299876,0.9964127106469364,0.9940792040276236,171.99395165990842
lstm_ts168_ensemble,lstm,"LSTM (168 TimeSteps), Ensemble",DEEP_LEARNING,168,ensemble,20_24,POS,AVERAGE,243,5.696272633100364,0.20021639161490443,3.8557013917695473,1.7277749999999994,0,0,189,0.7777777777777778,10.1552066324,14.736639444000001,68.91127838874199,0.994971951506112,0.9990387247506249,0.9901957816806317,0.9947378506343928,85.14139207980385
lstm_ts168_ensemble,lstm,"LSTM (168 TimeSteps), Ensemble",DEEP_LEARNING,168,ensemble,20_24,POS,MARGINAL,243,8.527687613868748,0.2971978785441491,5.699628503292181,3.217486000000001,0,0,111,0.4567901234567901,8.1259933032,17.5448000968,46.315679052291415,0.9925364485217832,0.9985609089371917,0.985507072123154,0.9922048262473204,97.32342590647878
lstm_ts168_recency,lstm,"LSTM (168 TimeSteps), Weighted Ensemble",DEEP_LEARNING,168,recency,00_04,NEG,AVERAGE,243,2.89509370414888,0.16885565186975296,1.5913577465020576,0.6687246,0,0,181,0.7448559670781894,5.1864221312000005,7.524480022400001,68.92731611699787,0.9957595159955674,0.9995114380750935,0.9959535199473101,0.9970616715858861,8.04510019715906
lstm_ts168_recency,lstm,"LSTM (168 TimeSteps), Weighted Ensemble",DEEP_LEARNING,168,recency,00_04,NEG,MARGINAL,243,6.9570564911088,0.26666407974789136,3.5040807333333337,1.3800842000000002,0,0,76,0.31275720164609055,3.2841436208,10.4859602936,31.319435977689558,0.9933032459843282,0.9988259610021919,0.991089877294018,0.9943953302724209,27.865284711443504
lstm_ts168_recency,lstm,"LSTM (168 TimeSteps), Weighted Ensemble",DEEP_LEARNING,168,recency,00_04,POS,AVERAGE,243,1.2752194043156642,0.207187588419859,0.8530878790123456,0.5582965,0,0,126,0.5185185185185185,1.9898719128,3.952759774,50.341331792757714,0.9947968833445442,0.9997848001790209,0.9978307812349532,0.9974440822037565,317.50634007096926
lstm_ts168_recency,lstm,"LSTM (168 TimeSteps), Weighted Ensemble",DEEP_LEARNING,168,recency,00_04,POS,MARGINAL,243,3.006865748827075,0.48604743899247965,2.235298686831276,1.6643149999999993,0,0,19,0.07818930041152264,0.47574949440000003,4.755639994,10.003900526537628,0.9877938560680645,0.9994925759687581,0.9943161168078337,0.9938067796794172,396.3467833114778
lstm_ts168_recency,lstm,"LSTM (168 TimeSteps), Weighted Ensemble",DEEP_LEARNING,168,recency,04_08,NEG,AVERAGE,243,1.2358082410918005,0.09097056950421147,0.6390415818930041,0.2669175000000008,0,0,229,0.9423868312757202,5.7745762127999996,6.092240038,94.78576314756822,0.9977154496128191,0.9997914510151371,0.998375054873957,0.9986181998117596,-40.60462318533543
lstm_ts168_recency,lstm,"LSTM (168 TimeSteps), Weighted Ensemble",DEEP_LEARNING,168,recency,04_08,NEG,MARGINAL,243,4.681435304864794,0.18195793737885846,1.8673949744855967,0.7167838,0,0,90,0.37037037037037035,3.4557778584,8.5739200904,40.30569240165122,0.9954304773669658,0.999209983759561,0.9952516167207789,0.9966186904632806,-29.19119050530434
lstm_ts168_recency,lstm,"LSTM (168 TimeSteps), Weighted Ensemble",DEEP_LEARNING,168,recency,04_08,POS,AVERAGE,243,4.1303157325737,0.1734958650706709,2.0897505913580248,1.2127230000000004,0,0,182,0.7489711934156379,7.380283248400001,10.608559357599999,69.56913752019257,0.9956429859911656,0.9993029880166275,0.9946862142710434,0.9965350519919278,104.38015357816353
lstm_ts168_recency,lstm,"LSTM (168 TimeSteps), Weighted Ensemble",DEEP_LEARNING,168,recency,04_08,POS,MARGINAL,243,20.628847344280697,0.22730484197180265,4.855315251028807,1.7708259999999996,0,0,128,0.5267489711934157,5.856543796,14.250879974799998,41.09601516787873,0.9942916773241621,0.9965187761098436,0.9876539789019818,0.9928361794441175,86.74914615213044
lstm_ts168_recency,lstm,"LSTM (168 TimeSteps), Weighted Ensemble",DEEP_LEARNING,168,recency,08_12,NEG,AVERAGE,243,3.6438791049056887,0.19965095302846983,2.01595333127572,0.8294615999999997,0,0,175,0.720164609053498,8.723085186,11.115999961200002,78.47323872299043,0.9949861514055806,0.9993850766947308,0.994873864811296,0.9964007421748863,14.282966067397826
lstm_ts168_recency,lstm,"LSTM (168 TimeSteps), Weighted Ensemble",DEEP_LEARNING,168,recency,08_12,NEG,MARGINAL,243,15.864249821702836,0.3355202655233384,5.340072704526749,1.7908234000000007,0,0,122,0.5020576131687243,8.1451479876,15.3072399332,53.21108196608273,0.991574055689814,0.9973228264014454,0.9864213450895761,0.991770755526574,59.179865515105334
lstm_ts168_recency,lstm,"LSTM (168 TimeSteps), Weighted Ensemble",DEEP_LEARNING,168,recency,08_12,POS,AVERAGE,243,8.143267120366627,0.17933160790024671,4.057865873251029,1.8542214999999995,0,0,153,0.6296296296296297,10.5493539096,17.7596800436,59.40058539174887,0.9954964325661024,0.9986257818689417,0.9896817209400627,0.9946102629994463,67.28618432649824
lstm_ts168_recency,lstm,"LSTM (168 TimeSteps), Weighted Ensemble",DEEP_LEARNING,168,recency,08_12,POS,MARGINAL,243,16.864310619538852,0.1985636926557104,7.206399608641975,2.181958,0,0,100,0.411522633744856,8.313041166,23.390960316799998,35.53954627518801,0.9950134558527121,0.9971540610078714,0.9816756776832994,0.9913183887580085,6.318153559718616
lstm_ts168_recency,lstm,"LSTM (168 TimeSteps), Weighted Ensemble",DEEP_LEARNING,168,recency,12_16,NEG,AVERAGE,243,5.543322712118918,0.11484227495858028,2.864083449794239,0.9018589999999982,0,0,215,0.8847736625514403,19.6256481416,23.0065598792,85.30457506314687,0.9971159577745722,0.9990645358349785,0.9927172525635382,0.996307415814865,-37.84646146543224
lstm_ts168_recency,lstm,"LSTM (168 TimeSteps), Weighted Ensemble",DEEP_LEARNING,168,recency,12_16,NEG,MARGINAL,243,27.9332371341805,0.1878347822128715,7.629031554320989,1.902912999999998,0,0,142,0.5843621399176955,15.1000818296,30.050999984800004,50.248184210967096,0.9952828917443395,0.9952861228347849,0.9806010156586361,0.9904389388959044,-22.745635860191822
lstm_ts168_recency,lstm,"LSTM (168 TimeSteps), Weighted Ensemble",DEEP_LEARNING,168,recency,12_16,POS,AVERAGE,243,15.625495203410182,0.11419813418067361,3.2027236222222224,0.6065529999999999,0,0,224,0.9218106995884774,9.1591562864,12.4003592852,73.86202347646153,0.9971321341277772,0.9973631174689594,0.9918561635307412,0.9954672883333455,-19.99609423760817
lstm_ts168_recency,lstm,"LSTM (168 TimeSteps), Weighted Ensemble",DEEP_LEARNING,168,recency,12_16,POS,MARGINAL,243,92.82427543707638,0.18018747818299521,12.209143825514403,1.201981,0,0,88,0.36213991769547327,4.541370666800001,22.700199836,20.00586206116957,0.9954749390347715,0.9843354269947809,0.9689547764737626,0.9830472464164417,-21.291950583833994
lstm_ts168_recency,lstm,"LSTM (168 TimeSteps), Weighted Ensemble",DEEP_LEARNING,168,recency,16_20,NEG,AVERAGE,243,1.31083361884793,0.1761941805950806,0.7529584038271605,0.3009529999999998,0,0,195,0.8024691358024691,5.34241162932,6.763039946119999,78.99423442537814,0.9955752230013369,0.9997787900974885,0.9980853889276066,0.997790754898736,-1.4058962472852587
lstm_ts168_recency,lstm,"LSTM (168 TimeSteps), Weighted Ensemble",DEEP_LEARNING,168,recency,16_20,NEG,MARGINAL,243,4.2055178254882195,0.4109334120886049,1.800814165020576,0.6401720000000002,0,0,82,0.3374485596707819,4.09639631792,8.51464002216,48.11003527170634,0.9896801999722654,0.9992902972773887,0.9954209173811643,0.9947459688278928,7.143375897733033
lstm_ts168_recency,lstm,"LSTM (168 TimeSteps), Weighted Ensemble",DEEP_LEARNING,168,recency,16_20,POS,AVERAGE,243,18.029619332318266,0.18251155440853478,7.256146384773661,2.448005,0,0,166,0.6831275720164609,16.338646096,26.775799502,61.02019883581663,0.9954165743430934,0.9969574091803296,0.9815491823444953,0.991348810479844,14.239480710989238
lstm_ts168_recency,lstm,"LSTM (168 TimeSteps), Weighted Ensemble",DEEP_LEARNING,168,recency,16_20,POS,MARGINAL,243,33.157961591851155,0.23607562634169868,13.486326763374485,3.3191950000000006,0,0,116,0.4773662551440329,13.414587604000001,35.721719969999995,37.55302828437688,0.9940714159919826,0.9944044237607662,0.9657071753023436,0.9848211091281003,-19.851061307957675
lstm_ts168_recency,lstm,"LSTM (168 TimeSteps), Weighted Ensemble",DEEP_LEARNING,168,recency,20_24,NEG,AVERAGE,243,0.5929919832548471,0.15424078900911736,0.35687087790123456,0.2068504,0,0,189,0.7777777777777778,1.83119016024,2.23896007788,81.78753066351659,0.9961265400868623,0.999899929558626,0.9990925542091416,0.9983505432728965,36.39060513638206
lstm_ts168_recency,lstm,"LSTM (168 TimeSteps), Weighted Ensemble",DEEP_LEARNING,168,recency,20_24,NEG,MARGINAL,243,1.794568997380538,0.30487906022126093,1.0143619506584363,0.5554786000000003,0,0,65,0.2674897119341564,0.75654886272,3.17832013944,23.803419087080986,0.9923435504595848,0.9996971572690441,0.9974206960009029,0.9964456987353414,47.62954227772856
lstm_ts168_recency,lstm,"LSTM (168 TimeSteps), Weighted Ensemble",DEEP_LEARNING,168,recency,20_24,POS,AVERAGE,243,4.662605164111654,0.16990939625025742,3.1523262604938274,1.4156829999999996,0,0,195,0.8024691358024691,10.824018430000002,14.736639444000001,73.44970657069977,0.995733053237935,0.9992131614424801,0.9919843131686151,0.9956444047225593,51.698873617058325
lstm_ts168_recency,lstm,"LSTM (168 TimeSteps), Weighted Ensemble",DEEP_LEARNING,168,recency,20_24,POS,MARGINAL,243,6.892309079488426,0.23121842312567092,4.4952770860082305,2.7309590000000004,0,0,108,0.4444444444444444,8.776266268399999,17.5448000968,50.02203627273419,0.9941933952820791,0.9988368874602919,0.9885694784219139,0.9938698551370349,67.48547962295136
lstm_ts168_single,lstm,"LSTM (168 TimeSteps), Single",DEEP_LEARNING,168,single,00_04,NEG,AVERAGE,243,2.792406678731674,0.17590973901792256,1.5496979316872432,0.7455302000000001,0,0,154,0.6337448559670782,5.0020493872,7.524480022400001,66.4770106679684,0.9955823662029105,0.9995287670377896,0.9960594518850013,0.9970421167535107,20.454496752486822
lstm_ts168_single,lstm,"LSTM (168 TimeSteps), Single",DEEP_LEARNING,168,single,00_04,NEG,MARGINAL,243,7.069956990553943,0.2473190165124656,3.4536498337448553,1.226651,0,0,88,0.36213991769547327,3.4476791120000003,10.4859602936,32.87900216544074,0.9937890599343275,0.9988069084633215,0.9912181122114478,0.9945965372003454,13.649644968456895
lstm_ts168_single,lstm,"LSTM (168 TimeSteps), Single",DEEP_LEARNING,168,single,00_04,POS,AVERAGE,243,1.1988230279026886,0.1792317555154723,0.7288982860082305,0.4299382999999999,0,0,155,0.6378600823045267,2.3954933292000007,3.952759774,60.60305877824389,0.9954989401661487,0.999797692459731,0.9981465686259074,0.9977912458147513,221.51726920970196
lstm_ts168_single,lstm,"LSTM (168 TimeSteps), Single",DEEP_LEARNING,168,single,00_04,POS,MARGINAL,243,2.168868885374506,0.2146262096025895,1.1174953625514406,0.5384437000000002,0,0,76,0.31275720164609055,1.4965896152,4.755639994,31.4697836061642,0.9946100767213064,0.999633992241429,0.997158449944095,0.997108932006467,60.57945670701193
lstm_ts168_single,lstm,"LSTM (168 TimeSteps), Single",DEEP_LEARNING,168,single,04_08,NEG,AVERAGE,243,1.4200978148988912,0.12312429962357942,0.8099964082304526,0.4596543999999998,0,0,205,0.8436213991769548,5.5146751768,6.092240038,90.51966341448346,0.9969079706996513,0.9997603512034833,0.9979403535654635,0.998189942611634,2.2838378619553277
lstm_ts168_single,lstm,"LSTM (168 TimeSteps), Single",DEEP_LEARNING,168,single,04_08,NEG,MARGINAL,243,4.71934725146008,0.18230052094400484,1.8890573197530864,0.7525360000000001,0,0,87,0.35802469135802467,3.3224894943999996,8.5739200904,38.751113369018995,0.9954218740415094,0.9992035859239473,0.9951965340417195,0.9965954767627834,-25.65934349813668
lstm_ts168_single,lstm,"LSTM (168 TimeSteps), Single",DEEP_LEARNING,168,single,04_08,POS,AVERAGE,243,4.186935966262681,0.15884370147213936,2.033529458436214,0.9386364999999994,0,0,193,0.7942386831275721,7.6580253240000005,10.608559357599999,72.18723170468732,0.9960109468185464,0.9992934330615254,0.9948291725049212,0.9967041817552332,58.188367849929215
lstm_ts168_single,lstm,"LSTM (168 TimeSteps), Single",DEEP_LEARNING,168,single,04_08,POS,MARGINAL,243,20.63630059200994,0.22641977633714055,4.937603810288065,1.8974010000000003,0,0,129,0.5308641975308642,5.681916103199999,14.250879974799998,39.87063334508044,0.9943139040404437,0.9965175183360271,0.9874447368165117,0.9927742715740887,100.09759098759481
lstm_ts168_single,lstm,"LSTM (168 TimeSteps), Single",DEEP_LEARNING,168,single,08_12,NEG,AVERAGE,243,3.1498217412092138,0.1731091451817511,1.9636882030452674,0.8541844999999997,0,0,175,0.720164609053498,7.125284335440001,11.115999961200002,64.09935552636335,0.9956526977152625,0.9994684514111608,0.9950067637771638,0.9966987382353365,17.6892796831067
lstm_ts168_single,lstm,"LSTM (168 TimeSteps), Single",DEEP_LEARNING,168,single,08_12,NEG,MARGINAL,243,15.356229288907446,0.29862634449441505,4.930920291358024,1.5812420000000031,0,0,104,0.4279835390946502,6.639188140800001,15.3072399332,43.37286257857767,0.992500575354697,0.9974085574743426,0.9874617315658644,0.9924573910038654,40.550926968475274
lstm_ts168_single,lstm,"LSTM (168 TimeSteps), Single",DEEP_LEARNING,168,single,08_12,POS,AVERAGE,243,8.474419080840763,0.2764718352059365,5.3572019934156385,4.074902999999999,0,0,98,0.40329218106995884,7.4572888291999995,17.7596800436,41.98999537656288,0.9930569431234011,0.9985698982756009,0.9863777889967001,0.9926720974618157,267.6340579432396
lstm_ts168_single,lstm,"LSTM (168 TimeSteps), Single",DEEP_LEARNING,168,single,08_12,POS,MARGINAL,243,16.31235906766992,0.18772277790058325,6.942866832510289,1.8288630000000001,0,0,102,0.41975308641975306,7.709138032000001,23.390960316799998,32.95776628060498,0.9952857045166064,0.9972472056657627,0.9823457847815876,0.9916628263832719,-10.886764422739716
lstm_ts168_single,lstm,"LSTM (168 TimeSteps), Single",DEEP_LEARNING,168,single,12_16,NEG,AVERAGE,243,5.255517333600154,0.113842662030162,2.826533441399177,1.1977760000000046,0,0,224,0.9218106995884774,19.60503547096,23.0065598792,85.21498030952777,0.9971410611251953,0.9991131044700889,0.992812734148545,0.9963634875267156,-17.45270960118947
lstm_ts168_single,lstm,"LSTM (168 TimeSteps), Single",DEEP_LEARNING,168,single,12_16,NEG,MARGINAL,243,27.905345446099997,0.18918056373127493,7.649315682716049,1.8283346000000007,0,0,135,0.5555555555555556,15.3783121948,30.050999984800004,51.17404479910302,0.995249095037276,0.9952908297003341,0.9805494374882862,0.9904119804849186,-25.773365909103184
lstm_ts168_single,lstm,"LSTM (168 TimeSteps), Single",DEEP_LEARNING,168,single,12_16,POS,AVERAGE,243,15.82538326321838,0.161173839367834,3.676505355967079,1.0924689999999995,0,0,232,0.9547325102880658,8.7911396632,12.4003592852,70.89423347347964,0.9959524298997142,0.9973293853327161,0.9906514386100618,0.9946574980670195,44.09587772929061
lstm_ts168_single,lstm,"LSTM (168 TimeSteps), Single",DEEP_LEARNING,168,single,12_16,POS,MARGINAL,243,92.91657691297485,0.20807649689623658,12.465988807407406,1.5990080999999998,0,0,174,0.7160493827160493,7.4889707424,22.700199836,32.9907701099764,0.994774560122705,0.9843198506468818,0.9683016749960163,0.9825884539038762,4.70615471596448
lstm_ts168_single,lstm,"LSTM (168 TimeSteps), Single",DEEP_LEARNING,168,single,16_20,NEG,AVERAGE,243,1.5155245894568072,0.18723115485750172,0.845132423415638,0.28210618000000004,0,0,204,0.8395061728395061,5.65386100452,6.763039946119999,83.59940277690741,0.9952980506810807,0.9997442474453911,0.9978510102453393,0.9976077722695086,-7.580233524164762
lstm_ts168_single,lstm,"LSTM (168 TimeSteps), Single",DEEP_LEARNING,168,single,16_20,NEG,MARGINAL,243,4.597339312876352,0.43399057331120355,1.873778367983539,0.6835370000000012,0,0,78,0.32098765432098764,4.01433330036,8.51464002216,47.14624799066539,0.9891011638412897,0.9992241753899266,0.9952353851257685,0.994466050676218,14.401226125180184
lstm_ts168_single,lstm,"LSTM (168 TimeSteps), Single",DEEP_LEARNING,168,single,16_20,POS,AVERAGE,243,16.807963738672616,0.22708881928969044,7.929032835390947,3.7605070000000005,0,0,135,0.5555555555555556,13.730316173999997,26.775799502,51.27882800651543,0.9942971023171544,0.9971635698332815,0.9798381770057315,0.9904715912447067,75.48917052458636
lstm_ts168_single,lstm,"LSTM (168 TimeSteps), Single",DEEP_LEARNING,168,single,16_20,POS,MARGINAL,243,32.799110363810506,0.26061707587787203,13.816497446502057,4.379839999999998,0,0,86,0.35390946502057613,11.458620796,35.721719969999995,32.077461011460926,0.9934551048229374,0.9944649817477064,0.964867622356945,0.9843544949943337,5.76044120365162
lstm_ts168_single,lstm,"LSTM (168 TimeSteps), Single",DEEP_LEARNING,168,single,20_24,NEG,AVERAGE,243,0.5985022757938684,0.14480771272305804,0.3601490183127572,0.2000219999999997,0,0,214,0.8806584362139918,1.83582822592,2.23896007788,81.99468333791316,0.9963634336030739,0.9998989996684723,0.999084218604018,0.9984280294549669,31.888174354941413
lstm_ts168_single,lstm,"LSTM (168 TimeSteps), Single",DEEP_LEARNING,168,single,20_24,NEG,MARGINAL,243,1.775948450583975,0.2572203197901155,0.9413340220164609,0.4259862000000001,0,0,96,0.3950617283950617,0.9468089342400001,3.17832013944,29.789602453540816,0.993540407800348,0.999700299581907,0.9976063902969772,0.9969149463121502,13.214348352265807
lstm_ts168_single,lstm,"LSTM (168 TimeSteps), Single",DEEP_LEARNING,168,single,20_24,POS,AVERAGE,243,3.944716794172131,0.2003147012223451,2.6605820539094647,1.7890030000000001,0,0,145,0.5967078189300411,10.249333791200002,14.736639444000001,69.5500071786923,0.9949694826499427,0.9993343087902785,0.9932347127895321,0.9958374012223181,91.70233731530173
lstm_ts168_single,lstm,"LSTM (168 TimeSteps), Single",DEEP_LEARNING,168,single,20_24,POS,MARGINAL,243,5.645566129917598,0.1995748686004561,3.440937248148149,2.109228,0,0,100,0.411522633744856,9.1796357616,17.5448000968,52.32111914044707,0.9949880621192368,0.9990472817333453,0.9912504375789828,0.9950941884936089,29.355681727246136
lstm_ts42_ensemble,lstm,"LSTM (42 TimeSteps), Ensemble",DEEP_LEARNING,42,ensemble,00_04,NEG,AVERAGE,243,2.9758560092691315,0.16636086044141665,1.5614393761316872,0.6823927000000003,0,0,181,0.7448559670781894,5.3417598008,7.524480022400001,70.99174673728749,0.9958221678702848,0.9994978090215009,0.9960295959202827,0.9971035807066854,10.253440123647216
lstm_ts42_ensemble,lstm,"LSTM (42 TimeSteps), Ensemble",DEEP_LEARNING,42,ensemble,00_04,NEG,MARGINAL,243,6.928862797994716,0.2828759631869414,3.664477521399177,1.6421010000000003,0,0,96,0.3950617283950617,3.6327266372000007,10.4859602936,34.64371917770086,0.9928961158015728,0.9988307188326409,0.9906820228031905,0.9941238841123592,52.141233042118806
lstm_ts42_ensemble,lstm,"LSTM (42 TimeSteps), Ensemble",DEEP_LEARNING,42,ensemble,00_04,POS,AVERAGE,243,1.7886141446314059,0.38074990002672804,1.4407067847736628,1.2113052999999998,0,0,50,0.205761316872428,1.0315669028000003,3.952759774,26.09738415132941,0.9904382006591167,0.9996981621810155,0.9963365929005116,0.9954404574010036,805.8406106998117
lstm_ts42_ensemble,lstm,"LSTM (42 TimeSteps), Ensemble",DEEP_LEARNING,42,ensemble,00_04,POS,MARGINAL,243,4.170467106450562,0.8369747960353966,3.5654077086419758,3.1002897000000003,0,0,13,0.053497942386831275,0.4249391036,4.755639994,8.935476700005227,0.9789809923718813,0.9992962122661637,0.9909339360024865,0.9896294863350943,824.5958967675633
lstm_ts42_ensemble,lstm,"LSTM (42 TimeSteps), Ensemble",DEEP_LEARNING,42,ensemble,04_08,NEG,AVERAGE,243,1.2887524684704752,0.12204401144988235,0.7636426740740743,0.4721001,0,0,197,0.8106995884773662,5.3758957052000005,6.092240038,88.24169224567905,0.9969351000534515,0.9997825164049711,0.9980582211292114,0.9982453774044537,5.0532967442777
lstm_ts42_ensemble,lstm,"LSTM (42 TimeSteps), Ensemble",DEEP_LEARNING,42,ensemble,04_08,NEG,MARGINAL,243,4.64891246247407,0.20860739167615208,1.972185140329218,0.8573927000000001,0,0,64,0.26337448559670784,2.5798758636000003,8.5739200904,30.08980532123949,0.9947612277243083,0.9992154721561747,0.9949851578954543,0.9963050253433025,-15.300881023758134
lstm_ts42_ensemble,lstm,"LSTM (42 TimeSteps), Ensemble",DEEP_LEARNING,42,ensemble,04_08,POS,AVERAGE,243,4.010447676786607,0.15348467961011786,1.8588756164609053,1.0466370000000005,0,0,169,0.6954732510288066,7.199283332,10.608559357599999,67.86296884734321,0.9961455283160188,0.9993232163663995,0.9952732796136039,0.9969063233008476,76.38968734046304
lstm_ts42_ensemble,lstm,"LSTM (42 TimeSteps), Ensemble",DEEP_LEARNING,42,ensemble,04_08,POS,MARGINAL,243,20.575950514719388,0.24591584744517425,4.9133985193415635,2.0614589999999993,0,0,106,0.43621399176954734,5.1388405092000005,14.250879974799998,36.05981187328132,0.993824297818991,0.9965277027213847,0.987506285658813,0.9926314774239222,117.39894720182818
lstm_ts42_ensemble,lstm,"LSTM (42 TimeSteps), Ensemble",DEEP_LEARNING,42,ensemble,08_12,NEG,AVERAGE,243,4.477903121883897,0.23772975973482935,2.565332934979424,1.2707409999999992,0,0,163,0.6707818930041153,7.9828171008,11.115999961200002,71.81375610528731,0.9940298756223409,0.9992443308602974,0.9934769107872067,0.9955681674552723,75.08230710553828
lstm_ts42_ensemble,lstm,"LSTM (42 TimeSteps), Ensemble",DEEP_LEARNING,42,ensemble,08_12,NEG,MARGINAL,243,15.59786778558797,0.3439564552131766,5.422854049382716,1.9855769999999993,0,0,120,0.49382716049382713,8.0109970636,15.3072399332,52.33469324685296,0.991362197057651,0.9973677797375459,0.9862108499564542,0.9916440947986214,76.49081413046427
lstm_ts42_ensemble,lstm,"LSTM (42 TimeSteps), Ensemble",DEEP_LEARNING,42,ensemble,08_12,POS,AVERAGE,243,8.303232272659788,0.13760602057802296,3.682653613991769,1.066255,0,0,227,0.934156378600823,13.791383318800001,17.7596800436,77.65558436268091,0.9965442902105236,0.9985987869282907,0.9906358049139237,0.9952724739795088,-3.8034396273312425
lstm_ts42_ensemble,lstm,"LSTM (42 TimeSteps), Ensemble",DEEP_LEARNING,42,ensemble,08_12,POS,MARGINAL,243,17.91901011033613,0.19157656443215873,7.624457971193417,1.6840290000000007,0,0,179,0.7366255144032922,12.587097556000002,23.390960316799998,53.811803301464366,0.995188924101129,0.9969760750543656,0.9806126452956148,0.9909685119098774,-17.943950423876416
lstm_ts42_ensemble,lstm,"LSTM (42 TimeSteps), Ensemble",DEEP_LEARNING,42,ensemble,12_16,NEG,AVERAGE,243,6.096367314551755,0.12609284182792294,3.466625066255144,1.2512428000000009,0,0,233,0.9588477366255144,19.404545382000002,23.0065598792,84.34353281797446,0.9968334214879749,0.9989712067191931,0.9911851189893723,0.9956749507897381,-13.767930922793175
lstm_ts42_ensemble,lstm,"LSTM (42 TimeSteps), Ensemble",DEEP_LEARNING,42,ensemble,12_16,NEG,MARGINAL,243,30.564173122248057,0.20334304754988047,8.256358411522633,1.9328615999999998,0,0,110,0.45267489711934156,11.396655350000001,30.050999984800004,37.92437974032313,0.9948934315730636,0.9948421388805544,0.9790058585547335,0.9896336058884867,-21.529784137134804
lstm_ts42_ensemble,lstm,"LSTM (42 TimeSteps), Ensemble",DEEP_LEARNING,42,ensemble,12_16,POS,AVERAGE,243,15.33070697364382,0.13197983637927685,3.1817186596707816,0.7470290000000013,0,0,170,0.6995884773662552,7.804533296400001,12.4003592852,62.93796104532889,0.9966855809747746,0.9974128644960654,0.9919095746271203,0.9953495024420747,-1.467410567957097
lstm_ts42_ensemble,lstm,"LSTM (42 TimeSteps), Ensemble",DEEP_LEARNING,42,ensemble,12_16,POS,MARGINAL,243,92.72718736229058,0.1952487353310161,12.415173334567902,1.4551819999999989,0,0,65,0.2674897119341564,4.5484896216,22.700199836,20.037222819451127,0.9950967046119635,0.984351811105815,0.9684308878004061,0.9827511702071207,-4.711857537252924
lstm_ts42_ensemble,lstm,"LSTM (42 TimeSteps), Ensemble",DEEP_LEARNING,42,ensemble,16_20,NEG,AVERAGE,243,1.6335644648025376,0.24435109044800452,0.8906174746090535,0.3342315,0,0,163,0.6707818930041153,5.786120030279999,6.763039946119999,85.55501780822001,0.9938635936728392,0.9997243276104538,0.9977353515552966,0.997075315973463,9.496350554490236
lstm_ts42_ensemble,lstm,"LSTM (42 TimeSteps), Ensemble",DEEP_LEARNING,42,ensemble,16_20,NEG,MARGINAL,243,4.064162468717401,0.48781300299086333,1.8825324315226337,0.8155499999999982,0,0,58,0.23868312757201646,3.02381552804,8.51464002216,35.513134086353496,0.9877495173337014,0.9993141517195095,0.995213125427364,0.9940288373519268,36.49578584098642
lstm_ts42_ensemble,lstm,"LSTM (42 TimeSteps), Ensemble",DEEP_LEARNING,42,ensemble,16_20,POS,AVERAGE,243,19.7795591146074,0.18940867675472328,8.09534629218107,2.519763000000001,0,0,220,0.9053497942386831,18.528417647999998,26.775799502,69.19837313024408,0.9952433664186813,0.9966620978585301,0.9794152777004844,0.9904882785168265,17.5881653161511
lstm_ts42_ensemble,lstm,"LSTM (42 TimeSteps), Ensemble",DEEP_LEARNING,42,ensemble,16_20,POS,MARGINAL,243,38.136309421619075,0.24748290453815638,15.50356416872428,3.8098100000000006,0,0,199,0.8189300411522634,17.926709336000002,35.721719969999995,50.184339810779846,0.9937849442026728,0.9935643020075117,0.9605777749897928,0.9827537664380193,-8.004131086504477
lstm_ts42_ensemble,lstm,"LSTM (42 TimeSteps), Ensemble",DEEP_LEARNING,42,ensemble,20_24,NEG,AVERAGE,243,0.7187652177318287,0.273242544155489,0.5452485036213992,0.4210746500000001,0,0,115,0.4732510288065844,1.36411342096,2.23896007788,60.92620562719616,0.9931380405394097,0.9998787046796351,0.9986135504737934,0.9971693779840308,177.64329351594338
lstm_ts42_ensemble,lstm,"LSTM (42 TimeSteps), Ensemble",DEEP_LEARNING,42,ensemble,20_24,NEG,MARGINAL,243,1.7878887663735792,0.3152124926397441,1.0077955532921812,0.5363494000000002,0,0,68,0.27983539094650206,0.8833656711600002,3.17832013944,27.79347681809183,0.9920840462357329,0.9996982845923204,0.9974373929353407,0.9963633493042774,42.54557497432725
lstm_ts42_ensemble,lstm,"LSTM (42 TimeSteps), Ensemble",DEEP_LEARNING,42,ensemble,20_24,POS,AVERAGE,243,3.2904251259661383,0.12486393282411754,2.1804593901234566,1.0826320000000003,0,0,209,0.8600823045267489,12.180100838000001,14.736639444000001,82.65182088687872,0.9968642831672604,0.9994447238681777,0.9944555613297958,0.9969209503921999,16.010473348753347
lstm_ts42_ensemble,lstm,"LSTM (42 TimeSteps), Ensemble",DEEP_LEARNING,42,ensemble,20_24,POS,MARGINAL,243,7.5953655469812285,0.25943630957885877,4.9107588115226335,3.0162000000000004,0,0,113,0.46502057613168724,8.8041953992,17.5448000968,50.18122378496521,0.9934847574910507,0.9987182430721728,0.9875129978673393,0.9932411270569963,84.97886773061987
lstm_ts42_recency,lstm,"LSTM (42 TimeSteps), Weighted Ensemble",DEEP_LEARNING,42,recency,00_04,NEG,AVERAGE,243,2.98144570563613,0.18151548407372411,1.6491672292181072,0.7416139000000004,0,0,159,0.654320987654321,4.8370860376,7.524480022400001,64.28465519478074,0.9954415887283111,0.9994968657315435,0.9958065228819545,0.9969002584100801,19.82174445669554
lstm_ts42_recency,lstm,"LSTM (42 TimeSteps), Weighted Ensemble",DEEP_LEARNING,42,recency,00_04,NEG,MARGINAL,243,6.885816317462088,0.291112177897708,3.6707995008230454,1.6353037000000001,0,0,75,0.30864197530864196,3.3351200392,10.4859602936,31.805575701402923,0.9926892791552933,0.9988379831472153,0.990665947370945,0.9940506519837926,51.51146081534517
lstm_ts42_recency,lstm,"LSTM (42 TimeSteps), Weighted Ensemble",DEEP_LEARNING,42,recency,00_04,POS,AVERAGE,243,1.1086066574343865,0.17923780109812446,0.7168295502057612,0.46222309999999966,0,0,123,0.5061728395061729,2.1180667611999997,3.952759774,53.58450506231042,0.9954987883430012,0.9998129169353848,0.9981772568220677,0.9978063453765798,245.66054914773332
lstm_ts42_recency,lstm,"LSTM (42 TimeSteps), Weighted Ensemble",DEEP_LEARNING,42,recency,00_04,POS,MARGINAL,243,2.704894440426298,0.4341191348100344,1.9928137769547325,1.5168480999999998,0,0,22,0.09053497942386832,0.5252285812,4.755639994,11.04433013984784,0.9890979352672186,0.9995435351772588,0.9949327037148636,0.9944704568252548,352.36789622585087
lstm_ts42_recency,lstm,"LSTM (42 TimeSteps), Weighted Ensemble",DEEP_LEARNING,42,recency,04_08,NEG,AVERAGE,243,1.2291881086350638,0.09885968407936971,0.6642668580246914,0.3267359999999999,0,0,219,0.9012345679012346,5.6904181904,6.092240038,93.40436612652063,0.9975173297169515,0.9997925681964744,0.998310912428982,0.998530040710164,-27.293610052109056
lstm_ts42_recency,lstm,"LSTM (42 TimeSteps), Weighted Ensemble",DEEP_LEARNING,42,recency,04_08,NEG,MARGINAL,243,4.643529685923955,0.21853950701776484,1.9762358835390947,0.8659295999999999,0,0,56,0.23045267489711935,2.3410024956,8.5739200904,27.303759201361828,0.9945118018047733,0.9992163805273506,0.9949748577277934,0.9962171212378205,-14.457547614471752
lstm_ts42_recency,lstm,"LSTM (42 TimeSteps), Weighted Ensemble",DEEP_LEARNING,42,recency,04_08,POS,AVERAGE,243,3.9655477409834283,0.1405356124478223,1.7696272786008231,0.9547760000000007,0,0,175,0.720164609053498,7.49253985,10.608559357599999,70.62730760546036,0.9964707191613711,0.9993307934610658,0.9955002189172774,0.9970942785997194,60.90835707143737
lstm_ts42_recency,lstm,"LSTM (42 TimeSteps), Weighted Ensemble",DEEP_LEARNING,42,recency,04_08,POS,MARGINAL,243,20.584200163775897,0.2369113259229569,4.9449537732510285,1.9125839999999998,0,0,123,0.5061728395061729,5.548795038000001,14.250879974799998,38.93650811607424,0.9940504290089139,0.9965263105507558,0.9874260474435012,0.9926814240011355,101.698771615182
lstm_ts42_recency,lstm,"LSTM (42 TimeSteps), Weighted Ensemble",DEEP_LEARNING,42,recency,08_12,NEG,AVERAGE,243,3.636999565363825,0.18529360612509083,1.982699200411523,0.8443727999999999,0,0,186,0.7654320987654321,8.786003812,11.115999961200002,79.03925731078833,0.995346708480311,0.9993862376523455,0.994958422904853,0.9965516188671812,16.33742665197969
lstm_ts42_recency,lstm,"LSTM (42 TimeSteps), Weighted Ensemble",DEEP_LEARNING,42,recency,08_12,NEG,MARGINAL,243,14.816459224429368,0.31396047253216863,4.894203651028806,1.6888569999999996,0,0,93,0.38271604938271603,6.0263481608000005,15.3072399332,39.369267007629524,0.9921154883058123,0.9974996464437015,0.9875550940753444,0.9923873303952614,50.11643813356699
lstm_ts42_recency,lstm,"LSTM (42 TimeSteps), Weighted Ensemble",DEEP_LEARNING,42,recency,08_12,POS,AVERAGE,243,7.571533632942006,0.12623871470874348,3.2213204761316874,1.0156402,0,0,204,0.8395061728395061,13.614302184,17.7596800436,76.65848793771566,0.9968297581719358,0.998722264830011,0.9918088757360559,0.9957973941652603,-8.369861040549049
lstm_ts42_recency,lstm,"LSTM (42 TimeSteps), Weighted Ensemble",DEEP_LEARNING,42,recency,08_12,POS,MARGINAL,243,16.347374083546455,0.18006810344644178,6.776745214814814,1.6744020000000006,0,0,103,0.42386831275720166,8.895060964799999,23.390960316799998,38.0277716020549,0.9954779369010276,0.9972412967020795,0.9827681962813292,0.9918656312308745,-18.413035926126877
lstm_ts42_recency,lstm,"LSTM (42 TimeSteps), Weighted Ensemble",DEEP_LEARNING,42,recency,12_16,NEG,AVERAGE,243,5.319017375865263,0.11577221104389232,2.8017220679012347,0.9345666000000001,0,0,214,0.8806584362139918,19.670242909200002,23.0065598792,85.49841007296214,0.9970926042234696,0.9991023885119712,0.9928758241282557,0.9963642956072546,-35.59234737778289
lstm_ts42_recency,lstm,"LSTM (42 TimeSteps), Weighted Ensemble",DEEP_LEARNING,42,recency,12_16,NEG,MARGINAL,243,28.71732354639027,0.1949204843252569,7.6556268427983545,2.0358217000000005,0,0,109,0.448559670781893,13.372813131200001,30.050999984800004,44.500393124901194,0.9951049480028358,0.9951538042275173,0.9805333895672963,0.9903124562732528,-17.349815290807555
lstm_ts42_recency,lstm,"LSTM (42 TimeSteps), Weighted Ensemble",DEEP_LEARNING,42,recency,12_16,POS,AVERAGE,243,15.257238175517362,0.11695008168168372,3.0065282427983546,0.5501570000000005,0,0,198,0.8148148148148148,8.965768058,12.4003592852,72.30248617635432,0.9970630242743027,0.9974252627329107,0.9923550461302156,0.9956289301780947,-27.434686198039998
lstm_ts42_recency,lstm,"LSTM (42 TimeSteps), Weighted Ensemble",DEEP_LEARNING,42,recency,12_16,POS,MARGINAL,243,92.42497181534902,0.18753597256610355,12.113386866255144,1.3465229999999995,0,0,66,0.2716049382716049,4.2152562568,22.700199836,18.569247351360634,0.9952903957722679,0.9844028115308233,0.9691982658000317,0.9830870900817532,-11.82705980876232
lstm_ts42_recency,lstm,"LSTM (42 TimeSteps), Weighted Ensemble",DEEP_LEARNING,42,recency,16_20,NEG,AVERAGE,243,1.3856927877441427,0.17605138450139443,0.7293202383127573,0.27824700000000013,0,0,213,0.8765432098765432,6.1681590447999985,6.763039946119999,91.20394222037255,0.9955788090498018,0.9997661572284382,0.9981454956920639,0.9978076405406984,-8.844525268458366
lstm_ts42_recency,lstm,"LSTM (42 TimeSteps), Weighted Ensemble",DEEP_LEARNING,42,recency,16_20,NEG,MARGINAL,243,3.9203386147262638,0.38216898492721935,1.718884598271605,0.6520329999999994,0,0,76,0.31275720164609055,3.3779976412400003,8.51464002216,39.67281802223586,0.9904025630790011,0.9993384227332085,0.9956292466259893,0.9950762023353956,9.128510488941224
lstm_ts42_recency,lstm,"LSTM (42 TimeSteps), Weighted Ensemble",DEEP_LEARNING,42,recency,16_20,POS,AVERAGE,243,19.408411015859937,0.18148555754928014,7.583326899176955,1.9298099999999998,0,0,190,0.7818930041152263,17.631238864,26.775799502,65.8476653990595,0.9954423402752496,0.9967247310055296,0.9807172327542338,0.9910062437343068,-9.942793306846145
lstm_ts42_recency,lstm,"LSTM (42 TimeSteps), Weighted Ensemble",DEEP_LEARNING,42,recency,16_20,POS,MARGINAL,243,33.873844394699006,0.2251240202375973,13.026895757201645,3.185917,0,0,93,0.38271604938271603,11.944625524,35.721719969999995,33.43799104307239,0.9943464444556026,0.9942836148627102,0.9668754094132166,0.9852602691259609,-23.069338706844473
lstm_ts42_recency,lstm,"LSTM (42 TimeSteps), Weighted Ensemble",DEEP_LEARNING,42,recency,20_24,NEG,AVERAGE,243,0.6218791750987109,0.17874200335805057,0.4070938438683128,0.26162629999999965,0,0,175,0.720164609053498,1.6631085813200002,2.23896007788,74.28040355658082,0.9955112393469382,0.9998950546967064,0.9989648480221327,0.9980975892751759,72.50809946025043
lstm_ts42_recency,lstm,"LSTM (42 TimeSteps), Weighted Ensemble",DEEP_LEARNING,42,recency,20_24,NEG,MARGINAL,243,1.7316115110115264,0.28954773420414764,0.9940731593827161,0.5714715999999997,0,0,80,0.3292181069958848,0.87099395124,3.17832013944,27.404223395616267,0.9927285671411257,0.9997077816680691,0.9974722860279542,0.9965971351676706,51.880001736738556
lstm_ts42_recency,lstm,"LSTM (42 TimeSteps), Weighted Ensemble",DEEP_LEARNING,42,recency,20_24,POS,AVERAGE,243,2.1128494784027523,0.08630049153418194,1.305657278600823,0.6387409999999996,0,0,220,0.9053497942386831,13.198848561199998,14.736639444000001,89.5648469337688,0.9978327296132934,0.9996434458039383,0.9966799947119868,0.998049863438775,-31.555093737063018
lstm_ts42_recency,lstm,"LSTM (42 TimeSteps), Weighted Ensemble",DEEP_LEARNING,42,recency,20_24,POS,MARGINAL,243,5.595048536386774,0.19708203993751647,3.4648037798353917,2.207116000000001,0,0,98,0.40329218106995884,8.909468815599999,17.5448000968,50.78125009372435,0.9950506647028872,0.9990558068365921,0.9911897501285263,0.9950982597974708,35.359000938311425
lstm_ts42_single,lstm,"LSTM (42 TimeSteps), Single",DEEP_LEARNING,42,single,00_04,NEG,AVERAGE,243,2.924727419843662,0.17920873972630652,1.5881832267489708,0.7100531999999999,0,0,151,0.6213991769547325,4.955004720400001,7.524480022400001,65.851789168809,0.9954995181633003,0.9995064372334416,0.9959615920674139,0.9969742858448043,14.7225167719468
lstm_ts42_single,lstm,"LSTM (42 TimeSteps), Single",DEEP_LEARNING,42,single,00_04,NEG,MARGINAL,243,6.832961436496509,0.27256804297962056,3.4125895855967086,1.4414612,0,0,82,0.3374485596707819,3.6818209100000003,10.4859602936,35.11190970508598,0.9931549793354497,0.9988469026797154,0.9913225195802216,0.9944286023198321,33.551885267941614
lstm_ts42_single,lstm,"LSTM (42 TimeSteps), Single",DEEP_LEARNING,42,single,00_04,POS,AVERAGE,243,0.8727356995385472,0.11940094982311,0.4993439534979424,0.31568200000000024,0,0,194,0.7983539094650206,2.8879278844000003,3.952759774,73.06105226520148,0.9970014754482159,0.9998527213704033,0.9987302758592767,0.9985128907381878,136.0739077645728
lstm_ts42_single,lstm,"LSTM (42 TimeSteps), Single",DEEP_LEARNING,42,single,00_04,POS,MARGINAL,243,2.6981802285604077,0.3538844221692672,1.710374314814815,1.0617302000000004,0,0,34,0.13991769547325103,0.687512072,4.755639994,14.456772860590927,0.991112875316817,0.9995446682349793,0.9956508864441422,0.995392910651828,216.63859877165822
lstm_ts42_single,lstm,"LSTM (42 TimeSteps), Single",DEEP_LEARNING,42,single,04_08,NEG,AVERAGE,243,1.2828869922432586,0.10703243671412047,0.7273087757201647,0.397065,0,0,213,0.8765432098765432,5.524831678000001,6.092240038,90.68637551276998,0.9973120867983042,0.9997835062341955,0.9981506104082711,0.9984043680034376,-11.643765227402783
lstm_ts42_single,lstm,"LSTM (42 TimeSteps), Single",DEEP_LEARNING,42,single,04_08,NEG,MARGINAL,243,4.624151649208637,0.20875255180904864,1.946676262962963,0.9516811999999999,0,0,89,0.3662551440329218,3.30662796,8.5739200904,38.56611590889852,0.9947575823075584,0.999219650670526,0.9950500214772956,0.9963265697933511,-5.98641767505997
lstm_ts42_single,lstm,"LSTM (42 TimeSteps), Single",DEEP_LEARNING,42,single,04_08,POS,AVERAGE,243,4.0539766473106305,0.17241353883823857,2.02971902962963,1.3570609999999999,0,0,131,0.5390946502057613,5.985780200400001,10.608559357599999,56.42406285931531,0.99567016652688,0.999315870629162,0.9948388616048058,0.9965989182563487,128.70543033729552
lstm_ts42_single,lstm,"LSTM (42 TimeSteps), Single",DEEP_LEARNING,42,single,04_08,POS,MARGINAL,243,20.62986544067053,0.24770897546601778,4.933904830041152,2.1364789999999996,0,0,96,0.3950617283950617,4.6719947436,14.250879974799998,32.78390353340667,0.99377926686737,0.9965186043008514,0.9874541425267094,0.9925959571880009,125.31046473338287
lstm_ts42_single,lstm,"LSTM (42 TimeSteps), Single",DEEP_LEARNING,42,single,08_12,NEG,AVERAGE,243,3.579282731088413,0.16819328151161703,1.9074397695473253,0.704739,0,0,197,0.8106995884773662,8.8508278484,11.115999961200002,79.62241705013942,0.9957761501495184,0.9993959776644261,0.9951497914305275,0.9967639948521712,-2.901275690915762
lstm_ts42_single,lstm,"LSTM (42 TimeSteps), Single",DEEP_LEARNING,42,single,08_12,NEG,MARGINAL,243,14.84347809346495,0.31478107559904517,4.850111836213992,1.678916,0,0,89,0.3662551440329218,6.26776679,15.3072399332,40.946420238738064,0.992094880442584,0.997495086870847,0.9876672100653078,0.9924158173394098,49.23281831762891
lstm_ts42_single,lstm,"LSTM (42 TimeSteps), Single",DEEP_LEARNING,42,single,08_12,POS,AVERAGE,243,7.616890897068688,0.1634754291644256,3.8006185946502056,1.5364259999999987,0,0,153,0.6296296296296297,10.852261423600002,17.7596800436,61.106176445508645,0.9958946299113268,0.9987146105588425,0.9903358453717029,0.9949908246269312,38.61496214989646
lstm_ts42_single,lstm,"LSTM (42 TimeSteps), Single",DEEP_LEARNING,42,single,08_12,POS,MARGINAL,243,16.24777687878663,0.19661230921285078,6.916389790946503,1.8348300000000002,0,0,79,0.32510288065843623,7.097161974,23.390960316799998,30.34147327804508,0.9950624610840108,0.9972581042416777,0.9824131101964905,0.9916127375331593,-10.596016194638695
lstm_ts42_single,lstm,"LSTM (42 TimeSteps), Single",DEEP_LEARNING,42,single,12_16,NEG,AVERAGE,243,5.7045801420049695,0.1335978744732409,3.203681630452675,1.1344584999999996,0,0,210,0.8641975308641975,19.5121064504,23.0065598792,84.8110562937343,0.99664494706895,0.9990373228158497,0.9918537275221169,0.995853328614972,-21.81637030221126
lstm_ts42_single,lstm,"LSTM (42 TimeSteps), Single",DEEP_LEARNING,42,single,12_16,NEG,MARGINAL,243,27.81009377802105,0.2231271093808822,7.462296813991769,1.6298127,0,0,111,0.4567901234567901,14.938040052,30.050999984800004,49.70896163041416,0.994396593020086,0.9953069039083089,0.9810249861972001,0.9902843653616473,-33.832947798725385
lstm_ts42_single,lstm,"LSTM (42 TimeSteps), Single",DEEP_LEARNING,42,single,12_16,POS,AVERAGE,243,15.411463671429884,0.13180062691683594,3.2993234094650203,0.564095599999999,0,0,201,0.8271604938271605,8.653832888,12.4003592852,69.78695285328119,0.9966900814747609,0.9973992363887393,0.9916105310744119,0.9952478509642586,-25.596194852915065
lstm_ts42_single,lstm,"LSTM (42 TimeSteps), Single",DEEP_LEARNING,42,single,12_16,POS,MARGINAL,243,92.24428604947792,0.22728361549966183,12.537896558847738,1.4746270000000017,0,0,70,0.2880658436213992,4.1396359700000005,22.700199836,18.236121267245395,0.9942922103860679,0.9844333031813874,0.9681188290693372,0.9824015551740022,-3.438561186563878
lstm_ts42_single,lstm,"LSTM (42 TimeSteps), Single",DEEP_LEARNING,42,single,16_20,NEG,AVERAGE,243,1.4210930084891455,0.2007966814582118,0.8649418970781892,0.33478600000000114,0,0,178,0.7325102880658436,5.108427560280001,6.763039946119999,75.53448746389174,0.9949573786459723,0.9997601832594559,0.9978006390197579,0.9974805800917712,9.678008256958698
lstm_ts42_single,lstm,"LSTM (42 TimeSteps), Single",DEEP_LEARNING,42,single,16_20,NEG,MARGINAL,243,4.187035162852297,0.4570579799646724,1.9766013706995884,0.7634410000000003,0,0,40,0.1646090534979424,1.91892140492,8.51464002216,22.536729678833876,0.9885218704160792,0.9992934163215916,0.9949739283726514,0.9942056596905672,27.774482543349617
lstm_ts42_single,lstm,"LSTM (42 TimeSteps), Single",DEEP_LEARNING,42,single,16_20,POS,AVERAGE,243,17.775530128746663,0.23689117847569768,8.280455325102881,3.006813000000001,0,0,123,0.5061728395061729,13.896306638000002,26.775799502,51.89875520602859,0.9940509349731911,0.9970002880378315,0.9789445852927356,0.9900391260899721,40.31701557596973
lstm_ts42_single,lstm,"LSTM (42 TimeSteps), Single",DEEP_LEARNING,42,single,16_20,POS,MARGINAL,243,35.70476209461442,0.24110863378710856,14.168379613168723,3.447572000000001,0,0,104,0.4279835390946502,12.55893099,35.721719969999995,35.15768837711989,0.9939450217177601,0.9939746381016009,0.9639728617844441,0.9840639823464334,-16.751128853712487
lstm_ts42_single,lstm,"LSTM (42 TimeSteps), Single",DEEP_LEARNING,42,single,20_24,NEG,AVERAGE,243,0.6535699482657467,0.18558160462440415,0.42185796572016465,0.2530416000000002,0,0,176,0.7242798353909465,1.76004064148,2.23896007788,78.60973756827886,0.9953394759534983,0.9998897067160458,0.9989273060396965,0.9980250360335845,66.84762006106038
lstm_ts42_single,lstm,"LSTM (42 TimeSteps), Single",DEEP_LEARNING,42,single,20_24,NEG,MARGINAL,243,1.6722538447923312,0.31426596730691225,0.9784799969958848,0.6296992000000001,0,0,61,0.25102880658436216,0.95442121028,3.17832013944,30.029108724338982,0.9921078163937893,0.9997177985789637,0.9975119360819382,0.996402470011986,67.35515043901209
lstm_ts42_single,lstm,"LSTM (42 TimeSteps), Single",DEEP_LEARNING,42,single,20_24,POS,AVERAGE,243,1.9525917621791413,0.09273212123187716,1.2955440740740738,0.7622604000000006,0,0,184,0.757201646090535,11.110054794799998,14.736639444000001,75.39069431004802,0.9976712116388962,0.9996704901162543,0.9967057104132339,0.9980123581319558,-18.319253616177875
lstm_ts42_single,lstm,"LSTM (42 TimeSteps), Single",DEEP_LEARNING,42,single,20_24,POS,MARGINAL,243,5.6497896395748874,0.2362635976790905,3.7385142625514405,2.3401050000000048,0,0,87,0.35802469135802467,8.598183800400001,17.5448000968,49.00702061557388,0.9940666954544071,0.9990465689944088,0.990493763314149,0.9945309861163225,43.51501003605962
