MODEL,MODEL_BASE,MODEL_NAME,MODEL_GROUP,LOOKBACK,STRATEGY,PRODUCT,PRODUCT_SIGN,PRICE_TYPE,N_OBSERVATIONS,RMSE,MAPE,MAE,MED_MAE,ZERO_COUNT,NEGATIVE_COUNT,ACCEPTANCE,CHANCE_OF_ACCEPTANCE,REVENUE,MAX_REVENUE,ACHIEVED_REVENUE_PERCENTAGE,MAPE_NORM,RMSE_NORM,MAE_NORM,COMBINED_SCORE,MAE_vs_BEST_STATISTICAL
rw_arma_12m,rw_arma_12m,RW-ARMA (12 Months),STATISTICAL_ROLLING,,,00_04,NEG,AVERAGE,243,3.8683817455778327,0.20252008178715625,2.0444390463172786,0.7254185347580968,0,0,166,0.6831275720164609,4.391140483190156,7.52448,58.35805907106081,0.9949140987708411,0.9993471907216045,0.9948014317723042,0.996339839005076,17.205077056855515
rw_arma_12m,rw_arma_12m,RW-ARMA (12 Months),STATISTICAL_ROLLING,,,00_04,NEG,MARGINAL,243,8.737589901262949,0.2935647027132453,4.298042945908978,1.6178805881557992,0,0,77,0.3168724279835391,2.9768908159318044,10.485959999999999,28.38930165604107,0.9926276887250316,0.9985254868486338,0.9890710023660901,0.9934002556073697,49.89720339792232
rw_arma_12m,rw_arma_12m,RW-ARMA (12 Months),STATISTICAL_ROLLING,,,00_04,POS,AVERAGE,243,0.964966032707267,0.06214551636970419,0.3008093791128152,0.15090211064114722,0,0,210,0.8641975308641975,3.363388920098979,3.9527600000000005,85.08963155109286,0.9984393352239331,0.9998371570282049,0.9992351065277951,0.9991632209496173,12.84790057392415
rw_arma_12m,rw_arma_12m,RW-ARMA (12 Months),STATISTICAL_ROLLING,,,00_04,POS,MARGINAL,243,2.350004406877045,0.1422434256751146,0.8806255408767075,0.4258897841500042,0,0,65,0.2674897119341564,1.1693080924317203,4.75564,24.587817673998043,0.9964278307262331,0.9996034246922932,0.997760758891029,0.9979156430294156,27.01262946501971
rw_arma_12m,rw_arma_12m,RW-ARMA (12 Months),STATISTICAL_ROLLING,,,04_08,NEG,AVERAGE,243,2.3799943145025284,0.1752982680943048,1.2577074327868536,0.5802330654245993,0,0,174,0.7160493827160493,4.24843778339892,6.09224,69.73523340181805,0.9955977221157394,0.9995983637414245,0.9968019208439595,0.9973153194325282,29.115406675178264
rw_arma_12m,rw_arma_12m,RW-ARMA (12 Months),STATISTICAL_ROLLING,,,04_08,NEG,MARGINAL,243,6.521110832124296,0.3118383875210412,3.245570819582677,1.424991782537409,0,0,79,0.32510288065843623,2.5834972974584605,8.57392,30.132043423060406,0.9921687803777454,0.998899529070128,0.9917472123349376,0.9942508099921051,40.77044104679567
rw_arma_12m,rw_arma_12m,RW-ARMA (12 Months),STATISTICAL_ROLLING,,,04_08,POS,AVERAGE,243,4.148186340558863,0.14174616799942188,1.8600395723529077,0.9156781916537948,0,0,155,0.6378600823045267,6.4272001902693505,10.60856,60.58503878254305,0.9964403183936372,0.9992999722597891,0.9952703199244268,0.996997904674628,54.319205159280045
rw_arma_12m,rw_arma_12m,RW-ARMA (12 Months),STATISTICAL_ROLLING,,,04_08,POS,MARGINAL,243,20.78943972636634,0.212484199526883,4.811925711696947,1.6225055941312352,0,0,91,0.37448559670781895,4.278910030471203,14.25088,30.025584598784093,0.9946638691728044,0.9964916753209453,0.9877643091566262,0.9929901903963521,71.10745738489457
rw_arma_12m,rw_arma_12m,RW-ARMA (12 Months),STATISTICAL_ROLLING,,,08_12,NEG,AVERAGE,243,4.6043610496204606,0.20489579811460878,2.436201980090324,1.2569071428808805,0,0,154,0.6337448559670782,6.265716245539115,11.116,56.366644886102144,0.9948544372376079,0.9992229904358041,0.9938052629973192,0.9959498322937175,73.17628249424163
rw_arma_12m,rw_arma_12m,RW-ARMA (12 Months),STATISTICAL_ROLLING,,,08_12,NEG,MARGINAL,243,18.130220116036256,0.32897543507302063,6.048793952594935,2.0309181713137985,0,0,85,0.3497942386831276,4.698268594195175,15.307240000000002,30.693113808858907,0.9917384164827694,0.9969404322816302,0.9846192195778682,0.9911057467177762,80.52102813818156
rw_arma_12m,rw_arma_12m,RW-ARMA (12 Months),STATISTICAL_ROLLING,,,08_12,POS,AVERAGE,243,8.781019600967376,0.1962984530235797,4.436547320065061,2.0341553581484995,0,0,150,0.6172839506172839,10.25060117181211,17.75968,57.71838891135488,0.995070342976832,0.9985181578638569,0.9887188155693345,0.9941121178450761,83.51965403915553
rw_arma_12m,rw_arma_12m,RW-ARMA (12 Months),STATISTICAL_ROLLING,,,08_12,POS,MARGINAL,243,18.2344252573674,0.285440906694538,8.686119103147686,3.5222539831679516,0,0,75,0.30864197530864196,6.3193961283317,23.39096,27.016403466688416,0.9928317021926956,0.9969228471290803,0.9779130696642949,0.9892586312873304,71.62545743721046
rw_arma_12m,rw_arma_12m,RW-ARMA (12 Months),STATISTICAL_ROLLING,,,12_16,NEG,AVERAGE,243,7.906394477529033,0.22569364375787368,5.033259987118922,2.494178357220095,0,0,152,0.6255144032921811,14.27491413389525,23.006559999999997,62.047147134970416,0.9943321394595925,0.9986657553434363,0.9872015037582547,0.9934091229198196,71.89162678153059
rw_arma_12m,rw_arma_12m,RW-ARMA (12 Months),STATISTICAL_ROLLING,,,12_16,NEG,MARGINAL,243,27.76767081246814,0.3183350203748023,9.50995205780014,3.2861715068181105,0,0,91,0.37448559670781895,11.50819910256358,30.051000000000005,38.295561221136,0.9920056299744631,0.9953140630015297,0.9758182398718882,0.9877555741395454,33.41182188233971
rw_arma_12m,rw_arma_12m,RW-ARMA (12 Months),STATISTICAL_ROLLING,,,12_16,POS,AVERAGE,243,16.25196999400849,0.1544616872845834,3.780795616910025,0.8836753309781464,0,0,169,0.6954732510288066,7.083103590769716,12.400360000000001,57.12014482458344,0.9961209926527471,0.9972573966319581,0.9903862509352457,0.9946035411991113,16.556142503830745
rw_arma_12m,rw_arma_12m,RW-ARMA (12 Months),STATISTICAL_ROLLING,,,12_16,POS,MARGINAL,243,93.64298281160752,0.2360275000162918,13.421020209063336,1.9009478721595983,0,0,77,0.3168724279835391,3.952735120579843,22.700200000000006,17.412776630073047,0.9940726245918181,0.9841972659223904,0.9658732358062817,0.9815079579316801,24.47775718542413
rw_arma_12m,rw_arma_12m,RW-ARMA (12 Months),STATISTICAL_ROLLING,,,16_20,NEG,AVERAGE,243,2.5192707978128674,0.19257569265097058,1.3717655033951301,0.4339488721471725,0,0,166,0.6831275720164609,3.9914158769142536,6.76304,59.01807289198724,0.9951638329230528,0.9995748601198723,0.9965118957326486,0.99706433262517,42.164391529082266
rw_arma_12m,rw_arma_12m,RW-ARMA (12 Months),STATISTICAL_ROLLING,,,16_20,NEG,MARGINAL,243,5.732359203874528,0.2825255819645885,2.493333021865804,0.830133909096318,0,0,80,0.3292181069958848,2.8078924282278184,8.51464,32.97723013806595,0.9929049149501495,0.9990326349565518,0.9936599910611741,0.9951762376689005,38.936644320216004
rw_arma_12m,rw_arma_12m,RW-ARMA (12 Months),STATISTICAL_ROLLING,,,16_20,POS,AVERAGE,243,22.784151513666078,0.2146833661007717,9.112322193669499,3.0959936458352857,0,0,166,0.6831275720164609,14.20581130751477,26.775800000000004,53.05466618183124,0.9946086413460992,0.996155057466732,0.9768293269873373,0.9892517849275166,44.478751630305226
rw_arma_12m,rw_arma_12m,RW-ARMA (12 Months),STATISTICAL_ROLLING,,,16_20,POS,MARGINAL,243,39.85501081387187,0.29733081004715933,16.255127666361606,5.914096930363279,0,0,94,0.3868312757201646,10.217801396604198,35.721720000000005,28.603889724806635,0.9925331102034861,0.9932742623243971,0.958666710863449,0.9816017786211746,42.8082990877252
rw_arma_12m,rw_arma_12m,RW-ARMA (12 Months),STATISTICAL_ROLLING,,,20_24,NEG,AVERAGE,243,0.8929788248727307,0.1472175644656177,0.43671450728499267,0.17117642239669717,0,0,202,0.831275720164609,1.736244586403343,2.23896,77.5469229643827,0.9963029148247314,0.9998493052390824,0.9988895290538325,0.9983268063570707,12.868313698046856
rw_arma_12m,rw_arma_12m,RW-ARMA (12 Months),STATISTICAL_ROLLING,,,20_24,NEG,MARGINAL,243,2.20193199740677,0.25933198109101774,1.076782997245964,0.4474473499669043,0,0,89,0.3662551440329218,1.0586371966810197,3.17832,33.30807460170844,0.9934873774997919,0.9996284126715399,0.9972619727217159,0.9967595355297036,18.91807797635529
rw_arma_12m,rw_arma_12m,RW-ARMA (12 Months),STATISTICAL_ROLLING,,,20_24,POS,AVERAGE,243,3.241622587018813,0.13445848982198175,2.0504605863504333,1.3276432999160956,0,0,150,0.6172839506172839,8.6054151508594,14.73664,58.39468936514294,0.9966233343744392,0.9994529595471592,0.9947861202927301,0.9969508300344729,42.264894868770845
rw_arma_12m,rw_arma_12m,RW-ARMA (12 Months),STATISTICAL_ROLLING,,,20_24,POS,MARGINAL,243,8.007441655568222,0.20173938899723817,3.9590667987794723,2.292702638736751,0,0,79,0.32510288065843623,5.699211317664789,17.544799999999995,32.483763380972086,0.9949337043644435,0.9986487031134037,0.9899329457102013,0.9945094035957005,40.60789674309678
rw_arma_3m,rw_arma_3m,RW-ARMA (3 Months),STATISTICAL_ROLLING,,,00_04,NEG,AVERAGE,243,3.8619484588758612,0.2056939348737271,2.0716310445851143,0.7634361251111925,0,0,167,0.6872427983539094,4.368346192436115,7.52448,58.05512397449545,0.9948343935723654,0.9993482763717616,0.9947322883764679,0.9962902801815199,23.347537434348396
rw_arma_3m,rw_arma_3m,RW-ARMA (3 Months),STATISTICAL_ROLLING,,,00_04,NEG,MARGINAL,243,8.908233118783635,0.31076437482023134,4.472193692547559,1.8065418989105435,0,0,76,0.31275720164609055,2.6407785419018985,10.485959999999999,25.18394636162925,0.9921957521351482,0.9984966899296587,0.9886281745205079,0.9930977609945054,67.37673994626444
rw_arma_3m,rw_arma_3m,RW-ARMA (3 Months),STATISTICAL_ROLLING,,,00_04,POS,AVERAGE,243,1.0784662619554661,0.06746118303195242,0.34497030000079826,0.15481605020978906,0,0,214,0.8806584362139918,3.336162551464445,3.9527600000000005,84.40083767960729,0.9983058425086787,0.9998180032818514,0.9991228148159695,0.9990744564252316,15.774830233276482
rw_arma_3m,rw_arma_3m,RW-ARMA (3 Months),STATISTICAL_ROLLING,,,00_04,POS,MARGINAL,243,2.4230141423099214,0.1440090870101198,0.9081595879230354,0.34612571582567986,0,0,81,0.3333333333333333,1.3599237810211717,4.75564,28.59602032578521,0.9963834895474486,0.9995911039246342,0.9976907457388087,0.9978733968350687,3.2246814283707894
rw_arma_3m,rw_arma_3m,RW-ARMA (3 Months),STATISTICAL_ROLLING,,,04_08,NEG,AVERAGE,243,2.5390199960867097,0.18357982535156994,1.3981575081448245,0.580563210924395,0,0,170,0.6995884773662552,3.991990710974843,6.09224,65.52582811863688,0.9953897467788622,0.9995715273412786,0.9964447865480515,0.9971178974882922,29.188871758449427
rw_arma_3m,rw_arma_3m,RW-ARMA (3 Months),STATISTICAL_ROLLING,,,04_08,NEG,MARGINAL,243,6.683444511699051,0.31537808565956527,3.3575422098400844,1.4039041884566608,0,0,81,0.3333333333333333,2.4825899003998355,8.57392,28.955132546138014,0.9920798876864393,0.9988721344283392,0.9914624932023953,0.9941175889315319,38.68726417817061
rw_arma_3m,rw_arma_3m,RW-ARMA (3 Months),STATISTICAL_ROLLING,,,04_08,POS,AVERAGE,243,4.119932688661701,0.15040275670071424,1.8895182109201425,1.0242219799139125,0,0,156,0.6419753086419753,6.6457491630778955,10.60856,62.64515790152381,0.9962229248654118,0.9993047402085904,0.9951953620947339,0.996900828214337,72.61208499627375
rw_arma_3m,rw_arma_3m,RW-ARMA (3 Months),STATISTICAL_ROLLING,,,04_08,POS,MARGINAL,243,20.78500969158472,0.2287683558924577,4.919524661779994,1.7842443134237076,0,0,84,0.345679012345679,4.037592872755089,14.25088,28.33223543216341,0.9942549239949008,0.9964924229120569,0.9874907081978483,0.992761107424535,88.1642250896879
rw_arma_3m,rw_arma_3m,RW-ARMA (3 Months),STATISTICAL_ROLLING,,,08_12,NEG,AVERAGE,243,4.47913759619486,0.2117477595669427,2.458856135209556,1.208633136257263,0,0,150,0.6172839506172839,6.3667209162379885,11.116,57.27528711980918,0.9946823634419376,0.9992441225364201,0.9937476583593916,0.9958792912658767,66.5251045965497
rw_arma_3m,rw_arma_3m,RW-ARMA (3 Months),STATISTICAL_ROLLING,,,08_12,NEG,MARGINAL,243,18.00860824057182,0.33407268736996043,6.32536597825277,2.707662320760009,0,0,88,0.36213991769547327,4.535515251503196,15.307240000000002,29.62986960094175,0.9916104088230174,0.9969609549099249,0.9839159564760193,0.9908369197571876,140.67438703274485
rw_arma_3m,rw_arma_3m,RW-ARMA (3 Months),STATISTICAL_ROLLING,,,08_12,POS,AVERAGE,243,8.443768139264243,0.2053052628086283,4.500556680515504,2.321648994034419,0,0,148,0.6090534979423868,10.092574404259667,17.75968,56.828582520966975,0.9948441543216017,0.9985750707793425,0.9885560535500352,0.9940002834980391,109.45706948035665
rw_arma_3m,rw_arma_3m,RW-ARMA (3 Months),STATISTICAL_ROLLING,,,08_12,POS,MARGINAL,243,18.26252823966011,0.29731827202685246,8.856232239651806,3.858408123354078,0,0,78,0.32098765432098764,6.3694921610455735,23.39096,27.230571815118203,0.9925334250716826,0.9969181046065482,0.9774805085917909,0.9890129068798241,88.00491455602015
rw_arma_3m,rw_arma_3m,RW-ARMA (3 Months),STATISTICAL_ROLLING,,,12_16,NEG,AVERAGE,243,7.732171037374059,0.23139274965438328,5.165656145589211,2.4789636217778757,0,0,167,0.6872427983539094,15.032001442685788,23.006559999999997,65.33789250842277,0.994189017407555,0.9986951564433606,0.9868648488385923,0.9932590676616131,70.84307080371006
rw_arma_3m,rw_arma_3m,RW-ARMA (3 Months),STATISTICAL_ROLLING,,,12_16,NEG,MARGINAL,243,27.756701645116618,0.3163158485393774,9.939802449102617,4.108390681242,0,0,96,0.3950617283950617,10.519352588515384,30.051000000000005,35.00500012816673,0.9920563375804893,0.9953159141048319,0.9747252228944865,0.9874127299871415,66.79223365296488
rw_arma_3m,rw_arma_3m,RW-ARMA (3 Months),STATISTICAL_ROLLING,,,12_16,POS,AVERAGE,243,16.1341670078442,0.1655319068167979,3.826313045881514,1.012708634580747,0,0,163,0.6707818930041153,6.9742166125893945,12.400360000000001,56.24204952589598,0.9958429854416642,0.9972772764906299,0.9902705099154858,0.9944773845641841,33.57554272381573
rw_arma_3m,rw_arma_3m,RW-ARMA (3 Months),STATISTICAL_ROLLING,,,12_16,POS,MARGINAL,243,93.49946718631716,0.24938946579324356,13.482052163074707,1.9159202927371703,0,0,75,0.30864197530864196,4.064687770494963,22.700200000000006,17.905955764684727,0.9937370645941662,0.9842214849209139,0.9657180446903768,0.9813506467337425,25.45818035242857
rw_arma_3m,rw_arma_3m,RW-ARMA (3 Months),STATISTICAL_ROLLING,,,16_20,NEG,AVERAGE,243,2.53865297640661,0.2184170022490871,1.5300978643697922,0.4926879711721801,0,0,149,0.6131687242798354,3.669021791117459,6.76304,54.25107335040838,0.9945148782757489,0.9995715892777338,0.9961092906353425,0.9967097489850698,61.40769139189337
rw_arma_3m,rw_arma_3m,RW-ARMA (3 Months),STATISTICAL_ROLLING,,,16_20,NEG,MARGINAL,243,5.65146148512705,0.29640723748753295,2.618210166996716,0.9141063730859571,0,0,79,0.32510288065843623,2.709308369352652,8.51464,31.819411852440645,0.9925563039469153,0.9990462868618892,0.9933424553732246,0.9949574282795388,52.990825500118824
rw_arma_3m,rw_arma_3m,RW-ARMA (3 Months),STATISTICAL_ROLLING,,,16_20,POS,AVERAGE,243,21.212545545557525,0.22469461214792524,8.851488506847803,3.136903685167919,0,0,150,0.6172839506172839,13.768154049363297,26.775800000000004,51.42014075905592,0.9943572282115235,0.9964202740418893,0.9774925708827552,0.9894726964170507,46.38787422165049
rw_arma_3m,rw_arma_3m,RW-ARMA (3 Months),STATISTICAL_ROLLING,,,16_20,POS,MARGINAL,243,38.29759760715541,0.3208141465182214,16.33325244912459,5.758597169962282,0,0,96,0.3950617283950617,10.744126911989577,35.721720000000005,30.077294463955194,0.9919433715031609,0.993537083798209,0.9584680563649455,0.9814224425649157,39.05343058406491
rw_arma_3m,rw_arma_3m,RW-ARMA (3 Months),STATISTICAL_ROLLING,,,20_24,NEG,AVERAGE,243,0.9730391695439627,0.15762182357410254,0.4902239094185472,0.1736951821625723,0,0,201,0.8271604938271605,1.6115979869797337,2.23896,71.97975787775277,0.9960416319251721,0.9998357946449192,0.9987534661673818,0.9981886109226179,14.529104146897234
rw_arma_3m,rw_arma_3m,RW-ARMA (3 Months),STATISTICAL_ROLLING,,,20_24,NEG,MARGINAL,243,2.285914431916185,0.2711356185657562,1.1476572039115667,0.4644487725941504,0,0,84,0.345679012345679,0.9480616754895878,3.17832,29.8290189625207,0.9931909519117141,0.999614240204582,0.9970817548768265,0.9965946020268477,23.43654590748812
rw_arma_3m,rw_arma_3m,RW-ARMA (3 Months),STATISTICAL_ROLLING,,,20_24,POS,AVERAGE,243,3.1986335428974977,0.13463970916797563,2.03531565543097,1.2861875063775994,0,0,153,0.6296296296296297,8.715486340320105,14.73664,59.141611251412165,0.9966187834001041,0.9994602141690443,0.9948246305906187,0.9969643851267241,37.82265943563277
rw_arma_3m,rw_arma_3m,RW-ARMA (3 Months),STATISTICAL_ROLLING,,,20_24,POS,MARGINAL,243,7.88759587956939,0.19466042065476682,3.9125253158867457,2.2743101738331326,0,0,86,0.35390946502057613,5.9657219773427315,17.544799999999995,34.00279272116372,0.995111479000304,0.998668927703347,0.9900512906785542,0.9946155749261307,39.47991539814404
rw_arma_6m,rw_arma_6m,RW-ARMA (6 Months),STATISTICAL_ROLLING,,,00_04,NEG,AVERAGE,243,3.9114201518499696,0.19951931336253464,2.0747222683028044,0.6857408895198782,0,0,175,0.720164609053498,4.72611759835821,7.52448,62.80988983103432,0.9949894572818813,0.999339927769603,0.9947244280602445,0.9963376528996893,10.79440343224135
rw_arma_6m,rw_arma_6m,RW-ARMA (6 Months),STATISTICAL_ROLLING,,,00_04,NEG,MARGINAL,243,8.815698736262576,0.3033899764165775,4.347586498499904,1.8043227267885529,0,0,79,0.32510288065843623,2.9729645364171122,10.485959999999999,28.351858450891594,0.9923809459271637,0.9985123055817461,0.9889450237809861,0.9932704403049374,67.1711328715642
rw_arma_6m,rw_arma_6m,RW-ARMA (6 Months),STATISTICAL_ROLLING,,,00_04,POS,AVERAGE,243,0.9311676885025306,0.06067427345514728,0.2917415467272259,0.1463702842072423,0,0,213,0.8765432098765432,3.367819645598141,3.9527600000000005,85.20172349442265,0.9984762826519684,0.9998428606722976,0.9992581640728067,0.9991852742675537,9.45890159532314
rw_arma_6m,rw_arma_6m,RW-ARMA (6 Months),STATISTICAL_ROLLING,,,00_04,POS,MARGINAL,243,2.3105002831834014,0.14833506089834084,0.9150611973785265,0.45350105806442986,0,0,69,0.2839506172839506,1.2477794704993304,4.75564,26.23788744520886,0.9962748510572739,0.999610091215966,0.9976731964322153,0.9978369342833731,35.247108509285546
rw_arma_6m,rw_arma_6m,RW-ARMA (6 Months),STATISTICAL_ROLLING,,,04_08,NEG,AVERAGE,243,2.4928039811090366,0.18037612950955217,1.365564210637836,0.6042892599045464,0,0,168,0.691358024691358,3.980220793796935,6.09224,65.33263288703228,0.9954702014205796,0.9995793265310619,0.9965276642846908,0.9971751754521955,34.46847170786929
rw_arma_6m,rw_arma_6m,RW-ARMA (6 Months),STATISTICAL_ROLLING,,,04_08,NEG,MARGINAL,243,6.557586974399866,0.3047778276991379,3.2555048788943854,1.4193540777034634,0,0,80,0.3292181069958848,2.5909702105464265,8.57392,30.219202074971857,0.9923460927191186,0.9988933735338641,0.9917219521613937,0.9943007290039354,40.2135099783561
rw_arma_6m,rw_arma_6m,RW-ARMA (6 Months),STATISTICAL_ROLLING,,,04_08,POS,AVERAGE,243,4.103753410795041,0.14603667971548473,1.8588401923171365,1.016485085268089,0,0,158,0.6502057613168725,6.656799181411293,10.60856,62.7493192423033,0.9963325704675161,0.9993074705447887,0.9952733696895729,0.9969647512362949,71.30818648364432
rw_arma_6m,rw_arma_6m,RW-ARMA (6 Months),STATISTICAL_ROLLING,,,04_08,POS,MARGINAL,243,20.728663905185964,0.2227846881848575,4.827592266122509,1.7677086517243659,0,0,85,0.3497942386831276,4.19351003148662,14.25088,29.42632336730518,0.9944051922679551,0.9965019315527699,0.9877244724824925,0.9928924787027413,86.42039441213258
rw_arma_6m,rw_arma_6m,RW-ARMA (6 Months),STATISTICAL_ROLLING,,,08_12,NEG,AVERAGE,243,4.672891773816808,0.2065530622085192,2.4276236264823314,1.0684426570972687,0,0,149,0.6131687242798354,6.4701582630169385,11.116,58.20581380907646,0.9948128182464546,0.9992114255242848,0.9938270759032078,0.9959390636748673,47.20970316890809
rw_arma_6m,rw_arma_6m,RW-ARMA (6 Months),STATISTICAL_ROLLING,,,08_12,NEG,MARGINAL,243,18.123977992615433,0.34949689228309794,6.387811499516273,2.4235584312470095,0,0,78,0.32098765432098764,4.359713070169042,15.307240000000002,28.48137920467074,0.9912230596671497,0.9969414856720022,0.9837571709630017,0.9906463969763823,115.42141182313034
rw_arma_6m,rw_arma_6m,RW-ARMA (6 Months),STATISTICAL_ROLLING,,,08_12,POS,AVERAGE,243,8.493934600438928,0.2068445240712437,4.498444877770977,2.1436296181451766,0,0,134,0.551440329218107,9.607244550318358,17.75968,54.09582014044373,0.99480549874395,0.9985666049314834,0.9885614234096408,0.993986118925514,93.39632262314677
rw_arma_6m,rw_arma_6m,RW-ARMA (6 Months),STATISTICAL_ROLLING,,,08_12,POS,MARGINAL,243,18.348982713043526,0.3101060390691423,9.130772261169675,4.048709642090117,0,0,76,0.31275720164609055,6.20007269867147,23.39096,26.506277205687457,0.9922122849677252,0.9969035149703397,0.9767824124388806,0.9886685329340693,97.27755229314701
rw_arma_6m,rw_arma_6m,RW-ARMA (6 Months),STATISTICAL_ROLLING,,,12_16,NEG,AVERAGE,243,7.691278192024742,0.23606717315785736,5.097623549761508,2.430421727958775,0,0,161,0.6625514403292181,14.518392012299973,23.006559999999997,63.10544476140707,0.9940716282773902,0.998702057320942,0.9870378410790578,0.9932785200863126,67.49770254988505
rw_arma_6m,rw_arma_6m,RW-ARMA (6 Months),STATISTICAL_ROLLING,,,12_16,NEG,MARGINAL,243,27.74139760387997,0.3302376917785141,9.97886618484391,4.310073218360415,0,0,85,0.3497942386831276,9.988290901822765,30.051000000000005,33.237798748203936,0.9917067173402778,0.9953184967403558,0.9746258922268173,0.9872619322548616,74.98013092582309
rw_arma_6m,rw_arma_6m,RW-ARMA (6 Months),STATISTICAL_ROLLING,,,12_16,POS,AVERAGE,243,16.14800031332653,0.15986287840015537,3.7902770522907283,1.0349745771824832,0,0,164,0.6748971193415638,7.0071439099040145,12.400360000000001,56.5075845370942,0.9959853521558087,0.9972749420493148,0.9903621416868864,0.9945552573659215,36.5124045868683
rw_arma_6m,rw_arma_6m,RW-ARMA (6 Months),STATISTICAL_ROLLING,,,12_16,POS,MARGINAL,243,93.52062837537278,0.2463975998001083,13.394192200961683,2.011443534634898,0,0,65,0.2674897119341564,3.605542471626597,22.700200000000006,15.883307070539452,0.9938121995378107,0.9842179138616272,0.9659414536535103,0.981448739122851,31.713227681528387
rw_arma_6m,rw_arma_6m,RW-ARMA (6 Months),STATISTICAL_ROLLING,,,16_20,NEG,AVERAGE,243,2.5108152908052674,0.2028017599476788,1.4040054336642869,0.45224006654559723,0,0,163,0.6707818930041153,4.0304806014212184,6.76304,59.5956936735731,0.9949070249671462,0.9995762870300873,0.996429916532798,0.996950435664582,48.1567023493079
rw_arma_6m,rw_arma_6m,RW-ARMA (6 Months),STATISTICAL_ROLLING,,,16_20,NEG,MARGINAL,243,5.726577029241758,0.30514564615510503,2.626104933526493,1.005758713647733,0,0,74,0.3045267489711934,2.6735959182141142,8.51464,31.39998776476885,0.9923368556680527,0.9990336107282046,0.9933223806820664,0.9948720080925273,68.33036108855038
rw_arma_6m,rw_arma_6m,RW-ARMA (6 Months),STATISTICAL_ROLLING,,,16_20,POS,AVERAGE,243,21.814814291610702,0.21767154863065136,8.864810920823297,3.120223583473141,0,0,155,0.6378600823045267,13.905103064744187,26.775800000000004,51.93160639362478,0.9945335989055295,0.9963186380991697,0.9774586948529788,0.9894879435020891,45.609474604077036
rw_arma_6m,rw_arma_6m,RW-ARMA (6 Months),STATISTICAL_ROLLING,,,16_20,POS,MARGINAL,243,38.290961358583885,0.31801371438287274,16.29403712529855,5.83279619219293,0,0,91,0.37448559670781895,10.471323730071822,35.721720000000005,29.31360452428332,0.9920136989547087,0.9935382036992235,0.95856777248847,0.9814796297865398,40.84512190794726
rw_arma_6m,rw_arma_6m,RW-ARMA (6 Months),STATISTICAL_ROLLING,,,20_24,NEG,AVERAGE,243,0.9517427195049071,0.1497933762181195,0.4661536029469094,0.1777584209039973,0,0,205,0.8436213991769548,1.726011281306707,2.23896,77.08986678219829,0.9962382282808464,0.9998393885301914,0.9988146717732324,0.9982768375156176,17.208275135962506
rw_arma_6m,rw_arma_6m,RW-ARMA (6 Months),STATISTICAL_ROLLING,,,20_24,NEG,MARGINAL,243,2.299289114489387,0.27741594066489095,1.1533115992989422,0.45151014566993153,0,0,81,0.3333333333333333,0.927011433024178,3.17832,29.16671175413986,0.9930332337358095,0.9996119831582371,0.9970673769670225,0.996535488311511,19.997847151992
rw_arma_6m,rw_arma_6m,RW-ARMA (6 Months),STATISTICAL_ROLLING,,,20_24,POS,AVERAGE,243,3.1846605996441686,0.1281643481597317,1.9830348926662733,1.2246431570217293,0,0,154,0.6337448559670782,8.622703783492002,14.73664,58.51200669550184,0.9967813996020158,0.9994625721749502,0.9949575693117401,0.9970643225552932,31.22781548060879
rw_arma_6m,rw_arma_6m,RW-ARMA (6 Months),STATISTICAL_ROLLING,,,20_24,POS,MARGINAL,243,7.9921743298724,0.19477172266146284,3.9361970644768784,2.204360774031679,0,0,82,0.3374485596707819,5.700906419606022,17.544799999999995,32.49342494417732,0.9951086838650874,0.9986512795529916,0.9899910985195675,0.9945889372780743,35.19002720316051
rw_armax_exog_1_12m,rw_armax_exog_1_12m,RW-ARMAX (Exog. 1) (12 Months),STATISTICAL_ROLLING,,,00_04,NEG,AVERAGE,243,3.5896866778722307,0.1839020197103187,1.7945990770932267,0.6800046679064131,0,0,171,0.7037037037037037,4.907782958163345,7.52448,65.22421427345604,0.9953816554889974,0.9993942219449964,0.995436721011353,0.9967239740418544,9.867608397364592
rw_armax_exog_1_12m,rw_armax_exog_1_12m,RW-ARMAX (Exog. 1) (12 Months),STATISTICAL_ROLLING,,,00_04,NEG,MARGINAL,243,8.309853393421566,0.2631800233387757,3.8615602252480965,1.2843688114326381,0,0,85,0.3497942386831276,3.245002577153859,10.485959999999999,30.946165893765183,0.993390741340923,0.9985976695801718,0.9901808839287873,0.9940497747138703,18.997220422009434
rw_armax_exog_1_12m,rw_armax_exog_1_12m,RW-ARMAX (Exog. 1) (12 Months),STATISTICAL_ROLLING,,,00_04,POS,AVERAGE,243,0.9551176690405694,0.06084598219386723,0.29848143754008255,0.14533584825486523,0,0,217,0.8930041152263375,3.4444367540257264,3.9527600000000005,87.14004275558663,0.9984719705181909,0.9998388189901315,0.9992410259818957,0.9991768188169539,8.685327753261122
rw_armax_exog_1_12m,rw_armax_exog_1_12m,RW-ARMAX (Exog. 1) (12 Months),STATISTICAL_ROLLING,,,00_04,POS,MARGINAL,243,2.346974864932997,0.14306745148076822,0.8823400375841267,0.42584496918182424,0,0,65,0.2674897119341564,1.1820435986423345,4.75564,24.855615619397906,0.9964071369075221,0.9996039359430489,0.9977563992951165,0.9979073371771521,26.999264347658915
rw_armax_exog_1_12m,rw_armax_exog_1_12m,RW-ARMAX (Exog. 1) (12 Months),STATISTICAL_ROLLING,,,04_08,NEG,AVERAGE,243,2.3857310431315404,0.18369013676176812,1.3100641961221424,0.611331564917819,0,0,175,0.720164609053498,4.371535107089776,6.09224,71.75579273124131,0.995386976520566,0.9995973956390181,0.9966687888697536,0.9971994129048871,36.0355490254192
rw_armax_exog_1_12m,rw_armax_exog_1_12m,RW-ARMAX (Exog. 1) (12 Months),STATISTICAL_ROLLING,,,04_08,NEG,MARGINAL,243,6.453856444541727,0.30749442841270225,3.1609806005480907,1.3416198654621527,0,0,88,0.36213991769547327,2.774832292960826,8.57392,32.363636387566316,0.992277870532033,0.9989108785932915,0.9919623070455572,0.9943626272417114,32.53439247344707
rw_armax_exog_1_12m,rw_armax_exog_1_12m,RW-ARMAX (Exog. 1) (12 Months),STATISTICAL_ROLLING,,,04_08,POS,AVERAGE,243,4.096260338914685,0.14131616296825342,1.822520033521881,0.9879077746526992,0,0,152,0.6255144032921811,6.379823642858138,10.60856,60.13845086287053,0.9964511171405924,0.9993087350391352,0.9953657240318939,0.9970359513212411,66.4920535889732
rw_armax_exog_1_12m,rw_armax_exog_1_12m,RW-ARMAX (Exog. 1) (12 Months),STATISTICAL_ROLLING,,,04_08,POS,MARGINAL,243,20.73397648779553,0.21374293455018978,4.7206818884453705,1.692208725746335,0,0,82,0.3374485596707819,3.8953916455792617,14.25088,27.334393704664283,0.9946322584705682,0.9965010350271817,0.9879963225499252,0.9930590958804386,78.45826447336599
rw_armax_exog_1_12m,rw_armax_exog_1_12m,RW-ARMAX (Exog. 1) (12 Months),STATISTICAL_ROLLING,,,08_12,NEG,AVERAGE,243,3.9446630369729943,0.1862869459371622,1.9593926843588956,0.9559758537037868,0,0,163,0.6707818930041153,7.586164245743039,11.116,68.24545021359337,0.9953217626669053,0.9993343178620819,0.9950176863561493,0.9965455606987642,31.714061326144062
rw_armax_exog_1_12m,rw_armax_exog_1_12m,RW-ARMAX (Exog. 1) (12 Months),STATISTICAL_ROLLING,,,08_12,NEG,MARGINAL,243,17.570069006050034,0.29678109408192666,5.193244622758275,1.849840378285979,0,0,86,0.35390946502057613,4.694759685892998,15.307240000000002,30.67019061498348,0.9925469152596494,0.9970349606570473,0.9867946972822913,0.9921297383082626,64.42567292786859
rw_armax_exog_1_12m,rw_armax_exog_1_12m,RW-ARMAX (Exog. 1) (12 Months),STATISTICAL_ROLLING,,,08_12,POS,AVERAGE,243,8.60860398182068,0.19948870370399666,4.3688345972667735,2.0142797736258586,0,0,139,0.5720164609053497,9.600909279709802,17.75968,54.06014792895931,0.9949902259844149,0.9985472538847054,0.9888909944415704,0.9941512987823721,81.7264968052159
rw_armax_exog_1_12m,rw_armax_exog_1_12m,RW-ARMAX (Exog. 1) (12 Months),STATISTICAL_ROLLING,,,08_12,POS,MARGINAL,243,18.211769660842258,0.28884905262964006,8.700268432492779,3.534993985627083,0,0,73,0.3004115226337449,6.249172123107687,23.39096,26.716184898386757,0.992746113181238,0.9969266703772993,0.9778770909668086,0.9892189197251766,72.24622719437403
rw_armax_exog_1_12m,rw_armax_exog_1_12m,RW-ARMAX (Exog. 1) (12 Months),STATISTICAL_ROLLING,,,12_16,NEG,AVERAGE,243,6.740557051543565,0.20262033059557064,3.911856146973951,1.8263176108801709,0,0,166,0.6831275720164609,16.9654780469954,23.006559999999997,73.74191555363079,0.9949115812153797,0.9988624963940459,0.990052992230995,0.9946120488594927,25.86457750513179
rw_armax_exog_1_12m,rw_armax_exog_1_12m,RW-ARMAX (Exog. 1) (12 Months),STATISTICAL_ROLLING,,,12_16,NEG,MARGINAL,243,27.605385794413706,0.2903240681817201,8.298975038072765,2.905843403939574,0,0,89,0.3662551440329218,10.34400541494569,30.051000000000005,34.421501497273596,0.992709071010688,0.9953414494314371,0.9788974936508474,0.9890199353607878,17.971281115430816
rw_armax_exog_1_12m,rw_armax_exog_1_12m,RW-ARMAX (Exog. 1) (12 Months),STATISTICAL_ROLLING,,,12_16,POS,AVERAGE,243,16.35330865279028,0.16269980440771814,3.9059544892112377,0.9309582760562005,0,0,164,0.6748971193415638,6.7816606299331035,12.400360000000001,54.689223780060445,0.9959141082310504,0.9972402952130538,0.9900679988757718,0.9944225338478696,22.792729054705916
rw_armax_exog_1_12m,rw_armax_exog_1_12m,RW-ARMAX (Exog. 1) (12 Months),STATISTICAL_ROLLING,,,12_16,POS,MARGINAL,243,93.6878140797654,0.23766257557750523,13.477493830985203,1.835158638161527,0,0,73,0.3004115226337449,3.7782663089079325,22.700200000000006,16.644198328243505,0.9940315628228659,0.9841897004157418,0.9657296355472499,0.9814441122275617,20.169750419450374
rw_armax_exog_1_12m,rw_armax_exog_1_12m,RW-ARMAX (Exog. 1) (12 Months),STATISTICAL_ROLLING,,,16_20,NEG,AVERAGE,243,2.0486383454815895,0.19992153926668652,1.1568295983745418,0.40633420446971,0,0,174,0.7160493827160493,4.881935740546065,6.76304,72.18552219927821,0.99497935615412,0.9996542817622547,0.9970584314529695,0.9972081764534249,33.11765197144877
rw_armax_exog_1_12m,rw_armax_exog_1_12m,RW-ARMAX (Exog. 1) (12 Months),STATISTICAL_ROLLING,,,16_20,NEG,MARGINAL,243,5.199110340105928,0.28690219147076784,2.2341591431052588,0.7828412716579098,0,0,84,0.345679012345679,2.8384431400967833,8.51464,33.33603229375268,0.9927950048440969,0.9991226234398136,0.9943190144221299,0.9953860421414343,31.021438984370995
rw_armax_exog_1_12m,rw_armax_exog_1_12m,RW-ARMAX (Exog. 1) (12 Months),STATISTICAL_ROLLING,,,16_20,POS,AVERAGE,243,22.814105049189198,0.21738061532843755,9.139606863700285,3.141750387741814,0,0,150,0.6172839506172839,13.198369817097308,26.775800000000004,49.29215865482004,0.9945409051342565,0.9961500026538422,0.9767599479471646,0.9892041914439795,46.614052185013456
rw_armax_exog_1_12m,rw_armax_exog_1_12m,RW-ARMAX (Exog. 1) (12 Months),STATISTICAL_ROLLING,,,16_20,POS,MARGINAL,243,39.486179195183354,0.29268402926981557,16.12386463705105,5.807924780282939,0,0,92,0.3786008230452675,10.20972001227442,35.721720000000005,28.581266557921676,0.9926498051399022,0.9933365045534948,0.959000484479676,0.9817721401285131,40.24454939914364
rw_armax_exog_1_12m,rw_armax_exog_1_12m,RW-ARMAX (Exog. 1) (12 Months),STATISTICAL_ROLLING,,,20_24,NEG,AVERAGE,243,0.8955961544989682,0.15082736114579223,0.4333230577909278,0.18178207990189388,0,0,202,0.831275720164609,1.7432898372465926,2.23896,77.8615891863451,0.9962122617437594,0.9998488635512717,0.9988981527795521,0.99829868438205,19.861348495190065
rw_armax_exog_1_12m,rw_armax_exog_1_12m,RW-ARMAX (Exog. 1) (12 Months),STATISTICAL_ROLLING,,,20_24,NEG,MARGINAL,243,2.1739707019373107,0.2620208501706874,1.0611323235323495,0.4552922375276238,0,0,92,0.3786008230452675,1.009696767436434,3.17832,31.768253902578536,0.9934198517392023,0.9996331312836932,0.9973017690146189,0.9967512666897719,21.003013669304167
rw_armax_exog_1_12m,rw_armax_exog_1_12m,RW-ARMAX (Exog. 1) (12 Months),STATISTICAL_ROLLING,,,20_24,POS,AVERAGE,243,3.232316654729293,0.13437681574586346,2.030022566491561,1.1853611107343909,0,0,147,0.6049382716049383,8.604857248792046,14.73664,58.3909035491947,0.9966253854613262,0.9994545299710061,0.9948380897759322,0.9969691955733406,27.018510025106114
rw_armax_exog_1_12m,rw_armax_exog_1_12m,RW-ARMAX (Exog. 1) (12 Months),STATISTICAL_ROLLING,,,20_24,POS,MARGINAL,243,7.91237959745745,0.19873025159658267,3.8624276575814607,2.27446748874452,0,0,81,0.3333333333333333,5.916756318423453,17.544799999999995,33.723703424510134,0.9950092730461745,0.9986647453237231,0.9901786782351639,0.9946214826101321,39.48956327765653
rw_armax_exog_1_3_12m,rw_armax_exog_1_3_12m,RW-ARMAX (Exog. 1&3) (12 Months),STATISTICAL_ROLLING,,,00_04,NEG,AVERAGE,243,2.964364759867889,0.15753009908591561,1.5044556210862796,0.6777802541641105,0,0,189,0.7777777777777778,5.56685729595028,7.52448,73.98328251188494,0.9960439354087729,0.9994997482288291,0.9961744933379912,0.9972274377560335,9.508212308650304
rw_armax_exog_1_3_12m,rw_armax_exog_1_3_12m,RW-ARMAX (Exog. 1&3) (12 Months),STATISTICAL_ROLLING,,,00_04,NEG,MARGINAL,243,6.978186415655182,0.21909759665746165,3.1282903315112605,1.078825365144934,0,0,101,0.4156378600823045,4.127497620369523,10.485959999999999,39.36213394261968,0.9944977864599271,0.9988223952189516,0.9920454313599142,0.9951156301674009,-0.046451898960971724
rw_armax_exog_1_3_12m,rw_armax_exog_1_3_12m,RW-ARMAX (Exog. 1&3) (12 Months),STATISTICAL_ROLLING,,,00_04,POS,AVERAGE,243,0.9507925519768897,0.057890788795391813,0.2893554363720285,0.14256473615448906,0,0,219,0.9012345679012346,3.460846169562441,3.9527600000000005,87.55518092579464,0.9985461845003554,0.9998395488758395,0.9992642314375945,0.9992099502335541,6.613029483516584
rw_armax_exog_1_3_12m,rw_armax_exog_1_3_12m,RW-ARMAX (Exog. 1&3) (12 Months),STATISTICAL_ROLLING,,,00_04,POS,MARGINAL,243,2.3365000585805875,0.1401635074946364,0.8774702988505066,0.4258384997342297,0,0,62,0.2551440329218107,1.1128430463868282,4.75564,23.400489658317873,0.9964800638595466,0.9996057036203946,0.9977687819920247,0.9979368019643442,26.997334971607295
rw_armax_exog_1_3_12m,rw_armax_exog_1_3_12m,RW-ARMAX (Exog. 1&3) (12 Months),STATISTICAL_ROLLING,,,04_08,NEG,AVERAGE,243,1.9205139174290964,0.14338405034285862,1.032879510649562,0.48932421034553375,0,0,197,0.8106995884773662,4.858991501238534,6.09224,79.75705982099414,0.9963991861377631,0.9996759034172317,0.997373609833576,0.997802062659606,8.886063514048642
rw_armax_exog_1_3_12m,rw_armax_exog_1_3_12m,RW-ARMAX (Exog. 1&3) (12 Months),STATISTICAL_ROLLING,,,04_08,NEG,MARGINAL,243,5.672551864518899,0.23824343121134836,2.5713682078821107,1.0949245597850261,0,0,93,0.38271604938271603,3.2421456841889595,8.57392,37.81404170075018,0.9940169757539883,0.9990427277520967,0.9934615643879028,0.995492188162556,8.164141774523115
rw_armax_exog_1_3_12m,rw_armax_exog_1_3_12m,RW-ARMAX (Exog. 1&3) (12 Months),STATISTICAL_ROLLING,,,04_08,POS,AVERAGE,243,4.081171821721552,0.13526287630665842,1.782323107723606,0.9126161705791507,0,0,162,0.6666666666666666,6.765677637802037,10.60856,63.77564568425909,0.9966031337593938,0.9993112813038704,0.9954679361578471,0.9971222072405608,53.80316288293554
rw_armax_exog_1_3_12m,rw_armax_exog_1_3_12m,RW-ARMAX (Exog. 1&3) (12 Months),STATISTICAL_ROLLING,,,04_08,POS,MARGINAL,243,20.63876296183781,0.19973400807004477,4.564744489160771,1.5761351412401696,0,0,86,0.35390946502057613,4.145284689334003,14.25088,29.087920811444647,0.9949840656384097,0.9965171027984778,0.9883928377754051,0.9933148627064408,66.21728608399089
rw_armax_exog_1_3_12m,rw_armax_exog_1_3_12m,RW-ARMAX (Exog. 1&3) (12 Months),STATISTICAL_ROLLING,,,08_12,NEG,AVERAGE,243,3.805577139205911,0.1581514805672654,1.761818476772405,0.7974114649875261,0,0,173,0.7119341563786008,7.693591568951205,11.116,69.211870897366,0.9960283306114023,0.9993577893213452,0.9955200750187124,0.9969593276400959,9.867108248197953
rw_armax_exog_1_3_12m,rw_armax_exog_1_3_12m,RW-ARMAX (Exog. 1&3) (12 Months),STATISTICAL_ROLLING,,,08_12,NEG,MARGINAL,243,17.60144545899243,0.24625609859815378,5.019895984988438,1.368969519303512,0,0,87,0.35802469135802467,4.4378842679946775,15.307240000000002,28.992060410594444,0.9938157530675673,0.9970296657195383,0.9872354855377533,0.9927048559578793,21.682787915889058
rw_armax_exog_1_3_12m,rw_armax_exog_1_3_12m,RW-ARMAX (Exog. 1&3) (12 Months),STATISTICAL_ROLLING,,,08_12,POS,AVERAGE,243,8.413703965866858,0.1840706446516142,4.185541477153363,1.8501709378978415,0,0,160,0.6584362139917695,10.554585109724988,17.75968,59.43004102396545,0.9953774207988441,0.9985801442629416,0.9893570693741017,0.9944476035718313,66.9207462823123
rw_armax_exog_1_3_12m,rw_armax_exog_1_3_12m,RW-ARMAX (Exog. 1&3) (12 Months),STATISTICAL_ROLLING,,,08_12,POS,MARGINAL,243,17.791811830489333,0.2747585553564006,8.39551819848591,3.361827581623766,0,0,82,0.3374485596707819,6.961101307510355,23.39096,29.759793131664345,0.9930999688422125,0.9969975404170782,0.9786520051843515,0.9896183394548241,63.808515592130114
rw_armax_exog_1_3_12m,rw_armax_exog_1_3_12m,RW-ARMAX (Exog. 1&3) (12 Months),STATISTICAL_ROLLING,,,12_16,NEG,AVERAGE,243,5.129949054109857,0.16775129389132018,3.142869436506664,1.4724411254822058,0,0,188,0.7736625514403292,19.38214259806629,23.006559999999997,84.2461567399311,0.9957872498160872,0.9991342947618737,0.9920083598355007,0.9956447409546032,1.476423956007297
rw_armax_exog_1_3_12m,rw_armax_exog_1_3_12m,RW-ARMAX (Exog. 1&3) (12 Months),STATISTICAL_ROLLING,,,12_16,NEG,MARGINAL,243,26.405541200359192,0.22638965527373708,6.924573404061227,2.2635922551072056,0,0,100,0.411522633744856,12.019924519469399,30.051000000000005,39.99841775471497,0.994314660472853,0.9955439293662385,0.9823923010306693,0.9907859405917496,-8.102798004899956
rw_armax_exog_1_3_12m,rw_armax_exog_1_3_12m,RW-ARMAX (Exog. 1&3) (12 Months),STATISTICAL_ROLLING,,,12_16,POS,AVERAGE,243,16.398735559170174,0.16128159995739988,3.952055041295266,0.8433939990437871,0,0,169,0.6954732510288066,6.786265106572871,12.400360000000001,54.72635557816765,0.9959497237003581,0.9972326291893974,0.9899507750995115,0.9943934294734618,11.243063706000859
rw_armax_exog_1_3_12m,rw_armax_exog_1_3_12m,RW-ARMAX (Exog. 1&3) (12 Months),STATISTICAL_ROLLING,,,12_16,POS,MARGINAL,243,93.74607739538145,0.23864365229507215,13.561225785014088,1.8137302264438855,0,0,78,0.32098765432098764,3.9687232878563865,22.700200000000006,17.483208464491,0.9940069249734252,0.9841798681821294,0.9655167232197137,0.9813622296535729,18.76657641887792
rw_armax_exog_1_3_12m,rw_armax_exog_1_3_12m,RW-ARMAX (Exog. 1&3) (12 Months),STATISTICAL_ROLLING,,,16_20,NEG,AVERAGE,243,1.5712673890077045,0.15343918701789622,0.9332103554315209,0.32622094639540977,0,0,185,0.7613168724279835,4.97893950251163,6.76304,73.6198440717729,0.9961466707747253,0.9997348405618042,0.9976270470316824,0.9978192909692571,6.87204259541472
rw_armax_exog_1_3_12m,rw_armax_exog_1_3_12m,RW-ARMAX (Exog. 1&3) (12 Months),STATISTICAL_ROLLING,,,16_20,NEG,MARGINAL,243,4.3014044066588735,0.21710870960447268,1.6489561966082364,0.607335883634045,0,0,95,0.39094650205761317,3.7932111285554178,8.51464,44.54928368733638,0.9945477335220565,0.9992741159245703,0.9958070594924358,0.9965230172851112,1.6477085476783
rw_armax_exog_1_3_12m,rw_armax_exog_1_3_12m,RW-ARMAX (Exog. 1&3) (12 Months),STATISTICAL_ROLLING,,,16_20,POS,AVERAGE,243,22.148195335381974,0.19580370812229025,8.55097645980869,2.3198106266330996,0,0,173,0.7119341563786008,15.18628504422377,26.775800000000004,56.71645681631834,0.9950827675407536,0.9962623783365794,0.9782567083035267,0.9899194395550913,8.257116033014562
rw_armax_exog_1_3_12m,rw_armax_exog_1_3_12m,RW-ARMAX (Exog. 1&3) (12 Months),STATISTICAL_ROLLING,,,16_20,POS,MARGINAL,243,37.4568397092601,0.25095712439485535,14.501598275940049,4.097423788815604,0,0,112,0.4609053497942387,12.718817598362442,35.721720000000005,35.6052776808128,0.9936976958721191,0.9936789660096164,0.9631255584831896,0.9836027096791465,-1.0590917240181512
rw_armax_exog_1_3_12m,rw_armax_exog_1_3_12m,RW-ARMAX (Exog. 1&3) (12 Months),STATISTICAL_ROLLING,,,20_24,NEG,AVERAGE,243,0.7492026715562266,0.12424144980347561,0.35997113262719854,0.14463746796005594,0,0,222,0.9135802469135802,1.8977228465126146,2.23896,84.7591223832768,0.9968799156276656,0.9998735682030477,0.999084670929009,0.9985953902269851,-4.630632667540875
rw_armax_exog_1_3_12m,rw_armax_exog_1_3_12m,RW-ARMAX (Exog. 1&3) (12 Months),STATISTICAL_ROLLING,,,20_24,NEG,MARGINAL,243,1.8032067981553996,0.2038336541242749,0.8387612950791794,0.3478487865017459,0,0,95,0.39094650205761317,1.1998621876711506,3.17832,37.751459502855305,0.9948811109352399,0.99969569959582,0.9978672106526854,0.9974553380999884,-7.552231295470168
rw_armax_exog_1_3_12m,rw_armax_exog_1_3_12m,RW-ARMAX (Exog. 1&3) (12 Months),STATISTICAL_ROLLING,,,20_24,POS,AVERAGE,243,3.0348577347900187,0.11954467148398187,1.8291608251239946,1.0494937985491966,0,0,169,0.6954732510288066,10.082931648196226,14.73664,68.42083166988014,0.9969978661559165,0.9994878521774264,0.9953488379289349,0.997275382228111,12.459517496502459
rw_armax_exog_1_3_12m,rw_armax_exog_1_3_12m,RW-ARMAX (Exog. 1&3) (12 Months),STATISTICAL_ROLLING,,,20_24,POS,MARGINAL,243,7.618620686140802,0.17004304802155434,3.406294250137047,1.8844730786915314,0,0,82,0.3374485596707819,6.315026427568596,17.544799999999995,35.99372137367538,0.9957296968314893,0.9987143186480564,0.9913385272626039,0.9952655360732243,15.571811008949913
rw_armax_exog_1_3_3m,rw_armax_exog_1_3_3m,RW-ARMAX (Exog. 1&3) (3 Months),STATISTICAL_ROLLING,,,00_04,NEG,AVERAGE,243,2.9575707907289073,0.15753637594291092,1.5596029105084932,0.6443454587615838,0,0,195,0.8024691358024691,5.534743463395667,7.52448,73.55649112491052,0.9960437777776164,0.999500894745999,0.9960342656568822,0.9971814873773406,4.106189085132715
rw_armax_exog_1_3_3m,rw_armax_exog_1_3_3m,RW-ARMAX (Exog. 1&3) (3 Months),STATISTICAL_ROLLING,,,00_04,NEG,MARGINAL,243,6.957506345738573,0.2290540599056,3.2853902107813675,1.123453853003257,0,0,105,0.43209876543209874,4.154255314000532,10.485959999999999,39.617310327338004,0.9942477490896826,0.9988258850869137,0.9916459601981695,0.9948999436345696,4.08839313893285
rw_armax_exog_1_3_3m,rw_armax_exog_1_3_3m,RW-ARMAX (Exog. 1&3) (3 Months),STATISTICAL_ROLLING,,,00_04,POS,AVERAGE,243,1.0726714587597608,0.06641078302405751,0.3413749680674361,0.1538232642464301,0,0,218,0.897119341563786,3.4247860609849994,3.9527600000000005,86.64290422350457,0.9983322212788437,0.9998189811846391,0.9991319569708264,0.9990867648261105,15.03240316444151
rw_armax_exog_1_3_3m,rw_armax_exog_1_3_3m,RW-ARMAX (Exog. 1&3) (3 Months),STATISTICAL_ROLLING,,,00_04,POS,MARGINAL,243,2.3958033261147946,0.14177026870622536,0.9042227839947501,0.3175328937054074,0,0,77,0.3168724279835391,1.3751532795517791,4.75564,28.91626110369539,0.9964397131508718,0.9995956958895573,0.9977007561834131,0.9978973316553768,-5.302523629081987
rw_armax_exog_1_3_3m,rw_armax_exog_1_3_3m,RW-ARMAX (Exog. 1&3) (3 Months),STATISTICAL_ROLLING,,,04_08,NEG,AVERAGE,243,2.0589171544413016,0.15520499405557434,1.1547903307947573,0.5181676036636556,0,0,200,0.823045267489712,4.7228238301656225,6.09224,77.52195957752194,0.9961023259368992,0.9996525471604752,0.9970636168712714,0.9975911249490221,15.304392079030022
rw_armax_exog_1_3_3m,rw_armax_exog_1_3_3m,RW-ARMAX (Exog. 1&3) (3 Months),STATISTICAL_ROLLING,,,04_08,NEG,MARGINAL,243,5.664392972358528,0.2532925320105464,2.675000563855249,1.2097534406776695,0,0,114,0.4691358024691358,3.4913131298247517,8.57392,40.72015052420308,0.9936390466144335,0.9990441046070334,0.9931980496237459,0.9952771867450646,19.5077245279507
rw_armax_exog_1_3_3m,rw_armax_exog_1_3_3m,RW-ARMAX (Exog. 1&3) (3 Months),STATISTICAL_ROLLING,,,04_08,POS,AVERAGE,243,4.189971161615657,0.1441074557047637,1.882750369113267,0.9205850218890586,0,0,176,0.7242798353909465,7.193510304392121,10.60856,67.80854615887661,0.9963810192074182,0.999292920856728,0.9952125712590035,0.9969563589287136,55.146153041908796
rw_armax_exog_1_3_3m,rw_armax_exog_1_3_3m,RW-ARMAX (Exog. 1&3) (3 Months),STATISTICAL_ROLLING,,,04_08,POS,MARGINAL,243,20.660212298723287,0.2041358231633661,4.596084753980926,1.5312844672126609,0,0,96,0.3950617283950617,4.659850086268642,14.25088,32.69868307268492,0.9948735225426529,0.9965134831127654,0.9883131462310496,0.9932497853479609,61.487388804989564
rw_armax_exog_1_3_3m,rw_armax_exog_1_3_3m,RW-ARMAX (Exog. 1&3) (3 Months),STATISTICAL_ROLLING,,,08_12,NEG,AVERAGE,243,3.8472062050907274,0.1566378312466736,1.807440266013052,0.8107300717153594,0,0,184,0.757201646090535,8.072139300855058,11.116,72.61730209477382,0.9960663429945308,0.999350764202769,0.995404068633262,0.9969316514540308,11.702141817855649
rw_armax_exog_1_3_3m,rw_armax_exog_1_3_3m,RW-ARMAX (Exog. 1&3) (3 Months),STATISTICAL_ROLLING,,,08_12,NEG,MARGINAL,243,18.156276012537994,0.256769293623469,5.511718187581185,1.5361108797976897,0,0,92,0.3786008230452675,4.233105689496089,15.307240000000002,27.654271374173845,0.9935517344525747,0.9969360352153344,0.9859848875897834,0.9921714942395644,36.53938365027299
rw_armax_exog_1_3_3m,rw_armax_exog_1_3_3m,RW-ARMAX (Exog. 1&3) (3 Months),STATISTICAL_ROLLING,,,08_12,POS,AVERAGE,243,8.5777816899609,0.189399428736793,4.300629806291959,1.7700604854834125,0,0,168,0.691358024691358,11.101516910452643,17.75968,62.50966746277322,0.9952435986648138,0.9985524553046868,0.989064424537213,0.9942963938938636,59.69325382303528
rw_armax_exog_1_3_3m,rw_armax_exog_1_3_3m,RW-ARMAX (Exog. 1&3) (3 Months),STATISTICAL_ROLLING,,,08_12,POS,MARGINAL,243,18.937736368723762,0.29219592150152607,9.198286291569964,3.67234947025557,0,0,98,0.40329218106995884,7.361745189394422,23.39096,31.472608175955248,0.9926620630250305,0.9968041597685019,0.9766107387986247,0.9887320179556622,78.9390148222757
rw_armax_exog_1_3_3m,rw_armax_exog_1_3_3m,RW-ARMAX (Exog. 1&3) (3 Months),STATISTICAL_ROLLING,,,12_16,NEG,AVERAGE,243,4.884323166817841,0.16169844662657623,2.998429634877025,1.4510179488789907,0,0,192,0.7901234567901234,18.64399664750782,23.006559999999997,81.03774161590354,0.9959392554002843,0.9991757453913059,0.9923756391461357,0.9958313037334525,0.0
rw_armax_exog_1_3_3m,rw_armax_exog_1_3_3m,RW-ARMAX (Exog. 1&3) (3 Months),STATISTICAL_ROLLING,,,12_16,NEG,MARGINAL,243,26.10283494055144,0.207329383233765,6.639665864107711,2.463178645230026,0,0,105,0.43209876543209874,11.74219033407594,30.051000000000005,39.07420829282199,0.9947933224412897,0.9955950126015621,0.983116759550331,0.9912046144401632,0.0
rw_armax_exog_1_3_3m,rw_armax_exog_1_3_3m,RW-ARMAX (Exog. 1&3) (3 Months),STATISTICAL_ROLLING,,,12_16,POS,AVERAGE,243,16.350042527870286,0.16812349919239458,3.9883650682484393,0.8901511539791613,0,0,166,0.6831275720164609,6.471275985858243,12.400360000000001,52.18619448030737,0.995777902597868,0.997240846388401,0.9898584465202831,0.994307253543141,17.41029891408199
rw_armax_exog_1_3_3m,rw_armax_exog_1_3_3m,RW-ARMAX (Exog. 1&3) (3 Months),STATISTICAL_ROLLING,,,12_16,POS,MARGINAL,243,93.68409187140098,0.2593476162237125,13.929676491940263,1.8753007453115806,0,0,86,0.35390946502057613,3.973194575496226,22.700200000000006,17.50290559332616,0.9934869848535917,0.9841903285575118,0.9645798324173448,0.9808797279719239,22.79833352786511
rw_armax_exog_1_3_3m,rw_armax_exog_1_3_3m,RW-ARMAX (Exog. 1&3) (3 Months),STATISTICAL_ROLLING,,,16_20,NEG,AVERAGE,243,1.5928588963222552,0.16359014337352723,0.983516497303914,0.32471131413076426,0,0,173,0.7119341563786008,4.869096450321698,6.76304,71.99567724457786,0.9958917490852284,0.9997311968841021,0.9974991293462582,0.9976892023449966,6.377477530009472
rw_armax_exog_1_3_3m,rw_armax_exog_1_3_3m,RW-ARMAX (Exog. 1&3) (3 Months),STATISTICAL_ROLLING,,,16_20,NEG,MARGINAL,243,4.327437385732001,0.22289847983280328,1.730271499004485,0.499529291274742,0,0,77,0.3168724279835391,3.242324316463572,8.51464,38.07940578184835,0.9944023346102006,0.999269722725708,0.9956002921895788,0.9964038986895128,-16.395508352477396
rw_armax_exog_1_3_3m,rw_armax_exog_1_3_3m,RW-ARMAX (Exog. 1&3) (3 Months),STATISTICAL_ROLLING,,,16_20,POS,AVERAGE,243,19.9457070753846,0.19739628319619318,7.995111901156555,2.555243141607569,0,0,167,0.6872427983539094,15.739112060730925,26.775800000000004,58.781108541036765,0.9950427730895643,0.9966340595372072,0.9796701521715239,0.9904949327143333,19.243894349711464
rw_armax_exog_1_3_3m,rw_armax_exog_1_3_3m,RW-ARMAX (Exog. 1&3) (3 Months),STATISTICAL_ROLLING,,,16_20,POS,MARGINAL,243,33.362374910764444,0.2697694506334342,13.669149494800592,4.1412837826254965,0,0,103,0.42386831275720166,12.494056636255403,35.721720000000005,34.976077961126734,0.9932252605842413,0.9943699279638178,0.9652422964669465,0.9843686226607944,0.0
rw_armax_exog_1_3_3m,rw_armax_exog_1_3_3m,RW-ARMAX (Exog. 1&3) (3 Months),STATISTICAL_ROLLING,,,20_24,NEG,AVERAGE,243,0.880064494026964,0.1345953258742962,0.41259992731382306,0.16298895600244068,0,0,219,0.9012345679012346,1.794446608373548,2.23896,80.14643443266284,0.9966198980009174,0.9998514845987101,0.9989508472376581,0.9984555348263133,7.469757562567132
rw_armax_exog_1_3_3m,rw_armax_exog_1_3_3m,RW-ARMAX (Exog. 1&3) (3 Months),STATISTICAL_ROLLING,,,20_24,NEG,MARGINAL,243,1.8557822517733478,0.2113401025069813,0.8970263619187269,0.3412468316219206,0,0,111,0.4567901234567901,1.3428920246052907,3.17832,42.25163056599998,0.9946926009627012,0.9996868272181193,0.997719055135013,0.9973394255038521,-9.306832781552304
rw_armax_exog_1_3_3m,rw_armax_exog_1_3_3m,RW-ARMAX (Exog. 1&3) (3 Months),STATISTICAL_ROLLING,,,20_24,POS,AVERAGE,243,3.1896806785221536,0.12603089289446331,1.9106152797236169,1.0319993714817883,0,0,175,0.720164609053498,10.036136694558435,14.73664,68.10329012962544,0.9968349772159504,0.9994617250108684,0.9951417167919909,0.9971430280483669,10.584885336123612
rw_armax_exog_1_3_3m,rw_armax_exog_1_3_3m,RW-ARMAX (Exog. 1&3) (3 Months),STATISTICAL_ROLLING,,,20_24,POS,MARGINAL,243,7.801969437792507,0.178476093612646,3.597918207684885,1.7318410694074586,0,0,101,0.4156378600823045,6.678004703277175,17.544799999999995,38.06258665403524,0.9955179171573019,0.9986833776049711,0.9908512688045109,0.9950225251486118,6.211126619049632
rw_armax_exog_1_3_6m,rw_armax_exog_1_3_6m,RW-ARMAX (Exog. 1&3) (6 Months),STATISTICAL_ROLLING,,,00_04,NEG,AVERAGE,243,3.2539461544522394,0.15874192513702118,1.6604351123724699,0.5805577172749334,0,0,200,0.823045267489712,5.519089104224991,7.52448,73.34844539722334,0.9960135027348945,0.9994508798818902,0.9957778710816158,0.9970700787478213,-6.199926347551556
rw_armax_exog_1_3_6m,rw_armax_exog_1_3_6m,RW-ARMAX (Exog. 1&3) (6 Months),STATISTICAL_ROLLING,,,00_04,NEG,MARGINAL,243,7.281017074192969,0.23220813650665995,3.403471046390185,1.1093697426590765,0,0,99,0.4074074074074074,3.8819925353107334,10.485959999999999,37.02085965720576,0.9941685405394952,0.9987712909907036,0.9913457060617591,0.994755912810741,2.7834953804728815
rw_armax_exog_1_3_6m,rw_armax_exog_1_3_6m,RW-ARMAX (Exog. 1&3) (6 Months),STATISTICAL_ROLLING,,,00_04,POS,AVERAGE,243,0.931483518245099,0.058902988981645185,0.285280111430488,0.14216704878769004,0,0,217,0.8930041152263375,3.4008787580657436,3.9527600000000005,86.03807866062557,0.9985207650450303,0.9998428073744071,0.9992745941113053,0.9992058026055954,6.315630167911493
rw_armax_exog_1_3_6m,rw_armax_exog_1_3_6m,RW-ARMAX (Exog. 1&3) (6 Months),STATISTICAL_ROLLING,,,00_04,POS,MARGINAL,243,2.378245149521019,0.14842380630600635,0.9244489092575789,0.4254618696709902,0,0,65,0.2674897119341564,1.14893555130033,4.75564,24.159430724367912,0.9962726223875343,0.9995986589219946,0.9976493255025376,0.9978245264718573,26.88501301309143
rw_armax_exog_1_3_6m,rw_armax_exog_1_3_6m,RW-ARMAX (Exog. 1&3) (6 Months),STATISTICAL_ROLLING,,,04_08,NEG,AVERAGE,243,2.1414642523025567,0.15762357142565997,1.196884701113332,0.5331245050575029,0,0,193,0.7942386831275721,4.5589824566838715,6.09224,74.83261422209027,0.9960415880312516,0.9996386169139451,0.9969565799525151,0.9975305548965576,18.6326519131261
rw_armax_exog_1_3_6m,rw_armax_exog_1_3_6m,RW-ARMAX (Exog. 1&3) (6 Months),STATISTICAL_ROLLING,,,04_08,NEG,MARGINAL,243,5.635344677980537,0.2387059677587773,2.592648035969806,1.088335668220724,0,0,105,0.43209876543209874,3.404772094518307,8.57392,39.71079849728371,0.9940053600407497,0.9990490066558328,0.993407454367657,0.9954724545516066,7.513245970854167
rw_armax_exog_1_3_6m,rw_armax_exog_1_3_6m,RW-ARMAX (Exog. 1&3) (6 Months),STATISTICAL_ROLLING,,,04_08,POS,AVERAGE,243,4.113971294544865,0.14433564151397812,1.8722185643109637,0.9724520159327996,0,0,165,0.6790123456790124,6.835885350521069,10.60856,64.43744815998654,0.9963752887609493,0.9993057462244512,0.9952393513706064,0.9969674803850919,63.887295255173896
rw_armax_exog_1_3_6m,rw_armax_exog_1_3_6m,RW-ARMAX (Exog. 1&3) (6 Months),STATISTICAL_ROLLING,,,04_08,POS,MARGINAL,243,20.60008747556158,0.21098454185308504,4.588940930235657,1.7166387561146408,0,0,88,0.36213991769547327,4.457129775029094,14.25088,31.276172243602456,0.994701530182711,0.9965236294853325,0.9883313114364214,0.9932006507663005,81.03462562446254
rw_armax_exog_1_3_6m,rw_armax_exog_1_3_6m,RW-ARMAX (Exog. 1&3) (6 Months),STATISTICAL_ROLLING,,,08_12,NEG,AVERAGE,243,3.850437035280196,0.1572567717596397,1.818489353203125,0.8190152295426145,0,0,175,0.720164609053498,7.660471278380122,11.116,68.91391938089349,0.996050799497373,0.9993502189835887,0.9953759731839431,0.9969169152443924,12.843668334375804
rw_armax_exog_1_3_6m,rw_armax_exog_1_3_6m,RW-ARMAX (Exog. 1&3) (6 Months),STATISTICAL_ROLLING,,,08_12,NEG,MARGINAL,243,17.569338160300866,0.2548666009991393,5.35950060896554,1.578702716259981,0,0,84,0.345679012345679,4.323401108783017,15.307240000000002,28.244158377232058,0.9935995169078818,0.9970350839910194,0.9863719441123604,0.9923481550227952,40.32521914924451
rw_armax_exog_1_3_6m,rw_armax_exog_1_3_6m,RW-ARMAX (Exog. 1&3) (6 Months),STATISTICAL_ROLLING,,,08_12,POS,AVERAGE,243,8.647165838524566,0.19234120408729216,4.378651377274101,2.0463635872099903,0,0,155,0.6378600823045267,10.258028200357707,17.75968,57.76020851928473,0.9951697216510432,0.9985407463734244,0.9888660324840416,0.9942019423843185,84.62106940785914
rw_armax_exog_1_3_6m,rw_armax_exog_1_3_6m,RW-ARMAX (Exog. 1&3) (6 Months),STATISTICAL_ROLLING,,,08_12,POS,MARGINAL,243,18.29047570613196,0.2650907536155348,8.578636125107801,3.4573399043364255,0,0,83,0.34156378600823045,6.451217314778196,23.39096,27.579959586003294,0.9933427570354783,0.9969133883281092,0.9781863757311413,0.9895194595316152,68.46245200750106
rw_armax_exog_1_3_6m,rw_armax_exog_1_3_6m,RW-ARMAX (Exog. 1&3) (6 Months),STATISTICAL_ROLLING,,,12_16,NEG,AVERAGE,243,5.057833812143725,0.16812444683736938,3.2236040867835674,1.7168377890209356,0,0,185,0.7613168724279835,18.76829544662109,23.006559999999997,81.57801708130677,0.9957778787995923,0.9991464645791682,0.9918030690059406,0.9955778248749474,18.31954183249826
rw_armax_exog_1_3_6m,rw_armax_exog_1_3_6m,RW-ARMAX (Exog. 1&3) (6 Months),STATISTICAL_ROLLING,,,12_16,NEG,MARGINAL,243,26.439491983384503,0.22681663865060983,7.309399872362579,2.7649207421765,0,0,91,0.37448559670781895,10.331040454336335,30.051000000000005,34.378358305335375,0.9943039376089172,0.9955381999973123,0.9814137701936207,0.9904574889500397,12.250110138410017
rw_armax_exog_1_3_6m,rw_armax_exog_1_3_6m,RW-ARMAX (Exog. 1&3) (6 Months),STATISTICAL_ROLLING,,,12_16,POS,AVERAGE,243,16.27027624815439,0.1558573620196192,3.849595779657456,0.7195101587769956,0,0,166,0.6831275720164609,6.645423050262465,12.400360000000001,53.590565517956456,0.9960859429737831,0.9972543073575935,0.9902113069373978,0.9945328733284334,-5.097125992488121
rw_armax_exog_1_3_6m,rw_armax_exog_1_3_6m,RW-ARMAX (Exog. 1&3) (6 Months),STATISTICAL_ROLLING,,,12_16,POS,MARGINAL,243,93.62174659010955,0.24402048448489932,13.476061536211287,1.9006441850721556,0,0,73,0.3004115226337449,3.8172172971972405,22.700200000000006,16.815787073229487,0.9938718962039229,0.9842008496437871,0.9657332775644173,0.9813947066880413,24.457871165357684
rw_armax_exog_1_3_6m,rw_armax_exog_1_3_6m,RW-ARMAX (Exog. 1&3) (6 Months),STATISTICAL_ROLLING,,,16_20,NEG,AVERAGE,243,1.6142243174455155,0.1635463939657451,0.9769279077545658,0.34176963871815946,0,0,181,0.7448559670781894,4.903916171410296,6.76304,72.51053034449444,0.9958928477672201,0.9997275913596054,0.9975158827106386,0.9976939146840355,11.965892412788937
rw_armax_exog_1_3_6m,rw_armax_exog_1_3_6m,RW-ARMAX (Exog. 1&3) (6 Months),STATISTICAL_ROLLING,,,16_20,NEG,MARGINAL,243,4.281593877128346,0.22051758595073548,1.6797556130018174,0.575912135701163,0,0,81,0.3333333333333333,3.160995916013334,8.51464,37.124246192596914,0.9944621261677313,0.9992774590531284,0.9957287432091582,0.9964691696435832,-3.6115755773512106
rw_armax_exog_1_3_6m,rw_armax_exog_1_3_6m,RW-ARMAX (Exog. 1&3) (6 Months),STATISTICAL_ROLLING,,,16_20,POS,AVERAGE,243,21.242220772653514,0.19469983363093724,8.226224810290423,2.413221145289109,0,0,171,0.7037037037037037,15.624445789912809,26.775800000000004,58.35286262189293,0.995110489219428,0.9964152661949753,0.9790824818134382,0.990251823177382,12.616244851871821
rw_armax_exog_1_3_6m,rw_armax_exog_1_3_6m,RW-ARMAX (Exog. 1&3) (6 Months),STATISTICAL_ROLLING,,,16_20,POS,MARGINAL,243,35.041792030732964,0.25707293376999557,13.762588743293675,4.363114456737584,0,0,107,0.4403292181069959,13.050668120069691,35.721720000000005,36.534265763433815,0.9935441091159621,0.9940865177033219,0.9650047005800401,0.9843050991329365,5.356567812202698
rw_armax_exog_1_3_6m,rw_armax_exog_1_3_6m,RW-ARMAX (Exog. 1&3) (6 Months),STATISTICAL_ROLLING,,,20_24,NEG,AVERAGE,243,0.8429039352409298,0.12661438030512073,0.3988579163183319,0.14435518416803372,0,0,223,0.9176954732510288,1.8470986533941098,2.23896,82.49806398480142,0.9968203240550743,0.9998577556337737,0.9989857902122968,0.9985372803079287,-4.81676166325035
rw_armax_exog_1_3_6m,rw_armax_exog_1_3_6m,RW-ARMAX (Exog. 1&3) (6 Months),STATISTICAL_ROLLING,,,20_24,NEG,MARGINAL,243,1.9640372708737888,0.2111086775451624,0.9165402071096457,0.3416676209437314,0,0,91,0.37448559670781895,1.1764271267469848,3.17832,37.01411836275092,0.99469841275424,0.9996685586279052,0.9976694356289718,0.997318998441211,-9.194999607467324
rw_armax_exog_1_3_6m,rw_armax_exog_1_3_6m,RW-ARMAX (Exog. 1&3) (6 Months),STATISTICAL_ROLLING,,,20_24,POS,AVERAGE,243,3.0139166679251304,0.11797749420198174,1.830137326080096,1.0684058141068427,0,0,180,0.7407407407407407,10.190940318984653,14.73664,69.1537577017872,0.99703722279055,0.9994913860899635,0.9953463548972916,0.9972891102745812,14.486052715137705
rw_armax_exog_1_3_6m,rw_armax_exog_1_3_6m,RW-ARMAX (Exog. 1&3) (6 Months),STATISTICAL_ROLLING,,,20_24,POS,MARGINAL,243,7.6525508986207775,0.1679867858708386,3.4117513294659276,1.614740413675964,0,0,95,0.39094650205761317,6.828728375229308,17.544799999999995,38.92166553753425,0.9957813358892434,0.9987085927505154,0.9913246510850449,0.9952766246680776,-0.9704749682870815
rw_armax_exog_1_3m,rw_armax_exog_1_3m,RW-ARMAX (Exog. 1) (3 Months),STATISTICAL_ROLLING,,,00_04,NEG,AVERAGE,243,3.6483536547002418,0.18235726165660648,1.8571053985867665,0.6350426397370921,0,0,185,0.7613168724279835,5.039203274880858,7.52448,66.97078435826607,0.995420449107955,0.9993843215914823,0.9952777808964439,0.9966814465177204,2.603142818228157
rw_armax_exog_1_3m,rw_armax_exog_1_3m,RW-ARMAX (Exog. 1) (3 Months),STATISTICAL_ROLLING,,,00_04,NEG,MARGINAL,243,8.817221005132192,0.2768000913624972,4.17604470711996,1.4390027876229432,0,0,86,0.35390946502057613,3.2133318509674034,10.485959999999999,30.64413607306726,0.9930486996031763,0.9985120486910596,0.9893812176151805,0.9936413357461391,33.32411249977971
rw_armax_exog_1_3m,rw_armax_exog_1_3m,RW-ARMAX (Exog. 1) (3 Months),STATISTICAL_ROLLING,,,00_04,POS,AVERAGE,243,1.0732838750047826,0.06857653924856766,0.34834031392900877,0.15313512475638058,0,0,215,0.8847736625514403,3.385463687071739,3.9527600000000005,85.6480961928308,0.9982778324886206,0.9998188778362538,0.9991142455962779,0.9990623937788665,14.517797395018125
rw_armax_exog_1_3m,rw_armax_exog_1_3m,RW-ARMAX (Exog. 1) (3 Months),STATISTICAL_ROLLING,,,00_04,POS,MARGINAL,243,2.397067733279156,0.14433724697281258,0.9089151525558311,0.3298244671780961,0,0,75,0.30864197530864196,1.309180710327429,4.75564,27.52901208517527,0.9963752484429472,0.9995954825143574,0.9976888245006573,0.9978714057855569,-1.6368215504455872
rw_armax_exog_1_3m,rw_armax_exog_1_3m,RW-ARMAX (Exog. 1) (3 Months),STATISTICAL_ROLLING,,,04_08,NEG,AVERAGE,243,2.4900703346660547,0.1750945214814905,1.3372300285068057,0.5410630780329129,0,0,180,0.7407407407407407,4.233362039734271,6.09224,69.48777526384828,0.9956028388189295,0.9995797878479327,0.9965997120081235,0.9972442001509346,20.39916978192522
rw_armax_exog_1_3m,rw_armax_exog_1_3m,RW-ARMAX (Exog. 1) (3 Months),STATISTICAL_ROLLING,,,04_08,NEG,MARGINAL,243,6.5435749199618005,0.31025037958536644,3.260110802447461,1.4976711607869797,0,0,100,0.411522633744856,2.996909860534263,8.57392,34.953788471717296,0.9922086601340673,0.9988957381399831,0.9917102402896775,0.9942509173273709,47.95020745427694
rw_armax_exog_1_3m,rw_armax_exog_1_3m,RW-ARMAX (Exog. 1) (3 Months),STATISTICAL_ROLLING,,,04_08,POS,AVERAGE,243,4.499632406529733,0.15491225608560305,2.0247011481063883,1.0887809062267362,0,0,156,0.6419753086419753,6.452648669071323,10.60856,60.824925051763124,0.996109677486376,0.9992406639319634,0.9948516209969257,0.9967277443719014,83.49219799376472
rw_armax_exog_1_3m,rw_armax_exog_1_3m,RW-ARMAX (Exog. 1) (3 Months),STATISTICAL_ROLLING,,,04_08,POS,MARGINAL,243,20.751589467102555,0.22322115700690315,4.786404138646123,1.7420773261090972,0,0,89,0.3662551440329218,4.321938938759262,14.25088,30.327523203895208,0.9943942311953595,0.9964980627465052,0.9878292050208594,0.9929220369696528,83.71734613217812
rw_armax_exog_1_3m,rw_armax_exog_1_3m,RW-ARMAX (Exog. 1) (3 Months),STATISTICAL_ROLLING,,,08_12,NEG,AVERAGE,243,4.09686093126867,0.18640718462588357,2.0591110220453515,1.0193490644022858,0,0,166,0.6831275720164609,7.3017816623449985,11.116,65.68713262275098,0.9953187431041569,0.9993086336860922,0.9947641240976172,0.9964523827240375,40.44560295246964
rw_armax_exog_1_3m,rw_armax_exog_1_3m,RW-ARMAX (Exog. 1) (3 Months),STATISTICAL_ROLLING,,,08_12,NEG,MARGINAL,243,17.474244201519607,0.30385659179011876,5.612598381140459,2.023142506530437,0,0,82,0.3374485596707819,4.09919308401741,15.307240000000002,26.77943955943337,0.9923692277820746,0.9970511315847407,0.9857283709819707,0.9917227732929201,79.82987719917439
rw_armax_exog_1_3m,rw_armax_exog_1_3m,RW-ARMAX (Exog. 1) (3 Months),STATISTICAL_ROLLING,,,08_12,POS,AVERAGE,243,9.06722642971438,0.20875835624994507,4.690803457505125,2.2293658628129442,0,0,153,0.6296296296296297,9.910374379798036,17.75968,55.802662997295194,0.9947574365402211,0.9984698589922267,0.9880722969655279,0.9937764398897342,101.1313689641335
rw_armax_exog_1_3m,rw_armax_exog_1_3m,RW-ARMAX (Exog. 1) (3 Months),STATISTICAL_ROLLING,,,08_12,POS,MARGINAL,243,18.385695936086666,0.30000243603106647,8.95905271114662,3.8326586104140343,0,0,82,0.3374485596707819,6.87120765165194,23.39096,29.37548374094924,0.9924660174699879,0.9968973194254792,0.9772190582750243,0.9888968505809621,86.7502429854182
rw_armax_exog_1_3m,rw_armax_exog_1_3m,RW-ARMAX (Exog. 1) (3 Months),STATISTICAL_ROLLING,,,12_16,NEG,AVERAGE,243,6.171783390439309,0.2013139835534516,3.85077165193061,1.9641482113652557,0,0,168,0.691358024691358,16.133365350714897,23.006559999999997,70.1250658538908,0.9949443876016333,0.9989584798692291,0.9902083169474296,0.9947061347340527,35.36346761821195
rw_armax_exog_1_3m,rw_armax_exog_1_3m,RW-ARMAX (Exog. 1) (3 Months),STATISTICAL_ROLLING,,,12_16,NEG,MARGINAL,243,27.026538761475873,0.2830606280571624,8.102885482600824,2.554832535093375,0,0,98,0.40329218106995884,11.735268597835338,30.051000000000005,39.051174995292456,0.9928914782995426,0.9954391328398302,0.9793961071628011,0.9892787318227129,3.720959908484025
rw_armax_exog_1_3m,rw_armax_exog_1_3m,RW-ARMAX (Exog. 1) (3 Months),STATISTICAL_ROLLING,,,12_16,POS,AVERAGE,243,16.29266373333965,0.17180466659954666,3.9962080663148862,1.069641311126997,0,0,161,0.6625514403292181,6.479144629228717,12.400360000000001,52.249649439441406,0.9956854571787493,0.9972505293545395,0.9898385034651788,0.9942724362712818,41.084921935866305
rw_armax_exog_1_3m,rw_armax_exog_1_3m,RW-ARMAX (Exog. 1) (3 Months),STATISTICAL_ROLLING,,,12_16,POS,MARGINAL,243,93.62288451968105,0.2451803390150826,13.56198360534785,1.7540607081460156,0,0,77,0.3168724279835391,3.991258250668452,22.700200000000006,17.582480553776843,0.9938427686945488,0.9842006576123302,0.9655147962458005,0.9813126411293298,14.859300517821609
rw_armax_exog_1_3m,rw_armax_exog_1_3m,RW-ARMAX (Exog. 1) (3 Months),STATISTICAL_ROLLING,,,16_20,NEG,AVERAGE,243,2.109206112368356,0.2036609970989916,1.2793383497107491,0.4710347036425062,0,0,164,0.6748971193415638,4.56831880846934,6.76304,67.54830384663317,0.9948854468834054,0.9996440606406602,0.9967469180804097,0.997070074918311,54.31394417752449
rw_armax_exog_1_3m,rw_armax_exog_1_3m,RW-ARMAX (Exog. 1) (3 Months),STATISTICAL_ROLLING,,,16_20,NEG,MARGINAL,243,5.104788428702013,0.2795160844520989,2.2824034548153294,0.95393863989427,0,0,79,0.32510288065843623,2.8023357408252587,8.51464,32.911969746521976,0.9929804926753947,0.9991385407465765,0.9941963395267962,0.9954138779998473,59.65741437857939
rw_armax_exog_1_3m,rw_armax_exog_1_3m,RW-ARMAX (Exog. 1) (3 Months),STATISTICAL_ROLLING,,,16_20,POS,AVERAGE,243,20.310444418541785,0.22090407023994327,8.452143536339436,3.3896984502469394,0,0,152,0.6255144032921811,14.525549717387618,26.775800000000004,54.248798233433234,0.9944524203602668,0.9965725082381239,0.9785080191443772,0.9898903969587163,58.184885538655074
rw_armax_exog_1_3m,rw_armax_exog_1_3m,RW-ARMAX (Exog. 1) (3 Months),STATISTICAL_ROLLING,,,16_20,POS,MARGINAL,243,35.65817615379813,0.30138736128117877,15.028796501299098,6.295856553394319,0,0,88,0.36213991769547327,11.0103030956448,35.721720000000005,30.8224326702208,0.9924312377436038,0.9939824997182685,0.9617850069275019,0.9828298980259296,52.02668746846574
rw_armax_exog_1_3m,rw_armax_exog_1_3m,RW-ARMAX (Exog. 1) (3 Months),STATISTICAL_ROLLING,,,20_24,NEG,AVERAGE,243,1.0086621847268755,0.15261807359947221,0.47428037685405383,0.16042506120068922,0,0,206,0.8477366255144033,1.6539386891294385,2.23896,73.87084580025719,0.9961672914544485,0.9998297830782319,0.998794007137276,0.9982427298656302,5.779206499978396
rw_armax_exog_1_3m,rw_armax_exog_1_3m,RW-ARMAX (Exog. 1) (3 Months),STATISTICAL_ROLLING,,,20_24,NEG,MARGINAL,243,2.2671790991174654,0.26110582345353955,1.1316319801588106,0.4359380924164591,0,0,89,0.3662551440329218,0.9915091404350092,3.17832,31.196013630943682,0.993442830870281,0.9996174018881719,0.9971225035698202,0.996694731297033,15.85926270583233
rw_armax_exog_1_3m,rw_armax_exog_1_3m,RW-ARMAX (Exog. 1) (3 Months),STATISTICAL_ROLLING,,,20_24,POS,AVERAGE,243,3.3312255149681205,0.13639679215304182,2.0670234195995367,1.1816843526096186,0,0,153,0.6296296296296297,8.681297690018175,14.73664,58.90961365696777,0.9965746576500322,0.9994378385930797,0.9947440045745606,0.9969153918463323,26.624523471555406
rw_armax_exog_1_3m,rw_armax_exog_1_3m,RW-ARMAX (Exog. 1) (3 Months),STATISTICAL_ROLLING,,,20_24,POS,MARGINAL,243,7.879895031413955,0.19087105315208283,3.8198270368938894,2.1656838196351815,0,0,81,0.3333333333333333,5.613906210173027,17.544799999999995,31.99755032928861,0.9952066416561234,0.9986702272610065,0.9902870024395883,0.9947261439642783,32.818029579815594
rw_armax_exog_1_4_12m,rw_armax_exog_1_4_12m,RW-ARMAX (Exog. 1&4) (12 Months),STATISTICAL_ROLLING,,,00_04,NEG,AVERAGE,243,6.6484609088836235,0.27281815982682744,2.919407451819397,0.8677492036189935,0,0,200,0.823045267489712,4.628662651967289,7.52448,61.51471798672187,0.9931486981332627,0.998878038090907,0.9925765755403346,0.9948505798636191,40.201287123307765
rw_armax_exog_1_4_12m,rw_armax_exog_1_4_12m,RW-ARMAX (Exog. 1&4) (12 Months),STATISTICAL_ROLLING,,,00_04,NEG,MARGINAL,243,11.14237269310959,0.2890474362384735,4.828568557283141,1.2857825841001311,0,0,132,0.5432098765432098,4.133989134407858,10.485959999999999,39.424040663972185,0.9927411311595484,0.9981196674072518,0.9877219899843139,0.9928597315334632,19.12820695503854
rw_armax_exog_1_4_12m,rw_armax_exog_1_4_12m,RW-ARMAX (Exog. 1&4) (12 Months),STATISTICAL_ROLLING,,,00_04,POS,AVERAGE,243,1.7233046613499954,0.20269361145633444,0.8876737307925872,0.48129264121813886,0,0,190,0.7818930041152263,2.7307482789233952,3.9527600000000005,69.08459605246448,0.9949097409079073,0.9997091834915938,0.9977428368618908,0.9974284786253385,259.92116937518915
rw_armax_exog_1_4_12m,rw_armax_exog_1_4_12m,RW-ARMAX (Exog. 1&4) (12 Months),STATISTICAL_ROLLING,,,00_04,POS,MARGINAL,243,3.539725883955488,0.33427295407620405,1.6588600312118886,0.7827619157367349,0,0,130,0.5349794238683128,1.898156831628509,4.75564,39.91380406482637,0.9916053795109687,0.99940265308545,0.9957818761738156,0.995556723689287,133.44220233228597
rw_armax_exog_1_4_12m,rw_armax_exog_1_4_12m,RW-ARMAX (Exog. 1&4) (12 Months),STATISTICAL_ROLLING,,,04_08,NEG,AVERAGE,243,4.183331008962267,0.3388100966425851,2.364375568084051,1.132908430114313,0,0,169,0.6954732510288066,3.5787733209261647,6.09224,58.74314408043946,0.9914914379267485,0.9992940414165763,0.9939879020953337,0.994890130254025,152.0985814086731
rw_armax_exog_1_4_12m,rw_armax_exog_1_4_12m,RW-ARMAX (Exog. 1&4) (12 Months),STATISTICAL_ROLLING,,,04_08,NEG,MARGINAL,243,8.265987449301297,0.373699576089739,4.032174618215422,1.6669264161877422,0,0,119,0.4897119341563786,3.036032823255081,8.57392,35.41009040503156,0.9906152559459834,0.9986050721834335,0.9897470482690424,0.9929653867709515,64.67039998045938
rw_armax_exog_1_4_12m,rw_armax_exog_1_4_12m,RW-ARMAX (Exog. 1&4) (12 Months),STATISTICAL_ROLLING,,,04_08,POS,AVERAGE,243,4.533244997414766,0.2226514602792748,2.6188118239697364,1.6015415595026194,0,0,161,0.6625514403292181,5.970918684347685,10.60856,56.28396959010162,0.9944085380298311,0.9992349916346971,0.9933409254891082,0.9956489555809984,169.90772822232017
rw_armax_exog_1_4_12m,rw_armax_exog_1_4_12m,RW-ARMAX (Exog. 1&4) (12 Months),STATISTICAL_ROLLING,,,04_08,POS,MARGINAL,243,19.921050067797115,0.2734228487377151,5.16457999670277,2.132782293076536,0,0,114,0.4691358024691358,4.761745462124921,14.25088,33.41369418677949,0.9931335125376023,0.9966382205338175,0.9868675852534634,0.9922223101725876,124.9206145383149
rw_armax_exog_1_4_12m,rw_armax_exog_1_4_12m,RW-ARMAX (Exog. 1&4) (12 Months),STATISTICAL_ROLLING,,,08_12,NEG,AVERAGE,243,5.699087359042019,0.2993208447450023,3.442951907581045,1.6972266375372334,0,0,198,0.8148148148148148,7.513590844563885,11.116,67.59257686725337,0.99248313432047,0.9990382497511726,0.991245314733899,0.9942378419490335,133.84336806713105
rw_armax_exog_1_4_12m,rw_armax_exog_1_4_12m,RW-ARMAX (Exog. 1&4) (12 Months),STATISTICAL_ROLLING,,,08_12,NEG,MARGINAL,243,18.682651987677925,0.3255544261457325,6.443189930785973,2.4528265523954573,0,0,162,0.6666666666666666,6.985373196827529,15.307240000000002,45.63443963005434,0.9918243285234654,0.9968472065673115,0.9836163555379507,0.9907732471927149,118.02295008105668
rw_armax_exog_1_4_12m,rw_armax_exog_1_4_12m,RW-ARMAX (Exog. 1&4) (12 Months),STATISTICAL_ROLLING,,,08_12,POS,AVERAGE,243,9.413374040099447,0.23902092206583248,5.393940555810928,3.0450152043373855,0,0,197,0.8106995884773662,11.008779031937786,17.75968,61.98748531470041,0.9939974505708183,0.9984114448059815,0.9862843707441269,0.9929087523256142,174.7185138074247
rw_armax_exog_1_4_12m,rw_armax_exog_1_4_12m,RW-ARMAX (Exog. 1&4) (12 Months),STATISTICAL_ROLLING,,,08_12,POS,MARGINAL,243,18.20746737148532,0.26771932721125064,8.790842492656191,3.8219697670645516,0,0,140,0.5761316872427984,9.496900103431642,23.39096,40.60072824472207,0.993276745479669,0.9969273964107146,0.9776467806368102,0.9893235718887707,86.22941807100366
rw_armax_exog_1_4_12m,rw_armax_exog_1_4_12m,RW-ARMAX (Exog. 1&4) (12 Months),STATISTICAL_ROLLING,,,12_16,NEG,AVERAGE,243,13.868602383074693,0.28318683775595016,7.867332108350851,3.29576950251035,0,0,217,0.8930041152263375,14.747867136744892,23.006559999999997,64.10287820841053,0.9928883087863933,0.9976596021516236,0.9799950686674291,0.9902080663576612,127.13499202794524
rw_armax_exog_1_4_12m,rw_armax_exog_1_4_12m,RW-ARMAX (Exog. 1&4) (12 Months),STATISTICAL_ROLLING,,,12_16,NEG,MARGINAL,243,29.862288020357713,0.2785264028166853,10.964673958838961,3.302975366771096,0,0,168,0.691358024691358,12.769067387745284,30.051000000000005,42.491322710543024,0.9930053466207497,0.9949605855947147,0.9721191953498731,0.986758145562769,34.09402412477659
rw_armax_exog_1_4_12m,rw_armax_exog_1_4_12m,RW-ARMAX (Exog. 1&4) (12 Months),STATISTICAL_ROLLING,,,12_16,POS,AVERAGE,243,16.873968805700713,0.23745414659679465,4.900916548918814,1.7330814310021445,0,0,204,0.8395061728395061,6.923098005352202,12.400360000000001,55.82981466144694,0.9940367971146943,0.9971524311393751,0.9875380246216233,0.9929203614201256,128.59219801805742
rw_armax_exog_1_4_12m,rw_armax_exog_1_4_12m,RW-ARMAX (Exog. 1&4) (12 Months),STATISTICAL_ROLLING,,,12_16,POS,MARGINAL,243,93.8422089415853,0.26055945882384524,13.92228415312961,2.1001188706162672,0,0,131,0.5390946502057613,5.715761908435266,22.700200000000006,25.179346034111,0.9934565517641164,0.9841636454902041,0.9645986295430105,0.9808667783607605,37.5198608366421
rw_armax_exog_1_4_12m,rw_armax_exog_1_4_12m,RW-ARMAX (Exog. 1&4) (12 Months),STATISTICAL_ROLLING,,,16_20,NEG,AVERAGE,243,4.605648748403144,0.5821802526277127,2.617037284711918,0.8865313681477479,0,0,161,0.6625514403292181,3.722637253377824,6.76304,55.043844977670155,0.9853796658765762,0.999222773130024,0.9933454377602964,0.9925765959918417,190.43327593077743
rw_armax_exog_1_4_12m,rw_armax_exog_1_4_12m,RW-ARMAX (Exog. 1&4) (12 Months),STATISTICAL_ROLLING,,,16_20,NEG,MARGINAL,243,8.56606973321113,0.7999338450736153,4.305226966590105,1.6338637542292567,0,0,116,0.4773662551440329,3.1827517430195917,8.51464,37.37975701873,0.9799112044099336,0.9985544317575132,0.9890527349485668,0.9890801745123838,173.4541316787777
rw_armax_exog_1_4_12m,rw_armax_exog_1_4_12m,RW-ARMAX (Exog. 1&4) (12 Months),STATISTICAL_ROLLING,,,16_20,POS,AVERAGE,243,59.007157569653046,0.338017537398149,15.491736934372044,4.886688306910308,0,0,204,0.8395061728395061,14.37595838071309,26.775800000000004,53.69011712334678,0.9915113415234679,0.9900422392393801,0.9606078490997721,0.9808283852698993,128.04395194368342
rw_armax_exog_1_4_12m,rw_armax_exog_1_4_12m,RW-ARMAX (Exog. 1&4) (12 Months),STATISTICAL_ROLLING,,,16_20,POS,MARGINAL,243,85.07408954492377,0.3194614446754425,20.146459451816664,5.084438168394257,0,0,166,0.6831275720164609,15.217478854152962,35.721720000000005,42.60007316039922,0.991977342000823,0.9856433106506457,0.948771892125894,0.9756293131965379,22.77444471991288
rw_armax_exog_1_4_12m,rw_armax_exog_1_4_12m,RW-ARMAX (Exog. 1&4) (12 Months),STATISTICAL_ROLLING,,,20_24,NEG,AVERAGE,243,1.0072193938514546,0.21304607636257195,0.5221087061890527,0.2618137249300645,0,0,193,0.7942386831275721,1.7038173885539363,2.23896,76.0986077711945,0.9946497587198357,0.9998300265565988,0.9986723899955409,0.9976867154269504,72.63168152549754
rw_armax_exog_1_4_12m,rw_armax_exog_1_4_12m,RW-ARMAX (Exog. 1&4) (12 Months),STATISTICAL_ROLLING,,,20_24,NEG,MARGINAL,243,2.0091588493001433,0.2934884646018856,1.0300966643946234,0.44199280610899594,0,0,105,0.43209876543209874,1.2453765864908137,3.17832,39.1834864485267,0.9926296032981488,0.9996609441299084,0.9973806860123203,0.9965178030683062,17.46842390673532
rw_armax_exog_1_4_12m,rw_armax_exog_1_4_12m,RW-ARMAX (Exog. 1&4) (12 Months),STATISTICAL_ROLLING,,,20_24,POS,AVERAGE,243,8.70686874379433,0.334950240922294,3.8572628280916024,1.9998936001395302,0,0,189,0.7777777777777778,9.383257051238608,14.73664,63.672974648485734,0.9915883707581941,0.9985306712016677,0.9901918112843179,0.9934184652781612,114.30052242990165
rw_armax_exog_1_4_12m,rw_armax_exog_1_4_12m,RW-ARMAX (Exog. 1&4) (12 Months),STATISTICAL_ROLLING,,,20_24,POS,MARGINAL,243,35.034879288022175,0.39429770026374383,9.06614134883451,3.1839662419578048,0,0,137,0.5637860082304527,6.984073719651184,17.544799999999995,39.8070865421731,0.9900979737874415,0.9940876842641418,0.9769467549307723,0.9870746760220519,95.2677111364868
rw_armax_exog_1_4_3m,rw_armax_exog_1_4_3m,RW-ARMAX (Exog. 1&4) (3 Months),STATISTICAL_ROLLING,,,00_04,NEG,AVERAGE,243,12.640772619698634,0.38505585545747734,4.19916850661536,1.0402498262448896,0,0,193,0.7942386831275721,4.53790378084621,7.52448,60.308536680889716,0.9903300648938893,0.9978668047274134,0.9893224187727416,0.9924846658189735,68.07202353062291
rw_armax_exog_1_4_3m,rw_armax_exog_1_4_3m,RW-ARMAX (Exog. 1&4) (3 Months),STATISTICAL_ROLLING,,,00_04,NEG,MARGINAL,243,27.855487106356495,0.4857256949307534,8.09587070567379,1.634571817184804,0,0,142,0.5843621399176955,4.051987824212894,10.485959999999999,38.64203014519313,0.9878019360495881,0.9952992435511199,0.9794139442299041,0.9875080102245979,51.443651616065544
rw_armax_exog_1_4_3m,rw_armax_exog_1_4_3m,RW-ARMAX (Exog. 1&4) (3 Months),STATISTICAL_ROLLING,,,00_04,POS,AVERAGE,243,2.5776849623314115,0.3209601113445802,1.3183564795051028,0.6501673696036869,0,0,189,0.7777777777777778,2.517251760321703,3.9527600000000005,63.683394901833225,0.9919397058780869,0.9995650024297333,0.9966477033788423,0.9960096929153796,386.20938679859984
rw_armax_exog_1_4_3m,rw_armax_exog_1_4_3m,RW-ARMAX (Exog. 1&4) (3 Months),STATISTICAL_ROLLING,,,00_04,POS,MARGINAL,243,3.684854293514953,0.3436728033806022,1.7900698777483124,0.8296147487156871,0,0,139,0.5720164609053497,2.02117907480666,4.75564,42.50067445825715,0.9913693204263127,0.9993781619213016,0.9954482377899304,0.9953582808496528,147.41506981117843
rw_armax_exog_1_4_3m,rw_armax_exog_1_4_3m,RW-ARMAX (Exog. 1&4) (3 Months),STATISTICAL_ROLLING,,,04_08,NEG,AVERAGE,243,4.006050948803471,0.31070291100700886,2.227592059706621,1.024249118352469,0,0,187,0.7695473251028807,3.9824524778702983,6.09224,65.36926447202175,0.9921972956802646,0.9993239583368179,0.9943357131010003,0.9952547721057701,127.9193471264817
rw_armax_exog_1_4_3m,rw_armax_exog_1_4_3m,RW-ARMAX (Exog. 1&4) (3 Months),STATISTICAL_ROLLING,,,04_08,NEG,MARGINAL,243,9.381840191843633,0.40375509291637895,4.308387988006259,1.6102808736259542,0,0,134,0.551440329218107,3.4443391485688055,8.57392,40.17227999058547,0.9898604696125853,0.9984167663047577,0.9890446971518271,0.9924148426089521,59.074565599183856
rw_armax_exog_1_4_3m,rw_armax_exog_1_4_3m,RW-ARMAX (Exog. 1&4) (3 Months),STATISTICAL_ROLLING,,,04_08,POS,AVERAGE,243,6.454596598931068,0.3023059493415556,3.2777717167412357,2.0553609228602685,0,0,175,0.720164609053498,6.4625574230815355,10.60856,60.918328435542,0.9924081691762591,0.9989107536884386,0.9916653323878816,0.9943088859251138,246.38988546662137
rw_armax_exog_1_4_3m,rw_armax_exog_1_4_3m,RW-ARMAX (Exog. 1&4) (3 Months),STATISTICAL_ROLLING,,,04_08,POS,MARGINAL,243,21.179628706745294,0.3396290706895656,5.970186414404873,2.753299934853798,0,0,143,0.588477366255144,5.608997394064991,14.25088,39.35895463343309,0.9914708709732127,0.9964258289274216,0.9848191016194622,0.990910923211364,190.35964681717076
rw_armax_exog_1_4_3m,rw_armax_exog_1_4_3m,RW-ARMAX (Exog. 1&4) (3 Months),STATISTICAL_ROLLING,,,08_12,NEG,AVERAGE,243,8.75886748818318,0.38167721830350687,4.373572516802313,1.6301057839229607,0,0,173,0.7119341563786008,6.385333094393862,11.116,57.44272305140213,0.990414912849226,0.9985218961466099,0.9888789469324958,0.9925833485848418,124.59547734378145
rw_armax_exog_1_4_3m,rw_armax_exog_1_4_3m,RW-ARMAX (Exog. 1&4) (3 Months),STATISTICAL_ROLLING,,,08_12,NEG,MARGINAL,243,20.821266839944855,0.4168804650216797,8.125171351608596,2.328441700487467,0,0,133,0.5473251028806584,5.512686535552168,15.307240000000002,36.01358922674609,0.98953085120865,0.9964863043321404,0.979339438997145,0.9884629847096051,106.96682695979848
rw_armax_exog_1_4_3m,rw_armax_exog_1_4_3m,RW-ARMAX (Exog. 1&4) (3 Months),STATISTICAL_ROLLING,,,08_12,POS,AVERAGE,243,11.793864961468755,0.3419645238630282,7.007424860371218,4.674282422559177,0,0,190,0.7818930041152263,9.822661588450577,17.75968,55.308775768767106,0.9914122205714316,0.9980097247424479,0.9821816276192182,0.9905433012736367,321.709526577243
rw_armax_exog_1_4_3m,rw_armax_exog_1_4_3m,RW-ARMAX (Exog. 1&4) (3 Months),STATISTICAL_ROLLING,,,08_12,POS,MARGINAL,243,22.863102916437178,0.38652281276685596,11.244995363925032,5.011255274800387,0,0,141,0.5802469135802469,8.156318515386884,23.39096,34.86953299645198,0.990293225090562,0.9961417340122074,0.9714063983835617,0.9859905802213949,144.17858081281926
rw_armax_exog_1_4_3m,rw_armax_exog_1_4_3m,RW-ARMAX (Exog. 1&4) (3 Months),STATISTICAL_ROLLING,,,12_16,NEG,AVERAGE,243,46.1038715182806,0.46705619436690343,13.947661132748431,4.062705597713922,0,0,188,0.7736625514403292,11.788100060059733,23.006559999999997,51.23799498951488,0.98827078454613,0.9922197350012076,0.9645341013487368,0.981740832741166,179.99003050600692
rw_armax_exog_1_4_3m,rw_armax_exog_1_4_3m,RW-ARMAX (Exog. 1&4) (3 Months),STATISTICAL_ROLLING,,,12_16,NEG,MARGINAL,243,36.13129592102022,0.4114271049277551,15.211739598796907,5.758773610296672,0,0,136,0.5596707818930041,10.095537364690555,30.051000000000005,33.59468025919455,0.9896678018288552,0.9939026583287293,0.9613198220271052,0.9817104711392362,133.79439495582685
rw_armax_exog_1_4_3m,rw_armax_exog_1_4_3m,RW-ARMAX (Exog. 1&4) (3 Months),STATISTICAL_ROLLING,,,12_16,POS,AVERAGE,243,19.787349933456255,0.4510833799161312,6.8517490349114185,3.1278551680816546,0,0,181,0.7448559670781894,5.960342998187418,12.400360000000001,48.06588678221775,0.9886719109723661,0.9966607831178541,0.9825774777187912,0.9892970758066975,312.56185379614806
rw_armax_exog_1_4_3m,rw_armax_exog_1_4_3m,RW-ARMAX (Exog. 1&4) (3 Months),STATISTICAL_ROLLING,,,12_16,POS,MARGINAL,243,94.01322503683997,0.5034442756359835,16.37671672254879,3.6671714309077563,0,0,147,0.6049382716049383,5.396464419770524,22.700200000000006,23.77276156056124,0.9873569680711414,0.984134785646197,0.9583575360775982,0.9767238353130405,140.13350477373595
rw_armax_exog_1_4_3m,rw_armax_exog_1_4_3m,RW-ARMAX (Exog. 1&4) (3 Months),STATISTICAL_ROLLING,,,16_20,NEG,AVERAGE,243,4.589310439878124,0.3633978985207686,2.4867848260565943,0.6922367087979122,0,0,167,0.6872427983539094,3.7616100311174137,6.76304,55.620106211369645,0.9908739627080392,0.9992255303034623,0.9936766417129721,0.9945548640861567,126.78111827647234
rw_armax_exog_1_4_3m,rw_armax_exog_1_4_3m,RW-ARMAX (Exog. 1&4) (3 Months),STATISTICAL_ROLLING,,,16_20,NEG,MARGINAL,243,6.844912222422539,0.48641592051688676,3.1958637020801404,0.8434031562628448,0,0,92,0.3786008230452675,2.899558604486259,8.51464,34.05380150524578,0.9877846023653137,0.9988448859232396,0.9918736068303884,0.9927838674129039,41.15747237430632
rw_armax_exog_1_4_3m,rw_armax_exog_1_4_3m,RW-ARMAX (Exog. 1&4) (3 Months),STATISTICAL_ROLLING,,,16_20,POS,AVERAGE,243,92.10535424083648,0.36423115281551255,14.89031211197142,4.689171355643683,0,0,194,0.7983539094650206,16.877880211214375,26.775800000000004,63.03408380408568,0.9908530371336248,0.9844567486373197,0.9621371429071427,0.9792660168351051,118.82655494313931
rw_armax_exog_1_4_3m,rw_armax_exog_1_4_3m,RW-ARMAX (Exog. 1&4) (3 Months),STATISTICAL_ROLLING,,,16_20,POS,MARGINAL,243,37.12314544255187,0.346329170216261,16.45005990363998,6.014060295063349,0,0,146,0.6008230452674898,12.835996295288403,35.721720000000005,35.93330974905017,0.9913026108968904,0.9937352786301853,0.9581710401624348,0.9811719729065075,45.222124605296834
rw_armax_exog_1_4_3m,rw_armax_exog_1_4_3m,RW-ARMAX (Exog. 1&4) (3 Months),STATISTICAL_ROLLING,,,20_24,NEG,AVERAGE,243,1.068069288251766,0.19352839078244113,0.5199266955090683,0.2521583984566026,0,0,198,0.8148148148148148,1.711791748813201,2.23896,76.45477135872018,0.9951399077470647,0.9998197578245381,0.9986779383788071,0.9978518083811061,66.26526492439453
rw_armax_exog_1_4_3m,rw_armax_exog_1_4_3m,RW-ARMAX (Exog. 1&4) (3 Months),STATISTICAL_ROLLING,,,20_24,NEG,MARGINAL,243,2.087975599936396,0.26886962960809424,1.0530277456433752,0.48496255318780435,0,0,127,0.522633744855967,1.4072599017137628,3.17832,44.276847570847586,0.9932478578536994,0.9996476433986227,0.997322377210881,0.996704378471394,28.888493182193
rw_armax_exog_1_4_3m,rw_armax_exog_1_4_3m,RW-ARMAX (Exog. 1&4) (3 Months),STATISTICAL_ROLLING,,,20_24,POS,AVERAGE,243,12.797173623644111,0.4185268980877058,4.334453974079488,2.1305641056174167,0,0,173,0.7119341563786008,8.096956192066415,14.73664,54.94438482629973,0.989489504217871,0.9978404112550933,0.9889784169625165,0.9920766447458874,128.3026461369512
rw_armax_exog_1_4_3m,rw_armax_exog_1_4_3m,RW-ARMAX (Exog. 1&4) (3 Months),STATISTICAL_ROLLING,,,20_24,POS,MARGINAL,243,19.1330269239656,0.4144069712372685,6.414762307523287,2.951329491465909,0,0,135,0.5555555555555556,6.543406199509989,17.544799999999995,37.295416302893116,0.9895929682341196,0.996771203484756,0.9836886408620588,0.9900133578340495,81.00046005946221
rw_armax_exog_1_4_6m,rw_armax_exog_1_4_6m,RW-ARMAX (Exog. 1&4) (6 Months),STATISTICAL_ROLLING,,,00_04,NEG,AVERAGE,243,8.144279308918865,0.3405260693517904,3.5150912694895164,1.0580402561004032,0,0,194,0.7983539094650206,4.402919967583408,7.52448,58.51460788763354,0.9914483445819605,0.9986256110569273,0.9910618798716764,0.9936893091643058,70.94640377069409
rw_armax_exog_1_4_6m,rw_armax_exog_1_4_6m,RW-ARMAX (Exog. 1&4) (6 Months),STATISTICAL_ROLLING,,,00_04,NEG,MARGINAL,243,17.27697932335172,0.3936843879572445,6.3550649007475135,1.229376797821851,0,0,149,0.6131687242798354,4.237704402359304,10.485959999999999,40.41312767127955,0.9901133759430498,0.9970844210456158,0.9838404385117365,0.9903437514745632,13.902191091770838
rw_armax_exog_1_4_6m,rw_armax_exog_1_4_6m,RW-ARMAX (Exog. 1&4) (6 Months),STATISTICAL_ROLLING,,,00_04,POS,AVERAGE,243,2.321860309997505,0.2709831101971349,1.154177062861656,0.5869319046413493,0,0,182,0.7489711934156379,2.497997330918527,3.9527600000000005,63.19628135577487,0.9931947818652307,0.999608174153123,0.9970651762795589,0.9965884314769635,338.92052229898064
rw_armax_exog_1_4_6m,rw_armax_exog_1_4_6m,RW-ARMAX (Exog. 1&4) (6 Months),STATISTICAL_ROLLING,,,00_04,POS,MARGINAL,243,3.459949750677245,0.289439285081831,1.6377183228016954,0.7431214295578634,0,0,135,0.5555555555555556,1.98261090916602,4.75564,41.68967603027185,0.9927312906316537,0.9994161157174816,0.9958356349854653,0.9959617165467347,121.62026489629223
rw_armax_exog_1_4_6m,rw_armax_exog_1_4_6m,RW-ARMAX (Exog. 1&4) (6 Months),STATISTICAL_ROLLING,,,04_08,NEG,AVERAGE,243,3.8239133706452324,0.2987829546670533,2.153043115334693,0.9712092591166623,1,0,182,0.7489711934156379,3.779502322500679,6.09224,62.037974907434354,0.9924966423922841,0.9993546949881584,0.9945252750125273,0.9954292485136029,116.11673985829026
rw_armax_exog_1_4_6m,rw_armax_exog_1_4_6m,RW-ARMAX (Exog. 1&4) (6 Months),STATISTICAL_ROLLING,,,04_08,NEG,MARGINAL,243,8.50905248910333,0.39799770012016183,4.198972638979564,1.7207602861633031,0,0,127,0.522633744855967,3.201418116233739,8.57392,37.339024812848024,0.9900050554276839,0.9985640537101617,0.9893229168219596,0.9926044191210126,69.98847810033557
rw_armax_exog_1_4_6m,rw_armax_exog_1_4_6m,RW-ARMAX (Exog. 1&4) (6 Months),STATISTICAL_ROLLING,,,04_08,POS,AVERAGE,243,4.65127853293345,0.23500485713346728,2.698201122018809,1.7823078659324008,0,0,171,0.7037037037037037,6.558892902178503,10.60856,61.826420382959625,0.9940983062953256,0.9992150728696382,0.9931390556005438,0.9954702865355708,200.3722658536474
rw_armax_exog_1_4_6m,rw_armax_exog_1_4_6m,RW-ARMAX (Exog. 1&4) (6 Months),STATISTICAL_ROLLING,,,04_08,POS,MARGINAL,243,20.80705847472245,0.32626589615613716,5.514795151019307,2.5538326545659453,0,0,123,0.5061728395061729,5.04428260090783,14.25088,35.39628851627289,0.9918064613264522,0.9964887020667121,0.9859770635343801,0.9914278994993544,169.3240711710914
rw_armax_exog_1_4_6m,rw_armax_exog_1_4_6m,RW-ARMAX (Exog. 1&4) (6 Months),STATISTICAL_ROLLING,,,08_12,NEG,AVERAGE,243,6.8225961129309045,0.41954523226002527,4.097202271586561,1.86879119701952,0,0,170,0.6995884773662552,6.1855865341022165,11.116,55.645794657270756,0.9894639307193172,0.9988486518812789,0.9895816969501338,0.992599751558934,157.4814807051148
rw_armax_exog_1_4_6m,rw_armax_exog_1_4_6m,RW-ARMAX (Exog. 1&4) (6 Months),STATISTICAL_ROLLING,,,08_12,NEG,MARGINAL,243,19.62211807460052,0.45631111423156134,7.4351585835704865,2.40032164945244,0,0,129,0.5308641975308642,5.476809618281276,15.307240000000002,35.77921048001649,0.9885406265083962,0.9966886668422748,0.9810939928729815,0.9887720907188893,113.35597767643371
rw_armax_exog_1_4_6m,rw_armax_exog_1_4_6m,RW-ARMAX (Exog. 1&4) (6 Months),STATISTICAL_ROLLING,,,08_12,POS,AVERAGE,243,9.62420883636195,0.30600278471980524,6.155713976538093,3.7822587785055806,0,0,194,0.7983539094650206,10.696316186258972,17.75968,60.2280907440842,0.992315330286267,0.998375865351765,0.9843473449820583,0.9916858717074925,241.23196133342256
rw_armax_exog_1_4_6m,rw_armax_exog_1_4_6m,RW-ARMAX (Exog. 1&4) (6 Months),STATISTICAL_ROLLING,,,08_12,POS,MARGINAL,243,18.727001643737967,0.3390920915699372,10.133861185741008,4.771155427261929,0,0,142,0.5843621399176955,8.570090684900963,23.39096,36.63847351669604,0.9914843561680657,0.9968397223351768,0.9742317733174926,0.9875582746625233,132.4794681533369
rw_armax_exog_1_4_6m,rw_armax_exog_1_4_6m,RW-ARMAX (Exog. 1&4) (6 Months),STATISTICAL_ROLLING,,,12_16,NEG,AVERAGE,243,28.666539657622902,0.3802080750500358,12.220674360782828,3.062386684412054,0,0,196,0.8065843621399177,11.540521498278661,23.006559999999997,50.16187338862769,0.9904518075483231,0.9951623742694524,0.9689254568056596,0.9849025988212169,111.05091682552614
rw_armax_exog_1_4_6m,rw_armax_exog_1_4_6m,RW-ARMAX (Exog. 1&4) (6 Months),STATISTICAL_ROLLING,,,12_16,NEG,MARGINAL,243,45.40686954493382,0.414066052734117,17.82955107690633,4.481812409252122,0,0,145,0.5967078189300411,10.18472743013929,30.051000000000005,33.8914759247256,0.9896015297447555,0.9923373576623581,0.9546632911803131,0.9789747342312984,81.95238976804234
rw_armax_exog_1_4_6m,rw_armax_exog_1_4_6m,RW-ARMAX (Exog. 1&4) (6 Months),STATISTICAL_ROLLING,,,12_16,POS,AVERAGE,243,17.13415308617834,0.36563756519023666,6.023517360066424,2.6214056544943514,0,0,184,0.757201646090535,5.690908590612828,12.400360000000001,45.89309173776268,0.990817717799551,0.9971085237063554,0.9846834925093894,0.9908693894030431,245.76152611093707
rw_armax_exog_1_4_6m,rw_armax_exog_1_4_6m,RW-ARMAX (Exog. 1&4) (6 Months),STATISTICAL_ROLLING,,,12_16,POS,MARGINAL,243,94.12691095222735,0.42005367724226345,15.690419463579452,4.0178240255402216,0,0,145,0.5967078189300411,4.9993361433910275,22.700200000000006,22.02331320160627,0.9894511621042875,0.9841156005643543,0.9601026422140024,0.9780054152323154,163.09491743020797
rw_armax_exog_1_4_6m,rw_armax_exog_1_4_6m,RW-ARMAX (Exog. 1&4) (6 Months),STATISTICAL_ROLLING,,,16_20,NEG,AVERAGE,243,4.193585767059839,0.40754179278362535,2.3764153148675886,0.787524319043855,0,0,177,0.7283950617283951,4.077130445604005,6.76304,60.285469930741264,0.9897653739492844,0.9992923108735032,0.9939572876120059,0.9942925946429748,157.99794127187937
rw_armax_exog_1_4_6m,rw_armax_exog_1_4_6m,RW-ARMAX (Exog. 1&4) (6 Months),STATISTICAL_ROLLING,,,16_20,NEG,MARGINAL,243,6.764255901763035,0.49985677893025543,3.425571334487552,0.9317059788610234,0,0,111,0.4567901234567901,3.151624073781252,8.51464,37.01417880005793,0.9874470611312679,0.9988584970914103,0.9912895097883936,0.9924808430549664,55.9364107134831
rw_armax_exog_1_4_6m,rw_armax_exog_1_4_6m,RW-ARMAX (Exog. 1&4) (6 Months),STATISTICAL_ROLLING,,,16_20,POS,AVERAGE,243,75.1324666516293,0.35945750615417343,14.751061889872615,4.6810968779888,0,0,178,0.7325102880658436,14.921847991761192,26.775800000000004,55.72885961114584,0.9909729180620158,0.9873210105504735,0.9624912262345994,0.9803688302801595,118.44974846835419
rw_armax_exog_1_4_6m,rw_armax_exog_1_4_6m,RW-ARMAX (Exog. 1&4) (6 Months),STATISTICAL_ROLLING,,,16_20,POS,MARGINAL,243,132.03556935821584,0.37802317783547,23.235590472155607,5.9505502353006285,0,0,136,0.5596707818930041,13.193514067598528,35.721720000000005,36.934151176367,0.9905066770275919,0.977718319849429,0.9409168971812164,0.9699218918094943,43.68854074347185
rw_armax_exog_1_4_6m,rw_armax_exog_1_4_6m,RW-ARMAX (Exog. 1&4) (6 Months),STATISTICAL_ROLLING,,,20_24,NEG,AVERAGE,243,1.0384411463784193,0.1972306156941077,0.5245113211288018,0.24872993320755954,0,0,197,0.8106995884773662,1.7010814969456283,2.23896,75.97641301968898,0.9950469335093363,0.9998247577255791,0.9986662806631488,0.9978180000614545,64.00464348007516
rw_armax_exog_1_4_6m,rw_armax_exog_1_4_6m,RW-ARMAX (Exog. 1&4) (6 Months),STATISTICAL_ROLLING,,,20_24,NEG,MARGINAL,243,2.0349731817552983,0.2690365020915523,1.0213937990307873,0.4246243102521958,0,0,110,0.45267489711934156,1.287861711752722,3.17832,40.52020286669442,0.9932436671731444,0.9996565878287854,0.9974028155247907,0.9967324499455492,12.852398926849462
rw_armax_exog_1_4_6m,rw_armax_exog_1_4_6m,RW-ARMAX (Exog. 1&4) (6 Months),STATISTICAL_ROLLING,,,20_24,POS,AVERAGE,243,16.165035492659314,0.4210947586069069,6.494429642582517,2.2103963982358437,0,0,175,0.720164609053498,7.942705820971372,14.73664,53.89767152465807,0.9894250173538738,0.9972720672753501,0.9834860639852523,0.990054689216316,136.8571522435321
rw_armax_exog_1_4_6m,rw_armax_exog_1_4_6m,RW-ARMAX (Exog. 1&4) (6 Months),STATISTICAL_ROLLING,,,20_24,POS,MARGINAL,243,28.697400570517352,0.4030923221511569,9.64873311781908,2.979249771365513,0,0,136,0.5596707818930041,6.62622620209502,17.544799999999995,37.76746501581677,0.9898771138219878,0.995157166331973,0.9754653495225671,0.9868636489314742,82.71276752002541
rw_armax_exog_1_6m,rw_armax_exog_1_6m,RW-ARMAX (Exog. 1) (6 Months),STATISTICAL_ROLLING,,,00_04,NEG,AVERAGE,243,3.638543453467085,0.18137864121422825,1.8869530900606015,0.6594554382430324,0,0,181,0.7448559670781894,4.9224750298569555,7.52448,65.41947124395247,0.995445025272782,0.9993859771133022,0.9952018846446845,0.9966653029728816,6.547491898054712
rw_armax_exog_1_6m,rw_armax_exog_1_6m,RW-ARMAX (Exog. 1) (6 Months),STATISTICAL_ROLLING,,,00_04,NEG,MARGINAL,243,8.278580808607323,0.2544586991486949,3.833086061464294,1.177761534562583,0,0,90,0.37037037037037035,3.479079975062854,10.485959999999999,33.17845934051679,0.9936097605760862,0.998602946989401,0.9902532875954182,0.9941498760088596,9.12001886481365
rw_armax_exog_1_6m,rw_armax_exog_1_6m,RW-ARMAX (Exog. 1) (6 Months),STATISTICAL_ROLLING,,,00_04,POS,AVERAGE,243,0.9360823985528898,0.061659528561091234,0.29550221093579127,0.14915568055300676,0,0,219,0.9012345679012346,3.4525153538930855,3.9527600000000005,87.34442146482674,0.9984515398703631,0.9998420312897462,0.9992486015135781,0.9991734323810205,11.541881936355503
rw_armax_exog_1_6m,rw_armax_exog_1_6m,RW-ARMAX (Exog. 1) (6 Months),STATISTICAL_ROLLING,,,00_04,POS,MARGINAL,243,2.3441625034280453,0.14998726929127384,0.9205056610376852,0.4316271478928737,0,0,65,0.2674897119341564,1.1774065043526811,4.75564,24.758108358763096,0.9962333590302991,0.9996044105434905,0.9976593523335877,0.9978163838197376,28.7236769761346
rw_armax_exog_1_6m,rw_armax_exog_1_6m,RW-ARMAX (Exog. 1) (6 Months),STATISTICAL_ROLLING,,,04_08,NEG,AVERAGE,243,2.518875958994152,0.18215138075352574,1.3846142221616036,0.644964135786382,0,0,182,0.7489711934156379,4.286824011786148,6.09224,70.36531738385467,0.9954256194097286,0.9995749267509499,0.9964792242077791,0.9971425804156884,43.519581432377166
rw_armax_exog_1_6m,rw_armax_exog_1_6m,RW-ARMAX (Exog. 1) (6 Months),STATISTICAL_ROLLING,,,04_08,NEG,MARGINAL,243,6.470636011720338,0.30250264376424346,3.185695423719792,1.4204135664488842,0,0,96,0.3950617283950617,3.0510563803011936,8.57392,35.58531430548914,0.9924032295752215,0.9989080469551901,0.9918994625725341,0.9943835761997244,40.318173527861916
rw_armax_exog_1_6m,rw_armax_exog_1_6m,RW-ARMAX (Exog. 1) (6 Months),STATISTICAL_ROLLING,,,04_08,POS,AVERAGE,243,4.087428256692774,0.14805281839523945,1.8644765157737104,1.0523802090241459,0,0,148,0.6090534979423868,6.232061241995201,10.60856,58.74559074931187,0.996281939033344,0.9993102254983508,0.9952590377327972,0.9969437161376159,77.35759010340753
rw_armax_exog_1_6m,rw_armax_exog_1_6m,RW-ARMAX (Exog. 1) (6 Months),STATISTICAL_ROLLING,,,04_08,POS,MARGINAL,243,20.70132858889384,0.22229392698336375,4.727686776131981,1.7932815175273706,0,0,84,0.345679012345679,4.294633947152021,14.25088,30.135921059976788,0.9944175167889402,0.9965065445277235,0.9879785106290309,0.9929820239099687,89.11727759171893
rw_armax_exog_1_6m,rw_armax_exog_1_6m,RW-ARMAX (Exog. 1) (6 Months),STATISTICAL_ROLLING,,,08_12,NEG,AVERAGE,243,3.9629974643046575,0.19152581861886273,2.0422760296296794,0.9813413945879401,0,0,152,0.6255144032921811,6.889176365688001,11.116,61.97531815120547,0.9951901984843504,0.9993312238333476,0.9948069318579381,0.9964302588628036,35.20891780671518
rw_armax_exog_1_6m,rw_armax_exog_1_6m,RW-ARMAX (Exog. 1) (6 Months),STATISTICAL_ROLLING,,,08_12,NEG,MARGINAL,243,17.406178383301288,0.3186896119569619,5.5175117158399125,2.0904788874166798,0,0,72,0.2962962962962963,3.5624720786961683,15.307240000000002,23.27311833286842,0.9919967250908207,0.9970626180409895,0.9859701558950497,0.9916797019297721,85.81516645424333
rw_armax_exog_1_6m,rw_armax_exog_1_6m,RW-ARMAX (Exog. 1) (6 Months),STATISTICAL_ROLLING,,,08_12,POS,AVERAGE,243,8.809163531248185,0.20362141633444125,4.484692978123781,2.2506509158803567,0,0,138,0.5679012345679012,9.510507533697906,17.75968,53.55111991712636,0.9948864408779629,0.9985134084311416,0.9885963915289913,0.9940076238853512,103.05168717360009
rw_armax_exog_1_6m,rw_armax_exog_1_6m,RW-ARMAX (Exog. 1) (6 Months),STATISTICAL_ROLLING,,,08_12,POS,MARGINAL,243,18.509508241356034,0.3130617438938827,9.110294227414158,4.23961935079744,0,0,72,0.2962962962962963,5.977199491723838,23.39096,25.553459506253006,0.9921380581420766,0.9968764254633588,0.976834483668805,0.9886515397819202,106.57982471378314
rw_armax_exog_1_6m,rw_armax_exog_1_6m,RW-ARMAX (Exog. 1) (6 Months),STATISTICAL_ROLLING,,,12_16,NEG,AVERAGE,243,6.04059178089537,0.2011952617685902,3.7618797256712564,1.9016754100722988,0,0,167,0.6872427983539094,17.164599988315295,23.006559999999997,74.60741626873073,0.9949473690702672,0.9989806191268285,0.9904343499731552,0.9947890452868855,31.0580211320936
rw_armax_exog_1_6m,rw_armax_exog_1_6m,RW-ARMAX (Exog. 1) (6 Months),STATISTICAL_ROLLING,,,12_16,NEG,MARGINAL,243,27.375251091770593,0.2851139630509594,8.297623546482686,3.1060565177824735,0,0,82,0.3374485596707819,9.245574123860472,30.051000000000005,30.76627774070903,0.9928399127516884,0.9953802858439339,0.9789009302029192,0.9890783716310356,26.09952281769688
rw_armax_exog_1_6m,rw_armax_exog_1_6m,RW-ARMAX (Exog. 1) (6 Months),STATISTICAL_ROLLING,,,12_16,POS,AVERAGE,243,16.30168075650548,0.16276557312470025,3.8642611104256313,0.9624015412476652,0,0,167,0.6872427983539094,7.054822420438816,12.400360000000001,56.89207749161166,0.9959124565765796,0.9972490076855902,0.9901740161594127,0.9944598331048881,26.94007318661168
rw_armax_exog_1_6m,rw_armax_exog_1_6m,RW-ARMAX (Exog. 1) (6 Months),STATISTICAL_ROLLING,,,12_16,POS,MARGINAL,243,93.67481946834869,0.23938954265053697,13.377805320678796,1.9030619487287206,0,0,67,0.2757201646090535,3.7100161264553266,22.700200000000006,16.3435393805135,0.9939881933758365,0.9841918933231278,0.9659831219611779,0.9815137407916052,24.616191023456544
rw_armax_exog_1_6m,rw_armax_exog_1_6m,RW-ARMAX (Exog. 1) (6 Months),STATISTICAL_ROLLING,,,16_20,NEG,AVERAGE,243,2.2025596279871738,0.2115399164537423,1.327887042811077,0.5398128031812637,0,0,155,0.6378600823045267,4.13393931992249,6.76304,61.12546014695299,0.9946875830208336,0.9996283067556575,0.9966234692087488,0.9969568642953376,76.84608401942272
rw_armax_exog_1_6m,rw_armax_exog_1_6m,RW-ARMAX (Exog. 1) (6 Months),STATISTICAL_ROLLING,,,16_20,NEG,MARGINAL,243,5.165745456108063,0.30017480260713686,2.356344436487617,0.9184895347803028,0,0,75,0.30864197530864196,2.5821687298102476,8.51464,30.326223185128764,0.992461688815894,0.999128253935271,0.9940083235334906,0.9951720447620953,53.7244201294338
rw_armax_exog_1_6m,rw_armax_exog_1_6m,RW-ARMAX (Exog. 1) (6 Months),STATISTICAL_ROLLING,,,16_20,POS,AVERAGE,243,21.879450715663985,0.22652040453987657,8.956484316431865,3.7836210691058696,0,0,148,0.6090534979423868,13.480386910535858,26.775800000000004,50.34541231461191,0.9943113769572258,0.9963077303707915,0.9772255891496837,0.9893318636072137,76.56781997659826
rw_armax_exog_1_6m,rw_armax_exog_1_6m,RW-ARMAX (Exog. 1) (6 Months),STATISTICAL_ROLLING,,,16_20,POS,MARGINAL,243,36.989642624616444,0.3034357016762313,15.41506448588913,5.808046683138265,0,0,95,0.39094650205761317,11.53243415989575,35.721720000000005,32.28409539041163,0.9923797976254634,0.9937578079160656,0.9608028106249596,0.9824141353111959,40.24749299976907
rw_armax_exog_1_6m,rw_armax_exog_1_6m,RW-ARMAX (Exog. 1) (6 Months),STATISTICAL_ROLLING,,,20_24,NEG,AVERAGE,243,0.9609511127896374,0.14621172088171056,0.4598301805454936,0.17414838241362007,0,0,210,0.8641975308641975,1.7552154243088962,2.23896,78.39422876285848,0.9963281746462493,0.9998378345665521,0.998830750874659,0.9983122125753244,14.827930044687943
rw_armax_exog_1_6m,rw_armax_exog_1_6m,RW-ARMAX (Exog. 1) (6 Months),STATISTICAL_ROLLING,,,20_24,NEG,MARGINAL,243,2.299393614779002,0.26998227474827574,1.140303672596883,0.46581483079586916,0,0,85,0.3497942386831276,0.9462797711955184,3.17832,29.772954617392788,0.9932199159170967,0.9996119655232768,0.997100453323387,0.996609869631212,23.799603182861965
rw_armax_exog_1_6m,rw_armax_exog_1_6m,RW-ARMAX (Exog. 1) (6 Months),STATISTICAL_ROLLING,,,20_24,POS,AVERAGE,243,3.1848650615007683,0.12892846041751083,1.9901547680725296,1.216054116952705,0,0,157,0.6460905349794238,8.753395388158108,14.73664,59.39885474679512,0.9967622103964973,0.9994625376709623,0.9949394650018372,0.997051812416833,30.307448630174928
rw_armax_exog_1_6m,rw_armax_exog_1_6m,RW-ARMAX (Exog. 1) (6 Months),STATISTICAL_ROLLING,,,20_24,POS,MARGINAL,243,7.889945584720674,0.19257790010128248,3.851119256300279,2.2205274905796397,0,0,81,0.3333333333333333,5.69400554187947,17.544799999999995,32.45409204937914,0.995163777487196,0.9986685311785403,0.9902074330643736,0.9946847525458082,36.181506853702125
rw_armax_exog_4_12m,rw_armax_exog_4_12m,RW-ARMAX (Exog. 4) (12 Months),STATISTICAL_ROLLING,,,00_04,NEG,AVERAGE,243,3.6203838803061097,0.20338737725296976,1.985599196973355,0.8676118311138872,0,0,190,0.7818930041152263,5.079152219820935,7.52448,67.50170403564015,0.9948923183180747,0.9993890416344977,0.9949510488381066,0.9963956180841049,40.17909199832126
rw_armax_exog_4_12m,rw_armax_exog_4_12m,RW-ARMAX (Exog. 4) (12 Months),STATISTICAL_ROLLING,,,00_04,NEG,MARGINAL,243,7.7054591179994985,0.23441853440538757,3.5387772232934136,1.188450283184633,0,0,116,0.4773662551440329,4.529432384614429,10.485959999999999,43.19520944781812,0.9941130306597299,0.9986996642168842,0.9910016515918901,0.9945998646412038,10.11033516998365
rw_armax_exog_4_12m,rw_armax_exog_4_12m,RW-ARMAX (Exog. 4) (12 Months),STATISTICAL_ROLLING,,,00_04,POS,AVERAGE,243,1.133685549050494,0.08595695051670145,0.41036247309275176,0.18717671636884736,0,0,202,0.831275720164609,3.14393587026743,3.9527600000000005,79.53773743580257,0.9978413569833183,0.9998086847436789,0.9989565366019098,0.9988585844183726,39.97484454525391
rw_armax_exog_4_12m,rw_armax_exog_4_12m,RW-ARMAX (Exog. 4) (12 Months),STATISTICAL_ROLLING,,,00_04,POS,MARGINAL,243,2.39829111327797,0.13134764252539954,0.8608174595943698,0.37925096389044066,0,0,84,0.345679012345679,1.4904590474713706,4.75564,31.34087204816535,0.9967014573040262,0.9995952760627022,0.9978111265760874,0.9980226083541694,13.103586757793877
rw_armax_exog_4_12m,rw_armax_exog_4_12m,RW-ARMAX (Exog. 4) (12 Months),STATISTICAL_ROLLING,,,04_08,NEG,AVERAGE,243,2.2322099806080686,0.1755938817219746,1.2707981210401702,0.5848073012966308,0,0,176,0.7242798353909465,4.171457401728925,6.09224,68.47165249118427,0.9955902983496662,0.9996233031064389,0.9967686340427927,0.9973100406981329,30.133280974384824
rw_armax_exog_4_12m,rw_armax_exog_4_12m,RW-ARMAX (Exog. 4) (12 Months),STATISTICAL_ROLLING,,,04_08,NEG,MARGINAL,243,5.936341500142519,0.2636139737217281,2.790353779158464,1.21112557677748,0,0,85,0.3497942386831276,2.9650567878017275,8.57392,34.58227727575867,0.9933798435140676,0.9989982118968875,0.9929047312383834,0.9950771180294224,19.64327352290883
rw_armax_exog_4_12m,rw_armax_exog_4_12m,RW-ARMAX (Exog. 4) (12 Months),STATISTICAL_ROLLING,,,04_08,POS,AVERAGE,243,4.252442106102035,0.1452469166455111,1.9205296693894962,0.9284337496390425,0,0,171,0.7037037037037037,7.037518875849062,10.60856,66.33811634990103,0.9963524038437072,0.9992823785641434,0.9951165066341205,0.9969114494222875,56.468898782638455
rw_armax_exog_4_12m,rw_armax_exog_4_12m,RW-ARMAX (Exog. 4) (12 Months),STATISTICAL_ROLLING,,,04_08,POS,MARGINAL,243,20.67844518690095,0.2001653529316092,4.625468280671682,1.5030897670832033,0,0,93,0.38271604938271603,4.301544959831352,14.25088,30.184416399768654,0.9949732332441984,0.9965104062192847,0.9882384302503764,0.9932580153380157,58.514010181007556
rw_armax_exog_4_12m,rw_armax_exog_4_12m,RW-ARMAX (Exog. 4) (12 Months),STATISTICAL_ROLLING,,,08_12,NEG,AVERAGE,243,4.0659694595369045,0.18364136935738493,1.9351700782222172,0.9424590226355649,0,0,172,0.7078189300411523,7.816876157764334,11.116,70.32094420442905,0.9953882012198635,0.9993138467805323,0.9950792792272505,0.996581719997322,29.851716467372597
rw_armax_exog_4_12m,rw_armax_exog_4_12m,RW-ARMAX (Exog. 4) (12 Months),STATISTICAL_ROLLING,,,08_12,NEG,MARGINAL,243,17.993373574598372,0.2586800461119173,5.211858587716553,1.400760754958906,0,0,87,0.35802469135802467,4.664551000188322,15.307240000000002,30.47284161082155,0.9935037495893263,0.996963525838017,0.9867473659778938,0.9924158691596214,24.50859676794261
rw_armax_exog_4_12m,rw_armax_exog_4_12m,RW-ARMAX (Exog. 4) (12 Months),STATISTICAL_ROLLING,,,08_12,POS,AVERAGE,243,8.905607279209265,0.19529007250055772,4.484522334405702,1.7891415877878387,0,0,181,0.7448559670781894,11.762699323428015,17.75968,66.23260848972512,0.9950956665086824,0.9984971330535669,0.9885968254392185,0.9940735329155713,61.41473359082516
rw_armax_exog_4_12m,rw_armax_exog_4_12m,RW-ARMAX (Exog. 4) (12 Months),STATISTICAL_ROLLING,,,08_12,POS,MARGINAL,243,18.344011937354608,0.24943177805996916,8.439199921063496,2.8362826698207773,0,0,105,0.43209876543209874,7.783736484359813,23.39096,33.27668673863669,0.9937360020032001,0.9969043538142554,0.9785409319706345,0.9897671849901017,38.20079782872728
rw_armax_exog_4_12m,rw_armax_exog_4_12m,RW-ARMAX (Exog. 4) (12 Months),STATISTICAL_ROLLING,,,12_16,NEG,AVERAGE,243,7.9586694720026205,0.20812780580454818,4.565106514431449,1.7793345027957503,0,0,182,0.7489711934156379,16.331237382327984,23.006559999999997,70.98513372850172,0.9947732715984384,0.9986569336697586,0.9883919172231034,0.9939490331381136,22.626636298359116
rw_armax_exog_4_12m,rw_armax_exog_4_12m,RW-ARMAX (Exog. 4) (12 Months),STATISTICAL_ROLLING,,,12_16,NEG,MARGINAL,243,26.521222865673447,0.24002181584880886,7.130999388740688,2.5288152323049857,0,0,101,0.4156378600823045,12.110739890968794,30.051000000000005,40.30062191264448,0.9939723150540035,0.9955244074913502,0.9818674042051766,0.9904898849782151,2.6647107875048284
rw_armax_exog_4_12m,rw_armax_exog_4_12m,RW-ARMAX (Exog. 4) (12 Months),STATISTICAL_ROLLING,,,12_16,POS,AVERAGE,243,16.993300112392323,0.20563479127998693,4.719148503936272,1.2620876150001514,0,0,214,0.8806584362139918,7.422002087452834,12.400360000000001,59.85311787281042,0.9948358788496448,0.9971322933687684,0.9880002216165197,0.9933379287540244,66.46845142032764
rw_armax_exog_4_12m,rw_armax_exog_4_12m,RW-ARMAX (Exog. 4) (12 Months),STATISTICAL_ROLLING,,,12_16,POS,MARGINAL,243,93.93660961857874,0.22293546913777149,13.77838036950358,1.6184930985605792,0,0,167,0.6872427983539094,6.8050952849340725,22.700200000000006,29.978129201214397,0.994401405695152,0.9841477148913436,0.9649645458752929,0.9813035239893417,5.982070250053627
rw_armax_exog_4_12m,rw_armax_exog_4_12m,RW-ARMAX (Exog. 4) (12 Months),STATISTICAL_ROLLING,,,16_20,NEG,AVERAGE,243,1.7320145933797932,0.15613593762562444,0.9855531781232673,0.39512656425438397,0,0,183,0.7530864197530864,4.781128182323556,6.76304,70.69495644449177,0.9960789470847606,0.9997077136458502,0.9974939505055309,0.9977433911787744,29.44595824447826
rw_armax_exog_4_12m,rw_armax_exog_4_12m,RW-ARMAX (Exog. 4) (12 Months),STATISTICAL_ROLLING,,,16_20,NEG,MARGINAL,243,4.584138159130201,0.20361234022029598,1.7228565102723803,0.5389243135989434,0,0,92,0.3786008230452675,3.67714152377522,8.51464,43.186106796942916,0.9948866688070634,0.9992264031523911,0.995619146909117,0.9965604989146992,-9.802099572678376
rw_armax_exog_4_12m,rw_armax_exog_4_12m,RW-ARMAX (Exog. 4) (12 Months),STATISTICAL_ROLLING,,,16_20,POS,AVERAGE,243,22.250440185898594,0.1862367672819722,8.334355842261774,2.240461141120843,0,0,183,0.7530864197530864,16.26640259997338,26.775800000000004,60.75038878380246,0.9953230228070448,0.9962451239931678,0.9788075278850016,0.9901772028741913,4.55416443789757
rw_armax_exog_4_12m,rw_armax_exog_4_12m,RW-ARMAX (Exog. 4) (12 Months),STATISTICAL_ROLLING,,,16_20,POS,MARGINAL,243,37.95147631745185,0.23183627261969597,14.22152459066588,3.6539187173889545,0,0,104,0.4279835390946502,11.633913479063235,35.721720000000005,32.56817834937185,0.9941778791837576,0.9935954935427042,0.9638377255513654,0.9839734412235206,-11.768453716725533
rw_armax_exog_4_12m,rw_armax_exog_4_12m,RW-ARMAX (Exog. 4) (12 Months),STATISTICAL_ROLLING,,,20_24,NEG,AVERAGE,243,0.8274428472777811,0.12831141472972318,0.3903480790359708,0.15126332192011427,0,0,210,0.8641975308641975,1.7684286557942501,2.23896,78.98437916685648,0.9967777063087755,0.9998603647717389,0.9990074288959243,0.9985307920553126,-0.2617543324849676
rw_armax_exog_4_12m,rw_armax_exog_4_12m,RW-ARMAX (Exog. 4) (12 Months),STATISTICAL_ROLLING,,,20_24,NEG,MARGINAL,243,1.9272452637333186,0.20950048059221177,0.9071803422764335,0.35345311922627864,0,0,90,0.37037037037037035,1.0813429019270953,3.17832,34.02246790528,0.9947387995187899,0.9996747674679866,0.9976932357496089,0.9973426328981951,-6.062767840181583
rw_armax_exog_4_12m,rw_armax_exog_4_12m,RW-ARMAX (Exog. 4) (12 Months),STATISTICAL_ROLLING,,,20_24,POS,AVERAGE,243,2.9697144366284225,0.12773432564104376,1.8696126380871703,1.1658708945047707,0,0,179,0.7366255144032922,10.618111658764628,14.73664,72.05246011821302,0.9967921987881363,0.9994988454434126,0.9952459776798109,0.9971751392186301,24.93001715729157
rw_armax_exog_4_12m,rw_armax_exog_4_12m,RW-ARMAX (Exog. 4) (12 Months),STATISTICAL_ROLLING,,,20_24,POS,MARGINAL,243,7.640158332598173,0.1697353783392158,3.373773368208055,1.6305646353033243,0,0,90,0.37037037037037035,6.557612442650636,17.544799999999995,37.37638754873602,0.9957374233621216,0.9987106840596505,0.9914212208620228,0.9952942525672737,0.0
rw_armax_exog_4_3m,rw_armax_exog_4_3m,RW-ARMAX (Exog. 4) (3 Months),STATISTICAL_ROLLING,,,00_04,NEG,AVERAGE,243,3.773068791394026,0.2082960624501388,2.1386877910417144,0.8033910882225497,0,0,204,0.8395061728395061,5.0111486497379705,7.52448,66.59793965480631,0.9947690461573213,0.9993632752719243,0.9945617775108053,0.9962167431117901,29.80301700357671
rw_armax_exog_4_3m,rw_armax_exog_4_3m,RW-ARMAX (Exog. 4) (3 Months),STATISTICAL_ROLLING,,,00_04,NEG,MARGINAL,243,7.838145168580659,0.2554579915874003,3.757605950345961,1.311336754396716,0,0,133,0.5473251028806584,4.7802811346046274,10.485959999999999,45.587443921249246,0.9935846652739441,0.9986772727646879,0.9904452172634558,0.9942292079024284,21.495809787197288
rw_armax_exog_4_3m,rw_armax_exog_4_3m,RW-ARMAX (Exog. 4) (3 Months),STATISTICAL_ROLLING,,,00_04,POS,AVERAGE,243,1.1127789723185144,0.09969309088612717,0.4660408714316724,0.26794305246652783,0,0,201,0.8271604938271605,2.9550665307712207,3.9527600000000005,74.75957383628706,0.9974964003124921,0.999812212835829,0.9988149584251991,0.9986957426223867,100.37367811323146
rw_armax_exog_4_3m,rw_armax_exog_4_3m,RW-ARMAX (Exog. 4) (3 Months),STATISTICAL_ROLLING,,,00_04,POS,MARGINAL,243,2.3260712436428213,0.14149479703570836,0.8958990424373099,0.4044133785761699,0,0,131,0.5390946502057613,2.00972654992916,4.75564,42.259854613241544,0.9964466310905413,0.999607463536453,0.9977219216656876,0.9979105516874904,20.607745279234344
rw_armax_exog_4_3m,rw_armax_exog_4_3m,RW-ARMAX (Exog. 4) (3 Months),STATISTICAL_ROLLING,,,04_08,NEG,AVERAGE,243,2.421584794176174,0.1839175720072115,1.3841931955461577,0.6266427139308419,0,0,201,0.8271604938271605,4.349990981048758,6.09224,71.40216047051263,0.9953812649230585,0.9995913451344696,0.9964802947877947,0.9971332712481872,39.44263722718181
rw_armax_exog_4_3m,rw_armax_exog_4_3m,RW-ARMAX (Exog. 4) (3 Months),STATISTICAL_ROLLING,,,04_08,NEG,MARGINAL,243,6.056456047575035,0.2438114367164001,2.790662688989957,1.084092993108209,0,0,119,0.4897119341563786,3.5287570234722745,8.57392,41.15686901058414,0.9938771460354132,0.998977941950385,0.9929039457472053,0.9952392525922453,7.0941254860023175
rw_armax_exog_4_3m,rw_armax_exog_4_3m,RW-ARMAX (Exog. 4) (3 Months),STATISTICAL_ROLLING,,,04_08,POS,AVERAGE,243,4.685132638934081,0.20310629691599025,2.5304196637673884,1.4030195981328006,0,0,177,0.7283950617283951,6.771960985341375,10.60856,63.83487471759951,0.9948993771085843,0.9992093598154562,0.9935656877173747,0.995881553902753,136.45083084888716
rw_armax_exog_4_3m,rw_armax_exog_4_3m,RW-ARMAX (Exog. 4) (3 Months),STATISTICAL_ROLLING,,,04_08,POS,MARGINAL,243,20.79952916383511,0.23389998197376735,5.02053431519387,1.9374469154213685,0,0,130,0.5349794238683128,5.707490397620734,14.25088,40.05009092505679,0.9941260531038554,0.996489972676577,0.9872338624015045,0.9926317236310778,104.32078429502363
rw_armax_exog_4_3m,rw_armax_exog_4_3m,RW-ARMAX (Exog. 4) (3 Months),STATISTICAL_ROLLING,,,08_12,NEG,AVERAGE,243,3.906189117299289,0.1744216375032861,1.979753333142211,1.0676123201180232,0,0,169,0.6954732510288066,7.160817318310897,11.116,64.41901149973819,0.9956197370021695,0.9993408105335376,0.9949659136109306,0.9966319295484123,47.09529959335544
rw_armax_exog_4_3m,rw_armax_exog_4_3m,RW-ARMAX (Exog. 4) (3 Months),STATISTICAL_ROLLING,,,08_12,NEG,MARGINAL,243,17.911997489055594,0.2516856102644369,5.403376312388467,1.347050333795572,0,0,91,0.37448559670781895,4.6434664220731925,15.307240000000002,30.335099090843233,0.9936794013546232,0.9969772584702068,0.9862603776471273,0.9923194163792923,19.734470174812774
rw_armax_exog_4_3m,rw_armax_exog_4_3m,RW-ARMAX (Exog. 4) (3 Months),STATISTICAL_ROLLING,,,08_12,POS,AVERAGE,243,8.34281730917277,0.18985654657536963,4.203258067270031,2.026985645669342,0,0,161,0.6625514403292181,10.743256159558195,17.75968,60.4923971578215,0.9952321190319963,0.9985921067501644,0.989312019900678,0.9943872822656568,82.8728090730302
rw_armax_exog_4_3m,rw_armax_exog_4_3m,RW-ARMAX (Exog. 4) (3 Months),STATISTICAL_ROLLING,,,08_12,POS,MARGINAL,243,17.688247204100524,0.2723089791330464,8.517353546742953,3.4978693114515647,0,0,95,0.39094650205761317,7.145387028260427,23.39096,30.547643312888518,0.9931614852242687,0.9970150174794435,0.9783422041308056,0.9895427881076337,70.43728916263956
rw_armax_exog_4_3m,rw_armax_exog_4_3m,RW-ARMAX (Exog. 4) (3 Months),STATISTICAL_ROLLING,,,12_16,NEG,AVERAGE,243,10.823991553731002,0.2587447047258863,6.766752142284782,2.5377185540225025,0,0,196,0.8065843621399177,14.945139680388206,23.006559999999997,64.96034035678609,0.9935021258129514,0.9981733958589719,0.9827936065127789,0.9915098335590813,74.89229240638004
rw_armax_exog_4_3m,rw_armax_exog_4_3m,RW-ARMAX (Exog. 4) (3 Months),STATISTICAL_ROLLING,,,12_16,NEG,MARGINAL,243,29.37936979595815,0.3064493944441138,10.926159535598588,4.048425879689141,0,0,141,0.5802469135802469,14.967043353081863,30.051000000000005,49.80547520242874,0.992304114544471,0.9950420805242042,0.9722171292341462,0.9865789381653758,64.35778572248361
rw_armax_exog_4_3m,rw_armax_exog_4_3m,RW-ARMAX (Exog. 4) (3 Months),STATISTICAL_ROLLING,,,12_16,POS,AVERAGE,243,16.61339828550071,0.2669717671977792,4.999683398549194,2.0042683955201728,0,0,189,0.7777777777777778,6.568110476384769,12.400360000000001,52.967095119696275,0.9932955190074981,0.9971964037523308,0.9872868817923162,0.9925999606922828,164.36156417944713
rw_armax_exog_4_3m,rw_armax_exog_4_3m,RW-ARMAX (Exog. 4) (3 Months),STATISTICAL_ROLLING,,,12_16,POS,MARGINAL,243,94.06152594959981,0.3304763595893337,14.75781817051242,2.7620199285227773,0,0,142,0.5843621399176955,5.340888011381388,22.700200000000006,23.527933724731,0.9917007236585564,0.9841266346192099,0.9624740464678879,0.9795564708026516,80.86242712872006
rw_armax_exog_4_3m,rw_armax_exog_4_3m,RW-ARMAX (Exog. 4) (3 Months),STATISTICAL_ROLLING,,,16_20,NEG,AVERAGE,243,1.7268456920190542,0.1797322901625185,0.9879802948818952,0.4085546846635546,0,0,169,0.6954732510288066,4.84584209271056,6.76304,71.65183250003786,0.9954863702039297,0.99970858592449,0.9974877788702899,0.9975401662516135,33.845095308490635
rw_armax_exog_4_3m,rw_armax_exog_4_3m,RW-ARMAX (Exog. 4) (3 Months),STATISTICAL_ROLLING,,,16_20,NEG,MARGINAL,243,4.3794759231232785,0.19977260415189252,1.6935583470101057,0.597911800624987,0,0,88,0.36213991769547327,3.3931190584330926,8.51464,39.850411273208174,0.994983096372259,0.9992609409553769,0.9956936458289746,0.9966292664054041,0.07043233389366962
rw_armax_exog_4_3m,rw_armax_exog_4_3m,RW-ARMAX (Exog. 4) (3 Months),STATISTICAL_ROLLING,,,16_20,POS,AVERAGE,243,21.50135555764699,0.21956388436062504,8.685233935790363,3.2291273133764484,0,0,177,0.7283950617283951,16.01866329511743,26.775800000000004,59.82515291837193,0.9944860765436476,0.9963715358697063,0.977915320454265,0.9896399286117508,50.69161518452668
rw_armax_exog_4_3m,rw_armax_exog_4_3m,RW-ARMAX (Exog. 4) (3 Months),STATISTICAL_ROLLING,,,16_20,POS,MARGINAL,243,36.22561955766297,0.2684267312043122,14.54246383693269,4.690420846543514,0,0,119,0.4897119341563786,13.166939926501419,35.721720000000005,36.85975906675663,0.9932589803928388,0.9938867407308235,0.9630216461619266,0.9834878210081728,13.260068441141094
rw_armax_exog_4_3m,rw_armax_exog_4_3m,RW-ARMAX (Exog. 4) (3 Months),STATISTICAL_ROLLING,,,20_24,NEG,AVERAGE,243,0.9111029724539438,0.1540593754242016,0.46438584249880255,0.18365140370367983,0,0,199,0.8189300411522634,1.6187770601311917,2.23896,72.30040108493192,0.9961310959391332,0.9998462466961355,0.9988191668073672,0.9982441590754613,21.093921429646212
rw_armax_exog_4_3m,rw_armax_exog_4_3m,RW-ARMAX (Exog. 4) (3 Months),STATISTICAL_ROLLING,,,20_24,NEG,MARGINAL,243,1.9663455512315218,0.2447068076267612,0.9745573339113698,0.42954237868630396,0,0,99,0.4074074074074074,1.2072164043483977,3.17832,37.98284642038554,0.9938546605220094,0.9996681690937449,0.9975219105694221,0.9969833108663284,14.159473928150915
rw_armax_exog_4_3m,rw_armax_exog_4_3m,RW-ARMAX (Exog. 4) (3 Months),STATISTICAL_ROLLING,,,20_24,POS,AVERAGE,243,7.70020301702404,0.24679354819242602,4.8016146377497275,2.1838224820342482,0,0,187,0.7695473251028807,8.485338939943809,14.73664,57.57987533076611,0.9938022560576512,0.9987005512109066,0.9877905279971986,0.9934348231982763,134.00959869137662
rw_armax_exog_4_3m,rw_armax_exog_4_3m,RW-ARMAX (Exog. 4) (3 Months),STATISTICAL_ROLLING,,,20_24,POS,MARGINAL,243,11.303730392781558,0.2773385462284136,6.391096640657132,3.2344666310503687,0,0,135,0.5555555555555556,7.28343484622713,17.544799999999995,41.513353507746636,0.9930351773478017,0.9980924374670819,0.9837488175565311,0.9916395744560449,98.36482167103298
rw_armax_exog_4_6m,rw_armax_exog_4_6m,RW-ARMAX (Exog. 4) (6 Months),STATISTICAL_ROLLING,,,00_04,NEG,AVERAGE,243,3.7719678955327827,0.18578367595321676,1.9734650166738725,0.6613509921388534,0,0,190,0.7818930041152263,5.03204749808569,7.52448,66.87568440723733,0.9953344013218345,0.9993634610537524,0.9949819034455294,0.9965476667341868,6.853754462050551
rw_armax_exog_4_6m,rw_armax_exog_4_6m,RW-ARMAX (Exog. 4) (6 Months),STATISTICAL_ROLLING,,,00_04,NEG,MARGINAL,243,7.869087134324536,0.23479333959729046,3.626926118818791,1.217906357951998,0,0,116,0.4773662551440329,4.406358180099213,10.485959999999999,42.0215047558756,0.9941036181502673,0.998672051149124,0.9907775079333104,0.9945135846682943,12.83945081858732
rw_armax_exog_4_6m,rw_armax_exog_4_6m,RW-ARMAX (Exog. 4) (6 Months),STATISTICAL_ROLLING,,,00_04,POS,AVERAGE,243,0.9697266663314567,0.07500019791037704,0.36101116185632187,0.19071162597622315,0,0,208,0.8559670781893004,3.1641159732593827,3.9527600000000005,80.04826939301607,0.9981165146914149,0.9998363536468415,0.9990820263586482,0.9990026803968927,42.61832730514435
rw_armax_exog_4_6m,rw_armax_exog_4_6m,RW-ARMAX (Exog. 4) (6 Months),STATISTICAL_ROLLING,,,00_04,POS,MARGINAL,243,2.3013399455072143,0.13394155230499227,0.8668965741457465,0.3484399138764456,0,0,79,0.32510288065843623,1.3599725787593566,4.75564,28.59704642822747,0.9966363162630986,0.9996116370699746,0.997795668696912,0.9980007584325261,3.914842100144615
rw_armax_exog_4_6m,rw_armax_exog_4_6m,RW-ARMAX (Exog. 4) (6 Months),STATISTICAL_ROLLING,,,04_08,NEG,AVERAGE,243,2.3963986928426353,0.1785423995890151,1.3484002540166267,0.5478130966672285,0,0,178,0.7325102880658436,4.124060901153383,6.09224,67.69367098396295,0.9955162520105977,0.9995955954183656,0.9965713085301444,0.9972106039866117,21.901206554677795
rw_armax_exog_4_6m,rw_armax_exog_4_6m,RW-ARMAX (Exog. 4) (6 Months),STATISTICAL_ROLLING,,,04_08,NEG,MARGINAL,243,6.051214455298209,0.25135814867811584,2.8197310242880684,1.0999002972734004,0,0,95,0.39094650205761317,3.006577138034874,8.57392,35.066540602605045,0.9936876249207489,0.9989788264959901,0.9928300312303675,0.9951507155227527,8.655679178005046
rw_armax_exog_4_6m,rw_armax_exog_4_6m,RW-ARMAX (Exog. 4) (6 Months),STATISTICAL_ROLLING,,,04_08,POS,AVERAGE,243,4.337919866132056,0.1640906085810416,2.0835769895543215,1.202396718257173,0,0,158,0.6502057613168725,6.474466597025228,10.60856,61.03058847784456,0.9958791808668493,0.9992679537533274,0.9947019124109537,0.9966089773289416,102.63986577254722
rw_armax_exog_4_6m,rw_armax_exog_4_6m,RW-ARMAX (Exog. 4) (6 Months),STATISTICAL_ROLLING,,,04_08,POS,MARGINAL,243,20.70353243005771,0.21183490876767014,4.729477887017979,1.6824191738724812,0,0,94,0.3868312757201646,4.404302524468073,14.25088,30.905477587826663,0.9946801748578565,0.9965061726182134,0.987973956219761,0.9930697019682027,77.4258702947995
rw_armax_exog_4_6m,rw_armax_exog_4_6m,RW-ARMAX (Exog. 4) (6 Months),STATISTICAL_ROLLING,,,08_12,NEG,AVERAGE,243,3.978974731709697,0.1819017176337057,1.9653087998443315,0.9715421631512688,0,0,162,0.6666666666666666,7.329549412330945,11.116,65.9369324606958,0.9954318892174274,0.9993285275874516,0.995002642948497,0.9965761286107884,33.85878269043773
rw_armax_exog_4_6m,rw_armax_exog_4_6m,RW-ARMAX (Exog. 4) (6 Months),STATISTICAL_ROLLING,,,08_12,NEG,MARGINAL,243,17.437938290376106,0.2637131304739097,5.207622592265179,1.8673175354262597,0,0,79,0.32510288065843623,4.307360376826801,15.307240000000002,28.139366579649895,0.9933773533834922,0.9970572583936271,0.9867581372021109,0.992407380696981,65.97915470791249
rw_armax_exog_4_6m,rw_armax_exog_4_6m,RW-ARMAX (Exog. 4) (6 Months),STATISTICAL_ROLLING,,,08_12,POS,AVERAGE,243,8.383490913001273,0.19380290089727273,4.306653138498646,2.1334832331428437,0,0,157,0.6460905349794238,10.563805319577408,17.75968,59.48195755541433,0.9951330139550116,0.9985852428707153,0.9890491085005275,0.994264560697214,92.4809249580092
rw_armax_exog_4_6m,rw_armax_exog_4_6m,RW-ARMAX (Exog. 4) (6 Months),STATISTICAL_ROLLING,,,08_12,POS,MARGINAL,243,18.064498319887477,0.2783893327370421,8.75989891839515,3.498051998688581,0,0,87,0.35802469135802467,6.6968771004942775,23.39096,28.63019346146664,0.9930087888714163,0.9969515231721215,0.9777254634825006,0.9892663938123069,70.44619078664815
rw_armax_exog_4_6m,rw_armax_exog_4_6m,RW-ARMAX (Exog. 4) (6 Months),STATISTICAL_ROLLING,,,12_16,NEG,AVERAGE,243,10.524906023578813,0.25770905783382697,6.7983101380869195,2.7570312240743213,0,0,195,0.8024691358024691,15.216126328401831,23.006559999999997,66.13820722612087,0.9935281340870683,0.9982238680775787,0.9827133613254243,0.9915088512925943,90.00669331515257
rw_armax_exog_4_6m,rw_armax_exog_4_6m,RW-ARMAX (Exog. 4) (6 Months),STATISTICAL_ROLLING,,,12_16,NEG,MARGINAL,243,28.906537496927786,0.2848198573210733,10.809990047672784,3.679126445542664,0,0,138,0.5679012345679012,14.619678582179636,30.051000000000005,48.6495576925215,0.9928472986498172,0.9951218734020103,0.9725125232250048,0.9868874324278529,49.36498628174352
rw_armax_exog_4_6m,rw_armax_exog_4_6m,RW-ARMAX (Exog. 4) (6 Months),STATISTICAL_ROLLING,,,12_16,POS,AVERAGE,243,16.599542975838133,0.2327152847770686,4.735655287930887,1.680359723736574,0,0,194,0.7983539094650206,6.974886598074158,12.400360000000001,56.247452477784165,0.994155804488882,0.9971987419069642,0.9879582484195342,0.9931147803339644,121.63824263459195
rw_armax_exog_4_6m,rw_armax_exog_4_6m,RW-ARMAX (Exog. 4) (6 Months),STATISTICAL_ROLLING,,,12_16,POS,MARGINAL,243,93.57451957992784,0.2927548182174966,14.204431333816416,2.1353218414443376,0,0,148,0.6090534979423868,6.146597944856269,22.700200000000006,27.077285419759594,0.9926480274120204,0.9842088194442011,0.9638811900225246,0.9803700324441065,39.82501970981198
rw_armax_exog_4_6m,rw_armax_exog_4_6m,RW-ARMAX (Exog. 4) (6 Months),STATISTICAL_ROLLING,,,16_20,NEG,AVERAGE,243,1.7721071170080653,0.17563228566565955,1.0338161585380905,0.3318378272304916,0,0,170,0.6995884773662552,4.61287184999399,6.76304,68.20707625555947,0.9955893339086948,0.9997009478266679,0.9973712281397014,0.9975341915978579,8.712168235699725
rw_armax_exog_4_6m,rw_armax_exog_4_6m,RW-ARMAX (Exog. 4) (6 Months),STATISTICAL_ROLLING,,,16_20,NEG,MARGINAL,243,4.502427651995529,0.2177419376149301,1.7675517601529243,0.5755222920419407,0,0,79,0.32510288065843623,3.0448264225679176,8.51464,35.75989616199766,0.9945318312219571,0.9992401922199413,0.9955054965137303,0.9964068998975771,-3.6768223637170556
rw_armax_exog_4_6m,rw_armax_exog_4_6m,RW-ARMAX (Exog. 4) (6 Months),STATISTICAL_ROLLING,,,16_20,POS,AVERAGE,243,22.080238355322738,0.1912502754369756,8.345658987939784,2.3935713481930314,0,0,181,0.7448559670781894,16.27325954584103,26.775800000000004,60.77599752702451,0.9951971182198901,0.9962738464258302,0.978778786419659,0.990134389033774,11.699260361916865
rw_armax_exog_4_6m,rw_armax_exog_4_6m,RW-ARMAX (Exog. 4) (6 Months),STATISTICAL_ROLLING,,,16_20,POS,MARGINAL,243,37.0557539017077,0.2378740458443487,14.112394988933872,3.7166422366020306,0,0,104,0.4279835390946502,11.966171341512378,35.721720000000005,33.49830674870184,0.9940262521550023,0.9937466512986658,0.9641152186276628,0.9840633428083894,-10.253862529417171
rw_armax_exog_4_6m,rw_armax_exog_4_6m,RW-ARMAX (Exog. 4) (6 Months),STATISTICAL_ROLLING,,,20_24,NEG,AVERAGE,243,0.9108245498732639,0.13350572224169374,0.4275427460387427,0.14642736462543704,0,0,210,0.8641975308641975,1.7304170760446136,2.23896,77.28664540878862,0.9966472612945002,0.9998462936813753,0.9989128508675559,0.9984505865412774,-3.4504314722668026
rw_armax_exog_4_6m,rw_armax_exog_4_6m,RW-ARMAX (Exog. 4) (6 Months),STATISTICAL_ROLLING,,,20_24,NEG,MARGINAL,243,2.147396071821081,0.22326556001283657,0.9926950469296144,0.37799769999555144,0,0,91,0.37448559670781895,1.0742106698571223,3.17832,33.79806532561613,0.9943931160995109,0.9996376158889496,0.9974757902711479,0.9971410835066659,0.4604451591427466
rw_armax_exog_4_6m,rw_armax_exog_4_6m,RW-ARMAX (Exog. 4) (6 Months),STATISTICAL_ROLLING,,,20_24,POS,AVERAGE,243,3.9276625663230393,0.16968362395205483,2.59260589876377,1.6101313483193618,0,0,199,0.8189300411522634,10.958076492397359,14.73664,74.35939598441273,0.9957387230737301,0.9993371867787781,0.9934075615134977,0.9961569327815194,72.53517342198971
rw_armax_exog_4_6m,rw_armax_exog_4_6m,RW-ARMAX (Exog. 4) (6 Months),STATISTICAL_ROLLING,,,20_24,POS,MARGINAL,243,8.05570629014917,0.20174476229568084,3.9686791822595007,2.156787721783516,0,0,144,0.5925925925925926,9.388141130290025,17.544799999999995,53.50953633150579,0.9949335694244172,0.9986405582085455,0.9899085034890249,0.9944986039645001,32.27244569684302
rw_sarma_12m,rw_sarma_12m,RW-SARMA (12 Months),STATISTICAL_ROLLING,,,00_04,NEG,AVERAGE,243,3.8538831451677322,0.19271574248165593,2.016133697195119,0.6755203553477953,0,0,168,0.691358024691358,4.302165098580287,7.52448,57.1755802205639,0.9951603158416862,0.9993496374348542,0.9948734061796045,0.9964481117789448,9.143082935446127
rw_sarma_12m,rw_sarma_12m,RW-SARMA (12 Months),STATISTICAL_ROLLING,,,00_04,NEG,MARGINAL,243,8.750086939971622,0.2918343051041859,4.288108283406436,1.5231703111401762,0,0,82,0.3374485596707819,2.9853368870078874,10.485959999999999,28.469848130337017,0.9926711443233565,0.9985233779091967,0.9890962640734184,0.9934226709242042,41.12226304594792
rw_sarma_12m,rw_sarma_12m,RW-SARMA (12 Months),STATISTICAL_ROLLING,,,00_04,POS,AVERAGE,243,0.9625566746970637,0.06224427101404505,0.3048450370753084,0.1507896229274701,0,0,215,0.8847736625514403,3.390388318450037,3.9527600000000005,85.77268335163373,0.9984368551915205,0.9998375636197379,0.9992248447186698,0.9991591255167915,12.763779800033785
rw_sarma_12m,rw_sarma_12m,RW-SARMA (12 Months),STATISTICAL_ROLLING,,,00_04,POS,MARGINAL,243,2.2924542423352463,0.13697980883496852,0.8579184036248978,0.33282342066960036,0,0,84,0.345679012345679,1.4129130657860562,4.75564,29.710261201143407,0.9965600163106002,0.9996131365780008,0.9978184982511101,0.9979828450392108,-0.7424470367214052
rw_sarma_12m,rw_sarma_12m,RW-SARMA (12 Months),STATISTICAL_ROLLING,,,04_08,NEG,AVERAGE,243,2.4533128667706894,0.15818895592356633,1.2361559730314926,0.43323548377711374,0,0,188,0.7736625514403292,4.372238157501862,6.09224,71.76733282834986,0.996027389490112,0.9995859908593391,0.9968567215650407,0.9974754075266834,-3.5949879328815326
rw_sarma_12m,rw_sarma_12m,RW-SARMA (12 Months),STATISTICAL_ROLLING,,,04_08,NEG,MARGINAL,243,6.555006409968771,0.29457527977358366,3.2134152474597912,1.2790034230748661,0,0,95,0.39094650205761317,3.05346405434102,8.57392,35.613395673636106,0.9926023100313832,0.9988938090173595,0.9918289770301887,0.9944233048063613,26.348711742050853
rw_sarma_12m,rw_sarma_12m,RW-SARMA (12 Months),STATISTICAL_ROLLING,,,04_08,POS,AVERAGE,243,3.982015177260825,0.12224756343192027,1.6219118915952304,0.6409735223741038,0,0,188,0.7736625514403292,7.8550485628896025,10.60856,74.0444373495517,0.9969299882380379,0.9993280144966563,0.9958758273361306,0.9973734638057525,8.023239389667483
rw_sarma_12m,rw_sarma_12m,RW-SARMA (12 Months),STATISTICAL_ROLLING,,,04_08,POS,MARGINAL,243,20.73658772598156,0.19646275188751613,4.606939145109836,1.2635033319102185,0,0,81,0.3333333333333333,3.901485730709428,14.25088,27.37715657355495,0.9950662169277673,0.9965005943673327,0.9882855458518868,0.9933019400277834,33.247517483143575
rw_sarma_12m,rw_sarma_12m,RW-SARMA (12 Months),STATISTICAL_ROLLING,,,08_12,NEG,AVERAGE,243,4.1619941161434495,0.18166124570787523,1.9759169712432048,0.8590513766939365,0,0,169,0.6954732510288066,7.7100431680382675,11.116,69.35987016946984,0.9954379282060175,0.9992976421267752,0.9949756686530845,0.9965590881473998,18.35983646845685
rw_sarma_12m,rw_sarma_12m,RW-SARMA (12 Months),STATISTICAL_ROLLING,,,08_12,NEG,MARGINAL,243,17.750169154715536,0.28067240256213444,5.308120739579881,1.4978658389378792,0,0,88,0.36213991769547327,4.687619202749151,15.307240000000002,30.623542864351442,0.9929514539763914,0.997004567832393,0.9865025920556251,0.9921608571150191,33.13991921358742
rw_sarma_12m,rw_sarma_12m,RW-SARMA (12 Months),STATISTICAL_ROLLING,,,08_12,POS,AVERAGE,243,8.133670618346654,0.17169234670963776,3.9027691550390826,1.3229797203027989,0,0,177,0.7283950617283951,11.901523528977778,17.75968,67.01429039812528,0.9956882778761394,0.9986274013279224,0.9900760984946143,0.9948061694193246,19.358032117949854
rw_sarma_12m,rw_sarma_12m,RW-SARMA (12 Months),STATISTICAL_ROLLING,,,08_12,POS,MARGINAL,243,17.573852271565862,0.24506174873065328,7.852603439273169,2.0522910969991592,0,0,84,0.345679012345679,7.296177280819066,23.39096,31.19229514658255,0.9938457468608028,0.9970343222115696,0.9800325205010955,0.9903396120278525,0.0
rw_sarma_12m,rw_sarma_12m,RW-SARMA (12 Months),STATISTICAL_ROLLING,,,12_16,NEG,AVERAGE,243,6.7433585625528085,0.19087120586768522,4.0112606119171845,1.7274757156859104,0,0,170,0.6995884773662552,15.871708810852082,23.006559999999997,68.98775310542769,0.9952066378209656,0.9988620236246812,0.9898002280832567,0.9946287999227479,19.05267726153918
rw_sarma_12m,rw_sarma_12m,RW-SARMA (12 Months),STATISTICAL_ROLLING,,,12_16,NEG,MARGINAL,243,27.319657858002284,0.268067505223766,8.394336733021035,3.3997356733720565,0,0,97,0.3991769547325103,11.907323620328205,30.051000000000005,39.62371841312503,0.9932680016604577,0.9953896674875272,0.9786550093966017,0.9891458639363182,38.02229407743869
rw_sarma_12m,rw_sarma_12m,RW-SARMA (12 Months),STATISTICAL_ROLLING,,,12_16,POS,AVERAGE,243,16.149273460877925,0.15074682496870204,3.7376094628420695,0.8663848669546041,0,0,170,0.6995884773662552,7.125398142281756,12.400360000000001,57.46122001523952,0.9962142842545072,0.9972747271991296,0.9904960640249626,0.9946772177504828,14.275542697503015
rw_sarma_12m,rw_sarma_12m,RW-SARMA (12 Months),STATISTICAL_ROLLING,,,12_16,POS,MARGINAL,243,93.45782507817599,0.21788233782140937,13.09853341975252,1.360967321582324,0,0,81,0.3333333333333333,4.363738478138255,22.700200000000006,19.2233481561319,0.9945283053415782,0.9842285122404378,0.9666932502644201,0.9819438054427396,-10.881217589222587
rw_sarma_12m,rw_sarma_12m,RW-SARMA (12 Months),STATISTICAL_ROLLING,,,16_20,NEG,AVERAGE,243,2.1936403127362736,0.17176566726708908,1.0560681587416774,0.3920369148931968,0,0,183,0.7530864197530864,5.114448990060054,6.76304,75.62352122802842,0.9956864365717613,0.9996298119358945,0.9973146460951208,0.9975250595846339,28.433769598156754
rw_sarma_12m,rw_sarma_12m,RW-SARMA (12 Months),STATISTICAL_ROLLING,,,16_20,NEG,MARGINAL,243,5.510371900318763,0.2550711749550473,2.132169865058396,0.7313102451340079,0,0,69,0.2839506172839506,2.4128045715404234,8.51464,28.337129597263345,0.9935943794275657,0.9990700964536269,0.9945783511929547,0.9957260767287442,22.39686911057696
rw_sarma_12m,rw_sarma_12m,RW-SARMA (12 Months),STATISTICAL_ROLLING,,,16_20,POS,AVERAGE,243,22.474569398358867,0.19697939987394894,8.661049815831863,2.59031147234354,0,0,177,0.7283950617283951,15.068184239968087,26.775800000000004,56.275383891305154,0.9950532423101093,0.9962073010379693,0.9779768154633031,0.989798860830857,20.88040566920572
rw_sarma_12m,rw_sarma_12m,RW-SARMA (12 Months),STATISTICAL_ROLLING,,,16_20,POS,MARGINAL,243,39.525411424092304,0.2782808799542734,15.736239661669767,5.068823026924285,0,0,106,0.43621399176954734,10.994131681640855,35.721720000000005,30.777162134524467,0.9930115124538695,0.9933298839134627,0.9599861313175744,0.9822181992605579,22.397384313294904
rw_sarma_12m,rw_sarma_12m,RW-SARMA (12 Months),STATISTICAL_ROLLING,,,20_24,NEG,AVERAGE,243,0.8920766877189407,0.13590631728322525,0.4205189576848309,0.1405194415595361,0,0,220,0.9053497942386831,1.8449711453627267,2.23896,82.40304183025721,0.9965869749803495,0.9998494574793584,0.9989307108487768,0.9984370270416036,-7.345928904504873
rw_sarma_12m,rw_sarma_12m,RW-SARMA (12 Months),STATISTICAL_ROLLING,,,20_24,NEG,MARGINAL,243,2.231599119592766,0.24752355140372803,1.072912710927434,0.3958960831144118,0,0,90,0.37037037037037035,1.0510246252276623,3.17832,33.068559025764,0.9937839234350445,0.9996234061923711,0.9972718140263631,0.9968619566400976,5.217298271663698
rw_sarma_12m,rw_sarma_12m,RW-SARMA (12 Months),STATISTICAL_ROLLING,,,20_24,POS,AVERAGE,243,3.2010267115759645,0.12787441755376355,1.9604542444133803,1.2034881241729511,0,0,160,0.6584362139917695,9.185842201140225,14.73664,62.33335550804136,0.9967886806499605,0.9994598103095442,0.9950149870375362,0.9970848345455232,28.960927586573533
rw_sarma_12m,rw_sarma_12m,RW-SARMA (12 Months),STATISTICAL_ROLLING,,,20_24,POS,MARGINAL,243,8.041741793532127,0.20115695449746757,3.9244929856186936,2.2315528495537347,0,0,84,0.345679012345679,5.9030093427826555,17.544799999999995,33.64534986310848,0.9949483310834935,0.9986429147890381,0.9900208594716469,0.994541478074414,36.85767501872822
rw_sarma_3m,rw_sarma_3m,RW-SARMA (3 Months),STATISTICAL_ROLLING,,,00_04,NEG,AVERAGE,243,3.7569501684837303,0.18495758136650647,1.9464544146605436,0.6326626299449618,0,0,173,0.7119341563786008,4.580928551097404,7.52448,60.88033393799178,0.9953551470939914,0.9993659953722873,0.9950505855897539,0.9965782217294308,2.218607246393452
rw_sarma_3m,rw_sarma_3m,RW-SARMA (3 Months),STATISTICAL_ROLLING,,,00_04,NEG,MARGINAL,243,8.934133525626722,0.2835990223682941,4.395998119581064,1.392153731136938,0,0,87,0.35802469135802467,2.903977384346489,10.485959999999999,27.69395824842446,0.9928779575648846,0.9984923191030408,0.9888219234539517,0.9933922056158684,28.983531000443985
rw_sarma_3m,rw_sarma_3m,RW-SARMA (3 Months),STATISTICAL_ROLLING,,,00_04,POS,AVERAGE,243,1.057321848684157,0.06603543228595929,0.33790790014681293,0.14944597364304624,0,0,224,0.9218106995884774,3.5110764772946723,3.9527600000000005,88.825946358865,0.9983416474886467,0.9998215715101385,0.9991407729779204,0.9990937338271993,11.758969461658406
rw_sarma_3m,rw_sarma_3m,RW-SARMA (3 Months),STATISTICAL_ROLLING,,,00_04,POS,MARGINAL,243,2.424264290269595,0.1471926961697474,0.933235709075837,0.3056516726104235,0,0,91,0.37448559670781895,1.5214167268300536,4.75564,31.991839727776988,0.9963035393440157,0.9995908929557482,0.9976269825628248,0.9978251022980946,-8.845846781434599
rw_sarma_3m,rw_sarma_3m,RW-SARMA (3 Months),STATISTICAL_ROLLING,,,04_08,NEG,AVERAGE,243,2.5212984989345024,0.1700519313514066,1.3365470698685014,0.49901462955980236,0,0,179,0.7366255144032922,4.158412273339956,6.09224,68.25752552985365,0.9957294737437944,0.9995745179348986,0.9966014486248664,0.9972860900376126,11.042408080154454
rw_sarma_3m,rw_sarma_3m,RW-SARMA (3 Months),STATISTICAL_ROLLING,,,04_08,NEG,MARGINAL,243,6.707800633528636,0.29906120722536245,3.3759304389738416,1.4676597178514204,0,0,88,0.36213991769547327,2.352208004771687,8.57392,27.434452441493363,0.9924896546159815,0.9988680242077452,0.9914157358955876,0.9942401234035336,44.9854717201756
rw_sarma_3m,rw_sarma_3m,RW-SARMA (3 Months),STATISTICAL_ROLLING,,,04_08,POS,AVERAGE,243,4.283905293244787,0.13308938131013523,1.77891345849744,0.6588031527258451,0,0,179,0.7366255144032922,7.458164074833814,10.60856,70.30326523895621,0.9966577168939493,0.9992770689897928,0.9954766061615661,0.9971323365438913,11.028066204637414
rw_sarma_3m,rw_sarma_3m,RW-SARMA (3 Months),STATISTICAL_ROLLING,,,04_08,POS,MARGINAL,243,20.892576735962855,0.19999561535136268,4.6951206242132,1.3624650227194168,0,0,97,0.3991769547325103,4.57021289917126,14.25088,32.069689023914734,0.9949774958761329,0.9964742704211089,0.9880613193402851,0.9931890932191452,43.68389647260326
rw_sarma_3m,rw_sarma_3m,RW-SARMA (3 Months),STATISTICAL_ROLLING,,,08_12,NEG,AVERAGE,243,4.028287010145258,0.1842605771693687,1.9756620540676548,0.7944940690658981,0,0,178,0.7325102880658436,8.222843994405007,11.116,73.97304780860928,0.9953726510100064,0.9993202058873147,0.9949763168525659,0.9965445538475628,9.46515032860701
rw_sarma_3m,rw_sarma_3m,RW-SARMA (3 Months),STATISTICAL_ROLLING,,,08_12,NEG,MARGINAL,243,18.27522611279624,0.3256789541873922,6.122580571366245,1.7432825337884204,0,0,90,0.37037037037037035,4.746947119314189,15.307240000000002,31.011123620680074,0.9918212012418914,0.9969159617752703,0.9844315960961779,0.991063902519821,54.95412852170276
rw_sarma_3m,rw_sarma_3m,RW-SARMA (3 Months),STATISTICAL_ROLLING,,,08_12,POS,AVERAGE,243,8.53691407875889,0.18419586070479407,4.2406630598547235,1.4251593034260832,0,0,181,0.7448559670781894,11.657884804273298,17.75968,65.64242601371926,0.9953742762391877,0.9985593519238763,0.9892169070596479,0.9943934193858868,28.576581561350494
rw_sarma_3m,rw_sarma_3m,RW-SARMA (3 Months),STATISTICAL_ROLLING,,,08_12,POS,MARGINAL,243,18.967523801882855,0.2767080321834499,8.913965769036599,2.569820518178851,0,0,112,0.4609053497942387,8.874874168839954,23.39096,37.941470417802236,0.9930510114918925,0.9967991329862388,0.9773337046594002,0.9891011803303044,25.217154717301966
rw_sarma_3m,rw_sarma_3m,RW-SARMA (3 Months),STATISTICAL_ROLLING,,,12_16,NEG,AVERAGE,243,7.30549319870162,0.20925674720822823,4.423898419070647,2.072194908595538,0,0,177,0.7283950617283951,16.440224367371176,23.006559999999997,71.45885507164554,0.9947449204126105,0.9987671605190415,0.9887509790006401,0.9940942589817825,42.809736447192016
rw_sarma_3m,rw_sarma_3m,RW-SARMA (3 Months),STATISTICAL_ROLLING,,,12_16,NEG,MARGINAL,243,28.224875552281393,0.3076006135762819,9.5923831779106,3.5355941765014793,0,0,98,0.40329218106995884,10.85040593091919,30.051000000000005,36.106638484307304,0.9922752038964618,0.9952369073545676,0.9756086352848736,0.9877525983958128,43.53787060261335
rw_sarma_3m,rw_sarma_3m,RW-SARMA (3 Months),STATISTICAL_ROLLING,,,12_16,POS,AVERAGE,243,16.429151321363246,0.1861929990109133,4.2354887797041725,0.8113045791841405,0,0,190,0.7818930041152263,6.949583385688788,12.400360000000001,56.04340023748332,0.9953241219627512,0.9972274963733841,0.9892300641397967,0.9939411964366851,7.010492236696455
rw_sarma_3m,rw_sarma_3m,RW-SARMA (3 Months),STATISTICAL_ROLLING,,,12_16,POS,MARGINAL,243,93.54953448996875,0.2497291810667716,13.56434958496678,1.4410612851346123,0,0,99,0.4074074074074074,4.641558606900631,22.700200000000006,20.447214592385222,0.9937285333003214,0.9842130358063959,0.9655087800691399,0.9812759005610361,-5.636509360714722
rw_sarma_3m,rw_sarma_3m,RW-SARMA (3 Months),STATISTICAL_ROLLING,,,16_20,NEG,AVERAGE,243,2.301757178574086,0.19289640210069117,1.1501001277448935,0.37800763001886084,0,0,166,0.6831275720164609,4.673375943211447,6.76304,69.10170490210685,0.9951557789238141,0.9996115666597527,0.9970755430475986,0.9972597110375228,23.83768725813465
rw_sarma_3m,rw_sarma_3m,RW-SARMA (3 Months),STATISTICAL_ROLLING,,,16_20,NEG,MARGINAL,243,5.634381368131224,0.28002516812399225,2.3449713978896933,0.7991741875307168,0,0,74,0.3045267489711934,2.233942844655727,8.51464,26.236492026154103,0.9929677080209062,0.9990491692193152,0.9940372427214771,0.9953275366675696,33.75502268510487
rw_sarma_3m,rw_sarma_3m,RW-SARMA (3 Months),STATISTICAL_ROLLING,,,16_20,POS,AVERAGE,243,23.2660489946596,0.22693468734315211,9.387819657614658,3.271399332294326,0,0,167,0.6872427983539094,14.47609290008767,26.775800000000004,54.06409108257332,0.9943009730436988,0.9960737347929325,0.9761287962645183,0.9888891660838164,52.664296404452074
rw_sarma_3m,rw_sarma_3m,RW-SARMA (3 Months),STATISTICAL_ROLLING,,,16_20,POS,MARGINAL,243,37.74970445725121,0.3029504313153576,15.98818598321142,5.314022970994209,0,0,97,0.3991769547325103,10.738671257449198,35.721720000000005,30.0620218103977,0.9923919842545772,0.9936295435799345,0.9593454860781819,0.9818950344337347,28.318252260056852
rw_sarma_3m,rw_sarma_3m,RW-SARMA (3 Months),STATISTICAL_ROLLING,,,20_24,NEG,AVERAGE,243,0.9480403154945535,0.15012119028317852,0.47329343962802395,0.16341512483790965,0,0,209,0.8600823045267489,1.660897649642201,2.23896,74.18165798594887,0.996229995862897,0.9998400133298748,0.9987965167061061,0.9982682535052587,7.7507598007058105
rw_sarma_3m,rw_sarma_3m,RW-SARMA (3 Months),STATISTICAL_ROLLING,,,20_24,NEG,MARGINAL,243,2.2739138484308206,0.2481129107793872,1.112730696392754,0.37899539456542497,0,0,88,0.36213991769547327,0.938401632373387,3.17832,29.525083452056027,0.9937691228110934,0.9996162653646516,0.9971705654640723,0.9968211559292508,0.7256024355588039
rw_sarma_3m,rw_sarma_3m,RW-SARMA (3 Months),STATISTICAL_ROLLING,,,20_24,POS,AVERAGE,243,3.2206372369827134,0.13093763598678698,1.8811759818554028,1.0493962148534903,0,0,167,0.6872427983539094,9.799996517640109,14.73664,66.50088838188427,0.9967117538274143,0.9994565009327087,0.9952165745867582,0.9971241112227449,12.44906082172285
rw_sarma_3m,rw_sarma_3m,RW-SARMA (3 Months),STATISTICAL_ROLLING,,,20_24,POS,MARGINAL,243,8.382876264227868,0.20354803923835338,4.0956118124379435,2.1333255971899607,0,0,90,0.37037037037037035,5.417373682301713,17.544799999999995,30.87737496182182,0.9948882836021998,0.9985853465958511,0.9895857411452456,0.99435847537931,30.833549986389276
rw_sarma_6m,rw_sarma_6m,RW-SARMA (6 Months),STATISTICAL_ROLLING,,,00_04,NEG,AVERAGE,243,3.8619983569443646,0.18319762746183924,1.9729949513170246,0.5826578841621082,0,0,181,0.7448559670781894,4.742446813653022,7.52448,63.02690436618905,0.9953993449416716,0.9993482679512063,0.994983098720504,0.9965651282818329,-5.8606046869523345
rw_sarma_6m,rw_sarma_6m,RW-SARMA (6 Months),STATISTICAL_ROLLING,,,00_04,NEG,MARGINAL,243,8.772602767650133,0.2943547812530987,4.2408831790876595,1.5988593332800716,0,0,86,0.35390946502057613,3.018965089725018,10.485959999999999,28.79054554590155,0.992607847426423,0.9985195782476881,0.9892163473438409,0.9934395235701885,48.13487746863928
rw_sarma_6m,rw_sarma_6m,RW-SARMA (6 Months),STATISTICAL_ROLLING,,,00_04,POS,AVERAGE,243,0.9388869942338514,0.06068165383577547,0.2935765933807784,0.1435442393920665,0,0,222,0.9135802469135802,3.509051492449514,3.9527600000000005,88.77471671564966,0.9984760973079444,0.9998415579998273,0.9992534979443415,0.9991832415462768,7.345523439342255
rw_sarma_6m,rw_sarma_6m,RW-SARMA (6 Months),STATISTICAL_ROLLING,,,00_04,POS,MARGINAL,243,2.364749443593697,0.1455076859285982,0.9136899937197188,0.33522370342090424,0,0,83,0.34156378600823045,1.3763510231342175,4.75564,28.941446853298768,0.9963458551261396,0.9996009363916518,0.9976766831078329,0.9978592051777175,-0.026613421902271225
rw_sarma_6m,rw_sarma_6m,RW-SARMA (6 Months),STATISTICAL_ROLLING,,,04_08,NEG,AVERAGE,243,2.556482352978161,0.17080982857554874,1.3717927990396668,0.49307423556634866,0,0,186,0.7654320987654321,4.232382397199357,6.09224,69.47169509407635,0.9957104406168579,0.999568580478908,0.9965118263257027,0.9972480840552533,9.720531696370132
rw_sarma_6m,rw_sarma_6m,RW-SARMA (6 Months),STATISTICAL_ROLLING,,,04_08,NEG,MARGINAL,243,6.656926900972493,0.2894421058515713,3.2822026934535073,1.3341216943184482,0,0,92,0.3786008230452675,2.833874777478575,8.57392,33.052265212161714,0.9927312197934625,0.9988766094112808,0.9916540653683069,0.9944037374070411,31.793671809736203
rw_sarma_6m,rw_sarma_6m,RW-SARMA (6 Months),STATISTICAL_ROLLING,,,04_08,POS,AVERAGE,243,3.8999491322129476,0.12183015561272105,1.5877018970668229,0.668376502314743,0,0,179,0.7366255144032922,7.626930112682611,10.60856,71.89411298689558,0.9969404706303123,0.9993418635630547,0.9959628159851418,0.997410304265211,12.641462387637487
rw_sarma_6m,rw_sarma_6m,RW-SARMA (6 Months),STATISTICAL_ROLLING,,,04_08,POS,MARGINAL,243,20.70009613252682,0.19225253658430141,4.482730207210526,1.2812579097296233,0,0,68,0.27983539094650206,3.3717675503578057,14.25088,23.66006555635726,0.9951719483643571,0.9965067525110624,0.9886013824327436,0.9934441469753374,35.11989356530263
rw_sarma_6m,rw_sarma_6m,RW-SARMA (6 Months),STATISTICAL_ROLLING,,,08_12,NEG,AVERAGE,243,4.1226437241512635,0.18573516255178676,2.0059623014024,0.9042533708496308,0,0,165,0.6790123456790124,7.618867504617798,11.116,68.53965009551816,0.9953356196423377,0.9993042827074341,0.9948992698487096,0.9965012830219222,24.58775342600368
rw_sarma_6m,rw_sarma_6m,RW-SARMA (6 Months),STATISTICAL_ROLLING,,,08_12,NEG,MARGINAL,243,17.812934821266918,0.3198641301829638,5.807521319898923,1.5807968680611069,0,0,81,0.3333333333333333,4.373387199736412,15.307240000000002,28.570710328814414,0.9919672293310097,0.996993975803947,0.9852327239250902,0.9914036688831256,40.51136078781783
rw_sarma_6m,rw_sarma_6m,RW-SARMA (6 Months),STATISTICAL_ROLLING,,,08_12,POS,AVERAGE,243,8.21321641163547,0.17619960766503412,3.94131420383536,1.395053859409769,0,0,175,0.720164609053498,12.203002747740117,17.75968,68.71183910825035,0.995575086710943,0.9986139775669465,0.9899780867361477,0.9947309107017417,25.860495669268985
rw_sarma_6m,rw_sarma_6m,RW-SARMA (6 Months),STATISTICAL_ROLLING,,,08_12,POS,MARGINAL,243,17.62918191609765,0.26406576177542873,8.256418398755201,2.245633431387951,0,0,80,0.3292181069958848,7.089753900477797,23.39096,30.30980301996069,0.9933684977285171,0.9970249850500131,0.9790057060201193,0.9898354172808396,9.420804615460984
rw_sarma_6m,rw_sarma_6m,RW-SARMA (6 Months),STATISTICAL_ROLLING,,,12_16,NEG,AVERAGE,243,6.8435900746447915,0.20546754232108677,4.3466449667532085,2.3292949565159624,0,0,165,0.6790123456790124,15.793571783417521,23.006559999999997,68.64812376738428,0.9948400789846543,0.9988451090424645,0.9889474178934604,0.9942171607436378,60.52833518120847
rw_sarma_6m,rw_sarma_6m,RW-SARMA (6 Months),STATISTICAL_ROLLING,,,12_16,NEG,MARGINAL,243,27.472737087438933,0.29214105346563746,9.079980986181353,3.7541509686482044,0,0,100,0.411522633744856,11.458049910654132,30.051000000000005,38.12868094457466,0.9926634409299212,0.9953638345817081,0.9769115637133459,0.9883564513535411,52.41082801355725
rw_sarma_6m,rw_sarma_6m,RW-SARMA (6 Months),STATISTICAL_ROLLING,,,12_16,POS,AVERAGE,243,16.145881411676832,0.1481820107915015,3.690622822204185,0.8105971920340735,0,0,177,0.7283950617283951,7.363448056200511,12.400360000000001,59.38092165227873,0.9962786946155009,0.9972752996248457,0.9906155409335974,0.9947387335535567,6.917188378844824
rw_sarma_6m,rw_sarma_6m,RW-SARMA (6 Months),STATISTICAL_ROLLING,,,12_16,POS,MARGINAL,243,93.49342783675442,0.22095168185721198,13.209018140175397,1.5253976027807639,0,0,80,0.3292181069958848,4.254837484854985,22.700200000000006,18.74361232436271,0.9944512246863334,0.9842225040921564,0.9664123114131148,0.9818229055100929,-0.11400354999827106
rw_sarma_6m,rw_sarma_6m,RW-SARMA (6 Months),STATISTICAL_ROLLING,,,16_20,NEG,AVERAGE,243,2.270291613164518,0.18674469190142043,1.1722946336104871,0.40015191285394014,0,0,168,0.691358024691358,4.656793369561746,6.76304,68.85651082296934,0.9953102672599228,0.9996168766354481,0.9970191071987382,0.9972953655336554,31.092294188024933
rw_sarma_6m,rw_sarma_6m,RW-SARMA (6 Months),STATISTICAL_ROLLING,,,16_20,NEG,MARGINAL,243,5.4731697277113325,0.2838781155571651,2.2374629353764024,0.7409067099042375,0,0,71,0.29218106995884774,2.934189279112533,8.51464,34.460520692742534,0.9928709486777668,0.9990763745112364,0.9943106135898514,0.9953938286237998,24.0029962641639
rw_sarma_6m,rw_sarma_6m,RW-SARMA (6 Months),STATISTICAL_ROLLING,,,16_20,POS,AVERAGE,243,22.13401849660236,0.21407330191433438,8.922184041750189,2.8554262613260697,0,0,163,0.6707818930041153,14.343825843232612,26.775800000000004,53.57011123190571,0.9946239619314371,0.996264770750902,0.977312807361683,0.9894527478338417,33.2523476473339
rw_sarma_6m,rw_sarma_6m,RW-SARMA (6 Months),STATISTICAL_ROLLING,,,16_20,POS,MARGINAL,243,38.33825110236354,0.30277602272385823,15.947914573444374,4.892060122457405,0,0,103,0.42386831275720166,11.351292739140796,35.721720000000005,31.777004968240036,0.9923963641899498,0.9935302233121928,0.9594478876008278,0.9818975404258798,18.129072510841805
rw_sarma_6m,rw_sarma_6m,RW-SARMA (6 Months),STATISTICAL_ROLLING,,,20_24,NEG,AVERAGE,243,0.9359180282540589,0.14347496812513094,0.4574946396963516,0.14862191510375755,0,0,209,0.8600823045267489,1.7186026717054093,2.23896,76.7589716522586,0.9963969029130255,0.999842059028078,0.9988366896520829,0.9983389340548818,-2.003414363571478
rw_sarma_6m,rw_sarma_6m,RW-SARMA (6 Months),STATISTICAL_ROLLING,,,20_24,NEG,MARGINAL,243,2.322302761240365,0.25480678950630925,1.1399889209913354,0.42835832880026703,0,0,90,0.37037037037037035,1.011240559622253,3.17832,31.81682648764923,0.9936010189581587,0.9996080994872044,0.9971012536689386,0.9967384329873011,13.844789001117489
rw_sarma_6m,rw_sarma_6m,RW-SARMA (6 Months),STATISTICAL_ROLLING,,,20_24,POS,AVERAGE,243,2.9543094982600753,0.11658542826207942,1.7804063539866395,1.078268245587715,0,0,167,0.6872427983539094,9.944268850895572,14.73664,67.47989264103332,0.997072181841585,0.9995014451058454,0.99547281004983,0.9973460460275119,15.542871047189271
rw_sarma_6m,rw_sarma_6m,RW-SARMA (6 Months),STATISTICAL_ROLLING,,,20_24,POS,MARGINAL,243,7.921222415437546,0.1859458412632546,3.805683073107468,2.0818164726495887,0,0,85,0.3497942386831276,5.867789692712497,17.544799999999995,33.44460861743935,0.9953303288528607,0.9986632530527931,0.9903229674936145,0.9947777645902872,27.67457527142557
rw_sarmax_exog_1_12m,rw_sarmax_exog_1_12m,RW-SARMAX (Exog. 1) (12 Months),STATISTICAL_ROLLING,,,00_04,NEG,AVERAGE,243,3.7003738566652795,0.17888357973037788,1.8515092670619335,0.6259219530171443,0,0,182,0.7489711934156379,4.892753224369643,7.52448,65.02446978887103,0.9955076839294227,0.9993755429153484,0.9952920106537925,0.9967129052138202,1.1295234680148414
rw_sarmax_exog_1_12m,rw_sarmax_exog_1_12m,RW-SARMAX (Exog. 1) (12 Months),STATISTICAL_ROLLING,,,00_04,NEG,MARGINAL,243,8.358060725211224,0.26566667332553096,3.9241170944553962,1.2476604237692719,0,0,86,0.35390946502057613,3.055842309429774,10.485959999999999,29.142227411031268,0.9933282939228075,0.9985895343454538,0.9900218152819275,0.9939733653107905,15.596175442381114
rw_sarmax_exog_1_12m,rw_sarmax_exog_1_12m,RW-SARMAX (Exog. 1) (12 Months),STATISTICAL_ROLLING,,,00_04,POS,AVERAGE,243,0.95326081146422,0.06196361960054303,0.3036490489447914,0.14627394899293922,0,0,215,0.8847736625514403,3.388394096076221,3.9527600000000005,85.7222319613693,0.9984439032104444,0.9998391323443799,0.9992278858589314,0.9991630430986439,9.386860013934701
rw_sarmax_exog_1_12m,rw_sarmax_exog_1_12m,RW-SARMAX (Exog. 1) (12 Months),STATISTICAL_ROLLING,,,00_04,POS,MARGINAL,243,2.294716454169679,0.13476949922739723,0.851112148834276,0.3246161289736089,0,0,83,0.34156378600823045,1.3876689602940684,4.75564,29.179436633009825,0.9966155239731035,0.9996127548181404,0.9978358050913252,0.9980073029209788,-3.1900983725588845
rw_sarmax_exog_1_12m,rw_sarmax_exog_1_12m,RW-SARMAX (Exog. 1) (12 Months),STATISTICAL_ROLLING,,,04_08,NEG,AVERAGE,243,2.460902685419314,0.16126143262632164,1.2720256400530536,0.4713090064533647,0,0,201,0.8271604938271605,4.678002793434259,6.09224,76.78625256776257,0.995950230163979,0.9995847100384788,0.9967655127262874,0.9974186517681258,4.87725995651349
rw_sarmax_exog_1_12m,rw_sarmax_exog_1_12m,RW-SARMAX (Exog. 1) (12 Months),STATISTICAL_ROLLING,,,04_08,NEG,MARGINAL,243,6.568416572386527,0.28655438346260864,3.195213097506276,1.4275660961370527,0,0,96,0.3950617283950617,2.9097036412034467,8.57392,33.936678219571064,0.9928037393713625,0.9988915459836087,0.9918752611777129,0.9945063177494995,41.02474936299474
rw_sarmax_exog_1_12m,rw_sarmax_exog_1_12m,RW-SARMAX (Exog. 1) (12 Months),STATISTICAL_ROLLING,,,04_08,POS,AVERAGE,243,4.006034335716315,0.12504884054766374,1.6547039417478153,0.6871777175023173,0,0,187,0.7695473251028807,7.7479140405649565,10.60856,73.03454984055287,0.9968596395664373,0.9993239611403616,0.9957924442143147,0.997320691219632,15.810030352038698
rw_sarmax_exog_1_12m,rw_sarmax_exog_1_12m,RW-SARMAX (Exog. 1) (12 Months),STATISTICAL_ROLLING,,,04_08,POS,MARGINAL,243,20.729209782796737,0.20102489893571462,4.651001038785663,1.487276074613419,0,0,76,0.31275720164609055,3.6757853611713007,14.25088,25.79339213558251,0.9949516474042154,0.9965018394331208,0.9881735059449364,0.9932264240921922,56.84631749621267
rw_sarmax_exog_1_12m,rw_sarmax_exog_1_12m,RW-SARMAX (Exog. 1) (12 Months),STATISTICAL_ROLLING,,,08_12,NEG,AVERAGE,243,3.9123827823450985,0.18701669061903672,1.9477715386852499,0.962662005393117,0,0,167,0.6872427983539094,7.765903156557621,11.116,69.86238895787712,0.9953034365367667,0.9993397653207652,0.9950472364269999,0.9965508789992632,32.63527726505334
rw_sarmax_exog_1_12m,rw_sarmax_exog_1_12m,RW-SARMAX (Exog. 1) (12 Months),STATISTICAL_ROLLING,,,08_12,NEG,MARGINAL,243,5.417047779907868e+64,1.3338521091486007e+63,4.395336656773449e+63,2.4785270167852604,0,0,98,0.40329218106995884,4.971732792848158,15.307240000000002,32.4796161349019,0.0,0.0,0.0,0.0,120.30737213252452
rw_sarmax_exog_1_12m,rw_sarmax_exog_1_12m,RW-SARMAX (Exog. 1) (12 Months),STATISTICAL_ROLLING,,,08_12,POS,AVERAGE,243,600714435618.4321,2345456422.107015,38535849016.18828,1.4432432665757151,0,0,179,0.7366255144032922,11.879413583359964,17.75968,66.88979521793166,0.0,0.0,0.0,0.0,30.208100337722637
rw_sarmax_exog_1_12m,rw_sarmax_exog_1_12m,RW-SARMAX (Exog. 1) (12 Months),STATISTICAL_ROLLING,,,08_12,POS,MARGINAL,243,54989319.20498127,104917.64358972413,3544524.5351074007,2.606572563599258,0,0,105,0.43209876543209874,7.807041442936941,23.39096,33.376319069148686,0.0,0.0,0.0,0.0,27.007936028693187
rw_sarmax_exog_1_12m,rw_sarmax_exog_1_12m,RW-SARMAX (Exog. 1) (12 Months),STATISTICAL_ROLLING,,,12_16,NEG,AVERAGE,243,953.5349459788388,1.3845009702701299,64.99555564457208,1.670211394356917,0,0,167,0.6872427983539094,16.44385179349355,23.006559999999997,71.47462199256887,0.9652309285857935,0.8390860827732675,0.8347302986978509,0.880537921604639,15.106184292707614
rw_sarmax_exog_1_12m,rw_sarmax_exog_1_12m,RW-SARMAX (Exog. 1) (12 Months),STATISTICAL_ROLLING,,,12_16,NEG,MARGINAL,243,27.173675167121758,0.27084579555462923,7.882267396396648,2.581595916224348,0,0,94,0.3868312757201646,11.707786272552374,30.051000000000005,38.95972271322875,0.9931982302576219,0.9954143028160339,0.9799570914462221,0.9895599583941361,4.8074982796574055
rw_sarmax_exog_1_12m,rw_sarmax_exog_1_12m,RW-SARMAX (Exog. 1) (12 Months),STATISTICAL_ROLLING,,,12_16,POS,AVERAGE,243,16.209982569773306,0.15546919363033318,3.8324378298450883,0.8198707139632404,0,0,172,0.7078189300411523,7.094328357835662,12.400360000000001,57.21066451164049,0.9960956910741727,0.9972644822253456,0.9902549359088301,0.9945539429494967,8.140359271588805
rw_sarmax_exog_1_12m,rw_sarmax_exog_1_12m,RW-SARMAX (Exog. 1) (12 Months),STATISTICAL_ROLLING,,,12_16,POS,MARGINAL,243,99.03860545331338,0.4801334649871533,16.105379448462376,1.8621435066869694,0,0,94,0.3868312757201646,4.551693577571034,22.700200000000006,20.051336893820462,0.9879423741182127,0.9832867269024882,0.9590474883334975,0.9768706982280677,21.93677199915027
rw_sarmax_exog_1_12m,rw_sarmax_exog_1_12m,RW-SARMAX (Exog. 1) (12 Months),STATISTICAL_ROLLING,,,16_20,NEG,AVERAGE,243,2.057448600099662,0.18719981415812403,1.1263371830869011,0.4457615847407901,0,0,178,0.7325102880658436,5.051317992460859,6.76304,74.69005051664428,0.9952988377422949,0.9996527949865593,0.997135967098547,0.9973418963204654,46.03431078908677
rw_sarmax_exog_1_12m,rw_sarmax_exog_1_12m,RW-SARMAX (Exog. 1) (12 Months),STATISTICAL_ROLLING,,,16_20,NEG,MARGINAL,243,5.19698732761246,0.268911728740539,2.1969903037254213,0.8236765887024777,0,0,75,0.30864197530864196,2.6291948547901094,8.51464,30.878520463461868,0.9932468006151897,0.9991229817090707,0.9944135267764151,0.9955709600093748,37.85590491541647
rw_sarmax_exog_1_12m,rw_sarmax_exog_1_12m,RW-SARMAX (Exog. 1) (12 Months),STATISTICAL_ROLLING,,,16_20,POS,AVERAGE,243,89694700.27215129,194586.52390955764,5753926.284922883,2.590293172836681,0,0,177,0.7283950617283951,15.313702988472006,26.775800000000004,57.1923266101181,0.0,0.0,0.0,0.0,20.87955169784502
rw_sarmax_exog_1_12m,rw_sarmax_exog_1_12m,RW-SARMAX (Exog. 1) (12 Months),STATISTICAL_ROLLING,,,16_20,POS,MARGINAL,243,38.722010137124485,0.26577026800588854,15.206402561809808,4.641315419696738,0,0,104,0.4279835390946502,11.268019891624332,35.721720000000005,31.54388952050554,0.993325692342226,0.9934654620050011,0.9613333929628399,0.9828143575357444,12.074314712966402
rw_sarmax_exog_1_12m,rw_sarmax_exog_1_12m,RW-SARMAX (Exog. 1) (12 Months),STATISTICAL_ROLLING,,,20_24,NEG,AVERAGE,243,0.9001166024134296,0.14010468820988264,0.42155921834136867,0.15976642341238634,0,0,216,0.8888888888888888,1.8368874126325927,2.23896,82.04199327511847,0.9964815409924314,0.9998481007024798,0.998928065689946,0.9983998588469273,5.3449215940158314
rw_sarmax_exog_1_12m,rw_sarmax_exog_1_12m,RW-SARMAX (Exog. 1) (12 Months),STATISTICAL_ROLLING,,,20_24,NEG,MARGINAL,243,2.20360625183438,0.25624905253985225,1.0674922996771712,0.43873832562033943,0,0,93,0.38271604938271603,1.0085917400073046,3.17832,31.733486244534998,0.993564799303938,0.9996281301325103,0.9972855969648946,0.9967935617054826,16.60348065799062
rw_sarmax_exog_1_12m,rw_sarmax_exog_1_12m,RW-SARMAX (Exog. 1) (12 Months),STATISTICAL_ROLLING,,,20_24,POS,AVERAGE,243,3.210939493032674,0.13163453125130256,1.993799573884359,1.162969678701522,0,0,160,0.6584362139917695,9.137954912339007,14.73664,62.008401591807946,0.9966942526470319,0.9994581374767849,0.9949301970455615,0.9970241962923652,24.619134587201494
rw_sarmax_exog_1_12m,rw_sarmax_exog_1_12m,RW-SARMAX (Exog. 1) (12 Months),STATISTICAL_ROLLING,,,20_24,POS,MARGINAL,243,8.050530162190727,0.20388708711750744,3.941712340376931,2.2034111955101032,0,0,84,0.345679012345679,5.953635348143462,17.544799999999995,33.933902627236925,0.9948797690686775,0.9986414317067108,0.9899770743606606,0.994503228485583,35.13179102527363
rw_sarmax_exog_1_3_12m,rw_sarmax_exog_1_3_12m,RW-SARMAX (Exog. 1&3) (12 Months),STATISTICAL_ROLLING,,,00_04,NEG,AVERAGE,243,2.970932120215199,0.1528019885024989,1.4928793546034795,0.6189309823210136,0,0,194,0.7983539094650206,5.58115445064579,7.52448,74.17329105327929,0.9961626727863978,0.9994986399530561,0.9962039292907242,0.9972771565978229,0.0
rw_sarmax_exog_1_3_12m,rw_sarmax_exog_1_3_12m,RW-SARMAX (Exog. 1&3) (12 Months),STATISTICAL_ROLLING,,,00_04,NEG,MARGINAL,243,6.977654636938677,0.21791445071166002,3.1288226938382273,1.0793267329083633,0,0,105,0.43209876543209874,4.041095453102934,10.485959999999999,38.53815438074277,0.9945274988882796,0.9988224849593399,0.9920440776771602,0.99512531529206,0.0
rw_sarmax_exog_1_3_12m,rw_sarmax_exog_1_3_12m,RW-SARMAX (Exog. 1&3) (12 Months),STATISTICAL_ROLLING,,,00_04,POS,AVERAGE,243,0.9594519956786179,0.05973752460028954,0.29855701826758485,0.14558475248767033,0,0,220,0.9053497942386831,3.479963338767694,3.9527600000000005,88.0388219564986,0.9984998072926377,0.9998380875502605,0.9992408337963818,0.9991859785238888,8.871463785399298
rw_sarmax_exog_1_3_12m,rw_sarmax_exog_1_3_12m,RW-SARMAX (Exog. 1&3) (12 Months),STATISTICAL_ROLLING,,,00_04,POS,MARGINAL,243,2.2974909137355133,0.13644320408754235,0.8689683334662649,0.31159382334042496,0,0,81,0.3333333333333333,1.3692057178789385,4.75564,28.791197775250833,0.9965734921038175,0.9996122866138456,0.9977904006591105,0.9979778741153735,-7.073725878367459
rw_sarmax_exog_1_3_12m,rw_sarmax_exog_1_3_12m,RW-SARMAX (Exog. 1&3) (12 Months),STATISTICAL_ROLLING,,,04_08,NEG,AVERAGE,243,1.9323672589729293,0.13798649849176836,1.0205680139768463,0.44939103734097285,0,0,204,0.8395061728395061,4.869540063097615,6.09224,79.93020733092614,0.9965347352415935,0.9996739031049955,0.9974049153183512,0.9978578200618462,0.0
rw_sarmax_exog_1_3_12m,rw_sarmax_exog_1_3_12m,RW-SARMAX (Exog. 1&3) (12 Months),STATISTICAL_ROLLING,,,04_08,NEG,MARGINAL,243,5.7071023041967335,0.22782397735282076,2.565096389175659,1.0122805412421103,0,0,96,0.3950617283950617,3.1418150729000858,8.57392,36.643858035765284,0.9942786402403869,0.999036897188032,0.9934775122722459,0.9955844928036233,0.0
rw_sarmax_exog_1_3_12m,rw_sarmax_exog_1_3_12m,RW-SARMAX (Exog. 1&3) (12 Months),STATISTICAL_ROLLING,,,04_08,POS,AVERAGE,243,4.037998226042105,0.125728452516507,1.703647754109256,0.7081465244589165,0,0,185,0.7613168724279835,7.548120599543447,10.60856,71.15122692941782,0.9968425724226895,0.9993185670697784,0.9956679906394611,0.9972720386677635,19.34390246144918
rw_sarmax_exog_1_3_12m,rw_sarmax_exog_1_3_12m,RW-SARMAX (Exog. 1&3) (12 Months),STATISTICAL_ROLLING,,,04_08,POS,MARGINAL,243,20.677398348741043,0.19268354064181628,4.554688270256494,1.3976767527840703,0,0,83,0.34156378600823045,3.939224095238945,14.25088,27.641970848389324,0.9951611245287821,0.9965105828785982,0.988418408574486,0.9933813495193038,47.39728249930116
rw_sarmax_exog_1_3_12m,rw_sarmax_exog_1_3_12m,RW-SARMAX (Exog. 1&3) (12 Months),STATISTICAL_ROLLING,,,08_12,NEG,AVERAGE,243,3.791138945960349,0.1551091300640319,1.691108813425211,0.7257963531597778,0,0,180,0.7407407407407407,8.336036987941688,11.116,74.99133670332571,0.9961047333761424,0.9993602258405757,0.9956998744653773,0.9970454424488531,0.0
rw_sarmax_exog_1_3_12m,rw_sarmax_exog_1_3_12m,RW-SARMAX (Exog. 1&3) (12 Months),STATISTICAL_ROLLING,,,08_12,NEG,MARGINAL,243,16605.512739406135,66.99073842436786,1099.9673402866335,1.5295973090890307,0,0,98,0.40329218106995884,5.6375945750436,15.307240000000002,36.82959550541835,0.0,0.0,0.0,0.0,35.96041572444207
rw_sarmax_exog_1_3_12m,rw_sarmax_exog_1_3_12m,RW-SARMAX (Exog. 1&3) (12 Months),STATISTICAL_ROLLING,,,08_12,POS,AVERAGE,243,7.918793880833926,0.1564335745307435,3.688358232924857,1.1084128121310073,0,0,191,0.7860082304526749,12.643567172899271,17.75968,71.19253935261936,0.9960714725079768,0.9986636628804747,0.9906212992964586,0.9951283381711001,0.0
rw_sarmax_exog_1_3_12m,rw_sarmax_exog_1_3_12m,RW-SARMAX (Exog. 1&3) (12 Months),STATISTICAL_ROLLING,,,08_12,POS,MARGINAL,243,238301.40648244208,829.7108488922462,15294.830827013104,2.1833466629479528,0,0,106,0.43621399176954734,8.280074458061213,23.39096,35.3986089414937,0.0,0.0,0.0,0.0,6.385817593830708
rw_sarmax_exog_1_3_12m,rw_sarmax_exog_1_3_12m,RW-SARMAX (Exog. 1&3) (12 Months),STATISTICAL_ROLLING,,,12_16,NEG,AVERAGE,243,5.12779016718659,0.16770071258143585,3.0954503606437904,1.4182193610051215,0,0,191,0.7860082304526749,19.38769263927364,23.006559999999997,84.27028047336779,0.9957885200681227,0.9991346590851249,0.9921289363337884,0.9956850833114032,-2.2603847112441557
rw_sarmax_exog_1_3_12m,rw_sarmax_exog_1_3_12m,RW-SARMAX (Exog. 1&3) (12 Months),STATISTICAL_ROLLING,,,12_16,NEG,MARGINAL,243,26.51775442594814,0.22521102203202467,7.154458421351064,2.167168831274455,0,0,106,0.43621399176954734,11.617720521789561,30.051000000000005,38.66001305044611,0.9943442595733464,0.9955249928083595,0.9818077529371182,0.9905968543509455,-12.017391208258385
rw_sarmax_exog_1_3_12m,rw_sarmax_exog_1_3_12m,RW-SARMAX (Exog. 1&3) (12 Months),STATISTICAL_ROLLING,,,12_16,POS,AVERAGE,243,16.20646225906402,0.1536037951167478,3.8255737078864245,0.7736027255661106,0,0,183,0.7530864197530864,7.44467415420731,12.400360000000001,60.03595181274826,0.9961425369598222,0.9972650762958497,0.9902723898927919,0.9945758264085914,2.0376447791381724
rw_sarmax_exog_1_3_12m,rw_sarmax_exog_1_3_12m,RW-SARMAX (Exog. 1&3) (12 Months),STATISTICAL_ROLLING,,,12_16,POS,MARGINAL,243,1032324090.2428662,5753573.867701635,66223644.94770664,1.7687202873190788,0,0,95,0.39094650205761317,4.5832677151367225,22.700200000000006,20.19042878537071,0.0,0.0,0.0,0.0,15.81923822230584
rw_sarmax_exog_1_3_12m,rw_sarmax_exog_1_3_12m,RW-SARMAX (Exog. 1&3) (12 Months),STATISTICAL_ROLLING,,,16_20,NEG,AVERAGE,243,1.495668235026085,0.143508971624395,0.8494753320199573,0.30524441984362904,0,0,194,0.7983539094650206,5.246299490164126,6.76304,77.57309568129311,0.9963960489807281,0.9997475983071364,0.9978399671639978,0.997978553258922,0.0
rw_sarmax_exog_1_3_12m,rw_sarmax_exog_1_3_12m,RW-SARMAX (Exog. 1&3) (12 Months),STATISTICAL_ROLLING,,,16_20,NEG,MARGINAL,243,4.294981844805426,0.203039661385863,1.5753880010736243,0.5974909737873446,0,0,93,0.38271604938271603,3.6341812495352124,8.51464,42.68156081214487,0.9949010505313954,0.999275199764854,0.9959941275708722,0.9967052352014643,0.0
rw_sarmax_exog_1_3_12m,rw_sarmax_exog_1_3_12m,RW-SARMAX (Exog. 1&3) (12 Months),STATISTICAL_ROLLING,,,16_20,POS,AVERAGE,243,21.74693605779483,0.18488397913664575,8.270363827429748,2.4395986181003977,0,0,179,0.7366255144032922,15.68749725803081,26.775800000000004,58.58834192827407,0.9953569954720288,0.9963300928995876,0.9789702457981285,0.9902704902307362,13.847185473492235
rw_sarmax_exog_1_3_12m,rw_sarmax_exog_1_3_12m,RW-SARMAX (Exog. 1&3) (12 Months),STATISTICAL_ROLLING,,,16_20,POS,MARGINAL,243,36.95555589260132,0.23931502585751735,14.06534964580756,3.6618229562618794,0,0,108,0.4444444444444444,12.180163114057649,35.721720000000005,34.09735901310925,0.9939900647213636,0.9937635602270817,0.9642348448040842,0.9840960956655485,-11.577589258074168
rw_sarmax_exog_1_3_12m,rw_sarmax_exog_1_3_12m,RW-SARMAX (Exog. 1&3) (12 Months),STATISTICAL_ROLLING,,,20_24,NEG,AVERAGE,243,0.7485275913585736,0.12311036534056137,0.3601375260590315,0.15166029932425518,0,0,222,0.9135802469135802,1.906828603780667,2.23896,85.16581822724241,0.9969083206322926,0.9998736821262968,0.9990842478263444,0.9986049458993511,0.0
rw_sarmax_exog_1_3_12m,rw_sarmax_exog_1_3_12m,RW-SARMAX (Exog. 1&3) (12 Months),STATISTICAL_ROLLING,,,20_24,NEG,MARGINAL,243,1.8303891618013703,0.20198657173631177,0.84793166041045,0.36045660260281576,0,0,91,0.37448559670781895,1.1660205330314894,3.17832,36.68669400914601,0.9949274968467228,0.9996911124324107,0.9978438923884733,0.9974619005187775,-4.201452129319176
rw_sarmax_exog_1_3_12m,rw_sarmax_exog_1_3_12m,RW-SARMAX (Exog. 1&3) (12 Months),STATISTICAL_ROLLING,,,20_24,POS,AVERAGE,243,3.015747244448596,0.11913455517774837,1.8011867864561748,1.0168668628722188,0,0,172,0.7078189300411523,10.065980952574641,14.73664,68.30580751497384,0.9970081654359068,0.9994910771707777,0.9954199698850971,0.997303421776647,8.96334682003482
rw_sarmax_exog_1_3_12m,rw_sarmax_exog_1_3_12m,RW-SARMAX (Exog. 1&3) (12 Months),STATISTICAL_ROLLING,,,20_24,POS,MARGINAL,243,7.719747482497449,0.17630980713157124,3.505903064353187,1.9423968465192978,0,0,85,0.3497942386831276,6.204964359231518,17.544799999999995,35.36640120851489,0.9955723192638959,0.9986972529820239,0.991085243498671,0.995122812388354,19.124185847313264
rw_sarmax_exog_1_3_3m,rw_sarmax_exog_1_3_3m,RW-SARMAX (Exog. 1&3) (3 Months),STATISTICAL_ROLLING,,,00_04,NEG,AVERAGE,243,2.951502094968197,0.15940551543909853,1.5523207776145707,0.6242117985764231,0,0,194,0.7983539094650206,5.561644750011368,7.52448,73.91400801133591,0.9959968379444046,0.9995019188695631,0.9960527825526343,0.9971719763704227,0.8532156906423047
rw_sarmax_exog_1_3_3m,rw_sarmax_exog_1_3_3m,RW-SARMAX (Exog. 1&3) (3 Months),STATISTICAL_ROLLING,,,00_04,NEG,MARGINAL,243,7.0249166593982135,0.23614821791027707,3.4303749349286927,1.2859378456472035,0,0,108,0.4444444444444444,3.9736276110043187,10.485959999999999,37.89474317090966,0.994069592994754,0.9988145092504243,0.9912772952669204,0.9947139571089402,19.14259199177843
rw_sarmax_exog_1_3_3m,rw_sarmax_exog_1_3_3m,RW-SARMAX (Exog. 1&3) (3 Months),STATISTICAL_ROLLING,,,00_04,POS,AVERAGE,243,1.0777241010373575,0.06750641433376228,0.3520473268059354,0.14976547495984782,0,0,223,0.9176954732510288,3.4777366597417325,3.9527600000000005,87.98248969686327,0.9983047066117767,0.9998181285253164,0.999104819460832,0.9990681730834331,11.997899538106468
rw_sarmax_exog_1_3_3m,rw_sarmax_exog_1_3_3m,RW-SARMAX (Exog. 1&3) (3 Months),STATISTICAL_ROLLING,,,00_04,POS,MARGINAL,243,2.380911199362399,0.14382266228629698,0.9100283495814384,0.3275782764819022,0,0,87,0.35802469135802467,1.4874188488067157,4.75564,31.276943772167698,0.9963881712448075,0.9995982090123974,0.9976859938803466,0.9978757651778402,-2.306700465650954
rw_sarmax_exog_1_3_3m,rw_sarmax_exog_1_3_3m,RW-SARMAX (Exog. 1&3) (3 Months),STATISTICAL_ROLLING,,,04_08,NEG,AVERAGE,243,2.120289354769494,0.1583980914342961,1.1762162783532772,0.4937167838630234,0,0,198,0.8148148148148148,4.656489962574449,6.09224,76.43313399627148,0.9960221374551449,0.9996421902866078,0.9970091353006779,0.9975424641785536,9.863513697185434
rw_sarmax_exog_1_3_3m,rw_sarmax_exog_1_3_3m,RW-SARMAX (Exog. 1&3) (3 Months),STATISTICAL_ROLLING,,,04_08,NEG,MARGINAL,243,5.727391434136787,0.24694090044132294,2.6774335672149276,1.1680770680622872,0,0,122,0.5020576131687243,3.623890385006352,8.57392,42.26643571442645,0.9937985555901361,0.9990334732931978,0.9931918630201462,0.9953258698840499,15.390647204282724
rw_sarmax_exog_1_3_3m,rw_sarmax_exog_1_3_3m,RW-SARMAX (Exog. 1&3) (3 Months),STATISTICAL_ROLLING,,,04_08,POS,AVERAGE,243,4.073631820570242,0.12609530983020603,1.6875576051503813,0.649707414209244,0,0,191,0.7860082304526749,7.792694144856827,10.60856,73.45666277851872,0.9968333595088579,0.9993125537177722,0.9957089044232724,0.9972804234195564,9.495161794537383
rw_sarmax_exog_1_3_3m,rw_sarmax_exog_1_3_3m,RW-SARMAX (Exog. 1&3) (3 Months),STATISTICAL_ROLLING,,,04_08,POS,MARGINAL,243,20.768624217561683,0.20268539355585652,4.669019770030608,1.3318490321510197,0,0,111,0.4567901234567901,4.984139248012059,14.25088,34.97425596182172,0.9949099472846269,0.9964951880449151,0.9881276881916891,0.9931949312348525,40.45517151755412
rw_sarmax_exog_1_3_3m,rw_sarmax_exog_1_3_3m,RW-SARMAX (Exog. 1&3) (3 Months),STATISTICAL_ROLLING,,,08_12,NEG,AVERAGE,243,4.32905868801489,0.16349758120382457,2.126565202520018,0.6507395671888849,0,0,182,0.7489711934156379,7.6661463659138676,11.116,68.9649727052345,0.9958940736055847,0.9992694491226246,0.9945926026428334,0.9965784621085,-10.341301061121442
rw_sarmax_exog_1_3_3m,rw_sarmax_exog_1_3_3m,RW-SARMAX (Exog. 1&3) (3 Months),STATISTICAL_ROLLING,,,08_12,NEG,MARGINAL,243,18.2689500934551,0.2682163329315009,5.881741492186133,1.1831103463968198,0,0,99,0.4074074074074074,5.199549734909526,15.307240000000002,33.96791149096457,0.9932642641396399,0.9969170208857528,0.9850439980101742,0.9917569860431334,5.1624330065015815
rw_sarmax_exog_1_3_3m,rw_sarmax_exog_1_3_3m,RW-SARMAX (Exog. 1&3) (3 Months),STATISTICAL_ROLLING,,,08_12,POS,AVERAGE,243,8.659961437943974,0.19363443864707583,4.448143096727952,1.6017106799438103,0,0,177,0.7283950617283951,11.262035299304923,17.75968,63.413503505158445,0.9951372445594918,0.9985385870503346,0.988689330006415,0.9941318757789546,44.504886844857076
rw_sarmax_exog_1_3_3m,rw_sarmax_exog_1_3_3m,RW-SARMAX (Exog. 1&3) (3 Months),STATISTICAL_ROLLING,,,08_12,POS,MARGINAL,243,17.444782520548227,0.2658587041906322,8.28824423555713,2.965923034453164,0,0,115,0.4732510288065844,8.751041254159743,23.39096,37.41206540543759,0.9933234714380237,0.9970561033946499,0.9789247797707814,0.9898036717335205,44.51765827907692
rw_sarmax_exog_1_3_3m,rw_sarmax_exog_1_3_3m,RW-SARMAX (Exog. 1&3) (3 Months),STATISTICAL_ROLLING,,,12_16,NEG,AVERAGE,243,6.4941561817390525,0.1763542546371908,3.6988794011849304,1.4271318001136777,0,0,194,0.7983539094650206,18.471548006312304,23.006559999999997,80.288178703432,0.9955712030505235,0.9989040778057556,0.9905945462312921,0.9950287549694038,-1.6461649412239658
rw_sarmax_exog_1_3_3m,rw_sarmax_exog_1_3_3m,RW-SARMAX (Exog. 1&3) (3 Months),STATISTICAL_ROLLING,,,12_16,NEG,MARGINAL,243,26.54826427016853,0.22220240745912823,7.327128059121893,2.7377657744397226,0,0,115,0.4732510288065844,12.73041751378124,30.051000000000005,42.36270844158677,0.9944198151252667,0.9955198441155212,0.981368691232432,0.9904759538074153,11.147674154346774
rw_sarmax_exog_1_3_3m,rw_sarmax_exog_1_3_3m,RW-SARMAX (Exog. 1&3) (3 Months),STATISTICAL_ROLLING,,,12_16,POS,AVERAGE,243,16.748136824938054,0.21709847593606782,4.58635800382355,0.9384572842888694,0,0,190,0.7818930041152263,6.863357476962017,12.400360000000001,55.34805019339775,0.9945479905208996,0.9971736659321032,0.9883378792620579,0.993365126691179,23.78184286332255
rw_sarmax_exog_1_3_3m,rw_sarmax_exog_1_3_3m,RW-SARMAX (Exog. 1&3) (3 Months),STATISTICAL_ROLLING,,,12_16,POS,MARGINAL,243,94.16610465273683,0.32906536086469607,14.974248372875863,1.6351069946678134,0,0,108,0.4444444444444444,4.676287691844485,22.700200000000006,20.60020480808312,0.9917361581699622,0.9841089864261875,0.9619237110712191,0.9793810839519315,7.069980421514936
rw_sarmax_exog_1_3_3m,rw_sarmax_exog_1_3_3m,RW-SARMAX (Exog. 1&3) (3 Months),STATISTICAL_ROLLING,,,16_20,NEG,AVERAGE,243,1.6169993916460579,0.15781519297962232,0.9290033826963408,0.3605748914166007,0,0,187,0.7695473251028807,5.3065671669971275,6.76304,78.4642286160828,0.9960367758255275,0.9997271230515878,0.9976377444573823,0.9977829100586395,18.126611979120344
rw_sarmax_exog_1_3_3m,rw_sarmax_exog_1_3_3m,RW-SARMAX (Exog. 1&3) (3 Months),STATISTICAL_ROLLING,,,16_20,NEG,MARGINAL,243,4.554948451940753,0.20904099147482913,1.6843262943639563,0.47641528872093364,0,0,83,0.34156378600823045,3.3957489463478012,8.51464,39.88129793329843,0.9947503387017007,0.9992313290653284,0.995717120950744,0.9965481036638821,-20.264019102906733
rw_sarmax_exog_1_3_3m,rw_sarmax_exog_1_3_3m,RW-SARMAX (Exog. 1&3) (3 Months),STATISTICAL_ROLLING,,,16_20,POS,AVERAGE,243,20.514201915880736,0.19703981797251643,8.317503512874332,2.6364074936943993,0,0,178,0.7325102880658436,16.048605657565474,26.775800000000004,59.936979128785964,0.9950517250260995,0.996538123114433,0.9788503797295083,0.9901957924473745,23.03153916034027
rw_sarmax_exog_1_3_3m,rw_sarmax_exog_1_3_3m,RW-SARMAX (Exog. 1&3) (3 Months),STATISTICAL_ROLLING,,,16_20,POS,MARGINAL,243,34.414941552393984,0.28002155121690453,14.601464431802022,4.529957051715819,0,0,108,0.4444444444444444,12.574015041319118,35.721720000000005,35.19991490140765,0.9929677988525513,0.9941923019395582,0.9628716203548695,0.9834401459670286,9.385332894137255
rw_sarmax_exog_1_3_3m,rw_sarmax_exog_1_3_3m,RW-SARMAX (Exog. 1&3) (3 Months),STATISTICAL_ROLLING,,,20_24,NEG,AVERAGE,243,0.8644339291598235,0.13729000065833144,0.41596055220167305,0.16248503050624752,0,0,216,0.8888888888888888,1.7897725157890154,2.23896,79.93767266003034,0.996552226441261,0.9998541223367728,0.9989423018922743,0.9984305769856143,7.137485044025054
rw_sarmax_exog_1_3_3m,rw_sarmax_exog_1_3_3m,RW-SARMAX (Exog. 1&3) (3 Months),STATISTICAL_ROLLING,,,20_24,NEG,MARGINAL,243,1.8456831794149424,0.20875853780515866,0.8910954176079204,0.34334332811194024,0,0,104,0.4279835390946502,1.3026551432264304,3.17832,40.985651011428374,0.994757431980812,0.9996885314884246,0.9977341362491748,0.997367007226884,-8.7496469291928
rw_sarmax_exog_1_3_3m,rw_sarmax_exog_1_3_3m,RW-SARMAX (Exog. 1&3) (3 Months),STATISTICAL_ROLLING,,,20_24,POS,AVERAGE,243,3.19439998412969,0.1296387752850677,1.931574472109296,0.9944866239402455,0,0,176,0.7242798353909465,10.071884714617287,14.73664,68.34586930682494,0.9967443722086685,0.9994609286038199,0.9950884220792869,0.9970943722763725,6.565170789623352
rw_sarmax_exog_1_3_3m,rw_sarmax_exog_1_3_3m,RW-SARMAX (Exog. 1&3) (3 Months),STATISTICAL_ROLLING,,,20_24,POS,MARGINAL,243,8.107697812932779,0.19176349081373942,3.904095594287777,1.8310212069963558,0,0,100,0.411522633744856,6.387841592770241,17.544799999999995,36.408745570027826,0.9951842298056032,0.9986317843721707,0.9900727256452517,0.9946351264396546,12.293690624275179
rw_sarmax_exog_1_3_6m,rw_sarmax_exog_1_3_6m,RW-SARMAX (Exog. 1&3) (6 Months),STATISTICAL_ROLLING,,,00_04,NEG,AVERAGE,243,3.2484812539575074,0.15665610427254667,1.6410154958511927,0.6216126639363102,0,0,201,0.8271604938271605,5.590773527080117,7.52448,74.30112814546808,0.9960658841027313,0.9994518021119034,0.9958272509844421,0.9971044881167228,0.4332763574446022
rw_sarmax_exog_1_3_6m,rw_sarmax_exog_1_3_6m,RW-SARMAX (Exog. 1&3) (6 Months),STATISTICAL_ROLLING,,,00_04,NEG,MARGINAL,243,7.222376531143746,0.22933247621950226,3.3763782761789627,1.1372888905961593,0,0,104,0.4279835390946502,4.031820884594255,10.485959999999999,38.44970688992,0.994240757200974,0.9987811868833819,0.9914145971420161,0.9948064661767126,5.370214219711825
rw_sarmax_exog_1_3_6m,rw_sarmax_exog_1_3_6m,RW-SARMAX (Exog. 1&3) (6 Months),STATISTICAL_ROLLING,,,00_04,POS,AVERAGE,243,0.9328904643660687,0.057950129744690534,0.28323121779000565,0.13372168190430322,0,0,219,0.9012345679012346,3.4527048911729272,3.9527600000000005,87.34921652650115,0.9985446942668718,0.9998425699450265,0.9992798040066067,0.9992155794547755,0.0
rw_sarmax_exog_1_3_6m,rw_sarmax_exog_1_3_6m,RW-SARMAX (Exog. 1&3) (6 Months),STATISTICAL_ROLLING,,,00_04,POS,MARGINAL,243,2.415334543269927,0.14481261984955732,0.9160732398422835,0.337945088261308,0,0,87,0.35802469135802467,1.462522789758236,4.75564,30.753437807702777,0.9963633103700569,0.9995923998963965,0.9976706230261719,0.997860323090267,0.7849821064003736
rw_sarmax_exog_1_3_6m,rw_sarmax_exog_1_3_6m,RW-SARMAX (Exog. 1&3) (6 Months),STATISTICAL_ROLLING,,,04_08,NEG,AVERAGE,243,2.1794647162097784,0.15592975719540036,1.1914613696960261,0.46020768547891144,0,0,202,0.831275720164609,4.570534822951361,6.09224,75.02223850260923,0.9960841249085807,0.9996322041405805,0.9969703703164025,0.9975474520397218,2.4069568013506064
rw_sarmax_exog_1_3_6m,rw_sarmax_exog_1_3_6m,RW-SARMAX (Exog. 1&3) (6 Months),STATISTICAL_ROLLING,,,04_08,NEG,MARGINAL,243,5.714909305130918,0.22559006478459326,2.595225868393125,0.9225395436595161,0,0,106,0.43621399176954734,3.234275925027465,8.57392,37.72225452333898,0.9943347406457211,0.9990355797165461,0.993400899494937,0.9955778499593346,-8.865229936404615
rw_sarmax_exog_1_3_6m,rw_sarmax_exog_1_3_6m,RW-SARMAX (Exog. 1&3) (6 Months),STATISTICAL_ROLLING,,,04_08,POS,AVERAGE,243,3.9018123240291818,0.12124607960258607,1.6085250186550968,0.7000961094057678,0,0,188,0.7736625514403292,7.862708408247411,10.60856,74.11664173316086,0.996955138572729,0.9993415491398707,0.995909867271173,0.9973977145303723,17.987166368433314
rw_sarmax_exog_1_3_6m,rw_sarmax_exog_1_3_6m,RW-SARMAX (Exog. 1&3) (6 Months),STATISTICAL_ROLLING,,,04_08,POS,MARGINAL,243,20.65862678516838,0.19256840550635768,4.4895600531968824,1.2701875427841447,0,0,86,0.35390946502057613,4.2919380144028745,14.25088,30.117003401915348,0.9951640159256342,0.9965137506763173,0.9885840156051982,0.9934380282876158,33.95242619433627
rw_sarmax_exog_1_3_6m,rw_sarmax_exog_1_3_6m,RW-SARMAX (Exog. 1&3) (6 Months),STATISTICAL_ROLLING,,,08_12,NEG,AVERAGE,243,3.7527972898296365,0.15855070496315066,1.6681073622230604,0.739055131887568,0,0,180,0.7407407407407407,8.44865379500836,11.116,76.00444220050701,0.9960183048607318,0.9993666961918796,0.995758362202454,0.997037492922779,1.8267904860733624
rw_sarmax_exog_1_3_6m,rw_sarmax_exog_1_3_6m,RW-SARMAX (Exog. 1&3) (6 Months),STATISTICAL_ROLLING,,,08_12,NEG,MARGINAL,243,17.426804254089486,0.30287955713096987,5.668640937120893,1.6784388136085306,0,0,92,0.3786008230452675,4.476532576533333,15.307240000000002,29.244544258359657,0.9923937641230145,0.9970591373194084,0.9855858668307985,0.9916867311713933,49.19040293171217
rw_sarmax_exog_1_3_6m,rw_sarmax_exog_1_3_6m,RW-SARMAX (Exog. 1&3) (6 Months),STATISTICAL_ROLLING,,,08_12,POS,AVERAGE,243,8.168818376982841,0.18172678114965732,4.073896126979198,1.5249055059308958,0,0,178,0.7325102880658436,11.876298212885926,17.75968,66.872253401446,0.9954362824098032,0.9986214699632171,0.9896409594569247,0.9945749377279799,37.57559360931148
rw_sarmax_exog_1_3_6m,rw_sarmax_exog_1_3_6m,RW-SARMAX (Exog. 1&3) (6 Months),STATISTICAL_ROLLING,,,08_12,POS,MARGINAL,243,16.85399281070739,0.24624634676313897,7.894647825077192,2.4324840918486643,0,0,106,0.43621399176954734,8.702574625132351,23.39096,37.204863011746205,0.9938159979660942,0.9971558021910796,0.9799256106821954,0.9903343055566528,18.525295724637687
rw_sarmax_exog_1_3_6m,rw_sarmax_exog_1_3_6m,RW-SARMAX (Exog. 1&3) (6 Months),STATISTICAL_ROLLING,,,12_16,NEG,AVERAGE,243,5.08265894328177,0.15883908233908242,3.0575631332636277,1.6756787134764428,0,0,189,0.7777777777777778,19.030966742930442,23.006559999999997,82.71974055630413,0.9960110628191636,0.9991422752108458,0.9922252753940547,0.9957950530581329,15.482976263044693
rw_sarmax_exog_1_3_6m,rw_sarmax_exog_1_3_6m,RW-SARMAX (Exog. 1&3) (6 Months),STATISTICAL_ROLLING,,,12_16,NEG,MARGINAL,243,26.66026397984727,0.2523265287831965,7.526097644556771,3.178047894267337,0,0,92,0.3786008230452675,9.928233552735787,30.051000000000005,33.037947331988235,0.9936633059222414,0.9955009435895481,0.980862754424493,0.9900455443581957,29.022225018947108
rw_sarmax_exog_1_3_6m,rw_sarmax_exog_1_3_6m,RW-SARMAX (Exog. 1&3) (6 Months),STATISTICAL_ROLLING,,,12_16,POS,AVERAGE,243,16.28449902649554,0.16443851566558393,3.8987916010833983,0.8242943148270001,0,0,177,0.7283950617283951,6.961845117604718,12.400360000000001,56.14228230151962,0.9958704438514714,0.997251907190734,0.9900862125577629,0.9944175304265042,8.72382905351168
rw_sarmax_exog_1_3_6m,rw_sarmax_exog_1_3_6m,RW-SARMAX (Exog. 1&3) (6 Months),STATISTICAL_ROLLING,,,12_16,POS,MARGINAL,243,93.71589646779658,0.24391074868520582,13.578320953080794,1.4318205142532383,0,0,94,0.3868312757201646,4.438367739291975,22.700200000000006,19.552108524559138,0.9938746520068716,0.984184961368597,0.9654732538887405,0.9813045927172578,-6.241612978138502
rw_sarmax_exog_1_3_6m,rw_sarmax_exog_1_3_6m,RW-SARMAX (Exog. 1&3) (6 Months),STATISTICAL_ROLLING,,,16_20,NEG,AVERAGE,243,1.6476227605353089,0.15201278856017816,0.9204754936049863,0.3481169369323407,0,0,195,0.8024691358024691,5.31700360594382,6.76304,78.61854441114971,0.9961824920207241,0.9997219552008789,0.9976594290428726,0.9978379040874843,14.045307400107243
rw_sarmax_exog_1_3_6m,rw_sarmax_exog_1_3_6m,RW-SARMAX (Exog. 1&3) (6 Months),STATISTICAL_ROLLING,,,16_20,NEG,MARGINAL,243,11210588423.33078,163074735.5018641,719159584.2566617,0.5580843779112477,0,0,84,0.345679012345679,3.0179946232967643,8.51464,35.44477069255734,0.0,0.0,0.0,0.0,-6.595345805194092
rw_sarmax_exog_1_3_6m,rw_sarmax_exog_1_3_6m,RW-SARMAX (Exog. 1&3) (6 Months),STATISTICAL_ROLLING,,,16_20,POS,AVERAGE,243,45.32189148382176,0.35769226638258306,10.896297481076134,2.4282218486525586,0,0,173,0.7119341563786008,15.364723842406166,26.775800000000004,57.382874993113795,0.9910172486540484,0.9923516981464164,0.9722930620080451,0.9852786353933489,13.316273063636135
rw_sarmax_exog_1_3_6m,rw_sarmax_exog_1_3_6m,RW-SARMAX (Exog. 1&3) (6 Months),STATISTICAL_ROLLING,,,16_20,POS,MARGINAL,243,34.92237214544424,0.2711843465694867,14.141337434811891,4.786173096385966,0,0,107,0.4403292181069959,12.342321438256672,35.721720000000005,34.551307826881434,0.993189728201888,0.9941066704220216,0.9640416242205102,0.9838734448206775,15.572207740654312
rw_sarmax_exog_1_3_6m,rw_sarmax_exog_1_3_6m,RW-SARMAX (Exog. 1&3) (6 Months),STATISTICAL_ROLLING,,,20_24,NEG,AVERAGE,243,0.8412555340586736,0.12644055268156038,0.39928366817927363,0.14435518416803372,0,0,220,0.9053497942386831,1.816241656918019,2.23896,81.11987962795311,0.9968246894005577,0.9998580338099354,0.9989847076169995,0.9985384990670783,-4.81676166325035
rw_sarmax_exog_1_3_6m,rw_sarmax_exog_1_3_6m,RW-SARMAX (Exog. 1&3) (6 Months),STATISTICAL_ROLLING,,,20_24,NEG,MARGINAL,243,1.9664567765897796,0.20558934676842086,0.9135750874200427,0.333190368588673,0,0,103,0.42386831275720166,1.2372197701423844,3.17832,38.92684720677542,0.9948370201008985,0.9996681503238948,0.997676975289808,0.9973684782868275,-11.447998885837475
rw_sarmax_exog_1_3_6m,rw_sarmax_exog_1_3_6m,RW-SARMAX (Exog. 1&3) (6 Months),STATISTICAL_ROLLING,,,20_24,POS,AVERAGE,243,2.9565319678372437,0.12118792541861516,1.8110313166034724,1.1510431986306608,0,0,169,0.6954732510288066,9.724213671824558,14.73664,65.98664058988044,0.9969565990028904,0.999501070052695,0.9953949373649382,0.9972809261088018,23.34114114307175
rw_sarmax_exog_1_3_6m,rw_sarmax_exog_1_3_6m,RW-SARMAX (Exog. 1&3) (6 Months),STATISTICAL_ROLLING,,,20_24,POS,MARGINAL,243,14.901581122085409,0.28670275293284186,4.326113931225323,1.8501734897606514,0,0,98,0.40329218106995884,7.026629471742835,17.544799999999995,40.049641328158984,0.9928000133582957,0.997485281686488,0.9889996238954781,0.9930920233838694,13.468270420109693
rw_sarmax_exog_1_3m,rw_sarmax_exog_1_3m,RW-SARMAX (Exog. 1) (3 Months),STATISTICAL_ROLLING,,,00_04,NEG,AVERAGE,243,3.7044642155179144,0.18264502179762757,1.8966780162802082,0.6805503437169067,0,0,182,0.7489711934156379,4.852435268523987,7.52448,64.48864597319664,0.995413222567051,0.9993748526462936,0.9951771562515573,0.9966426586090883,9.955772639595168
rw_sarmax_exog_1_3m,rw_sarmax_exog_1_3m,RW-SARMAX (Exog. 1) (3 Months),STATISTICAL_ROLLING,,,00_04,NEG,MARGINAL,243,8.983466719095274,0.2681215430708763,4.261635229464147,1.1581563802561456,0,0,94,0.3868312757201646,3.144337460263528,10.485959999999999,29.986166838930608,0.9932666446041568,0.9984839938733848,0.9891635793486585,0.9936343583286877,7.303594448677023
rw_sarmax_exog_1_3m,rw_sarmax_exog_1_3m,RW-SARMAX (Exog. 1) (3 Months),STATISTICAL_ROLLING,,,00_04,POS,AVERAGE,243,1.0722080912333967,0.06967607535757593,0.357221670041674,0.15908856991006193,0,0,216,0.8888888888888888,3.377420078513093,3.9527600000000005,85.44460272096188,0.9982502197600508,0.9998190593802879,0.999091662220271,0.9990456128466019,18.969913961979852
rw_sarmax_exog_1_3m,rw_sarmax_exog_1_3m,RW-SARMAX (Exog. 1) (3 Months),STATISTICAL_ROLLING,,,00_04,POS,MARGINAL,243,2.417682515981245,0.1482757505393825,0.9292894485540698,0.3205242849394674,0,0,84,0.345679012345679,1.4438603776822718,4.75564,30.361010877237803,0.9962763405225401,0.9995920036639477,0.9976370170535099,0.9978195326144248,-4.410404398857038
rw_sarmax_exog_1_3m,rw_sarmax_exog_1_3m,RW-SARMAX (Exog. 1) (3 Months),STATISTICAL_ROLLING,,,04_08,NEG,AVERAGE,243,2.5392995852975475,0.1723099843347013,1.3552775466306604,0.516805130470543,0,0,189,0.7777777777777778,4.2598863065221355,6.09224,69.92315316734297,0.9956727670984983,0.999571480159164,0.9965538210560423,0.9972500902145076,15.001209977051696
rw_sarmax_exog_1_3m,rw_sarmax_exog_1_3m,RW-SARMAX (Exog. 1) (3 Months),STATISTICAL_ROLLING,,,04_08,NEG,MARGINAL,243,6.639887839491958,0.3007825558703673,3.2803210337232627,1.4690072505894936,0,0,109,0.448559670781893,2.8813984266568142,8.57392,33.606546674762704,0.9924464262649351,0.9988794848403778,0.9916588500237881,0.9943094354352527,45.11859022667378
rw_sarmax_exog_1_3m,rw_sarmax_exog_1_3m,RW-SARMAX (Exog. 1) (3 Months),STATISTICAL_ROLLING,,,04_08,POS,AVERAGE,243,565217.9482065402,3558.403505770466,36260.559468167565,0.708689284007038,0,0,182,0.7489711934156379,7.500957420225899,10.60856,70.70665029208392,0.0,0.0,0.0,0.0,19.435373704099888
rw_sarmax_exog_1_3m,rw_sarmax_exog_1_3m,RW-SARMAX (Exog. 1) (3 Months),STATISTICAL_ROLLING,,,04_08,POS,MARGINAL,243,21.005129960228196,0.23030068790844108,5.00177064966337,1.4767809705251214,0,0,100,0.411522633744856,4.601028219747728,14.25088,32.28592353417984,0.9942164424319131,0.9964552764867078,0.9872815743622194,0.9926667512069965,55.73951664323935
rw_sarmax_exog_1_3m,rw_sarmax_exog_1_3m,RW-SARMAX (Exog. 1) (3 Months),STATISTICAL_ROLLING,,,08_12,NEG,AVERAGE,243,3.9486406048520024,0.18310161154159474,1.903376341340787,0.8044922351630146,0,0,180,0.7407407407407407,8.215114078373384,11.116,73.90350916132947,0.995401756196311,0.9993336466270829,0.9951601238534032,0.9966195413653063,10.842694601678804
rw_sarmax_exog_1_3m,rw_sarmax_exog_1_3m,RW-SARMAX (Exog. 1) (3 Months),STATISTICAL_ROLLING,,,08_12,NEG,MARGINAL,243,18.012228348657917,0.3082286184434388,5.763235329813414,1.6015511794014756,0,0,93,0.38271604938271603,5.0003317590235685,15.307240000000002,32.66644907261902,0.992259432765532,0.9969603439981011,0.9853453336609517,0.9915290807677684,42.35613704438144
rw_sarmax_exog_1_3m,rw_sarmax_exog_1_3m,RW-SARMAX (Exog. 1) (3 Months),STATISTICAL_ROLLING,,,08_12,POS,AVERAGE,243,8.273990928556477,0.17576045330468903,4.099008534096244,1.3329255559638327,0,0,186,0.7654320987654321,11.975111527089554,17.75968,67.42864470018353,0.995586115225653,0.9986037215552224,0.9895771040135477,0.9945989516144162,20.25533640315675
rw_sarmax_exog_1_3m,rw_sarmax_exog_1_3m,RW-SARMAX (Exog. 1) (3 Months),STATISTICAL_ROLLING,,,08_12,POS,MARGINAL,243,18.724270187569367,0.2733423285217196,8.791010938898326,2.530436227286046,0,0,115,0.4732510288065844,8.914791438881377,23.39096,38.112122969221346,0.9931355346475179,0.9968401832824275,0.9776463523142911,0.9892466385270733,23.298114530927215
rw_sarmax_exog_1_3m,rw_sarmax_exog_1_3m,RW-SARMAX (Exog. 1) (3 Months),STATISTICAL_ROLLING,,,12_16,NEG,AVERAGE,243,6.903799541443578,0.20638208022815036,4.118010638785595,2.074759461298515,0,0,178,0.7325102880658436,16.407740609347268,23.006559999999997,71.31766161193707,0.9948171121290981,0.9988349483858492,0.9895287857533993,0.9943978503898454,42.98647807226691
rw_sarmax_exog_1_3m,rw_sarmax_exog_1_3m,RW-SARMAX (Exog. 1) (3 Months),STATISTICAL_ROLLING,,,12_16,NEG,MARGINAL,243,27.792487050205178,0.29735889534639964,8.990323346901341,3.033323700346293,0,0,99,0.4074074074074074,10.932339616607832,30.051000000000005,36.37928726700553,0.9925324048953672,0.9953098751340143,0.9771395437823878,0.9883693259068376,23.14671963482469
rw_sarmax_exog_1_3m,rw_sarmax_exog_1_3m,RW-SARMAX (Exog. 1) (3 Months),STATISTICAL_ROLLING,,,12_16,POS,AVERAGE,243,16.547178605816804,0.1912462047409539,4.329792307297307,0.8620363633290742,0,0,193,0.7942386831275721,7.06861439920796,12.400360000000001,57.00329989780909,0.9951972204475691,0.9972075786632245,0.9889902705772602,0.9938123452015335,13.70197818745308
rw_sarmax_exog_1_3m,rw_sarmax_exog_1_3m,RW-SARMAX (Exog. 1) (3 Months),STATISTICAL_ROLLING,,,12_16,POS,MARGINAL,243,93.58350679629356,0.2650761346051761,13.765690398880102,1.6153180502053406,0,0,101,0.4156378600823045,4.745758561793096,22.700200000000006,20.906241186390847,0.9933431241637259,0.9842073028053024,0.964996813737821,0.9809740206748976,5.774161919686643
rw_sarmax_exog_1_3m,rw_sarmax_exog_1_3m,RW-SARMAX (Exog. 1) (3 Months),STATISTICAL_ROLLING,,,16_20,NEG,AVERAGE,243,2.334214305725886,0.19772110967721426,1.2604096667309121,0.37311048690534854,0,0,173,0.7119341563786008,4.753196238563736,6.76304,70.28194774189916,0.9950346156990255,0.999606089352923,0.996795049644962,0.9971241452069708,22.2333522416187
rw_sarmax_exog_1_3m,rw_sarmax_exog_1_3m,RW-SARMAX (Exog. 1) (3 Months),STATISTICAL_ROLLING,,,16_20,NEG,MARGINAL,243,5.575643369609878,0.270619210817647,2.431583425121298,0.7706465510507168,0,0,84,0.345679012345679,2.6000572934430646,8.51464,30.536315022632373,0.99320392049625,0.9990590815581046,0.993817006988006,0.9953384421889415,28.98045072811437
rw_sarmax_exog_1_3m,rw_sarmax_exog_1_3m,RW-SARMAX (Exog. 1) (3 Months),STATISTICAL_ROLLING,,,16_20,POS,AVERAGE,243,21.018946382490657,0.2193523466597891,8.644889774453041,3.2950234878262137,0,0,162,0.6666666666666666,14.617250849634228,26.775800000000004,54.59127588955036,0.9944913889049858,0.9964529448945227,0.9780179069684871,0.9897024533424885,53.7667497328556
rw_sarmax_exog_1_3m,rw_sarmax_exog_1_3m,RW-SARMAX (Exog. 1) (3 Months),STATISTICAL_ROLLING,,,16_20,POS,MARGINAL,243,35.801082276674,0.29631556523110186,15.081548429709448,5.117608644680384,0,0,101,0.4156378600823045,11.478139361181407,35.721720000000005,32.13210159304033,0.9925586061188162,0.9939583835764064,0.9616508701336084,0.9828209798047025,23.575415578883998
rw_sarmax_exog_1_3m,rw_sarmax_exog_1_3m,RW-SARMAX (Exog. 1) (3 Months),STATISTICAL_ROLLING,,,20_24,NEG,AVERAGE,243,1.0001693327136858,0.14999131922808834,0.4680395044790989,0.16338330703224946,0,0,208,0.8559670781893004,1.670097811090676,2.23896,74.59257025988298,0.9962332573239476,0.9998312162906082,0.9988098763317623,0.9982708680555246,7.729780146965205
rw_sarmax_exog_1_3m,rw_sarmax_exog_1_3m,RW-SARMAX (Exog. 1) (3 Months),STATISTICAL_ROLLING,,,20_24,NEG,MARGINAL,243,2.237427704344107,0.24425716868586864,1.0965231848470425,0.35714157372368116,0,0,96,0.3950617283950617,1.021424353226294,3.17832,32.13724084504689,0.993865952336737,0.9996224225887725,0.9972117776756682,0.996869709881756,-5.082487323229603
rw_sarmax_exog_1_3m,rw_sarmax_exog_1_3m,RW-SARMAX (Exog. 1) (3 Months),STATISTICAL_ROLLING,,,20_24,POS,AVERAGE,243,3.209214125077397,0.1347831400801349,1.9188777054679411,0.9976182942668785,0,0,174,0.7160493827160493,10.275667485670018,14.73664,69.72869993207419,0.9966151814093978,0.9994584286414847,0.9951207072226249,0.9970602765143515,6.900747935841964
rw_sarmax_exog_1_3m,rw_sarmax_exog_1_3m,RW-SARMAX (Exog. 1) (3 Months),STATISTICAL_ROLLING,,,20_24,POS,MARGINAL,243,8.492979033362575,0.21568617251664135,4.238937778020951,2.044945034783911,0,0,104,0.4279835390946502,6.577900135758318,17.544799999999995,37.49202120148602,0.9945834577971984,0.9985667661883331,0.9892212940798142,0.9941284355395361,25.413307176474
rw_sarmax_exog_1_4_12m,rw_sarmax_exog_1_4_12m,RW-SARMAX (Exog. 1&4) (12 Months),STATISTICAL_ROLLING,,,00_04,NEG,AVERAGE,243,6.633970234238005,0.285906753422383,2.9830419418403693,1.000608345765984,0,0,214,0.8806584362139918,4.749211869122196,7.52448,63.11681164840888,0.9928200033506606,0.9988804834666433,0.9924147667358096,0.994686233706034,61.66719300650719
rw_sarmax_exog_1_4_12m,rw_sarmax_exog_1_4_12m,RW-SARMAX (Exog. 1&4) (12 Months),STATISTICAL_ROLLING,,,00_04,NEG,MARGINAL,243,11.282788449315529,0.2822900691304058,4.827061644967571,1.0970360119985152,0,0,150,0.6172839506172839,4.422600880178204,10.485959999999999,42.17640426034626,0.9929108294007181,0.9980959715275499,0.987725821737821,0.9929108737738166,1.64077091303319
rw_sarmax_exog_1_4_12m,rw_sarmax_exog_1_4_12m,RW-SARMAX (Exog. 1&4) (12 Months),STATISTICAL_ROLLING,,,00_04,POS,AVERAGE,243,1.7536939634682518,0.2198362856056632,0.965314280910161,0.5494167241839718,0,0,190,0.7818930041152263,2.585478848563693,3.9527600000000005,65.40945690008229,0.9944792357117916,0.9997040551408539,0.9975454136627256,0.9972152648471905,310.86584939692665
rw_sarmax_exog_1_4_12m,rw_sarmax_exog_1_4_12m,RW-SARMAX (Exog. 1&4) (12 Months),STATISTICAL_ROLLING,,,00_04,POS,MARGINAL,243,3.551254782382289,0.3424878041214441,1.7033876328712292,0.8490399584640906,0,0,141,0.5802469135802469,2.0694024525568375,4.75564,43.514699442279856,0.9913990793970553,0.9994007075246554,0.9956686520717526,0.9954485756618137,153.20822818190203
rw_sarmax_exog_1_4_12m,rw_sarmax_exog_1_4_12m,RW-SARMAX (Exog. 1&4) (12 Months),STATISTICAL_ROLLING,,,04_08,NEG,AVERAGE,243,4.040188225113032,0.33216874547667724,2.3325968863656943,1.1323210028937623,0,0,177,0.7283950617283951,3.7514660540546125,6.09224,61.57777851914259,0.9916582226513048,0.9993181974961926,0.9940687084394488,0.9949814746602053,151.96786513448427
rw_sarmax_exog_1_4_12m,rw_sarmax_exog_1_4_12m,RW-SARMAX (Exog. 1&4) (12 Months),STATISTICAL_ROLLING,,,04_08,NEG,MARGINAL,243,8.22849601411773,0.3773116250597525,3.983658027868408,1.6876914773816747,0,0,131,0.5390946502057613,3.183587492225319,8.57392,37.131061314140084,0.9905245463030963,0.9986113990555878,0.989870415510315,0.9929773445498007,66.72171484308164
rw_sarmax_exog_1_4_12m,rw_sarmax_exog_1_4_12m,RW-SARMAX (Exog. 1&4) (12 Months),STATISTICAL_ROLLING,,,04_08,POS,AVERAGE,243,4.787651940546294,0.29438940646755735,3.266782446580509,2.57624921142439,0,0,219,0.9012345679012346,7.241628552518654,10.60856,68.26212560911804,0.9926069778809478,0.9991920591570133,0.9916932757353764,0.9944785329940109,334.17516571099856
rw_sarmax_exog_1_4_12m,rw_sarmax_exog_1_4_12m,RW-SARMAX (Exog. 1&4) (12 Months),STATISTICAL_ROLLING,,,04_08,POS,MARGINAL,243,20.466813041859705,0.3292562333755538,5.782730583292659,2.806028927687713,0,0,173,0.7119341563786008,6.450676925797903,14.25088,45.265112931958605,0.9917313647750109,0.9965461202302008,0.9852957614296295,0.9911964849712478,195.92038197081962
rw_sarmax_exog_1_4_12m,rw_sarmax_exog_1_4_12m,RW-SARMAX (Exog. 1&4) (12 Months),STATISTICAL_ROLLING,,,08_12,NEG,AVERAGE,243,5.527794051329313,0.2875362937607303,3.2687101568682517,1.4085757581787544,0,0,204,0.8395061728395061,7.896183863663299,11.116,71.03439963712935,0.9927790805881541,0.999067156376205,0.9916883739832443,0.9944942124185907,94.07313801543292
rw_sarmax_exog_1_4_12m,rw_sarmax_exog_1_4_12m,RW-SARMAX (Exog. 1&4) (12 Months),STATISTICAL_ROLLING,,,08_12,NEG,MARGINAL,243,35833923.92678286,47300.22246135285,2301214.9044964616,3.306958184985824,0,0,157,0.6460905349794238,6.372708880643053,15.307240000000002,41.63199166304998,0.0,0.0,0.0,0.0,193.94364578334194
rw_sarmax_exog_1_4_12m,rw_sarmax_exog_1_4_12m,RW-SARMAX (Exog. 1&4) (12 Months),STATISTICAL_ROLLING,,,08_12,POS,AVERAGE,243,88.3370560975316,0.6036190422189786,10.975559452748636,2.7235047432895154,0,0,222,0.9135802469135802,12.384642396280578,17.75968,69.73460330524298,0.9848412720275727,0.9850926682940397,0.9720915158830367,0.9807168132678099,145.71213120979468
rw_sarmax_exog_1_4_12m,rw_sarmax_exog_1_4_12m,RW-SARMAX (Exog. 1&4) (12 Months),STATISTICAL_ROLLING,,,08_12,POS,MARGINAL,243,14563448473.687431,6270785.091768812,936101448.8348233,3.653498609146494,0,0,178,0.7325102880658436,10.891624866564806,23.39096,46.563394005910006,0.0,0.0,0.0,0.0,78.02048717594718
rw_sarmax_exog_1_4_12m,rw_sarmax_exog_1_4_12m,RW-SARMAX (Exog. 1&4) (12 Months),STATISTICAL_ROLLING,,,12_16,NEG,AVERAGE,243,12.40691880479434,0.2670737411103695,7.565440130076749,3.0457507222978295,0,0,223,0.9176954732510288,15.981971057384255,23.006559999999997,69.46701748277124,0.9932929581293728,0.9979062687591969,0.980762714956165,0.9906803703900562,109.90441397715843
rw_sarmax_exog_1_4_12m,rw_sarmax_exog_1_4_12m,RW-SARMAX (Exog. 1&4) (12 Months),STATISTICAL_ROLLING,,,12_16,NEG,MARGINAL,243,57.53190138600447,0.4471039116508298,14.025002695242362,4.809587670597816,0,0,164,0.6748971193415638,16.958257923503908,30.051000000000005,56.431592704082746,0.9887718476421684,0.9902911962937858,0.9643374384107121,0.9812098776508216,95.25939297629257
rw_sarmax_exog_1_4_12m,rw_sarmax_exog_1_4_12m,RW-SARMAX (Exog. 1&4) (12 Months),STATISTICAL_ROLLING,,,12_16,POS,AVERAGE,243,16.69481027472828,0.27617992081299114,4.988494738723428,1.385207232990041,0,0,197,0.8106995884773662,7.164508429791524,12.400360000000001,57.776616403003814,0.9930642739903294,0.9971826650612098,0.9873153321447908,0.9925261922346922,82.7078407484899
rw_sarmax_exog_1_4_12m,rw_sarmax_exog_1_4_12m,RW-SARMAX (Exog. 1&4) (12 Months),STATISTICAL_ROLLING,,,12_16,POS,MARGINAL,243,5.399148454343622e+36,3.748436524182349e+34,3.4635553483444906e+35,3.3606867490887904,0,0,123,0.5061728395061729,4.485513729976281,22.700200000000006,19.75979828361107,0.0,0.0,0.0,0.0,120.06429279625452
rw_sarmax_exog_1_4_12m,rw_sarmax_exog_1_4_12m,RW-SARMAX (Exog. 1&4) (12 Months),STATISTICAL_ROLLING,,,16_20,NEG,AVERAGE,243,5.483009316914541,0.6028229810914644,2.810745207792742,0.9369938333270591,0,0,171,0.7037037037037037,3.8084005320366754,6.76304,56.31196225420337,0.9848612635673311,0.9990747140300457,0.9928528802266321,0.9921889357175964,206.96509826684576
rw_sarmax_exog_1_4_12m,rw_sarmax_exog_1_4_12m,RW-SARMAX (Exog. 1&4) (12 Months),STATISTICAL_ROLLING,,,16_20,NEG,MARGINAL,243,8.809938812388069,0.7968554111929156,4.196307799757853,1.603398785654461,0,0,131,0.5390946502057613,3.603633380793999,8.51464,42.32279204750875,0.9799885133391003,0.9985132775984692,0.989329692934231,0.9891842748110853,168.3553151424063
rw_sarmax_exog_1_4_12m,rw_sarmax_exog_1_4_12m,RW-SARMAX (Exog. 1&4) (12 Months),STATISTICAL_ROLLING,,,16_20,POS,AVERAGE,243,89.63852394052189,0.4064248456834091,20.661363282049066,4.16952456095796,0,0,208,0.8559670781893004,15.848649893733747,26.775800000000004,59.19020120307794,0.9897934239213158,0.9848730389142846,0.9474626025694326,0.9742005258228741,94.57653095298119
rw_sarmax_exog_1_4_12m,rw_sarmax_exog_1_4_12m,RW-SARMAX (Exog. 1&4) (12 Months),STATISTICAL_ROLLING,,,16_20,POS,MARGINAL,243,178.02637312804822,0.5588530315821969,39.456636087458534,5.354169518072531,0,0,151,0.6213991769547325,13.838316333280028,35.721720000000005,38.739221776779026,0.9859654840391076,0.969957135613635,0.8996702713609857,0.9522053088749214,29.287675008788895
rw_sarmax_exog_1_4_12m,rw_sarmax_exog_1_4_12m,RW-SARMAX (Exog. 1&4) (12 Months),STATISTICAL_ROLLING,,,20_24,NEG,AVERAGE,243,0.9837894702663369,0.21607472713701487,0.5235251885296882,0.2687603324796244,0,0,188,0.7736625514403292,1.653914745597876,2.23896,73.86977639608907,0.9945736999973599,0.9998339804764843,0.998668788185986,0.9976609716577176,77.21205462281537
rw_sarmax_exog_1_4_12m,rw_sarmax_exog_1_4_12m,RW-SARMAX (Exog. 1&4) (12 Months),STATISTICAL_ROLLING,,,20_24,NEG,MARGINAL,243,1.9590755905131874,0.28795278314282857,1.0223302060565977,0.41114638058963315,0,0,110,0.45267489711934156,1.2754162880313538,3.17832,40.12863047243053,0.992768621260656,0.9996693959369374,0.997400434443378,0.9965743752541272,9.270369687675267
rw_sarmax_exog_1_4_12m,rw_sarmax_exog_1_4_12m,RW-SARMAX (Exog. 1&4) (12 Months),STATISTICAL_ROLLING,,,20_24,POS,AVERAGE,243,27.676692876972705,0.4706473680916673,6.819216938132184,2.7053870985387185,0,0,179,0.7366255144032922,8.728157685162591,14.73664,59.22759655635607,0.9881805991447629,0.9953294159951913,0.9826601998351593,0.9887179769332352,189.89835686834223
rw_sarmax_exog_1_4_12m,rw_sarmax_exog_1_4_12m,RW-SARMAX (Exog. 1&4) (12 Months),STATISTICAL_ROLLING,,,20_24,POS,MARGINAL,243,44.33043162422092,0.5502350719165642,13.25469861355039,3.7528613231829384,0,0,156,0.6419753086419753,6.753922246974451,17.544799999999995,38.49529346002492,0.986181907473611,0.9925190120875093,0.9662961558065483,0.9817108539460667,130.1571640847476
rw_sarmax_exog_1_4_3m,rw_sarmax_exog_1_4_3m,RW-SARMAX (Exog. 1&4) (3 Months),STATISTICAL_ROLLING,,,00_04,NEG,AVERAGE,243,11.973731520886098,0.38503576986274923,4.222162344103049,1.0668977225940464,0,0,197,0.8106995884773662,4.609415154809856,7.52448,61.25891961716765,0.9903305693048594,0.9979793713371783,0.9892639503957011,0.9925026897355025,72.37749491763059
rw_sarmax_exog_1_4_3m,rw_sarmax_exog_1_4_3m,RW-SARMAX (Exog. 1&4) (3 Months),STATISTICAL_ROLLING,,,00_04,NEG,MARGINAL,243,26.753447281300367,0.49779661832516087,8.281917874500877,1.7156619026490953,0,0,146,0.6008230452674898,3.969703727269734,10.485959999999999,37.85732281326396,0.9874987980911845,0.9954852184290596,0.9789408663445744,0.987310199326302,58.956676448294544
rw_sarmax_exog_1_4_3m,rw_sarmax_exog_1_4_3m,RW-SARMAX (Exog. 1&4) (3 Months),STATISTICAL_ROLLING,,,00_04,POS,AVERAGE,243,2.685967823502528,0.3426934710884231,1.407613574343839,0.7977381162594375,0,0,189,0.7777777777777778,2.4538150044014215,3.9527600000000005,62.07852246029157,0.9913939144678744,0.9995467291410268,0.996420741808058,0.9957431963322754,496.5660204829998
rw_sarmax_exog_1_4_3m,rw_sarmax_exog_1_4_3m,RW-SARMAX (Exog. 1&4) (3 Months),STATISTICAL_ROLLING,,,00_04,POS,MARGINAL,243,3.9396415823921425,0.3676907683481951,1.9336249647514594,0.8128006057616011,0,0,166,0.6831275720164609,2.3593957116068465,4.75564,49.612580254326375,0.9907661555624996,0.9993351652583207,0.9950832081180686,0.9950185561054583,142.40060694243064
rw_sarmax_exog_1_4_3m,rw_sarmax_exog_1_4_3m,RW-SARMAX (Exog. 1&4) (3 Months),STATISTICAL_ROLLING,,,04_08,NEG,AVERAGE,243,4.682238313675453,0.3252072677101242,2.3965654341886227,1.0671183898764554,0,0,185,0.7613168724279835,3.8714669103388175,6.09224,63.54751142993082,0.9918330467379693,0.999209848247702,0.9939060501978725,0.9949514823779493,137.4587611249544
rw_sarmax_exog_1_4_3m,rw_sarmax_exog_1_4_3m,RW-SARMAX (Exog. 1&4) (3 Months),STATISTICAL_ROLLING,,,04_08,NEG,MARGINAL,243,9.317934964745703,0.3884153942790951,4.240470242164349,1.6239231532828085,0,0,139,0.5720164609053497,3.555327598282191,8.57392,41.46676897244424,0.9902456965563324,0.9984275506398961,0.9892173973535114,0.9926063696669776,60.422243352636926
rw_sarmax_exog_1_4_3m,rw_sarmax_exog_1_4_3m,RW-SARMAX (Exog. 1&4) (3 Months),STATISTICAL_ROLLING,,,04_08,POS,AVERAGE,243,6.268568178096628,0.37942282768024177,3.833053526317757,2.4130810886463188,0,0,190,0.7818930041152263,6.500484931685972,10.60856,61.27584640786281,0.9904715275214141,0.9989421469394549,0.9902533703252895,0.9931948400546464,306.67644919251677
rw_sarmax_exog_1_4_3m,rw_sarmax_exog_1_4_3m,RW-SARMAX (Exog. 1&4) (3 Months),STATISTICAL_ROLLING,,,04_08,POS,MARGINAL,243,17807.208192022943,133.96161603739148,1578.8266016156233,3.170228053700203,0,0,160,0.6584362139917695,5.7009026101099955,14.25088,40.00386369199653,0.0,0.0,0.0,0.0,234.32837677786713
rw_sarmax_exog_1_4_3m,rw_sarmax_exog_1_4_3m,RW-SARMAX (Exog. 1&4) (3 Months),STATISTICAL_ROLLING,,,08_12,NEG,AVERAGE,243,8.63148960256523,0.4052196735333927,4.820404105798574,1.9132416387221927,0,0,183,0.7530864197530864,5.860548631143999,11.116,52.72174011464554,0.9898236894953024,0.9985433918187185,0.987742750426236,0.992014481369238,163.60584899508433
rw_sarmax_exog_1_4_3m,rw_sarmax_exog_1_4_3m,RW-SARMAX (Exog. 1&4) (3 Months),STATISTICAL_ROLLING,,,08_12,NEG,MARGINAL,243,20.709446775656417,0.4098991663302497,8.161015623984207,2.238592370781543,0,0,144,0.5925925925925926,5.727643135533273,15.307240000000002,37.417869815415926,0.989706173059612,0.9965051745420316,0.9792482947315079,0.9884987437005361,98.98044247363904
rw_sarmax_exog_1_4_3m,rw_sarmax_exog_1_4_3m,RW-SARMAX (Exog. 1&4) (3 Months),STATISTICAL_ROLLING,,,08_12,POS,AVERAGE,243,12.016609844778824,0.3965648723247622,7.658713466133084,5.305061631157748,0,0,197,0.8106995884773662,10.018773636315867,17.75968,56.41303016898879,0.9900410381340975,0.9979721353999,0.9805255409488561,0.9895181861606827,378.61785546834
rw_sarmax_exog_1_4_3m,rw_sarmax_exog_1_4_3m,RW-SARMAX (Exog. 1&4) (3 Months),STATISTICAL_ROLLING,,,08_12,POS,MARGINAL,243,19.912333027026055,0.4348919797344826,11.77693320815653,6.955264156543449,0,0,178,0.7325102880658436,9.502898023209255,23.39096,40.62637028668022,0.9890785267576204,0.9966396915791976,0.9700537949977517,0.9852955496679843,238.90241821510463
rw_sarmax_exog_1_4_3m,rw_sarmax_exog_1_4_3m,RW-SARMAX (Exog. 1&4) (3 Months),STATISTICAL_ROLLING,,,12_16,NEG,AVERAGE,243,59.52159136209688,0.5459006953432924,15.7330078440833,4.738882674276805,0,0,205,0.8436213991769548,11.921221917108413,23.006559999999997,51.816620638237154,0.9862907569810134,0.989955425895994,0.9599943491337294,0.9788222831333533,226.59021743582923
rw_sarmax_exog_1_4_3m,rw_sarmax_exog_1_4_3m,RW-SARMAX (Exog. 1&4) (3 Months),STATISTICAL_ROLLING,,,12_16,NEG,MARGINAL,243,52.878957409942736,0.4530338915240837,18.48683319259473,6.385976416918965,0,0,161,0.6625514403292181,10.34055053354004,30.051000000000005,34.41000477035719,0.9886229276355195,0.9910764044762254,0.9529919643049017,0.9776743570938486,159.2575422527912
rw_sarmax_exog_1_4_3m,rw_sarmax_exog_1_4_3m,RW-SARMAX (Exog. 1&4) (3 Months),STATISTICAL_ROLLING,,,12_16,POS,AVERAGE,243,28.272514940029968,0.5288102485652437,8.060954593490408,3.3629607693694554,0,0,194,0.7983539094650206,5.839984080466025,12.400360000000001,47.095278527930034,0.9867199505874367,0.9952288679633221,0.9795027283840506,0.9871462099943615,343.57211402013456
rw_sarmax_exog_1_4_3m,rw_sarmax_exog_1_4_3m,RW-SARMAX (Exog. 1&4) (3 Months),STATISTICAL_ROLLING,,,12_16,POS,MARGINAL,243,94.71248401659325,0.568306965803917,17.141813688589863,3.78420785698151,0,0,162,0.6666666666666666,5.767325299767661,22.700200000000006,25.40649553646073,0.985728066716073,0.9840167821036289,0.9564120592555173,0.9754890603319831,147.79727716856118
rw_sarmax_exog_1_4_3m,rw_sarmax_exog_1_4_3m,RW-SARMAX (Exog. 1&4) (3 Months),STATISTICAL_ROLLING,,,16_20,NEG,AVERAGE,243,3.947998167359641,0.3751698356273907,2.3129343859974014,0.6207624281647748,0,0,175,0.720164609053498,4.117827035468732,6.76304,60.8872198814251,0.9905783332135623,0.9993337550417078,0.9941187059435935,0.9946359454177606,103.36569247777885
rw_sarmax_exog_1_4_3m,rw_sarmax_exog_1_4_3m,RW-SARMAX (Exog. 1&4) (3 Months),STATISTICAL_ROLLING,,,16_20,NEG,MARGINAL,243,6.937941803449042,0.532538877443342,3.4871978449075134,0.9988074552892012,0,0,108,0.4444444444444444,3.129258340332975,8.51464,36.751504941289056,0.9866263132650198,0.9988291867038622,0.9911328068435785,0.9921404043807622,67.16695299311597
rw_sarmax_exog_1_4_3m,rw_sarmax_exog_1_4_3m,RW-SARMAX (Exog. 1&4) (3 Months),STATISTICAL_ROLLING,,,16_20,POS,AVERAGE,243,81.86078147292278,0.46673563080633085,17.44312693880292,6.851730177381864,0,0,183,0.7530864197530864,12.911304885942625,26.775800000000004,48.22005275637935,0.9882788348816443,0.9861855728837212,0.9556458845476125,0.9768191848120993,219.74530176037965
rw_sarmax_exog_1_4_3m,rw_sarmax_exog_1_4_3m,RW-SARMAX (Exog. 1&4) (3 Months),STATISTICAL_ROLLING,,,16_20,POS,MARGINAL,243,41.323142580368625,0.46907405606339936,19.19603663402873,8.102371535500327,0,0,151,0.6213991769547325,13.67678566560358,35.721720000000005,38.28703003551783,0.9882201098417159,0.9930265075519598,0.9511886126793042,0.9775858270225006,95.64878817272393
rw_sarmax_exog_1_4_3m,rw_sarmax_exog_1_4_3m,RW-SARMAX (Exog. 1&4) (3 Months),STATISTICAL_ROLLING,,,20_24,NEG,AVERAGE,243,1.1642029390678135,0.24491735893914654,0.5908334004848624,0.28043837311876807,0,0,196,0.8065843621399177,1.6774699077383652,2.23896,74.92183459009385,0.9938493729319146,0.9998035347774485,0.9984976378977134,0.9973481737796546,84.91218490818136
rw_sarmax_exog_1_4_3m,rw_sarmax_exog_1_4_3m,RW-SARMAX (Exog. 1&4) (3 Months),STATISTICAL_ROLLING,,,20_24,NEG,MARGINAL,243,8.612216152348731,0.3302764043979372,1.6291975730818025,0.443736570037613,0,0,123,0.5061728395061729,1.3561130481590467,3.17832,42.66760578415788,0.9917057451475106,0.9985466443123853,0.9958573014170715,0.9953332554408745,17.931864029581014
rw_sarmax_exog_1_4_3m,rw_sarmax_exog_1_4_3m,RW-SARMAX (Exog. 1&4) (3 Months),STATISTICAL_ROLLING,,,20_24,POS,AVERAGE,243,19.423078069689677,0.5909386756773498,8.310877069981778,3.140885566007068,0,0,183,0.7530864197530864,7.50135287607072,14.73664,50.90273546799487,0.9851597149751122,0.9967222558649007,0.9788672293467888,0.9868988332113957,236.5646140579134
rw_sarmax_exog_1_4_3m,rw_sarmax_exog_1_4_3m,RW-SARMAX (Exog. 1&4) (3 Months),STATISTICAL_ROLLING,,,20_24,POS,MARGINAL,243,22.363718794846083,0.5676686322721072,10.002015770210411,4.428634847280399,0,0,153,0.6296296296296297,6.475028129317904,17.544799999999995,36.90568219254654,0.9857440972314936,0.9962260076463777,0.9745670278164611,0.9855146947614447,171.60130616082978
rw_sarmax_exog_1_4_6m,rw_sarmax_exog_1_4_6m,RW-SARMAX (Exog. 1&4) (6 Months),STATISTICAL_ROLLING,,,00_04,NEG,AVERAGE,243,7.835348012770235,0.34013919961145866,3.5652812135817196,1.1867847547067996,0,0,203,0.8353909465020576,4.289092749144939,7.52448,57.00184928586347,0.9914580600692866,0.9986777447990904,0.9909342576521842,0.9936677012324782,91.74751120978202
rw_sarmax_exog_1_4_6m,rw_sarmax_exog_1_4_6m,RW-SARMAX (Exog. 1&4) (6 Months),STATISTICAL_ROLLING,,,00_04,NEG,MARGINAL,243,15.075128115602327,0.3743875020478235,5.845234667825719,1.3860354817773506,0,0,148,0.6090534979423868,4.123851188829222,10.485959999999999,39.327359524823876,0.9905979800124319,0.9974559947404065,0.9851368270028291,0.9910589443794946,28.416673053443898
rw_sarmax_exog_1_4_6m,rw_sarmax_exog_1_4_6m,RW-SARMAX (Exog. 1&4) (6 Months),STATISTICAL_ROLLING,,,00_04,POS,AVERAGE,243,2.372572447602555,0.2949402713292342,1.2164683192077366,0.7121261071546021,0,0,187,0.7695473251028807,2.48181898089539,3.9527600000000005,62.78698886083116,0.9925931439724663,0.999599616219565,0.9969067830290058,0.9963287807026671,432.5434866009456
rw_sarmax_exog_1_4_6m,rw_sarmax_exog_1_4_6m,RW-SARMAX (Exog. 1&4) (6 Months),STATISTICAL_ROLLING,,,00_04,POS,MARGINAL,243,3.3648330602767857,0.3026118034281533,1.663890149627392,0.8257173215155662,0,0,155,0.6378600823045267,2.232394509210459,4.75564,46.9420416434057,0.9924004882408118,0.9994321671472802,0.9957690856659139,0.9958325794302302,146.25274449777882
rw_sarmax_exog_1_4_6m,rw_sarmax_exog_1_4_6m,RW-SARMAX (Exog. 1&4) (6 Months),STATISTICAL_ROLLING,,,04_08,NEG,AVERAGE,243,4.5290309736126035,0.34328262558632305,2.3929286060079624,1.0382653173143694,0,0,175,0.720164609053498,3.7452967486899533,6.09224,61.476513543293656,0.991379118989033,0.9992357027728469,0.99391529786875,0.9948087306679982,131.03827870216102
rw_sarmax_exog_1_4_6m,rw_sarmax_exog_1_4_6m,RW-SARMAX (Exog. 1&4) (6 Months),STATISTICAL_ROLLING,,,04_08,NEG,MARGINAL,243,8.549753926893901,0.39604061062839313,4.170420198512489,1.8226038065221726,0,0,122,0.5020576131687243,3.1316957152271625,8.57392,36.52583316880917,0.9900542039553949,0.9985571851335885,0.9893955195293392,0.9926428218836003,80.0492780672996
rw_sarmax_exog_1_4_6m,rw_sarmax_exog_1_4_6m,RW-SARMAX (Exog. 1&4) (6 Months),STATISTICAL_ROLLING,,,04_08,POS,AVERAGE,243,5.507394333558951,0.35099538369600874,3.542230371409484,2.467934130484551,0,0,189,0.7777777777777778,6.528606925472564,10.60856,61.54093416517005,0.9911854279456357,0.9990705989333033,0.9909928709798616,0.9937239905728606,315.92082990858074
rw_sarmax_exog_1_4_6m,rw_sarmax_exog_1_4_6m,RW-SARMAX (Exog. 1&4) (6 Months),STATISTICAL_ROLLING,,,04_08,POS,MARGINAL,243,21.108875784807395,0.42928175244466843,6.547022530322383,3.226600746559276,0,0,156,0.6419753086419753,5.741439668196379,14.25088,40.28831670883748,0.9892194167948816,0.9964377688462178,0.9833523315975347,0.9896653348566982,240.27337208385893
rw_sarmax_exog_1_4_6m,rw_sarmax_exog_1_4_6m,RW-SARMAX (Exog. 1&4) (6 Months),STATISTICAL_ROLLING,,,08_12,NEG,AVERAGE,243,7.178765818580951,0.3961516939999185,4.4485641102425015,2.1538278082034936,0,0,186,0.7654320987654321,6.247111520965966,11.116,56.199276007250496,0.990051414310779,0.998788546415008,0.9886882594597122,0.9924848268043226,196.75373799093023
rw_sarmax_exog_1_4_6m,rw_sarmax_exog_1_4_6m,RW-SARMAX (Exog. 1&4) (6 Months),STATISTICAL_ROLLING,,,08_12,NEG,MARGINAL,243,20.809365056561013,0.44723009562283417,8.010965350462282,2.617622576993487,0,0,155,0.6378600823045267,5.883217430562513,15.307240000000002,38.43421433623901,0.9887686787750978,0.9964883128191857,0.9796298402639576,0.9883003413009706,132.67107732405472
rw_sarmax_exog_1_4_6m,rw_sarmax_exog_1_4_6m,RW-SARMAX (Exog. 1&4) (6 Months),STATISTICAL_ROLLING,,,08_12,POS,AVERAGE,243,9.151779191691634,0.29559177611039705,6.084283992583238,4.205450709531732,0,0,211,0.8683127572016461,10.963694701438646,17.75968,61.733627528416314,0.9925767826865233,0.9984555902795808,0.9845289760489084,0.9918610130018195,279.41195405766155
rw_sarmax_exog_1_4_6m,rw_sarmax_exog_1_4_6m,RW-SARMAX (Exog. 1&4) (6 Months),STATISTICAL_ROLLING,,,08_12,POS,MARGINAL,243,4301574696091407.5,15433229609294.76,275946145414194.1,5.258435396390137,0,0,175,0.720164609053498,10.599333079058667,23.39096,45.313801054162234,0.0,0.0,0.0,0.0,156.2226871265471
rw_sarmax_exog_1_4_6m,rw_sarmax_exog_1_4_6m,RW-SARMAX (Exog. 1&4) (6 Months),STATISTICAL_ROLLING,,,12_16,NEG,AVERAGE,243,16.14833938108766,0.3743951949512322,9.811399795378664,3.8963565106388813,0,0,194,0.7983539094650206,12.741458900060918,23.006559999999997,55.38185152435183,0.9905977868200011,0.9972748848298894,0.9750517231915746,0.9876710281658836,168.52572800006226
rw_sarmax_exog_1_4_6m,rw_sarmax_exog_1_4_6m,RW-SARMAX (Exog. 1&4) (6 Months),STATISTICAL_ROLLING,,,12_16,NEG,MARGINAL,243,38149983.6484995,61061.35332204617,3402097.318205344,7.426205190181761,0,0,151,0.6213991769547325,11.333616193765392,30.051000000000005,37.714605815997444,0.0,0.0,0.0,0.0,201.48869650858225
rw_sarmax_exog_1_4_6m,rw_sarmax_exog_1_4_6m,RW-SARMAX (Exog. 1&4) (6 Months),STATISTICAL_ROLLING,,,12_16,POS,AVERAGE,243,18.400374205523946,0.41485383319118263,6.402332369392182,3.0769097809110297,0,0,186,0.7654320987654321,5.912005221233762,12.400360000000001,47.67607731738241,0.9895817461580636,0.9968948423921589,0.9837202475179564,0.9900607733640798,305.8421937594699
rw_sarmax_exog_1_4_6m,rw_sarmax_exog_1_4_6m,RW-SARMAX (Exog. 1&4) (6 Months),STATISTICAL_ROLLING,,,12_16,POS,MARGINAL,243,94.72346318210506,0.5801015805835553,17.0420202181219,3.3288321609275027,0,0,161,0.6625514403292181,5.753985924348575,22.700200000000006,25.34773228583261,0.9854318677155796,0.9840149293130858,0.9566658125605331,0.9754714798415913,117.97839252068422
rw_sarmax_exog_1_4_6m,rw_sarmax_exog_1_4_6m,RW-SARMAX (Exog. 1&4) (6 Months),STATISTICAL_ROLLING,,,16_20,NEG,AVERAGE,243,4.566536141820136,0.46940560057321223,2.600503296037022,0.7079873150059219,0,0,180,0.7407407407407407,4.064230295169711,6.76304,60.09472508176369,0.988211783740842,0.9992293735831743,0.9933874801329253,0.9935555681981991,131.94111635803546
rw_sarmax_exog_1_4_6m,rw_sarmax_exog_1_4_6m,RW-SARMAX (Exog. 1&4) (6 Months),STATISTICAL_ROLLING,,,16_20,NEG,MARGINAL,243,7.359892744234451,0.610040111630317,3.959197185874281,1.3264605978090143,0,0,124,0.5102880658436214,3.1125790337573687,8.51464,36.55561519638375,0.9846800192543985,0.9987579803164659,0.9899326141638979,0.9910591027250156,122.00512744166075
rw_sarmax_exog_1_4_6m,rw_sarmax_exog_1_4_6m,RW-SARMAX (Exog. 1&4) (6 Months),STATISTICAL_ROLLING,,,16_20,POS,AVERAGE,243,59.58434381376168,0.46886259574279004,15.950739689302198,6.751974448543969,0,0,196,0.8065843621399177,14.453761543482313,26.775800000000004,53.98068981499081,0.988225420259799,0.9899448360976278,0.959440703939586,0.9792938711006123,215.09006508382575
rw_sarmax_exog_1_4_6m,rw_sarmax_exog_1_4_6m,RW-SARMAX (Exog. 1&4) (6 Months),STATISTICAL_ROLLING,,,16_20,POS,MARGINAL,243,108.09946899278631,0.4648814876259859,24.94192655216873,7.76646649177291,0,0,165,0.6790123456790124,14.101162799667826,35.721720000000005,39.47503871501099,0.9883253981113088,0.9817576596651079,0.9365780519868312,0.9690814202029849,87.53765497444648
rw_sarmax_exog_1_4_6m,rw_sarmax_exog_1_4_6m,RW-SARMAX (Exog. 1&4) (6 Months),STATISTICAL_ROLLING,,,20_24,NEG,AVERAGE,243,1.043055591171092,0.19224957467272225,0.5182547061972249,0.22882046937442402,0,0,201,0.8271604938271605,1.7044689959076196,2.23896,76.12771089736393,0.9951720227470534,0.9998239790143315,0.9986821898875665,0.9978655234716246,50.876973337100985
rw_sarmax_exog_1_4_6m,rw_sarmax_exog_1_4_6m,RW-SARMAX (Exog. 1&4) (6 Months),STATISTICAL_ROLLING,,,20_24,NEG,MARGINAL,243,2.3035175678942656,0.2960317818630431,1.1326336781008397,0.4046164526821827,0,0,116,0.4773662551440329,1.3588774880745798,3.17832,42.7545838076273,0.9925657327907378,0.9996112695850177,0.9971199564676679,0.9963936537462372,7.53491080936119
rw_sarmax_exog_1_4_6m,rw_sarmax_exog_1_4_6m,RW-SARMAX (Exog. 1&4) (6 Months),STATISTICAL_ROLLING,,,20_24,POS,AVERAGE,243,7024.0776734941555,47.62706780050423,458.4424889676378,2.9975480060359496,0,0,175,0.720164609053498,8.28378495033546,14.73664,56.21216878701971,0.0,0.0,0.0,0.0,221.20513994214303
rw_sarmax_exog_1_4_6m,rw_sarmax_exog_1_4_6m,RW-SARMAX (Exog. 1&4) (6 Months),STATISTICAL_ROLLING,,,20_24,POS,MARGINAL,243,32.35790028445446,0.5547813113879259,11.88805731461048,4.06108259917039,0,0,159,0.654320987654321,7.127250585388283,17.544799999999995,40.62315093582306,0.9860677374381686,0.9945394382136057,0.9697712303254602,0.9834855513468692,149.05989687522754
rw_sarmax_exog_1_6m,rw_sarmax_exog_1_6m,RW-SARMAX (Exog. 1) (6 Months),STATISTICAL_ROLLING,,,00_04,NEG,AVERAGE,243,3.7112514284441556,0.17490262743983342,1.9001137142717062,0.6383428470509207,0,0,187,0.7695473251028807,4.86003528551188,7.52448,64.58964985636058,0.9956076578676565,0.9993737072692693,0.9951684200114377,0.9967055056776366,3.1363536944154715
rw_sarmax_exog_1_6m,rw_sarmax_exog_1_6m,RW-SARMAX (Exog. 1) (6 Months),STATISTICAL_ROLLING,,,00_04,NEG,MARGINAL,243,8.337042013511002,0.25209707548233606,3.856616463480607,1.287205193061149,0,0,96,0.3950617283950617,3.496335948074633,10.485959999999999,33.343021984392784,0.9936690681993182,0.9985930813609555,0.99019345485033,0.9941470401374924,19.260012173758962
rw_sarmax_exog_1_6m,rw_sarmax_exog_1_6m,RW-SARMAX (Exog. 1) (6 Months),STATISTICAL_ROLLING,,,00_04,POS,AVERAGE,243,0.9422430936738755,0.06145695141270919,0.2961867200968631,0.1418184011008199,0,0,218,0.897119341563786,3.4447647460098523,3.9527600000000005,87.1483405521674,0.9984566272047097,0.9998409916408179,0.9992468609541896,0.9991742446059539,6.054903798107336
rw_sarmax_exog_1_6m,rw_sarmax_exog_1_6m,RW-SARMAX (Exog. 1) (6 Months),STATISTICAL_ROLLING,,,00_04,POS,MARGINAL,243,2.38580512507656,0.14575815424101554,0.9162706649886114,0.3333955174137673,0,0,86,0.35390946502057613,1.4327961185314122,4.75564,30.128355353462677,0.9963395650975817,0.9995973831373096,0.9976701210165401,0.9978537285039482,-0.5718312706493465
rw_sarmax_exog_1_6m,rw_sarmax_exog_1_6m,RW-SARMAX (Exog. 1) (6 Months),STATISTICAL_ROLLING,,,04_08,NEG,AVERAGE,243,2.511934542702138,0.1649717217863456,1.332141000714741,0.4952757467502371,0,0,191,0.7860082304526749,4.346478687889646,6.09224,71.34450855333418,0.9958570534082075,0.9995760981505839,0.9966126523098836,0.9973336858107449,10.210419344533902
rw_sarmax_exog_1_6m,rw_sarmax_exog_1_6m,RW-SARMAX (Exog. 1) (6 Months),STATISTICAL_ROLLING,,,04_08,NEG,MARGINAL,243,6.609427420826012,0.27832872983809614,3.184767270521342,1.2836734016473308,0,0,108,0.4444444444444444,3.188346225111654,8.57392,37.18656373177793,0.9930103107963312,0.9988846251924002,0.9919018226662414,0.9945830334641044,26.8100441871786
rw_sarmax_exog_1_6m,rw_sarmax_exog_1_6m,RW-SARMAX (Exog. 1) (6 Months),STATISTICAL_ROLLING,,,04_08,POS,AVERAGE,243,3.9482070193590513,0.1251116514418162,1.631294532133183,0.7281839397362546,0,0,183,0.7530864197530864,7.712796763536746,10.60856,72.70352209476823,0.9968580621919817,0.9993337197968608,0.9958519693017811,0.9973430185478256,22.720807172328588
rw_sarmax_exog_1_6m,rw_sarmax_exog_1_6m,RW-SARMAX (Exog. 1) (6 Months),STATISTICAL_ROLLING,,,04_08,POS,MARGINAL,243,20.720560042275142,0.20183189112665487,4.591758187353045,1.3444576825667092,0,0,77,0.3168724279835391,3.7934473418803822,14.25088,26.619039258490577,0.9949313813518832,0.9965032991212383,0.9883241477582643,0.9932697271298763,41.78486438362945
rw_sarmax_exog_1_6m,rw_sarmax_exog_1_6m,RW-SARMAX (Exog. 1) (6 Months),STATISTICAL_ROLLING,,,08_12,NEG,AVERAGE,243,3.9207278030015824,0.17566549211562296,1.8588161485852959,0.7192067587489852,0,0,172,0.7078189300411523,7.7658002372347585,11.116,69.86146309135263,0.9955884999927532,0.9993383570556891,0.9952734308276052,0.9967219799990232,-0.9079123065450152
rw_sarmax_exog_1_6m,rw_sarmax_exog_1_6m,RW-SARMAX (Exog. 1) (6 Months),STATISTICAL_ROLLING,,,08_12,NEG,MARGINAL,243,18.06231532152651,0.347563273015524,5.956578085932084,1.841349915505936,0,0,79,0.32510288065843623,4.421232670063112,15.307240000000002,28.883277913347616,0.99127161878545,0.9969518915643016,0.984853704668234,0.9910281971437898,63.67098616004535
rw_sarmax_exog_1_6m,rw_sarmax_exog_1_6m,RW-SARMAX (Exog. 1) (6 Months),STATISTICAL_ROLLING,,,08_12,POS,AVERAGE,243,8.055549420306061,0.17032181571128943,3.8222796230163048,1.321946042217526,0,0,178,0.7325102880658436,12.455765013707824,17.75968,70.13507570917845,0.9957226961186544,0.9986405846811368,0.99028076604124,0.9948897624187268,19.264774617318338
rw_sarmax_exog_1_6m,rw_sarmax_exog_1_6m,RW-SARMAX (Exog. 1) (6 Months),STATISTICAL_ROLLING,,,08_12,POS,MARGINAL,243,17.089599186187645,0.2544424245730051,7.938302528247819,2.1466946861157084,0,0,97,0.3991769547325103,8.51143531441471,23.39096,36.38771266512666,0.9936101692806639,0.997116042405702,0.9798146061730119,0.9902145715864012,4.5999122275872635
rw_sarmax_exog_1_6m,rw_sarmax_exog_1_6m,RW-SARMAX (Exog. 1) (6 Months),STATISTICAL_ROLLING,,,12_16,NEG,AVERAGE,243,5.952541308294057,0.20060289994624372,3.7808636404922993,1.8344622367074734,0,0,169,0.6954732510288066,16.77926859506763,23.006559999999997,72.93254008886002,0.9949622450948756,0.9989954780960982,0.9903860779659247,0.9947830768327253,26.425881783524407
rw_sarmax_exog_1_6m,rw_sarmax_exog_1_6m,RW-SARMAX (Exog. 1) (6 Months),STATISTICAL_ROLLING,,,12_16,NEG,MARGINAL,243,27.58885304639343,0.2850630741988025,8.44548279791074,3.150877450943696,0,0,99,0.4074074074074074,11.706898254418414,30.051000000000005,38.956767676344924,0.9928411907270548,0.9953442394175385,0.9785249559678206,0.9889428393243673,27.919160757804022
rw_sarmax_exog_1_6m,rw_sarmax_exog_1_6m,RW-SARMAX (Exog. 1) (6 Months),STATISTICAL_ROLLING,,,12_16,POS,AVERAGE,243,16.153922524296995,0.14857973673242153,3.7163752554896647,0.7632231298472689,0,0,177,0.7283950617283951,7.316512968053341,12.400360000000001,59.002423865543754,0.9962687064956367,0.997273942645811,0.9905500580415029,0.9947132804353302,0.6685835466622978
rw_sarmax_exog_1_6m,rw_sarmax_exog_1_6m,RW-SARMAX (Exog. 1) (6 Months),STATISTICAL_ROLLING,,,12_16,POS,MARGINAL,243,93.49956618674184,0.2216705462489051,13.272545082269879,1.2994751655194943,0,0,98,0.40329218106995884,5.0180233536141134,22.700200000000006,22.105634988300157,0.9944331717936965,0.9842214682140841,0.9662507760798066,0.9817631190268408,-14.907843349612968
rw_sarmax_exog_1_6m,rw_sarmax_exog_1_6m,RW-SARMAX (Exog. 1) (6 Months),STATISTICAL_ROLLING,,,16_20,NEG,AVERAGE,243,2.1806544820712888,0.19309626933058258,1.1942681686870955,0.49563610762193067,0,0,165,0.6790123456790124,4.569521696928046,6.76304,67.56609005607012,0.9951507596438434,0.9996320033614836,0.9969632332310084,0.9972276863544292,62.3735195145699
rw_sarmax_exog_1_6m,rw_sarmax_exog_1_6m,RW-SARMAX (Exog. 1) (6 Months),STATISTICAL_ROLLING,,,16_20,NEG,MARGINAL,243,5.31036161959362,0.28863727526238653,2.2895075479791394,0.8738664337165791,0,0,70,0.2880658436213992,2.444884554014308,8.51464,28.71389223753803,0.9927514315613359,0.9991038492152775,0.9941782753477372,0.9953185878366491,46.25600587358837
rw_sarmax_exog_1_6m,rw_sarmax_exog_1_6m,RW-SARMAX (Exog. 1) (6 Months),STATISTICAL_ROLLING,,,16_20,POS,AVERAGE,243,1.4973277740673905e+19,1.9965417063278852e+16,9.605362149143456e+17,2.788892239564575,0,0,165,0.6790123456790124,14.407355874985583,26.775800000000004,53.80737783739639,0.0,0.0,0.0,0.0,30.147447087226055
rw_sarmax_exog_1_6m,rw_sarmax_exog_1_6m,RW-SARMAX (Exog. 1) (6 Months),STATISTICAL_ROLLING,,,16_20,POS,MARGINAL,243,37.11737057740608,0.29522148752551963,15.312013565509236,5.004774305052649,0,0,101,0.4156378600823045,11.384488613830051,35.721720000000005,31.869934073247453,0.9925860817701122,0.9937362531683247,0.9610648469236142,0.9825636308321781,20.850793322830825
rw_sarmax_exog_1_6m,rw_sarmax_exog_1_6m,RW-SARMAX (Exog. 1) (6 Months),STATISTICAL_ROLLING,,,20_24,NEG,AVERAGE,243,0.9502551528126478,0.14467250144255023,0.4550515478992941,0.16734223938954274,0,0,211,0.8683127572016461,1.7581141139277934,2.23896,78.52369465858226,0.9963668291735855,0.9998396395647073,0.9988429019084064,0.9983299606051468,10.34017480854301
rw_sarmax_exog_1_6m,rw_sarmax_exog_1_6m,RW-SARMAX (Exog. 1) (6 Months),STATISTICAL_ROLLING,,,20_24,NEG,MARGINAL,243,2.3037475927234077,0.25327648105378286,1.1177275430059401,0.4243836006781643,0,0,96,0.3950617283950617,1.0516285893066608,3.17832,33.08756164598471,0.9936394497032532,0.999611230767147,0.9971578595591989,0.9967712127068002,12.788425545631634
rw_sarmax_exog_1_6m,rw_sarmax_exog_1_6m,RW-SARMAX (Exog. 1) (6 Months),STATISTICAL_ROLLING,,,20_24,POS,AVERAGE,243,61.87014429102727,0.541194673217045,5.907436468220704,1.173732378216302,0,0,162,0.6666666666666666,8.972961347347285,14.73664,60.88878704607893,0.9864089396496413,0.9895590955326421,0.9849786612194954,0.9869764992090835,25.772422006398443
rw_sarmax_exog_1_6m,rw_sarmax_exog_1_6m,RW-SARMAX (Exog. 1) (6 Months),STATISTICAL_ROLLING,,,20_24,POS,MARGINAL,243,7.99278070039351,0.20491115216667177,3.9483255658349883,2.2563196995811197,0,0,83,0.34156378600823045,5.7909065291660164,17.544799999999995,33.006398073309576,0.9948540516502056,0.9986511772248533,0.9899602583524696,0.9944921513015865,38.37658751634766
rw_sarmax_exog_4_12m,rw_sarmax_exog_4_12m,RW-SARMAX (Exog. 4) (12 Months),STATISTICAL_ROLLING,,,00_04,NEG,AVERAGE,243,3.8089747240002154,0.18384831067348564,1.9553909286443443,0.6619583395921769,0,0,215,0.8847736625514403,5.370314866472106,7.52448,71.37124248415978,0.9953830042878623,0.9993572159614692,0.9950278619591589,0.9965772971716806,6.951882923974672
rw_sarmax_exog_4_12m,rw_sarmax_exog_4_12m,RW-SARMAX (Exog. 4) (12 Months),STATISTICAL_ROLLING,,,00_04,NEG,MARGINAL,243,60.319196217111184,0.9175192390218317,7.9056766401950656,1.135373054898249,0,0,102,0.41975308641975306,4.02630458199135,10.485959999999999,38.397100332171306,0.9769582740420657,0.9898208259821044,0.9798975667803906,0.9821728827859257,5.192711370991689
rw_sarmax_exog_4_12m,rw_sarmax_exog_4_12m,RW-SARMAX (Exog. 4) (12 Months),STATISTICAL_ROLLING,,,00_04,POS,AVERAGE,243,1.1261901165847896,0.0900740231883928,0.4289183381240979,0.22236399417916264,0,0,218,0.897119341563786,3.324445472293628,3.9527600000000005,84.10440988811938,0.9977379646442638,0.9998099496363863,0.9989093530331146,0.998808277859985,66.28866090563797
rw_sarmax_exog_4_12m,rw_sarmax_exog_4_12m,RW-SARMAX (Exog. 4) (12 Months),STATISTICAL_ROLLING,,,00_04,POS,MARGINAL,243,2.3778669511526744,0.1722873949123624,1.0121707153169877,0.5135197950206658,0,0,107,0.4403292181069959,1.7886113077901302,4.75564,37.61031759742391,0.9956733343882693,0.9995987227449109,0.9974262678404967,0.9975471805851961,53.146428666013946
rw_sarmax_exog_4_12m,rw_sarmax_exog_4_12m,RW-SARMAX (Exog. 4) (12 Months),STATISTICAL_ROLLING,,,04_08,NEG,AVERAGE,243,2.194370992342035,0.1704812763427019,1.259369264336424,0.5445272701254753,0,0,187,0.7695473251028807,4.362033283881285,6.09224,71.59982672844939,0.9957186915724675,0.9996296886299599,0.996797695164202,0.9973653917867125,21.170033418427607
rw_sarmax_exog_4_12m,rw_sarmax_exog_4_12m,RW-SARMAX (Exog. 4) (12 Months),STATISTICAL_ROLLING,,,04_08,NEG,MARGINAL,243,8.02715390403632,0.30081783379548904,3.332759896061997,1.1737354415570374,0,0,101,0.4156378600823045,3.056814592599494,8.57392,35.652473927905724,0.9924455403278905,0.9986453765702794,0.9915255092894963,0.994187876045209,15.949620064494688
rw_sarmax_exog_4_12m,rw_sarmax_exog_4_12m,RW-SARMAX (Exog. 4) (12 Months),STATISTICAL_ROLLING,,,04_08,POS,AVERAGE,243,4.468072923918364,0.15009143487292884,1.963737066641018,0.7852463263755602,0,0,185,0.7613168724279835,7.557257688164863,10.60856,71.23735632512671,0.9962307431126326,0.9992459897566687,0.9950066395275625,0.9968218203220913,32.33752867004721
rw_sarmax_exog_4_12m,rw_sarmax_exog_4_12m,RW-SARMAX (Exog. 4) (12 Months),STATISTICAL_ROLLING,,,04_08,POS,MARGINAL,243,244.9111286137251,0.8024932464259253,20.48213330971422,1.4096770697317442,0,0,103,0.42386831275720166,4.641204723316711,14.25088,32.56784650012287,0.9798469299815966,0.9586699897640362,0.9479183457921563,0.9623221069272865,48.66282126117446
rw_sarmax_exog_4_12m,rw_sarmax_exog_4_12m,RW-SARMAX (Exog. 4) (12 Months),STATISTICAL_ROLLING,,,08_12,NEG,AVERAGE,243,4.034645187320592,0.19654918881237693,1.9738363848726885,0.807205376442993,0,0,179,0.7366255144032922,8.048984579535448,11.116,72.40900125526672,0.9950640462311207,0.9993191329122759,0.9949809591361733,0.9964408060945693,11.2165103790889
rw_sarmax_exog_4_12m,rw_sarmax_exog_4_12m,RW-SARMAX (Exog. 4) (12 Months),STATISTICAL_ROLLING,,,08_12,NEG,MARGINAL,243,17.178306534791336,0.2722894722441319,5.253916239441783,1.5916199986928667,0,0,101,0.4156378600823045,4.814484483066122,15.307240000000002,31.45233551617484,0.9931619751021585,0.9971010725852346,0.986640422426613,0.9923097648886436,41.47339003001779
rw_sarmax_exog_4_12m,rw_sarmax_exog_4_12m,RW-SARMAX (Exog. 4) (12 Months),STATISTICAL_ROLLING,,,08_12,POS,AVERAGE,243,8.20313730343812,0.18848657366374175,4.139440595686207,1.737174602250093,0,0,185,0.7613168724279835,12.173002129442695,17.75968,68.54291366422534,0.9952665232592397,0.9986156784681972,0.9894742939879123,0.9944603088186578,56.72631922309195
rw_sarmax_exog_4_12m,rw_sarmax_exog_4_12m,RW-SARMAX (Exog. 4) (12 Months),STATISTICAL_ROLLING,,,08_12,POS,MARGINAL,243,17.487269770138308,0.26892656412817406,8.513301386586663,3.0292756649261214,0,0,108,0.4444444444444444,7.979617392233167,23.39096,34.114108152180016,0.9932464280530441,0.9970489334531678,0.978352507901456,0.989586261185061,47.60458052736767
rw_sarmax_exog_4_12m,rw_sarmax_exog_4_12m,RW-SARMAX (Exog. 4) (12 Months),STATISTICAL_ROLLING,,,12_16,NEG,AVERAGE,243,7.59075617951193,0.20777459294672687,4.704052281962839,2.22891482082548,0,0,203,0.8353909465020576,17.82129240872161,23.006559999999997,77.4617865892233,0.9947821418580783,0.998719020926596,0.9880386080580478,0.9938559457966791,53.6104238095378
rw_sarmax_exog_4_12m,rw_sarmax_exog_4_12m,RW-SARMAX (Exog. 4) (12 Months),STATISTICAL_ROLLING,,,12_16,NEG,MARGINAL,243,27.655229836422635,0.2324357075117222,7.91869529520999,1.9826174018156038,0,0,127,0.522633744855967,15.574237892797944,30.051000000000005,51.82602207180441,0.9941628255326467,0.9953330379934674,0.9798644631442368,0.9898305360565423,-19.509800653112784
rw_sarmax_exog_4_12m,rw_sarmax_exog_4_12m,RW-SARMAX (Exog. 4) (12 Months),STATISTICAL_ROLLING,,,12_16,POS,AVERAGE,243,16.46058539146354,0.1970463553401227,4.333902190908007,1.1257201874358689,0,0,189,0.7777777777777778,7.184390245724346,12.400360000000001,57.93694897345194,0.9950515608527215,0.9972221917126839,0.9889798200282959,0.9937641945644486,48.481685508836556
rw_sarmax_exog_4_12m,rw_sarmax_exog_4_12m,RW-SARMAX (Exog. 4) (12 Months),STATISTICAL_ROLLING,,,12_16,POS,MARGINAL,243,97.9958273527587,0.5762009682276442,19.737191627441053,2.8542228266803207,0,0,105,0.43209876543209874,4.677941211266573,22.700200000000006,20.607488970434495,0.9855298240713164,0.9834627010601907,0.9498125720680276,0.9730609803165597,86.90005190356894
rw_sarmax_exog_4_12m,rw_sarmax_exog_4_12m,RW-SARMAX (Exog. 4) (12 Months),STATISTICAL_ROLLING,,,16_20,NEG,AVERAGE,243,1.9713198997821357,0.17866958390412396,1.0314243705542259,0.33813089802966423,0,0,196,0.8065843621399177,5.244034724940536,6.76304,77.53960829657278,0.9955130580218394,0.9996673296468905,0.9973773099414761,0.9974991707915865,10.77381797933679
rw_sarmax_exog_4_12m,rw_sarmax_exog_4_12m,RW-SARMAX (Exog. 4) (12 Months),STATISTICAL_ROLLING,,,16_20,NEG,MARGINAL,243,4.819740237965162,0.257238735816348,1.7978298460705422,0.5074583379476989,0,0,103,0.42386831275720166,3.232975215350797,8.51464,37.96960547187899,0.9935399453173704,0.9991866440920945,0.9954285058615853,0.9960265808926203,-15.068451205036878
rw_sarmax_exog_4_12m,rw_sarmax_exog_4_12m,RW-SARMAX (Exog. 4) (12 Months),STATISTICAL_ROLLING,,,16_20,POS,AVERAGE,243,21.92377951570044,0.18736798052761863,8.351045297603761,2.5389475839532665,0,0,187,0.7695473251028807,16.35956591381395,26.775800000000004,61.098327272439846,0.9952946145682878,0.9963002496582177,0.9787650901941177,0.9901717311044886,18.483440002468086
rw_sarmax_exog_4_12m,rw_sarmax_exog_4_12m,RW-SARMAX (Exog. 4) (12 Months),STATISTICAL_ROLLING,,,16_20,POS,MARGINAL,243,37.75081034380564,0.2616128619830549,14.956500866730618,4.520884297412248,0,0,113,0.46502057613168724,12.005006024284368,35.721720000000005,33.607021230456894,0.9934300975755986,0.9936293569559012,0.9619688391574458,0.9831136378931081,9.16625217473245
rw_sarmax_exog_4_12m,rw_sarmax_exog_4_12m,RW-SARMAX (Exog. 4) (12 Months),STATISTICAL_ROLLING,,,20_24,NEG,AVERAGE,243,0.8951379217546803,0.15485432886603884,0.45649284755232505,0.19207523381895308,0,0,203,0.8353909465020576,1.7035100224799513,2.23896,76.08487969771461,0.9961111322167642,0.9998489408803997,0.9988392369937706,0.998244883652176,26.64832831978613
rw_sarmax_exog_4_12m,rw_sarmax_exog_4_12m,RW-SARMAX (Exog. 4) (12 Months),STATISTICAL_ROLLING,,,20_24,NEG,MARGINAL,243,1.9195426107545668,0.2132681565368101,0.9197202269268001,0.34085885195842236,0,0,90,0.37037037037037035,1.0734010497449322,3.17832,33.77259211611582,0.9946441816046125,0.9996760673302193,0.9976613495233896,0.9973003693072592,-9.409946133057314
rw_sarmax_exog_4_12m,rw_sarmax_exog_4_12m,RW-SARMAX (Exog. 4) (12 Months),STATISTICAL_ROLLING,,,20_24,POS,AVERAGE,243,5.33976232813034,0.1693902457879445,2.448943650474554,1.4043527231461717,0,0,167,0.6872427983539094,9.590515900722146,14.73664,65.07939327229371,0.9957460907004478,0.9990988876947796,0.993772863673433,0.9962013487896625,50.48476690214042
rw_sarmax_exog_4_12m,rw_sarmax_exog_4_12m,RW-SARMAX (Exog. 4) (12 Months),STATISTICAL_ROLLING,,,20_24,POS,MARGINAL,243,8.15857325095309,0.24324485676101598,4.267461864343733,2.3690800146462507,0,0,97,0.3991769547325103,6.054418376996036,17.544799999999995,34.50833510211594,0.9938913745981615,0.9986231988808293,0.9891487634709174,0.9938878149394513,45.29200274269071
rw_sarmax_exog_4_3m,rw_sarmax_exog_4_3m,RW-SARMAX (Exog. 4) (3 Months),STATISTICAL_ROLLING,,,00_04,NEG,AVERAGE,243,4.145435923714386,0.2187465478731908,2.3277078965437252,0.8166842754390391,0,0,219,0.9012345679012346,4.940460036118184,7.52448,65.65849116640862,0.994506602373034,0.9993004364067511,0.9940811400877291,0.99594816505001,31.950782682819245
rw_sarmax_exog_4_3m,rw_sarmax_exog_4_3m,RW-SARMAX (Exog. 4) (3 Months),STATISTICAL_ROLLING,,,00_04,NEG,MARGINAL,243,8.388693530567403,0.2729463842696859,4.178141871890336,1.3570348321718226,0,0,164,0.6748971193415638,5.039659646004951,10.485959999999999,48.06102298697451,0.9931454780237022,0.9985843649022926,0.989375884976791,0.9936963449881564,25.72975270566537
rw_sarmax_exog_4_3m,rw_sarmax_exog_4_3m,RW-SARMAX (Exog. 4) (3 Months),STATISTICAL_ROLLING,,,00_04,POS,AVERAGE,243,1.3289403260721382,0.13603584026275986,0.6100982599151213,0.3365323599733907,0,0,202,0.831275720164609,2.9077211322099146,3.9527600000000005,73.56179308154086,0.9965837222605451,0.9997757344976913,0.9984486515088428,0.9982525129507417,151.66626322740032
rw_sarmax_exog_4_3m,rw_sarmax_exog_4_3m,RW-SARMAX (Exog. 4) (3 Months),STATISTICAL_ROLLING,,,00_04,POS,MARGINAL,243,2.475913795402554,0.16368454339005406,1.0269580057676737,0.390792104491791,0,0,156,0.6419753086419753,2.3928310136589053,4.75564,50.315646551440096,0.995889378410894,0.9995821768366078,0.9973886669453029,0.9976027671077345,16.545488088506964
rw_sarmax_exog_4_3m,rw_sarmax_exog_4_3m,RW-SARMAX (Exog. 4) (3 Months),STATISTICAL_ROLLING,,,04_08,NEG,AVERAGE,243,2.2978580397667474,0.15377321794076448,1.2339188469996436,0.46054412370998943,0,0,212,0.8724279835390947,4.566705915084267,6.09224,74.95938956909556,0.9961382822323832,0.9996122246594431,0.9968624100947777,0.9975236454279032,2.481822164280111
rw_sarmax_exog_4_3m,rw_sarmax_exog_4_3m,RW-SARMAX (Exog. 4) (3 Months),STATISTICAL_ROLLING,,,04_08,NEG,MARGINAL,243,6.122919628475684,0.24777858125168048,2.860261673206327,1.0564800943350416,0,0,139,0.5720164609053497,3.759177464250139,8.57392,43.84432633206444,0.9937775188523201,0.9989667258799089,0.992726970518387,0.9951432762212264,4.366334360106996
rw_sarmax_exog_4_3m,rw_sarmax_exog_4_3m,RW-SARMAX (Exog. 4) (3 Months),STATISTICAL_ROLLING,,,04_08,POS,AVERAGE,243,5.148481850975172,0.16011737295247513,2.1572205213866833,0.9421901865613691,0,0,183,0.7530864197530864,7.411453236463014,10.60856,69.86295252572464,0.9959789610160017,0.9991311672572621,0.9945146527685356,0.9965359673539538,58.787270489016116
rw_sarmax_exog_4_3m,rw_sarmax_exog_4_3m,RW-SARMAX (Exog. 4) (3 Months),STATISTICAL_ROLLING,,,04_08,POS,MARGINAL,243,21.199902858479884,0.22586175363602354,5.026865684107804,1.5788255907623157,0,0,120,0.49382716049382713,5.270028924346561,14.25088,36.980375417844805,0.9943279177042565,0.9964224075602365,0.9872177630938077,0.9926727483352819,66.50101760308208
rw_sarmax_exog_4_3m,rw_sarmax_exog_4_3m,RW-SARMAX (Exog. 4) (3 Months),STATISTICAL_ROLLING,,,08_12,NEG,AVERAGE,243,3.846899868462666,0.1554612856479701,1.6839145945101883,0.6230396815170987,0,0,194,0.7983539094650206,8.551060644755168,11.116,76.9256984954585,0.9960958896678968,0.9993508158986476,0.9957181678148131,0.997045367112527,-14.157782854009204
rw_sarmax_exog_4_3m,rw_sarmax_exog_4_3m,RW-SARMAX (Exog. 4) (3 Months),STATISTICAL_ROLLING,,,08_12,NEG,MARGINAL,243,18.095917724643595,0.25640459070720756,5.5751755370525595,1.3498483411254316,0,0,108,0.4444444444444444,5.024712594408266,15.307240000000002,32.825725567824534,0.9935608932628701,0.9969462209862735,0.9858235292155292,0.9921247212759707,19.983175005494203
rw_sarmax_exog_4_3m,rw_sarmax_exog_4_3m,RW-SARMAX (Exog. 4) (3 Months),STATISTICAL_ROLLING,,,08_12,POS,AVERAGE,243,8.4476440573712,0.20450166969816935,4.497919113063618,1.902012152779374,0,0,185,0.7613168724279835,11.881308472567754,17.75968,66.90046483139197,0.9948643350125838,0.9985744166982644,0.9885627603160689,0.9940091423190085,71.5978137353548
rw_sarmax_exog_4_3m,rw_sarmax_exog_4_3m,RW-SARMAX (Exog. 4) (3 Months),STATISTICAL_ROLLING,,,08_12,POS,MARGINAL,243,20.125368828795658,0.3173378982763676,9.505319475243711,3.3309631307175103,0,0,119,0.4897119341563786,8.166443846443144,23.39096,34.91282036497495,0.9920306707726955,0.9966037406940027,0.975830019531709,0.9881935689372013,62.30461339465991
rw_sarmax_exog_4_3m,rw_sarmax_exog_4_3m,RW-SARMAX (Exog. 4) (3 Months),STATISTICAL_ROLLING,,,12_16,NEG,AVERAGE,243,259.64684232905864,0.883352128716196,28.10406238661915,4.0447905116445355,0,0,205,0.8436213991769548,12.815261572934075,23.006559999999997,55.70264121595786,0.9778163151151622,0.956183262426915,0.9285374215213529,0.9544153728420837,178.75537409922524
rw_sarmax_exog_4_3m,rw_sarmax_exog_4_3m,RW-SARMAX (Exog. 4) (3 Months),STATISTICAL_ROLLING,,,12_16,NEG,MARGINAL,243,31.83537679265798,0.35529772252600117,14.364044926952353,6.137891009829509,0,0,176,0.7242798353909465,14.548449022412516,30.051000000000005,48.41252877578954,0.9910773830043607,0.9946276167352871,0.963475327027744,0.983140281663283,149.18578365055276
rw_sarmax_exog_4_3m,rw_sarmax_exog_4_3m,RW-SARMAX (Exog. 4) (3 Months),STATISTICAL_ROLLING,,,12_16,POS,AVERAGE,243,17.172831184064734,0.38099636287705696,6.294972653340521,3.3329368967727344,0,0,219,0.9012345679012346,6.034726898922188,12.400360000000001,48.66573953435375,0.9904320112200133,0.9971019965787782,0.9839932401561111,0.9905083119373179,339.6119867536795
rw_sarmax_exog_4_3m,rw_sarmax_exog_4_3m,RW-SARMAX (Exog. 4) (3 Months),STATISTICAL_ROLLING,,,12_16,POS,MARGINAL,243,93.58106541716515,0.3834864529978149,15.07029679754527,3.173853350993296,0,0,162,0.6666666666666666,6.347718957038074,22.700200000000006,27.96327326207731,0.9903694774095678,0.9842077148005635,0.9616794806111787,0.9788683968051279,107.83007916900884
rw_sarmax_exog_4_3m,rw_sarmax_exog_4_3m,RW-SARMAX (Exog. 4) (3 Months),STATISTICAL_ROLLING,,,16_20,NEG,AVERAGE,243,1.7632322171366581,0.1825770376484867,0.9379227110864875,0.28831235524639287,0,0,186,0.7654320987654321,5.230924387550365,6.76304,77.34575557072509,0.9954149298578274,0.9997024455115816,0.997615064526051,0.9975558544640801,-5.547051312489234
rw_sarmax_exog_4_3m,rw_sarmax_exog_4_3m,RW-SARMAX (Exog. 4) (3 Months),STATISTICAL_ROLLING,,,16_20,NEG,MARGINAL,243,5.0665956876381095,0.2244208344455295,1.9758184377651167,0.5406338580613905,0,0,98,0.40329218106995884,2.9899648490417174,8.51464,35.115575632577745,0.994364103610451,0.9991449859676983,0.9949759192025003,0.9961436939337189,-9.51597902233588
rw_sarmax_exog_4_3m,rw_sarmax_exog_4_3m,RW-SARMAX (Exog. 4) (3 Months),STATISTICAL_ROLLING,,,16_20,POS,AVERAGE,243,20.883582059907322,0.1982456301135237,8.339138031293134,2.5282978305946706,0,0,191,0.7860082304526749,16.667236070311702,26.775800000000004,62.24738782897877,0.9950214433799736,0.9964757883188686,0.9787953678081325,0.9901467722711015,17.986454786593896
rw_sarmax_exog_4_3m,rw_sarmax_exog_4_3m,RW-SARMAX (Exog. 4) (3 Months),STATISTICAL_ROLLING,,,16_20,POS,MARGINAL,243,35.467301915820684,0.2644339871944876,14.59280290264467,4.580175713748382,0,0,118,0.48559670781893005,13.063664906443096,35.721720000000005,36.570649191704916,0.9933592504573582,0.9940147107258043,0.9628936447582684,0.983521902465246,10.597968025379707
rw_sarmax_exog_4_3m,rw_sarmax_exog_4_3m,RW-SARMAX (Exog. 4) (3 Months),STATISTICAL_ROLLING,,,20_24,NEG,AVERAGE,243,0.9291258324749885,0.16132321703393396,0.4725591023331134,0.18231546500847884,0,0,206,0.8477366255144033,1.6409687642282833,2.23896,73.29156234270748,0.9959486785677528,0.9998432052459844,0.9987983839677086,0.9981742751535547,20.213045748170266
rw_sarmax_exog_4_3m,rw_sarmax_exog_4_3m,RW-SARMAX (Exog. 4) (3 Months),STATISTICAL_ROLLING,,,20_24,NEG,MARGINAL,243,2.047945410381782,0.21975362168750814,0.9495857508841542,0.3095340406605336,0,0,122,0.5020576131687243,1.3763285877438842,3.17832,43.3036505998101,0.9944813116566522,0.9996543986986101,0.9975854079274649,0.9972127821498666,-17.73514093595978
rw_sarmax_exog_4_3m,rw_sarmax_exog_4_3m,RW-SARMAX (Exog. 4) (3 Months),STATISTICAL_ROLLING,,,20_24,POS,AVERAGE,243,1243.382844009601,6.5367145075480115,115.42748518401831,2.029004736071723,0,0,188,0.7736625514403292,9.116670675762098,14.73664,61.86397086284321,0.8358430232931708,0.7901727620095631,0.7064927623245254,0.7780862509499273,117.41995420285276
rw_sarmax_exog_4_3m,rw_sarmax_exog_4_3m,RW-SARMAX (Exog. 4) (3 Months),STATISTICAL_ROLLING,,,20_24,POS,MARGINAL,243,1685146326552596.5,5044432442884.347,108102187251011.7,2.4905252267486055,0,0,145,0.5967078189300411,7.6686566913027585,17.544799999999995,43.70900033800761,0.0,0.0,0.0,0.0,52.740049233639105
rw_sarmax_exog_4_6m,rw_sarmax_exog_4_6m,RW-SARMAX (Exog. 4) (6 Months),STATISTICAL_ROLLING,,,00_04,NEG,AVERAGE,243,3.8214890882512376,0.1773752523635568,1.9596828709555583,0.6091794986260921,0,0,214,0.8806584362139918,5.27045247365893,7.52448,70.04407578542212,0.9955455626619474,0.9993551040982578,0.9950169484741253,0.9966282686539486,-1.5755365256321627
rw_sarmax_exog_4_6m,rw_sarmax_exog_4_6m,RW-SARMAX (Exog. 4) (6 Months),STATISTICAL_ROLLING,,,00_04,NEG,MARGINAL,243,7.6455550240706005,0.27190176068830985,3.761358928893138,1.1584773358702414,0,0,117,0.48148148148148145,3.9278167327941267,10.485959999999999,37.45786492409018,0.9931717117300569,0.9987097733402599,0.990435674247209,0.9940963796920841,7.333331098785825
rw_sarmax_exog_4_6m,rw_sarmax_exog_4_6m,RW-SARMAX (Exog. 4) (6 Months),STATISTICAL_ROLLING,,,00_04,POS,AVERAGE,243,1.0644991877262873,0.09972649569277399,0.4536051377769207,0.24996376220479233,0,0,201,0.8271604938271605,2.9860867781739753,3.9527600000000005,75.54434820667015,0.997495561415205,0.9998203602973293,0.9988465798178653,0.998708581119184,86.92837140926537
rw_sarmax_exog_4_6m,rw_sarmax_exog_4_6m,RW-SARMAX (Exog. 4) (6 Months),STATISTICAL_ROLLING,,,00_04,POS,MARGINAL,243,2.580750474939218,0.18213759538214,1.1097324561255135,0.4974825919880921,0,0,102,0.41975308641975306,1.6928019475210707,4.75564,35.59567056213403,0.9954259656027414,0.9995644851087435,0.9971781893434051,0.9973699108741412,48.36367171283438
rw_sarmax_exog_4_6m,rw_sarmax_exog_4_6m,RW-SARMAX (Exog. 4) (6 Months),STATISTICAL_ROLLING,,,04_08,NEG,AVERAGE,243,2.411314215347289,0.1727222659101224,1.3325055589053774,0.46511447211567525,0,0,191,0.7860082304526749,4.366066508890868,6.09224,71.66602938969686,0.9956624134419487,0.9995930783473722,0.9966117253169119,0.9972728057794764,3.498831411444534
rw_sarmax_exog_4_6m,rw_sarmax_exog_4_6m,RW-SARMAX (Exog. 4) (6 Months),STATISTICAL_ROLLING,,,04_08,NEG,MARGINAL,243,5.86682576023597,0.2558758977022906,2.7500054297246326,1.0278256892884112,0,0,113,0.46502057613168724,3.6610961110952545,8.57392,42.700376386708236,0.9935741703679346,0.9990099430348647,0.9930073284020331,0.9951809174992741,1.5356561163594404
rw_sarmax_exog_4_6m,rw_sarmax_exog_4_6m,RW-SARMAX (Exog. 4) (6 Months),STATISTICAL_ROLLING,,,04_08,POS,AVERAGE,243,4.424739462923606,0.15090471017384272,1.9897478883605801,0.9237185877624663,0,0,179,0.7366255144032922,7.255690479773104,10.60856,68.39467825768156,0.9962103192721123,0.9992533025006693,0.9949404996093237,0.9967954632488161,55.674252760026086
rw_sarmax_exog_4_6m,rw_sarmax_exog_4_6m,RW-SARMAX (Exog. 4) (6 Months),STATISTICAL_ROLLING,,,04_08,POS,MARGINAL,243,21.481367346003402,0.23554791314580298,5.013849354720278,1.4668809581265911,0,0,106,0.43621399176954734,4.735565020093817,14.25088,33.22998313152462,0.9940846684910334,0.9963749089830332,0.9872508608163919,0.9925852913207617,54.69547343271442
rw_sarmax_exog_4_6m,rw_sarmax_exog_4_6m,RW-SARMAX (Exog. 4) (6 Months),STATISTICAL_ROLLING,,,08_12,NEG,AVERAGE,243,3.9697314803656667,0.16236498698540386,1.7833697783669018,0.6475087379784483,0,0,185,0.7613168724279835,8.410173971377958,11.116,75.6582761009172,0.9959225165248091,0.9993300874335673,0.9954652746998003,0.9968961251224465,-10.786443723573669
rw_sarmax_exog_4_6m,rw_sarmax_exog_4_6m,RW-SARMAX (Exog. 4) (6 Months),STATISTICAL_ROLLING,,,08_12,NEG,MARGINAL,243,17.27433286365046,0.26973077961670855,5.286787714453832,1.2981163648370107,0,0,109,0.448559670781893,5.3747665985384865,15.307240000000002,35.11257809074977,0.993226231732237,0.9970848676492763,0.9865568373444835,0.9922986814369013,15.384905277490054
rw_sarmax_exog_4_6m,rw_sarmax_exog_4_6m,RW-SARMAX (Exog. 4) (6 Months),STATISTICAL_ROLLING,,,08_12,POS,AVERAGE,243,8.030774438369276,0.1817873990944838,4.110234279984509,1.561368006465223,0,0,183,0.7530864197530864,11.964233334847112,17.75968,67.36739251409435,0.99543476010704,0.9986447655865242,0.9895485593592025,0.9945516156684835,40.86520738274173
rw_sarmax_exog_4_6m,rw_sarmax_exog_4_6m,RW-SARMAX (Exog. 4) (6 Months),STATISTICAL_ROLLING,,,08_12,POS,MARGINAL,243,18.73208072157739,0.2822579233589227,8.93472662976386,2.2590695734976407,0,0,102,0.41975308641975306,7.386755771166334,23.39096,31.579532311484154,0.9929116366797655,0.9968388652147173,0.9772809142613931,0.9890494836982368,10.075494494949133
rw_sarmax_exog_4_6m,rw_sarmax_exog_4_6m,RW-SARMAX (Exog. 4) (6 Months),STATISTICAL_ROLLING,,,12_16,NEG,AVERAGE,243,17.36505455739565,0.2969141622969746,8.768360898797958,2.5278782233900507,0,0,164,0.6748971193415638,11.609194861043038,23.006559999999997,50.46036809085338,0.9925435735080933,0.9970695578977254,0.9777039464886119,0.9891400714402432,74.21412501085925
rw_sarmax_exog_4_6m,rw_sarmax_exog_4_6m,RW-SARMAX (Exog. 4) (6 Months),STATISTICAL_ROLLING,,,12_16,NEG,MARGINAL,243,32.56445837344489,0.3150407608892029,12.091930782105146,3.794872673190852,0,0,131,0.5390946502057613,14.413193779029795,30.051000000000005,47.9624431101454,0.992088358947408,0.9945045804756965,0.9692528240014874,0.9853499855195895,54.06404568096054
rw_sarmax_exog_4_6m,rw_sarmax_exog_4_6m,RW-SARMAX (Exog. 4) (6 Months),STATISTICAL_ROLLING,,,12_16,POS,AVERAGE,243,16.685066679012277,0.24933754031636843,4.932490768974455,1.5661418056150538,0,0,214,0.8806584362139918,7.276250291455888,12.400360000000001,58.67773428719721,0.993738368602363,0.9971843093430068,0.9874577381794859,0.992802921007226,106.57298113597487
rw_sarmax_exog_4_6m,rw_sarmax_exog_4_6m,RW-SARMAX (Exog. 4) (6 Months),STATISTICAL_ROLLING,,,12_16,POS,MARGINAL,243,800774.4130553227,4696.515173995601,51761.70699241354,2.282075703034522,0,0,127,0.522633744855967,5.64918699126131,22.700200000000006,24.8860670446133,0.0,0.0,0.0,0.0,49.43474747593592
rw_sarmax_exog_4_6m,rw_sarmax_exog_4_6m,RW-SARMAX (Exog. 4) (6 Months),STATISTICAL_ROLLING,,,16_20,NEG,AVERAGE,243,2.0176972785422786,0.16363660043176922,1.0089226613902365,0.375263739113608,0,0,194,0.7983539094650206,5.157944805506314,6.76304,76.26666122788441,0.995890582405818,0.9996595032261406,0.9974345269421686,0.9976438279735202,22.93877126594109
rw_sarmax_exog_4_6m,rw_sarmax_exog_4_6m,RW-SARMAX (Exog. 4) (6 Months),STATISTICAL_ROLLING,,,16_20,NEG,MARGINAL,243,4.824690047996474,0.2171325487832407,1.7932029702901764,0.6164718797198159,0,0,88,0.36213991769547327,2.9916808620298396,8.51464,35.135729308929555,0.9945471348470633,0.9991858087862412,0.9954402710103035,0.9963726321808613,3.1767686484292947
rw_sarmax_exog_4_6m,rw_sarmax_exog_4_6m,RW-SARMAX (Exog. 4) (6 Months),STATISTICAL_ROLLING,,,16_20,POS,AVERAGE,243,21.39178689469725,0.19532853327367009,8.383306326224465,2.212569310590016,0,0,185,0.7613168724279835,16.224698622312406,26.775800000000004,60.594636284676476,0.9950947006405496,0.9963900261440637,0.9786830573457027,0.9901063157694099,3.2525542549442856
rw_sarmax_exog_4_6m,rw_sarmax_exog_4_6m,RW-SARMAX (Exog. 4) (6 Months),STATISTICAL_ROLLING,,,16_20,POS,MARGINAL,243,36.502977292330314,0.2733213450757559,14.87213553807041,4.230329774774397,0,0,118,0.48559670781893005,12.842728163673652,35.721720000000005,35.95215505768942,0.99313606160629,0.9938399351892472,0.9621833620202731,0.9831539490252803,2.150202614041748
rw_sarmax_exog_4_6m,rw_sarmax_exog_4_6m,RW-SARMAX (Exog. 4) (6 Months),STATISTICAL_ROLLING,,,20_24,NEG,AVERAGE,243,0.9346513201463951,0.14190940671150895,0.44670423669224785,0.15485932552166037,0,0,210,0.8641975308641975,1.727787653422196,2.23896,77.16920594482242,0.9964362189682413,0.999842272791574,0.9988641273232242,0.9983614264870855,2.109336597421296
rw_sarmax_exog_4_6m,rw_sarmax_exog_4_6m,RW-SARMAX (Exog. 4) (6 Months),STATISTICAL_ROLLING,,,20_24,NEG,MARGINAL,243,2.356396630449975,0.2644118967806007,1.1337860294009736,0.3573668172120805,0,0,97,0.3991769547325103,1.0459479103413938,3.17832,32.90882951815405,0.9933598052154945,0.99960234597175,0.9971170262864689,0.9966597266184805,-5.022624363444226
rw_sarmax_exog_4_6m,rw_sarmax_exog_4_6m,RW-SARMAX (Exog. 4) (6 Months),STATISTICAL_ROLLING,,,20_24,POS,AVERAGE,243,3.4047194634486915,0.14548931595899117,2.1604820936013986,1.3385257334254081,0,0,188,0.7736625514403292,10.45738541038922,14.73664,70.96180276093614,0.9963463164524939,0.9994254361119831,0.9945063592927686,0.9967552400774161,43.43101249932461
rw_sarmax_exog_4_6m,rw_sarmax_exog_4_6m,RW-SARMAX (Exog. 4) (6 Months),STATISTICAL_ROLLING,,,20_24,POS,MARGINAL,243,8.744002638538117,0.20215702576437497,4.101947786360288,2.004954244581807,0,0,125,0.51440329218107,7.8919532449286445,17.544799999999995,44.981722475768585,0.9949232162225833,0.9985244046662981,0.9895696301280041,0.994344924997798,22.960734040992932
