MODEL,MODEL_BASE,MODEL_NAME,MODEL_GROUP,PRODUCT,PRODUCT_SIGN,PRICE_TYPE,LOOKBACK,STRATEGY,N_OBSERVATIONS,MEAN_ERROR_BIAS,MEDIAN_ERROR_BIAS,ERROR_STD,ERROR_VAR,ABS_ERROR_MEAN,ABS_ERROR_MEDIAN,PREDICTION_STD,ACTUAL_STD,ERROR_AUTOCORR_LAG1
bidirectional_lstm_ts168_ensemble,bidirectional_lstm,"BiLSTM (168 TimeSteps), Ensemble",DEEP_LEARNING,00_04,NEG,AVERAGE,168.0,ensemble,243,-0.4003936345679012,0.032599000000001155,2.9072637018219565,8.452182231931506,1.6524654526748972,0.8726380000000002,5.313299253297105,6.010759859506859,0.023677441530462248
bidirectional_lstm_ts168_ensemble,bidirectional_lstm,"BiLSTM (168 TimeSteps), Ensemble",DEEP_LEARNING,00_04,NEG,MARGINAL,168.0,ensemble,243,-1.070194851851852,0.6942877000000003,6.8960779554566,47.55589116773448,3.3632216238683124,1.2738378,7.0909570981199925,10.552818626231158,-0.06186471061117613
bidirectional_lstm_ts168_ensemble,bidirectional_lstm,"BiLSTM (168 TimeSteps), Ensemble",DEEP_LEARNING,00_04,POS,AVERAGE,168.0,ensemble,243,1.778490222222222,1.4291166,1.5458982740496336,2.3898014737096362,1.8546769802469134,1.4392243000000002,2.421144762777731,1.7587844462463593,0.5256950915000621
bidirectional_lstm_ts168_ensemble,bidirectional_lstm,"BiLSTM (168 TimeSteps), Ensemble",DEEP_LEARNING,00_04,POS,MARGINAL,168.0,ensemble,243,2.371035291358025,2.0622787000000002,2.7426681053447326,7.522228336075266,2.7836177893004113,2.1087162999999993,3.2081744277102953,2.8277430295569976,0.37532649244894567
bidirectional_lstm_ts168_ensemble,bidirectional_lstm,"BiLSTM (168 TimeSteps), Ensemble",DEEP_LEARNING,04_08,NEG,AVERAGE,168.0,ensemble,243,0.5833993530864198,0.5914779999999986,1.2437828058825053,1.546995668208958,0.9396950082304527,0.6467579999999997,4.157346872672732,4.010206206432753,-0.0958079982022489
bidirectional_lstm_ts168_ensemble,bidirectional_lstm,"BiLSTM (168 TimeSteps), Ensemble",DEEP_LEARNING,04_08,NEG,MARGINAL,168.0,ensemble,243,0.1850417913580247,0.4153209999999996,4.635912275302842,21.49168262430358,1.8584940176954732,0.7321977000000004,6.894760357196782,7.568635942132023,-0.021022438502735243
bidirectional_lstm_ts168_ensemble,bidirectional_lstm,"BiLSTM (168 TimeSteps), Ensemble",DEEP_LEARNING,04_08,POS,AVERAGE,168.0,ensemble,243,-1.03644354691358,-0.5666565000000006,4.039980763277281,16.32144456765048,2.1956875041152264,1.361927999999999,3.498296332028305,4.976233944206753,0.2182037182531025
bidirectional_lstm_ts168_ensemble,bidirectional_lstm,"BiLSTM (168 TimeSteps), Ensemble",DEEP_LEARNING,04_08,POS,MARGINAL,168.0,ensemble,243,-3.1633540432098766,-0.3815355,20.40622703392739,416.41410176018906,5.114325686008231,2.0958869999999994,3.972698340684223,20.651499955769342,0.06686632083417783
bidirectional_lstm_ts168_ensemble,bidirectional_lstm,"BiLSTM (168 TimeSteps), Ensemble",DEEP_LEARNING,08_12,NEG,AVERAGE,168.0,ensemble,243,-1.4353709860082304,0.05849800000000016,4.34830748781148,18.907778008557383,2.5755839522633748,1.1641785999999996,7.639128023399644,10.560167175756378,0.5197411908083797
bidirectional_lstm_ts168_ensemble,bidirectional_lstm,"BiLSTM (168 TimeSteps), Ensemble",DEEP_LEARNING,08_12,NEG,MARGINAL,168.0,ensemble,243,-3.862023183950617,-0.3688536,16.550480401372614,273.91840151621903,6.396474941152262,2.445805,9.520827621550708,21.835945348868762,0.19368282970048167
bidirectional_lstm_ts168_ensemble,bidirectional_lstm,"BiLSTM (168 TimeSteps), Ensemble",DEEP_LEARNING,08_12,POS,AVERAGE,168.0,ensemble,243,-2.8365493720164605,-0.22250299999999967,8.054701408325426,64.8782147772796,3.9047810057613166,1.367794,6.425936312006264,10.609856590555522,0.24901541821465456
bidirectional_lstm_ts168_ensemble,bidirectional_lstm,"BiLSTM (168 TimeSteps), Ensemble",DEEP_LEARNING,08_12,POS,MARGINAL,168.0,ensemble,243,-4.563580152263373,0.4793769999999995,16.45645098695711,270.8147790861216,7.636297190946502,2.5768500000000003,8.855257173100226,19.567372197604406,0.18425947194217293
bidirectional_lstm_ts168_ensemble,bidirectional_lstm,"BiLSTM (168 TimeSteps), Ensemble",DEEP_LEARNING,12_16,NEG,AVERAGE,168.0,ensemble,243,-2.4546014455555554,-0.8174300000000017,5.468494512756252,29.90443223604524,3.3606622307407408,1.0433499999999967,19.582956995051937,21.644676250389573,0.24596187465726357
bidirectional_lstm_ts168_ensemble,bidirectional_lstm,"BiLSTM (168 TimeSteps), Ensemble",DEEP_LEARNING,12_16,NEG,MARGINAL,168.0,ensemble,243,-3.010175183127572,-0.6433307999999998,28.82005885609309,830.5957924686697,7.955728448971194,1.9969535,29.798646859673067,35.66761617912996,-0.01293733957674974
bidirectional_lstm_ts168_ensemble,bidirectional_lstm,"BiLSTM (168 TimeSteps), Ensemble",DEEP_LEARNING,12_16,POS,AVERAGE,168.0,ensemble,243,-1.9281581275720163,0.3970420000000008,15.359562167172086,235.9161499672241,3.2103422724279835,0.7480729999999998,5.094029511734317,16.623209989960525,0.08234807997276208
bidirectional_lstm_ts168_ensemble,bidirectional_lstm,"BiLSTM (168 TimeSteps), Ensemble",DEEP_LEARNING,12_16,POS,MARGINAL,168.0,ensemble,243,-10.892517155967079,-0.2617700000000003,92.52105252438358,8560.145160219745,12.775443981481482,1.4606861999999996,6.292622454934645,93.2102494490528,0.024488320606913114
bidirectional_lstm_ts168_ensemble,bidirectional_lstm,"BiLSTM (168 TimeSteps), Ensemble",DEEP_LEARNING,16_20,NEG,AVERAGE,168.0,ensemble,243,0.6046599814403292,0.4650800000000004,1.4591832302975987,2.129215699581735,1.0738494460493826,0.5898299999999992,7.2298235539787346,7.337457645105881,0.24957885223425733
bidirectional_lstm_ts168_ensemble,bidirectional_lstm,"BiLSTM (168 TimeSteps), Ensemble",DEEP_LEARNING,16_20,NEG,MARGINAL,168.0,ensemble,243,1.0227085456378602,0.7436440999999999,3.8370860654411256,14.723229473602458,2.202458474526749,0.9984500000000001,9.28426175313785,10.025695724674444,0.036544450626192986
bidirectional_lstm_ts168_ensemble,bidirectional_lstm,"BiLSTM (168 TimeSteps), Ensemble",DEEP_LEARNING,16_20,POS,AVERAGE,168.0,ensemble,243,-6.678867277777778,-1.6969189999999994,18.300515298845554,334.9088602032802,8.298429080246914,2.803474999999999,10.846910559335917,25.02977580457957,0.3649804590960539
bidirectional_lstm_ts168_ensemble,bidirectional_lstm,"BiLSTM (168 TimeSteps), Ensemble",DEEP_LEARNING,16_20,POS,MARGINAL,168.0,ensemble,243,-10.170577230452675,-1.0452949999999994,33.287852303132894,1108.08111095519,13.98883181893004,3.365857000000002,16.606199136461054,42.0419256592193,0.31974554491533963
bidirectional_lstm_ts168_ensemble,bidirectional_lstm,"BiLSTM (168 TimeSteps), Ensemble",DEEP_LEARNING,20_24,NEG,AVERAGE,168.0,ensemble,243,0.2334895909876543,0.31480550000000007,0.6584848823859937,0.43360234033089595,0.49613636720164606,0.3665786,1.5291517951476512,1.6583956077090714,0.11583833634410672
bidirectional_lstm_ts168_ensemble,bidirectional_lstm,"BiLSTM (168 TimeSteps), Ensemble",DEEP_LEARNING,20_24,NEG,MARGINAL,168.0,ensemble,243,0.01782962234567902,0.3496511000000002,1.8020154873796066,3.247259816755961,1.0186785041563786,0.5575135999999998,2.2774633267851376,2.883929212336049,-0.08664397886338962
bidirectional_lstm_ts168_ensemble,bidirectional_lstm,"BiLSTM (168 TimeSteps), Ensemble",DEEP_LEARNING,20_24,POS,AVERAGE,168.0,ensemble,243,-1.9049627041152262,0.5739370000000008,5.08039832852683,25.81044717649821,3.863813049794239,2.093033000000002,5.4850166849436475,9.226842324694095,0.8368458815872107
bidirectional_lstm_ts168_ensemble,bidirectional_lstm,"BiLSTM (168 TimeSteps), Ensemble",DEEP_LEARNING,20_24,POS,MARGINAL,168.0,ensemble,243,-1.7247108683127566,1.0507530000000003,7.882039025363724,62.126539197356735,5.578015102057614,3.3364150000000006,7.667636744915912,12.517591406746885,0.6322342765598313
bidirectional_lstm_ts168_recency,bidirectional_lstm,"BiLSTM (168 TimeSteps), Weighted Ensemble",DEEP_LEARNING,00_04,NEG,AVERAGE,168.0,recency,243,0.13963277037037036,0.1989390000000002,2.844852551944604,8.093186042305726,1.6786533473251029,0.9377549999999992,5.6633849016037985,6.010759859506859,-0.03086744117841534
bidirectional_lstm_ts168_recency,bidirectional_lstm,"BiLSTM (168 TimeSteps), Weighted Ensemble",DEEP_LEARNING,00_04,NEG,MARGINAL,168.0,recency,243,-0.39631795596707836,0.6524510000000001,6.924709547144327,47.9516023123118,3.626919532098765,1.6742720000000002,8.1069009057484,10.552818626231158,-0.08823516843702575
bidirectional_lstm_ts168_recency,bidirectional_lstm,"BiLSTM (168 TimeSteps), Weighted Ensemble",DEEP_LEARNING,00_04,POS,AVERAGE,168.0,recency,243,0.8532029946502057,0.5469795,1.367872003551003,1.8710738180986355,1.0519790275720167,0.5960953,2.186750347576617,1.7587844462463593,0.49256729124373844
bidirectional_lstm_ts168_recency,bidirectional_lstm,"BiLSTM (168 TimeSteps), Weighted Ensemble",DEEP_LEARNING,00_04,POS,MARGINAL,168.0,recency,243,1.0358288399176954,0.8941397000000002,2.3468713591014145,5.507805176170521,1.6192103419753086,1.0216406,2.619980600754065,2.8277430295569976,0.2573833900631395
bidirectional_lstm_ts168_recency,bidirectional_lstm,"BiLSTM (168 TimeSteps), Weighted Ensemble",DEEP_LEARNING,04_08,NEG,AVERAGE,168.0,recency,243,0.3071026037037037,0.2936192000000002,1.2797721192449178,1.6378166771966285,0.7286129888888889,0.39639899999999884,4.26964799696496,4.010206206432753,-0.1250899282782199
bidirectional_lstm_ts168_recency,bidirectional_lstm,"BiLSTM (168 TimeSteps), Weighted Ensemble",DEEP_LEARNING,04_08,NEG,MARGINAL,168.0,recency,243,0.20101625720164612,0.4232390000000006,4.6435303296345944,21.562373922236368,1.897221927983539,0.7868449999999996,6.757768917709002,7.568635942132023,0.013038632512817344
bidirectional_lstm_ts168_recency,bidirectional_lstm,"BiLSTM (168 TimeSteps), Weighted Ensemble",DEEP_LEARNING,04_08,POS,AVERAGE,168.0,recency,243,-1.2560096,-0.6957570000000004,3.984954417830892,15.879861712189944,2.1605704979423868,1.2289645,3.254561755843251,4.976233944206753,0.2176704995171532
bidirectional_lstm_ts168_recency,bidirectional_lstm,"BiLSTM (168 TimeSteps), Weighted Ensemble",DEEP_LEARNING,04_08,POS,MARGINAL,168.0,recency,243,-2.7927523181069955,0.1876130000000007,20.39178430939918,415.82486732105866,5.088419275308643,2.3125920000000004,4.204058176038118,20.651499955769342,0.052758558913736604
bidirectional_lstm_ts168_recency,bidirectional_lstm,"BiLSTM (168 TimeSteps), Weighted Ensemble",DEEP_LEARNING,08_12,NEG,AVERAGE,168.0,recency,243,-1.062169394650206,0.036483800000000066,3.6899674739835366,13.615859959056444,2.108781370781893,0.8775056999999995,8.372374389653782,10.560167175756378,0.3881091480913284
bidirectional_lstm_ts168_recency,bidirectional_lstm,"BiLSTM (168 TimeSteps), Weighted Ensemble",DEEP_LEARNING,08_12,NEG,MARGINAL,168.0,recency,243,-2.7765098925925926,-0.09562200000000054,15.703700210691808,246.60620030728197,5.32937688106996,1.619356999999999,10.83106320028368,21.835945348868762,0.11009043687763174
bidirectional_lstm_ts168_recency,bidirectional_lstm,"BiLSTM (168 TimeSteps), Weighted Ensemble",DEEP_LEARNING,08_12,POS,AVERAGE,168.0,recency,243,-1.3693046473251027,0.7479970000000016,7.946979069048523,63.15447632389533,3.91449307037037,1.7418249999999986,7.351463914143667,10.609856590555522,0.18672708758437412
bidirectional_lstm_ts168_recency,bidirectional_lstm,"BiLSTM (168 TimeSteps), Weighted Ensemble",DEEP_LEARNING,08_12,POS,MARGINAL,168.0,recency,243,-2.934057414814815,1.2396753,16.146530284778777,260.7104402372782,7.566352597530864,3.1536039999999996,10.327768307604268,19.567372197604406,0.12873075776262158
bidirectional_lstm_ts168_recency,bidirectional_lstm,"BiLSTM (168 TimeSteps), Weighted Ensemble",DEEP_LEARNING,12_16,NEG,AVERAGE,168.0,recency,243,-0.41807215267489717,0.06993779999999994,5.482859415703203,30.061747372365264,2.666344544444444,0.8007262000000002,21.267360012356406,21.644676250389573,0.09598242323832655
bidirectional_lstm_ts168_recency,bidirectional_lstm,"BiLSTM (168 TimeSteps), Weighted Ensemble",DEEP_LEARNING,12_16,NEG,MARGINAL,168.0,recency,243,-0.4730759378600826,0.12593999999999994,28.49376159158021,811.8944496378115,7.617303444032921,1.8685935999999996,31.641175795693595,35.66761617912996,0.007510650168710904
bidirectional_lstm_ts168_recency,bidirectional_lstm,"BiLSTM (168 TimeSteps), Weighted Ensemble",DEEP_LEARNING,12_16,POS,AVERAGE,168.0,recency,243,-2.173478227160494,-0.13142150000000008,15.243468485905165,232.36333148078393,3.08216438436214,0.5275320000000008,5.88638895249063,16.623209989960525,0.03911907396066077
bidirectional_lstm_ts168_recency,bidirectional_lstm,"BiLSTM (168 TimeSteps), Weighted Ensemble",DEEP_LEARNING,12_16,POS,MARGINAL,168.0,recency,243,-10.977827364609054,-0.4742809999999995,92.44623711347582,8546.306756440994,12.380588811522633,1.2251510000000003,7.100535169955459,93.2102494490528,0.013675581088018425
bidirectional_lstm_ts168_recency,bidirectional_lstm,"BiLSTM (168 TimeSteps), Weighted Ensemble",DEEP_LEARNING,16_20,NEG,AVERAGE,168.0,recency,243,0.6109173459670783,0.2774819999999991,1.3369125486588473,1.7873351627614948,0.9357231495884775,0.39688769999999995,7.594442495004082,7.337457645105881,0.14193357647120003
bidirectional_lstm_ts168_recency,bidirectional_lstm,"BiLSTM (168 TimeSteps), Weighted Ensemble",DEEP_LEARNING,16_20,NEG,MARGINAL,168.0,recency,243,0.4629158486419754,0.4646876999999998,3.971007650474899,15.768901760130179,1.9752455564609055,0.8105720000000001,8.79441018080775,10.025695724674444,0.07163956344374663
bidirectional_lstm_ts168_recency,bidirectional_lstm,"BiLSTM (168 TimeSteps), Weighted Ensemble",DEEP_LEARNING,16_20,POS,AVERAGE,168.0,recency,243,-3.3187593353909466,0.6498020000000011,16.98563731447403,288.5118749788526,7.440115660493827,2.6904900000000005,13.997479594757825,25.02977580457957,0.22522218976387362
bidirectional_lstm_ts168_recency,bidirectional_lstm,"BiLSTM (168 TimeSteps), Weighted Ensemble",DEEP_LEARNING,16_20,POS,MARGINAL,168.0,recency,243,-5.757752804526748,1.8907869999999996,32.85746608399843,1079.6130774611072,14.056875236625514,4.534633999999997,22.175656471702048,42.0419256592193,0.16476459261653373
bidirectional_lstm_ts168_recency,bidirectional_lstm,"BiLSTM (168 TimeSteps), Weighted Ensemble",DEEP_LEARNING,20_24,NEG,AVERAGE,168.0,recency,243,0.0074053825925926055,0.057555299999999976,0.5814810786179541,0.33812024479069924,0.34815179872427987,0.19435550000000013,1.5538866599152967,1.6583956077090714,-0.04579191267313466
bidirectional_lstm_ts168_recency,bidirectional_lstm,"BiLSTM (168 TimeSteps), Weighted Ensemble",DEEP_LEARNING,20_24,NEG,MARGINAL,168.0,recency,243,-0.2817166564609054,0.07151979999999991,1.7391829551118085,3.0247573513514427,0.8864415957201647,0.363019,2.2926360781618826,2.883929212336049,-0.1424740869201246
bidirectional_lstm_ts168_recency,bidirectional_lstm,"BiLSTM (168 TimeSteps), Weighted Ensemble",DEEP_LEARNING,20_24,POS,AVERAGE,168.0,recency,243,-1.6192943440329213,0.05343700000000062,4.157861826548856,17.287814968672187,3.0008075711934157,1.3177295999999998,6.312127380399799,9.226842324694095,0.7245559520933353
bidirectional_lstm_ts168_recency,bidirectional_lstm,"BiLSTM (168 TimeSteps), Weighted Ensemble",DEEP_LEARNING,20_24,POS,MARGINAL,168.0,recency,243,-1.7916543806584366,0.3648699999999998,6.530249692292292,42.644161043683575,4.31285494526749,2.429583000000001,7.969671435881065,12.517591406746885,0.5108704304806453
bidirectional_lstm_ts168_single,bidirectional_lstm,"BiLSTM (168 TimeSteps), Single",DEEP_LEARNING,00_04,NEG,AVERAGE,168.0,single,243,-0.023089272427983545,0.3920134999999998,2.8637228906425993,8.200908794390406,1.5656450707818932,0.6927491999999997,5.4705509044312794,6.010759859506859,-0.1453319247910685
bidirectional_lstm_ts168_single,bidirectional_lstm,"BiLSTM (168 TimeSteps), Single",DEEP_LEARNING,00_04,NEG,MARGINAL,168.0,single,243,-0.9840129925925925,0.6907893999999999,6.539871107113452,42.76991409765733,3.248834266666667,1.1799157999999998,7.220606481643298,10.552818626231158,-0.027393552819785446
bidirectional_lstm_ts168_single,bidirectional_lstm,"BiLSTM (168 TimeSteps), Single",DEEP_LEARNING,00_04,POS,AVERAGE,168.0,single,243,0.5928797370370371,0.39475150000000037,1.0591089801714604,1.121711831879831,0.7625892967078189,0.4390000999999999,1.8871110481062847,1.7587844462463593,0.1401706258935239
bidirectional_lstm_ts168_single,bidirectional_lstm,"BiLSTM (168 TimeSteps), Single",DEEP_LEARNING,00_04,POS,MARGINAL,168.0,single,243,0.85939717654321,0.6251310999999999,2.3575532831644805,5.558057482959621,1.5054084218107,0.8419393,2.7786847284445315,2.8277430295569976,0.13485602081692233
bidirectional_lstm_ts168_single,bidirectional_lstm,"BiLSTM (168 TimeSteps), Single",DEEP_LEARNING,04_08,NEG,AVERAGE,168.0,single,243,0.06817783209876545,0.08591339999999992,1.2628437130707928,1.5947742436424266,0.6654986345679013,0.28155900000000145,4.181979290074007,4.010206206432753,-0.10541407669078745
bidirectional_lstm_ts168_single,bidirectional_lstm,"BiLSTM (168 TimeSteps), Single",DEEP_LEARNING,04_08,NEG,MARGINAL,168.0,single,243,-0.1137966654320988,0.26938830000000014,4.620960006347627,21.353271380264253,1.9283380251028805,0.7942252000000005,6.357058080933921,7.568635942132023,-0.007037789084605699
bidirectional_lstm_ts168_single,bidirectional_lstm,"BiLSTM (168 TimeSteps), Single",DEEP_LEARNING,04_08,POS,AVERAGE,168.0,single,243,-0.5383637995884774,0.19044799999999995,4.02117257809303,16.169828902807346,1.8800466308641974,1.0831790000000012,4.274355043204146,4.976233944206753,0.06431392317011372
bidirectional_lstm_ts168_single,bidirectional_lstm,"BiLSTM (168 TimeSteps), Single",DEEP_LEARNING,04_08,POS,MARGINAL,168.0,single,243,-1.6898645851851852,1.2754436,20.567023181901792,423.0024425648857,4.956558990946503,2.0862627,5.601002988561223,20.651499955769342,0.006427330406520014
bidirectional_lstm_ts168_single,bidirectional_lstm,"BiLSTM (168 TimeSteps), Single",DEEP_LEARNING,08_12,NEG,AVERAGE,168.0,single,243,-0.7600116086419754,0.07017529999999983,3.395720848222362,11.530920079051999,1.8649088497942383,0.6791455999999998,8.916950601529312,10.560167175756378,0.18625430299899925
bidirectional_lstm_ts168_single,bidirectional_lstm,"BiLSTM (168 TimeSteps), Single",DEEP_LEARNING,08_12,NEG,MARGINAL,168.0,single,243,-2.6739713201646094,0.06682359999999998,15.765307421381092,248.5449180906537,4.8988328806584365,1.3762348000000002,11.048098196923243,21.835945348868762,0.09582086234915528
bidirectional_lstm_ts168_single,bidirectional_lstm,"BiLSTM (168 TimeSteps), Single",DEEP_LEARNING,08_12,POS,AVERAGE,168.0,single,243,-1.80197117654321,0.18380799999999908,7.467101757205481,55.75760865246119,3.506134426748971,1.1684883,7.8444646764354085,10.609856590555522,0.06514969858346267
bidirectional_lstm_ts168_single,bidirectional_lstm,"BiLSTM (168 TimeSteps), Single",DEEP_LEARNING,08_12,POS,MARGINAL,168.0,single,243,-4.50105308888889,0.37805299999999775,16.282722086153598,265.12703853491416,6.92575555473251,1.6513919999999995,9.599847684731314,19.567372197604406,0.0774834966104235
bidirectional_lstm_ts168_single,bidirectional_lstm,"BiLSTM (168 TimeSteps), Single",DEEP_LEARNING,12_16,NEG,AVERAGE,168.0,single,243,-0.13072039423868312,0.28697170000000005,5.382492636063387,28.97122697727659,2.818151474074074,1.0763320000000007,21.443316046923652,21.644676250389573,0.1290899256500577
bidirectional_lstm_ts168_single,bidirectional_lstm,"BiLSTM (168 TimeSteps), Single",DEEP_LEARNING,12_16,NEG,MARGINAL,168.0,single,243,-5.169347690946502,-1.1811940000000014,26.387639263482612,696.3075058996892,7.412594322222223,2.0639600000000087,24.68941971482151,35.66761617912996,0.036183751995008034
bidirectional_lstm_ts168_single,bidirectional_lstm,"BiLSTM (168 TimeSteps), Single",DEEP_LEARNING,12_16,POS,AVERAGE,168.0,single,243,-0.8104651308641976,0.29696299999999987,15.84537993220736,251.07606519599972,3.706976652674897,0.6165859999999999,9.165179272328182,16.623209989960525,-0.14753368111631346
bidirectional_lstm_ts168_single,bidirectional_lstm,"BiLSTM (168 TimeSteps), Single",DEEP_LEARNING,12_16,POS,MARGINAL,168.0,single,243,-9.248823570370371,0.02689699999999995,92.5840593586013,8571.808047317007,12.825531509465025,1.277106999999999,11.743530284172367,93.2102494490528,-0.033654048573469375
bidirectional_lstm_ts168_single,bidirectional_lstm,"BiLSTM (168 TimeSteps), Single",DEEP_LEARNING,16_20,NEG,AVERAGE,168.0,single,243,0.34586871489711934,0.1543886,1.3800479119680757,1.9045322393274455,0.8629250869958849,0.4076058,7.313144360697757,7.337457645105881,0.12323426666041241
bidirectional_lstm_ts168_single,bidirectional_lstm,"BiLSTM (168 TimeSteps), Single",DEEP_LEARNING,16_20,NEG,MARGINAL,168.0,single,243,-0.34130590633744856,0.26167229999999997,3.897860057123954,15.193313024922356,1.7702605276543208,0.6785039999999984,8.026944366327989,10.025695724674444,0.1093674229383513
bidirectional_lstm_ts168_single,bidirectional_lstm,"BiLSTM (168 TimeSteps), Single",DEEP_LEARNING,16_20,POS,AVERAGE,168.0,single,243,-3.513248218106995,0.30176600000000064,18.048827156261105,325.7601617165883,7.371541691358023,2.089390999999999,15.386419701937522,25.02977580457957,0.137864653534313
bidirectional_lstm_ts168_single,bidirectional_lstm,"BiLSTM (168 TimeSteps), Single",DEEP_LEARNING,16_20,POS,MARGINAL,168.0,single,243,-8.03745919547325,0.7305120000000009,33.278160039819625,1107.4359356358477,13.402342228395062,3.097428999999998,20.079605537238752,42.0419256592193,0.2006653905545966
bidirectional_lstm_ts168_single,bidirectional_lstm,"BiLSTM (168 TimeSteps), Single",DEEP_LEARNING,20_24,NEG,AVERAGE,168.0,single,243,0.05116745135802467,0.10303159999999978,0.6059042621338657,0.3671199748719842,0.37188888485596705,0.21616740000000023,1.5929824249996232,1.6583956077090714,-0.14913714321980986
bidirectional_lstm_ts168_single,bidirectional_lstm,"BiLSTM (168 TimeSteps), Single",DEEP_LEARNING,20_24,NEG,MARGINAL,168.0,single,243,-0.12463730251028805,0.12378260000000019,1.7984837838617178,3.234543920813562,0.9250249761728394,0.4095618000000001,2.4889380948381943,2.883929212336049,-0.23570708430868895
bidirectional_lstm_ts168_single,bidirectional_lstm,"BiLSTM (168 TimeSteps), Single",DEEP_LEARNING,20_24,POS,AVERAGE,168.0,single,243,-0.6113491111111111,-0.01596970000000031,2.5196031205684073,6.348399885178056,1.6510882057613168,0.8483944000000001,7.742940943237392,9.226842324694095,0.4286032768088487
bidirectional_lstm_ts168_single,bidirectional_lstm,"BiLSTM (168 TimeSteps), Single",DEEP_LEARNING,20_24,POS,MARGINAL,168.0,single,243,-1.0595483987654322,-0.1004675000000006,5.215952205644362,27.206157411566277,2.967475540329218,1.5780709999999996,9.243639635528723,12.517591406746885,0.17568731627093156
bidirectional_lstm_ts42_ensemble,bidirectional_lstm,"BiLSTM (42 TimeSteps), Ensemble",DEEP_LEARNING,00_04,NEG,AVERAGE,42.0,ensemble,243,0.322865253909465,0.40529300000000035,3.016158727186914,9.097213467585787,1.8151543444444442,1.008533,5.888126215030497,6.010759859506859,-0.044827099808455874
bidirectional_lstm_ts42_ensemble,bidirectional_lstm,"BiLSTM (42 TimeSteps), Ensemble",DEEP_LEARNING,00_04,NEG,MARGINAL,42.0,ensemble,243,-0.9662433991769548,0.2707918,6.997741313861495,48.96838349572399,3.594376687242798,1.5630609999999994,7.885521872972921,10.552818626231158,-0.07392057009051489
bidirectional_lstm_ts42_ensemble,bidirectional_lstm,"BiLSTM (42 TimeSteps), Ensemble",DEEP_LEARNING,00_04,POS,AVERAGE,42.0,ensemble,243,0.8920573765432099,0.7190106000000007,1.0664218502837204,1.1372555627625536,1.0091394144032924,0.7252643999999999,1.9244746942102322,1.7587844462463593,0.2957978494548836
bidirectional_lstm_ts42_ensemble,bidirectional_lstm,"BiLSTM (42 TimeSteps), Ensemble",DEEP_LEARNING,00_04,POS,MARGINAL,42.0,ensemble,243,2.246049764197531,2.0022849999999996,2.547567054887091,6.490097899146085,2.671637139506173,2.1281712,2.9704479590899107,2.8277430295569976,0.25969087536981017
bidirectional_lstm_ts42_ensemble,bidirectional_lstm,"BiLSTM (42 TimeSteps), Ensemble",DEEP_LEARNING,04_08,NEG,AVERAGE,42.0,ensemble,243,0.039830672839506184,0.11400900000000025,1.3261128533844053,1.7585752999113293,0.799863204526749,0.47653180000000006,3.9331973268333376,4.010206206432753,0.0923756989541734
bidirectional_lstm_ts42_ensemble,bidirectional_lstm,"BiLSTM (42 TimeSteps), Ensemble",DEEP_LEARNING,04_08,NEG,MARGINAL,42.0,ensemble,243,-0.6117482452674897,0.2523795,4.747881720193195,22.542380828944694,2.0047125613168726,0.9915504999999998,5.28474547563911,7.568635942132023,0.02184007442243447
bidirectional_lstm_ts42_ensemble,bidirectional_lstm,"BiLSTM (42 TimeSteps), Ensemble",DEEP_LEARNING,04_08,POS,AVERAGE,42.0,ensemble,243,-0.9866557761316873,-0.2950679999999988,4.0176485902737475,16.14150019492863,2.0468592567901234,1.1915440000000004,3.2678190203201374,4.976233944206753,0.2934394160641412
bidirectional_lstm_ts42_ensemble,bidirectional_lstm,"BiLSTM (42 TimeSteps), Ensemble",DEEP_LEARNING,04_08,POS,MARGINAL,42.0,ensemble,243,-3.0304474283950618,-0.3234370000000002,20.556878723072817,422.58526283512384,5.259448504115227,2.2453660000000006,4.700784554782474,20.651499955769342,0.06940571196200473
bidirectional_lstm_ts42_ensemble,bidirectional_lstm,"BiLSTM (42 TimeSteps), Ensemble",DEEP_LEARNING,08_12,NEG,AVERAGE,42.0,ensemble,243,-2.267023530452675,-0.39122809999999997,4.312293056146892,18.595871402092705,2.758669827572016,1.0311408999999996,7.29643617578078,10.560167175756378,0.5583885371228913
bidirectional_lstm_ts42_ensemble,bidirectional_lstm,"BiLSTM (42 TimeSteps), Ensemble",DEEP_LEARNING,08_12,NEG,MARGINAL,42.0,ensemble,243,-3.820437222633745,-0.28496959999999993,15.9320070279829,253.82884793969654,5.645306388065843,2.062856,9.635811609251643,21.835945348868762,0.1561217937443843
bidirectional_lstm_ts42_ensemble,bidirectional_lstm,"BiLSTM (42 TimeSteps), Ensemble",DEEP_LEARNING,08_12,POS,AVERAGE,42.0,ensemble,243,-1.1629512983539094,0.9281054000000006,7.311255870284729,53.454462400772904,3.5728429222222227,1.6849260000000008,6.969803446188849,10.609856590555522,0.18439749612968062
bidirectional_lstm_ts42_ensemble,bidirectional_lstm,"BiLSTM (42 TimeSteps), Ensemble",DEEP_LEARNING,08_12,POS,MARGINAL,42.0,ensemble,243,-5.713479102469136,-0.45441800000000043,16.33611547954912,266.8686689611645,7.17672332962963,1.5196630000000013,7.892049643043926,19.567372197604406,0.16643948758553778
bidirectional_lstm_ts42_ensemble,bidirectional_lstm,"BiLSTM (42 TimeSteps), Ensemble",DEEP_LEARNING,12_16,NEG,AVERAGE,42.0,ensemble,243,0.1809244288065843,0.45084199999999974,5.392054624317083,29.07425307161924,2.889693888888889,1.1904082000000002,21.461087966072824,21.644676250389573,0.0968743618870804
bidirectional_lstm_ts42_ensemble,bidirectional_lstm,"BiLSTM (42 TimeSteps), Ensemble",DEEP_LEARNING,12_16,NEG,MARGINAL,42.0,ensemble,243,-4.3192888786008234,-1.0348785,28.065686015281965,787.6827315083937,8.077157892592592,2.275373,28.034027426659023,35.66761617912996,0.01598312729263708
bidirectional_lstm_ts42_ensemble,bidirectional_lstm,"BiLSTM (42 TimeSteps), Ensemble",DEEP_LEARNING,12_16,POS,AVERAGE,42.0,ensemble,243,-0.953182821399177,1.0244950000000008,15.262969458414062,232.95823668848047,3.5381754353909467,1.1943584999999999,5.563901416225127,16.623209989960525,0.09070237947335619
bidirectional_lstm_ts42_ensemble,bidirectional_lstm,"BiLSTM (42 TimeSteps), Ensemble",DEEP_LEARNING,12_16,POS,MARGINAL,42.0,ensemble,243,-8.45730838271605,1.6946069999999995,92.04661271418487,8472.57891215514,12.890627293004115,2.219773,7.613463288760856,93.2102494490528,0.014188593264899076
bidirectional_lstm_ts42_ensemble,bidirectional_lstm,"BiLSTM (42 TimeSteps), Ensemble",DEEP_LEARNING,16_20,NEG,AVERAGE,42.0,ensemble,243,0.4115852511111111,0.2572603,1.3715366018739477,1.8811126502799358,0.8805981738271604,0.38581540000000003,7.306054513281177,7.337457645105881,0.16339547774360955
bidirectional_lstm_ts42_ensemble,bidirectional_lstm,"BiLSTM (42 TimeSteps), Ensemble",DEEP_LEARNING,16_20,NEG,MARGINAL,42.0,ensemble,243,-0.0546965263374486,0.42083564000000007,4.2169434023133165,17.78261165831381,2.013851860493827,0.8140354999999997,8.163252776097654,10.025695724674444,0.19156802645884294
bidirectional_lstm_ts42_ensemble,bidirectional_lstm,"BiLSTM (42 TimeSteps), Ensemble",DEEP_LEARNING,16_20,POS,AVERAGE,42.0,ensemble,243,-6.050313240740741,-1.4124790000000012,18.223249185326324,332.0868108704965,7.872591973251029,2.705279000000001,11.423482989205334,25.02977580457957,0.3377094174604443
bidirectional_lstm_ts42_ensemble,bidirectional_lstm,"BiLSTM (42 TimeSteps), Ensemble",DEEP_LEARNING,16_20,POS,MARGINAL,42.0,ensemble,243,-10.670626372427984,-1.2549880000000009,33.467959461748535,1120.1043105332433,13.753035236625516,3.248148999999998,15.77014263947355,42.0419256592193,0.3307957268763661
bidirectional_lstm_ts42_ensemble,bidirectional_lstm,"BiLSTM (42 TimeSteps), Ensemble",DEEP_LEARNING,20_24,NEG,AVERAGE,42.0,ensemble,243,-0.11642684839506173,-0.023080300000000165,0.6616926652901641,0.4378371832988011,0.388025733744856,0.21137919999999988,1.3911581901409076,1.6583956077090714,0.21625312337330768
bidirectional_lstm_ts42_ensemble,bidirectional_lstm,"BiLSTM (42 TimeSteps), Ensemble",DEEP_LEARNING,20_24,NEG,MARGINAL,42.0,ensemble,243,-0.07778695777777778,0.27344800000000014,1.8022183398241407,3.2479909443984822,0.9928773345679012,0.5505859000000002,2.2072419469810995,2.883929212336049,-0.022536838809981346
bidirectional_lstm_ts42_ensemble,bidirectional_lstm,"BiLSTM (42 TimeSteps), Ensemble",DEEP_LEARNING,20_24,POS,AVERAGE,42.0,ensemble,243,-1.4311110374485596,-0.3084560000000005,3.1023592496239254,9.624632913727126,2.2009369699588475,1.0298844999999996,7.071903649388327,9.226842324694095,0.733415866246022
bidirectional_lstm_ts42_ensemble,bidirectional_lstm,"BiLSTM (42 TimeSteps), Ensemble",DEEP_LEARNING,20_24,POS,MARGINAL,42.0,ensemble,243,-0.6493758551440325,0.8149447999999992,6.3464027794428945,40.2768282389205,4.046394775308642,2.6754309999999997,8.493160357174236,12.517591406746885,0.40399682574532325
bidirectional_lstm_ts42_recency,bidirectional_lstm,"BiLSTM (42 TimeSteps), Weighted Ensemble",DEEP_LEARNING,00_04,NEG,AVERAGE,42.0,recency,243,0.38122516419753083,0.6015572,3.003821013410998,9.022940680609475,1.7941706201646088,0.9450634,5.8112445240109905,6.010759859506859,-0.11061454204643341
bidirectional_lstm_ts42_recency,bidirectional_lstm,"BiLSTM (42 TimeSteps), Weighted Ensemble",DEEP_LEARNING,00_04,NEG,MARGINAL,42.0,recency,243,-0.9184797543209876,0.3721873999999996,7.151103581676438,51.13828243586558,3.6324480810699593,1.3959320000000002,7.8662663464417015,10.552818626231158,-0.10478377431317826
bidirectional_lstm_ts42_recency,bidirectional_lstm,"BiLSTM (42 TimeSteps), Weighted Ensemble",DEEP_LEARNING,00_04,POS,AVERAGE,42.0,recency,243,0.4550766905349794,0.3506849000000001,0.9576468146030448,0.9170874215193584,0.6405538337448561,0.38787600000000033,1.7813489468081223,1.7587844462463593,0.15401382778817752
bidirectional_lstm_ts42_recency,bidirectional_lstm,"BiLSTM (42 TimeSteps), Weighted Ensemble",DEEP_LEARNING,00_04,POS,MARGINAL,42.0,recency,243,1.0449388711934156,0.8871707999999998,2.2998920165762833,5.289503287911322,1.639909374074074,1.0625868,2.547410703460509,2.8277430295569976,0.12353753305094314
bidirectional_lstm_ts42_recency,bidirectional_lstm,"BiLSTM (42 TimeSteps), Weighted Ensemble",DEEP_LEARNING,04_08,NEG,AVERAGE,42.0,recency,243,0.01018064897119341,0.06237599999999999,1.2361093227704159,1.527966257839936,0.6694455666666667,0.3076439000000004,4.028761857022246,4.010206206432753,-0.098374019722
bidirectional_lstm_ts42_recency,bidirectional_lstm,"BiLSTM (42 TimeSteps), Weighted Ensemble",DEEP_LEARNING,04_08,NEG,MARGINAL,42.0,recency,243,-0.5130721761316873,0.26890649999999994,4.730515013784397,22.377772295639595,1.870406888888889,0.7599262999999996,5.498815796113437,7.568635942132023,0.004173503513339704
bidirectional_lstm_ts42_recency,bidirectional_lstm,"BiLSTM (42 TimeSteps), Weighted Ensemble",DEEP_LEARNING,04_08,POS,AVERAGE,42.0,recency,243,-0.5138960452674897,0.26035249999999976,3.9838713579565845,15.87123099674684,1.9684056362139921,1.197064000000001,3.522940402355638,4.976233944206753,0.23261758544108538
bidirectional_lstm_ts42_recency,bidirectional_lstm,"BiLSTM (42 TimeSteps), Weighted Ensemble",DEEP_LEARNING,04_08,POS,MARGINAL,42.0,recency,243,-3.2316405053497945,-0.5555149999999998,20.56191790071599,422.7924677557847,5.185502816460906,1.93492,4.940800589188404,20.651499955769342,0.05091984955033581
bidirectional_lstm_ts42_recency,bidirectional_lstm,"BiLSTM (42 TimeSteps), Weighted Ensemble",DEEP_LEARNING,08_12,NEG,AVERAGE,42.0,recency,243,-1.4080055827160494,-0.17487000000000008,3.720604193231165,13.842895562689328,2.125465097942387,0.6956199999999981,8.263244553193411,10.560167175756378,0.3738858098214359
bidirectional_lstm_ts42_recency,bidirectional_lstm,"BiLSTM (42 TimeSteps), Weighted Ensemble",DEEP_LEARNING,08_12,NEG,MARGINAL,42.0,recency,243,-3.681506532510288,-0.24820110000000017,16.349709457185824,267.31299933439163,5.91518216872428,2.4694636,9.523227733574977,21.835945348868762,0.1632081277972821
bidirectional_lstm_ts42_recency,bidirectional_lstm,"BiLSTM (42 TimeSteps), Weighted Ensemble",DEEP_LEARNING,08_12,POS,AVERAGE,42.0,recency,243,-0.9323862506172842,0.7460729999999991,7.190389387686718,51.701699546557776,3.4061523370370366,1.3712040000000005,7.970783354547308,10.609856590555522,0.05985997792436011
bidirectional_lstm_ts42_recency,bidirectional_lstm,"BiLSTM (42 TimeSteps), Weighted Ensemble",DEEP_LEARNING,08_12,POS,MARGINAL,42.0,recency,243,-4.576185735390947,0.24596099999999943,16.01385881961462,256.4436742945489,6.773637788888888,1.460281000000002,9.126100609159822,19.567372197604406,0.09737219411728236
bidirectional_lstm_ts42_recency,bidirectional_lstm,"BiLSTM (42 TimeSteps), Weighted Ensemble",DEEP_LEARNING,12_16,NEG,AVERAGE,42.0,recency,243,-0.24265490288065816,0.4024791000000001,5.350652306523492,28.62948010530517,2.9500886913580247,1.3718335999999995,20.70589429291333,21.644676250389573,0.11280414765340324
bidirectional_lstm_ts42_recency,bidirectional_lstm,"BiLSTM (42 TimeSteps), Weighted Ensemble",DEEP_LEARNING,12_16,NEG,MARGINAL,42.0,recency,243,-2.981708255967078,-0.3617194999999995,27.66807762759699,765.522519606733,7.71903883292181,2.325035000000007,28.359925562102845,35.66761617912996,0.016339372442156646
bidirectional_lstm_ts42_recency,bidirectional_lstm,"BiLSTM (42 TimeSteps), Weighted Ensemble",DEEP_LEARNING,12_16,POS,AVERAGE,42.0,recency,243,-1.465166436213992,0.2989765000000002,15.152597406621535,229.60120816715366,2.9871890987654317,0.5630955000000002,6.242664964098311,16.623209989960525,0.015860998566105566
bidirectional_lstm_ts42_recency,bidirectional_lstm,"BiLSTM (42 TimeSteps), Weighted Ensemble",DEEP_LEARNING,12_16,POS,MARGINAL,42.0,recency,243,-8.676360311522634,1.3025800000000007,92.05392248850056,8473.92464551887,12.605155969958847,1.919231,8.489607646918694,93.2102494490528,0.0033169685645649074
bidirectional_lstm_ts42_recency,bidirectional_lstm,"BiLSTM (42 TimeSteps), Weighted Ensemble",DEEP_LEARNING,16_20,NEG,AVERAGE,42.0,recency,243,0.7191882279835392,0.24456719999999998,1.423927822646727,2.0275704441074485,1.016098797201646,0.4799294999999999,7.902947710840663,7.337457645105881,0.19070733567019335
bidirectional_lstm_ts42_recency,bidirectional_lstm,"BiLSTM (42 TimeSteps), Weighted Ensemble",DEEP_LEARNING,16_20,NEG,MARGINAL,42.0,recency,243,0.4011590908230453,0.55104024,4.174676094690291,17.42792049557858,2.221474504320988,0.9876084,8.77966533625086,10.025695724674444,0.17389859365865065
bidirectional_lstm_ts42_recency,bidirectional_lstm,"BiLSTM (42 TimeSteps), Weighted Ensemble",DEEP_LEARNING,16_20,POS,AVERAGE,42.0,recency,243,-3.09951887654321,0.7245369999999998,17.400833336007203,302.7890007874995,7.256635333333333,2.130786999999998,14.56773319096696,25.02977580457957,0.17409154453199843
bidirectional_lstm_ts42_recency,bidirectional_lstm,"BiLSTM (42 TimeSteps), Weighted Ensemble",DEEP_LEARNING,16_20,POS,MARGINAL,42.0,recency,243,-7.420123973251028,0.3956799999999987,32.415903901394955,1050.7908257444728,13.51421214197531,4.4427769999999995,18.683443730132197,42.0419256592193,0.2548092191177049
bidirectional_lstm_ts42_recency,bidirectional_lstm,"BiLSTM (42 TimeSteps), Weighted Ensemble",DEEP_LEARNING,20_24,NEG,AVERAGE,42.0,recency,243,-0.09106180880658438,-0.005721499999999935,0.6087220977535281,0.37054259229345593,0.34617452181069963,0.1828310000000002,1.5064287667829388,1.6583956077090714,0.028525274627135822
bidirectional_lstm_ts42_recency,bidirectional_lstm,"BiLSTM (42 TimeSteps), Weighted Ensemble",DEEP_LEARNING,20_24,NEG,MARGINAL,42.0,recency,243,-0.053803965572016464,0.2731874000000003,1.7956725251898533,3.2244398177217044,0.9914782081234569,0.5275816999999998,2.2703282275437537,2.883929212336049,-0.06095641332502158
bidirectional_lstm_ts42_recency,bidirectional_lstm,"BiLSTM (42 TimeSteps), Weighted Ensemble",DEEP_LEARNING,20_24,POS,AVERAGE,42.0,recency,243,-1.0513264576131687,-0.48263299999999987,2.4056376471242027,5.787092489261271,1.7219803316872428,0.8557649999999999,7.704719639610253,9.226842324694095,0.5019414676662575
bidirectional_lstm_ts42_recency,bidirectional_lstm,"BiLSTM (42 TimeSteps), Weighted Ensemble",DEEP_LEARNING,20_24,POS,MARGINAL,42.0,recency,243,-0.04185874897119361,0.7735559999999992,5.746075853096652,33.017387709540415,3.366796822222222,1.9899695000000008,9.314898143636004,12.517591406746885,0.22849520868260534
bidirectional_lstm_ts42_single,bidirectional_lstm,"BiLSTM (42 TimeSteps), Single",DEEP_LEARNING,00_04,NEG,AVERAGE,42.0,single,243,-0.22659230534979422,0.3417626,2.713002299368334,7.360381476377868,1.4532732666666668,0.6096437999999997,5.19876397577875,6.010759859506859,-0.014211567064774389
bidirectional_lstm_ts42_single,bidirectional_lstm,"BiLSTM (42 TimeSteps), Single",DEEP_LEARNING,00_04,NEG,MARGINAL,42.0,single,243,-0.6051594086419754,0.2548535000000003,7.162971641591055,51.30816273823765,3.85190599218107,1.9133291999999997,8.390698754432819,10.552818626231158,-0.0695089676417052
bidirectional_lstm_ts42_single,bidirectional_lstm,"BiLSTM (42 TimeSteps), Single",DEEP_LEARNING,00_04,POS,AVERAGE,42.0,single,243,0.24233611069958844,0.08360870000000009,1.0639468774385,1.1319829580111342,0.6282638234567902,0.3428477000000001,1.9842991891086323,1.7587844462463593,0.31809817098785065
bidirectional_lstm_ts42_single,bidirectional_lstm,"BiLSTM (42 TimeSteps), Single",DEEP_LEARNING,00_04,POS,MARGINAL,42.0,single,243,0.24572232633744864,0.19887599999999983,2.2715131116023577,5.159771816181426,1.1810510465020576,0.5983210000000003,2.653709623654291,2.8277430295569976,0.16424680678484643
bidirectional_lstm_ts42_single,bidirectional_lstm,"BiLSTM (42 TimeSteps), Single",DEEP_LEARNING,04_08,NEG,AVERAGE,42.0,single,243,0.031790485596707864,0.08541209999999966,1.3955564625645078,1.9475778402055623,0.7896610823045268,0.40159639999999985,4.04391804294629,4.010206206432753,0.027438661877244575
bidirectional_lstm_ts42_single,bidirectional_lstm,"BiLSTM (42 TimeSteps), Single",DEEP_LEARNING,04_08,NEG,MARGINAL,42.0,single,243,-0.6354036407407407,0.09725239999999946,4.832446229158552,23.352536557708703,2.060520518930041,0.8939969999999997,5.656582551292713,7.568635942132023,-0.010634312723533691
bidirectional_lstm_ts42_single,bidirectional_lstm,"BiLSTM (42 TimeSteps), Single",DEEP_LEARNING,04_08,POS,AVERAGE,42.0,single,243,-2.042035011522634,-1.2019539999999989,4.061612178140451,16.49669348561882,2.4067110065843624,1.2995719999999995,2.569866043813421,4.976233944206753,0.31875724337921935
bidirectional_lstm_ts42_single,bidirectional_lstm,"BiLSTM (42 TimeSteps), Single",DEEP_LEARNING,04_08,POS,MARGINAL,42.0,single,243,-2.2044096020576127,0.779731,20.49340323073946,419.97957597768254,4.70035629835391,1.8882320000000004,4.597934791697091,20.651499955769342,0.038895190222853454
bidirectional_lstm_ts42_single,bidirectional_lstm,"BiLSTM (42 TimeSteps), Single",DEEP_LEARNING,08_12,NEG,AVERAGE,42.0,single,243,-0.4202967028806584,0.18767570000000022,3.1835639682520265,10.13507953995259,1.8238507020576131,0.766884000000001,9.212012985739582,10.560167175756378,0.21532651047147766
bidirectional_lstm_ts42_single,bidirectional_lstm,"BiLSTM (42 TimeSteps), Single",DEEP_LEARNING,08_12,NEG,MARGINAL,42.0,single,243,-2.924369977366256,0.18298300000000012,16.095869847033587,259.0770261326451,5.428874651440329,1.8335816999999999,10.100346145224272,21.835945348868762,0.10102829961628507
bidirectional_lstm_ts42_single,bidirectional_lstm,"BiLSTM (42 TimeSteps), Single",DEEP_LEARNING,08_12,POS,AVERAGE,42.0,single,243,-0.7397535711934157,1.0089646000000005,7.246212003104601,52.50758839393719,3.536216150617284,1.5511049999999997,7.723328550994805,10.609856590555522,0.04558646592409329
bidirectional_lstm_ts42_single,bidirectional_lstm,"BiLSTM (42 TimeSteps), Single",DEEP_LEARNING,08_12,POS,MARGINAL,42.0,single,243,-3.767635196296297,0.6310119999999984,16.023258674583875,256.74481855262735,6.909416277777778,1.8156660000000002,10.22369127596377,19.567372197604406,0.07892601434312559
bidirectional_lstm_ts42_single,bidirectional_lstm,"BiLSTM (42 TimeSteps), Single",DEEP_LEARNING,12_16,NEG,AVERAGE,42.0,single,243,-2.531909948148148,-0.12959710000000002,5.589445661580662,31.24190280376288,3.61014997037037,1.2876072,18.520067670609773,21.644676250389573,0.4426793082828717
bidirectional_lstm_ts42_single,bidirectional_lstm,"BiLSTM (42 TimeSteps), Single",DEEP_LEARNING,12_16,NEG,MARGINAL,42.0,single,243,-1.7490427938271602,-0.3320046000000001,27.889307264224072,777.8134596783017,7.892311750205761,2.5127489999999995,29.703073674341585,35.66761617912996,0.03325237983922617
bidirectional_lstm_ts42_single,bidirectional_lstm,"BiLSTM (42 TimeSteps), Single",DEEP_LEARNING,12_16,POS,AVERAGE,42.0,single,243,-1.8365405329218107,-0.24912310000000026,15.07598782836023,227.2854090008658,3.0535654185185184,0.6297189999999997,6.817272492573461,16.623209989960525,-0.008609094931606248
bidirectional_lstm_ts42_single,bidirectional_lstm,"BiLSTM (42 TimeSteps), Single",DEEP_LEARNING,12_16,POS,MARGINAL,42.0,single,243,-9.6637849,-0.3212811999999996,92.08657755528758,8479.937765845993,12.31948951728395,1.2703285000000006,9.57859326263912,93.2102494490528,-0.009117542381086762
bidirectional_lstm_ts42_single,bidirectional_lstm,"BiLSTM (42 TimeSteps), Single",DEEP_LEARNING,16_20,NEG,AVERAGE,42.0,single,243,-0.053340590699588374,0.13328044000000006,1.5846132724826703,2.510999223328237,0.923164761728395,0.33826220000000007,6.647726053437813,7.337457645105881,0.41920313840767864
bidirectional_lstm_ts42_single,bidirectional_lstm,"BiLSTM (42 TimeSteps), Single",DEEP_LEARNING,16_20,NEG,MARGINAL,42.0,single,243,0.04871576004115227,0.22203400000000073,3.901718899489855,15.223410370636323,1.859261264403292,0.6205169999999995,8.867021272918732,10.025695724674444,0.03107915701013008
bidirectional_lstm_ts42_single,bidirectional_lstm,"BiLSTM (42 TimeSteps), Single",DEEP_LEARNING,16_20,POS,AVERAGE,42.0,single,243,-4.8718977736625515,-0.6703770000000002,17.84466583276001,318.4320986828725,7.832208868312758,2.7481299999999997,14.224831021769734,25.02977580457957,0.1782406505588307
bidirectional_lstm_ts42_single,bidirectional_lstm,"BiLSTM (42 TimeSteps), Single",DEEP_LEARNING,16_20,POS,MARGINAL,42.0,single,243,-7.827161884773662,1.7759150000000012,33.98821734588,1155.1989183507783,13.902317041152264,3.8920959999999987,17.291917055600933,42.0419256592193,0.28207827727244633
bidirectional_lstm_ts42_single,bidirectional_lstm,"BiLSTM (42 TimeSteps), Single",DEEP_LEARNING,20_24,NEG,AVERAGE,42.0,single,243,0.12551349547325102,0.18422549999999993,0.5609642669905995,0.3146809088403006,0.3840573782716049,0.2702152,1.614463104834291,1.6583956077090714,-0.09110680290204853
bidirectional_lstm_ts42_single,bidirectional_lstm,"BiLSTM (42 TimeSteps), Single",DEEP_LEARNING,20_24,NEG,MARGINAL,42.0,single,243,-0.07236658192592593,0.17777449999999995,1.7891208558617988,3.2009534368796553,1.0323522767407407,0.6324169999999998,2.4044392092565783,2.883929212336049,-0.05932990320899388
bidirectional_lstm_ts42_single,bidirectional_lstm,"BiLSTM (42 TimeSteps), Single",DEEP_LEARNING,20_24,POS,AVERAGE,42.0,single,243,1.0157325390946503,0.9871560000000006,2.7701242248873412,7.673588221307694,2.0498837423868315,1.5352625999999994,8.422686930328325,9.226842324694095,0.33659614942518945
bidirectional_lstm_ts42_single,bidirectional_lstm,"BiLSTM (42 TimeSteps), Single",DEEP_LEARNING,20_24,POS,MARGINAL,42.0,single,243,0.13509843045267506,0.1509879999999999,5.143286482625275,26.453395842355867,2.928629844444444,1.4860319999999998,10.802916446321253,12.517591406746885,0.17213103661453338
lstm_features_1_3_ts168_ensemble,lstm_features_1_3,"LSTM with Features 1&3 (168 TimeSteps), Ensemble",DEEP_LEARNING,00_04,NEG,AVERAGE,168.0,ensemble,243,-0.2862711337448559,-0.19634970000000007,3.450981161651302,11.90927097807217,1.5840106802469134,0.5846220000000013,7.08515352173532,6.010759859506859,0.33841028121829975
lstm_features_1_3_ts168_ensemble,lstm_features_1_3,"LSTM with Features 1&3 (168 TimeSteps), Ensemble",DEEP_LEARNING,00_04,NEG,MARGINAL,168.0,ensemble,243,-0.9301716716049384,-0.5160501000000002,6.760355080292602,45.70240081163799,3.0885781160493826,1.0198459999999994,10.587406041714745,10.552818626231158,0.22673134260191233
lstm_features_1_3_ts168_ensemble,lstm_features_1_3,"LSTM with Features 1&3 (168 TimeSteps), Ensemble",DEEP_LEARNING,00_04,POS,AVERAGE,168.0,ensemble,243,0.9180429234567901,0.7174300000000002,1.1079476916282063,1.2275480873842708,1.040135670781893,0.7526696000000004,2.087091027097441,1.7587844462463593,0.27191905391464066
lstm_features_1_3_ts168_ensemble,lstm_features_1_3,"LSTM with Features 1&3 (168 TimeSteps), Ensemble",DEEP_LEARNING,00_04,POS,MARGINAL,168.0,ensemble,243,1.5277275534979424,1.4597557999999995,2.3150414890850204,5.359417096184988,2.046318076131687,1.6017609,2.3315279073834088,2.8277430295569976,0.2425481628723379
lstm_features_1_3_ts168_ensemble,lstm_features_1_3,"LSTM with Features 1&3 (168 TimeSteps), Ensemble",DEEP_LEARNING,04_08,NEG,AVERAGE,168.0,ensemble,243,0.05436228518518524,-0.011613999999999791,2.174365445588654,4.727865090969945,0.9841682259259259,0.338873,4.9307840576228505,4.010206206432753,0.270444978247357
lstm_features_1_3_ts168_ensemble,lstm_features_1_3,"LSTM with Features 1&3 (168 TimeSteps), Ensemble",DEEP_LEARNING,04_08,NEG,MARGINAL,168.0,ensemble,243,0.06951207283950624,0.185848,5.429719750514152,29.48185656912346,2.1433311699588473,0.7946739999999997,8.089788209485064,7.568635942132023,0.08887028420719532
lstm_features_1_3_ts168_ensemble,lstm_features_1_3,"LSTM with Features 1&3 (168 TimeSteps), Ensemble",DEEP_LEARNING,04_08,POS,AVERAGE,168.0,ensemble,243,-1.0642646514403293,-0.39374299999999884,3.8895575584972315,15.128658000862943,1.9825955485596714,1.0992175,3.5513763478857627,4.976233944206753,0.2234371176310711
lstm_features_1_3_ts168_ensemble,lstm_features_1_3,"LSTM with Features 1&3 (168 TimeSteps), Ensemble",DEEP_LEARNING,04_08,POS,MARGINAL,168.0,ensemble,243,-3.4676403958847732,-1.0286790000000003,20.38207642194067,415.42903926982984,5.298772125925924,2.341381,4.396077221442267,20.651499955769342,0.06418603492620567
lstm_features_1_3_ts168_ensemble,lstm_features_1_3,"LSTM with Features 1&3 (168 TimeSteps), Ensemble",DEEP_LEARNING,08_12,NEG,AVERAGE,168.0,ensemble,243,-0.6414720936625516,-0.0034954000000002594,4.392802903874621,19.296717352289303,2.296066106008231,1.0919910000000002,9.406797505295854,10.560167175756378,0.36513216568296125
lstm_features_1_3_ts168_ensemble,lstm_features_1_3,"LSTM with Features 1&3 (168 TimeSteps), Ensemble",DEEP_LEARNING,08_12,NEG,MARGINAL,168.0,ensemble,243,-0.7393895732510289,0.5630020000000009,16.49991684253803,272.2472558106702,5.4105255683127575,1.539162000000001,13.651667991015756,21.835945348868762,0.03813534975093889
lstm_features_1_3_ts168_ensemble,lstm_features_1_3,"LSTM with Features 1&3 (168 TimeSteps), Ensemble",DEEP_LEARNING,08_12,POS,AVERAGE,168.0,ensemble,243,-3.013222510288066,-0.8939089999999972,7.261107725125126,52.72368539587179,3.5511122872427987,1.2329599999999985,6.2956555002154,10.609856590555522,0.2202740365534224
lstm_features_1_3_ts168_ensemble,lstm_features_1_3,"LSTM with Features 1&3 (168 TimeSteps), Ensemble",DEEP_LEARNING,08_12,POS,MARGINAL,168.0,ensemble,243,-5.352979259670781,-0.23930199999999946,16.41967603713141,269.6057611643474,7.5835538555555555,2.2133839999999996,8.343068464470567,19.567372197604406,0.1809717153518268
lstm_features_1_3_ts168_ensemble,lstm_features_1_3,"LSTM with Features 1&3 (168 TimeSteps), Ensemble",DEEP_LEARNING,12_16,NEG,AVERAGE,168.0,ensemble,243,0.3159600639506176,-0.6070673999999998,8.568195280173315,73.41397035918426,4.648756063621399,2.305100000000003,25.717912412996156,21.644676250389573,0.48018640752165687
lstm_features_1_3_ts168_ensemble,lstm_features_1_3,"LSTM with Features 1&3 (168 TimeSteps), Ensemble",DEEP_LEARNING,12_16,NEG,MARGINAL,168.0,ensemble,243,0.9804826786008235,-0.013287099999999885,27.863621553090464,776.3814060538475,8.49562871893004,2.872814300000001,34.34132392191771,35.66761617912996,0.13919564749449134
lstm_features_1_3_ts168_ensemble,lstm_features_1_3,"LSTM with Features 1&3 (168 TimeSteps), Ensemble",DEEP_LEARNING,12_16,POS,AVERAGE,168.0,ensemble,243,-2.3025629251028814,-0.2086199999999998,15.308224108585039,234.3417253586642,2.911015865843622,0.5962740000000011,5.7063019693906405,16.623209989960525,0.018941801242069765
lstm_features_1_3_ts168_ensemble,lstm_features_1_3,"LSTM with Features 1&3 (168 TimeSteps), Ensemble",DEEP_LEARNING,12_16,POS,MARGINAL,168.0,ensemble,243,-10.927653348148146,-0.1121793000000002,92.63927642739921,8582.035536992082,12.843427165432098,1.5393014000000003,5.83118885565351,93.2102494490528,0.022786188765610258
lstm_features_1_3_ts168_ensemble,lstm_features_1_3,"LSTM with Features 1&3 (168 TimeSteps), Ensemble",DEEP_LEARNING,16_20,NEG,AVERAGE,168.0,ensemble,243,-0.6972794407818931,0.21502823000000004,2.3057585696527787,5.316522581527228,1.6080520278600825,0.8429228000000002,5.757765657458445,7.337457645105881,0.7930302318882942
lstm_features_1_3_ts168_ensemble,lstm_features_1_3,"LSTM with Features 1&3 (168 TimeSteps), Ensemble",DEEP_LEARNING,16_20,NEG,MARGINAL,168.0,ensemble,243,0.5957471589711933,0.7029077499999999,4.1781212028443,17.456696785657105,2.119776378395062,1.2360960000000016,9.104673279374014,10.025695724674444,0.26061102619876586
lstm_features_1_3_ts168_ensemble,lstm_features_1_3,"LSTM with Features 1&3 (168 TimeSteps), Ensemble",DEEP_LEARNING,16_20,POS,AVERAGE,168.0,ensemble,243,-6.229579088477365,-2.0535560000000004,17.37491276949463,301.88759374754767,7.289939302469136,2.2760759999999998,12.365015661349624,25.02977580457957,0.27701200550679833
lstm_features_1_3_ts168_ensemble,lstm_features_1_3,"LSTM with Features 1&3 (168 TimeSteps), Ensemble",DEEP_LEARNING,16_20,POS,MARGINAL,168.0,ensemble,243,-12.410147390946504,-2.6760660000000023,34.08080172381956,1161.5010461383026,14.536934427983542,3.915529000000003,14.226631486513428,42.0419256592193,0.3638634003959254
lstm_features_1_3_ts168_ensemble,lstm_features_1_3,"LSTM with Features 1&3 (168 TimeSteps), Ensemble",DEEP_LEARNING,20_24,NEG,AVERAGE,168.0,ensemble,243,0.5599260292181071,0.34365219999999996,0.8592333294965722,0.7382819145177649,0.6207534686419753,0.3694060000000001,2.2327236479338244,1.6583956077090714,0.39330641997351423
lstm_features_1_3_ts168_ensemble,lstm_features_1_3,"LSTM with Features 1&3 (168 TimeSteps), Ensemble",DEEP_LEARNING,20_24,NEG,MARGINAL,168.0,ensemble,243,1.0191863537448558,0.7784864999999999,1.852102918119632,3.4302852193072564,1.3283709331687243,0.8740839999999999,3.701285942798906,2.883929212336049,0.1785102595731168
lstm_features_1_3_ts168_ensemble,lstm_features_1_3,"LSTM with Features 1&3 (168 TimeSteps), Ensemble",DEEP_LEARNING,20_24,POS,AVERAGE,168.0,ensemble,243,-2.223045454320988,-0.5173740000000002,3.774277745466764,14.245172499925678,2.9217084699588476,1.2092589999999994,6.216859308015974,9.226842324694095,0.8159544660598761
lstm_features_1_3_ts168_ensemble,lstm_features_1_3,"LSTM with Features 1&3 (168 TimeSteps), Ensemble",DEEP_LEARNING,20_24,POS,MARGINAL,168.0,ensemble,243,-3.9710638913580247,-0.8010719999999996,7.671485651875628,58.851692106933626,5.216708247736626,2.4844790000000003,6.055635792318125,12.517591406746885,0.5571428534561292
lstm_features_1_3_ts168_recency,lstm_features_1_3,"LSTM with Features 1&3 (168 TimeSteps), Weighted Ensemble",DEEP_LEARNING,00_04,NEG,AVERAGE,168.0,recency,243,0.6688045123456791,0.18741520000000023,3.841749164999785,14.759036646776547,1.6012338028806585,0.4803579,7.886373082045354,6.010759859506859,0.33569638768775634
lstm_features_1_3_ts168_recency,lstm_features_1_3,"LSTM with Features 1&3 (168 TimeSteps), Weighted Ensemble",DEEP_LEARNING,00_04,NEG,MARGINAL,168.0,recency,243,0.630493250617284,0.28807629999999973,7.485819512308259,56.03749377085506,3.1886793032921807,0.8144073000000001,12.252984788903577,10.552818626231158,0.256890328671646
lstm_features_1_3_ts168_recency,lstm_features_1_3,"LSTM with Features 1&3 (168 TimeSteps), Weighted Ensemble",DEEP_LEARNING,00_04,POS,AVERAGE,168.0,recency,243,0.21795569341563784,0.08782849999999964,0.9972240297655699,0.9944557655418822,0.4981391683127572,0.23164339999999983,1.937196642846603,1.7587844462463593,0.0004678081624023895
lstm_features_1_3_ts168_recency,lstm_features_1_3,"LSTM with Features 1&3 (168 TimeSteps), Weighted Ensemble",DEEP_LEARNING,00_04,POS,MARGINAL,168.0,recency,243,0.7379203222222223,0.775131,2.1722140436715307,4.718513851523823,1.3900581987654321,0.8937955,2.181612888423113,2.8277430295569976,0.1823358593897519
lstm_features_1_3_ts168_recency,lstm_features_1_3,"LSTM with Features 1&3 (168 TimeSteps), Weighted Ensemble",DEEP_LEARNING,04_08,NEG,AVERAGE,168.0,recency,243,0.1146961687242799,-0.09427510000000017,2.085341488536035,4.348649123809686,0.907626587654321,0.3025935000000004,5.073241844257604,4.010206206432753,0.21982132598576548
lstm_features_1_3_ts168_recency,lstm_features_1_3,"LSTM with Features 1&3 (168 TimeSteps), Weighted Ensemble",DEEP_LEARNING,04_08,NEG,MARGINAL,168.0,recency,243,0.3568071761316872,0.2276568999999995,5.413085660843922,29.301496371634084,2.059405197530864,0.689635,8.427300739033814,7.568635942132023,0.05220349105905879
lstm_features_1_3_ts168_recency,lstm_features_1_3,"LSTM with Features 1&3 (168 TimeSteps), Weighted Ensemble",DEEP_LEARNING,04_08,POS,AVERAGE,168.0,recency,243,-0.7784492950617284,-0.1530485000000006,3.93771738285112,15.505618187207872,1.9496226662551437,1.0947300000000002,4.026602114383178,4.976233944206753,0.12514803430783963
lstm_features_1_3_ts168_recency,lstm_features_1_3,"LSTM with Features 1&3 (168 TimeSteps), Weighted Ensemble",DEEP_LEARNING,04_08,POS,MARGINAL,168.0,recency,243,-3.2095964279835387,-0.7526850000000032,20.386256478572662,415.5994532101458,5.213158835390947,2.2330840000000016,4.928915846090063,20.651499955769342,0.05018308321867322
lstm_features_1_3_ts168_recency,lstm_features_1_3,"LSTM with Features 1&3 (168 TimeSteps), Weighted Ensemble",DEEP_LEARNING,08_12,NEG,AVERAGE,168.0,recency,243,-0.2645024458847738,-0.024437000000000042,3.839635600482969,14.74280154449621,1.878804966872428,0.6863703000000001,9.9992621548431,10.560167175756378,0.2173605037151978
lstm_features_1_3_ts168_recency,lstm_features_1_3,"LSTM with Features 1&3 (168 TimeSteps), Weighted Ensemble",DEEP_LEARNING,08_12,NEG,MARGINAL,168.0,recency,243,0.16969541069958813,0.8826901000000003,15.76115638174778,248.4140504899088,5.428331997530864,1.5575220000000023,14.998402503337005,21.835945348868762,-0.018617695460258647
lstm_features_1_3_ts168_recency,lstm_features_1_3,"LSTM with Features 1&3 (168 TimeSteps), Weighted Ensemble",DEEP_LEARNING,08_12,POS,AVERAGE,168.0,recency,243,-1.3891989786008232,0.20440099999999894,6.888213907976479,47.4474908420406,3.0924227983539097,1.208539,7.788753276912388,10.609856590555522,0.03381172628675802
lstm_features_1_3_ts168_recency,lstm_features_1_3,"LSTM with Features 1&3 (168 TimeSteps), Weighted Ensemble",DEEP_LEARNING,08_12,POS,MARGINAL,168.0,recency,243,-3.1597548691358024,1.0283110000000004,15.992492418180241,255.75981374555252,7.391766836213993,2.7289199999999987,10.372431992734272,19.567372197604406,0.10806132514503619
lstm_features_1_3_ts168_recency,lstm_features_1_3,"LSTM with Features 1&3 (168 TimeSteps), Weighted Ensemble",DEEP_LEARNING,12_16,NEG,AVERAGE,168.0,recency,243,2.235512240329218,0.047196500000000086,8.497736117784353,72.21151912749667,4.107610379423868,1.2252860000000005,26.728966960670046,21.644676250389573,0.5133280295471542
lstm_features_1_3_ts168_recency,lstm_features_1_3,"LSTM with Features 1&3 (168 TimeSteps), Weighted Ensemble",DEEP_LEARNING,12_16,NEG,MARGINAL,168.0,recency,243,4.4864771395061736,0.6645209999999997,29.395969976792852,864.1230508765068,9.830194538683129,3.0339105,37.97583545791964,35.66761617912996,0.15172380011184952
lstm_features_1_3_ts168_recency,lstm_features_1_3,"LSTM with Features 1&3 (168 TimeSteps), Weighted Ensemble",DEEP_LEARNING,12_16,POS,AVERAGE,168.0,recency,243,-1.9612390028806586,-0.23293680000000005,15.214732873082138,231.48809639924625,2.8745759411522633,0.4996489999999998,7.00322930004038,16.623209989960525,-0.07080476349443224
lstm_features_1_3_ts168_recency,lstm_features_1_3,"LSTM with Features 1&3 (168 TimeSteps), Weighted Ensemble",DEEP_LEARNING,12_16,POS,MARGINAL,168.0,recency,243,-10.409327023868311,0.030608999999998332,92.41920148777156,8541.308803637317,12.360282381069958,1.2882750000000005,7.084995902705364,93.2102494490528,0.013091482085795515
lstm_features_1_3_ts168_recency,lstm_features_1_3,"LSTM with Features 1&3 (168 TimeSteps), Weighted Ensemble",DEEP_LEARNING,16_20,NEG,AVERAGE,168.0,recency,243,-0.40442586786008217,0.07439950000000006,1.5539969344207578,2.414906472189113,0.9653134280246913,0.45921199999999995,6.44687924041724,7.337457645105881,0.5774334955284215
lstm_features_1_3_ts168_recency,lstm_features_1_3,"LSTM with Features 1&3 (168 TimeSteps), Weighted Ensemble",DEEP_LEARNING,16_20,NEG,MARGINAL,168.0,recency,243,0.4256434347325103,0.42858409999999997,3.842985058139627,14.768534157084433,1.558598457366255,0.7180862,9.188355008181219,10.025695724674444,0.1114419823826325
lstm_features_1_3_ts168_recency,lstm_features_1_3,"LSTM with Features 1&3 (168 TimeSteps), Weighted Ensemble",DEEP_LEARNING,16_20,POS,AVERAGE,168.0,recency,243,-2.58247049218107,0.330109000000002,16.282214725989547,265.11051638323084,6.6037866938271605,1.8018019999999986,16.37451501226198,25.02977580457957,0.05538409300803851
lstm_features_1_3_ts168_recency,lstm_features_1_3,"LSTM with Features 1&3 (168 TimeSteps), Weighted Ensemble",DEEP_LEARNING,16_20,POS,MARGINAL,168.0,recency,243,-8.470158761728397,0.7406899999999972,32.99171840160211,1088.4534830906111,13.348435535390946,3.482764000000003,17.27457667529732,42.0419256592193,0.2927571269410342
lstm_features_1_3_ts168_recency,lstm_features_1_3,"LSTM with Features 1&3 (168 TimeSteps), Weighted Ensemble",DEEP_LEARNING,20_24,NEG,AVERAGE,168.0,recency,243,0.3165597475308642,0.13162609999999986,0.7949391865754578,0.6319283103532506,0.4252878449794238,0.1828839000000002,2.213597935589602,1.6583956077090714,0.4125249737565805
lstm_features_1_3_ts168_recency,lstm_features_1_3,"LSTM with Features 1&3 (168 TimeSteps), Weighted Ensemble",DEEP_LEARNING,20_24,NEG,MARGINAL,168.0,recency,243,0.5851730433744856,0.40990879999999996,1.7813758366075292,3.1732998712491742,1.0111071654320989,0.5142803,3.656938037258391,2.883929212336049,0.09727700395023674
lstm_features_1_3_ts168_recency,lstm_features_1_3,"LSTM with Features 1&3 (168 TimeSteps), Weighted Ensemble",DEEP_LEARNING,20_24,POS,AVERAGE,168.0,recency,243,-1.063680306995885,-0.44550659999999986,2.4283011735956976,5.896646589686243,1.77042310781893,0.9878983999999997,7.613940078297842,9.226842324694095,0.5189791262633867
lstm_features_1_3_ts168_recency,lstm_features_1_3,"LSTM with Features 1&3 (168 TimeSteps), Weighted Ensemble",DEEP_LEARNING,20_24,POS,MARGINAL,168.0,recency,243,-3.0261613086419756,-0.38740800000000064,6.72381756385559,45.20972263201293,4.3618005209876545,2.417677000000001,6.972268691415885,12.517591406746885,0.46621833655032285
lstm_features_1_3_ts168_single,lstm_features_1_3,"LSTM with Features 1&3 (168 TimeSteps), Single",DEEP_LEARNING,00_04,NEG,AVERAGE,168.0,single,243,-2.5727622002469137,-1.8113900999999997,3.1107099169556656,9.676516187446325,2.8285583607407405,1.8684051,5.202806165750448,6.010759859506859,0.43560107826081923
lstm_features_1_3_ts168_single,lstm_features_1_3,"LSTM with Features 1&3 (168 TimeSteps), Single",DEEP_LEARNING,00_04,NEG,MARGINAL,168.0,single,243,0.594237742798354,0.6849202999999999,6.85284382744589,46.96146852336323,3.080108456378601,1.0173447999999996,11.217963125108433,10.552818626231158,0.14073507436195082
lstm_features_1_3_ts168_single,lstm_features_1_3,"LSTM with Features 1&3 (168 TimeSteps), Single",DEEP_LEARNING,00_04,POS,AVERAGE,168.0,single,243,0.40677338148148146,0.2629435,1.064406880884664,1.1329620080746194,0.6031879502057613,0.2928105000000003,2.0564768945876577,1.7587844462463593,0.02428939904120032
lstm_features_1_3_ts168_single,lstm_features_1_3,"LSTM with Features 1&3 (168 TimeSteps), Single",DEEP_LEARNING,00_04,POS,MARGINAL,168.0,single,243,0.07981423127572021,0.2622460000000002,2.335414536665128,5.454161058066795,1.060319910288066,0.5933937,2.086804749503433,2.8277430295569976,0.15621346651002813
lstm_features_1_3_ts168_single,lstm_features_1_3,"LSTM with Features 1&3 (168 TimeSteps), Single",DEEP_LEARNING,04_08,NEG,AVERAGE,168.0,single,243,0.5828563489711934,0.6839030000000008,2.2235282237710154,4.944077761906287,1.4673634156378599,1.0038431,4.556411301715707,4.010206206432753,0.43853959682547183
lstm_features_1_3_ts168_single,lstm_features_1_3,"LSTM with Features 1&3 (168 TimeSteps), Single",DEEP_LEARNING,04_08,NEG,MARGINAL,168.0,single,243,0.20663494938271615,0.12981890000000007,5.032377911749948,25.324827446668763,1.9633925090534976,0.6445210000000001,8.102431460466534,7.568635942132023,-0.022084481452463646
lstm_features_1_3_ts168_single,lstm_features_1_3,"LSTM with Features 1&3 (168 TimeSteps), Single",DEEP_LEARNING,04_08,POS,AVERAGE,168.0,single,243,-1.2381693353909466,-0.5394670000000001,3.82132742309544,14.602543274501237,1.8921304580246914,1.0076070000000001,3.596468634751813,4.976233944206753,0.12084375278496572
lstm_features_1_3_ts168_single,lstm_features_1_3,"LSTM with Features 1&3 (168 TimeSteps), Single",DEEP_LEARNING,04_08,POS,MARGINAL,168.0,single,243,-2.8024862777777786,-0.7135420000000003,20.401849215254597,416.23545140198456,5.131024511522633,2.149230000000001,6.285339367415894,20.651499955769342,0.007955626393545207
lstm_features_1_3_ts168_single,lstm_features_1_3,"LSTM with Features 1&3 (168 TimeSteps), Single",DEEP_LEARNING,08_12,NEG,AVERAGE,168.0,single,243,-0.2064928576131686,0.6888509999999997,5.110997181102999,26.122292185242795,2.852497801646091,1.521483,8.830905300394505,10.560167175756378,0.5205049585665139
lstm_features_1_3_ts168_single,lstm_features_1_3,"LSTM with Features 1&3 (168 TimeSteps), Single",DEEP_LEARNING,08_12,NEG,MARGINAL,168.0,single,243,-2.2162679238683123,-0.3669039999999999,15.647051402160123,244.83021758184108,4.956180220987655,1.3192750000000002,13.461850667201018,21.835945348868762,0.01748038884820359
lstm_features_1_3_ts168_single,lstm_features_1_3,"LSTM with Features 1&3 (168 TimeSteps), Single",DEEP_LEARNING,08_12,POS,AVERAGE,168.0,single,243,-0.6257105205761317,0.6912369999999992,6.849964892758183,46.92201903201963,3.2228962646090533,1.3420989999999993,8.409169424406203,10.609856590555522,0.03254264633780436
lstm_features_1_3_ts168_single,lstm_features_1_3,"LSTM with Features 1&3 (168 TimeSteps), Single",DEEP_LEARNING,08_12,POS,MARGINAL,168.0,single,243,-1.9400269983539096,1.0775889999999997,15.545654088808613,241.66736104889193,7.273824696296295,2.549720999999998,12.626833938046666,19.567372197604406,0.03155303611725781
lstm_features_1_3_ts168_single,lstm_features_1_3,"LSTM with Features 1&3 (168 TimeSteps), Single",DEEP_LEARNING,12_16,NEG,AVERAGE,168.0,single,243,-1.9278260517695474,-2.0443623,11.102241727041976,123.259771365672,6.8926724386008225,3.5975839999999977,26.710810012080707,21.644676250389573,0.6645942412603721
lstm_features_1_3_ts168_single,lstm_features_1_3,"LSTM with Features 1&3 (168 TimeSteps), Single",DEEP_LEARNING,12_16,NEG,MARGINAL,168.0,single,243,3.0939557020576136,0.9102689999999996,28.429567689298377,808.2403190003984,8.278656727572015,2.0252920000000003,35.627899452213875,35.66761617912996,0.07474380504752433
lstm_features_1_3_ts168_single,lstm_features_1_3,"LSTM with Features 1&3 (168 TimeSteps), Single",DEEP_LEARNING,12_16,POS,AVERAGE,168.0,single,243,-1.0209188691358024,0.3963870000000007,15.204692792773484,231.18268292261794,3.1782341366255142,0.7020680000000006,7.694424329507424,16.623209989960525,-0.07384238437182293
lstm_features_1_3_ts168_single,lstm_features_1_3,"LSTM with Features 1&3 (168 TimeSteps), Single",DEEP_LEARNING,12_16,POS,MARGINAL,168.0,single,243,-11.132471893827159,-1.4888864999999996,91.60445587572694,8391.376336288005,12.15336937695473,1.6751806999999994,9.588624118975963,93.2102494490528,-0.010018268105187897
lstm_features_1_3_ts168_single,lstm_features_1_3,"LSTM with Features 1&3 (168 TimeSteps), Single",DEEP_LEARNING,16_20,NEG,AVERAGE,168.0,single,243,-0.9682979123868313,0.4287244,3.0720779971440364,9.437663220536514,2.2350775672016456,1.2957539999999987,5.223657385896004,7.337457645105881,0.8294803636639333
lstm_features_1_3_ts168_single,lstm_features_1_3,"LSTM with Features 1&3 (168 TimeSteps), Single",DEEP_LEARNING,16_20,NEG,MARGINAL,168.0,single,243,0.5243543553497941,0.37569237,3.7382577030555075,13.97457065445384,1.495227262510288,0.5932312000000001,9.352881628518466,10.025695724674444,0.018199359633229904
lstm_features_1_3_ts168_single,lstm_features_1_3,"LSTM with Features 1&3 (168 TimeSteps), Single",DEEP_LEARNING,16_20,POS,AVERAGE,168.0,single,243,-4.207775744855967,-0.2835750000000026,17.117270271676542,293.00094155362154,6.490706855967079,1.8080789999999993,13.158772768308868,25.02977580457957,0.24609163268420495
lstm_features_1_3_ts168_single,lstm_features_1_3,"LSTM with Features 1&3 (168 TimeSteps), Single",DEEP_LEARNING,16_20,POS,MARGINAL,168.0,single,243,-7.646778242798354,-0.11481900000000067,31.73170356827361,1006.901011344788,12.784598609053498,3.945978,17.1344474003669,42.0419256592193,0.3475634530690506
lstm_features_1_3_ts168_single,lstm_features_1_3,"LSTM with Features 1&3 (168 TimeSteps), Single",DEEP_LEARNING,20_24,NEG,AVERAGE,168.0,single,243,0.929192607530864,0.8073810000000001,0.8770171110070326,0.7691590129991217,0.9863905233333332,0.8232822000000004,2.0304018743228998,1.6583956077090714,0.5059561851393818
lstm_features_1_3_ts168_single,lstm_features_1_3,"LSTM with Features 1&3 (168 TimeSteps), Single",DEEP_LEARNING,20_24,NEG,MARGINAL,168.0,single,243,-0.18413985337448555,-0.1293861999999999,1.6373702709046798,2.6809814040424644,0.8077481225925924,0.3270535999999997,3.2472870590705707,2.883929212336049,-0.00900290959418426
lstm_features_1_3_ts168_single,lstm_features_1_3,"LSTM with Features 1&3 (168 TimeSteps), Single",DEEP_LEARNING,20_24,POS,AVERAGE,168.0,single,243,-0.31364756666666677,-0.10782199999999875,2.111156124128662,4.456980180445953,1.352472989711934,0.7215559999999996,8.116361218418636,9.226842324694095,0.39911995086501145
lstm_features_1_3_ts168_single,lstm_features_1_3,"LSTM with Features 1&3 (168 TimeSteps), Single",DEEP_LEARNING,20_24,POS,MARGINAL,168.0,single,243,-0.11574222921810705,0.42246139999999954,5.161727706133712,26.6434329122684,2.8215451271604937,1.432618999999999,10.113611210953424,12.517591406746885,0.09286936538962517
lstm_features_1_3_ts42_ensemble,lstm_features_1_3,"LSTM with Features 1&3 (42 TimeSteps), Ensemble",DEEP_LEARNING,00_04,NEG,AVERAGE,42.0,ensemble,243,-1.1269111580246913,-0.8243061,3.723526619194467,13.864650483849777,2.269117104526749,1.2332495999999997,6.964975103436808,6.010759859506859,0.4846214357739313
lstm_features_1_3_ts42_ensemble,lstm_features_1_3,"LSTM with Features 1&3 (42 TimeSteps), Ensemble",DEEP_LEARNING,00_04,NEG,MARGINAL,42.0,ensemble,243,-2.4420071263374488,-1.470180000000001,7.5996124295934635,57.75410908003146,4.204209789711934,1.8493339999999998,10.417802665604174,10.552818626231158,0.25742463318277536
lstm_features_1_3_ts42_ensemble,lstm_features_1_3,"LSTM with Features 1&3 (42 TimeSteps), Ensemble",DEEP_LEARNING,00_04,POS,AVERAGE,42.0,ensemble,243,1.4620663962962963,1.3102909999999999,1.2118602826499532,1.4686053446644245,1.5503119279835391,1.3105137000000004,2.167533741012081,1.7587844462463593,0.34776151476296985
lstm_features_1_3_ts42_ensemble,lstm_features_1_3,"LSTM with Features 1&3 (42 TimeSteps), Ensemble",DEEP_LEARNING,00_04,POS,MARGINAL,42.0,ensemble,243,2.022302760493827,1.7944817000000004,2.890398409268422,8.354402964301425,2.5372559456790125,1.9164040999999998,3.2652850087353835,2.8277430295569976,0.38200742386817665
lstm_features_1_3_ts42_ensemble,lstm_features_1_3,"LSTM with Features 1&3 (42 TimeSteps), Ensemble",DEEP_LEARNING,04_08,NEG,AVERAGE,42.0,ensemble,243,0.7573806995884772,0.44948960000000016,2.995686404671721,8.974137035134984,1.4949521144032922,0.7343196999999999,5.677390959539411,4.010206206432753,0.39411023669674217
lstm_features_1_3_ts42_ensemble,lstm_features_1_3,"LSTM with Features 1&3 (42 TimeSteps), Ensemble",DEEP_LEARNING,04_08,NEG,MARGINAL,42.0,ensemble,243,1.3859746037037037,1.0006674000000002,6.96152555938647,48.462838113991104,3.148577199588477,1.3463076999999997,9.799105849863345,7.568635942132023,0.23731840967880521
lstm_features_1_3_ts42_ensemble,lstm_features_1_3,"LSTM with Features 1&3 (42 TimeSteps), Ensemble",DEEP_LEARNING,04_08,POS,AVERAGE,42.0,ensemble,243,-1.1741159600823046,-0.7128620000000003,4.081530809622009,16.658893749893693,2.218223586419753,1.3287245000000008,3.459170093087366,4.976233944206753,0.3236821475412672
lstm_features_1_3_ts42_ensemble,lstm_features_1_3,"LSTM with Features 1&3 (42 TimeSteps), Ensemble",DEEP_LEARNING,04_08,POS,MARGINAL,42.0,ensemble,243,-2.3622932884773653,0.34285799999999966,20.589423739369938,423.9243699193304,5.067642121399176,2.2036540000000002,4.145177536832118,20.651499955769342,0.08194815140083318
lstm_features_1_3_ts42_ensemble,lstm_features_1_3,"LSTM with Features 1&3 (42 TimeSteps), Ensemble",DEEP_LEARNING,08_12,NEG,AVERAGE,42.0,ensemble,243,-0.19510555967078202,0.48740910000000026,5.4341452014572,29.52993407052032,2.979366008230453,1.550924000000002,9.105174885505782,10.560167175756378,0.5101775071599421
lstm_features_1_3_ts42_ensemble,lstm_features_1_3,"LSTM with Features 1&3 (42 TimeSteps), Ensemble",DEEP_LEARNING,08_12,NEG,MARGINAL,42.0,ensemble,243,-0.6415870921810699,1.2801650000000002,18.037522923869872,325.3522332291312,6.478084895473252,2.46331,12.69686618421524,21.835945348868762,0.106664458708303
lstm_features_1_3_ts42_ensemble,lstm_features_1_3,"LSTM with Features 1&3 (42 TimeSteps), Ensemble",DEEP_LEARNING,08_12,POS,AVERAGE,42.0,ensemble,243,-2.3939877884773666,-0.029157999999998907,7.901220906774089,62.429291817643964,3.9229902526748974,1.5223519999999997,6.234433868398178,10.609856590555522,0.28226912582885044
lstm_features_1_3_ts42_ensemble,lstm_features_1_3,"LSTM with Features 1&3 (42 TimeSteps), Ensemble",DEEP_LEARNING,08_12,POS,MARGINAL,42.0,ensemble,243,-5.825051556790123,-0.1767669999999999,16.663429042711407,277.669867461478,7.5282981740740755,2.091308999999999,7.104168817619024,19.567372197604406,0.20419845895380656
lstm_features_1_3_ts42_ensemble,lstm_features_1_3,"LSTM with Features 1&3 (42 TimeSteps), Ensemble",DEEP_LEARNING,12_16,NEG,AVERAGE,42.0,ensemble,243,0.09428197172839534,-1.0533983,9.658953443370313,93.29538162119525,5.860144313868312,3.2286815000000004,26.77634429374335,21.644676250389573,0.639017140662507
lstm_features_1_3_ts42_ensemble,lstm_features_1_3,"LSTM with Features 1&3 (42 TimeSteps), Ensemble",DEEP_LEARNING,12_16,NEG,MARGINAL,42.0,ensemble,243,1.843158752222222,-0.9361634999999999,31.081174279904076,966.0393946177705,11.714520892222223,4.0984812,39.50014934882873,35.66761617912996,0.2814014566835872
lstm_features_1_3_ts42_ensemble,lstm_features_1_3,"LSTM with Features 1&3 (42 TimeSteps), Ensemble",DEEP_LEARNING,12_16,POS,AVERAGE,42.0,ensemble,243,-1.4371347724279837,0.74709,15.498043376760501,240.18934850795006,3.612247779835392,1.170318,5.025547373554044,16.623209989960525,0.12287867681572565
lstm_features_1_3_ts42_ensemble,lstm_features_1_3,"LSTM with Features 1&3 (42 TimeSteps), Ensemble",DEEP_LEARNING,12_16,POS,MARGINAL,42.0,ensemble,243,-9.15151451234568,1.193619,92.33546401233492,8525.837914373198,13.051950053086419,1.9532550000000004,7.165900577575922,93.2102494490528,0.023205817025788503
lstm_features_1_3_ts42_ensemble,lstm_features_1_3,"LSTM with Features 1&3 (42 TimeSteps), Ensemble",DEEP_LEARNING,16_20,NEG,AVERAGE,42.0,ensemble,243,-0.22981592860082284,0.68270063,3.1884511504730995,10.16622073895323,2.3824531493415635,1.5478636999999997,5.692192886890493,7.337457645105881,0.7888681597160979
lstm_features_1_3_ts42_ensemble,lstm_features_1_3,"LSTM with Features 1&3 (42 TimeSteps), Ensemble",DEEP_LEARNING,16_20,NEG,MARGINAL,42.0,ensemble,243,0.6915640354732506,1.0974202000000002,5.259981558220728,27.667405992822157,3.2467432264197527,2.0615571,8.56351419602993,10.025695724674444,0.46467175276148637
lstm_features_1_3_ts42_ensemble,lstm_features_1_3,"LSTM with Features 1&3 (42 TimeSteps), Ensemble",DEEP_LEARNING,16_20,POS,AVERAGE,42.0,ensemble,243,-6.821696186831275,-2.2437570000000004,18.374291506232304,337.61458835600064,8.166141894650206,3.1669997000000008,9.65069645981853,25.02977580457957,0.4293489834447341
lstm_features_1_3_ts42_ensemble,lstm_features_1_3,"LSTM with Features 1&3 (42 TimeSteps), Ensemble",DEEP_LEARNING,16_20,POS,MARGINAL,42.0,ensemble,243,-10.709652201646092,-1.6660259999999987,33.92415305342166,1150.8481603919784,14.418796316872427,3.514732000000002,17.772412668257044,42.0419256592193,0.2908569943493619
lstm_features_1_3_ts42_ensemble,lstm_features_1_3,"LSTM with Features 1&3 (42 TimeSteps), Ensemble",DEEP_LEARNING,20_24,NEG,AVERAGE,42.0,ensemble,243,1.1031846829218108,0.7963453999999994,1.1722856281953948,1.3742535940734713,1.1327135783950621,0.8071074000000005,2.439950086098805,1.6583956077090714,0.47679018436337967
lstm_features_1_3_ts42_ensemble,lstm_features_1_3,"LSTM with Features 1&3 (42 TimeSteps), Ensemble",DEEP_LEARNING,20_24,NEG,MARGINAL,42.0,ensemble,243,1.5552383452263376,1.1678293000000002,2.1949753739017557,4.817916892035153,1.857590340946502,1.3160999999999998,3.8474360508527305,2.883929212336049,0.3740848967541871
lstm_features_1_3_ts42_ensemble,lstm_features_1_3,"LSTM with Features 1&3 (42 TimeSteps), Ensemble",DEEP_LEARNING,20_24,POS,AVERAGE,42.0,ensemble,243,-1.9602371814814812,-0.1762099999999993,3.9433610053858574,15.550096018797761,2.96391377654321,1.2997499999999995,6.156134154880792,9.226842324694095,0.7469928809271252
lstm_features_1_3_ts42_ensemble,lstm_features_1_3,"LSTM with Features 1&3 (42 TimeSteps), Ensemble",DEEP_LEARNING,20_24,POS,MARGINAL,42.0,ensemble,243,-1.5873066098765436,0.8073379999999997,7.131569820485199,50.85928810445529,4.94991613744856,3.2445950000000003,7.472750780897396,12.517591406746885,0.5554826697973523
lstm_features_1_3_ts42_recency,lstm_features_1_3,"LSTM with Features 1&3 (42 TimeSteps), Weighted Ensemble",DEEP_LEARNING,00_04,NEG,AVERAGE,42.0,recency,243,-0.7884153814814815,-0.6316725000000001,4.205208906495596,17.683781947269885,2.3330042637860084,1.1255069,7.568747710146524,6.010759859506859,0.5260069226230719
lstm_features_1_3_ts42_recency,lstm_features_1_3,"LSTM with Features 1&3 (42 TimeSteps), Weighted Ensemble",DEEP_LEARNING,00_04,NEG,MARGINAL,42.0,recency,243,-2.2739274263374485,-1.1359567999999998,7.824485128140136,61.222567520486166,4.151981717695473,1.5262417999999993,10.3799383959361,10.552818626231158,0.2528933019463967
lstm_features_1_3_ts42_recency,lstm_features_1_3,"LSTM with Features 1&3 (42 TimeSteps), Weighted Ensemble",DEEP_LEARNING,00_04,POS,AVERAGE,42.0,recency,243,0.759248381069959,0.5766209999999998,1.0947912544860186,1.19856789089907,0.9172128057613168,0.6254485000000001,2.025234960984262,1.7587844462463593,0.18826867756209067
lstm_features_1_3_ts42_recency,lstm_features_1_3,"LSTM with Features 1&3 (42 TimeSteps), Weighted Ensemble",DEEP_LEARNING,00_04,POS,MARGINAL,42.0,recency,243,1.1605852975308641,0.8862958000000005,2.8092142010643624,7.891684427461683,1.9017055872427984,1.1800282000000002,3.1453046590273424,2.8277430295569976,0.35520274925488754
lstm_features_1_3_ts42_recency,lstm_features_1_3,"LSTM with Features 1&3 (42 TimeSteps), Weighted Ensemble",DEEP_LEARNING,04_08,NEG,AVERAGE,42.0,recency,243,0.9966549111111113,0.3269430999999998,3.5598719445219147,12.672688261394237,1.5789607555555556,0.6579103000000002,6.390937754594174,4.010206206432753,0.4385362088657884
lstm_features_1_3_ts42_recency,lstm_features_1_3,"LSTM with Features 1&3 (42 TimeSteps), Weighted Ensemble",DEEP_LEARNING,04_08,NEG,MARGINAL,42.0,recency,243,1.3775414353909463,0.8784519999999993,7.362581499517008,54.20760633703011,3.1015047580246913,1.302836,10.142245318779235,7.568635942132023,0.2313324320508234
lstm_features_1_3_ts42_recency,lstm_features_1_3,"LSTM with Features 1&3 (42 TimeSteps), Weighted Ensemble",DEEP_LEARNING,04_08,POS,AVERAGE,42.0,recency,243,-0.8557758744855967,-0.3912646000000004,4.282540550106818,18.340153563309205,2.317773369958848,1.4895359999999993,3.891922524667792,4.976233944206753,0.3227588555549029
lstm_features_1_3_ts42_recency,lstm_features_1_3,"LSTM with Features 1&3 (42 TimeSteps), Weighted Ensemble",DEEP_LEARNING,04_08,POS,MARGINAL,42.0,recency,243,-1.703642447736626,0.7752140000000001,20.70942259603201,428.8801842610411,5.27733561728395,2.248203,4.770820801018312,20.651499955769342,0.08379216374078007
lstm_features_1_3_ts42_recency,lstm_features_1_3,"LSTM with Features 1&3 (42 TimeSteps), Weighted Ensemble",DEEP_LEARNING,08_12,NEG,AVERAGE,42.0,recency,243,0.4015453304526749,0.6468563999999999,5.632194720163461,31.72161736583716,3.1180761469135807,1.6460270000000001,9.614598468965397,10.560167175756378,0.4983253115678686
lstm_features_1_3_ts42_recency,lstm_features_1_3,"LSTM with Features 1&3 (42 TimeSteps), Weighted Ensemble",DEEP_LEARNING,08_12,NEG,MARGINAL,42.0,recency,243,-0.10460485102880608,1.4260464000000002,18.247302362211087,332.9640434979543,6.5574180757201646,2.591286,13.1420538482104,21.835945348868762,0.09174908433356993
lstm_features_1_3_ts42_recency,lstm_features_1_3,"LSTM with Features 1&3 (42 TimeSteps), Weighted Ensemble",DEEP_LEARNING,08_12,POS,AVERAGE,42.0,recency,243,-0.6191471304526749,1.3622219999999992,7.762668621252769,60.25902412338237,4.061130486831275,2.0136340000000015,7.64813697544531,10.609856590555522,0.1569346744892334
lstm_features_1_3_ts42_recency,lstm_features_1_3,"LSTM with Features 1&3 (42 TimeSteps), Weighted Ensemble",DEEP_LEARNING,08_12,POS,MARGINAL,42.0,recency,243,-4.582261262962962,0.673128000000002,16.492286716189415,271.9955211289979,7.382024783950618,2.0979850000000013,8.00292772370234,19.567372197604406,0.161362787316588
lstm_features_1_3_ts42_recency,lstm_features_1_3,"LSTM with Features 1&3 (42 TimeSteps), Weighted Ensemble",DEEP_LEARNING,12_16,NEG,AVERAGE,42.0,recency,243,3.0297188094650203,-0.5533452999999999,12.283867920323138,150.89341108394387,7.047399658024692,3.0274755,30.36346016695798,21.644676250389573,0.7319887031420229
lstm_features_1_3_ts42_recency,lstm_features_1_3,"LSTM with Features 1&3 (42 TimeSteps), Weighted Ensemble",DEEP_LEARNING,12_16,NEG,MARGINAL,42.0,recency,243,1.5406589035802472,-0.8664961,30.832640059252014,950.651693023392,11.64302868489712,4.109185000000004,38.9767201155729,35.66761617912996,0.2770215682761116
lstm_features_1_3_ts42_recency,lstm_features_1_3,"LSTM with Features 1&3 (42 TimeSteps), Weighted Ensemble",DEEP_LEARNING,12_16,POS,AVERAGE,42.0,recency,243,-1.2633070333333334,0.4395540000000011,15.393180187028813,236.94999627033638,3.52802626872428,0.7925056000000001,6.338559184605383,16.623209989960525,0.06176631959350578
lstm_features_1_3_ts42_recency,lstm_features_1_3,"LSTM with Features 1&3 (42 TimeSteps), Weighted Ensemble",DEEP_LEARNING,12_16,POS,MARGINAL,42.0,recency,243,-8.694460072839505,0.7841959999999997,92.24696363694535,8509.50230023592,13.20286185802469,1.606992,8.995878171051647,93.2102494490528,0.018159336333442178
lstm_features_1_3_ts42_recency,lstm_features_1_3,"LSTM with Features 1&3 (42 TimeSteps), Weighted Ensemble",DEEP_LEARNING,16_20,NEG,AVERAGE,42.0,recency,243,-0.04975951777777804,0.64312544,2.890990861991693,8.357828164119471,2.1507358630452678,1.4830881299999998,6.061456616337256,7.337457645105881,0.7316429779888424
lstm_features_1_3_ts42_recency,lstm_features_1_3,"LSTM with Features 1&3 (42 TimeSteps), Weighted Ensemble",DEEP_LEARNING,16_20,NEG,MARGINAL,42.0,recency,243,0.298426881563786,0.9900281999999998,5.174012403427874,26.770404350825483,3.0590038111934152,1.9434500000000003,8.135038816118314,10.025695724674444,0.46843077421731527
lstm_features_1_3_ts42_recency,lstm_features_1_3,"LSTM with Features 1&3 (42 TimeSteps), Weighted Ensemble",DEEP_LEARNING,16_20,POS,AVERAGE,42.0,recency,243,-3.2943352345679013,0.2898940000000003,16.908787233323775,285.9070857018131,6.9814657654321,2.650213000000001,12.631844061884829,25.02977580457957,0.30904507842501994
lstm_features_1_3_ts42_recency,lstm_features_1_3,"LSTM with Features 1&3 (42 TimeSteps), Weighted Ensemble",DEEP_LEARNING,16_20,POS,MARGINAL,42.0,recency,243,-6.431640372427984,0.8943860000000008,34.602713640956445,1197.3477913180332,14.3136768127572,4.446832999999998,24.158069430520513,42.0419256592193,0.13405439605275196
lstm_features_1_3_ts42_recency,lstm_features_1_3,"LSTM with Features 1&3 (42 TimeSteps), Weighted Ensemble",DEEP_LEARNING,20_24,NEG,AVERAGE,42.0,recency,243,1.0013618563374487,0.6632727999999999,1.123859177755859,1.2630594514260758,1.03320941436214,0.6778829,2.4499503240518976,1.6583956077090714,0.44528642707270566
lstm_features_1_3_ts42_recency,lstm_features_1_3,"LSTM with Features 1&3 (42 TimeSteps), Weighted Ensemble",DEEP_LEARNING,20_24,NEG,MARGINAL,42.0,recency,243,1.6079863807407409,1.1724670000000001,2.115464011298429,4.47518798309884,1.8735030441152265,1.267042,3.884550960922725,2.883929212336049,0.286209598154228
lstm_features_1_3_ts42_recency,lstm_features_1_3,"LSTM with Features 1&3 (42 TimeSteps), Weighted Ensemble",DEEP_LEARNING,20_24,POS,AVERAGE,42.0,recency,243,-0.6692220308641975,0.07349200000000078,2.748475426554768,7.554117170375413,1.8065544127572015,0.9168099999999999,7.711659698033279,9.226842324694095,0.3770346988959644
lstm_features_1_3_ts42_recency,lstm_features_1_3,"LSTM with Features 1&3 (42 TimeSteps), Weighted Ensemble",DEEP_LEARNING,20_24,POS,MARGINAL,42.0,recency,243,0.20802485349794264,1.5677100000000017,6.152921721288639,37.858445708305545,4.317504133333333,3.1975103999999996,8.853382206064374,12.517591406746885,0.4328677637370399
lstm_features_1_3_ts42_single,lstm_features_1_3,"LSTM with Features 1&3 (42 TimeSteps), Single",DEEP_LEARNING,00_04,NEG,AVERAGE,42.0,single,243,0.06782596008230461,0.16620299999999988,3.304899733209439,10.922362246567822,1.5976522119341563,0.6486783000000003,6.870895439019102,6.010759859506859,0.4206507856949901
lstm_features_1_3_ts42_single,lstm_features_1_3,"LSTM with Features 1&3 (42 TimeSteps), Single",DEEP_LEARNING,00_04,NEG,MARGINAL,42.0,single,243,-3.4528498279835396,-2.0461577,7.26702425218965,52.80964148191254,4.4909373909465025,2.2672529999999997,7.890976383714402,10.552818626231158,0.22491447619545585
lstm_features_1_3_ts42_single,lstm_features_1_3,"LSTM with Features 1&3 (42 TimeSteps), Single",DEEP_LEARNING,00_04,POS,AVERAGE,42.0,single,243,0.1914348880658436,0.17969180000000007,0.9524234214320908,0.90711037369241,0.4639775547325103,0.2611367999999996,1.7599234949938238,1.7587844462463593,-0.10576529651664933
lstm_features_1_3_ts42_single,lstm_features_1_3,"LSTM with Features 1&3 (42 TimeSteps), Single",DEEP_LEARNING,00_04,POS,MARGINAL,42.0,single,243,1.0140420098765432,0.7505337999999999,2.637103678826157,6.954315812878451,1.7239156255144032,1.080895,3.0325387205288608,2.8277430295569976,0.24598607106954093
lstm_features_1_3_ts42_single,lstm_features_1_3,"LSTM with Features 1&3 (42 TimeSteps), Single",DEEP_LEARNING,04_08,NEG,AVERAGE,42.0,single,243,-0.07984995185185183,0.00514619999999999,2.117374512672567,4.48327482691539,1.4731447633744856,1.0246429,4.251712107046004,4.010206206432753,0.4155892916366898
lstm_features_1_3_ts42_single,lstm_features_1_3,"LSTM with Features 1&3 (42 TimeSteps), Single",DEEP_LEARNING,04_08,NEG,MARGINAL,42.0,single,243,0.3400243201646091,0.4469951999999999,6.008323350250421,36.099949481164444,2.4476967761316875,0.9396351999999997,8.145425785456279,7.568635942132023,0.16283412359777752
lstm_features_1_3_ts42_single,lstm_features_1_3,"LSTM with Features 1&3 (42 TimeSteps), Single",DEEP_LEARNING,04_08,POS,AVERAGE,42.0,single,243,-0.32006006666666664,0.4190360000000002,3.8787095208683873,15.044387547275075,1.7602271251028805,1.112404999999999,3.6101905373487724,4.976233944206753,0.22431190813648202
lstm_features_1_3_ts42_single,lstm_features_1_3,"LSTM with Features 1&3 (42 TimeSteps), Single",DEEP_LEARNING,04_08,POS,MARGINAL,42.0,single,243,-3.1888218152263375,-0.38907200000000053,20.50456135733849,420.4370364568588,4.706020382304528,1.6184209999999997,3.8400787488817816,20.651499955769342,0.06000295754505675
lstm_features_1_3_ts42_single,lstm_features_1_3,"LSTM with Features 1&3 (42 TimeSteps), Single",DEEP_LEARNING,08_12,NEG,AVERAGE,42.0,single,243,0.038374594650205616,0.2704062999999999,3.39389347911035,11.518512947547755,1.6716078185185186,0.6842307000000001,10.128602034002753,10.560167175756378,0.13457036794071378
lstm_features_1_3_ts42_single,lstm_features_1_3,"LSTM with Features 1&3 (42 TimeSteps), Single",DEEP_LEARNING,08_12,NEG,MARGINAL,42.0,single,243,-1.9865188576131687,0.49210500000000224,18.22782862396578,332.2537363446662,6.232037963786009,2.5662936,10.94140304873315,21.835945348868762,0.14418021027788064
lstm_features_1_3_ts42_single,lstm_features_1_3,"LSTM with Features 1&3 (42 TimeSteps), Single",DEEP_LEARNING,08_12,POS,AVERAGE,42.0,single,243,-0.6534008983539096,0.7943979999999993,7.157890408975687,51.235395106906125,3.4854274876543214,1.5358349999999987,8.448659904612162,10.609856590555522,0.001024434500946551
lstm_features_1_3_ts42_single,lstm_features_1_3,"LSTM with Features 1&3 (42 TimeSteps), Single",DEEP_LEARNING,08_12,POS,MARGINAL,42.0,single,243,-4.910354515226338,-0.10522899999999957,16.26848775423568,264.6636938097162,6.794369158847736,1.584124000000001,9.240782714770827,19.567372197604406,0.07220630657240651
lstm_features_1_3_ts42_single,lstm_features_1_3,"LSTM with Features 1&3 (42 TimeSteps), Single",DEEP_LEARNING,12_16,NEG,AVERAGE,42.0,single,243,-1.9375736934156378,-0.9345324000000002,4.760980638140731,22.666936636750926,3.302998119753087,1.8972899999999981,20.87719006289516,21.644676250389573,0.5429666323970276
lstm_features_1_3_ts42_single,lstm_features_1_3,"LSTM with Features 1&3 (42 TimeSteps), Single",DEEP_LEARNING,12_16,NEG,MARGINAL,42.0,single,243,-3.0763931652674903,-1.8376064,27.93993986348164,780.6402395749706,9.745171316707818,4.051287,32.11866416434719,35.66761617912996,0.17879113211740488
lstm_features_1_3_ts42_single,lstm_features_1_3,"LSTM with Features 1&3 (42 TimeSteps), Single",DEEP_LEARNING,12_16,POS,AVERAGE,42.0,single,243,-2.0773214074074073,-0.3058455000000002,15.273667043123163,233.28490494418665,3.0723834000000005,0.7340136999999993,6.636575065840366,16.623209989960525,-0.026302409913781608
lstm_features_1_3_ts42_single,lstm_features_1_3,"LSTM with Features 1&3 (42 TimeSteps), Single",DEEP_LEARNING,12_16,POS,MARGINAL,42.0,single,243,-8.787565444444445,0.5228099999999998,91.9476129199225,8454.3635216719,12.513318882304528,1.3315870000000007,9.638634607723585,93.2102494490528,-0.005206564220218048
lstm_features_1_3_ts42_single,lstm_features_1_3,"LSTM with Features 1&3 (42 TimeSteps), Single",DEEP_LEARNING,16_20,NEG,AVERAGE,42.0,single,243,-0.15686273181069954,0.41997130000000005,2.3838500325973175,5.682740977914232,1.6224512846502057,0.9059089999999994,5.977118609229369,7.337457645105881,0.823842652337439
lstm_features_1_3_ts42_single,lstm_features_1_3,"LSTM with Features 1&3 (42 TimeSteps), Single",DEEP_LEARNING,16_20,NEG,MARGINAL,42.0,single,243,0.20255910600823043,0.8361990000000006,4.957884562946118,24.580619339499425,2.705397808148148,1.8621462999999996,7.807436273260018,10.025695724674444,0.4419984787858623
lstm_features_1_3_ts42_single,lstm_features_1_3,"LSTM with Features 1&3 (42 TimeSteps), Single",DEEP_LEARNING,16_20,POS,AVERAGE,42.0,single,243,-2.2879603374485593,0.5981860000000001,17.037647854976687,290.28144443019164,6.943555901234568,2.2027199999999993,15.72353679772593,25.02977580457957,0.10924948134077767
lstm_features_1_3_ts42_single,lstm_features_1_3,"LSTM with Features 1&3 (42 TimeSteps), Single",DEEP_LEARNING,16_20,POS,MARGINAL,42.0,single,243,-10.01572320164609,-1.3160699999999999,35.35098185575254,1249.6919181657456,14.249694901234571,3.1747660000000018,23.195587600901238,42.0419256592193,0.11308129769211069
lstm_features_1_3_ts42_single,lstm_features_1_3,"LSTM with Features 1&3 (42 TimeSteps), Single",DEEP_LEARNING,20_24,NEG,AVERAGE,42.0,single,243,0.4687962509876544,0.37763570000000035,0.652222741763321,0.4253945048732637,0.5496470954320988,0.39217269999999993,1.9975360938194164,1.6583956077090714,0.418024042231249
lstm_features_1_3_ts42_single,lstm_features_1_3,"LSTM with Features 1&3 (42 TimeSteps), Single",DEEP_LEARNING,20_24,NEG,MARGINAL,42.0,single,243,1.088217685020576,0.7347957999999997,1.9303663565234035,3.72631427039744,1.4693045220576133,0.9580020000000005,3.536928387487047,2.883929212336049,0.3216196936446838
lstm_features_1_3_ts42_single,lstm_features_1_3,"LSTM with Features 1&3 (42 TimeSteps), Single",DEEP_LEARNING,20_24,POS,AVERAGE,42.0,single,243,0.57714116872428,0.37035200000000046,2.074145372198056,4.302079025010612,1.37100324691358,0.676126,9.240941735294246,9.226842324694095,0.24224411695919304
lstm_features_1_3_ts42_single,lstm_features_1_3,"LSTM with Features 1&3 (42 TimeSteps), Single",DEEP_LEARNING,20_24,POS,MARGINAL,42.0,single,243,-0.710680955144033,0.352718000000003,5.905743180848532,34.877802518138935,3.669615923045267,2.1932849999999995,8.909590261373502,12.517591406746885,0.28912886400263227
lstm_features_1_4_ts168_ensemble,lstm_features_1_4,"LSTM with Features 1&4 (168 TimeSteps), Ensemble",DEEP_LEARNING,00_04,NEG,AVERAGE,168.0,ensemble,243,-1.2333932950617283,-0.6947371999999996,2.563654323980811,6.57232349286551,1.594518634979424,0.8161095999999999,5.234246022181571,6.010759859506859,0.2522418337402151
lstm_features_1_4_ts168_ensemble,lstm_features_1_4,"LSTM with Features 1&4 (168 TimeSteps), Ensemble",DEEP_LEARNING,00_04,NEG,MARGINAL,168.0,ensemble,243,-2.6718571382716054,-1.1598130000000002,6.616975189077451,43.78436065286657,3.5175554716049384,1.3668629999999986,7.800107113760719,10.552818626231158,0.12361253763084686
lstm_features_1_4_ts168_ensemble,lstm_features_1_4,"LSTM with Features 1&4 (168 TimeSteps), Ensemble",DEEP_LEARNING,00_04,POS,AVERAGE,168.0,ensemble,243,1.0817199123456789,0.8667446000000005,1.1176587604186017,1.2491611047404454,1.190057213580247,0.8725700000000005,2.0361459370483397,1.7587844462463593,0.4649337691444981
lstm_features_1_4_ts168_ensemble,lstm_features_1_4,"LSTM with Features 1&4 (168 TimeSteps), Ensemble",DEEP_LEARNING,00_04,POS,MARGINAL,168.0,ensemble,243,2.716584090123457,2.5032813000000003,2.714130794717514,7.366505970833923,3.1124229271604937,2.5658618,2.96099051418454,2.8277430295569976,0.4231927683345366
lstm_features_1_4_ts168_ensemble,lstm_features_1_4,"LSTM with Features 1&4 (168 TimeSteps), Ensemble",DEEP_LEARNING,04_08,NEG,AVERAGE,168.0,ensemble,243,-0.4229889152263374,-0.19848869999999952,1.3248020340534654,1.7551004294321995,0.8076797679012346,0.4057340000000025,3.858869671557446,4.010206206432753,0.2901416030590033
lstm_features_1_4_ts168_ensemble,lstm_features_1_4,"LSTM with Features 1&4 (168 TimeSteps), Ensemble",DEEP_LEARNING,04_08,NEG,MARGINAL,168.0,ensemble,243,-1.4802581658436214,-0.5642893,4.775571165094139,22.806079952878587,1.9860671543209876,0.8066554999999997,5.670730046765382,7.568635942132023,0.06890449115302891
lstm_features_1_4_ts168_ensemble,lstm_features_1_4,"LSTM with Features 1&4 (168 TimeSteps), Ensemble",DEEP_LEARNING,04_08,POS,AVERAGE,168.0,ensemble,243,-0.808492674074074,-0.21371499999999877,3.8127242950432687,14.53686655001319,1.7557927802469138,0.9417419999999996,3.4195360070981278,4.976233944206753,0.2755422478607684
lstm_features_1_4_ts168_ensemble,lstm_features_1_4,"LSTM with Features 1&4 (168 TimeSteps), Ensemble",DEEP_LEARNING,04_08,POS,MARGINAL,168.0,ensemble,243,-2.0855297432098765,0.27875099999999975,20.3433683594616,413.8526362087434,4.682587486419753,2.021699999999999,5.137918262734838,20.651499955769342,0.07378964866650513
lstm_features_1_4_ts168_ensemble,lstm_features_1_4,"LSTM with Features 1&4 (168 TimeSteps), Ensemble",DEEP_LEARNING,08_12,NEG,AVERAGE,168.0,ensemble,243,-2.7303656522633744,-0.6622352,5.01100082012458,25.11012921928921,3.27085679218107,1.4925580999999999,6.95792230345533,10.560167175756378,0.6708156707804224
lstm_features_1_4_ts168_ensemble,lstm_features_1_4,"LSTM with Features 1&4 (168 TimeSteps), Ensemble",DEEP_LEARNING,08_12,NEG,MARGINAL,168.0,ensemble,243,-4.713073796296296,-0.5013183999999999,17.9205710497529,321.1468667492418,6.300879679423868,2.0997000000000003,9.253464179224471,21.835945348868762,0.15563179753797163
lstm_features_1_4_ts168_ensemble,lstm_features_1_4,"LSTM with Features 1&4 (168 TimeSteps), Ensemble",DEEP_LEARNING,08_12,POS,AVERAGE,168.0,ensemble,243,-2.274302804115226,-0.3427429999999987,7.187644236196238,51.66222966612501,3.344703807407407,1.1470175999999999,6.503672572057341,10.609856590555522,0.23255672686551368
lstm_features_1_4_ts168_ensemble,lstm_features_1_4,"LSTM with Features 1&4 (168 TimeSteps), Ensemble",DEEP_LEARNING,08_12,POS,MARGINAL,168.0,ensemble,243,-4.711255017695473,-0.33130499999999685,16.105135444164443,259.37538767488184,7.548150305761316,2.4169300000000007,9.301322257783564,19.567372197604406,0.17495073936791286
lstm_features_1_4_ts168_ensemble,lstm_features_1_4,"LSTM with Features 1&4 (168 TimeSteps), Ensemble",DEEP_LEARNING,12_16,NEG,AVERAGE,168.0,ensemble,243,-6.199454497530864,-4.398246999999998,6.603167915248869,43.601826516972096,6.396306476131688,4.613334999999999,17.450952501160156,21.644676250389573,0.7755898398313305
lstm_features_1_4_ts168_ensemble,lstm_features_1_4,"LSTM with Features 1&4 (168 TimeSteps), Ensemble",DEEP_LEARNING,12_16,NEG,MARGINAL,168.0,ensemble,243,-8.145484801358025,-4.498893000000001,26.370588075308167,695.4079154375852,10.110643766790124,6.195687999999999,25.049594714122193,35.66761617912996,0.10366585304120944
lstm_features_1_4_ts168_ensemble,lstm_features_1_4,"LSTM with Features 1&4 (168 TimeSteps), Ensemble",DEEP_LEARNING,12_16,POS,AVERAGE,168.0,ensemble,243,-2.078726262139918,0.0690400000000011,15.345100792255936,235.47211832449375,3.0261590135802465,0.6741320000000002,5.604525377026595,16.623209989960525,0.03767150327970286
lstm_features_1_4_ts168_ensemble,lstm_features_1_4,"LSTM with Features 1&4 (168 TimeSteps), Ensemble",DEEP_LEARNING,12_16,POS,MARGINAL,168.0,ensemble,243,-10.026968924279837,0.6861519999999999,92.53169208280826,8562.114039707641,12.952173850205758,1.9988479999999988,6.811088184568607,93.2102494490528,0.021130887215399387
lstm_features_1_4_ts168_ensemble,lstm_features_1_4,"LSTM with Features 1&4 (168 TimeSteps), Ensemble",DEEP_LEARNING,16_20,NEG,AVERAGE,168.0,ensemble,243,-1.0383422052263376,0.1798476,2.459572299668716,6.049495897297656,1.736633354855967,0.8227981,5.2418608491272485,7.337457645105881,0.8547509655560505
lstm_features_1_4_ts168_ensemble,lstm_features_1_4,"LSTM with Features 1&4 (168 TimeSteps), Ensemble",DEEP_LEARNING,16_20,NEG,MARGINAL,168.0,ensemble,243,-2.0646838182716043,0.3033261999999999,5.491281041812368,30.154167480167924,3.314580715308642,1.48438342,5.442219532328245,10.025695724674444,0.5995888960659895
lstm_features_1_4_ts168_ensemble,lstm_features_1_4,"LSTM with Features 1&4 (168 TimeSteps), Ensemble",DEEP_LEARNING,16_20,POS,AVERAGE,168.0,ensemble,243,-5.858205954732511,-1.7547540000000001,17.3370295270178,300.57259282068713,7.052737061728395,2.1680100000000007,12.468444924573403,25.02977580457957,0.28128763569182996
lstm_features_1_4_ts168_ensemble,lstm_features_1_4,"LSTM with Features 1&4 (168 TimeSteps), Ensemble",DEEP_LEARNING,16_20,POS,MARGINAL,168.0,ensemble,243,-11.811923335390944,-2.3966980000000007,32.25622523379696,1040.4640663334399,13.748013590534981,4.175286999999997,13.827611697896659,42.0419256592193,0.4186887796630458
lstm_features_1_4_ts168_ensemble,lstm_features_1_4,"LSTM with Features 1&4 (168 TimeSteps), Ensemble",DEEP_LEARNING,20_24,NEG,AVERAGE,168.0,ensemble,243,0.4255350076131687,0.4379210000000011,0.6420637446238274,0.4122458521603715,0.5866340774897119,0.5135722999999999,1.700375824550057,1.6583956077090714,0.5044785419247021
lstm_features_1_4_ts168_ensemble,lstm_features_1_4,"LSTM with Features 1&4 (168 TimeSteps), Ensemble",DEEP_LEARNING,20_24,NEG,MARGINAL,168.0,ensemble,243,0.37903204037037036,0.5550563,1.4567686431835902,2.1221748797629583,1.028689807037037,0.6950581,2.5779932068968923,2.883929212336049,0.09790725057517403
lstm_features_1_4_ts168_ensemble,lstm_features_1_4,"LSTM with Features 1&4 (168 TimeSteps), Ensemble",DEEP_LEARNING,20_24,POS,AVERAGE,168.0,ensemble,243,-1.6250096502057614,-0.3808000000000007,3.193038681061589,10.19549601875553,2.484867552263374,1.403086,6.728256686015379,9.226842324694095,0.7978841216423695
lstm_features_1_4_ts168_ensemble,lstm_features_1_4,"LSTM with Features 1&4 (168 TimeSteps), Ensemble",DEEP_LEARNING,20_24,POS,MARGINAL,168.0,ensemble,243,-1.3878294329218102,0.29864900000000105,6.645015193940975,44.15622692770641,4.112217488888889,2.8729340000000008,7.981808071067795,12.517591406746885,0.4177902474565383
lstm_features_1_4_ts168_recency,lstm_features_1_4,"LSTM with Features 1&4 (168 TimeSteps), Weighted Ensemble",DEEP_LEARNING,00_04,NEG,AVERAGE,168.0,recency,243,-0.2859049530864198,-0.15016319999999972,2.7068577893951082,7.327079092008973,1.35768341563786,0.48694729999999975,6.214074426587768,6.010759859506859,0.18495896863000894
lstm_features_1_4_ts168_recency,lstm_features_1_4,"LSTM with Features 1&4 (168 TimeSteps), Weighted Ensemble",DEEP_LEARNING,00_04,NEG,MARGINAL,168.0,recency,243,-1.747825996707819,-0.48745299999999947,6.484187836086584,42.044691893653216,3.1636615119341567,1.0741360000000002,8.773852749100984,10.552818626231158,0.0997279566931554
lstm_features_1_4_ts168_recency,lstm_features_1_4,"LSTM with Features 1&4 (168 TimeSteps), Weighted Ensemble",DEEP_LEARNING,00_04,POS,AVERAGE,168.0,recency,243,0.45378919053497946,0.2493401999999998,1.0180419411753123,1.0364093939919983,0.6573160588477367,0.3193519,1.8910744212019666,1.7587844462463593,0.34861052670685166
lstm_features_1_4_ts168_recency,lstm_features_1_4,"LSTM with Features 1&4 (168 TimeSteps), Weighted Ensemble",DEEP_LEARNING,00_04,POS,MARGINAL,168.0,recency,243,0.9182909082304527,0.8427282000000007,2.301026313327792,5.2947220946268905,1.5593483205761314,0.9652807999999999,2.4063852355068476,2.8277430295569976,0.28296072077619694
lstm_features_1_4_ts168_recency,lstm_features_1_4,"LSTM with Features 1&4 (168 TimeSteps), Weighted Ensemble",DEEP_LEARNING,04_08,NEG,AVERAGE,168.0,recency,243,0.05891046131687248,0.044140200000000185,1.2322887455278217,1.5185355523545325,0.6255907172839505,0.27115700000000054,4.266968467880155,4.010206206432753,0.14095283653803561
lstm_features_1_4_ts168_recency,lstm_features_1_4,"LSTM with Features 1&4 (168 TimeSteps), Weighted Ensemble",DEEP_LEARNING,04_08,NEG,MARGINAL,168.0,recency,243,-1.0977831230452675,-0.37659799999999954,4.634126728176708,21.475130532801753,1.7812517781893005,0.7098695999999993,6.035499251407117,7.568635942132023,0.025469957185864825
lstm_features_1_4_ts168_recency,lstm_features_1_4,"LSTM with Features 1&4 (168 TimeSteps), Weighted Ensemble",DEEP_LEARNING,04_08,POS,AVERAGE,168.0,recency,243,-1.0483676300411522,-0.42244299999999946,3.8153507257573303,14.556901160536988,1.827408869547325,0.9543409999999994,3.4099316786069545,4.976233944206753,0.22449856692115633
lstm_features_1_4_ts168_recency,lstm_features_1_4,"LSTM with Features 1&4 (168 TimeSteps), Weighted Ensemble",DEEP_LEARNING,04_08,POS,MARGINAL,168.0,recency,243,-2.9107150333333327,-0.8248309999999996,20.286447894509255,411.5399681766389,4.957961763374486,2.1301699999999997,5.074517738594256,20.651499955769342,0.05817168474944563
lstm_features_1_4_ts168_recency,lstm_features_1_4,"LSTM with Features 1&4 (168 TimeSteps), Weighted Ensemble",DEEP_LEARNING,08_12,NEG,AVERAGE,168.0,recency,243,-1.3291789020576135,-0.06955029999999995,3.831905825228044,14.683502253416618,2.0404088032921814,0.8255154,8.370668022463013,10.560167175756378,0.4483489767672413
lstm_features_1_4_ts168_recency,lstm_features_1_4,"LSTM with Features 1&4 (168 TimeSteps), Weighted Ensemble",DEEP_LEARNING,08_12,NEG,MARGINAL,168.0,recency,243,-3.2580924576131682,-0.13646760000000002,17.05978273498224,291.03618696479805,5.3390636683127575,1.6985710000000012,10.924033947390472,21.835945348868762,0.07336122076605033
lstm_features_1_4_ts168_recency,lstm_features_1_4,"LSTM with Features 1&4 (168 TimeSteps), Weighted Ensemble",DEEP_LEARNING,08_12,POS,AVERAGE,168.0,recency,243,-1.0333105983539095,0.6214410000000008,7.0576862782772185,49.81093560258254,3.315175442798354,1.401401,7.592336907462008,10.609856590555522,0.09106800002214833
lstm_features_1_4_ts168_recency,lstm_features_1_4,"LSTM with Features 1&4 (168 TimeSteps), Weighted Ensemble",DEEP_LEARNING,08_12,POS,MARGINAL,168.0,recency,243,-2.3939377555555557,1.0635899999999996,15.680751660289694,245.885972631678,7.421494400823045,2.9410248,11.311075072422634,19.567372197604406,0.11621526967932617
lstm_features_1_4_ts168_recency,lstm_features_1_4,"LSTM with Features 1&4 (168 TimeSteps), Weighted Ensemble",DEEP_LEARNING,12_16,NEG,AVERAGE,168.0,recency,243,-1.7403518100823046,-1.0441023999999999,4.774964228721276,22.800283385567777,3.216944333539095,1.6653939999999992,21.589956499260353,21.644676250389573,0.4584704790480743
lstm_features_1_4_ts168_recency,lstm_features_1_4,"LSTM with Features 1&4 (168 TimeSteps), Weighted Ensemble",DEEP_LEARNING,12_16,NEG,MARGINAL,168.0,recency,243,-3.447624818518518,-1.5590052000000005,26.505130911467887,702.5219646340505,7.795271814403292,3.3570320000000002,29.69271011391778,35.66761617912996,0.08458317367400982
lstm_features_1_4_ts168_recency,lstm_features_1_4,"LSTM with Features 1&4 (168 TimeSteps), Weighted Ensemble",DEEP_LEARNING,12_16,POS,AVERAGE,168.0,recency,243,-1.9851385098765433,0.041392000000000095,15.311290581939488,234.43561928458885,3.0546790802469137,0.5500190000000007,6.28316326474371,16.623209989960525,-1.441463899327041e-05
lstm_features_1_4_ts168_recency,lstm_features_1_4,"LSTM with Features 1&4 (168 TimeSteps), Weighted Ensemble",DEEP_LEARNING,12_16,POS,MARGINAL,168.0,recency,243,-10.030055795884772,0.11094600000000021,92.34916148098387,8528.367626240835,12.394227517695475,1.4652150000000006,7.939850197316757,93.2102494490528,0.012001335342836341
lstm_features_1_4_ts168_recency,lstm_features_1_4,"LSTM with Features 1&4 (168 TimeSteps), Weighted Ensemble",DEEP_LEARNING,16_20,NEG,AVERAGE,168.0,recency,243,-0.2280084628806584,0.13188449999999996,1.4364733777832768,2.063455765080097,0.8203980911934156,0.390039,6.463904597288934,7.337457645105881,0.403650291900801
lstm_features_1_4_ts168_recency,lstm_features_1_4,"LSTM with Features 1&4 (168 TimeSteps), Weighted Ensemble",DEEP_LEARNING,16_20,NEG,MARGINAL,168.0,recency,243,-1.3791229714403295,0.2453449000000001,4.40928821974299,19.441822604764305,2.3663973004938272,0.9547509999999999,6.644796757240857,10.025695724674444,0.41119892255396984
lstm_features_1_4_ts168_recency,lstm_features_1_4,"LSTM with Features 1&4 (168 TimeSteps), Weighted Ensemble",DEEP_LEARNING,16_20,POS,AVERAGE,168.0,recency,243,-3.090547522633745,-0.06786100000000062,16.691259488452292,278.5981433108486,6.485477378600823,1.8108400000000007,15.765809587034305,25.02977580457957,0.10216425744267926
lstm_features_1_4_ts168_recency,lstm_features_1_4,"LSTM with Features 1&4 (168 TimeSteps), Weighted Ensemble",DEEP_LEARNING,16_20,POS,MARGINAL,168.0,recency,243,-7.2550985444444445,0.7674880000000002,30.222166215895296,913.3793307812031,12.216346552674896,3.7313669999999988,17.97403191644201,42.0419256592193,0.3206961841053576
lstm_features_1_4_ts168_recency,lstm_features_1_4,"LSTM with Features 1&4 (168 TimeSteps), Weighted Ensemble",DEEP_LEARNING,20_24,NEG,AVERAGE,168.0,recency,243,0.1017636100823045,0.12139169999999988,0.4903811867884124,0.2404737083560118,0.32861001650205757,0.2272147,1.6018225846497423,1.6583956077090714,0.14667750972140914
lstm_features_1_4_ts168_recency,lstm_features_1_4,"LSTM with Features 1&4 (168 TimeSteps), Weighted Ensemble",DEEP_LEARNING,20_24,NEG,MARGINAL,168.0,recency,243,-0.05927320135802469,0.15627489999999988,1.3971990055370227,1.9521650610736452,0.7764856574074073,0.4056065000000002,2.4662551609997743,2.883929212336049,-0.03901159955820131
lstm_features_1_4_ts168_recency,lstm_features_1_4,"LSTM with Features 1&4 (168 TimeSteps), Weighted Ensemble",DEEP_LEARNING,20_24,POS,AVERAGE,168.0,recency,243,-0.596384008641975,-0.2386210000000002,2.1691223656952485,4.705091837359351,1.5171273057613168,1.0087660000000014,7.882662516168755,9.226842324694095,0.5105685687986218
lstm_features_1_4_ts168_recency,lstm_features_1_4,"LSTM with Features 1&4 (168 TimeSteps), Weighted Ensemble",DEEP_LEARNING,20_24,POS,MARGINAL,168.0,recency,243,-1.2949241032921812,0.1415059999999997,5.684230360447404,32.31047479063202,3.124351045679013,2.2407419999999973,8.698618822899032,12.517591406746885,0.26940200072736137
lstm_features_1_4_ts168_single,lstm_features_1_4,"LSTM with Features 1&4 (168 TimeSteps), Single",DEEP_LEARNING,00_04,NEG,AVERAGE,168.0,single,243,0.06528953580246914,0.327477,2.4428703181421136,5.967615391259751,1.2914147275720163,0.5937609999999998,5.82365815769249,6.010759859506859,-0.00910339505848287
lstm_features_1_4_ts168_single,lstm_features_1_4,"LSTM with Features 1&4 (168 TimeSteps), Single",DEEP_LEARNING,00_04,NEG,MARGINAL,168.0,single,243,-2.0928180152263374,-0.2901783,6.256967918408907,39.14964753199828,2.917685840740741,0.8274229999999996,6.966004965385384,10.552818626231158,0.06661521583336535
lstm_features_1_4_ts168_single,lstm_features_1_4,"LSTM with Features 1&4 (168 TimeSteps), Single",DEEP_LEARNING,00_04,POS,AVERAGE,168.0,single,243,0.30745254156378604,0.2289823000000002,0.9357290950714799,0.8755889393632909,0.5339173580246913,0.29574170000000066,1.7883174350614224,1.7587844462463593,0.04382195937664813
lstm_features_1_4_ts168_single,lstm_features_1_4,"LSTM with Features 1&4 (168 TimeSteps), Single",DEEP_LEARNING,00_04,POS,MARGINAL,168.0,single,243,0.2973522312757202,0.28272239999999993,2.178455015511857,4.745666254608766,1.1107324312757203,0.5644090000000004,2.3728884607617884,2.8277430295569976,0.0915015696998996
lstm_features_1_4_ts168_single,lstm_features_1_4,"LSTM with Features 1&4 (168 TimeSteps), Single",DEEP_LEARNING,04_08,NEG,AVERAGE,168.0,single,243,-0.11395707530864194,0.07257900000000017,1.183875337655019,1.4015608151077854,0.6655513304526748,0.3317005000000002,3.862581710827261,4.010206206432753,0.04228480142629731
lstm_features_1_4_ts168_single,lstm_features_1_4,"LSTM with Features 1&4 (168 TimeSteps), Single",DEEP_LEARNING,04_08,NEG,MARGINAL,168.0,single,243,-0.14509751934156379,0.23524600000000007,4.556297636764183,20.75984815478288,1.7653893703703705,0.8024294000000003,6.796901349367728,7.568635942132023,0.028456237850872673
lstm_features_1_4_ts168_single,lstm_features_1_4,"LSTM with Features 1&4 (168 TimeSteps), Single",DEEP_LEARNING,04_08,POS,AVERAGE,168.0,single,243,0.03830620740740742,0.5590390000000003,3.8492236253805516,14.816522518187796,1.785458651851852,0.9883119999999996,4.161046003885746,4.976233944206753,0.06367500783410372
lstm_features_1_4_ts168_single,lstm_features_1_4,"LSTM with Features 1&4 (168 TimeSteps), Single",DEEP_LEARNING,04_08,POS,MARGINAL,168.0,single,243,-2.986692648148148,-0.6989099999999997,20.22358448929275,408.9933695955623,4.746642262962963,1.8304010000000002,5.255447046335134,20.651499955769342,0.025330040054554
lstm_features_1_4_ts168_single,lstm_features_1_4,"LSTM with Features 1&4 (168 TimeSteps), Single",DEEP_LEARNING,08_12,NEG,AVERAGE,168.0,single,243,-1.2526436687242801,-0.21229090000000017,3.3888568305156137,11.484350617732332,1.7742706563786008,0.5027949999999999,8.726721583596294,10.560167175756378,0.37585129667237804
lstm_features_1_4_ts168_single,lstm_features_1_4,"LSTM with Features 1&4 (168 TimeSteps), Single",DEEP_LEARNING,08_12,NEG,MARGINAL,168.0,single,243,-2.410851867489712,-0.046120500000000675,15.742867546678896,247.8378785922756,4.591313866666667,0.9868538,12.16440709091138,21.835945348868762,0.030676265966565683
lstm_features_1_4_ts168_single,lstm_features_1_4,"LSTM with Features 1&4 (168 TimeSteps), Single",DEEP_LEARNING,08_12,POS,AVERAGE,168.0,single,243,-0.7753798987654321,0.6608690000000017,7.011253649391615,49.157677736107246,3.331844869135803,1.3643550000000015,8.199693768097983,10.609856590555522,0.08315716503185827
lstm_features_1_4_ts168_single,lstm_features_1_4,"LSTM with Features 1&4 (168 TimeSteps), Single",DEEP_LEARNING,08_12,POS,MARGINAL,168.0,single,243,-0.8072458115226337,1.3219820000000002,15.218968614574582,231.61700569140618,7.323907866666666,3.0923810000000014,14.511622820517884,19.567372197604406,-0.027602247924700004
lstm_features_1_4_ts168_single,lstm_features_1_4,"LSTM with Features 1&4 (168 TimeSteps), Single",DEEP_LEARNING,12_16,NEG,AVERAGE,168.0,single,243,-2.567629267489712,-0.7792750000000002,4.535741500721849,20.572950961370488,3.123312195884774,1.1343099999999993,19.324044966240873,21.644676250389573,0.4206328629112004
lstm_features_1_4_ts168_single,lstm_features_1_4,"LSTM with Features 1&4 (168 TimeSteps), Single",DEEP_LEARNING,12_16,NEG,MARGINAL,168.0,single,243,-4.946080788477366,-2.036842,26.040894525547237,678.1281876906761,7.633429220576131,3.269120000000001,26.590096054962437,35.66761617912996,0.039543434604933925
lstm_features_1_4_ts168_single,lstm_features_1_4,"LSTM with Features 1&4 (168 TimeSteps), Single",DEEP_LEARNING,12_16,POS,AVERAGE,168.0,single,243,-2.1402246045267495,-0.4028956000000008,15.389505160543338,236.83686908639007,3.0099903987654324,0.6169019000000002,7.382118280218158,16.623209989960525,-0.12257145023155586
lstm_features_1_4_ts168_single,lstm_features_1_4,"LSTM with Features 1&4 (168 TimeSteps), Single",DEEP_LEARNING,12_16,POS,MARGINAL,168.0,single,243,-8.923004048148146,-0.2616209999999999,91.74650869764564,8417.421858207166,12.226342944444445,1.2640981,12.28251723229056,93.2102494490528,-0.024547084127329567
lstm_features_1_4_ts168_single,lstm_features_1_4,"LSTM with Features 1&4 (168 TimeSteps), Single",DEEP_LEARNING,16_20,NEG,AVERAGE,168.0,single,243,-0.2929071326748971,0.07444190000000006,1.4837299612526529,2.201454597918799,0.7860836716872427,0.23825610000000008,6.496020993930689,7.337457645105881,0.37477774889107
lstm_features_1_4_ts168_single,lstm_features_1_4,"LSTM with Features 1&4 (168 TimeSteps), Single",DEEP_LEARNING,16_20,NEG,MARGINAL,168.0,single,243,0.2573947356378601,0.5080416,3.8755726289357577,15.02006320215602,1.704919919588477,0.7560231,8.373634173700426,10.025695724674444,0.0880218783021887
lstm_features_1_4_ts168_single,lstm_features_1_4,"LSTM with Features 1&4 (168 TimeSteps), Single",DEEP_LEARNING,16_20,POS,AVERAGE,168.0,single,243,-2.1180112325102884,-0.44435550000000035,17.234846863891224,297.0399464217812,6.699846351851853,1.7425360000000012,20.308212810109595,25.02977580457957,-0.128402477028794
lstm_features_1_4_ts168_single,lstm_features_1_4,"LSTM with Features 1&4 (168 TimeSteps), Single",DEEP_LEARNING,16_20,POS,MARGINAL,168.0,single,243,-6.404375024691357,1.9401660000000014,31.8473573782204,1014.2541719760895,12.585901432098764,4.263627,15.024505037920092,42.0419256592193,0.41927196112981446
lstm_features_1_4_ts168_single,lstm_features_1_4,"LSTM with Features 1&4 (168 TimeSteps), Single",DEEP_LEARNING,20_24,NEG,AVERAGE,168.0,single,243,0.1048197365020576,0.1365042999999999,0.5019640862931165,0.2519679439280833,0.3411993290123456,0.22463499999999992,1.6931564702522937,1.6583956077090714,0.11227127025912925
lstm_features_1_4_ts168_single,lstm_features_1_4,"LSTM with Features 1&4 (168 TimeSteps), Single",DEEP_LEARNING,20_24,NEG,MARGINAL,168.0,single,243,-0.23032694539094645,0.12896109999999994,1.4563952990183444,2.121087267002733,0.7623352554320988,0.364117,2.2460434154796713,2.883929212336049,-0.08763990317755735
lstm_features_1_4_ts168_single,lstm_features_1_4,"LSTM with Features 1&4 (168 TimeSteps), Single",DEEP_LEARNING,20_24,POS,AVERAGE,168.0,single,243,-0.355227920164609,-0.2562850000000019,2.014477869003191,4.058121084703637,1.3714956625514403,0.9185559999999988,8.237309458909428,9.226842324694095,0.358214240099054
lstm_features_1_4_ts168_single,lstm_features_1_4,"LSTM with Features 1&4 (168 TimeSteps), Single",DEEP_LEARNING,20_24,POS,MARGINAL,168.0,single,243,0.07321325144032895,0.49502000000000024,5.162691198476658,26.65338041082835,2.7349779304526756,1.51722,10.187706752152039,12.517591406746885,0.12691928495499524
lstm_features_1_4_ts42_ensemble,lstm_features_1_4,"LSTM with Features 1&4 (42 TimeSteps), Ensemble",DEEP_LEARNING,00_04,NEG,AVERAGE,42.0,ensemble,243,-1.4836138650205761,-0.9676881999999996,2.6927894931901863,7.251115254635461,1.7962236600823047,1.0187838999999999,4.880153578156556,6.010759859506859,0.3087327209391576
lstm_features_1_4_ts42_ensemble,lstm_features_1_4,"LSTM with Features 1&4 (42 TimeSteps), Ensemble",DEEP_LEARNING,00_04,NEG,MARGINAL,42.0,ensemble,243,-2.9279772329218106,-1.3224833,6.64360120828333,44.137437014703714,3.6396145802469135,1.5512069,7.732987318754547,10.552818626231158,0.11427005816918948
lstm_features_1_4_ts42_ensemble,lstm_features_1_4,"LSTM with Features 1&4 (42 TimeSteps), Ensemble",DEEP_LEARNING,00_04,POS,AVERAGE,42.0,ensemble,243,1.1862404172839507,0.9794587000000003,1.2366492826653455,1.5293014483167133,1.3154991094650208,1.0217113999999996,2.1397669574160267,1.7587844462463593,0.4593259898166584
lstm_features_1_4_ts42_ensemble,lstm_features_1_4,"LSTM with Features 1&4 (42 TimeSteps), Ensemble",DEEP_LEARNING,00_04,POS,MARGINAL,42.0,ensemble,243,3.04923637654321,2.8168316,2.765485424585036,7.647909633592278,3.402498142798354,2.9016671,3.1594460560429853,2.8277430295569976,0.3624544634648967
lstm_features_1_4_ts42_ensemble,lstm_features_1_4,"LSTM with Features 1&4 (42 TimeSteps), Ensemble",DEEP_LEARNING,04_08,NEG,AVERAGE,42.0,ensemble,243,-0.7376302679012346,-0.3060814999999999,1.4710526652094034,2.163995943819689,0.9715989946502058,0.40544350000000007,3.3848377857977145,4.010206206432753,0.4218071800604212
lstm_features_1_4_ts42_ensemble,lstm_features_1_4,"LSTM with Features 1&4 (42 TimeSteps), Ensemble",DEEP_LEARNING,04_08,NEG,MARGINAL,42.0,ensemble,243,-1.4450663909465018,-0.5532149000000004,4.8105924779326825,23.141799988742505,1.9851463366255144,0.755445299999999,5.649818943860251,7.568635942132023,0.06350604143924261
lstm_features_1_4_ts42_ensemble,lstm_features_1_4,"LSTM with Features 1&4 (42 TimeSteps), Ensemble",DEEP_LEARNING,04_08,POS,AVERAGE,42.0,ensemble,243,-0.6689421769547326,-0.1075355000000009,3.868998034152141,14.969145788273131,1.7072294362139917,0.8475010000000003,3.920916994340512,4.976233944206753,0.28721040997309927
lstm_features_1_4_ts42_ensemble,lstm_features_1_4,"LSTM with Features 1&4 (42 TimeSteps), Ensemble",DEEP_LEARNING,04_08,POS,MARGINAL,42.0,ensemble,243,-2.3136304065843625,0.07969700000000124,20.41868683900947,416.9227722295386,4.611556930041153,1.7037185000000008,5.165413325760693,20.651499955769342,0.07401676643590012
lstm_features_1_4_ts42_ensemble,lstm_features_1_4,"LSTM with Features 1&4 (42 TimeSteps), Ensemble",DEEP_LEARNING,08_12,NEG,AVERAGE,42.0,ensemble,243,-2.760457572674897,-0.7285155000000003,4.660595646569272,21.721151780820446,3.0657270014814815,1.2082352999999997,7.332030108809457,10.560167175756378,0.6303498170688056
lstm_features_1_4_ts42_ensemble,lstm_features_1_4,"LSTM with Features 1&4 (42 TimeSteps), Ensemble",DEEP_LEARNING,08_12,NEG,MARGINAL,42.0,ensemble,243,-4.395610811934156,-0.5343299000000004,17.6764784098514,312.45788897394266,5.992591467901234,1.9055809999999997,9.813113493506627,21.835945348868762,0.13792699726704646
lstm_features_1_4_ts42_ensemble,lstm_features_1_4,"LSTM with Features 1&4 (42 TimeSteps), Ensemble",DEEP_LEARNING,08_12,POS,AVERAGE,42.0,ensemble,243,-1.5292271946502056,0.17264199999999974,7.174016280082493,51.466509586888655,3.472101020164609,1.4297170000000001,7.2203443676804335,10.609856590555522,0.22177326004486606
lstm_features_1_4_ts42_ensemble,lstm_features_1_4,"LSTM with Features 1&4 (42 TimeSteps), Ensemble",DEEP_LEARNING,08_12,POS,MARGINAL,42.0,ensemble,243,-5.70386322674897,-0.6934129999999996,16.14726618795231,260.73420534458796,7.371533665432099,2.002097000000001,8.62273064015302,19.567372197604406,0.16104911376962833
lstm_features_1_4_ts42_ensemble,lstm_features_1_4,"LSTM with Features 1&4 (42 TimeSteps), Ensemble",DEEP_LEARNING,12_16,NEG,AVERAGE,42.0,ensemble,243,-6.175763384773662,-4.3138944,6.6457955758294815,44.16659883571471,6.422377481069958,4.5473099999999995,17.716923364017152,21.644676250389573,0.7464783858947309
lstm_features_1_4_ts42_ensemble,lstm_features_1_4,"LSTM with Features 1&4 (42 TimeSteps), Ensemble",DEEP_LEARNING,12_16,NEG,MARGINAL,42.0,ensemble,243,-8.246153530246913,-4.928502,26.42459374583898,698.2591546326325,10.279858946707817,6.981057,25.40233165739745,35.66761617912996,0.10175959285705342
lstm_features_1_4_ts42_ensemble,lstm_features_1_4,"LSTM with Features 1&4 (42 TimeSteps), Ensemble",DEEP_LEARNING,12_16,POS,AVERAGE,42.0,ensemble,243,-0.875883371604938,1.0345870000000001,15.320090088800844,234.70516032897385,3.7404509790123464,1.380509,5.7355692458020835,16.623209989960525,0.09395528477591876
lstm_features_1_4_ts42_ensemble,lstm_features_1_4,"LSTM with Features 1&4 (42 TimeSteps), Ensemble",DEEP_LEARNING,12_16,POS,MARGINAL,42.0,ensemble,243,-8.188902661316874,2.214869,92.24981327449986,8510.028049180091,13.579798638271603,2.7095857,7.32966355498866,93.2102494490528,0.01965730971049917
lstm_features_1_4_ts42_ensemble,lstm_features_1_4,"LSTM with Features 1&4 (42 TimeSteps), Ensemble",DEEP_LEARNING,16_20,NEG,AVERAGE,42.0,ensemble,243,-1.3322800406584363,0.13293580000000005,2.6658698472096116,7.1068620422613975,1.9102705420576132,0.7691873,4.968753029147435,7.337457645105881,0.8591127870992932
lstm_features_1_4_ts42_ensemble,lstm_features_1_4,"LSTM with Features 1&4 (42 TimeSteps), Ensemble",DEEP_LEARNING,16_20,NEG,MARGINAL,42.0,ensemble,243,-1.9511986438683129,0.17960120000000002,5.327682436694377,28.384200146261737,3.148787686255144,1.405247000000001,5.677873107130223,10.025695724674444,0.5629344702958186
lstm_features_1_4_ts42_ensemble,lstm_features_1_4,"LSTM with Features 1&4 (42 TimeSteps), Ensemble",DEEP_LEARNING,16_20,POS,AVERAGE,42.0,ensemble,243,-4.158717352263374,-0.4911020000000015,16.351734458107618,267.37921978846407,6.745440903703703,2.6753549999999997,12.385281162322809,25.02977580457957,0.3555443732381414
lstm_features_1_4_ts42_ensemble,lstm_features_1_4,"LSTM with Features 1&4 (42 TimeSteps), Ensemble",DEEP_LEARNING,16_20,POS,MARGINAL,42.0,ensemble,243,-12.577287332510286,-2.7495842999999995,33.54122234708287,1125.0135965364516,14.320794661728392,4.096622999999999,12.112880890035372,42.0419256592193,0.44575070053699406
lstm_features_1_4_ts42_ensemble,lstm_features_1_4,"LSTM with Features 1&4 (42 TimeSteps), Ensemble",DEEP_LEARNING,20_24,NEG,AVERAGE,42.0,ensemble,243,0.3205336323045267,0.33090639999999993,0.5889775166385901,0.34689451510576075,0.5015428295061729,0.40505800000000036,1.6458229068244175,1.6583956077090714,0.41017312675905654
lstm_features_1_4_ts42_ensemble,lstm_features_1_4,"LSTM with Features 1&4 (42 TimeSteps), Ensemble",DEEP_LEARNING,20_24,NEG,MARGINAL,42.0,ensemble,243,0.3773236589711934,0.47346495,1.5467616346291402,2.39247155436061,1.0725585512345677,0.6933052000000002,2.667402892833421,2.883929212336049,0.12761094325516414
lstm_features_1_4_ts42_ensemble,lstm_features_1_4,"LSTM with Features 1&4 (42 TimeSteps), Ensemble",DEEP_LEARNING,20_24,POS,AVERAGE,42.0,ensemble,243,-0.4814282818930039,0.03259299999999943,2.6795791117291516,7.18014421601519,1.960789293415638,1.3277800000000006,7.568405594380709,9.226842324694095,0.688300741087042
lstm_features_1_4_ts42_ensemble,lstm_features_1_4,"LSTM with Features 1&4 (42 TimeSteps), Ensemble",DEEP_LEARNING,20_24,POS,MARGINAL,42.0,ensemble,243,-0.7189004008230453,0.5166400000000007,6.376206936950486,40.6560149028155,3.9510269662551445,3.062971000000001,8.159608752670485,12.517591406746885,0.37590141778054836
lstm_features_1_4_ts42_recency,lstm_features_1_4,"LSTM with Features 1&4 (42 TimeSteps), Weighted Ensemble",DEEP_LEARNING,00_04,NEG,AVERAGE,42.0,recency,243,-0.36466205720164613,0.038603799999999744,2.63228429389015,6.928920603860764,1.2337562827160498,0.41532899999999984,5.845049680940478,6.010759859506859,0.12612321852674074
lstm_features_1_4_ts42_recency,lstm_features_1_4,"LSTM with Features 1&4 (42 TimeSteps), Weighted Ensemble",DEEP_LEARNING,00_04,NEG,MARGINAL,42.0,recency,243,-1.9825786053497945,-0.7123689999999989,6.726686229532692,45.248307630584755,3.354514152674897,1.1465169999999993,8.90291996284305,10.552818626231158,0.10898651735189192
lstm_features_1_4_ts42_recency,lstm_features_1_4,"LSTM with Features 1&4 (42 TimeSteps), Weighted Ensemble",DEEP_LEARNING,00_04,POS,AVERAGE,42.0,recency,243,0.3333063465020576,0.16252900000000015,1.0359163487595913,1.073122681627403,0.6296579901234567,0.3342990000000001,1.895022938884784,1.7587844462463593,0.23284652320502935
lstm_features_1_4_ts42_recency,lstm_features_1_4,"LSTM with Features 1&4 (42 TimeSteps), Weighted Ensemble",DEEP_LEARNING,00_04,POS,MARGINAL,42.0,recency,243,1.321424962962963,1.138573,2.3879609186445987,5.7023573489739565,1.8816003753086419,1.2833352000000002,2.735473704333171,2.8277430295569976,0.23158095665615272
lstm_features_1_4_ts42_recency,lstm_features_1_4,"LSTM with Features 1&4 (42 TimeSteps), Weighted Ensemble",DEEP_LEARNING,04_08,NEG,AVERAGE,42.0,recency,243,-0.2990442794238683,-0.07463849999999983,1.2032546784810647,1.4478218212865703,0.6555917987654322,0.31280900000000056,3.805746489310242,4.010206206432753,0.11341430475276362
lstm_features_1_4_ts42_recency,lstm_features_1_4,"LSTM with Features 1&4 (42 TimeSteps), Weighted Ensemble",DEEP_LEARNING,04_08,NEG,MARGINAL,42.0,recency,243,-0.812039879835391,-0.19810280000000002,4.723434228532403,22.310830911271495,1.7747426839506173,0.6709017999999998,6.273463384460206,7.568635942132023,0.019745954319996765
lstm_features_1_4_ts42_recency,lstm_features_1_4,"LSTM with Features 1&4 (42 TimeSteps), Weighted Ensemble",DEEP_LEARNING,04_08,POS,AVERAGE,42.0,recency,243,-0.6499056263374485,-0.11658100000000005,3.881987475148908,15.069826757212994,1.6924611209876543,0.8580373999999997,3.993896801993951,4.976233944206753,0.22378719166717284
lstm_features_1_4_ts42_recency,lstm_features_1_4,"LSTM with Features 1&4 (42 TimeSteps), Weighted Ensemble",DEEP_LEARNING,04_08,POS,MARGINAL,42.0,recency,243,-2.934154345679012,-0.5874830000000006,20.42025460335328,416.98679806577076,4.759809200823045,1.7882485999999993,5.378704503518681,20.651499955769342,0.06262280781043819
lstm_features_1_4_ts42_recency,lstm_features_1_4,"LSTM with Features 1&4 (42 TimeSteps), Weighted Ensemble",DEEP_LEARNING,08_12,NEG,AVERAGE,42.0,recency,243,-1.6946355691358024,-0.3195944999999998,3.741707386310932,14.000374164773785,2.085183395473251,0.7333030000000011,8.312093550229864,10.560167175756378,0.4442531821510047
lstm_features_1_4_ts42_recency,lstm_features_1_4,"LSTM with Features 1&4 (42 TimeSteps), Weighted Ensemble",DEEP_LEARNING,08_12,NEG,MARGINAL,42.0,recency,243,-2.6841992547325106,-0.10292069999999987,16.901810051588114,285.67118301996504,5.1056099987654315,1.3228001000000003,11.543443379284364,21.835945348868762,0.061565114767861084
lstm_features_1_4_ts42_recency,lstm_features_1_4,"LSTM with Features 1&4 (42 TimeSteps), Weighted Ensemble",DEEP_LEARNING,08_12,POS,AVERAGE,42.0,recency,243,-0.2883610654320986,1.033461599999999,6.911771249583164,47.77258180656441,3.488329974897119,1.743132000000001,8.22588821500443,10.609856590555522,0.06467697859366793
lstm_features_1_4_ts42_recency,lstm_features_1_4,"LSTM with Features 1&4 (42 TimeSteps), Weighted Ensemble",DEEP_LEARNING,08_12,POS,MARGINAL,42.0,recency,243,-3.2723620172839505,0.5104184999999983,15.69953777190903,246.47548625159834,7.045079917695473,2.2168279999999996,11.226170479474657,19.567372197604406,0.09146207661010348
lstm_features_1_4_ts42_recency,lstm_features_1_4,"LSTM with Features 1&4 (42 TimeSteps), Weighted Ensemble",DEEP_LEARNING,12_16,NEG,AVERAGE,42.0,recency,243,-1.8591047222222221,-1.0066004,4.808641241337952,23.123030587896203,3.3043337288065846,1.8346350000000058,21.415933514055162,21.644676250389573,0.44024842225764266
lstm_features_1_4_ts42_recency,lstm_features_1_4,"LSTM with Features 1&4 (42 TimeSteps), Weighted Ensemble",DEEP_LEARNING,12_16,NEG,MARGINAL,42.0,recency,243,-3.5815266273662543,-1.7763508,26.94817461881339,726.2041152860583,8.412256575514402,3.7472018,30.603374999531155,35.66761617912996,0.09772934833612647
lstm_features_1_4_ts42_recency,lstm_features_1_4,"LSTM with Features 1&4 (42 TimeSteps), Weighted Ensemble",DEEP_LEARNING,12_16,POS,AVERAGE,42.0,recency,243,-0.7749637403292179,0.6780949999999999,15.216342279558935,231.5370723686928,3.4941261502057612,0.9136465000000005,6.928295993738066,16.623209989960525,0.019518950813374174
lstm_features_1_4_ts42_recency,lstm_features_1_4,"LSTM with Features 1&4 (42 TimeSteps), Weighted Ensemble",DEEP_LEARNING,12_16,POS,MARGINAL,42.0,recency,243,-7.430951672427986,1.9952630000000013,91.97428663495246,8459.269402008395,13.611659552263376,2.951664000000001,9.17311458433028,93.2102494490528,0.009226137684207098
lstm_features_1_4_ts42_recency,lstm_features_1_4,"LSTM with Features 1&4 (42 TimeSteps), Weighted Ensemble",DEEP_LEARNING,16_20,NEG,AVERAGE,42.0,recency,243,-0.5805265014403291,0.08161304000000003,1.6513582718624802,2.7269841420486367,0.9867450628395062,0.40631269999999997,6.128237758359172,7.337457645105881,0.5047920165979546
lstm_features_1_4_ts42_recency,lstm_features_1_4,"LSTM with Features 1&4 (42 TimeSteps), Weighted Ensemble",DEEP_LEARNING,16_20,NEG,MARGINAL,42.0,recency,243,-1.3987457820576132,0.1830020000000001,4.563793890283563,20.828214672989574,2.419315571028806,1.0933156000000004,6.565103845581808,10.025695724674444,0.4023803532356711
lstm_features_1_4_ts42_recency,lstm_features_1_4,"LSTM with Features 1&4 (42 TimeSteps), Weighted Ensemble",DEEP_LEARNING,16_20,POS,AVERAGE,42.0,recency,243,-1.0957804037037033,1.3306049999999985,15.336113035024656,235.19636302305318,6.466929683539096,2.4501139999999992,15.873810080410914,25.02977580457957,0.1691650383677328
lstm_features_1_4_ts42_recency,lstm_features_1_4,"LSTM with Features 1&4 (42 TimeSteps), Weighted Ensemble",DEEP_LEARNING,16_20,POS,MARGINAL,42.0,recency,243,-6.716315080246914,1.190647000000002,30.919629825903655,956.0235085709108,12.429394084362137,4.399428999999998,18.035108987520786,42.0419256592193,0.3168586280862168
lstm_features_1_4_ts42_recency,lstm_features_1_4,"LSTM with Features 1&4 (42 TimeSteps), Weighted Ensemble",DEEP_LEARNING,20_24,NEG,AVERAGE,42.0,recency,243,0.08982760131687241,0.10523189999999993,0.4960802953449287,0.2460956594295117,0.31047281407407407,0.1935948500000001,1.6175002397452671,1.6583956077090714,0.09250674209570382
lstm_features_1_4_ts42_recency,lstm_features_1_4,"LSTM with Features 1&4 (42 TimeSteps), Weighted Ensemble",DEEP_LEARNING,20_24,NEG,MARGINAL,42.0,recency,243,0.10007204189300414,0.23873809999999995,1.5164645719494763,2.299664797977908,0.8966795166255145,0.4620313000000005,2.6369661776870057,2.883929212336049,-0.022081011000373685
lstm_features_1_4_ts42_recency,lstm_features_1_4,"LSTM with Features 1&4 (42 TimeSteps), Weighted Ensemble",DEEP_LEARNING,20_24,POS,AVERAGE,42.0,recency,243,0.7940080469135802,0.5226129999999998,1.8910254357717184,3.5759771987356173,1.3102770460905349,0.8265070000000012,9.176184524963892,9.226842324694095,0.1345513960670716
lstm_features_1_4_ts42_recency,lstm_features_1_4,"LSTM with Features 1&4 (42 TimeSteps), Weighted Ensemble",DEEP_LEARNING,20_24,POS,MARGINAL,42.0,recency,243,0.7726674045267491,1.2427095000000001,5.020495958854326,25.205379672872617,2.947525689300411,2.0473849999999985,10.203265934344426,12.517591406746885,0.09545471427887471
lstm_features_1_4_ts42_single,lstm_features_1_4,"LSTM with Features 1&4 (42 TimeSteps), Single",DEEP_LEARNING,00_04,NEG,AVERAGE,42.0,single,243,-0.01667805267489718,-0.04913440000000069,3.0796180104702366,9.484047090412659,1.487427651028807,0.4107631999999999,6.805800465749015,6.010759859506859,0.22911995243224345
lstm_features_1_4_ts42_single,lstm_features_1_4,"LSTM with Features 1&4 (42 TimeSteps), Single",DEEP_LEARNING,00_04,NEG,MARGINAL,42.0,single,243,-1.5029682769547323,-0.24214599999999997,6.272250791888916,39.34112999635113,2.9091393016460905,0.8342014999999998,8.531074880734954,10.552818626231158,0.043301718254756545
lstm_features_1_4_ts42_single,lstm_features_1_4,"LSTM with Features 1&4 (42 TimeSteps), Single",DEEP_LEARNING,00_04,POS,AVERAGE,42.0,single,243,0.75397203909465,0.5562828,1.169107815888797,1.3668130851722733,0.9489965164609053,0.6084581,2.0647838209069067,1.7587844462463593,0.4465166776059615
lstm_features_1_4_ts42_single,lstm_features_1_4,"LSTM with Features 1&4 (42 TimeSteps), Single",DEEP_LEARNING,00_04,POS,MARGINAL,42.0,single,243,0.2688366781893004,0.17100330000000064,2.228057497623551,4.96424021271652,1.184462849382716,0.5618631999999999,2.494591239277349,2.8277430295569976,0.19710186153373302
lstm_features_1_4_ts42_single,lstm_features_1_4,"LSTM with Features 1&4 (42 TimeSteps), Single",DEEP_LEARNING,04_08,NEG,AVERAGE,42.0,single,243,-0.09875333662551437,-0.06098460000000028,1.2292513327758254,1.511058839131143,0.6247015868312757,0.28182799999999997,4.200180633100437,4.010206206432753,-0.001229795683436297
lstm_features_1_4_ts42_single,lstm_features_1_4,"LSTM with Features 1&4 (42 TimeSteps), Single",DEEP_LEARNING,04_08,NEG,MARGINAL,42.0,single,243,-0.8845214888888888,-0.257261999999999,4.4276497324472235,19.60408215323997,1.6314813045267487,0.5749884000000001,6.1317062521861265,7.568635942132023,-0.043979692895086964
lstm_features_1_4_ts42_single,lstm_features_1_4,"LSTM with Features 1&4 (42 TimeSteps), Single",DEEP_LEARNING,04_08,POS,AVERAGE,42.0,single,243,-0.5567218448559668,0.23661300000000018,4.04789647728004,16.38546589077616,1.8478543238683132,0.9425099999999986,3.7464625209213662,4.976233944206753,0.27781052217672597
lstm_features_1_4_ts42_single,lstm_features_1_4,"LSTM with Features 1&4 (42 TimeSteps), Single",DEEP_LEARNING,04_08,POS,MARGINAL,42.0,single,243,-3.643625140740741,-0.8784489999999998,20.46361110690228,418.7593795345344,4.9262150164609055,1.8582549999999998,4.520600702722079,20.651499955769342,0.07846400343610474
lstm_features_1_4_ts42_single,lstm_features_1_4,"LSTM with Features 1&4 (42 TimeSteps), Single",DEEP_LEARNING,08_12,NEG,AVERAGE,42.0,single,243,-0.38371864197530875,-0.030203999999999454,3.2321393831527367,10.446724992126953,1.5721836847736625,0.5488839999999993,9.896459529010006,10.560167175756378,0.15694316925925494
lstm_features_1_4_ts42_single,lstm_features_1_4,"LSTM with Features 1&4 (42 TimeSteps), Single",DEEP_LEARNING,08_12,NEG,MARGINAL,42.0,single,243,-3.3501586724279835,-0.5197875999999999,15.979002639118054,255.32852534094175,4.937788586008232,1.5887998999999997,11.242331557023101,21.835945348868762,0.048709492622262054
lstm_features_1_4_ts42_single,lstm_features_1_4,"LSTM with Features 1&4 (42 TimeSteps), Single",DEEP_LEARNING,08_12,POS,AVERAGE,42.0,single,243,-0.3571857411522633,1.2153240000000007,7.37944458052506,54.456202317040685,3.8856361337448555,2.201723000000001,8.007100846390598,10.609856590555522,0.14396851631260804
lstm_features_1_4_ts42_single,lstm_features_1_4,"LSTM with Features 1&4 (42 TimeSteps), Single",DEEP_LEARNING,08_12,POS,MARGINAL,42.0,single,243,-3.4224244666666666,0.2883825999999994,15.458072275344241,238.95199846976627,6.9084303407407415,2.158218999999999,11.031452801139668,19.567372197604406,0.038266973207681416
lstm_features_1_4_ts42_single,lstm_features_1_4,"LSTM with Features 1&4 (42 TimeSteps), Single",DEEP_LEARNING,12_16,NEG,AVERAGE,42.0,single,243,1.3630790419753087,-0.11591799999999974,6.232021235356174,38.838088677930294,3.3249657777777784,1.1758408999999999,25.208998927048313,21.644676250389573,0.47490486744222365
lstm_features_1_4_ts42_single,lstm_features_1_4,"LSTM with Features 1&4 (42 TimeSteps), Single",DEEP_LEARNING,12_16,NEG,MARGINAL,42.0,single,243,-3.4344173427983535,-1.2969752999999997,26.807805453121187,718.6584332123941,7.806724499999999,3.1010109999999997,29.44407809835687,35.66761617912996,0.03091309084966615
lstm_features_1_4_ts42_single,lstm_features_1_4,"LSTM with Features 1&4 (42 TimeSteps), Single",DEEP_LEARNING,12_16,POS,AVERAGE,42.0,single,243,-1.3628077246913584,0.009567999999999799,15.433733249747588,238.20012202436422,3.3537527181069966,0.6298859999999991,7.742100734364558,16.623209989960525,-0.04539436488949586
lstm_features_1_4_ts42_single,lstm_features_1_4,"LSTM with Features 1&4 (42 TimeSteps), Single",DEEP_LEARNING,12_16,POS,MARGINAL,42.0,single,243,-8.877754408230453,0.03211899999999979,92.3898139665962,8535.877724782253,13.094390511111111,1.3076399999999992,10.231621855131497,93.2102494490528,0.005403620964247674
lstm_features_1_4_ts42_single,lstm_features_1_4,"LSTM with Features 1&4 (42 TimeSteps), Single",DEEP_LEARNING,16_20,NEG,AVERAGE,42.0,single,243,-0.20767672234567902,0.09086234999999998,1.4241245912841474,2.0281308515002396,0.6971093355967076,0.23962155000000007,6.77611485948745,7.337457645105881,-0.01581953039247842
lstm_features_1_4_ts42_single,lstm_features_1_4,"LSTM with Features 1&4 (42 TimeSteps), Single",DEEP_LEARNING,16_20,NEG,MARGINAL,42.0,single,243,-0.6695344316049383,0.18347304999999992,3.9616519981975475,15.694686554822622,1.6436097284773663,0.7191428000000002,7.668921947272506,10.025695724674444,0.12843365653139613
lstm_features_1_4_ts42_single,lstm_features_1_4,"LSTM with Features 1&4 (42 TimeSteps), Single",DEEP_LEARNING,16_20,POS,AVERAGE,42.0,single,243,-2.458853956790123,1.0003090000000014,16.37074826823951,268.00139886206694,6.8828336563786,2.923016000000004,12.601217053053109,25.02977580457957,0.3223702226879015
lstm_features_1_4_ts42_single,lstm_features_1_4,"LSTM with Features 1&4 (42 TimeSteps), Single",DEEP_LEARNING,16_20,POS,MARGINAL,42.0,single,243,-7.447758088477364,-0.359316999999999,32.22160744958192,1038.2319866349528,12.685238681069961,3.3067519999999995,22.943001971599884,42.0419256592193,0.15376081979570705
lstm_features_1_4_ts42_single,lstm_features_1_4,"LSTM with Features 1&4 (42 TimeSteps), Single",DEEP_LEARNING,20_24,NEG,AVERAGE,42.0,single,243,-0.08247060786008231,-0.05353030000000003,0.49302361940911665,0.24307228929526553,0.2914977035802469,0.14882319999999982,1.7032681478930243,1.6583956077090714,0.10625673157546289
lstm_features_1_4_ts42_single,lstm_features_1_4,"LSTM with Features 1&4 (42 TimeSteps), Single",DEEP_LEARNING,20_24,NEG,MARGINAL,42.0,single,243,-0.06839534707818928,0.14787729999999977,1.4686826518544964,2.1570287318583556,0.7872163023868313,0.37015259999999994,2.465306633277524,2.883929212336049,-0.06779591442802345
lstm_features_1_4_ts42_single,lstm_features_1_4,"LSTM with Features 1&4 (42 TimeSteps), Single",DEEP_LEARNING,20_24,POS,AVERAGE,42.0,single,243,0.011318488477366223,0.34641070000000074,3.075121677661031,9.456373332420794,1.8956199716049382,1.1533659999999983,7.988303047974077,9.226842324694095,0.27285943386964573
lstm_features_1_4_ts42_single,lstm_features_1_4,"LSTM with Features 1&4 (42 TimeSteps), Single",DEEP_LEARNING,20_24,POS,MARGINAL,42.0,single,243,-0.7817385855967078,-0.0945450000000001,5.216322393821805,27.21001931628685,2.7389432300411527,1.5259625999999997,9.761931232735895,12.517591406746885,0.1102197756073077
lstm_features_1_ts168_ensemble,lstm_features_1,"LSTM with Feature 1 (168 TimeSteps), Ensemble",DEEP_LEARNING,00_04,NEG,AVERAGE,168.0,ensemble,243,-2.0813328164609053,-0.8818343000000004,3.3247137191620353,11.053721314384253,2.2128069456790125,0.9582781999999996,4.179676556740791,6.010759859506859,0.2631527342441016
lstm_features_1_ts168_ensemble,lstm_features_1,"LSTM with Feature 1 (168 TimeSteps), Ensemble",DEEP_LEARNING,00_04,NEG,MARGINAL,168.0,ensemble,243,-2.3026057164609055,0.1805374000000004,7.248596168560123,52.542146414864504,3.286557179835391,0.8864649999999998,5.541325658657272,10.552818626231158,0.048504297709502806
lstm_features_1_ts168_ensemble,lstm_features_1,"LSTM with Feature 1 (168 TimeSteps), Ensemble",DEEP_LEARNING,00_04,POS,AVERAGE,168.0,ensemble,243,0.934216344855967,0.7216510000000005,1.1324398629181591,1.2824200431260993,1.0612617456790125,0.7680679000000001,2.018102479592103,1.7587844462463593,0.37170905817970856
lstm_features_1_ts168_ensemble,lstm_features_1,"LSTM with Feature 1 (168 TimeSteps), Ensemble",DEEP_LEARNING,00_04,POS,MARGINAL,168.0,ensemble,243,3.2764093572016457,2.9420674,2.746648276533861,7.544076754986429,3.612939820576132,3.0023812999999997,3.0720237986454553,2.8277430295569976,0.3685997356720149
lstm_features_1_ts168_ensemble,lstm_features_1,"LSTM with Feature 1 (168 TimeSteps), Ensemble",DEEP_LEARNING,04_08,NEG,AVERAGE,168.0,ensemble,243,-0.13717961399176948,0.039811199999999936,1.7204147953704112,2.959827068129414,1.039154618106996,0.594061,3.5760100350225055,4.010206206432753,0.16274749135740407
lstm_features_1_ts168_ensemble,lstm_features_1,"LSTM with Feature 1 (168 TimeSteps), Ensemble",DEEP_LEARNING,04_08,NEG,MARGINAL,168.0,ensemble,243,-1.2884197374485595,0.004718999999999696,5.054006191396606,25.54297858267523,2.2729476049382717,0.9477640999999997,4.435445474796768,7.568635942132023,0.11394474974641952
lstm_features_1_ts168_ensemble,lstm_features_1,"LSTM with Feature 1 (168 TimeSteps), Ensemble",DEEP_LEARNING,04_08,POS,AVERAGE,168.0,ensemble,243,-1.3371333855967082,-0.6563635000000012,3.946824203647863,15.577421294500589,2.1276335106995883,1.1690843000000002,3.2845997186610716,4.976233944206753,0.2567918350309412
lstm_features_1_ts168_ensemble,lstm_features_1,"LSTM with Feature 1 (168 TimeSteps), Ensemble",DEEP_LEARNING,04_08,POS,MARGINAL,168.0,ensemble,243,-2.490624996296296,0.3562460000000005,20.530627044342832,421.50664683390124,5.049623109053498,2.2976230000000006,4.385208567257012,20.651499955769342,0.07037608813241361
lstm_features_1_ts168_ensemble,lstm_features_1,"LSTM with Feature 1 (168 TimeSteps), Ensemble",DEEP_LEARNING,08_12,NEG,AVERAGE,168.0,ensemble,243,-1.7471346189300407,0.16054100000000004,5.387268875528571,29.022665937238877,3.317750796707819,1.7650652000000004,6.939025308506514,10.560167175756378,0.6501046189072202
lstm_features_1_ts168_ensemble,lstm_features_1,"LSTM with Feature 1 (168 TimeSteps), Ensemble",DEEP_LEARNING,08_12,NEG,MARGINAL,168.0,ensemble,243,-4.835442694238683,-0.5923506999999995,16.51392366457823,272.7096747995168,5.981415369958848,1.9118050000000002,8.565736584877948,21.835945348868762,0.16039027852799034
lstm_features_1_ts168_ensemble,lstm_features_1,"LSTM with Feature 1 (168 TimeSteps), Ensemble",DEEP_LEARNING,08_12,POS,AVERAGE,168.0,ensemble,243,-3.069579306584362,-0.6700560000000007,7.761869731367737,60.246621726722665,3.840114321399177,1.2990070000000014,6.04461996945855,10.609856590555522,0.27935223311966423
lstm_features_1_ts168_ensemble,lstm_features_1,"LSTM with Feature 1 (168 TimeSteps), Ensemble",DEEP_LEARNING,08_12,POS,MARGINAL,168.0,ensemble,243,-6.483183261316873,-0.8099370000000015,17.000027944170462,289.0009501025766,7.735363509876543,1.852729,7.253201705143703,19.567372197604406,0.1966844735182604
lstm_features_1_ts168_ensemble,lstm_features_1,"LSTM with Feature 1 (168 TimeSteps), Ensemble",DEEP_LEARNING,12_16,NEG,AVERAGE,168.0,ensemble,243,-2.1420035518518517,-1.0832890000000002,5.382184745312845,28.967912632678296,3.705231006995885,1.9659744000000003,21.88118445986345,21.644676250389573,0.40128297022808335
lstm_features_1_ts168_ensemble,lstm_features_1,"LSTM with Feature 1 (168 TimeSteps), Ensemble",DEEP_LEARNING,12_16,NEG,MARGINAL,168.0,ensemble,243,-7.879618432098766,-2.4154990000000005,26.453785447679188,699.8027645118432,9.26887834403292,2.948442,21.943038324521563,35.66761617912996,0.03834922702377055
lstm_features_1_ts168_ensemble,lstm_features_1,"LSTM with Feature 1 (168 TimeSteps), Ensemble",DEEP_LEARNING,12_16,POS,AVERAGE,168.0,ensemble,243,-2.0851875905349795,0.1160654000000001,15.501256946521755,240.28896692208897,3.242404355967078,0.8122284000000004,5.1559308850667005,16.623209989960525,0.062204936861091166
lstm_features_1_ts168_ensemble,lstm_features_1,"LSTM with Feature 1 (168 TimeSteps), Ensemble",DEEP_LEARNING,12_16,POS,MARGINAL,168.0,ensemble,243,-10.196340347325101,0.7645730000000004,92.6900174106233,8591.43932758165,12.678092443621399,1.646744,6.393517002141379,93.2102494490528,0.016817751303710004
lstm_features_1_ts168_ensemble,lstm_features_1,"LSTM with Feature 1 (168 TimeSteps), Ensemble",DEEP_LEARNING,16_20,NEG,AVERAGE,168.0,ensemble,243,-0.7540980034979425,0.44583490000000003,2.857659841273934,8.166219768429766,1.9499835248971191,1.0182020999999999,5.187389226188066,7.337457645105881,0.7696628658329803
lstm_features_1_ts168_ensemble,lstm_features_1,"LSTM with Feature 1 (168 TimeSteps), Ensemble",DEEP_LEARNING,16_20,NEG,MARGINAL,168.0,ensemble,243,-0.7332323895061729,0.4812770999999999,4.557318241123311,20.769149550875266,2.2747669067901235,1.0288649999999997,6.97248336042808,10.025695724674444,0.26055815276658667
lstm_features_1_ts168_ensemble,lstm_features_1,"LSTM with Feature 1 (168 TimeSteps), Ensemble",DEEP_LEARNING,16_20,POS,AVERAGE,168.0,ensemble,243,-7.218268275720165,-2.283289999999999,18.45729133181353,340.67160330743883,8.075959592592593,2.6700680000000006,10.510477757748776,25.02977580457957,0.3625775462994646
lstm_features_1_ts168_ensemble,lstm_features_1,"LSTM with Feature 1 (168 TimeSteps), Ensemble",DEEP_LEARNING,16_20,POS,MARGINAL,168.0,ensemble,243,-14.482350125514401,-3.519971,35.65054394934797,1270.9612838843914,15.683699483539094,4.246818999999999,11.097559768445107,42.0419256592193,0.42704187646713226
lstm_features_1_ts168_ensemble,lstm_features_1,"LSTM with Feature 1 (168 TimeSteps), Ensemble",DEEP_LEARNING,20_24,NEG,AVERAGE,168.0,ensemble,243,0.40850923621399177,0.4486820000000007,0.9515408186043429,0.905429929470223,0.7721987295473252,0.64644055,1.2885507857027931,1.6583956077090714,0.537844262159723
lstm_features_1_ts168_ensemble,lstm_features_1,"LSTM with Feature 1 (168 TimeSteps), Ensemble",DEEP_LEARNING,20_24,NEG,MARGINAL,168.0,ensemble,243,0.20723649814814818,0.42138569999999986,1.9277559337158194,3.7162429399765506,1.1861960411934156,0.7661773000000001,1.989206829061097,2.883929212336049,0.160099302339091
lstm_features_1_ts168_ensemble,lstm_features_1,"LSTM with Feature 1 (168 TimeSteps), Ensemble",DEEP_LEARNING,20_24,POS,AVERAGE,168.0,ensemble,243,-2.221023008641975,-0.31970849999999995,4.052648278355333,16.423958068056443,3.067181493415638,1.4857879999999994,6.084373191922084,9.226842324694095,0.8175821528952826
lstm_features_1_ts168_ensemble,lstm_features_1,"LSTM with Feature 1 (168 TimeSteps), Ensemble",DEEP_LEARNING,20_24,POS,MARGINAL,168.0,ensemble,243,-2.5881558037037036,0.5124049999999993,7.863828203909791,61.83979402060709,5.3625963288065845,3.061762,6.574089858451691,12.517591406746885,0.5591149683220183
lstm_features_1_ts168_recency,lstm_features_1,"LSTM with Feature 1 (168 TimeSteps), Weighted Ensemble",DEEP_LEARNING,00_04,NEG,AVERAGE,168.0,recency,243,-1.3640299748971192,-0.3544217999999999,3.1387599595172495,9.851814083468724,1.8224941913580244,0.7478632999999999,4.746145777673428,6.010759859506859,0.15416309553619165
lstm_features_1_ts168_recency,lstm_features_1,"LSTM with Feature 1 (168 TimeSteps), Weighted Ensemble",DEEP_LEARNING,00_04,NEG,MARGINAL,168.0,recency,243,-1.1772229024691359,0.4699070000000001,6.8437728127442785,46.83722631245773,3.294833022633745,1.1064720000000001,7.1580810385533615,10.552818626231158,-0.07010678786391276
lstm_features_1_ts168_recency,lstm_features_1,"LSTM with Feature 1 (168 TimeSteps), Weighted Ensemble",DEEP_LEARNING,00_04,POS,AVERAGE,168.0,recency,243,0.20640743456790123,0.0303574000000002,1.0041702311512264,1.0083578531303075,0.525063372016461,0.25284500000000065,1.9031934294961126,1.7587844462463593,0.20687019958868139
lstm_features_1_ts168_recency,lstm_features_1,"LSTM with Feature 1 (168 TimeSteps), Weighted Ensemble",DEEP_LEARNING,00_04,POS,MARGINAL,168.0,recency,243,1.5395105316872428,1.3212869,2.393958434053055,5.731036983973754,2.045365410699588,1.4895195999999995,2.749978668433899,2.8277430295569976,0.2743584720874957
lstm_features_1_ts168_recency,lstm_features_1,"LSTM with Feature 1 (168 TimeSteps), Weighted Ensemble",DEEP_LEARNING,04_08,NEG,AVERAGE,168.0,recency,243,-0.14503335390946492,0.01126599999999911,1.4770542758187246,2.181689333714377,0.8478236148148147,0.43757780000000013,3.6527838597568434,4.010206206432753,0.09007506411960996
lstm_features_1_ts168_recency,lstm_features_1,"LSTM with Feature 1 (168 TimeSteps), Weighted Ensemble",DEEP_LEARNING,04_08,NEG,MARGINAL,168.0,recency,243,-0.6260719757201645,0.17063080000000008,4.685712422783122,21.955900909024077,1.8685699271604936,0.6606529999999999,5.537988126950572,7.568635942132023,0.01912603634395489
lstm_features_1_ts168_recency,lstm_features_1,"LSTM with Feature 1 (168 TimeSteps), Weighted Ensemble",DEEP_LEARNING,04_08,POS,AVERAGE,168.0,recency,243,-1.2461906205761317,-0.5419169999999998,3.8924577293588327,15.15122717484532,2.000884910288066,1.0029430000000001,3.5051461211961397,4.976233944206753,0.17995942990480338
lstm_features_1_ts168_recency,lstm_features_1,"LSTM with Feature 1 (168 TimeSteps), Weighted Ensemble",DEEP_LEARNING,04_08,POS,MARGINAL,168.0,recency,243,-2.844154700411522,0.05353700000000039,20.499626001464843,420.23466619993343,5.018281990946502,2.0484994999999997,4.484350178578361,20.651499955769342,0.05623954211408641
lstm_features_1_ts168_recency,lstm_features_1,"LSTM with Feature 1 (168 TimeSteps), Weighted Ensemble",DEEP_LEARNING,08_12,NEG,AVERAGE,168.0,recency,243,-1.0115310341563786,0.3015119999999998,4.378108600728037,19.167834919768815,2.5256909296296297,1.2464842,7.892264218712303,10.560167175756378,0.500601902851861
lstm_features_1_ts168_recency,lstm_features_1,"LSTM with Feature 1 (168 TimeSteps), Weighted Ensemble",DEEP_LEARNING,08_12,NEG,MARGINAL,168.0,recency,243,-2.8330853592592593,-0.07139600000000002,15.110104597061497,228.315260934139,4.757969938683129,1.5260057000000002,11.198524350482987,21.835945348868762,0.05869734006643506
lstm_features_1_ts168_recency,lstm_features_1,"LSTM with Feature 1 (168 TimeSteps), Weighted Ensemble",DEEP_LEARNING,08_12,POS,AVERAGE,168.0,recency,243,-1.2142374473251027,0.5707740000000001,7.346502295033301,53.97109597092956,3.4042856160493824,1.360361000000001,7.497507935536523,10.609856590555522,0.15377382748395066
lstm_features_1_ts168_recency,lstm_features_1,"LSTM with Feature 1 (168 TimeSteps), Weighted Ensemble",DEEP_LEARNING,08_12,POS,MARGINAL,168.0,recency,243,-3.698718481893005,1.0672636000000004,16.4000442412185,268.96145111392406,7.25791076584362,2.3336310000000005,9.452875566166483,19.567372197604406,0.10878929185686384
lstm_features_1_ts168_recency,lstm_features_1,"LSTM with Feature 1 (168 TimeSteps), Weighted Ensemble",DEEP_LEARNING,12_16,NEG,AVERAGE,168.0,recency,243,-0.7384212991769546,-0.5473612000000001,5.498243123985869,30.23067745045789,3.3272659181069963,1.400271,22.781445553531427,21.644676250389573,0.36377278676038144
lstm_features_1_ts168_recency,lstm_features_1,"LSTM with Feature 1 (168 TimeSteps), Weighted Ensemble",DEEP_LEARNING,12_16,NEG,MARGINAL,168.0,recency,243,-1.32174194526749,0.017954000000000025,27.6885458189532,766.6555695682708,7.171881509053497,1.7040539999999993,30.4783996815718,35.66761617912996,-0.008254810101995073
lstm_features_1_ts168_recency,lstm_features_1,"LSTM with Feature 1 (168 TimeSteps), Weighted Ensemble",DEEP_LEARNING,12_16,POS,AVERAGE,168.0,recency,243,-1.809466420987655,-0.046300999999999704,15.388880472469804,236.81764219596243,3.0126874012345675,0.6327965999999998,6.863374227970175,16.623209989960525,-0.05203412189002335
lstm_features_1_ts168_recency,lstm_features_1,"LSTM with Feature 1 (168 TimeSteps), Weighted Ensemble",DEEP_LEARNING,12_16,POS,MARGINAL,168.0,recency,243,-9.97022495308642,0.42188979999999976,92.55586560816033,8566.588258475836,12.27189241069959,1.1819049999999987,8.34329284005055,93.2102494490528,-0.0009162575095113956
lstm_features_1_ts168_recency,lstm_features_1,"LSTM with Feature 1 (168 TimeSteps), Weighted Ensemble",DEEP_LEARNING,16_20,NEG,AVERAGE,168.0,recency,243,-0.5741970931275721,0.34483790000000003,2.3749790864436657,5.64052566104479,1.5509727521399175,0.8099092999999997,5.645327288663699,7.337457645105881,0.6839706631858834
lstm_features_1_ts168_recency,lstm_features_1,"LSTM with Feature 1 (168 TimeSteps), Weighted Ensemble",DEEP_LEARNING,16_20,NEG,MARGINAL,168.0,recency,243,-0.18533869897119343,0.29070059999999986,3.9951191365041474,15.960976914861645,1.7711595767489714,0.6872119999999988,8.181266852425658,10.025695724674444,0.03230768906943807
lstm_features_1_ts168_recency,lstm_features_1,"LSTM with Feature 1 (168 TimeSteps), Weighted Ensemble",DEEP_LEARNING,16_20,POS,AVERAGE,168.0,recency,243,-2.920323135802469,0.18157200000000095,17.3292855810927,300.30413875106746,7.018718226337449,1.796316000000001,15.974471337639768,25.02977580457957,0.09825093515115968
lstm_features_1_ts168_recency,lstm_features_1,"LSTM with Feature 1 (168 TimeSteps), Weighted Ensemble",DEEP_LEARNING,16_20,POS,MARGINAL,168.0,recency,243,-8.662335366255144,0.8913669999999989,33.91003879629329,1149.8907311661164,13.649521987654323,3.5025139999999997,17.20958345725002,42.0419256592193,0.28228958098952356
lstm_features_1_ts168_recency,lstm_features_1,"LSTM with Feature 1 (168 TimeSteps), Weighted Ensemble",DEEP_LEARNING,20_24,NEG,AVERAGE,168.0,recency,243,0.2623751388065844,0.33198384999999997,0.802232386503739,0.6435768019554844,0.5992876951851852,0.44592180000000003,1.3033946575961366,1.6583956077090714,0.4070726655836766
lstm_features_1_ts168_recency,lstm_features_1,"LSTM with Feature 1 (168 TimeSteps), Weighted Ensemble",DEEP_LEARNING,20_24,NEG,MARGINAL,168.0,recency,243,-0.19079565567901233,0.17809089999999994,1.7196988538197198,2.9573641478288577,0.8893706858847737,0.38878619999999975,2.1047797723366584,2.883929212336049,-0.03399896514714811
lstm_features_1_ts168_recency,lstm_features_1,"LSTM with Feature 1 (168 TimeSteps), Weighted Ensemble",DEEP_LEARNING,20_24,POS,AVERAGE,168.0,recency,243,-0.6436803621399175,-0.27551799999999993,2.552661523928442,6.516080855744676,1.689205129218107,0.8438700000000008,7.8670461488381624,9.226842324694095,0.5211951774294787
lstm_features_1_ts168_recency,lstm_features_1,"LSTM with Feature 1 (168 TimeSteps), Weighted Ensemble",DEEP_LEARNING,20_24,POS,MARGINAL,168.0,recency,243,-1.40906256872428,0.6712835999999998,6.225916856917416,38.76204070924843,4.01933242962963,2.401802,8.066106563992122,12.517591406746885,0.4103931958486258
lstm_features_1_ts168_single,lstm_features_1,"LSTM with Feature 1 (168 TimeSteps), Single",DEEP_LEARNING,00_04,NEG,AVERAGE,168.0,single,243,-0.0521898551440329,0.45022570000000073,2.7817825133863927,7.738313951782317,1.5394103950617282,0.6584857,5.346908297261727,6.010759859506859,-0.15159127999929134
lstm_features_1_ts168_single,lstm_features_1,"LSTM with Feature 1 (168 TimeSteps), Single",DEEP_LEARNING,00_04,NEG,MARGINAL,168.0,single,243,-0.9133383925925925,0.5113686,6.751772057631503,45.58642591821354,3.363293510288065,1.1927319999999995,7.530503254730297,10.552818626231158,-0.09887601244960109
lstm_features_1_ts168_single,lstm_features_1,"LSTM with Feature 1 (168 TimeSteps), Single",DEEP_LEARNING,00_04,POS,AVERAGE,168.0,single,243,0.2687445399176954,0.14032,0.9987793769506212,0.9975602438218713,0.5342160773662552,0.2801400000000003,1.926471517965601,1.7587844462463593,0.05715017746344609
lstm_features_1_ts168_single,lstm_features_1,"LSTM with Feature 1 (168 TimeSteps), Single",DEEP_LEARNING,00_04,POS,MARGINAL,168.0,single,243,0.6209045613168724,0.6826415000000008,2.1682190358363855,4.701173787363266,1.2993806106995887,0.7802182999999996,2.2544739717903997,2.8277430295569976,0.11816061486273077
lstm_features_1_ts168_single,lstm_features_1,"LSTM with Feature 1 (168 TimeSteps), Single",DEEP_LEARNING,04_08,NEG,AVERAGE,168.0,single,243,-0.1008845259259259,0.035361500000000046,1.2339529262908928,1.5226398243018577,0.6380829530864197,0.3028550000000001,3.856559602102166,4.010206206432753,-0.10007301079293222
lstm_features_1_ts168_single,lstm_features_1,"LSTM with Feature 1 (168 TimeSteps), Single",DEEP_LEARNING,04_08,NEG,MARGINAL,168.0,single,243,-0.17307154609053502,0.41657370000000027,4.67969929670637,21.899585507594093,1.9703947847736625,0.8568189999999998,5.835835887334089,7.568635942132023,-0.0038262422450922105
lstm_features_1_ts168_single,lstm_features_1,"LSTM with Feature 1 (168 TimeSteps), Single",DEEP_LEARNING,04_08,POS,AVERAGE,168.0,single,243,-0.7688298699588477,0.05726380000000031,3.945025478757026,15.563226028042102,1.775564408230453,0.8507500000000006,3.8529041313273558,4.976233944206753,0.08932679909640673
lstm_features_1_ts168_single,lstm_features_1,"LSTM with Feature 1 (168 TimeSteps), Single",DEEP_LEARNING,04_08,POS,MARGINAL,168.0,single,243,-2.8330370740740736,-0.017400999999999556,20.378147586827378,415.26889907051844,5.201114136625513,2.4317019999999996,4.447916016811906,20.651499955769342,0.03368526583818672
lstm_features_1_ts168_single,lstm_features_1,"LSTM with Feature 1 (168 TimeSteps), Single",DEEP_LEARNING,08_12,NEG,AVERAGE,168.0,single,243,-1.129028154320988,-0.18186239999999998,3.181707909863808,10.123265223689923,1.788163214403292,0.6045732000000001,8.948278155652618,10.560167175756378,0.20041582935542074
lstm_features_1_ts168_single,lstm_features_1,"LSTM with Feature 1 (168 TimeSteps), Single",DEEP_LEARNING,08_12,NEG,MARGINAL,168.0,single,243,-2.483104030041152,0.009337000000000373,14.731396405786533,217.01404006442039,4.629677174897119,1.3407270000000011,11.949547144926369,21.835945348868762,0.03693639937585554
lstm_features_1_ts168_single,lstm_features_1,"LSTM with Feature 1 (168 TimeSteps), Single",DEEP_LEARNING,08_12,POS,AVERAGE,168.0,single,243,-0.9039288263374486,0.4960749999999994,7.235749550858103,52.356071562743246,3.329987611522634,1.181761999999999,8.650943428992129,10.609856590555522,0.002694476834657937
lstm_features_1_ts168_single,lstm_features_1,"LSTM with Feature 1 (168 TimeSteps), Single",DEEP_LEARNING,08_12,POS,MARGINAL,168.0,single,243,-2.994090653909465,1.0288339999999998,15.785387911892974,249.1784715289368,6.979636891769547,2.075132,11.77978944979373,19.567372197604406,-0.003432540981020017
lstm_features_1_ts168_single,lstm_features_1,"LSTM with Feature 1 (168 TimeSteps), Single",DEEP_LEARNING,12_16,NEG,AVERAGE,168.0,single,243,-0.7504240930041152,0.19536320000000007,4.783287867595044,22.879842824281948,2.6333970139917695,1.0396569999999983,20.929893830408073,21.644676250389573,0.0013777168785458608
lstm_features_1_ts168_single,lstm_features_1,"LSTM with Feature 1 (168 TimeSteps), Single",DEEP_LEARNING,12_16,NEG,MARGINAL,168.0,single,243,1.4274850230452671,0.046044000000000196,29.690403856683687,881.5200811729776,8.552473590123455,1.9626870000000025,35.261571319680236,35.66761617912996,0.026822761074046127
lstm_features_1_ts168_single,lstm_features_1,"LSTM with Feature 1 (168 TimeSteps), Single",DEEP_LEARNING,12_16,POS,AVERAGE,168.0,single,243,-0.7462156403292183,0.4373269999999998,15.523701937929388,240.98532185767263,3.507882188477366,0.6603019999999997,8.688582298580767,16.623209989960525,-0.14552266665611868
lstm_features_1_ts168_single,lstm_features_1,"LSTM with Feature 1 (168 TimeSteps), Single",DEEP_LEARNING,12_16,POS,MARGINAL,168.0,single,243,-10.031874466255143,-0.7562090000000001,92.02815860676323,8469.181976551568,12.138299408641972,1.0721797999999998,10.796695178971358,93.2102494490528,-0.019095625072075895
lstm_features_1_ts168_single,lstm_features_1,"LSTM with Feature 1 (168 TimeSteps), Single",DEEP_LEARNING,16_20,NEG,AVERAGE,168.0,single,243,0.2101584961728395,0.17580199999999913,1.3583193945611711,1.8450315776410264,0.7892676220164608,0.31256589999999984,7.184807369075413,7.337457645105881,-0.014613470412600565
lstm_features_1_ts168_single,lstm_features_1,"LSTM with Feature 1 (168 TimeSteps), Single",DEEP_LEARNING,16_20,NEG,MARGINAL,168.0,single,243,-0.37640992740740753,0.15224064000000004,4.065306901523728,16.526720203576456,1.6408608813168726,0.4981276000000001,8.164654698333752,10.025695724674444,-0.008091808596140115
lstm_features_1_ts168_single,lstm_features_1,"LSTM with Feature 1 (168 TimeSteps), Single",DEEP_LEARNING,16_20,POS,AVERAGE,168.0,single,243,-0.7484114300411522,1.5800669999999997,17.676824335010025,312.47011857080264,7.772667767489712,2.8309580000000008,17.92722926029878,25.02977580457957,-0.002883655396064843
lstm_features_1_ts168_single,lstm_features_1,"LSTM with Feature 1 (168 TimeSteps), Single",DEEP_LEARNING,16_20,POS,MARGINAL,168.0,single,243,-7.951710306584363,1.0195279999999993,33.30131249814882,1108.9774140993625,13.250023154320987,3.7781249999999993,16.26829361438732,42.0419256592193,0.327657127283391
lstm_features_1_ts168_single,lstm_features_1,"LSTM with Feature 1 (168 TimeSteps), Single",DEEP_LEARNING,20_24,NEG,AVERAGE,168.0,single,243,-0.11514390925925927,-0.0009674000000000627,0.6183982596346527,0.3824164075191673,0.34302469510288064,0.16609479999999988,1.3857188462290808,1.6583956077090714,0.10454466871569928
lstm_features_1_ts168_single,lstm_features_1,"LSTM with Feature 1 (168 TimeSteps), Single",DEEP_LEARNING,20_24,NEG,MARGINAL,168.0,single,243,-0.32157023722633743,0.04853695000000002,1.676069347439125,2.8092084574250147,0.8647797906419752,0.36185920000000005,2.2205348636367903,2.883929212336049,-0.1368424867883411
lstm_features_1_ts168_single,lstm_features_1,"LSTM with Feature 1 (168 TimeSteps), Single",DEEP_LEARNING,20_24,POS,AVERAGE,168.0,single,243,0.1426230127572016,0.136906999999999,2.0713911620108965,4.290661346056852,1.2467921502057613,0.5722847,8.733279327957248,9.226842324694095,0.24086277074847728
lstm_features_1_ts168_single,lstm_features_1,"LSTM with Feature 1 (168 TimeSteps), Single",DEEP_LEARNING,20_24,POS,MARGINAL,168.0,single,243,-1.4041636580246912,-0.09335499999999897,5.787022682399618,33.489631526607674,3.283931127160494,1.6395309999999998,8.63066934175396,12.517591406746885,0.3167818330600572
lstm_features_1_ts42_ensemble,lstm_features_1,"LSTM with Feature 1 (42 TimeSteps), Ensemble",DEEP_LEARNING,00_04,NEG,AVERAGE,42.0,ensemble,243,-1.3082574065843622,-0.16903800000000002,3.1121634024998106,9.685561043859199,1.5963827999999998,0.4615948000000003,4.0743327174052775,6.010759859506859,0.185608773549295
lstm_features_1_ts42_ensemble,lstm_features_1,"LSTM with Feature 1 (42 TimeSteps), Ensemble",DEEP_LEARNING,00_04,NEG,MARGINAL,42.0,ensemble,243,-1.7665845333333334,-0.18378499999999853,7.14247226908831,51.01491011469551,3.4988362427983546,1.2093296000000002,7.492832370654221,10.552818626231158,-0.07796292657975172
lstm_features_1_ts42_ensemble,lstm_features_1,"LSTM with Feature 1 (42 TimeSteps), Ensemble",DEEP_LEARNING,00_04,POS,AVERAGE,42.0,ensemble,243,1.4770111193415638,1.2843012999999996,1.5558735832991764,2.420742607208219,1.6146449810699588,1.2871095000000006,2.318257326235444,1.7587844462463593,0.5978371122730425
lstm_features_1_ts42_ensemble,lstm_features_1,"LSTM with Feature 1 (42 TimeSteps), Ensemble",DEEP_LEARNING,00_04,POS,MARGINAL,42.0,ensemble,243,3.301726070781893,2.9604833999999998,2.8559685679795797,8.15655646128733,3.638217809053498,3.0180375,3.092228279814839,2.8277430295569976,0.37068679053168185
lstm_features_1_ts42_ensemble,lstm_features_1,"LSTM with Feature 1 (42 TimeSteps), Ensemble",DEEP_LEARNING,04_08,NEG,AVERAGE,42.0,ensemble,243,-0.7374839374485597,-0.11232639999999972,1.7453516899335704,3.0462525215539697,1.038816633744856,0.4180522,2.869967502696956,4.010206206432753,0.48887235037134696
lstm_features_1_ts42_ensemble,lstm_features_1,"LSTM with Feature 1 (42 TimeSteps), Ensemble",DEEP_LEARNING,04_08,NEG,MARGINAL,42.0,ensemble,243,-0.41226225061728394,0.38442960000000026,4.775081750860987,22.80140572740563,1.9394645658436214,0.8821588,5.459596885450773,7.568635942132023,-0.0038238270722379905
lstm_features_1_ts42_ensemble,lstm_features_1,"LSTM with Feature 1 (42 TimeSteps), Ensemble",DEEP_LEARNING,04_08,POS,AVERAGE,42.0,ensemble,243,-0.558908996707819,0.04671499999999895,4.3840805078299745,19.220161899134723,2.292265091358025,1.5013500000000004,3.693509510719515,4.976233944206753,0.3402390044229858
lstm_features_1_ts42_ensemble,lstm_features_1,"LSTM with Feature 1 (42 TimeSteps), Ensemble",DEEP_LEARNING,04_08,POS,MARGINAL,42.0,ensemble,243,-2.5587751864197537,0.08794299999999922,20.539392851386822,421.8666587036001,5.083031573251029,2.24939,4.788824207894282,20.651499955769342,0.07383714098892492
lstm_features_1_ts42_ensemble,lstm_features_1,"LSTM with Feature 1 (42 TimeSteps), Ensemble",DEEP_LEARNING,08_12,NEG,AVERAGE,42.0,ensemble,243,-2.5309628543209874,-0.3191165000000016,4.679577239225833,21.89844313788047,3.0166722584362136,1.0037366999999997,6.835713343756486,10.560167175756378,0.6128083633839734
lstm_features_1_ts42_ensemble,lstm_features_1,"LSTM with Feature 1 (42 TimeSteps), Ensemble",DEEP_LEARNING,08_12,NEG,MARGINAL,42.0,ensemble,243,-2.181645314814815,0.45653789999999983,15.508945916568601,240.5274034430499,4.993166368312758,1.7978769999999997,11.024335183435307,21.835945348868762,0.05382427414845905
lstm_features_1_ts42_ensemble,lstm_features_1,"LSTM with Feature 1 (42 TimeSteps), Ensemble",DEEP_LEARNING,08_12,POS,AVERAGE,42.0,ensemble,243,-3.8239912781893,-0.8031220000000001,8.454122828479266,71.47219279901425,4.504196531687244,1.4304249999999996,5.212480186122629,10.609856590555522,0.36668599762990933
lstm_features_1_ts42_ensemble,lstm_features_1,"LSTM with Feature 1 (42 TimeSteps), Ensemble",DEEP_LEARNING,08_12,POS,MARGINAL,42.0,ensemble,243,-7.710390363374486,-1.879806000000002,17.084723795614828,291.88778717244753,8.247361892592593,2.1883090000000003,6.9529134876870575,19.567372197604406,0.1987651862619887
lstm_features_1_ts42_ensemble,lstm_features_1,"LSTM with Feature 1 (42 TimeSteps), Ensemble",DEEP_LEARNING,12_16,NEG,AVERAGE,42.0,ensemble,243,-6.15550594691358,-3.4536990000000003,7.263124249441536,52.752973862825684,6.351356571604938,3.507484000000005,15.452180980266467,21.644676250389573,0.7061553780550287
lstm_features_1_ts42_ensemble,lstm_features_1,"LSTM with Feature 1 (42 TimeSteps), Ensemble",DEEP_LEARNING,12_16,NEG,MARGINAL,42.0,ensemble,243,0.9374593592592599,-0.11606760000000005,29.055621291678097,844.2291286454175,8.696029448971192,2.427223999999999,34.66690256645444,35.66761617912996,0.06581979441788002
lstm_features_1_ts42_ensemble,lstm_features_1,"LSTM with Feature 1 (42 TimeSteps), Ensemble",DEEP_LEARNING,12_16,POS,AVERAGE,42.0,ensemble,243,-1.3582408106995882,0.8771224999999996,15.617115333105138,243.89429132750763,3.9877657851851853,1.2019200000000012,4.788389013493686,16.623209989960525,0.14324738125425257
lstm_features_1_ts42_ensemble,lstm_features_1,"LSTM with Feature 1 (42 TimeSteps), Ensemble",DEEP_LEARNING,12_16,POS,MARGINAL,42.0,ensemble,243,-9.687138052263371,1.2903590000000005,92.52678212795139,8561.205410953386,13.02358628271605,1.9633279999999997,5.945182055858262,93.2102494490528,0.026437085581912177
lstm_features_1_ts42_ensemble,lstm_features_1,"LSTM with Feature 1 (42 TimeSteps), Ensemble",DEEP_LEARNING,16_20,NEG,AVERAGE,42.0,ensemble,243,-0.3741363369135802,0.3277582,2.152773319547856,4.634432965357096,1.3847103264609053,0.7404136999999995,5.808122468644677,7.337457645105881,0.6658417001871345
lstm_features_1_ts42_ensemble,lstm_features_1,"LSTM with Feature 1 (42 TimeSteps), Ensemble",DEEP_LEARNING,16_20,NEG,MARGINAL,42.0,ensemble,243,-0.5034681788065843,0.45182312,4.553645762290255,20.735689728424003,2.195656852469136,1.0863854000000002,7.245606066108388,10.025695724674444,0.23790685171630335
lstm_features_1_ts42_ensemble,lstm_features_1,"LSTM with Feature 1 (42 TimeSteps), Ensemble",DEEP_LEARNING,16_20,POS,AVERAGE,42.0,ensemble,243,-7.672454920987653,-2.212609999999998,20.451770520200576,418.2749174109453,9.286806291358022,3.0121599999999997,7.504016340698826,25.02977580457957,0.5027478454387212
lstm_features_1_ts42_ensemble,lstm_features_1,"LSTM with Feature 1 (42 TimeSteps), Ensemble",DEEP_LEARNING,16_20,POS,MARGINAL,42.0,ensemble,243,-15.397741662551441,-4.123020999999998,36.12119377221607,1304.7406395299809,16.365853823045267,4.421454000000001,9.749945688700763,42.0419256592193,0.46041576668003076
lstm_features_1_ts42_ensemble,lstm_features_1,"LSTM with Feature 1 (42 TimeSteps), Ensemble",DEEP_LEARNING,20_24,NEG,AVERAGE,42.0,ensemble,243,0.39569183942386826,0.36496249999999986,0.8952612029296234,0.8014926214709963,0.7218817900411523,0.5801610999999998,1.2797562171403705,1.6583956077090714,0.5456951493026191
lstm_features_1_ts42_ensemble,lstm_features_1,"LSTM with Feature 1 (42 TimeSteps), Ensemble",DEEP_LEARNING,20_24,NEG,MARGINAL,42.0,ensemble,243,0.20055433452674895,0.4598803,1.8163239327186858,3.299032628566673,1.101030500617284,0.6759101,2.235924294133953,2.883929212336049,-0.032449375123722236
lstm_features_1_ts42_ensemble,lstm_features_1,"LSTM with Feature 1 (42 TimeSteps), Ensemble",DEEP_LEARNING,20_24,POS,AVERAGE,42.0,ensemble,243,-1.9060941320987654,0.42091220000000007,5.118765656384166,26.201761844978023,3.90529360617284,1.9863287000000005,5.391143281909228,9.226842324694095,0.85356237892462
lstm_features_1_ts42_ensemble,lstm_features_1,"LSTM with Feature 1 (42 TimeSteps), Ensemble",DEEP_LEARNING,20_24,POS,MARGINAL,42.0,ensemble,243,-2.73363363744856,0.14453099999999885,7.711777351798808,59.47150992371704,5.0933583,2.8830576,6.481589428632534,12.517591406746885,0.5280448526160849
lstm_features_1_ts42_recency,lstm_features_1,"LSTM with Feature 1 (42 TimeSteps), Weighted Ensemble",DEEP_LEARNING,00_04,NEG,AVERAGE,42.0,recency,243,-0.6177532316872427,0.007379700000000433,2.870815566943401,8.24158201940456,1.4354851320987654,0.44492010000000004,5.212528362066173,6.010759859506859,-0.11981366409713236
lstm_features_1_ts42_recency,lstm_features_1,"LSTM with Feature 1 (42 TimeSteps), Weighted Ensemble",DEEP_LEARNING,00_04,NEG,MARGINAL,42.0,recency,243,-1.186430213580247,0.13614999999999888,7.079635575496646,50.12123988183772,3.408315046502058,0.9741909999999994,7.869141891580825,10.552818626231158,-0.12046284251378328
lstm_features_1_ts42_recency,lstm_features_1,"LSTM with Feature 1 (42 TimeSteps), Weighted Ensemble",DEEP_LEARNING,00_04,POS,AVERAGE,42.0,recency,243,0.8934257633744855,0.7167320000000004,1.4330124199721965,2.053524595794571,1.1736595477366254,0.8181976999999998,2.238470260999656,1.7587844462463593,0.5772411622831543
lstm_features_1_ts42_recency,lstm_features_1,"LSTM with Feature 1 (42 TimeSteps), Weighted Ensemble",DEEP_LEARNING,00_04,POS,MARGINAL,42.0,recency,243,1.6950752415637862,1.5147723000000006,2.4651671884964323,6.0770492672394045,2.1816301617283953,1.6564457,2.70738170779463,2.8277430295569976,0.2718826961344012
lstm_features_1_ts42_recency,lstm_features_1,"LSTM with Feature 1 (42 TimeSteps), Weighted Ensemble",DEEP_LEARNING,04_08,NEG,AVERAGE,42.0,recency,243,-0.24659064197530864,0.01322610000000024,1.293959009400623,1.6743299180090416,0.6789763423868311,0.30205400000000004,3.647343336952082,4.010206206432753,0.015986757610128383
lstm_features_1_ts42_recency,lstm_features_1,"LSTM with Feature 1 (42 TimeSteps), Weighted Ensemble",DEEP_LEARNING,04_08,NEG,MARGINAL,42.0,recency,243,-0.10954240534979419,0.4521533,4.713217154190313,22.214415942553835,1.9345430374485597,0.9036726000000002,5.919675040395794,7.568635942132023,-0.036933141446706765
lstm_features_1_ts42_recency,lstm_features_1,"LSTM with Feature 1 (42 TimeSteps), Weighted Ensemble",DEEP_LEARNING,04_08,POS,AVERAGE,42.0,recency,243,-0.8647101814814815,-0.3913580000000003,4.408862443026527,19.438068041529835,2.312030155967078,1.4852340000000002,3.830156471542221,4.976233944206753,0.3077483148812976
lstm_features_1_ts42_recency,lstm_features_1,"LSTM with Feature 1 (42 TimeSteps), Weighted Ensemble",DEEP_LEARNING,04_08,POS,MARGINAL,42.0,recency,243,-2.7567997921810696,-0.2138169999999988,20.504109179951787,420.41849326338314,5.104536243209876,2.1401887000000004,4.97393895908519,20.651499955769342,0.06273587720524107
lstm_features_1_ts42_recency,lstm_features_1,"LSTM with Feature 1 (42 TimeSteps), Weighted Ensemble",DEEP_LEARNING,08_12,NEG,AVERAGE,42.0,recency,243,-1.154431621399177,-0.18530559999999996,3.4294996148328387,11.761467608138588,1.8935917580246915,0.7102805999999999,8.611837436396685,10.560167175756378,0.28508219824746384
lstm_features_1_ts42_recency,lstm_features_1,"LSTM with Feature 1 (42 TimeSteps), Weighted Ensemble",DEEP_LEARNING,08_12,NEG,MARGINAL,42.0,recency,243,-0.8970457024691357,0.7554288,14.779749711896459,218.44100154630348,4.857248234156379,1.8736500000000005,12.86627764735979,21.835945348868762,-0.015403019656061263
lstm_features_1_ts42_recency,lstm_features_1,"LSTM with Feature 1 (42 TimeSteps), Weighted Ensemble",DEEP_LEARNING,08_12,POS,AVERAGE,42.0,recency,243,-2.0456050407407402,0.4748529999999995,8.19894688273882,67.2227299859726,4.156916904115226,1.8224049999999998,6.3258119684499095,10.609856590555522,0.271241221564605
lstm_features_1_ts42_recency,lstm_features_1,"LSTM with Feature 1 (42 TimeSteps), Weighted Ensemble",DEEP_LEARNING,08_12,POS,MARGINAL,42.0,recency,243,-5.750440278600823,-0.4538500000000001,16.492405431368752,271.9994369126415,7.202706232510289,1.6304904999999987,8.638727189399331,19.567372197604406,0.13260089036584805
lstm_features_1_ts42_recency,lstm_features_1,"LSTM with Feature 1 (42 TimeSteps), Weighted Ensemble",DEEP_LEARNING,12_16,NEG,AVERAGE,42.0,recency,243,-1.6323009563786008,-0.28527099999999983,4.822021471173174,23.251891068455098,2.8126693646090537,0.9188407999999999,20.602837457582567,21.644676250389573,0.10790036633498386
lstm_features_1_ts42_recency,lstm_features_1,"LSTM with Feature 1 (42 TimeSteps), Weighted Ensemble",DEEP_LEARNING,12_16,NEG,MARGINAL,42.0,recency,243,0.5322489609053498,-0.030246399999999785,28.371911317276066,804.9653517953776,8.034475480246913,2.1991249999999987,33.24546651272269,35.66761617912996,0.028606074476128267
lstm_features_1_ts42_recency,lstm_features_1,"LSTM with Feature 1 (42 TimeSteps), Weighted Ensemble",DEEP_LEARNING,12_16,POS,AVERAGE,42.0,recency,243,-0.6681129106995886,0.9601860000000002,15.550040701462386,241.80376581713682,4.175388681893004,1.4577999999999989,5.94561267565733,16.623209989960525,0.10929259767507984
lstm_features_1_ts42_recency,lstm_features_1,"LSTM with Feature 1 (42 TimeSteps), Weighted Ensemble",DEEP_LEARNING,12_16,POS,MARGINAL,42.0,recency,243,-9.308389837860084,1.114713,92.2799382880641,8515.587010448919,12.65642118271605,1.5723909999999997,7.063038232036709,93.2102494490528,0.01870645715486497
lstm_features_1_ts42_recency,lstm_features_1,"LSTM with Feature 1 (42 TimeSteps), Weighted Ensemble",DEEP_LEARNING,16_20,NEG,AVERAGE,42.0,recency,243,0.01897326580246924,0.1811908000000002,1.4607832305853365,2.1338876467593324,0.8335154366666667,0.34545190000000003,6.793942582532242,7.337457645105881,0.2214086930575285
lstm_features_1_ts42_recency,lstm_features_1,"LSTM with Feature 1 (42 TimeSteps), Weighted Ensemble",DEEP_LEARNING,16_20,NEG,MARGINAL,42.0,recency,243,-0.20218492304526767,0.37909480000000007,4.158129032625083,17.290037051959608,1.8491577600823044,0.8374119000000002,7.918163943539119,10.025695724674444,0.08398043379639228
lstm_features_1_ts42_recency,lstm_features_1,"LSTM with Feature 1 (42 TimeSteps), Weighted Ensemble",DEEP_LEARNING,16_20,POS,AVERAGE,42.0,recency,243,-3.455416362139917,1.0248640000000009,19.002726227897696,361.103604092431,8.309025905349793,3.5795809999999992,10.069372504164686,25.02977580457957,0.420780677151478
lstm_features_1_ts42_recency,lstm_features_1,"LSTM with Feature 1 (42 TimeSteps), Weighted Ensemble",DEEP_LEARNING,16_20,POS,MARGINAL,42.0,recency,243,-10.373405302469138,-0.5552530000000004,34.32880950435844,1178.46716198653,14.020416067901236,3.397547000000003,13.536409337561741,42.0419256592193,0.38826787287307757
lstm_features_1_ts42_recency,lstm_features_1,"LSTM with Feature 1 (42 TimeSteps), Weighted Ensemble",DEEP_LEARNING,20_24,NEG,AVERAGE,42.0,recency,243,0.004485761481481488,0.09559979999999979,0.620863374431354,0.3854713297102876,0.35365934979423863,0.19763399999999987,1.43125020020988,1.6583956077090714,0.0733235412757514
lstm_features_1_ts42_recency,lstm_features_1,"LSTM with Feature 1 (42 TimeSteps), Weighted Ensemble",DEEP_LEARNING,20_24,NEG,MARGINAL,42.0,recency,243,0.18688417164609056,0.4129530400000001,1.7541684803534754,3.0771070574656214,1.0583925214403294,0.6006061,2.5438332996247213,2.883929212336049,-0.22253203734926236
lstm_features_1_ts42_recency,lstm_features_1,"LSTM with Feature 1 (42 TimeSteps), Weighted Ensemble",DEEP_LEARNING,20_24,POS,AVERAGE,42.0,recency,243,-0.8345897353909468,0.7200640000000007,4.247433090353016,18.040687857025773,3.1499248456790125,1.9308472000000005,6.384381602843583,9.226842324694095,0.7539923133172312
lstm_features_1_ts42_recency,lstm_features_1,"LSTM with Feature 1 (42 TimeSteps), Weighted Ensemble",DEEP_LEARNING,20_24,POS,MARGINAL,42.0,recency,243,-1.3995325613168725,0.5787542999999999,6.242463610057672,38.96835192289426,3.83963790946502,2.3127570000000013,7.977859131390875,12.517591406746885,0.37251953700785584
lstm_features_1_ts42_single,lstm_features_1,"LSTM with Feature 1 (42 TimeSteps), Single",DEEP_LEARNING,00_04,NEG,AVERAGE,42.0,single,243,-0.2836703090534979,0.1954457999999999,2.80892382814008,7.890053072293123,1.4342590358024692,0.5045050000000018,5.428171186927212,6.010759859506859,-0.13011187334528926
lstm_features_1_ts42_single,lstm_features_1,"LSTM with Feature 1 (42 TimeSteps), Single",DEEP_LEARNING,00_04,NEG,MARGINAL,42.0,single,243,-1.317467403292181,0.46831630000000013,7.002358758834785,49.03302818743023,3.31548445925926,1.0213552000000004,6.867294499473994,10.552818626231158,-0.08385510556995383
lstm_features_1_ts42_single,lstm_features_1,"LSTM with Feature 1 (42 TimeSteps), Single",DEEP_LEARNING,00_04,POS,AVERAGE,42.0,single,243,0.9008448971193415,0.7189808000000002,1.6759715530371389,2.8088806465897194,1.2968909341563783,0.9212227,2.3884029204008472,1.7587844462463593,0.6047416407258995
lstm_features_1_ts42_single,lstm_features_1,"LSTM with Feature 1 (42 TimeSteps), Single",DEEP_LEARNING,00_04,POS,MARGINAL,42.0,single,243,0.8748087119341564,0.6977062000000007,2.3975581367861003,5.748285019269238,1.5443166279835392,0.9152154000000001,2.7214964014796235,2.8277430295569976,0.26305479548916116
lstm_features_1_ts42_single,lstm_features_1,"LSTM with Feature 1 (42 TimeSteps), Single",DEEP_LEARNING,04_08,NEG,AVERAGE,42.0,single,243,0.1099914716049383,0.17602869999999982,1.2726843786521862,1.6197255276653015,0.7098945563786009,0.38359260000000006,3.9444999811299266,4.010206206432753,-0.07638900078197297
lstm_features_1_ts42_single,lstm_features_1,"LSTM with Feature 1 (42 TimeSteps), Single",DEEP_LEARNING,04_08,NEG,MARGINAL,42.0,single,243,0.009546568724279754,0.6437010999999995,4.660317056495061,21.718555067058794,2.020613071604938,1.0261250000000004,5.827514720809155,7.568635942132023,-0.05062112674345685
lstm_features_1_ts42_single,lstm_features_1,"LSTM with Feature 1 (42 TimeSteps), Single",DEEP_LEARNING,04_08,POS,AVERAGE,42.0,single,243,0.3087027761316872,0.35357660000000024,5.593092935577612,31.282688586008188,2.9454996139917697,1.8731047000000007,5.439314836624319,4.976233944206753,0.3516061135700745
lstm_features_1_ts42_single,lstm_features_1,"LSTM with Feature 1 (42 TimeSteps), Single",DEEP_LEARNING,04_08,POS,MARGINAL,42.0,single,243,-3.9329356185185187,-0.9477659999999997,20.57112224165832,423.1710702812495,5.095855813580246,1.840104000000002,3.852335491949445,20.651499955769342,0.08420820193847034
lstm_features_1_ts42_single,lstm_features_1,"LSTM with Feature 1 (42 TimeSteps), Single",DEEP_LEARNING,08_12,NEG,AVERAGE,42.0,single,243,-0.3460965728395063,0.11377879999999996,2.9917655934186222,8.950661365963482,1.6620530395061732,0.7103457,9.519591733647044,10.560167175756378,0.12815359319272326
lstm_features_1_ts42_single,lstm_features_1,"LSTM with Feature 1 (42 TimeSteps), Single",DEEP_LEARNING,08_12,NEG,MARGINAL,42.0,single,243,-1.9962880679012347,0.37773109999999965,14.87590773807547,221.29263103173366,4.657861913168724,1.4563539999999975,12.007064940362275,21.835945348868762,0.027883509700410564
lstm_features_1_ts42_single,lstm_features_1,"LSTM with Feature 1 (42 TimeSteps), Single",DEEP_LEARNING,08_12,POS,AVERAGE,42.0,single,243,-2.53260331399177,0.1824665000000003,8.599720401448069,73.95519098308215,4.525416518930042,1.8085720000000016,6.223857321528687,10.609856590555522,0.29560076565950666
lstm_features_1_ts42_single,lstm_features_1,"LSTM with Feature 1 (42 TimeSteps), Single",DEEP_LEARNING,08_12,POS,MARGINAL,42.0,single,243,-4.334920648971194,0.7201202999999996,16.29584301314332,265.5544995090119,7.0598991905349795,1.8796729999999968,8.804667583272037,19.567372197604406,0.1262048479948738
lstm_features_1_ts42_single,lstm_features_1,"LSTM with Feature 1 (42 TimeSteps), Single",DEEP_LEARNING,12_16,NEG,AVERAGE,42.0,single,243,1.3329617732510288,0.2688184,5.868125994739356,34.43490269013575,3.05097905473251,0.9141980000000007,23.97803517716209,21.644676250389573,0.22745560873407442
lstm_features_1_ts42_single,lstm_features_1,"LSTM with Feature 1 (42 TimeSteps), Single",DEEP_LEARNING,12_16,NEG,MARGINAL,42.0,single,243,-3.0177809831275724,-0.4408260000000013,27.169683325549208,738.1916920106268,7.092967424279836,1.7892309999999991,28.33268934106251,35.66761617912996,-0.028366195868034908
lstm_features_1_ts42_single,lstm_features_1,"LSTM with Feature 1 (42 TimeSteps), Single",DEEP_LEARNING,12_16,POS,AVERAGE,42.0,single,243,-1.731915033744856,0.06844899999999932,15.957932290289158,254.65560298145337,4.586850656790124,1.3165431000000005,5.434974252679184,16.623209989960525,0.16784052359527066
lstm_features_1_ts42_single,lstm_features_1,"LSTM with Feature 1 (42 TimeSteps), Single",DEEP_LEARNING,12_16,POS,MARGINAL,42.0,single,243,-10.01153584979424,-0.29280670000000075,92.36106288435909,8530.565937128535,12.577478654732511,1.3025434999999996,8.200773925118208,93.2102494490528,0.01870926237387952
lstm_features_1_ts42_single,lstm_features_1,"LSTM with Feature 1 (42 TimeSteps), Single",DEEP_LEARNING,16_20,NEG,AVERAGE,42.0,single,243,0.22665582600823045,0.1440539999999999,1.321131092574675,1.7453873637675548,0.7517824604115226,0.2800180000000001,7.285915610546281,7.337457645105881,-0.0998705871244708
lstm_features_1_ts42_single,lstm_features_1,"LSTM with Feature 1 (42 TimeSteps), Single",DEEP_LEARNING,16_20,NEG,MARGINAL,42.0,single,243,0.26172590320987643,0.5016010000000009,4.285424847797877,18.36486612612346,1.867518435967078,0.8056550000000016,8.556412465470387,10.025695724674444,-0.028612100882174703
lstm_features_1_ts42_single,lstm_features_1,"LSTM with Feature 1 (42 TimeSteps), Single",DEEP_LEARNING,16_20,POS,AVERAGE,42.0,single,243,-4.7331635637860066,0.19408200000000164,20.38796619309941,415.66916549096436,8.984556576131686,3.7795340000000017,9.035367404640297,25.02977580457957,0.45181166904114095
lstm_features_1_ts42_single,lstm_features_1,"LSTM with Feature 1 (42 TimeSteps), Single",DEEP_LEARNING,16_20,POS,MARGINAL,42.0,single,243,-4.006826166666666,3.585177999999999,32.53256321320196,1058.3676692209813,14.734701475308642,5.551886999999999,22.512445801136682,42.0419256592193,0.16111700535124857
lstm_features_1_ts42_single,lstm_features_1,"LSTM with Feature 1 (42 TimeSteps), Single",DEEP_LEARNING,20_24,NEG,AVERAGE,42.0,single,243,0.06633603341563787,0.1048861000000001,0.5904289344938853,0.34860632668758473,0.37534712699588474,0.22397929999999988,1.5566854213188515,1.6583956077090714,-0.02854633394261238
lstm_features_1_ts42_single,lstm_features_1,"LSTM with Feature 1 (42 TimeSteps), Single",DEEP_LEARNING,20_24,NEG,MARGINAL,42.0,single,243,-0.0813238793415638,0.23696200000000012,1.74251132074214,3.036345702914517,0.9337916330041154,0.46784500000000007,2.3997313115710885,2.883929212336049,-0.19463782379759573
lstm_features_1_ts42_single,lstm_features_1,"LSTM with Feature 1 (42 TimeSteps), Single",DEEP_LEARNING,20_24,POS,AVERAGE,42.0,single,243,0.4936963938271603,1.3309379999999997,4.419747265235229,19.534165888554288,3.5585525839506174,2.8237319999999997,6.629257371895714,9.226842324694095,0.7280051528109258
lstm_features_1_ts42_single,lstm_features_1,"LSTM with Feature 1 (42 TimeSteps), Single",DEEP_LEARNING,20_24,POS,MARGINAL,42.0,single,243,2.3677637925925925,2.2661540000000002,5.069154836755926,25.696330759006,3.8293231695473247,2.667453,11.40218482362939,12.517591406746885,0.13411501840165466
lstm_features_4_ts168_ensemble,lstm_features_4,"LSTM with Feature 4 (168 TimeSteps), Ensemble",DEEP_LEARNING,00_04,NEG,AVERAGE,168.0,ensemble,243,-0.7879366695473251,-0.3886195000000008,2.7241985486139586,7.421257732270399,1.4849584168724281,0.6659450000000007,5.989507029783535,6.010759859506859,0.2607580554475501
lstm_features_4_ts168_ensemble,lstm_features_4,"LSTM with Feature 4 (168 TimeSteps), Ensemble",DEEP_LEARNING,00_04,NEG,MARGINAL,168.0,ensemble,243,-0.6813269506172838,-0.2125760999999997,6.7600762152100895,45.69863043544917,3.2340189366255143,1.0798120999999998,10.459881919153752,10.552818626231158,0.15108259079358005
lstm_features_4_ts168_ensemble,lstm_features_4,"LSTM with Feature 4 (168 TimeSteps), Ensemble",DEEP_LEARNING,00_04,POS,AVERAGE,168.0,ensemble,243,1.2756916378600822,1.0560998999999995,1.2343823330223491,1.5236997440776978,1.3776130016460904,1.0788923000000001,2.171557095666627,1.7587844462463593,0.5148060718688903
lstm_features_4_ts168_ensemble,lstm_features_4,"LSTM with Feature 4 (168 TimeSteps), Ensemble",DEEP_LEARNING,00_04,POS,MARGINAL,168.0,ensemble,243,3.7827125827160497,3.4671190000000003,3.0284825461646636,9.171706532424004,4.059398856790124,3.5050666,3.507320052073433,2.8277430295569976,0.43784394232594914
lstm_features_4_ts168_ensemble,lstm_features_4,"LSTM with Feature 4 (168 TimeSteps), Ensemble",DEEP_LEARNING,04_08,NEG,AVERAGE,168.0,ensemble,243,0.051091959259259294,-0.11428360000000026,1.6009228926927022,2.562954108347569,0.8793867897119341,0.4108609999999997,4.670690437932709,4.010206206432753,0.3724808171475965
lstm_features_4_ts168_ensemble,lstm_features_4,"LSTM with Feature 4 (168 TimeSteps), Ensemble",DEEP_LEARNING,04_08,NEG,MARGINAL,168.0,ensemble,243,-0.30372628312757205,0.09864599999999868,4.603794220047143,21.194921220539477,1.7094634666666666,0.7008610000000006,6.69065622961157,7.568635942132023,0.03359129751494832
lstm_features_4_ts168_ensemble,lstm_features_4,"LSTM with Feature 4 (168 TimeSteps), Ensemble",DEEP_LEARNING,04_08,POS,AVERAGE,168.0,ensemble,243,-0.6239797469135803,-0.1515620000000002,3.880434087349032,15.057768706260317,1.9000599625514403,1.0558340000000008,3.6759763310055185,4.976233944206753,0.2870606423850258
lstm_features_4_ts168_ensemble,lstm_features_4,"LSTM with Feature 4 (168 TimeSteps), Ensemble",DEEP_LEARNING,04_08,POS,MARGINAL,168.0,ensemble,243,-1.4642183679012342,0.9436970000000002,20.43924463698827,417.7627213306538,4.9211206,2.221629,5.4503177168299475,20.651499955769342,0.06856980467257792
lstm_features_4_ts168_ensemble,lstm_features_4,"LSTM with Feature 4 (168 TimeSteps), Ensemble",DEEP_LEARNING,08_12,NEG,AVERAGE,168.0,ensemble,243,-2.216378357078189,-0.20724469999999995,5.0289025862397585,25.28986122188893,3.1093487850617283,1.2817884,7.104093590583074,10.560167175756378,0.6651549593266394
lstm_features_4_ts168_ensemble,lstm_features_4,"LSTM with Feature 4 (168 TimeSteps), Ensemble",DEEP_LEARNING,08_12,NEG,MARGINAL,168.0,ensemble,243,-4.0416485917695475,-0.40258230000000017,16.691664593049705,278.61166688686916,5.66186304691358,2.0152409999999996,10.088280995280954,21.835945348868762,0.12340380149258669
lstm_features_4_ts168_ensemble,lstm_features_4,"LSTM with Feature 4 (168 TimeSteps), Ensemble",DEEP_LEARNING,08_12,POS,AVERAGE,168.0,ensemble,243,-1.9408711576131688,-0.081175,7.311829334010347,53.46284820969419,3.5512120366255147,1.4991060000000012,6.628859699310494,10.609856590555522,0.25225709026788984
lstm_features_4_ts168_ensemble,lstm_features_4,"LSTM with Feature 4 (168 TimeSteps), Ensemble",DEEP_LEARNING,08_12,POS,MARGINAL,168.0,ensemble,243,-5.780122900411523,-0.9174420000000012,16.28171542036509,265.0942570297543,7.629210289711934,2.2785129999999985,8.74777908495083,19.567372197604406,0.1706366175679948
lstm_features_4_ts168_ensemble,lstm_features_4,"LSTM with Feature 4 (168 TimeSteps), Ensemble",DEEP_LEARNING,12_16,NEG,AVERAGE,168.0,ensemble,243,-4.9536180206172835,-3.0803900000000013,5.646994968755706,31.888552177152256,5.134264798395061,3.1524554999999994,18.39152830719007,21.644676250389573,0.7221929884005112
lstm_features_4_ts168_ensemble,lstm_features_4,"LSTM with Feature 4 (168 TimeSteps), Ensemble",DEEP_LEARNING,12_16,NEG,MARGINAL,168.0,ensemble,243,-3.4387589755555554,-1.67347,26.771053855932283,716.6893245572268,7.8937570158847725,2.985358999999999,29.975000703322024,35.66761617912996,0.07086148610173403
lstm_features_4_ts168_ensemble,lstm_features_4,"LSTM with Feature 4 (168 TimeSteps), Ensemble",DEEP_LEARNING,12_16,POS,AVERAGE,168.0,ensemble,243,-2.285064969135802,-0.21909299999999998,15.376358359893423,236.43239641186437,2.9881702522633744,0.6215890000000002,5.945493786453808,16.623209989960525,0.013523479117030245
lstm_features_4_ts168_ensemble,lstm_features_4,"LSTM with Feature 4 (168 TimeSteps), Ensemble",DEEP_LEARNING,12_16,POS,MARGINAL,168.0,ensemble,243,-10.71333483251029,0.07148499999999913,92.60001489280559,8574.762758147817,12.591227295061728,1.4456609999999994,6.522356246459691,93.2102494490528,0.0157956820246831
lstm_features_4_ts168_ensemble,lstm_features_4,"LSTM with Feature 4 (168 TimeSteps), Ensemble",DEEP_LEARNING,16_20,NEG,AVERAGE,168.0,ensemble,243,-1.0600722410699588,0.0293353999999999,2.3181013872035376,5.3735940413549645,1.5722192322633743,0.6721148999999997,5.4229444657315184,7.337457645105881,0.8283081613742374
lstm_features_4_ts168_ensemble,lstm_features_4,"LSTM with Feature 4 (168 TimeSteps), Ensemble",DEEP_LEARNING,16_20,NEG,MARGINAL,168.0,ensemble,243,-1.6902662461728393,0.17391599999999996,4.863337239200064,23.652049102190094,2.6149889925925933,0.9839216,6.22802701007072,10.025695724674444,0.4817134883790445
lstm_features_4_ts168_ensemble,lstm_features_4,"LSTM with Feature 4 (168 TimeSteps), Ensemble",DEEP_LEARNING,16_20,POS,AVERAGE,168.0,ensemble,243,-5.359424113168724,-1.2701419999999999,17.009336874519526,289.31754091088965,6.901785804526748,2.361985999999998,12.156732389739568,25.02977580457957,0.3240016369054803
lstm_features_4_ts168_ensemble,lstm_features_4,"LSTM with Feature 4 (168 TimeSteps), Ensemble",DEEP_LEARNING,16_20,POS,MARGINAL,168.0,ensemble,243,-12.45162084979424,-3.209724999999999,33.004760487102686,1089.3142148110148,14.095443269547323,3.7230500000000006,14.46349920851619,42.0419256592193,0.37039761470647836
lstm_features_4_ts168_ensemble,lstm_features_4,"LSTM with Feature 4 (168 TimeSteps), Ensemble",DEEP_LEARNING,20_24,NEG,AVERAGE,168.0,ensemble,243,0.4303267588888889,0.3850686000000001,0.5976926885947333,0.3572365499996009,0.5477733429218107,0.4354627,1.8318091367963059,1.6583956077090714,0.3205516189974199
lstm_features_4_ts168_ensemble,lstm_features_4,"LSTM with Feature 4 (168 TimeSteps), Ensemble",DEEP_LEARNING,20_24,NEG,MARGINAL,168.0,ensemble,243,-0.0058356444444444214,0.1207921999999999,1.508116186766145,2.2744144327860583,0.850842098106996,0.4443269000000001,2.668450445118733,2.883929212336049,-0.058219559946878045
lstm_features_4_ts168_ensemble,lstm_features_4,"LSTM with Feature 4 (168 TimeSteps), Ensemble",DEEP_LEARNING,20_24,POS,AVERAGE,168.0,ensemble,243,-1.453464134979424,-0.025732999999999784,3.6592832201788963,13.390353685482834,2.7447562839506174,1.526591999999999,6.62455517431663,9.226842324694095,0.7692901851786095
lstm_features_4_ts168_ensemble,lstm_features_4,"LSTM with Feature 4 (168 TimeSteps), Ensemble",DEEP_LEARNING,20_24,POS,MARGINAL,168.0,ensemble,243,-1.3838542584362141,0.6843579999999996,7.038981006872135,49.547253615106655,4.768961481481481,3.509003,7.877693989606318,12.517591406746885,0.53741558265073
lstm_features_4_ts168_recency,lstm_features_4,"LSTM with Feature 4 (168 TimeSteps), Weighted Ensemble",DEEP_LEARNING,00_04,NEG,AVERAGE,168.0,recency,243,-0.2607299983539095,-0.028378000000000014,2.6758618130770464,7.160236442683978,1.257167181069959,0.4080018999999999,6.212300076658134,6.010759859506859,0.17041216091064113
lstm_features_4_ts168_recency,lstm_features_4,"LSTM with Feature 4 (168 TimeSteps), Weighted Ensemble",DEEP_LEARNING,00_04,NEG,MARGINAL,168.0,recency,243,-0.33363965226337444,0.10253420000000002,6.540690878884929,42.780637173128504,3.1235451921810697,1.0576489999999996,10.050702996717398,10.552818626231158,0.08555390666287123
lstm_features_4_ts168_recency,lstm_features_4,"LSTM with Feature 4 (168 TimeSteps), Weighted Ensemble",DEEP_LEARNING,00_04,POS,AVERAGE,168.0,recency,243,0.4134498432098765,0.22449830000000048,1.0177346322908893,1.0357837817642717,0.6425139419753086,0.3360997999999995,1.9281837720532775,1.7587844462463593,0.30643602934931713
lstm_features_4_ts168_recency,lstm_features_4,"LSTM with Feature 4 (168 TimeSteps), Weighted Ensemble",DEEP_LEARNING,00_04,POS,MARGINAL,168.0,recency,243,1.7747452781893005,1.4878364,2.4845220063959057,6.172849600265538,2.254695316872428,1.6892505999999994,2.8248654218097133,2.8277430295569976,0.3319739053296546
lstm_features_4_ts168_recency,lstm_features_4,"LSTM with Feature 4 (168 TimeSteps), Weighted Ensemble",DEEP_LEARNING,04_08,NEG,AVERAGE,168.0,recency,243,-0.06502729711934153,-0.1015725999999999,1.349948511649831,1.822360984105594,0.6913546971193416,0.28803199999999984,4.443562446430016,4.010206206432753,0.19359460529707823
lstm_features_4_ts168_recency,lstm_features_4,"LSTM with Feature 4 (168 TimeSteps), Weighted Ensemble",DEEP_LEARNING,04_08,NEG,MARGINAL,168.0,recency,243,-0.054348772016460746,0.2878655000000001,4.580930567205847,20.984924861560884,1.7195495744855969,0.7628512000000001,6.780563614473052,7.568635942132023,-0.004818044478865523
lstm_features_4_ts168_recency,lstm_features_4,"LSTM with Feature 4 (168 TimeSteps), Weighted Ensemble",DEEP_LEARNING,04_08,POS,AVERAGE,168.0,recency,243,-0.7726491855967078,-0.4015164999999996,3.8306813449343435,14.674119566427992,1.8538967921810696,1.0466889999999989,3.8367235693800636,4.976233944206753,0.19088771429365234
lstm_features_4_ts168_recency,lstm_features_4,"LSTM with Feature 4 (168 TimeSteps), Weighted Ensemble",DEEP_LEARNING,04_08,POS,MARGINAL,168.0,recency,243,-1.9678308716049382,0.3921069999999993,20.38331164351377,415.479393556604,4.916474371193416,2.2625600000000006,5.42793878041231,20.651499955769342,0.055532578667712176
lstm_features_4_ts168_recency,lstm_features_4,"LSTM with Feature 4 (168 TimeSteps), Weighted Ensemble",DEEP_LEARNING,08_12,NEG,AVERAGE,168.0,recency,243,-1.6563904893004113,-0.18246319999999994,4.062342010094366,16.502622606977535,2.3009823353909464,0.9031775,7.970967918369493,10.560167175756378,0.5284861254236944
lstm_features_4_ts168_recency,lstm_features_4,"LSTM with Feature 4 (168 TimeSteps), Weighted Ensemble",DEEP_LEARNING,08_12,NEG,MARGINAL,168.0,recency,243,-3.178743926337449,-0.26392630000000006,16.133255345575517,260.28192804554095,4.951950015226338,1.4990709999999972,10.883433133897933,21.835945348868762,0.0725716490913876
lstm_features_4_ts168_recency,lstm_features_4,"LSTM with Feature 4 (168 TimeSteps), Weighted Ensemble",DEEP_LEARNING,08_12,POS,AVERAGE,168.0,recency,243,-0.46677389753086435,0.9836337999999998,7.00480248089596,49.06725779636619,3.543256174897119,1.912758499999999,7.874098817587085,10.609856590555522,0.11731316384344381
lstm_features_4_ts168_recency,lstm_features_4,"LSTM with Feature 4 (168 TimeSteps), Weighted Ensemble",DEEP_LEARNING,08_12,POS,MARGINAL,168.0,recency,243,-3.2865153604938278,0.5661190000000005,15.916018282912631,253.31963798200917,7.4841994921810695,2.9130600000000015,10.837122948550684,19.567372197604406,0.12082688821074171
lstm_features_4_ts168_recency,lstm_features_4,"LSTM with Feature 4 (168 TimeSteps), Weighted Ensemble",DEEP_LEARNING,12_16,NEG,AVERAGE,168.0,recency,243,-2.677431866255144,-1.2649730000000048,4.648480704581891,21.608372860870155,3.4577709469135804,1.9014762999999997,20.090303658759638,21.644676250389573,0.4942186278592896
lstm_features_4_ts168_recency,lstm_features_4,"LSTM with Feature 4 (168 TimeSteps), Weighted Ensemble",DEEP_LEARNING,12_16,NEG,MARGINAL,168.0,recency,243,-3.379311337037037,-1.2371037,26.428386723348208,698.4596247988478,7.29211207366255,2.2757959999999997,28.789006876425265,35.66761617912996,0.03882312670093682
lstm_features_4_ts168_recency,lstm_features_4,"LSTM with Feature 4 (168 TimeSteps), Weighted Ensemble",DEEP_LEARNING,12_16,POS,AVERAGE,168.0,recency,243,-1.9614031646090537,-0.2558851999999998,15.346694140329278,235.521021036817,3.0270051934156377,0.6268136999999996,7.165118612227873,16.623209989960525,-0.05736470629201572
lstm_features_4_ts168_recency,lstm_features_4,"LSTM with Feature 4 (168 TimeSteps), Weighted Ensemble",DEEP_LEARNING,12_16,POS,MARGINAL,168.0,recency,243,-10.826068162551438,-0.46443930000000044,92.55693993966676,8566.78713099508,12.424516716460905,1.240036400000001,7.602472148869018,93.2102494490528,0.006471873791618322
lstm_features_4_ts168_recency,lstm_features_4,"LSTM with Feature 4 (168 TimeSteps), Weighted Ensemble",DEEP_LEARNING,16_20,NEG,AVERAGE,168.0,recency,243,-0.6028026310699589,0.0010290400000000366,1.6561273799128555,2.74275789849702,0.9744794606172841,0.38360020000000006,6.1413904603436045,7.337457645105881,0.5582671671666201
lstm_features_4_ts168_recency,lstm_features_4,"LSTM with Feature 4 (168 TimeSteps), Weighted Ensemble",DEEP_LEARNING,16_20,NEG,MARGINAL,168.0,recency,243,-1.0398263753086419,0.2483265,4.24357607052921,18.00793786636813,1.9528981238683127,0.7672086,7.076621531130889,10.025695724674444,0.2709661419563824
lstm_features_4_ts168_recency,lstm_features_4,"LSTM with Feature 4 (168 TimeSteps), Weighted Ensemble",DEEP_LEARNING,16_20,POS,AVERAGE,168.0,recency,243,-1.6277094646090537,0.5496979999999994,15.886928846602236,252.39450817700225,6.592827024279834,2.061271999999999,16.730981024046784,25.02977580457957,0.08860478066331326
lstm_features_4_ts168_recency,lstm_features_4,"LSTM with Feature 4 (168 TimeSteps), Weighted Ensemble",DEEP_LEARNING,16_20,POS,MARGINAL,168.0,recency,243,-5.570794269547326,0.9909949999999981,31.299936912065924,979.6860506993069,12.80167490329218,3.967815,23.654013011671694,42.0419256592193,0.1149582610237555
lstm_features_4_ts168_recency,lstm_features_4,"LSTM with Feature 4 (168 TimeSteps), Weighted Ensemble",DEEP_LEARNING,20_24,NEG,AVERAGE,168.0,recency,243,0.13693435201646093,0.11616619999999989,0.47892094149345205,0.2293652682009745,0.3278607688065843,0.20395379999999985,1.7122268186806484,1.6583956077090714,0.06175810233384646
lstm_features_4_ts168_recency,lstm_features_4,"LSTM with Feature 4 (168 TimeSteps), Weighted Ensemble",DEEP_LEARNING,20_24,NEG,MARGINAL,168.0,recency,243,-0.08361004181069957,0.07088559999999999,1.5050965530997105,2.2653156341526297,0.8058770112757201,0.38164869999999995,2.681711442676701,2.883929212336049,-0.13318123539592414
lstm_features_4_ts168_recency,lstm_features_4,"LSTM with Feature 4 (168 TimeSteps), Weighted Ensemble",DEEP_LEARNING,20_24,POS,AVERAGE,168.0,recency,243,-0.5937844349794239,-0.2441879999999994,2.5326567195536396,6.414350059100202,1.7124660152263373,0.9445150000000009,7.904589815627651,9.226842324694095,0.4365131164740136
lstm_features_4_ts168_recency,lstm_features_4,"LSTM with Feature 4 (168 TimeSteps), Weighted Ensemble",DEEP_LEARNING,20_24,POS,MARGINAL,168.0,recency,243,-0.8296051687242799,0.3211499999999994,5.667013956055151,32.11504717812386,3.4451189958847737,2.345286999999999,8.88231530242575,12.517591406746885,0.35417944634485
lstm_features_4_ts168_single,lstm_features_4,"LSTM with Feature 4 (168 TimeSteps), Single",DEEP_LEARNING,00_04,NEG,AVERAGE,168.0,single,243,0.34814692880658443,0.3222562,2.947694759410814,8.688904394657976,1.4806303617283953,0.5306785000000005,6.658819529230612,6.010759859506859,0.11738543640778312
lstm_features_4_ts168_single,lstm_features_4,"LSTM with Feature 4 (168 TimeSteps), Single",DEEP_LEARNING,00_04,NEG,MARGINAL,168.0,single,243,-0.33701451893004114,0.47725130000000027,6.263825302607113,39.2355074215811,3.004931633333334,1.0811566,9.154652496585816,10.552818626231158,0.054216087047582434
lstm_features_4_ts168_single,lstm_features_4,"LSTM with Feature 4 (168 TimeSteps), Single",DEEP_LEARNING,00_04,POS,AVERAGE,168.0,single,243,0.38312256008230444,0.24695800000000023,0.9491332678682858,0.9008539601743312,0.5735789790123458,0.28985949999999994,1.8975800312319973,1.7587844462463593,0.03564334208665134
lstm_features_4_ts168_single,lstm_features_4,"LSTM with Feature 4 (168 TimeSteps), Single",DEEP_LEARNING,00_04,POS,MARGINAL,168.0,single,243,0.5939208333333333,0.5274359,2.2282064429145465,4.964903952245897,1.2675797600823044,0.7361760000000004,2.6055539274768105,2.8277430295569976,0.12532512471714488
lstm_features_4_ts168_single,lstm_features_4,"LSTM with Feature 4 (168 TimeSteps), Single",DEEP_LEARNING,04_08,NEG,AVERAGE,168.0,single,243,0.04570227860082305,0.057446999999999804,1.2043284065911937,1.4504069109224833,0.6079944720164608,0.30416,4.191203325419148,4.010206206432753,-0.011774217532981765
lstm_features_4_ts168_single,lstm_features_4,"LSTM with Feature 4 (168 TimeSteps), Single",DEEP_LEARNING,04_08,NEG,MARGINAL,168.0,single,243,-0.5843529452674897,0.02809430000000024,4.486264240793124,20.12656683821911,1.8281005847736624,0.8892745,6.228898356433602,7.568635942132023,-0.019102421780952027
lstm_features_4_ts168_single,lstm_features_4,"LSTM with Feature 4 (168 TimeSteps), Single",DEEP_LEARNING,04_08,POS,AVERAGE,168.0,single,243,-0.5869747020576132,-0.0630639999999989,3.7616485469864402,14.149999791045197,1.6264436823045265,0.7667079999999995,3.9380042892694465,4.976233944206753,0.08333609951599573
lstm_features_4_ts168_single,lstm_features_4,"LSTM with Feature 4 (168 TimeSteps), Single",DEEP_LEARNING,04_08,POS,MARGINAL,168.0,single,243,-1.2757283781893,0.8641509999999997,20.502398766287087,420.3483551718503,4.999920959259259,1.9722920000000013,6.1354338287193775,20.651499955769342,0.04398554880562363
lstm_features_4_ts168_single,lstm_features_4,"LSTM with Feature 4 (168 TimeSteps), Single",DEEP_LEARNING,08_12,NEG,AVERAGE,168.0,single,243,-1.4322142720164612,-0.28427289999999994,3.529139026936926,12.454822271449313,1.8958344522633745,0.6790580000000013,8.69910297366209,10.560167175756378,0.30904407210070356
lstm_features_4_ts168_single,lstm_features_4,"LSTM with Feature 4 (168 TimeSteps), Single",DEEP_LEARNING,08_12,NEG,MARGINAL,168.0,single,243,-2.401567914403292,-0.13978540000000006,15.367123278365018,236.148477852468,4.45152767325103,1.0292299999999983,12.275922480304725,21.835945348868762,0.032527485869963124
lstm_features_4_ts168_single,lstm_features_4,"LSTM with Feature 4 (168 TimeSteps), Single",DEEP_LEARNING,08_12,POS,AVERAGE,168.0,single,243,-1.2650700588477368,0.20812700000000106,6.909306416549033,47.73851515776564,3.168241998765432,1.3195970000000017,8.060990612367819,10.609856590555522,0.01999234385236694
lstm_features_4_ts168_single,lstm_features_4,"LSTM with Feature 4 (168 TimeSteps), Single",DEEP_LEARNING,08_12,POS,MARGINAL,168.0,single,243,-1.3363490399176954,1.113308,15.09639027931684,227.90099946545197,7.255584425102881,2.7950280000000003,13.789376961163647,19.567372197604406,-0.027878062785482643
lstm_features_4_ts168_single,lstm_features_4,"LSTM with Feature 4 (168 TimeSteps), Single",DEEP_LEARNING,12_16,NEG,AVERAGE,168.0,single,243,0.45513169506172846,0.03502139999999976,4.977350478647117,24.77401778728868,2.6157549757201646,0.8711449999999985,23.369878360332546,21.644676250389573,0.32386155792804755
lstm_features_4_ts168_single,lstm_features_4,"LSTM with Feature 4 (168 TimeSteps), Single",DEEP_LEARNING,12_16,NEG,MARGINAL,168.0,single,243,-1.9726120971193415,-0.5620753999999994,26.924049910102475,724.9044635616891,7.126322502057612,2.0466570000000033,30.428479621939648,35.66761617912996,0.021975441896215024
lstm_features_4_ts168_single,lstm_features_4,"LSTM with Feature 4 (168 TimeSteps), Single",DEEP_LEARNING,12_16,POS,AVERAGE,168.0,single,243,-1.2721248176954734,0.05508399999999902,15.415255151970204,237.6300914003439,3.116485226748971,0.5110220000000005,8.308242965166844,16.623209989960525,-0.14278138615633384
lstm_features_4_ts168_single,lstm_features_4,"LSTM with Feature 4 (168 TimeSteps), Single",DEEP_LEARNING,12_16,POS,MARGINAL,168.0,single,243,-8.876218406172839,0.20797600000000038,92.04694020905636,8472.639201849595,12.1478497345679,1.0115040000000004,12.001324156681859,93.2102494490528,-0.03264779396729459
lstm_features_4_ts168_single,lstm_features_4,"LSTM with Feature 4 (168 TimeSteps), Single",DEEP_LEARNING,16_20,NEG,AVERAGE,168.0,single,243,-0.05437061637860084,0.13834030000000008,1.348955717545181,1.819681527897834,0.6760288946502058,0.2500680000000006,6.863893231222487,7.337457645105881,0.023329975494241748
lstm_features_4_ts168_single,lstm_features_4,"LSTM with Feature 4 (168 TimeSteps), Single",DEEP_LEARNING,16_20,NEG,MARGINAL,168.0,single,243,-0.8375174686831275,-0.0020199999999999108,3.8417610363457646,14.759127860384485,1.5636999459670782,0.4931049999999999,7.796399987773919,10.025695724674444,0.048137314051456104
lstm_features_4_ts168_single,lstm_features_4,"LSTM with Feature 4 (168 TimeSteps), Single",DEEP_LEARNING,16_20,POS,AVERAGE,168.0,single,243,-0.8161763888888889,1.3211900000000014,16.928758481418498,286.5828637221987,7.038833656378599,2.271370000000001,16.77137981815202,25.02977580457957,0.08562264199314411
lstm_features_4_ts168_single,lstm_features_4,"LSTM with Feature 4 (168 TimeSteps), Single",DEEP_LEARNING,16_20,POS,MARGINAL,168.0,single,243,-0.6654373106995889,4.259551999999999,29.080147117646383,845.6549563839573,13.11688066872428,6.219753000000001,23.730326350506967,42.0419256592193,0.18390751821650103
lstm_features_4_ts168_single,lstm_features_4,"LSTM with Feature 4 (168 TimeSteps), Single",DEEP_LEARNING,20_24,NEG,AVERAGE,168.0,single,243,-0.104389333909465,-0.059717699999999985,0.5003199094761674,0.25032001181824043,0.3014559562962963,0.14922920000000006,1.6324756055983243,1.6583956077090714,0.0941268462577615
lstm_features_4_ts168_single,lstm_features_4,"LSTM with Feature 4 (168 TimeSteps), Single",DEEP_LEARNING,20_24,NEG,MARGINAL,168.0,single,243,-0.35556465395061726,-0.0682773000000001,1.5082691987057548,2.2748759757644996,0.7980267965020575,0.35952249999999997,2.3749206176158233,2.883929212336049,-0.026961160107073442
lstm_features_4_ts168_single,lstm_features_4,"LSTM with Feature 4 (168 TimeSteps), Single",DEEP_LEARNING,20_24,POS,AVERAGE,168.0,single,243,0.5385346958847735,0.3966429999999992,1.9733857776435362,3.8942514274057842,1.3089326604938274,0.8099969999999992,8.655988764965864,9.226842324694095,0.34928530005171043
lstm_features_4_ts168_single,lstm_features_4,"LSTM with Feature 4 (168 TimeSteps), Single",DEEP_LEARNING,20_24,POS,MARGINAL,168.0,single,243,1.2408022514403292,1.015955,4.942734149875477,24.430620876345255,2.968517028395062,1.8831430000000005,11.36193311762304,12.517591406746885,0.08254200621626746
lstm_features_4_ts42_ensemble,lstm_features_4,"LSTM with Feature 4 (42 TimeSteps), Ensemble",DEEP_LEARNING,00_04,NEG,AVERAGE,42.0,ensemble,243,-0.8922161670781893,-0.39534990000000025,2.5876822065624494,6.696099202159908,1.4644472139917695,0.7213370000000001,5.4590312888264165,6.010759859506859,0.25268775702162893
lstm_features_4_ts42_ensemble,lstm_features_4,"LSTM with Feature 4 (42 TimeSteps), Ensemble",DEEP_LEARNING,00_04,NEG,MARGINAL,42.0,ensemble,243,-1.9337818386831276,-0.7622141000000004,6.632721768483645,43.992998058116804,3.3236985201646094,1.2434425,8.755977184376837,10.552818626231158,0.14246680407256132
lstm_features_4_ts42_ensemble,lstm_features_4,"LSTM with Feature 4 (42 TimeSteps), Ensemble",DEEP_LEARNING,00_04,POS,AVERAGE,42.0,ensemble,243,1.5123906967078187,1.3273684000000001,1.1764595783715859,1.3840571395422498,1.594541513168724,1.3313710000000007,2.165906034108463,1.7587844462463593,0.3675607823197746
lstm_features_4_ts42_ensemble,lstm_features_4,"LSTM with Feature 4 (42 TimeSteps), Ensemble",DEEP_LEARNING,00_04,POS,MARGINAL,42.0,ensemble,243,3.708966552263375,3.4800239999999993,2.874334346265019,8.261797934118754,4.0028328707818925,3.5380643000000003,3.333820491673501,2.8277430295569976,0.4213855388111089
lstm_features_4_ts42_ensemble,lstm_features_4,"LSTM with Feature 4 (42 TimeSteps), Ensemble",DEEP_LEARNING,04_08,NEG,AVERAGE,42.0,ensemble,243,-0.2376331230452675,-0.029722999999999722,1.4505503724487925,2.1040963830113304,0.8681655897119342,0.48019500000000015,4.0712998537472265,4.010206206432753,0.3775761183747145
lstm_features_4_ts42_ensemble,lstm_features_4,"LSTM with Feature 4 (42 TimeSteps), Ensemble",DEEP_LEARNING,04_08,NEG,MARGINAL,42.0,ensemble,243,-0.4542801679012345,-0.0605471999999998,4.978141180332456,24.781889611321816,2.0289341679012343,0.9458117999999995,6.867695810869691,7.568635942132023,0.11254811450765627
lstm_features_4_ts42_ensemble,lstm_features_4,"LSTM with Feature 4 (42 TimeSteps), Ensemble",DEEP_LEARNING,04_08,POS,AVERAGE,42.0,ensemble,243,-0.32961454567901227,0.1572022000000004,3.9216070153611273,15.379001582929607,1.8304259909465024,1.0821151999999996,3.698601037960625,4.976233944206753,0.3079326759711075
lstm_features_4_ts42_ensemble,lstm_features_4,"LSTM with Feature 4 (42 TimeSteps), Ensemble",DEEP_LEARNING,04_08,POS,MARGINAL,42.0,ensemble,243,-1.5678281843621398,1.0868669999999998,20.475423209206742,419.24295559612204,4.796419044444445,2.0571289999999998,5.289837324994863,20.651499955769342,0.06532860595382828
lstm_features_4_ts42_ensemble,lstm_features_4,"LSTM with Feature 4 (42 TimeSteps), Ensemble",DEEP_LEARNING,08_12,NEG,AVERAGE,42.0,ensemble,243,-2.6819049665432098,-0.46801709999999996,5.212821497464283,27.173507964425774,3.347758355843622,1.3193753000000001,6.802763585566971,10.560167175756378,0.6890299171729717
lstm_features_4_ts42_ensemble,lstm_features_4,"LSTM with Feature 4 (42 TimeSteps), Ensemble",DEEP_LEARNING,08_12,NEG,MARGINAL,42.0,ensemble,243,-4.383464700823045,-0.4406270000000001,18.069172809949567,326.4950060358207,6.384121227572016,2.4748710000000003,9.098080794704563,21.835945348868762,0.18738052627571147
lstm_features_4_ts42_ensemble,lstm_features_4,"LSTM with Feature 4 (42 TimeSteps), Ensemble",DEEP_LEARNING,08_12,POS,AVERAGE,42.0,ensemble,243,-1.742266850617284,0.2146775999999999,7.288617165359004,53.12394018316592,3.4757575000000003,1.4476279999999981,6.764598168997842,10.609856590555522,0.2180788415424036
lstm_features_4_ts42_ensemble,lstm_features_4,"LSTM with Feature 4 (42 TimeSteps), Ensemble",DEEP_LEARNING,08_12,POS,MARGINAL,42.0,ensemble,243,-5.52202112345679,-0.6000664000000002,16.26185241422943,264.4478439421796,7.38572186090535,2.290212999999998,8.46484739462017,19.567372197604406,0.16468348376176498
lstm_features_4_ts42_ensemble,lstm_features_4,"LSTM with Feature 4 (42 TimeSteps), Ensemble",DEEP_LEARNING,12_16,NEG,AVERAGE,42.0,ensemble,243,-7.287402083662552,-5.407197,7.605781841590469,57.84791742186731,7.450608763497942,5.407197,15.569997035871785,21.644676250389573,0.8557761270020363
lstm_features_4_ts42_ensemble,lstm_features_4,"LSTM with Feature 4 (42 TimeSteps), Ensemble",DEEP_LEARNING,12_16,NEG,MARGINAL,42.0,ensemble,243,-10.681839603127571,-6.3087987,26.321916971775945,692.8433130690665,11.169276775144032,7.03466,21.051088254201186,35.66761617912996,0.12733526709037626
lstm_features_4_ts42_ensemble,lstm_features_4,"LSTM with Feature 4 (42 TimeSteps), Ensemble",DEEP_LEARNING,12_16,POS,AVERAGE,42.0,ensemble,243,-1.7223382440329218,0.31393940000000065,15.354612188807739,235.7641154686832,3.0644957139917697,0.6389423000000001,5.7017426856318085,16.623209989960525,0.03247353431295122
lstm_features_4_ts42_ensemble,lstm_features_4,"LSTM with Feature 4 (42 TimeSteps), Ensemble",DEEP_LEARNING,12_16,POS,MARGINAL,42.0,ensemble,243,-10.488987214403293,0.5412575000000004,92.56271000103729,8567.855282736129,12.410891782304525,1.1842239999999986,6.181730948967071,93.2102494490528,0.01599344630163907
lstm_features_4_ts42_ensemble,lstm_features_4,"LSTM with Feature 4 (42 TimeSteps), Ensemble",DEEP_LEARNING,16_20,NEG,AVERAGE,42.0,ensemble,243,-1.0907292390946501,0.0884434999999999,2.411531380488087,5.815483599078779,1.6941026319341561,0.7770442999999998,5.267032761860464,7.337457645105881,0.84085546415839
lstm_features_4_ts42_ensemble,lstm_features_4,"LSTM with Feature 4 (42 TimeSteps), Ensemble",DEEP_LEARNING,16_20,NEG,MARGINAL,42.0,ensemble,243,-2.1308243083539096,0.011660299999999957,5.50207051278279,30.272779927633874,3.3034288016049382,1.5845691999999998,5.467198884372303,10.025695724674444,0.6092340967018889
lstm_features_4_ts42_ensemble,lstm_features_4,"LSTM with Feature 4 (42 TimeSteps), Ensemble",DEEP_LEARNING,16_20,POS,AVERAGE,42.0,ensemble,243,-5.3612830452674896,-0.9518929999999983,17.516644133858794,306.83282171224965,6.9127186213991765,2.1500090000000007,11.394607002241512,25.02977580457957,0.35071171257072675
lstm_features_4_ts42_ensemble,lstm_features_4,"LSTM with Feature 4 (42 TimeSteps), Ensemble",DEEP_LEARNING,16_20,POS,MARGINAL,42.0,ensemble,243,-13.302131202057614,-3.550867,33.39792540631376,1115.4214214456983,14.61938856831276,4.112069999999999,12.896351895716872,42.0419256592193,0.4176591315192738
lstm_features_4_ts42_ensemble,lstm_features_4,"LSTM with Feature 4 (42 TimeSteps), Ensemble",DEEP_LEARNING,20_24,NEG,AVERAGE,42.0,ensemble,243,0.5568607076543209,0.5639428999999998,0.6426379752085568,0.41298356718015367,0.6516228218106995,0.5892252999999998,1.8824918962752804,1.6583956077090714,0.4415191699512426
lstm_features_4_ts42_ensemble,lstm_features_4,"LSTM with Feature 4 (42 TimeSteps), Ensemble",DEEP_LEARNING,20_24,NEG,MARGINAL,42.0,ensemble,243,0.8632664902469135,0.7639894000000003,1.7238956590656278,2.971816243345315,1.3403526630041154,0.8871026000000004,3.2930635705960274,2.883929212336049,0.1897412945195042
lstm_features_4_ts42_ensemble,lstm_features_4,"LSTM with Feature 4 (42 TimeSteps), Ensemble",DEEP_LEARNING,20_24,POS,AVERAGE,42.0,ensemble,243,-1.0038714341563786,0.05259600000000031,3.290615862266314,10.82815275299868,2.470536488477366,1.6682381,6.858857614073836,9.226842324694095,0.7913485693440107
lstm_features_4_ts42_ensemble,lstm_features_4,"LSTM with Feature 4 (42 TimeSteps), Ensemble",DEEP_LEARNING,20_24,POS,MARGINAL,42.0,ensemble,243,-1.5991118234567905,0.8784414000000007,7.32981678504988,53.72621410239897,5.042363064609054,3.4530434999999997,7.406101920717146,12.517591406746885,0.5502871955431833
lstm_features_4_ts42_recency,lstm_features_4,"LSTM with Feature 4 (42 TimeSteps), Weighted Ensemble",DEEP_LEARNING,00_04,NEG,AVERAGE,42.0,recency,243,-0.16941946584362136,-0.0428153,2.857676984014444,8.166317744965887,1.388551387654321,0.4662089999999992,6.494060440795773,6.010759859506859,0.2246105819779138
lstm_features_4_ts42_recency,lstm_features_4,"LSTM with Feature 4 (42 TimeSteps), Weighted Ensemble",DEEP_LEARNING,00_04,NEG,MARGINAL,42.0,recency,243,-1.3166673456790121,-0.4161585999999997,6.863780191197575,47.11147851307622,3.4293029168724276,1.2044876999999996,9.908940825609552,10.552818626231158,0.19009117609797513
lstm_features_4_ts42_recency,lstm_features_4,"LSTM with Feature 4 (42 TimeSteps), Weighted Ensemble",DEEP_LEARNING,00_04,POS,AVERAGE,42.0,recency,243,0.5299802065843621,0.34345479999999995,1.0109686626045218,1.0220576367683756,0.6995586255144032,0.4070522999999997,1.9458963700679641,1.7587844462463593,0.13691946776128391
lstm_features_4_ts42_recency,lstm_features_4,"LSTM with Feature 4 (42 TimeSteps), Weighted Ensemble",DEEP_LEARNING,00_04,POS,MARGINAL,42.0,recency,243,1.8019759884773665,1.6551915000000004,2.386277044999439,5.694318135491255,2.2704868172839507,1.7311989999999997,2.7525265250278124,2.8277430295569976,0.2634520153084619
lstm_features_4_ts42_recency,lstm_features_4,"LSTM with Feature 4 (42 TimeSteps), Weighted Ensemble",DEEP_LEARNING,04_08,NEG,AVERAGE,42.0,recency,243,-0.026612641975308642,-0.057078399999999974,1.378121654771457,1.8992192953500189,0.6758250395061729,0.29449419999999993,4.451705727608935,4.010206206432753,0.21915189856163675
lstm_features_4_ts42_recency,lstm_features_4,"LSTM with Feature 4 (42 TimeSteps), Weighted Ensemble",DEEP_LEARNING,04_08,NEG,MARGINAL,42.0,recency,243,0.2777228559670782,0.4264732999999996,5.098767236251923,25.99742732947608,2.117502474074074,0.9089751000000001,7.728348995940879,7.568635942132023,0.1517729908045016
lstm_features_4_ts42_recency,lstm_features_4,"LSTM with Feature 4 (42 TimeSteps), Weighted Ensemble",DEEP_LEARNING,04_08,POS,AVERAGE,42.0,recency,243,-0.4539924810699588,0.1050450000000005,3.880838124550583,15.060904548965285,1.754119600411523,0.9339479999999991,3.800161892661593,4.976233944206753,0.22400596025069647
lstm_features_4_ts42_recency,lstm_features_4,"LSTM with Feature 4 (42 TimeSteps), Weighted Ensemble",DEEP_LEARNING,04_08,POS,MARGINAL,42.0,recency,243,-1.9616339477366256,0.4259970000000006,20.466168276499516,418.86404392199523,4.641849788888888,1.6780106000000004,5.738944864898598,20.651499955769342,0.046310297518747
lstm_features_4_ts42_recency,lstm_features_4,"LSTM with Feature 4 (42 TimeSteps), Weighted Ensemble",DEEP_LEARNING,08_12,NEG,AVERAGE,42.0,recency,243,-1.3487247798353907,-0.10823629999999995,3.930049803153493,15.445291455266808,2.0883843353909466,0.7614686000000006,8.425761209108419,10.560167175756378,0.4453999400156843
lstm_features_4_ts42_recency,lstm_features_4,"LSTM with Feature 4 (42 TimeSteps), Weighted Ensemble",DEEP_LEARNING,08_12,NEG,MARGINAL,42.0,recency,243,-2.680835017283951,-0.010324,17.26923517116355,298.22648339695223,5.275566955555557,1.5051503000000004,10.967748403580506,21.835945348868762,0.11725707484541961
lstm_features_4_ts42_recency,lstm_features_4,"LSTM with Feature 4 (42 TimeSteps), Weighted Ensemble",DEEP_LEARNING,08_12,POS,AVERAGE,42.0,recency,243,-0.3164662020576131,1.1067100000000032,7.002939699871497,49.0411644400363,3.5498615773662556,1.880443999999999,8.004307229388532,10.609856590555522,0.07422569634748029
lstm_features_4_ts42_recency,lstm_features_4,"LSTM with Feature 4 (42 TimeSteps), Weighted Ensemble",DEEP_LEARNING,08_12,POS,MARGINAL,42.0,recency,243,-2.9686743646090537,0.8391339999999996,15.772709548827093,248.77836651166135,7.151203949794239,2.5844880000000003,10.804001614396748,19.567372197604406,0.09068595718588673
lstm_features_4_ts42_recency,lstm_features_4,"LSTM with Feature 4 (42 TimeSteps), Weighted Ensemble",DEEP_LEARNING,12_16,NEG,AVERAGE,42.0,recency,243,-2.2933912127572014,-1.0706719999999983,4.976761637562315,24.768156397111934,3.515134988888889,1.7857819999999975,20.864762369690183,21.644676250389573,0.5279482623752909
lstm_features_4_ts42_recency,lstm_features_4,"LSTM with Feature 4 (42 TimeSteps), Weighted Ensemble",DEEP_LEARNING,12_16,NEG,MARGINAL,42.0,recency,243,-5.593854614979423,-2.4067266,26.243248348352434,688.7080838733027,8.424723243786008,3.9049600000000027,27.311006406988483,35.66761617912996,0.10378385241235781
lstm_features_4_ts42_recency,lstm_features_4,"LSTM with Feature 4 (42 TimeSteps), Weighted Ensemble",DEEP_LEARNING,12_16,POS,AVERAGE,42.0,recency,243,-1.5082956205761318,0.143459,15.33982093336258,235.3101062676288,3.0338030921810706,0.45412859999999977,6.961507664662194,16.623209989960525,-0.0330198542113683
lstm_features_4_ts42_recency,lstm_features_4,"LSTM with Feature 4 (42 TimeSteps), Weighted Ensemble",DEEP_LEARNING,12_16,POS,MARGINAL,42.0,recency,243,-10.566134550205762,0.03597400000000128,92.42864701452595,8543.054788935837,11.96097890493827,0.7981009999999991,7.316070966256029,93.2102494490528,0.005324016085569568
lstm_features_4_ts42_recency,lstm_features_4,"LSTM with Feature 4 (42 TimeSteps), Weighted Ensemble",DEEP_LEARNING,16_20,NEG,AVERAGE,42.0,recency,243,-0.4978321864197531,0.02623214000000007,1.4916106381878667,2.2249022959552147,0.8533550901234568,0.38032639999999995,6.316819629234495,7.337457645105881,0.46061311293448864
lstm_features_4_ts42_recency,lstm_features_4,"LSTM with Feature 4 (42 TimeSteps), Weighted Ensemble",DEEP_LEARNING,16_20,NEG,MARGINAL,42.0,recency,243,-1.4541144718106995,0.04988729999999997,4.467865877090528,19.96182549566991,2.3480614410288063,1.0098600000000015,6.559550332597542,10.025695724674444,0.44675220026128815
lstm_features_4_ts42_recency,lstm_features_4,"LSTM with Feature 4 (42 TimeSteps), Weighted Ensemble",DEEP_LEARNING,16_20,POS,AVERAGE,42.0,recency,243,-2.2573572530864197,0.545808000000001,16.593601728663327,275.3476183294986,6.4933963106995884,1.9550330000000002,15.34706002059631,25.02977580457957,0.15106089718607943
lstm_features_4_ts42_recency,lstm_features_4,"LSTM with Feature 4 (42 TimeSteps), Weighted Ensemble",DEEP_LEARNING,16_20,POS,MARGINAL,42.0,recency,243,-8.085640255144034,0.25591400000000064,30.995242183423386,960.7050380090684,12.474157366255142,3.426081,18.97192743347211,42.0419256592193,0.2695802179030465
lstm_features_4_ts42_recency,lstm_features_4,"LSTM with Feature 4 (42 TimeSteps), Weighted Ensemble",DEEP_LEARNING,20_24,NEG,AVERAGE,42.0,recency,243,0.11172210440329217,0.10173929999999998,0.48477124778982655,0.23500316268370544,0.3059447158436214,0.18369560000000007,1.7302856568186378,1.6583956077090714,0.07201026912513073
lstm_features_4_ts42_recency,lstm_features_4,"LSTM with Feature 4 (42 TimeSteps), Weighted Ensemble",DEEP_LEARNING,20_24,NEG,MARGINAL,42.0,recency,243,0.39060942641975316,0.30872849999999996,1.5950654532256947,2.5442338000740907,1.0000604083127573,0.5779699,3.1462126192588875,2.883929212336049,0.11078507778415048
lstm_features_4_ts42_recency,lstm_features_4,"LSTM with Feature 4 (42 TimeSteps), Weighted Ensemble",DEEP_LEARNING,20_24,POS,AVERAGE,42.0,recency,243,0.07161106213991773,0.07599800000000023,2.061692415821328,4.2505756174551825,1.3328390135802468,0.8475725000000001,8.388413654060999,9.226842324694095,0.3963790059832823
lstm_features_4_ts42_recency,lstm_features_4,"LSTM with Feature 4 (42 TimeSteps), Weighted Ensemble",DEEP_LEARNING,20_24,POS,MARGINAL,42.0,recency,243,-0.9595627679012343,0.5082347,5.745152339656776,33.00677540586373,3.6447911967078186,2.500311,8.678167891291166,12.517591406746885,0.36780025828179136
lstm_features_4_ts42_single,lstm_features_4,"LSTM with Feature 4 (42 TimeSteps), Single",DEEP_LEARNING,00_04,NEG,AVERAGE,42.0,single,243,-0.13637586419753084,0.07241610000000032,2.565832973402649,6.58349884740028,1.2517642098765434,0.4181190000000008,6.049406708333832,6.010759859506859,0.010168117937317315
lstm_features_4_ts42_single,lstm_features_4,"LSTM with Feature 4 (42 TimeSteps), Single",DEEP_LEARNING,00_04,NEG,MARGINAL,42.0,single,243,-1.2535185790123455,-0.0028151000000002924,6.296775302982803,39.64937921625417,2.95790063909465,0.8916105999999999,8.338635122489757,10.552818626231158,0.032053085547144325
lstm_features_4_ts42_single,lstm_features_4,"LSTM with Feature 4 (42 TimeSteps), Single",DEEP_LEARNING,00_04,POS,AVERAGE,42.0,single,243,0.1865742053497942,0.13716229999999996,0.8943399945123343,0.799844025784322,0.5004400654320987,0.2859875999999999,1.76772664137179,1.7587844462463593,0.017904270942832225
lstm_features_4_ts42_single,lstm_features_4,"LSTM with Feature 4 (42 TimeSteps), Single",DEEP_LEARNING,00_04,POS,MARGINAL,42.0,single,243,-0.0239028868312757,-0.10778260000000017,2.2148961062783195,4.90576476160686,1.1579580522633743,0.6123969999999996,2.5412634569614623,2.8277430295569976,0.1596331196155566
lstm_features_4_ts42_single,lstm_features_4,"LSTM with Feature 4 (42 TimeSteps), Single",DEEP_LEARNING,04_08,NEG,AVERAGE,42.0,single,243,0.009157170781892997,-0.13573899999999917,1.4199563825519614,2.0162761283500523,0.7251715032921812,0.3500289999999997,4.704665494566782,4.010206206432753,0.21910938878063965
lstm_features_4_ts42_single,lstm_features_4,"LSTM with Feature 4 (42 TimeSteps), Single",DEEP_LEARNING,04_08,NEG,MARGINAL,42.0,single,243,-0.40437384485596706,-0.024826000000000015,4.722707168681214,22.303963001112926,1.8535180843621397,0.7511348,6.872881541890777,7.568635942132023,0.05522380838001428
lstm_features_4_ts42_single,lstm_features_4,"LSTM with Feature 4 (42 TimeSteps), Single",DEEP_LEARNING,04_08,POS,AVERAGE,42.0,single,243,-0.6303194353909463,0.19384099999999904,3.7757767119864076,14.256489778778889,1.5602490625514405,0.687183000000001,3.6886943032735156,4.976233944206753,0.1343125802935963
lstm_features_4_ts42_single,lstm_features_4,"LSTM with Feature 4 (42 TimeSteps), Single",DEEP_LEARNING,04_08,POS,MARGINAL,42.0,single,243,-4.456965576543209,-1.308432999999999,20.48622408659679,419.68537732625845,4.987086013580247,1.7194564999999997,3.7987116501197993,20.651499955769342,0.07999378227427757
lstm_features_4_ts42_single,lstm_features_4,"LSTM with Feature 4 (42 TimeSteps), Single",DEEP_LEARNING,08_12,NEG,AVERAGE,42.0,single,243,-1.1080953390946504,-0.19968390000000014,3.4390873936236384,11.827322100981029,1.758218620576132,0.5708909999999996,8.87418973340075,10.560167175756378,0.3074497381715356
lstm_features_4_ts42_single,lstm_features_4,"LSTM with Feature 4 (42 TimeSteps), Single",DEEP_LEARNING,08_12,NEG,MARGINAL,42.0,single,243,-3.6459175576131693,-0.3249886000000002,16.18840025730496,262.0643028907113,4.994722240740741,1.517907000000001,10.066972304839473,21.835945348868762,0.08320706983172381
lstm_features_4_ts42_single,lstm_features_4,"LSTM with Feature 4 (42 TimeSteps), Single",DEEP_LEARNING,08_12,POS,AVERAGE,42.0,single,243,-0.8506747465020575,0.1900730000000017,7.13457623974647,50.90217812075488,3.2342988748971195,0.9438119999999994,9.413519000083381,10.609856590555522,-0.09890025734364245
lstm_features_4_ts42_single,lstm_features_4,"LSTM with Feature 4 (42 TimeSteps), Single",DEEP_LEARNING,08_12,POS,MARGINAL,42.0,single,243,-3.217237106584362,0.28747799999999657,15.361385618158941,235.97216810978037,6.855468394650206,1.852505400000001,11.745889059766418,19.567372197604406,-0.012529877587381747
lstm_features_4_ts42_single,lstm_features_4,"LSTM with Feature 4 (42 TimeSteps), Single",DEEP_LEARNING,12_16,NEG,AVERAGE,42.0,single,243,-1.3238247432098764,-0.245826000000001,4.049387545798365,16.397539496066905,2.4414276049382715,0.9632819999999995,20.749991840402043,21.644676250389573,0.18866160414740832
lstm_features_4_ts42_single,lstm_features_4,"LSTM with Feature 4 (42 TimeSteps), Single",DEEP_LEARNING,12_16,NEG,MARGINAL,42.0,single,243,-4.58818572345679,-0.8908901,26.04962330179723,678.5828741655372,6.974364334156377,2.138976999999997,25.870663745390452,35.66761617912996,0.012993201466395501
lstm_features_4_ts42_single,lstm_features_4,"LSTM with Feature 4 (42 TimeSteps), Single",DEEP_LEARNING,12_16,POS,AVERAGE,42.0,single,243,-0.9607428152263375,0.09584000000000081,15.435088116030828,238.2419451496361,3.3432973823045273,0.5113016000000004,8.20245760084508,16.623209989960525,-0.0817066314316116
lstm_features_4_ts42_single,lstm_features_4,"LSTM with Feature 4 (42 TimeSteps), Single",DEEP_LEARNING,12_16,POS,MARGINAL,42.0,single,243,-7.105220940329218,1.3865564,91.83019569356898,8432.784841119175,13.409535313168723,2.1192220000000006,11.557899218790126,93.2102494490528,-0.014597225883245354
lstm_features_4_ts42_single,lstm_features_4,"LSTM with Feature 4 (42 TimeSteps), Single",DEEP_LEARNING,16_20,NEG,AVERAGE,42.0,single,243,0.28828083526748977,0.16795885999999993,1.2518246173262866,1.5670648725441039,0.7389941031687243,0.3386380000000002,7.397375007097848,7.337457645105881,-0.07888355482707038
lstm_features_4_ts42_single,lstm_features_4,"LSTM with Feature 4 (42 TimeSteps), Single",DEEP_LEARNING,16_20,NEG,MARGINAL,42.0,single,243,-0.014497228641975245,0.36618929999999983,3.8511237258140945,14.831153951528231,1.4524370432921812,0.6314430000000009,8.458151816165465,10.025695724674444,0.011965805492040736
lstm_features_4_ts42_single,lstm_features_4,"LSTM with Feature 4 (42 TimeSteps), Single",DEEP_LEARNING,16_20,POS,AVERAGE,42.0,single,243,-1.8212553168724281,0.9029749999999996,16.860752694963075,284.28498144070466,6.9076033909465036,2.3803439999999974,16.871115632448305,25.02977580457957,0.05528596971650352
lstm_features_4_ts42_single,lstm_features_4,"LSTM with Feature 4 (42 TimeSteps), Single",DEEP_LEARNING,16_20,POS,MARGINAL,42.0,single,243,-5.783049156378602,0.9405669999999979,32.58700974105382,1061.9132038635366,13.181801613168727,4.248707,23.187225838012928,42.0419256592193,0.1512687870044419
lstm_features_4_ts42_single,lstm_features_4,"LSTM with Feature 4 (42 TimeSteps), Single",DEEP_LEARNING,20_24,NEG,AVERAGE,42.0,single,243,-0.10350923403292182,-0.07663200000000003,0.48369853784687283,0.23396427551520266,0.3055067148559671,0.16038869999999994,1.6075852640898878,1.6583956077090714,0.04638475343918045
lstm_features_4_ts42_single,lstm_features_4,"LSTM with Feature 4 (42 TimeSteps), Single",DEEP_LEARNING,20_24,NEG,MARGINAL,42.0,single,243,-0.2860877416872428,0.023278200000000027,1.528770474409692,2.337139163426835,0.780581831893004,0.32194069999999986,2.2802757908826554,2.883929212336049,-0.04593487387993011
lstm_features_4_ts42_single,lstm_features_4,"LSTM with Feature 4 (42 TimeSteps), Single",DEEP_LEARNING,20_24,POS,AVERAGE,42.0,single,243,0.19719981481481483,0.07107099999999988,1.7991556235682684,3.236960957817325,1.100678193415638,0.646958999999999,8.961412622175505,9.226842324694095,0.021045009460544564
lstm_features_4_ts42_single,lstm_features_4,"LSTM with Feature 4 (42 TimeSteps), Single",DEEP_LEARNING,20_24,POS,MARGINAL,42.0,single,243,0.09871818477366244,0.037848000000000326,5.021849963097539,25.218977051862755,2.733451469547325,1.5956150000000022,10.60607032932442,12.517591406746885,0.13091738127197095
lstm_ts168_ensemble,lstm,"LSTM (168 TimeSteps), Ensemble",DEEP_LEARNING,00_04,NEG,AVERAGE,168.0,ensemble,243,-0.6340864868312757,-0.06443399999999988,2.8992080631006307,8.40540739314771,1.5429934522633746,0.6275666000000002,5.20653500776989,6.010759948944515,-0.04024529509674563
lstm_ts168_ensemble,lstm,"LSTM (168 TimeSteps), Ensemble",DEEP_LEARNING,00_04,NEG,MARGINAL,168.0,ensemble,243,-1.265010700411523,0.8882000000000003,7.137938362187779,50.95016406239196,3.407787533333334,1.2598950000000002,6.131022557607595,10.552819401764589,-0.02269498081787156
lstm_ts168_ensemble,lstm,"LSTM (168 TimeSteps), Ensemble",DEEP_LEARNING,00_04,POS,AVERAGE,168.0,ensemble,243,1.4902705069958848,1.3374983,1.265024961595695,1.6002881534601896,1.5781000600823045,1.3443581999999998,2.181261611840018,1.7587844144248772,0.5049653446541534
lstm_ts168_ensemble,lstm,"LSTM (168 TimeSteps), Ensemble",DEEP_LEARNING,00_04,POS,MARGINAL,168.0,ensemble,243,3.764371084773663,3.411079700000001,2.9021361301254283,8.422394117779396,4.045256163786008,3.4415257,3.422840084083909,2.827743076840033,0.37836461568323365
lstm_ts168_ensemble,lstm,"LSTM (168 TimeSteps), Ensemble",DEEP_LEARNING,04_08,NEG,AVERAGE,168.0,ensemble,243,0.1341537703703704,0.2628916000000001,1.231146016770674,1.5157205146102968,0.7082078395061727,0.3736478999999999,3.9442082225884167,4.010206072494613,-0.09804502488766316
lstm_ts168_ensemble,lstm,"LSTM (168 TimeSteps), Ensemble",DEEP_LEARNING,04_08,NEG,MARGINAL,168.0,ensemble,243,-0.8048938032921811,0.2853946999999999,4.948226599344866,24.48494647846406,2.2089117193415637,0.9954699999999999,4.7696485331367215,7.5686368041226855,0.05781681195753678
lstm_ts168_ensemble,lstm,"LSTM (168 TimeSteps), Ensemble",DEEP_LEARNING,04_08,POS,AVERAGE,168.0,ensemble,243,-0.8535236238683127,-0.14968299999999957,4.0272117737901025,16.218434670953624,2.051574552263374,1.220948,3.3977522636959834,4.9762345153987715,0.26716053931713085
lstm_ts168_ensemble,lstm,"LSTM (168 TimeSteps), Ensemble",DEEP_LEARNING,04_08,POS,MARGINAL,168.0,ensemble,243,-2.2079950312757206,0.6104710000000004,20.502439213316972,420.35001369575747,4.943879849382715,2.1702920000000008,4.686498904850555,20.651500005778157,0.056685603327264696
lstm_ts168_ensemble,lstm,"LSTM (168 TimeSteps), Ensemble",DEEP_LEARNING,08_12,NEG,AVERAGE,168.0,ensemble,243,-1.155234658436214,0.2502966000000002,4.268379674514203,18.219065045805976,2.5277786839506176,1.1161373999999995,7.751230551092378,10.560168522214505,0.4950761452775549
lstm_ts168_ensemble,lstm,"LSTM (168 TimeSteps), Ensemble",DEEP_LEARNING,08_12,NEG,MARGINAL,168.0,ensemble,243,-4.41708392962963,-0.0479529000000003,16.806895233666054,282.4717273954267,6.327026695061728,2.4211750000000016,8.25538197041215,21.835950292836813,0.18548551270550975
lstm_ts168_ensemble,lstm,"LSTM (168 TimeSteps), Ensemble",DEEP_LEARNING,08_12,POS,AVERAGE,168.0,ensemble,243,-2.7788786292181067,-0.42034389999999977,8.084928057384802,65.36606169308799,3.964997881893003,1.3697020000000002,6.4073126007271135,10.609857756913572,0.24724687875913245
lstm_ts168_ensemble,lstm,"LSTM (168 TimeSteps), Ensemble",DEEP_LEARNING,08_12,POS,MARGINAL,168.0,ensemble,243,-6.116143454732511,-0.6080030000000001,16.91434268177017,286.094988356352,7.638595746090535,1.885632000000001,7.674963583113099,19.567375214686276,0.18047792347763209
lstm_ts168_ensemble,lstm,"LSTM (168 TimeSteps), Ensemble",DEEP_LEARNING,12_16,NEG,AVERAGE,168.0,ensemble,243,-3.471925811934156,-0.8447870000000002,5.955750919435919,35.47096901436179,4.051317532921811,1.2968469999999996,18.164634465520493,21.644678996669715,0.3551404729275487
lstm_ts168_ensemble,lstm,"LSTM (168 TimeSteps), Ensemble",DEEP_LEARNING,12_16,NEG,MARGINAL,168.0,ensemble,243,-9.114569787654322,-2.4090001,27.08702009299094,733.7066575180949,10.548128199176956,3.1514360000000003,19.617237956198995,35.667619055399854,0.06144949416852816
lstm_ts168_ensemble,lstm,"LSTM (168 TimeSteps), Ensemble",DEEP_LEARNING,12_16,POS,AVERAGE,168.0,ensemble,243,-2.1544775868312755,-0.047531999999999464,15.476645692671694,239.5265618964933,3.0819172806584354,0.5235243,6.264015354020294,16.623210003024905,-0.012856262834866461
lstm_ts168_ensemble,lstm,"LSTM (168 TimeSteps), Ensemble",DEEP_LEARNING,12_16,POS,MARGINAL,168.0,ensemble,243,-9.683362734979426,1.0552647000000004,92.61595469663665,8577.715064369453,12.654632233744856,1.8336480000000002,6.909657842801622,93.21024965531105,0.011339012652409951
lstm_ts168_ensemble,lstm,"LSTM (168 TimeSteps), Ensemble",DEEP_LEARNING,16_20,NEG,AVERAGE,168.0,ensemble,243,0.27266799744855963,0.25558983999999996,1.4196436488153608,2.015388089621791,0.8755302083127572,0.44497319999999996,7.088082051875595,7.3374577452339125,0.10703264575765926
lstm_ts168_ensemble,lstm,"LSTM (168 TimeSteps), Ensemble",DEEP_LEARNING,16_20,NEG,MARGINAL,168.0,ensemble,243,-0.592213278436214,0.47382820000000003,4.451536018588677,19.816172924792333,2.10972631909465,0.8661080000000001,7.156481058256175,10.02569532760974,0.18707756607486054
lstm_ts168_ensemble,lstm,"LSTM (168 TimeSteps), Ensemble",DEEP_LEARNING,16_20,POS,AVERAGE,168.0,ensemble,243,-6.698744139917695,-1.6827039999999993,18.687429358976253,349.22001604672766,7.992970181069958,2.541944000000001,10.15543848354453,25.029776933273183,0.3849802841553298
lstm_ts168_ensemble,lstm,"LSTM (168 TimeSteps), Ensemble",DEEP_LEARNING,16_20,POS,MARGINAL,168.0,ensemble,243,-13.636504654320985,-3.058601000000003,34.493688949801566,1189.8145773656624,15.210902061728394,4.217715999999999,12.913734016033954,42.04192443097907,0.3965409041873311
lstm_ts168_ensemble,lstm,"LSTM (168 TimeSteps), Ensemble",DEEP_LEARNING,20_24,NEG,AVERAGE,168.0,ensemble,243,0.28350874592592595,0.3470382500000001,0.6392106917136164,0.40859030840099997,0.5164081953086419,0.39789569999999985,1.52959381666824,1.6583954812315014,-0.0033713708320636006
lstm_ts168_ensemble,lstm,"LSTM (168 TimeSteps), Ensemble",DEEP_LEARNING,20_24,NEG,MARGINAL,168.0,ensemble,243,0.6506613281481481,0.8448400999999999,1.8931899423219904,3.5841681577091413,1.4107719861728396,1.0234185999999994,2.3770967460060843,2.883929105495004,-0.038147891780068964
lstm_ts168_ensemble,lstm,"LSTM (168 TimeSteps), Ensemble",DEEP_LEARNING,20_24,POS,AVERAGE,168.0,ensemble,243,-2.6716953958847736,0.01438479999999931,5.041244945856752,25.41415060412624,3.8557013917695473,1.7277749999999994,5.233563651503883,9.226843138300021,0.826267500972972
lstm_ts168_ensemble,lstm,"LSTM (168 TimeSteps), Ensemble",DEEP_LEARNING,20_24,POS,MARGINAL,168.0,ensemble,243,-2.555035765843621,0.8691840000000006,8.152715749632664,66.46677409430849,5.699628503292181,3.217486000000001,6.639955947262591,12.517589634047166,0.5905377417076405
lstm_ts168_recency,lstm,"LSTM (168 TimeSteps), Weighted Ensemble",DEEP_LEARNING,00_04,NEG,AVERAGE,168.0,recency,243,-0.12266558189300404,0.12033729999999965,2.8984639225722346,8.401093110452825,1.5913577465020576,0.6687246,5.7324496157499505,6.010759948944515,-0.10858403621017329
lstm_ts168_recency,lstm,"LSTM (168 TimeSteps), Weighted Ensemble",DEEP_LEARNING,00_04,NEG,MARGINAL,168.0,recency,243,-0.665829942386831,0.5571215999999999,6.939414686572553,48.15547619221884,3.5040807333333337,1.3800842000000002,7.791074808238424,10.552819401764589,-0.13738247577412505
lstm_ts168_recency,lstm,"LSTM (168 TimeSteps), Weighted Ensemble",DEEP_LEARNING,00_04,POS,AVERAGE,168.0,recency,243,0.6345632288065846,0.4720532999999998,1.1084087156464997,1.2285698809211227,0.8530878790123456,0.5582965,1.987859766990767,1.7587844144248772,0.42998947862193143
lstm_ts168_recency,lstm,"LSTM (168 TimeSteps), Weighted Ensemble",DEEP_LEARNING,00_04,POS,MARGINAL,168.0,recency,243,1.7696803600823048,1.5328906,2.4359582025871007,5.9338923647513795,2.235298686831276,1.6643149999999993,2.917291610164397,2.827743076840033,0.24444851128099776
lstm_ts168_recency,lstm,"LSTM (168 TimeSteps), Weighted Ensemble",DEEP_LEARNING,04_08,NEG,AVERAGE,168.0,recency,243,0.00392992098765435,0.049284000000000106,1.2383526700415388,1.5335173353990084,0.6390415818930041,0.2669175000000008,4.119474462180851,4.010206072494613,-0.14837161170270088
lstm_ts168_recency,lstm,"LSTM (168 TimeSteps), Weighted Ensemble",DEEP_LEARNING,04_08,NEG,MARGINAL,168.0,recency,243,-0.41207454074074074,0.249015,4.672888905066833,21.83589071909671,1.8673949744855967,0.7167838,5.768791857080805,7.5686368041226855,-0.037050361794114514
lstm_ts168_recency,lstm,"LSTM (168 TimeSteps), Weighted Ensemble",DEEP_LEARNING,04_08,POS,AVERAGE,168.0,recency,243,-0.97803111563786,-0.3839129999999997,4.021132223365285,16.169504357786643,2.0897505913580248,1.2127230000000004,3.429643648924514,4.9762345153987715,0.23228044774114306
lstm_ts168_recency,lstm,"LSTM (168 TimeSteps), Weighted Ensemble",DEEP_LEARNING,04_08,POS,MARGINAL,168.0,recency,243,-3.0824958370370363,-0.1973129999999994,20.43934360420203,417.7667669706344,4.855315251028807,1.7708259999999996,4.55004773336985,20.651500005778157,0.03786458028943087
lstm_ts168_recency,lstm,"LSTM (168 TimeSteps), Weighted Ensemble",DEEP_LEARNING,08_12,NEG,AVERAGE,168.0,recency,243,-0.7678628061728396,0.19439770000000012,3.5694078490208567,12.740672392651698,2.01595333127572,0.8294615999999997,8.570832423680987,10.560168522214505,0.3255133391102522
lstm_ts168_recency,lstm,"LSTM (168 TimeSteps), Weighted Ensemble",DEEP_LEARNING,08_12,NEG,MARGINAL,168.0,recency,243,-2.9081822074074073,-0.013749999999999929,15.627601452582281,244.22192716075182,5.340072704526749,1.7908234000000007,10.478755620270121,21.835950292836813,0.09638651859652969
lstm_ts168_recency,lstm,"LSTM (168 TimeSteps), Weighted Ensemble",DEEP_LEARNING,08_12,POS,AVERAGE,168.0,recency,243,-1.3196226864197529,0.7312440000000002,8.052218284851417,64.8382193068955,4.057865873251029,1.8542214999999995,7.411437559301952,10.609857756913572,0.17440418356690146
lstm_ts168_recency,lstm,"LSTM (168 TimeSteps), Weighted Ensemble",DEEP_LEARNING,08_12,POS,MARGINAL,168.0,recency,243,-4.185532860493828,0.6045990000000003,16.37037333856932,267.98912324414124,7.206399608641975,2.181958,9.163934177900552,19.567375214686276,0.12592485200863826
lstm_ts168_recency,lstm,"LSTM (168 TimeSteps), Weighted Ensemble",DEEP_LEARNING,12_16,NEG,AVERAGE,168.0,recency,243,-1.0578624094650206,0.018193299999999635,5.452678838428162,29.73170651504229,2.864083449794239,0.9018589999999982,20.614292194517585,21.644678996669715,0.06845473315292767
lstm_ts168_recency,lstm,"LSTM (168 TimeSteps), Weighted Ensemble",DEEP_LEARNING,12_16,NEG,MARGINAL,168.0,recency,243,-2.7395240069958846,-0.36944649999999957,27.85595037381602,775.9539712285009,7.629031554320989,1.902912999999998,28.815539216943954,35.667619055399854,-0.02221787141271122
lstm_ts168_recency,lstm,"LSTM (168 TimeSteps), Weighted Ensemble",DEEP_LEARNING,12_16,POS,AVERAGE,168.0,recency,243,-1.999522112757202,-0.17818199999999962,15.529018003414599,241.15040015037476,3.2027236222222224,0.6065529999999999,7.455709554427086,16.623210003024905,-0.08051325282002345
lstm_ts168_recency,lstm,"LSTM (168 TimeSteps), Weighted Ensemble",DEEP_LEARNING,12_16,POS,MARGINAL,168.0,recency,243,-9.737253483950617,0.6482700000000001,92.50267535145655,8556.744947176965,12.209143825514403,1.201981,8.232801629206714,93.21024965531105,-0.002627691838330572
lstm_ts168_recency,lstm,"LSTM (168 TimeSteps), Weighted Ensemble",DEEP_LEARNING,16_20,NEG,AVERAGE,168.0,recency,243,0.20226713197530868,0.08728309999999995,1.2978074110278301,1.6843040761187593,0.7529584038271605,0.3009529999999998,7.296164890696301,7.3374577452339125,-0.03796654037165187
lstm_ts168_recency,lstm,"LSTM (168 TimeSteps), Weighted Ensemble",DEEP_LEARNING,16_20,NEG,MARGINAL,168.0,recency,243,-0.5064362145679012,0.18725749999999997,4.183530438725035,17.501926931738886,1.800814165020576,0.6401720000000002,7.8533171269122235,10.02569532760974,0.07188088821262188
lstm_ts168_recency,lstm,"LSTM (168 TimeSteps), Weighted Ensemble",DEEP_LEARNING,16_20,POS,AVERAGE,168.0,recency,243,-3.6719079855967074,0.43872,17.68818258891501,312.871803298796,7.256146384773661,2.448005,12.606157004085109,25.029776933273183,0.27351578103938995
lstm_ts168_recency,lstm,"LSTM (168 TimeSteps), Weighted Ensemble",DEEP_LEARNING,16_20,POS,MARGINAL,168.0,recency,243,-7.622916895061728,0.2716639999999977,32.336428671302905,1045.6446192142607,13.486326763374485,3.3191950000000006,21.43185372563473,42.04192443097907,0.1790431643947044
lstm_ts168_recency,lstm,"LSTM (168 TimeSteps), Weighted Ensemble",DEEP_LEARNING,20_24,NEG,AVERAGE,168.0,recency,243,0.04047207567901234,0.10712560000000004,0.5928303218446629,0.35144779049844654,0.35687087790123456,0.2068504,1.53581074221305,1.6583954812315014,-0.09421853383953296
lstm_ts168_recency,lstm,"LSTM (168 TimeSteps), Weighted Ensemble",DEEP_LEARNING,20_24,NEG,MARGINAL,168.0,recency,243,0.05878334925925929,0.2829416,1.7973079550311861,3.230315885218384,1.0143619506584363,0.5554786000000003,2.49259433066016,2.883929105495004,-0.19270964310040367
lstm_ts168_recency,lstm,"LSTM (168 TimeSteps), Weighted Ensemble",DEEP_LEARNING,20_24,POS,AVERAGE,168.0,recency,243,-2.024015567489712,-0.2716649999999987,4.209056174727716,17.71615388201352,3.1523262604938274,1.4156829999999996,5.986182705481296,9.226843138300021,0.7258509676277832
lstm_ts168_recency,lstm,"LSTM (168 TimeSteps), Weighted Ensemble",DEEP_LEARNING,20_24,POS,MARGINAL,168.0,recency,243,-1.7623645526748968,0.6184038999999997,6.6769348074199355,44.581458422535896,4.4952770860082305,2.7309590000000004,7.959830502502887,12.517589634047166,0.48389249510477866
lstm_ts168_single,lstm,"LSTM (168 TimeSteps), Single",DEEP_LEARNING,00_04,NEG,AVERAGE,168.0,single,243,0.0024527753086419648,0.4795655000000001,2.798169086690871,7.829750237712423,1.5496979316872432,0.7455302000000001,5.524408478798946,6.010759948944515,-0.18348770030240363
lstm_ts168_single,lstm,"LSTM (168 TimeSteps), Single",DEEP_LEARNING,00_04,NEG,MARGINAL,168.0,single,243,-1.0645417283950616,0.40162220000000026,7.003778021170631,49.0529065698328,3.4536498337448553,1.226651,7.510365939720513,10.552819401764589,-0.14733515052808646
lstm_ts168_single,lstm,"LSTM (168 TimeSteps), Single",DEEP_LEARNING,00_04,POS,AVERAGE,168.0,single,243,0.37049892304526744,0.18882480000000013,1.1424879507498016,1.3052787176084808,0.7288982860082305,0.4299382999999999,1.9188203353690365,1.7587844144248772,0.4193956029693923
lstm_ts168_single,lstm,"LSTM (168 TimeSteps), Single",DEEP_LEARNING,00_04,POS,MARGINAL,168.0,single,243,0.2807661617283951,0.29751210000000006,2.15505796825533,4.6442748465407915,1.1174953625514406,0.5384437000000002,2.411623392483413,2.827743076840033,0.09491126763264925
lstm_ts168_single,lstm,"LSTM (168 TimeSteps), Single",DEEP_LEARNING,04_08,NEG,AVERAGE,168.0,single,243,0.3014138971193416,0.24425600000000003,1.3906061380712929,1.9337854312415554,0.8099964082304526,0.4596543999999998,4.240498448348263,4.010206072494613,-0.11871978561899513
lstm_ts168_single,lstm,"LSTM (168 TimeSteps), Single",DEEP_LEARNING,04_08,NEG,MARGINAL,168.0,single,243,-0.2983306407407407,0.22881410000000013,4.7196296018363055,22.274903578529525,1.8890573197530864,0.7525360000000001,5.887946019062085,7.5686368041226855,-0.06098209270201439
lstm_ts168_single,lstm,"LSTM (168 TimeSteps), Single",DEEP_LEARNING,04_08,POS,AVERAGE,168.0,single,243,-0.9485813728395062,-0.1527150000000006,4.086483544614827,16.699347760407765,2.033529458436214,0.9386364999999994,3.9737244386603,4.9762345153987715,0.08110748218372689
lstm_ts168_single,lstm,"LSTM (168 TimeSteps), Single",DEEP_LEARNING,04_08,POS,MARGINAL,168.0,single,243,-3.157054420164609,-0.22672399999999904,20.43547070309366,417.6084628569993,4.937603810288065,1.8974010000000003,5.269737833642828,20.651500005778157,0.007518512679912686
lstm_ts168_single,lstm,"LSTM (168 TimeSteps), Single",DEEP_LEARNING,08_12,NEG,AVERAGE,168.0,single,243,0.44907413028806586,0.09374879999999997,3.1240796269367355,9.759873515441173,1.9636882030452674,0.8541844999999997,10.707720578383707,10.560168522214505,0.04485992875463427
lstm_ts168_single,lstm,"LSTM (168 TimeSteps), Single",DEEP_LEARNING,08_12,NEG,MARGINAL,168.0,single,243,-2.395523426337448,0.26275629999999994,15.199538468067828,231.02596964227374,4.930920291358024,1.5812420000000031,11.556115387600789,21.835950292836813,0.010771215896194172
lstm_ts168_single,lstm,"LSTM (168 TimeSteps), Single",DEEP_LEARNING,08_12,POS,AVERAGE,168.0,single,243,0.8790920386831278,2.8951659999999997,8.446096255758905,71.3365419615446,5.3572019934156385,4.074902999999999,7.887366676339413,10.609857756913572,0.10988325795094118
lstm_ts168_single,lstm,"LSTM (168 TimeSteps), Single",DEEP_LEARNING,08_12,POS,MARGINAL,168.0,single,243,-3.634051434156379,0.4910899999999998,15.935235015775998,253.93171500801344,6.942866832510289,1.8288630000000001,11.338185362271753,19.567375214686276,0.039073982076092244
lstm_ts168_single,lstm,"LSTM (168 TimeSteps), Single",DEEP_LEARNING,12_16,NEG,AVERAGE,168.0,single,243,-1.1216110562139918,-0.14183009999999996,5.145035163205824,26.47138683062438,2.826533441399177,1.1977760000000046,20.60340276199325,21.644678996669715,-0.016806663081230563
lstm_ts168_single,lstm,"LSTM (168 TimeSteps), Single",DEEP_LEARNING,12_16,NEG,MARGINAL,168.0,single,243,-2.7998358251028814,-0.2378954999999996,27.821837355473555,774.0546338344237,7.649315682716049,1.8283346000000007,28.670878329625722,35.667619055399854,-0.019994446440963324
lstm_ts168_single,lstm,"LSTM (168 TimeSteps), Single",DEEP_LEARNING,12_16,POS,AVERAGE,168.0,single,243,-2.7475611954732515,-0.8955134000000005,15.617213443082703,243.89735572680308,3.676505355967079,1.0924689999999995,7.471443316966082,16.623210003024905,-0.09693632150142233
lstm_ts168_single,lstm,"LSTM (168 TimeSteps), Single",DEEP_LEARNING,12_16,POS,MARGINAL,168.0,single,243,-11.044852763786007,-1.1122599999999991,92.4482178650424,8546.672986422343,12.465988807407406,1.5990080999999998,8.492377470864575,93.21024965531105,-0.007713548138845208
lstm_ts168_single,lstm,"LSTM (168 TimeSteps), Single",DEEP_LEARNING,16_20,NEG,AVERAGE,168.0,single,243,0.08329784670781894,0.05736164999999993,1.5163569990393786,2.29933854853571,0.845132423415638,0.28210618000000004,7.093487454724801,7.3374577452339125,0.13057262686988427
lstm_ts168_single,lstm,"LSTM (168 TimeSteps), Single",DEEP_LEARNING,16_20,NEG,MARGINAL,168.0,single,243,-0.4065234510288065,0.26655866000000006,4.58878213027968,21.05692143917412,1.873778367983539,0.6835370000000012,7.718199378544235,10.02569532760974,0.11720523785729357
lstm_ts168_single,lstm,"LSTM (168 TimeSteps), Single",DEEP_LEARNING,16_20,POS,AVERAGE,168.0,single,243,-1.7410869300411527,1.641611000000001,16.752048290481785,280.6311219266336,7.929032835390947,3.7605070000000005,15.11680059203186,25.029776933273183,0.17122301517748487
lstm_ts168_single,lstm,"LSTM (168 TimeSteps), Single",DEEP_LEARNING,16_20,POS,MARGINAL,168.0,single,243,-5.249879685185185,1.291701999999999,32.44305616339213,1052.5518932210161,13.816497446502057,4.379839999999998,23.889569889860745,42.04192443097907,0.12251096960473713
lstm_ts168_single,lstm,"LSTM (168 TimeSteps), Single",DEEP_LEARNING,20_24,NEG,AVERAGE,168.0,single,243,-0.04729247320987653,-0.003772399999999898,0.5978623084738689,0.3574393398937036,0.3601490183127572,0.2000219999999997,1.6619938537152632,1.6583954812315014,-0.13931942894187554
lstm_ts168_single,lstm,"LSTM (168 TimeSteps), Single",DEEP_LEARNING,20_24,NEG,MARGINAL,168.0,single,243,-0.1368370430041152,0.15657635000000003,1.7743235831849775,3.148224177846378,0.9413340220164609,0.4259862000000001,2.484448543884015,2.883929105495004,-0.22120612039914223
lstm_ts168_single,lstm,"LSTM (168 TimeSteps), Single",DEEP_LEARNING,20_24,POS,AVERAGE,168.0,single,243,0.26052168189300406,0.9689649999999972,3.944228614836714,15.556939366096744,2.6605820539094647,1.7890030000000001,7.672900116001069,9.226843138300021,0.23775401172970287
lstm_ts168_single,lstm,"LSTM (168 TimeSteps), Single",DEEP_LEARNING,20_24,POS,MARGINAL,168.0,single,243,-0.3722404555555553,0.49343370000000064,5.64490793534296,31.86498559849792,3.440937248148149,2.109228,9.176281416212438,12.517589634047166,0.34375061286995
lstm_ts42_ensemble,lstm,"LSTM (42 TimeSteps), Ensemble",DEEP_LEARNING,00_04,NEG,AVERAGE,42.0,ensemble,243,-0.29208872592592594,0.15842390000000006,2.9675991136740443,8.806644499478974,1.5614393761316872,0.6823927000000003,5.4130268191762125,6.010759948944515,-0.12355238542725627
lstm_ts42_ensemble,lstm,"LSTM (42 TimeSteps), Ensemble",DEEP_LEARNING,00_04,NEG,MARGINAL,42.0,ensemble,243,-0.37921296502057605,0.3413303000000001,6.932757593496596,48.06312785018471,3.664477521399177,1.6421010000000003,8.600873612661752,10.552819401764589,-0.11385512673872052
lstm_ts42_ensemble,lstm,"LSTM (42 TimeSteps), Ensemble",DEEP_LEARNING,00_04,POS,AVERAGE,42.0,ensemble,243,1.361658333744856,1.2059334000000002,1.1621467652191317,1.3505851039092915,1.4407067847736628,1.2113052999999998,1.9958540022109763,1.7587844144248772,0.3793267068873518
lstm_ts42_ensemble,lstm,"LSTM (42 TimeSteps), Ensemble",DEEP_LEARNING,00_04,POS,MARGINAL,42.0,ensemble,243,3.249068403292181,3.0319196,2.6200381253941933,6.8645997785191195,3.5654077086419758,3.1002897000000003,3.036815858054195,2.827743076840033,0.2837371378115337
lstm_ts42_ensemble,lstm,"LSTM (42 TimeSteps), Ensemble",DEEP_LEARNING,04_08,NEG,AVERAGE,42.0,ensemble,243,0.2265154189300412,0.3129792999999994,1.2713083107279697,1.6162248209260042,0.7636426740740743,0.4721001,3.923567029056605,4.010206072494613,-0.060790994761436595
lstm_ts42_ensemble,lstm,"LSTM (42 TimeSteps), Ensemble",DEEP_LEARNING,04_08,NEG,MARGINAL,42.0,ensemble,243,0.1691312744855967,0.4916368000000002,4.655423812747717,21.67297087629849,1.972185140329218,0.8573927000000001,6.449535195066467,7.5686368041226855,-0.028524328221088083
lstm_ts42_ensemble,lstm,"LSTM (42 TimeSteps), Ensemble",DEEP_LEARNING,04_08,POS,AVERAGE,42.0,ensemble,243,-0.6112463983539095,0.23878350000000026,3.9717736651016664,15.774986046795123,1.8588756164609053,1.0466370000000005,3.19496975581824,4.9762345153987715,0.2705799281672321
lstm_ts42_ensemble,lstm,"LSTM (42 TimeSteps), Ensemble",DEEP_LEARNING,04_08,POS,MARGINAL,42.0,ensemble,243,-2.4673411407407406,0.3454449999999998,20.46964271621036,419.00627292930386,4.9133985193415635,2.0614589999999993,4.723342901689796,20.651500005778157,0.05169884487549389
lstm_ts42_ensemble,lstm,"LSTM (42 TimeSteps), Ensemble",DEEP_LEARNING,08_12,NEG,AVERAGE,42.0,ensemble,243,-1.199494928395062,0.18194979999999994,4.323163286218726,18.689740799309494,2.565332934979424,1.2707409999999992,7.7805381225703325,10.560168522214505,0.4909890762331866
lstm_ts42_ensemble,lstm,"LSTM (42 TimeSteps), Ensemble",DEEP_LEARNING,08_12,NEG,MARGINAL,42.0,ensemble,243,-3.0025838518518517,0.03099530000000028,15.33773322407972,235.2460604530389,5.422854049382716,1.9855769999999993,10.657326921368623,21.835950292836813,0.1141036156652552
lstm_ts42_ensemble,lstm,"LSTM (42 TimeSteps), Ensemble",DEEP_LEARNING,08_12,POS,AVERAGE,42.0,ensemble,243,-3.2336695028806584,-0.6803269999999983,7.6634672136866335,58.72872973524997,3.682653613991769,1.066255,5.777959915246832,10.609857756913572,0.2617739016085677
lstm_ts42_ensemble,lstm,"LSTM (42 TimeSteps), Ensemble",DEEP_LEARNING,08_12,POS,MARGINAL,42.0,ensemble,243,-6.844313263374486,-1.3590839999999993,16.594563822461033,275.3795484577326,7.624457971193417,1.6840290000000007,7.324381773213424,19.567375214686276,0.17954574768459836
lstm_ts42_ensemble,lstm,"LSTM (42 TimeSteps), Ensemble",DEEP_LEARNING,12_16,NEG,AVERAGE,42.0,ensemble,243,-2.64796534526749,-0.6043555999999999,5.502597310579484,30.27857716239657,3.466625066255144,1.2512428000000009,19.086769115919438,21.644678996669715,0.20923834802899416
lstm_ts42_ensemble,lstm,"LSTM (42 TimeSteps), Ensemble",DEEP_LEARNING,12_16,NEG,MARGINAL,42.0,ensemble,243,1.0549910962962963,0.11195149999999998,30.609006425980095,936.9112743856907,8.256358411522633,1.9328615999999998,35.0129266623088,35.667619055399854,-0.006968895164405434
lstm_ts42_ensemble,lstm,"LSTM (42 TimeSteps), Ensemble",DEEP_LEARNING,12_16,POS,AVERAGE,42.0,ensemble,243,-1.593481267901235,0.4780730000000002,15.279139439093395,233.45210199925924,3.1817186596707816,0.7470290000000013,5.393110307491072,16.623210003024905,0.06511685715817997
lstm_ts42_ensemble,lstm,"LSTM (42 TimeSteps), Ensemble",DEEP_LEARNING,12_16,POS,MARGINAL,42.0,ensemble,243,-9.890485433333335,0.8809750000000012,92.38850386619677,8535.635646634257,12.415173334567902,1.4551819999999989,6.3736675309653625,93.21024965531105,0.012212015331364767
lstm_ts42_ensemble,lstm,"LSTM (42 TimeSteps), Ensemble",DEEP_LEARNING,16_20,NEG,AVERAGE,42.0,ensemble,243,-0.17994893584362143,0.16542996,1.6269740096575818,2.647044428101269,0.8906174746090535,0.3342315,6.457452914277086,7.3374577452339125,0.3494768199586802
lstm_ts42_ensemble,lstm,"LSTM (42 TimeSteps), Ensemble",DEEP_LEARNING,16_20,NEG,MARGINAL,42.0,ensemble,243,0.337790806090535,0.36389399999999994,4.058459835020468,16.471096232474366,1.8825324315226337,0.8155499999999982,8.79390416830515,10.02569532760974,0.014476210893207988
lstm_ts42_ensemble,lstm,"LSTM (42 TimeSteps), Ensemble",DEEP_LEARNING,16_20,POS,AVERAGE,42.0,ensemble,243,-6.366131843621399,-1.7813189999999999,18.765727041807406,352.1525114076218,8.09534629218107,2.519763000000001,13.061971079081067,25.029776933273183,0.2272361027698017
lstm_ts42_ensemble,lstm,"LSTM (42 TimeSteps), Ensemble",DEEP_LEARNING,16_20,POS,MARGINAL,42.0,ensemble,243,-14.467486551440327,-3.503316999999999,35.35837731356056,1250.214846248114,15.50356416872428,3.8098100000000006,11.085202261176928,42.04192443097907,0.4329658364321565
lstm_ts42_ensemble,lstm,"LSTM (42 TimeSteps), Ensemble",DEEP_LEARNING,20_24,NEG,AVERAGE,42.0,ensemble,243,0.3343931420576132,0.35611080000000017,0.6375558103527404,0.40647741131453957,0.5452485036213992,0.4210746500000001,1.5840151054924116,1.6583954812315014,-0.05034172671522846
lstm_ts42_ensemble,lstm,"LSTM (42 TimeSteps), Ensemble",DEEP_LEARNING,20_24,NEG,MARGINAL,42.0,ensemble,243,0.04253959024691365,0.2805244,1.7910717504319862,3.207938015195499,1.0077955532921812,0.5363494000000002,2.4594511177141736,2.883929105495004,-0.15172981302517116
lstm_ts42_ensemble,lstm,"LSTM (42 TimeSteps), Ensemble",DEEP_LEARNING,20_24,POS,AVERAGE,42.0,ensemble,243,-1.216284698765432,-0.21021900000000038,3.063686550031766,9.386175276845544,2.1804593901234566,1.0826320000000003,7.025702456952189,9.226843138300021,0.6598330760988735
lstm_ts42_ensemble,lstm,"LSTM (42 TimeSteps), Ensemble",DEEP_LEARNING,20_24,POS,MARGINAL,42.0,ensemble,243,-2.1594566411522638,0.4680225,7.296947433818534,53.2454418519109,4.9107588115226335,3.0162000000000004,6.993648301688196,12.517589634047166,0.5318280604576042
lstm_ts42_recency,lstm,"LSTM (42 TimeSteps), Weighted Ensemble",DEEP_LEARNING,00_04,NEG,AVERAGE,42.0,recency,243,0.14895512551440335,0.3302574999999983,2.983868405812669,8.90347066320704,1.6491672292181072,0.7416139000000004,5.84913802059642,6.010759948944515,-0.19249644174831868
lstm_ts42_recency,lstm,"LSTM (42 TimeSteps), Weighted Ensemble",DEEP_LEARNING,00_04,NEG,MARGINAL,42.0,recency,243,-0.16936543168724275,0.6003474999999998,6.897941049595917,47.58159072370042,3.6707995008230454,1.6353037000000001,8.423363828714878,10.552819401764589,-0.13077635495626713
lstm_ts42_recency,lstm,"LSTM (42 TimeSteps), Weighted Ensemble",DEEP_LEARNING,00_04,POS,AVERAGE,42.0,recency,243,0.5336142613168724,0.41976429999999976,0.9737383943432203,0.9481664606181128,0.7168295502057612,0.46222309999999966,1.8218456863888506,1.7587844144248772,0.20078840595833472
lstm_ts42_recency,lstm,"LSTM (42 TimeSteps), Weighted Ensemble",DEEP_LEARNING,00_04,POS,MARGINAL,42.0,recency,243,1.4956709374485597,1.4146374000000002,2.2584091147091807,5.100411729401505,1.9928137769547325,1.5168480999999998,2.64871520257329,2.827743076840033,0.13219961589375043
lstm_ts42_recency,lstm,"LSTM (42 TimeSteps), Weighted Ensemble",DEEP_LEARNING,04_08,NEG,AVERAGE,42.0,recency,243,0.13107025884773663,0.2043172000000002,1.2247025789359454,1.4998964068523557,0.6642668580246914,0.3267359999999999,3.9977476697491983,4.010206072494613,-0.13187937867299893
lstm_ts42_recency,lstm,"LSTM (42 TimeSteps), Weighted Ensemble",DEEP_LEARNING,04_08,NEG,MARGINAL,42.0,recency,243,0.3118787872427983,0.5766391999999998,4.642606845799318,21.553798324662694,1.9762358835390947,0.8659295999999999,6.513526255047238,7.5686368041226855,-0.035224757750529224
lstm_ts42_recency,lstm,"LSTM (42 TimeSteps), Weighted Ensemble",DEEP_LEARNING,04_08,POS,AVERAGE,42.0,recency,243,-0.6618992382716049,0.13589900000000021,3.9179879529701225,15.35062959961901,1.7696272786008231,0.9547760000000007,3.3893259782764606,4.9762345153987715,0.18283345123959685
lstm_ts42_recency,lstm,"LSTM (42 TimeSteps), Weighted Ensemble",DEEP_LEARNING,04_08,POS,MARGINAL,42.0,recency,243,-2.849459752674897,-0.023996999999999602,20.428098027848865,417.30718903540264,4.9449537732510285,1.9125839999999998,5.000350607868281,20.651500005778157,0.028203674933831187
lstm_ts42_recency,lstm,"LSTM (42 TimeSteps), Weighted Ensemble",DEEP_LEARNING,08_12,NEG,AVERAGE,42.0,recency,243,-0.8763738045267491,0.09636219999999995,3.5371204814942145,12.511221300605865,1.982699200411523,0.8443727999999999,8.594147986797882,10.560168522214505,0.28184536036289354
lstm_ts42_recency,lstm,"LSTM (42 TimeSteps), Weighted Ensemble",DEEP_LEARNING,08_12,NEG,MARGINAL,42.0,recency,243,-1.765161910288066,0.3979155000000001,14.741300162061416,217.3059304679919,4.894203651028806,1.6888569999999996,12.144270877292417,21.835950292836813,0.035721390737253104
lstm_ts42_recency,lstm,"LSTM (42 TimeSteps), Weighted Ensemble",DEEP_LEARNING,08_12,POS,AVERAGE,42.0,recency,243,-1.979392112345679,0.23030699999999982,7.323307410614221,53.63083143035716,3.2213204761316874,1.0156402,6.815336813932877,10.609857756913572,0.13377908353083726
lstm_ts42_recency,lstm,"LSTM (42 TimeSteps), Weighted Ensemble",DEEP_LEARNING,08_12,POS,MARGINAL,42.0,recency,243,-4.06099018271605,0.5044460000000015,15.867612754265739,251.78113451933675,6.776745214814814,1.6744020000000006,9.871441904153421,19.567375214686276,0.09275992321675518
lstm_ts42_recency,lstm,"LSTM (42 TimeSteps), Weighted Ensemble",DEEP_LEARNING,12_16,NEG,AVERAGE,42.0,recency,243,-0.6600943312757204,0.10321880000000005,5.288792836851368,27.97132967113034,2.8017220679012347,0.9345666000000001,21.06286298999344,21.644678996669715,0.025064863314126738
lstm_ts42_recency,lstm,"LSTM (42 TimeSteps), Weighted Ensemble",DEEP_LEARNING,12_16,NEG,MARGINAL,42.0,recency,243,-0.8258274065843623,0.12098549999999997,28.76469451459223,827.4076505178123,7.6556268427983545,2.0358217000000005,31.40523238266884,35.667619055399854,-0.026997239653802137
lstm_ts42_recency,lstm,"LSTM (42 TimeSteps), Weighted Ensemble",DEEP_LEARNING,12_16,POS,AVERAGE,42.0,recency,243,-1.5360634724279838,0.21839929999999974,15.21104829794333,231.3759903223647,3.0065282427983546,0.5501570000000005,6.374879960163085,16.623210003024905,-0.006929741867700291
lstm_ts42_recency,lstm,"LSTM (42 TimeSteps), Weighted Ensemble",DEEP_LEARNING,12_16,POS,MARGINAL,42.0,recency,243,-9.306825970781894,0.7218920000000004,92.1449920280709,8490.69955585325,12.113386866255144,1.3465229999999995,8.267844880435975,93.21024965531105,-0.0033711005393960445
lstm_ts42_recency,lstm,"LSTM (42 TimeSteps), Weighted Ensemble",DEEP_LEARNING,16_20,NEG,AVERAGE,42.0,recency,243,-0.05337411444444449,0.06061004999999997,1.387522401780228,1.9252184154419723,0.7293202383127573,0.27824700000000013,6.904107983378267,7.3374577452339125,0.07175960320653074
lstm_ts42_recency,lstm,"LSTM (42 TimeSteps), Weighted Ensemble",DEEP_LEARNING,16_20,NEG,MARGINAL,42.0,recency,243,0.12669869316872434,0.22212189999999987,3.926378032424803,15.416444453508069,1.718884598271605,0.6520329999999994,8.728735614092738,10.02569532760974,-0.02605347439011893
lstm_ts42_recency,lstm,"LSTM (42 TimeSteps), Weighted Ensemble",DEEP_LEARNING,16_20,POS,AVERAGE,42.0,recency,243,-3.0946960925925926,0.09030500000000075,19.199642046850087,368.6262547271738,7.583326899176955,1.9298099999999998,18.561337733856142,25.029776933273183,-0.03752785634250526
lstm_ts42_recency,lstm,"LSTM (42 TimeSteps), Weighted Ensemble",DEEP_LEARNING,16_20,POS,MARGINAL,42.0,recency,243,-8.192804724279835,1.026491,32.93598939721281,1084.7793975733146,13.026895757201645,3.185917,17.059395233699828,42.04192443097907,0.30147376992715413
lstm_ts42_recency,lstm,"LSTM (42 TimeSteps), Weighted Ensemble",DEEP_LEARNING,20_24,NEG,AVERAGE,42.0,recency,243,0.10339102716049384,0.12076759999999997,0.6144899549763307,0.37759790476681304,0.4070938438683128,0.26162629999999965,1.6594214404082621,1.6583954812315014,-0.11800772405539853
lstm_ts42_recency,lstm,"LSTM (42 TimeSteps), Weighted Ensemble",DEEP_LEARNING,20_24,NEG,MARGINAL,42.0,recency,243,0.05167373518518524,0.3080729,1.7344127603007817,3.0081876230941766,0.9940731593827161,0.5714715999999997,2.615109293357492,2.883929105495004,-0.2357243642607772
lstm_ts42_recency,lstm,"LSTM (42 TimeSteps), Weighted Ensemble",DEEP_LEARNING,20_24,POS,AVERAGE,42.0,recency,243,-0.3919244037037038,-0.0463572000000001,2.080466361200375,4.328340280086328,1.305657278600823,0.6387409999999996,8.33988936228386,9.226843138300021,0.20013995034719562
lstm_ts42_recency,lstm,"LSTM (42 TimeSteps), Weighted Ensemble",DEEP_LEARNING,20_24,POS,MARGINAL,42.0,recency,243,-0.7430384580246914,0.6491445999999996,5.556936049980291,30.87953826357056,3.4648037798353917,2.207116000000001,8.763863717992027,12.517589634047166,0.2997735397972649
lstm_ts42_single,lstm,"LSTM (42 TimeSteps), Single",DEEP_LEARNING,00_04,NEG,AVERAGE,42.0,single,243,-0.0259520275720165,0.4714502999999999,2.9306486351916146,8.588701422950473,1.5881832267489708,0.7100531999999999,5.438712101025797,6.010759948944515,-0.22139483506399477
lstm_ts42_single,lstm,"LSTM (42 TimeSteps), Single",DEEP_LEARNING,00_04,NEG,MARGINAL,42.0,single,243,-0.964898681893004,0.6125919999999994,6.778452370934935,45.94741654503344,3.4125895855967086,1.4414612,6.992792731109354,10.552819401764589,-0.04005437664433652
lstm_ts42_single,lstm,"LSTM (42 TimeSteps), Single",DEEP_LEARNING,00_04,POS,AVERAGE,42.0,single,243,-0.048461749382716045,-0.11008069999999925,0.8731876901115337,0.7624567421623158,0.4993439534979424,0.31568200000000024,1.7033615390313526,1.7587844144248772,0.15154276859997956
lstm_ts42_single,lstm,"LSTM (42 TimeSteps), Single",DEEP_LEARNING,00_04,POS,MARGINAL,42.0,single,243,1.1361193189300411,0.8362250000000002,2.4523782466677138,6.01415906472901,1.710374314814815,1.0617302000000004,2.908487395800744,2.827743076840033,0.2501292033534156
lstm_ts42_single,lstm,"LSTM (42 TimeSteps), Single",DEEP_LEARNING,04_08,NEG,AVERAGE,42.0,single,243,0.1330416275720165,0.18396899999999983,1.2786033950579287,1.6348266418536617,0.7273087757201647,0.397065,3.9980314743405856,4.010206072494613,-0.10479093864368935
lstm_ts42_single,lstm,"LSTM (42 TimeSteps), Single",DEEP_LEARNING,04_08,NEG,MARGINAL,42.0,single,243,-0.09590005390946502,0.3811439999999999,4.632699239092525,21.461902239888463,1.946676262962963,0.9516811999999999,6.110972156981082,7.5686368041226855,0.02102490615184252
lstm_ts42_single,lstm,"LSTM (42 TimeSteps), Single",DEEP_LEARNING,04_08,POS,AVERAGE,42.0,single,243,0.333264009053498,0.8616150000000005,4.048594188723611,16.391114904966596,2.02971902962963,1.3570609999999999,4.096396453560153,4.9762345153987715,0.13649378035352255
lstm_ts42_single,lstm,"LSTM (42 TimeSteps), Single",DEEP_LEARNING,04_08,POS,MARGINAL,42.0,single,243,-2.0411676925925932,1.025644999999999,20.57100892271985,423.1664080986197,4.933904830041152,2.1364789999999996,4.426200155885568,20.651500005778157,0.06626437388574613
lstm_ts42_single,lstm,"LSTM (42 TimeSteps), Single",DEEP_LEARNING,08_12,NEG,AVERAGE,42.0,single,243,-0.8449548732510288,0.01846379999999992,3.4852984148950967,12.147305040870274,1.9074397695473253,0.704739,8.879261694852413,10.560168522214505,0.18611308020140388
lstm_ts42_single,lstm,"LSTM (42 TimeSteps), Single",DEEP_LEARNING,08_12,NEG,MARGINAL,42.0,single,243,-2.2232896049382713,0.5030889999999992,14.706320046667095,216.27584931500246,4.850111836213992,1.678916,11.555537838897095,21.835950292836813,0.08499007903935926
lstm_ts42_single,lstm,"LSTM (42 TimeSteps), Single",DEEP_LEARNING,08_12,POS,AVERAGE,42.0,single,243,-0.3275790514403289,0.9300518000000002,7.6255501612675936,58.14901526200822,3.8006185946502056,1.5364259999999987,8.981896894580013,10.609857756913572,-0.03909813856281318
lstm_ts42_single,lstm,"LSTM (42 TimeSteps), Single",DEEP_LEARNING,08_12,POS,MARGINAL,42.0,single,243,-3.1622900197530868,1.198613,15.96996310305283,255.03972151286877,6.916389790946503,1.8348300000000002,10.81407584628726,19.567375214686276,0.02538603647123462
lstm_ts42_single,lstm,"LSTM (42 TimeSteps), Single",DEEP_LEARNING,12_16,NEG,AVERAGE,42.0,single,243,-1.9612193407407403,-0.05758289999999988,5.3679075253059,28.81443120023571,3.203681630452675,1.1344584999999996,19.392746790708884,21.644678996669715,0.12777766948439323
lstm_ts42_single,lstm,"LSTM (42 TimeSteps), Single",DEEP_LEARNING,12_16,NEG,MARGINAL,42.0,single,243,-3.0679085432098767,0.19925689999999996,27.69740481520947,767.1462334975888,7.462296813991769,1.6298127,27.530416834745946,35.667619055399854,-0.003456086459438331
lstm_ts42_single,lstm,"LSTM (42 TimeSteps), Single",DEEP_LEARNING,12_16,POS,AVERAGE,42.0,single,243,-1.054266653909465,0.1021876000000006,15.407095799955108,237.37860098899432,3.2993234094650203,0.564095599999999,8.427114953040341,16.623210003024905,-0.13555465310820572
lstm_ts42_single,lstm,"LSTM (42 TimeSteps), Single",DEEP_LEARNING,12_16,POS,MARGINAL,42.0,single,243,-8.548284016460906,0.941713,92.03691859957799,8470.794385305344,12.537896558847738,1.4746270000000017,9.611462124308641,93.21024965531105,-0.0028813190143734567
lstm_ts42_single,lstm,"LSTM (42 TimeSteps), Single",DEEP_LEARNING,16_20,NEG,AVERAGE,42.0,single,243,0.4192084544444445,0.2003437,1.3606573753840616,1.8513884931870435,0.8649418970781892,0.33478600000000114,7.411573479178792,7.3374577452339125,-0.0037311314385110234
lstm_ts42_single,lstm,"LSTM (42 TimeSteps), Single",DEEP_LEARNING,16_20,NEG,MARGINAL,42.0,single,243,0.7573449952263375,0.5431329999999999,4.1264712673978,17.02776512065961,1.9766013706995884,0.7634410000000003,9.274941863356126,10.02569532760974,-0.03375628159548688
lstm_ts42_single,lstm,"LSTM (42 TimeSteps), Single",DEEP_LEARNING,16_20,POS,AVERAGE,42.0,single,243,0.07621940740740746,1.9816959999999995,17.812054820449305,317.26929692669137,8.280455325102881,3.006813000000001,19.090184619935275,25.029776933273183,-0.009290603819499216
lstm_ts42_single,lstm,"LSTM (42 TimeSteps), Single",DEEP_LEARNING,16_20,POS,MARGINAL,42.0,single,243,-8.26805855144033,0.6761169999999979,34.80595716428781,1211.454654122238,14.168379613168723,3.447572000000001,21.85258356799074,42.04192443097907,0.16733066370102279
lstm_ts42_single,lstm,"LSTM (42 TimeSteps), Single",DEEP_LEARNING,20_24,NEG,AVERAGE,42.0,single,243,0.15509765255144028,0.1668003,0.6362107286882914,0.4047640912980867,0.42185796572016465,0.2530416000000002,1.666911003714853,1.6583954812315014,-0.1985154564704529
lstm_ts42_single,lstm,"LSTM (42 TimeSteps), Single",DEEP_LEARNING,20_24,NEG,MARGINAL,42.0,single,243,0.06535479921810704,0.31255029999999984,1.674425134124896,2.8036995297891756,0.9784799969958848,0.6296992000000001,2.2579679585800054,2.883929105495004,-0.08532540776246304
lstm_ts42_single,lstm,"LSTM (42 TimeSteps), Single",DEEP_LEARNING,20_24,POS,AVERAGE,42.0,single,243,0.4346426139917696,0.4121429999999995,1.907530958170013,3.638674356377008,1.2955440740740738,0.7622604000000006,9.047245991309525,9.226843138300021,-0.03856703519381259
lstm_ts42_single,lstm,"LSTM (42 TimeSteps), Single",DEEP_LEARNING,20_24,POS,MARGINAL,42.0,single,243,0.19806915061728364,1.0236970000000003,5.6579705552820725,32.01263080443893,3.7385142625514405,2.3401050000000048,9.310110475620466,12.517589634047166,0.3120813047845014
arma,arma,ARMA,STATISTICAL_EXPANDING,00_04,NEG,AVERAGE,,,243,-0.2800091392814931,0.2995139935960749,3.844036571254853,14.776617161144767,1.9908678139120273,0.7114859743780695,5.372098848872447,6.0107601276809515,-0.16786226609435656
arma,arma,ARMA,STATISTICAL_EXPANDING,00_04,NEG,MARGINAL,,,243,-1.132587524105273,0.6382691907387343,8.75672117875237,76.6801658024103,4.396733670364583,1.6328109250747183,7.196990222848898,10.552818794605756,-0.18110617210414534
arma,arma,ARMA,STATISTICAL_EXPANDING,00_04,POS,AVERAGE,,,243,-0.026605471843919985,0.04179339620953737,0.9738916016717885,0.9484648518068415,0.3184471199764306,0.17388911155065756,1.5905496722029335,1.7587846020864546,-0.04793795960462072
arma,arma,ARMA,STATISTICAL_EXPANDING,00_04,POS,MARGINAL,,,243,-0.1725189822377662,0.20819087999149666,2.3264267890768617,5.412261604934477,0.872059896822221,0.3808947397609228,1.8336825059350992,2.8277429559291614,0.050901969974987374
arma,arma,ARMA,STATISTICAL_EXPANDING,04_08,NEG,AVERAGE,,,243,-0.19244030247350363,0.3478250382519361,2.3524585669732123,5.534061309325659,1.2809811559579751,0.6181564247285034,3.538056969886213,4.010206119444472,-0.07768581275385118
arma,arma,ARMA,STATISTICAL_EXPANDING,04_08,NEG,MARGINAL,,,243,-0.832621194018348,0.7355101536374713,6.448619609994185,41.584694874401556,3.2354096706574493,1.5385281616523936,4.923418872261916,7.5686366231957205,-0.14190524248181946
arma,arma,ARMA,STATISTICAL_EXPANDING,04_08,POS,AVERAGE,,,243,-0.38663336909043605,0.29739206424512155,4.0275140374954725,16.220869322223084,1.754560061576029,0.8686533135214329,3.385078751314646,4.976234471227694,0.24516498128642544
arma,arma,ARMA,STATISTICAL_EXPANDING,04_08,POS,MARGINAL,,,243,-2.135905775524169,0.8658931439827882,20.65131271456449,426.47671683473294,4.6618437978949325,1.5789915674623014,4.449051921176661,20.651501248561523,0.06018078943176357
arma,arma,ARMA,STATISTICAL_EXPANDING,08_12,NEG,AVERAGE,,,243,-0.2887723941366739,0.23994184098164495,4.386736040410336,19.243453088234954,2.2055145370868146,0.9511885990919842,9.762665386163741,10.560168636909578,0.019761692187168337
arma,arma,ARMA,STATISTICAL_EXPANDING,08_12,NEG,MARGINAL,,,243,-1.556375113563113,0.6702202803020858,18.004927170671007,324.1774024211671,5.967680813425639,2.006482786865348,12.717153908382151,21.83595049220211,-0.10640115593782491
arma,arma,ARMA,STATISTICAL_EXPANDING,08_12,POS,AVERAGE,,,243,-0.8300823281044996,0.6839210297861236,8.170168679681577,66.75165625444981,4.1817634923508,1.9940569016647416,7.8744251607564655,10.609856851786446,0.07027108530206849
arma,arma,ARMA,STATISTICAL_EXPANDING,08_12,POS,MARGINAL,,,243,-2.493624496548155,2.084483366884296,17.95693430753106,322.45148972498595,8.706814368344117,3.605488061000308,10.681464702528169,19.567373889197142,-0.008207210515754472
arma,arma,ARMA,STATISTICAL_EXPANDING,12_16,NEG,AVERAGE,,,243,-0.2145549893368348,0.3545687502041752,7.235809816070263,52.356943694338774,4.635595160002706,2.2709537026898357,20.781914059658483,21.6446792443593,-0.15885946174495494
arma,arma,ARMA,STATISTICAL_EXPANDING,12_16,NEG,MARGINAL,,,243,-1.9440234166554606,0.9203351474353987,27.762622928910062,770.7632318928428,9.39276858572171,4.183596748595907,25.12540750799962,35.66762142590697,-0.06872044795021677
arma,arma,ARMA,STATISTICAL_EXPANDING,12_16,POS,AVERAGE,,,243,-1.6312296163304887,0.46632688851834114,16.036282110968656,257.1623439425734,3.7501910905935625,0.9351946314441264,6.542610407652019,16.623209935007917,-0.01841383869182945
arma,arma,ARMA,STATISTICAL_EXPANDING,12_16,POS,MARGINAL,,,243,-9.993315147397507,0.8151463138380173,93.22476155680819,8690.856167323742,13.193998501309538,1.663450403813485,7.1757693297642815,93.21025224454014,0.01642583287406517
arma,arma,ARMA,STATISTICAL_EXPANDING,16_20,NEG,AVERAGE,,,243,-0.10574485741631527,0.09391604263321501,2.4292721946127025,5.901363395518415,1.2370580069405512,0.31224253288397996,7.0919861187648205,7.337457980575138,-0.12091170634347573
arma,arma,ARMA,STATISTICAL_EXPANDING,16_20,NEG,MARGINAL,,,243,-0.3341318393397342,0.21631601032855496,5.772943280210415,33.32687411652658,2.4189688202031285,0.8546130254632089,8.584960175218495,10.025695416690022,-0.1188987144933477
arma,arma,ARMA,STATISTICAL_EXPANDING,16_20,POS,AVERAGE,,,243,-4.474825230078242,0.46166686756202857,21.437886475898907,459.5829765535293,8.753408416189409,3.069836445241023,9.394179219967384,25.029777784971195,0.45536917384658143
arma,arma,ARMA,STATISTICAL_EXPANDING,16_20,POS,MARGINAL,,,243,-8.800486822509415,1.177283437938339,37.77531816879737,1426.9746627538727,15.805286292761828,5.484274087542573,11.975885630662908,42.04192471997184,0.4376088891278047
arma,arma,ARMA,STATISTICAL_EXPANDING,20_24,NEG,AVERAGE,,,243,-0.06596972037083733,0.05567249506097682,0.9026369693260984,0.8147534983942039,0.4527623194979068,0.1648531516680638,1.5118183611635252,1.6583954909882475,-0.05847365854662576
arma,arma,ARMA,STATISTICAL_EXPANDING,20_24,NEG,MARGINAL,,,243,-0.24871672787694146,0.15772879623129277,2.2118250580833747,4.892170087565523,1.1159316772033083,0.41878660181935246,2.1437303293528034,2.883929034999009,-0.09983553146458904
arma,arma,ARMA,STATISTICAL_EXPANDING,20_24,POS,AVERAGE,,,243,-0.20947869725468612,0.5122149637729336,3.120980549719119,9.740519591725054,1.905863615166775,1.1857958032322937,8.597448718210117,9.226842954023205,0.23301243372809738
arma,arma,ARMA,STATISTICAL_EXPANDING,20_24,POS,MARGINAL,,,243,-0.8406206353118127,0.9958953920692526,7.857817016104708,61.745288258584694,3.8066065120836825,2.1440109561095433,9.496844843121302,12.517589622506696,0.20265441438522733
armax_exog_1,armax_exog_1,ARMAX (Exog. 1),STATISTICAL_EXPANDING,00_04,NEG,AVERAGE,,,243,-0.2744524947227548,0.2887662391346413,3.859858217142455,14.898505456442132,1.9997140204903552,0.678914012446056,5.411130681570438,6.0107601276809515,-0.16308074015210813
armax_exog_1,armax_exog_1,ARMAX (Exog. 1),STATISTICAL_EXPANDING,00_04,NEG,MARGINAL,,,243,-1.130081781021378,0.6576452089830473,8.690038938242164,75.516776748165,4.356966793207043,1.6254241368593334,7.252689533158595,10.552818794605756,-0.1913946166764426
armax_exog_1,armax_exog_1,ARMAX (Exog. 1),STATISTICAL_EXPANDING,00_04,POS,AVERAGE,,,243,-0.03413811119935401,0.06904610997234961,0.9585888825114052,0.9188926456744646,0.3087652959114243,0.16619811779011284,1.5596242073274935,1.7587846020864546,-0.03189495507560389
armax_exog_1,armax_exog_1,ARMAX (Exog. 1),STATISTICAL_EXPANDING,00_04,POS,MARGINAL,,,243,-0.13706181437540618,0.26655528648028604,2.322995830851693,5.396309630154347,0.8647091391563523,0.42500535365764147,1.7789335683698857,2.8277429559291614,-0.002518073511136225
armax_exog_1,armax_exog_1,ARMAX (Exog. 1),STATISTICAL_EXPANDING,04_08,NEG,AVERAGE,,,243,-0.20917583679088766,0.3092922690914355,2.3461586347898122,5.504460339598796,1.2627400889984866,0.5622789166512874,3.5164440501358043,4.010206119444472,-0.04537935887644466
armax_exog_1,armax_exog_1,ARMAX (Exog. 1),STATISTICAL_EXPANDING,04_08,NEG,MARGINAL,,,243,-0.8557533445565115,0.7273235081652585,6.459479823456014,41.724879589635336,3.219410784926582,1.49034948820176,4.880719462055891,7.5686366231957205,-0.12844811529345798
armax_exog_1,armax_exog_1,ARMAX (Exog. 1),STATISTICAL_EXPANDING,04_08,POS,AVERAGE,,,243,-0.3961705875061287,0.3750182022813764,4.061644464276745,16.49695575418993,1.8509492226707693,0.9831061791323723,3.4634142524283718,4.976234471227694,0.20235009537075127
armax_exog_1,armax_exog_1,ARMAX (Exog. 1),STATISTICAL_EXPANDING,04_08,POS,MARGINAL,,,243,-2.13868002378247,0.9222769928420327,20.6900375648313,428.0776544341303,4.711850865319483,1.7840751113856452,4.551320422975374,20.651501248561523,0.054776473217661534
armax_exog_1,armax_exog_1,ARMAX (Exog. 1),STATISTICAL_EXPANDING,08_12,NEG,AVERAGE,,,243,-0.17489856746203336,0.2605205725242623,3.8848907596892484,15.092376214718906,1.9629445328090573,0.9621113042575953,9.880261664510526,10.560168636909578,-0.1381605914118594
armax_exog_1,armax_exog_1,ARMAX (Exog. 1),STATISTICAL_EXPANDING,08_12,NEG,MARGINAL,,,243,-1.5214326694673828,0.6377376380421338,17.81782592279484,317.4749206150197,5.4403582482403054,1.934169646489579,13.363110129289803,21.83595049220211,-0.17059694896122776
armax_exog_1,armax_exog_1,ARMAX (Exog. 1),STATISTICAL_EXPANDING,08_12,POS,AVERAGE,,,243,-0.8304707562774558,1.04415460687951,8.577613312105795,73.57545013201455,4.391862468652369,1.9834333848531056,7.927189505302303,10.609856851786446,0.053020999816813484
armax_exog_1,armax_exog_1,ARMAX (Exog. 1),STATISTICAL_EXPANDING,08_12,POS,MARGINAL,,,243,-2.8295177754637266,2.0566742425365074,18.31463650905352,335.42591045875616,8.892764122539248,3.4465277256540645,9.847781158660672,19.567373889197142,0.051054222237802344
armax_exog_1,armax_exog_1,ARMAX (Exog. 1),STATISTICAL_EXPANDING,12_16,NEG,AVERAGE,,,243,-0.07256123739276626,0.3897156703070668,6.228957809225426,38.79991538911042,3.737764656682811,1.5808590318630191,21.646385666694545,21.6446792443593,-0.32787247421953825
armax_exog_1,armax_exog_1,ARMAX (Exog. 1),STATISTICAL_EXPANDING,12_16,NEG,MARGINAL,,,243,-1.7507504360461938,0.78684901448284,27.207960778107772,740.2731297030508,8.03477117282192,2.6457496972886965,26.888815011400407,35.66762142590697,-0.0919659423548377
armax_exog_1,armax_exog_1,ARMAX (Exog. 1),STATISTICAL_EXPANDING,12_16,POS,AVERAGE,,,243,-1.6865971027573066,0.46598191654002896,16.077521724814872,258.4867048118941,3.735232219052032,0.8645181907599113,6.170111003798962,16.623209935007917,0.02567432001311262
armax_exog_1,armax_exog_1,ARMAX (Exog. 1),STATISTICAL_EXPANDING,12_16,POS,MARGINAL,,,243,-9.997570395601528,1.0655994228771704,93.34212354962393,8712.752028753259,13.34278412650828,1.6686732322054638,7.1257321485995915,93.21025224454014,0.018897710882243426
armax_exog_1,armax_exog_1,ARMAX (Exog. 1),STATISTICAL_EXPANDING,16_20,NEG,AVERAGE,,,243,-0.08016077029371899,0.12495588890485676,2.1529709019192813,4.6352837045111235,1.2029171829153429,0.3989618632317453,6.992107060514693,7.337457980575138,-0.1419294811836913
armax_exog_1,armax_exog_1,ARMAX (Exog. 1),STATISTICAL_EXPANDING,16_20,NEG,MARGINAL,,,243,-0.3590551223684681,0.2067065952079984,5.361195642441026,28.74241871652865,2.2732129045581497,0.9976173117489733,8.466173483860958,10.025695416690022,-0.18869506733742458
armax_exog_1,armax_exog_1,ARMAX (Exog. 1),STATISTICAL_EXPANDING,16_20,POS,AVERAGE,,,243,-4.4881371695513534,0.8642712751773907,21.88994548694003,479.1697134212061,8.970246054581423,3.1252122872511237,9.251804948038636,25.029777784971195,0.4454598952633298
armax_exog_1,armax_exog_1,ARMAX (Exog. 1),STATISTICAL_EXPANDING,16_20,POS,MARGINAL,,,243,-8.963528525179782,1.5512135091856685,38.59939784739846,1489.9135141817485,16.237539053650856,5.410062242909461,11.370663422020753,42.04192471997184,0.4390488595552436
armax_exog_1,armax_exog_1,ARMAX (Exog. 1),STATISTICAL_EXPANDING,20_24,NEG,AVERAGE,,,243,-0.07079702182100196,0.05579959701770476,0.9308366937078997,0.8664569503530541,0.4504123026896961,0.1672813341738162,1.5164101983795897,1.6583954909882475,-0.10043183304401611
armax_exog_1,armax_exog_1,ARMAX (Exog. 1),STATISTICAL_EXPANDING,20_24,NEG,MARGINAL,,,243,-0.26569472854352955,0.16807009252731175,2.201429500535037,4.846291845825943,1.110978067782651,0.4253368262761894,2.1050932033733583,2.883929034999009,-0.08693978557495115
armax_exog_1,armax_exog_1,ARMAX (Exog. 1),STATISTICAL_EXPANDING,20_24,POS,AVERAGE,,,243,-0.18905956736199697,0.5995555539433779,3.237606571373416,10.482096311000326,2.032433011218272,1.1536722521467198,8.62771842484592,9.226842954023205,0.21733498879085028
armax_exog_1,armax_exog_1,ARMAX (Exog. 1),STATISTICAL_EXPANDING,20_24,POS,MARGINAL,,,243,-0.8101348649747784,1.2575074887650288,8.025747111164673,64.41261669236809,4.003778279535544,2.210263833545703,9.533441335006406,12.517589622506696,0.2068746732326995
armax_exog_1_3,armax_exog_1_3,ARMAX (Exog. 1&3),STATISTICAL_EXPANDING,00_04,NEG,AVERAGE,,,243,-0.3594933484374887,0.14685083401247834,2.7221712428009845,7.410216275132657,1.4615742199678892,0.6241263087857511,5.0729713636991525,6.0107601276809515,0.005218213327019234
armax_exog_1_3,armax_exog_1_3,ARMAX (Exog. 1&3),STATISTICAL_EXPANDING,00_04,NEG,MARGINAL,,,243,-1.0854599436851238,0.3057323599276698,6.418813969252908,41.20117277187628,3.109703756291158,1.217647716241661,7.249191669271141,10.552818794605756,-0.08254717572953553
armax_exog_1_3,armax_exog_1_3,ARMAX (Exog. 1&3),STATISTICAL_EXPANDING,00_04,POS,AVERAGE,,,243,-0.02934536675403194,0.05805888819898186,0.9441927003740888,0.8914998554397138,0.30708552894254176,0.16632836453624744,1.5508263244084635,1.7587846020864546,0.020088209419282452
armax_exog_1_3,armax_exog_1_3,ARMAX (Exog. 1&3),STATISTICAL_EXPANDING,00_04,POS,MARGINAL,,,243,-0.11563294676839751,0.287420747421967,2.3367049037870955,5.460189807382659,0.8772472353423016,0.4136256238234539,1.9173978697543652,2.8277429559291614,-0.1039379766523003
armax_exog_1_3,armax_exog_1_3,ARMAX (Exog. 1&3),STATISTICAL_EXPANDING,04_08,NEG,AVERAGE,,,243,-0.2170339974330109,0.12227988244172572,1.8227469054404593,3.322406281292771,1.07593186438671,0.6087498964211755,3.469194610285643,4.010206119444472,-0.04342636316957227
armax_exog_1_3,armax_exog_1_3,ARMAX (Exog. 1&3),STATISTICAL_EXPANDING,04_08,NEG,MARGINAL,,,243,-0.7200967501873705,0.3161835622094875,5.585925420804481,31.20256280678971,2.598516192070804,1.1473017303749762,5.467468991276769,7.5686366231957205,-0.16361408176702455
armax_exog_1_3,armax_exog_1_3,ARMAX (Exog. 1&3),STATISTICAL_EXPANDING,04_08,POS,AVERAGE,,,243,-0.3355321011280709,0.37978453878112894,3.8787162130186377,15.04443946113364,1.6989456530612939,0.9541293415374064,3.4724437324236446,4.976234471227694,0.1555307127090912
armax_exog_1_3,armax_exog_1_3,ARMAX (Exog. 1&3),STATISTICAL_EXPANDING,04_08,POS,MARGINAL,,,243,-2.2029870525727415,0.824939695901624,20.644162421635478,426.1814420908664,4.708810548996862,1.754129212503944,4.212490272602257,20.651501248561523,0.060964711545982396
armax_exog_1_3,armax_exog_1_3,ARMAX (Exog. 1&3),STATISTICAL_EXPANDING,08_12,NEG,AVERAGE,,,243,-0.020574428678582814,0.08423502343074141,4.717386006422485,22.253730733590682,2.2169909664193503,0.8772903457933623,11.015376591815055,10.560168636909578,-0.3337606071682855
armax_exog_1_3,armax_exog_1_3,ARMAX (Exog. 1&3),STATISTICAL_EXPANDING,08_12,NEG,MARGINAL,,,243,-0.8856593620122476,0.18196308134076844,18.936651881397214,358.5967844772246,5.947915584495297,1.5370438163401001,16.914662057052496,21.83595049220211,-0.2811910918650127
armax_exog_1_3,armax_exog_1_3,ARMAX (Exog. 1&3),STATISTICAL_EXPANDING,08_12,POS,AVERAGE,,,243,-1.0432291964491145,0.9353642304881831,8.336854792422724,69.50314782994174,4.359134001669993,1.9920507307929194,6.948674926534731,10.609856851786446,0.19013210261514635
armax_exog_1_3,armax_exog_1_3,ARMAX (Exog. 1&3),STATISTICAL_EXPANDING,08_12,POS,MARGINAL,,,243,-2.7828266724313,1.9454978149178395,17.944755005711656,322.0142322150136,8.727255811447291,3.55622715258499,9.619368983067236,19.567373889197142,0.04746254691397984
armax_exog_1_3,armax_exog_1_3,ARMAX (Exog. 1&3),STATISTICAL_EXPANDING,12_16,NEG,AVERAGE,,,243,0.16348064383743668,0.12695841808129682,6.486518749724324,42.0749254905252,3.8432084302493634,1.922649635035306,22.73079516369078,21.6446792443593,-0.24625945209062514
armax_exog_1_3,armax_exog_1_3,ARMAX (Exog. 1&3),STATISTICAL_EXPANDING,12_16,NEG,MARGINAL,,,243,-0.7637823457026329,0.34647254334978816,27.480760475294197,755.1921963004917,8.330781099578932,2.8447161437383794,30.355815680358855,35.66762142590697,-0.09189564638147951
armax_exog_1_3,armax_exog_1_3,ARMAX (Exog. 1&3),STATISTICAL_EXPANDING,12_16,POS,AVERAGE,,,243,-1.6529689078063248,0.32137619501706993,16.02763428344393,256.8850607238272,3.633498232484033,0.7581542353712534,6.42403381698001,16.623209935007917,-0.010695145968161913
armax_exog_1_3,armax_exog_1_3,ARMAX (Exog. 1&3),STATISTICAL_EXPANDING,12_16,POS,MARGINAL,,,243,-10.061982522985804,1.0373916155858645,93.35305004689425,8714.791953057944,13.1884888124046,1.8838580195253094,6.870191198900201,93.21025224454014,0.017326643697042184
armax_exog_1_3,armax_exog_1_3,ARMAX (Exog. 1&3),STATISTICAL_EXPANDING,16_20,NEG,AVERAGE,,,243,-0.11864712125072914,0.06934299583708237,1.58563192115454,2.514228589384237,0.9328300790184441,0.3732127115173727,6.936628806951572,7.337457980575138,0.04215123838607787
armax_exog_1_3,armax_exog_1_3,ARMAX (Exog. 1&3),STATISTICAL_EXPANDING,16_20,NEG,MARGINAL,,,243,-0.30761582001777293,0.12484287222218993,4.2650514129006645,18.190663554685955,1.6481493932665972,0.5788535601248652,8.736539155696613,10.025695416690022,-0.030181543625829393
armax_exog_1_3,armax_exog_1_3,ARMAX (Exog. 1&3),STATISTICAL_EXPANDING,16_20,POS,AVERAGE,,,243,-4.316371742463613,0.2793993124682803,20.932013071988575,438.1491712459005,8.442122532473894,2.7510359342927018,10.016662642462196,25.029777784971195,0.43752508992361305
armax_exog_1_3,armax_exog_1_3,ARMAX (Exog. 1&3),STATISTICAL_EXPANDING,16_20,POS,MARGINAL,,,243,-8.780719431461316,0.88090680156348,36.524379950854936,1334.030330794414,14.80208227508032,4.177319962115732,11.887701160911917,42.04192471997184,0.44909558975875385
armax_exog_1_3,armax_exog_1_3,ARMAX (Exog. 1&3),STATISTICAL_EXPANDING,20_24,NEG,AVERAGE,,,243,-0.08325607085371518,0.02480204624242277,0.6818764806221563,0.46495553482565793,0.35202125819027813,0.17092808941268434,1.4169711384917631,1.6583954909882475,0.06622195034499925
armax_exog_1_3,armax_exog_1_3,ARMAX (Exog. 1&3),STATISTICAL_EXPANDING,20_24,NEG,MARGINAL,,,243,-0.24153298280675634,0.09802740158486023,1.5762287192863569,2.484496975503109,0.7732681675726505,0.3762652050732531,2.125602580535727,2.883929034999009,0.0006093153317768517
armax_exog_1_3,armax_exog_1_3,ARMAX (Exog. 1&3),STATISTICAL_EXPANDING,20_24,POS,AVERAGE,,,243,-0.18054036072226112,0.48574088933396187,3.0330713838684695,9.199522019641794,1.8612180225280792,1.1588150328228757,8.643127451076944,9.226842954023205,0.1885986745769232
armax_exog_1_3,armax_exog_1_3,ARMAX (Exog. 1&3),STATISTICAL_EXPANDING,20_24,POS,MARGINAL,,,243,-0.8221531971725498,0.8310034284141992,7.752332119774013,60.098653295279846,3.5706199418167825,1.9547566326955028,9.549996723961021,12.517589622506696,0.18510987816804036
armax_exog_1_4,armax_exog_1_4,ARMAX (Exog. 1&4),STATISTICAL_EXPANDING,00_04,NEG,AVERAGE,,,243,-1.5760202859379746,-0.365387537110347,3.2197631684108505,10.366874860655079,2.03767987200096,0.903327375478097,3.835163076238985,6.0107601276809515,0.4782941717360662
armax_exog_1_4,armax_exog_1_4,ARMAX (Exog. 1&4),STATISTICAL_EXPANDING,00_04,NEG,MARGINAL,,,243,-1.540043338013065,0.25476649258566475,6.908996135579422,47.73422760145138,3.5164340933913847,1.5082476520334716,6.1563728671041344,10.552818794605756,0.16228470504100906
armax_exog_1_4,armax_exog_1_4,ARMAX (Exog. 1&4),STATISTICAL_EXPANDING,00_04,POS,AVERAGE,,,243,0.32448227110884204,0.3777801993634,1.1915709081527222,1.4198412291559033,0.6751698306242779,0.47219215799582104,1.646866362921266,1.7587846020864546,0.5489626085965092
armax_exog_1_4,armax_exog_1_4,ARMAX (Exog. 1&4),STATISTICAL_EXPANDING,00_04,POS,MARGINAL,,,243,-0.0028957070889368275,0.428158180847781,2.4029059510813826,5.7739570097423245,1.0233372689547826,0.6064009073197161,1.63494059366368,2.8277429559291614,0.22808155540486622
armax_exog_1_4,armax_exog_1_4,ARMAX (Exog. 1&4),STATISTICAL_EXPANDING,04_08,NEG,AVERAGE,,,243,0.22711911843003652,0.4794186330941703,2.2867806876060754,5.229365913208115,1.4989279142536012,0.8025387015006027,3.6725873049278923,4.010206119444472,0.4394941783638326
armax_exog_1_4,armax_exog_1_4,ARMAX (Exog. 1&4),STATISTICAL_EXPANDING,04_08,NEG,MARGINAL,,,243,-0.8902080667959321,0.5716835123682289,5.683653809585187,32.30392062721221,2.758277225990619,1.3158924864122108,4.364510138677609,7.5686366231957205,0.11361008881059341
armax_exog_1_4,armax_exog_1_4,ARMAX (Exog. 1&4),STATISTICAL_EXPANDING,04_08,POS,AVERAGE,,,243,1.7299635438656782,1.8753615149015292,4.35068650266521,18.92847304447324,2.808698085093806,2.0958669782602044,5.078890651853342,4.976234471227694,0.05916733459956332
armax_exog_1_4,armax_exog_1_4,ARMAX (Exog. 1&4),STATISTICAL_EXPANDING,04_08,POS,MARGINAL,,,243,0.19629292962789724,1.703194305187905,20.922571971319357,437.75401789503843,5.522734235044664,2.549787921623075,8.10153752752771,20.651501248561523,-0.01785625473767446
armax_exog_1_4,armax_exog_1_4,ARMAX (Exog. 1&4),STATISTICAL_EXPANDING,08_12,NEG,AVERAGE,,,243,-0.4183855283512591,0.11216337590295256,4.226140847539401,17.860266463241047,2.1279204692705704,1.0582547612553848,9.90723624431702,10.560168636909578,0.3110486089419871
armax_exog_1_4,armax_exog_1_4,ARMAX (Exog. 1&4),STATISTICAL_EXPANDING,08_12,NEG,MARGINAL,,,243,-1.1444984202639406,0.4175796924362456,17.624189571026733,310.6120580354875,5.41003716984507,1.52218539351321,13.932995471488267,21.83595049220211,0.006487217185381372
armax_exog_1_4,armax_exog_1_4,ARMAX (Exog. 1&4),STATISTICAL_EXPANDING,08_12,POS,AVERAGE,,,243,1.8084524630582526,3.2252589391881408,8.513668345651409,72.4825486997468,6.267101782906215,5.03856648913753,6.496641630714469,10.609856851786446,0.436722032351059
armax_exog_1_4,armax_exog_1_4,ARMAX (Exog. 1&4),STATISTICAL_EXPANDING,08_12,POS,MARGINAL,,,243,3.0837653331168124,7.279216925191216,17.016912295768627,289.57530408188154,11.649133785758716,9.453442253721764,9.389356093380384,19.567373889197142,0.20445479661713636
armax_exog_1_4,armax_exog_1_4,ARMAX (Exog. 1&4),STATISTICAL_EXPANDING,12_16,NEG,AVERAGE,,,243,-0.10864787553949908,0.24631014791120553,6.602812499855946,43.59713290825393,4.168551709366194,2.419027582736213,22.39675730011017,21.6446792443593,0.20511091725422106
armax_exog_1_4,armax_exog_1_4,ARMAX (Exog. 1&4),STATISTICAL_EXPANDING,12_16,NEG,MARGINAL,,,243,-1.2692940956586038,0.39471400321202665,26.943554423199224,725.9551249558984,8.09673823360375,3.143623187092139,28.544487837716748,35.66762142590697,0.03453139287227936
armax_exog_1_4,armax_exog_1_4,ARMAX (Exog. 1&4),STATISTICAL_EXPANDING,12_16,POS,AVERAGE,,,243,-3.5254756302961496,-0.6479719545583347,16.30419205146885,265.82667845118,4.805757592373812,1.5011542636967405,4.939112255343621,16.623209935007917,0.1422540640676956
armax_exog_1_4,armax_exog_1_4,ARMAX (Exog. 1&4),STATISTICAL_EXPANDING,12_16,POS,MARGINAL,,,243,-12.239482439677692,-0.5206153102565114,93.20444641285533,8687.068831126822,13.374261944213746,1.4265952138736004,4.400127521347678,93.21025224454014,0.02883449707118578
armax_exog_1_4,armax_exog_1_4,ARMAX (Exog. 1&4),STATISTICAL_EXPANDING,16_20,NEG,AVERAGE,,,243,0.4903842539317388,0.12007969393408946,2.256335871986524,5.091051567213186,1.447755954180683,0.44895284525616574,7.981034087744321,7.337457980575138,0.17505580276685923
armax_exog_1_4,armax_exog_1_4,ARMAX (Exog. 1&4),STATISTICAL_EXPANDING,16_20,NEG,MARGINAL,,,243,-0.34466677436916104,0.050695884541885006,6.060254964246862,36.72669023167874,3.289696794860441,1.422219470124709,9.511509392998766,10.025695416690022,0.01566518147746341
armax_exog_1_4,armax_exog_1_4,ARMAX (Exog. 1&4),STATISTICAL_EXPANDING,16_20,POS,AVERAGE,,,243,-9.211947216210708,-3.9585757863698774,19.895955919512613,395.8490619511889,9.735941882501226,4.102224220187466,8.164398540126017,25.029777784971195,0.5218764123708647
armax_exog_1_4,armax_exog_1_4,ARMAX (Exog. 1&4),STATISTICAL_EXPANDING,16_20,POS,MARGINAL,,,243,-11.703293670639415,-1.6636940831165248,37.48330465473726,1404.9981278398482,15.016955848441228,4.4715753899671515,9.985280049882551,42.04192471997184,0.5397608473027931
armax_exog_1_4,armax_exog_1_4,ARMAX (Exog. 1&4),STATISTICAL_EXPANDING,20_24,NEG,AVERAGE,,,243,-0.2651924042952185,-0.03877887161138793,0.856700777167108,0.7339362215987268,0.42660846579677214,0.1753268149535625,1.1351525383794874,1.6583954909882475,0.4510890052902459
armax_exog_1_4,armax_exog_1_4,ARMAX (Exog. 1&4),STATISTICAL_EXPANDING,20_24,NEG,MARGINAL,,,243,-0.5568451562637977,-0.037387285826118166,1.8076447200079002,3.2675794337724398,0.8628680713157966,0.3180139404751803,1.6242717401917162,2.883929034999009,0.28385463747633427
armax_exog_1_4,armax_exog_1_4,ARMAX (Exog. 1&4),STATISTICAL_EXPANDING,20_24,POS,AVERAGE,,,243,1.5492666443489445,-0.6659112140104924,15.731735765698057,247.48751020174342,6.7607254383591835,2.6195228545319598,19.40096057293351,9.226842954023205,0.11950875071933069
armax_exog_1_4,armax_exog_1_4,ARMAX (Exog. 1&4),STATISTICAL_EXPANDING,20_24,POS,MARGINAL,,,243,97.54632187619778,3.892227944275948,835.7011461512028,698396.405678434,100.87694992689968,5.701748742321822,837.0521266297549,12.517589622506696,0.021555923621302372
armax_exog_4,armax_exog_4,ARMAX (Exog. 4),STATISTICAL_EXPANDING,00_04,NEG,AVERAGE,,,243,-0.5813153670084936,0.16748220308489747,2.9521725309763545,8.715322652651334,1.7922853645578987,1.0474256419508983,4.273544380119837,6.0107601276809515,0.3448409380720678
armax_exog_4,armax_exog_4,ARMAX (Exog. 4),STATISTICAL_EXPANDING,00_04,NEG,MARGINAL,,,243,-2.012429576954745,0.04598882264915227,6.879410315749497,47.326286292440585,3.2483460646985822,1.0907097378474786,5.937121617021557,10.552818794605756,0.06840968347428981
armax_exog_4,armax_exog_4,ARMAX (Exog. 4),STATISTICAL_EXPANDING,00_04,POS,AVERAGE,,,243,-0.1476719182983221,-0.023922539243980356,1.025641532677516,1.0519405535530841,0.39929118102781613,0.2095872634321565,1.3711377152009014,1.7587846020864546,0.40934419924928245
armax_exog_4,armax_exog_4,ARMAX (Exog. 4),STATISTICAL_EXPANDING,00_04,POS,MARGINAL,,,243,-0.2808231031507509,0.1564460868279478,2.317200631516197,5.369418766699061,0.8144952839188829,0.33531294166876346,1.6284571606034646,2.8277429559291614,0.11957739225028087
armax_exog_4,armax_exog_4,ARMAX (Exog. 4),STATISTICAL_EXPANDING,04_08,NEG,AVERAGE,,,243,-0.6411837419037699,-0.024106473130069084,2.121610588191351,4.501231487925651,1.329733111580556,0.7034329391060452,2.813206955813959,4.010206119444472,0.41593848374135356
armax_exog_4,armax_exog_4,ARMAX (Exog. 4),STATISTICAL_EXPANDING,04_08,NEG,MARGINAL,,,243,-1.4200267292660953,0.149266871632034,5.7589177527934945,33.165133683440075,2.6545792222294886,0.9654854845223113,4.23064615007715,7.5686366231957205,0.014971094372169959
armax_exog_4,armax_exog_4,ARMAX (Exog. 4),STATISTICAL_EXPANDING,04_08,POS,AVERAGE,,,243,1.7955031888227888,1.786263377755871,5.652137036266276,31.946653076732918,3.7578664128082853,2.3544256228927054,4.963818231501137,4.976234471227694,0.2451543453968149
armax_exog_4,armax_exog_4,ARMAX (Exog. 4),STATISTICAL_EXPANDING,04_08,POS,MARGINAL,,,243,-1.1489774551740362,1.087969921895331,20.603514039572392,424.50479077885666,4.910207084043407,1.8308901000174966,6.029909265925338,20.651501248561523,0.02315110354992966
armax_exog_4,armax_exog_4,ARMAX (Exog. 4),STATISTICAL_EXPANDING,08_12,NEG,AVERAGE,,,243,0.31510891023037985,0.4494590892822865,3.956099567621374,15.650723788934023,2.0356476318155887,1.1149433032887481,10.143971699641734,10.560168636909578,0.020190934908165006
armax_exog_4,armax_exog_4,ARMAX (Exog. 4),STATISTICAL_EXPANDING,08_12,NEG,MARGINAL,,,243,-2.3641958337521998,0.03789817745443891,17.743097400745693,314.81750537234853,4.916716062509042,1.1250313563244347,12.826835665183436,21.83595049220211,-0.0569677078839241
armax_exog_4,armax_exog_4,ARMAX (Exog. 4),STATISTICAL_EXPANDING,08_12,POS,AVERAGE,,,243,-1.6240336417569563,0.5071014929211639,9.744228938656619,94.94999760895311,5.487441074599149,2.8027450736092057,7.432780143721138,10.609856851786446,0.34040072830513146
armax_exog_4,armax_exog_4,ARMAX (Exog. 4),STATISTICAL_EXPANDING,08_12,POS,MARGINAL,,,243,13.982461201491189,5.76588006075708,45.068611456028165,2031.1797385744335,25.465123635388885,11.965435432844323,45.116622112175,19.567373889197142,-0.07719451412644053
armax_exog_4,armax_exog_4,ARMAX (Exog. 4),STATISTICAL_EXPANDING,12_16,NEG,AVERAGE,,,243,-1.667252735968236,-0.5732831268509804,7.047391907032101,49.66573269130155,4.264020753224774,1.9240272684616548,21.3518106798917,21.6446792443593,0.2841546588121884
armax_exog_4,armax_exog_4,ARMAX (Exog. 4),STATISTICAL_EXPANDING,12_16,NEG,MARGINAL,,,243,2844598.043112324,40.04211248209474,43634114.07481872,1903935911094293.2,2844605.8895363477,46.10563855663236,43634112.86094742,35.66762142590697,-0.004284913351448109
armax_exog_4,armax_exog_4,ARMAX (Exog. 4),STATISTICAL_EXPANDING,12_16,POS,AVERAGE,,,243,-2.065925068652147,0.9000076968695243,16.090002274971596,258.8881732085911,3.993691928465818,1.2920122108147778,3.6378554207619915,16.623209935007917,0.140287825597525
armax_exog_4,armax_exog_4,ARMAX (Exog. 4),STATISTICAL_EXPANDING,12_16,POS,MARGINAL,,,243,-9.82856565972874,1.6691107910569603,93.18300934551652,8683.07323068662,13.382353691670481,2.330942713948085,5.573234844428197,93.21025224454014,0.01842609634283501
armax_exog_4,armax_exog_4,ARMAX (Exog. 4),STATISTICAL_EXPANDING,16_20,NEG,AVERAGE,,,243,-0.16069230283767522,0.04765188507005291,1.6252047783501646,2.6412905715722075,0.918521069846138,0.28798758733111995,6.8203097215001,7.337457980575138,0.2820856497550418
armax_exog_4,armax_exog_4,ARMAX (Exog. 4),STATISTICAL_EXPANDING,16_20,NEG,MARGINAL,,,243,-0.35510529073806274,0.1373746370684259,4.37971651621131,19.18191676237414,1.6229237010271933,0.6384705290966717,8.477310719991726,10.025695416690022,0.04108476690917132
armax_exog_4,armax_exog_4,ARMAX (Exog. 4),STATISTICAL_EXPANDING,16_20,POS,AVERAGE,,,243,-2.122433382588958,1.6945954885253194,21.612623505034602,467.1054947703742,9.968460083085901,4.016796677943237,10.787391170026122,25.029777784971195,0.4700334792486509
armax_exog_4,armax_exog_4,ARMAX (Exog. 4),STATISTICAL_EXPANDING,16_20,POS,MARGINAL,,,243,-9.17541640221842,0.7095684580125052,36.02192487197798,1297.5790714824257,13.90383518988279,3.566051611755583,11.116364247705569,42.04192471997184,0.49433518764430706
armax_exog_4,armax_exog_4,ARMAX (Exog. 4),STATISTICAL_EXPANDING,20_24,NEG,AVERAGE,,,243,-0.11195363321513536,0.01662845650539868,0.7592503385112993,0.5764610765295226,0.37788236120088864,0.18098851838449126,1.2951857065945778,1.6583954909882475,0.3029174118731566
armax_exog_4,armax_exog_4,ARMAX (Exog. 4),STATISTICAL_EXPANDING,20_24,NEG,MARGINAL,,,243,-0.2897111372438562,0.07928593830221176,1.690878310017122,2.859069459286359,0.8118401009974098,0.37510372200456055,1.98672073048291,2.883929034999009,0.07199745709071774
armax_exog_4,armax_exog_4,ARMAX (Exog. 4),STATISTICAL_EXPANDING,20_24,POS,AVERAGE,,,243,-0.6150228286899457,-0.21755663701899408,3.343529829761741,11.179191722506577,2.1700412011833885,1.2155131634988976,8.625957447591201,9.226842954023205,0.24732322722242714
armax_exog_4,armax_exog_4,ARMAX (Exog. 4),STATISTICAL_EXPANDING,20_24,POS,MARGINAL,,,243,-0.8819230864867575,0.7898072257392563,7.594916375109876,57.682754744912145,3.4969442905063945,2.0012750497030396,9.52522536230377,12.517589622506696,0.22705075646700482
sarma,sarma,SARMA,STATISTICAL_EXPANDING,00_04,NEG,AVERAGE,,,243,-0.2655369654595223,0.30634843385307686,3.8289686688802704,14.661001067266751,1.9879519957173482,0.7313908425351441,5.415223586063189,6.0107601276809515,-0.187459492184542
sarma,sarma,SARMA,STATISTICAL_EXPANDING,00_04,NEG,MARGINAL,,,243,-1.1087054432535492,0.6254916360577063,8.739387833112085,76.37689969754753,4.383328678674181,1.6619798133017492,7.2755577218596565,10.552818794605756,-0.1937167208508248
sarma,sarma,SARMA,STATISTICAL_EXPANDING,00_04,POS,AVERAGE,,,243,-0.0718739922373329,0.0002719505300392555,0.9714895062782035,0.9437918608086677,0.3061336007743194,0.15398055513700193,1.6082231642077194,1.7587846020864546,-0.11087491745730868
sarma,sarma,SARMA,STATISTICAL_EXPANDING,00_04,POS,MARGINAL,,,243,-0.19489701254113667,0.1430558233991981,2.3054355422817556,5.315033039615973,0.8615574271884218,0.3738161913866547,1.8655171735525984,2.8277429559291614,-0.03558288057118917
sarma,sarma,SARMA,STATISTICAL_EXPANDING,04_08,NEG,AVERAGE,,,243,-0.17518457253870195,0.256559126818916,2.408819774100367,5.802412704096944,1.282788251260031,0.5035172557833691,3.5743612333205563,4.010206119444472,-0.09975322967967047
sarma,sarma,SARMA,STATISTICAL_EXPANDING,04_08,NEG,MARGINAL,,,243,-0.8433456458585483,0.6369838585837195,6.463635720761401,41.778586730702756,3.2056679819184977,1.4151253999353104,4.899404748302416,7.5686366231957205,-0.13763621723430508
sarma,sarma,SARMA,STATISTICAL_EXPANDING,04_08,POS,AVERAGE,,,243,-0.39218331480403573,0.03138889625663488,3.9436560665321854,15.552423171096109,1.5887550587774824,0.6015063614803982,3.822025933964851,4.976234471227694,0.08192556815877282
sarma,sarma,SARMA,STATISTICAL_EXPANDING,04_08,POS,MARGINAL,,,243,-2.186626725499256,0.3287455409747668,20.58746332956894,423.8436463463459,4.349802824007079,1.1270152786760228,4.81243595822878,20.651501248561523,0.03958509050767815
sarma,sarma,SARMA,STATISTICAL_EXPANDING,08_12,NEG,AVERAGE,,,243,-0.32509818986588274,0.26712099988580107,4.013061044005021,16.10465894291067,1.8077436276499534,0.7953292741655527,9.64795713150132,10.560168636909578,0.1341349090994416
sarma,sarma,SARMA,STATISTICAL_EXPANDING,08_12,NEG,MARGINAL,,,243,-1.8582547046400417,0.6652405075763319,17.88418757625462,319.84416526266017,5.1730592160715245,1.686795372952421,12.289381604664444,21.83595049220211,-0.002695958815273582
sarma,sarma,SARMA,STATISTICAL_EXPANDING,08_12,POS,AVERAGE,,,243,-0.7495223128840557,0.22954436216493335,8.072089505243264,65.15862898065845,3.984371180924938,1.3131211526570183,8.500323704343222,10.609856851786446,0.023396497092366554
sarma,sarma,SARMA,STATISTICAL_EXPANDING,08_12,POS,MARGINAL,,,243,-2.6413641053960935,0.6339693058141851,17.496305457487946,306.1207046617224,8.158757351339041,2.6343344913423117,10.998849745871858,19.567373889197142,-0.01831689513794485
sarma,sarma,SARMA,STATISTICAL_EXPANDING,12_16,NEG,AVERAGE,,,243,-0.5963448044149439,0.43464059269996236,6.561762520268242,43.05672737239703,3.891499003153668,1.5765568383455015,20.984432805474675,21.6446792443593,0.04347862412923223
sarma,sarma,SARMA,STATISTICAL_EXPANDING,12_16,NEG,MARGINAL,,,243,-2.949068822263779,0.5897679585037352,27.286171307773884,744.5351446371828,8.296394326318428,3.209354148323669,24.902038728551478,35.66762142590697,-0.031020423827201736
sarma,sarma,SARMA,STATISTICAL_EXPANDING,12_16,POS,AVERAGE,,,243,-1.57504718668192,0.1347690690868868,16.10645787544691,259.41798529354577,3.7494327611894454,0.744994685438793,7.184572901049197,16.623209935007917,-0.05380284863758196
sarma,sarma,SARMA,STATISTICAL_EXPANDING,12_16,POS,MARGINAL,,,243,-10.028111840347483,0.6314363441373798,93.13695346721174,8674.492101153566,13.061567724408315,1.527138594992449,7.460041741473016,93.21025224454014,0.009709358172657783
sarma,sarma,SARMA,STATISTICAL_EXPANDING,16_20,NEG,AVERAGE,,,243,-0.12494740599390745,0.1390700647235215,2.2428996103355905,5.030598662043544,1.061825444827493,0.33252310106158744,7.1282599808172025,7.337457980575138,-0.060882314534202106
sarma,sarma,SARMA,STATISTICAL_EXPANDING,16_20,NEG,MARGINAL,,,243,-0.4139177899306035,0.2798890768572757,5.640000646050293,31.809607287447722,2.1860466343893457,0.6987490300894743,8.650654297556367,10.025695416690022,-0.07767410726430897
sarma,sarma,SARMA,STATISTICAL_EXPANDING,16_20,POS,AVERAGE,,,243,-4.5989012129079025,0.22575049527674018,21.223876104398375,450.45291689485236,8.341758807096227,2.4930598281546494,9.588172619750313,25.029777784971195,0.43639241714273364
sarma,sarma,SARMA,STATISTICAL_EXPANDING,16_20,POS,MARGINAL,,,243,-9.21729950364904,0.8265071021925401,37.5685871802618,1411.3987427209313,15.019428611640004,4.179138822650309,11.370259814977913,42.04192471997184,0.4426345207631939
sarma,sarma,SARMA,STATISTICAL_EXPANDING,20_24,NEG,AVERAGE,,,243,-0.049877185974301325,0.060881595480496875,0.9036135401869881,0.8165174300092617,0.45384950806333496,0.17685580979884608,1.5333475259363945,1.6583954909882475,-0.09546503191765077
sarma,sarma,SARMA,STATISTICAL_EXPANDING,20_24,NEG,MARGINAL,,,243,-0.24029656136681582,0.20348962277496474,2.17910526795372,4.748499768823654,1.101456720485929,0.44007886236735727,2.1230716695328646,2.883929034999009,-0.11121976205714972
sarma,sarma,SARMA,STATISTICAL_EXPANDING,20_24,POS,AVERAGE,,,243,-0.38705200196097583,0.09300004806585438,3.100585365933287,9.613629611439656,1.7981356008046454,0.9932164076263277,8.334375664768336,9.226842954023205,0.1720287179877584
sarma,sarma,SARMA,STATISTICAL_EXPANDING,20_24,POS,MARGINAL,,,243,-1.020022124273284,0.625761763560126,8.11995388485816,65.93365109222313,3.9260199549020793,2.1480814946253375,9.56389618029289,12.517589622506696,0.18657669581880768
sarmax_exog_1,sarmax_exog_1,SARMAX (Exog. 1),STATISTICAL_EXPANDING,00_04,NEG,AVERAGE,,,243,-0.20321396868805258,0.23046761189681808,3.850587234088375,14.82702204732436,2.0025645372788046,0.6888511380753344,5.636455859617823,6.0107601276809515,-0.1962437583813202
sarmax_exog_1,sarmax_exog_1,SARMAX (Exog. 1),STATISTICAL_EXPANDING,00_04,NEG,MARGINAL,,,243,-1.0655525471169114,0.5446694723207246,8.755513517471492,76.65901695462601,4.389132509597072,1.5279510129642038,7.4428488831490105,10.552818794605756,-0.17624356073018999
sarmax_exog_1,sarmax_exog_1,SARMAX (Exog. 1),STATISTICAL_EXPANDING,00_04,POS,AVERAGE,,,243,-0.07084683546626536,-0.0004621141403449158,0.9804487979765367,0.9612798454536357,0.3130903342006902,0.15920683852563933,1.612833140446484,1.7587846020864546,-0.11750507388604257
sarmax_exog_1,sarmax_exog_1,SARMAX (Exog. 1),STATISTICAL_EXPANDING,00_04,POS,MARGINAL,,,243,-0.24333681991595868,0.11947307259863216,2.3204305396545375,5.384397889361448,0.8617230690873633,0.34532781871976326,1.8858759562940524,2.8277429559291614,-0.05528086455656446
sarmax_exog_1,sarmax_exog_1,SARMAX (Exog. 1),STATISTICAL_EXPANDING,04_08,NEG,AVERAGE,,,243,-0.22485669714506168,0.18535445350051294,2.3716822247100633,5.624876575005675,1.250032618912092,0.4715261311419199,3.677247913805388,4.010206119444472,-0.04641235299881848
sarmax_exog_1,sarmax_exog_1,SARMAX (Exog. 1),STATISTICAL_EXPANDING,04_08,NEG,MARGINAL,,,243,-0.8398590694856288,0.56142809789102,6.468836306035231,41.845843154279535,3.175719591850609,1.3076811498827956,5.130985524490063,7.5686366231957205,-0.12107546415083408
sarmax_exog_1,sarmax_exog_1,SARMAX (Exog. 1),STATISTICAL_EXPANDING,04_08,POS,AVERAGE,,,243,-0.3993356486183118,0.022532155742947424,3.9469263861602695,15.578227897768166,1.5859559425845065,0.5909076154615169,3.838616813723046,4.976234471227694,0.07584974836374316
sarmax_exog_1,sarmax_exog_1,SARMAX (Exog. 1),STATISTICAL_EXPANDING,04_08,POS,MARGINAL,,,243,-2.2418222386583326,0.2438127338741598,20.58498688568019,423.74168508362544,4.333548835922427,1.036200419860144,4.841446290515529,20.651501248561523,0.039061225599327225
sarmax_exog_1,sarmax_exog_1,SARMAX (Exog. 1),STATISTICAL_EXPANDING,08_12,NEG,AVERAGE,,,243,-0.5905765073377349,0.03950410450348474,3.795794607484593,14.408056702209116,1.7498920855453728,0.7693897528770606,9.501358294813599,10.560168636909578,0.0472635613493179
sarmax_exog_1,sarmax_exog_1,SARMAX (Exog. 1),STATISTICAL_EXPANDING,08_12,NEG,MARGINAL,,,243,-2.092395062458974,0.42489112713684696,17.290185060708733,298.9504994335555,4.999653739996311,1.412123038270252,12.347242712328503,21.83595049220211,-0.04388068167879123
sarmax_exog_1,sarmax_exog_1,SARMAX (Exog. 1),STATISTICAL_EXPANDING,08_12,POS,AVERAGE,,,243,-0.7492564817827572,0.2555020124829639,8.078660032342619,65.26474791817004,3.992736487584388,1.3057303493777042,8.51798843429181,10.609856851786446,0.025774711806483108
sarmax_exog_1,sarmax_exog_1,SARMAX (Exog. 1),STATISTICAL_EXPANDING,08_12,POS,MARGINAL,,,243,-2.671767354470478,0.3982825875632159,17.565916590248793,308.5614256555778,8.167313351959349,2.147375855548253,11.354760812569165,19.567373889197142,-0.017071956903788675
sarmax_exog_1,sarmax_exog_1,SARMAX (Exog. 1),STATISTICAL_EXPANDING,12_16,NEG,AVERAGE,,,243,-0.7460011025792855,0.14688817988606262,5.834536364000486,34.04181458284401,3.4372835009725153,1.5102534055034482,20.81339506315659,21.6446792443593,-0.1758582909108135
sarmax_exog_1,sarmax_exog_1,SARMAX (Exog. 1),STATISTICAL_EXPANDING,12_16,NEG,MARGINAL,,,243,-2.2980740137862683,0.650870087882609,27.065446875345252,732.538414562136,7.9314989438425245,2.8069104278896897,26.10266710057927,35.66762142590697,-0.05438486853166846
sarmax_exog_1,sarmax_exog_1,SARMAX (Exog. 1),STATISTICAL_EXPANDING,12_16,POS,AVERAGE,,,243,-1.6441694980074955,0.01597161560096083,16.157509089723895,261.06509998451025,3.830724588088759,0.8152322457123109,7.253679196542458,16.623209935007917,-0.05425315448027054
sarmax_exog_1,sarmax_exog_1,SARMAX (Exog. 1),STATISTICAL_EXPANDING,12_16,POS,MARGINAL,,,243,-10.002429782209735,0.224638881921166,93.2364923028611,8693.043496941476,13.140204318660727,1.4222168005079112,8.42652740913481,93.21025224454014,0.0011768735757295248
sarmax_exog_1,sarmax_exog_1,SARMAX (Exog. 1),STATISTICAL_EXPANDING,16_20,NEG,AVERAGE,,,243,-0.12594808754288084,0.11940530988425857,2.121955169331738,4.502693740653685,1.0370105330926258,0.3475974946890841,7.106631242085931,7.337457980575138,-0.06731578166965876
sarmax_exog_1,sarmax_exog_1,SARMAX (Exog. 1),STATISTICAL_EXPANDING,16_20,NEG,MARGINAL,,,243,-0.40408654197738914,0.292427204435582,5.513122433795162,30.39451897001549,2.1493946272339497,0.7248326399917886,8.681331442788121,10.025695416690022,-0.07839947375947857
sarmax_exog_1,sarmax_exog_1,SARMAX (Exog. 1),STATISTICAL_EXPANDING,16_20,POS,AVERAGE,,,243,-4.483994719977177,0.15414423393283094,21.404670085069277,458.15990145065956,8.552640374015793,2.6887374073483272,9.819267610054,25.029777784971195,0.4318790846756799
sarmax_exog_1,sarmax_exog_1,SARMAX (Exog. 1),STATISTICAL_EXPANDING,16_20,POS,MARGINAL,,,243,-8.869695354069842,0.6004501455427551,37.565912153573414,1411.1977559299946,15.305634977135437,4.578502268470018,12.436331027458271,42.04192471997184,0.42562495246275656
sarmax_exog_1,sarmax_exog_1,SARMAX (Exog. 1),STATISTICAL_EXPANDING,20_24,NEG,AVERAGE,,,243,-0.07552342151676633,0.056350448651988794,0.9241536003279729,0.8540598769991546,0.449859131728884,0.15746757917902654,1.530678523298432,1.6583954909882475,-0.11496012091057604
sarmax_exog_1,sarmax_exog_1,SARMAX (Exog. 1),STATISTICAL_EXPANDING,20_24,NEG,MARGINAL,,,243,-0.2719986577169926,0.18036725571734613,2.1920976314667793,4.805292025882264,1.095137806063044,0.4023648383864922,2.161804278723449,2.883929034999009,-0.09137346918378145
sarmax_exog_1,sarmax_exog_1,SARMAX (Exog. 1),STATISTICAL_EXPANDING,20_24,POS,AVERAGE,,,243,-0.33066945390754476,0.12196274196768275,3.068410652923667,9.415143934975447,1.7754837498958294,0.8742981034413617,8.548371170097994,9.226842954023205,0.14583428514638402
sarmax_exog_1,sarmax_exog_1,SARMAX (Exog. 1),STATISTICAL_EXPANDING,20_24,POS,MARGINAL,,,243,-1.0125525642244952,0.6143017622657059,8.14293410038343,66.30737576318731,3.9543488847512216,2.1737081894839676,9.573739060907336,12.517589622506696,0.18565830759699936
sarmax_exog_1_3,sarmax_exog_1_3,SARMAX (Exog. 1&3),STATISTICAL_EXPANDING,00_04,NEG,AVERAGE,,,243,-0.350225676030081,0.12150705822671704,2.7656101374517372,7.648599432375818,1.4859475373385183,0.6601372900226261,5.123741768799091,6.0107601276809515,-0.03870540784041808
sarmax_exog_1_3,sarmax_exog_1_3,SARMAX (Exog. 1&3),STATISTICAL_EXPANDING,00_04,NEG,MARGINAL,,,243,-1.0130943501510596,0.2702396740004054,6.425275620886001,41.28416680435199,3.1102528799934768,1.113188198772077,7.446430312602891,10.552818794605756,-0.12862275818718252
sarmax_exog_1_3,sarmax_exog_1_3,SARMAX (Exog. 1&3),STATISTICAL_EXPANDING,00_04,POS,AVERAGE,,,243,-0.09434670377392278,-0.019238525713587418,0.9549217744770846,0.9118755953704639,0.3052089769609493,0.16179051621570828,1.5562910445826597,1.7587846020864546,0.029192805048028937
sarmax_exog_1_3,sarmax_exog_1_3,SARMAX (Exog. 1&3),STATISTICAL_EXPANDING,00_04,POS,MARGINAL,,,243,-0.25353440273762456,0.07329254283675679,2.3766693143550754,5.648557029797024,0.8923823952439375,0.3161309869375817,2.0526431062705988,2.8277429559291614,-0.13920431597847918
sarmax_exog_1_3,sarmax_exog_1_3,SARMAX (Exog. 1&3),STATISTICAL_EXPANDING,04_08,NEG,AVERAGE,,,243,-0.22757656050120395,0.07043636517336616,1.7895971739739447,3.202658045095529,1.0439287469241372,0.5593476890836677,3.5129162340796483,4.010206119444472,0.06011443961190064
sarmax_exog_1_3,sarmax_exog_1_3,SARMAX (Exog. 1&3),STATISTICAL_EXPANDING,04_08,NEG,MARGINAL,,,243,-0.7799050615587705,0.24167149958466982,5.406063238516416,29.2255197388386,2.513918066334035,1.152749330997521,5.346760054643513,7.5686366231957205,-0.09135602456444476
sarmax_exog_1_3,sarmax_exog_1_3,SARMAX (Exog. 1&3),STATISTICAL_EXPANDING,04_08,POS,AVERAGE,,,243,-0.41819059334978964,0.05476414069724811,3.8593808135105325,14.894820263693221,1.5520124156639068,0.5933663219096292,3.738451473556997,4.976234471227694,0.12657182291441677
sarmax_exog_1_3,sarmax_exog_1_3,SARMAX (Exog. 1&3),STATISTICAL_EXPANDING,04_08,POS,MARGINAL,,,243,-2.134882952722508,0.30413106949406377,20.47492444048399,419.2225308435286,4.193983525456675,0.9482378026818079,5.25457961037277,20.651501248561523,0.02894761458002635
sarmax_exog_1_3,sarmax_exog_1_3,SARMAX (Exog. 1&3),STATISTICAL_EXPANDING,08_12,NEG,AVERAGE,,,243,-0.3141595195993213,-0.06653533700033765,4.1696292151174115,17.385807791560644,1.997438956996985,0.8835400841403835,10.462591239165405,10.560168636909578,-0.29662852941535583
sarmax_exog_1_3,sarmax_exog_1_3,SARMAX (Exog. 1&3),STATISTICAL_EXPANDING,08_12,NEG,MARGINAL,,,243,-1.4575479685036887,0.059118502076166646,17.806872445455774,317.08470628873204,5.398330219123723,1.1936112967750563,15.187830003286708,21.83595049220211,-0.19385075572400265
sarmax_exog_1_3,sarmax_exog_1_3,SARMAX (Exog. 1&3),STATISTICAL_EXPANDING,08_12,POS,AVERAGE,,,243,-0.8778093972369101,0.3551688447680661,7.8299950205706885,61.30882202216178,3.821547717388878,1.3288547749374189,8.364465458960693,10.609856851786446,0.010432077205272117
sarmax_exog_1_3,sarmax_exog_1_3,SARMAX (Exog. 1&3),STATISTICAL_EXPANDING,08_12,POS,MARGINAL,,,243,-3.0220650938233877,0.9165946104525133,17.229191746182615,296.8450482267271,8.098378845765694,2.8223897693056124,9.521499582581118,19.567373889197142,0.048212422803507037
sarmax_exog_1_3,sarmax_exog_1_3,SARMAX (Exog. 1&3),STATISTICAL_EXPANDING,12_16,NEG,AVERAGE,,,243,-0.15543534586810417,0.005987647581270128,6.592073585548214,43.4554341572825,3.793952196836181,1.8086078906943968,22.534488893237125,21.6446792443593,-0.09401547937341254
sarmax_exog_1_3,sarmax_exog_1_3,SARMAX (Exog. 1&3),STATISTICAL_EXPANDING,12_16,NEG,MARGINAL,,,243,-1.326572237196925,0.1455973724929951,27.549321335917842,758.965106069658,8.07159476816069,2.485616811905766,30.14436718255251,35.66762142590697,-0.044055719692556006
sarmax_exog_1_3,sarmax_exog_1_3,SARMAX (Exog. 1&3),STATISTICAL_EXPANDING,12_16,POS,AVERAGE,,,243,-1.6974521943000942,0.009323304530874488,16.127240546896584,260.0878876574653,3.709037611350566,0.7521911921290911,6.8405014301149665,16.623209935007917,-0.027690975405613518
sarmax_exog_1_3,sarmax_exog_1_3,SARMAX (Exog. 1&3),STATISTICAL_EXPANDING,12_16,POS,MARGINAL,,,243,-10.15493340490635,0.5191879963211115,93.28183884346568,8701.501458018301,13.161158707117595,1.5132441463581472,7.069940191388404,93.21025224454014,0.014652830275209739
sarmax_exog_1_3,sarmax_exog_1_3,SARMAX (Exog. 1&3),STATISTICAL_EXPANDING,16_20,NEG,AVERAGE,,,243,-0.1550294784702575,0.0594813343614069,1.5194335788690005,2.3086784005946592,0.84202955200752,0.30115176741877114,6.973609705210539,7.337457980575138,0.08883667881265536
sarmax_exog_1_3,sarmax_exog_1_3,SARMAX (Exog. 1&3),STATISTICAL_EXPANDING,16_20,NEG,MARGINAL,,,243,-0.42757277036973684,0.09404252148081726,4.502154749993425,20.269397392888358,1.6614286377495893,0.49254817574438037,8.607195375027091,10.025695416690022,-0.024867841188368198
sarmax_exog_1_3,sarmax_exog_1_3,SARMAX (Exog. 1&3),STATISTICAL_EXPANDING,16_20,POS,AVERAGE,,,243,-4.605271646402553,-0.034067488701509774,20.594811376422896,424.1462556304379,7.966351764653051,2.142871260237193,9.716934424864636,25.029777784971195,0.46665384845193225
sarmax_exog_1_3,sarmax_exog_1_3,SARMAX (Exog. 1&3),STATISTICAL_EXPANDING,16_20,POS,MARGINAL,,,243,-8.553432122052218,0.6420913020632923,36.4824867426551,1330.971838928005,14.81719114904176,4.471972183444137,12.619062592424909,42.04192471997184,0.42505036067772595
sarmax_exog_1_3,sarmax_exog_1_3,SARMAX (Exog. 1&3),STATISTICAL_EXPANDING,20_24,NEG,AVERAGE,,,243,-0.08644669190397936,0.017140832842461373,0.6975298543390517,0.4865478976942586,0.3632609412067747,0.1749345762174861,1.4366194105658945,1.6583954909882475,0.058453451957243316
sarmax_exog_1_3,sarmax_exog_1_3,SARMAX (Exog. 1&3),STATISTICAL_EXPANDING,20_24,NEG,MARGINAL,,,243,-0.238904814392192,0.06273957117525764,1.565633659307931,2.4512087551579427,0.7859130673835912,0.337215834797127,2.172984277191017,2.883929034999009,0.004200316140653903
sarmax_exog_1_3,sarmax_exog_1_3,SARMAX (Exog. 1&3),STATISTICAL_EXPANDING,20_24,POS,AVERAGE,,,243,-0.3987797743540248,0.04724580185640903,2.8562408730827085,8.158111925068273,1.6574565208242587,0.9332191902582512,8.51166206758018,9.226842954023205,0.20694047928613526
sarmax_exog_1_3,sarmax_exog_1_3,SARMAX (Exog. 1&3),STATISTICAL_EXPANDING,20_24,POS,MARGINAL,,,243,-0.992881082840809,0.507733083232111,7.773599357682204,60.428846973757175,3.5726639105432993,1.8458231614511824,9.618768977079101,12.517589622506696,0.16967066904907113
sarmax_exog_4,sarmax_exog_4,SARMAX (Exog. 4),STATISTICAL_EXPANDING,00_04,NEG,AVERAGE,,,243,-1.0881846010988518,-0.14594594204232614,3.1664172422241594,10.026198151854452,1.8711446353984373,0.8462991073911654,4.1223168514395905,6.0107601276809515,0.42477831332789795
sarmax_exog_4,sarmax_exog_4,SARMAX (Exog. 4),STATISTICAL_EXPANDING,00_04,NEG,MARGINAL,,,243,-1.1206790837569711,0.3752523986853866,6.727774335827775,45.26294751382286,3.190221096359079,1.3404801560410364,6.606195150342941,10.552818794605756,0.002783676140141486
sarmax_exog_4,sarmax_exog_4,SARMAX (Exog. 4),STATISTICAL_EXPANDING,00_04,POS,AVERAGE,,,243,-0.04712959383780361,-0.00883380440849546,1.0494180159505997,1.1012781722016933,0.41070530793729415,0.22206900596339652,1.5709029073031993,1.7587846020864546,0.32154205633211347
sarmax_exog_4,sarmax_exog_4,SARMAX (Exog. 4),STATISTICAL_EXPANDING,00_04,POS,MARGINAL,,,243,-0.17216881773680537,0.09351630086071028,2.3422604768873905,5.486184141588745,0.9222948737568017,0.3675083273017945,2.0032114434102923,2.8277429559291614,0.03429601567454093
sarmax_exog_4,sarmax_exog_4,SARMAX (Exog. 4),STATISTICAL_EXPANDING,04_08,NEG,AVERAGE,,,243,-0.22406286637633402,0.13609768589206084,2.024214830639857,4.097445680582345,1.2679640630544144,0.6518742999064551,3.41272434511064,4.010206119444472,0.36887279769447784
sarmax_exog_4,sarmax_exog_4,SARMAX (Exog. 4),STATISTICAL_EXPANDING,04_08,NEG,MARGINAL,,,243,-0.6766559013138042,0.12663804902173315,5.495426202649574,30.19970914876751,2.5713566817779805,1.22544950536171,5.2950981694019665,7.5686366231957205,-0.046417816516145516
sarmax_exog_4,sarmax_exog_4,SARMAX (Exog. 4),STATISTICAL_EXPANDING,04_08,POS,AVERAGE,,,243,-0.25113751088765957,0.16492183099822633,4.142186396641263,17.157708144519926,1.9023635097822178,0.9202288910124725,3.9547704638681043,4.976234471227694,0.1968659286984259
sarmax_exog_4,sarmax_exog_4,SARMAX (Exog. 4),STATISTICAL_EXPANDING,04_08,POS,MARGINAL,,,243,-1.757972009364424,0.29045635926764213,20.63101002149674,425.6385745070989,4.707151597008943,1.448996541087464,5.708409663682029,20.651501248561523,0.04155000251425214
sarmax_exog_4,sarmax_exog_4,SARMAX (Exog. 4),STATISTICAL_EXPANDING,08_12,NEG,AVERAGE,,,243,-0.09637088827751336,0.01330560808424952,3.9612246382130047,15.691300634385751,1.8756798979964544,0.8670811271645469,10.287056559915252,10.560168636909578,0.08109559662072616
sarmax_exog_4,sarmax_exog_4,SARMAX (Exog. 4),STATISTICAL_EXPANDING,08_12,NEG,MARGINAL,,,243,-1.2477550208249717,0.10191597945057262,17.2626457720086,297.99893904984634,5.261322026906976,1.5762285139846846,14.37577378566081,21.83595049220211,-0.10998122314942127
sarmax_exog_4,sarmax_exog_4,SARMAX (Exog. 4),STATISTICAL_EXPANDING,08_12,POS,AVERAGE,,,243,-0.8878907008087078,0.23465626881604962,7.862994012201793,61.826674835921246,4.117604134738883,1.8146258487877382,8.542997002413477,10.609856851786446,0.04691525447590155
sarmax_exog_4,sarmax_exog_4,SARMAX (Exog. 4),STATISTICAL_EXPANDING,08_12,POS,MARGINAL,,,243,-2.1388428325695963,0.4382235290687646,17.52287365387073,307.05110108951686,8.616433990922646,3.313899621261223,11.679466605672676,19.567373889197142,0.016158502927644036
sarmax_exog_4,sarmax_exog_4,SARMAX (Exog. 4),STATISTICAL_EXPANDING,12_16,NEG,AVERAGE,,,243,-0.8439412760132982,-0.04989280105177496,4.750551284095522,22.567737502821615,3.0069062043447485,1.611313082529648,20.87319512414186,21.6446792443593,0.14450922972901525
sarmax_exog_4,sarmax_exog_4,SARMAX (Exog. 4),STATISTICAL_EXPANDING,12_16,NEG,MARGINAL,,,243,-2.7571650033820245,-0.04224979308320709,26.147720617546412,683.7032934932616,6.588582532653751,2.274563935099716,26.07468935436801,35.66762142590697,-0.0841845470479974
sarmax_exog_4,sarmax_exog_4,SARMAX (Exog. 4),STATISTICAL_EXPANDING,12_16,POS,AVERAGE,,,243,-2.310033466865105,-0.32675759926143755,16.12975303038205,260.168932821119,3.9882725042641605,1.027823857276541,5.134240798189603,16.623209935007917,0.08152099756686285
sarmax_exog_4,sarmax_exog_4,SARMAX (Exog. 4),STATISTICAL_EXPANDING,12_16,POS,MARGINAL,,,243,-10.053126405457423,-0.026652367318032333,93.32775121147749,8710.06914619144,13.515341455967343,1.6471693636921145,7.582271283978893,93.21025224454014,0.011783145398384135
sarmax_exog_4,sarmax_exog_4,SARMAX (Exog. 4),STATISTICAL_EXPANDING,16_20,NEG,AVERAGE,,,243,-0.03666164398425511,0.05318445829419205,1.8179645701745406,3.3049951784099023,0.9911749640471218,0.33127470473672993,7.187240582071526,7.337457980575138,0.24989243755341106
sarmax_exog_4,sarmax_exog_4,SARMAX (Exog. 4),STATISTICAL_EXPANDING,16_20,NEG,MARGINAL,,,243,-0.20551354766816843,0.054861898309015,4.7896683824148365,22.94092321350436,1.8418835999323346,0.5600875965479055,8.94246551663073,10.025695416690022,-0.006668867589197117
sarmax_exog_4,sarmax_exog_4,SARMAX (Exog. 4),STATISTICAL_EXPANDING,16_20,POS,AVERAGE,,,243,-3.974717755569877,0.06266038680332997,20.442725190646268,417.9050132202834,8.29473836529504,2.6538497608421103,10.64468078808286,25.029777784971195,0.4738789928124724
sarmax_exog_4,sarmax_exog_4,SARMAX (Exog. 4),STATISTICAL_EXPANDING,16_20,POS,MARGINAL,,,243,-8.037820134877364,0.6396827769067635,35.6512989759078,1271.0151186695643,14.198533059307804,4.026021839760098,13.257003841381227,42.04192471997184,0.4633503838253018
sarmax_exog_4,sarmax_exog_4,SARMAX (Exog. 4),STATISTICAL_EXPANDING,20_24,NEG,AVERAGE,,,243,-0.040131563402986056,0.03197537620864077,0.858781756796819,0.7375061058070308,0.4568393989887819,0.220780755710964,1.5240566274209526,1.6583954909882475,0.3016152109175478
sarmax_exog_4,sarmax_exog_4,SARMAX (Exog. 4),STATISTICAL_EXPANDING,20_24,NEG,MARGINAL,,,243,-0.1624166455770352,0.10514559133991686,1.7779797726927091,3.161212072104418,0.9235150794049298,0.3726465941373531,2.2743070572540813,2.883929034999009,0.036892871821984086
sarmax_exog_4,sarmax_exog_4,SARMAX (Exog. 4),STATISTICAL_EXPANDING,20_24,POS,AVERAGE,,,243,-0.10613467561736906,0.13115451942080014,3.269982066445628,10.692782714876019,2.1404452449654605,1.4324907703476502,8.926297677662596,9.226842954023205,0.12298157131991681
sarmax_exog_4,sarmax_exog_4,SARMAX (Exog. 4),STATISTICAL_EXPANDING,20_24,POS,MARGINAL,,,243,-0.5418835407025218,0.2932426774400838,8.141164228574194,66.27855499661605,4.188313710619952,2.324674581362526,10.263207358369213,12.517589622506696,0.21665194277989117
rw_arma_12m,rw_arma_12m,RW-ARMA (12 Months),STATISTICAL_ROLLING,00_04,NEG,AVERAGE,,,243,-0.42620775995518706,0.23823844097473712,3.8527665271040314,14.843809912373258,2.0444390463172786,0.7254185347580968,5.056199456561126,6.0107601276809515,-0.059899316428112005
rw_arma_12m,rw_arma_12m,RW-ARMA (12 Months),STATISTICAL_ROLLING,00_04,NEG,MARGINAL,,,243,-1.5080253340667336,0.5248263533067359,8.624234272032801,74.37741677890514,4.298042945908978,1.6178805881557992,6.400815197159542,10.552818794605756,-0.0630101463176749
rw_arma_12m,rw_arma_12m,RW-ARMA (12 Months),STATISTICAL_ROLLING,00_04,POS,AVERAGE,,,243,-0.045404303271838996,0.08345100822044405,0.9658867123100404,0.9329371410170987,0.3008093791128152,0.15090211064114722,1.432737340369339,1.7587846020864546,0.2984155726343221
rw_arma_12m,rw_arma_12m,RW-ARMA (12 Months),STATISTICAL_ROLLING,00_04,POS,MARGINAL,,,243,-0.17339072983991755,0.2982655136110708,2.3484361749551135,5.515152467837804,0.8806255408767075,0.4258897841500042,1.6393261105370853,2.8277429559291614,0.14370141066416336
rw_arma_12m,rw_arma_12m,RW-ARMA (12 Months),STATISTICAL_ROLLING,04_08,NEG,AVERAGE,,,243,-0.29496683685318936,0.2900137801426501,2.3665194855252842,5.600414475370856,1.2577074327868536,0.5802330654245993,3.3793648709925526,4.010206119444472,-0.052549310652013
rw_arma_12m,rw_arma_12m,RW-ARMA (12 Months),STATISTICAL_ROLLING,04_08,NEG,MARGINAL,,,243,-1.0023771280336597,0.7489014582678912,6.4569108208978285,41.69169734902747,3.245570819582677,1.424991782537409,4.476572119064004,7.5686366231957205,-0.05093140977191438
rw_arma_12m,rw_arma_12m,RW-ARMA (12 Months),STATISTICAL_ROLLING,04_08,POS,AVERAGE,,,243,-0.42623537902134734,0.4057676287473271,4.134746395229899,17.096127752866646,1.8600395723529077,0.9156781916537948,3.571304970339715,4.976234471227694,0.13545611444341285
rw_arma_12m,rw_arma_12m,RW-ARMA (12 Months),STATISTICAL_ROLLING,04_08,POS,MARGINAL,,,243,-2.1287532379507836,0.726811798493455,20.72284830674303,429.43644194428236,4.811925711696947,1.6225055941312352,4.862654476101132,20.651501248561523,0.04886569814514657
rw_arma_12m,rw_arma_12m,RW-ARMA (12 Months),STATISTICAL_ROLLING,08_12,NEG,AVERAGE,,,243,-0.20213941261424878,0.18867277710790464,4.609415947365662,21.246715375828884,2.436201980090324,1.2569071428808805,9.662125769506677,10.560168636909578,-0.08052917652562935
rw_arma_12m,rw_arma_12m,RW-ARMA (12 Months),STATISTICAL_ROLLING,08_12,NEG,MARGINAL,,,243,-1.6402830140816589,0.6705610883109072,18.093134605091105,327.36151983794525,6.048793952594935,2.0309181713137985,12.259363859133042,21.83595049220211,-0.05496131938205885
rw_arma_12m,rw_arma_12m,RW-ARMA (12 Months),STATISTICAL_ROLLING,08_12,POS,AVERAGE,,,243,-0.7110647048150307,0.9425179752631081,8.770246519007602,76.91722400416496,4.436547320065061,2.0341553581484995,9.01206833892877,10.609856851786446,0.0007169766477685906
rw_arma_12m,rw_arma_12m,RW-ARMA (12 Months),STATISTICAL_ROLLING,08_12,POS,MARGINAL,,,243,-3.0501851595442893,2.4664955398116497,18.01460888974779,324.5261334505801,8.686119103147686,3.5222539831679516,9.387793704678833,19.567373889197142,0.03417844372709038
rw_arma_12m,rw_arma_12m,RW-ARMA (12 Months),STATISTICAL_ROLLING,12_16,NEG,AVERAGE,,,243,-0.19192152131787238,0.3837736270554193,7.9203786386453885,62.73239777951017,5.033259987118922,2.494178357220095,20.815489339374807,21.6446792443593,-0.19714520196547344
rw_arma_12m,rw_arma_12m,RW-ARMA (12 Months),STATISTICAL_ROLLING,12_16,NEG,MARGINAL,,,243,-2.260255550093728,0.9000124623264956,27.732648755206828,769.0998069796748,9.50995205780014,3.2861715068181105,24.68981302570507,35.66762142590697,-0.04772424813899312
rw_arma_12m,rw_arma_12m,RW-ARMA (12 Months),STATISTICAL_ROLLING,12_16,POS,AVERAGE,,,243,-2.3097644288584847,0.5284320580224193,16.120201717196036,259.86090340309005,3.780795616910025,0.8836753309781464,4.327336128427123,16.623209935007917,0.13856195630547102
rw_arma_12m,rw_arma_12m,RW-ARMA (12 Months),STATISTICAL_ROLLING,12_16,POS,MARGINAL,,,243,-10.628660612788835,1.014989821463768,93.22986947835707,8691.808562951497,13.421020209063336,1.9009478721595983,5.256771417342213,93.21025224454014,0.028185969878533956
rw_arma_12m,rw_arma_12m,RW-ARMA (12 Months),STATISTICAL_ROLLING,16_20,NEG,AVERAGE,,,243,-0.03761055650580504,0.09564886771767078,2.524189194832438,6.371531091308832,1.3717655033951301,0.4339488721471725,7.09895516367517,7.337457980575138,-0.1830776926186083
rw_arma_12m,rw_arma_12m,RW-ARMA (12 Months),STATISTICAL_ROLLING,16_20,NEG,MARGINAL,,,243,-0.33026280482592724,0.22162467856480328,5.7346493083221555,32.88620268943978,2.493333021865804,0.830133909096318,8.444029034109795,10.025695416690022,-0.17358877358091243
rw_arma_12m,rw_arma_12m,RW-ARMA (12 Months),STATISTICAL_ROLLING,16_20,POS,AVERAGE,,,243,-5.0416943882634655,0.519843812965938,22.265196066975637,495.7389559008674,9.112322193669499,3.0959936458352857,8.903392270374226,25.029777784971195,0.4771035643318437
rw_arma_12m,rw_arma_12m,RW-ARMA (12 Months),STATISTICAL_ROLLING,16_20,POS,MARGINAL,,,243,-9.400918842683247,1.5268246009586584,38.81034840530558,1506.2431433412057,16.255127666361606,5.914096930363279,10.705342973943026,42.04192471997184,0.45452069108545423
rw_arma_12m,rw_arma_12m,RW-ARMA (12 Months),STATISTICAL_ROLLING,20_24,NEG,AVERAGE,,,243,-0.11684095808636766,0.04231311196552001,0.8871291040633343,0.7869980472762144,0.4367145072849927,0.17117642239669717,1.3652888032365802,1.6583954909882475,0.07296686776905684
rw_arma_12m,rw_arma_12m,RW-ARMA (12 Months),STATISTICAL_ROLLING,20_24,NEG,MARGINAL,,,243,-0.36840795608527127,0.1571714848424719,2.1753745417805628,4.732254397026993,1.076782997245964,0.4474473499669043,1.8210191988534519,2.883929034999009,0.04326534827923877
rw_arma_12m,rw_arma_12m,RW-ARMA (12 Months),STATISTICAL_ROLLING,20_24,POS,AVERAGE,,,243,-0.0986837605916418,0.5999327584292793,3.246807700104017,10.541760241454735,2.0504605863504333,1.3276432999160956,8.761248122293814,9.226842954023205,0.07707393819869686
rw_arma_12m,rw_arma_12m,RW-ARMA (12 Months),STATISTICAL_ROLLING,20_24,POS,MARGINAL,,,243,-0.7398399549966821,1.2238752209766979,7.989646545756741,63.834451926122625,3.9590667987794723,2.292702638736751,9.640235998379133,12.517589622506696,0.15787655198575787
rw_arma_3m,rw_arma_3m,RW-ARMA (3 Months),STATISTICAL_ROLLING,00_04,NEG,AVERAGE,,,243,-0.4405091039745273,0.21687960758135372,3.844662084520399,14.781426544148742,2.0716310445851143,0.7634361251111925,5.105456782350306,6.0107601276809515,-0.023954929254668546
rw_arma_3m,rw_arma_3m,RW-ARMA (3 Months),STATISTICAL_ROLLING,00_04,NEG,MARGINAL,,,243,-1.2925418179423622,0.593772726862575,8.832155415410073,78.00696928195748,4.472193692547559,1.8065418989105435,7.000570596569533,10.552818794605756,-0.0852440847378278
rw_arma_3m,rw_arma_3m,RW-ARMA (3 Months),STATISTICAL_ROLLING,00_04,POS,AVERAGE,,,243,-0.08299684380358655,0.06262241647087752,1.0774872120754568,1.1609786921861407,0.34497030000079826,0.15481605020978906,1.398293984491793,1.7587846020864546,0.4994743336765093
rw_arma_3m,rw_arma_3m,RW-ARMA (3 Months),STATISTICAL_ROLLING,00_04,POS,MARGINAL,,,243,-0.21421946347373066,0.20798199389845973,2.418507442138683,5.849178247680195,0.9081595879230354,0.34612571582567986,1.714761506894264,2.8277429559291614,0.1608446177893206
rw_arma_3m,rw_arma_3m,RW-ARMA (3 Months),STATISTICAL_ROLLING,04_08,NEG,AVERAGE,,,243,-0.22171856915436838,0.263092185630577,2.5345412239422207,6.42389921586253,1.3981575081448245,0.580563210924395,3.532290064632076,4.010206119444472,-0.002929927515129682
rw_arma_3m,rw_arma_3m,RW-ARMA (3 Months),STATISTICAL_ROLLING,04_08,NEG,MARGINAL,,,243,-0.9492275424236284,0.7753596656133297,6.629347979145238,43.94825462859705,3.3575422098400844,1.4039041884566608,4.798259713966105,7.5686366231957205,0.0010956601725401055
rw_arma_3m,rw_arma_3m,RW-ARMA (3 Months),STATISTICAL_ROLLING,04_08,POS,AVERAGE,,,243,-0.4462246230041564,0.4573219412191598,4.104149851879673,16.84404600668394,1.8895182109201425,1.0242219799139125,3.5229648548571597,4.976234471227694,0.07739256245038721
rw_arma_3m,rw_arma_3m,RW-ARMA (3 Months),STATISTICAL_ROLLING,04_08,POS,MARGINAL,,,243,-2.0987616082712632,0.9034646976463891,20.721457926845307,429.3788186140202,4.919524661779994,1.7842443134237076,5.041074263261622,20.651501248561523,0.01254769588891685
rw_arma_3m,rw_arma_3m,RW-ARMA (3 Months),STATISTICAL_ROLLING,08_12,NEG,AVERAGE,,,243,0.029736642807052627,0.2356047106117687,4.48828355762666,20.14468929366183,2.458856135209556,1.208633136257263,10.023722809116808,10.560168636909578,-0.051697686863847486
rw_arma_3m,rw_arma_3m,RW-ARMA (3 Months),STATISTICAL_ROLLING,08_12,NEG,MARGINAL,,,243,-1.136372187378515,0.5473122986928647,18.009814455938816,324.35341673734274,6.32536597825277,2.707662320760009,13.118452609404562,21.83595049220211,-0.08814814129526237
rw_arma_3m,rw_arma_3m,RW-ARMA (3 Months),STATISTICAL_ROLLING,08_12,POS,AVERAGE,,,243,-0.7746697455207526,1.2636481076984083,8.425511496730458,70.98924398153711,4.500556680515504,2.321648994034419,8.530594228022133,10.609856851786446,-0.018229410247573404
rw_arma_3m,rw_arma_3m,RW-ARMA (3 Months),STATISTICAL_ROLLING,08_12,POS,MARGINAL,,,243,-2.8462118734231456,2.1234754541715777,18.0766070475716,326.7637223523152,8.856232239651806,3.858408123354078,10.479851943982016,19.567373889197142,-0.06240977604418126
rw_arma_3m,rw_arma_3m,RW-ARMA (3 Months),STATISTICAL_ROLLING,12_16,NEG,AVERAGE,,,243,0.17088526438492815,0.2705334729832507,7.746237669586972,60.00419803372821,5.165656145589211,2.4789636217778757,21.26561417391394,21.6446792443593,-0.015634268109923508
rw_arma_3m,rw_arma_3m,RW-ARMA (3 Months),STATISTICAL_ROLLING,12_16,NEG,MARGINAL,,,243,-1.7997189737052357,0.6377603661271185,27.75546301472177,770.365727161588,9.939802449102617,4.108390681242,25.24503969380639,35.66762142590697,0.02814894530129155
rw_arma_3m,rw_arma_3m,RW-ARMA (3 Months),STATISTICAL_ROLLING,12_16,POS,AVERAGE,,,243,-2.0177989475708755,0.5262755811934028,16.040532245752242,257.29867472701744,3.826313045881514,1.012708634580747,5.179543843582857,16.623209935007917,0.09325125021438682
rw_arma_3m,rw_arma_3m,RW-ARMA (3 Months),STATISTICAL_ROLLING,12_16,POS,MARGINAL,,,243,-10.153405099281338,1.1312089576660824,93.1383772609573,8674.757318804408,13.482052163074707,1.9159202927371703,6.781236685866902,93.21025224454014,0.020656893411395913
rw_arma_3m,rw_arma_3m,RW-ARMA (3 Months),STATISTICAL_ROLLING,16_20,NEG,AVERAGE,,,243,0.2490491324810529,0.1161429505569398,2.531621692887573,6.409108395898941,1.5300978643697922,0.4926879711721801,7.356085383335443,7.337457980575138,-0.10846435224098748
rw_arma_3m,rw_arma_3m,RW-ARMA (3 Months),STATISTICAL_ROLLING,16_20,NEG,MARGINAL,,,243,0.0005730668992917208,0.20395397515784164,5.663125991611281,32.07099599686325,2.6182101669967155,0.9141063730859571,8.72731888714252,10.025695416690022,-0.15510891582643818
rw_arma_3m,rw_arma_3m,RW-ARMA (3 Months),STATISTICAL_ROLLING,16_20,POS,AVERAGE,,,243,-3.224054315294608,0.8441529885166084,21.009378822378608,441.39399850221076,8.851488506847803,3.136903685167919,13.407310864867101,25.029777784971195,0.30510820715058107
rw_arma_3m,rw_arma_3m,RW-ARMA (3 Months),STATISTICAL_ROLLING,16_20,POS,MARGINAL,,,243,-6.902453493283693,1.7430167348862398,37.74819215940389,1424.9260113032817,16.33325244912459,5.758597169962282,16.70034347191867,42.04192471997184,0.3200622643908236
rw_arma_3m,rw_arma_3m,RW-ARMA (3 Months),STATISTICAL_ROLLING,20_24,NEG,AVERAGE,,,243,-0.1691214885329401,0.030000000000000027,0.9602069440832963,0.9219973754657825,0.4902239094185472,0.1736951821625723,1.2953595491134764,1.6583954909882475,0.2604277731846896
rw_arma_3m,rw_arma_3m,RW-ARMA (3 Months),STATISTICAL_ROLLING,20_24,NEG,MARGINAL,,,243,-0.3440677436407222,0.17397072424908067,2.264536503405879,5.128125575257723,1.1476572039115667,0.4644487725941504,1.9341760623089719,2.883929034999009,0.12979545265150716
rw_arma_3m,rw_arma_3m,RW-ARMA (3 Months),STATISTICAL_ROLLING,20_24,POS,AVERAGE,,,243,0.041760114099147316,0.5033984168968795,3.204962300556064,10.27178334798562,2.03531565543097,1.2861875063775994,9.246353845102183,9.226842954023205,0.010609726584000152
rw_arma_3m,rw_arma_3m,RW-ARMA (3 Months),STATISTICAL_ROLLING,20_24,POS,MARGINAL,,,243,-0.7033553891693637,0.9634049833228646,7.872388395312657,61.9744990466534,3.9125253158867457,2.274310173833129,10.225540655663323,12.517589622506696,0.10845552964574398
rw_arma_6m,rw_arma_6m,RW-ARMA (6 Months),STATISTICAL_ROLLING,00_04,NEG,AVERAGE,,,243,-0.6079933493180507,0.2105403308428655,3.8718527934109996,14.99124405384456,2.0747222683028044,0.6857408895198782,4.726051739062323,6.0107601276809515,0.08545796866076558
rw_arma_6m,rw_arma_6m,RW-ARMA (6 Months),STATISTICAL_ROLLING,00_04,NEG,MARGINAL,,,243,-1.5451613689545995,0.47904153368254043,8.69714306521765,75.64029749686345,4.347586498499904,1.8043227267885529,6.3362665669685665,10.552818794605756,0.020038487557527223
rw_arma_6m,rw_arma_6m,RW-ARMA (6 Months),STATISTICAL_ROLLING,00_04,POS,AVERAGE,,,243,-0.018323044960264757,0.07464852053975068,0.9329089399166502,0.8703190901764082,0.2917415467272259,0.1463702842072423,1.6080430742923848,1.7587846020864546,0.016039699498845903
rw_arma_6m,rw_arma_6m,RW-ARMA (6 Months),STATISTICAL_ROLLING,00_04,POS,MARGINAL,,,243,-0.09024853410433308,0.3055003890723569,2.3135022490561576,5.352292656387899,0.9150611973785265,0.45350105806442986,1.8836326344275904,2.8277429559291614,0.025241284348256586
rw_arma_6m,rw_arma_6m,RW-ARMA (6 Months),STATISTICAL_ROLLING,04_08,NEG,AVERAGE,,,243,-0.3593820081116159,0.3168389280004016,2.4718536652777034,6.110060542546817,1.365564210637836,0.6042892599045464,3.208029902269851,4.010206119444472,0.09759733268148645
rw_arma_6m,rw_arma_6m,RW-ARMA (6 Months),STATISTICAL_ROLLING,04_08,NEG,MARGINAL,,,243,-1.1160790500224307,0.7442180544359203,6.475249897492235,41.9288612349732,3.255504878894386,1.4193540777034634,4.36477644588484,7.5686366231957205,0.03437493094794975
rw_arma_6m,rw_arma_6m,RW-ARMA (6 Months),STATISTICAL_ROLLING,04_08,POS,AVERAGE,,,243,-0.31625996641716936,0.4216114313800592,4.0999937113092555,16.809948432775446,1.8588401923171365,1.016485085268089,3.7245794196621316,4.976234471227694,0.08698421068549711
rw_arma_6m,rw_arma_6m,RW-ARMA (6 Months),STATISTICAL_ROLLING,04_08,POS,MARGINAL,,,243,-2.0280661053041973,0.9567615626852106,20.671792035843183,427.32298597314957,4.827592266122509,1.7677086517243659,4.815852258377793,20.651501248561523,0.050048543611066594
rw_arma_6m,rw_arma_6m,RW-ARMA (6 Months),STATISTICAL_ROLLING,08_12,NEG,AVERAGE,,,243,-0.025628636583432545,0.23469187220404453,4.682466129381312,21.925489052803204,2.4276236264823314,1.0684426570972687,9.877042304312264,10.560168636909578,0.07128596384492418
rw_arma_6m,rw_arma_6m,RW-ARMA (6 Months),STATISTICAL_ROLLING,08_12,NEG,MARGINAL,,,243,-1.09878712153508,0.6404020664845329,18.12797853196704,328.6236056554579,6.387811499516273,2.4235584312470095,12.699304103991336,21.83595049220211,-0.03375187335108674
rw_arma_6m,rw_arma_6m,RW-ARMA (6 Months),STATISTICAL_ROLLING,08_12,POS,AVERAGE,,,243,-0.5593751041185175,1.603306676034963,8.492988832052342,72.1308593013658,4.498444877770977,2.1436296181451766,8.538087494487076,10.609856851786446,-0.020612147360845805
rw_arma_6m,rw_arma_6m,RW-ARMA (6 Months),STATISTICAL_ROLLING,08_12,POS,MARGINAL,,,243,-2.864716013168863,2.8905934218079707,18.16138536084681,329.8359182251808,9.130772261169675,4.048709642090117,9.94532604122624,19.567373889197142,-0.02607763761462881
rw_arma_6m,rw_arma_6m,RW-ARMA (6 Months),STATISTICAL_ROLLING,12_16,NEG,AVERAGE,,,243,0.396309591788979,0.39922347424381854,7.696914655312256,59.24249521116057,5.097623549761508,2.430421727958775,21.317713446286042,21.6446792443593,-0.06718080982003957
rw_arma_6m,rw_arma_6m,RW-ARMA (6 Months),STATISTICAL_ROLLING,12_16,NEG,MARGINAL,,,243,-0.5666257867141883,0.873573611628248,27.792856157813475,772.4428534089104,9.97886618484391,4.310073218360415,26.32898234795824,35.66762142590697,-0.02703105969602962
rw_arma_6m,rw_arma_6m,RW-ARMA (6 Months),STATISTICAL_ROLLING,12_16,POS,AVERAGE,,,243,-2.1256710315706777,0.6031664173183877,16.040519861669253,257.2982774326058,3.7902770522907283,1.0349745771824832,4.730508285546122,16.623209935007917,0.09852593019776044
rw_arma_6m,rw_arma_6m,RW-ARMA (6 Months),STATISTICAL_ROLLING,12_16,POS,MARGINAL,,,243,-10.448148392399226,1.458609332767944,93.1269777167659,8672.633978659012,13.394192200961683,2.011443534634898,5.523321274191763,93.21025224454014,0.02169201100875839
rw_arma_6m,rw_arma_6m,RW-ARMA (6 Months),STATISTICAL_ROLLING,16_20,NEG,AVERAGE,,,243,0.11299964751497277,0.12961247935426568,2.513448254116489,6.317422126121226,1.4040054336642869,0.45224006654559723,7.206146463461132,7.337457980575138,-0.029839550571454973
rw_arma_6m,rw_arma_6m,RW-ARMA (6 Months),STATISTICAL_ROLLING,16_20,NEG,MARGINAL,,,243,0.04420353067487612,0.2578363853312744,5.738225643732715,32.92723353839173,2.626104933526493,1.005758713647733,8.780035053736336,10.025695416690022,-0.1381466799532242
rw_arma_6m,rw_arma_6m,RW-ARMA (6 Months),STATISTICAL_ROLLING,16_20,POS,AVERAGE,,,243,-4.11617620550997,0.5599313378787905,21.467176702887546,460.83967559299776,8.864810920823297,3.120223583473141,10.916626513471158,25.029777784971195,0.4090438413489104
rw_arma_6m,rw_arma_6m,RW-ARMA (6 Months),STATISTICAL_ROLLING,16_20,POS,MARGINAL,,,243,-7.62192227784585,1.9510509869146908,37.60216262688214,1413.9226342184922,16.29403712529855,5.83279619219293,14.378063060659876,42.04192471997184,0.3853676321128275
rw_arma_6m,rw_arma_6m,RW-ARMA (6 Months),STATISTICAL_ROLLING,20_24,NEG,AVERAGE,,,243,-0.16789424368680553,0.0422076480968383,0.938750381975219,0.8812522796586196,0.4661536029469094,0.1777584209039973,1.2176538098471588,1.6583954909882475,0.36022675029835166
rw_arma_6m,rw_arma_6m,RW-ARMA (6 Months),STATISTICAL_ROLLING,20_24,NEG,MARGINAL,,,243,-0.3950599376883458,0.19684144570026585,2.2697707250027723,5.15185914407961,1.1533115992989422,0.45151014566993153,1.6663668010309458,2.883929034999009,0.20114991044740052
rw_arma_6m,rw_arma_6m,RW-ARMA (6 Months),STATISTICAL_ROLLING,20_24,POS,AVERAGE,,,243,-0.04054055394859483,0.5026536269911457,3.190975110955194,10.182322158735513,1.9830348926662733,1.2246431570217293,9.082756740891346,9.226842954023205,0.002475590485091308
rw_arma_6m,rw_arma_6m,RW-ARMA (6 Months),STATISTICAL_ROLLING,20_24,POS,MARGINAL,,,243,-0.5436662696671111,0.8818242887685006,7.990119009971861,63.8420017935137,3.9361970644768784,2.204360774031679,10.222214116649429,12.517589622506696,0.121496903244942
rw_armax_exog_1_12m,rw_armax_exog_1_12m,RW-ARMAX (Exog. 1) (12 Months),STATISTICAL_ROLLING,00_04,NEG,AVERAGE,,,243,-0.46878520808778223,0.19330439999300308,3.566290803125701,12.718430092458958,1.7945990770932267,0.6800046679064131,5.061016913446994,6.0107601276809515,-0.11734957063934445
rw_armax_exog_1_12m,rw_armax_exog_1_12m,RW-ARMAX (Exog. 1) (12 Months),STATISTICAL_ROLLING,00_04,NEG,MARGINAL,,,243,-1.4924262415135114,0.5268676114745379,8.191609682003199,67.10246918228854,3.8615602252480965,1.2843688114326381,6.95661059246542,10.552818794605756,-0.14460742890088502
rw_armax_exog_1_12m,rw_armax_exog_1_12m,RW-ARMAX (Exog. 1) (12 Months),STATISTICAL_ROLLING,00_04,POS,AVERAGE,,,243,-0.0516700046888201,0.06865125656202453,0.9556874840950504,0.9133385672559273,0.29848143754008255,0.14533584825486523,1.4636838964429946,1.7587846020864546,0.2673633682508428
rw_armax_exog_1_12m,rw_armax_exog_1_12m,RW-ARMAX (Exog. 1) (12 Months),STATISTICAL_ROLLING,00_04,POS,MARGINAL,,,243,-0.16901058249337442,0.30379153847259843,2.3457130978269576,5.502369937316941,0.8823400375841267,0.42584496918182424,1.634888836314386,2.8277429559291614,0.1407707663912105
rw_armax_exog_1_12m,rw_armax_exog_1_12m,RW-ARMAX (Exog. 1) (12 Months),STATISTICAL_ROLLING,04_08,NEG,AVERAGE,,,243,-0.22037520137691094,0.31566058267238617,2.380434030089736,5.666466171609263,1.3100641961221424,0.611331564917819,3.601815826438165,4.010206119444472,-0.10900299778242988
rw_armax_exog_1_12m,rw_armax_exog_1_12m,RW-ARMAX (Exog. 1) (12 Months),STATISTICAL_ROLLING,04_08,NEG,MARGINAL,,,243,-1.0803521299851895,0.6376916034873297,6.375923156145457,40.65239609307184,3.1609806005480907,1.3416198654621527,4.562306721423921,7.5686366231957205,-0.055192171622907
rw_armax_exog_1_12m,rw_armax_exog_1_12m,RW-ARMAX (Exog. 1) (12 Months),STATISTICAL_ROLLING,04_08,POS,AVERAGE,,,243,-0.4539548353344882,0.4916286265418517,4.07943113362685,16.641758374004045,1.822520033521881,0.9879077746526992,3.4692838709869553,4.976234471227694,0.09816446544887521
rw_armax_exog_1_12m,rw_armax_exog_1_12m,RW-ARMAX (Exog. 1) (12 Months),STATISTICAL_ROLLING,04_08,POS,MARGINAL,,,243,-2.2786768655067657,1.0668469811238417,20.6509175046398,426.46039378343846,4.7206818884453705,1.692208725746335,4.271492230918929,20.651501248561523,0.042908722583239335
rw_armax_exog_1_12m,rw_armax_exog_1_12m,RW-ARMAX (Exog. 1) (12 Months),STATISTICAL_ROLLING,08_12,NEG,AVERAGE,,,243,-0.2570731745888799,0.22601828629786347,3.9444018314561893,15.558305807994941,1.9593926843588956,0.9559758537037868,9.62856156762531,10.560168636909578,-0.07032472451521171
rw_armax_exog_1_12m,rw_armax_exog_1_12m,RW-ARMAX (Exog. 1) (12 Months),STATISTICAL_ROLLING,08_12,NEG,MARGINAL,,,243,-1.7105420317828823,0.5639183126435912,17.522697572533723,307.0449302184792,5.193244622758275,1.849840378285979,12.576530923541595,21.83595049220211,-0.08466117325308722
rw_armax_exog_1_12m,rw_armax_exog_1_12m,RW-ARMAX (Exog. 1) (12 Months),STATISTICAL_ROLLING,08_12,POS,AVERAGE,,,243,-1.044736822878138,1.1943109724737262,8.562611104250676,73.31830892263699,4.3688345972667735,2.0142797736258586,7.514739560804611,10.609856851786446,0.027517930672841064
rw_armax_exog_1_12m,rw_armax_exog_1_12m,RW-ARMAX (Exog. 1) (12 Months),STATISTICAL_ROLLING,08_12,POS,MARGINAL,,,243,-2.9780605323062166,2.4475817464781127,18.003710527088664,324.13359274320317,8.700268432492779,3.534993985627083,9.3383731220404,19.567373889197142,0.02660280919302472
rw_armax_exog_1_12m,rw_armax_exog_1_12m,RW-ARMAX (Exog. 1) (12 Months),STATISTICAL_ROLLING,12_16,NEG,AVERAGE,,,243,-0.0781755176366847,0.34575507193796984,6.754015182511466,45.616721085595394,3.911856146973951,1.8263176108801709,21.83028686940239,21.6446792443593,-0.29488224023001225
rw_armax_exog_1_12m,rw_armax_exog_1_12m,RW-ARMAX (Exog. 1) (12 Months),STATISTICAL_ROLLING,12_16,NEG,MARGINAL,,,243,-1.7423306924916564,0.9042570780728747,27.607210318041677,762.1580615445868,8.298975038072765,2.905843403939574,27.80003121381388,35.66762142590697,-0.04711058941971648
rw_armax_exog_1_12m,rw_armax_exog_1_12m,RW-ARMAX (Exog. 1) (12 Months),STATISTICAL_ROLLING,12_16,POS,AVERAGE,,,243,-2.3363594593466965,0.3885521329956765,16.21895982565533,263.05465782622156,3.9059544892112377,0.9309582760562005,4.185880783795586,16.623209935007917,0.156896370687387
rw_armax_exog_1_12m,rw_armax_exog_1_12m,RW-ARMAX (Exog. 1) (12 Months),STATISTICAL_ROLLING,12_16,POS,MARGINAL,,,243,-10.583686603360617,1.1349601779417924,93.28022025186341,8701.19949023615,13.477493830985203,1.835158638161527,5.2572832481151455,93.21025224454014,0.030288007930231647
rw_armax_exog_1_12m,rw_armax_exog_1_12m,RW-ARMAX (Exog. 1) (12 Months),STATISTICAL_ROLLING,16_20,NEG,AVERAGE,,,243,-0.04940212593342805,0.11002514223827731,2.052269732836822,4.21181105631812,1.1568295983745418,0.40633420446971,7.030403180533266,7.337457980575138,-0.10314652107680682
rw_armax_exog_1_12m,rw_armax_exog_1_12m,RW-ARMAX (Exog. 1) (12 Months),STATISTICAL_ROLLING,16_20,NEG,MARGINAL,,,243,-0.3321718443499201,0.2185415737108687,5.199197203305266,27.0316515588573,2.2341591431052588,0.7828412716579098,8.57095553327196,10.025695416690022,-0.1236923437857271
rw_armax_exog_1_12m,rw_armax_exog_1_12m,RW-ARMAX (Exog. 1) (12 Months),STATISTICAL_ROLLING,16_20,POS,AVERAGE,,,243,-5.110211645653263,0.8262111289829015,22.28030461552792,496.4119737607147,9.139606863700285,3.141750387741814,7.943782118383022,25.029777784971195,0.4826321159661505
rw_armax_exog_1_12m,rw_armax_exog_1_12m,RW-ARMAX (Exog. 1) (12 Months),STATISTICAL_ROLLING,16_20,POS,MARGINAL,,,243,-9.453913115470721,1.431602058861083,38.41686287372294,1475.855353058432,16.12386463705105,5.807924780282939,10.598640768976152,42.04192471997184,0.4574862412603674
rw_armax_exog_1_12m,rw_armax_exog_1_12m,RW-ARMAX (Exog. 1) (12 Months),STATISTICAL_ROLLING,20_24,NEG,AVERAGE,,,243,-0.13272322682028875,0.04723710071732312,0.8875351585046818,0.7877186575819306,0.4333230577909278,0.18178207990189388,1.3323949323749253,1.6583954909882475,0.09316300170799931
rw_armax_exog_1_12m,rw_armax_exog_1_12m,RW-ARMAX (Exog. 1) (12 Months),STATISTICAL_ROLLING,20_24,NEG,MARGINAL,,,243,-0.3826191838000906,0.16548788643763213,2.1444523227841215,4.598675764694213,1.0611323235323495,0.4552922375276238,1.7843377423948836,2.883929034999009,0.06878637151493432
rw_armax_exog_1_12m,rw_armax_exog_1_12m,RW-ARMAX (Exog. 1) (12 Months),STATISTICAL_ROLLING,20_24,POS,AVERAGE,,,243,-0.09636031477413201,0.5559695330740695,3.237548501197701,10.48172029760748,2.030022566491561,1.1853611107343909,8.78230168117432,9.226842954023205,0.10254112177997055
rw_armax_exog_1_12m,rw_armax_exog_1_12m,RW-ARMAX (Exog. 1) (12 Months),STATISTICAL_ROLLING,20_24,POS,MARGINAL,,,243,-0.7630943209711047,1.1774004848611401,7.891750955884855,62.27973314970952,3.8624276575814602,2.27446748874452,9.603430592045473,12.517589622506696,0.17281982829296808
rw_armax_exog_1_3_12m,rw_armax_exog_1_3_12m,RW-ARMAX (Exog. 1&3) (12 Months),STATISTICAL_ROLLING,00_04,NEG,AVERAGE,,,243,-0.5167704747398768,0.15644506521853963,2.924998290282785,8.555614998157216,1.5044556210862796,0.6777802541641105,4.794539644588295,6.0107601276809515,0.03696545571643912
rw_armax_exog_1_3_12m,rw_armax_exog_1_3_12m,RW-ARMAX (Exog. 1&3) (12 Months),STATISTICAL_ROLLING,00_04,NEG,MARGINAL,,,243,-1.5132371985926005,0.29126423056302464,6.826196294599127,46.59695585239885,3.1282903315112605,1.078825365144934,6.526324956093286,10.552818794605756,-0.03367585399833565
rw_armax_exog_1_3_12m,rw_armax_exog_1_3_12m,RW-ARMAX (Exog. 1&3) (12 Months),STATISTICAL_ROLLING,00_04,POS,AVERAGE,,,243,-0.050776474565882884,0.05319686269013424,0.951395362902485,0.9051531365523512,0.2893554363720285,0.14256473615448906,1.4678201058752294,1.7587846020864546,0.2660157815334815
rw_armax_exog_1_3_12m,rw_armax_exog_1_3_12m,RW-ARMAX (Exog. 1&3) (12 Months),STATISTICAL_ROLLING,00_04,POS,MARGINAL,,,243,-0.16762631352227556,0.2768767656965001,2.335289413542749,5.453576645004836,0.8774702988505066,0.4258384997342297,1.6329235004237548,2.8277429559291614,0.1402365494716964
rw_armax_exog_1_3_12m,rw_armax_exog_1_3_12m,RW-ARMAX (Exog. 1&3) (12 Months),STATISTICAL_ROLLING,04_08,NEG,AVERAGE,,,243,-0.2548522970565655,0.16161115834546091,1.9074582145428083,3.638396840226838,1.032879510649562,0.48932421034553375,3.4406287483717426,4.010206119444472,-0.06415206078627565
rw_armax_exog_1_3_12m,rw_armax_exog_1_3_12m,RW-ARMAX (Exog. 1&3) (12 Months),STATISTICAL_ROLLING,04_08,NEG,MARGINAL,,,243,-1.0565624830871072,0.45720315848676174,5.5847895005066155,31.189873764968933,2.5713682078821107,1.0949245597850261,4.575638079624979,7.5686366231957205,-0.06424616209355283
rw_armax_exog_1_3_12m,rw_armax_exog_1_3_12m,RW-ARMAX (Exog. 1&3) (12 Months),STATISTICAL_ROLLING,04_08,POS,AVERAGE,,,243,-0.4069597552641406,0.3482134396146819,4.069212347195878,16.55848912657138,1.782323107723606,0.9126161705791507,3.5159142195446904,4.976234471227694,0.16247303731112572
rw_armax_exog_1_3_12m,rw_armax_exog_1_3_12m,RW-ARMAX (Exog. 1&3) (12 Months),STATISTICAL_ROLLING,04_08,POS,MARGINAL,,,243,-2.2637232282589768,0.8251737358907487,20.556582342383717,422.57307759920195,4.564744489160771,1.5761351412401696,4.36414893711643,20.651501248561523,0.04807612449124229
rw_armax_exog_1_3_12m,rw_armax_exog_1_3_12m,RW-ARMAX (Exog. 1&3) (12 Months),STATISTICAL_ROLLING,08_12,NEG,AVERAGE,,,243,-0.2987247941702862,0.13495396336500676,3.8016650054628247,14.452656813760658,1.7618184767724052,0.7974114649875261,9.773440755852192,10.560168636909578,-0.07143158169644243
rw_armax_exog_1_3_12m,rw_armax_exog_1_3_12m,RW-ARMAX (Exog. 1&3) (12 Months),STATISTICAL_ROLLING,08_12,NEG,MARGINAL,,,243,-1.5856919409484396,0.41516236198121104,17.566054861881664,308.5662834106364,5.019895984988438,1.368969519303512,13.578115429534915,21.83595049220211,-0.09017122522386611
rw_armax_exog_1_3_12m,rw_armax_exog_1_3_12m,RW-ARMAX (Exog. 1&3) (12 Months),STATISTICAL_ROLLING,08_12,POS,AVERAGE,,,243,-1.0358111941704622,0.5766775618487134,8.366934831699119,70.00559847789997,4.185541477153364,1.8501709378978415,7.857009319929457,10.609856851786446,0.07282544440739161
rw_armax_exog_1_3_12m,rw_armax_exog_1_3_12m,RW-ARMAX (Exog. 1&3) (12 Months),STATISTICAL_ROLLING,08_12,POS,MARGINAL,,,243,-3.1422980412047194,1.7146758527382282,17.548270038976437,307.94178136083804,8.39551819848591,3.361827581623766,9.067021884394087,19.567373889197142,0.04544083287907948
rw_armax_exog_1_3_12m,rw_armax_exog_1_3_12m,RW-ARMAX (Exog. 1&3) (12 Months),STATISTICAL_ROLLING,12_16,NEG,AVERAGE,,,243,-0.24390586104127787,0.1870007990296465,5.134723630607131,26.365386762715275,3.142869436506664,1.4724411254822058,21.462117387158845,21.6446792443593,-0.16958194620448705
rw_armax_exog_1_3_12m,rw_armax_exog_1_3_12m,RW-ARMAX (Exog. 1&3) (12 Months),STATISTICAL_ROLLING,12_16,NEG,MARGINAL,,,243,-1.6457053624626454,0.4398435494288222,26.40860233989868,697.414277546902,6.924573404061227,2.2635922551072056,27.701692513395276,35.66762142590697,-0.08080927943987304
rw_armax_exog_1_3_12m,rw_armax_exog_1_3_12m,RW-ARMAX (Exog. 1&3) (12 Months),STATISTICAL_ROLLING,12_16,POS,AVERAGE,,,243,-2.2372614505266366,0.2230132404157139,16.278935453829078,265.0037395099334,3.952055041295266,0.8433939990437871,4.691765094845307,16.623209935007917,0.15582456000034736
rw_armax_exog_1_3_12m,rw_armax_exog_1_3_12m,RW-ARMAX (Exog. 1&3) (12 Months),STATISTICAL_ROLLING,12_16,POS,MARGINAL,,,243,-10.62444646219499,0.8935613667336,93.33432982429238,8711.297123749795,13.561225785014088,1.8137302264438855,5.230529337574013,93.21025224454014,0.03361680608422646
rw_armax_exog_1_3_12m,rw_armax_exog_1_3_12m,RW-ARMAX (Exog. 1&3) (12 Months),STATISTICAL_ROLLING,16_20,NEG,AVERAGE,,,243,-0.1653689206394949,0.060317070197465905,1.5657660465955396,2.4516233126714253,0.9332103554315209,0.32622094639540977,6.905070738231687,7.337457980575138,0.09927224324420879
rw_armax_exog_1_3_12m,rw_armax_exog_1_3_12m,RW-ARMAX (Exog. 1&3) (12 Months),STATISTICAL_ROLLING,16_20,NEG,MARGINAL,,,243,-0.3573583536892577,0.1351250650968976,4.2953814784701905,18.450302045584756,1.6489561966082367,0.607335883634045,8.535987289789224,10.025695416690022,0.01574733810138529
rw_armax_exog_1_3_12m,rw_armax_exog_1_3_12m,RW-ARMAX (Exog. 1&3) (12 Months),STATISTICAL_ROLLING,16_20,POS,AVERAGE,,,243,-5.198483293556398,-0.14134808094954465,21.573912326067287,465.43369305283807,8.55097645980869,2.3198106266330996,7.851350486612784,25.029777784971195,0.5127733108777299
rw_armax_exog_1_3_12m,rw_armax_exog_1_3_12m,RW-ARMAX (Exog. 1&3) (12 Months),STATISTICAL_ROLLING,16_20,POS,MARGINAL,,,243,-9.211451933190729,0.31296759076533576,36.38146441447627,1323.610952941803,14.501598275940049,4.0974237888156,11.350121086938783,42.04192471997184,0.4756450846660315
rw_armax_exog_1_3_12m,rw_armax_exog_1_3_12m,RW-ARMAX (Exog. 1&3) (12 Months),STATISTICAL_ROLLING,20_24,NEG,AVERAGE,,,243,-0.12933343784942908,0.007906201954477554,0.7394780762059845,0.5468278251893037,0.35997113262719854,0.14463746796005594,1.3316941625801109,1.6583954909882475,0.1895178538631151
rw_armax_exog_1_3_12m,rw_armax_exog_1_3_12m,RW-ARMAX (Exog. 1&3) (12 Months),STATISTICAL_ROLLING,20_24,NEG,MARGINAL,,,243,-0.37427947102956405,0.11381074187498419,1.7675765745842102,3.12432694701885,0.8387612950791794,0.3478487865017459,1.7891879818637508,2.883929034999009,0.17290863726406894
rw_armax_exog_1_3_12m,rw_armax_exog_1_3_12m,RW-ARMAX (Exog. 1&3) (12 Months),STATISTICAL_ROLLING,20_24,POS,AVERAGE,,,243,-0.14627534517074778,0.41112646556917554,3.0375871878081906,9.226935923536471,1.8291608251239944,1.0494937985491966,8.731262036840533,9.226842954023205,0.12417317267945535
rw_armax_exog_1_3_12m,rw_armax_exog_1_3_12m,RW-ARMAX (Exog. 1&3) (12 Months),STATISTICAL_ROLLING,20_24,POS,MARGINAL,,,243,-0.7723344997218085,0.8840536920393358,7.595015759291148,57.684264383880894,3.4062942501370475,1.8844730786915314,9.629148854066285,12.517589622506696,0.16726118860715583
rw_armax_exog_1_3_3m,rw_armax_exog_1_3_3m,RW-ARMAX (Exog. 1&3) (3 Months),STATISTICAL_ROLLING,00_04,NEG,AVERAGE,,,243,-0.5838610743352055,0.11232184039285631,2.9053516368849364,8.44106813394998,1.5596029105084932,0.6443454587615838,5.015910335351551,6.0107601276809515,0.07111180510382932
rw_armax_exog_1_3_3m,rw_armax_exog_1_3_3m,RW-ARMAX (Exog. 1&3) (3 Months),STATISTICAL_ROLLING,00_04,NEG,MARGINAL,,,243,-1.5265124353080735,0.158379893080971,6.801988954263622,46.267053733924314,3.2853902107813675,1.123453853003257,7.203443256837096,10.552818794605756,0.011574101892849579
rw_armax_exog_1_3_3m,rw_armax_exog_1_3_3m,RW-ARMAX (Exog. 1&3) (3 Months),STATISTICAL_ROLLING,00_04,POS,AVERAGE,,,243,-0.09354264299769624,0.05222198479158724,1.0707905113930805,1.1465923192894547,0.3413749680674361,0.1538232642464301,1.3969679489133267,1.7587846020864546,0.47593234789395816
rw_armax_exog_1_3_3m,rw_armax_exog_1_3_3m,RW-ARMAX (Exog. 1&3) (3 Months),STATISTICAL_ROLLING,00_04,POS,MARGINAL,,,243,-0.1855852827711362,0.19063494951774373,2.393534592231625,5.72900784420941,0.9042227839947501,0.3175328937054074,1.785394590120347,2.8277429559291614,0.11978682070080916
rw_armax_exog_1_3_3m,rw_armax_exog_1_3_3m,RW-ARMAX (Exog. 1&3) (3 Months),STATISTICAL_ROLLING,04_08,NEG,AVERAGE,,,243,-0.3469642919755006,0.10143016559662588,2.0336605617226025,4.13577528030589,1.1547903307947573,0.5181676036636556,3.3573345879443406,4.010206119444472,0.13172398088088133
rw_armax_exog_1_3_3m,rw_armax_exog_1_3_3m,RW-ARMAX (Exog. 1&3) (3 Months),STATISTICAL_ROLLING,04_08,NEG,MARGINAL,,,243,-1.1831205681925863,0.13265464303844388,5.5508894203344985,30.81237335678146,2.675000563855249,1.2097534406776695,4.806754437966672,7.5686366231957205,0.053646005108594325
rw_armax_exog_1_3_3m,rw_armax_exog_1_3_3m,RW-ARMAX (Exog. 1&3) (3 Months),STATISTICAL_ROLLING,04_08,POS,AVERAGE,,,243,-0.46481429598691454,0.21533386999362847,4.172703931067782,17.41145809634852,1.882750369113267,0.9205850218890586,3.6488189474331856,4.976234471227694,0.17457021199570316
rw_armax_exog_1_3_3m,rw_armax_exog_1_3_3m,RW-ARMAX (Exog. 1&3) (3 Months),STATISTICAL_ROLLING,04_08,POS,MARGINAL,,,243,-2.2470220643963557,0.5134086565440796,20.580044210523155,423.5382197070876,4.596084753980926,1.5312844672126609,4.67456320306506,20.651501248561523,0.01978933971288946
rw_armax_exog_1_3_3m,rw_armax_exog_1_3_3m,RW-ARMAX (Exog. 1&3) (3 Months),STATISTICAL_ROLLING,08_12,NEG,AVERAGE,,,243,-0.15579925930225935,0.18955743417321247,3.8519842952333727,14.837783010724545,1.807440266013052,0.8107300717153594,10.245106690211664,10.560168636909578,-0.11889631942403155
rw_armax_exog_1_3_3m,rw_armax_exog_1_3_3m,RW-ARMAX (Exog. 1&3) (3 Months),STATISTICAL_ROLLING,08_12,NEG,MARGINAL,,,243,-1.3823853319741872,0.40950504322499004,18.140938904930906,329.0936643524358,5.511718187581185,1.5361108797976897,14.62353598805916,21.83595049220211,-0.20289669752525977
rw_armax_exog_1_3_3m,rw_armax_exog_1_3_3m,RW-ARMAX (Exog. 1&3) (3 Months),STATISTICAL_ROLLING,08_12,POS,AVERAGE,,,243,-1.1314430997437264,0.4259638818313185,8.520383091322152,72.59692802288843,4.300629806291959,1.7700604854834125,8.31420373871532,10.609856851786446,0.03875228867576486
rw_armax_exog_1_3_3m,rw_armax_exog_1_3_3m,RW-ARMAX (Exog. 1&3) (3 Months),STATISTICAL_ROLLING,08_12,POS,MARGINAL,,,243,-2.9591104380711446,1.0913108136699705,18.74372736701107,351.3273156088396,9.198286291569964,3.67234947025557,12.49202134342298,19.567373889197142,-0.036205135789269156
rw_armax_exog_1_3_3m,rw_armax_exog_1_3_3m,RW-ARMAX (Exog. 1&3) (3 Months),STATISTICAL_ROLLING,12_16,NEG,AVERAGE,,,243,-0.2815171906509319,0.15874217829232595,4.886267944617093,23.87561442659255,2.9984296348770245,1.4510179488789907,21.449995468645675,21.6446792443593,-0.022105307280749494
rw_armax_exog_1_3_3m,rw_armax_exog_1_3_3m,RW-ARMAX (Exog. 1&3) (3 Months),STATISTICAL_ROLLING,12_16,NEG,MARGINAL,,,243,-2.2127820081640253,0.3325052363580818,26.062557118115542,679.2568835350351,6.639665864107711,2.463178645230026,26.670661762671823,35.66762142590697,0.021208492825858703
rw_armax_exog_1_3_3m,rw_armax_exog_1_3_3m,RW-ARMAX (Exog. 1&3) (3 Months),STATISTICAL_ROLLING,12_16,POS,AVERAGE,,,243,-1.9686236659711047,0.2819083146182617,16.26459471750327,264.53704132463537,3.9883650682484393,0.8901511539791613,5.692146748297994,16.623209935007917,0.11621487529354033
rw_armax_exog_1_3_3m,rw_armax_exog_1_3_3m,RW-ARMAX (Exog. 1&3) (3 Months),STATISTICAL_ROLLING,12_16,POS,MARGINAL,,,243,-10.021528085227995,0.7320311206356793,93.33879382775503,8712.13043322016,13.929676491940263,1.8753007453115806,7.591813266318211,93.21025224454014,0.029269412025360656
rw_armax_exog_1_3_3m,rw_armax_exog_1_3_3m,RW-ARMAX (Exog. 1&3) (3 Months),STATISTICAL_ROLLING,16_20,NEG,AVERAGE,,,243,0.07061539538588674,0.08127719466646599,1.5945772541080858,2.542676619318883,0.983516497303914,0.32471131413076426,7.175046401600026,7.337457980575138,-0.02416752223152209
rw_armax_exog_1_3_3m,rw_armax_exog_1_3_3m,RW-ARMAX (Exog. 1&3) (3 Months),STATISTICAL_ROLLING,16_20,NEG,MARGINAL,,,243,-0.08280603913631326,0.16847161997440452,4.335575194863882,18.797212270318987,1.730271499004485,0.499529291274742,8.879635709716068,10.025695416690022,0.07021609783859346
rw_armax_exog_1_3_3m,rw_armax_exog_1_3_3m,RW-ARMAX (Exog. 1&3) (3 Months),STATISTICAL_ROLLING,16_20,POS,AVERAGE,,,243,-3.2357015073063558,0.4256379536381658,19.722122951385703,388.9621337095747,7.995111901156556,2.555243141607569,14.020540376892638,25.029777784971195,0.2968541311028806
rw_armax_exog_1_3_3m,rw_armax_exog_1_3_3m,RW-ARMAX (Exog. 1&3) (3 Months),STATISTICAL_ROLLING,16_20,POS,MARGINAL,,,243,-6.104149607554554,1.168278139163359,32.86689549996526,1080.2328198056366,13.669149494800592,4.1412837826254965,22.204673444195407,42.04192471997184,0.296440538144928
rw_armax_exog_1_3_3m,rw_armax_exog_1_3_3m,RW-ARMAX (Exog. 1&3) (3 Months),STATISTICAL_ROLLING,20_24,NEG,AVERAGE,,,243,-0.19235152749603063,0.004120371451352245,0.8605591110996977,0.7405619836967019,0.41259992731382306,0.16298895600244068,1.2259729820664282,1.6583954909882475,0.35722180512357016
rw_armax_exog_1_3_3m,rw_armax_exog_1_3_3m,RW-ARMAX (Exog. 1&3) (3 Months),STATISTICAL_ROLLING,20_24,NEG,MARGINAL,,,243,-0.4650888137905518,0.04202682215510434,1.8002659344323522,3.2409574346775902,0.8970263619187269,0.3412468316219206,1.781959567197557,2.883929034999009,0.3124145358690087
rw_armax_exog_1_3_3m,rw_armax_exog_1_3_3m,RW-ARMAX (Exog. 1&3) (3 Months),STATISTICAL_ROLLING,20_24,POS,AVERAGE,,,243,-0.055244909965989936,0.25020925724535203,3.1957846925654816,10.21303980123585,1.9106152797236169,1.0319993714817883,9.253045265000678,9.226842954023205,-0.020923293468882644
rw_armax_exog_1_3_3m,rw_armax_exog_1_3_3m,RW-ARMAX (Exog. 1&3) (3 Months),STATISTICAL_ROLLING,20_24,POS,MARGINAL,,,243,-0.6983684110863627,0.533068268521256,7.786688977697758,60.632525235399754,3.597918207684885,1.7318410694074586,10.370522841178834,12.517589622506696,0.04742745984008638
rw_armax_exog_1_3_6m,rw_armax_exog_1_3_6m,RW-ARMAX (Exog. 1&3) (6 Months),STATISTICAL_ROLLING,00_04,NEG,AVERAGE,,,243,-0.7703979336242162,0.11368482043722006,3.1679571994105586,10.03595281729719,1.6604351123724699,0.5805577172749334,4.500432444207045,6.0107601276809515,0.18728189192194455
rw_armax_exog_1_3_6m,rw_armax_exog_1_3_6m,RW-ARMAX (Exog. 1&3) (6 Months),STATISTICAL_ROLLING,00_04,NEG,MARGINAL,,,243,-1.7189311443284698,0.27569259730082196,7.089805258328245,50.26533860101884,3.403471046390185,1.1093697426590765,6.513574171746035,10.552818794605756,0.025059917554913443
rw_armax_exog_1_3_6m,rw_armax_exog_1_3_6m,RW-ARMAX (Exog. 1&3) (6 Months),STATISTICAL_ROLLING,00_04,POS,AVERAGE,,,243,-0.024093098404008455,0.048122203607633196,0.933093803960138,0.8706640469888003,0.285280111430488,0.14216704878769004,1.6111351331403496,1.7587846020864546,0.06516530758093168
rw_armax_exog_1_3_6m,rw_armax_exog_1_3_6m,RW-ARMAX (Exog. 1&3) (6 Months),STATISTICAL_ROLLING,00_04,POS,MARGINAL,,,243,-0.08062197284050784,0.2712414745401661,2.3817840659925564,5.672895337016034,0.9244489092575789,0.4254618696709902,1.9672512902663506,2.8277429559291614,-0.031074490929718677
rw_armax_exog_1_3_6m,rw_armax_exog_1_3_6m,RW-ARMAX (Exog. 1&3) (6 Months),STATISTICAL_ROLLING,04_08,NEG,AVERAGE,,,243,-0.41145486957215355,0.06009031868512826,2.105902262718177,4.434824340121538,1.196884701113332,0.5331245050575029,3.129556401377049,4.010206119444472,0.19985583113525007
rw_armax_exog_1_3_6m,rw_armax_exog_1_3_6m,RW-ARMAX (Exog. 1&3) (6 Months),STATISTICAL_ROLLING,04_08,NEG,MARGINAL,,,243,-1.0999196707826497,0.34344256985471056,5.538367522428569,30.67351481349156,2.592648035969806,1.088335668220724,4.5961901071604085,7.5686366231957205,0.025696652483331958
rw_armax_exog_1_3_6m,rw_armax_exog_1_3_6m,RW-ARMAX (Exog. 1&3) (6 Months),STATISTICAL_ROLLING,04_08,POS,AVERAGE,,,243,-0.46185892019534125,0.3479617283400813,4.09640106835002,16.780501712779184,1.8722185643109637,0.9724520159327996,3.4267333385342074,4.976234471227694,0.2346278973023298
rw_armax_exog_1_3_6m,rw_armax_exog_1_3_6m,RW-ARMAX (Exog. 1&3) (6 Months),STATISTICAL_ROLLING,04_08,POS,MARGINAL,,,243,-2.272026610856741,0.7237190083245508,20.51666972683075,420.93373667985327,4.588940930235657,1.7166387561146408,4.0016937608699905,20.651501248561523,0.054085758364710926
rw_armax_exog_1_3_6m,rw_armax_exog_1_3_6m,RW-ARMAX (Exog. 1&3) (6 Months),STATISTICAL_ROLLING,08_12,NEG,AVERAGE,,,243,-0.18939212177090958,0.17795755097349852,3.85371401024578,14.85111167276461,1.818489353203125,0.8190152295426145,10.007658507894028,10.560168636909578,-0.05223885789488799
rw_armax_exog_1_3_6m,rw_armax_exog_1_3_6m,RW-ARMAX (Exog. 1&3) (6 Months),STATISTICAL_ROLLING,08_12,NEG,MARGINAL,,,243,-0.8940773565015032,0.4876907495184071,17.582790161202606,309.15450985288317,5.35950060896554,1.578702716259981,14.565498986160769,21.83595049220211,-0.12382570714347022
rw_armax_exog_1_3_6m,rw_armax_exog_1_3_6m,RW-ARMAX (Exog. 1&3) (6 Months),STATISTICAL_ROLLING,08_12,POS,AVERAGE,,,243,-1.0041341343404593,0.8239020842904878,8.606393351506085,74.07000652084815,4.378651377274101,2.0463635872099903,8.052333506268196,10.609856851786446,0.06495865747921979
rw_armax_exog_1_3_6m,rw_armax_exog_1_3_6m,RW-ARMAX (Exog. 1&3) (6 Months),STATISTICAL_ROLLING,08_12,POS,MARGINAL,,,243,-3.21787145765311,1.4247939767064963,18.042350726406255,325.5264197346523,8.578636125107801,3.4573399043364255,11.057110262313088,19.567373889197142,-0.01973154352653124
rw_armax_exog_1_3_6m,rw_armax_exog_1_3_6m,RW-ARMAX (Exog. 1&3) (6 Months),STATISTICAL_ROLLING,12_16,NEG,AVERAGE,,,243,0.09531747166832533,0.26283983605086547,5.067373021709759,25.678269341151893,3.2236040867835674,1.7168377890209356,21.665176462303805,21.6446792443593,-0.09684451356586496
rw_armax_exog_1_3_6m,rw_armax_exog_1_3_6m,RW-ARMAX (Exog. 1&3) (6 Months),STATISTICAL_ROLLING,12_16,NEG,MARGINAL,,,243,-0.9645909623363231,0.5547130816106063,26.476424961020445,701.0010787165464,7.309399872362579,2.7649207421765,28.379992308963594,35.66762142590697,-0.07164741362071379
rw_armax_exog_1_3_6m,rw_armax_exog_1_3_6m,RW-ARMAX (Exog. 1&3) (6 Months),STATISTICAL_ROLLING,12_16,POS,AVERAGE,,,243,-2.0676794259247386,0.22927154581398312,16.1716670929573,261.52281656543806,3.849595779657456,0.7195101587769956,5.101802983976137,16.623209935007917,0.11187425739542996
rw_armax_exog_1_3_6m,rw_armax_exog_1_3_6m,RW-ARMAX (Exog. 1&3) (6 Months),STATISTICAL_ROLLING,12_16,POS,MARGINAL,,,243,-10.053861720584514,1.1680645304019848,93.27246512629101,8699.752750735172,13.476061536211287,1.9006441850721556,6.4415102191311036,93.21025224454014,0.028904307694773493
rw_armax_exog_1_3_6m,rw_armax_exog_1_3_6m,RW-ARMAX (Exog. 1&3) (6 Months),STATISTICAL_ROLLING,16_20,NEG,AVERAGE,,,243,0.046585592890442215,0.08060860988225876,1.616882308750647,2.6143084003508226,0.9769279077545661,0.34176963871815946,7.076177644388,7.337457980575138,0.11866155934299644
rw_armax_exog_1_3_6m,rw_armax_exog_1_3_6m,RW-ARMAX (Exog. 1&3) (6 Months),STATISTICAL_ROLLING,16_20,NEG,MARGINAL,,,243,-0.09194003306128012,0.15136874364486075,4.289441745272557,18.399310486086875,1.6797556130018174,0.575912135701163,8.740661065425943,10.025695416690022,0.09855643301176477
rw_armax_exog_1_3_6m,rw_armax_exog_1_3_6m,RW-ARMAX (Exog. 1&3) (6 Months),STATISTICAL_ROLLING,16_20,POS,AVERAGE,,,243,-4.505950013614245,0.3880881706853998,20.80165987421365,432.70905352247036,8.226224810290423,2.413221145289109,9.213078387754452,25.029777784971195,0.4715606102281912
rw_armax_exog_1_3_6m,rw_armax_exog_1_3_6m,RW-ARMAX (Exog. 1&3) (6 Months),STATISTICAL_ROLLING,16_20,POS,MARGINAL,,,243,-7.5798225322830985,0.7583569844610096,34.2827966533254,1175.3101463732592,13.762588743293675,4.363114456737584,15.008823478976655,42.04192471997184,0.4137701013169699
rw_armax_exog_1_3_6m,rw_armax_exog_1_3_6m,RW-ARMAX (Exog. 1&3) (6 Months),STATISTICAL_ROLLING,20_24,NEG,AVERAGE,,,243,-0.1975112845091227,0.01218576573904806,0.8211279024255134,0.6742510321417234,0.3988579163183319,0.14435518416803372,1.1574053170313015,1.6583954909882475,0.4817927209099845
rw_armax_exog_1_3_6m,rw_armax_exog_1_3_6m,RW-ARMAX (Exog. 1&3) (6 Months),STATISTICAL_ROLLING,20_24,NEG,MARGINAL,,,243,-0.47863031398709366,0.10140388251544619,1.9087557801209207,3.643348628145025,0.9165402071096457,0.3416676209437314,1.6114455562604661,2.883929034999009,0.3403196849383219
rw_armax_exog_1_3_6m,rw_armax_exog_1_3_6m,RW-ARMAX (Exog. 1&3) (6 Months),STATISTICAL_ROLLING,20_24,POS,AVERAGE,,,243,-0.07061305786318314,0.35481967305988604,3.019308330960931,9.116222797410083,1.830137326080096,1.0684058141068427,9.044454194597805,9.226842954023205,0.04495548720535948
rw_armax_exog_1_3_6m,rw_armax_exog_1_3_6m,RW-ARMAX (Exog. 1&3) (6 Months),STATISTICAL_ROLLING,20_24,POS,MARGINAL,,,243,-0.5861738243832333,0.5691682295700033,7.645816207901508,58.4585054850094,3.4117513294659276,1.614740413675964,10.213936250257804,12.517589622506696,0.11385173697758007
rw_armax_exog_1_3m,rw_armax_exog_1_3m,RW-ARMAX (Exog. 1) (3 Months),STATISTICAL_ROLLING,00_04,NEG,AVERAGE,,,243,-0.41705838679888435,0.1599980039109199,3.631918218043703,13.190829942557746,1.8571053985867665,0.6350426397370921,5.493894909205247,6.0107601276809515,-0.07898964475738392
rw_armax_exog_1_3m,rw_armax_exog_1_3m,RW-ARMAX (Exog. 1) (3 Months),STATISTICAL_ROLLING,00_04,NEG,MARGINAL,,,243,-1.058828027515012,0.40130188943452527,8.771481654183686,76.93889040968098,4.17604470711996,1.4390027876229432,8.863245932846137,10.552818794605756,-0.09146905067774991
rw_armax_exog_1_3m,rw_armax_exog_1_3m,RW-ARMAX (Exog. 1) (3 Months),STATISTICAL_ROLLING,00_04,POS,AVERAGE,,,243,-0.09538214398635216,0.06175644980597639,1.0712436718383256,1.1475630044536582,0.34834031392900877,0.15313512475638058,1.3880764726104822,1.7587846020864546,0.4820236170568287
rw_armax_exog_1_3m,rw_armax_exog_1_3m,RW-ARMAX (Exog. 1) (3 Months),STATISTICAL_ROLLING,00_04,POS,MARGINAL,,,243,-0.19861425006262726,0.21339146040436408,2.393755755849914,5.730066618664593,0.9089151525558311,0.3298244671780961,1.7488822471936776,2.8277429559291614,0.12043374622988302
rw_armax_exog_1_3m,rw_armax_exog_1_3m,RW-ARMAX (Exog. 1) (3 Months),STATISTICAL_ROLLING,04_08,NEG,AVERAGE,,,243,-0.24471109973860106,0.1993124025311115,2.4831312877119753,6.165940992014132,1.3372300285068057,0.5410630780329129,3.591227250740799,4.010206119444472,0.013825400954333374
rw_armax_exog_1_3m,rw_armax_exog_1_3m,RW-ARMAX (Exog. 1) (3 Months),STATISTICAL_ROLLING,04_08,NEG,MARGINAL,,,243,-1.0909388672351268,0.4412415538996557,6.465310710266519,41.80024258028696,3.260110802447461,1.4976711607869797,4.7297124120794445,7.5686366231957205,0.01981724407120602
rw_armax_exog_1_3m,rw_armax_exog_1_3m,RW-ARMAX (Exog. 1) (3 Months),STATISTICAL_ROLLING,04_08,POS,AVERAGE,,,243,-0.38857644540083713,0.44213342159019575,4.492075269092809,20.178740223195238,2.0247011481063883,1.0887809062267362,4.143005090039055,4.976234471227694,-0.08831116929860956
rw_armax_exog_1_3m,rw_armax_exog_1_3m,RW-ARMAX (Exog. 1) (3 Months),STATISTICAL_ROLLING,04_08,POS,MARGINAL,,,243,-2.1153675923018955,0.7892665463996718,20.68609801297931,427.9146510025866,4.786404138646123,1.7420773261090972,4.8004753247945375,20.651501248561523,0.00895848078213638
rw_armax_exog_1_3m,rw_armax_exog_1_3m,RW-ARMAX (Exog. 1) (3 Months),STATISTICAL_ROLLING,08_12,NEG,AVERAGE,,,243,-0.099073123453178,0.24161011567212043,4.104116218141362,16.843769932010954,2.0591110220453515,1.0193490644022858,10.139434112856797,10.560168636909578,-0.06911749693608896
rw_armax_exog_1_3m,rw_armax_exog_1_3m,RW-ARMAX (Exog. 1) (3 Months),STATISTICAL_ROLLING,08_12,NEG,MARGINAL,,,243,-1.2433829274656958,0.6056598576373204,17.4659266708774,305.05859447246655,5.612598381140459,2.0231425065304407,13.127105448056204,21.83595049220211,-0.08950282853988009
rw_armax_exog_1_3m,rw_armax_exog_1_3m,RW-ARMAX (Exog. 1) (3 Months),STATISTICAL_ROLLING,08_12,POS,AVERAGE,,,243,-1.108738527098722,0.9040101678039676,9.017757148064605,81.3199439814703,4.690803457505125,2.2293658628129442,8.260794188405105,10.609856851786446,0.014129348115759534
rw_armax_exog_1_3m,rw_armax_exog_1_3m,RW-ARMAX (Exog. 1) (3 Months),STATISTICAL_ROLLING,08_12,POS,MARGINAL,,,243,-3.203400680516055,1.816766005860698,18.14184304441203,329.1264690480812,8.959052711146622,3.8326586104140343,9.42543394607442,19.567373889197142,0.0007362343867695997
rw_armax_exog_1_3m,rw_armax_exog_1_3m,RW-ARMAX (Exog. 1) (3 Months),STATISTICAL_ROLLING,12_16,NEG,AVERAGE,,,243,0.1632249419578787,0.2765648707709003,6.182358627561771,38.22155819978747,3.85077165193061,1.9641482113652557,21.73628561945215,21.6446792443593,-0.0331692793104069
rw_armax_exog_1_3m,rw_armax_exog_1_3m,RW-ARMAX (Exog. 1) (3 Months),STATISTICAL_ROLLING,12_16,NEG,MARGINAL,,,243,-1.824216167943749,0.5445690497197901,27.020558898395016,730.110603181634,8.102885482600824,2.554832535093375,26.387195018487414,35.66762142590697,0.04148562807263924
rw_armax_exog_1_3m,rw_armax_exog_1_3m,RW-ARMAX (Exog. 1) (3 Months),STATISTICAL_ROLLING,12_16,POS,AVERAGE,,,243,-2.1488615132019753,0.4406579946523639,16.183667977918073,261.9111092194908,3.9962080663148862,1.069641311126997,4.876597669657137,16.623209935007917,0.1369909802129468
rw_armax_exog_1_3m,rw_armax_exog_1_3m,RW-ARMAX (Exog. 1) (3 Months),STATISTICAL_ROLLING,12_16,POS,MARGINAL,,,243,-10.53937801879114,1.109978312330412,93.2197781233186,8689.92703336075,13.56198360534785,1.7540607081460156,6.042055247481775,93.21025224454014,0.025136173282014673
rw_armax_exog_1_3m,rw_armax_exog_1_3m,RW-ARMAX (Exog. 1) (3 Months),STATISTICAL_ROLLING,16_20,NEG,AVERAGE,,,243,0.1796926309908388,0.10891847834600232,2.10587531007693,4.434710821591606,1.2793383497107491,0.4710347036425062,7.196009278761673,7.337457980575138,0.021790380172623
rw_armax_exog_1_3m,rw_armax_exog_1_3m,RW-ARMAX (Exog. 1) (3 Months),STATISTICAL_ROLLING,16_20,NEG,MARGINAL,,,243,-0.01624728422734828,0.18855488017392863,5.115298729955794,26.16628109668736,2.2824034548153294,0.95393863989427,8.637758308087903,10.025695416690022,0.017891101100646095
rw_armax_exog_1_3m,rw_armax_exog_1_3m,RW-ARMAX (Exog. 1) (3 Months),STATISTICAL_ROLLING,16_20,POS,AVERAGE,,,243,-3.405742666937647,0.8043765726570804,20.06419056941067,402.571743205628,8.452143536339436,3.3896984502469394,12.7345597275763,25.029777784971195,0.3379441673019757
rw_armax_exog_1_3m,rw_armax_exog_1_3m,RW-ARMAX (Exog. 1) (3 Months),STATISTICAL_ROLLING,16_20,POS,MARGINAL,,,243,-6.35946873399967,1.2812064845313138,35.15892091519629,1236.149719921027,15.028796501299098,6.295856553394319,21.087289121696582,42.04192471997184,0.3267016985004415
rw_armax_exog_1_3m,rw_armax_exog_1_3m,RW-ARMAX (Exog. 1) (3 Months),STATISTICAL_ROLLING,20_24,NEG,AVERAGE,,,243,-0.1741349733781576,0.021166052531208845,0.9955677988471593,0.9911552421013777,0.47428037685405383,0.16042506120068922,1.2894325898865868,1.6583954909882475,0.14849230951200187
rw_armax_exog_1_3m,rw_armax_exog_1_3m,RW-ARMAX (Exog. 1) (3 Months),STATISTICAL_ROLLING,20_24,NEG,MARGINAL,,,243,-0.43217637285557386,0.15538603154427544,2.23020020040782,4.97379293389908,1.1316319801588106,0.4359380924164591,1.8658773873341112,2.883929034999009,0.11922703900790672
rw_armax_exog_1_3m,rw_armax_exog_1_3m,RW-ARMAX (Exog. 1) (3 Months),STATISTICAL_ROLLING,20_24,POS,AVERAGE,,,243,-0.022794258449013692,0.46459581590938015,3.338022968817578,11.14239734035372,2.0670234195995367,1.1816843526096186,9.215688759779926,9.226842954023205,0.00023955716142992983
rw_armax_exog_1_3m,rw_armax_exog_1_3m,RW-ARMAX (Exog. 1) (3 Months),STATISTICAL_ROLLING,20_24,POS,MARGINAL,,,243,-0.7508186211863013,0.830563956528259,7.860233408810223,61.78326924097638,3.8198270368938894,2.1656838196351815,10.14565853246415,12.517589622506696,0.10127167828092434
rw_armax_exog_1_4_12m,rw_armax_exog_1_4_12m,RW-ARMAX (Exog. 1&4) (12 Months),STATISTICAL_ROLLING,00_04,NEG,AVERAGE,,,243,-0.2671136413367314,-0.2358487427983853,6.656804109539865,44.313040952786835,2.919407451819397,0.8677492036189935,8.734723541987186,6.0107601276809515,-0.007123257637488352
rw_armax_exog_1_4_12m,rw_armax_exog_1_4_12m,RW-ARMAX (Exog. 1&4) (12 Months),STATISTICAL_ROLLING,00_04,NEG,MARGINAL,,,243,-0.8131821949640647,-0.094851558258644,11.13559599577615,124.00149818114582,4.828568557283142,1.2857825841001311,12.992900184032393,10.552818794605756,0.08765939172148368
rw_armax_exog_1_4_12m,rw_armax_exog_1_4_12m,RW-ARMAX (Exog. 1&4) (12 Months),STATISTICAL_ROLLING,00_04,POS,AVERAGE,,,243,-0.04100269152202787,-0.014783007349867816,1.7263726717579306,2.9803626017926157,0.8876737307925872,0.48129264121813886,1.978601309634309,1.7587846020864546,-0.09871882929991276
rw_armax_exog_1_4_12m,rw_armax_exog_1_4_12m,RW-ARMAX (Exog. 1&4) (12 Months),STATISTICAL_ROLLING,00_04,POS,MARGINAL,,,243,0.004450219747915274,-0.1104819733684228,3.5470290242741984,12.58141489904357,1.6588600312118886,0.7827619157367354,3.199099969311622,2.8277429559291614,-0.11493134959109466
rw_armax_exog_1_4_12m,rw_armax_exog_1_4_12m,RW-ARMAX (Exog. 1&4) (12 Months),STATISTICAL_ROLLING,04_08,NEG,AVERAGE,,,243,-0.03882361748460244,-0.03331526283460429,4.191784816273025,17.571059945937083,2.364375568084051,1.132908430114313,5.188683058968497,4.010206119444472,-0.19236200580126575
rw_armax_exog_1_4_12m,rw_armax_exog_1_4_12m,RW-ARMAX (Exog. 1&4) (12 Months),STATISTICAL_ROLLING,04_08,NEG,MARGINAL,,,243,-0.44314879072474006,0.04771621424147554,8.271136395908414,68.41169727972081,4.032174618215422,1.6669264161877422,8.581741637073584,7.5686366231957205,-0.21718612201676638
rw_armax_exog_1_4_12m,rw_armax_exog_1_4_12m,RW-ARMAX (Exog. 1&4) (12 Months),STATISTICAL_ROLLING,04_08,POS,AVERAGE,,,243,-0.5753633483185644,0.22379900649714735,4.505864835412388,20.302817915005907,2.6188118239697364,1.6015415595026194,4.1769850801347745,4.976234471227694,0.23709044038018431
rw_armax_exog_1_4_12m,rw_armax_exog_1_4_12m,RW-ARMAX (Exog. 1&4) (12 Months),STATISTICAL_ROLLING,04_08,POS,MARGINAL,,,243,-2.2743799577727017,0.2215847616343698,19.83163949678434,393.2939251304166,5.16457999670277,2.132782293076536,6.3063356626545835,20.651501248561523,-0.023644423308016662
rw_armax_exog_1_4_12m,rw_armax_exog_1_4_12m,RW-ARMAX (Exog. 1&4) (12 Months),STATISTICAL_ROLLING,08_12,NEG,AVERAGE,,,243,-2.6401633367562876,-0.622314009075676,5.061081300179902,25.614543927030685,3.442951907581045,1.6972266375372334,7.802017468171464,10.560168636909578,0.34202002786834784
rw_armax_exog_1_4_12m,rw_armax_exog_1_4_12m,RW-ARMAX (Exog. 1&4) (12 Months),STATISTICAL_ROLLING,08_12,NEG,MARGINAL,,,243,-4.733079211544213,-0.9408780942515473,18.110472005133808,327.9891962487353,6.443189930785972,2.4528265523954573,11.210554019555504,21.83595049220211,-0.03601672120712837
rw_armax_exog_1_4_12m,rw_armax_exog_1_4_12m,RW-ARMAX (Exog. 1&4) (12 Months),STATISTICAL_ROLLING,08_12,POS,AVERAGE,,,243,-3.73105930294817,-1.6485699473268633,8.660222110100598,74.99944699627525,5.393940555810928,3.0450152043373855,6.0821669813748285,10.609856851786446,0.3486408920331538
rw_armax_exog_1_4_12m,rw_armax_exog_1_4_12m,RW-ARMAX (Exog. 1&4) (12 Months),STATISTICAL_ROLLING,08_12,POS,MARGINAL,,,243,-6.0367704632457775,-1.3404252626292488,17.213034740097687,296.2885649638098,8.790842492656191,3.8219697670645516,9.08471178395485,19.567373889197142,0.05063190395956237
rw_armax_exog_1_4_12m,rw_armax_exog_1_4_12m,RW-ARMAX (Exog. 1&4) (12 Months),STATISTICAL_ROLLING,12_16,NEG,AVERAGE,,,243,-4.73668306695703,-1.7798189056946199,13.061548140284673,170.60403982097398,7.867332108350851,3.29576950251035,22.551744629028438,21.6446792443593,-0.04266550823554457
rw_armax_exog_1_4_12m,rw_armax_exog_1_4_12m,RW-ARMAX (Exog. 1&4) (12 Months),STATISTICAL_ROLLING,12_16,NEG,MARGINAL,,,243,-6.172142115759218,-1.4155699252731262,29.277780515689447,857.1884319248846,10.964673958838961,3.302975366771096,28.938647425884238,35.66762142590697,-0.029168411321778817
rw_armax_exog_1_4_12m,rw_armax_exog_1_4_12m,RW-ARMAX (Exog. 1&4) (12 Months),STATISTICAL_ROLLING,12_16,POS,AVERAGE,,,243,-3.760908941052698,-1.1327652118360376,16.48346179538095,271.70451275978337,4.900916548918814,1.7330814310021445,3.5258920613946474,16.623209935007917,0.19777765211721646
rw_armax_exog_1_4_12m,rw_armax_exog_1_4_12m,RW-ARMAX (Exog. 1&4) (12 Months),STATISTICAL_ROLLING,12_16,POS,MARGINAL,,,243,-11.70141562375256,-0.36666882327114614,93.30198910786204,8705.261171483608,13.92228415312961,2.1001188706162672,5.264499352390805,93.21025224454014,0.031847588300086056
rw_armax_exog_1_4_12m,rw_armax_exog_1_4_12m,RW-ARMAX (Exog. 1&4) (12 Months),STATISTICAL_ROLLING,16_20,NEG,AVERAGE,,,243,0.36909463580512153,0.03986001837494246,4.6003108047477195,21.16285950027861,2.617037284711918,0.8865313681477479,8.558931175692472,7.337457980575138,-0.10464174347793101
rw_armax_exog_1_4_12m,rw_armax_exog_1_4_12m,RW-ARMAX (Exog. 1&4) (12 Months),STATISTICAL_ROLLING,16_20,NEG,MARGINAL,,,243,0.8165680016098404,0.06580276525597967,8.544660618737293,73.01122508939999,4.305226966590105,1.6338637542292567,12.46689973963158,10.025695416690022,-0.046563308429685306
rw_armax_exog_1_4_12m,rw_armax_exog_1_4_12m,RW-ARMAX (Exog. 1&4) (12 Months),STATISTICAL_ROLLING,16_20,POS,AVERAGE,,,243,-1.3116836778161083,-3.7061394563786045,59.114336743330895,3494.504808603921,15.491736934372044,4.886688306910308,66.77596088662516,25.029777784971195,0.1533681662238715
rw_armax_exog_1_4_12m,rw_armax_exog_1_4_12m,RW-ARMAX (Exog. 1&4) (12 Months),STATISTICAL_ROLLING,16_20,POS,MARGINAL,,,243,-6.697658132230741,-2.772696092642944,84.98508199785985,7222.464162182963,20.146459451816664,5.084438168394257,85.88057665531585,42.04192471997184,0.036985247780276065
rw_armax_exog_1_4_12m,rw_armax_exog_1_4_12m,RW-ARMAX (Exog. 1&4) (12 Months),STATISTICAL_ROLLING,20_24,NEG,AVERAGE,,,243,-0.15012823380366952,0.03288496011835218,0.9980237460655906,0.9960513977107944,0.5221087061890527,0.2618137249300645,1.1599432394305367,1.6583954909882475,0.25009486197370756
rw_armax_exog_1_4_12m,rw_armax_exog_1_4_12m,RW-ARMAX (Exog. 1&4) (12 Months),STATISTICAL_ROLLING,20_24,NEG,MARGINAL,,,243,-0.34978690249670635,0.10831907316960288,1.982559830273666,3.9305434806147477,1.0300966643946234,0.44199280610899594,1.8129782361679054,2.883929034999009,0.14836733462036777
rw_armax_exog_1_4_12m,rw_armax_exog_1_4_12m,RW-ARMAX (Exog. 1&4) (12 Months),STATISTICAL_ROLLING,20_24,POS,AVERAGE,,,243,0.009250379337318523,-0.7375194551081456,8.724834672181798,76.12274005690567,3.8572628280916024,1.9998936001395302,12.420541252550779,9.226842954023205,-0.08108652249756179
rw_armax_exog_1_4_12m,rw_armax_exog_1_4_12m,RW-ARMAX (Exog. 1&4) (12 Months),STATISTICAL_ROLLING,20_24,POS,MARGINAL,,,243,1.919708673219664,-0.7332957850025306,35.054448140702625,1228.8143344492098,9.06614134883451,3.1839662419578048,37.58806274017758,12.517589622506696,-0.01692575491853295
rw_armax_exog_1_4_3m,rw_armax_exog_1_4_3m,RW-ARMAX (Exog. 1&4) (3 Months),STATISTICAL_ROLLING,00_04,NEG,AVERAGE,,,243,0.7149183537131241,-0.44897036122230727,12.646588386756473,159.9361978240437,4.19916850661536,1.0402498262448896,15.104285418307844,6.0107601276809515,0.3210934824968388
rw_armax_exog_1_4_3m,rw_armax_exog_1_4_3m,RW-ARMAX (Exog. 1&4) (3 Months),STATISTICAL_ROLLING,00_04,NEG,MARGINAL,,,243,2.260537010638591,-0.5753255462309106,27.82091539216895,774.0033332582232,8.09587070567379,1.634571817184804,31.045223626245733,10.552818794605756,0.3959765585852666
rw_armax_exog_1_4_3m,rw_armax_exog_1_4_3m,RW-ARMAX (Exog. 1&4) (3 Months),STATISTICAL_ROLLING,00_04,POS,AVERAGE,,,243,0.06104230216483694,-0.22623809402268957,2.5822809007386494,6.668174650319609,1.3183564795051028,0.6501673696036869,2.5986334303070158,1.7587846020864546,0.19786222861496094
rw_armax_exog_1_4_3m,rw_armax_exog_1_4_3m,RW-ARMAX (Exog. 1&4) (3 Months),STATISTICAL_ROLLING,00_04,POS,MARGINAL,,,243,-0.035816799604238454,-0.18997847489861108,3.692285346903726,13.632971082959967,1.7900698777483124,0.8296147487156871,3.19193727019675,2.8277429559291614,0.0916951818016968
rw_armax_exog_1_4_3m,rw_armax_exog_1_4_3m,RW-ARMAX (Exog. 1&4) (3 Months),STATISTICAL_ROLLING,04_08,NEG,AVERAGE,,,243,-0.2904770924186442,-0.19722999091428406,4.003752550206496,16.03003448328502,2.227592059706621,1.024249118352469,5.089654340963143,4.010206119444472,-0.0827860081671238
rw_armax_exog_1_4_3m,rw_armax_exog_1_4_3m,RW-ARMAX (Exog. 1&4) (3 Months),STATISTICAL_ROLLING,04_08,NEG,MARGINAL,,,243,-0.017251623992084065,-0.37936231153436584,9.401188281522789,88.3823411046414,4.308387988006259,1.6102808736259542,10.539228703288513,7.5686366231957205,-0.1335344611847977
rw_armax_exog_1_4_3m,rw_armax_exog_1_4_3m,RW-ARMAX (Exog. 1&4) (3 Months),STATISTICAL_ROLLING,04_08,POS,AVERAGE,,,243,-0.07667152069651527,-0.3484136426878459,6.467462463059333,41.828070711081494,3.2777717167412357,2.0553609228602685,6.4274600192774995,4.976234471227694,0.025240632239538104
rw_armax_exog_1_4_3m,rw_armax_exog_1_4_3m,RW-ARMAX (Exog. 1&4) (3 Months),STATISTICAL_ROLLING,04_08,POS,MARGINAL,,,243,-1.9134403467782726,-0.8154219383209345,21.13655392107535,446.7539116585258,5.970186414404873,2.753299934853798,7.917608845173763,20.651501248561523,0.03505381797595165
rw_armax_exog_1_4_3m,rw_armax_exog_1_4_3m,RW-ARMAX (Exog. 1&4) (3 Months),STATISTICAL_ROLLING,08_12,NEG,AVERAGE,,,243,-0.04096797087612754,0.010840734668255525,8.77684965698579,77.03308990133159,4.373572516802313,1.6301057839229607,13.45491447150649,10.560168636909578,-0.030291654298812167
rw_armax_exog_1_4_3m,rw_armax_exog_1_4_3m,RW-ARMAX (Exog. 1&4) (3 Months),STATISTICAL_ROLLING,08_12,NEG,MARGINAL,,,243,-1.6387658180371467,-0.1471477011679312,20.799517502505147,432.61992833701794,8.125171351608596,2.328441700487467,18.069594339073817,21.83595049220211,-0.19932815369280094
rw_armax_exog_1_4_3m,rw_armax_exog_1_4_3m,RW-ARMAX (Exog. 1&4) (3 Months),STATISTICAL_ROLLING,08_12,POS,AVERAGE,,,243,-2.1995457403899743,-1.8810088904688582,11.610858335500014,134.81203128705016,7.007424860371218,4.674282422559177,13.256311546062081,10.609856851786446,-0.13887082308688573
rw_armax_exog_1_4_3m,rw_armax_exog_1_4_3m,RW-ARMAX (Exog. 1&4) (3 Months),STATISTICAL_ROLLING,08_12,POS,MARGINAL,,,243,-2.60990481017603,-1.364033050118425,22.76053010858936,518.0417308240028,11.244995363925032,5.011255274800387,23.90772455597127,19.567373889197142,-0.16934842920509274
rw_armax_exog_1_4_3m,rw_armax_exog_1_4_3m,RW-ARMAX (Exog. 1&4) (3 Months),STATISTICAL_ROLLING,12_16,NEG,AVERAGE,,,243,-0.020754459909825187,-0.8741583688943138,46.19902456793983,2134.3498710291083,13.947661132748431,4.062705597713922,52.4354071152315,21.6446792443593,-0.03550133270739438
rw_armax_exog_1_4_3m,rw_armax_exog_1_4_3m,RW-ARMAX (Exog. 1&4) (3 Months),STATISTICAL_ROLLING,12_16,NEG,MARGINAL,,,243,-5.221393395666972,-0.49406178822351965,35.8258209328135,1283.4894455100177,15.211739598796907,5.758773610296672,35.68371894824612,35.66762142590697,0.021221111150565644
rw_armax_exog_1_4_3m,rw_armax_exog_1_4_3m,RW-ARMAX (Exog. 1&4) (3 Months),STATISTICAL_ROLLING,12_16,POS,AVERAGE,,,243,-2.0624485762139573,-1.2865636975882877,19.72018956961173,388.88587666142325,6.8517490349114185,3.1278551680816546,13.140069402753127,16.623209935007917,0.01314027143181321
rw_armax_exog_1_4_3m,rw_armax_exog_1_4_3m,RW-ARMAX (Exog. 1&4) (3 Months),STATISTICAL_ROLLING,12_16,POS,MARGINAL,,,243,-10.534837969281412,-1.3049070400971168,93.61392917479655,8763.567735543826,16.37671672254879,3.6671714309077563,14.115082182972017,93.21025224454014,-0.0021148095444079805
rw_armax_exog_1_4_3m,rw_armax_exog_1_4_3m,RW-ARMAX (Exog. 1&4) (3 Months),STATISTICAL_ROLLING,16_20,NEG,AVERAGE,,,243,0.03429863880763825,0.0767048553058971,4.5986542775621855,21.147621164540983,2.486784826056595,0.6922367087979122,7.853585611541626,7.337457980575138,0.07655195752550915
rw_armax_exog_1_4_3m,rw_armax_exog_1_4_3m,RW-ARMAX (Exog. 1&4) (3 Months),STATISTICAL_ROLLING,16_20,NEG,MARGINAL,,,243,0.06557276480906868,0.13365349118227793,6.858725281380944,47.04211248545411,3.195863702080141,0.8434031562628448,9.789465352974672,10.025695416690022,0.10434662142518733
rw_armax_exog_1_4_3m,rw_armax_exog_1_4_3m,RW-ARMAX (Exog. 1&4) (3 Months),STATISTICAL_ROLLING,16_20,POS,AVERAGE,,,243,2.281801671725692,-1.0616521459139534,92.2671312143989,8513.223502535104,14.89031211197142,4.689171355643683,96.76688542736348,25.029777784971195,-0.03303828599162378
rw_armax_exog_1_4_3m,rw_armax_exog_1_4_3m,RW-ARMAX (Exog. 1&4) (3 Months),STATISTICAL_ROLLING,16_20,POS,MARGINAL,,,243,-6.087890106054666,-1.9714571093018467,36.696145774044815,1346.6071146699471,16.45005990363998,6.014060295063349,40.175058413685264,42.04192471997184,0.08184823842749464
rw_armax_exog_1_4_3m,rw_armax_exog_1_4_3m,RW-ARMAX (Exog. 1&4) (3 Months),STATISTICAL_ROLLING,20_24,NEG,AVERAGE,,,243,-0.2046842245375599,-0.001655577560995214,1.0504366635783724,1.1034171841896627,0.5199266955090683,0.2521583984566026,1.234843007840655,1.6583954909882475,0.160184150864854
rw_armax_exog_1_4_3m,rw_armax_exog_1_4_3m,RW-ARMAX (Exog. 1&4) (3 Months),STATISTICAL_ROLLING,20_24,NEG,MARGINAL,,,243,-0.43186957593324476,-0.03615106737792062,2.047040575406296,4.190375117359738,1.0530277456433752,0.48496255318780435,2.3117641156396562,2.883929034999009,0.038089917965442886
rw_armax_exog_1_4_3m,rw_armax_exog_1_4_3m,RW-ARMAX (Exog. 1&4) (3 Months),STATISTICAL_ROLLING,20_24,POS,AVERAGE,,,243,0.4264964707119151,-0.5531570140951168,12.816463151050602,164.26172770223792,4.334453974079488,2.1305641056174167,15.680742441645462,9.226842954023205,-0.04356458840736313
rw_armax_exog_1_4_3m,rw_armax_exog_1_4_3m,RW-ARMAX (Exog. 1&4) (3 Months),STATISTICAL_ROLLING,20_24,POS,MARGINAL,,,243,0.5154334999306733,-0.634068182891494,19.16555887394126,367.3186469505086,6.414762307523287,2.951329491465909,20.986842978994037,12.517589622506696,-0.04046618935711564
rw_armax_exog_1_4_6m,rw_armax_exog_1_4_6m,RW-ARMAX (Exog. 1&4) (6 Months),STATISTICAL_ROLLING,00_04,NEG,AVERAGE,,,243,-0.20140989873302198,-0.4372607458389588,8.158593006330694,66.5626398429481,3.5150912694895164,1.0580402561004032,10.356827682320503,6.0107601276809515,0.04218235822646663
rw_armax_exog_1_4_6m,rw_armax_exog_1_4_6m,RW-ARMAX (Exog. 1&4) (6 Months),STATISTICAL_ROLLING,00_04,NEG,MARGINAL,,,243,-0.03369147299877373,-0.45275486255259967,17.312605842988603,299.7263210746831,6.3550649007475135,1.229376797821851,19.733484046054574,10.552818794605756,0.12189490518141986
rw_armax_exog_1_4_6m,rw_armax_exog_1_4_6m,RW-ARMAX (Exog. 1&4) (6 Months),STATISTICAL_ROLLING,00_04,POS,AVERAGE,,,243,0.022351739057249763,-0.1368845061088062,2.3265447856870036,5.412810639807385,1.154177062861656,0.5869319046413493,2.376949692445644,1.7587846020864546,0.1242749940765469
rw_armax_exog_1_4_6m,rw_armax_exog_1_4_6m,RW-ARMAX (Exog. 1&4) (6 Months),STATISTICAL_ROLLING,00_04,POS,MARGINAL,,,243,-0.09633330442871654,-0.18181393770020193,3.465746933742045,12.011401808742386,1.6377183228016954,0.7431214295578634,3.295185225728183,2.8277429559291614,-0.057548769200571614
rw_armax_exog_1_4_6m,rw_armax_exog_1_4_6m,RW-ARMAX (Exog. 1&4) (6 Months),STATISTICAL_ROLLING,04_08,NEG,AVERAGE,,,243,-0.36486595287425283,-0.11582595760956482,3.814322872189058,14.549058973304584,2.153043115334693,0.9712092591166623,4.6870498234151174,4.010206119444472,-0.11698715029703101
rw_armax_exog_1_4_6m,rw_armax_exog_1_4_6m,RW-ARMAX (Exog. 1&4) (6 Months),STATISTICAL_ROLLING,04_08,NEG,MARGINAL,,,243,-0.38131930292632293,-0.1715513119710268,8.518049012722884,72.55715898314928,4.198972638979564,1.7207602861633031,9.151737160219874,7.5686366231957205,-0.13543896572762393
rw_armax_exog_1_4_6m,rw_armax_exog_1_4_6m,RW-ARMAX (Exog. 1&4) (6 Months),STATISTICAL_ROLLING,04_08,POS,AVERAGE,,,243,-0.37299730440287393,-0.15530467844490214,4.645867885652178,21.58408841093424,2.698201122018809,1.7823078659324008,4.645284899340915,4.976234471227694,0.06738254387241667
rw_armax_exog_1_4_6m,rw_armax_exog_1_4_6m,RW-ARMAX (Exog. 1&4) (6 Months),STATISTICAL_ROLLING,04_08,POS,MARGINAL,,,243,-1.7625657524625242,-0.05029685233685122,20.77506171230504,431.60318915008276,5.514795151019307,2.5538326545659453,7.008612093797652,20.651501248561523,0.03782036735612531
rw_armax_exog_1_4_6m,rw_armax_exog_1_4_6m,RW-ARMAX (Exog. 1&4) (6 Months),STATISTICAL_ROLLING,08_12,NEG,AVERAGE,,,243,-1.633998008092926,-0.08187107242127611,6.637709072775768,44.05918173480975,4.097202271586561,1.86879119701952,9.70288360057726,10.560168636909578,0.03636789443849231
rw_armax_exog_1_4_6m,rw_armax_exog_1_4_6m,RW-ARMAX (Exog. 1&4) (6 Months),STATISTICAL_ROLLING,08_12,NEG,MARGINAL,,,243,-2.8318998150277106,-0.18088408511662846,19.456766044105546,378.5657448950585,7.4351585835704865,2.40032164945244,14.825317589362651,21.83595049220211,-0.10166042556339311
rw_armax_exog_1_4_6m,rw_armax_exog_1_4_6m,RW-ARMAX (Exog. 1&4) (6 Months),STATISTICAL_ROLLING,08_12,POS,AVERAGE,,,243,-3.2172041160419633,-2.138765293045859,9.089277898337526,82.61497271320705,6.155713976538093,3.7822587785055806,8.781711143712842,10.609856851786446,0.19838064534034527
rw_armax_exog_1_4_6m,rw_armax_exog_1_4_6m,RW-ARMAX (Exog. 1&4) (6 Months),STATISTICAL_ROLLING,08_12,POS,MARGINAL,,,243,-4.602742343269355,-1.3809531225755798,18.190024386408364,330.876987178131,10.133861185741008,4.771155427261929,15.26147560985923,19.567373889197142,0.004363721930089844
rw_armax_exog_1_4_6m,rw_armax_exog_1_4_6m,RW-ARMAX (Exog. 1&4) (6 Months),STATISTICAL_ROLLING,12_16,NEG,AVERAGE,,,243,-2.5819511161504898,-0.6125941540920314,28.608953542968155,818.4722228237101,12.220674360782827,3.062386684412054,36.30133124670768,21.6446792443593,-0.05309397769206659
rw_armax_exog_1_4_6m,rw_armax_exog_1_4_6m,RW-ARMAX (Exog. 1&4) (6 Months),STATISTICAL_ROLLING,12_16,NEG,MARGINAL,,,243,-4.67356120675768,-0.9950948851576298,45.25893434864367,2048.3711383748378,17.82955107690633,4.481812409252122,47.420970008865105,35.66762142590697,-0.06108597441845975
rw_armax_exog_1_4_6m,rw_armax_exog_1_4_6m,RW-ARMAX (Exog. 1&4) (6 Months),STATISTICAL_ROLLING,12_16,POS,AVERAGE,,,243,-3.7997366277930955,-1.2675660631297427,16.74200345202713,280.29467958768834,6.023517360066424,2.6214056544943514,5.05401543837626,16.623209935007917,0.1723232710678628
rw_armax_exog_1_4_6m,rw_armax_exog_1_4_6m,RW-ARMAX (Exog. 1&4) (6 Months),STATISTICAL_ROLLING,12_16,POS,MARGINAL,,,243,-12.41292180516329,-1.478592116827457,93.49742828595636,8741.769096087553,15.690419463579452,4.0178240255402216,7.220056861683134,93.21025224454014,0.03249174783408591
rw_armax_exog_1_4_6m,rw_armax_exog_1_4_6m,RW-ARMAX (Exog. 1&4) (6 Months),STATISTICAL_ROLLING,16_20,NEG,AVERAGE,,,243,0.005989640432248207,0.026725590189077275,4.20223698175678,17.65879565084433,2.3764153148675886,0.787524319043855,7.974035819654961,7.337457980575138,-0.013167344998761188
rw_armax_exog_1_4_6m,rw_armax_exog_1_4_6m,RW-ARMAX (Exog. 1&4) (6 Months),STATISTICAL_ROLLING,16_20,NEG,MARGINAL,,,243,-0.20779476884320452,0.07464569771063945,6.775018207707631,45.90087171476991,3.425571334487552,0.9317059788610234,10.261402355803245,10.025695416690022,0.08539002231173037
rw_armax_exog_1_4_6m,rw_armax_exog_1_4_6m,RW-ARMAX (Exog. 1&4) (6 Months),STATISTICAL_ROLLING,16_20,POS,AVERAGE,,,243,0.46674367382428633,-0.5000358245051935,75.28608621045127,5667.994776887501,14.751061889872615,4.6810968779888,77.05503934698967,25.029777784971195,0.005369829313204501
rw_armax_exog_1_4_6m,rw_armax_exog_1_4_6m,RW-ARMAX (Exog. 1&4) (6 Months),STATISTICAL_ROLLING,16_20,POS,MARGINAL,,,243,1.2596111873789189,-0.9004461211216714,132.3020680385862,17503.8372072867,23.235590472155607,5.9505502353006285,137.01693063900572,42.04192471997184,0.01105838740818154
rw_armax_exog_1_4_6m,rw_armax_exog_1_4_6m,RW-ARMAX (Exog. 1&4) (6 Months),STATISTICAL_ROLLING,20_24,NEG,AVERAGE,,,243,-0.21367578538185533,0.03088107288481101,1.0183172588400395,1.0369700396514923,0.5245113211288017,0.24872993320755954,1.0181469538608434,1.6583954909882475,0.43603709218170505
rw_armax_exog_1_4_6m,rw_armax_exog_1_4_6m,RW-ARMAX (Exog. 1&4) (6 Months),STATISTICAL_ROLLING,20_24,NEG,MARGINAL,,,243,-0.4926356006549697,0.06082680657318962,1.9785184390956456,3.9145352138414697,1.0213937990307873,0.4246243102521958,1.6221250756066754,2.883929034999009,0.3124005410928287
rw_armax_exog_1_4_6m,rw_armax_exog_1_4_6m,RW-ARMAX (Exog. 1&4) (6 Months),STATISTICAL_ROLLING,20_24,POS,AVERAGE,,,243,1.5347005816268113,-0.4369375912344484,16.125232419965915,260.0231205979198,6.494429642582517,2.2103963982358437,19.068581672240107,9.226842954023205,0.09716029872057251
rw_armax_exog_1_4_6m,rw_armax_exog_1_4_6m,RW-ARMAX (Exog. 1&4) (6 Months),STATISTICAL_ROLLING,20_24,POS,MARGINAL,,,243,1.7664002003191197,-0.6334750465941212,28.702104412898557,823.8107977289309,9.64873311781908,2.979249771365513,31.539016640566686,12.517589622506696,-0.0049799617426991094
rw_armax_exog_1_6m,rw_armax_exog_1_6m,RW-ARMAX (Exog. 1) (6 Months),STATISTICAL_ROLLING,00_04,NEG,AVERAGE,,,243,-0.6696687211209273,0.17780763182964332,3.583768372420494,12.843395747161438,1.8869530900606015,0.6594554382430324,4.7883349206289,6.0107601276809515,0.04552466589430762
rw_armax_exog_1_6m,rw_armax_exog_1_6m,RW-ARMAX (Exog. 1) (6 Months),STATISTICAL_ROLLING,00_04,NEG,MARGINAL,,,243,-1.6185189281183108,0.33746211444450935,8.135580737906107,66.18767394298888,3.833086061464294,1.177761534562583,7.069046211437901,10.552818794605756,-0.06799768070171788
rw_armax_exog_1_6m,rw_armax_exog_1_6m,RW-ARMAX (Exog. 1) (6 Months),STATISTICAL_ROLLING,00_04,POS,AVERAGE,,,243,-0.02257384674730018,0.06320111188597899,0.9377416709612137,0.8793594414571292,0.29550221093579127,0.14915568055300676,1.6145722866287648,1.7587846020864546,0.06810625683739864
rw_armax_exog_1_6m,rw_armax_exog_1_6m,RW-ARMAX (Exog. 1) (6 Months),STATISTICAL_ROLLING,00_04,POS,MARGINAL,,,243,-0.07610646992387626,0.30862335232712823,2.347762494142597,5.511988728902667,0.9205056610376852,0.4316271478928737,1.9181943170427416,2.8277429559291614,0.0015093175785743347
rw_armax_exog_1_6m,rw_armax_exog_1_6m,RW-ARMAX (Exog. 1) (6 Months),STATISTICAL_ROLLING,04_08,NEG,AVERAGE,,,243,-0.38870393496659456,0.2544599513828185,2.49384019607458,6.219238923557301,1.3846142221616036,0.644964135786382,3.274093619128293,4.010206119444472,0.0917226053537957
rw_armax_exog_1_6m,rw_armax_exog_1_6m,RW-ARMAX (Exog. 1) (6 Months),STATISTICAL_ROLLING,04_08,NEG,MARGINAL,,,243,-1.1408552340966807,0.5497803734267261,6.382414461470981,40.73521435799392,3.185695423719792,1.4204135664488842,4.486700885999056,7.5686366231957205,0.022810723666888053
rw_armax_exog_1_6m,rw_armax_exog_1_6m,RW-ARMAX (Exog. 1) (6 Months),STATISTICAL_ROLLING,04_08,POS,AVERAGE,,,243,-0.4713921026134089,0.5837152775686327,4.068535177709393,16.5529784922588,1.8644765157737104,1.0523802090241459,3.30189394844062,4.976234471227694,0.14371740684148487
rw_armax_exog_1_6m,rw_armax_exog_1_6m,RW-ARMAX (Exog. 1) (6 Months),STATISTICAL_ROLLING,04_08,POS,MARGINAL,,,243,-2.220803044542873,1.0412535814107375,20.624342566170764,425.36350628676325,4.727686776131981,1.7932815175273706,4.250076323817916,20.651501248561523,0.025915950334655664
rw_armax_exog_1_6m,rw_armax_exog_1_6m,RW-ARMAX (Exog. 1) (6 Months),STATISTICAL_ROLLING,08_12,NEG,AVERAGE,,,243,0.0794932486901515,0.26165077234569845,3.9703780360510903,15.763901749156911,2.0422760296296794,0.9813413945879401,10.054741668158332,10.560168636909578,-0.034091848012497906
rw_armax_exog_1_6m,rw_armax_exog_1_6m,RW-ARMAX (Exog. 1) (6 Months),STATISTICAL_ROLLING,08_12,NEG,MARGINAL,,,243,-0.9307350358140597,0.7876716586074242,17.417151362534096,303.35716158542334,5.5175117158399125,2.0904788874166798,13.24830091508189,21.83595049220211,-0.08733781824758617
rw_armax_exog_1_6m,rw_armax_exog_1_6m,RW-ARMAX (Exog. 1) (6 Months),STATISTICAL_ROLLING,08_12,POS,AVERAGE,,,243,-1.3177760700267276,1.048417960825219,8.728019212614948,76.17831937577564,4.484692978123781,2.2506509158803567,7.126763188247951,10.609856851786446,0.06904249895083418
rw_armax_exog_1_6m,rw_armax_exog_1_6m,RW-ARMAX (Exog. 1) (6 Months),STATISTICAL_ROLLING,08_12,POS,MARGINAL,,,243,-3.054480480973006,2.5245107195392436,18.293419623901638,334.6492015361496,9.110294227414158,4.23961935079744,9.072977883014792,19.567373889197142,0.016601637463095693
rw_armax_exog_1_6m,rw_armax_exog_1_6m,RW-ARMAX (Exog. 1) (6 Months),STATISTICAL_ROLLING,12_16,NEG,AVERAGE,,,243,0.6299812061927681,0.49386441842691564,6.0200508895920555,36.241012713278096,3.7618797256712564,1.9016754100722988,22.212953981029234,21.6446792443593,-0.1873323071951831
rw_armax_exog_1_6m,rw_armax_exog_1_6m,RW-ARMAX (Exog. 1) (6 Months),STATISTICAL_ROLLING,12_16,NEG,MARGINAL,,,243,-0.38111282417478076,0.8850095002416349,27.429094725144882,752.3552374409709,8.297623546482686,3.1060565177824735,28.668116759504816,35.66762142590697,-0.024804913401002538
rw_armax_exog_1_6m,rw_armax_exog_1_6m,RW-ARMAX (Exog. 1) (6 Months),STATISTICAL_ROLLING,12_16,POS,AVERAGE,,,243,-2.3524578276090495,0.47810201668244723,16.164343124247054,261.285988638393,3.8642611104256313,0.9624015412476652,4.044215484569086,16.623209935007917,0.13980619603640798
rw_armax_exog_1_6m,rw_armax_exog_1_6m,RW-ARMAX (Exog. 1) (6 Months),STATISTICAL_ROLLING,12_16,POS,MARGINAL,,,243,-10.44421911048308,1.3764116580817056,93.28290064518849,8701.699552780106,13.377805320678796,1.9030619487287206,5.399174662853919,93.21025224454014,0.0241012927333871
rw_armax_exog_1_6m,rw_armax_exog_1_6m,RW-ARMAX (Exog. 1) (6 Months),STATISTICAL_ROLLING,16_20,NEG,AVERAGE,,,243,0.1904304245787955,0.14195835466373086,2.198841031954095,4.8349018838049505,1.327887042811077,0.5398128031812637,7.2611357619294985,7.337457980575138,-0.06705637020003526
rw_armax_exog_1_6m,rw_armax_exog_1_6m,RW-ARMAX (Exog. 1) (6 Months),STATISTICAL_ROLLING,16_20,NEG,MARGINAL,,,243,0.06574511510952492,0.2633912437537044,5.175988226961197,26.790854125640916,2.356344436487617,0.9184895347803028,8.813430695815054,10.025695416690022,-0.06758224997858593
rw_armax_exog_1_6m,rw_armax_exog_1_6m,RW-ARMAX (Exog. 1) (6 Months),STATISTICAL_ROLLING,16_20,POS,AVERAGE,,,243,-4.311987847042456,0.8195882437917916,21.494614089525786,462.01843485764044,8.956484316431865,3.7836210691058696,9.326009818198102,25.029777784971195,0.44336969141192545
rw_armax_exog_1_6m,rw_armax_exog_1_6m,RW-ARMAX (Exog. 1) (6 Months),STATISTICAL_ROLLING,16_20,POS,MARGINAL,,,243,-7.703712962885046,1.8605260302183915,36.25320799393142,1314.2950898512531,15.41506448588913,5.808046683138265,14.057927790553421,42.04192471997184,0.41474417455886775
rw_armax_exog_1_6m,rw_armax_exog_1_6m,RW-ARMAX (Exog. 1) (6 Months),STATISTICAL_ROLLING,20_24,NEG,AVERAGE,,,243,-0.18698803719313634,0.03536111846143841,0.9445283732241194,0.8921338478254014,0.4598301805454936,0.17414838241362007,1.1943281512639177,1.6583954909882475,0.34086427717869516
rw_armax_exog_1_6m,rw_armax_exog_1_6m,RW-ARMAX (Exog. 1) (6 Months),STATISTICAL_ROLLING,20_24,NEG,MARGINAL,,,243,-0.41286552247406727,0.18944603762139733,2.2666928913525632,5.137896663708243,1.140303672596883,0.46581483079586916,1.6755371188302883,2.883929034999009,0.2087110758634909
rw_armax_exog_1_6m,rw_armax_exog_1_6m,RW-ARMAX (Exog. 1) (6 Months),STATISTICAL_ROLLING,20_24,POS,AVERAGE,,,243,-0.05529338210496749,0.4338523811931747,3.1909575681068154,10.182210201458162,1.9901547680725296,1.216054116952705,9.1717488721463,9.226842954023205,0.007148565767132577
rw_armax_exog_1_6m,rw_armax_exog_1_6m,RW-ARMAX (Exog. 1) (6 Months),STATISTICAL_ROLLING,20_24,POS,MARGINAL,,,243,-0.5561944435362028,0.971304558419142,7.8865611828054485,62.19784729013368,3.851119256300279,2.2205274905796397,10.16694898039575,12.517589622506696,0.12225523654733353
rw_armax_exog_4_12m,rw_armax_exog_4_12m,RW-ARMAX (Exog. 4) (12 Months),STATISTICAL_ROLLING,00_04,NEG,AVERAGE,,,243,-1.1228641499283274,-0.052622722454108484,3.4489574401533725,11.895307423989303,1.985599196973355,0.8676118311138872,3.8784569697838034,6.0107601276809515,0.4306469170343973
rw_armax_exog_4_12m,rw_armax_exog_4_12m,RW-ARMAX (Exog. 4) (12 Months),STATISTICAL_ROLLING,00_04,NEG,MARGINAL,,,243,-2.188892767211876,0.07175346576235775,7.403269388200529,54.808397634267045,3.5387772232934136,1.188450283184633,5.446783107707836,10.552818794605756,0.13734080412131142
rw_armax_exog_4_12m,rw_armax_exog_4_12m,RW-ARMAX (Exog. 4) (12 Months),STATISTICAL_ROLLING,00_04,POS,AVERAGE,,,243,-0.1260687155529437,0.03670480321715841,1.1289795610986453,1.2745948493784898,0.41036247309275176,0.18717671636884736,1.310200238516223,1.7587846020864546,0.5712341604438603
rw_armax_exog_4_12m,rw_armax_exog_4_12m,RW-ARMAX (Exog. 4) (12 Months),STATISTICAL_ROLLING,00_04,POS,MARGINAL,,,243,-0.30984293655507283,0.15778739914088824,2.383100644797671,5.679168683235076,0.8608174595943698,0.37925096389044066,1.5104816951323232,2.8277429559291614,0.282426349212631
rw_armax_exog_4_12m,rw_armax_exog_4_12m,RW-ARMAX (Exog. 4) (12 Months),STATISTICAL_ROLLING,04_08,NEG,AVERAGE,,,243,-0.41295787487005886,0.13711337849438365,2.198206638930011,4.832112427435975,1.2707981210401702,0.5848073012966308,3.015513176125105,4.010206119444472,0.3295965622324073
rw_armax_exog_4_12m,rw_armax_exog_4_12m,RW-ARMAX (Exog. 4) (12 Months),STATISTICAL_ROLLING,04_08,NEG,MARGINAL,,,243,-0.9227804023194621,0.5251173405393912,5.8762852635639575,34.530728498778934,2.790353779158464,1.21112557677748,4.53797582367325,7.5686366231957205,-0.047338529692325326
rw_armax_exog_4_12m,rw_armax_exog_4_12m,RW-ARMAX (Exog. 4) (12 Months),STATISTICAL_ROLLING,04_08,POS,AVERAGE,,,243,-0.5422574437025147,0.21564726852579952,4.226432290605285,17.862729907071035,1.9205296693894962,0.9284337496390425,3.1758079111082638,4.976234471227694,0.28190822052909675
rw_armax_exog_4_12m,rw_armax_exog_4_12m,RW-ARMAX (Exog. 4) (12 Months),STATISTICAL_ROLLING,04_08,POS,MARGINAL,,,243,-2.2846038184407615,0.6689448832644267,20.59427219373808,424.1240471897736,4.625468280671682,1.5030897670832033,4.408935429579565,20.651501248561523,0.05194640998030093
rw_armax_exog_4_12m,rw_armax_exog_4_12m,RW-ARMAX (Exog. 4) (12 Months),STATISTICAL_ROLLING,08_12,NEG,AVERAGE,,,243,-0.448068652294034,0.16603422447673877,4.049546519494207,16.39882701354765,1.9351700782222172,0.9424590226355649,9.156828201641776,10.560168636909578,0.32978307463832957
rw_armax_exog_4_12m,rw_armax_exog_4_12m,RW-ARMAX (Exog. 4) (12 Months),STATISTICAL_ROLLING,08_12,NEG,MARGINAL,,,243,-1.61803647362435,0.44921735275207997,17.95746334026602,322.470489616998,5.211858587716553,1.400760754958906,12.911638448978064,21.83595049220211,-0.03797061743641
rw_armax_exog_4_12m,rw_armax_exog_4_12m,RW-ARMAX (Exog. 4) (12 Months),STATISTICAL_ROLLING,08_12,POS,AVERAGE,,,243,-1.843791047082958,0.28809268231026586,8.730633104817665,76.22395441093815,4.484522334405702,1.7891415877878387,6.67337631822412,10.609856851786446,0.2373054922188612
rw_armax_exog_4_12m,rw_armax_exog_4_12m,RW-ARMAX (Exog. 4) (12 Months),STATISTICAL_ROLLING,08_12,POS,MARGINAL,,,243,-3.8876797407475894,0.6554285007176084,17.96431943475629,322.71677275396263,8.439199921063496,2.8362826698207773,10.514854550685081,19.567373889197142,0.006494009804193068
rw_armax_exog_4_12m,rw_armax_exog_4_12m,RW-ARMAX (Exog. 4) (12 Months),STATISTICAL_ROLLING,12_16,NEG,AVERAGE,,,243,-0.5114101863680678,0.09126189036735388,7.958613944164733,63.339535912253325,4.565106514431449,1.7793345027957503,22.19461004287737,21.6446792443593,0.002033396787880464
rw_armax_exog_4_12m,rw_armax_exog_4_12m,RW-ARMAX (Exog. 4) (12 Months),STATISTICAL_ROLLING,12_16,NEG,MARGINAL,,,243,-2.6322518644099446,0.4565013367183339,26.444742210191755,699.3243905634976,7.130999388740688,2.5288152323049857,26.158746514209707,35.66762142590697,-0.0042428701031996694
rw_armax_exog_4_12m,rw_armax_exog_4_12m,RW-ARMAX (Exog. 4) (12 Months),STATISTICAL_ROLLING,12_16,POS,AVERAGE,,,243,-3.6199852990016232,-0.9397802500752803,16.6375202156582,276.8070789264353,4.719148503936272,1.2620876150001514,4.696495065743405,16.623209935007917,0.18570390339726878
rw_armax_exog_4_12m,rw_armax_exog_4_12m,RW-ARMAX (Exog. 4) (12 Months),STATISTICAL_ROLLING,12_16,POS,MARGINAL,,,243,-12.302328920755533,-0.925416633260804,93.31975726278039,8708.577095584253,13.77838036950358,1.6184930985605792,6.426545330591636,93.21025224454014,0.030235211394362613
rw_armax_exog_4_12m,rw_armax_exog_4_12m,RW-ARMAX (Exog. 4) (12 Months),STATISTICAL_ROLLING,16_20,NEG,AVERAGE,,,243,-0.056028230078712535,0.06782086363202011,1.7346811214750881,3.009118593202069,0.9855531781232673,0.39512656425438397,6.939378025583592,7.337457980575138,0.09469203500598503
rw_armax_exog_4_12m,rw_armax_exog_4_12m,RW-ARMAX (Exog. 4) (12 Months),STATISTICAL_ROLLING,16_20,NEG,MARGINAL,,,243,-0.38936257660988294,0.14245954713602482,4.577000003322771,20.94892903041665,1.7228565102723803,0.5389243135989434,8.360331368391726,10.025695416690022,0.031237857846067876
rw_armax_exog_4_12m,rw_armax_exog_4_12m,RW-ARMAX (Exog. 4) (12 Months),STATISTICAL_ROLLING,16_20,POS,AVERAGE,,,243,-5.458059563889319,0.05572141908102424,21.615142079850965,467.2143671321439,8.334355842261774,2.240461141120843,6.983138830069932,25.029777784971195,0.556917894361013
rw_armax_exog_4_12m,rw_armax_exog_4_12m,RW-ARMAX (Exog. 4) (12 Months),STATISTICAL_ROLLING,16_20,POS,MARGINAL,,,243,-9.398571131426227,1.1822259348467767,36.84519121167792,1357.568115425108,14.22152459066588,3.6539187173889545,10.70308362715273,42.04192471997184,0.5083152774189913
rw_armax_exog_4_12m,rw_armax_exog_4_12m,RW-ARMAX (Exog. 4) (12 Months),STATISTICAL_ROLLING,20_24,NEG,AVERAGE,,,243,-0.13414938107758315,0.02370546105247806,0.8181811692003537,0.6694204256340578,0.3903480790359708,0.15126332192011427,1.3238652204312027,1.6583954909882475,0.2446459315120114
rw_armax_exog_4_12m,rw_armax_exog_4_12m,RW-ARMAX (Exog. 4) (12 Months),STATISTICAL_ROLLING,20_24,NEG,MARGINAL,,,243,-0.35935689655670405,0.1183223893359524,1.897353826486365,3.5999515428824513,0.9071803422764335,0.35345311922627864,1.8524761031879768,2.883929034999009,0.13018887561648015
rw_armax_exog_4_12m,rw_armax_exog_4_12m,RW-ARMAX (Exog. 4) (12 Months),STATISTICAL_ROLLING,20_24,POS,AVERAGE,,,243,-0.23168593743895582,0.3802038628123743,2.966773776529873,8.801746641105327,1.8696126380871703,1.1658708945047707,8.7030016067457,9.226842954023205,0.23181395085032988
rw_armax_exog_4_12m,rw_armax_exog_4_12m,RW-ARMAX (Exog. 4) (12 Months),STATISTICAL_ROLLING,20_24,POS,MARGINAL,,,243,-0.7768183135807624,0.6034946951035636,7.616251424749505,58.00728576499886,3.3737733682080555,1.6305646353033243,9.746625496632735,12.517589622506696,0.1312956054357579
rw_armax_exog_4_3m,rw_armax_exog_4_3m,RW-ARMAX (Exog. 4) (3 Months),STATISTICAL_ROLLING,00_04,NEG,AVERAGE,,,243,-1.5998475187846848,-0.3497552276719693,3.4241475099764793,11.724786170078124,2.1386877910417144,0.8033910882225497,3.6899905242168356,6.0107601276809515,0.48366497900735406
rw_armax_exog_4_3m,rw_armax_exog_4_3m,RW-ARMAX (Exog. 4) (3 Months),STATISTICAL_ROLLING,00_04,NEG,MARGINAL,,,243,-2.666589245940813,-0.18404579876803773,7.38581805508268,54.55030834278531,3.757605950345961,1.311336754396716,5.5475264252578,10.552818794605756,0.15691204286459168
rw_armax_exog_4_3m,rw_armax_exog_4_3m,RW-ARMAX (Exog. 4) (3 Months),STATISTICAL_ROLLING,00_04,POS,AVERAGE,,,243,-0.17573440978990948,-0.046548213297834096,1.1010829631546488,1.2123836917494217,0.4660408714316724,0.26794305246652783,1.4319011304490359,1.7587846020864546,0.5313310956740132
rw_armax_exog_4_3m,rw_armax_exog_4_3m,RW-ARMAX (Exog. 4) (3 Months),STATISTICAL_ROLLING,00_04,POS,MARGINAL,,,243,-0.42622739803767,-0.08007799963500517,2.291406732986695,5.25054481597676,0.8958990424373099,0.4044133785761699,1.7944643886014358,2.8277429559291614,0.19394098212038122
rw_armax_exog_4_3m,rw_armax_exog_4_3m,RW-ARMAX (Exog. 4) (3 Months),STATISTICAL_ROLLING,04_08,NEG,AVERAGE,,,243,-0.65793554418152,-0.06492664871802156,2.3353022683169673,5.453636684406374,1.3841931955461577,0.6266427139308419,3.086648087311912,4.010206119444472,0.341802712067686
rw_armax_exog_4_3m,rw_armax_exog_4_3m,RW-ARMAX (Exog. 4) (3 Months),STATISTICAL_ROLLING,04_08,NEG,MARGINAL,,,243,-1.4549401433716185,0.026644956967990296,5.891233715664753,34.70663469258513,2.790662688989957,1.084092993108209,4.534473935451713,7.5686366231957205,0.08087156465374548
rw_armax_exog_4_3m,rw_armax_exog_4_3m,RW-ARMAX (Exog. 4) (3 Months),STATISTICAL_ROLLING,04_08,POS,AVERAGE,,,243,-1.1467115045094778,-0.10490085909227531,4.552009590937541,20.72079131598736,2.5304196637673884,1.4030195981328006,3.346125342573514,4.976234471227694,0.3252502567263095
rw_armax_exog_4_3m,rw_armax_exog_4_3m,RW-ARMAX (Exog. 4) (3 Months),STATISTICAL_ROLLING,04_08,POS,MARGINAL,,,243,-2.7202673357922755,-0.3169443462460455,20.663437971625793,426.9776688072267,5.02053431519387,1.9374469154213685,4.795157186035126,20.651501248561523,0.0388461665945707
rw_armax_exog_4_3m,rw_armax_exog_4_3m,RW-ARMAX (Exog. 4) (3 Months),STATISTICAL_ROLLING,08_12,NEG,AVERAGE,,,243,-0.13562168921084836,0.13386240570544805,3.911891493164096,15.302895054289621,1.979753333142211,1.0676123201180232,9.660700059960677,10.560168636909578,0.18553632746106757
rw_armax_exog_4_3m,rw_armax_exog_4_3m,RW-ARMAX (Exog. 4) (3 Months),STATISTICAL_ROLLING,08_12,NEG,MARGINAL,,,243,-1.245705123674924,0.31392448799673645,17.90550876596252,320.60724416796063,5.403376312388467,1.347050333795572,14.474481091082302,21.83595049220211,-0.21103555539046448
rw_armax_exog_4_3m,rw_armax_exog_4_3m,RW-ARMAX (Exog. 4) (3 Months),STATISTICAL_ROLLING,08_12,POS,AVERAGE,,,243,-1.0989885159257593,0.51987812835754,8.287185779229782,68.67744813946834,4.203258067270031,2.026985645669342,7.33684793162353,10.609856851786446,0.20764517931687515
rw_armax_exog_4_3m,rw_armax_exog_4_3m,RW-ARMAX (Exog. 4) (3 Months),STATISTICAL_ROLLING,08_12,POS,MARGINAL,,,243,-2.5490928971656324,1.362162510089398,17.539732950376013,307.6422319705061,8.517353546742951,3.4978693114515647,11.883417193227956,19.567373889197142,-0.07906724388857382
rw_armax_exog_4_3m,rw_armax_exog_4_3m,RW-ARMAX (Exog. 4) (3 Months),STATISTICAL_ROLLING,12_16,NEG,AVERAGE,,,243,-4.339278406625367,-0.409633382518952,9.936587750904195,98.73577613141929,6.766752142284782,2.5377185540225025,19.136203274273367,21.6446792443593,0.45549178914191774
rw_armax_exog_4_3m,rw_armax_exog_4_3m,RW-ARMAX (Exog. 4) (3 Months),STATISTICAL_ROLLING,12_16,NEG,MARGINAL,,,243,-7.133175128842029,-0.41299691761416746,28.55909049469053,815.621649883923,10.926159535598588,4.048425879689141,23.39310175369987,35.66762142590697,0.09739309414843943
rw_armax_exog_4_3m,rw_armax_exog_4_3m,RW-ARMAX (Exog. 4) (3 Months),STATISTICAL_ROLLING,12_16,POS,AVERAGE,,,243,-3.4204170451392284,-0.700704188602371,16.291038099211413,265.39792234995775,4.999683398549194,2.0042683955201728,4.484258370485912,16.623209935007917,0.17339605092091787
rw_armax_exog_4_3m,rw_armax_exog_4_3m,RW-ARMAX (Exog. 4) (3 Months),STATISTICAL_ROLLING,12_16,POS,MARGINAL,,,243,-11.985622135287194,-0.8926354911086314,93.48733667764843,8739.88211907999,14.75781817051242,2.7620199285227773,6.440044502847187,93.21025224454014,0.03500825706094118
rw_armax_exog_4_3m,rw_armax_exog_4_3m,RW-ARMAX (Exog. 4) (3 Months),STATISTICAL_ROLLING,16_20,NEG,AVERAGE,,,243,-0.03718883223387264,0.118171896898432,1.7300085599760149,2.9929296175902844,0.9879802948818952,0.4085546846635546,6.992913125338398,7.337457980575138,0.25481161864359214
rw_armax_exog_4_3m,rw_armax_exog_4_3m,RW-ARMAX (Exog. 4) (3 Months),STATISTICAL_ROLLING,16_20,NEG,MARGINAL,,,243,-0.3226575821399091,0.11987030784674435,4.376588472599463,19.1545266584905,1.6935583470101057,0.597911800624987,8.530468778519538,10.025695416690022,0.0899671838732775
rw_armax_exog_4_3m,rw_armax_exog_4_3m,RW-ARMAX (Exog. 4) (3 Months),STATISTICAL_ROLLING,16_20,POS,AVERAGE,,,243,-4.510234167651018,0.05249201654580027,21.066380436114336,443.79238467910085,8.685233935790363,3.2291273133764484,9.128785108143559,25.029777784971195,0.5033852679116357
rw_armax_exog_4_3m,rw_armax_exog_4_3m,RW-ARMAX (Exog. 4) (3 Months),STATISTICAL_ROLLING,16_20,POS,MARGINAL,,,243,-8.028194750512956,0.18363755149347938,35.39773975697442,1252.9999799024872,14.54246383693269,4.690420846543514,14.480891918779859,42.04192471997184,0.47488146687685184
rw_armax_exog_4_3m,rw_armax_exog_4_3m,RW-ARMAX (Exog. 4) (3 Months),STATISTICAL_ROLLING,20_24,NEG,AVERAGE,,,243,-0.23121685757394422,-0.007299911883309029,0.8830949427601137,0.7798566779284886,0.46438584249880255,0.18365140370367983,1.1848332729046955,1.6583954909882475,0.4549453577629414
rw_armax_exog_4_3m,rw_armax_exog_4_3m,RW-ARMAX (Exog. 4) (3 Months),STATISTICAL_ROLLING,20_24,NEG,MARGINAL,,,243,-0.3561908052894577,0.09391035668481096,1.9378070097569466,3.7550960070631594,0.97455733391137,0.42954237868630396,1.8762394296930325,2.883929034999009,0.24039806416021692
rw_armax_exog_4_3m,rw_armax_exog_4_3m,RW-ARMAX (Exog. 4) (3 Months),STATISTICAL_ROLLING,20_24,POS,AVERAGE,,,243,-3.1940056626984026,-0.29208681913198387,7.020990783310739,49.29431157933435,4.8016146377497275,2.1838224820342482,6.604568295747081,9.226842954023205,0.6731431056514305
rw_armax_exog_4_3m,rw_armax_exog_4_3m,RW-ARMAX (Exog. 4) (3 Months),STATISTICAL_ROLLING,20_24,POS,MARGINAL,,,243,-4.371300795089515,-0.4346750538364539,10.445816550975435,109.11508341663233,6.391096640657132,3.2344666310503687,7.390452367672259,12.517589622506696,0.48158192043038595
rw_armax_exog_4_6m,rw_armax_exog_4_6m,RW-ARMAX (Exog. 4) (6 Months),STATISTICAL_ROLLING,00_04,NEG,AVERAGE,,,243,-1.1716706689125036,0.07486576916327214,3.5927773647336356,12.908049192542366,1.9734650166738725,0.6613509921388534,3.737284548665739,6.0107601276809515,0.4096579738424401
rw_armax_exog_4_6m,rw_armax_exog_4_6m,RW-ARMAX (Exog. 4) (6 Months),STATISTICAL_ROLLING,00_04,NEG,MARGINAL,,,243,-2.3145591073145164,0.10590885197023603,7.536517071944068,56.7990895757044,3.626926118818791,1.217906357951998,5.340384021996565,10.552818794605756,0.12256198861447432
rw_armax_exog_4_6m,rw_armax_exog_4_6m,RW-ARMAX (Exog. 4) (6 Months),STATISTICAL_ROLLING,00_04,POS,AVERAGE,,,243,-0.05238980556275089,0.024037713945606498,0.97030902274299,0.9414995996164562,0.36101116185632187,0.19071162597622315,1.5455806656045534,1.7587846020864546,0.27406417153609647
rw_armax_exog_4_6m,rw_armax_exog_4_6m,RW-ARMAX (Exog. 4) (6 Months),STATISTICAL_ROLLING,00_04,POS,MARGINAL,,,243,-0.20114338725475456,0.19603606680394758,2.297264608090711,5.277424679586168,0.8668965741457465,0.3484399138764456,1.8083665415639838,2.8277429559291614,0.07909254064484668
rw_armax_exog_4_6m,rw_armax_exog_4_6m,RW-ARMAX (Exog. 4) (6 Months),STATISTICAL_ROLLING,04_08,NEG,AVERAGE,,,243,-0.5543244952520363,0.12838762860572173,2.3362173680003213,5.457911590546348,1.3484002540166267,0.5478130966672285,2.84931864329382,4.010206119444472,0.3818545116205458
rw_armax_exog_4_6m,rw_armax_exog_4_6m,RW-ARMAX (Exog. 4) (6 Months),STATISTICAL_ROLLING,04_08,NEG,MARGINAL,,,243,-1.2531555229652778,0.4430910818862106,5.932252447176975,35.191619097037204,2.8197310242880684,1.0999002972734004,4.2540451328219255,7.5686366231957205,0.05702556954853418
rw_armax_exog_4_6m,rw_armax_exog_4_6m,RW-ARMAX (Exog. 4) (6 Months),STATISTICAL_ROLLING,04_08,POS,AVERAGE,,,243,-0.3421232129631736,0.2646520505798797,4.3333330436829245,18.77777526747432,2.0835769895543215,1.202396718257173,3.363106846292857,4.976234471227694,0.29279774695894045
rw_armax_exog_4_6m,rw_armax_exog_4_6m,RW-ARMAX (Exog. 4) (6 Months),STATISTICAL_ROLLING,04_08,POS,MARGINAL,,,243,-2.1729449021423646,0.6721884253233377,20.631681429670888,425.66627861542656,4.729477887017979,1.6824191738724812,4.5590097911554475,20.651501248561523,0.04970737654797851
rw_armax_exog_4_6m,rw_armax_exog_4_6m,RW-ARMAX (Exog. 4) (6 Months),STATISTICAL_ROLLING,08_12,NEG,AVERAGE,,,243,-0.052299840410255996,0.22271254750763192,3.986842838448121,15.894915818485071,1.9653087998443315,0.9715421631512688,9.583396259448751,10.560168636909578,0.3329885493476312
rw_armax_exog_4_6m,rw_armax_exog_4_6m,RW-ARMAX (Exog. 4) (6 Months),STATISTICAL_ROLLING,08_12,NEG,MARGINAL,,,243,-1.1386317764039533,0.6249001733654684,17.436639241791056,304.03638804836777,5.207622592265179,1.8673175354262597,13.02293478952321,21.83595049220211,-0.04358364489744685
rw_armax_exog_4_6m,rw_armax_exog_4_6m,RW-ARMAX (Exog. 4) (6 Months),STATISTICAL_ROLLING,08_12,POS,AVERAGE,,,243,-1.2367273636182263,0.75512953972156,8.308882619206024,69.03753037974397,4.306653138498646,2.1334832331428437,7.036057716922971,10.609856851786446,0.14809399756050168
rw_armax_exog_4_6m,rw_armax_exog_4_6m,RW-ARMAX (Exog. 4) (6 Months),STATISTICAL_ROLLING,08_12,POS,MARGINAL,,,243,-2.4592840023985203,1.499394254893673,17.93325081084118,321.6014846445359,8.75989891839515,3.498051998688581,11.86679807833975,19.567373889197142,-0.06484816885523079
rw_armax_exog_4_6m,rw_armax_exog_4_6m,RW-ARMAX (Exog. 4) (6 Months),STATISTICAL_ROLLING,12_16,NEG,AVERAGE,,,243,-4.841937763612969,-0.5939558306675596,9.364301912826901,87.69015031457356,6.7983101380869195,2.7570312240743213,17.237518009620803,21.6446792443593,0.36559937866698233
rw_armax_exog_4_6m,rw_armax_exog_4_6m,RW-ARMAX (Exog. 4) (6 Months),STATISTICAL_ROLLING,12_16,NEG,MARGINAL,,,243,-7.13552727294525,-0.8354816621437795,28.06981666386455,787.9146075429679,10.809990047672784,3.679126445542664,23.35817077690672,35.66762142590697,0.005287715997060453
rw_armax_exog_4_6m,rw_armax_exog_4_6m,RW-ARMAX (Exog. 4) (6 Months),STATISTICAL_ROLLING,12_16,POS,AVERAGE,,,243,-3.265977049653493,-1.0252779420173912,16.30867128311807,265.9727590208,4.735655287930887,1.680359723736574,4.1643559400127135,16.623209935007917,0.16578865176845656
rw_armax_exog_4_6m,rw_armax_exog_4_6m,RW-ARMAX (Exog. 4) (6 Months),STATISTICAL_ROLLING,12_16,POS,MARGINAL,,,243,-11.04940005536822,-0.64077724502215,93.111651141472,8669.779578291183,14.204431333816416,2.1353218414443376,7.688736130045821,93.21025224454014,0.023238571616287243
rw_armax_exog_4_6m,rw_armax_exog_4_6m,RW-ARMAX (Exog. 4) (6 Months),STATISTICAL_ROLLING,16_20,NEG,AVERAGE,,,243,0.036484334250076605,0.08334298551873298,1.7753883339417065,3.152003736296308,1.0338161585380907,0.3318378272304916,7.091908823880706,7.337457980575138,0.1779456960577818
rw_armax_exog_4_6m,rw_armax_exog_4_6m,RW-ARMAX (Exog. 4) (6 Months),STATISTICAL_ROLLING,16_20,NEG,MARGINAL,,,243,-0.15083008641514678,0.17585284139154245,4.509188289956559,20.332779034281362,1.7675517601529243,0.5755222920419407,8.588805821493297,10.025695416690022,0.06570250609283113
rw_armax_exog_4_6m,rw_armax_exog_4_6m,RW-ARMAX (Exog. 4) (6 Months),STATISTICAL_ROLLING,16_20,POS,AVERAGE,,,243,-5.239216494494224,0.05182010553715877,21.4939229671651,461.98872451842743,8.345658987939784,2.3935713481930314,7.312877351797375,25.029777784971195,0.55752418764269
rw_armax_exog_4_6m,rw_armax_exog_4_6m,RW-ARMAX (Exog. 4) (6 Months),STATISTICAL_ROLLING,16_20,POS,MARGINAL,,,243,-9.014001427707326,0.7365123863176031,36.016871169703094,1297.2150088549897,14.112394988933872,3.7166422366020306,11.899103735839907,42.04192471997184,0.5013322001099966
rw_armax_exog_4_6m,rw_armax_exog_4_6m,RW-ARMAX (Exog. 4) (6 Months),STATISTICAL_ROLLING,20_24,NEG,AVERAGE,,,243,-0.2206885156222921,0.0186979588375642,0.8855082104164023,0.7841247907148594,0.4275427460387427,0.14642736462543704,1.1438389490718959,1.6583954909882475,0.5071871374543282
rw_armax_exog_4_6m,rw_armax_exog_4_6m,RW-ARMAX (Exog. 4) (6 Months),STATISTICAL_ROLLING,20_24,NEG,MARGINAL,,,243,-0.5129620109775412,0.10143225078333384,2.089532854481417,4.366147549957258,0.9926950469296144,0.37799769999555144,1.5948811358829862,2.883929034999009,0.2837420862586466
rw_armax_exog_4_6m,rw_armax_exog_4_6m,RW-ARMAX (Exog. 4) (6 Months),STATISTICAL_ROLLING,20_24,POS,AVERAGE,,,243,-1.4872153492626512,-0.7249878374169825,3.642709161634835,13.269330036258362,2.59260589876377,1.6101313483193618,8.199281385224102,9.226842954023205,0.4335146335687683
rw_armax_exog_4_6m,rw_armax_exog_4_6m,RW-ARMAX (Exog. 4) (6 Months),STATISTICAL_ROLLING,20_24,POS,MARGINAL,,,243,-2.17876705171164,-0.5195044044709363,7.771481252096539,60.39592085168799,3.9686791822595007,2.156787721783516,9.4342192950487,12.517589622506696,0.20909635842880697
rw_sarma_12m,rw_sarma_12m,RW-SARMA (12 Months),STATISTICAL_ROLLING,00_04,NEG,AVERAGE,,,243,-0.36603446108153515,0.2107090199161039,3.844379539718233,14.779254045404176,2.016133697195119,0.6755203553477953,5.257784566549038,6.0107601276809515,-0.08252264218635465
rw_sarma_12m,rw_sarma_12m,RW-SARMA (12 Months),STATISTICAL_ROLLING,00_04,NEG,MARGINAL,,,243,-1.515149150733713,0.49489258387509194,8.63569559987286,74.57523849366348,4.288108283406436,1.5231703111401762,6.5175284080211675,10.552818794605756,-0.07678774335424118
rw_sarma_12m,rw_sarma_12m,RW-SARMA (12 Months),STATISTICAL_ROLLING,00_04,POS,AVERAGE,,,243,-0.048658657639713936,0.06330246556943031,0.9633101676696758,0.9279664791357789,0.3048450370753084,0.1507896229274701,1.4768450848077135,1.7587846020864546,0.262700610115895
rw_sarma_12m,rw_sarma_12m,RW-SARMA (12 Months),STATISTICAL_ROLLING,00_04,POS,MARGINAL,,,243,-0.17929751039556277,0.1516958145230305,2.290148973825456,5.24478232231379,0.8579184036248978,0.33282342066960036,1.804885730069761,2.8277429559291614,0.04164167252770324
rw_sarma_12m,rw_sarma_12m,RW-SARMA (12 Months),STATISTICAL_ROLLING,04_08,NEG,AVERAGE,,,243,-0.41506824862286446,0.15231542942218468,2.4229365048771183,5.870621306666147,1.2361559730314926,0.43323548377711374,3.37575664348993,4.010206119444472,-0.045511198040693125
rw_sarma_12m,rw_sarma_12m,RW-SARMA (12 Months),STATISTICAL_ROLLING,04_08,NEG,MARGINAL,,,243,-1.3077698259125956,0.4637287001436028,6.4364846064231935,41.428334088722735,3.2134152474597912,1.2790034230748661,4.247050739258567,7.5686366231957205,-0.03987254690891972
rw_sarma_12m,rw_sarma_12m,RW-SARMA (12 Months),STATISTICAL_ROLLING,04_08,POS,AVERAGE,,,243,-0.3863633238982088,0.2591039654394294,3.9714070438351627,15.772073907823547,1.6219118915952304,0.6409735223741038,3.5406719453361877,4.976234471227694,0.11796909703602737
rw_sarma_12m,rw_sarma_12m,RW-SARMA (12 Months),STATISTICAL_ROLLING,04_08,POS,MARGINAL,,,243,-2.103666347257597,0.5827465651455626,20.67218556850721,427.3392561787977,4.606939145109836,1.2635033319102185,4.693978442344265,20.651501248561523,0.05009374668510706
rw_sarma_12m,rw_sarma_12m,RW-SARMA (12 Months),STATISTICAL_ROLLING,08_12,NEG,AVERAGE,,,243,-0.31824738669938235,0.252759463820716,4.158374012011129,17.292074423769535,1.9759169712432048,0.8590513766939365,9.641532317687089,10.560168636909578,0.09711731180191485
rw_sarma_12m,rw_sarma_12m,RW-SARMA (12 Months),STATISTICAL_ROLLING,08_12,NEG,MARGINAL,,,243,-1.8027039461214556,0.5492904578292481,17.694837405041564,313.1072707908581,5.308120739579881,1.4978658389378792,12.323444332015564,21.83595049220211,0.02678851950535685
rw_sarma_12m,rw_sarma_12m,RW-SARMA (12 Months),STATISTICAL_ROLLING,08_12,POS,AVERAGE,,,243,-0.8370521853961068,0.4565498734929232,8.107183263207745,65.72642046323578,3.9027691550390826,1.3229797203027989,7.8077279232429415,10.609856851786446,0.08829977939022582
rw_sarma_12m,rw_sarma_12m,RW-SARMA (12 Months),STATISTICAL_ROLLING,08_12,POS,MARGINAL,,,243,-2.552875406778134,0.732638671393989,17.42332861060895,303.5723798732644,7.852603439273169,2.0522910969991592,10.72728183771297,19.567373889197142,-0.02311219543091184
rw_sarma_12m,rw_sarma_12m,RW-SARMA (12 Months),STATISTICAL_ROLLING,12_16,NEG,AVERAGE,,,243,-0.5672574702204346,0.20337943595142693,6.733325959298946,45.33767847416907,4.0112606119171845,1.7274757156859104,21.049954309381068,21.6446792443593,-0.0753023521665723
rw_sarma_12m,rw_sarma_12m,RW-SARMA (12 Months),STATISTICAL_ROLLING,12_16,NEG,MARGINAL,,,243,-2.731581743669902,0.5329535320092291,27.238859766778106,741.955481394203,8.394336733021035,3.3997356733720565,24.90419066016,35.66762142590697,-0.005571791919857684
rw_sarma_12m,rw_sarma_12m,RW-SARMA (12 Months),STATISTICAL_ROLLING,12_16,POS,AVERAGE,,,243,-2.125207341231795,0.4142957790460695,16.04186852514056,257.3415457778954,3.7376094628420695,0.8663848669546041,4.502408807912609,16.623209935007917,0.13145786738939746
rw_sarma_12m,rw_sarma_12m,RW-SARMA (12 Months),STATISTICAL_ROLLING,12_16,POS,MARGINAL,,,243,-10.420687818646128,0.7731836668637211,93.06673965130176,8661.418029323182,13.09853341975252,1.360967321582324,5.736182097759726,93.21025224454014,0.02164710699535925
rw_sarma_12m,rw_sarma_12m,RW-SARMA (12 Months),STATISTICAL_ROLLING,16_20,NEG,AVERAGE,,,243,-0.11657296812677526,0.10957377594802487,2.195061946110595,4.818296947262833,1.0560681587416774,0.3920369148931968,7.10306483424346,7.337457980575138,-0.11402962627941053
rw_sarma_12m,rw_sarma_12m,RW-SARMA (12 Months),STATISTICAL_ROLLING,16_20,NEG,MARGINAL,,,243,-0.36066023465266694,0.2451981113219196,5.509905359094814,30.35905706618175,2.132169865058396,0.7313102451340079,8.56585331971651,10.025695416690022,-0.09060558279205458
rw_sarma_12m,rw_sarma_12m,RW-SARMA (12 Months),STATISTICAL_ROLLING,16_20,POS,AVERAGE,,,243,-4.902287434702643,0.13067843376130384,21.97866592880816,483.0617560101526,8.661049815831863,2.59031147234354,8.430622738319745,25.029777784971195,0.49151046148099753
rw_sarma_12m,rw_sarma_12m,RW-SARMA (12 Months),STATISTICAL_ROLLING,16_20,POS,MARGINAL,,,243,-8.988016137423125,0.9036300667609858,38.56935968310142,1487.5955063644492,15.736239661669767,5.068823026924285,11.425478307642004,42.04192471997184,0.45906964267188544
rw_sarma_12m,rw_sarma_12m,RW-SARMA (12 Months),STATISTICAL_ROLLING,20_24,NEG,AVERAGE,,,243,-0.1497098648105214,0.03317746718847081,0.8812398030016764,0.7765835903944334,0.42051895768483083,0.1405194415595361,1.359903416668374,1.6583954909882475,0.060743059187498304
rw_sarma_12m,rw_sarma_12m,RW-SARMA (12 Months),STATISTICAL_ROLLING,20_24,NEG,MARGINAL,,,243,-0.3992999943654422,0.0934104011554866,2.2001168049864472,4.840513955583773,1.072912710927434,0.3958960831144118,1.8488496848322575,2.883929034999009,0.03871277882077919
rw_sarma_12m,rw_sarma_12m,RW-SARMA (12 Months),STATISTICAL_ROLLING,20_24,POS,AVERAGE,,,243,-0.17347330470371286,0.42918134912875683,3.202919898504452,10.258695876235768,1.9604542444133803,1.2034881241729511,8.74534310530655,9.226842954023205,0.07127810966352223
rw_sarma_12m,rw_sarma_12m,RW-SARMA (12 Months),STATISTICAL_ROLLING,20_24,POS,MARGINAL,,,243,-0.7257758563923044,0.9904307368137317,8.025454106939941,64.40791362259918,3.9244929856186936,2.2315528495537347,9.720544305022226,12.517589622506696,0.15279022633419667
rw_sarma_3m,rw_sarma_3m,RW-SARMA (3 Months),STATISTICAL_ROLLING,00_04,NEG,AVERAGE,,,243,-0.47111499313079974,0.19874202685817854,3.7349877091123416,13.950133187220258,1.946454414660544,0.6326626299449618,5.2002763593963355,6.0107601276809515,-0.01687586801810237
rw_sarma_3m,rw_sarma_3m,RW-SARMA (3 Months),STATISTICAL_ROLLING,00_04,NEG,MARGINAL,,,243,-1.2351595257965315,0.3800162335816837,8.866602962825509,78.61664810038609,4.395998119581064,1.392153731136938,7.878011263712917,10.552818794605756,-0.20487047196366948
rw_sarma_3m,rw_sarma_3m,RW-SARMA (3 Months),STATISTICAL_ROLLING,00_04,POS,AVERAGE,,,243,-0.10602613138302543,0.04334625053574426,1.0541636693968075,1.1112610418761417,0.33790790014681293,0.14944597364304624,1.3765752695577773,1.7587846020864546,0.4981782703638009
rw_sarma_3m,rw_sarma_3m,RW-SARMA (3 Months),STATISTICAL_ROLLING,00_04,POS,MARGINAL,,,243,-0.17479571719977333,0.14474146770362806,2.422945090785729,5.870662912962666,0.933235709075837,0.3056516726104235,1.9545105080490284,2.8277429559291614,0.06082393872667358
rw_sarma_3m,rw_sarma_3m,RW-SARMA (3 Months),STATISTICAL_ROLLING,04_08,NEG,AVERAGE,,,243,-0.25755708748318873,0.18826546797950972,2.5132856434449256,6.316604725546373,1.3365470698685014,0.49901462955980236,3.652741023479972,4.010206119444472,0.006873472237858517
rw_sarma_3m,rw_sarma_3m,RW-SARMA (3 Months),STATISTICAL_ROLLING,04_08,NEG,MARGINAL,,,243,-0.9547526787798871,0.39056758463194896,6.653209599136986,44.265197970048526,3.375930438973842,1.4676597178514204,5.26808064179733,7.5686366231957205,-0.06535839968216423
rw_sarma_3m,rw_sarma_3m,RW-SARMA (3 Months),STATISTICAL_ROLLING,04_08,POS,AVERAGE,,,243,-0.38200752384799963,0.2181909525980501,4.275645666581996,18.281145866161395,1.77891345849744,0.6588031527258451,4.052124358654808,4.976234471227694,-0.03702214117152659
rw_sarma_3m,rw_sarma_3m,RW-SARMA (3 Months),STATISTICAL_ROLLING,04_08,POS,MARGINAL,,,243,-2.1780215585619835,0.37568485581141786,20.821625786619876,433.54010039803376,4.6951206242132,1.3624650227194168,5.571032663455695,20.651501248561523,-0.011319484770984852
rw_sarma_3m,rw_sarma_3m,RW-SARMA (3 Months),STATISTICAL_ROLLING,08_12,NEG,AVERAGE,,,243,-0.1467276010551971,0.24726309284194237,4.033922706387373,16.272532401107625,1.9756620540676548,0.7944940690658981,9.957200608153299,10.560168636909578,0.029906936537337316
rw_sarma_3m,rw_sarma_3m,RW-SARMA (3 Months),STATISTICAL_ROLLING,08_12,NEG,MARGINAL,,,243,-1.0464994300448898,0.5043466834686008,18.282896424655085,334.2643016746657,6.122580571366245,1.7432825337884204,14.19129136472251,21.83595049220211,-0.10300854238682085
rw_sarma_3m,rw_sarma_3m,RW-SARMA (3 Months),STATISTICAL_ROLLING,08_12,POS,AVERAGE,,,243,-1.0350906659915904,0.2833984819573452,8.491420049891,72.10421446369087,4.2406630598547235,1.4251593034260832,8.443199687103968,10.609856851786446,-0.013163789237338701
rw_sarma_3m,rw_sarma_3m,RW-SARMA (3 Months),STATISTICAL_ROLLING,08_12,POS,MARGINAL,,,243,-3.0514783280005346,0.39638006460479325,18.759093852331727,351.90360216059,8.913965769036599,2.569820518178851,12.24689279611829,19.567373889197142,-0.07392039017875032
rw_sarma_3m,rw_sarma_3m,RW-SARMA (3 Months),STATISTICAL_ROLLING,12_16,NEG,AVERAGE,,,243,-0.6617269826710881,0.24860258919486555,7.290478515746943,53.15107698856775,4.423898419070647,2.072194908595538,20.834808919944408,21.6446792443593,0.08328107266117145
rw_sarma_3m,rw_sarma_3m,RW-SARMA (3 Months),STATISTICAL_ROLLING,12_16,NEG,MARGINAL,,,243,-2.8757527667001215,0.3256328028757256,28.135944773639526,791.6313883052934,9.5923831779106,3.5355941765014793,25.506575872235455,35.66762142590697,0.023344661484402975
rw_sarma_3m,rw_sarma_3m,RW-SARMA (3 Months),STATISTICAL_ROLLING,12_16,POS,AVERAGE,,,243,-2.587557957100165,0.012426763582306322,16.257590514680423,264.3092493430269,4.2354887797041725,0.8113045791841405,5.998225239665139,16.623209935007917,0.0846270071584505
rw_sarma_3m,rw_sarma_3m,RW-SARMA (3 Months),STATISTICAL_ROLLING,12_16,POS,MARGINAL,,,243,-10.060673857624511,0.27395857052761485,93.19894462326205,8686.043278889867,13.56434958496678,1.4410612851346123,7.95409363404811,93.21025224454014,0.01168213841998081
rw_sarma_3m,rw_sarma_3m,RW-SARMA (3 Months),STATISTICAL_ROLLING,16_20,NEG,AVERAGE,,,243,0.02215812166747727,0.13758571564769517,2.306401096018441,5.319486015715065,1.1501001277448935,0.37800763001886084,7.216401201988197,7.337457980575138,0.015833307235370308
rw_sarma_3m,rw_sarma_3m,RW-SARMA (3 Months),STATISTICAL_ROLLING,16_20,NEG,MARGINAL,,,243,-0.31942604109029193,0.21802165120624906,5.63693016163621,31.77498164716403,2.3449713978896933,0.7991741875307168,8.713333311625883,10.025695416690022,-0.10655238569709245
rw_sarma_3m,rw_sarma_3m,RW-SARMA (3 Months),STATISTICAL_ROLLING,16_20,POS,AVERAGE,,,243,-2.9642079115002624,0.5368434463033012,23.124078652083135,534.723013507727,9.387819657614658,3.271399332294326,16.213495041548278,25.029777784971195,0.2677674603883074
rw_sarma_3m,rw_sarma_3m,RW-SARMA (3 Months),STATISTICAL_ROLLING,16_20,POS,MARGINAL,,,243,-6.515864927386939,1.0198100896108393,37.25985569758971,1388.296846605208,15.98818598321142,5.314022970994209,17.57951789124218,42.04192471997184,0.3277865381792699
rw_sarma_3m,rw_sarma_3m,RW-SARMA (3 Months),STATISTICAL_ROLLING,20_24,NEG,AVERAGE,,,243,-0.17206236742309977,0.025200105109401516,0.9342197887407498,0.8727666136748112,0.47329343962802395,0.16341512483790965,1.3080649399420314,1.6583954909882475,0.25074989872522446
rw_sarma_3m,rw_sarma_3m,RW-SARMA (3 Months),STATISTICAL_ROLLING,20_24,NEG,MARGINAL,,,243,-0.39656635633690257,0.11145699753683824,2.243688018385633,5.0341359238472485,1.112730696392754,0.37899539456542497,2.015553591097479,2.883929034999009,0.04520888567196601
rw_sarma_3m,rw_sarma_3m,RW-SARMA (3 Months),STATISTICAL_ROLLING,20_24,POS,AVERAGE,,,243,0.13155518406899394,0.4458836447317456,3.2245910621153557,10.397987517874238,1.8811759818554028,1.0493962148534903,9.416853449436335,9.226842954023205,0.01654369905185784
rw_sarma_3m,rw_sarma_3m,RW-SARMA (3 Months),STATISTICAL_ROLLING,20_24,POS,MARGINAL,,,243,-1.0687221745955682,0.5784129427953584,8.33163311605618,69.41611038056402,4.0956118124379435,2.1333255971899607,10.51860879107787,12.517589622506696,0.039274537386583076
rw_sarma_6m,rw_sarma_6m,RW-SARMA (6 Months),STATISTICAL_ROLLING,00_04,NEG,AVERAGE,,,243,-0.6839068519351661,0.1643830892874405,3.808805892266265,14.507002324962217,1.9729949513170246,0.5826578841621082,4.724335096860008,6.0107601276809515,0.1244058966773832
rw_sarma_6m,rw_sarma_6m,RW-SARMA (6 Months),STATISTICAL_ROLLING,00_04,NEG,MARGINAL,,,243,-1.6094767185974885,0.3733184204392064,8.64149584224209,74.67545039148732,4.2408831790876595,1.5988593332800716,6.313557046648976,10.552818794605756,-0.00391983843957144
rw_sarma_6m,rw_sarma_6m,RW-SARMA (6 Months),STATISTICAL_ROLLING,00_04,POS,AVERAGE,,,243,-0.02044315644197433,0.06290891574877477,0.9406017949378813,0.8847317366403641,0.2935765933807784,0.1435442393920665,1.6377132578850104,1.7587846020864546,-0.024837486987993485
rw_sarma_6m,rw_sarma_6m,RW-SARMA (6 Months),STATISTICAL_ROLLING,00_04,POS,MARGINAL,,,243,-0.0994148969506155,0.1622859980218645,2.367535294792688,5.605223372089101,0.9136899937197188,0.33522370342090424,2.156552842264653,2.8277429559291614,-0.08726530596856723
rw_sarma_6m,rw_sarma_6m,RW-SARMA (6 Months),STATISTICAL_ROLLING,04_08,NEG,AVERAGE,,,243,-0.40878142142533497,0.1914242419101173,2.528797319940988,6.394815885340724,1.3717927990396668,0.49307423556634866,3.2696958401748764,4.010206119444472,0.13305235316868422
rw_sarma_6m,rw_sarma_6m,RW-SARMA (6 Months),STATISTICAL_ROLLING,04_08,NEG,MARGINAL,,,243,-1.1842278055617699,0.4271727353574586,6.564267189992597,43.0896037416133,3.2822026934535073,1.3341216943184482,4.594401838270446,7.5686366231957205,-0.0006300759549680896
rw_sarma_6m,rw_sarma_6m,RW-SARMA (6 Months),STATISTICAL_ROLLING,04_08,POS,AVERAGE,,,243,-0.3681627928831594,0.3875656871352362,3.89054609192642,15.13634889340394,1.5877018970668229,0.668376502314743,3.510969218247183,4.976234471227694,0.11651978639381366
rw_sarma_6m,rw_sarma_6m,RW-SARMA (6 Months),STATISTICAL_ROLLING,04_08,POS,MARGINAL,,,243,-2.1204641336170345,0.6725373350511354,20.633702236894194,425.74966800081245,4.482730207210526,1.2812579097296233,4.4632577915495055,20.651501248561523,0.05354222572565477
rw_sarma_6m,rw_sarma_6m,RW-SARMA (6 Months),STATISTICAL_ROLLING,08_12,NEG,AVERAGE,,,243,-0.09969377503858527,0.25862525037768336,4.129944739731493,17.056443553235827,2.0059623014024,0.9042533708496308,9.7936301347077,10.560168636909578,0.1697886789073033
rw_sarma_6m,rw_sarma_6m,RW-SARMA (6 Months),STATISTICAL_ROLLING,08_12,NEG,MARGINAL,,,243,-1.063451520149612,0.6441672408697965,17.81786194379759,317.47620424823043,5.807521319898923,1.5807968680611069,13.14106945607264,21.83595049220211,0.05452730833218965
rw_sarma_6m,rw_sarma_6m,RW-SARMA (6 Months),STATISTICAL_ROLLING,08_12,POS,AVERAGE,,,243,-0.690210987345794,0.645073275587114,8.201055522169538,67.25731167770746,3.94131420383536,1.395053859409769,7.797449739164405,10.609856851786446,0.04681149214509221
rw_sarma_6m,rw_sarma_6m,RW-SARMA (6 Months),STATISTICAL_ROLLING,08_12,POS,MARGINAL,,,243,-2.586557114664969,0.829000977152841,17.47439211271953,305.3543797090745,8.256418398755201,2.245633431387951,10.841553365024524,19.567373889197142,-0.015970332799729932
rw_sarma_6m,rw_sarma_6m,RW-SARMA (6 Months),STATISTICAL_ROLLING,12_16,NEG,AVERAGE,,,243,-0.43578618372084743,0.2332939112111041,6.8437973876636145,46.83756268339132,4.3466449667532085,2.3292949565159624,20.317775079865164,21.6446792443593,0.05896552801001672
rw_sarma_6m,rw_sarma_6m,RW-SARMA (6 Months),STATISTICAL_ROLLING,12_16,NEG,MARGINAL,,,243,-2.0979410083574717,0.6688355509030188,27.449053647300918,753.4505461324038,9.079980986181353,3.7541509686482044,25.095535673837443,35.66762142590697,-0.01963519591955756
rw_sarma_6m,rw_sarma_6m,RW-SARMA (6 Months),STATISTICAL_ROLLING,12_16,POS,AVERAGE,,,243,-2.1902267442407153,0.3522010183746378,16.029653768965588,256.9497999529127,3.690622822204185,0.8105971920340735,4.386584372149305,16.623209935007917,0.1236980647541833
rw_sarma_6m,rw_sarma_6m,RW-SARMA (6 Months),STATISTICAL_ROLLING,12_16,POS,MARGINAL,,,243,-10.208764812797886,0.7548793940323222,93.12621239386516,8672.491434827285,13.209018140175397,1.5253976027807639,6.4648416246010925,93.21025224454014,0.018750496988155795
rw_sarma_6m,rw_sarma_6m,RW-SARMA (6 Months),STATISTICAL_ROLLING,16_20,NEG,AVERAGE,,,243,-0.024781331339830764,0.12599897763159917,2.2748419292506488,5.174905803076814,1.1722946336104871,0.40015191285394014,7.0403603813783375,7.337457980575138,-0.035533970443875816
rw_sarma_6m,rw_sarma_6m,RW-SARMA (6 Months),STATISTICAL_ROLLING,16_20,NEG,MARGINAL,,,243,-0.2871681775607723,0.21938175782566305,5.476911899616198,29.996563956157505,2.2374629353764024,0.7409067099042375,8.339542187971382,10.025695416690022,-0.020746968048001954
rw_sarma_6m,rw_sarma_6m,RW-SARMA (6 Months),STATISTICAL_ROLLING,16_20,POS,AVERAGE,,,243,-4.009326969885908,0.6410244375790413,21.812796448029314,475.7980888831603,8.922184041750189,2.8554262613260697,11.084206306965452,25.029777784971195,0.4121083974295681
rw_sarma_6m,rw_sarma_6m,RW-SARMA (6 Months),STATISTICAL_ROLLING,16_20,POS,MARGINAL,,,243,-7.5593020126856745,0.8644382201250629,37.66319111450659,1418.515964927848,15.947914573444374,4.892060122457405,15.008327144827092,42.04192471997184,0.39558868455490187
rw_sarma_6m,rw_sarma_6m,RW-SARMA (6 Months),STATISTICAL_ROLLING,20_24,NEG,AVERAGE,,,243,-0.17923929067558483,0.03432288349443191,0.9204904532754618,0.847302674571265,0.4574946396963516,0.14862191510375755,1.2216755429038892,1.6583954909882475,0.3503830347259424
rw_sarma_6m,rw_sarma_6m,RW-SARMA (6 Months),STATISTICAL_ROLLING,20_24,NEG,MARGINAL,,,243,-0.4409975818435348,0.10761098481740872,2.284752308748715,5.220093112332584,1.1399889209913354,0.42835832880026703,1.717465421479418,2.883929034999009,0.1800105712198985
rw_sarma_6m,rw_sarma_6m,RW-SARMA (6 Months),STATISTICAL_ROLLING,20_24,POS,AVERAGE,,,243,0.05609768732566152,0.4842463525418186,2.9598733999755877,8.760850543883047,1.7804063539866395,1.078268245587715,9.087522898529556,9.226842954023205,-0.05092806724720256
rw_sarma_6m,rw_sarma_6m,RW-SARMA (6 Months),STATISTICAL_ROLLING,20_24,POS,MARGINAL,,,243,-0.4976303163729893,0.823504909989782,7.921892788526242,62.756385352904076,3.805683073107467,2.0818164726495887,10.266431444606543,12.517589622506696,0.0592978657874127
rw_sarmax_exog_1_12m,rw_sarmax_exog_1_12m,RW-SARMAX (Exog. 1) (12 Months),STATISTICAL_ROLLING,00_04,NEG,AVERAGE,,,243,-0.39133242465682166,0.1732688544299923,3.687217715116841,13.595574478671457,1.8515092670619335,0.6259219530171443,5.349774976368905,6.0107601276809515,-0.17850105079048675
rw_sarmax_exog_1_12m,rw_sarmax_exog_1_12m,RW-SARMAX (Exog. 1) (12 Months),STATISTICAL_ROLLING,00_04,NEG,MARGINAL,,,243,-1.4580180713269624,0.4344500171498389,8.246892993896004,68.01124405277099,3.9241170944553962,1.2476604237692719,7.108776674196447,10.552818794605756,-0.17057051699969644
rw_sarmax_exog_1_12m,rw_sarmax_exog_1_12m,RW-SARMAX (Exog. 1) (12 Months),STATISTICAL_ROLLING,00_04,POS,AVERAGE,,,243,-0.05044409528331178,0.06047740769170007,0.9538899502633496,0.9099060372134155,0.3036490489447914,0.14627394899293922,1.4757581021637836,1.7587846020864546,0.26520095650622794
rw_sarmax_exog_1_12m,rw_sarmax_exog_1_12m,RW-SARMAX (Exog. 1) (12 Months),STATISTICAL_ROLLING,00_04,POS,MARGINAL,,,243,-0.1837253814248427,0.15455363275795442,2.292070743710073,5.253588294171646,0.8511121488342761,0.3246161289736089,1.8138355314905987,2.8277429559291614,0.0389947584711985
rw_sarmax_exog_1_12m,rw_sarmax_exog_1_12m,RW-SARMAX (Exog. 1) (12 Months),STATISTICAL_ROLLING,04_08,NEG,AVERAGE,,,243,-0.32789589695436866,0.11642840235383067,2.443994066090804,5.973106995087061,1.2720256400530536,0.4713090064533647,3.66343054752095,4.010206119444472,-0.09500613509303854
rw_sarmax_exog_1_12m,rw_sarmax_exog_1_12m,RW-SARMAX (Exog. 1) (12 Months),STATISTICAL_ROLLING,04_08,NEG,MARGINAL,,,243,-1.314697105778813,0.33371747273999475,6.448783366771719,41.58680691155159,3.195213097506276,1.4275660961370527,4.437219812660843,7.5686366231957205,-0.03106960245297915
rw_sarmax_exog_1_12m,rw_sarmax_exog_1_12m,RW-SARMAX (Exog. 1) (12 Months),STATISTICAL_ROLLING,04_08,POS,AVERAGE,,,243,-0.3822172239627413,0.23903246061075478,3.9959895833262498,15.967932750051894,1.6547039417478153,0.6871777175023173,3.6130542663171576,4.976234471227694,0.0954204143816951
rw_sarmax_exog_1_12m,rw_sarmax_exog_1_12m,RW-SARMAX (Exog. 1) (12 Months),STATISTICAL_ROLLING,04_08,POS,MARGINAL,,,243,-2.1133912221787403,0.6316263687845698,20.663757641724548,426.9908798759297,4.651001038785663,1.487276074613419,4.708227239636186,20.651501248561523,0.047771210201445154
rw_sarmax_exog_1_12m,rw_sarmax_exog_1_12m,RW-SARMAX (Exog. 1) (12 Months),STATISTICAL_ROLLING,08_12,NEG,AVERAGE,,,243,-0.2747878426124239,0.20119218003833161,3.910776092655145,15.294169646883043,1.9477715386852499,0.962662005393117,9.677213556366539,10.560168636909578,-0.010888050118083942
rw_sarmax_exog_1_12m,rw_sarmax_exog_1_12m,RW-SARMAX (Exog. 1) (12 Months),STATISTICAL_ROLLING,08_12,NEG,MARGINAL,,,243,4.395336656773449e+63,0.4067956994445687,5.410330524110497e+64,2.9271676380121766e+129,4.395336656773449e+63,2.4785270167852604,5.410330524110497e+64,21.83595049220211,0.2952401689474663
rw_sarmax_exog_1_12m,rw_sarmax_exog_1_12m,RW-SARMAX (Exog. 1) (12 Months),STATISTICAL_ROLLING,08_12,POS,AVERAGE,,,243,38535849011.30092,0.37534055570213454,600714435618.4944,3.608578331604462e+23,38535849016.18828,1.4432432665757151,600714435618.3756,10.609856851786446,-0.0041493775990354385
rw_sarmax_exog_1_12m,rw_sarmax_exog_1_12m,RW-SARMAX (Exog. 1) (12 Months),STATISTICAL_ROLLING,08_12,POS,MARGINAL,,,243,3544512.269431357,0.5088313249639178,54988225.00678385,3023704889396688.5,3544524.5351074007,2.606572563599258,54988225.63986429,19.567373889197142,-0.004189515249937631
rw_sarmax_exog_1_12m,rw_sarmax_exog_1_12m,RW-SARMAX (Exog. 1) (12 Months),STATISTICAL_ROLLING,12_16,NEG,AVERAGE,,,243,60.70205947787951,0.28575592442591446,953.5649276092057,909286.0711663498,64.99555564457208,1.670211394356917,955.5679670480553,21.6446792443593,-0.0036217157934454415
rw_sarmax_exog_1_12m,rw_sarmax_exog_1_12m,RW-SARMAX (Exog. 1) (12 Months),STATISTICAL_ROLLING,12_16,NEG,MARGINAL,,,243,-2.302452207405055,0.46730135336206,27.13183932352473,736.136705077563,7.882267396396648,2.581595916224348,26.403193245606136,35.66762142590697,-0.022824627053661145
rw_sarmax_exog_1_12m,rw_sarmax_exog_1_12m,RW-SARMAX (Exog. 1) (12 Months),STATISTICAL_ROLLING,12_16,POS,AVERAGE,,,243,-2.171685125567951,0.3362128504246975,16.097006860337117,259.1136298617402,3.8324378298450883,0.8198707139632404,4.55523174091323,16.623209935007917,0.13441594770483856
rw_sarmax_exog_1_12m,rw_sarmax_exog_1_12m,RW-SARMAX (Exog. 1) (12 Months),STATISTICAL_ROLLING,12_16,POS,MARGINAL,,,243,-8.04825516558899,0.6934639667122271,98.91478599536565,9784.134888508985,16.105379448462376,1.8621435066869694,32.68700760115378,93.21025224454014,0.019849847680236572
rw_sarmax_exog_1_12m,rw_sarmax_exog_1_12m,RW-SARMAX (Exog. 1) (12 Months),STATISTICAL_ROLLING,16_20,NEG,AVERAGE,,,243,-0.07977366002260476,0.10897275777791177,2.0601448335992085,4.24419673540551,1.1263371830869011,0.4457615847407901,7.093844150418893,7.337457980575138,-0.15155010058611088
rw_sarmax_exog_1_12m,rw_sarmax_exog_1_12m,RW-SARMAX (Exog. 1) (12 Months),STATISTICAL_ROLLING,16_20,NEG,MARGINAL,,,243,-0.3299338633731201,0.22902168422759106,5.19720859827614,27.01097721399544,2.1969903037254213,0.8236765887024777,8.595501834564194,10.025695416690022,-0.13896183170776039
rw_sarmax_exog_1_12m,rw_sarmax_exog_1_12m,RW-SARMAX (Exog. 1) (12 Months),STATISTICAL_ROLLING,16_20,POS,AVERAGE,,,243,5753912.786021079,0.1709803330422872,89694700.58902211,8045139313754324.0,5753926.284922883,2.590293172836681,89694700.71932395,25.029777784971195,-0.004149364608675354
rw_sarmax_exog_1_12m,rw_sarmax_exog_1_12m,RW-SARMAX (Exog. 1) (12 Months),STATISTICAL_ROLLING,16_20,POS,MARGINAL,,,243,-9.047630582996094,0.8929082863238413,37.72786808533798,1423.3920302646643,15.206402561809808,4.641315419696738,11.705174141100866,42.04192471997184,0.4576775925826266
rw_sarmax_exog_1_12m,rw_sarmax_exog_1_12m,RW-SARMAX (Exog. 1) (12 Months),STATISTICAL_ROLLING,20_24,NEG,AVERAGE,,,243,-0.15743721788434265,0.02987533075405291,0.8880703641541907,0.788668971688957,0.42155921834136867,0.15976642341238634,1.3247304954642987,1.6583954909882475,0.09879068903707137
rw_sarmax_exog_1_12m,rw_sarmax_exog_1_12m,RW-SARMAX (Exog. 1) (12 Months),STATISTICAL_ROLLING,20_24,NEG,MARGINAL,,,243,-0.39178395545183226,0.14098760610190242,2.172974273166291,4.72181719184257,1.0674922996771712,0.43873832562033943,1.8110603785878925,2.883929034999009,0.0653408670449969
rw_sarmax_exog_1_12m,rw_sarmax_exog_1_12m,RW-SARMAX (Exog. 1) (12 Months),STATISTICAL_ROLLING,20_24,POS,AVERAGE,,,243,-0.19601887071656404,0.42101991909332526,3.211565678742579,10.31415410887728,1.993799573884359,1.162969678701522,8.75157756077513,9.226842954023205,0.09620880993382612
rw_sarmax_exog_1_12m,rw_sarmax_exog_1_12m,RW-SARMAX (Exog. 1) (12 Months),STATISTICAL_ROLLING,20_24,POS,MARGINAL,,,243,-0.675992704595371,1.002516575528416,8.038656334472684,64.6199956637578,3.941712340376931,2.2034111955101032,9.751297748995535,12.517589622506696,0.15023474171162773
rw_sarmax_exog_1_3_12m,rw_sarmax_exog_1_3_12m,RW-SARMAX (Exog. 1&3) (12 Months),STATISTICAL_ROLLING,00_04,NEG,AVERAGE,,,243,-0.45551395760070607,0.14387051690760577,2.9418633842028323,8.654560171313342,1.4928793546034795,0.6189309823210136,4.917592168112419,6.0107601276809515,-0.003404924225248025
rw_sarmax_exog_1_3_12m,rw_sarmax_exog_1_3_12m,RW-SARMAX (Exog. 1&3) (12 Months),STATISTICAL_ROLLING,00_04,NEG,MARGINAL,,,243,-1.5046434520405108,0.23736278966759805,6.82755782374523,46.615545836584694,3.1288226938382273,1.0793267329083633,6.646302265637452,10.552818794605756,-0.0426246813658195
rw_sarmax_exog_1_3_12m,rw_sarmax_exog_1_3_12m,RW-SARMAX (Exog. 1&3) (12 Months),STATISTICAL_ROLLING,00_04,POS,AVERAGE,,,243,-0.05058333700964581,0.05684740870096694,0.9600952051211058,0.9217828028965382,0.29855701826758485,0.14558475248767033,1.4779584187570578,1.7587846020864546,0.26602852781793124
rw_sarmax_exog_1_3_12m,rw_sarmax_exog_1_3_12m,RW-SARMAX (Exog. 1&3) (12 Months),STATISTICAL_ROLLING,00_04,POS,MARGINAL,,,243,-0.17406516884044615,0.14970611115891064,2.2956159198123345,5.269852451295831,0.8689683334662649,0.31159382334042496,1.8531313459802996,2.8277429559291614,0.03513984713440911
rw_sarmax_exog_1_3_12m,rw_sarmax_exog_1_3_12m,RW-SARMAX (Exog. 1&3) (12 Months),STATISTICAL_ROLLING,04_08,NEG,AVERAGE,,,243,-0.25468230933437125,0.10425752051409454,1.9194639997373526,3.6843420462877154,1.0205680139768463,0.44939103734097285,3.5735648390222936,4.010206119444472,-0.08144472954049575
rw_sarmax_exog_1_3_12m,rw_sarmax_exog_1_3_12m,RW-SARMAX (Exog. 1&3) (12 Months),STATISTICAL_ROLLING,04_08,NEG,MARGINAL,,,243,-0.9486997571204607,0.3455185889360308,5.63931355062294,31.80185732223951,2.565096389175659,1.0122805412421103,5.047730972428857,7.5686366231957205,-0.07954816327128719
rw_sarmax_exog_1_3_12m,rw_sarmax_exog_1_3_12m,RW-SARMAX (Exog. 1&3) (12 Months),STATISTICAL_ROLLING,04_08,POS,AVERAGE,,,243,-0.40958269970694217,0.25652781003002545,4.025463486278591,16.20435627936219,1.703647754109256,0.7081465244589165,3.6398613396789763,4.976234471227694,0.14651071021944012
rw_sarmax_exog_1_3_12m,rw_sarmax_exog_1_3_12m,RW-SARMAX (Exog. 1&3) (12 Months),STATISTICAL_ROLLING,04_08,POS,MARGINAL,,,243,-2.11801935270864,0.6796048601039963,20.611089603934122,424.8170146614013,4.554688270256494,1.3976767527840703,4.773785443316452,20.651501248561523,0.044434006914210275
rw_sarmax_exog_1_3_12m,rw_sarmax_exog_1_3_12m,RW-SARMAX (Exog. 1&3) (12 Months),STATISTICAL_ROLLING,08_12,NEG,AVERAGE,,,243,-0.3553034702112578,0.05747558648180018,3.78224321816441,14.305363761350671,1.691108813425211,0.7257963531597778,9.58137130977207,10.560168636909578,0.10825821464004597
rw_sarmax_exog_1_3_12m,rw_sarmax_exog_1_3_12m,RW-SARMAX (Exog. 1&3) (12 Months),STATISTICAL_ROLLING,08_12,NEG,MARGINAL,,,243,1093.040662457505,0.30243242570892015,16603.698763229535,275682812.62007,1099.9673402866335,1.5295973090890307,16603.891028158796,21.83595049220211,-0.004367613320541037
rw_sarmax_exog_1_3_12m,rw_sarmax_exog_1_3_12m,RW-SARMAX (Exog. 1&3) (12 Months),STATISTICAL_ROLLING,08_12,POS,AVERAGE,,,243,-1.1671040324069322,0.2275915830666726,7.848481198347061,61.59865712080732,3.688358232924857,1.1084128121310073,7.6658023196294005,10.609856851786446,0.11409463042323752
rw_sarmax_exog_1_3_12m,rw_sarmax_exog_1_3_12m,RW-SARMAX (Exog. 1&3) (12 Months),STATISTICAL_ROLLING,08_12,POS,MARGINAL,,,243,15284.288017256033,0.30914651437986684,238301.58388726803,56787644883.18064,15294.830827013107,2.1833466629479528,238301.22058452028,19.567373889197142,-0.004145393783463484
rw_sarmax_exog_1_3_12m,rw_sarmax_exog_1_3_12m,RW-SARMAX (Exog. 1&3) (12 Months),STATISTICAL_ROLLING,12_16,NEG,AVERAGE,,,243,-0.1893973899786629,0.18869836630339343,5.134867695451547,26.366866249791876,3.0954503606437904,1.4182193610051215,21.50183105910199,21.6446792443593,0.0062079224241455115
rw_sarmax_exog_1_3_12m,rw_sarmax_exog_1_3_12m,RW-SARMAX (Exog. 1&3) (12 Months),STATISTICAL_ROLLING,12_16,NEG,MARGINAL,,,243,-1.60529359142762,0.3721898008428899,26.523752238829754,703.5094328268264,7.154458421351064,2.167168831274455,27.8971067362456,35.66762142590697,-0.06432977495588431
rw_sarmax_exog_1_3_12m,rw_sarmax_exog_1_3_12m,RW-SARMAX (Exog. 1&3) (12 Months),STATISTICAL_ROLLING,12_16,POS,AVERAGE,,,243,-2.215983900914994,0.3069539853808889,16.087382348000126,258.80387081074605,3.8255737078864245,0.7736027255661106,4.725895372360856,16.623209935007917,0.10407291233914265
rw_sarmax_exog_1_3_12m,rw_sarmax_exog_1_3_12m,RW-SARMAX (Exog. 1&3) (12 Months),STATISTICAL_ROLLING,12_16,POS,MARGINAL,,,243,66223620.82883364,0.5919665886818102,1032324090.2710166,1.065693027353882e+18,66223644.94770664,1.7687202873190788,1032324089.5080724,93.21025224454014,-0.004149378959380584
rw_sarmax_exog_1_3_12m,rw_sarmax_exog_1_3_12m,RW-SARMAX (Exog. 1&3) (12 Months),STATISTICAL_ROLLING,16_20,NEG,AVERAGE,,,243,-0.17191856621751248,0.05212793773444779,1.4888214272655116,2.216589242284915,0.8494753320199573,0.30524441984362904,6.886490289254128,7.337457980575138,0.11271231054350675
rw_sarmax_exog_1_3_12m,rw_sarmax_exog_1_3_12m,RW-SARMAX (Exog. 1&3) (12 Months),STATISTICAL_ROLLING,16_20,NEG,MARGINAL,,,243,-0.40292218506791305,0.10947453232799542,4.284866233520228,18.360078639161824,1.5753880010736243,0.5974909737873446,8.540349363839164,10.025695416690022,-0.00862625768663923
rw_sarmax_exog_1_3_12m,rw_sarmax_exog_1_3_12m,RW-SARMAX (Exog. 1&3) (12 Months),STATISTICAL_ROLLING,16_20,POS,AVERAGE,,,243,-4.800512642303605,0.22215609002456382,21.25425445250619,451.7433323318792,8.270363827429746,2.4395986181003977,8.716978911864649,25.029777784971195,0.5143951937515733
rw_sarmax_exog_1_3_12m,rw_sarmax_exog_1_3_12m,RW-SARMAX (Exog. 1&3) (12 Months),STATISTICAL_ROLLING,16_20,POS,MARGINAL,,,243,-8.66262748576107,0.7934359562580848,36.00007432952097,1296.0053517310346,14.06534964580756,3.6618229562618794,12.652517832492197,42.04192471997184,0.47024255669154286
rw_sarmax_exog_1_3_12m,rw_sarmax_exog_1_3_12m,RW-SARMAX (Exog. 1&3) (12 Months),STATISTICAL_ROLLING,20_24,NEG,AVERAGE,,,243,-0.12487870604974272,0.021985027391056233,0.7395604678129105,0.546949685551651,0.3601375260590315,0.15166029932425518,1.3345876440465565,1.6583954909882475,0.19135172162939376
rw_sarmax_exog_1_3_12m,rw_sarmax_exog_1_3_12m,RW-SARMAX (Exog. 1&3) (12 Months),STATISTICAL_ROLLING,20_24,NEG,MARGINAL,,,243,-0.3744129218292839,0.09590125636479163,1.7953842169983782,3.2234044866468796,0.84793166041045,0.36045660260281576,1.7922259399795608,2.883929034999009,0.1755211631266516
rw_sarmax_exog_1_3_12m,rw_sarmax_exog_1_3_12m,RW-SARMAX (Exog. 1&3) (12 Months),STATISTICAL_ROLLING,20_24,POS,AVERAGE,,,243,-0.2031383997705935,0.3088014437037163,3.015108165626803,9.090877250429426,1.8011867864561748,1.0168668628722188,8.727960513717,9.226842954023205,0.11973633088182273
rw_sarmax_exog_1_3_12m,rw_sarmax_exog_1_3_12m,RW-SARMAX (Exog. 1&3) (12 Months),STATISTICAL_ROLLING,20_24,POS,MARGINAL,,,243,-0.7161455792033603,0.8424983362253986,7.702322746909099,59.325775697553325,3.505903064353187,1.9423968465192978,9.74656486853133,12.517589622506696,0.15105179402709842
rw_sarmax_exog_1_3_3m,rw_sarmax_exog_1_3_3m,RW-SARMAX (Exog. 1&3) (3 Months),STATISTICAL_ROLLING,00_04,NEG,AVERAGE,,,243,-0.5687977150206489,0.1197426332055378,2.9021533808773206,8.422494246137662,1.5523207776145707,0.6242117985764231,5.036893477841047,6.0107601276809515,0.057981534334258816
rw_sarmax_exog_1_3_3m,rw_sarmax_exog_1_3_3m,RW-SARMAX (Exog. 1&3) (3 Months),STATISTICAL_ROLLING,00_04,NEG,MARGINAL,,,243,-1.4091567296714758,0.1417651061432763,6.896335931564516,47.55944928098781,3.4303749349286927,1.2859378456472035,7.4671942070929616,10.552818794605756,-0.08644879495600508
rw_sarmax_exog_1_3_3m,rw_sarmax_exog_1_3_3m,RW-SARMAX (Exog. 1&3) (3 Months),STATISTICAL_ROLLING,00_04,POS,AVERAGE,,,243,-0.0823207686055306,0.042362688835986706,1.0767934195513371,1.159484068389062,0.35204732680593537,0.14976547495984782,1.4337602955801536,1.7587846020864546,0.4682322168142128
rw_sarmax_exog_1_3_3m,rw_sarmax_exog_1_3_3m,RW-SARMAX (Exog. 1&3) (3 Months),STATISTICAL_ROLLING,00_04,POS,MARGINAL,,,243,-0.1880398627504223,0.14567943370768743,2.3783728840328493,5.6566575755027335,0.9100283495814384,0.3275782764819022,1.8677790315432798,2.8277429559291614,0.0638285628074665
rw_sarmax_exog_1_3_3m,rw_sarmax_exog_1_3_3m,RW-SARMAX (Exog. 1&3) (3 Months),STATISTICAL_ROLLING,04_08,NEG,AVERAGE,,,243,-0.34443794220958474,0.05550743119355506,2.0964436995034332,4.395076185187642,1.1762162783532772,0.4937167838630234,3.3834389724717813,4.010206119444472,0.11272984643104192
rw_sarmax_exog_1_3_3m,rw_sarmax_exog_1_3_3m,RW-SARMAX (Exog. 1&3) (3 Months),STATISTICAL_ROLLING,04_08,NEG,MARGINAL,,,243,-1.2162076158995743,-0.00015433386856145148,5.608323196684228,31.4532890784664,2.6774335672149276,1.1680770680622872,4.971580161665119,7.5686366231957205,-0.03393854297906005
rw_sarmax_exog_1_3_3m,rw_sarmax_exog_1_3_3m,RW-SARMAX (Exog. 1&3) (3 Months),STATISTICAL_ROLLING,04_08,POS,AVERAGE,,,243,-0.4001254925363152,0.09327593585160443,4.062300634318656,16.502286443585753,1.6875576051503813,0.649707414209244,3.9338666627000873,4.976234471227694,0.041117415092086516
rw_sarmax_exog_1_3_3m,rw_sarmax_exog_1_3_3m,RW-SARMAX (Exog. 1&3) (3 Months),STATISTICAL_ROLLING,04_08,POS,MARGINAL,,,243,-2.129047620891083,0.15878692510694314,20.70184910820581,428.5665564989216,4.669019770030608,1.3318490321510197,5.777607408907735,20.651501248561523,0.009658818077088637
rw_sarmax_exog_1_3_3m,rw_sarmax_exog_1_3_3m,RW-SARMAX (Exog. 1&3) (3 Months),STATISTICAL_ROLLING,08_12,NEG,AVERAGE,,,243,0.06579079371240124,0.12143726416796063,4.337492815181986,18.81384392175535,2.126565202520018,0.6507395671888849,10.926684296110777,10.560168636909578,-0.061893238302040056
rw_sarmax_exog_1_3_3m,rw_sarmax_exog_1_3_3m,RW-SARMAX (Exog. 1&3) (3 Months),STATISTICAL_ROLLING,08_12,NEG,MARGINAL,,,243,-0.738938065613197,0.28211266722369643,18.291675776530546,334.5854027137144,5.881741492186133,1.1831103463968198,16.062735158860868,21.83595049220211,-0.25377573755791727
rw_sarmax_exog_1_3_3m,rw_sarmax_exog_1_3_3m,RW-SARMAX (Exog. 1&3) (3 Months),STATISTICAL_ROLLING,08_12,POS,AVERAGE,,,243,-0.6987695689639181,0.17247498309414055,8.649539405562711,74.81453192838215,4.448143096727952,1.6017106799438103,10.020709393999471,10.609856851786446,-0.14159628309326283
rw_sarmax_exog_1_3_3m,rw_sarmax_exog_1_3_3m,RW-SARMAX (Exog. 1&3) (3 Months),STATISTICAL_ROLLING,08_12,POS,MARGINAL,,,243,-3.105251126254095,0.21392825881546784,17.20161415998844,295.8955297091149,8.28824423555713,2.965923034453164,11.668058739534601,19.567373889197142,-0.04452541551197858
rw_sarmax_exog_1_3_3m,rw_sarmax_exog_1_3_3m,RW-SARMAX (Exog. 1&3) (3 Months),STATISTICAL_ROLLING,12_16,NEG,AVERAGE,,,243,-0.6268746365633756,0.10965861808121691,6.477170821141998,41.9537418462533,3.6988794011849304,1.4271318001136777,21.626925849928817,21.6446792443593,0.08899015180285773
rw_sarmax_exog_1_3_3m,rw_sarmax_exog_1_3_3m,RW-SARMAX (Exog. 1&3) (3 Months),STATISTICAL_ROLLING,12_16,NEG,MARGINAL,,,243,-3.1259223240442773,0.16711723550666835,26.418005358855705,697.9110071405287,7.327128059121893,2.7377657744397226,26.05016171447986,35.66762142590697,0.014287343309898524
rw_sarmax_exog_1_3_3m,rw_sarmax_exog_1_3_3m,RW-SARMAX (Exog. 1&3) (3 Months),STATISTICAL_ROLLING,12_16,POS,AVERAGE,,,243,-2.43680569635496,-0.04540053079164963,16.604114523005908,275.6966190930957,4.58635800382355,0.9384572842888694,6.321871639143754,16.623209935007917,0.11738447581644541
rw_sarmax_exog_1_3_3m,rw_sarmax_exog_1_3_3m,RW-SARMAX (Exog. 1&3) (3 Months),STATISTICAL_ROLLING,12_16,POS,MARGINAL,,,243,-9.274377775592276,0.22501542141242048,93.90168956378788,8817.52730293399,14.974248372875863,1.6351069946678134,13.265126054292997,93.21025224454014,0.010755945740592398
rw_sarmax_exog_1_3_3m,rw_sarmax_exog_1_3_3m,RW-SARMAX (Exog. 1&3) (3 Months),STATISTICAL_ROLLING,16_20,NEG,AVERAGE,,,243,-0.042035650073886564,0.08401994029007476,1.6197892538663514,2.6237172269409115,0.9290033826963408,0.3605748914166007,7.108499488114606,7.337457980575138,0.09013411712530676
rw_sarmax_exog_1_3_3m,rw_sarmax_exog_1_3_3m,RW-SARMAX (Exog. 1&3) (3 Months),STATISTICAL_ROLLING,16_20,NEG,MARGINAL,,,243,-0.37084048269818154,0.14940627767952663,4.549197529318716,20.69519816075951,1.6843262943639563,0.47641528872093364,8.541074079647359,10.025695416690022,0.058828227820311656
rw_sarmax_exog_1_3_3m,rw_sarmax_exog_1_3_3m,RW-SARMAX (Exog. 1&3) (3 Months),STATISTICAL_ROLLING,16_20,POS,AVERAGE,,,243,-2.974259257586336,-0.004277564379972176,20.339338354157604,413.6886846849066,8.317503512874332,2.6364074936943993,15.683561386545012,25.029777784971195,0.2632305736929512
rw_sarmax_exog_1_3_3m,rw_sarmax_exog_1_3_3m,RW-SARMAX (Exog. 1&3) (3 Months),STATISTICAL_ROLLING,16_20,POS,MARGINAL,,,243,-5.4975169646606945,0.7060681327464806,34.043131293139304,1158.9347882419204,14.601464431802022,4.529957051715819,22.600173686841472,42.04192471997184,0.2854489553006964
rw_sarmax_exog_1_3_3m,rw_sarmax_exog_1_3_3m,RW-SARMAX (Exog. 1&3) (3 Months),STATISTICAL_ROLLING,20_24,NEG,AVERAGE,,,243,-0.19187165002536746,0.006766860985724543,0.8446105340793134,0.7133669542777431,0.41596055220167305,0.16248503050624752,1.2224706137705474,1.6583954909882475,0.3750680672652604
rw_sarmax_exog_1_3_3m,rw_sarmax_exog_1_3_3m,RW-SARMAX (Exog. 1&3) (3 Months),STATISTICAL_ROLLING,20_24,NEG,MARGINAL,,,243,-0.45751539879860165,0.054467203472694514,1.7917694429154831,3.2104377365656607,0.8910954176079204,0.34334332811194024,1.7927248701912548,2.883929034999009,0.31960150665797415
rw_sarmax_exog_1_3_3m,rw_sarmax_exog_1_3_3m,RW-SARMAX (Exog. 1&3) (3 Months),STATISTICAL_ROLLING,20_24,POS,AVERAGE,,,243,-0.06282594729646751,0.23008282451248974,3.2003740294231138,10.242393928205939,1.931574472109296,0.9944866239402455,9.265991974709344,9.226842954023205,-0.04114923055044204
rw_sarmax_exog_1_3_3m,rw_sarmax_exog_1_3_3m,RW-SARMAX (Exog. 1&3) (3 Months),STATISTICAL_ROLLING,20_24,POS,MARGINAL,,,243,-1.0227324041273662,0.49513881922507874,8.059534184614336,64.95609127296707,3.904095594287777,1.8310212069963558,10.472166807821367,12.517589622506696,0.024479776132424795
rw_sarmax_exog_1_3_6m,rw_sarmax_exog_1_3_6m,RW-SARMAX (Exog. 1&3) (6 Months),STATISTICAL_ROLLING,00_04,NEG,AVERAGE,,,243,-0.7677258248457663,0.12615222013230198,3.162972949111515,10.004397876811195,1.6410154958511927,0.6216126639363102,4.498712753497199,6.0107601276809515,0.1813233835911609
rw_sarmax_exog_1_3_6m,rw_sarmax_exog_1_3_6m,RW-SARMAX (Exog. 1&3) (6 Months),STATISTICAL_ROLLING,00_04,NEG,MARGINAL,,,243,-1.7488462411168078,0.19488749577088793,7.0219064182109285,49.30716974611183,3.3763782761789627,1.1372888905961593,6.505457320516849,10.552818794605756,0.024212105088167808
rw_sarmax_exog_1_3_6m,rw_sarmax_exog_1_3_6m,RW-SARMAX (Exog. 1&3) (6 Months),STATISTICAL_ROLLING,00_04,POS,AVERAGE,,,243,-0.022498998503200585,0.037097194016143975,0.9345440274526435,0.8733725392474073,0.28323121779000565,0.13372168190430322,1.6314095212174935,1.7587846020864546,0.03230681897112634
rw_sarmax_exog_1_3_6m,rw_sarmax_exog_1_3_6m,RW-SARMAX (Exog. 1&3) (6 Months),STATISTICAL_ROLLING,00_04,POS,MARGINAL,,,243,-0.1293531186798648,0.13827050972388388,2.416846367886643,5.841146365966859,0.9160732398422835,0.337945088261308,2.142452524008735,2.8277429559291614,-0.10541649600189754
rw_sarmax_exog_1_3_6m,rw_sarmax_exog_1_3_6m,RW-SARMAX (Exog. 1&3) (6 Months),STATISTICAL_ROLLING,04_08,NEG,AVERAGE,,,243,-0.4699255416746315,0.09187238317467439,2.132592855544686,4.547952287520237,1.1914613696960261,0.46020768547891144,3.1310132399430635,4.010206119444472,0.195665645353887
rw_sarmax_exog_1_3_6m,rw_sarmax_exog_1_3_6m,RW-SARMAX (Exog. 1&3) (6 Months),STATISTICAL_ROLLING,04_08,NEG,MARGINAL,,,243,-1.1791035039783466,0.12410324788100446,5.603491569476515,31.399117769194376,2.595225868393125,0.9225395436595161,4.7777354843809,7.5686366231957205,-0.028984519551745153
rw_sarmax_exog_1_3_6m,rw_sarmax_exog_1_3_6m,RW-SARMAX (Exog. 1&3) (6 Months),STATISTICAL_ROLLING,04_08,POS,AVERAGE,,,243,-0.38472938114274235,0.22344933297374148,3.890812350008725,15.138420742980419,1.6085250186550968,0.7000961094057678,3.6889542563037043,4.976234471227694,0.11689981511428295
rw_sarmax_exog_1_3_6m,rw_sarmax_exog_1_3_6m,RW-SARMAX (Exog. 1&3) (6 Months),STATISTICAL_ROLLING,04_08,POS,MARGINAL,,,243,-2.0021724274556405,0.46917188740897053,20.603813976483696,424.51715037754497,4.4895600531968824,1.2701875427841447,5.041887280155924,20.651501248561523,0.025427656959019652
rw_sarmax_exog_1_3_6m,rw_sarmax_exog_1_3_6m,RW-SARMAX (Exog. 1&3) (6 Months),STATISTICAL_ROLLING,08_12,NEG,AVERAGE,,,243,-0.23311482925854568,0.10291654238398573,3.753280784644623,14.087116648382557,1.6681073622230602,0.739055131887568,9.812460648389006,10.560168636909578,0.01191940010446361
rw_sarmax_exog_1_3_6m,rw_sarmax_exog_1_3_6m,RW-SARMAX (Exog. 1&3) (6 Months),STATISTICAL_ROLLING,08_12,NEG,MARGINAL,,,243,-0.2561891523166938,0.40719219353547853,17.460885838450906,304.88253426341544,5.668640937120893,1.6784388136085306,14.862263446823302,21.83595049220211,-0.04659788682207849
rw_sarmax_exog_1_3_6m,rw_sarmax_exog_1_3_6m,RW-SARMAX (Exog. 1&3) (6 Months),STATISTICAL_ROLLING,08_12,POS,AVERAGE,,,243,-0.8401985497670379,0.531980392041433,8.142265355214501,66.29648511472632,4.073896126979198,1.5249055059308958,7.803299236230944,10.609856851786446,0.13596762341962107
rw_sarmax_exog_1_3_6m,rw_sarmax_exog_1_3_6m,RW-SARMAX (Exog. 1&3) (6 Months),STATISTICAL_ROLLING,08_12,POS,MARGINAL,,,243,-2.7334702302060343,0.44106474244814287,16.66517711493248,277.7281282720693,7.894647825077191,2.4324840918486643,10.813931302464795,19.567373889197142,0.022734382130199918
rw_sarmax_exog_1_3_6m,rw_sarmax_exog_1_3_6m,RW-SARMAX (Exog. 1&3) (6 Months),STATISTICAL_ROLLING,12_16,NEG,AVERAGE,,,243,0.319107292675892,0.18269486535328427,5.083101549643212,25.83792136398522,3.0575631332636277,1.6756787134764428,21.92971487064289,21.6446792443593,0.0515026692562714
rw_sarmax_exog_1_3_6m,rw_sarmax_exog_1_3_6m,RW-SARMAX (Exog. 1&3) (6 Months),STATISTICAL_ROLLING,12_16,NEG,MARGINAL,,,243,-1.1311995720362586,0.626928407807064,26.69123152129207,712.4218401232154,7.526097644556771,3.178047894267337,28.34091887918349,35.66762142590697,-0.07770715532973949
rw_sarmax_exog_1_3_6m,rw_sarmax_exog_1_3_6m,RW-SARMAX (Exog. 1&3) (6 Months),STATISTICAL_ROLLING,12_16,POS,AVERAGE,,,243,-2.260699848465105,0.2881041165136029,16.160099977648425,261.1488312875926,3.8987916010833983,0.8242943148270001,4.425035755405158,16.623209935007917,0.13127196172782782
rw_sarmax_exog_1_3_6m,rw_sarmax_exog_1_3_6m,RW-SARMAX (Exog. 1&3) (6 Months),STATISTICAL_ROLLING,12_16,POS,MARGINAL,,,243,-10.14116929528963,0.4073238920455289,93.35787586170605,8715.692985409716,13.578320953080794,1.4318205142532383,7.760885930775653,93.21025224454014,0.019032330169789023
rw_sarmax_exog_1_3_6m,rw_sarmax_exog_1_3_6m,RW-SARMAX (Exog. 1&3) (6 Months),STATISTICAL_ROLLING,16_20,NEG,AVERAGE,,,243,-0.0809530966409939,0.06099078306972738,1.6490293761627044,2.719297883447558,0.9204754936049863,0.3481169369323407,7.022247523475678,7.337457980575138,0.15224013356120913
rw_sarmax_exog_1_3_6m,rw_sarmax_exog_1_3_6m,RW-SARMAX (Exog. 1&3) (6 Months),STATISTICAL_ROLLING,16_20,NEG,MARGINAL,,,243,719159582.4249635,0.1736210525251991,11210588423.346235,1.2567729279766462e+20,719159584.2566617,0.5580843779112477,11210588423.066034,10.025695416690022,-0.004149377569681357
rw_sarmax_exog_1_3_6m,rw_sarmax_exog_1_3_6m,RW-SARMAX (Exog. 1&3) (6 Months),STATISTICAL_ROLLING,16_20,POS,AVERAGE,,,243,-1.6042019891816648,0.3094487036906024,45.38697674401568,2059.9776579618206,10.896297481076134,2.4282218486525586,41.10381780786881,25.029777784971195,0.10181224652974147
rw_sarmax_exog_1_3_6m,rw_sarmax_exog_1_3_6m,RW-SARMAX (Exog. 1&3) (6 Months),STATISTICAL_ROLLING,16_20,POS,MARGINAL,,,243,-7.476766601697015,0.9133148031262728,34.18301612383557,1168.4785913224027,14.141337434811891,4.786173096385966,16.307587890048964,42.04192471997184,0.402056607840271
rw_sarmax_exog_1_3_6m,rw_sarmax_exog_1_3_6m,RW-SARMAX (Exog. 1&3) (6 Months),STATISTICAL_ROLLING,20_24,NEG,AVERAGE,,,243,-0.1942689567090464,0.014217842312285178,0.8202066318684934,0.6727389189610583,0.39928366817927363,0.14435518416803372,1.1614566348787119,1.6583954909882475,0.48109372754444557
rw_sarmax_exog_1_3_6m,rw_sarmax_exog_1_3_6m,RW-SARMAX (Exog. 1&3) (6 Months),STATISTICAL_ROLLING,20_24,NEG,MARGINAL,,,243,-0.4863019287478913,0.0836678316078272,1.90930998013079,3.645464600227038,0.9135750874200427,0.333190368588673,1.633012223838258,2.883929034999009,0.3225004596961988
rw_sarmax_exog_1_3_6m,rw_sarmax_exog_1_3_6m,RW-SARMAX (Exog. 1&3) (6 Months),STATISTICAL_ROLLING,20_24,POS,AVERAGE,,,243,-0.0008345367144623062,0.3939012639786714,2.9626340894682905,8.777200748079608,1.8110313166034724,1.1510431986306608,9.011612241154923,9.226842954023205,0.007377651144064082
rw_sarmax_exog_1_3_6m,rw_sarmax_exog_1_3_6m,RW-SARMAX (Exog. 1&3) (6 Months),STATISTICAL_ROLLING,20_24,POS,MARGINAL,,,243,0.26337621876201767,0.5056997481366956,14.93000528029227,222.9050576695551,4.326113931225322,1.8501734897606514,15.867603780577825,12.517589622506696,0.028980733067430466
rw_sarmax_exog_1_3m,rw_sarmax_exog_1_3m,RW-SARMAX (Exog. 1) (3 Months),STATISTICAL_ROLLING,00_04,NEG,AVERAGE,,,243,-0.47518243718759007,0.17599707278573318,3.681444086736819,13.553030563769491,1.8966780162802082,0.6805503437169067,5.494689012918051,6.0107601276809515,-0.1676239537377977
rw_sarmax_exog_1_3m,rw_sarmax_exog_1_3m,RW-SARMAX (Exog. 1) (3 Months),STATISTICAL_ROLLING,00_04,NEG,MARGINAL,,,243,-1.1312506547672774,0.2262897207110668,8.930349390810317,79.75114024194619,4.261635229464147,1.1581563802561456,8.887416307378418,10.552818794605756,-0.30629342875200727
rw_sarmax_exog_1_3m,rw_sarmax_exog_1_3m,RW-SARMAX (Exog. 1) (3 Months),STATISTICAL_ROLLING,00_04,POS,AVERAGE,,,243,-0.07973213497938375,0.047651287658425634,1.0714463337285256,1.1479972460602992,0.357221670041674,0.15908856991006193,1.431615763948752,1.7587846020864546,0.47285770853696857
rw_sarmax_exog_1_3m,rw_sarmax_exog_1_3m,RW-SARMAX (Exog. 1) (3 Months),STATISTICAL_ROLLING,00_04,POS,MARGINAL,,,243,-0.16350812823137897,0.14504371876293876,2.417125780295674,5.84249703776997,0.9292894485540698,0.3205242849394674,1.919637018464172,2.8277429559291614,0.03940913718624045
rw_sarmax_exog_1_3m,rw_sarmax_exog_1_3m,RW-SARMAX (Exog. 1) (3 Months),STATISTICAL_ROLLING,04_08,NEG,AVERAGE,,,243,-0.25654531782115514,0.12758725037913798,2.5315212268829854,6.408599722159136,1.3552775466306604,0.516805130470543,3.6974572712757174,4.010206119444472,0.001407029753194929
rw_sarmax_exog_1_3m,rw_sarmax_exog_1_3m,RW-SARMAX (Exog. 1) (3 Months),STATISTICAL_ROLLING,04_08,NEG,MARGINAL,,,243,-1.1766369361186826,0.16346371593955578,6.548289650553906,42.880097347551406,3.2803210337232627,1.4690072505894936,5.260533791549278,7.5686366231957205,-0.07279183325037775
rw_sarmax_exog_1_3m,rw_sarmax_exog_1_3m,RW-SARMAX (Exog. 1) (3 Months),STATISTICAL_ROLLING,04_08,POS,AVERAGE,,,243,36258.361185979054,0.18926046573696276,565217.9731413111,319471357161.9718,36260.559468167565,0.708689284007038,565217.9264934442,4.976234471227694,-0.004149382924286057
rw_sarmax_exog_1_3m,rw_sarmax_exog_1_3m,RW-SARMAX (Exog. 1) (3 Months),STATISTICAL_ROLLING,04_08,POS,MARGINAL,,,243,-1.9761959763701091,0.3359110744268792,20.955123497105113,439.1172007789269,5.00177064966337,1.4767809705251214,6.212042618119535,20.651501248561523,-0.016008907827260412
rw_sarmax_exog_1_3m,rw_sarmax_exog_1_3m,RW-SARMAX (Exog. 1) (3 Months),STATISTICAL_ROLLING,08_12,NEG,AVERAGE,,,243,-0.19023174503965126,0.14866392963085673,3.952196065856974,15.61985374297534,1.903376341340787,0.8044922351630146,9.913917961389526,10.560168636909578,-0.0018045558439643903
rw_sarmax_exog_1_3m,rw_sarmax_exog_1_3m,RW-SARMAX (Exog. 1) (3 Months),STATISTICAL_ROLLING,08_12,NEG,MARGINAL,,,243,-1.2948474705496145,0.402171105541016,18.00270742348163,324.09747457548065,5.763235329813414,1.6015511794014756,14.270215512576142,21.83595049220211,-0.1515017839589781
rw_sarmax_exog_1_3m,rw_sarmax_exog_1_3m,RW-SARMAX (Exog. 1) (3 Months),STATISTICAL_ROLLING,08_12,POS,AVERAGE,,,243,-1.1915159082318991,0.06310656877868404,8.204647297651075,67.31623727885308,4.099008534096244,1.3329255559638327,8.16085777476569,10.609856851786446,0.009236712228975886
rw_sarmax_exog_1_3m,rw_sarmax_exog_1_3m,RW-SARMAX (Exog. 1) (3 Months),STATISTICAL_ROLLING,08_12,POS,MARGINAL,,,243,-3.062257705378674,0.09117207068906374,18.51029106755049,342.6308754054395,8.791010938898326,2.530436227286046,12.136573461521998,19.567373889197142,-0.09029138585282365
rw_sarmax_exog_1_3m,rw_sarmax_exog_1_3m,RW-SARMAX (Exog. 1) (3 Months),STATISTICAL_ROLLING,12_16,NEG,AVERAGE,,,243,-0.4933551011146083,0.1916040194231292,6.900361971339106,47.61499533550292,4.118010638785595,2.074759461298515,21.13158086806427,21.6446792443593,-0.02988117917034674
rw_sarmax_exog_1_3m,rw_sarmax_exog_1_3m,RW-SARMAX (Exog. 1) (3 Months),STATISTICAL_ROLLING,12_16,NEG,MARGINAL,,,243,-2.1777021333294546,0.40320447584358377,27.76422484154852,770.8521810520599,8.990323346901341,3.033323700346293,26.81722234502173,35.66762142590697,0.00228025776089765
rw_sarmax_exog_1_3m,rw_sarmax_exog_1_3m,RW-SARMAX (Exog. 1) (3 Months),STATISTICAL_ROLLING,12_16,POS,AVERAGE,,,243,-2.5619564314087033,0.00122529099854507,16.38138636686161,268.3498193003994,4.329792307297307,0.8620363633290742,6.137310073165692,16.623209935007917,0.10096015207354776
rw_sarmax_exog_1_3m,rw_sarmax_exog_1_3m,RW-SARMAX (Exog. 1) (3 Months),STATISTICAL_ROLLING,12_16,POS,MARGINAL,,,243,-9.918921613891309,0.3481522609832792,93.24843561954536,8695.270745492497,13.765690398880102,1.6153180502053406,8.478626052395295,93.21025224454014,0.00884695980057662
rw_sarmax_exog_1_3m,rw_sarmax_exog_1_3m,RW-SARMAX (Exog. 1) (3 Months),STATISTICAL_ROLLING,16_20,NEG,AVERAGE,,,243,-0.03772004511847061,0.090751815143019,2.338726670621569,5.469642439876648,1.2604096667309121,0.37311048690534854,7.206367846582234,7.337457980575138,-0.05992846644466475
rw_sarmax_exog_1_3m,rw_sarmax_exog_1_3m,RW-SARMAX (Exog. 1) (3 Months),STATISTICAL_ROLLING,16_20,NEG,MARGINAL,,,243,-0.33570609454317873,0.13611783426135515,5.5770150336733755,31.10309668581884,2.431583425121298,0.7706465510507168,8.78952697621329,10.025695416690022,-0.05652764010432983
rw_sarmax_exog_1_3m,rw_sarmax_exog_1_3m,RW-SARMAX (Exog. 1) (3 Months),STATISTICAL_ROLLING,16_20,POS,AVERAGE,,,243,-2.8910900869833642,0.4174244365807631,20.862137235581404,435.22877003623205,8.644889774453041,3.2950234878262137,14.845592964461268,25.029777784971195,0.29252229146545244
rw_sarmax_exog_1_3m,rw_sarmax_exog_1_3m,RW-SARMAX (Exog. 1) (3 Months),STATISTICAL_ROLLING,16_20,POS,MARGINAL,,,243,-6.183185395020161,0.9921638169503382,35.335875272260495,1248.6240812567507,15.08154842970945,5.117608644680384,19.538933606552575,42.04192471997184,0.32399579338509205
rw_sarmax_exog_1_3m,rw_sarmax_exog_1_3m,RW-SARMAX (Exog. 1) (3 Months),STATISTICAL_ROLLING,20_24,NEG,AVERAGE,,,243,-0.1877411221978051,0.011140274994082433,0.9844185839691669,0.9690799484638598,0.4680395044790989,0.16338330703224946,1.2863826386877806,1.6583954909882475,0.14316025165620072
rw_sarmax_exog_1_3m,rw_sarmax_exog_1_3m,RW-SARMAX (Exog. 1) (3 Months),STATISTICAL_ROLLING,20_24,NEG,MARGINAL,,,243,-0.47280942168321655,0.10299229851557401,2.1914142739458655,4.802296520053686,1.0965231848470425,0.35714157372368116,1.859335404555245,2.883929034999009,0.07794674880727935
rw_sarmax_exog_1_3m,rw_sarmax_exog_1_3m,RW-SARMAX (Exog. 1) (3 Months),STATISTICAL_ROLLING,20_24,POS,AVERAGE,,,243,-0.0716708057052414,0.30898343326278166,3.2150358395994867,10.336455449909176,1.9188777054679411,0.9976182942668785,9.179188312264253,9.226842954023205,0.02002090257206604
rw_sarmax_exog_1_3m,rw_sarmax_exog_1_3m,RW-SARMAX (Exog. 1) (3 Months),STATISTICAL_ROLLING,20_24,POS,MARGINAL,,,243,-1.1355886916121416,0.3699648704827938,8.434089348095787,71.1338631316628,4.238937778020951,2.044945034783911,10.431016777647173,12.517589622506696,-0.012968671314420392
rw_sarmax_exog_1_4_12m,rw_sarmax_exog_1_4_12m,RW-SARMAX (Exog. 1&4) (12 Months),STATISTICAL_ROLLING,00_04,NEG,AVERAGE,,,243,-0.6422870350318052,-0.45385801417769134,6.6164326826048185,43.777181443441194,2.9830419418403693,1.000608345765984,8.459009083971722,6.0107601276809515,-0.1919688123940009
rw_sarmax_exog_1_4_12m,rw_sarmax_exog_1_4_12m,RW-SARMAX (Exog. 1&4) (12 Months),STATISTICAL_ROLLING,00_04,NEG,MARGINAL,,,243,-1.243553827916781,-0.32196459794724097,11.237194372752471,126.2745373710198,4.827061644967571,1.0970360119985152,12.723163022700902,10.552818794605756,0.06797881990012192
rw_sarmax_exog_1_4_12m,rw_sarmax_exog_1_4_12m,RW-SARMAX (Exog. 1&4) (12 Months),STATISTICAL_ROLLING,00_04,POS,AVERAGE,,,243,-0.13358201440829223,-0.223244457282485,1.7522080546871897,3.0702330669106654,0.965314280910161,0.5494167241839718,2.0481483062858734,1.7587846020864546,-0.1669101646103994
rw_sarmax_exog_1_4_12m,rw_sarmax_exog_1_4_12m,RW-SARMAX (Exog. 1&4) (12 Months),STATISTICAL_ROLLING,00_04,POS,MARGINAL,,,243,-0.050599090262850956,-0.20200644170509463,3.5582232853614544,12.660952948488463,1.7033876328712292,0.8490399584640906,3.238729479359389,2.8277429559291614,-0.17110195189638527
rw_sarmax_exog_1_4_12m,rw_sarmax_exog_1_4_12m,RW-SARMAX (Exog. 1&4) (12 Months),STATISTICAL_ROLLING,04_08,NEG,AVERAGE,,,243,-0.07060621965736345,-0.12308293097324219,4.047908838982932,16.385565968716147,2.3325968863656943,1.1323210028937623,5.021681075614076,4.010206119444472,-0.12375429384150516
rw_sarmax_exog_1_4_12m,rw_sarmax_exog_1_4_12m,RW-SARMAX (Exog. 1&4) (12 Months),STATISTICAL_ROLLING,04_08,NEG,MARGINAL,,,243,-0.6075611239313461,-0.25802425001818463,8.222972487628235,67.61727653229089,3.983658027868408,1.6876914773816747,8.32664855586066,7.5686366231957205,-0.14079990852516672
rw_sarmax_exog_1_4_12m,rw_sarmax_exog_1_4_12m,RW-SARMAX (Exog. 1&4) (12 Months),STATISTICAL_ROLLING,04_08,POS,AVERAGE,,,243,-2.3198631015929188,-2.22976520150684,4.196704063592915,17.61232499737729,3.266782446580509,2.57624921142439,3.6315172143429715,4.976234471227694,0.1117835511227206
rw_sarmax_exog_1_4_12m,rw_sarmax_exog_1_4_12m,RW-SARMAX (Exog. 1&4) (12 Months),STATISTICAL_ROLLING,04_08,POS,MARGINAL,,,243,-3.7257531084812032,-1.9578201497890326,20.16637775109999,406.68279160006074,5.782730583292659,2.806028927687713,5.440796665254348,20.651501248561523,-0.025834112124342647
rw_sarmax_exog_1_4_12m,rw_sarmax_exog_1_4_12m,RW-SARMAX (Exog. 1&4) (12 Months),STATISTICAL_ROLLING,08_12,NEG,AVERAGE,,,243,-2.6839028417118787,-1.050366622035924,4.842486274985999,23.449673323427778,3.2687101568682517,1.4085757581787544,8.044958814444604,10.560168636909578,0.2759804506770723
rw_sarmax_exog_1_4_12m,rw_sarmax_exog_1_4_12m,RW-SARMAX (Exog. 1&4) (12 Months),STATISTICAL_ROLLING,08_12,NEG,MARGINAL,,,243,2301203.293609386,-1.0314915795885522,35833765.63828008,1284058759819182.2,2301214.9044964616,3.306958184985824,35833767.76044394,21.83595049220211,-0.004158585733236378
rw_sarmax_exog_1_4_12m,rw_sarmax_exog_1_4_12m,RW-SARMAX (Exog. 1&4) (12 Months),STATISTICAL_ROLLING,08_12,POS,AVERAGE,,,243,1.9401665132876884,-2.265615622997153,88.49802981027402,7831.901280300149,10.975559452748636,2.7235047432895154,88.23725235028692,10.609856851786446,-0.03599330871450938
rw_sarmax_exog_1_4_12m,rw_sarmax_exog_1_4_12m,RW-SARMAX (Exog. 1&4) (12 Months),STATISTICAL_ROLLING,08_12,POS,MARGINAL,,,243,936101433.8662325,-2.3254319631099136,14563328814.275738,2.1209054615271398e+20,936101448.8348234,3.653498609146494,14563328822.432634,19.567373889197142,-0.004165946743717841
rw_sarmax_exog_1_4_12m,rw_sarmax_exog_1_4_12m,RW-SARMAX (Exog. 1&4) (12 Months),STATISTICAL_ROLLING,12_16,NEG,AVERAGE,,,243,-5.857028314008872,-2.173766404887367,10.959980811972493,120.12117939880521,7.565440130076749,3.0457507222978295,19.029918094812647,21.6446792443593,0.10323926025570583
rw_sarmax_exog_1_4_12m,rw_sarmax_exog_1_4_12m,RW-SARMAX (Exog. 1&4) (12 Months),STATISTICAL_ROLLING,12_16,NEG,MARGINAL,,,243,-3.267799931292811,-1.8157789002115763,57.557574554829486,3312.8743886347547,14.025002695242362,4.809587670597816,56.16079994337856,35.66762142590697,-0.36288009674613053
rw_sarmax_exog_1_4_12m,rw_sarmax_exog_1_4_12m,RW-SARMAX (Exog. 1&4) (12 Months),STATISTICAL_ROLLING,12_16,POS,AVERAGE,,,243,-2.739114899053746,-0.6137704097716608,16.502565207808104,272.3346584379586,4.988494738723428,1.385207232990041,5.784289095899938,16.623209935007917,0.12697827631978692
rw_sarmax_exog_1_4_12m,rw_sarmax_exog_1_4_12m,RW-SARMAX (Exog. 1&4) (12 Months),STATISTICAL_ROLLING,12_16,POS,MARGINAL,,,243,3.4635553483444906e+35,-0.09946271782517258,5.399148454343622e+36,2.915080403204112e+73,3.4635553483444906e+35,3.3606867490887904,5.399148454343622e+36,93.21025224454014,-0.004149377593361119
rw_sarmax_exog_1_4_12m,rw_sarmax_exog_1_4_12m,RW-SARMAX (Exog. 1&4) (12 Months),STATISTICAL_ROLLING,16_20,NEG,AVERAGE,,,243,0.36459805997460665,-0.031970430862013344,5.482165540042661,30.054139008431246,2.810745207792742,0.9369938333270591,9.382498818863857,7.337457980575138,-0.017840535003292853
rw_sarmax_exog_1_4_12m,rw_sarmax_exog_1_4_12m,RW-SARMAX (Exog. 1&4) (12 Months),STATISTICAL_ROLLING,16_20,NEG,MARGINAL,,,243,0.3171172252599082,-0.019441436425433167,8.822401386436507,77.8347662233968,4.196307799757853,1.603398785654461,12.186622193268978,10.025695416690022,-0.01977774490009528
rw_sarmax_exog_1_4_12m,rw_sarmax_exog_1_4_12m,RW-SARMAX (Exog. 1&4) (12 Months),STATISTICAL_ROLLING,16_20,POS,AVERAGE,,,243,6.744496702020465,-2.5512120060502,89.56892049356738,8022.591518382994,20.661363282049066,4.16952456095796,101.85301705514291,25.029777784971195,0.054881542183104315
rw_sarmax_exog_1_4_12m,rw_sarmax_exog_1_4_12m,RW-SARMAX (Exog. 1&4) (12 Months),STATISTICAL_ROLLING,16_20,POS,MARGINAL,,,243,20.313583275277526,-1.9765931765508515,177.22868603117885,31410.007152338174,39.456636087458534,5.354169518072531,195.3830493721312,42.04192471997184,0.127943665873699
rw_sarmax_exog_1_4_12m,rw_sarmax_exog_1_4_12m,RW-SARMAX (Exog. 1&4) (12 Months),STATISTICAL_ROLLING,20_24,NEG,AVERAGE,,,243,-0.12986548599944447,0.01923459802212335,0.9771930889259243,0.9549063330445893,0.5235251885296882,0.2687603324796244,1.2379850395283893,1.6583954909882475,0.2051518933715603
rw_sarmax_exog_1_4_12m,rw_sarmax_exog_1_4_12m,RW-SARMAX (Exog. 1&4) (12 Months),STATISTICAL_ROLLING,20_24,NEG,MARGINAL,,,243,-0.3652082959365011,0.07459305946753303,1.9287063889238045,3.7199083346755017,1.0223302060565977,0.4111463805896327,1.8594482852443264,2.883929034999009,0.09328945176143771
rw_sarmax_exog_1_4_12m,rw_sarmax_exog_1_4_12m,RW-SARMAX (Exog. 1&4) (12 Months),STATISTICAL_ROLLING,20_24,POS,AVERAGE,,,243,1.127478157479703,-1.4993805465433763,27.710794921312754,767.8881551710527,6.819216938132184,2.7053870985387185,29.53082807091947,9.226842954023205,-0.025485932001732072
rw_sarmax_exog_1_4_12m,rw_sarmax_exog_1_4_12m,RW-SARMAX (Exog. 1&4) (12 Months),STATISTICAL_ROLLING,20_24,POS,MARGINAL,,,243,4.6465550888064655,-1.6837960729072652,44.17723491905183,1951.6280850930923,13.25469861355039,3.7528613231829384,47.258955617705695,12.517589622506696,0.1103777496704751
rw_sarmax_exog_1_4_3m,rw_sarmax_exog_1_4_3m,RW-SARMAX (Exog. 1&4) (3 Months),STATISTICAL_ROLLING,00_04,NEG,AVERAGE,,,243,0.7186169994959132,-0.4791179609436331,11.976816824612573,143.44414125032282,4.222162344103049,1.0668977225940464,14.587701638673144,6.0107601276809515,0.20176970446843037
rw_sarmax_exog_1_4_3m,rw_sarmax_exog_1_4_3m,RW-SARMAX (Exog. 1&4) (3 Months),STATISTICAL_ROLLING,00_04,NEG,MARGINAL,,,243,2.26739879480897,-0.5799024986005907,26.712211288553284,713.5422319243135,8.281917874500877,1.7156619026490953,30.045328544442064,10.552818794605756,0.30317821789961397
rw_sarmax_exog_1_4_3m,rw_sarmax_exog_1_4_3m,RW-SARMAX (Exog. 1&4) (3 Months),STATISTICAL_ROLLING,00_04,POS,AVERAGE,,,243,0.0720835066530371,-0.2851765888355393,2.6905421965948966,7.23901731165769,1.407613574343839,0.7977381162594375,2.820250960403759,1.7587846020864546,0.02459398642668882
rw_sarmax_exog_1_4_3m,rw_sarmax_exog_1_4_3m,RW-SARMAX (Exog. 1&4) (3 Months),STATISTICAL_ROLLING,00_04,POS,MARGINAL,,,243,-0.13222748050194302,-0.47210071224071193,3.945548742560359,15.567354879919629,1.9336249647514594,0.8128006057616011,3.6389353306686605,2.8277429559291614,-0.10203965637462792
rw_sarmax_exog_1_4_3m,rw_sarmax_exog_1_4_3m,RW-SARMAX (Exog. 1&4) (3 Months),STATISTICAL_ROLLING,04_08,NEG,AVERAGE,,,243,-0.1318820472520138,-0.2514391750193514,4.690040858979935,21.996483258901243,2.3965654341886227,1.0671183898764554,5.730060453952698,4.010206119444472,-0.09225449389194391
rw_sarmax_exog_1_4_3m,rw_sarmax_exog_1_4_3m,RW-SARMAX (Exog. 1&4) (3 Months),STATISTICAL_ROLLING,04_08,NEG,MARGINAL,,,243,-0.14930836219328214,-0.3038627574599415,9.335968262388546,87.16030339632621,4.240470242164349,1.6239231532828085,10.338633702439385,7.5686366231957205,-0.1784128799351945
rw_sarmax_exog_1_4_3m,rw_sarmax_exog_1_4_3m,RW-SARMAX (Exog. 1&4) (3 Months),STATISTICAL_ROLLING,04_08,POS,AVERAGE,,,243,-0.7107942512984953,-1.369060618407806,6.240994041728426,38.95000662888971,3.833053526317757,2.4130810886463188,5.951327976724039,4.976234471227694,0.04384941767868402
rw_sarmax_exog_1_4_3m,rw_sarmax_exog_1_4_3m,RW-SARMAX (Exog. 1&4) (3 Months),STATISTICAL_ROLLING,04_08,POS,MARGINAL,,,243,1569.9423683030925,-1.822737129938096,17774.478235845523,315932076.55654615,1578.8266016156233,3.170228053700203,17774.295431205686,20.651501248561523,-0.007860916230763794
rw_sarmax_exog_1_4_3m,rw_sarmax_exog_1_4_3m,RW-SARMAX (Exog. 1&4) (3 Months),STATISTICAL_ROLLING,08_12,NEG,AVERAGE,,,243,-0.8329102801648505,-0.22238202005479613,8.608941199026152,74.11386856828983,4.820404105798574,1.9132416387221927,12.656060742163628,10.560168636909578,0.006170904951204314
rw_sarmax_exog_1_4_3m,rw_sarmax_exog_1_4_3m,RW-SARMAX (Exog. 1&4) (3 Months),STATISTICAL_ROLLING,08_12,NEG,MARGINAL,,,243,-2.887126072449387,-0.36422642211651635,20.549537242915953,422.2834808979898,8.161015623984207,2.238592370781543,16.329836716091553,21.83595049220211,-0.02906426571273609
rw_sarmax_exog_1_4_3m,rw_sarmax_exog_1_4_3m,RW-SARMAX (Exog. 1&4) (3 Months),STATISTICAL_ROLLING,08_12,POS,AVERAGE,,,243,-2.773277720368251,-3.344067407224742,11.71634547497053,137.2727512888624,7.658713466133084,5.305061631157748,14.567198676495392,10.609856851786446,0.12536680112504647
rw_sarmax_exog_1_4_3m,rw_sarmax_exog_1_4_3m,RW-SARMAX (Exog. 1&4) (3 Months),STATISTICAL_ROLLING,08_12,POS,MARGINAL,,,243,-6.196774563017841,-3.6893195577172198,18.96261447580319,359.5807477579407,11.77693320815653,6.955264156543449,16.013892462377456,19.567373889197142,0.06032219874386678
rw_sarmax_exog_1_4_3m,rw_sarmax_exog_1_4_3m,RW-SARMAX (Exog. 1&4) (3 Months),STATISTICAL_ROLLING,12_16,NEG,AVERAGE,,,243,0.021564445589670658,-1.0309749124242025,59.64443916013777,3557.4591227273763,15.7330078440833,4.738882674276805,63.70595122295757,21.6446792443593,-0.06060598378647513
rw_sarmax_exog_1_4_3m,rw_sarmax_exog_1_4_3m,RW-SARMAX (Exog. 1&4) (3 Months),STATISTICAL_ROLLING,12_16,NEG,MARGINAL,,,243,-4.619852952384613,-1.0370622809799421,52.78548456705986,2786.307380979315,18.48683319259473,6.385976416918965,53.82577045246201,35.66762142590697,-0.05058786899525179
rw_sarmax_exog_1_4_3m,rw_sarmax_exog_1_4_3m,RW-SARMAX (Exog. 1&4) (3 Months),STATISTICAL_ROLLING,12_16,POS,AVERAGE,,,243,-2.096663056953994,-2.106250732861369,28.2528578624319,798.2239773947799,8.060954593490408,3.3629607693694554,24.041567714525204,16.623209935007917,0.03452709393415027
rw_sarmax_exog_1_4_3m,rw_sarmax_exog_1_4_3m,RW-SARMAX (Exog. 1&4) (3 Months),STATISTICAL_ROLLING,12_16,POS,MARGINAL,,,243,-9.806488163740056,-1.7438502729460694,94.39787088518027,8910.958027655164,17.141813688589863,3.78420785698151,20.101077603094797,93.21025224454014,0.002035364578639403
rw_sarmax_exog_1_4_3m,rw_sarmax_exog_1_4_3m,RW-SARMAX (Exog. 1&4) (3 Months),STATISTICAL_ROLLING,16_20,NEG,AVERAGE,,,243,-0.30389981063503857,0.06275628286069257,3.944408778248084,15.558360609920541,2.3129343859974014,0.6207624281647748,7.372844636848465,7.337457980575138,0.12018094528992748
rw_sarmax_exog_1_4_3m,rw_sarmax_exog_1_4_3m,RW-SARMAX (Exog. 1&4) (3 Months),STATISTICAL_ROLLING,16_20,NEG,MARGINAL,,,243,-0.4423117428847194,0.08143560083425916,6.938118871214522,48.13749347110307,3.4871978449075134,0.9988074552892012,9.303054975291104,10.025695416690022,0.08912647972896509
rw_sarmax_exog_1_4_3m,rw_sarmax_exog_1_4_3m,RW-SARMAX (Exog. 1&4) (3 Months),STATISTICAL_ROLLING,16_20,POS,AVERAGE,,,243,0.9847206110188927,-3.9584062070815413,82.02380580888003,6727.904719372862,17.44312693880292,6.851730177381864,86.11691013297647,25.029777784971195,-0.006701419800127221
rw_sarmax_exog_1_4_3m,rw_sarmax_exog_1_4_3m,RW-SARMAX (Exog. 1&4) (3 Months),STATISTICAL_ROLLING,16_20,POS,MARGINAL,,,243,-4.498972284482423,-4.178825655410716,41.162287700136254,1694.3339287087883,19.19603663402873,8.102371535500327,41.95969058249443,42.04192471997184,0.055796482458214045
rw_sarmax_exog_1_4_3m,rw_sarmax_exog_1_4_3m,RW-SARMAX (Exog. 1&4) (3 Months),STATISTICAL_ROLLING,20_24,NEG,AVERAGE,,,243,-0.15008041655775298,-0.026048149046183244,1.1568716321134462,1.338351973188829,0.5908334004848624,0.28043837311876807,1.4265561671866647,1.6583954909882475,0.18112738858511954
rw_sarmax_exog_1_4_3m,rw_sarmax_exog_1_4_3m,RW-SARMAX (Exog. 1&4) (3 Months),STATISTICAL_ROLLING,20_24,NEG,MARGINAL,,,243,0.33329849521975935,-0.01343059026820459,8.623526473192014,74.3652088338435,1.6291975730818025,0.443736570037613,9.414181930489354,2.883929034999009,-0.025493085742217658
rw_sarmax_exog_1_4_3m,rw_sarmax_exog_1_4_3m,RW-SARMAX (Exog. 1&4) (3 Months),STATISTICAL_ROLLING,20_24,POS,AVERAGE,,,243,1.2632324104204877,-1.5925228460085883,19.421959748635256,377.212520477608,8.310877069981778,3.140885566007068,21.85174693996492,9.226842954023205,-0.007267358502224092
rw_sarmax_exog_1_4_3m,rw_sarmax_exog_1_4_3m,RW-SARMAX (Exog. 1&4) (3 Months),STATISTICAL_ROLLING,20_24,POS,MARGINAL,,,243,0.9685757070785267,-1.9189465386751188,22.388849460748865,501.2605801760747,10.002015770210411,4.428634847280399,24.647577916435964,12.517589622506696,0.07284853864074006
rw_sarmax_exog_1_4_6m,rw_sarmax_exog_1_4_6m,RW-SARMAX (Exog. 1&4) (6 Months),STATISTICAL_ROLLING,00_04,NEG,AVERAGE,,,243,-0.5148712962057961,-0.6208408170548938,7.834550361077942,61.3801793602665,3.5652812135817196,1.1867847547067996,9.965929346891318,6.0107601276809515,0.018627047986704906
rw_sarmax_exog_1_4_6m,rw_sarmax_exog_1_4_6m,RW-SARMAX (Exog. 1&4) (6 Months),STATISTICAL_ROLLING,00_04,NEG,MARGINAL,,,243,-0.7470056843775285,-0.47484895274588945,15.087685480022467,227.63825314408075,5.845234667825719,1.3860354817773506,17.236650923146982,10.552818794605756,0.1783037186390488
rw_sarmax_exog_1_4_6m,rw_sarmax_exog_1_4_6m,RW-SARMAX (Exog. 1&4) (6 Months),STATISTICAL_ROLLING,00_04,POS,AVERAGE,,,243,-0.015549268260314768,-0.28830053688373347,2.3774183443748753,5.6521179841701725,1.2164683192077366,0.7121261071546021,2.532348446882229,1.7587846020864546,0.0010558450865177868
rw_sarmax_exog_1_4_6m,rw_sarmax_exog_1_4_6m,RW-SARMAX (Exog. 1&4) (6 Months),STATISTICAL_ROLLING,00_04,POS,MARGINAL,,,243,-0.33266435817001877,-0.3687997936025147,3.3552591846316973,11.257764196055362,1.663890149627392,0.8257173215155662,2.9075602190196004,2.8277429559291614,-0.05059078214276162
rw_sarmax_exog_1_4_6m,rw_sarmax_exog_1_4_6m,RW-SARMAX (Exog. 1&4) (6 Months),STATISTICAL_ROLLING,04_08,NEG,AVERAGE,,,243,-0.03920125718409048,-0.02003036284779558,4.5382088211221046,20.59533930411048,2.3929286060079624,1.0382653173143694,5.393020926389268,4.010206119444472,-0.07381325061167024
rw_sarmax_exog_1_4_6m,rw_sarmax_exog_1_4_6m,RW-SARMAX (Exog. 1&4) (6 Months),STATISTICAL_ROLLING,04_08,NEG,MARGINAL,,,243,-0.366584502666189,-0.03050550934306706,8.559521701880419,73.26541176496187,4.170420198512489,1.8226038065221726,9.088321354605288,7.5686366231957205,-0.11501767660496508
rw_sarmax_exog_1_4_6m,rw_sarmax_exog_1_4_6m,RW-SARMAX (Exog. 1&4) (6 Months),STATISTICAL_ROLLING,04_08,POS,AVERAGE,,,243,-0.9629889910076205,-1.3369752127647931,5.4337417002312085,29.525548864831546,3.542230371409484,2.467934130484551,5.2955400426187245,4.976234471227694,0.09578286418512774
rw_sarmax_exog_1_4_6m,rw_sarmax_exog_1_4_6m,RW-SARMAX (Exog. 1&4) (6 Months),STATISTICAL_ROLLING,04_08,POS,MARGINAL,,,243,-2.508369098903175,-1.8125622806363273,21.002570807910107,441.1079805412778,6.547022530322383,3.226600746559276,8.098221751066012,20.651501248561523,0.01058533714155734
rw_sarmax_exog_1_4_6m,rw_sarmax_exog_1_4_6m,RW-SARMAX (Exog. 1&4) (6 Months),STATISTICAL_ROLLING,08_12,NEG,AVERAGE,,,243,-2.6259864833283624,-0.5986654938737495,6.695022914303834,44.8233318230534,4.4485641102425015,2.1538278082034936,9.070838147070146,10.560168636909578,0.18776332975867494
rw_sarmax_exog_1_4_6m,rw_sarmax_exog_1_4_6m,RW-SARMAX (Exog. 1&4) (6 Months),STATISTICAL_ROLLING,08_12,NEG,MARGINAL,,,243,-4.579122240972874,-0.8118670044804426,20.341190876153465,413.76404626010896,8.010965350462282,2.617622576993487,14.316689538468687,21.83595049220211,-0.13250153752981098
rw_sarmax_exog_1_4_6m,rw_sarmax_exog_1_4_6m,RW-SARMAX (Exog. 1&4) (6 Months),STATISTICAL_ROLLING,08_12,POS,AVERAGE,,,243,-4.420058646795943,-3.3825114824275246,8.030162399571372,64.48350816348986,6.084283992583238,4.205450709531732,7.431199458654245,10.609856851786446,0.28701345928725824
rw_sarmax_exog_1_4_6m,rw_sarmax_exog_1_4_6m,RW-SARMAX (Exog. 1&4) (6 Months),STATISTICAL_ROLLING,08_12,POS,MARGINAL,,,243,275946145414176.8,-3.6276651960334565,4301574696091408.0,1.850354486605389e+31,275946145414194.1,5.258435396390137,4301574696091407.5,19.567373889197142,-0.0041493775933609
rw_sarmax_exog_1_4_6m,rw_sarmax_exog_1_4_6m,RW-SARMAX (Exog. 1&4) (6 Months),STATISTICAL_ROLLING,12_16,NEG,AVERAGE,,,243,-5.429030868709964,-1.3561944489301574,15.23975888729675,232.25025094294028,9.811399795378664,3.8963565106388813,22.84825630839257,21.6446792443593,-0.012007103933494965
rw_sarmax_exog_1_4_6m,rw_sarmax_exog_1_4_6m,RW-SARMAX (Exog. 1&4) (6 Months),STATISTICAL_ROLLING,12_16,NEG,MARGINAL,,,243,3402076.1782386657,-1.8261053816808053,38076415.80444548,1449813440513026.0,3402097.318205344,7.426205190181758,38076418.11072835,35.66762142590697,0.46189586663905047
rw_sarmax_exog_1_4_6m,rw_sarmax_exog_1_4_6m,RW-SARMAX (Exog. 1&4) (6 Months),STATISTICAL_ROLLING,12_16,POS,AVERAGE,,,243,-3.0404753249228165,-1.519808164649532,18.184887832981953,330.6901454981351,6.402332369392182,3.0769097809110297,9.004223143161438,16.623209935007917,0.12893978673905765
rw_sarmax_exog_1_4_6m,rw_sarmax_exog_1_4_6m,RW-SARMAX (Exog. 1&4) (6 Months),STATISTICAL_ROLLING,12_16,POS,MARGINAL,,,243,-10.495951130955108,-1.9324693201099636,94.33446267714164,8898.99084858503,17.0420202181219,3.3288321609275027,14.411229786007592,93.21025224454014,0.022335664788763008
rw_sarmax_exog_1_4_6m,rw_sarmax_exog_1_4_6m,RW-SARMAX (Exog. 1&4) (6 Months),STATISTICAL_ROLLING,16_20,NEG,AVERAGE,,,243,0.13915320106179105,-0.0011174969183175287,4.573836373379014,20.91997917044489,2.600503296037022,0.7079873150059219,8.209958620764986,7.337457980575138,-0.026186267311695925
rw_sarmax_exog_1_4_6m,rw_sarmax_exog_1_4_6m,RW-SARMAX (Exog. 1&4) (6 Months),STATISTICAL_ROLLING,16_20,NEG,MARGINAL,,,243,-0.0057019216208456175,-0.03419605063918407,7.37508124421369,54.39182335875255,3.959197185874281,1.3264605978090143,10.57707109207373,10.025695416690022,0.0705628648612148
rw_sarmax_exog_1_4_6m,rw_sarmax_exog_1_4_6m,RW-SARMAX (Exog. 1&4) (6 Months),STATISTICAL_ROLLING,16_20,POS,AVERAGE,,,243,-1.2000488776524547,-3.8651115317348506,59.69521417993241,3563.5185959880027,15.950739689302198,6.751974448543969,62.22754316459401,25.029777784971195,-0.024247845453506212
rw_sarmax_exog_1_4_6m,rw_sarmax_exog_1_4_6m,RW-SARMAX (Exog. 1&4) (6 Months),STATISTICAL_ROLLING,16_20,POS,MARGINAL,,,243,-0.4765862057163941,-3.6184478240951634,108.32153199513245,11733.554293772502,24.94192655216873,7.76646649177291,113.11144895332033,42.04192471997184,-0.002938854119470182
rw_sarmax_exog_1_4_6m,rw_sarmax_exog_1_4_6m,RW-SARMAX (Exog. 1&4) (6 Months),STATISTICAL_ROLLING,20_24,NEG,AVERAGE,,,243,-0.252333346390565,-0.018901201783655175,1.0141624444088637,1.0285254636493615,0.5182547061972249,0.22882046937442402,1.0055793170738494,1.6583954909882475,0.44560418567964544
rw_sarmax_exog_1_4_6m,rw_sarmax_exog_1_4_6m,RW-SARMAX (Exog. 1&4) (6 Months),STATISTICAL_ROLLING,20_24,NEG,MARGINAL,,,243,-0.4683591447909714,0.038125954474984125,2.260055943497264,5.107852867737307,1.1326336781008397,0.4046164526821827,1.8684179006776862,2.883929034999009,0.30708403992302596
rw_sarmax_exog_1_4_6m,rw_sarmax_exog_1_4_6m,RW-SARMAX (Exog. 1&4) (6 Months),STATISTICAL_ROLLING,20_24,POS,AVERAGE,,,243,452.73486672640684,-0.6907618803752573,7023.939491672057,49335725.982670315,458.4424889676378,2.9975480060359496,7023.586146740424,9.226842954023205,-0.004213785837563523
rw_sarmax_exog_1_4_6m,rw_sarmax_exog_1_4_6m,RW-SARMAX (Exog. 1&4) (6 Months),STATISTICAL_ROLLING,20_24,POS,MARGINAL,,,243,2.6217416466851344,-1.7380929124723856,32.31808107120766,1044.4583641251509,11.88805731461048,4.06108259917039,34.82962757159687,12.517589622506696,0.015347818159244691
rw_sarmax_exog_1_6m,rw_sarmax_exog_1_6m,RW-SARMAX (Exog. 1) (6 Months),STATISTICAL_ROLLING,00_04,NEG,AVERAGE,,,243,-0.6784208451568792,0.12771689128440444,3.6562474294643534,13.368145265464692,1.9001137142717062,0.6383428470509207,4.878881504521453,6.0107601276809515,-0.019858095002862376
rw_sarmax_exog_1_6m,rw_sarmax_exog_1_6m,RW-SARMAX (Exog. 1) (6 Months),STATISTICAL_ROLLING,00_04,NEG,MARGINAL,,,243,-1.5644206803987486,0.25767097887636403,8.205849144762876,67.33596018660562,3.856616463480607,1.287205193061149,7.233547526469925,10.552818794605756,-0.11378432715153554
rw_sarmax_exog_1_6m,rw_sarmax_exog_1_6m,RW-SARMAX (Exog. 1) (6 Months),STATISTICAL_ROLLING,00_04,POS,AVERAGE,,,243,-0.018224011506452743,0.05063328690641633,0.9440112535099229,0.8911572467533759,0.2961867200968631,0.1418184011008199,1.6397632113555902,1.7587846020864546,0.01811767540972628
rw_sarmax_exog_1_6m,rw_sarmax_exog_1_6m,RW-SARMAX (Exog. 1) (6 Months),STATISTICAL_ROLLING,00_04,POS,MARGINAL,,,243,-0.12579493474099265,0.1526223530093489,2.3874038773468502,5.6996972735707745,0.9162706649886114,0.3333955174137673,2.1195434358791356,2.8277429559291614,-0.08961796114088312
rw_sarmax_exog_1_6m,rw_sarmax_exog_1_6m,RW-SARMAX (Exog. 1) (6 Months),STATISTICAL_ROLLING,04_08,NEG,AVERAGE,,,243,-0.3592687668508743,0.09829749192360193,2.4912409262182837,6.206281352464932,1.332141000714741,0.4952757467502371,3.3730962194682097,4.010206119444472,0.09195535713896269
rw_sarmax_exog_1_6m,rw_sarmax_exog_1_6m,RW-SARMAX (Exog. 1) (6 Months),STATISTICAL_ROLLING,04_08,NEG,MARGINAL,,,243,-1.2154256819238152,0.16543262288950644,6.510121462356465,42.381681454634275,3.184767270521342,1.2836734016473308,4.978682878027596,7.5686366231957205,-0.03496766171594596
rw_sarmax_exog_1_6m,rw_sarmax_exog_1_6m,RW-SARMAX (Exog. 1) (6 Months),STATISTICAL_ROLLING,04_08,POS,AVERAGE,,,243,-0.43658217754147466,0.2522582573327927,3.9320938026371772,15.461361672737695,1.631294532133183,0.7281839397362546,3.516176272909756,4.976234471227694,0.1194425743781652
rw_sarmax_exog_1_6m,rw_sarmax_exog_1_6m,RW-SARMAX (Exog. 1) (6 Months),STATISTICAL_ROLLING,04_08,POS,MARGINAL,,,243,-2.0778563355268274,0.6421283667683753,20.658664514852532,426.7804195372272,4.591758187353045,1.3444576825667092,4.644955299453454,20.651501248561523,0.050340647286567515
rw_sarmax_exog_1_6m,rw_sarmax_exog_1_6m,RW-SARMAX (Exog. 1) (6 Months),STATISTICAL_ROLLING,08_12,NEG,AVERAGE,,,243,-0.2112689355759102,0.23837771274806419,3.923112106862098,15.39080860300797,1.8588161485852959,0.7192067587489852,9.769026565183038,10.560168636909578,0.11350295214537726
rw_sarmax_exog_1_6m,rw_sarmax_exog_1_6m,RW-SARMAX (Exog. 1) (6 Months),STATISTICAL_ROLLING,08_12,NEG,MARGINAL,,,243,-0.4658238275183037,0.6960464004858746,18.093575526821496,327.37747534479377,5.956578085932084,1.841349915505936,14.647776231093806,21.83595049220211,-0.036068025036015285
rw_sarmax_exog_1_6m,rw_sarmax_exog_1_6m,RW-SARMAX (Exog. 1) (6 Months),STATISTICAL_ROLLING,08_12,POS,AVERAGE,,,243,-0.980124438102366,0.5131967657802186,8.012203891297563,64.19541119572382,3.8222796230163048,1.321946042217526,7.626359278020369,10.609856851786446,0.049839874968589486
rw_sarmax_exog_1_6m,rw_sarmax_exog_1_6m,RW-SARMAX (Exog. 1) (6 Months),STATISTICAL_ROLLING,08_12,POS,MARGINAL,,,243,-2.7356165778947554,0.6595034969348355,16.904044329373434,285.7467146894221,7.93830252824782,2.1466946861157084,10.446008549382995,19.567373889197142,0.024466335127999145
rw_sarmax_exog_1_6m,rw_sarmax_exog_1_6m,RW-SARMAX (Exog. 1) (6 Months),STATISTICAL_ROLLING,12_16,NEG,AVERAGE,,,243,-0.20826444353080775,0.275321970208144,5.961175306174091,35.535611030939776,3.7808636404922993,1.8344622367074734,21.17215606731144,21.6446792443593,-0.1283383207820269
rw_sarmax_exog_1_6m,rw_sarmax_exog_1_6m,RW-SARMAX (Exog. 1) (6 Months),STATISTICAL_ROLLING,12_16,NEG,MARGINAL,,,243,-1.4056730571954066,0.6857250041642442,27.609888757909356,762.3059572241294,8.44548279791074,3.150877450943696,27.70042689204302,35.66762142590697,-0.07095646635244422
rw_sarmax_exog_1_6m,rw_sarmax_exog_1_6m,RW-SARMAX (Exog. 1) (6 Months),STATISTICAL_ROLLING,12_16,POS,AVERAGE,,,243,-2.162844351812045,0.33482077207112937,16.041517684311415,257.33028961607585,3.7163752554896647,0.7632231298472689,4.457739461275928,16.623209935007917,0.11898039604834414
rw_sarmax_exog_1_6m,rw_sarmax_exog_1_6m,RW-SARMAX (Exog. 1) (6 Months),STATISTICAL_ROLLING,12_16,POS,MARGINAL,,,243,-10.248394519347167,0.29589191417509575,93.12802985726158,8672.829945095005,13.272545082269879,1.2994751655194943,6.890306419067775,93.21025224454014,0.0183639182868528
rw_sarmax_exog_1_6m,rw_sarmax_exog_1_6m,RW-SARMAX (Exog. 1) (6 Months),STATISTICAL_ROLLING,16_20,NEG,AVERAGE,,,243,0.006621634451030818,0.11509497663635987,2.1851452475171818,4.774859752746925,1.1942681686870955,0.49563610762193067,7.0068378692639515,7.337457980575138,0.043925013917937475
rw_sarmax_exog_1_6m,rw_sarmax_exog_1_6m,RW-SARMAX (Exog. 1) (6 Months),STATISTICAL_ROLLING,16_20,NEG,MARGINAL,,,243,-0.06546250548936224,0.261137760893017,5.320917793303389,28.312166163092606,2.2895075479791394,0.8738664337165791,8.642028526204387,10.025695416690022,-0.012838370931384827
rw_sarmax_exog_1_6m,rw_sarmax_exog_1_6m,RW-SARMAX (Exog. 1) (6 Months),STATISTICAL_ROLLING,16_20,POS,AVERAGE,,,243,9.605362149143456e+17,0.5542834206179634,1.4973277740673907e+19,2.241990462993607e+38,9.605362149143456e+17,2.788892239564575,1.4973277740673907e+19,25.029777784971195,-0.004149377593360981
rw_sarmax_exog_1_6m,rw_sarmax_exog_1_6m,RW-SARMAX (Exog. 1) (6 Months),STATISTICAL_ROLLING,16_20,POS,MARGINAL,,,243,-7.689203278461855,0.8386643928794282,36.38714072306795,1324.0240100003498,15.312013565509236,5.004774305052649,15.421242650458126,42.04192471997184,0.40778156346204536
rw_sarmax_exog_1_6m,rw_sarmax_exog_1_6m,RW-SARMAX (Exog. 1) (6 Months),STATISTICAL_ROLLING,20_24,NEG,AVERAGE,,,243,-0.18751608332597697,0.03664843230800441,0.9334926982226726,0.8714086176350455,0.4550515478992941,0.16734223938954274,1.1972937808933253,1.6583954909882475,0.33461278214633783
rw_sarmax_exog_1_6m,rw_sarmax_exog_1_6m,RW-SARMAX (Exog. 1) (6 Months),STATISTICAL_ROLLING,20_24,NEG,MARGINAL,,,243,-0.4650942896964038,0.1136600945927908,2.26096820321432,5.111977215946192,1.1177275430059401,0.4243836006781643,1.6672343814367572,2.883929034999009,0.19860483185947292
rw_sarmax_exog_1_6m,rw_sarmax_exog_1_6m,RW-SARMAX (Exog. 1) (6 Months),STATISTICAL_ROLLING,20_24,POS,AVERAGE,,,243,3.9756635787388697,0.5777740847965509,61.8697128619942,3827.8613696256107,5.907436468220704,1.173732378216302,62.09755483911854,9.226842954023205,-0.006733203594249684
rw_sarmax_exog_1_6m,rw_sarmax_exog_1_6m,RW-SARMAX (Exog. 1) (6 Months),STATISTICAL_ROLLING,20_24,POS,MARGINAL,,,243,-0.4996033864983117,0.9731340980835554,7.993615832487648,63.89789407739719,3.9483255658349883,2.2563196995811197,10.156292189470523,12.517589622506696,0.08487566883384084
rw_sarmax_exog_4_12m,rw_sarmax_exog_4_12m,RW-SARMAX (Exog. 4) (12 Months),STATISTICAL_ROLLING,00_04,NEG,AVERAGE,,,243,-1.4175673170256868,-0.27631267432076534,3.542659911410164,12.55043924791267,1.9553909286443443,0.6619583395921769,3.7638292319411994,6.0107601276809515,0.3302192293967417
rw_sarmax_exog_4_12m,rw_sarmax_exog_4_12m,RW-SARMAX (Exog. 4) (12 Months),STATISTICAL_ROLLING,00_04,NEG,MARGINAL,,,243,3.0259741340044277,0.293391773758493,60.36758906195159,3644.2458091526573,7.9056766401950656,1.135373054898249,59.95407700976132,10.552818794605756,-0.0014099247345978159
rw_sarmax_exog_4_12m,rw_sarmax_exog_4_12m,RW-SARMAX (Exog. 4) (12 Months),STATISTICAL_ROLLING,00_04,POS,AVERAGE,,,243,-0.1961451145117763,-0.05451871081662496,1.1112664937603702,1.234913220154467,0.4289183381240979,0.22236399417916264,1.342793922840053,1.7587846020864546,0.49333460249333855
rw_sarmax_exog_4_12m,rw_sarmax_exog_4_12m,RW-SARMAX (Exog. 4) (12 Months),STATISTICAL_ROLLING,00_04,POS,MARGINAL,,,243,-0.15480190239879402,0.08349488386233439,2.3777201811130344,5.653553259672201,1.0121707153169877,0.5135197950206658,1.9128342949530388,2.8277429559291614,0.11191892245754596
rw_sarmax_exog_4_12m,rw_sarmax_exog_4_12m,RW-SARMAX (Exog. 4) (12 Months),STATISTICAL_ROLLING,04_08,NEG,AVERAGE,,,243,-0.21008080125659712,0.09880466410932476,2.188800018879981,4.790845522649007,1.259369264336424,0.5445272701254753,3.579564013286961,4.010206119444472,0.24887584142226912
rw_sarmax_exog_4_12m,rw_sarmax_exog_4_12m,RW-SARMAX (Exog. 4) (12 Months),STATISTICAL_ROLLING,04_08,NEG,MARGINAL,,,243,-0.1815310656674398,0.31653527073752663,8.04166470675539,64.66837125587524,3.332759896061997,1.1737354415570374,8.26758681715003,7.5686366231957205,-0.26998532528121255
rw_sarmax_exog_4_12m,rw_sarmax_exog_4_12m,RW-SARMAX (Exog. 4) (12 Months),STATISTICAL_ROLLING,04_08,POS,AVERAGE,,,243,-0.23284841751625202,0.2235179520384758,4.471210993957983,19.991727752490732,1.963737066641018,0.7852463263755602,4.044230010330724,4.976234471227694,0.15193531755086542
rw_sarmax_exog_4_12m,rw_sarmax_exog_4_12m,RW-SARMAX (Exog. 4) (12 Months),STATISTICAL_ROLLING,04_08,POS,MARGINAL,,,243,13.913583357690989,0.4204147398123492,245.0202653739624,60034.93044392695,20.48213330971422,1.4096770697317442,244.97444432986245,20.651501248561523,0.004835162850496637
rw_sarmax_exog_4_12m,rw_sarmax_exog_4_12m,RW-SARMAX (Exog. 4) (12 Months),STATISTICAL_ROLLING,08_12,NEG,AVERAGE,,,243,-0.32659237987409406,0.04464250365320188,4.029705250797352,16.238524408303746,1.9738363848726885,0.807205376442993,9.391840377035052,10.560168636909578,0.4187508403138653
rw_sarmax_exog_4_12m,rw_sarmax_exog_4_12m,RW-SARMAX (Exog. 4) (12 Months),STATISTICAL_ROLLING,08_12,NEG,MARGINAL,,,243,-0.9112597213275138,0.28557295972780183,17.18952551196602,295.47978732653075,5.253916239441783,1.5916199986928667,14.329699912390307,21.83595049220211,-0.027600244144881384
rw_sarmax_exog_4_12m,rw_sarmax_exog_4_12m,RW-SARMAX (Exog. 4) (12 Months),STATISTICAL_ROLLING,08_12,POS,AVERAGE,,,243,-0.8354499122232172,0.20150571469856438,8.177326259454746,66.86866475356817,4.139440595686207,1.737174602250093,8.228965848674989,10.609856851786446,0.0648102451201464
rw_sarmax_exog_4_12m,rw_sarmax_exog_4_12m,RW-SARMAX (Exog. 4) (12 Months),STATISTICAL_ROLLING,08_12,POS,MARGINAL,,,243,-1.9078973948265754,0.436534679859923,17.418758431964076,303.4131453111196,8.513301386586663,3.0292756649261214,13.0843931654729,19.567373889197142,-0.08067695823470407
rw_sarmax_exog_4_12m,rw_sarmax_exog_4_12m,RW-SARMAX (Exog. 4) (12 Months),STATISTICAL_ROLLING,12_16,NEG,AVERAGE,,,243,-3.3164812982220147,-0.9078280940953505,6.842015638565932,46.81317799838077,4.704052281962839,2.22891482082548,18.230702565329345,21.6446792443593,0.3670833636098347
rw_sarmax_exog_4_12m,rw_sarmax_exog_4_12m,RW-SARMAX (Exog. 4) (12 Months),STATISTICAL_ROLLING,12_16,NEG,MARGINAL,,,243,-2.264683526193413,-0.04583576144405921,27.619234811234822,762.8221315581254,7.91869529520999,1.9826174018156038,27.394877374390298,35.66762142590697,-0.040516507283527126
rw_sarmax_exog_4_12m,rw_sarmax_exog_4_12m,RW-SARMAX (Exog. 4) (12 Months),STATISTICAL_ROLLING,12_16,POS,AVERAGE,,,243,-2.637467217230112,-0.3712132828914365,16.28144726497091,265.08552504202873,4.333902190908007,1.1257201874358689,4.014592480084964,16.623209935007917,0.16144496886596207
rw_sarmax_exog_4_12m,rw_sarmax_exog_4_12m,RW-SARMAX (Exog. 4) (12 Months),STATISTICAL_ROLLING,12_16,POS,MARGINAL,,,243,-3.8240816004055027,0.5871843048493961,98.12329346975342,9628.180721351353,19.737191627441053,2.8542228266803207,32.52234198824354,93.21025224454014,-0.10892884093928712
rw_sarmax_exog_4_12m,rw_sarmax_exog_4_12m,RW-SARMAX (Exog. 4) (12 Months),STATISTICAL_ROLLING,16_20,NEG,AVERAGE,,,243,0.0017149708288640721,0.041609518918799826,1.9753879283154872,3.9021574673345523,1.0314243705542259,0.33813089802966423,7.1723100705332525,7.337457980575138,0.1284463884550418
rw_sarmax_exog_4_12m,rw_sarmax_exog_4_12m,RW-SARMAX (Exog. 4) (12 Months),STATISTICAL_ROLLING,16_20,NEG,MARGINAL,,,243,-0.21991662440106877,0.08087546341944529,4.824657925383067,23.277324096961646,1.7978298460705424,0.5074583379476989,8.672546093430864,10.025695416690022,0.035968474488001285
rw_sarmax_exog_4_12m,rw_sarmax_exog_4_12m,RW-SARMAX (Exog. 4) (12 Months),STATISTICAL_ROLLING,16_20,POS,AVERAGE,,,243,-4.967545207342542,-0.007493052650577425,21.397658740434956,457.8597995721124,8.351045297603761,2.5389475839532665,8.487160304205606,25.029777784971195,0.5360719928390874
rw_sarmax_exog_4_12m,rw_sarmax_exog_4_12m,RW-SARMAX (Exog. 4) (12 Months),STATISTICAL_ROLLING,16_20,POS,MARGINAL,,,243,-8.244556696470267,0.5111444155758722,36.91556620638076,1362.7590283376812,14.956500866730618,4.520884297412248,12.849857659880973,42.04192471997184,0.48405303895843454
rw_sarmax_exog_4_12m,rw_sarmax_exog_4_12m,RW-SARMAX (Exog. 4) (12 Months),STATISTICAL_ROLLING,20_24,NEG,AVERAGE,,,243,-0.06466533037418985,0.024025964385827825,0.8946418588219447,0.8003840555563845,0.45649284755232505,0.19207523381895308,1.4821176433870393,1.6583954909882475,0.26391982832387106
rw_sarmax_exog_4_12m,rw_sarmax_exog_4_12m,RW-SARMAX (Exog. 4) (12 Months),STATISTICAL_ROLLING,20_24,NEG,MARGINAL,,,243,-0.321676790058936,0.11985768762731275,1.896303269946186,3.5959660916085974,0.9197202269267999,0.34085885195842236,1.938285255774578,2.883929034999009,0.061792459058712966
rw_sarmax_exog_4_12m,rw_sarmax_exog_4_12m,RW-SARMAX (Exog. 4) (12 Months),STATISTICAL_ROLLING,20_24,POS,AVERAGE,,,243,0.2341511315895013,0.11058846918821885,5.345636630071466,28.575830980761815,2.448943650474553,1.4043527231461717,10.1626898204504,9.226842954023205,-0.05457233402741736
rw_sarmax_exog_4_12m,rw_sarmax_exog_4_12m,RW-SARMAX (Exog. 4) (12 Months),STATISTICAL_ROLLING,20_24,POS,MARGINAL,,,243,-0.3450106109730653,0.774225732131292,8.168099179069097,66.71784419910925,4.267461864343733,2.3690800146462507,10.228603115071802,12.517589622506696,0.07510605569905189
rw_sarmax_exog_4_3m,rw_sarmax_exog_4_3m,RW-SARMAX (Exog. 4) (3 Months),STATISTICAL_ROLLING,00_04,NEG,AVERAGE,,,243,-1.977331659472675,-0.4707373119795957,3.650979737734799,13.329653045350062,2.3277078965437252,0.8166842754390391,3.327542059980194,6.0107601276809515,0.5162810290199477
rw_sarmax_exog_4_3m,rw_sarmax_exog_4_3m,RW-SARMAX (Exog. 4) (3 Months),STATISTICAL_ROLLING,00_04,NEG,MARGINAL,,,243,-3.355727169251742,-0.751827619344489,7.7041240589037265,59.35352751497923,4.178141871890336,1.3570348321718226,5.074295700145042,10.552818794605756,0.20968577956974419
rw_sarmax_exog_4_3m,rw_sarmax_exog_4_3m,RW-SARMAX (Exog. 4) (3 Months),STATISTICAL_ROLLING,00_04,POS,AVERAGE,,,243,-0.1380959507341708,-0.13163752496503744,1.324473841222993,1.7542309560839904,0.6100982599151213,0.3365323599733907,1.7071779079840603,1.7587846020864546,0.49517347858450195
rw_sarmax_exog_4_3m,rw_sarmax_exog_4_3m,RW-SARMAX (Exog. 4) (3 Months),STATISTICAL_ROLLING,00_04,POS,MARGINAL,,,243,-0.48680534061317915,-0.15644371075844443,2.432595655560623,5.917521623452418,1.0269580057676737,0.390792104491791,1.984370934686996,2.8277429559291614,0.12887441539860361
rw_sarmax_exog_4_3m,rw_sarmax_exog_4_3m,RW-SARMAX (Exog. 4) (3 Months),STATISTICAL_ROLLING,04_08,NEG,AVERAGE,,,243,-0.745087998637055,-0.16779599496257758,2.178191961185855,4.744520219774682,1.2339188469996434,0.46054412370998943,3.034970616770078,4.010206119444472,0.29082788349350286
rw_sarmax_exog_4_3m,rw_sarmax_exog_4_3m,RW-SARMAX (Exog. 4) (3 Months),STATISTICAL_ROLLING,04_08,NEG,MARGINAL,,,243,-1.6419246143448263,-0.24136969837688405,5.910838023548713,34.93800614062926,2.860261673206327,1.0564800943350416,4.348843725196508,7.5686366231957205,0.018691189495814754
rw_sarmax_exog_4_3m,rw_sarmax_exog_4_3m,RW-SARMAX (Exog. 4) (3 Months),STATISTICAL_ROLLING,04_08,POS,AVERAGE,,,243,-0.16342534889223229,0.18333142371779232,5.156508476061482,26.58957966369391,2.1572205213866833,0.9421901865613691,5.069727469900719,4.976234471227694,0.0930710276897238
rw_sarmax_exog_4_3m,rw_sarmax_exog_4_3m,RW-SARMAX (Exog. 4) (3 Months),STATISTICAL_ROLLING,04_08,POS,MARGINAL,,,243,-1.9934863234095597,0.02732924205012388,21.149530612128093,447.30264511334326,5.026865684107804,1.5788255907623157,7.335484327954242,20.651501248561523,0.01695823025896995
rw_sarmax_exog_4_3m,rw_sarmax_exog_4_3m,RW-SARMAX (Exog. 4) (3 Months),STATISTICAL_ROLLING,08_12,NEG,AVERAGE,,,243,-0.11426798509582399,0.09314133530695079,3.853138833401607,14.846678869467494,1.6839145945101883,0.6230396815170987,10.150975753648419,10.560168636909578,0.11353056634975334
rw_sarmax_exog_4_3m,rw_sarmax_exog_4_3m,RW-SARMAX (Exog. 4) (3 Months),STATISTICAL_ROLLING,08_12,NEG,MARGINAL,,,243,-1.257514597909856,0.14650485218462062,18.08943090876784,327.2275106030853,5.5751755370525595,1.3498483411254316,14.861883283606696,21.83595049220211,-0.16362974007099496
rw_sarmax_exog_4_3m,rw_sarmax_exog_4_3m,RW-SARMAX (Exog. 4) (3 Months),STATISTICAL_ROLLING,08_12,POS,AVERAGE,,,243,-0.932891014865838,-0.013660368098863174,8.413304665944398,70.7836954020018,4.497919113063618,1.902012152779374,8.579264891872352,10.609856851786446,0.10952890456590503
rw_sarmax_exog_4_3m,rw_sarmax_exog_4_3m,RW-SARMAX (Exog. 4) (3 Months),STATISTICAL_ROLLING,08_12,POS,MARGINAL,,,243,-1.4927796061489944,0.11237158533730351,20.11135378202059,404.4665509455939,9.505319475243711,3.3309631307175103,18.392515995315936,19.567373889197142,-0.12470087779084367
rw_sarmax_exog_4_3m,rw_sarmax_exog_4_3m,RW-SARMAX (Exog. 4) (3 Months),STATISTICAL_ROLLING,12_16,NEG,AVERAGE,,,243,11.122464105990037,-1.734375922647743,259.94392248279877,67570.84283574329,28.10406238661915,4.0447905116445355,260.9499321367347,21.6446792443593,0.034061618161234195
rw_sarmax_exog_4_3m,rw_sarmax_exog_4_3m,RW-SARMAX (Exog. 4) (3 Months),STATISTICAL_ROLLING,12_16,NEG,MARGINAL,,,243,-12.874866549565096,-4.365857829989137,29.175881124125244,851.2320393690877,14.364044926952353,6.137891009829509,17.300534240344806,35.66762142590697,0.20579702517926532
rw_sarmax_exog_4_3m,rw_sarmax_exog_4_3m,RW-SARMAX (Exog. 4) (3 Months),STATISTICAL_ROLLING,12_16,POS,AVERAGE,,,243,-5.062473884134177,-3.0187380511816237,16.44354602711172,270.3902059457416,6.294972653340521,3.3329368967727344,5.855657195706569,16.623209935007917,0.16175815462670415
rw_sarmax_exog_4_3m,rw_sarmax_exog_4_3m,RW-SARMAX (Exog. 4) (3 Months),STATISTICAL_ROLLING,12_16,POS,MARGINAL,,,243,-10.904602467808488,-1.5760318433906568,93.13539473874411,8674.201753141684,15.07029679754527,3.173853350993296,9.789749246511898,93.21025224454014,0.007786594785444089
rw_sarmax_exog_4_3m,rw_sarmax_exog_4_3m,RW-SARMAX (Exog. 4) (3 Months),STATISTICAL_ROLLING,16_20,NEG,AVERAGE,,,243,-0.04813197907736168,0.08996203909110001,1.7662130812243708,3.119508648288086,0.9379227110864875,0.28831235524639287,7.107856160667634,7.337457980575138,0.1510834985362484
rw_sarmax_exog_4_3m,rw_sarmax_exog_4_3m,RW-SARMAX (Exog. 4) (3 Months),STATISTICAL_ROLLING,16_20,NEG,MARGINAL,,,243,-0.23865718149060858,0.08576183460259401,5.0714174794240146,25.719275250607428,1.9758184377651167,0.5406338580613905,9.117656163040586,10.025695416690022,0.01916886733935071
rw_sarmax_exog_4_3m,rw_sarmax_exog_4_3m,RW-SARMAX (Exog. 4) (3 Months),STATISTICAL_ROLLING,16_20,POS,AVERAGE,,,243,-4.6180609424471655,-0.4281231628151261,20.40861465395814,416.51155209375486,8.339138031293134,2.5282978305946706,11.157627012087568,25.029777784971195,0.46512409732014043
rw_sarmax_exog_4_3m,rw_sarmax_exog_4_3m,RW-SARMAX (Exog. 4) (3 Months),STATISTICAL_ROLLING,16_20,POS,MARGINAL,,,243,-6.96270140508559,0.12901123758437905,34.84893144445853,1214.4480228205703,14.59280290264467,4.580175713748382,19.11095314419761,42.04192471997184,0.40267616064055994
rw_sarmax_exog_4_3m,rw_sarmax_exog_4_3m,RW-SARMAX (Exog. 4) (3 Months),STATISTICAL_ROLLING,20_24,NEG,AVERAGE,,,243,-0.2605488219714509,-0.05395765729755109,0.8936866653692129,0.7986758558587436,0.4725591023331134,0.18231546500847884,1.1911657234981283,1.6583954909882475,0.40364514658295336
rw_sarmax_exog_4_3m,rw_sarmax_exog_4_3m,RW-SARMAX (Exog. 4) (3 Months),STATISTICAL_ROLLING,20_24,NEG,MARGINAL,,,243,-0.37014966528069326,-0.005802849877237115,2.0183741921978355,4.073834379730266,0.9495857508841542,0.3095340406605336,2.5302025700808604,2.883929034999009,-0.0028232236936745086
rw_sarmax_exog_4_3m,rw_sarmax_exog_4_3m,RW-SARMAX (Exog. 4) (3 Months),STATISTICAL_ROLLING,20_24,POS,AVERAGE,,,243,109.22991206763466,-0.582945293592406,1241.1320857081398,1540408.8541742375,115.42748518401831,2.029004736071723,1241.3784156051188,9.226842954023205,-0.008325941179471486
rw_sarmax_exog_4_3m,rw_sarmax_exog_4_3m,RW-SARMAX (Exog. 4) (3 Months),STATISTICAL_ROLLING,20_24,POS,MARGINAL,,,243,108102187251003.12,-0.7430381872887359,1685146326552596.5,2.83971814189371e+30,108102187251011.7,2.4905252267486055,1685146326552597.0,12.517589622506696,-0.004149377593361846
rw_sarmax_exog_4_6m,rw_sarmax_exog_4_6m,RW-SARMAX (Exog. 4) (6 Months),STATISTICAL_ROLLING,00_04,NEG,AVERAGE,,,243,-1.4872386892900895,-0.3213881558204701,3.5274787215192367,12.443106130770987,1.9596828709555583,0.6091794986260921,3.7554434449969154,6.0107601276809515,0.3754476427111424
rw_sarmax_exog_4_6m,rw_sarmax_exog_4_6m,RW-SARMAX (Exog. 4) (6 Months),STATISTICAL_ROLLING,00_04,NEG,MARGINAL,,,243,-1.0553144604193598,0.099964236554138,7.588001618698611,57.577768565372736,3.761358928893138,1.1584773358702414,8.183137442628302,10.552818794605756,0.08354046982856962
rw_sarmax_exog_4_6m,rw_sarmax_exog_4_6m,RW-SARMAX (Exog. 4) (6 Months),STATISTICAL_ROLLING,00_04,POS,AVERAGE,,,243,-0.06645022117531764,-0.02248110069398379,1.0646159474612427,1.1334071155887995,0.4536051377769207,0.24996376220479233,1.6070121443168988,1.7587846020864546,0.2568349999678839
rw_sarmax_exog_4_6m,rw_sarmax_exog_4_6m,RW-SARMAX (Exog. 4) (6 Months),STATISTICAL_ROLLING,00_04,POS,MARGINAL,,,243,-0.00886435967475293,0.10634797029764886,2.5860618518593803,6.687715901642368,1.1097324561255135,0.4974825919880921,2.4566200404636933,2.8277429559291614,-0.06610734484649858
rw_sarmax_exog_4_6m,rw_sarmax_exog_4_6m,RW-SARMAX (Exog. 4) (6 Months),STATISTICAL_ROLLING,04_08,NEG,AVERAGE,,,243,-0.3137900600723516,0.04642167674899689,2.3957445111119506,5.739591762523039,1.3325055589053774,0.46511447211567525,3.3605161387017244,4.010206119444472,0.2538083676852071
rw_sarmax_exog_4_6m,rw_sarmax_exog_4_6m,RW-SARMAX (Exog. 4) (6 Months),STATISTICAL_ROLLING,04_08,NEG,MARGINAL,,,243,-1.0000848766637325,0.12682726474855377,5.792889757581833,33.55757174349651,2.7500054297246326,1.0278256892884112,4.837265896525756,7.5686366231957205,-0.014653746232381394
rw_sarmax_exog_4_6m,rw_sarmax_exog_4_6m,RW-SARMAX (Exog. 4) (6 Months),STATISTICAL_ROLLING,04_08,POS,AVERAGE,,,243,-0.3374143829697679,0.22150224273063124,4.420961721915426,19.54490254664141,1.9897478883605801,0.9237185877624663,3.992143118150518,4.976234471227694,0.17576685521694949
rw_sarmax_exog_4_6m,rw_sarmax_exog_4_6m,RW-SARMAX (Exog. 4) (6 Months),STATISTICAL_ROLLING,04_08,POS,MARGINAL,,,243,-1.5947822911772171,0.16692158149032998,21.466301905731452,460.80211750800976,5.013849354720278,1.4668809581265911,7.975008410266401,20.651501248561523,0.022581005776898526
rw_sarmax_exog_4_6m,rw_sarmax_exog_4_6m,RW-SARMAX (Exog. 4) (6 Months),STATISTICAL_ROLLING,08_12,NEG,AVERAGE,,,243,-0.13615984263375946,0.16564054833990194,3.97558433316236,15.805270790086006,1.783369778366902,0.6475087379784483,9.979649245773995,10.560168636909578,0.30358136618515724
rw_sarmax_exog_4_6m,rw_sarmax_exog_4_6m,RW-SARMAX (Exog. 4) (6 Months),STATISTICAL_ROLLING,08_12,NEG,MARGINAL,,,243,-1.3348447988414631,0.13805801298656495,17.258229077420356,297.8464708887175,5.286787714453832,1.2981163648370107,13.705530263207557,21.83595049220211,-0.009384108908269498
rw_sarmax_exog_4_6m,rw_sarmax_exog_4_6m,RW-SARMAX (Exog. 4) (6 Months),STATISTICAL_ROLLING,08_12,POS,AVERAGE,,,243,-0.48145101872213136,0.1524640627554934,8.032875360830527,64.52708656263816,4.110234279984509,1.561368006465223,8.85502035076746,10.609856851786446,0.03992235724601284
rw_sarmax_exog_4_6m,rw_sarmax_exog_4_6m,RW-SARMAX (Exog. 4) (6 Months),STATISTICAL_ROLLING,08_12,POS,MARGINAL,,,243,-1.1415783678362763,0.5031268764470003,18.735853971555617,351.0322240434563,8.93472662976386,2.2590695734976407,16.420542879357818,19.567373889197142,-0.27708840470047186
rw_sarmax_exog_4_6m,rw_sarmax_exog_4_6m,RW-SARMAX (Exog. 4) (6 Months),STATISTICAL_ROLLING,12_16,NEG,AVERAGE,,,243,3.757429708477549,0.09185460882704821,16.988659628980624,288.6145559893561,8.768360898797958,2.5278782233900507,31.566435230619206,21.6446792443593,0.522149252593664
rw_sarmax_exog_4_6m,rw_sarmax_exog_4_6m,RW-SARMAX (Exog. 4) (6 Months),STATISTICAL_ROLLING,12_16,NEG,MARGINAL,,,243,-0.9743371622779938,-0.21056312975806413,32.617061381686156,1063.8726931766823,12.091930782105146,3.794872673190852,34.40698183433977,35.66762142590697,0.15957668483233106
rw_sarmax_exog_4_6m,rw_sarmax_exog_4_6m,RW-SARMAX (Exog. 4) (6 Months),STATISTICAL_ROLLING,12_16,POS,AVERAGE,,,243,-3.7450099362726066,-0.9101119000364388,16.29290562167835,265.458773596918,4.932490768974455,1.5661418056150538,4.268511398247061,16.623209935007917,0.17502249573614462
rw_sarmax_exog_4_6m,rw_sarmax_exog_4_6m,RW-SARMAX (Exog. 4) (6 Months),STATISTICAL_ROLLING,12_16,POS,MARGINAL,,,243,51737.96112202522,-0.06737848767828503,800750.6062570163,641201533420.9792,51761.70699241354,2.282075703034522,800749.8020614139,93.21025224454014,-0.0037640513905613316
rw_sarmax_exog_4_6m,rw_sarmax_exog_4_6m,RW-SARMAX (Exog. 4) (6 Months),STATISTICAL_ROLLING,16_20,NEG,AVERAGE,,,243,0.0027910207885157687,0.06958820436235846,2.0218598424865846,4.087917222659876,1.0089226613902365,0.375263739113608,7.268471524339404,7.337457980575138,-0.003673944494008092
rw_sarmax_exog_4_6m,rw_sarmax_exog_4_6m,RW-SARMAX (Exog. 4) (6 Months),STATISTICAL_ROLLING,16_20,NEG,MARGINAL,,,243,-0.33494340413402124,0.15109683262996998,4.822983719935659,23.261171962764408,1.7932029702901764,0.6164718797198159,8.622902217914076,10.025695416690022,0.07448430590448064
rw_sarmax_exog_4_6m,rw_sarmax_exog_4_6m,RW-SARMAX (Exog. 4) (6 Months),STATISTICAL_ROLLING,16_20,POS,AVERAGE,,,243,-4.220183832603133,-0.08725974785339119,21.014660228829687,441.61594453315615,8.383306326224465,2.212569310590016,10.714145579000888,25.029777784971195,0.48700835591470165
rw_sarmax_exog_4_6m,rw_sarmax_exog_4_6m,RW-SARMAX (Exog. 4) (6 Months),STATISTICAL_ROLLING,16_20,POS,MARGINAL,,,243,-7.167024618979691,0.4147121279365926,35.866347953926976,1286.3949155521616,14.87213553807041,4.230329774774397,17.12879405331206,42.04192471997184,0.4188500764928839
rw_sarmax_exog_4_6m,rw_sarmax_exog_4_6m,RW-SARMAX (Exog. 4) (6 Months),STATISTICAL_ROLLING,20_24,NEG,AVERAGE,,,243,-0.22406325565185684,0.02116436249615994,0.9092695408487363,0.8267710979152718,0.44670423669224785,0.15485932552166037,1.1392969320647877,1.6583954909882475,0.49705692452973005
rw_sarmax_exog_4_6m,rw_sarmax_exog_4_6m,RW-SARMAX (Exog. 4) (6 Months),STATISTICAL_ROLLING,20_24,NEG,MARGINAL,,,243,-0.22632115096652933,0.10169655908498232,2.3503439764423755,5.524116807598957,1.1337860294009736,0.3573668172120805,2.538470087851206,2.883929034999009,0.2447161568447118
rw_sarmax_exog_4_6m,rw_sarmax_exog_4_6m,RW-SARMAX (Exog. 4) (6 Months),STATISTICAL_ROLLING,20_24,POS,AVERAGE,,,243,-0.4795680569423444,-0.01870062758474944,3.3777329749783007,11.409080050255762,2.1604820936013986,1.3385257334254081,9.052352852058544,9.226842954023205,0.3946978704363452
rw_sarmax_exog_4_6m,rw_sarmax_exog_4_6m,RW-SARMAX (Exog. 4) (6 Months),STATISTICAL_ROLLING,20_24,POS,MARGINAL,,,243,-0.7901648783955869,-0.0551924201135261,8.726200893148073,76.14658202757822,4.101947786360288,2.004954244581807,11.59768199903291,12.517589622506696,0.08562402773965651
xgboost_exog_4,xgboost_exog_4,XGBoost (Exog. 4),TREE_BASED,00_04,NEG,AVERAGE,,,243,-0.0273860864197531,0.4826370000000004,2.6859420345944955,7.214284613201619,1.4679712790123456,0.7307780000000008,5.239744666109782,6.0107601276809515,0.06167364905986432
xgboost_exog_4,xgboost_exog_4,XGBoost (Exog. 4),TREE_BASED,00_04,NEG,MARGINAL,,,243,-0.4662713164609054,0.8269120000000001,6.81498945833598,46.44408131723053,3.2718497666666666,1.4877660000000006,7.474238705973696,10.552818794605756,-0.09841335069574575
xgboost_exog_4,xgboost_exog_4,XGBoost (Exog. 4),TREE_BASED,00_04,POS,AVERAGE,,,243,-0.06606260205761318,0.004382000000000552,0.959780561350977,0.9211787259471966,0.3325670283950618,0.21270219999999984,1.467150932905066,1.7587846020864546,0.05648870788685229
xgboost_exog_4,xgboost_exog_4,XGBoost (Exog. 4),TREE_BASED,00_04,POS,MARGINAL,,,243,-0.1737632407407407,0.2567394999999997,2.334406306208352,5.449452802465323,0.938344146090535,0.5139519999999997,1.576376572241733,2.8277429559291614,0.08082448958206957
xgboost_exog_4,xgboost_exog_4,XGBoost (Exog. 4),TREE_BASED,04_08,NEG,AVERAGE,,,243,0.07796446460905347,0.32520599999999966,1.6980719781705589,2.883448443048075,1.0244211477366256,0.6186620000000005,3.791683085446038,4.010206119444472,0.15095117930973567
xgboost_exog_4,xgboost_exog_4,XGBoost (Exog. 4),TREE_BASED,04_08,NEG,MARGINAL,,,243,-0.3017664,0.7504271999999998,5.397993899759084,29.138338141836282,2.524690942386831,1.2996079999999992,5.36610251662445,7.5686366231957205,-0.05687909349170058
xgboost_exog_4,xgboost_exog_4,XGBoost (Exog. 4),TREE_BASED,04_08,POS,AVERAGE,,,243,-0.6964199201646091,-0.04367560000000026,3.8940492670273072,15.16361969403591,1.6313739119341564,0.6951830000000001,3.291340691768863,4.976234471227694,0.2585309732004415
xgboost_exog_4,xgboost_exog_4,XGBoost (Exog. 4),TREE_BASED,04_08,POS,MARGINAL,,,243,-2.6809810020576132,0.17250600000000027,20.571351128872465,423.18048726736237,4.400837649794239,1.2769670000000009,3.899146885505568,20.651501248561523,0.06534055850824852
xgboost_exog_4,xgboost_exog_4,XGBoost (Exog. 4),TREE_BASED,08_12,NEG,AVERAGE,,,243,-0.470716301234568,-0.05904739999999986,4.2007161649233336,17.646016298248203,2.0108019218106996,0.8789943999999998,9.723243081485831,10.560168636909578,0.2486396014499173
xgboost_exog_4,xgboost_exog_4,XGBoost (Exog. 4),TREE_BASED,08_12,NEG,MARGINAL,,,243,-1.6076748905349791,0.3053595,18.344487788822263,336.5202322342491,5.515987007407408,1.549439999999997,13.41725698392734,21.83595049220211,-0.04532560169132958
xgboost_exog_4,xgboost_exog_4,XGBoost (Exog. 4),TREE_BASED,08_12,POS,AVERAGE,,,243,-1.1342025,0.5443020000000001,7.900806787562249,62.42274789438971,3.906699923045268,1.511747999999999,6.973533696168636,10.609856851786446,0.2030211397779834
xgboost_exog_4,xgboost_exog_4,XGBoost (Exog. 4),TREE_BASED,08_12,POS,MARGINAL,,,243,-3.2456043547325106,1.5185080000000006,17.403946322421564,302.8973475937311,8.1510594436214,2.5612309999999994,8.665135388283227,19.567373889197142,0.10361924370948139
xgboost_exog_4,xgboost_exog_4,XGBoost (Exog. 4),TREE_BASED,12_16,NEG,AVERAGE,,,243,-1.172529102057613,0.036786899999999845,5.5819549938111725,31.158221552933483,3.5699563588477368,1.7013330000000018,20.627923804620472,21.6446792443593,0.35939503729348615
xgboost_exog_4,xgboost_exog_4,XGBoost (Exog. 4),TREE_BASED,12_16,NEG,MARGINAL,,,243,-2.721935345267489,0.00927160000000038,26.42587517751511,698.3268788976093,7.251965789711933,2.4632217999999995,26.725966239781233,35.66762142590697,-0.0018415672609489694
xgboost_exog_4,xgboost_exog_4,XGBoost (Exog. 4),TREE_BASED,12_16,POS,AVERAGE,,,243,-1.9523947979423872,0.08701199999999965,16.052316878515924,257.6768771682872,3.7277649798353916,0.7798929999999995,5.845902123630954,16.623209935007917,0.05885145643565697
xgboost_exog_4,xgboost_exog_4,XGBoost (Exog. 4),TREE_BASED,12_16,POS,MARGINAL,,,243,-10.407292005761319,0.4701820000000012,93.30058766440432,8704.999658523195,13.163345665020577,1.4135089999999995,6.663321484837676,93.21025224454014,0.02308915065275822
xgboost_exog_4,xgboost_exog_4,XGBoost (Exog. 4),TREE_BASED,16_20,NEG,AVERAGE,,,243,-0.2876040927572016,0.02724509999999991,1.718742367517576,2.9540753258999217,0.8651375174485596,0.3081695999999998,6.879760686641709,7.337457980575138,0.21678383061145398
xgboost_exog_4,xgboost_exog_4,XGBoost (Exog. 4),TREE_BASED,16_20,NEG,MARGINAL,,,243,-0.10251579493827156,0.1306539,4.941052080673373,24.413995663926663,1.7511619822633744,0.5620662999999997,9.388177696395823,10.025695416690022,0.05581686956966406
xgboost_exog_4,xgboost_exog_4,XGBoost (Exog. 4),TREE_BASED,16_20,POS,AVERAGE,,,243,-5.047405950617285,0.5013000000000005,22.109965118061314,488.85055752188805,8.311939362139919,2.31457,7.672755143738462,25.029777784971195,0.5176178001302673
xgboost_exog_4,xgboost_exog_4,XGBoost (Exog. 4),TREE_BASED,16_20,POS,MARGINAL,,,243,-9.126594061728396,1.1206840000000007,38.01031881746642,1444.7843366054417,14.72199285185185,4.375017,10.389414642859514,42.04192471997184,0.4792854009701233
xgboost_exog_4,xgboost_exog_4,XGBoost (Exog. 4),TREE_BASED,20_24,NEG,AVERAGE,,,243,0.0022576914403292046,0.11032920000000002,0.6283428632936368,0.39481475385204595,0.3498954009053498,0.1990211999999998,1.4303667440928944,1.6583954909882475,0.15510719415907107
xgboost_exog_4,xgboost_exog_4,XGBoost (Exog. 4),TREE_BASED,20_24,NEG,MARGINAL,,,243,-0.08790840905349792,0.2979259000000001,1.8152839502307658,3.2952558199654134,0.933752353909465,0.4601430000000004,1.898676252312812,2.883929034999009,0.08637917755732037
xgboost_exog_4,xgboost_exog_4,XGBoost (Exog. 4),TREE_BASED,20_24,POS,AVERAGE,,,243,-0.2672135530864198,0.3599230000000002,2.9973637201948886,8.984189271140544,1.8374011736625513,1.0783369999999994,8.140137949894585,9.226842954023205,0.3412898013722937
xgboost_exog_4,xgboost_exog_4,XGBoost (Exog. 4),TREE_BASED,20_24,POS,MARGINAL,,,243,-0.6247355629629631,1.053433,7.544209082509346,56.915090680616515,3.4644998806584364,1.9184650000000012,9.346118982538487,12.517589622506696,0.14764842952913487
xgboost_v2_exog_1_3_ts7,xgboost_v2_exog_1_3,XGBoost v2 (Exog. 1&3) (7 TimeSteps),TREE_BASED,00_04,NEG,AVERAGE,7.0,,243,0.45284467860082306,0.4338383000000001,2.462394123698668,6.06338482042573,1.439953886831276,0.5662920000000002,5.956420143173766,6.0107601276809515,0.1205141709456274
xgboost_v2_exog_1_3_ts7,xgboost_v2_exog_1_3,XGBoost v2 (Exog. 1&3) (7 TimeSteps),TREE_BASED,00_04,NEG,MARGINAL,7.0,,243,0.3336001197530863,1.2904719999999994,6.54133795186778,42.78910220054576,3.5390105222222226,1.7175185999999996,7.616451665379458,10.552818794605756,-0.08839898207409706
xgboost_v2_exog_1_3_ts7,xgboost_v2_exog_1_3,XGBoost v2 (Exog. 1&3) (7 TimeSteps),TREE_BASED,00_04,POS,AVERAGE,7.0,,243,-0.014495037860082308,0.07101429999999986,0.9719445448401568,0.9446761982445395,0.34708032839506175,0.21367199999999986,1.413952806670476,1.7587846020864546,0.2014006914682628
xgboost_v2_exog_1_3_ts7,xgboost_v2_exog_1_3,XGBoost v2 (Exog. 1&3) (7 TimeSteps),TREE_BASED,00_04,POS,MARGINAL,7.0,,243,0.03321385802469141,0.3722519999999996,2.3707676961165562,5.620539468949804,1.001954090946502,0.6232256000000005,1.711015137584975,2.8277429559291614,0.05980963390405011
xgboost_v2_exog_1_3_ts7,xgboost_v2_exog_1_3,XGBoost v2 (Exog. 1&3) (7 TimeSteps),TREE_BASED,04_08,NEG,AVERAGE,7.0,,243,0.5633636637860081,0.5639653,1.6112950189760216,2.5962716381769377,1.1160741699588477,0.6564123999999998,4.200565203197063,4.010206119444472,0.25071488183189605
xgboost_v2_exog_1_3_ts7,xgboost_v2_exog_1_3,XGBoost v2 (Exog. 1&3) (7 TimeSteps),TREE_BASED,04_08,NEG,MARGINAL,7.0,,243,0.5535249584362141,1.0986859999999998,5.209444802351065,27.138315148742528,2.666036122222222,1.4004836999999997,6.43122762514545,7.5686366231957205,-0.03412579116457861
xgboost_v2_exog_1_3_ts7,xgboost_v2_exog_1_3,XGBoost v2 (Exog. 1&3) (7 TimeSteps),TREE_BASED,04_08,POS,AVERAGE,7.0,,243,-0.7417793646090535,-0.057930999999999955,4.153697942222918,17.2532065952269,1.967824868312757,0.9663960000000005,3.542255551066598,4.976234471227694,0.07749054277553157
xgboost_v2_exog_1_3_ts7,xgboost_v2_exog_1_3,XGBoost v2 (Exog. 1&3) (7 TimeSteps),TREE_BASED,04_08,POS,MARGINAL,7.0,,243,-2.270846369135802,0.7322489999999995,20.694216983744568,428.2506165703021,4.74830286872428,1.7502715000000002,4.295133072209939,20.651501248561523,0.03729415216207607
xgboost_v2_exog_1_3_ts7,xgboost_v2_exog_1_3,XGBoost v2 (Exog. 1&3) (7 TimeSteps),TREE_BASED,08_12,NEG,AVERAGE,7.0,,243,-0.04882325473251038,0.3516956,4.050040346640071,16.40282680941243,2.0588018226337446,1.0428855000000001,9.70462475559414,10.560168636909578,0.26524730686640224
xgboost_v2_exog_1_3_ts7,xgboost_v2_exog_1_3,XGBoost v2 (Exog. 1&3) (7 TimeSteps),TREE_BASED,08_12,NEG,MARGINAL,7.0,,243,-0.3338927506172839,1.2373314,17.544174319053088,307.7980525373219,5.583240392592592,2.0289916000000003,13.611456322155554,21.83595049220211,-0.041888934567565865
xgboost_v2_exog_1_3_ts7,xgboost_v2_exog_1_3,XGBoost v2 (Exog. 1&3) (7 TimeSteps),TREE_BASED,08_12,POS,AVERAGE,7.0,,243,-0.861787686419753,0.9097570000000026,8.118581152142047,65.91135992391608,4.244228453497942,1.9934455,7.2764081075863825,10.609856851786446,0.18595539585225668
xgboost_v2_exog_1_3_ts7,xgboost_v2_exog_1_3,XGBoost v2 (Exog. 1&3) (7 TimeSteps),TREE_BASED,08_12,POS,MARGINAL,7.0,,243,-3.2274018753086424,1.7723800000000018,18.012639887251105,324.45519570778947,8.666819244032922,3.3118669999999995,9.247517847877157,19.567373889197142,0.10040427556537809
xgboost_v2_exog_1_3_ts7,xgboost_v2_exog_1_3,XGBoost v2 (Exog. 1&3) (7 TimeSteps),TREE_BASED,12_16,NEG,AVERAGE,7.0,,243,0.6044246061728398,0.8510537,4.8039820045002655,23.07824309956239,3.1752840851851856,1.7399277,21.73800911835028,21.6446792443593,0.24209333606278244
xgboost_v2_exog_1_3_ts7,xgboost_v2_exog_1_3,XGBoost v2 (Exog. 1&3) (7 TimeSteps),TREE_BASED,12_16,NEG,MARGINAL,7.0,,243,0.010402498353909306,2.0811443,25.944395086011962,673.1116363790816,6.982277988888888,2.9198800000000005,27.07683739441868,35.66762142590697,0.022617382399102527
xgboost_v2_exog_1_3_ts7,xgboost_v2_exog_1_3,XGBoost v2 (Exog. 1&3) (7 TimeSteps),TREE_BASED,12_16,POS,AVERAGE,7.0,,243,-1.335193149382716,0.6468029999999994,16.168534386131466,261.42150419551564,4.030878657201646,0.9959350000000002,6.898479301937287,16.623209935007917,-0.04328357036146692
xgboost_v2_exog_1_3_ts7,xgboost_v2_exog_1_3,XGBoost v2 (Exog. 1&3) (7 TimeSteps),TREE_BASED,12_16,POS,MARGINAL,7.0,,243,-9.342418356790123,1.8176430000000003,93.20857526942876,8687.838503756768,13.898223785596706,2.4481199999999994,7.16213759233417,93.21025224454014,0.014643583779905473
xgboost_v2_exog_1_3_ts7,xgboost_v2_exog_1_3,XGBoost v2 (Exog. 1&3) (7 TimeSteps),TREE_BASED,16_20,NEG,AVERAGE,7.0,,243,0.3261743890534979,0.3474719999999998,1.667056879439491,2.7790786392865336,1.0542883939917695,0.5414469999999998,7.119347090599002,7.337457980575138,0.15365608067038072
xgboost_v2_exog_1_3_ts7,xgboost_v2_exog_1_3,XGBoost v2 (Exog. 1&3) (7 TimeSteps),TREE_BASED,16_20,NEG,MARGINAL,7.0,,243,0.7945446396707819,0.765466,4.50564288726752,20.300817827584396,2.1244214846090537,1.0296770000000013,9.234876226094288,10.025695416690022,-0.04674087882378116
xgboost_v2_exog_1_3_ts7,xgboost_v2_exog_1_3,XGBoost v2 (Exog. 1&3) (7 TimeSteps),TREE_BASED,16_20,POS,AVERAGE,7.0,,243,-3.541836185185185,0.5619540000000001,19.453928637546046,378.4553394347341,7.99268932510288,3.0979009999999985,11.916049996605123,25.029777784971195,0.31523179507507665
xgboost_v2_exog_1_3_ts7,xgboost_v2_exog_1_3,XGBoost v2 (Exog. 1&3) (7 TimeSteps),TREE_BASED,16_20,POS,MARGINAL,7.0,,243,-7.874023695473251,1.2036050000000031,35.1964937608985,1238.793173060967,14.691026288065844,4.913497,15.031805875164848,42.04192471997184,0.33725114572576065
xgboost_v2_exog_1_3_ts7,xgboost_v2_exog_1_3,XGBoost v2 (Exog. 1&3) (7 TimeSteps),TREE_BASED,20_24,NEG,AVERAGE,7.0,,243,0.24850658148148147,0.2651030000000001,0.6011827939667488,0.3614207517616663,0.4363017090534979,0.29193729999999984,1.5342339183978835,1.6583954909882475,0.2614890621203423
xgboost_v2_exog_1_3_ts7,xgboost_v2_exog_1_3,XGBoost v2 (Exog. 1&3) (7 TimeSteps),TREE_BASED,20_24,NEG,MARGINAL,7.0,,243,0.4710543514403293,0.532308,1.7092017333830323,2.921370565399562,1.0270131415637862,0.6107659999999999,2.80508147110369,2.883929034999009,0.08615596636402785
xgboost_v2_exog_1_3_ts7,xgboost_v2_exog_1_3,XGBoost v2 (Exog. 1&3) (7 TimeSteps),TREE_BASED,20_24,POS,AVERAGE,7.0,,243,-0.37698824814814824,0.34562000000000026,3.109422309437264,9.668507098426169,1.9413487534979423,1.1050300000000028,8.365271186523234,9.226842954023205,0.20147911993833226
xgboost_v2_exog_1_3_ts7,xgboost_v2_exog_1_3,XGBoost v2 (Exog. 1&3) (7 TimeSteps),TREE_BASED,20_24,POS,MARGINAL,7.0,,243,-0.6120114769547327,1.094581999999999,7.79988062012261,60.83813768816427,3.74493210164609,2.1752959999999995,9.703760456017777,12.517589622506696,0.05482332487662304
xgboost_v2_exog_1_4_ts7,xgboost_v2_exog_1_4,XGBoost v2 (Exog. 1&4) (7 TimeSteps),TREE_BASED,00_04,NEG,AVERAGE,7.0,,243,-0.08043871893004112,0.5263814999999998,2.9218443319262795,8.537174300009726,1.6212462744855967,0.7592468000000001,5.186442923574224,6.0107601276809515,0.03398563965145695
xgboost_v2_exog_1_4_ts7,xgboost_v2_exog_1_4,XGBoost v2 (Exog. 1&4) (7 TimeSteps),TREE_BASED,00_04,NEG,MARGINAL,7.0,,243,-0.5611873213991768,1.0309100000000004,6.9675705014517995,48.547038692701285,3.4466655452674897,1.4948410000000005,7.183980248598413,10.552818794605756,-0.09559604440193283
xgboost_v2_exog_1_4_ts7,xgboost_v2_exog_1_4,XGBoost v2 (Exog. 1&4) (7 TimeSteps),TREE_BASED,00_04,POS,AVERAGE,7.0,,243,-0.005253001646090518,0.08886219999999989,0.972713796734444,0.9461721303575372,0.3609897925925927,0.22936900000000016,1.4444403687814302,1.7587846020864546,0.2358083181748599
xgboost_v2_exog_1_4_ts7,xgboost_v2_exog_1_4,XGBoost v2 (Exog. 1&4) (7 TimeSteps),TREE_BASED,00_04,POS,MARGINAL,7.0,,243,0.021790746502057628,0.3883000000000001,2.3600734057650645,5.569946480599511,0.9892596683127571,0.5847376,1.6915024694661633,2.8277429559291614,0.06658502209782488
xgboost_v2_exog_1_4_ts7,xgboost_v2_exog_1_4,XGBoost v2 (Exog. 1&4) (7 TimeSteps),TREE_BASED,04_08,NEG,AVERAGE,7.0,,243,0.06455183868312749,0.4060417000000003,1.830517762081543,3.35079527729602,1.0867020748971192,0.6500197999999999,3.8335189667368925,4.010206119444472,0.21530031273803904
xgboost_v2_exog_1_4_ts7,xgboost_v2_exog_1_4,XGBoost v2 (Exog. 1&4) (7 TimeSteps),TREE_BASED,04_08,NEG,MARGINAL,7.0,,243,-0.5315577131687242,0.7526770000000003,5.745594793579941,33.01185953201293,2.7433951888888886,1.2560460000000004,5.613733627808823,7.5686366231957205,0.0447933775850913
xgboost_v2_exog_1_4_ts7,xgboost_v2_exog_1_4,XGBoost v2 (Exog. 1&4) (7 TimeSteps),TREE_BASED,04_08,POS,AVERAGE,7.0,,243,-0.496299175308642,0.09375499999999981,3.977521656584418,15.82067852859805,1.7070174386831276,0.8564565000000011,3.6969682156550805,4.976234471227694,0.03164166861869508
xgboost_v2_exog_1_4_ts7,xgboost_v2_exog_1_4,XGBoost v2 (Exog. 1&4) (7 TimeSteps),TREE_BASED,04_08,POS,MARGINAL,7.0,,243,-2.031231982304527,0.8685136999999994,20.603705198694687,424.5126679147185,4.55344314691358,1.7532510000000006,4.3591298918058206,20.651501248561523,0.02859250624543919
xgboost_v2_exog_1_4_ts7,xgboost_v2_exog_1_4,XGBoost v2 (Exog. 1&4) (7 TimeSteps),TREE_BASED,08_12,NEG,AVERAGE,7.0,,243,-1.322690373251029,-0.06722929999999971,4.459591698242141,19.887958115030226,2.3068533790123458,1.0644069999999992,8.324530244282311,10.560168636909578,0.42929516582573973
xgboost_v2_exog_1_4_ts7,xgboost_v2_exog_1_4,XGBoost v2 (Exog. 1&4) (7 TimeSteps),TREE_BASED,08_12,NEG,MARGINAL,7.0,,243,-1.7962286246913581,0.6985826999999998,17.613572677820663,310.2379424768706,5.140228716872428,1.7528393999999998,11.92985875975898,21.83595049220211,0.01901091345021825
xgboost_v2_exog_1_4_ts7,xgboost_v2_exog_1_4,XGBoost v2 (Exog. 1&4) (7 TimeSteps),TREE_BASED,08_12,POS,AVERAGE,7.0,,243,-0.14834119259259265,1.0335289999999997,7.759762717363214,60.21391742978014,4.138661543209876,2.0981049999999986,7.861215074300992,10.609856851786446,0.17096624226144522
xgboost_v2_exog_1_4_ts7,xgboost_v2_exog_1_4,XGBoost v2 (Exog. 1&4) (7 TimeSteps),TREE_BASED,08_12,POS,MARGINAL,7.0,,243,-1.0515520320987655,2.1622069999999987,17.940532418906756,321.86270347384425,8.945508729218107,3.23527,11.714273051754022,19.567373889197142,0.09171316038083535
xgboost_v2_exog_1_4_ts7,xgboost_v2_exog_1_4,XGBoost v2 (Exog. 1&4) (7 TimeSteps),TREE_BASED,12_16,NEG,AVERAGE,7.0,,243,-1.1394512390946503,0.0724700000000027,5.698800630551041,32.47632862676894,3.5695655082304527,1.3788803999999995,21.35805220261083,21.6446792443593,0.2686516976066564
xgboost_v2_exog_1_4_ts7,xgboost_v2_exog_1_4,XGBoost v2 (Exog. 1&4) (7 TimeSteps),TREE_BASED,12_16,NEG,MARGINAL,7.0,,243,-3.120299390123457,0.5001123999999999,26.052044192409383,678.7090066032514,6.624084513580247,2.6614199999999997,25.17544857693413,35.66762142590697,0.015240860998877219
xgboost_v2_exog_1_4_ts7,xgboost_v2_exog_1_4,XGBoost v2 (Exog. 1&4) (7 TimeSteps),TREE_BASED,12_16,POS,AVERAGE,7.0,,243,-1.0769391880658437,0.5877759999999999,16.119962442711543,259.85318915443065,4.019251558436214,1.0556289999999997,7.77049647177766,16.623209935007917,-0.0933256572996892
xgboost_v2_exog_1_4_ts7,xgboost_v2_exog_1_4,XGBoost v2 (Exog. 1&4) (7 TimeSteps),TREE_BASED,12_16,POS,MARGINAL,7.0,,243,-8.434707035390947,1.4704784999999987,93.24470775270827,8694.575523887974,14.419334655144032,2.6655620000000013,9.87961653624696,93.21025224454014,0.006515317682609701
xgboost_v2_exog_1_4_ts7,xgboost_v2_exog_1_4,XGBoost v2 (Exog. 1&4) (7 TimeSteps),TREE_BASED,16_20,NEG,AVERAGE,7.0,,243,-0.446239257654321,0.08499940000000006,1.6861262614120456,2.843021769423362,0.9273576013580247,0.4109436999999999,6.547552488446089,7.337457980575138,0.2662646010314314
xgboost_v2_exog_1_4_ts7,xgboost_v2_exog_1_4,XGBoost v2 (Exog. 1&4) (7 TimeSteps),TREE_BASED,16_20,NEG,MARGINAL,7.0,,243,-0.43266007818930047,0.4252811000000001,4.635217405838225,21.485240399385646,1.817135522633745,0.7865359999999999,8.108209944033746,10.025695416690022,0.058043327599059204
xgboost_v2_exog_1_4_ts7,xgboost_v2_exog_1_4,XGBoost v2 (Exog. 1&4) (7 TimeSteps),TREE_BASED,16_20,POS,AVERAGE,7.0,,243,-3.7298473456790133,0.9223189999999999,19.8728903590534,394.9317712229576,7.697990946502056,2.66873,10.202791595311506,25.029777784971195,0.36296036142303595
xgboost_v2_exog_1_4_ts7,xgboost_v2_exog_1_4,XGBoost v2 (Exog. 1&4) (7 TimeSteps),TREE_BASED,16_20,POS,MARGINAL,7.0,,243,-5.215589796296296,2.0396800000000006,34.298559689837056,1176.3911967973152,13.805195360082303,4.246316,17.274289019621133,42.04192471997184,0.345890990111087
xgboost_v2_exog_1_4_ts7,xgboost_v2_exog_1_4,XGBoost v2 (Exog. 1&4) (7 TimeSteps),TREE_BASED,20_24,NEG,AVERAGE,7.0,,243,-0.08865395786008229,0.06721840000000001,0.7093087704537013,0.5031189318425415,0.37016512,0.1789499,1.3340212037038204,1.6583954909882475,0.17913639624242647
xgboost_v2_exog_1_4_ts7,xgboost_v2_exog_1_4,XGBoost v2 (Exog. 1&4) (7 TimeSteps),TREE_BASED,20_24,NEG,MARGINAL,7.0,,243,0.004822181893004152,0.39431309999999997,1.826284148393829,3.3353137906745736,1.0172509316872427,0.5569279999999999,2.006064493828297,2.883929034999009,-0.026301421803718673
xgboost_v2_exog_1_4_ts7,xgboost_v2_exog_1_4,XGBoost v2 (Exog. 1&4) (7 TimeSteps),TREE_BASED,20_24,POS,AVERAGE,7.0,,243,0.3225571119341565,0.688288,2.8614662774379385,8.187989256914534,1.8364481094650207,1.166449,8.827015436833369,9.226842954023205,0.1691762199434923
xgboost_v2_exog_1_4_ts7,xgboost_v2_exog_1_4,XGBoost v2 (Exog. 1&4) (7 TimeSteps),TREE_BASED,20_24,POS,MARGINAL,7.0,,243,0.14959816995884756,1.7690249999999992,7.675576336073217,58.91447209088715,3.7500903395061727,2.452959,10.186518380456524,12.517589622506696,0.04562287709248583
xgboost_v2_exog_1_ts7,xgboost_v2_exog_1,XGBoost v2 (Exog. 1) (7 TimeSteps),TREE_BASED,00_04,NEG,AVERAGE,7.0,,243,-0.3056257411522635,0.5099347000000005,3.653503427712265,13.34808729630527,2.021349318930041,0.8380497,4.836471512487175,6.0107601276809515,0.08132336959032953
xgboost_v2_exog_1_ts7,xgboost_v2_exog_1,XGBoost v2 (Exog. 1) (7 TimeSteps),TREE_BASED,00_04,NEG,MARGINAL,7.0,,243,-1.184860944855967,0.669664,8.41796524667335,70.86213889420033,4.122290618106996,1.4074530000000003,6.839614841918395,10.552818794605756,-0.09177221986219838
xgboost_v2_exog_1_ts7,xgboost_v2_exog_1,XGBoost v2 (Exog. 1) (7 TimeSteps),TREE_BASED,00_04,POS,AVERAGE,7.0,,243,-0.021973782304526734,0.08440500000000029,0.9870397248325924,0.9742474183975997,0.3666728522633745,0.21835130000000014,1.4218222244958953,1.7587846020864546,0.24806977455222495
xgboost_v2_exog_1_ts7,xgboost_v2_exog_1,XGBoost v2 (Exog. 1) (7 TimeSteps),TREE_BASED,00_04,POS,MARGINAL,7.0,,243,-0.009101693415637838,0.38384600000000013,2.376954713733028,5.64991371113766,0.9921906868312758,0.5796304999999999,1.6959903347760052,2.8277429559291614,0.07583704518624097
xgboost_v2_exog_1_ts7,xgboost_v2_exog_1,XGBoost v2 (Exog. 1) (7 TimeSteps),TREE_BASED,04_08,NEG,AVERAGE,7.0,,243,-0.19686751028806587,0.30802819999999986,2.4158754948057717,5.836454406403032,1.3646615209876545,0.648631,3.3417238666878375,4.010206119444472,0.11347822637085278
xgboost_v2_exog_1_ts7,xgboost_v2_exog_1,XGBoost v2 (Exog. 1) (7 TimeSteps),TREE_BASED,04_08,NEG,MARGINAL,7.0,,243,-0.7043509917695475,0.8602083,6.419386890761328,41.20852805327839,3.3330555185185182,1.5803789999999998,4.492360263076387,7.5686366231957205,-0.0017298392381834963
xgboost_v2_exog_1_ts7,xgboost_v2_exog_1,XGBoost v2 (Exog. 1) (7 TimeSteps),TREE_BASED,04_08,POS,AVERAGE,7.0,,243,-0.635212341563786,-0.02941000000000038,4.254032850808645,18.096795495759128,2.0426664386831277,1.0524179999999994,3.573042265850034,4.976234471227694,0.06924006969993429
xgboost_v2_exog_1_ts7,xgboost_v2_exog_1,XGBoost v2 (Exog. 1) (7 TimeSteps),TREE_BASED,04_08,POS,MARGINAL,7.0,,243,-2.274679820164609,0.7960925999999997,20.70095320163795,428.52946345640447,4.80080168271605,1.8709809999999987,4.206034719368696,20.651501248561523,0.034434582934840016
xgboost_v2_exog_1_ts7,xgboost_v2_exog_1,XGBoost v2 (Exog. 1) (7 TimeSteps),TREE_BASED,08_12,NEG,AVERAGE,7.0,,243,-0.6492586999999999,0.13095109999999988,4.286413958365451,18.37334462247017,2.1544694152263375,1.1463960000000002,8.894698032420846,10.560168636909578,0.2848173013355357
xgboost_v2_exog_1_ts7,xgboost_v2_exog_1,XGBoost v2 (Exog. 1) (7 TimeSteps),TREE_BASED,08_12,NEG,MARGINAL,7.0,,243,-1.0782226761316873,1.2400043000000003,17.399502389184555,302.742683391239,5.681094866255145,2.19822,11.890046583955863,21.83595049220211,0.004225757131168903
xgboost_v2_exog_1_ts7,xgboost_v2_exog_1,XGBoost v2 (Exog. 1) (7 TimeSteps),TREE_BASED,08_12,POS,AVERAGE,7.0,,243,-1.0249309720164608,1.094327999999999,8.49861496663701,72.2264563511466,4.506655199176954,2.080480999999999,6.918744082132605,10.609856851786446,0.22566384343815005
xgboost_v2_exog_1_ts7,xgboost_v2_exog_1,XGBoost v2 (Exog. 1) (7 TimeSteps),TREE_BASED,08_12,POS,MARGINAL,7.0,,243,-2.400134307818931,2.403597999999999,18.65316044407025,347.94039455222696,9.171182976131686,3.734858,10.156227254469634,19.567373889197142,0.11464253503496973
xgboost_v2_exog_1_ts7,xgboost_v2_exog_1,XGBoost v2 (Exog. 1) (7 TimeSteps),TREE_BASED,12_16,NEG,AVERAGE,7.0,,243,-0.8614350061728394,0.4490199999999973,6.465964062422078,41.80869125653382,4.128681058024691,1.9561183,19.79344094891273,21.6446792443593,0.2093691882261837
xgboost_v2_exog_1_ts7,xgboost_v2_exog_1,XGBoost v2 (Exog. 1) (7 TimeSteps),TREE_BASED,12_16,NEG,MARGINAL,7.0,,243,-2.4006175366255142,1.1050599999999946,26.68298453054127,711.9816634571047,7.831069548148149,3.2578050000000047,23.953702469857962,35.66762142590697,-0.02454775548158767
xgboost_v2_exog_1_ts7,xgboost_v2_exog_1,XGBoost v2 (Exog. 1) (7 TimeSteps),TREE_BASED,12_16,POS,AVERAGE,7.0,,243,-1.483297746090535,0.5475664,16.008840807837633,256.28298401068747,3.853342543621399,1.2019320000000002,6.369631373324525,16.623209935007917,-0.017906175614083874
xgboost_v2_exog_1_ts7,xgboost_v2_exog_1,XGBoost v2 (Exog. 1) (7 TimeSteps),TREE_BASED,12_16,POS,MARGINAL,7.0,,243,-9.608506543621399,1.680523,93.21296609977058,8688.657049116979,13.627081794650204,2.4439919999999997,6.9421363188735405,93.21025224454014,0.009853648333803698
xgboost_v2_exog_1_ts7,xgboost_v2_exog_1,XGBoost v2 (Exog. 1) (7 TimeSteps),TREE_BASED,16_20,NEG,AVERAGE,7.0,,243,0.10396433267489708,0.32396100000000017,2.2866901246911415,5.228951726359988,1.3717227933333334,0.6521450000000009,6.893776547525156,7.337457980575138,0.007616577403821828
xgboost_v2_exog_1_ts7,xgboost_v2_exog_1,XGBoost v2 (Exog. 1) (7 TimeSteps),TREE_BASED,16_20,NEG,MARGINAL,7.0,,243,0.14668847901234575,0.8335240000000006,5.507353345958252,30.330940877237555,2.6665826518518516,1.1992058,8.310060732574504,10.025695416690022,-0.06699715560989296
xgboost_v2_exog_1_ts7,xgboost_v2_exog_1,XGBoost v2 (Exog. 1) (7 TimeSteps),TREE_BASED,16_20,POS,AVERAGE,7.0,,243,-4.202990681069958,1.03045,20.458341123055295,418.5437215072954,8.458822742798354,3.054927000000003,10.311987916686528,25.029777784971195,0.3669042742590789
xgboost_v2_exog_1_ts7,xgboost_v2_exog_1,XGBoost v2 (Exog. 1) (7 TimeSteps),TREE_BASED,16_20,POS,MARGINAL,7.0,,243,-8.864348125514404,1.8509700000000002,36.94554293204499,1364.9731425435791,15.335361561728396,5.421099999999996,12.33054462477076,42.04192471997184,0.3836819760288472
xgboost_v2_exog_1_ts7,xgboost_v2_exog_1,XGBoost v2 (Exog. 1) (7 TimeSteps),TREE_BASED,20_24,NEG,AVERAGE,7.0,,243,-0.10939572230452677,0.06359870000000001,0.9420013750339228,0.8873665905658012,0.46210460559670785,0.17603389999999997,1.3264770661982688,1.6583954909882475,0.10763855756982738
xgboost_v2_exog_1_ts7,xgboost_v2_exog_1,XGBoost v2 (Exog. 1) (7 TimeSteps),TREE_BASED,20_24,NEG,MARGINAL,7.0,,243,-0.17905533827160489,0.3325723999999999,2.217805032530732,4.918659162318642,1.1806334559670784,0.5593086,1.8055787402321024,2.883929034999009,0.06377817730138417
xgboost_v2_exog_1_ts7,xgboost_v2_exog_1,XGBoost v2 (Exog. 1) (7 TimeSteps),TREE_BASED,20_24,POS,AVERAGE,7.0,,243,-0.22621574609053494,0.503703999999999,3.2356329946697553,10.46932087619557,2.069651754320988,1.2873969999999986,8.303606214687736,9.226842954023205,0.19504713576353036
xgboost_v2_exog_1_ts7,xgboost_v2_exog_1,XGBoost v2 (Exog. 1) (7 TimeSteps),TREE_BASED,20_24,POS,MARGINAL,7.0,,243,-0.37273994938271604,1.4669379999999999,8.030838675372575,64.49436982985992,4.1130246004115225,2.6003630000000015,9.788031652558733,12.517589622506696,0.0020524432420052003
xgboost_v2_exog_4_ts7,xgboost_v2_exog_4,XGBoost v2 (Exog. 4) (7 TimeSteps),TREE_BASED,00_04,NEG,AVERAGE,7.0,,243,-0.04340716748971199,0.5148997999999998,2.8566530760477353,8.160466796892988,1.5664869320987653,0.8000419999999999,5.242248870392665,6.0107601276809515,0.06354907737688184
xgboost_v2_exog_4_ts7,xgboost_v2_exog_4,XGBoost v2 (Exog. 4) (7 TimeSteps),TREE_BASED,00_04,NEG,MARGINAL,7.0,,243,-0.5540959403292182,0.9564259999999987,6.952927642308336,48.34320279917536,3.408515941152263,1.4064785,7.28273620379486,10.552818794605756,-0.0827680838265423
xgboost_v2_exog_4_ts7,xgboost_v2_exog_4,XGBoost v2 (Exog. 4) (7 TimeSteps),TREE_BASED,00_04,POS,AVERAGE,7.0,,243,-0.03136693786008232,0.08434399999999975,0.9872719110510938,0.9747058263504789,0.35055016008230455,0.2002063999999999,1.3636265502412588,1.7587846020864546,0.28145422516055907
xgboost_v2_exog_4_ts7,xgboost_v2_exog_4,XGBoost v2 (Exog. 4) (7 TimeSteps),TREE_BASED,00_04,POS,MARGINAL,7.0,,243,-0.00708444362139916,0.35556870000000007,2.3900667798889104,5.712419212328545,1.0258138106995884,0.6044910000000003,1.6866836719117,2.8277429559291614,0.10821777930518696
xgboost_v2_exog_4_ts7,xgboost_v2_exog_4,XGBoost v2 (Exog. 4) (7 TimeSteps),TREE_BASED,04_08,NEG,AVERAGE,7.0,,243,0.1085675806584362,0.4058476999999998,1.8036479434567558,3.2531459039357844,1.072106964197531,0.6663977000000001,3.8911527518370437,4.010206119444472,0.18616190269022803
xgboost_v2_exog_4_ts7,xgboost_v2_exog_4,XGBoost v2 (Exog. 4) (7 TimeSteps),TREE_BASED,04_08,NEG,MARGINAL,7.0,,243,-0.4227537489711934,0.9660150000000005,5.757203128469127,33.14538786245471,2.933881460082304,1.6051769999999994,4.91415480852184,7.5686366231957205,0.04073653271558837
xgboost_v2_exog_4_ts7,xgboost_v2_exog_4,XGBoost v2 (Exog. 4) (7 TimeSteps),TREE_BASED,04_08,POS,AVERAGE,7.0,,243,-0.3022590218106996,0.3899600000000003,4.066969476219946,16.540240720504745,1.791412422633745,0.8778932000000004,3.6333568174645023,4.976234471227694,0.03861690182137238
xgboost_v2_exog_4_ts7,xgboost_v2_exog_4,XGBoost v2 (Exog. 4) (7 TimeSteps),TREE_BASED,04_08,POS,MARGINAL,7.0,,243,-1.924616756378601,0.9535963999999995,20.643663134675165,426.16082761794644,4.684202587654321,1.9583910000000007,4.339375915362888,20.651501248561523,0.031163810684973106
xgboost_v2_exog_4_ts7,xgboost_v2_exog_4,XGBoost v2 (Exog. 4) (7 TimeSteps),TREE_BASED,08_12,NEG,AVERAGE,7.0,,243,-1.166669727983539,0.12855550000000004,4.322888418823142,18.687364281595247,2.1219151016460907,0.9504429999999999,8.238733493308569,10.560168636909578,0.39412551888340763
xgboost_v2_exog_4_ts7,xgboost_v2_exog_4,XGBoost v2 (Exog. 4) (7 TimeSteps),TREE_BASED,08_12,NEG,MARGINAL,7.0,,243,-1.5043777670781897,0.9469574000000001,17.606871799492993,310.0019345637816,5.291840481481482,1.814344000000002,12.158388155447668,21.83595049220211,0.006019843045029763
xgboost_v2_exog_4_ts7,xgboost_v2_exog_4,XGBoost v2 (Exog. 4) (7 TimeSteps),TREE_BASED,08_12,POS,AVERAGE,7.0,,243,-0.13273088806584352,0.9408659999999998,7.938445941805546,63.01892397096895,4.250977277366256,1.9771279999999996,8.15674145242511,10.609856851786446,0.13970498666062878
xgboost_v2_exog_4_ts7,xgboost_v2_exog_4,XGBoost v2 (Exog. 4) (7 TimeSteps),TREE_BASED,08_12,POS,MARGINAL,7.0,,243,-1.7001019716049386,2.168333999999998,17.823034003349438,317.66054108455023,8.874575029218107,3.582943,10.642661903839702,19.567373889197142,0.09023829735687264
xgboost_v2_exog_4_ts7,xgboost_v2_exog_4,XGBoost v2 (Exog. 4) (7 TimeSteps),TREE_BASED,12_16,NEG,AVERAGE,7.0,,243,-1.1913684320987654,0.2863520000000004,5.111403402307721,26.126444741122942,3.179523843621399,1.5596899999999998,20.43828821681034,21.6446792443593,0.30189010107032005
xgboost_v2_exog_4_ts7,xgboost_v2_exog_4,XGBoost v2 (Exog. 4) (7 TimeSteps),TREE_BASED,12_16,NEG,MARGINAL,7.0,,243,-3.467539474074074,0.38200920000000016,26.290383364171532,691.1842574351073,7.101451416460907,2.785788,24.90267986125553,35.66762142590697,0.02210092545748401
xgboost_v2_exog_4_ts7,xgboost_v2_exog_4,XGBoost v2 (Exog. 4) (7 TimeSteps),TREE_BASED,12_16,POS,AVERAGE,7.0,,243,-1.2620853078189305,0.6362690000000004,16.070337342635014,258.2557423060894,3.9696904773662545,1.023060000000001,6.817067098012318,16.623209935007917,-0.02144242154960746
xgboost_v2_exog_4_ts7,xgboost_v2_exog_4,XGBoost v2 (Exog. 4) (7 TimeSteps),TREE_BASED,12_16,POS,MARGINAL,7.0,,243,-9.061152248148147,1.5061699999999991,93.21587386248196,8689.199139946146,13.761155788888887,2.3216680000000025,8.317066214467623,93.21025224454014,0.006029121351309625
xgboost_v2_exog_4_ts7,xgboost_v2_exog_4,XGBoost v2 (Exog. 4) (7 TimeSteps),TREE_BASED,16_20,NEG,AVERAGE,7.0,,243,-0.38429287876543217,0.12272699999999936,1.5957907196929768,2.546548021058229,0.8792118918518519,0.3624548999999999,6.569841030079149,7.337457980575138,0.2500879840307131
xgboost_v2_exog_4_ts7,xgboost_v2_exog_4,XGBoost v2 (Exog. 4) (7 TimeSteps),TREE_BASED,16_20,NEG,MARGINAL,7.0,,243,-0.3990622966666666,0.25324389999999997,4.764022380785474,22.695909244624897,1.763583172798354,0.6128679999999997,8.578480329401254,10.025695416690022,-0.03617028867581513
xgboost_v2_exog_4_ts7,xgboost_v2_exog_4,XGBoost v2 (Exog. 4) (7 TimeSteps),TREE_BASED,16_20,POS,AVERAGE,7.0,,243,-3.087111462962963,0.9119460000000004,19.57335528939836,383.11623728501877,7.672966253086421,2.5688129999999987,11.125870877670335,25.029777784971195,0.3485801509147946
xgboost_v2_exog_4_ts7,xgboost_v2_exog_4,XGBoost v2 (Exog. 4) (7 TimeSteps),TREE_BASED,16_20,POS,MARGINAL,7.0,,243,-4.528683080246912,2.1494609999999987,34.09549766441399,1162.5029609840599,14.396747652263373,4.552140000000001,18.252719916292925,42.04192471997184,0.29492061883384507
xgboost_v2_exog_4_ts7,xgboost_v2_exog_4,XGBoost v2 (Exog. 4) (7 TimeSteps),TREE_BASED,20_24,NEG,AVERAGE,7.0,,243,0.03028388765432098,0.14606070000000004,0.6610035762547193,0.43692572782152844,0.3748035436213992,0.21869549999999993,1.456172096432671,1.6583954909882475,0.10632683715072914
xgboost_v2_exog_4_ts7,xgboost_v2_exog_4,XGBoost v2 (Exog. 4) (7 TimeSteps),TREE_BASED,20_24,NEG,MARGINAL,7.0,,243,0.03711921193415637,0.4113833,1.7755553269253124,3.152596718972853,1.0232825699588477,0.5826795000000002,2.077624440621137,2.883929034999009,-0.008868559667758649
xgboost_v2_exog_4_ts7,xgboost_v2_exog_4,XGBoost v2 (Exog. 4) (7 TimeSteps),TREE_BASED,20_24,POS,AVERAGE,7.0,,243,0.24793208230452668,0.6887319999999981,2.9217301722127162,8.536507199218148,1.8953652625514403,1.2852619999999995,8.832925952981093,9.226842954023205,0.18193912894144032
xgboost_v2_exog_4_ts7,xgboost_v2_exog_4,XGBoost v2 (Exog. 4) (7 TimeSteps),TREE_BASED,20_24,POS,MARGINAL,7.0,,243,0.4516480909465019,1.6991780000000007,7.770542901653365,60.3813369864355,3.96597867037037,2.5386430000000004,10.73117396901193,12.517589622506696,0.04632115856547842
