MODEL_BASE,PRODUCT,PRODUCT_SIGN,PRICE_TYPE,LOOKBACK,BASELINE_STRATEGY,COMPARE_STRATEGY,RMSE_SINGLE,RMSE_COMPARE,MAE_SINGLE,MAE_COMPARE,REVENUE_SINGLE,REVENUE_COMPARE,RMSE_IMPROVEMENT_PCT,MAE_IMPROVEMENT_PCT,REVENUE_IMPROVEMENT_PCT
bidirectional_lstm,00_04,NEG,AVERAGE,42.0,single,ensemble,2.7168798121220497,3.02721296695634,1.4532732666666668,1.815154344444444,5.315312727599999,4.6581077432,-11.42241012832662,-24.901103328475447,-12.364370980232877
bidirectional_lstm,00_04,NEG,AVERAGE,42.0,single,recency,2.7168798121220497,3.021777930837544,1.4532732666666668,1.7941706201646088,5.315312727599999,4.5524410348,-11.222363144483388,-23.457209412504298,-14.352338834905307
bidirectional_lstm,00_04,NEG,AVERAGE,168.0,single,ensemble,2.857917653297584,2.928773574656164,1.5656450707818932,1.6524654526748972,4.8670547424,5.2682251476,-2.4792849184028616,-5.545342524512618,8.242570228461794
bidirectional_lstm,00_04,NEG,AVERAGE,168.0,single,recency,2.857917653297584,2.842424679830912,1.5656450707818932,1.6786533473251029,4.8670547424,4.831939246,0.5421070634696484,-7.218000979415636,-0.7214937628312705
bidirectional_lstm,00_04,NEG,MARGINAL,42.0,single,ensemble,7.173788116851449,7.049857716345283,3.85190599218107,3.594376687242798,3.801106298,3.6646587228,1.727544757212014,6.685762982300904,-3.589680595667468
bidirectional_lstm,00_04,NEG,MARGINAL,42.0,single,recency,7.173788116851449,7.195237444881938,3.85190599218107,3.6324480810699593,3.801106298,3.6404091512,-0.2989958398702125,5.697384919481039,-4.227641486494415
bidirectional_lstm,00_04,NEG,MARGINAL,168.0,single,ensemble,6.6001657396086095,6.964589358521462,3.248834266666667,3.3632216238683124,3.7392763344,3.82123968,-5.521431329002706,-3.520873883142332,2.1919574342759005
bidirectional_lstm,00_04,NEG,MARGINAL,168.0,single,recency,6.6001657396086095,6.921801682927303,3.248834266666667,3.626919532098765,3.7392763344,3.2676266160000007,-4.873149493633263,-11.637567028619683,-12.613395647200266
bidirectional_lstm,00_04,POS,AVERAGE,42.0,single,ensemble,1.089059861751312,1.3886474937014854,0.6282638234567902,1.0091394144032924,2.4907813704,1.4736022076000002,-27.508830549351792,-60.62351144951727,-40.837753762252085
bidirectional_lstm,00_04,POS,AVERAGE,42.0,single,recency,1.089059861751312,1.0584933601477378,0.6282638234567902,0.6405538337448561,2.4907813704,2.139380796,2.806687003818181,-1.9561862117803654,-14.108045715131063
bidirectional_lstm,00_04,POS,AVERAGE,168.0,single,ensemble,1.211858950701507,2.3543564662734915,0.7625892967078189,1.8546769802469132,1.8885041728,0.7985114884,-94.27644322060985,-143.2078431016218,-57.717250514936225
bidirectional_lstm,00_04,POS,AVERAGE,168.0,single,recency,1.211858950701507,1.6097606269017652,0.7625892967078189,1.051979027572017,1.8885041728,1.86384874,-32.83399243533462,-37.94830744589846,-1.3055535251184884
bidirectional_lstm,00_04,POS,MARGINAL,42.0,single,ensemble,2.2801135166848465,3.392363368006246,1.1810510465020576,2.671637139506173,1.690430196,0.3718445212,-48.78045953337212,-126.20843928963221,-78.00296503932067
bidirectional_lstm,00_04,POS,MARGINAL,42.0,single,recency,2.2801135166848465,2.5218312848404154,1.1810510465020576,1.639909374074074,1.690430196,0.5894843088,-10.601128688847588,-38.85169306873113,-65.12814843257803
bidirectional_lstm,00_04,POS,MARGINAL,168.0,single,ensemble,2.504745161782159,3.621198836956565,1.5054084218107,2.7836177893004117,0.8073185011999999,0.4010848896,-44.573543536861635,-84.90781298754034,-50.3188779888202
bidirectional_lstm,00_04,POS,MARGINAL,168.0,single,recency,2.504745161782159,2.560874986572607,1.5054084218107,1.6192103419753086,0.8073185011999999,0.622836572,-2.2409395433470247,-7.559537897876776,-22.851195522682268
bidirectional_lstm,04_08,NEG,AVERAGE,42.0,single,ensemble,1.3930447772982,1.3239806822682858,0.7896610823045268,0.799863204526749,5.731239528000001,5.4239925956,4.95777997630941,-1.2919621405740993,-5.360915922270294
bidirectional_lstm,04_08,NEG,AVERAGE,42.0,single,recency,1.3930447772982,1.2336052757938476,0.7896610823045268,0.6694455666666667,5.731239528000001,5.8229781112,11.445396738329123,15.223684987365244,1.6006761321318084
bidirectional_lstm,04_08,NEG,AVERAGE,168.0,single,ensemble,1.2620854184493189,1.3714897870829657,0.6654986345679013,0.9396950082304528,5.7787242148,4.7927630932,-8.66853915229194,-41.20164331224862,-17.06191686868941
bidirectional_lstm,04_08,NEG,AVERAGE,168.0,single,recency,1.2620854184493189,1.3135405209099225,0.6654986345679013,0.7286129888888889,5.7787242148,5.630250007200001,-4.076990487999196,-9.483769168357034,-2.569325028866052
bidirectional_lstm,04_08,NEG,MARGINAL,42.0,single,ensemble,4.864172424049828,4.777431291524398,2.060520518930041,2.0047125613168726,3.7020608948,3.7451201016,1.7832659898435608,2.708439789871526,1.1631144928081045
bidirectional_lstm,04_08,NEG,MARGINAL,42.0,single,recency,4.864172424049828,4.748570917195579,2.060520518930041,1.870406888888889,3.7020608948,3.402309212,2.376591468729252,9.226485652269638,-8.09688687782089
bidirectional_lstm,04_08,NEG,MARGINAL,168.0,single,ensemble,4.612845923782081,4.630062629217984,1.9283380251028803,1.8584940176954727,3.6082425484,2.5514621744,-0.37323391503583786,3.6219794713471614,-29.287952786561068
bidirectional_lstm,04_08,NEG,MARGINAL,168.0,single,recency,4.612845923782081,4.638323771453759,1.9283380251028803,1.897221927983539,3.6082425484,2.4595640192,-0.5523238385293567,1.6136225451282733,-31.83484795691901
bidirectional_lstm,04_08,POS,AVERAGE,42.0,single,ensemble,4.538580488037006,4.128990662229034,2.4067110065843624,2.046859256790124,7.7826934992,7.4602514632,9.024624040216693,14.952013299882863,-4.143064814683304
bidirectional_lstm,04_08,POS,AVERAGE,42.0,single,recency,4.538580488037006,4.008741253097145,2.4067110065843624,1.968405636213992,7.7826934992,6.919432013600001,11.674117851086596,18.21179897259121,-11.092065821283281
bidirectional_lstm,04_08,POS,AVERAGE,168.0,single,ensemble,4.04884205393861,4.162750695758668,1.8800466308641972,2.1956875041152264,6.466335474,7.464240606400001,-2.8133634333611846,-16.788991723356308,15.432313037459963
bidirectional_lstm,04_08,POS,AVERAGE,168.0,single,recency,4.04884205393861,4.170380390603363,1.8800466308641972,2.1605704979423868,6.466335474,7.607770426800001,-3.0018048381641296,-14.921112193331169,17.65196002263586
bidirectional_lstm,04_08,POS,MARGINAL,42.0,single,ensemble,20.569654509958895,20.73716085793697,4.70035629835391,5.259448504115227,4.468203480000001,5.8355102028,-0.8143371970442045,-11.894677132393435,30.600815941354565
bidirectional_lstm,04_08,POS,MARGINAL,42.0,single,recency,20.569654509958895,20.772483756475022,4.70035629835391,5.185502816460906,4.468203480000001,6.116147980399999,-0.9860605408706653,-10.321483889995676,36.881590280664625
bidirectional_lstm,04_08,POS,MARGINAL,168.0,single,ensemble,20.594109208429018,20.60842721519604,4.956558990946503,5.114325686008231,3.893757922,5.9012872976,-0.06952476857393475,-3.1829883463487385,51.55763187683859
bidirectional_lstm,04_08,POS,MARGINAL,168.0,single,recency,20.594109208429018,20.540523834254685,4.956558990946503,5.088419275308643,3.893757922,5.5758702616,0.260197581900752,-2.6603190762581783,43.20022901516168
bidirectional_lstm,08_12,NEG,AVERAGE,42.0,single,ensemble,3.2046873033339764,4.864025171599868,1.823850702057613,2.758669827572016,8.4524105088,8.183844698800002,-51.7784642058403,-51.255243889193814,-3.177387204755239
bidirectional_lstm,08_12,NEG,AVERAGE,42.0,single,recency,3.2046873033339764,3.970945559340088,1.823850702057613,2.125465097942387,8.4524105088,8.679601368,-23.910546754715803,-16.53723057180622,2.687882456294173
bidirectional_lstm,08_12,NEG,AVERAGE,168.0,single,ensemble,3.4729073379976945,4.570586186692925,1.8649088497942383,2.5755839522633748,8.832194736000002,8.1010841236,-31.606914376474478,-38.107766100608494,-8.277790903092264
bidirectional_lstm,08_12,NEG,AVERAGE,168.0,single,recency,3.4729073379976945,3.832496762748471,1.8649088497942383,2.108781370781893,8.832194736000002,8.664288614000002,-10.354132424336374,-13.076913706241577,-1.9010690662833198
bidirectional_lstm,08_12,NEG,MARGINAL,42.0,single,ensemble,16.326751216815833,16.351759090432328,5.428874651440329,5.645306388065843,7.6058425612,7.955328136,-0.15317115624777905,-3.986677728285606,4.594961991230864
bidirectional_lstm,08_12,NEG,MARGINAL,42.0,single,recency,16.326751216815833,16.726220020916394,5.428874651440329,5.91518216872428,7.6058425612,7.6084888196,-2.44671336505162,-8.957796016803025,0.034792442503333076
bidirectional_lstm,08_12,NEG,MARGINAL,168.0,single,ensemble,15.95845299892038,16.961909926932158,4.8988328806584365,6.396474941152262,6.3210166028,7.6067694292,-6.287933599075444,-30.571405413865282,20.340918355291993
bidirectional_lstm,08_12,NEG,MARGINAL,168.0,single,recency,15.95845299892038,15.915412880615566,4.8988328806584365,5.32937688106996,6.3210166028,7.477818481200001,0.269701068817423,-8.78870561417591,18.300883403590106
bidirectional_lstm,08_12,POS,AVERAGE,42.0,single,ensemble,7.269026284816692,7.388297565176306,3.536216150617284,3.5728429222222227,11.8106857628,11.522174932,-1.6408150925075633,-1.0357616741992728,-2.442794911271957
bidirectional_lstm,08_12,POS,AVERAGE,42.0,single,recency,7.269026284816692,7.235902118687973,3.536216150617284,3.406152337037037,11.8106857628,11.791399756,0.4556891780389939,3.678050436977473,-0.163292861966955
bidirectional_lstm,08_12,POS,AVERAGE,168.0,single,ensemble,7.666502044212468,8.52392154932156,3.506134426748971,3.9047810057613166,13.2587241448,12.8112044672,-11.18397282312562,-11.36997417928401,-3.3752846255234568
bidirectional_lstm,08_12,POS,AVERAGE,168.0,single,recency,7.666502044212468,8.047954807078975,3.506134426748971,3.91449307037037,13.2587241448,11.006318603200002,-4.975577658059458,-11.64697623987126,-16.98810169818172
bidirectional_lstm,08_12,POS,MARGINAL,42.0,single,ensemble,16.42812620129535,17.274671847545097,6.909416277777778,7.17672332962963,8.2942325436,11.0818811076,-5.1530261934742025,-3.8687356660152514,33.60948164096275
bidirectional_lstm,08_12,POS,MARGINAL,42.0,single,recency,16.42812620129535,16.623171370614436,6.909416277777778,6.773637788888888,8.2942325436,9.4396653172,-1.1872636412039974,1.9651224275715362,13.809991070045886
bidirectional_lstm,08_12,POS,MARGINAL,168.0,single,ensemble,16.861063420560452,17.04484023922748,6.92575555473251,7.636297190946502,8.530010576799999,8.728939165200002,-1.0899479711518623,-10.259409686044494,2.3321024822765253
bidirectional_lstm,08_12,POS,MARGINAL,168.0,single,recency,16.861063420560452,16.378224894065774,6.92575555473251,7.566352597530864,8.530010576799999,7.422040282,2.863630332508582,-9.249489643922255,-12.989084653815864
bidirectional_lstm,12_16,NEG,AVERAGE,42.0,single,ensemble,6.125675741340247,5.383989189121413,3.61014997037037,2.889693888888889,19.4047761316,18.990045026400004,12.107832401467581,19.95640312437127,-2.1372630242542154
bidirectional_lstm,12_16,NEG,AVERAGE,42.0,single,recency,6.125675741340247,5.34514216056415,3.61014997037037,2.9500886913580247,19.4047761316,18.6520395464,12.74199963782809,18.283486404434022,-3.8791304784711858
bidirectional_lstm,12_16,NEG,AVERAGE,168.0,single,ensemble,5.372996523585457,5.983848008215485,2.818151474074074,3.3606622307407408,19.850395180400003,19.447495439320004,-11.368916431429222,-19.250588964346317,-2.029681209963096
bidirectional_lstm,12_16,NEG,AVERAGE,168.0,single,recency,5.372996523585457,5.487514993389176,2.818151474074074,2.666344544444444,19.850395180400003,19.98015872600001,-2.1313706290526233,5.3867555036056975,0.6537076185170019
bidirectional_lstm,12_16,NEG,MARGINAL,42.0,single,ensemble,27.886766251002477,28.33897484389549,7.892311750205761,8.077157892592592,14.007419830399998,16.7686045368,-1.621588494064835,-2.3421039137488644,19.712300622327778
bidirectional_lstm,12_16,NEG,MARGINAL,42.0,single,recency,27.886766251002477,27.77161870139801,7.892311750205761,7.71903883292181,14.007419830399998,14.427194704,0.41291108681462696,2.195464684722236,2.996803684637004
bidirectional_lstm,12_16,NEG,MARGINAL,168.0,single,ensemble,26.83587521327265,28.917794822926005,7.412594322222223,7.955728448971194,18.331733658,16.80256821,-7.757971719229288,-7.327179974232628,-8.341630292739225
bidirectional_lstm,12_16,NEG,MARGINAL,168.0,single,recency,26.83587521327265,28.43900703362225,7.412594322222223,7.617303444032921,18.331733658,12.4040738816,-5.97383840701686,-2.7616393520552047,-32.33551112506568
bidirectional_lstm,12_16,POS,AVERAGE,42.0,single,ensemble,15.15661437223671,15.261327540825045,3.0535654185185184,3.5381754353909467,9.4262030252,6.601735792399999,-0.6908743998933176,-15.870300794392147,-29.963997436179486
bidirectional_lstm,12_16,POS,AVERAGE,42.0,single,recency,15.15661437223671,15.192203918918484,3.0535654185185184,2.987189098765432,9.4262030252,8.8820257264,-0.23481198246334636,2.1737317088588743,-5.773027563115249
bidirectional_lstm,12_16,POS,AVERAGE,168.0,single,ensemble,15.833498794901551,15.448724716893992,3.706976652674897,3.2103422724279835,7.1325730068,8.3150087212,2.43012667630643,13.397289132871922,16.577968613468062
bidirectional_lstm,12_16,POS,AVERAGE,168.0,single,recency,15.833498794901551,15.36655821526596,3.706976652674897,3.08216438436214,7.1325730068,9.2197271268,2.949067579339753,16.855036512353053,29.26228891046982
bidirectional_lstm,12_16,POS,MARGINAL,42.0,single,ensemble,92.40362352854744,92.24553321082864,12.31948951728395,12.890627293004115,6.4374480488,3.6408626812,0.1710867081635182,-4.636050665239603,-43.442453382149
bidirectional_lstm,12_16,POS,MARGINAL,42.0,single,recency,92.40362352854744,92.273136696936,12.31948951728395,12.605155969958847,6.4374480488,3.5442226112,0.14121397692929452,-2.318817287632855,-44.943670467978755
bidirectional_lstm,12_16,POS,MARGINAL,168.0,single,ensemble,92.85512293092384,92.9707758136774,12.825531509465025,12.775443981481482,5.3727028584,6.330650240400001,-0.12455196773537303,0.3905298423428215,17.829896929853266
bidirectional_lstm,12_16,POS,MARGINAL,168.0,single,recency,92.85512293092384,92.90667071548808,12.825531509465025,12.380588811522632,5.3727028584,6.9853690484,-0.055514206364879,3.4691950007220576,30.015919966217048
bidirectional_lstm,16_20,NEG,AVERAGE,42.0,single,ensemble,1.5822487515581312,1.429256402780828,0.923164761728395,0.8805981738271604,5.65929854928,4.90704714824,9.669298119315481,4.610941585501952,-13.292308127757357
bidirectional_lstm,16_20,NEG,AVERAGE,42.0,single,recency,1.5822487515581312,1.5926262085263223,0.923164761728395,1.016098797201646,5.65929854928,4.50654395288,-0.6558676034960917,-10.066895891829237,-20.36921336384803
bidirectional_lstm,16_20,NEG,AVERAGE,168.0,single,ensemble,1.419971769451854,1.576726732256457,0.8629250869958849,1.0738494460493826,5.04415892064,4.693599825080001,-11.039301356330096,-24.44295133286623,-6.94980275354847
bidirectional_lstm,16_20,NEG,AVERAGE,168.0,single,recency,1.419971769451854,1.46737857338497,0.8629250869958849,0.9357231495884776,5.04415892064,4.7207586656,-3.3385736923077123,-8.436197265515338,-6.411381166376243
bidirectional_lstm,16_20,NEG,MARGINAL,42.0,single,ensemble,3.893987136163868,4.208613060910006,1.859261264403292,2.013851860493827,3.52943504564,3.654725639200001,-8.079788498122497,-8.314624687249061,3.5498767349402125
bidirectional_lstm,16_20,NEG,MARGINAL,42.0,single,recency,3.893987136163868,4.1853469717931615,1.859261264403292,2.221474504320988,3.52943504564,2.8734068631600005,-7.482300928100257,-19.481567590983182,-18.58734256323566
bidirectional_lstm,16_20,NEG,MARGINAL,168.0,single,ensemble,3.904776411615641,3.963404196044242,1.7702605276543208,2.202458474526749,3.98897888372,2.47476162176,-1.5014376816608273,-24.414369530405278,-37.96002200312195
bidirectional_lstm,16_20,NEG,MARGINAL,168.0,single,recency,3.904776411615641,3.9897744601942313,1.7702605276543208,1.9752455564609053,3.98897888372,3.2102879172000005,-2.176771205791559,-11.579370697385391,-19.521060131404262
bidirectional_lstm,16_20,POS,AVERAGE,42.0,single,ensemble,18.46231476388326,19.165763454430028,7.832208868312758,7.872591973251029,17.231367542,17.644215957999997,-3.8101868565413226,-0.5156030133676742,2.395912077168063
bidirectional_lstm,16_20,POS,AVERAGE,42.0,single,recency,18.46231476388326,17.639443664209388,7.832208868312758,7.256635333333333,17.231367542,16.875651484000002,4.4570310397025965,7.348802166245314,-2.064351869536593
bidirectional_lstm,16_20,POS,AVERAGE,168.0,single,ensemble,18.35108983034612,19.44576824286707,7.371541691358023,8.298429080246914,16.668535230000003,16.874379332000004,-5.965195651272696,-12.573860770203888,1.2349261597355146
bidirectional_lstm,16_20,POS,AVERAGE,168.0,single,recency,18.35108983034612,17.27248525367781,7.371541691358023,7.440115660493827,16.668535230000003,15.555787348,5.877605017685015,-0.9302527477555543,-6.675738849549784
bidirectional_lstm,16_20,POS,MARGINAL,42.0,single,ensemble,34.809617586343045,35.06218896409354,13.902317041152264,13.753035236625516,11.288153472,15.703860591999998,-0.7255792946417886,1.0737908226726411,39.118064180763106
bidirectional_lstm,16_20,POS,MARGINAL,42.0,single,recency,34.809617586343045,33.189227521014026,13.902317041152264,13.51421214197531,11.288153472,13.334472797999998,4.655006798939243,2.791656225563867,18.128025377010033
bidirectional_lstm,16_20,POS,MARGINAL,168.0,single,ensemble,34.168396749414214,34.74135500500751,13.402342228395062,13.98883181893004,12.868216698,15.17432734,-1.6768660812366682,-4.3760230901461625,17.920980786393034
bidirectional_lstm,16_20,POS,MARGINAL,168.0,single,recency,34.168396749414214,33.2914695177086,13.402342228395062,14.056875236625514,12.868216698,11.290091058,2.5664863298587433,-4.883721047233938,-12.263747782901998
bidirectional_lstm,20_24,NEG,AVERAGE,42.0,single,ensemble,0.5737068617528142,0.6705151715045546,0.3840573782716049,0.388025733744856,1.7934230975999998,1.83991104836,-16.874176727809655,-1.0332715103951648,2.592135164435625
bidirectional_lstm,20_24,NEG,AVERAGE,42.0,single,recency,0.5737068617528142,0.6142556297516779,0.3840573782716049,0.3461745218106996,1.7934230975999998,1.94193962604,-7.067854805671557,9.86385332092608,8.281176295696666
bidirectional_lstm,20_24,NEG,AVERAGE,168.0,single,ensemble,0.6068173540373276,0.6973774857704893,0.371888884855967,0.496136367201646,1.80971940388,1.49515169904,-14.923787385222177,-33.40984025209578,-17.382125879049177
bidirectional_lstm,20_24,NEG,AVERAGE,168.0,single,recency,0.6068173540373276,0.5803306326099413,0.371888884855967,0.3481517987242798,1.80971940388,1.86644944208,4.364858923556262,6.382843666026905,3.134742219062911
bidirectional_lstm,20_24,NEG,MARGINAL,42.0,single,ensemble,1.7869017071934603,1.800187639475569,1.0323522767407407,0.9928773345679012,1.026786699888,1.12545723432,-0.7435178011540285,3.823786033336085,9.609642824820659
bidirectional_lstm,20_24,NEG,MARGINAL,42.0,single,recency,1.7869017071934603,1.7927814659828378,1.0323522767407407,0.9914782081234568,1.026786699888,1.018312927784,-0.32904768996009154,3.959314038259134,-0.8252709257847151
bidirectional_lstm,20_24,NEG,MARGINAL,168.0,single,ensemble,1.7991018586111345,1.7983921994566416,0.9250249761728394,1.0186785041563786,0.91866420476,1.00334751644,0.03944519044856511,-10.12443235543947,9.218092012426185
bidirectional_lstm,20_24,NEG,MARGINAL,168.0,single,recency,1.7991018586111345,1.7583156897332974,0.9250249761728394,0.8864415957201647,0.91866420476,1.28015517944,2.267029444865508,4.171063641147079,39.349630997589486
bidirectional_lstm,20_24,POS,AVERAGE,42.0,single,ensemble,2.945118377914935,3.410733670690131,2.0498837423868315,2.2009369699588475,9.9507333436,12.201830744400002,-15.809730986257991,-7.36886802156563,22.622427142496367
bidirectional_lstm,20_24,POS,AVERAGE,42.0,single,recency,2.945118377914935,2.620794653212965,2.0498837423868315,1.7219803316872428,9.9507333436,13.0629787656,11.01224749178273,15.996195487544401,31.276543291170594
bidirectional_lstm,20_24,POS,AVERAGE,168.0,single,ensemble,2.5876673894506346,5.416005377449893,1.6510882057613168,3.863813049794239,12.851805387200002,9.8183917224,-109.3006774954844,-134.01614985267457,-23.60301586749196
bidirectional_lstm,20_24,POS,AVERAGE,168.0,single,recency,2.5876673894506346,4.454075198042033,1.6510882057613168,3.000807571193416,12.851805387200002,11.2639944328,-72.12703673587816,-81.74725982066741,-12.354769672916245
bidirectional_lstm,20_24,POS,MARGINAL,42.0,single,ensemble,5.134470344347236,6.366535084000311,2.928629844444444,4.046394775308642,8.1921040868,8.7146158088,-23.995946164330448,-38.16682169597419,6.378235877665742
bidirectional_lstm,20_24,POS,MARGINAL,42.0,single,recency,5.134470344347236,5.734393240867755,2.928629844444444,3.366796822222222,8.1921040868,8.4845537792,-11.684221668180438,-14.961500805879332,3.5698971753938817
bidirectional_lstm,20_24,POS,MARGINAL,168.0,single,ensemble,5.311952628306451,8.052670489115608,2.967475540329218,5.578015102057614,10.219186688000002,7.893635482800001,-51.59529936702293,-87.97172971605275,-22.756715149658703
bidirectional_lstm,20_24,POS,MARGINAL,168.0,single,recency,5.311952628306451,6.758601637080763,2.967475540329218,4.31285494526749,10.219186688000002,8.882648776,-27.233846195566137,-45.33750612781841,-13.078711181286545
lstm,00_04,NEG,AVERAGE,42.0,single,ensemble,2.924727419843662,2.9758560092691315,1.5881832267489708,1.5614393761316872,4.955004720400001,5.3417598008,-1.7481488729025774,1.6839272803572325,7.8053423200125245
lstm,00_04,NEG,AVERAGE,42.0,single,recency,2.924727419843662,2.98144570563613,1.5881832267489708,1.6491672292181072,4.955004720400001,4.8370860376,-1.9392674136962746,-3.8398593715141627,-2.379789514922637
lstm,00_04,NEG,AVERAGE,168.0,single,ensemble,2.792406678731674,2.961905284111644,1.5496979316872432,1.5429934522633746,5.0020493872,5.635549698799999,-6.069982809844777,0.43263137200996993,12.664815209963662
lstm,00_04,NEG,AVERAGE,168.0,single,recency,2.792406678731674,2.89509370414888,1.5496979316872432,1.5913577465020576,5.0020493872,5.1864221312000005,-3.6773664165509956,-2.688253882449015,3.6859440946705115
lstm,00_04,NEG,MARGINAL,42.0,single,ensemble,6.832961436496509,6.928862797994716,3.412589585596709,3.664477521399177,3.68182091,3.6327266372000007,-1.4035109430879331,-7.381137681061757,-1.3334237052828088
lstm,00_04,NEG,MARGINAL,42.0,single,recency,6.832961436496509,6.885816317462088,3.412589585596709,3.670799500823045,3.68182091,3.3351200392,-0.7735281613513562,-7.566392288019205,-9.416559883679945
lstm,00_04,NEG,MARGINAL,168.0,single,ensemble,7.069956990553943,7.234690365005315,3.453649833744856,3.407787533333334,3.4476791120000003,3.5403002728,-2.330047759434319,1.3279371858551339,2.6864785785203265
lstm,00_04,NEG,MARGINAL,168.0,single,recency,7.069956990553943,6.9570564911088,3.453649833744856,3.5040807333333337,3.4476791120000003,3.2841436208,1.5969050391110917,-1.4602204049677718,-4.743350117207782
lstm,00_04,POS,AVERAGE,42.0,single,ensemble,0.8727356995385472,1.788614144631406,0.4993439534979424,1.4407067847736628,2.8879278844000003,1.0315669028000003,-104.94339186275101,-188.5199219258393,-64.2800324629879
lstm,00_04,POS,AVERAGE,42.0,single,recency,0.8727356995385472,1.1086066574343865,0.4993439534979424,0.7168295502057612,2.8879278844000003,2.1180667612,-27.02661963072604,-43.55426659005594,-26.657906776641948
lstm,00_04,POS,AVERAGE,168.0,single,ensemble,1.1988230279026886,1.953102349987152,0.7288982860082305,1.5781000600823043,2.3954933292000007,0.9299569524,-62.91832109732298,-116.50483892954098,-61.17889617707395
lstm,00_04,POS,AVERAGE,168.0,single,recency,1.1988230279026886,1.2752194043156642,0.7288982860082305,0.8530878790123456,2.3954933292000007,1.9898719128,-6.3726150261418635,-17.03798669691382,-16.93268820479087
lstm,00_04,POS,MARGINAL,42.0,single,ensemble,2.698180228560408,4.170467106450562,1.710374314814815,3.565407708641976,0.687512072,0.4249391036,-54.565920478769506,-108.45774388444373,-38.1917611477228
lstm,00_04,POS,MARGINAL,42.0,single,recency,2.698180228560408,2.704894440426298,1.710374314814815,1.9928137769547325,0.687512072,0.5252285812,-0.24884223058265242,-16.513312886746533,-23.604456911994404
lstm,00_04,POS,MARGINAL,168.0,single,ensemble,2.168868885374506,4.74954984430752,1.1174953625514406,4.045256163786008,1.4965896152,0.3757298656,-118.98741211769466,-261.99310523758857,-74.89426214214453
lstm,00_04,POS,MARGINAL,168.0,single,recency,2.168868885374506,3.006865748827075,1.1174953625514406,2.235298686831276,1.4965896152,0.4757494944,-38.637506817654824,-100.02755821086289,-68.21109210112873
lstm,04_08,NEG,AVERAGE,42.0,single,ensemble,1.2828869922432586,1.2887524684704752,0.7273087757201647,0.7636426740740743,5.524831678000001,5.3758957052000005,-0.457209112157274,-4.995663405536739,-2.6957558434416495
lstm,04_08,NEG,AVERAGE,42.0,single,recency,1.2828869922432586,1.2291881086350638,0.7273087757201647,0.6642668580246914,5.524831678000001,5.6904181904,4.185784401344415,8.667834047932477,2.9971322576100947
lstm,04_08,NEG,AVERAGE,168.0,single,ensemble,1.4200978148988912,1.2359127055471788,0.8099964082304526,0.7082078395061727,5.5146751768,5.6048822976,12.96988893436373,12.566545689585324,1.6357648983479058
lstm,04_08,NEG,AVERAGE,168.0,single,recency,1.4200978148988912,1.2358082410918003,0.8099964082304526,0.6390415818930041,5.5146751768,5.7745762128,12.977245079432222,21.105627704068787,4.71289836060323
lstm,04_08,NEG,MARGINAL,42.0,single,ensemble,4.624151649208637,4.64891246247407,1.946676262962963,1.972185140329218,3.30662796,2.5798758636000003,-0.5354671547086899,-1.310381076277622,-21.97864728634303
lstm,04_08,NEG,MARGINAL,42.0,single,recency,4.624151649208637,4.643529685923955,1.946676262962963,1.9762358835390947,3.30662796,2.3410024956,-0.41906144489517044,-1.518466174295469,-29.202724832702376
lstm,04_08,NEG,MARGINAL,168.0,single,ensemble,4.71934725146008,5.003202915775354,1.8890573197530864,2.208911719341564,3.3224894944,3.761610551600001,-6.014722994317786,-16.931958402950155,13.2166274096617
lstm,04_08,NEG,MARGINAL,168.0,single,recency,4.71934725146008,4.681435304864794,1.8890573197530864,1.8673949744855969,3.3224894944,3.4557778584,0.8033303034345839,1.1467277906803264,4.011701593779455
lstm,04_08,POS,AVERAGE,42.0,single,ensemble,4.053976647310631,4.010447676786607,2.02971902962963,1.8588756164609053,5.985780200400001,7.199283332,1.073735107795965,8.417096685539725,20.273098760273676
lstm,04_08,POS,AVERAGE,42.0,single,recency,4.053976647310631,3.965547740983428,2.02971902962963,1.7696272786008231,5.985780200400001,7.49253985,2.181288004849913,12.814175126311284,25.17231838047294
lstm,04_08,POS,AVERAGE,168.0,single,ensemble,4.186935966262681,4.108551413569608,2.033529458436214,2.051574552263374,7.658025324,7.2893923112,1.8721220798377676,-0.8873780388230433,-4.813682342427303
lstm,04_08,POS,AVERAGE,168.0,single,recency,4.186935966262681,4.1303157325737,2.033529458436214,2.0897505913580248,7.658025324,7.380283248400001,1.3523071321179236,-2.7647070805182654,-3.6268106182616515
lstm,04_08,POS,MARGINAL,42.0,single,ensemble,20.62986544067053,20.575950514719388,4.933904830041152,4.913398519341564,4.6719947436,5.1388405092000005,0.26134405047962156,0.4156203130374716,9.992429170420534
lstm,04_08,POS,MARGINAL,42.0,single,recency,20.62986544067053,20.584200163775897,4.933904830041152,4.9449537732510285,4.6719947436,5.548795038000001,0.2213551854032383,-0.22393912307757247,18.76715070369243
lstm,04_08,POS,MARGINAL,168.0,single,ensemble,20.63630059200994,20.57900435654233,4.937603810288065,4.943879849382715,5.681916103199999,4.913628800000001,0.27764780422800894,-0.12710698014233263,-13.521623502453803
lstm,04_08,POS,MARGINAL,168.0,single,recency,20.63630059200994,20.628847344280697,4.937603810288065,4.855315251028807,5.681916103199999,5.856543796,0.03611716981931965,1.6665686924455323,3.073394425898912
lstm,08_12,NEG,AVERAGE,42.0,single,ensemble,3.579282731088413,4.477903121883897,1.9074397695473253,2.565332934979424,8.8508278484,7.9828171008,-25.106158364925406,-34.490901151139894,-9.80711366741715
lstm,08_12,NEG,AVERAGE,42.0,single,recency,3.579282731088413,3.636999565363825,1.9074397695473253,1.982699200411523,8.8508278484,8.786003812,-1.6125251513132364,-3.945573121926583,-0.7324064766632845
lstm,08_12,NEG,AVERAGE,168.0,single,ensemble,3.1498217412092138,4.413463105718459,1.9636882030452676,2.5277786839506176,7.125284335440001,8.084957381199999,-40.11786914722782,-28.72607168646042,13.46855789300563
lstm,08_12,NEG,AVERAGE,168.0,single,recency,3.1498217412092138,3.6438791049056887,1.9636882030452676,2.01595333127572,7.125284335440001,8.723085186,-15.68524838192293,-2.66157978386793,22.42438021192781
lstm,08_12,NEG,MARGINAL,42.0,single,ensemble,14.84347809346495,15.59786778558797,4.850111836213992,5.422854049382716,6.26776679,8.0109970636,-5.082297338756141,-11.808845496969141,27.81262181581584
lstm,08_12,NEG,MARGINAL,42.0,single,recency,14.84347809346495,14.816459224429368,4.850111836213992,4.894203651028806,6.26776679,6.0263481608000005,0.18202518887725158,-0.909088621124083,-3.851748753402472
lstm,08_12,NEG,MARGINAL,168.0,single,ensemble,15.356229288907446,17.344161056236093,4.930920291358024,6.327026695061728,6.639188140800001,7.7369620964,-12.94544207388611,-28.313303018719093,16.534761966659993
lstm,08_12,NEG,MARGINAL,168.0,single,recency,15.356229288907446,15.864249821702836,4.930920291358024,5.340072704526749,6.639188140800001,8.1451479876,-3.308237479641947,-8.29768864619063,22.682891565391543
lstm,08_12,POS,AVERAGE,42.0,single,ensemble,7.616890897068688,8.303232272659788,3.8006185946502056,3.682653613991769,10.852261423600002,13.7913833188,-9.010781234312196,3.103836328761988,27.083036249093674
lstm,08_12,POS,AVERAGE,42.0,single,recency,7.616890897068688,7.571533632942006,3.8006185946502056,3.221320476131688,10.852261423600002,13.614302184,0.5954826547947254,15.242206080187696,25.451292155508643
lstm,08_12,POS,AVERAGE,168.0,single,ensemble,8.474419080840763,8.533418540676323,5.357201993415639,3.964997881893003,7.457288829199999,12.289557559600002,-0.6962065396193085,25.98752321144039,64.79927009771457
lstm,08_12,POS,AVERAGE,168.0,single,recency,8.474419080840763,8.143267120366627,5.357201993415639,4.057865873251029,7.457288829199999,10.5493539096,3.907665614777241,24.254006508650995,41.46366261546171
lstm,08_12,POS,MARGINAL,42.0,single,ensemble,16.24777687878663,17.91901011033613,6.916389790946503,7.624457971193417,7.097161974,12.587097556000002,-10.285919384648189,-10.237540127853546,77.35395644219521
lstm,08_12,POS,MARGINAL,42.0,single,recency,16.24777687878663,16.347374083546455,6.916389790946503,6.776745214814814,7.097161974,8.895060964799999,-0.6129897370135612,2.019038549771765,25.33264701279875
lstm,08_12,POS,MARGINAL,168.0,single,ensemble,16.31235906766992,17.953407851550725,6.942866832510289,7.638595746090535,7.709138032000001,10.3248771384,-10.060156088234114,-10.020772835832942,33.930370626940125
lstm,08_12,POS,MARGINAL,168.0,single,recency,16.31235906766992,16.864310619538852,6.942866832510289,7.206399608641975,7.709138032000001,8.313041166,-3.3836402790008795,-3.795734276476144,7.833601259871674
lstm,12_16,NEG,AVERAGE,42.0,single,ensemble,5.7045801420049695,6.096367314551755,3.203681630452675,3.466625066255144,19.5121064504,19.404545382,-6.867940545911684,-8.207539516506692,-0.5512529806734298
lstm,12_16,NEG,AVERAGE,42.0,single,recency,5.7045801420049695,5.319017375865263,3.203681630452675,2.8017220679012347,19.5121064504,19.6702429092,6.758828109025288,12.546801115647813,0.810453034386536
lstm,12_16,NEG,AVERAGE,168.0,single,ensemble,5.255517333600154,6.883259895720466,2.826533441399177,4.051317532921811,19.60503547096,18.6234829416,-30.972071040726057,-43.3316681693441,-5.006634804685401
lstm,12_16,NEG,AVERAGE,168.0,single,recency,5.255517333600154,5.543322712118918,2.826533441399177,2.864083449794239,19.60503547096,19.6256481416,-5.4762521032655584,-1.3284827218061896,0.10513967531724723
lstm,12_16,NEG,MARGINAL,42.0,single,ensemble,27.81009377802105,30.564173122248057,7.462296813991769,8.256358411522633,14.938040052,11.39665535,-9.903164535186216,-10.64098115263926,-23.70715763026661
lstm,12_16,NEG,MARGINAL,42.0,single,recency,27.81009377802105,28.71732354639027,7.462296813991769,7.655626842798354,14.938040052,13.3728131312,-3.2622319637275883,-2.5907576933162373,-10.478127755390762
lstm,12_16,NEG,MARGINAL,168.0,single,ensemble,27.9053454461,28.526525743089287,7.649315682716049,10.548128199176956,15.3783121948,18.073728774800003,-2.2260261862341584,-37.89636402392042,17.527388869835974
lstm,12_16,NEG,MARGINAL,168.0,single,recency,27.9053454461,27.9332371341805,7.649315682716049,7.629031554320989,15.3783121948,15.1000818296,-0.09995105824572204,0.26517572599197275,-1.8092386321437752
lstm,12_16,POS,AVERAGE,42.0,single,ensemble,15.411463671429884,15.33070697364382,3.2993234094650203,3.1817186596707816,8.653832888,7.804533296400001,0.5240040758475869,3.5645111193663843,-9.814143658559628
lstm,12_16,POS,AVERAGE,42.0,single,recency,15.411463671429884,15.257238175517362,3.2993234094650203,3.006528242798354,8.653832888,8.965768058,1.000719329458815,8.874400303610805,3.6045897122944295
lstm,12_16,POS,AVERAGE,168.0,single,ensemble,15.82538326321838,15.594314013531234,3.676505355967079,3.0819172806584354,8.7911396632,9.128189282,1.4601178742015186,16.17264270657485,3.833969561545028
lstm,12_16,POS,AVERAGE,168.0,single,recency,15.82538326321838,15.625495203410182,3.676505355967079,3.2027236222222224,8.7911396632,9.1591562864,1.2630851113273323,12.886741290228088,4.186222006465562
lstm,12_16,POS,MARGINAL,42.0,single,ensemble,92.24428604947792,92.72718736229058,12.537896558847738,12.415173334567902,4.1396359700000005,4.5484896216,-0.523502683465553,0.9788182866545736,9.876560513121625
lstm,12_16,POS,MARGINAL,42.0,single,recency,92.24428604947792,92.42497181534902,12.537896558847738,12.113386866255144,4.1396359700000005,4.2152562568,-0.19587746147678758,3.3858126887561992,1.826737600794389
lstm,12_16,POS,MARGINAL,168.0,single,ensemble,92.91657691297485,92.93106767533996,12.465988807407406,12.654632233744856,7.4889707424,4.3905342504,-0.015595454381283938,-1.513264846069459,-41.37332884020642
lstm,12_16,POS,MARGINAL,168.0,single,recency,92.91657691297485,92.82427543707638,12.465988807407406,12.209143825514404,7.4889707424,4.541370666800001,0.09933800723730432,2.060365895245967,-39.359214730426075
lstm,16_20,NEG,AVERAGE,42.0,single,ensemble,1.4210930084891455,1.6335644648025376,0.8649418970781892,0.8906174746090535,5.108427560280001,5.786120030279999,-14.951270257763353,-2.96847425446697,13.26616580157306
lstm,16_20,NEG,AVERAGE,42.0,single,recency,1.4210930084891455,1.3856927877441427,0.8649418970781892,0.7293202383127573,5.108427560280001,6.168159044799999,2.4910558656986885,15.679857713398754,20.744768757412174
lstm,16_20,NEG,AVERAGE,168.0,single,ensemble,1.5155245894568072,1.4427203985207275,0.845132423415638,0.8755302083127572,5.65386100452,5.37439001472,4.803893743629333,-3.5968073233145264,-4.943011325828066
lstm,16_20,NEG,AVERAGE,168.0,single,recency,1.5155245894568072,1.31083361884793,0.845132423415638,0.7529584038271605,5.65386100452,5.34241162932,13.50627842219587,10.906458802746242,-5.508613935698298
lstm,16_20,NEG,MARGINAL,42.0,single,ensemble,4.187035162852297,4.064162468717401,1.9766013706995884,1.8825324315226335,1.91892140492,3.02381552804,2.9345990505413373,4.759125465124039,57.57891491997105
lstm,16_20,NEG,MARGINAL,42.0,single,recency,4.187035162852297,3.920338614726264,1.9766013706995884,1.718884598271605,1.91892140492,3.3779976412400003,6.369579851924464,13.038378716532431,76.03626873820969
lstm,16_20,NEG,MARGINAL,168.0,single,ensemble,4.597339312876352,4.481667262885651,1.873778367983539,2.10972631909465,4.01433330036,4.7910173292,2.516065100235781,-12.59209494263859,19.347771366427104
lstm,16_20,NEG,MARGINAL,168.0,single,recency,4.597339312876352,4.20551782548822,1.873778367983539,1.800814165020576,4.01433330036,4.09639631792,8.522788089421802,3.8939612181286476,2.044250225875391
lstm,16_20,POS,AVERAGE,42.0,single,ensemble,17.775530128746663,19.7795591146074,8.280455325102881,8.09534629218107,13.896306638000002,18.528417648,-11.274088431375752,2.23549340771924,33.333396640322455
lstm,16_20,POS,AVERAGE,42.0,single,recency,17.775530128746663,19.408411015859937,8.280455325102881,7.583326899176955,13.896306638000002,17.631238864,-9.18611639307776,8.418962467106423,26.877157530380607
lstm,16_20,POS,AVERAGE,168.0,single,ensemble,16.807963738672616,19.815551208361825,7.929032835390947,7.992970181069958,13.730316173999997,17.562479105999998,-17.89382412081958,-0.8063700454566021,27.910230787377365
lstm,16_20,POS,AVERAGE,168.0,single,recency,16.807963738672616,18.029619332318266,7.929032835390947,7.256146384773661,13.730316173999997,16.338646096,-7.26831407206575,8.486362266200763,18.99686714381123
lstm,16_20,POS,MARGINAL,42.0,single,ensemble,35.70476209461442,38.13630942161908,14.168379613168725,15.50356416872428,12.55893099,17.926709336000002,-6.810148519016246,-9.423692701701578,42.74072650191385
lstm,16_20,POS,MARGINAL,42.0,single,recency,35.70476209461442,33.873844394699006,14.168379613168725,13.026895757201643,12.55893099,11.944625524,5.127936982365684,8.05655895121652,-4.891383402688807
lstm,16_20,POS,MARGINAL,168.0,single,ensemble,32.799110363810506,37.02529514085641,13.816497446502057,15.210902061728394,11.458620796,17.318400382,-12.885059168278353,-10.092316237349724,51.138611621090945
lstm,16_20,POS,MARGINAL,168.0,single,recency,32.799110363810506,33.157961591851155,13.816497446502057,13.486326763374484,11.458620796,13.414587604,-1.0940882970917225,2.389684392922338,17.069827537034758
lstm,20_24,NEG,AVERAGE,42.0,single,ensemble,0.6535699482657467,0.7187652177318287,0.4218579657201646,0.5452485036213992,1.76004064148,1.36411342096,-9.975255080053511,-29.249308517996443,-22.495345345381846
lstm,20_24,NEG,AVERAGE,42.0,single,recency,0.6535699482657467,0.6218791750987109,0.4218579657201646,0.4070938438683128,1.76004064148,1.6631085813200002,4.848872450627122,3.4997850109686945,-5.507376243226448
lstm,20_24,NEG,AVERAGE,168.0,single,ensemble,0.5985022757938684,0.6980587910907886,0.3601490183127572,0.5164081953086419,1.83582822592,1.44048971852,-16.63427514371035,-43.38736718704245,-21.534613196279924
lstm,20_24,NEG,AVERAGE,168.0,single,recency,0.5985022757938684,0.5929919832548471,0.3601490183127572,0.3568708779012345,1.83582822592,1.83119016024,0.9206802984520408,0.910217783427614,-0.25264159328826763
lstm,20_24,NEG,MARGINAL,42.0,single,ensemble,1.6722538447923312,1.7878887663735792,0.9784799969958848,1.0077955532921812,0.95442121028,0.8833656711600002,-6.914914379856493,-2.996030208721746,-7.444882652927859
lstm,20_24,NEG,MARGINAL,42.0,single,recency,1.6722538447923312,1.7316115110115264,0.9784799969958848,0.994073159382716,0.95442121028,0.87099395124,-3.5495607562239795,-1.59361074674036,-8.741136318159239
lstm,20_24,NEG,MARGINAL,168.0,single,ensemble,1.775948450583975,1.9981938490687543,0.9413340220164608,1.4107719861728396,0.94680893424,0.7236662592,-12.51418071350548,-49.86943562825672,-23.567867493679255
lstm,20_24,NEG,MARGINAL,168.0,single,recency,1.775948450583975,1.794568997380538,0.9413340220164608,1.0143619506584365,0.94680893424,0.75654886272,-1.0484846443848137,-7.7579187550812545,-20.094874967854107
lstm,20_24,POS,AVERAGE,42.0,single,ensemble,1.952591762179141,3.2904251259661383,1.2955440740740738,2.180459390123457,11.110054794799998,12.180100838,-68.51577424939772,-68.30453195363754,9.631330024590254
lstm,20_24,POS,AVERAGE,42.0,single,recency,1.952591762179141,2.1128494784027523,1.2955440740740738,1.305657278600823,11.110054794799998,13.198848561199998,-8.207435846434155,-0.7806144714896747,18.800931273333134
lstm,20_24,POS,AVERAGE,168.0,single,ensemble,3.944716794172131,5.696272633100364,2.6605820539094647,3.8557013917695473,10.249333791200002,10.1552066324,-44.40257514851147,-44.91946926064437,-0.9183734349721134
lstm,20_24,POS,AVERAGE,168.0,single,recency,3.944716794172131,4.662605164111654,2.6605820539094647,3.152326260493828,10.249333791200002,10.824018430000002,-18.198730286547352,-18.48258000018429,5.6070438382387415
lstm,20_24,POS,MARGINAL,42.0,single,ensemble,5.649789639574888,7.5953655469812285,3.738514262551441,4.9107588115226335,8.598183800400001,8.8041953992,-34.436253940823406,-31.35589345514936,2.395989706458871
lstm,20_24,POS,MARGINAL,42.0,single,recency,5.649789639574888,5.595048536386774,3.738514262551441,3.464803779835392,8.598183800400001,8.909468815599999,0.9689051571879924,7.321370563108361,3.6203577688757482
lstm,20_24,POS,MARGINAL,168.0,single,ensemble,5.645566129917598,8.527687613868748,3.440937248148149,5.699628503292181,9.1796357616,8.1259933032,-51.05106233151532,-65.64174503210192,-11.478042111513496
lstm,20_24,POS,MARGINAL,168.0,single,recency,5.645566129917598,6.892309079488426,3.440937248148149,4.495277086008231,9.1796357616,8.776266268399999,-22.083577109547115,-30.641065553506074,-4.3941775433766725
lstm_features_1,00_04,NEG,AVERAGE,42.0,single,ensemble,2.8174549796446904,3.37005047585958,1.4342590358024692,1.5963827999999998,5.470689492400001,5.9532555812000005,-19.613285756373568,-11.303659949182206,8.820937278023013
lstm_features_1,00_04,NEG,AVERAGE,42.0,single,recency,2.8174549796446904,2.9307482149232977,1.4342590358024692,1.4354851320987654,5.470689492400001,5.801754674,-4.021119630912249,-0.08548639162731282,6.051617114440906
lstm_features_1,00_04,NEG,AVERAGE,168.0,single,ensemble,2.776543322078813,3.916654062102188,1.5394103950617282,2.2128069456790125,5.110132130799999,5.3098935192,-41.0622348643841,-43.74379650660226,3.909123742534769
lstm_features_1,00_04,NEG,AVERAGE,168.0,single,recency,2.776543322078813,3.4164088471812946,1.5394103950617282,1.8224941913580244,5.110132130799999,5.557394680000001,-23.045400372986457,-18.38910515379136,8.752465450046625
lstm_features_1,00_04,NEG,MARGINAL,42.0,single,ensemble,7.111045389896334,7.3434183543089455,3.31548445925926,3.4988362427983546,3.6904255032,4.3884856428,-3.267775012978779,-5.530165675397516,18.915437772546984
lstm_features_1,00_04,NEG,MARGINAL,42.0,single,recency,7.111045389896334,7.16397908198415,3.31548445925926,3.408315046502058,3.6904255032,3.6331938988,-0.7443869246429816,-2.799910190607203,-1.550813160985747
lstm_features_1,00_04,NEG,MARGINAL,168.0,single,ensemble,6.799486339204482,7.591305334103642,3.363293510288065,3.286557179835391,3.6421969596,4.8681470396,-11.645276648821092,2.281582925128088,33.65963163438143
lstm_features_1,00_04,NEG,MARGINAL,168.0,single,recency,6.799486339204482,6.930392073126996,3.363293510288065,3.294833022633745,3.6421969596,3.5732608824,-1.9252297510730745,2.035519274333461,-1.8927059125207462
lstm_features_1,00_04,POS,AVERAGE,42.0,single,ensemble,1.8996955007684997,2.1429751632096603,1.2968909341563783,1.6146449810699588,1.6486613156000005,1.0349792564,-12.806245124165672,-24.501215834335213,-37.223052023675464
lstm_features_1,00_04,POS,AVERAGE,42.0,single,recency,1.8996955007684997,1.686203864292405,1.2968909341563783,1.1736595477366254,1.6486613156000005,1.6145251392,11.238202985148359,9.502062445976955,-2.0705390535337034
lstm_features_1,00_04,POS,AVERAGE,168.0,single,ensemble,1.032317143792971,1.466254675486151,0.5342160773662552,1.0612617456790123,2.4159455884,1.3509645048,-42.035292574798625,-98.65776988801068,-44.08133563576245
lstm_features_1,00_04,POS,AVERAGE,168.0,single,recency,1.032317143792971,1.023138437055531,0.5342160773662552,0.525063372016461,2.4159455884,2.6415408292,0.8891363272061288,1.7132964988470647,9.337761656685501
lstm_features_1,00_04,POS,MARGINAL,42.0,single,ensemble,2.547532101434382,4.361695247469244,1.5443166279835392,3.638217809053498,0.917539122,0.4151450007999999,-71.212572552605,-135.58755653651343,-54.75451772616624
lstm_features_1,00_04,POS,MARGINAL,42.0,single,recency,2.547532101434382,2.987527557798156,1.5443166279835392,2.1816301617283957,0.917539122,0.4407742844,-17.271439135783044,-41.26832038174814,-51.9612544215853
lstm_features_1,00_04,POS,MARGINAL,168.0,single,ensemble,2.251077490323397,4.271754844041389,1.2993806106995889,3.612939820576132,0.904380618,0.4151261804,-89.76489536251793,-178.05092602012266,-54.09828869198522
lstm_features_1,00_04,POS,MARGINAL,168.0,single,recency,2.251077490323397,2.8421022407387726,1.2993806106995889,2.045365410699588,0.904380618,0.4628744999999999,-26.255193477611787,-57.41079971928775,-48.81861787091064
lstm_features_1,04_08,NEG,AVERAGE,42.0,single,ensemble,1.2748168944363092,1.891454218568713,0.7098945563786009,1.038816633744856,5.7089437404000005,5.183730350799999,-48.37065831364471,-46.33393430204507,-9.199834741464832
lstm_features_1,04_08,NEG,AVERAGE,42.0,single,recency,1.2748168944363092,1.3146279382938229,0.7098945563786009,0.6789763423868311,5.7089437404000005,5.7348263872,-3.1228832965158553,4.355324845635308,0.4533701500128295
lstm_features_1,04_08,NEG,AVERAGE,168.0,single,ensemble,1.235536929583953,1.7223428683973714,0.6380829530864197,1.039154618106996,5.745597930800001,4.9480840988,-39.40035519434797,-62.855724805150295,-13.880432317145402
lstm_features_1,04_08,NEG,AVERAGE,168.0,single,recency,1.235536929583953,1.481129927472392,0.6380829530864197,0.8478236148148147,5.745597930800001,5.263219101200001,-19.877430775876405,-32.87043803848314,-8.395624535684052
lstm_features_1,04_08,NEG,MARGINAL,42.0,single,ensemble,4.65072783918925,4.783046408441944,2.020613071604938,1.9394645658436211,3.0974616784,3.2687407468000007,-2.8451152986789343,4.016033890984481,5.529658997701468
lstm_features_1,04_08,NEG,MARGINAL,42.0,single,recency,4.65072783918925,4.704784599911648,2.020613071604938,1.93454303744856,3.0974616784,3.1955344372,-1.162329050237901,4.259599988037992,3.166229932202408
lstm_features_1,04_08,NEG,MARGINAL,168.0,single,ensemble,4.673266257832974,5.205563261004705,1.9703947847736625,2.272947604938272,3.2364353344000003,4.179895510400001,-11.390256274817112,-15.35493407222775,29.151213558076776
lstm_features_1,04_08,NEG,MARGINAL,168.0,single,recency,4.673266257832974,4.717786930979716,1.9703947847736625,1.8685699271604936,3.2364353344000003,3.912524051200001,-0.9526671644723874,5.167738891719883,20.889918905960165
lstm_features_1,04_08,POS,AVERAGE,42.0,single,ensemble,5.590102919090512,4.410606063714863,2.9454996139917697,2.292265091358025,6.18119142,6.6669911396,21.09973416316901,22.17737593754001,7.859321716330217
lstm_features_1,04_08,POS,AVERAGE,42.0,single,recency,5.590102919090512,4.4839491176789625,2.9454996139917697,2.312030155967078,6.18119142,7.098165132399999,19.787717997712935,21.506350060803705,14.834902369032262
lstm_features_1,04_08,POS,AVERAGE,168.0,single,ensemble,4.011269026048587,4.159476213539061,1.775564408230453,2.1276335106995883,7.235134726,7.667594492,-3.694770570810347,-19.82857399242483,5.977217873302668
lstm_features_1,04_08,POS,AVERAGE,168.0,single,recency,4.011269026048587,4.079444509800648,1.775564408230453,2.000884910288066,7.235134726,7.962669045200001,-1.6995988877669417,-12.69007764591147,10.055573900863958
lstm_features_1,04_08,POS,MARGINAL,42.0,single,ensemble,20.902095783126477,20.65618339319849,5.095855813580246,5.083031573251029,6.2240469772,5.6610415788,1.176496330700502,0.25166018816782587,-9.045648280972305
lstm_features_1,04_08,POS,MARGINAL,42.0,single,recency,20.902095783126477,20.646750860639663,5.095855813580246,5.104536243209876,6.2240469772,5.754870348799999,1.2216235402238664,-0.17034292074153048,-7.538128007688479
lstm_features_1,04_08,POS,MARGINAL,168.0,single,ensemble,20.53256127771249,20.639168211234107,5.201114136625513,5.049623109053498,5.599122191599999,5.2233190768,-0.51920913362785,2.9126649327926963,-6.711821995308341
lstm_features_1,04_08,POS,MARGINAL,168.0,single,recency,20.53256127771249,20.65416474693546,5.201114136625513,5.018281990946502,5.599122191599999,5.551775402,-0.592246956325751,3.515249634526056,-0.845610936496993
lstm_features_1,08_12,NEG,AVERAGE,42.0,single,ensemble,3.0055964809508176,5.311694556154654,1.6620530395061732,3.0166722584362136,8.6335349972,7.895698104,-76.72680247730077,-81.50276716394819,-8.546173652383326
lstm_features_1,08_12,NEG,AVERAGE,42.0,single,recency,3.0055964809508176,3.6118940841830978,1.6620530395061732,1.8935917580246917,8.6335349972,8.881637180399998,-20.17228883101695,-13.930886260243112,2.8737033356610273
lstm_features_1,08_12,NEG,AVERAGE,168.0,single,ensemble,3.369912501723134,5.652938216065587,1.788163214403292,3.317750796707819,9.149726318,7.299237407200001,-67.7473291420794,-85.53959560201268,-20.224527450177227
lstm_features_1,08_12,NEG,AVERAGE,168.0,single,recency,3.369912501723134,4.484657174605054,1.788163214403292,2.5256909296296297,9.149726318,8.1649897004,-33.07933580803416,-41.24498867249374,-10.762470738198544
lstm_features_1,08_12,NEG,MARGINAL,42.0,single,ensemble,14.978889405368928,15.630008157936976,4.657861913168724,4.993166368312758,6.158882538,7.489760997999999,-4.34690940661238,-7.198677448896873,21.609089827392292
lstm_features_1,08_12,NEG,MARGINAL,42.0,single,recency,14.978889405368928,14.77656111468023,4.657861913168724,4.857248234156379,6.158882538,4.8852925868,1.3507562891557,-4.280640446294662,-20.678912827806233
lstm_features_1,08_12,NEG,MARGINAL,168.0,single,ensemble,14.90928515372745,17.174659205136244,4.629677174897119,5.981415369958848,6.9869878044,8.1404465276,-15.19438409052383,-29.197245164113784,16.508669479480393
lstm_features_1,08_12,NEG,MARGINAL,168.0,single,recency,14.90928515372745,15.342818014040008,4.629677174897119,4.757969938683129,6.9869878044,7.549066608799999,-2.9078044711229607,-2.7710952392455,8.044651288013327
lstm_features_1,08_12,POS,AVERAGE,42.0,single,ensemble,8.947900769420702,9.26288172462978,4.525416518930042,4.504196531687244,10.9949501224,12.5971032292,-3.5201659397645573,0.46890683220061175,14.571717824676025
lstm_features_1,08_12,POS,AVERAGE,42.0,single,recency,8.947900769420702,8.433895494951491,4.525416518930042,4.156916904115226,10.9949501224,11.0965114004,5.744423052005843,8.142888356759288,0.9237084013058819
lstm_features_1,08_12,POS,AVERAGE,168.0,single,ensemble,7.277204257213528,8.331927169728592,3.329987611522634,3.840114321399177,13.180280024000002,13.256873122000002,-14.493518049456567,-15.319177408089155,0.5811188977816214
lstm_features_1,08_12,POS,AVERAGE,168.0,single,recency,7.277204257213528,7.43124251211166,3.329987611522634,3.4042856160493824,13.180280024000002,12.299365883999998,-2.1167229811564163,-2.231179607685562,-6.683576816243242
lstm_features_1,08_12,POS,MARGINAL,42.0,single,ensemble,16.830128331996796,18.711940637430263,7.05989919053498,8.247361892592593,8.041237204,12.7177719052,-11.181211861919301,-16.819825184609048,58.15690524430399
lstm_features_1,08_12,POS,MARGINAL,42.0,single,recency,16.830128331996796,17.434094787623536,7.05989919053498,7.202706232510289,8.041237204,10.3947702996,-3.5886027944213694,-2.0227915175724682,29.268295859115657
lstm_features_1,08_12,POS,MARGINAL,168.0,single,ensemble,16.03488773156843,18.16158888921853,6.979636891769547,7.735363509876543,7.394608140800001,10.6261058232,-13.262962567946108,-10.827592177440575,43.70072924581495
lstm_features_1,08_12,POS,MARGINAL,168.0,single,recency,16.03488773156843,16.779008679741438,6.979636891769547,7.25791076584362,7.394608140800001,7.2263977496,-4.640637094752044,-3.986939125761918,-2.274770860025619
lstm_features_1,12_16,NEG,AVERAGE,42.0,single,ensemble,6.005829031916106,9.509265844317062,3.05097905473251,6.351356571604938,19.6786645144,16.8696606264,-58.33394180525342,-108.1743747717004,-14.274362398650025
lstm_features_1,12_16,NEG,AVERAGE,42.0,single,recency,6.005829031916106,5.081398497080228,3.05097905473251,2.8126693646090537,19.6786645144,19.8302247392,15.392221955091962,7.810925143973161,0.7701753576269972
lstm_features_1,12_16,NEG,AVERAGE,168.0,single,ensemble,4.832062024835342,5.782463344615108,2.633397013991769,3.705231006995885,19.775712620000004,18.6782466752,-19.668649013505814,-40.70157242942276,-5.54956458909142
lstm_features_1,12_16,NEG,AVERAGE,168.0,single,recency,4.832062024835342,5.536383059858939,2.633397013991769,3.3272659181069963,19.775712620000004,19.0390571328,-14.575993259266932,-26.348814874041476,-3.7250515384967384
lstm_features_1,12_16,NEG,MARGINAL,42.0,single,ensemble,27.28114492061698,29.010924920633563,7.092967424279836,8.696029448971192,16.3325740636,10.5994937272,-6.3405696683548936,-22.600724475399918,-35.10212360938973
lstm_features_1,12_16,NEG,MARGINAL,42.0,single,recency,27.28114492061698,28.31847499663992,7.092967424279836,8.034475480246913,16.3325740636,10.792556649600002,-3.8023700216445313,-13.273824615974045,-33.92005076742249
lstm_features_1,12_16,NEG,MARGINAL,168.0,single,ensemble,29.66361643510385,27.55015978864324,8.552473590123455,9.26887834403292,9.4333747064,18.8315478112,7.12474371115301,-8.376579551637342,99.62683978220309
lstm_features_1,12_16,NEG,MARGINAL,168.0,single,recency,29.66361643510385,27.6631091916023,8.552473590123455,7.171881509053497,9.4333747064,14.4215373532,6.743976237280889,16.142605604351584,52.87781734585205
lstm_features_1,12_16,POS,AVERAGE,42.0,single,ensemble,16.0189627386169,15.644022155958908,4.586850656790124,3.987765785185185,6.757053254800001,6.133162942,2.340604624506197,13.060919494252254,-9.233171462083831
lstm_features_1,12_16,POS,AVERAGE,42.0,single,recency,16.0189627386169,15.532387564472996,4.586850656790124,4.175388681893004,6.757053254800001,6.192871414400001,3.037494887049813,8.970468098585545,-8.349524846488706
lstm_features_1,12_16,POS,AVERAGE,168.0,single,ensemble,15.509688923253664,15.609232227260057,3.507882188477366,3.242404355967078,7.490002619199999,7.9387582556,-0.6418136720791803,7.568037301318877,5.991394919537848
lstm_features_1,12_16,POS,AVERAGE,168.0,single,recency,15.509688923253664,15.463416592923668,3.507882188477366,3.0126874012345675,7.490002619199999,9.1859273872,0.29834467060535474,14.116631079270745,22.642512349096357
lstm_features_1,12_16,POS,MARGINAL,42.0,single,ensemble,92.7129525879876,92.84295749602946,12.577478654732513,13.02358628271605,6.596378313600001,4.1588273988,-0.1402230264627542,-3.546876446621362,-36.952867147937994
lstm_features_1,12_16,POS,MARGINAL,42.0,single,recency,92.7129525879876,92.55911388879142,12.577478654732513,12.65642118271605,6.596378313600001,4.1791813176,0.16593010458833984,-0.6276498664844388,-36.64430511840679
lstm_features_1,12_16,POS,MARGINAL,168.0,single,ensemble,92.38488989619307,93.05938408705856,12.138299408641972,12.6780924436214,7.817574788800001,4.5183850292,-0.7300914593537683,-4.447023564067947,-42.202215504566055
lstm_features_1,12_16,POS,MARGINAL,168.0,single,recency,92.38488989619307,92.90177713298937,12.138299408641972,12.27189241069959,7.817574788800001,4.696770420000001,-0.559493264945259,-1.1005907628419904,-39.92036473090197
lstm_features_1,16_20,NEG,AVERAGE,42.0,single,ensemble,1.337750934659588,2.1806740295968194,0.7517824604115226,1.3847103264609053,5.69601083784,5.2922056092,-63.01046578238621,-84.19029431771001,-7.089263699384542
lstm_features_1,16_20,NEG,AVERAGE,42.0,single,recency,1.337750934659588,1.4578978705415009,0.7517824604115226,0.8335154366666667,5.69601083784,5.88052472532,-8.98126346011384,-10.871891878190905,3.2393528160836444
lstm_features_1,16_20,NEG,AVERAGE,168.0,single,ensemble,1.3717162420168842,2.9497928274102425,0.7892676220164608,1.9499835248971191,5.772031521560001,4.85899510108,-115.04395275462036,-147.06239943242608,-15.818285417700483
lstm_features_1,16_20,NEG,AVERAGE,168.0,single,recency,1.3717162420168842,2.4386504306775003,0.7892676220164608,1.5509727521399177,5.772031521560001,5.223006945879999,-77.7809692689695,-96.50783953070494,-9.511808340430154
lstm_features_1,16_20,NEG,MARGINAL,42.0,single,ensemble,4.284599280419179,4.572071508517693,1.867518435967078,2.195656852469136,2.9557449805200005,4.9082654644,-6.709430900861048,-17.570826085694527,66.05848937402223
lstm_features_1,16_20,NEG,MARGINAL,42.0,single,recency,4.284599280419179,4.154487137928669,1.867518435967078,1.8491577600823044,2.9557449805200005,4.275527673439999,3.036740053734506,0.9831590163266967,44.65143987786832
lstm_features_1,16_20,NEG,MARGINAL,168.0,single,ensemble,4.074358040572024,4.606659259882158,1.6408608813168726,2.2747669067901235,4.21124661264,5.168152591200001,-13.0646647645969,-38.63252715029136,22.722629819110107
lstm_features_1,16_20,NEG,MARGINAL,168.0,single,recency,4.074358040572024,3.991195850321872,1.6408608813168726,1.7711595767489714,4.21124661264,3.95638203184,2.0411114934434336,-7.940874020198935,-6.05199847558268
lstm_features_1,16_20,POS,AVERAGE,42.0,single,ensemble,20.88926590656125,21.804132314061693,8.984556576131686,9.286806291358022,14.075251487999996,15.9349685268,-4.379600564197364,-3.36410275415585,13.212673609317221
lstm_features_1,16_20,POS,AVERAGE,42.0,single,recency,20.88926590656125,19.275826396449684,8.984556576131686,8.309025905349793,14.075251487999996,14.614484406,7.7237731442002895,7.518798118278901,3.831071284656859
lstm_features_1,16_20,POS,AVERAGE,168.0,single,ensemble,17.656283668366076,19.783150898008017,7.772667767489712,8.075959592592593,13.654759244,18.804481402,-12.045950719813982,-3.9020299615975107,37.713752882628285
lstm_features_1,16_20,POS,AVERAGE,168.0,single,recency,17.656283668366076,17.538432269377367,7.772667767489712,7.018718226337449,13.654759244,18.11314475,0.6674756772279176,9.700009876991837,32.65078077417621
lstm_features_1,16_20,POS,MARGINAL,42.0,single,ensemble,32.71187708835712,39.19772678094127,14.734701475308642,16.365853823045267,10.812457792,16.810252792,-19.827201218277395,-11.070141804162057,55.471152955044985
lstm_features_1,16_20,POS,MARGINAL,42.0,single,recency,32.71187708835712,35.794204006417004,14.734701475308642,14.020416067901236,10.812457792,14.65040308,-9.422653764974411,4.84764084704637,35.495586311926665
lstm_features_1,16_20,POS,MARGINAL,168.0,single,ensemble,34.170797734865154,38.41184004565597,13.250023154320989,15.683699483539094,12.661957852,17.170780160000003,-12.41130612079213,-18.367336425555266,35.609203258308256
lstm_features_1,16_20,POS,MARGINAL,168.0,single,recency,34.170797734865154,34.93128575563041,13.250023154320989,13.649521987654325,12.661957852,11.838437464,-2.2255495076994274,-3.0150802657507416,-6.503894560586636
lstm_features_1,20_24,NEG,AVERAGE,42.0,single,ensemble,0.5929352427372818,0.9771214508506568,0.3753471269958847,0.7218817900411523,1.7020568924800004,1.4528939116,-64.7939573198216,-92.32378193987535,-14.638933750149494
lstm_features_1,20_24,NEG,AVERAGE,42.0,single,recency,0.5929352427372818,0.6196007989003898,0.3753471269958847,0.3536593497942386,1.7020568924800004,1.85691627636,-4.497212214947214,5.778058666713571,9.098367073638773
lstm_features_1,20_24,NEG,AVERAGE,168.0,single,ensemble,0.6277744796394454,1.0337232107531935,0.3430246951028806,0.7721987295473252,1.9488159472,1.3347190965999998,-64.66473937374768,-125.11461727725637,-31.51128004069938
lstm_features_1,20_24,NEG,AVERAGE,168.0,single,recency,0.6277744796394454,0.8424779232797028,0.3430246951028806,0.5992876951851852,1.9488159472,1.4684284859200003,-34.20072822386308,-74.7068662229831,-24.650222201342608
lstm_features_1,20_24,NEG,MARGINAL,42.0,single,ensemble,1.7408228015681109,1.8236442645710704,0.9337916330041154,1.101030500617284,0.972733932,0.84532863748,-4.757604445918048,-17.909655827086596,-13.097650891857656
lstm_features_1,20_24,NEG,MARGINAL,42.0,single,recency,1.7408228015681109,1.7605027006714404,0.9337916330041154,1.0583925214403294,0.972733932,0.7384469946000002,-1.1304941023062294,-13.343543038114248,-24.085408115484537
lstm_features_1,20_24,NEG,MARGINAL,168.0,single,ensemble,1.7032484687394964,1.934915172641506,0.8647797906419752,1.1861960411934156,1.200953967096,0.90798572268,-13.601462625911322,-37.167410019241416,-24.394627308190675
lstm_features_1,20_24,NEG,MARGINAL,168.0,single,recency,1.7032484687394964,1.726730119973666,0.8647797906419752,0.8893706858847737,1.200953967096,1.1215992326000002,-1.378639210023618,-2.8436019792441427,-6.607641647405176
lstm_features_1,20_24,POS,AVERAGE,42.0,single,ensemble,4.438188200593522,5.452259211094733,3.5585525839506174,3.90529360617284,9.2989232732,9.7117841548,-22.848760905758787,-9.743877996521809,4.439878354409997
lstm_features_1,20_24,POS,AVERAGE,42.0,single,recency,4.438188200593522,4.320067866322332,3.5585525839506174,3.1499248456790125,9.2989232732,10.08721472,2.66145392967773,11.482975974966664,8.477233585439931
lstm_features_1,20_24,POS,AVERAGE,168.0,single,ensemble,2.072039002347308,4.614034348394762,1.2467921502057613,3.067181493415638,13.0261622592,11.6142359764,-122.68086378527414,-146.00583929803,-10.83915780185217
lstm_features_1,20_24,POS,AVERAGE,168.0,single,recency,2.072039002347308,2.627468385498624,1.2467921502057613,1.689205129218107,13.0261622592,12.795764444000003,-26.805932828585675,-35.48410045245578,-1.7687313470801662
lstm_features_1,20_24,POS,MARGINAL,42.0,single,ensemble,5.585417613697583,8.166977657832875,3.8293231695473247,5.0933583,3.5443626308,8.718442200399998,-46.21964233801101,-33.00936156302788,145.9805360952063
lstm_features_1,20_24,POS,MARGINAL,42.0,single,recency,5.585417613697583,6.384878990624674,3.8293231695473247,3.83963790946502,3.5443626308,9.2636834696,-14.313367991795381,-0.2693619593071484,161.36387369339488
lstm_features_1,20_24,POS,MARGINAL,168.0,single,ensemble,5.943356769657633,8.263404851258121,3.283931127160494,5.3625963288065845,10.0007062156,8.3631347456,-39.03598877733423,-63.29807542107142,-16.374558303148316
lstm_features_1,20_24,POS,MARGINAL,168.0,single,recency,5.943356769657633,6.370869913991993,3.283931127160494,4.01933242962963,10.0007062156,9.094440335200002,-7.193126054907633,-22.393931967294726,-9.062018830093447
lstm_features_1_3,00_04,NEG,AVERAGE,42.0,single,ensemble,3.2987898712474366,3.882978633356057,1.5976522119341563,2.269117104526749,5.615981945200001,5.4480399544,-17.709183819207905,-42.02822664262463,-2.9904296779931916
lstm_features_1_3,00_04,NEG,AVERAGE,42.0,single,recency,3.2987898712474366,4.269965807335157,1.5976522119341563,2.3330042637860084,5.615981945200001,5.2413660448,-29.440369771733003,-46.027041827934326,-6.670532492010338
lstm_features_1_3,00_04,NEG,AVERAGE,168.0,single,ensemble,4.031848269986898,3.4557506846557904,2.8285583607407405,1.5840106802469134,4.771528802560001,6.070383489199999,14.288672260302581,43.99936369592551,27.220933591412933
lstm_features_1_3,00_04,NEG,AVERAGE,168.0,single,recency,4.031848269986898,3.891734747665404,2.8285583607407405,1.6012338028806583,4.771528802560001,5.7735367832,3.4751685316260503,43.39046260790855,20.999726127659677
lstm_features_1_3,00_04,NEG,MARGINAL,42.0,single,ensemble,8.032091246308207,7.967423463977065,4.490937390946503,4.204209789711934,5.1047196216,5.5918588612,0.8051176256353586,6.384582466293064,9.54291862649478
lstm_features_1_3,00_04,NEG,MARGINAL,42.0,single,recency,8.032091246308207,8.13273439492704,4.490937390946503,4.151981717695473,5.1047196216,5.368288441200001,-1.2530130140776383,7.5475484012390694,5.16323792759824
lstm_features_1_3,00_04,NEG,MARGINAL,168.0,single,ensemble,6.86449779271701,6.8102528900760815,3.080108456378601,3.0885781160493826,3.3160669612,5.5907278632,0.7902239068163264,-0.27497926747486967,68.59514384404523
lstm_features_1_3,00_04,NEG,MARGINAL,168.0,single,recency,6.86449779271701,7.496959953186264,3.080108456378601,3.1886793032921807,3.3160669612,3.2132417208,-9.213524129037863,-3.524903374384107,-3.1008191813711212
lstm_features_1_3,00_04,POS,AVERAGE,42.0,single,ensemble,0.9695487226335768,1.897419260060776,0.4639775547325103,1.5503119279835391,2.5909415211999995,0.8343205875999999,-95.70127996320107,-234.1351132550617,-67.79855582330616
lstm_features_1_3,00_04,POS,AVERAGE,42.0,single,recency,0.9695487226335768,1.330448652487038,0.4639775547325103,0.9172128057613168,2.5909415211999995,1.6351308228,-37.223495986168885,-97.68473634249466,-36.89047748006732
lstm_features_1_3,00_04,POS,AVERAGE,168.0,single,ensemble,1.1374375573461346,1.4371149078879086,0.6031879502057613,1.040135670781893,2.2987776788,1.3533069444,-26.34670787915428,-72.43972967747095,-41.12928114447115
lstm_features_1_3,00_04,POS,AVERAGE,168.0,single,recency,1.1374375573461346,1.0187580867293218,0.6031879502057613,0.4981391683127572,2.2987776788,2.5789883472,10.433932821219246,17.415596889355893,12.189550602660919
lstm_features_1_3,00_04,POS,MARGINAL,42.0,single,ensemble,2.820279849071865,3.5227448332642584,1.7239156255144032,2.5372559456790125,0.8230413879999999,0.5544927328,-24.90763405708018,-47.17982180374487,-32.628815405331714
lstm_features_1_3,00_04,POS,MARGINAL,42.0,single,recency,2.820279849071865,3.034166540040899,1.7239156255144032,1.9017055872427984,0.8230413879999999,0.8011755004000001,-7.583881827876857,-10.313147528629422,-2.656717866052182
lstm_features_1_3,00_04,POS,MARGINAL,168.0,single,ensemble,2.3319704677259714,2.769713587993207,1.060319910288066,2.046318076131687,1.5143542155999998,0.4361649884,-18.771383528458752,-92.99063011801283,-71.19795461940932
lstm_features_1_3,00_04,POS,MARGINAL,168.0,single,recency,2.3319704677259714,2.289895740202371,1.060319910288066,1.390058198765432,1.5143542155999998,0.7593409644000001,1.8042564477512328,-31.09800026180618,-49.85711027329608
lstm_features_1_3,04_08,NEG,AVERAGE,42.0,single,ensemble,2.114521494589353,3.083963675882265,1.4731447633744856,1.4949521144032922,4.1750273596,4.4903941324000005,-45.84688232176997,-1.4803264126502542,7.553645656353628
lstm_features_1_3,04_08,NEG,AVERAGE,42.0,single,recency,2.114521494589353,3.6896962331249674,1.4731447633744856,1.5789607555555556,4.1750273596,4.4304311756,-74.49320059248292,-7.183000259844162,6.117416582018997
lstm_features_1_3,04_08,NEG,AVERAGE,168.0,single,ensemble,2.294221716927579,2.1705676939635485,1.46736341563786,0.984168225925926,4.399945632400001,5.5240736016000005,5.389802652972348,32.9294832188446,25.548678622804516
lstm_features_1_3,04_08,NEG,AVERAGE,168.0,single,recency,2.294221716927579,2.084204562782428,1.46736341563786,0.907626587654321,4.399945632400001,5.5913328508,9.154178630407435,38.14575326182727,27.07731681107485
lstm_features_1_3,04_08,NEG,MARGINAL,42.0,single,ensemble,6.005581283821109,7.084089791095857,2.4476967761316875,3.148577199588477,2.70503116,2.1621750976000005,-17.95843659930511,-28.63428306525994,-20.068384809289938
lstm_features_1_3,04_08,NEG,MARGINAL,42.0,single,recency,6.005581283821109,7.475436453743746,2.4476967761316875,3.1015047580246917,2.70503116,2.241833798,-24.474819346503413,-26.71115099993207,-17.123549955705496
lstm_features_1_3,04_08,NEG,MARGINAL,168.0,single,ensemble,5.026261836800316,5.418981821778309,1.9633925090534976,2.1433311699588478,2.8164958180000004,3.022563906,-7.813361056971832,-9.164681034262175,7.316470583163472
lstm_features_1_3,04_08,NEG,MARGINAL,168.0,single,recency,5.026261836800316,5.413707181126252,1.9633925090534976,2.059405197530864,2.8164958180000004,2.7310173808,-7.708419435876053,-4.890142344673188,-3.0349215025889436
lstm_features_1_3,04_08,POS,AVERAGE,42.0,single,ensemble,3.883930346142219,4.23897238954223,1.7602271251028805,2.218223586419753,6.5582123148,7.406643858399999,-9.141308204784425,-26.01916848032345,12.936933159137473
lstm_features_1_3,04_08,POS,AVERAGE,42.0,single,recency,3.883930346142219,4.358558480470832,1.7602271251028805,2.317773369958848,6.5582123148,6.891913131199999,-12.220305001093692,-31.674676347427628,5.088289313948128
lstm_features_1_3,04_08,POS,AVERAGE,168.0,single,ensemble,4.009428114697498,4.024805510495252,1.8921304580246916,1.9825955485596716,8.164989877600002,7.671435273599999,-0.383530901611235,-4.781123317967299,-6.0447668815123725
lstm_features_1_3,04_08,POS,AVERAGE,168.0,single,recency,4.009428114697498,4.005969590978888,1.8921304580246916,1.949622666255144,8.164989877600002,7.587740278799999,0.08625977619930301,-3.038490712235132,-7.069814016348517
lstm_features_1_3,04_08,POS,MARGINAL,42.0,single,ensemble,20.70930774942649,20.68236579233472,4.706020382304528,5.067642121399176,6.0747463132,5.302611074800001,0.13009588450639786,-7.684236567576503,-12.710575859311254
lstm_features_1_3,04_08,POS,MARGINAL,42.0,single,recency,20.70930774942649,20.736866755151087,4.706020382304528,5.27733561728395,6.0747463132,5.1582843428,-0.13307545601257964,-12.140092659344797,-15.08642374758255
lstm_features_1_3,04_08,POS,MARGINAL,168.0,single,ensemble,20.55179986392745,20.63356451661364,5.131024511522633,5.298772125925924,5.967913427199999,6.4264431344,-0.39784667633759274,-3.2692810963304493,7.683249979970508
lstm_features_1_3,04_08,POS,MARGINAL,168.0,single,recency,20.55179986392745,20.595889799301965,5.131024511522633,5.213158835390947,5.967913427199999,5.9449806004,-0.21453077427005282,-1.6007392614061016,-0.3842687579125727
lstm_features_1_3,08_12,NEG,AVERAGE,42.0,single,ensemble,3.387120350565112,5.426460898919722,1.6716078185185186,2.979366008230453,8.6892098692,7.5385790916,-60.20868281265423,-78.23355306335849,-13.242064525090559
lstm_features_1_3,08_12,NEG,AVERAGE,42.0,single,recency,3.387120350565112,5.634919199331535,1.6716078185185186,3.1180761469135807,8.6892098692,7.145204118800001,-66.36312312880756,-86.53156035588606,-17.76923073147218
lstm_features_1_3,08_12,NEG,AVERAGE,168.0,single,ensemble,5.104648111348403,4.430439418360518,2.852497801646091,2.296066106008231,7.467058516400001,8.30457505296,13.207740833085388,19.506822943623657,11.216150706741498
lstm_features_1_3,08_12,NEG,AVERAGE,168.0,single,recency,5.104648111348403,3.840845365693801,2.852497801646091,1.878804966872428,7.467058516400001,8.6520983646,24.757881798844814,34.13474444088174,15.870236527506526
lstm_features_1_3,08_12,NEG,MARGINAL,42.0,single,ensemble,18.29843420049371,18.011800830201636,6.232037963786009,6.478084895473252,6.251860839999999,5.538838824799999,1.5664365986262314,-3.948097446084352,-11.404956595291075
lstm_features_1_3,08_12,NEG,MARGINAL,42.0,single,recency,18.29843420049371,18.210018211731335,6.232037963786009,6.5574180757201646,6.251860839999999,5.149936257200001,0.48318882257143625,-5.221086806995066,-17.625545593557998
lstm_features_1_3,08_12,NEG,MARGINAL,168.0,single,ensemble,15.771319834833504,16.48252388665924,4.956180220987655,5.4105255683127575,6.8680297248,5.356740718399999,-4.509477071506267,-9.167248305481559,-22.004695188531823
lstm_features_1_3,08_12,NEG,MARGINAL,168.0,single,recency,15.771319834833504,15.7296079728375,4.956180220987655,5.428331997530864,6.8680297248,4.0695820152,0.26447920930420327,-9.526525579998387,-40.74600462917321
lstm_features_1_3,08_12,POS,AVERAGE,42.0,single,ensemble,7.172968882793392,8.240361562644352,3.4854274876543214,3.9229902526748974,11.7705105264,12.297114626,-14.880765514143457,-12.554063068890697,4.47392743431887
lstm_features_1_3,08_12,POS,AVERAGE,42.0,single,recency,7.172968882793392,7.771382616329521,3.4854274876543214,4.061130486831275,11.7705105264,10.0448386016,-8.342622745396413,-16.517428671695004,-14.66097771145527
lstm_features_1_3,08_12,POS,AVERAGE,168.0,single,ensemble,6.864432821366414,7.847689175396161,3.2228962646090533,3.5511122872427987,12.0584006608,13.7545622964,-14.323927112655793,-10.18388417393133,14.066223899110925
lstm_features_1_3,08_12,POS,AVERAGE,168.0,single,recency,6.864432821366414,7.012995613874798,3.2228962646090533,3.0924227983539097,12.0584006608,13.961390560400002,-2.164239877852164,4.048329686806426,15.781445260699686
lstm_features_1_3,08_12,POS,MARGINAL,42.0,single,ensemble,16.96131257513957,17.61983027015436,6.794369158847736,7.5282981740740755,10.294463833999998,9.6460716244,-3.8824689545547844,-10.802018525452137,-6.298455364508876
lstm_features_1_3,08_12,POS,MARGINAL,42.0,single,recency,16.96131257513957,17.084300286486148,6.794369158847736,7.382024783950618,10.294463833999998,8.7725965808,-0.7251072745799346,-8.649156549547014,-14.783356158614666
lstm_features_1_3,08_12,POS,MARGINAL,168.0,single,ensemble,15.63446672944568,17.238058457661104,7.273824696296295,7.5835538555555555,7.134867642000001,9.49004441,-10.256772782631895,-4.258133405620423,33.00939675651517
lstm_features_1_3,08_12,POS,MARGINAL,168.0,single,recency,15.63446672944568,16.269337880104196,7.273824696296295,7.391766836213993,7.134867642000001,8.2421199692,-4.060715095979642,-1.6214597524979144,15.51889092773164
lstm_features_1_3,12_16,NEG,AVERAGE,42.0,single,ensemble,5.131067031284078,9.63951965088398,3.302998119753087,5.860144313868312,19.8910202736,15.87827001732,-87.86579072368181,-77.41894186444108,-20.173677373431918
lstm_features_1_3,12_16,NEG,AVERAGE,42.0,single,recency,5.131067031284078,12.627416466123622,3.302998119753087,7.047399658024692,19.8910202736,12.7053105484,-146.09728130882633,-113.36371994518466,-36.125395411401314
lstm_features_1_3,12_16,NEG,AVERAGE,168.0,single,ensemble,11.24584557932757,8.556382764745695,6.892672438600823,4.648756063621399,14.83166110528,16.255316275760002,23.915167566640974,32.555099563601594,9.59875741748972
lstm_features_1_3,12_16,NEG,AVERAGE,168.0,single,recency,11.24584557932757,8.769941126300552,6.892672438600823,4.107610379423868,14.83166110528,16.652054911599997,22.01616975408497,40.40612815981008,12.273701464712845
lstm_features_1_3,12_16,NEG,MARGINAL,42.0,single,ensemble,28.05159395129453,31.07187084879055,9.745171316707818,11.714520892222223,13.21827782816,8.73855690756,-10.76686373950824,-20.20846541854027,-33.890352274609306
lstm_features_1_3,12_16,NEG,MARGINAL,42.0,single,recency,28.05159395129453,30.807680470877767,9.745171316707818,11.64302868489712,13.21827782816,8.424047145880003,-9.825062078000194,-19.474848686707837,-36.269707329546726
lstm_features_1_3,12_16,NEG,MARGINAL,168.0,single,ensemble,28.539214933823164,27.823511049592312,8.278656727572015,8.49562871893004,6.365634763599999,9.1993980676,2.5077910723558037,-2.620859862873672,44.51658647153367
lstm_features_1_3,12_16,NEG,MARGINAL,168.0,single,recency,28.539214933823164,29.67651371138556,8.278656727572015,9.830194538683129,6.365634763599999,5.8310728008,-3.9850387622769885,-18.741419799950478,-8.397622274163977
lstm_features_1_3,12_16,POS,AVERAGE,42.0,single,ensemble,15.383112461036752,15.532748350794757,3.0723834000000005,3.612247779835392,9.1444906404,6.8624910316,-0.9727283092872829,-17.57151727337777,-24.954912181966876
lstm_features_1_3,12_16,POS,AVERAGE,42.0,single,recency,15.383112461036752,15.413333126403767,3.0723834000000005,3.52802626872428,9.1444906404,7.6442581888,-0.19645351643602296,-14.83027374527148,-16.405861305954346
lstm_features_1_3,12_16,POS,AVERAGE,168.0,single,ensemble,15.207681913902931,15.44924438743084,3.1782341366255142,2.911015865843622,7.847275419600001,9.2543002172,-1.5884240273796824,8.40775912959046,17.93010595863246
lstm_features_1_3,12_16,POS,AVERAGE,168.0,single,recency,15.207681913902931,15.309537188124224,3.1782341366255142,2.874575941152264,7.847275419600001,9.9655979696,-0.6697619979030249,9.55430539159897,26.994369851083622
lstm_features_1_3,12_16,POS,MARGINAL,42.0,single,ensemble,92.17805166459934,92.59860895018252,12.513318882304528,13.05195005308642,4.7428497128,3.8994356676,-0.45624449420284247,-4.304462915458722,-17.782854112450465
lstm_features_1_3,12_16,POS,MARGINAL,42.0,single,recency,92.17805166459934,92.46662861924628,12.513318882304528,13.20286185802469,4.7428497128,4.5735409424,-0.31306471490302595,-5.510472339159086,-3.5697688236477196
lstm_features_1_3,12_16,POS,MARGINAL,168.0,single,ensemble,92.0911279866216,93.09206263704024,12.15336937695473,12.843427165432098,9.205720493599998,6.2549341996,-1.0868958522954042,-5.677913400590446,-32.05383322306432
lstm_features_1_3,12_16,POS,MARGINAL,168.0,single,recency,92.0911279866216,92.8144033745956,12.15336937695473,12.360282381069958,9.205720493599998,6.3955691884000005,-0.785390953273014,-1.702515555131375,-30.5261419478646
lstm_features_1_3,16_20,NEG,AVERAGE,42.0,single,ensemble,2.384105939173873,3.1901723778903595,1.6224512846502055,2.3824531493415635,4.957077903879999,4.65159392816,-33.810009256375594,-46.84281567536936,-6.162581699208147
lstm_features_1_3,16_20,NEG,AVERAGE,42.0,single,recency,2.384105939173873,2.8854652690933733,1.6224512846502055,2.150735863045268,4.957077903879999,4.8314707628,-21.029238746547847,-32.5608900182762,-2.5338948371516157
lstm_features_1_3,16_20,NEG,AVERAGE,168.0,single,ensemble,3.2150312513908927,2.4043382678635705,2.2350775672016456,1.6080520278600825,4.606167674,5.28736062328,25.215710832564962,28.053860346628127,14.788713687629421
lstm_features_1_3,16_20,NEG,AVERAGE,168.0,single,recency,3.2150312513908927,1.602663055063873,2.2350775672016456,0.9653134280246912,4.606167674,5.982237993840001,50.15093385575876,56.81074150669053,29.874516457735034
lstm_features_1_3,16_20,NEG,MARGINAL,42.0,single,ensemble,4.951817314767334,5.294507453026359,2.705397808148148,3.2467432264197527,4.17378057384,4.0453031484,-6.92049234605349,-20.009826896479858,-3.07820267901139
lstm_features_1_3,16_20,NEG,MARGINAL,42.0,single,recency,4.951817314767334,5.171972223573586,2.705397808148148,3.0590038111934152,4.17378057384,4.110879843400001,-4.445941657615367,-13.070388464878349,-1.5070444966427308
lstm_features_1_3,16_20,NEG,MARGINAL,168.0,single,ensemble,3.767228374178608,4.211861014409446,1.495227262510288,2.119776378395062,2.50375589936,3.87140198776,-11.802646297698479,-41.76951099970173,54.6237789694112
lstm_features_1_3,16_20,NEG,MARGINAL,168.0,single,recency,3.767228374178608,3.8586177097357774,1.495227262510288,1.558598457366255,2.50375589936,3.3076240268,-2.4259037807097568,-4.238231635074334,32.10648960010364
lstm_features_1_3,16_20,POS,AVERAGE,42.0,single,ensemble,17.155804647131472,19.564272712664778,6.943555901234568,8.166141894650206,16.67409972,17.482595404399998,-14.038793953835402,-17.60749118759542,4.848811617878442
lstm_features_1_3,16_20,POS,AVERAGE,42.0,single,recency,17.155804647131472,17.19253204069678,6.943555901234568,6.9814657654321,16.67409972,17.031544816,-0.21408143961028606,-0.5459719016706092,2.143714515340558
lstm_features_1_3,16_20,POS,AVERAGE,168.0,single,ensemble,17.59262780488012,18.4242479789652,6.490706855967079,7.289939302469136,19.266144982000004,19.54833184,-4.727094685959272,-12.313488565075188,1.4646773304344882
lstm_features_1_3,16_20,POS,AVERAGE,168.0,single,recency,17.59262780488012,16.452619257943763,6.490706855967079,6.6037866938271605,19.266144982000004,18.523601081600003,6.48003561253154,-1.7421806340880177,-3.8541384438544712
lstm_features_1_3,16_20,POS,MARGINAL,42.0,single,ensemble,36.67238558264796,35.50786969126917,14.249694901234571,14.418796316872427,15.9775669,15.49093415,3.1754571535967857,-1.186702008779187,-3.0457250033482888
lstm_features_1_3,16_20,POS,MARGINAL,42.0,single,recency,36.67238558264796,35.125296184265274,14.249694901234571,14.3136768127572,15.9775669,13.329456022,4.218676734012948,-0.4490054837390576,-16.573930777908362
lstm_features_1_3,16_20,POS,MARGINAL,168.0,single,ensemble,32.57653454986016,36.20404624772314,12.784598609053498,14.536934427983542,13.875111092,16.939478502000004,-11.135351712475352,-13.706615847048306,22.08535405361066
lstm_features_1_3,16_20,POS,MARGINAL,168.0,single,recency,32.57653454986016,33.99585033645714,12.784598609053498,13.348435535390946,13.875111092,12.9468032416,-4.356865474517049,-4.410282587504648,-6.690453461920286
lstm_features_1_3,20_24,NEG,AVERAGE,42.0,single,ensemble,0.8021308092468977,1.6079846622782514,0.5496470954320988,1.132713578395062,1.38574920616,1.10609725704,-100.46414421956334,-106.08015357646747,-20.18055993659441
lstm_features_1_3,20_24,NEG,AVERAGE,42.0,single,recency,0.8021308092468977,1.5035249393453325,0.5496470954320988,1.03320941436214,1.38574920616,1.0543028916,-87.4413651754578,-87.97687151423847,-23.918203458940393
lstm_features_1_3,20_24,NEG,AVERAGE,168.0,single,ensemble,1.2764766552746465,1.024090267278542,0.9863905233333332,0.6207534686419753,1.08641846968,1.6948851572,19.77211153476216,37.06818405510951,56.006658990179105
lstm_features_1_3,20_24,NEG,AVERAGE,168.0,single,recency,1.2764766552746465,0.8541298824440637,0.9863905233333332,0.4252878449794238,1.08641846968,1.92155262064,33.08691710775633,56.88443522934119,76.87039333986885
lstm_features_1_3,20_24,NEG,MARGINAL,42.0,single,ensemble,2.2125092934859807,2.686420738456984,1.4693045220576133,1.857590340946502,0.5337918208,0.44969694228,-21.419636354354875,-26.426504040505737,-15.754246364053687
lstm_features_1_3,20_24,NEG,MARGINAL,42.0,single,recency,2.2125092934859807,2.653750510559247,1.4693045220576133,1.8735030441152265,0.5337918208,0.4325989208,-19.94302208683862,-27.509513241786927,-18.95737177994616
lstm_features_1_3,20_24,NEG,MARGINAL,168.0,single,ensemble,1.6443406108100342,2.1106656871441145,0.8077481225925924,1.3283709331687243,1.48214253012,0.4478963084,-28.359396664439213,-64.45360824920428,-69.78048336797025
lstm_features_1_3,20_24,NEG,MARGINAL,168.0,single,recency,1.6443406108100342,1.871541748060819,0.8077481225925924,1.0111071654320989,1.48214253012,0.62451604448,-13.817157817373435,-25.176046486718427,-57.8639684248561
lstm_features_1_3,20_24,POS,AVERAGE,42.0,single,ensemble,2.1488291985957213,4.396434198503807,1.37100324691358,2.96391377654321,11.968413301199998,11.2029183284,-104.59672650468987,-116.1857590939781,-6.395960379503669
lstm_features_1_3,20_24,POS,AVERAGE,42.0,single,recency,2.1488291985957213,2.823276181147305,1.37100324691358,1.8065544127572013,11.968413301199998,12.0093976244,-31.3867190092326,-31.76879170958491,0.34243739891479635
lstm_features_1_3,20_24,POS,AVERAGE,168.0,single,ensemble,2.1300266416873326,4.373611949275987,1.352472989711934,2.921708469958848,13.2199981528,11.7328416132,-105.33132608197636,-116.02712159014344,-11.249294609659385
lstm_features_1_3,20_24,POS,AVERAGE,168.0,single,recency,2.1300266416873326,2.646468656498429,1.352472989711934,1.77042310781893,13.2199981528,12.934140411599998,-24.245800719280634,-30.90265915003715,-2.162313019230324
lstm_features_1_3,20_24,POS,MARGINAL,42.0,single,ensemble,5.936273232140548,7.291744160096521,3.669615923045267,4.94991613744856,9.5232560044,8.6508300332,-22.833701801613458,-34.889215690475396,-9.16100513098583
lstm_features_1_3,20_24,POS,MARGINAL,42.0,single,recency,5.936273232140548,6.143771152566208,3.669615923045267,4.317504133333333,9.5232560044,8.316833398,-3.49542401960563,-17.655477408938474,-12.66817363559901
lstm_features_1_3,20_24,POS,MARGINAL,168.0,single,ensemble,5.152396085225996,8.624317509392805,2.8215451271604937,5.216708247736626,8.5283586716,9.2590630184,-67.38459867482263,-84.88835062462893,8.567936398281343
lstm_features_1_3,20_24,POS,MARGINAL,168.0,single,recency,5.152396085225996,7.360796604760292,2.8215451271604937,4.361800520987655,8.5283586716,9.7865708368,-42.86162171939138,-54.58907529071569,14.753274500402169
lstm_features_1_4,00_04,NEG,AVERAGE,42.0,single,ensemble,3.073320069156745,3.0695904245754027,1.487427651028807,1.7962236600823047,5.808883939999999,5.9333808196,0.12135555351921845,-20.76040531046423,2.1432151319587316
lstm_features_1_4,00_04,NEG,AVERAGE,42.0,single,recency,3.073320069156745,2.652052967658113,1.487427651028807,1.2337562827160498,5.808883939999999,6.0842944092,13.70723165889516,17.05436685524171,4.7411942129455005
lstm_features_1_4,00_04,NEG,AVERAGE,168.0,single,ensemble,2.438712780692957,2.8401647688880063,1.2914147275720165,1.594518634979424,5.7717564924,5.9125844036,-16.46163465305566,-23.470686909175335,2.4399489373024785
lstm_features_1_4,00_04,NEG,AVERAGE,168.0,single,recency,2.438712780692957,2.716370399145212,1.2914147275720165,1.35768341563786,5.7717564924,5.890821006799999,-11.385416956455147,-5.131479969291903,2.062881803083306
lstm_features_1_4,00_04,NEG,MARGINAL,42.0,single,ensemble,6.437246770442891,7.247679086986523,2.9091393016460905,3.6396145802469135,5.0006758248,5.780990610000001,-12.58973510639352,-25.109670004028175,15.604186564747158
lstm_features_1_4,00_04,NEG,MARGINAL,42.0,single,recency,6.437246770442891,6.999479875654271,2.9091393016460905,3.354514152674897,5.0006758248,4.992533118000001,-8.734061707761713,-15.309505831391379,-0.16283212680207987
lstm_features_1_4,00_04,NEG,MARGINAL,168.0,single,ensemble,6.585470758892539,7.123412010130572,2.917685840740741,3.5175554716049384,5.531135305199999,5.715345689199999,-8.16860739244247,-20.559774547622393,3.330426283855646
lstm_features_1_4,00_04,NEG,MARGINAL,168.0,single,recency,6.585470758892539,6.702728115102851,2.917685840740741,3.1636615119341567,5.531135305199999,5.111497192,-1.7805463041799485,-8.43050570279929,-7.586835071734445
lstm_features_1_4,00_04,POS,AVERAGE,42.0,single,ensemble,1.3891228079987556,1.711775205544438,0.9489965164609052,1.3154991094650208,1.8576013172,1.2809848176,-23.227060680870437,-38.620014578232016,-31.0409178902363
lstm_features_1_4,00_04,POS,AVERAGE,42.0,single,recency,1.3891228079987556,1.08618583102672,0.9489965164609052,0.6296579901234567,1.8576013172,2.473029584,21.807789435727624,33.650126296391306,33.13026649483901
lstm_features_1_4,00_04,POS,AVERAGE,168.0,single,ensemble,0.983113807253909,1.5537498166782335,0.5339173580246913,1.190057213580247,2.4645031296,1.2657714796,-58.04373870185574,-122.89165086953626,-48.63989157094557
lstm_features_1_4,00_04,POS,AVERAGE,168.0,single,recency,0.983113807253909,1.1126854740688652,0.5339173580246913,0.6573160588477367,2.4645031296,2.4115195924,-13.179722007656816,-23.1119477515355,-2.1498669067869973
lstm_features_1_4,00_04,POS,MARGINAL,42.0,single,ensemble,2.2396616709198707,4.11269731860686,1.184462849382716,3.402498142798354,1.5715256464,0.4069947671999999,-83.63029434341745,-187.26085791306744,-74.10193284899103
lstm_features_1_4,00_04,POS,MARGINAL,42.0,single,recency,2.2396616709198707,2.724895372407459,1.184462849382716,1.8816003753086417,1.5715256464,0.5596347248,-21.665491167167854,-58.856850283589694,-64.38908101296387
lstm_features_1_4,00_04,POS,MARGINAL,168.0,single,ensemble,2.194209450643605,3.836146536585857,1.1107324312757203,3.1124229271604937,1.2016571964,0.434022306,-74.83046276464808,-180.21356354795117,-63.88135424143664
lstm_features_1_4,00_04,POS,MARGINAL,168.0,single,recency,2.194209450643605,2.4730934691095525,1.1107324312757203,1.5593483205761314,1.2016571964,0.8250460688000001,-12.709999876454154,-40.38919515343204,-31.34097883558432
lstm_features_1_4,04_08,NEG,AVERAGE,42.0,single,ensemble,1.230687901741781,1.6429208814917404,0.6247015868312757,0.9715989946502058,5.857397904,5.3190903332,-33.49614302428177,-55.530098711374464,-9.190216878255635
lstm_features_1_4,04_08,NEG,AVERAGE,42.0,single,recency,1.230687901741781,1.2374535093698753,0.6247015868312757,0.6555917987654322,5.857397904,5.7230028416000005,-0.5497419466396715,-4.944794856507942,-2.2944499349825875
lstm_features_1_4,04_08,NEG,AVERAGE,168.0,single,ensemble,1.1869200858275242,1.3880912852995249,0.6655513304526748,0.8076797679012346,5.7438048976000005,5.5921165692,-16.949009615229784,-21.35499261219885,-2.6409032184115837
lstm_features_1_4,04_08,NEG,AVERAGE,168.0,single,recency,1.1869200858275242,1.2311607845069212,0.6655513304526748,0.6255907172839505,5.7438048976000005,5.8600211588,-3.7273527685355767,6.004136922323485,2.023332325381733
lstm_features_1_4,04_08,NEG,MARGINAL,42.0,single,ensemble,4.506194090621005,5.013460194134987,1.6314813045267489,1.9851463366255144,4.264102652,4.8218367112,-11.257085099147933,-21.677541208561674,13.079752171031917
lstm_features_1_4,04_08,NEG,MARGINAL,42.0,single,recency,4.506194090621005,4.783139717668526,1.6314813045267489,1.7747426839506173,4.264102652,4.0156236976,-6.145887671015847,-8.781061666252123,-5.827227313194625
lstm_features_1_4,04_08,NEG,MARGINAL,168.0,single,ensemble,4.54922740374824,4.990329849774388,1.7653893703703705,1.986067154320988,3.1916633708,4.838365984,-9.696205682369502,-12.500232960183757,51.59386883546083
lstm_features_1_4,04_08,NEG,MARGINAL,168.0,single,recency,4.54922740374824,4.753091972103637,1.7653893703703705,1.7812517781893005,3.1916633708,4.9137490996,-4.481300894904196,-0.8985217700502038,53.95574434807497
lstm_features_1_4,04_08,POS,AVERAGE,42.0,single,ensemble,4.077741433996386,3.918549221508524,1.8478543238683127,1.7072294362139917,7.030633346000001,7.709233864400001,3.9039310133954674,7.61017174557006,9.652053876285297
lstm_features_1_4,04_08,POS,AVERAGE,42.0,single,recency,4.077741433996386,3.928127840636809,1.8478543238683127,1.6924611209876543,7.030633346000001,7.8634043924,3.6690309030444923,8.409386003727667,11.844893701842585
lstm_features_1_4,04_08,POS,AVERAGE,168.0,single,ensemble,3.841486241029308,3.889820620279816,1.785458651851852,1.7557927802469138,6.528504325600001,7.7126508,-1.2582208087658546,1.6615266656648284,18.138097416228177
lstm_features_1_4,04_08,POS,AVERAGE,168.0,single,recency,3.841486241029308,3.949186106681681,1.785458651851852,1.827408869547325,6.528504325600001,7.980161109200001,-2.8035988910249343,-2.3495485404807748,22.23567162095103
lstm_features_1_4,04_08,POS,MARGINAL,42.0,single,ensemble,20.74396524469365,20.50755778523736,4.9262150164609055,4.611556930041153,7.0730972328,5.5440786292,1.1396445022330772,6.387420877252119,-21.61738419923733
lstm_features_1_4,04_08,POS,MARGINAL,42.0,single,recency,20.74396524469365,20.58834779034659,4.9262150164609055,4.759809200823045,7.0730972328,6.8569733196,0.7501818119699646,3.3779649301099703,-3.0555767309089346
lstm_features_1_4,04_08,POS,MARGINAL,168.0,single,ensemble,20.40173037474182,20.408306476780663,4.746642262962963,4.682587486419753,6.7459988640000015,5.2566547264,-0.032233060226027024,1.3494755449134128,-22.077444239545922
lstm_features_1_4,04_08,POS,MARGINAL,168.0,single,recency,20.40173037474182,20.452839657758,4.746642262962963,4.957961763374486,6.7459988640000015,6.3851827232,-0.2505144518498945,-4.451978655741646,-5.348594745924072
lstm_features_1_4,08_12,NEG,AVERAGE,42.0,single,ensemble,3.248226339173218,5.40850167194857,1.5721836847736623,3.065727001481481,9.0442809096,8.14869233776,-66.50630550964667,-94.99801652774657,-9.902263991926457
lstm_features_1_4,08_12,NEG,AVERAGE,42.0,single,recency,3.248226339173218,4.10055473911238,1.5721836847736623,2.085183395473251,9.0442809096,9.1006898196,-26.23980938951774,-32.62975666697889,0.6236970143212284
lstm_features_1_4,08_12,NEG,AVERAGE,168.0,single,ensemble,3.606411800723369,5.6975162965321005,1.7742706563786008,3.27085679218107,9.297786312,7.8831709352,-57.982965100915564,-84.34937084836292,-15.214539561683138
lstm_features_1_4,08_12,NEG,AVERAGE,168.0,single,recency,3.606411800723369,4.048430914798034,1.7742706563786008,2.040408803292181,9.297786312,8.963029717600001,-12.25647925137129,-14.999861828115055,-3.6003902775002623
lstm_features_1_4,08_12,NEG,MARGINAL,42.0,single,ensemble,16.29421227918678,18.179478772778,4.937788586008232,5.992591467901234,8.0568572444,7.1523732488,-11.570160381421713,-21.36184778914802,-11.226263146572077
lstm_features_1_4,08_12,NEG,MARGINAL,42.0,single,recency,16.29421227918678,17.07924199380223,4.937788586008232,5.105609998765432,8.0568572444,7.0931122028,-4.817843913928871,-3.398716041280936,-11.961798656291943
lstm_features_1_4,08_12,NEG,MARGINAL,168.0,single,ensemble,15.894344162432558,18.49427855620059,4.591313866666667,6.300879679423868,7.027226968800001,7.118418145999999,-16.357607254492244,-37.234784255739875,1.2976836752943277
lstm_features_1_4,08_12,NEG,MARGINAL,168.0,single,recency,15.894344162432558,17.333599558239648,4.591313866666667,5.3390636683127575,7.027226968800001,7.4835417124,-9.055141760481535,-16.286183505658773,6.493525050862581
lstm_features_1_4,08_12,POS,AVERAGE,42.0,single,ensemble,7.372902031948523,7.320741018776574,3.885636133744856,3.472101020164609,10.336612962,13.197491272800002,0.7074692291572952,10.642661827979621,27.67713487307025
lstm_features_1_4,08_12,POS,AVERAGE,42.0,single,recency,7.372902031948523,6.903559873265621,3.885636133744856,3.488329974897119,10.336612962,11.847306414800002,6.365772346480822,10.224996504364544,14.614975508454195
lstm_features_1_4,08_12,POS,AVERAGE,168.0,single,ensemble,7.039644646813453,7.524764524073696,3.331844869135803,3.344703807407407,12.383251012,13.5306754024,-6.891255192544929,-0.3859404857267346,9.265938236155327
lstm_features_1_4,08_12,POS,AVERAGE,168.0,single,recency,7.039644646813453,7.1185450143388405,3.331844869135803,3.315175442798354,12.383251012,12.757227465199998,-1.1208004307589974,0.5003061964818547,3.020018352511753
lstm_features_1_4,08_12,POS,MARGINAL,42.0,single,ensemble,15.801317860935402,17.09372050740094,6.9084303407407415,7.371533665432099,8.9329240216,11.122836586000002,-8.179081376880985,-6.703452185952018,24.51506985959745
lstm_features_1_4,08_12,POS,MARGINAL,42.0,single,recency,15.801317860935402,16.00529715472984,6.9084303407407415,7.045079917695473,8.9329240216,8.294122679200001,-1.290900515954567,-1.9780119392515925,-7.15108894753122
lstm_features_1_4,08_12,POS,MARGINAL,168.0,single,ensemble,15.209059638570846,16.748251344244775,7.323907866666666,7.548150305761316,7.0737787916,9.960568448399998,-10.120229272889896,-3.061786728847946,40.80972478568337
lstm_features_1_4,08_12,POS,MARGINAL,168.0,single,recency,15.209059638570846,15.830509599459184,7.323907866666666,7.421494400823045,7.0737787916,8.115259481599999,-4.086051180391938,-1.3324380362637456,14.723116465512623
lstm_features_1_4,12_16,NEG,AVERAGE,42.0,single,ensemble,6.366808119236753,9.062278779074362,3.3249657777777784,6.422377481069958,18.6348621792,16.9840926896,-42.336294880530176,-93.15619799739163,-8.858501199126477
lstm_features_1_4,12_16,NEG,AVERAGE,42.0,single,recency,6.366808119236753,5.146274813067043,3.3249657777777784,3.3043337288065846,18.6348621792,19.2475757724,19.170254283020956,0.6205191376430665,3.287996376404144
lstm_features_1_4,12_16,NEG,AVERAGE,168.0,single,ensemble,5.203941647156026,9.04741019292727,3.123312195884774,6.396306476131688,20.037314478,16.9609586136,-73.8568724703459,-104.79241507010917,-15.35313461181482
lstm_features_1_4,12_16,NEG,AVERAGE,168.0,single,recency,5.203941647156026,5.072995119427471,3.123312195884774,3.216944333539095,20.037314478,18.922920012199995,2.5162950818274,-2.997847534347958,-5.561595926557698
lstm_features_1_4,12_16,NEG,MARGINAL,42.0,single,ensemble,26.972137727383103,27.629417442529032,7.806724499999999,10.279858946707815,16.859403022800002,16.609675485,-2.436884023762917,-31.679540461659904,-1.4812359456754196
lstm_features_1_4,12_16,NEG,MARGINAL,42.0,single,recency,26.972137727383103,27.13011157306588,7.806724499999999,8.412256575514402,16.859403022800002,15.5414995838,-0.5856927147542876,-7.756544700846085,-7.817023160415114
lstm_features_1_4,12_16,NEG,MARGINAL,168.0,single,ensemble,26.4537568575556,27.548050332425717,7.633429220576131,10.110643766790124,17.202035764799998,16.54559905788,-4.136627855024569,-32.4521846555751,-3.816040821536041
lstm_features_1_4,12_16,NEG,MARGINAL,168.0,single,recency,26.4537568575556,26.6742768342802,7.633429220576131,7.795271814403292,17.202035764799998,15.559510242800002,-0.8336055174016443,-2.1201820197783374,-9.5484368504863
lstm_features_1_4,12_16,POS,AVERAGE,42.0,single,ensemble,15.462118855548372,15.313603989665758,3.3537527181069966,3.7404509790123455,8.8552705296,6.441762798400001,0.9605078532255723,-11.530315244101184,-27.255042329113564
lstm_features_1_4,12_16,POS,AVERAGE,42.0,single,recency,15.462118855548372,15.204762862643092,3.3537527181069966,3.494126150205761,8.8552705296,7.29469062,1.6644290171972873,-4.185562976688306,-17.623175987492875
lstm_features_1_4,12_16,POS,AVERAGE,168.0,single,ensemble,15.506217885831107,15.453938013798949,3.0099903987654324,3.0261590135802465,9.6009712008,8.427574036400001,0.3371542462326027,-0.5371649963217755,-12.22165070448525
lstm_features_1_4,12_16,POS,AVERAGE,168.0,single,recency,15.506217885831107,15.408167916824755,3.0099903987654324,3.0546790802469137,9.6009712008,9.1283101768,0.6323267848309149,-1.4846785391677881,-4.923054283931362
lstm_features_1_4,12_16,POS,MARGINAL,42.0,single,ensemble,92.62594225857484,92.42329513935437,13.094390511111111,13.579798638271605,5.853257026400001,3.487050692,0.2187800893347591,-3.7069929046991934,-40.42546438209834
lstm_features_1_4,12_16,POS,MARGINAL,42.0,single,recency,92.62594225857484,92.08515969757364,13.094390511111111,13.611659552263376,5.853257026400001,3.3221705228,0.5838348823394897,-3.9503101783419483,-43.24236048722988
lstm_features_1_4,12_16,POS,MARGINAL,168.0,single,ensemble,91.99131623868703,92.88390123329052,12.226342944444443,12.952173850205758,6.1264968176000005,5.2443759928,-0.9702926657637106,-5.936614971945696,-14.398453978885165
lstm_features_1_4,12_16,POS,MARGINAL,168.0,single,recency,91.99131623868703,92.70314710104748,12.226342944444443,12.394227517695477,6.1264968176000005,5.9360377272,-0.7738022364127043,-1.3731381003615533,-3.1087764520313845
lstm_features_1_4,16_20,NEG,AVERAGE,42.0,single,ensemble,1.4362848794750291,2.975329528496854,0.6971093355967076,1.9102705420576127,6.1786168883200006,4.83207861228,-107.1545534604775,-174.02739348232518,-21.793522731365393
lstm_features_1_4,16_20,NEG,AVERAGE,42.0,single,recency,1.4362848794750291,1.7472186480117542,0.6971093355967076,0.9867450628395062,6.1786168883200006,5.854227095600001,-21.648474684936684,-41.54810622280333,-5.250200790620687
lstm_features_1_4,16_20,NEG,AVERAGE,168.0,single,ensemble,1.5093673185638332,2.6650995080122435,0.7860836716872427,1.736633354855967,6.0708447772000005,5.01479035864,-76.57063825577542,-120.9222017203936,-17.395510136022203
lstm_features_1_4,16_20,NEG,AVERAGE,168.0,single,recency,1.5093673185638332,1.451534373246007,0.7860836716872427,0.8203980911934156,6.0708447772000005,5.9163069988400006,3.8316017980867847,-4.365237536676053,-2.545572882054085
lstm_features_1_4,16_20,NEG,MARGINAL,42.0,single,ensemble,4.009784997036471,5.663441434859725,1.6436097284773663,3.148787686255144,5.3538121518,4.986006943039999,-41.24052633857997,-91.57757658030951,-6.869968507138256
lstm_features_1_4,16_20,NEG,MARGINAL,42.0,single,recency,4.009784997036471,4.764345875167882,1.6436097284773663,2.419315571028806,5.3538121518,5.227022461999999,-18.817988462949696,-47.19525743316515,-2.368213269443398
lstm_features_1_4,16_20,NEG,MARGINAL,168.0,single,ensemble,3.876145545823898,5.856022158889284,1.704919919588477,3.314580715308642,3.7653829234,4.765157728279999,-51.078489949854344,-94.41269218724918,26.55174321493019
lstm_features_1_4,16_20,NEG,MARGINAL,168.0,single,recency,3.876145545823898,4.611268293505333,1.704919919588477,2.3663973004938272,3.7653829234,5.2099974302400005,-18.96530300502894,-38.79814959666924,38.36567319255721
lstm_features_1_4,16_20,POS,AVERAGE,42.0,single,ensemble,16.52103130037042,16.83965034664083,6.8828336563786,6.745440903703703,16.630941584000002,17.692510655600003,-1.9285663254161736,1.9961655262083722,6.383096628884177
lstm_features_1_4,16_20,POS,AVERAGE,42.0,single,recency,16.52103130037042,15.343702664240128,6.8828336563786,6.466929683539096,16.630941584000002,16.1794535496,7.126241786757559,6.042627115564084,-2.7147472806612467
lstm_features_1_4,16_20,POS,AVERAGE,168.0,single,ensemble,17.329268057019366,18.266205013041425,6.699846351851853,7.052737061728395,18.830946212,19.729299154,-5.406673570627496,-5.267146309691148,4.770620296432711
lstm_features_1_4,16_20,POS,AVERAGE,168.0,single,recency,17.329268057019366,16.94116680998063,6.699846351851853,6.485477378600823,18.830946212,18.881607182,2.2395709141421767,3.1996102894475817,0.2690304004358288
lstm_features_1_4,16_20,POS,MARGINAL,42.0,single,ensemble,33.00649220325679,35.75712610932989,12.68523868106996,14.320794661728392,15.491003652,16.6984924168,-8.333614760194632,-12.893379634229152,7.794774256890097
lstm_features_1_4,16_20,POS,MARGINAL,42.0,single,recency,33.00649220325679,31.578444288887503,12.68523868106996,12.429394084362135,15.491003652,13.379385412,4.326566742007137,2.016868607207354,-13.631255194542383
lstm_features_1_4,16_20,POS,MARGINAL,168.0,single,ensemble,32.420615446835626,34.28853823197555,12.585901432098764,13.74801359053498,12.932806024,16.381830876,-5.761527840836349,-9.233443982585104,26.66880525076682
lstm_features_1_4,16_20,POS,MARGINAL,168.0,single,recency,32.420615446835626,31.0202679387637,12.585901432098764,12.216346552674896,12.932806024,14.0133579248,4.319311921663741,2.9362607153538045,8.355123387722434
lstm_features_1_4,20_24,NEG,AVERAGE,42.0,single,ensemble,0.498872120857906,0.669483961793869,0.2914977035802469,0.5015428295061729,2.01262893096,1.6352009535999998,-34.199514024268055,-72.05721463534697,-18.75298379915326
lstm_features_1_4,20_24,NEG,AVERAGE,42.0,single,recency,0.498872120857906,0.503142045598098,0.2914977035802469,0.310472814074074,2.01262893096,1.8251218394800004,-0.8559156869397918,-6.50952314916039,-9.316525694110986
lstm_features_1_4,20_24,NEG,AVERAGE,168.0,single,ensemble,0.5117794602847974,0.7691744989769206,0.3411993290123456,0.5866340774897119,1.81808723404,1.5650609521600003,-50.29413227113234,-71.93295168188494,-13.91716949234312
lstm_features_1_4,20_24,NEG,AVERAGE,168.0,single,recency,0.5117794602847974,0.4998399113265211,0.3411993290123456,0.3286100165020575,1.81808723404,1.8322139876,2.3329480537636433,3.689723701019526,0.777011866950342
lstm_features_1_4,20_24,NEG,MARGINAL,42.0,single,ensemble,1.4672525324266186,1.5890245863509846,0.7872163023868313,1.0725585512345677,1.12533280456,0.85407589336,-8.299324842395952,-36.246994375317406,-24.10459466753572
lstm_features_1_4,20_24,NEG,MARGINAL,42.0,single,recency,1.4672525324266186,1.5166461586021314,0.7872163023868313,0.8966795166255145,1.12533280456,0.94984882288,-3.366402516533609,-13.905100022292721,-15.593963045324477
lstm_features_1_4,20_24,NEG,MARGINAL,168.0,single,ensemble,1.4715328792081612,1.5023671114053356,0.7623352554320988,1.028689807037037,1.2095662568,0.8354263766000002,-2.0953818044328343,-34.93929340234512,-30.931739216156334
lstm_features_1_4,20_24,NEG,MARGINAL,168.0,single,recency,1.4715328792081612,1.3955804428260297,0.7623352554320988,0.7764856574074073,1.2095662568,1.07094125764,5.161450175887468,-1.8561914688423924,-11.460719772949286
lstm_features_1_4,20_24,POS,AVERAGE,42.0,single,ensemble,3.0688086163864767,2.7170516167414296,1.8956199716049384,1.960789293415638,11.6661387144,12.067297428400002,11.462330943897086,-3.437889597434629,3.4386588726639613
lstm_features_1_4,20_24,POS,AVERAGE,42.0,single,recency,3.0688086163864767,2.0473666065824125,1.8956199716049384,1.3102770460905349,11.6661387144,11.734394412,33.284643569816765,30.8787064012002,0.5850753130146557
lstm_features_1_4,20_24,POS,AVERAGE,168.0,single,ensemble,2.041471986876083,3.576897483613089,1.3714956625514405,2.484867552263374,13.2949032084,12.1008708232,-75.2116858133604,-81.1793956125745,-8.981128831728427
lstm_features_1_4,20_24,POS,AVERAGE,168.0,single,recency,2.041471986876083,2.2453069289685117,1.3714956625514405,1.5171273057613168,13.2949032084,13.0627988568,-9.984704340927179,-10.618454522776453,-1.7458145272795225
lstm_features_1_4,20_24,POS,MARGINAL,42.0,single,ensemble,5.263949006626558,6.4035555737274015,2.7389432300411527,3.951026966255145,9.9780289568,9.3400556204,-21.649270645787823,-44.25370058494351,-6.3937811682258445
lstm_features_1_4,20_24,POS,MARGINAL,42.0,single,recency,5.263949006626558,5.069385440920381,2.7389432300411527,2.947525689300411,9.9780289568,6.7607791524000005,3.6961521751303033,-7.615435653119561,-32.243340025661595
lstm_features_1_4,20_24,POS,MARGINAL,168.0,single,ensemble,5.152577597471593,6.774997018049176,2.734977930452676,4.112217488888889,7.216062605200001,9.273257518000005,-31.487530073757963,-50.35651451155443,28.508551343741928
lstm_features_1_4,20_24,POS,MARGINAL,168.0,single,recency,5.152577597471593,5.818448101262502,2.734977930452676,3.124351045679013,7.216062605200001,9.4299126124,-12.92305629938802,-14.236791854546716,30.679473395985596
lstm_features_4,00_04,NEG,AVERAGE,42.0,single,ensemble,2.56417718496334,2.7321407224300702,1.2517642098765434,1.4644472139917697,6.004702522,5.9414660912,-6.550387330941463,-16.990660256711003,-1.0531151304883903
lstm_features_4,00_04,NEG,AVERAGE,42.0,single,recency,2.56417718496334,2.8568189397489947,1.2517642098765434,1.388551387654321,6.004702522,5.9424166624,-11.412696302803992,-10.927551426899191,-1.0372846843252717
lstm_features_4,00_04,NEG,AVERAGE,168.0,single,ensemble,2.962153586579697,2.830470238707854,1.4806303617283951,1.484958416872428,5.301445134800001,6.0217459188,4.44552735106128,-0.2923116569742959,13.586876138201752
lstm_features_4,00_04,NEG,AVERAGE,168.0,single,recency,2.962153586579697,2.683048747439061,1.4806303617283951,1.257167181069959,5.301445134800001,6.1261827636,9.422362176125688,15.092435386613257,15.556845498338125
lstm_features_4,00_04,NEG,MARGINAL,42.0,single,ensemble,6.407614366873921,6.89575732704287,2.95790063909465,3.323698520164609,4.522170386400001,5.4550246948000005,-7.618170074225279,-12.366807601147881,20.62846440296612
lstm_features_4,00_04,NEG,MARGINAL,42.0,single,recency,6.407614366873921,6.975042438227921,2.95790063909465,3.429302916872428,4.522170386400001,4.7052986256,-8.855527796546072,-15.937055881703454,4.049565220955411
lstm_features_4,00_04,NEG,MARGINAL,168.0,single,ensemble,6.260001854156777,6.780470237493364,3.004931633333334,3.2340189366255143,4.0440542212,4.3284620188,-8.314188964512596,-7.623710993985471,7.032739474882888
lstm_features_4,00_04,NEG,MARGINAL,168.0,single,recency,6.260001854156777,6.5357402477350055,3.004931633333334,3.1235451921810697,4.0440542212,3.9683683068,-4.404765365926082,-3.947296422054015,-1.8715355991824782
lstm_features_4,00_04,POS,AVERAGE,42.0,single,ensemble,0.9117907768153124,1.914598404532249,0.5004400654320987,1.594541513168724,2.5824349684,0.8455073503999999,-109.98220789417572,-218.62786841256144,-67.25929749457153
lstm_features_4,00_04,POS,AVERAGE,42.0,single,recency,0.9117907768153124,1.139618645703184,0.5004400654320987,0.6995586255144032,2.5824349684,2.126192318,-24.986858244346912,-39.78869275991681,-17.667149646857286
lstm_features_4,00_04,POS,AVERAGE,168.0,single,ensemble,1.0217287498525458,1.7733636202614074,0.5735789790123458,1.3776130016460904,2.2701872268,1.1418445612,-73.565011312184,-140.17843262286613,-49.70262594554741
lstm_features_4,00_04,POS,AVERAGE,168.0,single,recency,1.0217287498525458,1.096568315207003,0.5735789790123458,0.6425139419753086,2.2701872268,2.4466704492,-7.324797835556438,-12.018390750941222,7.773950109338176
lstm_features_4,00_04,POS,MARGINAL,42.0,single,ensemble,2.2104632494690875,4.688734546919249,1.1579580522633743,4.0028328707818925,2.0500955344,0.3694209628,-112.11547163452713,-245.68030015922022,-81.98030498573237
lstm_features_4,00_04,POS,MARGINAL,42.0,single,recency,2.2104632494690875,2.986302427848736,1.1579580522633743,2.2704868172839507,2.0500955344,0.4491437139999999,-35.098488000919744,-96.07677608407312,-78.09157151637568
lstm_features_4,00_04,POS,MARGINAL,168.0,single,ensemble,2.3015677711086577,4.841784523043208,1.2675797600823044,4.059398856790124,0.8683617428,0.3777704644,-110.36897474068019,-220.24800210809187,-56.49618750108759
lstm_features_4,00_04,POS,MARGINAL,168.0,single,recency,2.3015677711086577,3.049125731987553,1.2675797600823044,2.254695316872428,0.8683617428,0.4847442608,-32.48038012449223,-77.87403900532696,-44.17715142113928
lstm_features_4,04_08,NEG,AVERAGE,42.0,single,ensemble,1.4170612370324107,1.4669379848267885,0.7251715032921812,0.8681655897119342,5.688993097599999,5.4045439044,-3.5197312925466053,-19.718657692777384,-4.999991884679898
lstm_features_4,04_08,NEG,AVERAGE,42.0,single,recency,1.4170612370324107,1.375540552218694,0.7251715032921812,0.6758250395061729,5.688993097599999,5.7099045876000005,2.930055789308629,6.804799080215088,0.3675780518844933
lstm_features_4,04_08,NEG,AVERAGE,168.0,single,ensemble,1.2027164489071998,1.5984421667361557,0.6079944720164608,0.8793867897119341,5.750801584,5.521277328400001,-32.90266115413291,-44.63730020363171,-3.991169791678896
lstm_features_4,04_08,NEG,AVERAGE,168.0,single,recency,1.2027164489071998,1.348736484847248,0.6079944720164608,0.6913546971193416,5.750801584,5.704295944000002,-12.140852989307959,-13.710687997936907,-0.8086810042166561
lstm_features_4,04_08,NEG,MARGINAL,42.0,single,ensemble,4.73029548247727,4.988614737324374,1.85351808436214,2.0289341679012343,3.4682645240000003,3.4691578464,-5.4609538834098785,-9.463953172027512,0.025757043438236274
lstm_features_4,04_08,NEG,MARGINAL,42.0,single,recency,4.73029548247727,5.095838696088253,1.85351808436214,2.117502474074074,3.4682645240000003,2.367147102,-7.727703585644669,-14.242342275434583,-31.748369087201727
lstm_features_4,04_08,NEG,MARGINAL,168.0,single,ensemble,4.514998319482173,4.604340232603914,1.8281005847736624,1.7094634666666666,4.077787604399999,3.2566697724,-1.9787806506202128,6.489638431010311,-20.136356074897076
lstm_features_4,04_08,NEG,MARGINAL,168.0,single,recency,4.514998319482173,4.571818121393382,1.8281005847736624,1.7195495744855969,4.077787604399999,2.6893253772,-1.2584678418601511,5.937912344221765,-34.04940035870985
lstm_features_4,04_08,POS,AVERAGE,42.0,single,ensemble,3.820356486925436,3.927385804742775,1.5602490625514405,1.8304259909465024,7.814887222399999,6.966466724,-2.8015531582885065,-17.316269234172626,-10.856465029567548
lstm_features_4,04_08,POS,AVERAGE,42.0,single,recency,3.820356486925436,3.899363369932025,1.5602490625514405,1.754119600411523,7.814887222399999,7.5124978836,-2.0680500177660868,-12.42561476326416,-3.869401185128465
lstm_features_4,04_08,POS,AVERAGE,168.0,single,ensemble,3.79951426370343,3.922391273758324,1.6264436823045263,1.9000599625514405,7.810873652000001,7.530493009600001,-3.2340189173319365,-16.822979069230616,-3.5896194829397543
lstm_features_4,04_08,POS,AVERAGE,168.0,single,recency,3.79951426370343,3.9000921793096905,1.6264436823045263,1.8538967921810696,7.810873652000001,7.7836454856,-2.6471256225322355,-13.984690177176159,-0.3485930974319193
lstm_features_4,04_08,POS,MARGINAL,42.0,single,ensemble,20.92421609424197,20.493310156222776,4.987086013580247,4.796419044444445,7.3915104856,4.268615554800001,2.0593647861330053,3.8232139693720977,-42.24975310369867
lstm_features_4,04_08,POS,MARGINAL,42.0,single,recency,20.92421609424197,20.51800017841773,4.987086013580247,4.641849788888888,7.3915104856,5.0342265828,1.9413674280300774,6.922604177093637,-31.891775130298683
lstm_features_4,04_08,POS,MARGINAL,168.0,single,ensemble,20.499902669150927,20.449632480950093,4.999920959259259,4.9211206,4.5807941664000005,4.3143649856,0.24522159452240927,1.5760320993340924,-5.816222495964806
lstm_features_4,04_08,POS,MARGINAL,168.0,single,recency,20.499902669150927,20.436290273746216,4.999920959259259,4.916474371193416,4.5807941664000005,5.592067328,0.31030584111229575,1.6689581444544705,22.076372019019324
lstm_features_4,08_12,NEG,AVERAGE,42.0,single,ensemble,3.6064560546460105,5.852717068023948,1.758218620576132,3.347758355843622,9.343288718,7.70349296892,-62.28444154987544,-90.40626214882369,-17.550519935458126
lstm_features_4,08_12,NEG,AVERAGE,42.0,single,recency,3.6064560546460105,4.147383406055262,1.758218620576132,2.0883843353909466,9.343288718,8.851111914,-14.998861575268682,-18.778422145627484,-5.267704112062949
lstm_features_4,08_12,NEG,AVERAGE,168.0,single,ensemble,3.801947603502348,5.486175420148614,1.8958344522633743,3.1093487850617283,8.987339590000001,7.835599302120001,-44.29908016340779,-64.00950944580521,-12.815141525991896
lstm_features_4,08_12,NEG,AVERAGE,168.0,single,recency,3.801947603502348,4.379308168287907,1.8958344522633743,2.3009823353909464,8.987339590000001,8.7417781916,-15.185915877791048,-21.37042517841573,-2.7323035470166466
lstm_features_4,08_12,NEG,MARGINAL,42.0,single,ensemble,16.56135754720193,18.557105592502783,4.994722240740741,6.384121227572016,8.198968604,7.366272770399999,-12.05063075060558,-27.817342383892424,-10.15610467387027
lstm_features_4,08_12,NEG,MARGINAL,42.0,single,recency,16.56135754720193,17.440931463309187,4.994722240740741,5.275566955555557,8.198968604,7.248828185600002,-5.311001308922672,-5.622829484371201,-11.588535879213591
lstm_features_4,08_12,NEG,MARGINAL,168.0,single,ensemble,15.522377455285405,17.14059626024511,4.45152767325103,5.66186304691358,6.717435051600001,7.7626129024,-10.425070577115102,-27.189213737463326,15.559180591571959
lstm_features_4,08_12,NEG,MARGINAL,168.0,single,recency,15.522377455285405,16.410826363998655,4.45152767325103,4.951950015226338,6.717435051600001,8.096962279600001,-5.723665149056996,-11.24158668005855,20.536517545806657
lstm_features_4,08_12,POS,AVERAGE,42.0,single,ensemble,7.170519622806648,7.479359392630828,3.2342988748971195,3.4757575000000003,13.6705783848,12.927335796799998,-4.307076558885363,-7.465563154257391,-5.436804260062596
lstm_features_4,08_12,POS,AVERAGE,42.0,single,recency,7.170519622806648,6.995677222796823,3.2342988748971195,3.549861577366256,13.6705783848,11.5251297604,2.43835048514083,-9.756757636666288,-15.693912605669084
lstm_features_4,08_12,POS,AVERAGE,168.0,single,ensemble,7.010168515568705,7.5504845764441715,3.168241998765432,3.5512120366255147,13.3837746388,12.9168955884,-7.707604455948413,-12.087777322859624,-3.4883959346304554
lstm_features_4,08_12,POS,AVERAGE,168.0,single,recency,7.010168515568705,7.005941249838765,3.168241998765432,3.543256174897119,13.3837746388,11.7604155032,0.06030191315019389,-11.836664505988443,-12.129307160431619
lstm_features_4,08_12,POS,MARGINAL,42.0,single,ensemble,15.66370658013784,17.142120595125046,6.855468394650206,7.38572186090535,8.8891845804,10.6243163732,-9.438468522271036,-7.7347518175262415,19.519583344301765
lstm_features_4,08_12,POS,MARGINAL,42.0,single,recency,15.66370658013784,16.01772813818152,6.855468394650206,7.151203949794239,8.8891845804,7.890538650799999,-2.260139107129307,-4.313863592089716,-11.234392992602968
lstm_features_4,08_12,POS,MARGINAL,168.0,single,ensemble,15.124449213991555,17.245670613379488,7.255584425102881,7.629210289711934,6.9128398232,10.3335435172,-14.02511502650689,-5.149493723984274,49.48333509073749
lstm_features_4,08_12,POS,MARGINAL,168.0,single,recency,15.124449213991555,16.21969030378677,7.255584425102881,7.484199492181069,6.9128398232,8.3928720732,-7.241527108187267,-3.1508842525107306,21.409902266690782
lstm_features_4,12_16,NEG,AVERAGE,42.0,single,ensemble,4.2523607396830805,10.522171319527905,2.4414276049382715,7.450608763497942,20.955275862000004,15.73348567708,-147.44305489736274,-205.17426559884916,-24.918737502230282
lstm_features_4,12_16,NEG,AVERAGE,42.0,single,recency,4.2523607396830805,5.470454559022353,2.4414276049382715,3.515134988888889,20.955275862000004,18.924819112,-28.645119591383832,-43.978669765952986,-9.689477549097807
lstm_features_4,12_16,NEG,AVERAGE,168.0,single,ensemble,4.9879065705620205,7.503043053425326,2.615754975720165,5.134264798395061,19.17288072,18.12495512356,-50.42469114612764,-96.28232942504503,-5.465665862860482
lstm_features_4,12_16,NEG,AVERAGE,168.0,single,recency,4.9879065705620205,5.356126484148987,2.615754975720165,3.4577709469135804,19.17288072,20.0125622764,-7.382253624399325,-32.19016991305132,4.379527357743882
lstm_features_4,12_16,NEG,MARGINAL,42.0,single,ensemble,26.39776127406569,28.356547803397085,6.974364334156377,11.169276775144032,17.386678296,16.88115491976,-7.420275185440789,-60.14759539365353,-2.907532811234568
lstm_features_4,12_16,NEG,MARGINAL,42.0,single,recency,26.39776127406569,26.779938455516664,6.974364334156377,8.424723243786008,17.386678296,15.39524909944,-1.4477636095089672,-20.79557132578546,-11.453764558455937
lstm_features_4,12_16,NEG,MARGINAL,168.0,single,ensemble,26.940907856024594,26.936314689745604,7.126322502057612,7.893757015884772,15.9188756984,15.75015526576,0.017049040453784442,-10.769011837530153,-1.0598765631228513
lstm_features_4,12_16,NEG,MARGINAL,168.0,single,recency,26.940907856024594,26.58956657164344,7.126322502057612,7.29211207366255,15.9188756984,16.2916860788,1.304118206627492,-2.326439359951345,2.3419391385628554
lstm_features_4,12_16,POS,AVERAGE,42.0,single,ensemble,15.433228838427826,15.419479297244107,3.3432973823045278,3.0644957139917697,8.437865438,8.490393815600001,0.08909050288610648,8.339122621529429,0.6225315867617374
lstm_features_4,12_16,POS,AVERAGE,42.0,single,recency,15.433228838427826,15.382350522592365,3.3432973823045278,3.0338030921810706,8.437865438,9.5518774272,0.3296673454927187,9.257157073778565,13.202533240018727
lstm_features_4,12_16,POS,AVERAGE,168.0,single,ensemble,15.43601280582002,15.513895239439243,3.116485226748971,2.9881702522633744,9.2651273976,9.2963889144,-0.5045502008773798,4.117297697555629,0.337410544490698
lstm_features_4,12_16,POS,AVERAGE,168.0,single,recency,15.43601280582002,15.4401716668618,3.116485226748971,3.0270051934156377,9.2651273976,9.519916918400002,-0.026942586107549498,2.8711842612094287,2.7499839976944154
lstm_features_4,12_16,POS,MARGINAL,42.0,single,ensemble,91.9160823112792,92.96566824266408,13.409535313168725,12.410891782304525,3.3481880267999995,4.9613781992,-1.1418958521648022,7.4472642604064765,48.18099101626
lstm_features_4,12_16,POS,MARGINAL,42.0,single,recency,91.9160823112792,92.84148525416424,13.409535313168725,11.96097890493827,3.3481880267999995,6.2415023096,-1.006791107296231,10.802435538597008,86.41433096471765
lstm_features_4,12_16,POS,MARGINAL,168.0,single,ensemble,92.28520806203194,93.02822803773913,12.1478497345679,12.591227295061728,5.359662418800001,6.0553421536,-0.805134421117352,-3.649843965653879,12.979917025366639
lstm_features_4,12_16,POS,MARGINAL,168.0,single,recency,92.28520806203194,92.99858393989932,12.1478497345679,12.424516716460904,5.359662418800001,6.675455133600001,-0.7730121574715024,-2.277497564904181,24.54991773706894
lstm_features_4,16_20,NEG,AVERAGE,42.0,single,ensemble,1.2820771762614922,2.642203974113816,0.7389941031687243,1.694102631934156,5.8534164294,5.07717083668,-106.08774752690182,-129.24440461297766,-13.26141070061487
lstm_features_4,16_20,NEG,AVERAGE,42.0,single,recency,1.2820771762614922,1.5695805825965488,0.7389941031687243,0.8533550901234568,5.8534164294,6.080309551480001,-22.42481276933811,-15.475223207379512,3.8762511571939924
lstm_features_4,16_20,NEG,AVERAGE,168.0,single,ensemble,1.3472747642830134,2.544648038907603,0.6760288946502058,1.5722192322633743,6.198686138400001,5.217962904119999,-88.8737254172353,-132.5668687692528,-15.82146945954494
lstm_features_4,16_20,NEG,AVERAGE,168.0,single,recency,1.3472747642830134,1.759216257593348,0.6760288946502058,0.974479460617284,6.198686138400001,5.861007346000001,-30.575908065015962,-44.147604980923774,-5.447586550771249
lstm_features_4,16_20,NEG,MARGINAL,42.0,single,ensemble,3.843218776730053,5.889703967046205,1.4524370432921812,3.3034288016049382,2.9476300504800004,4.855193296,-53.24925041236851,-127.4404124337939,64.71515125208359
lstm_features_4,16_20,NEG,MARGINAL,42.0,single,recency,3.843218776730053,4.689789650162988,1.4524370432921812,2.3480614410288063,2.9476300504800004,5.2923027758000005,-22.02765240841239,-61.66356069427622,79.54433511553415
lstm_features_4,16_20,NEG,MARGINAL,168.0,single,ensemble,3.924261232263348,5.139232972899882,1.5636999459670782,2.6149889925925933,5.304528569,4.96220622676,-30.960521451722766,-67.23086800232254,-6.453398031269988
lstm_features_4,16_20,NEG,MARGINAL,168.0,single,recency,3.924261232263348,4.360627250403871,1.5636999459670782,1.9528981238683127,5.304528569,5.440136151,-11.119698519378268,-24.889569057350897,2.5564492722783854
lstm_features_4,16_20,POS,AVERAGE,42.0,single,ensemble,16.924303688098213,18.28424160567286,6.907603390946504,6.9127186213991765,16.527488276,18.78443023,-8.035414293180084,-0.07405217357117444,13.655686310649918
lstm_features_4,16_20,POS,AVERAGE,42.0,single,recency,16.924303688098213,16.71257497594722,6.907603390946504,6.4933963106995884,16.527488276,17.832559404,1.2510335199189822,5.996393492854544,7.896366986961531
lstm_features_4,16_20,POS,AVERAGE,168.0,single,ensemble,16.91359377161836,17.80029102490916,7.038833656378599,6.901785804526748,15.26920932,19.513432468,-5.242512414947038,1.9470250121290802,27.795958906927876
lstm_features_4,16_20,POS,AVERAGE,168.0,single,recency,16.91359377161836,15.937543278394658,7.038833656378599,6.592827024279834,15.26920932,17.3740153884,5.770804870940852,6.33637124944121,13.784643489319853
lstm_features_4,16_20,POS,MARGINAL,42.0,single,ensemble,33.03009004262635,35.88562252980385,13.181801613168728,14.61938856831276,13.26292274,17.447621641599998,-8.645245845507372,-10.90584578141329,31.551860654207488
lstm_features_4,16_20,POS,MARGINAL,42.0,single,recency,33.03009004262635,31.970753786386396,13.181801613168728,12.474157366255142,13.26292274,14.437698522,3.2071854932058796,5.368342413882517,8.857593496016996
lstm_features_4,16_20,POS,MARGINAL,168.0,single,ensemble,29.027878008037774,35.21184888715016,13.11688066872428,14.095443269547324,10.129553456,17.475287044,-21.303558177418463,-7.460330131357503,72.51784217248917
lstm_features_4,16_20,POS,MARGINAL,168.0,single,recency,29.027878008037774,31.72834962072026,13.11688066872428,12.80167490329218,10.129553456,12.792300076,-9.303027978602943,2.4030543037848267,26.286910193684655
lstm_features_4,20_24,NEG,AVERAGE,42.0,single,ensemble,0.4936756233567367,0.8493396811975945,0.3055067148559671,0.6516228218106995,1.99213299512,1.3939276152400002,-72.04407935367108,-113.29247120408168,-30.028385722508737
lstm_features_4,20_24,NEG,AVERAGE,42.0,single,recency,0.4936756233567367,0.4965056898883897,0.3055067148559671,0.3059447158436214,1.99213299512,1.92636309568,-0.5732643861185698,-0.14336869415809197,-3.301481356973269
lstm_features_4,20_24,NEG,AVERAGE,168.0,single,ensemble,0.5100853079112134,0.7354913732710665,0.3014559562962963,0.5477733429218107,2.0225524946,1.5002739318399998,-44.189876058748936,-81.70924524158777,-25.822744485219967
lstm_features_4,20_24,NEG,AVERAGE,168.0,single,recency,0.5100853079112134,0.4971643540827781,0.3014559562962963,0.3278607688065843,2.0225524946,1.8243035915600003,2.5330966463916234,-8.759094640125525,-9.801916319566653
lstm_features_4,20_24,NEG,MARGINAL,42.0,single,ensemble,1.5522137426047111,1.9247897495710715,0.780581831893004,1.3403526630041154,1.3096386720400002,0.6291361468400001,-24.002880321182747,-71.71199844013796,-51.961089705757836
lstm_features_4,20_24,NEG,MARGINAL,42.0,single,recency,1.5522137426047111,1.63900562114331,0.780581831893004,1.000060408312757,1.3096386720400002,0.7512868556000001,-5.591490150896142,-28.11730525260771,-42.6340355061649
lstm_features_4,20_24,NEG,MARGINAL,168.0,single,ensemble,1.5465899810142398,1.505021181696811,0.7980267965020575,0.850842098106996,1.56031465308,1.06641467552,2.687771149931302,-6.61823661015401,-31.653870364228197
lstm_features_4,20_24,NEG,MARGINAL,168.0,single,recency,1.5465899810142398,1.5043217696636308,0.7980267965020575,0.8058770112757201,1.56031465308,1.0746293554,2.7329939977297584,-0.9837031548404032,-31.127394511182494
lstm_features_4,20_24,POS,AVERAGE,42.0,single,ensemble,1.80624690942114,3.433853565590532,1.100678193415638,2.470536488477366,13.236454984800002,11.564002162,-90.10986525042702,-124.45584034065101,-12.635201983616856
lstm_features_4,20_24,POS,AVERAGE,42.0,single,recency,1.80624690942114,2.0586917401460867,1.100678193415638,1.3328390135802468,13.236454984800002,12.9151188772,-13.97620831394803,-21.09252473188049,-2.4276598830200875
lstm_features_4,20_24,POS,AVERAGE,168.0,single,ensemble,2.0416281052235696,3.9303698733071,1.3089326604938274,2.744756283950617,12.330734157600002,11.5223265416,-92.5115481732998,-109.69423155161316,-6.556037991474684
lstm_features_4,20_24,POS,AVERAGE,168.0,single,recency,2.0416281052235696,2.596253745692669,1.3089326604938274,1.7124660152263371,12.330734157600002,12.9916488528,-27.165850580234085,-30.829191364227,5.359897365013298
lstm_features_4,20_24,POS,MARGINAL,42.0,single,ensemble,5.012478482078544,7.487474687438528,2.733451469547325,5.042363064609054,9.1721599264,8.560243488800001,-49.37669486680106,-84.46872464299129,-6.671454079629988
lstm_features_4,20_24,POS,MARGINAL,42.0,single,recency,5.012478482078544,5.813063371402512,2.733451469547325,3.6447911967078186,9.1721599264,9.273724289200002,-15.971836930300123,-33.3402563503868,1.1073112943405092
lstm_features_4,20_24,POS,MARGINAL,168.0,single,ensemble,5.086223900798518,7.159497751984672,2.968517028395062,4.768961481481481,5.5317709044,8.806331842800002,-40.76253605077546,-60.651309588742194,59.19552698387055
lstm_features_4,20_24,POS,MARGINAL,168.0,single,recency,5.086223900798518,5.715866620742832,2.968517028395062,3.4451189958847737,5.5317709044,9.4895643684,-12.379374801912729,-16.055220937957287,71.54659027639684
