MODEL,MODEL_BASE,MODEL_NAME,MODEL_GROUP,PRODUCT,PRODUCT_SIGN,PRICE_TYPE,LOOKBACK,STRATEGY,SPIKE_QUANTILE,SPIKE_THRESHOLD,N_ALL,N_SPIKES,N_NON_SPIKES,RMSE_ALL,MAE_ALL,RMSE_SPIKES,MAE_SPIKES,RMSE_NON_SPIKES,MAE_NON_SPIKES,SPIKE_RMSE_PREMIUM
bidirectional_lstm_ts168_ensemble,bidirectional_lstm,"BiLSTM (168 TimeSteps), Ensemble",DEEP_LEARNING,00_04,NEG,AVERAGE,168.0,ensemble,0.95,21.354999699999993,243,13,230,2.9287735746561636,1.6524654526748972,9.296853522919243,7.783184538461539,2.04384053427325,1.305946547826087,3.174316240548124
bidirectional_lstm_ts168_ensemble,bidirectional_lstm,"BiLSTM (168 TimeSteps), Ensemble",DEEP_LEARNING,00_04,NEG,MARGINAL,168.0,ensemble,0.95,30.95700019999999,243,13,230,6.964589358521462,3.3632216238683124,24.28077594052569,20.386300692307692,4.233720049439325,2.4010475895652177,3.486318387288284
bidirectional_lstm_ts168_ensemble,bidirectional_lstm,"BiLSTM (168 TimeSteps), Ensemble",DEEP_LEARNING,00_04,POS,AVERAGE,168.0,ensemble,0.95,6.615998999999995,243,13,230,2.3543564662734915,1.8546769802469134,2.823521904491855,2.363161023076923,2.3250133657325733,1.8259365778260872,1.199275447426602
bidirectional_lstm_ts168_ensemble,bidirectional_lstm,"BiLSTM (168 TimeSteps), Ensemble",DEEP_LEARNING,00_04,POS,MARGINAL,168.0,ensemble,0.95,8.348998999999997,243,13,230,3.621198836956565,2.7836177893004113,5.7467860650454226,4.761505238461539,3.462310447531835,2.671824150869565,1.586984400413457
bidirectional_lstm_ts168_ensemble,bidirectional_lstm,"BiLSTM (168 TimeSteps), Ensemble",DEEP_LEARNING,04_08,NEG,AVERAGE,168.0,ensemble,0.95,15.850998899999993,243,13,230,1.3714897870829657,0.9396950082304527,2.327715192555005,1.8235381538461535,1.2965536510910654,0.8897386565217391,1.6972165702420896
bidirectional_lstm_ts168_ensemble,bidirectional_lstm,"BiLSTM (168 TimeSteps), Ensemble",DEEP_LEARNING,04_08,NEG,MARGINAL,168.0,ensemble,0.95,23.936002999999996,243,13,230,4.630062629217984,1.8584940176954732,16.934658115598875,8.79783723076923,2.5376583151024885,1.4662702708695654,3.6575440705127424
bidirectional_lstm_ts168_ensemble,bidirectional_lstm,"BiLSTM (168 TimeSteps), Ensemble",DEEP_LEARNING,04_08,POS,AVERAGE,168.0,ensemble,0.95,17.267000599999992,243,13,230,4.162750695758668,2.1956875041152264,14.90832867485983,10.234053569230769,2.3969785826119803,1.7413450743478258,3.5813647668234334
bidirectional_lstm_ts168_ensemble,bidirectional_lstm,"BiLSTM (168 TimeSteps), Ensemble",DEEP_LEARNING,04_08,POS,MARGINAL,168.0,ensemble,0.95,28.057999999999993,243,13,230,20.60842721519604,5.114325686008231,87.44147897161393,44.490555076923066,4.06774586833841,2.8887127204347824,4.2429962295782175
bidirectional_lstm_ts168_ensemble,bidirectional_lstm,"BiLSTM (168 TimeSteps), Ensemble",DEEP_LEARNING,08_12,NEG,AVERAGE,168.0,ensemble,0.95,30.666997199999983,243,13,230,4.570586186692925,2.5755839522633748,14.750792444209155,12.980858076923075,3.1261285303831254,1.9874597626086958,3.2273305527320515
bidirectional_lstm_ts168_ensemble,bidirectional_lstm,"BiLSTM (168 TimeSteps), Ensemble",DEEP_LEARNING,08_12,NEG,MARGINAL,168.0,ensemble,0.95,38.971993299999994,243,13,230,16.961909926932158,6.396474941152262,68.97899727315797,50.42846869230769,5.918770998758045,3.9077100769565223,4.066699892305935
bidirectional_lstm_ts168_ensemble,bidirectional_lstm,"BiLSTM (168 TimeSteps), Ensemble",DEEP_LEARNING,08_12,POS,AVERAGE,168.0,ensemble,0.95,40.626993999999996,243,13,230,8.52392154932156,3.9047810057613166,31.769220983387047,28.102980615384606,4.440439045129559,2.53705668,3.7270663273426816
bidirectional_lstm_ts168_ensemble,bidirectional_lstm,"BiLSTM (168 TimeSteps), Ensemble",DEEP_LEARNING,08_12,POS,MARGINAL,168.0,ensemble,0.95,65.84398649999996,243,13,230,17.04484023922748,7.636297190946502,64.21108261806509,59.19005192307692,8.596798681445513,4.722389314782609,3.7671859469992497
bidirectional_lstm_ts168_ensemble,bidirectional_lstm,"BiLSTM (168 TimeSteps), Ensemble",DEEP_LEARNING,12_16,NEG,AVERAGE,168.0,ensemble,0.95,63.1119874,243,13,230,5.983848008215485,3.3606622307407408,13.84221278095278,12.824212076923073,5.196183832435567,2.825765935086957,2.3132627636845395
bidirectional_lstm_ts168_ensemble,bidirectional_lstm,"BiLSTM (168 TimeSteps), Ensemble",DEEP_LEARNING,12_16,NEG,MARGINAL,168.0,ensemble,0.95,80.81896099999997,243,13,230,28.917794822926005,7.955728448971194,110.52871594882139,52.59283565384616,13.892487915733982,5.43276152,3.822169588851025
bidirectional_lstm_ts168_ensemble,bidirectional_lstm,"BiLSTM (168 TimeSteps), Ensemble",DEEP_LEARNING,12_16,POS,AVERAGE,168.0,ensemble,0.95,28.66400339999996,243,13,230,15.448724716893993,3.2103422724279835,66.2433665218833,39.588780615384614,2.0310045393746066,1.1541696704347828,4.287950477196522
bidirectional_lstm_ts168_ensemble,bidirectional_lstm,"BiLSTM (168 TimeSteps), Ensemble",DEEP_LEARNING,12_16,POS,MARGINAL,168.0,ensemble,0.95,49.48499509999998,243,13,230,92.9707758136774,12.775443981481482,401.53984022260704,194.5190103076923,4.344496790557978,2.5029815369565216,4.318989883738654
bidirectional_lstm_ts168_ensemble,bidirectional_lstm,"BiLSTM (168 TimeSteps), Ensemble",DEEP_LEARNING,16_20,NEG,AVERAGE,168.0,ensemble,0.95,21.622996099999995,243,13,230,1.5767267322564573,1.0738494460493826,3.1921676310737026,2.365387615384616,1.4320025235771057,1.0008494625652173,2.0245535042748872
bidirectional_lstm_ts168_ensemble,bidirectional_lstm,"BiLSTM (168 TimeSteps), Ensemble",DEEP_LEARNING,16_20,NEG,MARGINAL,168.0,ensemble,0.95,26.906999899999995,243,13,230,3.963404196044242,2.202458474526749,10.488092497947369,6.7640893076923065,3.221653707381288,1.9446271665652173,2.64623338402256
bidirectional_lstm_ts168_ensemble,bidirectional_lstm,"BiLSTM (168 TimeSteps), Ensemble",DEEP_LEARNING,16_20,POS,AVERAGE,168.0,ensemble,0.95,68.41501239999997,243,13,230,19.44576824286707,8.298429080246914,77.42156676970848,71.00177099999999,7.7919198133718135,4.754327145652174,3.9814095181406675
bidirectional_lstm_ts168_ensemble,bidirectional_lstm,"BiLSTM (168 TimeSteps), Ensemble",DEEP_LEARNING,16_20,POS,MARGINAL,168.0,ensemble,0.95,110.30499099999996,243,13,230,34.74135500500751,13.98883181893004,138.0490614855834,124.5811462307692,14.071809741349114,7.7379618739130445,3.9736234083467794
bidirectional_lstm_ts168_ensemble,bidirectional_lstm,"BiLSTM (168 TimeSteps), Ensemble",DEEP_LEARNING,20_24,NEG,AVERAGE,168.0,ensemble,0.95,5.679999999999998,243,13,230,0.6973774857704893,0.49613636720164606,1.6248688045106052,1.2018710230769232,0.6038172401910412,0.4562470170869565,2.329970263831199
bidirectional_lstm_ts168_ensemble,bidirectional_lstm,"BiLSTM (168 TimeSteps), Ensemble",DEEP_LEARNING,20_24,NEG,MARGINAL,168.0,ensemble,0.95,8.973000049999994,243,13,230,1.7983921994566416,1.0186785041563786,6.1084547425838505,5.005490161538461,1.1436825965819553,0.7933369756956522,3.396619905507504
bidirectional_lstm_ts168_ensemble,bidirectional_lstm,"BiLSTM (168 TimeSteps), Ensemble",DEEP_LEARNING,20_24,POS,AVERAGE,168.0,ensemble,0.95,30.47800149999999,243,13,230,5.416005377449893,3.863813049794239,13.123307680989793,12.829640769230771,4.6105130828464205,3.3570488743478255,2.4230603122423147
bidirectional_lstm_ts168_ensemble,bidirectional_lstm,"BiLSTM (168 TimeSteps), Ensemble",DEEP_LEARNING,20_24,POS,MARGINAL,168.0,ensemble,0.95,37.204999599999994,243,13,230,8.052670489115608,5.578015102057614,22.739082416408323,20.132118,6.26779230556179,4.755391894782609,2.8237939758175385
bidirectional_lstm_ts168_recency,bidirectional_lstm,"BiLSTM (168 TimeSteps), Weighted Ensemble",DEEP_LEARNING,00_04,NEG,AVERAGE,168.0,recency,0.95,21.354999699999993,243,13,230,2.842424679830912,1.6786533473251029,8.560866093498381,7.094558846153846,2.096103321781146,1.3725369495652173,3.0118180982046794
bidirectional_lstm_ts168_recency,bidirectional_lstm,"BiLSTM (168 TimeSteps), Weighted Ensemble",DEEP_LEARNING,00_04,NEG,MARGINAL,168.0,recency,0.95,30.95700019999999,243,13,230,6.921801682927303,3.626919532098765,22.962173162540868,18.670479076923076,4.562635161630937,2.7766313839130436,3.317369409640457
bidirectional_lstm_ts168_recency,bidirectional_lstm,"BiLSTM (168 TimeSteps), Weighted Ensemble",DEEP_LEARNING,00_04,POS,AVERAGE,168.0,recency,0.95,6.615998999999995,243,13,230,1.6097606269017652,1.0519790275720167,2.5290738749534856,1.4911949384615384,1.5415156621137944,1.0271537804347826,1.5710869260239528
bidirectional_lstm_ts168_recency,bidirectional_lstm,"BiLSTM (168 TimeSteps), Weighted Ensemble",DEEP_LEARNING,00_04,POS,MARGINAL,168.0,recency,0.95,8.348998999999997,243,13,230,2.560874986572607,1.6192103419753086,6.041146043135779,4.26957476923077,2.205894098178297,1.4694071352173914,2.3590163810460174
bidirectional_lstm_ts168_recency,bidirectional_lstm,"BiLSTM (168 TimeSteps), Weighted Ensemble",DEEP_LEARNING,04_08,NEG,AVERAGE,168.0,recency,0.95,15.850998899999993,243,13,230,1.3135405209099225,0.7286129888888889,2.6103934321632734,2.052037769230769,1.199067488760793,0.6538107186956522,1.9872957024233926
bidirectional_lstm_ts168_recency,bidirectional_lstm,"BiLSTM (168 TimeSteps), Weighted Ensemble",DEEP_LEARNING,04_08,NEG,MARGINAL,168.0,recency,0.95,23.936002999999996,243,13,230,4.638323771453759,1.897221927983539,17.04564101485311,9.17124676923077,2.511463380314762,1.4860813934782608,3.6749571299354566
bidirectional_lstm_ts168_recency,bidirectional_lstm,"BiLSTM (168 TimeSteps), Weighted Ensemble",DEEP_LEARNING,04_08,POS,AVERAGE,168.0,recency,0.95,17.267000599999992,243,13,230,4.170380390603363,2.1605704979423868,15.212717261870258,10.62809336153846,2.300969245681038,1.6819713795652174,3.6478008807415554
bidirectional_lstm_ts168_recency,bidirectional_lstm,"BiLSTM (168 TimeSteps), Weighted Ensemble",DEEP_LEARNING,04_08,POS,MARGINAL,168.0,recency,0.95,28.057999999999993,243,13,230,20.540523834254685,5.088419275308643,87.19951033653406,44.13275157692307,3.997868003883887,2.8815657104347827,4.245242771808702
bidirectional_lstm_ts168_recency,bidirectional_lstm,"BiLSTM (168 TimeSteps), Weighted Ensemble",DEEP_LEARNING,08_12,NEG,AVERAGE,168.0,recency,0.95,30.666997199999983,243,13,230,3.832496762748471,2.108781370781893,12.01718496071625,10.082406,2.712151474001208,1.6580982395652175,3.1356021164902796
bidirectional_lstm_ts168_recency,bidirectional_lstm,"BiLSTM (168 TimeSteps), Weighted Ensemble",DEEP_LEARNING,08_12,NEG,MARGINAL,168.0,recency,0.95,38.971993299999994,243,13,230,15.915412880615566,5.32937688106996,65.61482263119007,46.09458946153847,4.926867284064157,3.02525617,4.1227219880111745
bidirectional_lstm_ts168_recency,bidirectional_lstm,"BiLSTM (168 TimeSteps), Weighted Ensemble",DEEP_LEARNING,08_12,POS,AVERAGE,168.0,recency,0.95,40.626993999999996,243,13,230,8.047954807078975,3.91449307037037,30.040371495504463,25.912771384615386,4.174194092233214,2.6711121221739136,3.7326714942634833
bidirectional_lstm_ts168_recency,bidirectional_lstm,"BiLSTM (168 TimeSteps), Weighted Ensemble",DEEP_LEARNING,08_12,POS,MARGINAL,168.0,recency,0.95,65.84398649999996,243,13,230,16.378224894065774,7.566352597530864,61.20772009502434,55.51325707692308,8.464974877433578,4.856310170434783,3.7371400436198297
bidirectional_lstm_ts168_recency,bidirectional_lstm,"BiLSTM (168 TimeSteps), Weighted Ensemble",DEEP_LEARNING,12_16,NEG,AVERAGE,168.0,recency,0.95,63.1119874,243,13,230,5.487514993389176,2.666344544444444,11.683172345514965,9.93815738461538,4.909157700857335,2.2553290360869567,2.1290460909154167
bidirectional_lstm_ts168_recency,bidirectional_lstm,"BiLSTM (168 TimeSteps), Weighted Ensemble",DEEP_LEARNING,12_16,NEG,MARGINAL,168.0,recency,0.95,80.81896099999997,243,13,230,28.43900703362225,7.617303444032921,108.91556856007305,47.53448143076923,13.564503940554522,5.361115123043478,3.8297950568846066
bidirectional_lstm_ts168_recency,bidirectional_lstm,"BiLSTM (168 TimeSteps), Weighted Ensemble",DEEP_LEARNING,12_16,POS,AVERAGE,168.0,recency,0.95,28.66400339999996,243,13,230,15.36655821526596,3.08216438436214,65.88187181547154,38.651757461538466,2.0370338893623026,1.0717091234782608,4.287353803795893
bidirectional_lstm_ts168_recency,bidirectional_lstm,"BiLSTM (168 TimeSteps), Weighted Ensemble",DEEP_LEARNING,12_16,POS,MARGINAL,168.0,recency,0.95,49.48499509999998,243,13,230,92.90667071548808,12.380588811522633,401.3042647640763,192.20033615384617,4.1201264665652095,2.2168639617391306,4.31943434926225
bidirectional_lstm_ts168_recency,bidirectional_lstm,"BiLSTM (168 TimeSteps), Weighted Ensemble",DEEP_LEARNING,16_20,NEG,AVERAGE,168.0,recency,0.95,21.622996099999995,243,13,230,1.46737857338497,0.9357231495884775,2.3565763835293256,1.7954395384615387,1.400361274807662,0.8871304841304348,1.6059770983933215
bidirectional_lstm_ts168_recency,bidirectional_lstm,"BiLSTM (168 TimeSteps), Weighted Ensemble",DEEP_LEARNING,16_20,NEG,MARGINAL,168.0,recency,0.95,26.906999899999995,243,13,230,3.9897744601942313,1.9752455564609055,12.021287257744257,8.189274923076926,2.9410878228319284,1.624017809652174,3.0130242643237115
bidirectional_lstm_ts168_recency,bidirectional_lstm,"BiLSTM (168 TimeSteps), Weighted Ensemble",DEEP_LEARNING,16_20,POS,AVERAGE,168.0,recency,0.95,68.41501239999997,243,13,230,17.27248525367781,7.440115660493827,68.11844155854047,60.09037769230769,7.275548219900966,4.464231284782607,3.9437545065517474
bidirectional_lstm_ts168_recency,bidirectional_lstm,"BiLSTM (168 TimeSteps), Weighted Ensemble",DEEP_LEARNING,16_20,POS,MARGINAL,168.0,recency,0.95,110.30499099999996,243,13,230,33.2914695177086,14.056875236625514,129.81324645893145,119.56671076923077,14.781452189777506,8.093275836956522,3.8992945742416207
bidirectional_lstm_ts168_recency,bidirectional_lstm,"BiLSTM (168 TimeSteps), Weighted Ensemble",DEEP_LEARNING,20_24,NEG,AVERAGE,168.0,recency,0.95,5.679999999999998,243,13,230,0.5803306326099413,0.34815179872427987,1.6348028605283955,1.2164917307692305,0.4525045288173645,0.29907171560869567,2.8170197619521464
bidirectional_lstm_ts168_recency,bidirectional_lstm,"BiLSTM (168 TimeSteps), Weighted Ensemble",DEEP_LEARNING,20_24,NEG,MARGINAL,168.0,recency,0.95,8.973000049999994,243,13,230,1.7583156897332974,0.8864415957201647,6.182562928709343,5.029672892307692,1.0516316534843877,0.6522589572173911,3.5161848152803086
bidirectional_lstm_ts168_recency,bidirectional_lstm,"BiLSTM (168 TimeSteps), Weighted Ensemble",DEEP_LEARNING,20_24,POS,AVERAGE,168.0,recency,0.95,30.47800149999999,243,13,230,4.454075198042033,3.0008075711934157,11.226564775345775,10.701442538461539,3.7197242358336853,2.5655542904347826,2.5205153205048854
bidirectional_lstm_ts168_recency,bidirectional_lstm,"BiLSTM (168 TimeSteps), Weighted Ensemble",DEEP_LEARNING,20_24,POS,MARGINAL,168.0,recency,0.95,37.204999599999994,243,13,230,6.758601637080763,4.31285494526749,20.7237991508322,18.059951,4.897531358354011,3.5358451682608694,3.066285048837915
bidirectional_lstm_ts168_single,bidirectional_lstm,"BiLSTM (168 TimeSteps), Single",DEEP_LEARNING,00_04,NEG,AVERAGE,168.0,single,0.95,21.354999699999993,243,13,230,2.857917653297584,1.5656450707818932,9.081758715858163,7.53452123076923,1.9918650177075454,1.2282738095652173,3.177753811548507
bidirectional_lstm_ts168_single,bidirectional_lstm,"BiLSTM (168 TimeSteps), Single",DEEP_LEARNING,00_04,NEG,MARGINAL,168.0,single,0.95,30.95700019999999,243,13,230,6.6001657396086095,3.248834266666667,22.600233157877273,19.521396,4.141830423317004,2.329080777391304,3.4241917626779883
bidirectional_lstm_ts168_single,bidirectional_lstm,"BiLSTM (168 TimeSteps), Single",DEEP_LEARNING,00_04,POS,AVERAGE,168.0,single,0.95,6.615998999999995,243,13,230,1.211858950701507,0.7625892967078189,2.7573203726557103,1.7547579153846156,1.0591910592462674,0.7065102008695652,2.275281600271702
bidirectional_lstm_ts168_single,bidirectional_lstm,"BiLSTM (168 TimeSteps), Single",DEEP_LEARNING,00_04,POS,MARGINAL,168.0,single,0.95,8.348998999999997,243,13,230,2.504745161782159,1.5054084218107,5.886419050641148,4.413907092307692,2.160989872793527,1.3410150186956522,2.3501069651544446
bidirectional_lstm_ts168_single,bidirectional_lstm,"BiLSTM (168 TimeSteps), Single",DEEP_LEARNING,04_08,NEG,AVERAGE,168.0,single,0.95,15.850998899999993,243,13,230,1.2620854184493189,0.6654986345679013,2.069261853313472,1.7211147692307684,1.2003639006438358,0.6058333747826088,1.639557690045974
bidirectional_lstm_ts168_single,bidirectional_lstm,"BiLSTM (168 TimeSteps), Single",DEEP_LEARNING,04_08,NEG,MARGINAL,168.0,single,0.95,23.936002999999996,243,13,230,4.612845923782081,1.9283380251028805,16.96487422832246,9.368015269230767,2.492726809658691,1.507834528695652,3.6777456929263592
bidirectional_lstm_ts168_single,bidirectional_lstm,"BiLSTM (168 TimeSteps), Single",DEEP_LEARNING,04_08,POS,AVERAGE,168.0,single,0.95,17.267000599999992,243,13,230,4.04884205393861,1.8800466308641974,15.15133932160433,10.046431461538463,2.0843188424332704,1.418468357826087,3.7421413628287863
bidirectional_lstm_ts168_single,bidirectional_lstm,"BiLSTM (168 TimeSteps), Single",DEEP_LEARNING,04_08,POS,MARGINAL,168.0,single,0.95,28.057999999999993,243,13,230,20.594109208429018,4.956558990946503,87.59999944038522,43.894610230769224,3.788789790795838,2.75571261652174,4.253643532419998
bidirectional_lstm_ts168_single,bidirectional_lstm,"BiLSTM (168 TimeSteps), Single",DEEP_LEARNING,08_12,NEG,AVERAGE,168.0,single,0.95,30.666997199999983,243,13,230,3.4729073379976945,1.8649088497942383,10.628711035353339,8.108296307692306,2.5214215015773274,1.5120217326086955,3.0604649076186767
bidirectional_lstm_ts168_single,bidirectional_lstm,"BiLSTM (168 TimeSteps), Single",DEEP_LEARNING,08_12,NEG,MARGINAL,168.0,single,0.95,38.971993299999994,243,13,230,15.95845299892038,4.8988328806584365,66.83493903207427,46.65444438461538,4.072992700802805,2.5387331000000004,4.188058769643636
bidirectional_lstm_ts168_single,bidirectional_lstm,"BiLSTM (168 TimeSteps), Single",DEEP_LEARNING,08_12,POS,AVERAGE,168.0,single,0.95,40.626993999999996,243,13,230,7.666502044212468,3.506134426748971,28.222768240336883,24.590372000000002,4.132357054736018,2.3144166508695654,3.6813096869442017
bidirectional_lstm_ts168_single,bidirectional_lstm,"BiLSTM (168 TimeSteps), Single",DEEP_LEARNING,08_12,POS,MARGINAL,168.0,single,0.95,65.84398649999996,243,13,230,16.861063420560452,6.92575555473251,64.31647013929067,58.18155584615385,8.158188309917676,4.02868858173913,3.814496662224928
bidirectional_lstm_ts168_single,bidirectional_lstm,"BiLSTM (168 TimeSteps), Single",DEEP_LEARNING,12_16,NEG,AVERAGE,168.0,single,0.95,63.1119874,243,13,230,5.372996523585457,2.818151474074074,10.682104824208983,8.825511307692304,4.904210056471032,2.4786050486956523,1.988109386879093
bidirectional_lstm_ts168_single,bidirectional_lstm,"BiLSTM (168 TimeSteps), Single",DEEP_LEARNING,12_16,NEG,MARGINAL,168.0,single,0.95,80.81896099999997,243,13,230,26.835875213272654,7.412594322222223,108.3369126145292,48.32171646153846,9.873190307116328,5.100339592608696,4.037018049664624
bidirectional_lstm_ts168_single,bidirectional_lstm,"BiLSTM (168 TimeSteps), Single",DEEP_LEARNING,12_16,POS,AVERAGE,168.0,single,0.95,28.66400339999996,243,13,230,15.833498794901551,3.706976652674897,67.46589676054116,43.50451976923077,2.7572901782824983,1.4575503026086956,4.260959478031819
bidirectional_lstm_ts168_single,bidirectional_lstm,"BiLSTM (168 TimeSteps), Single",DEEP_LEARNING,12_16,POS,MARGINAL,168.0,single,0.95,49.48499509999998,243,13,230,92.85512293092383,12.825531509465025,400.9411925380329,193.35979730769233,4.829271386201521,2.6214208339130436,4.317922155316066
bidirectional_lstm_ts168_single,bidirectional_lstm,"BiLSTM (168 TimeSteps), Single",DEEP_LEARNING,16_20,NEG,AVERAGE,168.0,single,0.95,21.622996099999995,243,13,230,1.419971769451854,0.8629250869958849,2.9522556470183563,2.201301307692308,1.2797080907942875,0.7872777353913042,2.079094606337141
bidirectional_lstm_ts168_single,bidirectional_lstm,"BiLSTM (168 TimeSteps), Single",DEEP_LEARNING,16_20,NEG,MARGINAL,168.0,single,0.95,26.906999899999995,243,13,230,3.904776411615641,1.7702605276543208,13.750085022140654,10.00613646153846,2.328692354552931,1.3047544966086952,3.5213501549635247
bidirectional_lstm_ts168_single,bidirectional_lstm,"BiLSTM (168 TimeSteps), Single",DEEP_LEARNING,16_20,POS,AVERAGE,168.0,single,0.95,68.41501239999997,243,13,230,18.35108983034612,7.371541691358023,70.02100772714003,63.62703484615384,8.869843193558689,4.191883382608696,3.815632116374386
bidirectional_lstm_ts168_single,bidirectional_lstm,"BiLSTM (168 TimeSteps), Single",DEEP_LEARNING,16_20,POS,MARGINAL,168.0,single,0.95,110.30499099999996,243,13,230,34.168396749414214,13.402342228395062,134.63660586969968,121.4167353846154,14.4532643266225,7.297180876086956,3.9403840589040193
bidirectional_lstm_ts168_single,bidirectional_lstm,"BiLSTM (168 TimeSteps), Single",DEEP_LEARNING,20_24,NEG,AVERAGE,168.0,single,0.95,5.679999999999998,243,13,230,0.6068173540373276,0.37188888485596705,1.6446265612428583,1.228731969230769,0.4859633164935224,0.32345862356521743,2.7102497156692906
bidirectional_lstm_ts168_single,bidirectional_lstm,"BiLSTM (168 TimeSteps), Single",DEEP_LEARNING,20_24,NEG,MARGINAL,168.0,single,0.95,8.973000049999994,243,13,230,1.7991018586111343,0.9250249761728394,6.032074459234009,4.7383135076923075,1.1675271382531405,0.7094912765652173,3.3528254280669985
bidirectional_lstm_ts168_single,bidirectional_lstm,"BiLSTM (168 TimeSteps), Single",DEEP_LEARNING,20_24,POS,AVERAGE,168.0,single,0.95,30.47800149999999,243,13,230,2.5876673894506346,1.6510882057613168,6.77989214290987,6.174843461538462,2.1157415031493545,1.3953976913043478,2.6200786741565154
bidirectional_lstm_ts168_single,bidirectional_lstm,"BiLSTM (168 TimeSteps), Single",DEEP_LEARNING,20_24,POS,MARGINAL,168.0,single,0.95,37.204999599999994,243,13,230,5.311952628306451,2.967475540329218,17.505508550279426,13.83116123076923,3.534264274594084,2.35344113173913,3.2954941007936864
bidirectional_lstm_ts42_ensemble,bidirectional_lstm,"BiLSTM (42 TimeSteps), Ensemble",DEEP_LEARNING,00_04,NEG,AVERAGE,42.0,ensemble,0.95,21.354999699999993,243,13,230,3.02721296695634,1.8151543444444442,8.655196512899844,7.015143615384615,2.3340531192458682,1.5212419073913042,2.859130364257809
bidirectional_lstm_ts42_ensemble,bidirectional_lstm,"BiLSTM (42 TimeSteps), Ensemble",DEEP_LEARNING,00_04,NEG,MARGINAL,42.0,ensemble,0.95,30.95700019999999,243,13,230,7.049857716345283,3.594376687242798,23.821880953906835,19.719929307692308,4.520462577361953,2.682932408695652,3.3790584026504775
bidirectional_lstm_ts42_ensemble,bidirectional_lstm,"BiLSTM (42 TimeSteps), Ensemble",DEEP_LEARNING,00_04,POS,AVERAGE,42.0,ensemble,0.95,6.615998999999995,243,13,230,1.3886474937014854,1.0091394144032924,2.8137606272836386,1.8170047384615389,1.260887949938523,0.963477461304348,2.0262598247907158
bidirectional_lstm_ts42_ensemble,bidirectional_lstm,"BiLSTM (42 TimeSteps), Ensemble",DEEP_LEARNING,00_04,POS,MARGINAL,42.0,ensemble,0.95,8.348998999999997,243,13,230,3.392363368006246,2.671637139506173,6.153143970644197,4.8927727153846154,3.1652186209255344,2.546094693913043,1.813822195073552
bidirectional_lstm_ts42_ensemble,bidirectional_lstm,"BiLSTM (42 TimeSteps), Ensemble",DEEP_LEARNING,04_08,NEG,AVERAGE,42.0,ensemble,0.95,15.850998899999993,243,13,230,1.3239806822682858,0.799863204526749,2.4226138779371214,1.845714,1.232993853444438,0.7407498986956521,1.8297954874890034
bidirectional_lstm_ts42_ensemble,bidirectional_lstm,"BiLSTM (42 TimeSteps), Ensemble",DEEP_LEARNING,04_08,NEG,MARGINAL,42.0,ensemble,0.95,23.936002999999996,243,13,230,4.777431291524398,2.0047125613168726,18.466603340095716,12.243271569230767,2.199797206193671,1.4260114,3.8653833437347735
bidirectional_lstm_ts42_ensemble,bidirectional_lstm,"BiLSTM (42 TimeSteps), Ensemble",DEEP_LEARNING,04_08,POS,AVERAGE,42.0,ensemble,0.95,17.267000599999992,243,13,230,4.128990662229034,2.0468592567901234,15.259847970486735,10.347737215384615,2.202353034036088,1.5776791982608698,3.695781661624953
bidirectional_lstm_ts42_ensemble,bidirectional_lstm,"BiLSTM (42 TimeSteps), Ensemble",DEEP_LEARNING,04_08,POS,MARGINAL,42.0,ensemble,0.95,28.057999999999993,243,13,230,20.737160857936974,5.259448504115227,87.84886058165496,45.23247788461538,4.258373468528247,3.000103365217391,4.23630125567703
bidirectional_lstm_ts42_ensemble,bidirectional_lstm,"BiLSTM (42 TimeSteps), Ensemble",DEEP_LEARNING,08_12,NEG,AVERAGE,42.0,ensemble,0.95,30.666997199999983,243,13,230,4.8640251715998675,2.758669827572016,15.029704070906664,13.377533538461538,3.496879337620785,2.1584731830434785,3.089972510558188
bidirectional_lstm_ts42_ensemble,bidirectional_lstm,"BiLSTM (42 TimeSteps), Ensemble",DEEP_LEARNING,08_12,NEG,MARGINAL,42.0,ensemble,0.95,38.971993299999994,243,13,230,16.351759090432328,5.645306388065843,67.6743200412905,48.68988100000001,4.861458651546503,3.2123521708695653,4.138656866641817
bidirectional_lstm_ts42_ensemble,bidirectional_lstm,"BiLSTM (42 TimeSteps), Ensemble",DEEP_LEARNING,08_12,POS,AVERAGE,42.0,ensemble,0.95,40.626993999999996,243,13,230,7.388297565176306,3.5728429222222227,27.881619105283107,24.03752692307692,3.7058272270194292,2.4161433917391304,3.7737542186577824
bidirectional_lstm_ts42_ensemble,bidirectional_lstm,"BiLSTM (42 TimeSteps), Ensemble",DEEP_LEARNING,08_12,POS,MARGINAL,42.0,ensemble,0.95,65.84398649999996,243,13,230,17.274671847545097,7.17672332962963,65.38009992238692,60.39136611538462,8.583458508340419,4.168939172173913,3.784737591509044
bidirectional_lstm_ts42_ensemble,bidirectional_lstm,"BiLSTM (42 TimeSteps), Ensemble",DEEP_LEARNING,12_16,NEG,AVERAGE,42.0,ensemble,0.95,63.1119874,243,13,230,5.383989189121413,2.889693888888889,10.63025832460137,9.462791538461534,4.923277638976769,2.518170978260869,1.9744204438746409
bidirectional_lstm_ts42_ensemble,bidirectional_lstm,"BiLSTM (42 TimeSteps), Ensemble",DEEP_LEARNING,12_16,NEG,MARGINAL,42.0,ensemble,0.95,80.81896099999997,243,13,230,28.33897484389549,8.077157892592592,108.97993246803651,51.47941855384616,13.3117400758362,5.6239866378260865,3.845584855075021
bidirectional_lstm_ts42_ensemble,bidirectional_lstm,"BiLSTM (42 TimeSteps), Ensemble",DEEP_LEARNING,12_16,POS,AVERAGE,42.0,ensemble,0.95,28.66400339999996,243,13,230,15.261327540825045,3.5381754353909467,65.24524769873338,37.39456353846154,2.337243112533732,1.624553499130435,4.275201323357885
bidirectional_lstm_ts42_ensemble,bidirectional_lstm,"BiLSTM (42 TimeSteps), Ensemble",DEEP_LEARNING,12_16,POS,MARGINAL,42.0,ensemble,0.95,49.48499509999998,243,13,230,92.24553321082865,12.890627293004115,398.4291332515428,188.82284015384616,4.19620203516801,2.9466326530434785,4.319224133497354
bidirectional_lstm_ts42_ensemble,bidirectional_lstm,"BiLSTM (42 TimeSteps), Ensemble",DEEP_LEARNING,16_20,NEG,AVERAGE,42.0,ensemble,0.95,21.622996099999995,243,13,230,1.429256402780828,0.8805981738271604,2.932386755320852,2.036132692307693,1.2931398459834333,0.815285353217391,2.0516869818567636
bidirectional_lstm_ts42_ensemble,bidirectional_lstm,"BiLSTM (42 TimeSteps), Ensemble",DEEP_LEARNING,16_20,NEG,MARGINAL,42.0,ensemble,0.95,26.906999899999995,243,13,230,4.208613060910006,2.013851860493827,13.624713825135911,10.906384538461536,2.867275830456263,1.5112304482608696,3.237340574661885
bidirectional_lstm_ts42_ensemble,bidirectional_lstm,"BiLSTM (42 TimeSteps), Ensemble",DEEP_LEARNING,16_20,POS,AVERAGE,42.0,ensemble,0.95,68.41501239999997,243,13,230,19.165763454430028,7.872591973251029,76.31254059925092,68.17721692307691,7.6764707388433235,4.46406969347826,3.981711491989213
bidirectional_lstm_ts42_ensemble,bidirectional_lstm,"BiLSTM (42 TimeSteps), Ensemble",DEEP_LEARNING,16_20,POS,MARGINAL,42.0,ensemble,0.95,110.30499099999996,243,13,230,35.06218896409354,13.753035236625516,140.04334626683513,125.98061961538461,13.796024827087153,7.409736989130434,3.9941415640150315
bidirectional_lstm_ts42_ensemble,bidirectional_lstm,"BiLSTM (42 TimeSteps), Ensemble",DEEP_LEARNING,20_24,NEG,AVERAGE,42.0,ensemble,0.95,5.679999999999998,243,13,230,0.6705151715045546,0.388025733744856,2.0105781350851863,1.5920790230769233,0.49650516418018814,0.31997054782608697,2.9985572594482734
bidirectional_lstm_ts42_ensemble,bidirectional_lstm,"BiLSTM (42 TimeSteps), Ensemble",DEEP_LEARNING,20_24,NEG,MARGINAL,42.0,ensemble,0.95,8.973000049999994,243,13,230,1.800187639475569,0.9928773345679012,6.192399653954928,5.006957907692307,1.1209246579091208,0.7659945195652172,3.439863444323448
bidirectional_lstm_ts42_ensemble,bidirectional_lstm,"BiLSTM (42 TimeSteps), Ensemble",DEEP_LEARNING,20_24,POS,AVERAGE,42.0,ensemble,0.95,30.47800149999999,243,13,230,3.410733670690131,2.2009369699588475,8.662635701409215,8.128135692307692,2.837105053187372,1.86592139,2.53981592753808
bidirectional_lstm_ts42_ensemble,bidirectional_lstm,"BiLSTM (42 TimeSteps), Ensemble",DEEP_LEARNING,20_24,POS,MARGINAL,42.0,ensemble,0.95,37.204999599999994,243,13,230,6.3665350840003105,4.046394775308642,20.229226330481037,16.634516153846157,4.4377736721651555,3.3348922626086956,3.1774310615705152
bidirectional_lstm_ts42_recency,bidirectional_lstm,"BiLSTM (42 TimeSteps), Weighted Ensemble",DEEP_LEARNING,00_04,NEG,AVERAGE,42.0,recency,0.95,21.354999699999993,243,13,230,3.021777930837544,1.7941706201646088,8.781006246629799,7.183402307692308,2.2998001365313003,1.4895618726086957,2.9059072002011654
bidirectional_lstm_ts42_recency,bidirectional_lstm,"BiLSTM (42 TimeSteps), Weighted Ensemble",DEEP_LEARNING,00_04,NEG,MARGINAL,42.0,recency,0.95,30.95700019999999,243,13,230,7.195237444881938,3.6324480810699593,24.507531848111668,20.223676615384615,4.55517472299814,2.69468299,3.4060768717986063
bidirectional_lstm_ts42_recency,bidirectional_lstm,"BiLSTM (42 TimeSteps), Weighted Ensemble",DEEP_LEARNING,00_04,POS,AVERAGE,42.0,recency,0.95,6.615998999999995,243,13,230,1.0584933601477378,0.6405538337448561,2.712122925819859,1.4544045461538462,0.8763467922674777,0.5945535760869565,2.5622484069633824
bidirectional_lstm_ts42_recency,bidirectional_lstm,"BiLSTM (42 TimeSteps), Weighted Ensemble",DEEP_LEARNING,00_04,POS,MARGINAL,42.0,recency,0.95,8.348998999999997,243,13,230,2.5218312848404154,1.639909374074074,6.710887342449378,4.653940692307692,2.04293343024612,1.4695510821739128,2.661116698325856
bidirectional_lstm_ts42_recency,bidirectional_lstm,"BiLSTM (42 TimeSteps), Weighted Ensemble",DEEP_LEARNING,04_08,NEG,AVERAGE,42.0,recency,0.95,15.850998899999993,243,13,230,1.2336052757938476,0.6694455666666667,2.1167171556134345,1.701613923076923,1.163851608952402,0.6111056160869566,1.7158788124112783
bidirectional_lstm_ts42_recency,bidirectional_lstm,"BiLSTM (42 TimeSteps), Weighted Ensemble",DEEP_LEARNING,04_08,NEG,MARGINAL,42.0,recency,0.95,23.936002999999996,243,13,230,4.748570917195579,1.870406888888889,18.554159044417244,12.011890961538462,2.0893626307389965,1.2971925717391306,3.9073142989670244
bidirectional_lstm_ts42_recency,bidirectional_lstm,"BiLSTM (42 TimeSteps), Weighted Ensemble",DEEP_LEARNING,04_08,POS,AVERAGE,42.0,recency,0.95,17.267000599999992,243,13,230,4.008741253097145,1.9684056362139921,15.020525148405135,10.243494530769233,2.055746219101379,1.5006832204347824,3.746943042732007
bidirectional_lstm_ts42_recency,bidirectional_lstm,"BiLSTM (42 TimeSteps), Weighted Ensemble",DEEP_LEARNING,04_08,POS,MARGINAL,42.0,recency,0.95,28.057999999999993,243,13,230,20.772483756475022,5.185502816460906,88.0195803866494,45.83361226923076,4.240971420005444,2.8880009778260876,4.237316125435057
bidirectional_lstm_ts42_recency,bidirectional_lstm,"BiLSTM (42 TimeSteps), Weighted Ensemble",DEEP_LEARNING,08_12,NEG,AVERAGE,42.0,recency,0.95,30.666997199999983,243,13,230,3.970945559340088,2.125465097942387,12.539148920973448,10.366718307692308,2.7879632387582087,1.6596551339130434,3.157723704239669
bidirectional_lstm_ts42_recency,bidirectional_lstm,"BiLSTM (42 TimeSteps), Weighted Ensemble",DEEP_LEARNING,08_12,NEG,MARGINAL,42.0,recency,0.95,38.971993299999994,243,13,230,16.726220020916394,5.91518216872428,68.99750621336462,49.519430923076925,5.147695882239812,3.450594195652174,4.1251105227052
bidirectional_lstm_ts42_recency,bidirectional_lstm,"BiLSTM (42 TimeSteps), Weighted Ensemble",DEEP_LEARNING,08_12,POS,AVERAGE,42.0,recency,0.95,40.626993999999996,243,13,230,7.235902118687973,3.4061523370370366,27.208579833357298,23.346900999999995,3.6707263209623506,2.2790665430434784,3.7602194428648255
bidirectional_lstm_ts42_recency,bidirectional_lstm,"BiLSTM (42 TimeSteps), Weighted Ensemble",DEEP_LEARNING,08_12,POS,MARGINAL,42.0,recency,0.95,65.84398649999996,243,13,230,16.623171370614436,6.773637788888888,63.2459048416416,57.81019792307692,8.1153557047045,3.8889626508695647,3.8046834404561554
bidirectional_lstm_ts42_recency,bidirectional_lstm,"BiLSTM (42 TimeSteps), Weighted Ensemble",DEEP_LEARNING,12_16,NEG,AVERAGE,42.0,recency,0.95,63.1119874,243,13,230,5.34514216056415,2.9500886913580247,11.051684604038751,9.791713846153844,4.825127095650119,2.5633881391304345,2.067612847713728
bidirectional_lstm_ts42_recency,bidirectional_lstm,"BiLSTM (42 TimeSteps), Weighted Ensemble",DEEP_LEARNING,12_16,NEG,MARGINAL,42.0,recency,0.95,80.81896099999997,243,13,230,27.77161870139801,7.71903883292181,108.25910502242554,48.41242230769231,12.345818166057855,5.418978027826087,3.8981921142744134
bidirectional_lstm_ts42_recency,bidirectional_lstm,"BiLSTM (42 TimeSteps), Weighted Ensemble",DEEP_LEARNING,12_16,POS,AVERAGE,42.0,recency,0.95,28.66400339999996,243,13,230,15.192203918918484,2.9871890987654317,65.13650383883596,36.48927146153846,2.0099857652486697,1.093593139130435,4.287495361862741
bidirectional_lstm_ts42_recency,bidirectional_lstm,"BiLSTM (42 TimeSteps), Weighted Ensemble",DEEP_LEARNING,12_16,POS,MARGINAL,42.0,recency,0.95,49.48499509999998,243,13,230,92.273136696936,12.605155969958847,398.56062930854955,187.82721376923078,4.131079777190731,2.701300529130435,4.319357112759602
bidirectional_lstm_ts42_recency,bidirectional_lstm,"BiLSTM (42 TimeSteps), Weighted Ensemble",DEEP_LEARNING,16_20,NEG,AVERAGE,42.0,recency,0.95,21.622996099999995,243,13,230,1.5926262085263223,1.016098797201646,2.7239595120138564,2.419554307692308,1.5034741388739812,0.9367730509565216,1.7103570802934176
bidirectional_lstm_ts42_recency,bidirectional_lstm,"BiLSTM (42 TimeSteps), Weighted Ensemble",DEEP_LEARNING,16_20,NEG,MARGINAL,42.0,recency,0.95,26.906999899999995,243,13,230,4.1853469717931615,2.221474504320988,12.37196391768313,10.464485153846153,3.139378939070708,1.7555652067391303,2.9560187007345085
bidirectional_lstm_ts42_recency,bidirectional_lstm,"BiLSTM (42 TimeSteps), Weighted Ensemble",DEEP_LEARNING,16_20,POS,AVERAGE,42.0,recency,0.95,68.41501239999997,243,13,230,17.639443664209388,7.256635333333333,69.14807169092077,61.06850130769229,7.647255189531881,4.215095082608696,3.9200823454099587
bidirectional_lstm_ts42_recency,bidirectional_lstm,"BiLSTM (42 TimeSteps), Weighted Ensemble",DEEP_LEARNING,16_20,POS,MARGINAL,42.0,recency,0.95,110.30499099999996,243,13,230,33.189227521014026,13.51421214197531,132.09827414781037,116.97689446153848,13.322281053791102,7.666321402173914,3.980155129075279
bidirectional_lstm_ts42_recency,bidirectional_lstm,"BiLSTM (42 TimeSteps), Weighted Ensemble",DEEP_LEARNING,20_24,NEG,AVERAGE,42.0,recency,0.95,5.679999999999998,243,13,230,0.6142556297516779,0.34617452181069963,1.7833653781198826,1.3958939076923071,0.46784068212252244,0.2868425565217391,2.903295129490038
bidirectional_lstm_ts42_recency,bidirectional_lstm,"BiLSTM (42 TimeSteps), Weighted Ensemble",DEEP_LEARNING,20_24,NEG,MARGINAL,42.0,recency,0.95,8.973000049999994,243,13,230,1.7927814659828378,0.9914782081234569,6.192474550596217,4.974019423076923,1.1082894275930242,0.7663780524956523,3.454115667801921
bidirectional_lstm_ts42_recency,bidirectional_lstm,"BiLSTM (42 TimeSteps), Weighted Ensemble",DEEP_LEARNING,20_24,POS,AVERAGE,42.0,recency,0.95,30.47800149999999,243,13,230,2.620794653212965,1.7219803316872428,6.925327222767557,6.396674,2.132134222084181,1.457758515652174,2.6424532018475566
bidirectional_lstm_ts42_recency,bidirectional_lstm,"BiLSTM (42 TimeSteps), Weighted Ensemble",DEEP_LEARNING,20_24,POS,MARGINAL,42.0,recency,0.95,37.204999599999994,243,13,230,5.734393240867755,3.366796822222222,18.639959792417212,14.422139153846153,3.886324006678104,2.741929646956522,3.2505548554944457
bidirectional_lstm_ts42_single,bidirectional_lstm,"BiLSTM (42 TimeSteps), Single",DEEP_LEARNING,00_04,NEG,AVERAGE,42.0,single,0.95,21.354999699999993,243,13,230,2.7168798121220497,1.4532732666666668,8.794831327341724,7.299708115384616,1.8511467327171802,1.1228226013043483,3.2371072463718673
bidirectional_lstm_ts42_single,bidirectional_lstm,"BiLSTM (42 TimeSteps), Single",DEEP_LEARNING,00_04,NEG,MARGINAL,42.0,single,0.95,30.95700019999999,243,13,230,7.173788116851449,3.85190599218107,23.43758834409979,19.403783230769232,4.8294383590614895,2.972886843913044,3.267114662760136
bidirectional_lstm_ts42_single,bidirectional_lstm,"BiLSTM (42 TimeSteps), Single",DEEP_LEARNING,00_04,POS,AVERAGE,42.0,single,0.95,6.615998999999995,243,13,230,1.089059861751312,0.6282638234567902,2.8088876994851484,1.5245578923076921,0.8984102736015718,0.5776037239130435,2.579185771265309
bidirectional_lstm_ts42_single,bidirectional_lstm,"BiLSTM (42 TimeSteps), Single",DEEP_LEARNING,00_04,POS,MARGINAL,42.0,single,0.95,8.348998999999997,243,13,230,2.2801135166848465,1.1810510465020576,6.235913875017495,4.377232846153846,1.8151666644801372,1.0003972926086957,2.7349137792420763
bidirectional_lstm_ts42_single,bidirectional_lstm,"BiLSTM (42 TimeSteps), Single",DEEP_LEARNING,04_08,NEG,AVERAGE,42.0,single,0.95,15.850998899999993,243,13,230,1.3930447772982,0.7896610823045268,2.4989722139853203,1.8363476153846159,1.3028000179997334,0.7305005391304347,1.7938922385768952
bidirectional_lstm_ts42_single,bidirectional_lstm,"BiLSTM (42 TimeSteps), Single",DEEP_LEARNING,04_08,NEG,MARGINAL,42.0,single,0.95,23.936002999999996,243,13,230,4.864172424049828,2.060520518930041,18.507540477616885,12.103615284615383,2.3742682353016282,1.492867336521739,3.804869331134405
bidirectional_lstm_ts42_single,bidirectional_lstm,"BiLSTM (42 TimeSteps), Single",DEEP_LEARNING,04_08,POS,AVERAGE,42.0,single,0.95,17.267000599999992,243,13,230,4.538580488037006,2.4067110065843624,16.404908490122423,12.060905123076923,2.5596483524381486,1.8610391652173917,3.6145461192906496
bidirectional_lstm_ts42_single,bidirectional_lstm,"BiLSTM (42 TimeSteps), Single",DEEP_LEARNING,04_08,POS,MARGINAL,42.0,single,0.95,28.057999999999993,243,13,230,20.569654509958898,4.70035629835391,87.62643238059249,44.38144392307692,3.609652148360426,2.4575122152173914,4.259985618045637
bidirectional_lstm_ts42_single,bidirectional_lstm,"BiLSTM (42 TimeSteps), Single",DEEP_LEARNING,08_12,NEG,AVERAGE,42.0,single,0.95,30.666997199999983,243,13,230,3.2046873033339764,1.8238507020576131,9.740090595109338,7.779551076923076,2.342716085008523,1.487224159130435,3.039326359541006
bidirectional_lstm_ts42_single,bidirectional_lstm,"BiLSTM (42 TimeSteps), Single",DEEP_LEARNING,08_12,NEG,MARGINAL,42.0,single,0.95,38.971993299999994,243,13,230,16.326751216815833,5.428874651440329,67.83182250002749,47.008300615384606,4.643710950026319,3.078733183913043,4.154642990466082
bidirectional_lstm_ts42_single,bidirectional_lstm,"BiLSTM (42 TimeSteps), Single",DEEP_LEARNING,08_12,POS,AVERAGE,42.0,single,0.95,40.626993999999996,243,13,230,7.269026284816692,3.536216150617284,27.13931613801227,23.21014684615384,3.767574663711187,2.4242113721739127,3.7335559227100332
bidirectional_lstm_ts42_single,bidirectional_lstm,"BiLSTM (42 TimeSteps), Single",DEEP_LEARNING,08_12,POS,MARGINAL,42.0,single,0.95,65.84398649999996,243,13,230,16.42812620129535,6.909416277777778,62.02272795887421,56.09500676923078,8.228530727064209,4.129361163043478,3.7753988007459887
bidirectional_lstm_ts42_single,bidirectional_lstm,"BiLSTM (42 TimeSteps), Single",DEEP_LEARNING,12_16,NEG,AVERAGE,42.0,single,0.95,63.1119874,243,13,230,6.125675741340247,3.61014997037037,14.530377276186291,13.513094076923078,5.264150399986828,3.050418346956522,2.3720447979519017
bidirectional_lstm_ts42_single,bidirectional_lstm,"BiLSTM (42 TimeSteps), Single",DEEP_LEARNING,12_16,NEG,MARGINAL,42.0,single,0.95,80.81896099999997,243,13,230,27.886766251002474,7.892311750205761,107.57672953116035,45.01285712307693,12.942757801159738,5.794193968260869,3.8576265373649474
bidirectional_lstm_ts42_single,bidirectional_lstm,"BiLSTM (42 TimeSteps), Single",DEEP_LEARNING,12_16,POS,AVERAGE,42.0,single,0.95,28.66400339999996,243,13,230,15.15661437223671,3.0535654185185184,64.95050329735562,37.267331769230765,2.0655525327061195,1.1197438421739132,4.28529100907452
bidirectional_lstm_ts42_single,bidirectional_lstm,"BiLSTM (42 TimeSteps), Single",DEEP_LEARNING,12_16,POS,MARGINAL,42.0,single,0.95,49.48499509999998,243,13,230,92.40362352854744,12.31948951728395,399.1247751404544,188.0106693846154,4.134049026341312,2.389118481304348,4.319362811753239
bidirectional_lstm_ts42_single,bidirectional_lstm,"BiLSTM (42 TimeSteps), Single",DEEP_LEARNING,16_20,NEG,AVERAGE,42.0,single,0.95,21.622996099999995,243,13,230,1.5822487515581312,0.923164761728395,4.261251296581881,3.957416153846154,1.2722725067085676,0.7516635960869564,2.693161421290794
bidirectional_lstm_ts42_single,bidirectional_lstm,"BiLSTM (42 TimeSteps), Single",DEEP_LEARNING,16_20,NEG,MARGINAL,42.0,single,0.95,26.906999899999995,243,13,230,3.893987136163868,1.859261264403292,11.108947514683761,8.411910076923075,3.007475259173361,1.4888941576086954,2.852846485165243
bidirectional_lstm_ts42_single,bidirectional_lstm,"BiLSTM (42 TimeSteps), Single",DEEP_LEARNING,16_20,POS,AVERAGE,42.0,single,0.95,68.41501239999997,243,13,230,18.46231476388326,7.832208868312758,72.09299492174401,65.25861369230769,8.14596945597467,4.586368595652174,3.904873026148124
bidirectional_lstm_ts42_single,bidirectional_lstm,"BiLSTM (42 TimeSteps), Single",DEEP_LEARNING,16_20,POS,MARGINAL,42.0,single,0.95,110.30499099999996,243,13,230,34.809617586343045,13.902317041152264,138.29460747348352,124.07188069230772,14.113703310293111,7.675341704347826,3.9728849973847757
bidirectional_lstm_ts42_single,bidirectional_lstm,"BiLSTM (42 TimeSteps), Single",DEEP_LEARNING,20_24,NEG,AVERAGE,42.0,single,0.95,5.679999999999998,243,13,230,0.5737068617528142,0.3840573782716049,1.5283460535814706,1.180197469230769,0.4644537337820266,0.3390581557391304,2.6639842670035376
bidirectional_lstm_ts42_single,bidirectional_lstm,"BiLSTM (42 TimeSteps), Single",DEEP_LEARNING,20_24,NEG,MARGINAL,42.0,single,0.95,8.973000049999994,243,13,230,1.7869017071934603,1.0323522767407407,6.076443008681459,4.928247130769231,1.1342536878335658,0.8121495241217392,3.400546870720287
bidirectional_lstm_ts42_single,bidirectional_lstm,"BiLSTM (42 TimeSteps), Single",DEEP_LEARNING,20_24,POS,AVERAGE,42.0,single,0.95,30.47800149999999,243,13,230,2.945118377914935,2.0498837423868315,5.336988137769294,4.981910923076923,2.748461829261388,1.8841604669565215,1.8121472392385596
bidirectional_lstm_ts42_single,bidirectional_lstm,"BiLSTM (42 TimeSteps), Single",DEEP_LEARNING,20_24,POS,MARGINAL,42.0,single,0.95,37.204999599999994,243,13,230,5.134470344347236,2.928629844444444,13.211052357571008,10.208433000000001,4.241227351121968,2.5171627095652176,2.5730117171901936
lstm_features_1_3_ts168_ensemble,lstm_features_1_3,"LSTM with Features 1&3 (168 TimeSteps), Ensemble",DEEP_LEARNING,00_04,NEG,AVERAGE,168.0,ensemble,0.95,21.354999699999993,243,13,230,3.4557506846557904,1.5840106802469134,11.116250406882436,8.554311,2.373343274473674,1.1900371839130433,3.216739696020539
lstm_features_1_3_ts168_ensemble,lstm_features_1_3,"LSTM with Features 1&3 (168 TimeSteps), Ensemble",DEEP_LEARNING,00_04,NEG,MARGINAL,168.0,ensemble,0.95,30.95700019999999,243,13,230,6.8102528900760815,3.0885781160493826,21.230025011979613,16.67747315384615,4.850346374717565,2.320510135652174,3.1173622117492967
lstm_features_1_3_ts168_ensemble,lstm_features_1_3,"LSTM with Features 1&3 (168 TimeSteps), Ensemble",DEEP_LEARNING,00_04,POS,AVERAGE,168.0,ensemble,0.95,6.615998999999995,243,13,230,1.4371149078879086,1.040135670781893,3.2828723742901773,2.1922911461538463,1.2541469584380993,0.9750138395652173,2.284349258553675
lstm_features_1_3_ts168_ensemble,lstm_features_1_3,"LSTM with Features 1&3 (168 TimeSteps), Ensemble",DEEP_LEARNING,00_04,POS,MARGINAL,168.0,ensemble,0.95,8.348998999999997,243,13,230,2.769713587993207,2.046318076131687,6.390443898737507,4.454463130769231,2.4076310695858765,1.9102055295652176,2.3072580235155997
lstm_features_1_3_ts168_ensemble,lstm_features_1_3,"LSTM with Features 1&3 (168 TimeSteps), Ensemble",DEEP_LEARNING,04_08,NEG,AVERAGE,168.0,ensemble,0.95,15.850998899999993,243,13,230,2.1705676939635485,0.9841682259259259,6.906250486479415,4.854273346153845,1.5105565265174812,0.7654231539130435,3.181771527184351
lstm_features_1_3_ts168_ensemble,lstm_features_1_3,"LSTM with Features 1&3 (168 TimeSteps), Ensemble",DEEP_LEARNING,04_08,NEG,MARGINAL,168.0,ensemble,0.95,23.936002999999996,243,13,230,5.418981821778309,2.1433311699588473,19.349305735698344,12.367346284615383,3.140645341051477,1.5654520547826087,3.5706533758676864
lstm_features_1_3_ts168_ensemble,lstm_features_1_3,"LSTM with Features 1&3 (168 TimeSteps), Ensemble",DEEP_LEARNING,04_08,POS,AVERAGE,168.0,ensemble,0.95,17.267000599999992,243,13,230,4.024805510495252,1.9825955485596714,14.833447971241366,9.85611796923077,2.162894709135267,1.5375703682608695,3.685506773572299
lstm_features_1_3_ts168_ensemble,lstm_features_1_3,"LSTM with Features 1&3 (168 TimeSteps), Ensemble",DEEP_LEARNING,04_08,POS,MARGINAL,168.0,ensemble,0.95,28.057999999999993,243,13,230,20.63356451661364,5.298772125925924,87.35639874554572,43.84586784615385,4.299121775536613,3.120023237391304,4.233703714896595
lstm_features_1_3_ts168_ensemble,lstm_features_1_3,"LSTM with Features 1&3 (168 TimeSteps), Ensemble",DEEP_LEARNING,08_12,NEG,AVERAGE,168.0,ensemble,0.95,30.666997199999983,243,13,230,4.430439418360518,2.296066106008231,13.987167115035627,9.949421076923077,3.1113158373289367,1.8634851728695654,3.157060912980856
lstm_features_1_3_ts168_ensemble,lstm_features_1_3,"LSTM with Features 1&3 (168 TimeSteps), Ensemble",DEEP_LEARNING,08_12,NEG,MARGINAL,168.0,ensemble,0.95,38.971993299999994,243,13,230,16.48252388665924,5.4105255683127575,66.8589896349735,42.2295726923077,5.86258024056689,3.3294489917391306,4.05635630166375
lstm_features_1_3_ts168_ensemble,lstm_features_1_3,"LSTM with Features 1&3 (168 TimeSteps), Ensemble",DEEP_LEARNING,08_12,POS,AVERAGE,168.0,ensemble,0.95,40.626993999999996,243,13,230,7.847689175396161,3.5511122872427987,29.592157912779445,26.19712015384615,3.946053196879532,2.27112053826087,3.7708116684279354
lstm_features_1_3_ts168_ensemble,lstm_features_1_3,"LSTM with Features 1&3 (168 TimeSteps), Ensemble",DEEP_LEARNING,08_12,POS,MARGINAL,168.0,ensemble,0.95,65.84398649999996,243,13,230,17.238058457661104,7.5835538555555555,65.18743761876063,60.67951684615385,8.588512026009614,4.582477686521738,3.7815997537581962
lstm_features_1_3_ts168_ensemble,lstm_features_1_3,"LSTM with Features 1&3 (168 TimeSteps), Ensemble",DEEP_LEARNING,12_16,NEG,AVERAGE,168.0,ensemble,0.95,63.1119874,243,13,230,8.556382764745695,4.648756063621399,23.798161362140153,18.97667376923077,6.73338774067784,3.838917236782609,2.7813343578076197
lstm_features_1_3_ts168_ensemble,lstm_features_1_3,"LSTM with Features 1&3 (168 TimeSteps), Ensemble",DEEP_LEARNING,12_16,NEG,MARGINAL,168.0,ensemble,0.95,80.81896099999997,243,13,230,27.823511049592312,8.49562871893004,108.9659965837088,48.3246306923077,12.115613006895728,6.244424259565216,3.9163280431965988
lstm_features_1_3_ts168_ensemble,lstm_features_1_3,"LSTM with Features 1&3 (168 TimeSteps), Ensemble",DEEP_LEARNING,12_16,POS,AVERAGE,168.0,ensemble,0.95,28.66400339999996,243,13,230,15.449244387430841,2.911015865843622,66.32547172568862,37.59825476923077,1.8779583911980269,0.9504327973913044,4.293120754802062
lstm_features_1_3_ts168_ensemble,lstm_features_1_3,"LSTM with Features 1&3 (168 TimeSteps), Ensemble",DEEP_LEARNING,12_16,POS,MARGINAL,168.0,ensemble,0.95,49.48499509999998,243,13,230,93.09206263704024,12.843427165432098,402.0539966622678,195.37334826923077,4.40044247043489,2.526518581304348,4.318885899325806
lstm_features_1_3_ts168_ensemble,lstm_features_1_3,"LSTM with Features 1&3 (168 TimeSteps), Ensemble",DEEP_LEARNING,16_20,NEG,AVERAGE,168.0,ensemble,0.95,21.622996099999995,243,13,230,2.4043382678635705,1.6080520278600825,5.822116820907397,4.998987307692308,2.0473558275326096,1.4163904685652173,2.4215048683980607
lstm_features_1_3_ts168_ensemble,lstm_features_1_3,"LSTM with Features 1&3 (168 TimeSteps), Ensemble",DEEP_LEARNING,16_20,NEG,MARGINAL,168.0,ensemble,0.95,26.906999899999995,243,13,230,4.211861014409446,2.119776378395062,14.832570866705234,8.921860153846154,2.5114501510142624,1.7353107736956521,3.5216192595056324
lstm_features_1_3_ts168_ensemble,lstm_features_1_3,"LSTM with Features 1&3 (168 TimeSteps), Ensemble",DEEP_LEARNING,16_20,POS,AVERAGE,168.0,ensemble,0.95,68.41501239999997,243,13,230,18.424247978965198,7.289939302469136,73.68575028223296,65.41991846153846,7.193714246523253,4.004331784782608,3.9993898457271815
lstm_features_1_3_ts168_ensemble,lstm_features_1_3,"LSTM with Features 1&3 (168 TimeSteps), Ensemble",DEEP_LEARNING,16_20,POS,MARGINAL,168.0,ensemble,0.95,110.30499099999996,243,13,230,36.20404624772314,14.536934427983542,144.51004511638598,130.20568853846154,14.299151633370697,7.9991352826086946,3.9915440425522646
lstm_features_1_3_ts168_ensemble,lstm_features_1_3,"LSTM with Features 1&3 (168 TimeSteps), Ensemble",DEEP_LEARNING,20_24,NEG,AVERAGE,168.0,ensemble,0.95,5.679999999999998,243,13,230,1.0240902672785421,0.6207534686419753,2.6484333300711853,2.297689161538462,0.8435543445422423,0.5259701468695652,2.586132702060763
lstm_features_1_3_ts168_ensemble,lstm_features_1_3,"LSTM with Features 1&3 (168 TimeSteps), Ensemble",DEEP_LEARNING,20_24,NEG,MARGINAL,168.0,ensemble,0.95,8.973000049999994,243,13,230,2.1106656871441145,1.3283709331687243,5.9564286911350495,4.900859807692308,1.6435850098226732,1.1264476489565214,2.822061649751143
lstm_features_1_3_ts168_ensemble,lstm_features_1_3,"LSTM with Features 1&3 (168 TimeSteps), Ensemble",DEEP_LEARNING,20_24,POS,AVERAGE,168.0,ensemble,0.95,30.47800149999999,243,13,230,4.373611949275987,2.9217084699588476,10.525237274353719,10.368802615384617,3.7347213064487335,2.5007857573913044,2.406532037232082
lstm_features_1_3_ts168_ensemble,lstm_features_1_3,"LSTM with Features 1&3 (168 TimeSteps), Ensemble",DEEP_LEARNING,20_24,POS,MARGINAL,168.0,ensemble,0.95,37.204999599999994,243,13,230,8.624317509392805,5.216708247736626,27.027447113521788,23.369702461538466,6.106939563359285,4.190669444347826,3.1338650373303167
lstm_features_1_3_ts168_recency,lstm_features_1_3,"LSTM with Features 1&3 (168 TimeSteps), Weighted Ensemble",DEEP_LEARNING,00_04,NEG,AVERAGE,168.0,recency,0.95,21.354999699999993,243,13,230,3.891734747665404,1.6012338028806585,12.370850216453587,9.36313469230769,2.7113990333166327,1.1625176656521738,3.1787495856120933
lstm_features_1_3_ts168_recency,lstm_features_1_3,"LSTM with Features 1&3 (168 TimeSteps), Weighted Ensemble",DEEP_LEARNING,00_04,NEG,MARGINAL,168.0,recency,0.95,30.95700019999999,243,13,230,7.496959953186264,3.1886793032921807,21.947772031485894,16.869940230769235,5.670484302697888,2.4153906421739126,2.9275562586082544
lstm_features_1_3_ts168_recency,lstm_features_1_3,"LSTM with Features 1&3 (168 TimeSteps), Weighted Ensemble",DEEP_LEARNING,00_04,POS,AVERAGE,168.0,recency,0.95,6.615998999999995,243,13,230,1.0187580867293218,0.4981391683127572,3.370331627306331,1.8524655615384615,0.6741602664890176,0.4215902852173913,3.3082747231255194
lstm_features_1_3_ts168_recency,lstm_features_1_3,"LSTM with Features 1&3 (168 TimeSteps), Weighted Ensemble",DEEP_LEARNING,00_04,POS,MARGINAL,168.0,recency,0.95,8.348998999999997,243,13,230,2.289895740202371,1.3900581987654321,6.684156458253731,4.420624130769231,1.73629659543432,1.2187653417391304,2.918978511075362
lstm_features_1_3_ts168_recency,lstm_features_1_3,"LSTM with Features 1&3 (168 TimeSteps), Weighted Ensemble",DEEP_LEARNING,04_08,NEG,AVERAGE,168.0,recency,0.95,15.850998899999993,243,13,230,2.084204562782428,0.907626587654321,6.929894177458978,5.003965692307693,1.3693304794107812,0.6760943773913043,3.3249587402339817
lstm_features_1_3_ts168_recency,lstm_features_1_3,"LSTM with Features 1&3 (168 TimeSteps), Weighted Ensemble",DEEP_LEARNING,04_08,NEG,MARGINAL,168.0,recency,0.95,23.936002999999996,243,13,230,5.413707181126252,2.059405197530864,19.10149684744373,12.163465384615384,3.215874631909041,1.4883061434782607,3.528357964028248
lstm_features_1_3_ts168_recency,lstm_features_1_3,"LSTM with Features 1&3 (168 TimeSteps), Weighted Ensemble",DEEP_LEARNING,04_08,POS,AVERAGE,168.0,recency,0.95,17.267000599999992,243,13,230,4.0059695909788875,1.9496226662551437,14.815499334389555,9.849150907692307,2.1326919889722653,1.5031275917391307,3.6983554163149006
lstm_features_1_3_ts168_recency,lstm_features_1_3,"LSTM with Features 1&3 (168 TimeSteps), Weighted Ensemble",DEEP_LEARNING,04_08,POS,MARGINAL,168.0,recency,0.95,28.057999999999993,243,13,230,20.595889799301965,5.213158835390947,87.24859715306671,43.74754907692307,4.2314578906900975,3.0351280826086957,4.236214021499753
lstm_features_1_3_ts168_recency,lstm_features_1_3,"LSTM with Features 1&3 (168 TimeSteps), Weighted Ensemble",DEEP_LEARNING,08_12,NEG,AVERAGE,168.0,recency,0.95,30.666997199999983,243,13,230,3.840845365693801,1.878804966872428,12.311706123489278,8.76228723076923,2.649235516641146,1.4897385780434786,3.2054677945268755
lstm_features_1_3_ts168_recency,lstm_features_1_3,"LSTM with Features 1&3 (168 TimeSteps), Weighted Ensemble",DEEP_LEARNING,08_12,NEG,MARGINAL,168.0,recency,0.95,38.971993299999994,243,13,230,15.7296079728375,5.428331997530864,62.66105863486403,40.19510692307692,6.283134871048218,3.4632534147826086,3.9836376560095834
lstm_features_1_3_ts168_recency,lstm_features_1_3,"LSTM with Features 1&3 (168 TimeSteps), Weighted Ensemble",DEEP_LEARNING,08_12,POS,AVERAGE,168.0,recency,0.95,40.626993999999996,243,13,230,7.012995613874798,3.0924227983539097,26.63516442329349,22.869684461538462,3.4443629609582,1.9745775739130433,3.797972491327014
lstm_features_1_3_ts168_recency,lstm_features_1_3,"LSTM with Features 1&3 (168 TimeSteps), Weighted Ensemble",DEEP_LEARNING,08_12,POS,MARGINAL,168.0,recency,0.95,65.84398649999996,243,13,230,16.269337880104196,7.391766836213993,60.91632980813316,55.69175723076923,8.36130039658308,4.661767379130434,3.7442414840144083
lstm_features_1_3_ts168_recency,lstm_features_1_3,"LSTM with Features 1&3 (168 TimeSteps), Weighted Ensemble",DEEP_LEARNING,12_16,NEG,AVERAGE,168.0,recency,0.95,63.1119874,243,13,230,8.769941126300552,4.107610379423868,25.68602253659998,20.870232538461536,6.630807862586387,3.1601578226086957,2.9288705781124427
lstm_features_1_3_ts168_recency,lstm_features_1_3,"LSTM with Features 1&3 (168 TimeSteps), Weighted Ensemble",DEEP_LEARNING,12_16,NEG,MARGINAL,168.0,recency,0.95,80.81896099999997,243,13,230,29.676513711385557,9.830194538683129,110.65004365730131,54.89933692307692,15.441950225358653,7.2828082300000005,3.728539165126051
lstm_features_1_3_ts168_recency,lstm_features_1_3,"LSTM with Features 1&3 (168 TimeSteps), Weighted Ensemble",DEEP_LEARNING,12_16,POS,AVERAGE,168.0,recency,0.95,28.66400339999996,243,13,230,15.309537188124224,2.8745759411522633,65.65203929907582,36.735489230769225,2.0025367527231217,0.9606982334782609,4.288309861515789
lstm_features_1_3_ts168_recency,lstm_features_1_3,"LSTM with Features 1&3 (168 TimeSteps), Weighted Ensemble",DEEP_LEARNING,12_16,POS,MARGINAL,168.0,recency,0.95,49.48499509999998,243,13,230,92.81440337459559,12.360282381069958,400.9066593381343,191.15505607692305,4.110871380938855,2.254490824347826,4.319444447863221
lstm_features_1_3_ts168_recency,lstm_features_1_3,"LSTM with Features 1&3 (168 TimeSteps), Weighted Ensemble",DEEP_LEARNING,16_20,NEG,AVERAGE,168.0,recency,0.95,21.622996099999995,243,13,230,1.602663055063873,0.9653134280246913,4.32131924682254,3.6253832307692306,1.2877231583922502,0.8149616565652171,2.696336721039793
lstm_features_1_3_ts168_recency,lstm_features_1_3,"LSTM with Features 1&3 (168 TimeSteps), Weighted Ensemble",DEEP_LEARNING,16_20,NEG,MARGINAL,168.0,recency,0.95,26.906999899999995,243,13,230,3.8586177097357783,1.558598457366255,14.315904145514255,7.911845923076923,2.036326288790313,1.1995018614782607,3.710112071842055
lstm_features_1_3_ts168_recency,lstm_features_1_3,"LSTM with Features 1&3 (168 TimeSteps), Weighted Ensemble",DEEP_LEARNING,16_20,POS,AVERAGE,168.0,recency,0.95,68.41501239999997,243,13,230,16.452619257943763,6.6037866938271605,63.946853506245624,57.22351253846153,7.406738528572524,3.742671754782609,3.886727851881115
lstm_features_1_3_ts168_recency,lstm_features_1_3,"LSTM with Features 1&3 (168 TimeSteps), Weighted Ensemble",DEEP_LEARNING,16_20,POS,MARGINAL,168.0,recency,0.95,110.30499099999996,243,13,230,33.99585033645714,13.348435535390946,136.13153528877714,121.3444656153846,13.175422019966836,7.244312096086959,4.004357412492481
lstm_features_1_3_ts168_recency,lstm_features_1_3,"LSTM with Features 1&3 (168 TimeSteps), Weighted Ensemble",DEEP_LEARNING,20_24,NEG,AVERAGE,168.0,recency,0.95,5.679999999999998,243,13,230,0.8541298824440637,0.4252878449794238,2.7142810047791923,2.2730370692307695,0.595280427816874,0.32084984534782607,3.1778316864554244
lstm_features_1_3_ts168_recency,lstm_features_1_3,"LSTM with Features 1&3 (168 TimeSteps), Weighted Ensemble",DEEP_LEARNING,20_24,NEG,MARGINAL,168.0,recency,0.95,8.973000049999994,243,13,230,1.871541748060819,1.0111071654320989,6.070567830137372,4.883398261538462,1.2718954187534968,0.7922385382608695,3.2436187097762237
lstm_features_1_3_ts168_recency,lstm_features_1_3,"LSTM with Features 1&3 (168 TimeSteps), Weighted Ensemble",DEEP_LEARNING,20_24,POS,AVERAGE,168.0,recency,0.95,30.47800149999999,243,13,230,2.6464686564984286,1.77042310781893,6.597342453893076,6.281715461538462,2.2225117558324885,1.5154370182608694,2.4928851651778454
lstm_features_1_3_ts168_recency,lstm_features_1_3,"LSTM with Features 1&3 (168 TimeSteps), Weighted Ensemble",DEEP_LEARNING,20_24,POS,MARGINAL,168.0,recency,0.95,37.204999599999994,243,13,230,7.360796604760292,4.3618005209876545,23.892326127787353,20.22918807692308,4.9978691790954235,3.4649481808695652,3.2458886463913394
lstm_features_1_3_ts168_single,lstm_features_1_3,"LSTM with Features 1&3 (168 TimeSteps), Single",DEEP_LEARNING,00_04,NEG,AVERAGE,168.0,single,0.95,21.354999699999993,243,13,230,4.031848269986898,2.8285583607407405,11.056529748215267,8.926237153846154,3.2039041834126656,2.483906950695652,2.7422980746870214
lstm_features_1_3_ts168_single,lstm_features_1_3,"LSTM with Features 1&3 (168 TimeSteps), Single",DEEP_LEARNING,00_04,NEG,MARGINAL,168.0,single,0.95,30.95700019999999,243,13,230,6.86449779271701,3.080108456378601,20.233266497774366,14.793178384615386,5.161933083187882,2.418065373478261,2.9475231996201012
lstm_features_1_3_ts168_single,lstm_features_1_3,"LSTM with Features 1&3 (168 TimeSteps), Single",DEEP_LEARNING,00_04,POS,AVERAGE,168.0,single,0.95,6.615998999999995,243,13,230,1.1374375573461346,0.6031879502057613,3.5061048033399893,2.102063038461538,0.8198055926527995,0.5184689234782609,3.08245914748975
lstm_features_1_3_ts168_single,lstm_features_1_3,"LSTM with Features 1&3 (168 TimeSteps), Single",DEEP_LEARNING,00_04,POS,MARGINAL,168.0,single,0.95,8.348998999999997,243,13,230,2.3319704677259714,1.060319910288066,7.726239496222874,5.305481715384616,1.539936283212045,0.820375982173913,3.313180678380178
lstm_features_1_3_ts168_single,lstm_features_1_3,"LSTM with Features 1&3 (168 TimeSteps), Single",DEEP_LEARNING,04_08,NEG,AVERAGE,168.0,single,0.95,15.850998899999993,243,13,230,2.294221716927579,1.4673634156378599,6.704636339758114,4.937911846153846,1.7378662814063623,1.2712019826086955,2.92240121793327
lstm_features_1_3_ts168_single,lstm_features_1_3,"LSTM with Features 1&3 (168 TimeSteps), Single",DEEP_LEARNING,04_08,NEG,MARGINAL,168.0,single,0.95,23.936002999999996,243,13,230,5.026261836800316,1.9633925090534976,18.420681898674328,11.944080446153844,2.7408377612442654,1.3992666691304347,3.664887046632813
lstm_features_1_3_ts168_single,lstm_features_1_3,"LSTM with Features 1&3 (168 TimeSteps), Single",DEEP_LEARNING,04_08,POS,AVERAGE,168.0,single,0.95,17.267000599999992,243,13,230,4.009428114697498,1.8921304580246914,14.898045360581461,9.667749553846155,2.1069007041313816,1.4526389439130436,3.715753203298292
lstm_features_1_3_ts168_single,lstm_features_1_3,"LSTM with Features 1&3 (168 TimeSteps), Single",DEEP_LEARNING,04_08,POS,MARGINAL,168.0,single,0.95,28.057999999999993,243,13,230,20.551799863927446,5.131024511522633,86.90639712748096,41.85555576923077,4.39965407057684,3.0552901360869567,4.2286513932056735
lstm_features_1_3_ts168_single,lstm_features_1_3,"LSTM with Features 1&3 (168 TimeSteps), Single",DEEP_LEARNING,08_12,NEG,AVERAGE,168.0,single,0.95,30.666997199999983,243,13,230,5.104648111348403,2.852497801646091,16.113184905273783,10.973735153846157,3.5854201121245706,2.3934713426086955,3.156571139438925
lstm_features_1_3_ts168_single,lstm_features_1_3,"LSTM with Features 1&3 (168 TimeSteps), Single",DEEP_LEARNING,08_12,NEG,MARGINAL,168.0,single,0.95,38.971993299999994,243,13,230,15.771319834833504,4.956180220987655,64.60798608167951,42.67159615384615,5.18274577886901,2.8244393204347826,4.096549100410884
lstm_features_1_3_ts168_single,lstm_features_1_3,"LSTM with Features 1&3 (168 TimeSteps), Single",DEEP_LEARNING,08_12,POS,AVERAGE,168.0,single,0.95,40.626993999999996,243,13,230,6.864432821366414,3.2228962646090533,25.619865184111447,21.856136461538462,3.5614841968245603,2.1697131230434783,3.7322624972548906
lstm_features_1_3_ts168_single,lstm_features_1_3,"LSTM with Features 1&3 (168 TimeSteps), Single",DEEP_LEARNING,08_12,POS,MARGINAL,168.0,single,0.95,65.84398649999996,243,13,230,15.63446672944568,7.273824696296295,56.490147147755124,49.98499146153846,8.82518732577675,4.859715270434783,3.6131802974362133
lstm_features_1_3_ts168_single,lstm_features_1_3,"LSTM with Features 1&3 (168 TimeSteps), Single",DEEP_LEARNING,12_16,NEG,AVERAGE,168.0,single,0.95,63.1119874,243,13,230,11.24584557932757,6.8926724386008225,33.88414539839753,27.928693692307696,8.289914872648655,5.70367993295652,3.0130366951404985
lstm_features_1_3_ts168_single,lstm_features_1_3,"LSTM with Features 1&3 (168 TimeSteps), Single",DEEP_LEARNING,12_16,NEG,MARGINAL,168.0,single,0.95,80.81896099999997,243,13,230,28.539214933823164,8.278656727572015,109.14510117707582,50.69527,13.682073211523504,5.881195977391304,3.82439045468356
lstm_features_1_3_ts168_single,lstm_features_1_3,"LSTM with Features 1&3 (168 TimeSteps), Single",DEEP_LEARNING,12_16,POS,AVERAGE,168.0,single,0.95,28.66400339999996,243,13,230,15.207681913902933,3.1782341366255142,65.00001480220686,36.800649923076925,2.353957960652069,1.2778367226086955,4.274156651237132
lstm_features_1_3_ts168_single,lstm_features_1_3,"LSTM with Features 1&3 (168 TimeSteps), Single",DEEP_LEARNING,12_16,POS,MARGINAL,168.0,single,0.95,49.48499509999998,243,13,230,92.09112798662161,12.15336937695473,397.80483112716325,183.326831,3.953889004457523,2.4783476330434784,4.319686812664013
lstm_features_1_3_ts168_single,lstm_features_1_3,"LSTM with Features 1&3 (168 TimeSteps), Single",DEEP_LEARNING,16_20,NEG,AVERAGE,168.0,single,0.95,21.622996099999995,243,13,230,3.2150312513908927,2.2350775672016456,7.616673520689108,6.5790229230769235,2.764348498961229,1.9895502209999998,2.3690822654970987
lstm_features_1_3_ts168_single,lstm_features_1_3,"LSTM with Features 1&3 (168 TimeSteps), Single",DEEP_LEARNING,16_20,NEG,MARGINAL,168.0,single,0.95,26.906999899999995,243,13,230,3.767228374178608,1.495227262510288,13.791444424901332,7.310761230769231,2.0599779728821694,1.1665231686521738,3.6608994876527405
lstm_features_1_3_ts168_single,lstm_features_1_3,"LSTM with Features 1&3 (168 TimeSteps), Single",DEEP_LEARNING,16_20,POS,AVERAGE,168.0,single,0.95,68.41501239999997,243,13,230,17.59262780488012,6.490706855967079,71.05605991694162,61.91097646153845,6.451190296888261,3.3582568347826087,4.038967953225894
lstm_features_1_3_ts168_single,lstm_features_1_3,"LSTM with Features 1&3 (168 TimeSteps), Single",DEEP_LEARNING,16_20,POS,MARGINAL,168.0,single,0.95,110.30499099999996,243,13,230,32.576534549860156,12.784598609053498,132.00258582625702,118.84814469230766,11.676464986565367,6.789702526086957,4.0520757548418755
lstm_features_1_3_ts168_single,lstm_features_1_3,"LSTM with Features 1&3 (168 TimeSteps), Single",DEEP_LEARNING,20_24,NEG,AVERAGE,168.0,single,0.95,5.679999999999998,243,13,230,1.2764766552746463,0.9863905233333332,1.8640226494849774,1.602398584615384,1.2349491603930243,0.9515726763913044,1.460287300815474
lstm_features_1_3_ts168_single,lstm_features_1_3,"LSTM with Features 1&3 (168 TimeSteps), Single",DEEP_LEARNING,20_24,NEG,MARGINAL,168.0,single,0.95,8.973000049999994,243,13,230,1.6443406108100342,0.8077481225925924,5.425896946806449,4.448851061538462,1.0920908725000844,0.6019466521304349,3.2997402795601736
lstm_features_1_3_ts168_single,lstm_features_1_3,"LSTM with Features 1&3 (168 TimeSteps), Single",DEEP_LEARNING,20_24,POS,AVERAGE,168.0,single,0.95,30.47800149999999,243,13,230,2.1300266416873326,1.352472989711934,5.227177726610781,4.826988615384616,1.802522686707478,1.1560873239130434,2.4540433552840417
lstm_features_1_3_ts168_single,lstm_features_1_3,"LSTM with Features 1&3 (168 TimeSteps), Single",DEEP_LEARNING,20_24,POS,MARGINAL,168.0,single,0.95,37.204999599999994,243,13,230,5.152396085225996,2.8215451271604937,16.579790017686225,11.893257384615385,3.5370113738015156,2.3087961734782607,3.2178795541800818
lstm_features_1_3_ts42_ensemble,lstm_features_1_3,"LSTM with Features 1&3 (42 TimeSteps), Ensemble",DEEP_LEARNING,00_04,NEG,AVERAGE,42.0,ensemble,0.95,21.354999699999993,243,13,230,3.882978633356057,2.269117104526749,11.521218466495037,9.219470307692307,2.9029504712934346,1.8762710539130434,2.967108386207434
lstm_features_1_3_ts42_ensemble,lstm_features_1_3,"LSTM with Features 1&3 (42 TimeSteps), Ensemble",DEEP_LEARNING,00_04,NEG,MARGINAL,42.0,ensemble,0.95,30.95700019999999,243,13,230,7.967423463977065,4.204209789711934,24.890526091384864,20.517979076923076,5.661311320144029,3.2821271778260868,3.1240370496085528
lstm_features_1_3_ts42_ensemble,lstm_features_1_3,"LSTM with Features 1&3 (42 TimeSteps), Ensemble",DEEP_LEARNING,00_04,POS,AVERAGE,42.0,ensemble,0.95,6.615998999999995,243,13,230,1.897419260060776,1.5503119279835391,3.259646056093859,2.5612367615384617,1.789728861940122,1.4931726982608695,1.7179366335669268
lstm_features_1_3_ts42_ensemble,lstm_features_1_3,"LSTM with Features 1&3 (42 TimeSteps), Ensemble",DEEP_LEARNING,00_04,POS,MARGINAL,42.0,ensemble,0.95,8.348998999999997,243,13,230,3.5227448332642584,2.5372559456790125,6.41359224687049,4.591670023076923,3.2842314436343116,2.421136889130435,1.8206235621464255
lstm_features_1_3_ts42_ensemble,lstm_features_1_3,"LSTM with Features 1&3 (42 TimeSteps), Ensemble",DEEP_LEARNING,04_08,NEG,AVERAGE,42.0,ensemble,0.95,15.850998899999993,243,13,230,3.0839636758822655,1.4949521144032922,9.813001249229002,7.2764366923076915,2.146075537727428,1.168172551304348,3.181944497586108
lstm_features_1_3_ts42_ensemble,lstm_features_1_3,"LSTM with Features 1&3 (42 TimeSteps), Ensemble",DEEP_LEARNING,04_08,NEG,MARGINAL,42.0,ensemble,0.95,23.936002999999996,243,13,230,7.084089791095857,3.148577199588477,22.867792878608515,16.326475561538462,4.843922404547056,2.4037394660869564,3.2280495523012047
lstm_features_1_3_ts42_ensemble,lstm_features_1_3,"LSTM with Features 1&3 (42 TimeSteps), Ensemble",DEEP_LEARNING,04_08,POS,AVERAGE,42.0,ensemble,0.95,17.267000599999992,243,13,230,4.23897238954223,2.218223586419753,15.337095260363172,10.755800276923079,2.385185379778709,1.7356649039130436,3.618116338337235
lstm_features_1_3_ts42_ensemble,lstm_features_1_3,"LSTM with Features 1&3 (42 TimeSteps), Ensemble",DEEP_LEARNING,04_08,POS,MARGINAL,42.0,ensemble,0.95,28.057999999999993,243,13,230,20.682365792334718,5.067642121399176,87.89769417901151,44.78535084615384,3.905225909391111,2.8227281500000005,4.249885871933862
lstm_features_1_3_ts42_ensemble,lstm_features_1_3,"LSTM with Features 1&3 (42 TimeSteps), Ensemble",DEEP_LEARNING,08_12,NEG,AVERAGE,42.0,ensemble,0.95,30.666997199999983,243,13,230,5.426460898919722,2.979366008230453,15.782885477678693,10.903349,4.1269005975344015,2.5314887086956523,2.908504414142316
lstm_features_1_3_ts42_ensemble,lstm_features_1_3,"LSTM with Features 1&3 (42 TimeSteps), Ensemble",DEEP_LEARNING,08_12,NEG,MARGINAL,42.0,ensemble,0.95,38.971993299999994,243,13,230,18.011800830201636,6.478084895473252,72.22724200917563,46.68664376923076,6.921045144563194,4.205427220000001,4.009995596224182
lstm_features_1_3_ts42_ensemble,lstm_features_1_3,"LSTM with Features 1&3 (42 TimeSteps), Ensemble",DEEP_LEARNING,08_12,POS,AVERAGE,42.0,ensemble,0.95,40.626993999999996,243,13,230,8.240361562644352,3.9229902526748974,30.597599678277316,27.160793000000005,4.338800866727927,2.6095492278260872,3.7131380031895675
lstm_features_1_3_ts42_ensemble,lstm_features_1_3,"LSTM with Features 1&3 (42 TimeSteps), Ensemble",DEEP_LEARNING,08_12,POS,MARGINAL,42.0,ensemble,0.95,65.84398649999996,243,13,230,17.61983027015436,7.5282981740740755,66.854116682571,62.30596638461538,8.682377912543155,4.432169101304347,3.7942542951627036
lstm_features_1_3_ts42_ensemble,lstm_features_1_3,"LSTM with Features 1&3 (42 TimeSteps), Ensemble",DEEP_LEARNING,12_16,NEG,AVERAGE,42.0,ensemble,0.95,63.1119874,243,13,230,9.63951965088398,5.860144313868312,27.068965873916657,22.174324538461537,7.53374048962795,4.938038475086956,2.8081239371128137
lstm_features_1_3_ts42_ensemble,lstm_features_1_3,"LSTM with Features 1&3 (42 TimeSteps), Ensemble",DEEP_LEARNING,12_16,NEG,MARGINAL,42.0,ensemble,0.95,80.81896099999997,243,13,230,31.07187084879055,11.714520892222223,114.81623388175753,60.954399361538464,16.580643912654498,8.931397326565218,3.6951825154173705
lstm_features_1_3_ts42_ensemble,lstm_features_1_3,"LSTM with Features 1&3 (42 TimeSteps), Ensemble",DEEP_LEARNING,12_16,POS,AVERAGE,42.0,ensemble,0.95,28.66400339999996,243,13,230,15.532748350794757,3.612247779835392,66.39773544113099,40.00114507692308,2.3912279915485257,1.5554840195652173,4.274693308717233
lstm_features_1_3_ts42_ensemble,lstm_features_1_3,"LSTM with Features 1&3 (42 TimeSteps), Ensemble",DEEP_LEARNING,12_16,POS,MARGINAL,42.0,ensemble,0.95,49.48499509999998,243,13,230,92.59860895018252,13.051950053086419,399.8571262072086,191.24508542307694,4.704161107908182,2.980164140869565,4.318176382350725
lstm_features_1_3_ts42_ensemble,lstm_features_1_3,"LSTM with Features 1&3 (42 TimeSteps), Ensemble",DEEP_LEARNING,16_20,NEG,AVERAGE,42.0,ensemble,0.95,21.622996099999995,243,13,230,3.1901723778903595,2.3824531493415635,6.541670307515228,5.640940230769231,2.8868101067050618,2.1982777925652175,2.050569540646952
lstm_features_1_3_ts42_ensemble,lstm_features_1_3,"LSTM with Features 1&3 (42 TimeSteps), Ensemble",DEEP_LEARNING,16_20,NEG,MARGINAL,42.0,ensemble,0.95,26.906999899999995,243,13,230,5.294507453026359,3.2467432264197527,16.35351931696074,10.601576076923076,3.8079099058202677,2.831035282695652,3.0887706669697876
lstm_features_1_3_ts42_ensemble,lstm_features_1_3,"LSTM with Features 1&3 (42 TimeSteps), Ensemble",DEEP_LEARNING,16_20,POS,AVERAGE,42.0,ensemble,0.95,68.41501239999997,243,13,230,19.564272712664778,8.166141894650206,78.95951292298555,71.90213884615385,7.211405661985457,4.56367250173913,4.035903306125545
lstm_features_1_3_ts42_ensemble,lstm_features_1_3,"LSTM with Features 1&3 (42 TimeSteps), Ensemble",DEEP_LEARNING,16_20,POS,MARGINAL,42.0,ensemble,0.95,110.30499099999996,243,13,230,35.50786969126917,14.418796316872427,140.49871343357802,128.99954907692307,14.708469999729099,7.942492899999999,3.956833081093695
lstm_features_1_3_ts42_ensemble,lstm_features_1_3,"LSTM with Features 1&3 (42 TimeSteps), Ensemble",DEEP_LEARNING,20_24,NEG,AVERAGE,42.0,ensemble,0.95,5.679999999999998,243,13,230,1.6079846622782514,1.1327135783950621,3.1716900408831297,2.598672223076923,1.4707722542803194,1.049855046304348,1.9724628693841912
lstm_features_1_3_ts42_ensemble,lstm_features_1_3,"LSTM with Features 1&3 (42 TimeSteps), Ensemble",DEEP_LEARNING,20_24,NEG,MARGINAL,42.0,ensemble,0.95,8.973000049999994,243,13,230,2.686420738456984,1.857590340946502,5.26203120958149,4.385146269230769,2.4616532615800177,1.7147284841304347,1.9587517078966101
lstm_features_1_3_ts42_ensemble,lstm_features_1_3,"LSTM with Features 1&3 (42 TimeSteps), Ensemble",DEEP_LEARNING,20_24,POS,AVERAGE,42.0,ensemble,0.95,30.47800149999999,243,13,230,4.396434198503807,2.96391377654321,11.063882711506036,10.802970153846152,3.6745508281016193,2.520836676956522,2.516558240601279
lstm_features_1_3_ts42_ensemble,lstm_features_1_3,"LSTM with Features 1&3 (42 TimeSteps), Ensemble",DEEP_LEARNING,20_24,POS,MARGINAL,42.0,ensemble,0.95,37.204999599999994,243,13,230,7.291744160096521,4.94991613744856,21.962301697386795,19.141736076923078,5.376980503797328,4.147769793043478,3.0119407942990803
lstm_features_1_3_ts42_recency,lstm_features_1_3,"LSTM with Features 1&3 (42 TimeSteps), Weighted Ensemble",DEEP_LEARNING,00_04,NEG,AVERAGE,42.0,recency,0.95,21.354999699999993,243,13,230,4.269965807335157,2.3330042637860084,13.096831888601534,10.361700461538463,3.093241349925457,1.8792083917391305,3.0671983054532084
lstm_features_1_3_ts42_recency,lstm_features_1_3,"LSTM with Features 1&3 (42 TimeSteps), Weighted Ensemble",DEEP_LEARNING,00_04,NEG,MARGINAL,42.0,recency,0.95,30.95700019999999,243,13,230,8.13273439492704,4.151981717695473,25.60786677654511,21.143072076923076,5.728432395193539,3.1916157408695653,3.148740083349893
lstm_features_1_3_ts42_recency,lstm_features_1_3,"LSTM with Features 1&3 (42 TimeSteps), Weighted Ensemble",DEEP_LEARNING,00_04,POS,AVERAGE,42.0,recency,0.95,6.615998999999995,243,13,230,1.330448652487038,0.9172128057613168,2.9031017880508396,1.8425159538461537,1.1805834022333124,0.8649130626086958,2.1820472234114447
lstm_features_1_3_ts42_recency,lstm_features_1_3,"LSTM with Features 1&3 (42 TimeSteps), Weighted Ensemble",DEEP_LEARNING,00_04,POS,MARGINAL,42.0,recency,0.95,8.348998999999997,243,13,230,3.034166540040899,1.9017055872427984,6.665982446864227,4.356690084615385,2.686066540875328,1.7629455939130436,2.196973158491944
lstm_features_1_3_ts42_recency,lstm_features_1_3,"LSTM with Features 1&3 (42 TimeSteps), Weighted Ensemble",DEEP_LEARNING,04_08,NEG,AVERAGE,42.0,recency,0.95,15.850998899999993,243,13,230,3.6896962331249665,1.5789607555555556,12.606178431669214,9.311197307692309,2.3240360457719826,1.1419212982608695,3.4165897773629146
lstm_features_1_3_ts42_recency,lstm_features_1_3,"LSTM with Features 1&3 (42 TimeSteps), Weighted Ensemble",DEEP_LEARNING,04_08,NEG,MARGINAL,42.0,recency,0.95,23.936002999999996,243,13,230,7.475436453743746,3.1015047580246913,23.667491168146746,16.81229956153846,5.232594624394842,2.326546790869565,3.1660346943747903
lstm_features_1_3_ts42_recency,lstm_features_1_3,"LSTM with Features 1&3 (42 TimeSteps), Weighted Ensemble",DEEP_LEARNING,04_08,POS,AVERAGE,42.0,recency,0.95,17.267000599999992,243,13,230,4.358558480470832,2.317773369958848,15.19571816654615,10.406454053846154,2.6494057783035982,1.8605870704347829,3.4864091498675123
lstm_features_1_3_ts42_recency,lstm_features_1_3,"LSTM with Features 1&3 (42 TimeSteps), Weighted Ensemble",DEEP_LEARNING,04_08,POS,MARGINAL,42.0,recency,0.95,28.057999999999993,243,13,230,20.736866755151087,5.27733561728395,87.81527003845724,44.1467072076923,4.2958552979552715,3.080371136086957,4.234741490859207
lstm_features_1_3_ts42_recency,lstm_features_1_3,"LSTM with Features 1&3 (42 TimeSteps), Weighted Ensemble",DEEP_LEARNING,08_12,NEG,AVERAGE,42.0,recency,0.95,30.666997199999983,243,13,230,5.634919199331535,3.1180761469135807,15.62379057918057,10.968465846153846,4.444085262292396,2.67435846826087,2.7726734007177964
lstm_features_1_3_ts42_recency,lstm_features_1_3,"LSTM with Features 1&3 (42 TimeSteps), Weighted Ensemble",DEEP_LEARNING,08_12,NEG,MARGINAL,42.0,recency,0.95,38.971993299999994,243,13,230,18.210018211731338,6.5574180757201646,72.54476261301211,46.375485692307684,7.272432731384533,4.306831645217391,3.983783089589499
lstm_features_1_3_ts42_recency,lstm_features_1_3,"LSTM with Features 1&3 (42 TimeSteps), Weighted Ensemble",DEEP_LEARNING,08_12,POS,AVERAGE,42.0,recency,0.95,40.626993999999996,243,13,230,7.771382616329521,4.061130486831275,28.516521570204375,24.236790846153845,4.224329221735701,2.9207670752173915,3.66942704767674
lstm_features_1_3_ts42_recency,lstm_features_1_3,"LSTM with Features 1&3 (42 TimeSteps), Weighted Ensemble",DEEP_LEARNING,08_12,POS,MARGINAL,42.0,recency,0.95,65.84398649999996,243,13,230,17.084300286486148,7.382024783950618,65.16079711388815,60.28303838461538,8.2694126306925,4.39196749347826,3.8140746779914068
lstm_features_1_3_ts42_recency,lstm_features_1_3,"LSTM with Features 1&3 (42 TimeSteps), Weighted Ensemble",DEEP_LEARNING,12_16,NEG,AVERAGE,42.0,recency,0.95,63.1119874,243,13,230,12.627416466123622,7.047399658024692,36.993083835979476,30.2847286923077,9.545407011597934,5.733985408260869,2.929584522314853
lstm_features_1_3_ts42_recency,lstm_features_1_3,"LSTM with Features 1&3 (42 TimeSteps), Weighted Ensemble",DEEP_LEARNING,12_16,NEG,MARGINAL,42.0,recency,0.95,80.81896099999997,243,13,230,30.807680470877767,11.64302868489712,114.4574387785541,60.67908284615385,16.19553521059483,8.871425623608696,3.7152241593374655
lstm_features_1_3_ts42_recency,lstm_features_1_3,"LSTM with Features 1&3 (42 TimeSteps), Weighted Ensemble",DEEP_LEARNING,12_16,POS,AVERAGE,42.0,recency,0.95,28.66400339999996,243,13,230,15.413333126403769,3.52802626872428,65.70373042708842,38.836405192307694,2.644905811961447,1.5323352860869566,4.262785335803508
lstm_features_1_3_ts42_recency,lstm_features_1_3,"LSTM with Features 1&3 (42 TimeSteps), Weighted Ensemble",DEEP_LEARNING,12_16,POS,MARGINAL,42.0,recency,0.95,49.48499509999998,243,13,230,92.46662861924628,13.20286185802469,399.0176322539629,188.28964634615386,5.850636959255498,3.3066522999999997,4.315260956436669
lstm_features_1_3_ts42_recency,lstm_features_1_3,"LSTM with Features 1&3 (42 TimeSteps), Weighted Ensemble",DEEP_LEARNING,16_20,NEG,AVERAGE,42.0,recency,0.95,21.622996099999995,243,13,230,2.8854652690933733,2.1507358630452678,6.151100707180938,5.453682153846153,2.580299584244089,1.9640475944347826,2.131753507160959
lstm_features_1_3_ts42_recency,lstm_features_1_3,"LSTM with Features 1&3 (42 TimeSteps), Weighted Ensemble",DEEP_LEARNING,16_20,NEG,MARGINAL,42.0,recency,0.95,26.906999899999995,243,13,230,5.171972223573586,3.0590038111934152,16.92362544036987,10.71509053846154,3.474604024350246,2.6262684744347826,3.2721802648577363
lstm_features_1_3_ts42_recency,lstm_features_1_3,"LSTM with Features 1&3 (42 TimeSteps), Weighted Ensemble",DEEP_LEARNING,16_20,POS,AVERAGE,42.0,recency,0.95,68.41501239999997,243,13,230,17.19253204069678,6.9814657654321,69.29100410472905,60.84592469230769,6.396515742748624,3.936952869565218,4.030296639302981
lstm_features_1_3_ts42_recency,lstm_features_1_3,"LSTM with Features 1&3 (42 TimeSteps), Weighted Ensemble",DEEP_LEARNING,16_20,POS,MARGINAL,42.0,recency,0.95,110.30499099999996,243,13,230,35.125296184265274,14.3136768127572,136.8995833637793,127.42981115384616,15.62754757757721,7.920156176086956,3.8974641707108177
lstm_features_1_3_ts42_recency,lstm_features_1_3,"LSTM with Features 1&3 (42 TimeSteps), Weighted Ensemble",DEEP_LEARNING,20_24,NEG,AVERAGE,42.0,recency,0.95,5.679999999999998,243,13,230,1.5035249393453323,1.03320941436214,3.2882831540706237,2.652726023076923,1.3331170090989144,0.9416715190869566,2.1870492919807596
lstm_features_1_3_ts42_recency,lstm_features_1_3,"LSTM with Features 1&3 (42 TimeSteps), Weighted Ensemble",DEEP_LEARNING,20_24,NEG,MARGINAL,42.0,recency,0.95,8.973000049999994,243,13,230,2.653750510559247,1.8735030441152265,5.721885530333537,4.789977538461539,2.3643011085898253,1.7086588335652173,2.156150515116704
lstm_features_1_3_ts42_recency,lstm_features_1_3,"LSTM with Features 1&3 (42 TimeSteps), Weighted Ensemble",DEEP_LEARNING,20_24,POS,AVERAGE,42.0,recency,0.95,30.47800149999999,243,13,230,2.8232761811473055,1.8065544127572015,7.120002582036152,6.521597000000001,2.357133670193316,1.5400520056521738,2.521893759307235
lstm_features_1_3_ts42_recency,lstm_features_1_3,"LSTM with Features 1&3 (42 TimeSteps), Weighted Ensemble",DEEP_LEARNING,20_24,POS,MARGINAL,42.0,recency,0.95,37.204999599999994,243,13,230,6.143771152566208,4.317504133333333,16.93657271100426,14.252344538461537,4.864799065698889,3.7559696756521737,2.7567063112254724
lstm_features_1_3_ts42_single,lstm_features_1_3,"LSTM with Features 1&3 (42 TimeSteps), Single",DEEP_LEARNING,00_04,NEG,AVERAGE,42.0,single,0.95,21.354999699999993,243,13,230,3.2987898712474366,1.5976522119341563,10.411621038113905,8.192498076923076,2.3173311739283258,1.2249000543478261,3.1561940725180997
lstm_features_1_3_ts42_single,lstm_features_1_3,"LSTM with Features 1&3 (42 TimeSteps), Single",DEEP_LEARNING,00_04,NEG,MARGINAL,42.0,single,0.95,30.95700019999999,243,13,230,8.032091246308207,4.4909373909465025,26.410614987303994,22.303917153846154,5.360586205222577,3.4841167956521737,3.2881368223304377
lstm_features_1_3_ts42_single,lstm_features_1_3,"LSTM with Features 1&3 (42 TimeSteps), Single",DEEP_LEARNING,00_04,POS,AVERAGE,42.0,single,0.95,6.615998999999995,243,13,230,0.9695487226335767,0.4639775547325103,3.413851362464099,1.7669662692307695,0.578299808231755,0.39033036652173914,3.521072518347592
lstm_features_1_3_ts42_single,lstm_features_1_3,"LSTM with Features 1&3 (42 TimeSteps), Single",DEEP_LEARNING,00_04,POS,MARGINAL,42.0,single,0.95,8.348998999999997,243,13,230,2.8202798490718646,1.7239156255144032,6.112731105231398,4.2063259076923085,2.508304032467576,1.5836054791304348,2.167420054872589
lstm_features_1_3_ts42_single,lstm_features_1_3,"LSTM with Features 1&3 (42 TimeSteps), Single",DEEP_LEARNING,04_08,NEG,AVERAGE,42.0,single,0.95,15.850998899999993,243,13,230,2.114521494589353,1.4731447633744856,4.675260303957902,3.630245153846154,1.8677434814626097,1.351221697826087,2.211025196916172
lstm_features_1_3_ts42_single,lstm_features_1_3,"LSTM with Features 1&3 (42 TimeSteps), Single",DEEP_LEARNING,04_08,NEG,MARGINAL,42.0,single,0.95,23.936002999999996,243,13,230,6.005581283821109,2.4476967761316875,20.924063494506978,14.10688316923077,3.655055440405945,1.7886992843478262,3.484102954509316
lstm_features_1_3_ts42_single,lstm_features_1_3,"LSTM with Features 1&3 (42 TimeSteps), Single",DEEP_LEARNING,04_08,POS,AVERAGE,42.0,single,0.95,17.267000599999992,243,13,230,3.883930346142219,1.7602271251028805,15.047602418963175,10.120292730769231,1.7718081253658842,1.287701677826087,3.8743234501899515
lstm_features_1_3_ts42_single,lstm_features_1_3,"LSTM with Features 1&3 (42 TimeSteps), Single",DEEP_LEARNING,04_08,POS,MARGINAL,42.0,single,0.95,28.057999999999993,243,13,230,20.709307749426486,4.706020382304528,88.2331215069834,45.56050449999999,3.6179746746245067,2.3968538886956523,4.260553881113041
lstm_features_1_3_ts42_single,lstm_features_1_3,"LSTM with Features 1&3 (42 TimeSteps), Single",DEEP_LEARNING,08_12,NEG,AVERAGE,42.0,single,0.95,30.666997199999983,243,13,230,3.387120350565112,1.6716078185185186,11.385617765538479,7.837594230769228,2.1895186910848747,1.3230955430434783,3.361444704389936
lstm_features_1_3_ts42_single,lstm_features_1_3,"LSTM with Features 1&3 (42 TimeSteps), Single",DEEP_LEARNING,08_12,NEG,MARGINAL,42.0,single,0.95,38.971993299999994,243,13,230,18.29843420049371,6.232037963786009,75.22004878003747,50.17243446153847,5.827080739770506,3.7484503356521737,4.110736905456531
lstm_features_1_3_ts42_single,lstm_features_1_3,"LSTM with Features 1&3 (42 TimeSteps), Single",DEEP_LEARNING,08_12,POS,AVERAGE,42.0,single,0.95,40.626993999999996,243,13,230,7.172968882793392,3.4854274876543214,26.490950339008066,22.66937638461538,3.8333175675775126,2.401117332608696,3.693163984379591
lstm_features_1_3_ts42_single,lstm_features_1_3,"LSTM with Features 1&3 (42 TimeSteps), Single",DEEP_LEARNING,08_12,POS,MARGINAL,42.0,single,0.95,65.84398649999996,243,13,230,16.96131257513957,6.794369158847736,64.9540415241187,59.474443,8.091963421620905,3.8167997678260868,3.8295409766413204
lstm_features_1_3_ts42_single,lstm_features_1_3,"LSTM with Features 1&3 (42 TimeSteps), Single",DEEP_LEARNING,12_16,NEG,AVERAGE,42.0,single,0.95,63.1119874,243,13,230,5.131067031284078,3.302998119753087,9.233742327472816,7.399287461538462,4.795496670071678,3.071468722173913,1.799575462798431
lstm_features_1_3_ts42_single,lstm_features_1_3,"LSTM with Features 1&3 (42 TimeSteps), Single",DEEP_LEARNING,12_16,NEG,MARGINAL,42.0,single,0.95,80.81896099999997,243,13,230,28.05159395129453,9.745171316707818,111.00729060511158,56.02149523076923,11.613465940034377,7.129553008521739,3.957254293565332
lstm_features_1_3_ts42_single,lstm_features_1_3,"LSTM with Features 1&3 (42 TimeSteps), Single",DEEP_LEARNING,12_16,POS,AVERAGE,42.0,single,0.95,28.66400339999996,243,13,230,15.383112461036752,3.0723834000000005,65.9123341465333,37.1707024076923,2.1119647764770653,1.1450871082608696,4.284720293989913
lstm_features_1_3_ts42_single,lstm_features_1_3,"LSTM with Features 1&3 (42 TimeSteps), Single",DEEP_LEARNING,12_16,POS,MARGINAL,42.0,single,0.95,49.48499509999998,243,13,230,92.17805166459934,12.513318882304528,398.0594186216126,186.9334196153846,4.593871113505223,2.654791449565218,4.318375268659382
lstm_features_1_3_ts42_single,lstm_features_1_3,"LSTM with Features 1&3 (42 TimeSteps), Single",DEEP_LEARNING,16_20,NEG,AVERAGE,42.0,single,0.95,21.622996099999995,243,13,230,2.384105939173873,1.6224512846502057,6.4859770221580755,5.575037307692307,1.9045938529514372,1.3990442485652175,2.720507052805531
lstm_features_1_3_ts42_single,lstm_features_1_3,"LSTM with Features 1&3 (42 TimeSteps), Single",DEEP_LEARNING,16_20,NEG,MARGINAL,42.0,single,0.95,26.906999899999995,243,13,230,4.951817314767334,2.705397808148148,17.441619936152893,10.616325923076921,2.9516015098011565,2.2582583929565216,3.5222664382505404
lstm_features_1_3_ts42_single,lstm_features_1_3,"LSTM with Features 1&3 (42 TimeSteps), Single",DEEP_LEARNING,16_20,POS,AVERAGE,42.0,single,0.95,68.41501239999997,243,13,230,17.155804647131472,6.943555901234568,66.59643941792395,58.55087592307692,7.763919387871072,4.02662042173913,3.881860442439765
lstm_features_1_3_ts42_single,lstm_features_1_3,"LSTM with Features 1&3 (42 TimeSteps), Single",DEEP_LEARNING,16_20,POS,MARGINAL,42.0,single,0.95,110.30499099999996,243,13,230,36.672385582647955,14.249694901234571,143.79206495451368,133.2587656923077,15.881608964577806,7.523095247826086,3.9209902129342487
lstm_features_1_3_ts42_single,lstm_features_1_3,"LSTM with Features 1&3 (42 TimeSteps), Single",DEEP_LEARNING,20_24,NEG,AVERAGE,42.0,single,0.95,5.679999999999998,243,13,230,0.8021308092468977,0.5496470954320988,2.0624791886930978,1.6290527461538458,0.6628328423630598,0.4886372108260869,2.5712504306242923
lstm_features_1_3_ts42_single,lstm_features_1_3,"LSTM with Features 1&3 (42 TimeSteps), Single",DEEP_LEARNING,20_24,NEG,MARGINAL,42.0,single,0.95,8.973000049999994,243,13,230,2.2125092934859807,1.4693045220576133,4.402154783665891,3.7013891153846155,2.0190466909050255,1.3431432189565218,1.989666121008673
lstm_features_1_3_ts42_single,lstm_features_1_3,"LSTM with Features 1&3 (42 TimeSteps), Single",DEEP_LEARNING,20_24,POS,AVERAGE,42.0,single,0.95,30.47800149999999,243,13,230,2.1488291985957213,1.37100324691358,3.634302891801111,2.959808538461538,2.032709067368855,1.2812012086956523,1.6912944473093348
lstm_features_1_3_ts42_single,lstm_features_1_3,"LSTM with Features 1&3 (42 TimeSteps), Single",DEEP_LEARNING,20_24,POS,MARGINAL,42.0,single,0.95,37.204999599999994,243,13,230,5.936273232140548,3.669615923045267,17.65593708683125,14.603924769230769,4.428485905287954,3.051589770869565,2.974246028844723
lstm_features_1_4_ts168_ensemble,lstm_features_1_4,"LSTM with Features 1&4 (168 TimeSteps), Ensemble",DEEP_LEARNING,00_04,NEG,AVERAGE,168.0,ensemble,0.95,21.354999699999993,243,13,230,2.8401647688880063,1.594518634979424,9.368760367076192,7.84349976923077,1.8871539493928398,1.2413153534782608,3.298667904659732
lstm_features_1_4_ts168_ensemble,lstm_features_1_4,"LSTM with Features 1&4 (168 TimeSteps), Ensemble",DEEP_LEARNING,00_04,NEG,MARGINAL,168.0,ensemble,0.95,30.95700019999999,243,13,230,7.123412010130572,3.5175554716049384,24.705859278710648,20.911313692307694,4.371655442468449,2.534430006956522,3.4682620131441464
lstm_features_1_4_ts168_ensemble,lstm_features_1_4,"LSTM with Features 1&4 (168 TimeSteps), Ensemble",DEEP_LEARNING,00_04,POS,AVERAGE,168.0,ensemble,0.95,6.615998999999995,243,13,230,1.5537498166782335,1.190057213580247,2.7622584018547673,1.7751785384615388,1.4557901254243395,1.1569851386956522,1.7778012728974655
lstm_features_1_4_ts168_ensemble,lstm_features_1_4,"LSTM with Features 1&4 (168 TimeSteps), Ensemble",DEEP_LEARNING,00_04,POS,MARGINAL,168.0,ensemble,0.95,8.348998999999997,243,13,230,3.8361465365858565,3.1124229271604937,6.126614938937088,4.618806038461538,3.664181848806744,3.0272795339130436,1.597075315165028
lstm_features_1_4_ts168_ensemble,lstm_features_1_4,"LSTM with Features 1&4 (168 TimeSteps), Ensemble",DEEP_LEARNING,04_08,NEG,AVERAGE,168.0,ensemble,0.95,15.850998899999993,243,13,230,1.3880912852995249,0.8076797679012346,3.348526613006452,2.3061892307692315,1.1840379987158318,0.7229814069565217,2.41232449801304
lstm_features_1_4_ts168_ensemble,lstm_features_1_4,"LSTM with Features 1&4 (168 TimeSteps), Ensemble",DEEP_LEARNING,04_08,NEG,MARGINAL,168.0,ensemble,0.95,23.936002999999996,243,13,230,4.990329849774388,1.9860671543209876,19.508432427372565,13.352387823076922,2.1908883380618756,1.3436229426086954,3.9092470867941804
lstm_features_1_4_ts168_ensemble,lstm_features_1_4,"LSTM with Features 1&4 (168 TimeSteps), Ensemble",DEEP_LEARNING,04_08,POS,AVERAGE,168.0,ensemble,0.95,17.267000599999992,243,13,230,3.8898206202798162,1.7557927802469138,14.880038811383576,9.973255538461538,1.8630957966399044,1.2913274939130435,3.8253791791337597
lstm_features_1_4_ts168_ensemble,lstm_features_1_4,"LSTM with Features 1&4 (168 TimeSteps), Ensemble",DEEP_LEARNING,04_08,POS,MARGINAL,168.0,ensemble,0.95,28.057999999999993,243,13,230,20.408306476780666,4.682587486419753,86.87383655410596,41.960387,3.6697501932614327,2.575581426956522,4.256788119726924
lstm_features_1_4_ts168_ensemble,lstm_features_1_4,"LSTM with Features 1&4 (168 TimeSteps), Ensemble",DEEP_LEARNING,08_12,NEG,AVERAGE,168.0,ensemble,0.95,30.666997199999983,243,13,230,5.6975162965321005,3.27085679218107,17.51343420038497,13.544092769230769,4.118265905789713,2.69019562826087,3.0738717168821172
lstm_features_1_4_ts168_ensemble,lstm_features_1_4,"LSTM with Features 1&4 (168 TimeSteps), Ensemble",DEEP_LEARNING,08_12,NEG,MARGINAL,168.0,ensemble,0.95,38.971993299999994,243,13,230,18.49427855620059,6.300879679423868,76.56358669725446,52.91987084615384,5.48101067721483,3.6658932221739127,4.139852574653956
lstm_features_1_4_ts168_ensemble,lstm_features_1_4,"LSTM with Features 1&4 (168 TimeSteps), Ensemble",DEEP_LEARNING,08_12,POS,AVERAGE,168.0,ensemble,0.95,40.626993999999996,243,13,230,7.524764524073696,3.344703807407407,28.670140673876563,25.235509615384615,3.6555289608980903,2.107397392173913,3.810104699243845
lstm_features_1_4_ts168_ensemble,lstm_features_1_4,"LSTM with Features 1&4 (168 TimeSteps), Ensemble",DEEP_LEARNING,08_12,POS,MARGINAL,168.0,ensemble,0.95,65.84398649999996,243,13,230,16.748251344244775,7.548150305761316,62.77945856591005,57.2450436153846,8.578554626178269,4.739195466521738,3.748418702080384
lstm_features_1_4_ts168_ensemble,lstm_features_1_4,"LSTM with Features 1&4 (168 TimeSteps), Ensemble",DEEP_LEARNING,12_16,NEG,AVERAGE,168.0,ensemble,0.95,63.1119874,243,13,230,9.04741019292727,6.396306476131688,12.891095513530658,10.204528615384616,8.780059897629416,6.181059137826088,1.4248381844793723
lstm_features_1_4_ts168_ensemble,lstm_features_1_4,"LSTM with Features 1&4 (168 TimeSteps), Ensemble",DEEP_LEARNING,12_16,NEG,MARGINAL,168.0,ensemble,0.95,80.81896099999997,243,13,230,27.548050332425714,10.110643766790124,109.79899876252418,51.32591369230769,10.971473298742383,7.781085031869566,3.9857266644124048
lstm_features_1_4_ts168_ensemble,lstm_features_1_4,"LSTM with Features 1&4 (168 TimeSteps), Ensemble",DEEP_LEARNING,12_16,POS,AVERAGE,168.0,ensemble,0.95,28.66400339999996,243,13,230,15.453938013798949,3.0261590135802465,66.32612221531684,38.10482261538462,1.9170542246643356,1.0434519404347824,4.291858952462065
lstm_features_1_4_ts168_ensemble,lstm_features_1_4,"LSTM with Features 1&4 (168 TimeSteps), Ensemble",DEEP_LEARNING,12_16,POS,MARGINAL,168.0,ensemble,0.95,49.48499509999998,243,13,230,92.88390123329052,12.952173850205758,401.1380181920515,192.2602833076923,4.477294414526583,2.8173676634782603,4.318703379873536
lstm_features_1_4_ts168_ensemble,lstm_features_1_4,"LSTM with Features 1&4 (168 TimeSteps), Ensemble",DEEP_LEARNING,16_20,NEG,AVERAGE,168.0,ensemble,0.95,21.622996099999995,243,13,230,2.6650995080122435,1.736633354855967,7.084827236129875,6.686399692307692,2.1603516809447907,1.456863953173913,2.6583724978487098
lstm_features_1_4_ts168_ensemble,lstm_features_1_4,"LSTM with Features 1&4 (168 TimeSteps), Ensemble",DEEP_LEARNING,16_20,NEG,MARGINAL,168.0,ensemble,0.95,26.906999899999995,243,13,230,5.856022158889284,3.314580715308642,19.580887220116704,15.621581576923075,3.8157870214599345,2.6189676231304353,3.343718088633501
lstm_features_1_4_ts168_ensemble,lstm_features_1_4,"LSTM with Features 1&4 (168 TimeSteps), Ensemble",DEEP_LEARNING,16_20,POS,AVERAGE,168.0,ensemble,0.95,68.41501239999997,243,13,230,18.266205013041425,7.052737061728395,73.32755389369349,65.13916461538462,6.971335595055093,3.7695911565217397,4.01438360301662
lstm_features_1_4_ts168_ensemble,lstm_features_1_4,"LSTM with Features 1&4 (168 TimeSteps), Ensemble",DEEP_LEARNING,16_20,POS,MARGINAL,168.0,ensemble,0.95,110.30499099999996,243,13,230,34.28853823197555,13.748013590534981,137.54247263089198,126.00617207692306,13.148470474174847,7.402987241304347,4.01132505854763
lstm_features_1_4_ts168_ensemble,lstm_features_1_4,"LSTM with Features 1&4 (168 TimeSteps), Ensemble",DEEP_LEARNING,20_24,NEG,AVERAGE,168.0,ensemble,0.95,5.679999999999998,243,13,230,0.7691744989769206,0.5866340774897119,1.200920957789407,1.0011510615384616,0.7372605040483453,0.5632048566521739,1.561311457135868
lstm_features_1_4_ts168_ensemble,lstm_features_1_4,"LSTM with Features 1&4 (168 TimeSteps), Ensemble",DEEP_LEARNING,20_24,NEG,MARGINAL,168.0,ensemble,0.95,8.973000049999994,243,13,230,1.5023671114053356,1.028689807037037,4.157091162577599,3.662312769230769,1.1865527263506304,0.879832857,2.76702753342956
lstm_features_1_4_ts168_ensemble,lstm_features_1_4,"LSTM with Features 1&4 (168 TimeSteps), Ensemble",DEEP_LEARNING,20_24,POS,AVERAGE,168.0,ensemble,0.95,30.47800149999999,243,13,230,3.576897483613089,2.484867552263374,8.67192745074455,8.423376076923079,3.044138557785215,2.1492127226086954,2.4244271720040684
lstm_features_1_4_ts168_ensemble,lstm_features_1_4,"LSTM with Features 1&4 (168 TimeSteps), Ensemble",DEEP_LEARNING,20_24,POS,MARGINAL,168.0,ensemble,0.95,37.204999599999994,243,13,230,6.774997018049176,4.112217488888889,22.55049534637727,15.979141230769232,4.444351144362433,3.4414783208695656,3.3284878629910546
lstm_features_1_4_ts168_recency,lstm_features_1_4,"LSTM with Features 1&4 (168 TimeSteps), Weighted Ensemble",DEEP_LEARNING,00_04,NEG,AVERAGE,168.0,recency,0.95,21.354999699999993,243,13,230,2.716370399145212,1.35768341563786,9.181757394235175,7.2875007692307685,1.7408839138119423,1.0225198260869568,3.3801566226478146
lstm_features_1_4_ts168_recency,lstm_features_1_4,"LSTM with Features 1&4 (168 TimeSteps), Weighted Ensemble",DEEP_LEARNING,00_04,NEG,MARGINAL,168.0,recency,0.95,30.95700019999999,243,13,230,6.702728115102851,3.1636615119341567,23.01373511276859,19.090672923076923,4.186904557028826,2.2634391278260866,3.433487785505298
lstm_features_1_4_ts168_recency,lstm_features_1_4,"LSTM with Features 1&4 (168 TimeSteps), Weighted Ensemble",DEEP_LEARNING,00_04,POS,AVERAGE,168.0,recency,0.95,6.615998999999995,243,13,230,1.1126854740688652,0.6573160588477367,2.7026449915752973,1.2631362384615388,0.9461477707576065,0.6230740486956521,2.4289388641807936
lstm_features_1_4_ts168_recency,lstm_features_1_4,"LSTM with Features 1&4 (168 TimeSteps), Weighted Ensemble",DEEP_LEARNING,00_04,POS,MARGINAL,168.0,recency,0.95,8.348998999999997,243,13,230,2.4730934691095525,1.5593483205761314,6.625698483150253,4.297494415384615,1.9951419722005614,1.4045835413043475,2.6791136549868706
lstm_features_1_4_ts168_recency,lstm_features_1_4,"LSTM with Features 1&4 (168 TimeSteps), Weighted Ensemble",DEEP_LEARNING,04_08,NEG,AVERAGE,168.0,recency,0.95,15.850998899999993,243,13,230,1.2311607845069212,0.6255907172839505,3.272218424882587,2.3034178461538457,0.9981124505871649,0.5307570100000001,2.657831914450644
lstm_features_1_4_ts168_recency,lstm_features_1_4,"LSTM with Features 1&4 (168 TimeSteps), Weighted Ensemble",DEEP_LEARNING,04_08,NEG,MARGINAL,168.0,recency,0.95,23.936002999999996,243,13,230,4.753091972103637,1.7812517781893005,18.696792019120043,11.96525546153846,2.027439193610327,1.205634178695652,3.9336061933691475
lstm_features_1_4_ts168_recency,lstm_features_1_4,"LSTM with Features 1&4 (168 TimeSteps), Weighted Ensemble",DEEP_LEARNING,04_08,POS,AVERAGE,168.0,recency,0.95,17.267000599999992,243,13,230,3.9491861066816805,1.827408869547325,14.963570655007246,10.096659546153846,1.9549662759788133,1.36001644,3.789026460335759
lstm_features_1_4_ts168_recency,lstm_features_1_4,"LSTM with Features 1&4 (168 TimeSteps), Weighted Ensemble",DEEP_LEARNING,04_08,POS,MARGINAL,168.0,recency,0.95,28.057999999999993,243,13,230,20.452839657758,4.957961763374486,86.95400167268228,42.96243542307692,3.8212521715207934,2.8098828173913044,4.251439072896639
lstm_features_1_4_ts168_recency,lstm_features_1_4,"LSTM with Features 1&4 (168 TimeSteps), Weighted Ensemble",DEEP_LEARNING,08_12,NEG,AVERAGE,168.0,recency,0.95,30.666997199999983,243,13,230,4.048430914798034,2.0404088032921814,13.649029553997456,9.84916807692308,2.6050716145653263,1.5990441486956524,3.371436944646089
lstm_features_1_4_ts168_recency,lstm_features_1_4,"LSTM with Features 1&4 (168 TimeSteps), Weighted Ensemble",DEEP_LEARNING,08_12,NEG,MARGINAL,168.0,recency,0.95,38.971993299999994,243,13,230,17.333599558239648,5.3390636683127575,72.39431976635237,47.68170030769231,4.605315807613322,2.945784206086956,4.176531223253004
lstm_features_1_4_ts168_recency,lstm_features_1_4,"LSTM with Features 1&4 (168 TimeSteps), Weighted Ensemble",DEEP_LEARNING,08_12,POS,AVERAGE,168.0,recency,0.95,40.626993999999996,243,13,230,7.1185450143388405,3.315175442798354,27.0304285933809,23.094914230769227,3.4986532124330623,2.1971902069565217,3.7971844722388743
lstm_features_1_4_ts168_recency,lstm_features_1_4,"LSTM with Features 1&4 (168 TimeSteps), Weighted Ensemble",DEEP_LEARNING,08_12,POS,MARGINAL,168.0,recency,0.95,65.84398649999996,243,13,230,15.830509599459184,7.421494400823045,58.26069603606988,51.89362792307692,8.539170658105395,4.907852071304347,3.6802792525428387
lstm_features_1_4_ts168_recency,lstm_features_1_4,"LSTM with Features 1&4 (168 TimeSteps), Weighted Ensemble",DEEP_LEARNING,12_16,NEG,AVERAGE,168.0,recency,0.95,63.1119874,243,13,230,5.072995119427471,3.216944333539095,10.628932084113258,9.423474076923075,4.561182317085071,2.8661404784782607,2.0951985629571865
lstm_features_1_4_ts168_recency,lstm_features_1_4,"LSTM with Features 1&4 (168 TimeSteps), Weighted Ensemble",DEEP_LEARNING,12_16,NEG,MARGINAL,168.0,recency,0.95,80.81896099999997,243,13,230,26.6742768342802,7.795271814403292,108.44168653410425,47.58573471538462,9.330606468671533,5.5462456504347815,4.065403055078945
lstm_features_1_4_ts168_recency,lstm_features_1_4,"LSTM with Features 1&4 (168 TimeSteps), Weighted Ensemble",DEEP_LEARNING,12_16,POS,AVERAGE,168.0,recency,0.95,28.66400339999996,243,13,230,15.408167916824755,3.0546790802469137,66.08482275223504,38.55867257692307,1.9971488284326504,1.0479316217391303,4.288947466627395
lstm_features_1_4_ts168_recency,lstm_features_1_4,"LSTM with Features 1&4 (168 TimeSteps), Weighted Ensemble",DEEP_LEARNING,12_16,POS,MARGINAL,168.0,recency,0.95,49.48499509999998,243,13,230,92.70314710104748,12.394227517695475,400.4038740361824,188.52665884615382,4.2266472328721205,2.4389161817391303,4.319204757954308
lstm_features_1_4_ts168_recency,lstm_features_1_4,"LSTM with Features 1&4 (168 TimeSteps), Weighted Ensemble",DEEP_LEARNING,16_20,NEG,AVERAGE,168.0,recency,0.95,21.622996099999995,243,13,230,1.4515343732460073,0.8203980911934156,4.301114144158545,3.499398076923078,1.0864676858829743,0.6689763528695651,2.9631500455205466
lstm_features_1_4_ts168_recency,lstm_features_1_4,"LSTM with Features 1&4 (168 TimeSteps), Weighted Ensemble",DEEP_LEARNING,16_20,NEG,MARGINAL,168.0,recency,0.95,26.906999899999995,243,13,230,4.611268293505333,2.3663973004938272,16.14842413301359,11.824936846153848,2.7796398155884354,1.8317841957391305,3.501948510729159
lstm_features_1_4_ts168_recency,lstm_features_1_4,"LSTM with Features 1&4 (168 TimeSteps), Weighted Ensemble",DEEP_LEARNING,16_20,POS,AVERAGE,168.0,recency,0.95,68.41501239999997,243,13,230,16.94116680998063,6.485477378600823,66.48857755927467,59.662425230769216,7.3046319416215395,3.479823804347827,3.924675218952684
lstm_features_1_4_ts168_recency,lstm_features_1_4,"LSTM with Features 1&4 (168 TimeSteps), Weighted Ensemble",DEEP_LEARNING,16_20,POS,MARGINAL,168.0,recency,0.95,110.30499099999996,243,13,230,31.0202679387637,12.216346552674896,124.97975951530165,110.6311556923077,11.566299027908574,6.653770383913043,4.028970986389316
lstm_features_1_4_ts168_recency,lstm_features_1_4,"LSTM with Features 1&4 (168 TimeSteps), Weighted Ensemble",DEEP_LEARNING,20_24,NEG,AVERAGE,168.0,recency,0.95,5.679999999999998,243,13,230,0.49983991132652117,0.32861001650205757,1.3869266821409716,1.0737527000000002,0.3940026020593424,0.28649325613043475,2.7747417737415523
lstm_features_1_4_ts168_recency,lstm_features_1_4,"LSTM with Features 1&4 (168 TimeSteps), Weighted Ensemble",DEEP_LEARNING,20_24,NEG,MARGINAL,168.0,recency,0.95,8.973000049999994,243,13,230,1.3955804428260297,0.7764856574074073,4.574314294248607,3.7200785076923077,0.9354401737184245,0.6101086702173913,3.277714529293409
lstm_features_1_4_ts168_recency,lstm_features_1_4,"LSTM with Features 1&4 (168 TimeSteps), Weighted Ensemble",DEEP_LEARNING,20_24,POS,AVERAGE,168.0,recency,0.95,30.47800149999999,243,13,230,2.2453069289685113,1.5171273057613168,5.630266143042912,5.081042384615385,1.8800581858966896,1.3156886273913042,2.507570822680106
lstm_features_1_4_ts168_recency,lstm_features_1_4,"LSTM with Features 1&4 (168 TimeSteps), Weighted Ensemble",DEEP_LEARNING,20_24,POS,MARGINAL,168.0,recency,0.95,37.204999599999994,243,13,230,5.818448101262502,3.124351045679013,20.362168511315133,13.91148176923077,3.5118256272573807,2.514643656956521,3.499587545843521
lstm_features_1_4_ts168_single,lstm_features_1_4,"LSTM with Features 1&4 (168 TimeSteps), Single",DEEP_LEARNING,00_04,NEG,AVERAGE,168.0,single,0.95,21.354999699999993,243,13,230,2.438712780692957,1.2914147275720163,8.020722828178112,6.573337769230769,1.627057674571469,0.9928712513043478,3.2889165512549754
lstm_features_1_4_ts168_single,lstm_features_1_4,"LSTM with Features 1&4 (168 TimeSteps), Single",DEEP_LEARNING,00_04,NEG,MARGINAL,168.0,single,0.95,30.95700019999999,243,13,230,6.585470758892539,2.917685840740741,23.440307868349848,20.196292384615383,3.8423853974164794,1.9410689491304347,3.5593974563925848
lstm_features_1_4_ts168_single,lstm_features_1_4,"LSTM with Features 1&4 (168 TimeSteps), Single",DEEP_LEARNING,00_04,POS,AVERAGE,168.0,single,0.95,6.615998999999995,243,13,230,0.983113807253909,0.5339173580246913,2.640609159457997,1.394982876923077,0.7918497405443925,0.4852484373913044,2.685964880133157
lstm_features_1_4_ts168_single,lstm_features_1_4,"LSTM with Features 1&4 (168 TimeSteps), Single",DEEP_LEARNING,00_04,POS,MARGINAL,168.0,single,0.95,8.348998999999997,243,13,230,2.194209450643605,1.1107324312757203,6.920419250529951,4.706444715384615,1.5426378575419888,0.9074965195652174,3.1539465152244492
lstm_features_1_4_ts168_single,lstm_features_1_4,"LSTM with Features 1&4 (168 TimeSteps), Single",DEEP_LEARNING,04_08,NEG,AVERAGE,168.0,single,0.95,15.850998899999993,243,13,230,1.1869200858275242,0.6655513304526748,2.442025498978902,2.109752384615385,1.0730047540609413,0.5839225752173913,2.0574472773171704
lstm_features_1_4_ts168_single,lstm_features_1_4,"LSTM with Features 1&4 (168 TimeSteps), Single",DEEP_LEARNING,04_08,NEG,MARGINAL,168.0,single,0.95,23.936002999999996,243,13,230,4.54922740374824,1.7653893703703705,17.70052956622902,10.552401023076923,2.038739479414192,1.26873219,3.890886956243392
lstm_features_1_4_ts168_single,lstm_features_1_4,"LSTM with Features 1&4 (168 TimeSteps), Single",DEEP_LEARNING,04_08,POS,AVERAGE,168.0,single,0.95,17.267000599999992,243,13,230,3.8414862410293082,1.785458651851852,14.593744479204867,9.184334692307694,1.8850084836714363,1.3672613104347826,3.7989839253711715
lstm_features_1_4_ts168_single,lstm_features_1_4,"LSTM with Features 1&4 (168 TimeSteps), Single",DEEP_LEARNING,04_08,POS,MARGINAL,168.0,single,0.95,28.057999999999993,243,13,230,20.40173037474182,4.746642262962963,86.86332282162613,43.809268846153834,3.6451023030598857,2.5387546734782607,4.2576448774740445
lstm_features_1_4_ts168_single,lstm_features_1_4,"LSTM with Features 1&4 (168 TimeSteps), Single",DEEP_LEARNING,08_12,NEG,AVERAGE,168.0,single,0.95,30.666997199999983,243,13,230,3.6064118007233685,1.7742706563786008,12.154471269892097,9.353793153846153,2.321920908762542,1.3458628630434781,3.37023943506789
lstm_features_1_4_ts168_single,lstm_features_1_4,"LSTM with Features 1&4 (168 TimeSteps), Single",DEEP_LEARNING,08_12,NEG,MARGINAL,168.0,single,0.95,38.971993299999994,243,13,230,15.894344162432558,4.591313866666667,66.70770493944828,44.770133,3.923286209198537,2.3203371330434783,4.196946049344823
lstm_features_1_4_ts168_single,lstm_features_1_4,"LSTM with Features 1&4 (168 TimeSteps), Single",DEEP_LEARNING,08_12,POS,AVERAGE,168.0,single,0.95,40.626993999999996,243,13,230,7.039644646813453,3.331844869135803,26.314353276578938,22.255618538461537,3.6358514117643628,2.262240270434783,3.738022953827694
lstm_features_1_4_ts168_single,lstm_features_1_4,"LSTM with Features 1&4 (168 TimeSteps), Single",DEEP_LEARNING,08_12,POS,MARGINAL,168.0,single,0.95,65.84398649999996,243,13,230,15.209059638570846,7.323907866666666,51.328317255187024,43.54097153846154,9.771278970964559,5.276856441739131,3.374851468463977
lstm_features_1_4_ts168_single,lstm_features_1_4,"LSTM with Features 1&4 (168 TimeSteps), Single",DEEP_LEARNING,12_16,NEG,AVERAGE,168.0,single,0.95,63.1119874,243,13,230,5.203941647156026,3.123312195884774,10.35908759630119,8.05525015384615,4.748293084760438,2.844550485217392,1.9906233195298166
lstm_features_1_4_ts168_single,lstm_features_1_4,"LSTM with Features 1&4 (168 TimeSteps), Single",DEEP_LEARNING,12_16,NEG,MARGINAL,168.0,single,0.95,80.81896099999997,243,13,230,26.4537568575556,7.633429220576131,107.72225630407638,46.149534384615386,9.136312086437949,5.456431972173913,4.072096711409413
lstm_features_1_4_ts168_single,lstm_features_1_4,"LSTM with Features 1&4 (168 TimeSteps), Single",DEEP_LEARNING,12_16,POS,AVERAGE,168.0,single,0.95,28.66400339999996,243,13,230,15.506217885831107,3.0099903987654324,66.54254170266186,38.75421690769231,1.9390389793609089,0.9896645526086957,4.291345716447431
lstm_features_1_4_ts168_single,lstm_features_1_4,"LSTM with Features 1&4 (168 TimeSteps), Single",DEEP_LEARNING,12_16,POS,MARGINAL,168.0,single,0.95,49.48499509999998,243,13,230,91.99131623868705,12.226342944444445,397.1793484901715,182.69607823076922,4.932190939323465,2.591097036956522,4.317574361688906
lstm_features_1_4_ts168_single,lstm_features_1_4,"LSTM with Features 1&4 (168 TimeSteps), Single",DEEP_LEARNING,16_20,NEG,AVERAGE,168.0,single,0.95,21.622996099999995,243,13,230,1.5093673185638332,0.7860836716872427,4.561778388942012,4.117998076923076,1.1093915503614247,0.5977580748695652,3.0223116221189654
lstm_features_1_4_ts168_single,lstm_features_1_4,"LSTM with Features 1&4 (168 TimeSteps), Single",DEEP_LEARNING,16_20,NEG,MARGINAL,168.0,single,0.95,26.906999899999995,243,13,230,3.8761455458238983,1.704919919588477,13.62457874219875,7.3762363076923085,2.319834745168449,1.384367254173913,3.5149812052020772
lstm_features_1_4_ts168_single,lstm_features_1_4,"LSTM with Features 1&4 (168 TimeSteps), Single",DEEP_LEARNING,16_20,POS,AVERAGE,168.0,single,0.95,68.41501239999997,243,13,230,17.329268057019366,6.699846351851853,63.40325541361415,56.37698538461538,9.490066148734467,3.892008058695652,3.658738222814444
lstm_features_1_4_ts168_single,lstm_features_1_4,"LSTM with Features 1&4 (168 TimeSteps), Single",DEEP_LEARNING,16_20,POS,MARGINAL,168.0,single,0.95,110.30499099999996,243,13,230,32.420615446835626,12.585901432098764,132.6812701701812,119.38139953846154,10.74613164870401,6.5496341478260875,4.092496960391028
lstm_features_1_4_ts168_single,lstm_features_1_4,"LSTM with Features 1&4 (168 TimeSteps), Single",DEEP_LEARNING,20_24,NEG,AVERAGE,168.0,single,0.95,5.679999999999998,243,13,230,0.5117794602847974,0.3411993290123456,1.4642619700658994,1.2113826384615385,0.3943806699988318,0.292015055,2.8611190633775343
lstm_features_1_4_ts168_single,lstm_features_1_4,"LSTM with Features 1&4 (168 TimeSteps), Single",DEEP_LEARNING,20_24,NEG,MARGINAL,168.0,single,0.95,8.973000049999994,243,13,230,1.4715328792081612,0.7623352554320988,4.99491687642439,3.853934784615384,0.936818994893545,0.5875926733478261,3.394363080159091
lstm_features_1_4_ts168_single,lstm_features_1_4,"LSTM with Features 1&4 (168 TimeSteps), Single",DEEP_LEARNING,20_24,POS,AVERAGE,168.0,single,0.95,30.47800149999999,243,13,230,2.041471986876083,1.3714956625514403,4.2662111734298405,3.6152563846153845,1.8369651982404092,1.244674404347826,2.089772086443427
lstm_features_1_4_ts168_single,lstm_features_1_4,"LSTM with Features 1&4 (168 TimeSteps), Single",DEEP_LEARNING,20_24,POS,MARGINAL,168.0,single,0.95,37.204999599999994,243,13,230,5.152577597471593,2.7349779304526756,17.30080108587876,10.777188769230769,3.3364197463194003,2.280418187391304,3.3576983089722683
lstm_features_1_4_ts42_ensemble,lstm_features_1_4,"LSTM with Features 1&4 (42 TimeSteps), Ensemble",DEEP_LEARNING,00_04,NEG,AVERAGE,42.0,ensemble,0.95,21.354999699999993,243,13,230,3.0695904245754027,1.7962236600823047,10.102495937568825,8.843997692307692,2.046050417848564,1.397871214782609,3.2911543692237837
lstm_features_1_4_ts42_ensemble,lstm_features_1_4,"LSTM with Features 1&4 (42 TimeSteps), Ensemble",DEEP_LEARNING,00_04,NEG,MARGINAL,42.0,ensemble,0.95,30.95700019999999,243,13,230,7.247679086986523,3.6396145802469135,25.069042939785426,21.308576692307692,4.4694962224780035,2.640934113043478,3.458906311787152
lstm_features_1_4_ts42_ensemble,lstm_features_1_4,"LSTM with Features 1&4 (42 TimeSteps), Ensemble",DEEP_LEARNING,00_04,POS,AVERAGE,42.0,ensemble,0.95,6.615998999999995,243,13,230,1.711775205544438,1.3154991094650208,3.0235647366265264,2.1083858307692305,1.6059496713424473,1.2706837730434783,1.7663328261989095
lstm_features_1_4_ts42_ensemble,lstm_features_1_4,"LSTM with Features 1&4 (42 TimeSteps), Ensemble",DEEP_LEARNING,00_04,POS,MARGINAL,42.0,ensemble,0.95,8.348998999999997,243,13,230,4.11269731860686,3.402498142798354,6.494502180242331,5.190671307692307,3.9352634255665677,3.3014274856521744,1.5791344893920582
lstm_features_1_4_ts42_ensemble,lstm_features_1_4,"LSTM with Features 1&4 (42 TimeSteps), Ensemble",DEEP_LEARNING,04_08,NEG,AVERAGE,42.0,ensemble,0.95,15.850998899999993,243,13,230,1.6429208814917404,0.9715989946502058,3.997102588325718,3.270065692307692,1.3959633641475697,0.8416856595652173,2.432924575586638
lstm_features_1_4_ts42_ensemble,lstm_features_1_4,"LSTM with Features 1&4 (42 TimeSteps), Ensemble",DEEP_LEARNING,04_08,NEG,MARGINAL,42.0,ensemble,0.95,23.936002999999996,243,13,230,5.013460194134987,1.9851463366255144,19.627348314259557,13.315994261538462,2.18664511113963,1.3447071060869566,3.9149305178927474
lstm_features_1_4_ts42_ensemble,lstm_features_1_4,"LSTM with Features 1&4 (42 TimeSteps), Ensemble",DEEP_LEARNING,04_08,POS,AVERAGE,42.0,ensemble,0.95,17.267000599999992,243,13,230,3.9185492215085236,1.7072294362139917,14.98799063344575,10.048853861538463,1.8777340441968202,1.2357463165217393,3.824882574187961
lstm_features_1_4_ts42_ensemble,lstm_features_1_4,"LSTM with Features 1&4 (42 TimeSteps), Ensemble",DEEP_LEARNING,04_08,POS,MARGINAL,42.0,ensemble,0.95,28.057999999999993,243,13,230,20.507557785237356,4.611556930041153,87.32995799126152,42.717790692307695,3.6423127976643945,2.4577263260869566,4.2584279857120375
lstm_features_1_4_ts42_ensemble,lstm_features_1_4,"LSTM with Features 1&4 (42 TimeSteps), Ensemble",DEEP_LEARNING,08_12,NEG,AVERAGE,42.0,ensemble,0.95,30.666997199999983,243,13,230,5.40850167194857,3.0657270014814815,16.485879520484648,12.38380876923077,3.942529779980808,2.5390528146086955,3.0481417073400165
lstm_features_1_4_ts42_ensemble,lstm_features_1_4,"LSTM with Features 1&4 (42 TimeSteps), Ensemble",DEEP_LEARNING,08_12,NEG,MARGINAL,42.0,ensemble,0.95,38.971993299999994,243,13,230,18.179478772778,5.992591467901234,75.52338380985098,51.510794230769235,5.175506043794589,3.419823485652173,4.154320635580592
lstm_features_1_4_ts42_ensemble,lstm_features_1_4,"LSTM with Features 1&4 (42 TimeSteps), Ensemble",DEEP_LEARNING,08_12,POS,AVERAGE,42.0,ensemble,0.95,40.626993999999996,243,13,230,7.320741018776574,3.472101020164609,27.2916406428116,23.390200769230773,3.8109237074144615,2.346295382173913,3.72798881599728
lstm_features_1_4_ts42_ensemble,lstm_features_1_4,"LSTM with Features 1&4 (42 TimeSteps), Ensemble",DEEP_LEARNING,08_12,POS,MARGINAL,42.0,ensemble,0.95,65.84398649999996,243,13,230,17.09372050740094,7.371533665432099,64.29488868866126,58.76534688461538,8.663674283655624,4.466665961739131,3.7613162483160987
lstm_features_1_4_ts42_ensemble,lstm_features_1_4,"LSTM with Features 1&4 (42 TimeSteps), Ensemble",DEEP_LEARNING,12_16,NEG,AVERAGE,42.0,ensemble,0.95,63.1119874,243,13,230,9.062278779074362,6.422377481069958,12.295711313173676,9.74454661538461,8.844293462003314,6.234602703913042,1.3568012652143973
lstm_features_1_4_ts42_ensemble,lstm_features_1_4,"LSTM with Features 1&4 (42 TimeSteps), Ensemble",DEEP_LEARNING,12_16,NEG,MARGINAL,42.0,ensemble,0.95,80.81896099999997,243,13,230,27.629417442529032,10.279858946707817,109.74374732535928,50.81479465384614,11.216159362573272,7.9887538849999995,3.971989187018993
lstm_features_1_4_ts42_ensemble,lstm_features_1_4,"LSTM with Features 1&4 (42 TimeSteps), Ensemble",DEEP_LEARNING,12_16,POS,AVERAGE,42.0,ensemble,0.95,28.66400339999996,243,13,230,15.313603989665758,3.7404509790123464,65.2455498523733,37.83533630769231,2.673792645865748,1.8133487647826088,4.260626688296475
lstm_features_1_4_ts42_ensemble,lstm_features_1_4,"LSTM with Features 1&4 (42 TimeSteps), Ensemble",DEEP_LEARNING,12_16,POS,MARGINAL,42.0,ensemble,0.95,49.48499509999998,243,13,230,92.42329513935437,13.579798638271603,399.0536707684244,190.69074638461538,4.9132008137501515,3.569179852608696,4.317674133634141
lstm_features_1_4_ts42_ensemble,lstm_features_1_4,"LSTM with Features 1&4 (42 TimeSteps), Ensemble",DEEP_LEARNING,16_20,NEG,AVERAGE,42.0,ensemble,0.95,21.622996099999995,243,13,230,2.975329528496854,1.9102705420576132,7.854730135487034,7.476336307692309,2.421928928199179,1.5956668248695653,2.6399530069717247
lstm_features_1_4_ts42_ensemble,lstm_features_1_4,"LSTM with Features 1&4 (42 TimeSteps), Ensemble",DEEP_LEARNING,16_20,NEG,MARGINAL,42.0,ensemble,0.95,26.906999899999995,243,13,230,5.663441434859725,3.148787686255144,19.07864206075076,14.65957492307692,3.648817951450119,2.498177972869566,3.3687365324054612
lstm_features_1_4_ts42_ensemble,lstm_features_1_4,"LSTM with Features 1&4 (42 TimeSteps), Ensemble",DEEP_LEARNING,16_20,POS,AVERAGE,42.0,ensemble,0.95,68.41501239999997,243,13,230,16.83965034664083,6.745440903703703,68.53095409029258,60.48683830769231,5.8436317965222875,3.7078836591304345,4.069618589436041
lstm_features_1_4_ts42_ensemble,lstm_features_1_4,"LSTM with Features 1&4 (42 TimeSteps), Ensemble",DEEP_LEARNING,16_20,POS,MARGINAL,42.0,ensemble,0.95,110.30499099999996,243,13,230,35.75712610932989,14.320794661728392,143.48349900099598,131.61288684615386,13.681997711058768,7.69124162521739,4.012724584248892
lstm_features_1_4_ts42_ensemble,lstm_features_1_4,"LSTM with Features 1&4 (42 TimeSteps), Ensemble",DEEP_LEARNING,20_24,NEG,AVERAGE,42.0,ensemble,0.95,5.679999999999998,243,13,230,0.669483961793869,0.5015428295061729,1.3348718089706788,1.1599166461538462,0.6105957769336177,0.46433039639130436,1.9938816837283393
lstm_features_1_4_ts42_ensemble,lstm_features_1_4,"LSTM with Features 1&4 (42 TimeSteps), Ensemble",DEEP_LEARNING,20_24,NEG,MARGINAL,42.0,ensemble,0.95,8.973000049999994,243,13,230,1.5890245863509846,1.0725585512345677,4.349981923270422,3.876689184615386,1.2641964874259948,0.9140642110869566,2.737517065899946
lstm_features_1_4_ts42_ensemble,lstm_features_1_4,"LSTM with Features 1&4 (42 TimeSteps), Ensemble",DEEP_LEARNING,20_24,POS,AVERAGE,42.0,ensemble,0.95,30.47800149999999,243,13,230,2.7170516167414296,1.960789293415638,5.873543682751999,5.655482076923077,2.4186189784592007,1.7519588317391304,2.161734302933914
lstm_features_1_4_ts42_ensemble,lstm_features_1_4,"LSTM with Features 1&4 (42 TimeSteps), Ensemble",DEEP_LEARNING,20_24,POS,MARGINAL,42.0,ensemble,0.95,37.204999599999994,243,13,230,6.4035555737274015,3.9510269662551445,21.320994885914356,14.806100769230769,4.1987263237100905,3.3374793165217387,3.329555688310169
lstm_features_1_4_ts42_recency,lstm_features_1_4,"LSTM with Features 1&4 (42 TimeSteps), Weighted Ensemble",DEEP_LEARNING,00_04,NEG,AVERAGE,42.0,recency,0.95,21.354999699999993,243,13,230,2.652052967658113,1.2337562827160498,9.411835798727019,7.454355615384615,1.5569452405614628,0.88215719,3.548886810898845
lstm_features_1_4_ts42_recency,lstm_features_1_4,"LSTM with Features 1&4 (42 TimeSteps), Weighted Ensemble",DEEP_LEARNING,00_04,NEG,MARGINAL,42.0,recency,0.95,30.95700019999999,243,13,230,6.999479875654271,3.354514152674897,24.04781834835185,19.98255161538461,4.367549421146031,2.4146685569565216,3.435657902524364
lstm_features_1_4_ts42_recency,lstm_features_1_4,"LSTM with Features 1&4 (42 TimeSteps), Weighted Ensemble",DEEP_LEARNING,00_04,POS,AVERAGE,42.0,recency,0.95,6.615998999999995,243,13,230,1.08618583102672,0.6296579901234567,2.9471416852170265,1.5561042000000003,0.8692274025734852,0.5772936391304346,2.71329417216871
lstm_features_1_4_ts42_recency,lstm_features_1_4,"LSTM with Features 1&4 (42 TimeSteps), Weighted Ensemble",DEEP_LEARNING,00_04,POS,MARGINAL,42.0,recency,0.95,8.348998999999997,243,13,230,2.724895372407459,1.8816003753086419,6.388664852458784,4.795788776923077,2.353251970420631,1.7168853786956522,2.3445541862454577
lstm_features_1_4_ts42_recency,lstm_features_1_4,"LSTM with Features 1&4 (42 TimeSteps), Weighted Ensemble",DEEP_LEARNING,04_08,NEG,AVERAGE,42.0,recency,0.95,15.850998899999993,243,13,230,1.2374535093698753,0.6555917987654322,2.9266533176487015,2.123322923076923,1.064761380301664,0.5726330830434783,2.3650612289579955
lstm_features_1_4_ts42_recency,lstm_features_1_4,"LSTM with Features 1&4 (42 TimeSteps), Weighted Ensemble",DEEP_LEARNING,04_08,NEG,MARGINAL,42.0,recency,0.95,23.936002999999996,243,13,230,4.783139717668526,1.7747426839506173,18.766824070461915,11.610017538461538,2.0651765865981946,1.218835844347826,3.9235366680046595
lstm_features_1_4_ts42_recency,lstm_features_1_4,"LSTM with Features 1&4 (42 TimeSteps), Weighted Ensemble",DEEP_LEARNING,04_08,POS,AVERAGE,42.0,recency,0.95,17.267000599999992,243,13,230,3.9281278406368085,1.6924611209876543,15.108050399884544,10.55832153846154,1.844196932871521,1.1913472713043478,3.8461198343879004
lstm_features_1_4_ts42_recency,lstm_features_1_4,"LSTM with Features 1&4 (42 TimeSteps), Weighted Ensemble",DEEP_LEARNING,04_08,POS,MARGINAL,42.0,recency,0.95,28.057999999999993,243,13,230,20.58834779034659,4.759809200823045,87.62614744005293,43.90688415384614,3.7209240516049467,2.547148442608696,4.256103905585802
lstm_features_1_4_ts42_recency,lstm_features_1_4,"LSTM with Features 1&4 (42 TimeSteps), Weighted Ensemble",DEEP_LEARNING,08_12,NEG,AVERAGE,42.0,recency,0.95,30.666997199999983,243,13,230,4.10055473911238,2.085183395473251,13.512111889097252,9.826201769230767,2.7286182741531415,1.6476475743478263,3.295191199428331
lstm_features_1_4_ts42_recency,lstm_features_1_4,"LSTM with Features 1&4 (42 TimeSteps), Weighted Ensemble",DEEP_LEARNING,08_12,NEG,MARGINAL,42.0,recency,0.95,38.971993299999994,243,13,230,17.07924199380223,5.1056099987654315,71.32242095006983,46.55347199999999,4.546227642499425,2.762904755217391,4.175971098480338
lstm_features_1_4_ts42_recency,lstm_features_1_4,"LSTM with Features 1&4 (42 TimeSteps), Weighted Ensemble",DEEP_LEARNING,08_12,POS,AVERAGE,42.0,recency,0.95,40.626993999999996,243,13,230,6.903559873265621,3.488329974897119,25.485727486549226,21.271299461538458,3.693343475669386,2.4832056126086957,3.691679069119683
lstm_features_1_4_ts42_recency,lstm_features_1_4,"LSTM with Features 1&4 (42 TimeSteps), Weighted Ensemble",DEEP_LEARNING,08_12,POS,MARGINAL,42.0,recency,0.95,65.84398649999996,243,13,230,16.00529715472984,7.045079917695473,59.32747834053005,52.365331692307684,8.46795791114274,4.483500469565218,3.70674019775995
lstm_features_1_4_ts42_recency,lstm_features_1_4,"LSTM with Features 1&4 (42 TimeSteps), Weighted Ensemble",DEEP_LEARNING,12_16,NEG,AVERAGE,42.0,recency,0.95,63.1119874,243,13,230,5.146274813067043,3.3043337288065846,10.166679207672766,8.898002384615383,4.705200334083816,2.9881698482608696,1.9755414502657886
lstm_features_1_4_ts42_recency,lstm_features_1_4,"LSTM with Features 1&4 (42 TimeSteps), Weighted Ensemble",DEEP_LEARNING,12_16,NEG,MARGINAL,42.0,recency,0.95,80.81896099999997,243,13,230,27.13011157306588,8.412256575514402,108.94793959745911,49.410971800000006,10.332082108670479,6.094937888913043,4.01575715249251
lstm_features_1_4_ts42_recency,lstm_features_1_4,"LSTM with Features 1&4 (42 TimeSteps), Weighted Ensemble",DEEP_LEARNING,12_16,POS,AVERAGE,42.0,recency,0.95,28.66400339999996,243,13,230,15.204762862643092,3.4941261502057612,64.68916910008997,36.99335330769231,2.779551063342639,1.6006915717391308,4.254533246225509
lstm_features_1_4_ts42_recency,lstm_features_1_4,"LSTM with Features 1&4 (42 TimeSteps), Weighted Ensemble",DEEP_LEARNING,12_16,POS,MARGINAL,42.0,recency,0.95,49.48499509999998,243,13,230,92.08515969757363,13.611659552263376,397.45479385403064,186.78281492307693,5.495987322016407,3.823724683478261,4.316165548926156
lstm_features_1_4_ts42_recency,lstm_features_1_4,"LSTM with Features 1&4 (42 TimeSteps), Weighted Ensemble",DEEP_LEARNING,16_20,NEG,AVERAGE,42.0,recency,0.95,21.622996099999995,243,13,230,1.7472186480117542,0.9867450628395062,5.151617080935813,4.526493923076924,1.3134997704947091,0.7866723011739131,2.9484673179273186
lstm_features_1_4_ts42_recency,lstm_features_1_4,"LSTM with Features 1&4 (42 TimeSteps), Weighted Ensemble",DEEP_LEARNING,16_20,NEG,MARGINAL,42.0,recency,0.95,26.906999899999995,243,13,230,4.764345875167882,2.419315571028806,16.836810651643894,12.266390769230771,2.821222719256036,1.8627417554782606,3.533918630760747
lstm_features_1_4_ts42_recency,lstm_features_1_4,"LSTM with Features 1&4 (42 TimeSteps), Weighted Ensemble",DEEP_LEARNING,16_20,POS,AVERAGE,42.0,recency,0.95,68.41501239999997,243,13,230,15.343702664240128,6.466929683539096,60.13355034652316,52.88278492307692,6.659653985462626,3.8434248221739122,3.9191029481214974
lstm_features_1_4_ts42_recency,lstm_features_1_4,"LSTM with Features 1&4 (42 TimeSteps), Weighted Ensemble",DEEP_LEARNING,16_20,POS,MARGINAL,42.0,recency,0.95,110.30499099999996,243,13,230,31.578444288887503,12.429394084362137,127.19279032472411,113.19368907692305,11.796291252649734,6.734020889130435,4.027835860472817
lstm_features_1_4_ts42_recency,lstm_features_1_4,"LSTM with Features 1&4 (42 TimeSteps), Weighted Ensemble",DEEP_LEARNING,20_24,NEG,AVERAGE,42.0,recency,0.95,5.679999999999998,243,13,230,0.503142045598098,0.31047281407407407,1.424896746563814,1.1344930076923077,0.3907719032612322,0.26389775965217394,2.831996965926396
lstm_features_1_4_ts42_recency,lstm_features_1_4,"LSTM with Features 1&4 (42 TimeSteps), Weighted Ensemble",DEEP_LEARNING,20_24,NEG,MARGINAL,42.0,recency,0.95,8.973000049999994,243,13,230,1.5166461586021314,0.8966795166255145,4.683806527188081,4.0249652000000005,1.0909864244445828,0.7198633693043479,3.088265842775794
lstm_features_1_4_ts42_recency,lstm_features_1_4,"LSTM with Features 1&4 (42 TimeSteps), Weighted Ensemble",DEEP_LEARNING,20_24,POS,AVERAGE,42.0,recency,0.95,30.47800149999999,243,13,230,2.0473666065824125,1.3102770460905349,2.5399767468868837,2.060312384615385,2.0159324856206124,1.2678837443478257,1.2406067085009096
lstm_features_1_4_ts42_recency,lstm_features_1_4,"LSTM with Features 1&4 (42 TimeSteps), Weighted Ensemble",DEEP_LEARNING,20_24,POS,MARGINAL,42.0,recency,0.95,37.204999599999994,243,13,230,5.069385440920381,2.947525689300411,16.14144658163806,8.664400384615387,3.5248648664761966,2.6243979891304345,3.1841032349490224
lstm_features_1_4_ts42_single,lstm_features_1_4,"LSTM with Features 1&4 (42 TimeSteps), Single",DEEP_LEARNING,00_04,NEG,AVERAGE,42.0,single,0.95,21.354999699999993,243,13,230,3.073320069156745,1.487427651028807,10.482962399685992,8.594441846153845,1.9410939087401198,1.0857268486956522,3.41095693380296
lstm_features_1_4_ts42_single,lstm_features_1_4,"LSTM with Features 1&4 (42 TimeSteps), Single",DEEP_LEARNING,00_04,NEG,MARGINAL,42.0,single,0.95,30.95700019999999,243,13,230,6.437246770442891,2.9091393016460905,22.3566574406207,18.71503376923077,3.940761214859782,2.015762657826087,3.4730154424517323
lstm_features_1_4_ts42_single,lstm_features_1_4,"LSTM with Features 1&4 (42 TimeSteps), Single",DEEP_LEARNING,00_04,POS,AVERAGE,42.0,single,0.95,6.615998999999995,243,13,230,1.3891228079987556,0.9489965164609053,2.599668666912806,1.4212397230769227,1.2871443035637218,0.9223045091304347,1.8714462479080791
lstm_features_1_4_ts42_single,lstm_features_1_4,"LSTM with Features 1&4 (42 TimeSteps), Single",DEEP_LEARNING,00_04,POS,MARGINAL,42.0,single,0.95,8.348998999999997,243,13,230,2.2396616709198707,1.184462849382716,6.749894967193472,4.470837407692307,1.650578873897058,0.9987112439130433,3.0138011713265445
lstm_features_1_4_ts42_single,lstm_features_1_4,"LSTM with Features 1&4 (42 TimeSteps), Single",DEEP_LEARNING,04_08,NEG,AVERAGE,42.0,single,0.95,15.850998899999993,243,13,230,1.2306879017417813,0.6247015868312757,3.274008962874579,2.468476,0.9971639739916354,0.5204882504347826,2.6603080750537194
lstm_features_1_4_ts42_single,lstm_features_1_4,"LSTM with Features 1&4 (42 TimeSteps), Single",DEEP_LEARNING,04_08,NEG,MARGINAL,42.0,single,0.95,23.936002999999996,243,13,230,4.506194090621005,1.6314813045267487,17.68575164734963,10.240177815384614,1.9427571756319744,1.1449028060869566,3.924764733094826
lstm_features_1_4_ts42_single,lstm_features_1_4,"LSTM with Features 1&4 (42 TimeSteps), Single",DEEP_LEARNING,04_08,POS,AVERAGE,42.0,single,0.95,17.267000599999992,243,13,230,4.077741433996386,1.8478543238683132,15.593686714002814,10.822437584615386,1.9554584971827014,1.3405952700000003,3.824098944576836
lstm_features_1_4_ts42_single,lstm_features_1_4,"LSTM with Features 1&4 (42 TimeSteps), Single",DEEP_LEARNING,04_08,POS,MARGINAL,42.0,single,0.95,28.057999999999993,243,13,230,20.743965244693655,4.9262150164609055,88.15596599218382,45.60518212307692,3.9213309849752767,2.6269690495652176,4.2497162404730835
lstm_features_1_4_ts42_single,lstm_features_1_4,"LSTM with Features 1&4 (42 TimeSteps), Single",DEEP_LEARNING,08_12,NEG,AVERAGE,42.0,single,0.95,30.666997199999983,243,13,230,3.248226339173218,1.5721836847736625,10.924668531504341,7.388902000000002,2.0979884717727733,1.2434126495652174,3.363271949295576
lstm_features_1_4_ts42_single,lstm_features_1_4,"LSTM with Features 1&4 (42 TimeSteps), Single",DEEP_LEARNING,08_12,NEG,MARGINAL,42.0,single,0.95,38.971993299999994,243,13,230,16.29421227918678,4.937788586008232,68.25839963387664,45.52193099999999,4.142625929282564,2.6439022756521737,4.189119330491705
lstm_features_1_4_ts42_single,lstm_features_1_4,"LSTM with Features 1&4 (42 TimeSteps), Single",DEEP_LEARNING,08_12,POS,AVERAGE,42.0,single,0.95,40.626993999999996,243,13,230,7.372902031948523,3.8856361337448555,27.082842781450967,23.076792307692305,3.9968239847389313,2.8009186108695654,3.673294811743683
lstm_features_1_4_ts42_single,lstm_features_1_4,"LSTM with Features 1&4 (42 TimeSteps), Single",DEEP_LEARNING,08_12,POS,MARGINAL,42.0,single,0.95,65.84398649999996,243,13,230,15.801317860935402,6.9084303407407415,59.705550238860496,54.64918346153846,7.893545665910299,4.210039946956523,3.778517131565763
lstm_features_1_4_ts42_single,lstm_features_1_4,"LSTM with Features 1&4 (42 TimeSteps), Single",DEEP_LEARNING,12_16,NEG,AVERAGE,42.0,single,0.95,63.1119874,243,13,230,6.366808119236753,3.3249657777777784,17.05853276745339,13.778366461538461,5.136142887541894,2.734121391304348,2.6792911688217096
lstm_features_1_4_ts42_single,lstm_features_1_4,"LSTM with Features 1&4 (42 TimeSteps), Single",DEEP_LEARNING,12_16,NEG,MARGINAL,42.0,single,0.95,80.81896099999997,243,13,230,26.972137727383103,7.806724499999999,108.40178139070098,49.530935961538454,10.21918042921827,5.448399504347825,4.019028172195914
lstm_features_1_4_ts42_single,lstm_features_1_4,"LSTM with Features 1&4 (42 TimeSteps), Single",DEEP_LEARNING,12_16,POS,AVERAGE,42.0,single,0.95,28.66400339999996,243,13,230,15.462118855548372,3.3537527181069966,65.84614461433137,38.58814830769231,2.743726561215673,1.3622434021739132,4.258546013614645
lstm_features_1_4_ts42_single,lstm_features_1_4,"LSTM with Features 1&4 (42 TimeSteps), Single",DEEP_LEARNING,12_16,POS,MARGINAL,42.0,single,0.95,49.48499509999998,243,13,230,92.62594225857485,13.094390511111111,399.69847724339843,187.7271043846154,5.886237939390934,3.2238458139130435,4.315189324904237
lstm_features_1_4_ts42_single,lstm_features_1_4,"LSTM with Features 1&4 (42 TimeSteps), Single",DEEP_LEARNING,16_20,NEG,AVERAGE,42.0,single,0.95,21.622996099999995,243,13,230,1.4362848794750291,0.6971093355967076,4.112380572282603,2.8167803076923077,1.1061810574741282,0.5773018458695651,2.8632067572734616
lstm_features_1_4_ts42_single,lstm_features_1_4,"LSTM with Features 1&4 (42 TimeSteps), Single",DEEP_LEARNING,16_20,NEG,MARGINAL,42.0,single,0.95,26.906999899999995,243,13,230,4.009784997036471,1.6436097284773663,14.76611234769275,8.839705615384615,2.1594588093322216,1.2368738739999998,3.6825197257723308
lstm_features_1_4_ts42_single,lstm_features_1_4,"LSTM with Features 1&4 (42 TimeSteps), Single",DEEP_LEARNING,16_20,POS,AVERAGE,42.0,single,0.95,68.41501239999997,243,13,230,16.52103130037042,6.8828336563786,66.70476559113864,58.43283915384614,6.072630221979329,3.9691376934782614,4.037566685661024
lstm_features_1_4_ts42_single,lstm_features_1_4,"LSTM with Features 1&4 (42 TimeSteps), Single",DEEP_LEARNING,16_20,POS,MARGINAL,42.0,single,0.95,110.30499099999996,243,13,230,33.00649220325679,12.685238681069961,129.58511885789943,118.821079,14.208263488970102,6.686256402173912,3.9260493984002673
lstm_features_1_4_ts42_single,lstm_features_1_4,"LSTM with Features 1&4 (42 TimeSteps), Single",DEEP_LEARNING,20_24,NEG,AVERAGE,42.0,single,0.95,5.679999999999998,243,13,230,0.498872120857906,0.2914977035802469,1.4796861863828268,1.2013483999999996,0.37307831535514413,0.2400713598695652,2.966063094161733
lstm_features_1_4_ts42_single,lstm_features_1_4,"LSTM with Features 1&4 (42 TimeSteps), Single",DEEP_LEARNING,20_24,NEG,MARGINAL,42.0,single,0.95,8.973000049999994,243,13,230,1.4672525324266186,0.7872163023868313,4.798799686942695,3.8282008000000003,0.9863579667259842,0.6153345699130435,3.270602422478829
lstm_features_1_4_ts42_single,lstm_features_1_4,"LSTM with Features 1&4 (42 TimeSteps), Single",DEEP_LEARNING,20_24,POS,AVERAGE,42.0,single,0.95,30.47800149999999,243,13,230,3.0688086163864767,1.8956199716049382,6.511804928921462,5.377866923076924,2.7483011607281096,1.698797317826087,2.1219325617604383
lstm_features_1_4_ts42_single,lstm_features_1_4,"LSTM with Features 1&4 (42 TimeSteps), Single",DEEP_LEARNING,20_24,POS,MARGINAL,42.0,single,0.95,37.204999599999994,243,13,230,5.263949006626558,2.7389432300411527,17.391093659971226,10.650088153846154,3.4900316861100777,2.2917915604347825,3.303811195374106
lstm_features_1_ts168_ensemble,lstm_features_1,"LSTM with Feature 1 (168 TimeSteps), Ensemble",DEEP_LEARNING,00_04,NEG,AVERAGE,168.0,ensemble,0.95,21.354999699999993,243,13,230,3.916654062102188,2.2128069456790125,12.41480949244008,10.571770861538461,2.7378236959415467,1.740343767826087,3.1697487946578238
lstm_features_1_ts168_ensemble,lstm_features_1,"LSTM with Feature 1 (168 TimeSteps), Ensemble",DEEP_LEARNING,00_04,NEG,MARGINAL,168.0,ensemble,0.95,30.95700019999999,243,13,230,7.591305334103642,3.286557179835391,28.0545005195359,24.896787999999997,4.049620894742011,2.0651093508695655,3.6956095539329916
lstm_features_1_ts168_ensemble,lstm_features_1,"LSTM with Feature 1 (168 TimeSteps), Ensemble",DEEP_LEARNING,00_04,POS,AVERAGE,168.0,ensemble,0.95,6.615998999999995,243,13,230,1.466254675486151,1.0612617456790125,2.9088267315328267,1.9216715384615384,1.3390941544477568,1.0126298878260869,1.983848222389045
lstm_features_1_ts168_ensemble,lstm_features_1,"LSTM with Feature 1 (168 TimeSteps), Ensemble",DEEP_LEARNING,00_04,POS,MARGINAL,168.0,ensemble,0.95,8.348998999999997,243,13,230,4.271754844041389,3.612939820576132,6.190207790055834,5.0415076153846154,4.136841051413478,3.532194684347825,1.4491018366118242
lstm_features_1_ts168_ensemble,lstm_features_1,"LSTM with Feature 1 (168 TimeSteps), Ensemble",DEEP_LEARNING,04_08,NEG,AVERAGE,168.0,ensemble,0.95,15.850998899999993,243,13,230,1.7223428683973714,1.039154618106996,3.9505978241378275,3.030858846153846,1.5006622932102684,0.926580031304348,2.2937348286603543
lstm_features_1_ts168_ensemble,lstm_features_1,"LSTM with Feature 1 (168 TimeSteps), Ensemble",DEEP_LEARNING,04_08,NEG,MARGINAL,168.0,ensemble,0.95,23.936002999999996,243,13,230,5.205563261004705,2.2729476049382717,19.864110261332204,14.765639846153846,2.515352512129486,1.566838913043478,3.8159386920020473
lstm_features_1_ts168_ensemble,lstm_features_1,"LSTM with Feature 1 (168 TimeSteps), Ensemble",DEEP_LEARNING,04_08,POS,AVERAGE,168.0,ensemble,0.95,17.267000599999992,243,13,230,4.159476213539061,2.1276335106995883,15.051627187692677,10.163934569230769,2.3396698421744744,1.6734077986956521,3.618635235537531
lstm_features_1_ts168_ensemble,lstm_features_1,"LSTM with Feature 1 (168 TimeSteps), Ensemble",DEEP_LEARNING,04_08,POS,MARGINAL,168.0,ensemble,0.95,28.057999999999993,243,13,230,20.639168211234107,5.049623109053498,87.5714257702765,43.562591999999995,4.0744054317031555,2.87280312826087,4.24297262728885
lstm_features_1_ts168_ensemble,lstm_features_1,"LSTM with Feature 1 (168 TimeSteps), Ensemble",DEEP_LEARNING,08_12,NEG,AVERAGE,168.0,ensemble,0.95,30.666997199999983,243,13,230,5.652938216065587,3.317750796707819,18.2157869843966,15.846190384615387,3.873906019122914,2.6096216026086956,3.222357345535378
lstm_features_1_ts168_ensemble,lstm_features_1,"LSTM with Feature 1 (168 TimeSteps), Ensemble",DEEP_LEARNING,08_12,NEG,MARGINAL,168.0,ensemble,0.95,38.971993299999994,243,13,230,17.174659205136244,5.981415369958848,71.03141120995355,51.56172699999998,5.144202879581217,3.4051368865217393,4.135826531493034
lstm_features_1_ts168_ensemble,lstm_features_1,"LSTM with Feature 1 (168 TimeSteps), Ensemble",DEEP_LEARNING,08_12,POS,AVERAGE,168.0,ensemble,0.95,40.626993999999996,243,13,230,8.331927169728592,3.840114321399177,31.014276901153114,27.856846923076922,4.356302623418939,2.482646826521739,3.7223413346474783
lstm_features_1_ts168_ensemble,lstm_features_1,"LSTM with Feature 1 (168 TimeSteps), Ensemble",DEEP_LEARNING,08_12,POS,MARGINAL,168.0,ensemble,0.95,65.84398649999996,243,13,230,18.16158888921853,7.735363509876543,68.75495363662458,64.3799326923077,9.016351600892891,4.533713947391305,3.78573450021437
lstm_features_1_ts168_ensemble,lstm_features_1,"LSTM with Feature 1 (168 TimeSteps), Ensemble",DEEP_LEARNING,12_16,NEG,AVERAGE,168.0,ensemble,0.95,63.1119874,243,13,230,5.782463344615108,3.705231006995885,10.154360800226879,8.007411538461536,5.431277711886563,3.4620642813043485,1.7560614214153352
lstm_features_1_ts168_ensemble,lstm_features_1,"LSTM with Feature 1 (168 TimeSteps), Ensemble",DEEP_LEARNING,12_16,NEG,MARGINAL,168.0,ensemble,0.95,80.81896099999997,243,13,230,27.550159788643242,9.26887834403292,109.36710756985039,53.65914126153845,11.218116583716645,6.75986348347826,3.969744945542342
lstm_features_1_ts168_ensemble,lstm_features_1,"LSTM with Feature 1 (168 TimeSteps), Ensemble",DEEP_LEARNING,12_16,POS,AVERAGE,168.0,ensemble,0.95,28.66400339999996,243,13,230,15.609232227260057,3.242404355967078,66.95842743033259,39.738747000000004,2.002056241664544,1.1795675978260869,4.289668220413557
lstm_features_1_ts168_ensemble,lstm_features_1,"LSTM with Feature 1 (168 TimeSteps), Ensemble",DEEP_LEARNING,12_16,POS,MARGINAL,168.0,ensemble,0.95,49.48499509999998,243,13,230,93.05938408705856,12.678092443621399,401.9664869365222,194.6764926923077,4.112633155170834,2.3912263426086957,4.319462146455601
lstm_features_1_ts168_ensemble,lstm_features_1,"LSTM with Feature 1 (168 TimeSteps), Ensemble",DEEP_LEARNING,16_20,NEG,AVERAGE,168.0,ensemble,0.95,21.622996099999995,243,13,230,2.9497928274102425,1.9499835248971191,7.91329313602797,7.42138523076923,2.3777480940830165,1.6407303850000001,2.6826606473836367
lstm_features_1_ts168_ensemble,lstm_features_1,"LSTM with Feature 1 (168 TimeSteps), Ensemble",DEEP_LEARNING,16_20,NEG,MARGINAL,168.0,ensemble,0.95,26.906999899999995,243,13,230,4.606659259882158,2.2747669067901235,16.258768736023956,12.233686923076922,2.7348475252452937,1.7118714276086957,3.52940554505867
lstm_features_1_ts168_ensemble,lstm_features_1,"LSTM with Feature 1 (168 TimeSteps), Ensemble",DEEP_LEARNING,16_20,POS,AVERAGE,168.0,ensemble,0.95,68.41501239999997,243,13,230,19.783150898008017,8.075959592592593,79.12873306206285,71.69619838461539,7.719546139810289,4.480033052173913,3.9998043521990416
lstm_features_1_ts168_ensemble,lstm_features_1,"LSTM with Feature 1 (168 TimeSteps), Ensemble",DEEP_LEARNING,16_20,POS,MARGINAL,168.0,ensemble,0.95,110.30499099999996,243,13,230,38.41184004565597,15.683699483539094,152.9146716042053,141.02788207692308,15.402063588410039,8.599028293478261,3.9809254496127306
lstm_features_1_ts168_ensemble,lstm_features_1,"LSTM with Feature 1 (168 TimeSteps), Ensemble",DEEP_LEARNING,20_24,NEG,AVERAGE,168.0,ensemble,0.95,5.679999999999998,243,13,230,1.0337232107531937,0.7721987295473252,2.4625329748199807,2.065583053846154,0.8866962150745661,0.6990943981739132,2.3821976223458545
lstm_features_1_ts168_ensemble,lstm_features_1,"LSTM with Feature 1 (168 TimeSteps), Ensemble",DEEP_LEARNING,20_24,NEG,MARGINAL,168.0,ensemble,0.95,8.973000049999994,243,13,230,1.934915172641506,1.1861960411934156,6.170453922691872,5.1532113769230765,1.3429338150927863,0.9619734352608696,3.1890048772877715
lstm_features_1_ts168_ensemble,lstm_features_1,"LSTM with Feature 1 (168 TimeSteps), Ensemble",DEEP_LEARNING,20_24,POS,AVERAGE,168.0,ensemble,0.95,30.47800149999999,243,13,230,4.614034348394762,3.067181493415638,11.421513737767215,11.241307076923079,3.8883551694427716,2.6051656995652177,2.4753855033048895
lstm_features_1_ts168_ensemble,lstm_features_1,"LSTM with Feature 1 (168 TimeSteps), Ensemble",DEEP_LEARNING,20_24,POS,MARGINAL,168.0,ensemble,0.95,37.204999599999994,243,13,230,8.263404851258121,5.3625963288065845,25.817458378027606,22.22409507692308,5.87105755730862,4.409555095217391,3.1243124163397176
lstm_features_1_ts168_recency,lstm_features_1,"LSTM with Feature 1 (168 TimeSteps), Weighted Ensemble",DEEP_LEARNING,00_04,NEG,AVERAGE,168.0,recency,0.95,21.354999699999993,243,13,230,3.4164088471812946,1.8224941913580244,11.22038113896857,9.568407,2.283779303991887,1.3846817282608694,3.284261820193428
lstm_features_1_ts168_recency,lstm_features_1,"LSTM with Feature 1 (168 TimeSteps), Weighted Ensemble",DEEP_LEARNING,00_04,NEG,MARGINAL,168.0,recency,0.95,30.95700019999999,243,13,230,6.930392073126996,3.294833022633745,24.61217243861632,21.273733307692307,4.062823934310879,2.2786343108695646,3.551339113129179
lstm_features_1_ts168_recency,lstm_features_1,"LSTM with Feature 1 (168 TimeSteps), Weighted Ensemble",DEEP_LEARNING,00_04,POS,AVERAGE,168.0,recency,0.95,6.615998999999995,243,13,230,1.023138437055531,0.525063372016461,2.9269641144952643,1.5808154461538462,0.788512174804373,0.4653904286956522,2.860770359599346
lstm_features_1_ts168_recency,lstm_features_1,"LSTM with Feature 1 (168 TimeSteps), Weighted Ensemble",DEEP_LEARNING,00_04,POS,MARGINAL,168.0,recency,0.95,8.348998999999997,243,13,230,2.8421022407387726,2.045365410699588,5.896644633410306,4.440401661538461,2.5629704552657304,1.9099937965217393,2.074747540355036
lstm_features_1_ts168_recency,lstm_features_1,"LSTM with Feature 1 (168 TimeSteps), Weighted Ensemble",DEEP_LEARNING,04_08,NEG,AVERAGE,168.0,recency,0.95,15.850998899999993,243,13,230,1.4811299274723921,0.8478236148148147,3.1808460252483264,2.371148076923077,1.321312071565391,0.7617226669565218,2.1475806856975526
lstm_features_1_ts168_recency,lstm_features_1,"LSTM with Feature 1 (168 TimeSteps), Weighted Ensemble",DEEP_LEARNING,04_08,NEG,MARGINAL,168.0,recency,0.95,23.936002999999996,243,13,230,4.717786930979716,1.8685699271604936,18.090641078514576,11.607099769230768,2.2400009284126394,1.3181312839130437,3.834560853039159
lstm_features_1_ts168_recency,lstm_features_1,"LSTM with Feature 1 (168 TimeSteps), Weighted Ensemble",DEEP_LEARNING,04_08,POS,AVERAGE,168.0,recency,0.95,17.267000599999992,243,13,230,4.079444509800648,2.000884910288066,14.957655701038782,9.948557030769232,2.221891841432149,1.55166866,3.666591288373652
lstm_features_1_ts168_recency,lstm_features_1,"LSTM with Feature 1 (168 TimeSteps), Weighted Ensemble",DEEP_LEARNING,04_08,POS,MARGINAL,168.0,recency,0.95,28.057999999999993,243,13,230,20.65416474693546,5.018281990946502,87.67124437694847,44.1971183076923,4.033154187373205,2.803826025217391,4.244724754118009
lstm_features_1_ts168_recency,lstm_features_1,"LSTM with Feature 1 (168 TimeSteps), Weighted Ensemble",DEEP_LEARNING,08_12,NEG,AVERAGE,168.0,recency,0.95,30.666997199999983,243,13,230,4.484657174605054,2.5256909296296297,14.76599656198796,12.023255307692306,2.9875116412548652,1.9888720734782608,3.2925586030527163
lstm_features_1_ts168_recency,lstm_features_1,"LSTM with Feature 1 (168 TimeSteps), Weighted Ensemble",DEEP_LEARNING,08_12,NEG,MARGINAL,168.0,recency,0.95,38.971993299999994,243,13,230,15.342818014040008,4.757969938683129,64.11412510610496,43.97020684615385,4.045732160925273,2.541626113478261,4.178771138876508
lstm_features_1_ts168_recency,lstm_features_1,"LSTM with Feature 1 (168 TimeSteps), Weighted Ensemble",DEEP_LEARNING,08_12,POS,AVERAGE,168.0,recency,0.95,40.626993999999996,243,13,230,7.43124251211166,3.4042856160493824,27.939567378194546,23.428291807692307,3.7713019507675085,2.272493961739131,3.7597437215455973
lstm_features_1_ts168_recency,lstm_features_1,"LSTM with Feature 1 (168 TimeSteps), Weighted Ensemble",DEEP_LEARNING,08_12,POS,MARGINAL,168.0,recency,0.95,65.84398649999996,243,13,230,16.779008679741438,7.25791076584362,64.04861160151015,58.776453153846155,8.098340333923355,4.3459931526086955,3.8171868686641104
lstm_features_1_ts168_recency,lstm_features_1,"LSTM with Feature 1 (168 TimeSteps), Weighted Ensemble",DEEP_LEARNING,12_16,NEG,AVERAGE,168.0,recency,0.95,63.1119874,243,13,230,5.536383059858939,3.3272659181069963,10.856764770673955,9.021904999999997,5.071669885344812,3.005395013478261,1.9609851148830322
lstm_features_1_ts168_recency,lstm_features_1,"LSTM with Feature 1 (168 TimeSteps), Weighted Ensemble",DEEP_LEARNING,12_16,NEG,MARGINAL,168.0,recency,0.95,80.81896099999997,243,13,230,27.6631091916023,7.171881509053497,107.0341988437653,42.74427872307692,12.687380391889475,5.161267753478261,3.8692034977853362
lstm_features_1_ts168_recency,lstm_features_1,"LSTM with Feature 1 (168 TimeSteps), Weighted Ensemble",DEEP_LEARNING,12_16,POS,AVERAGE,168.0,recency,0.95,28.66400339999996,243,13,230,15.463416592923668,3.0126874012345675,66.30208764050883,37.84370407692308,2.0408051279126305,1.0439777630434783,4.287673894192945
lstm_features_1_ts168_recency,lstm_features_1,"LSTM with Feature 1 (168 TimeSteps), Weighted Ensemble",DEEP_LEARNING,12_16,POS,MARGINAL,168.0,recency,0.95,49.48499509999998,243,13,230,92.90177713298937,12.27189241069959,401.29734058114985,191.1820541923077,4.040902292745713,2.159578918695652,4.3195873423033735
lstm_features_1_ts168_recency,lstm_features_1,"LSTM with Feature 1 (168 TimeSteps), Weighted Ensemble",DEEP_LEARNING,16_20,NEG,AVERAGE,168.0,recency,0.95,21.622996099999995,243,13,230,2.4386504306775003,1.5509727521399175,6.724853788541966,6.261870769230769,1.9305521952732574,1.284704603347826,2.757612859943064
lstm_features_1_ts168_recency,lstm_features_1,"LSTM with Feature 1 (168 TimeSteps), Weighted Ensemble",DEEP_LEARNING,16_20,NEG,MARGINAL,168.0,recency,0.95,26.906999899999995,243,13,230,3.9911958503218723,1.7711595767489714,13.513604877946149,9.14121969230769,2.551108753270435,1.3545909615217393,3.3858536099791587
lstm_features_1_ts168_recency,lstm_features_1,"LSTM with Feature 1 (168 TimeSteps), Weighted Ensemble",DEEP_LEARNING,16_20,POS,AVERAGE,168.0,recency,0.95,68.41501239999997,243,13,230,17.538432269377367,7.018718226337449,67.28922653907172,60.576918769230765,8.310301429333226,3.9915155869565218,3.8366728283097884
lstm_features_1_ts168_recency,lstm_features_1,"LSTM with Feature 1 (168 TimeSteps), Weighted Ensemble",DEEP_LEARNING,16_20,POS,MARGINAL,168.0,recency,0.95,110.30499099999996,243,13,230,34.93128575563041,13.649521987654323,139.4052720149343,124.26607023076923,13.810444977771885,7.397282304347827,3.9908428504514526
lstm_features_1_ts168_recency,lstm_features_1,"LSTM with Feature 1 (168 TimeSteps), Weighted Ensemble",DEEP_LEARNING,20_24,NEG,AVERAGE,168.0,recency,0.95,5.679999999999998,243,13,230,0.8424779232797028,0.5992876951851852,2.2274690189015645,1.8186432153846157,0.6851621276011741,0.5303676005652175,2.643949422710326
lstm_features_1_ts168_recency,lstm_features_1,"LSTM with Feature 1 (168 TimeSteps), Weighted Ensemble",DEEP_LEARNING,20_24,NEG,MARGINAL,168.0,recency,0.95,8.973000049999994,243,13,230,1.726730119973666,0.8893706858847737,6.0429824515777035,4.9287516,1.0421523893919045,0.6610578516086957,3.499668177253932
lstm_features_1_ts168_recency,lstm_features_1,"LSTM with Feature 1 (168 TimeSteps), Weighted Ensemble",DEEP_LEARNING,20_24,POS,AVERAGE,168.0,recency,0.95,30.47800149999999,243,13,230,2.6274683854986236,1.689205129218107,6.37909030564905,5.903745846153847,2.2346734881837342,1.4509919582608697,2.427846645408245
lstm_features_1_ts168_recency,lstm_features_1,"LSTM with Feature 1 (168 TimeSteps), Weighted Ensemble",DEEP_LEARNING,20_24,POS,MARGINAL,168.0,recency,0.95,37.204999599999994,243,13,230,6.370869913991993,4.01933242962963,20.314762018276763,17.155183615384615,4.422234215404248,3.276871275652174,3.188695153492392
lstm_features_1_ts168_single,lstm_features_1,"LSTM with Feature 1 (168 TimeSteps), Single",DEEP_LEARNING,00_04,NEG,AVERAGE,168.0,single,0.95,21.354999699999993,243,13,230,2.776543322078813,1.5394103950617282,9.180279827707182,7.891585538461538,1.8388629104804601,1.1803744086956525,3.306370102244202
lstm_features_1_ts168_single,lstm_features_1,"LSTM with Feature 1 (168 TimeSteps), Single",DEEP_LEARNING,00_04,NEG,MARGINAL,168.0,single,0.95,30.95700019999999,243,13,230,6.799486339204482,3.363293510288065,23.494374757671622,20.10780646153846,4.200832800258295,2.4168645173913044,3.455316120308639
lstm_features_1_ts168_single,lstm_features_1,"LSTM with Feature 1 (168 TimeSteps), Single",DEEP_LEARNING,00_04,POS,AVERAGE,168.0,single,0.95,6.615998999999995,243,13,230,1.032317143792971,0.5342160773662552,3.038290073157762,1.7815169000000002,0.7772701258171621,0.4637164656521739,2.9431750614877754
lstm_features_1_ts168_single,lstm_features_1,"LSTM with Feature 1 (168 TimeSteps), Single",DEEP_LEARNING,00_04,POS,MARGINAL,168.0,single,0.95,8.348998999999997,243,13,230,2.251077490323397,1.2993806106995887,6.558796459696978,4.4018497846153855,1.7094805653886556,1.1240236573913045,2.9136253584743192
lstm_features_1_ts168_single,lstm_features_1,"LSTM with Feature 1 (168 TimeSteps), Single",DEEP_LEARNING,04_08,NEG,AVERAGE,168.0,single,0.95,15.850998899999993,243,13,230,1.235536929583953,0.6380829530864197,2.2486506195742235,1.8124776923076924,1.151970770019088,0.57170412,1.819978477156017
lstm_features_1_ts168_single,lstm_features_1,"LSTM with Feature 1 (168 TimeSteps), Single",DEEP_LEARNING,04_08,NEG,MARGINAL,168.0,single,0.95,23.936002999999996,243,13,230,4.673266257832974,1.9703947847736625,17.51587694423575,10.643487307692304,2.3942877400550544,1.4801765117391306,3.7481016440860753
lstm_features_1_ts168_single,lstm_features_1,"LSTM with Feature 1 (168 TimeSteps), Single",DEEP_LEARNING,04_08,POS,AVERAGE,168.0,single,0.95,17.267000599999992,243,13,230,4.011269026048587,1.775564408230453,15.296885062332082,10.332556315384615,1.9426638384336186,1.2919083439130434,3.8134777206406194
lstm_features_1_ts168_single,lstm_features_1,"LSTM with Feature 1 (168 TimeSteps), Single",DEEP_LEARNING,04_08,POS,MARGINAL,168.0,single,0.95,28.057999999999993,243,13,230,20.53256127771249,5.201114136625513,87.04953176122027,43.582924692307685,4.136971644642963,3.0317074530434787,4.239584656966788
lstm_features_1_ts168_single,lstm_features_1,"LSTM with Feature 1 (168 TimeSteps), Single",DEEP_LEARNING,08_12,NEG,AVERAGE,168.0,single,0.95,30.666997199999983,243,13,230,3.369912501723134,1.788163214403292,10.348645345013157,8.074233076923077,2.43824189087259,1.4328636134782609,3.0708943747713313
lstm_features_1_ts168_single,lstm_features_1,"LSTM with Feature 1 (168 TimeSteps), Single",DEEP_LEARNING,08_12,NEG,MARGINAL,168.0,single,0.95,38.971993299999994,243,13,230,14.90928515372745,4.629677174897119,62.1482098990068,42.49943430769231,4.067094115266551,2.4892126413043476,4.168423184492465
lstm_features_1_ts168_single,lstm_features_1,"LSTM with Feature 1 (168 TimeSteps), Single",DEEP_LEARNING,08_12,POS,AVERAGE,168.0,single,0.95,40.626993999999996,243,13,230,7.277204257213528,3.329987611522634,26.88819939044643,23.176305999999997,3.8842172697636705,2.2082391808695654,3.6948529187968724
lstm_features_1_ts168_single,lstm_features_1,"LSTM with Feature 1 (168 TimeSteps), Single",DEEP_LEARNING,08_12,POS,MARGINAL,168.0,single,0.95,65.84398649999996,243,13,230,16.03488773156843,6.979636891769547,59.50073437673838,53.45674146153846,8.458388345106993,4.35267011173913,3.710704769051626
lstm_features_1_ts168_single,lstm_features_1,"LSTM with Feature 1 (168 TimeSteps), Single",DEEP_LEARNING,12_16,NEG,AVERAGE,168.0,single,0.95,63.1119874,243,13,230,4.832062024835342,2.6333970139917695,9.324840925695673,8.070265769230765,4.444527426983069,2.326095736521739,1.9297850229920066
lstm_features_1_ts168_single,lstm_features_1,"LSTM with Feature 1 (168 TimeSteps), Single",DEEP_LEARNING,12_16,NEG,MARGINAL,168.0,single,0.95,80.81896099999997,243,13,230,29.66361643510385,8.552473590123455,108.49824634459935,47.33146807692307,16.257268748107492,6.360617379999999,3.6576203236029845
lstm_features_1_ts168_single,lstm_features_1,"LSTM with Feature 1 (168 TimeSteps), Single",DEEP_LEARNING,12_16,POS,AVERAGE,168.0,single,0.95,28.66400339999996,243,13,230,15.509688923253663,3.507882188477366,66.16434582622946,40.614509438461546,2.590443061469141,1.4105510830434784,4.266000830424737
lstm_features_1_ts168_single,lstm_features_1,"LSTM with Feature 1 (168 TimeSteps), Single",DEEP_LEARNING,12_16,POS,MARGINAL,168.0,single,0.95,49.48499509999998,243,13,230,92.38488989619309,12.138299408641972,398.9401098989689,187.7155599230769,4.665063676526211,2.2143672926086957,4.318239815485325
lstm_features_1_ts168_single,lstm_features_1,"LSTM with Feature 1 (168 TimeSteps), Single",DEEP_LEARNING,16_20,NEG,AVERAGE,168.0,single,0.95,21.622996099999995,243,13,230,1.3717162420168842,0.7892676220164608,3.0839530398119535,2.357571538461539,1.2043222186195968,0.7006243571739129,2.248244166940464
lstm_features_1_ts168_single,lstm_features_1,"LSTM with Feature 1 (168 TimeSteps), Single",DEEP_LEARNING,16_20,NEG,MARGINAL,168.0,single,0.95,26.906999899999995,243,13,230,4.074358040572024,1.6408608813168726,14.424660871089566,9.154320769230768,2.403778430067065,1.2161870615652175,3.540351811856083
lstm_features_1_ts168_single,lstm_features_1,"LSTM with Feature 1 (168 TimeSteps), Single",DEEP_LEARNING,16_20,POS,AVERAGE,168.0,single,0.95,68.41501239999997,243,13,230,17.656283668366076,7.772667767489712,65.1951152609985,58.17740576923076,9.440578020479407,4.923704315217391,3.692459663966857
lstm_features_1_ts168_single,lstm_features_1,"LSTM with Feature 1 (168 TimeSteps), Single",DEEP_LEARNING,16_20,POS,MARGINAL,168.0,single,0.95,110.30499099999996,243,13,230,34.170797734865154,13.250023154320987,137.4904711809595,122.26893000000001,12.852028241571963,7.088084941304347,4.023624857919989
lstm_features_1_ts168_single,lstm_features_1,"LSTM with Feature 1 (168 TimeSteps), Single",DEEP_LEARNING,20_24,NEG,AVERAGE,168.0,single,0.95,5.679999999999998,243,13,230,0.6277744796394454,0.34302469510288064,1.9556308839935923,1.53596336923077,0.4474473286129247,0.27559772656521736,3.115180606125921
lstm_features_1_ts168_single,lstm_features_1,"LSTM with Feature 1 (168 TimeSteps), Single",DEEP_LEARNING,20_24,NEG,MARGINAL,168.0,single,0.95,8.973000049999994,243,13,230,1.7032484687394964,0.8647797906419752,5.943557883307442,4.7609507461538465,1.0336091370471203,0.6445614322869565,3.489542478617945
lstm_features_1_ts168_single,lstm_features_1,"LSTM with Feature 1 (168 TimeSteps), Single",DEEP_LEARNING,20_24,POS,AVERAGE,168.0,single,0.95,30.47800149999999,243,13,230,2.072039002347308,1.2467921502057613,4.209631979341397,3.7394822307692315,1.8799976517121648,1.1059009717391302,2.031637423124043
lstm_features_1_ts168_single,lstm_features_1,"LSTM with Feature 1 (168 TimeSteps), Single",DEEP_LEARNING,20_24,POS,MARGINAL,168.0,single,0.95,37.204999599999994,243,13,230,5.943356769657633,3.283931127160494,20.32971652747019,16.398794000000002,3.736274668636573,2.542656269130435,3.4205781876091685
lstm_features_1_ts42_ensemble,lstm_features_1,"LSTM with Feature 1 (42 TimeSteps), Ensemble",DEEP_LEARNING,00_04,NEG,AVERAGE,42.0,ensemble,0.95,21.354999699999993,243,13,230,3.37005047585958,1.5963827999999998,11.875595339303883,10.634245661538463,2.0069687616704197,1.085547073043478,3.5238627505348687
lstm_features_1_ts42_ensemble,lstm_features_1,"LSTM with Feature 1 (42 TimeSteps), Ensemble",DEEP_LEARNING,00_04,NEG,MARGINAL,42.0,ensemble,0.95,30.95700019999999,243,13,230,7.3434183543089455,3.4988362427983546,25.78364794923566,22.126246961538463,4.404352199963294,2.4459825934782606,3.5111233903903107
lstm_features_1_ts42_ensemble,lstm_features_1,"LSTM with Feature 1 (42 TimeSteps), Ensemble",DEEP_LEARNING,00_04,POS,AVERAGE,42.0,ensemble,0.95,6.615998999999995,243,13,230,2.1429751632096603,1.6146449810699588,3.184295851052533,2.0361404307692306,2.0685245937214773,1.5908213252173913,1.4859228915575602
lstm_features_1_ts42_ensemble,lstm_features_1,"LSTM with Feature 1 (42 TimeSteps), Ensemble",DEEP_LEARNING,00_04,POS,MARGINAL,42.0,ensemble,0.95,8.348998999999997,243,13,230,4.361695247469244,3.638217809053498,6.192985692302514,5.034707946153845,4.234606766159331,3.559285757826087,1.4198574959806802
lstm_features_1_ts42_ensemble,lstm_features_1,"LSTM with Feature 1 (42 TimeSteps), Ensemble",DEEP_LEARNING,04_08,NEG,AVERAGE,42.0,ensemble,0.95,15.850998899999993,243,13,230,1.8914542185687135,1.038816633744856,5.399863504547692,5.009949923076922,1.4600412971051269,0.8143612739130435,2.854874017851637
lstm_features_1_ts42_ensemble,lstm_features_1,"LSTM with Feature 1 (42 TimeSteps), Ensemble",DEEP_LEARNING,04_08,NEG,MARGINAL,42.0,ensemble,0.95,23.936002999999996,243,13,230,4.783046408441944,1.9394645658436214,18.40860624698802,11.90211395384615,2.2398003737462453,1.3763582960869567,3.8487199736338207
lstm_features_1_ts42_ensemble,lstm_features_1,"LSTM with Feature 1 (42 TimeSteps), Ensemble",DEEP_LEARNING,04_08,POS,AVERAGE,42.0,ensemble,0.95,17.267000599999992,243,13,230,4.410606063714863,2.292265091358025,15.514749305257167,10.780101015384616,2.6358651276028326,1.8125178434782607,3.5176003209386066
lstm_features_1_ts42_ensemble,lstm_features_1,"LSTM with Feature 1 (42 TimeSteps), Ensemble",DEEP_LEARNING,04_08,POS,MARGINAL,42.0,ensemble,0.95,28.057999999999993,243,13,230,20.65618339319849,5.083031573251029,87.53221780099183,42.967131076923074,4.210841966650708,2.941756383913043,4.237579427660086
lstm_features_1_ts42_ensemble,lstm_features_1,"LSTM with Feature 1 (42 TimeSteps), Ensemble",DEEP_LEARNING,08_12,NEG,AVERAGE,42.0,ensemble,0.95,30.666997199999983,243,13,230,5.311694556154654,3.0166722584362136,16.84671022788997,14.711081692307696,3.710428710454032,2.355683899130435,3.17162631431239
lstm_features_1_ts42_ensemble,lstm_features_1,"LSTM with Feature 1 (42 TimeSteps), Ensemble",DEEP_LEARNING,08_12,NEG,MARGINAL,42.0,ensemble,0.95,38.971993299999994,243,13,230,15.630008157936976,4.993166368312758,65.13480459490803,43.97802515384616,4.278943725894117,2.78967435,4.167291784926698
lstm_features_1_ts42_ensemble,lstm_features_1,"LSTM with Feature 1 (42 TimeSteps), Ensemble",DEEP_LEARNING,08_12,POS,AVERAGE,42.0,ensemble,0.95,40.626993999999996,243,13,230,9.26288172462978,4.504196531687244,33.45594222103485,30.895982384615383,5.233145495009107,3.0124868965217395,3.611828717630746
lstm_features_1_ts42_ensemble,lstm_features_1,"LSTM with Feature 1 (42 TimeSteps), Ensemble",DEEP_LEARNING,08_12,POS,MARGINAL,42.0,ensemble,0.95,65.84398649999996,243,13,230,18.711940637430263,8.247361892592593,70.16445589696161,65.87867784615385,9.574323048071314,4.989939686521739,3.749715609753954
lstm_features_1_ts42_ensemble,lstm_features_1,"LSTM with Feature 1 (42 TimeSteps), Ensemble",DEEP_LEARNING,12_16,NEG,AVERAGE,42.0,ensemble,0.95,63.1119874,243,13,230,9.509265844317062,6.351356571604938,20.379541785609433,19.733653076923073,8.488948534802354,5.594965899565216,2.1431246238413535
lstm_features_1_ts42_ensemble,lstm_features_1,"LSTM with Feature 1 (42 TimeSteps), Ensemble",DEEP_LEARNING,12_16,NEG,MARGINAL,42.0,ensemble,0.95,80.81896099999997,243,13,230,29.010924920633563,8.696029448971192,107.55824717839036,44.905804076923076,15.340045613171881,6.649390013478261,3.7075083773661848
lstm_features_1_ts42_ensemble,lstm_features_1,"LSTM with Feature 1 (42 TimeSteps), Ensemble",DEEP_LEARNING,12_16,POS,AVERAGE,42.0,ensemble,0.95,28.66400339999996,243,13,230,15.644022155958908,3.9877657851851853,66.58681309894052,41.12254346153846,2.8217027520154567,1.8888435686956522,4.256374251782633
lstm_features_1_ts42_ensemble,lstm_features_1,"LSTM with Feature 1 (42 TimeSteps), Ensemble",DEEP_LEARNING,12_16,POS,MARGINAL,42.0,ensemble,0.95,49.48499509999998,243,13,230,92.84295749602946,13.02358628271605,401.0056669022702,195.2907708461538,4.244127562095501,2.7215280247826086,4.319182388383306
lstm_features_1_ts42_ensemble,lstm_features_1,"LSTM with Feature 1 (42 TimeSteps), Ensemble",DEEP_LEARNING,16_20,NEG,AVERAGE,42.0,ensemble,0.95,21.622996099999995,243,13,230,2.1806740295968194,1.3847103264609053,6.499344833421176,6.1816569999999995,1.623747877258927,1.1135785579565216,2.9804293283681775
lstm_features_1_ts42_ensemble,lstm_features_1,"LSTM with Feature 1 (42 TimeSteps), Ensemble",DEEP_LEARNING,16_20,NEG,MARGINAL,42.0,ensemble,0.95,26.906999899999995,243,13,230,4.572071508517693,2.195656852469136,15.887002738805975,11.377248923076923,2.796327930868753,1.6766973006521737,3.4747931455596777
lstm_features_1_ts42_ensemble,lstm_features_1,"LSTM with Feature 1 (42 TimeSteps), Ensemble",DEEP_LEARNING,16_20,POS,AVERAGE,42.0,ensemble,0.95,68.41501239999997,243,13,230,21.804132314061693,9.286806291358022,87.21385127540758,80.5091586923077,8.507229428100429,5.261195068695653,3.999877180123445
lstm_features_1_ts42_ensemble,lstm_features_1,"LSTM with Feature 1 (42 TimeSteps), Ensemble",DEEP_LEARNING,16_20,POS,MARGINAL,42.0,ensemble,0.95,110.30499099999996,243,13,230,39.19772678094127,16.365853823045267,155.75806213105926,144.94055053846154,15.876254179842014,9.098588356521738,3.9736503854298
lstm_features_1_ts42_ensemble,lstm_features_1,"LSTM with Feature 1 (42 TimeSteps), Ensemble",DEEP_LEARNING,20_24,NEG,AVERAGE,42.0,ensemble,0.95,5.679999999999998,243,13,230,0.9771214508506567,0.7218817900411523,2.1706406884870706,1.7478064846153847,0.8616373824684591,0.6638947420869566,2.221464574948556
lstm_features_1_ts42_ensemble,lstm_features_1,"LSTM with Feature 1 (42 TimeSteps), Ensemble",DEEP_LEARNING,20_24,NEG,MARGINAL,42.0,ensemble,0.95,8.973000049999994,243,13,230,1.8236442645710704,1.101030500617284,5.848895048007621,4.736984676923077,1.257007141596942,0.8955200471739131,3.2072565695170314
lstm_features_1_ts42_ensemble,lstm_features_1,"LSTM with Feature 1 (42 TimeSteps), Ensemble",DEEP_LEARNING,20_24,POS,AVERAGE,42.0,ensemble,0.95,30.47800149999999,243,13,230,5.452259211094733,3.90529360617284,12.817930784546133,12.61690130769231,4.703283389635405,3.4128983882608694,2.3509393607815063
lstm_features_1_ts42_ensemble,lstm_features_1,"LSTM with Feature 1 (42 TimeSteps), Ensemble",DEEP_LEARNING,20_24,POS,MARGINAL,42.0,ensemble,0.95,37.204999599999994,243,13,230,8.166977657832875,5.0933583,26.221311235457048,22.2803773076923,5.622061060119351,4.121918095217391,3.210650541000124
lstm_features_1_ts42_recency,lstm_features_1,"LSTM with Feature 1 (42 TimeSteps), Weighted Ensemble",DEEP_LEARNING,00_04,NEG,AVERAGE,42.0,recency,0.95,21.354999699999993,243,13,230,2.9307482149232977,1.4354851320987654,9.98580664007937,8.609749076923077,1.8543532024077822,1.029983256956522,3.407255044712435
lstm_features_1_ts42_recency,lstm_features_1,"LSTM with Feature 1 (42 TimeSteps), Weighted Ensemble",DEEP_LEARNING,00_04,NEG,MARGINAL,42.0,recency,0.95,30.95700019999999,243,13,230,7.16397908198415,3.408315046502058,24.846664283432567,21.316898153846157,4.3965171292493235,2.3960907839130434,3.4682770565196828
lstm_features_1_ts42_recency,lstm_features_1,"LSTM with Feature 1 (42 TimeSteps), Weighted Ensemble",DEEP_LEARNING,00_04,POS,AVERAGE,42.0,recency,0.95,6.615998999999995,243,13,230,1.6862038642924053,1.1736595477366254,3.004663658432204,1.7768026153846155,1.5791492420329374,1.1395688526086956,1.7819100774585606
lstm_features_1_ts42_recency,lstm_features_1,"LSTM with Feature 1 (42 TimeSteps), Weighted Ensemble",DEEP_LEARNING,00_04,POS,MARGINAL,42.0,recency,0.95,8.348998999999997,243,13,230,2.987527557798156,2.1816301617283953,5.842788958661576,4.414442338461539,2.7386577196087365,2.0554277343478264,1.9557272177826477
lstm_features_1_ts42_recency,lstm_features_1,"LSTM with Feature 1 (42 TimeSteps), Weighted Ensemble",DEEP_LEARNING,04_08,NEG,AVERAGE,42.0,recency,0.95,15.850998899999993,243,13,230,1.3146279382938229,0.6789763423868311,2.790726751821716,2.2220543076923076,1.1771703402269993,0.591758892173913,2.1228262921626584
lstm_features_1_ts42_recency,lstm_features_1,"LSTM with Feature 1 (42 TimeSteps), Weighted Ensemble",DEEP_LEARNING,04_08,NEG,MARGINAL,42.0,recency,0.95,23.936002999999996,243,13,230,4.704784599911648,1.9345430374485597,17.7712108554917,10.639676007692307,2.35279425684144,1.4425137826086958,3.777263438548372
lstm_features_1_ts42_recency,lstm_features_1,"LSTM with Feature 1 (42 TimeSteps), Weighted Ensemble",DEEP_LEARNING,04_08,POS,AVERAGE,42.0,recency,0.95,17.267000599999992,243,13,230,4.4839491176789625,2.312030155967078,15.442726555399158,10.715702330769231,2.7862222199923203,1.8370399895652174,3.444001292189688
lstm_features_1_ts42_recency,lstm_features_1,"LSTM with Feature 1 (42 TimeSteps), Weighted Ensemble",DEEP_LEARNING,04_08,POS,MARGINAL,42.0,recency,0.95,28.057999999999993,243,13,230,20.646750860639663,5.104536243209876,87.50762217190456,43.458648307692314,4.19081336469452,2.9366951265217396,4.238324119981823
lstm_features_1_ts42_recency,lstm_features_1,"LSTM with Feature 1 (42 TimeSteps), Weighted Ensemble",DEEP_LEARNING,08_12,NEG,AVERAGE,42.0,recency,0.95,30.666997199999983,243,13,230,3.6118940841830978,1.8935917580246915,11.605627796169035,9.031446846153846,2.4839891756135106,1.4901477747826086,3.213169468892076
lstm_features_1_ts42_recency,lstm_features_1,"LSTM with Feature 1 (42 TimeSteps), Weighted Ensemble",DEEP_LEARNING,08_12,NEG,MARGINAL,42.0,recency,0.95,38.971993299999994,243,13,230,14.77656111468023,4.857248234156379,61.08466189193987,39.765688538461546,4.448202052737455,2.884162477826087,4.133888894571919
lstm_features_1_ts42_recency,lstm_features_1,"LSTM with Feature 1 (42 TimeSteps), Weighted Ensemble",DEEP_LEARNING,08_12,POS,AVERAGE,42.0,recency,0.95,40.626993999999996,243,13,230,8.433895494951491,4.156916904115226,31.034453081154652,27.435283038461534,4.551134372592017,2.8411831660869566,3.6797293848058468
lstm_features_1_ts42_recency,lstm_features_1,"LSTM with Feature 1 (42 TimeSteps), Weighted Ensemble",DEEP_LEARNING,08_12,POS,MARGINAL,42.0,recency,0.95,65.84398649999996,243,13,230,17.434094787623536,7.202706232510289,66.37347631773154,61.573524461538454,8.492601122001668,4.129573028260869,3.8071076890582285
lstm_features_1_ts42_recency,lstm_features_1,"LSTM with Feature 1 (42 TimeSteps), Weighted Ensemble",DEEP_LEARNING,12_16,NEG,AVERAGE,42.0,recency,0.95,63.1119874,243,13,230,5.081398497080228,2.8126693646090537,9.482910861444724,8.164408846153844,4.71139950473964,2.5101797417391305,1.866200981264037
lstm_features_1_ts42_recency,lstm_features_1,"LSTM with Feature 1 (42 TimeSteps), Weighted Ensemble",DEEP_LEARNING,12_16,NEG,MARGINAL,42.0,recency,0.95,80.81896099999997,243,13,230,28.31847499663992,8.034475480246913,107.196338484044,43.916270184615385,14.063016491596162,6.006374040434784,3.785385282814954
lstm_features_1_ts42_recency,lstm_features_1,"LSTM with Feature 1 (42 TimeSteps), Weighted Ensemble",DEEP_LEARNING,12_16,POS,AVERAGE,42.0,recency,0.95,28.66400339999996,243,13,230,15.532387564472995,4.175388681893004,65.63762432489476,38.93791630769231,3.373238650131014,2.2105501639130436,4.225855429658911
lstm_features_1_ts42_recency,lstm_features_1,"LSTM with Feature 1 (42 TimeSteps), Weighted Ensemble",DEEP_LEARNING,12_16,POS,MARGINAL,42.0,recency,0.95,49.48499509999998,243,13,230,92.55911388879142,12.65642118271605,399.8009778775942,191.33714400000002,4.115917758067128,2.55707598,4.319412330999084
lstm_features_1_ts42_recency,lstm_features_1,"LSTM with Feature 1 (42 TimeSteps), Weighted Ensemble",DEEP_LEARNING,16_20,NEG,AVERAGE,42.0,recency,0.95,21.622996099999995,243,13,230,1.4578978705415009,0.8335154366666667,3.8661591232612347,3.1922219230769238,1.1835371893331588,0.7001972439565217,2.6518723988706037
lstm_features_1_ts42_recency,lstm_features_1,"LSTM with Feature 1 (42 TimeSteps), Weighted Ensemble",DEEP_LEARNING,16_20,NEG,MARGINAL,42.0,recency,0.95,26.906999899999995,243,13,230,4.154487137928669,1.8491577600823044,14.387211815286895,9.604055153846154,2.5565162024810606,1.4108374726086956,3.463053642394961
lstm_features_1_ts42_recency,lstm_features_1,"LSTM with Feature 1 (42 TimeSteps), Weighted Ensemble",DEEP_LEARNING,16_20,POS,AVERAGE,42.0,recency,0.95,68.41501239999997,243,13,230,19.275826396449684,8.309025905349793,77.57181393328777,70.26995338461539,7.241920929994159,4.806886526086957,4.024305486979034
lstm_features_1_ts42_recency,lstm_features_1,"LSTM with Feature 1 (42 TimeSteps), Weighted Ensemble",DEEP_LEARNING,16_20,POS,MARGINAL,42.0,recency,0.95,110.30499099999996,243,13,230,35.794204006417004,14.020416067901236,143.92371164869525,131.56415584615385,13.522160998909825,7.376639471739131,4.020866384482061
lstm_features_1_ts42_recency,lstm_features_1,"LSTM with Feature 1 (42 TimeSteps), Weighted Ensemble",DEEP_LEARNING,20_24,NEG,AVERAGE,42.0,recency,0.95,5.679999999999998,243,13,230,0.6196007989003898,0.35365934979423863,1.8425207716661625,1.3282192999999998,0.4622980175978984,0.2985755265217391,2.9737223950261167
lstm_features_1_ts42_recency,lstm_features_1,"LSTM with Feature 1 (42 TimeSteps), Weighted Ensemble",DEEP_LEARNING,20_24,NEG,MARGINAL,42.0,recency,0.95,8.973000049999994,243,13,230,1.7605027006714404,1.0583925214403294,5.656455426626148,4.688032446153846,1.2108306662568646,0.8532389604782608,3.212977420863271
lstm_features_1_ts42_recency,lstm_features_1,"LSTM with Feature 1 (42 TimeSteps), Weighted Ensemble",DEEP_LEARNING,20_24,POS,AVERAGE,42.0,recency,0.95,30.47800149999999,243,13,230,4.320067866322332,3.1499248456790125,10.079102547409326,9.635343461538461,3.7384358980756556,2.783357706521739,2.3330889373248787
lstm_features_1_ts42_recency,lstm_features_1,"LSTM with Feature 1 (42 TimeSteps), Weighted Ensemble",DEEP_LEARNING,20_24,POS,MARGINAL,42.0,recency,0.95,37.204999599999994,243,13,230,6.384878990624674,3.83963790946502,21.263328604685025,17.379019000000003,4.185183134320947,3.0743685434782613,3.330263366918516
lstm_features_1_ts42_single,lstm_features_1,"LSTM with Feature 1 (42 TimeSteps), Single",DEEP_LEARNING,00_04,NEG,AVERAGE,42.0,single,0.95,21.354999699999993,243,13,230,2.8174549796446904,1.4342590358024692,9.529094586080399,8.193510461538462,1.8039803882198517,1.05221439,3.382163922733599
lstm_features_1_ts42_single,lstm_features_1,"LSTM with Feature 1 (42 TimeSteps), Single",DEEP_LEARNING,00_04,NEG,MARGINAL,42.0,single,0.95,30.95700019999999,243,13,230,7.111045389896334,3.31548445925926,25.497860401444314,21.85746884615385,4.083871438412794,2.267459254782609,3.585669757877333
lstm_features_1_ts42_single,lstm_features_1,"LSTM with Feature 1 (42 TimeSteps), Single",DEEP_LEARNING,00_04,POS,AVERAGE,42.0,single,0.95,6.615998999999995,243,13,230,1.8996955007684995,1.2968909341563783,3.2732171053477983,2.0809999538461543,1.7908796661646977,1.2525717286956521,1.723021981166801
lstm_features_1_ts42_single,lstm_features_1,"LSTM with Feature 1 (42 TimeSteps), Single",DEEP_LEARNING,00_04,POS,MARGINAL,42.0,single,0.95,8.348998999999997,243,13,230,2.547532101434382,1.5443166279835392,6.145289897285415,4.181193415384616,2.173067227519047,1.3952757660869566,2.4122521925534612
lstm_features_1_ts42_single,lstm_features_1,"LSTM with Feature 1 (42 TimeSteps), Single",DEEP_LEARNING,04_08,NEG,AVERAGE,42.0,single,0.95,15.850998899999993,243,13,230,1.2748168944363092,0.7098945563786009,2.245549587268183,1.782875692307692,1.1966638652107007,0.6492477965217391,1.761468330917521
lstm_features_1_ts42_single,lstm_features_1,"LSTM with Feature 1 (42 TimeSteps), Single",DEEP_LEARNING,04_08,NEG,MARGINAL,42.0,single,0.95,23.936002999999996,243,13,230,4.65072783918925,2.020613071604938,17.532252686930814,10.695606199999999,2.3405443225082636,1.530287373043478,3.769786857703367
lstm_features_1_ts42_single,lstm_features_1,"LSTM with Feature 1 (42 TimeSteps), Single",DEEP_LEARNING,04_08,POS,AVERAGE,42.0,single,0.95,17.267000599999992,243,13,230,5.590102919090512,2.9454996139917697,15.250351063285542,9.99798236153846,4.4575857224506175,2.5468810239130435,2.7280984418381182
lstm_features_1_ts42_single,lstm_features_1,"LSTM with Feature 1 (42 TimeSteps), Single",DEEP_LEARNING,04_08,POS,MARGINAL,42.0,single,0.95,28.057999999999993,243,13,230,20.902095783126473,5.095855813580246,88.69997294546867,46.691207723076914,4.1105437956182636,2.7448141839130438,4.243592310828134
lstm_features_1_ts42_single,lstm_features_1,"LSTM with Feature 1 (42 TimeSteps), Single",DEEP_LEARNING,08_12,NEG,AVERAGE,42.0,single,0.95,30.666997199999983,243,13,230,3.0055964809508176,1.6620530395061732,9.07511057439411,7.044968538461538,2.2111555752637773,1.3578012939130437,3.019404178808197
lstm_features_1_ts42_single,lstm_features_1,"LSTM with Feature 1 (42 TimeSteps), Single",DEEP_LEARNING,08_12,NEG,MARGINAL,42.0,single,0.95,38.971993299999994,243,13,230,14.978889405368927,4.657861913168724,62.45675311607611,41.98814607692308,4.070153256599733,2.5478893300000003,4.16965179632674
lstm_features_1_ts42_single,lstm_features_1,"LSTM with Feature 1 (42 TimeSteps), Single",DEEP_LEARNING,08_12,POS,AVERAGE,42.0,single,0.95,40.626993999999996,243,13,230,8.947900769420702,4.525416518930042,32.03645082626016,28.632553153846153,5.15559349576837,3.1628392308695656,3.5803314824125207
lstm_features_1_ts42_single,lstm_features_1,"LSTM with Feature 1 (42 TimeSteps), Single",DEEP_LEARNING,08_12,POS,MARGINAL,42.0,single,0.95,65.84398649999996,243,13,230,16.830128331996796,7.0598991905349795,64.26960773940822,59.27938876923076,8.111441236186284,4.108362823043479,3.8187235695179633
lstm_features_1_ts42_single,lstm_features_1,"LSTM with Feature 1 (42 TimeSteps), Single",DEEP_LEARNING,12_16,NEG,AVERAGE,42.0,single,0.95,63.1119874,243,13,230,6.005829031916106,3.05097905473251,11.86545084807865,9.278804076923077,5.4910004251467175,2.6989715534782603,1.975655781245755
lstm_features_1_ts42_single,lstm_features_1,"LSTM with Feature 1 (42 TimeSteps), Single",DEEP_LEARNING,12_16,NEG,MARGINAL,42.0,single,0.95,80.81896099999997,243,13,230,27.28114492061698,7.092967424279836,107.05070056129969,44.87001328461538,11.772722449175323,4.957743093043478,3.9239812285297107
lstm_features_1_ts42_single,lstm_features_1,"LSTM with Feature 1 (42 TimeSteps), Single",DEEP_LEARNING,12_16,POS,AVERAGE,42.0,single,0.95,28.66400339999996,243,13,230,16.0189627386169,4.586850656790124,67.28105676439075,42.31150250769231,3.9053552103765803,2.454587726086957,4.200088224326558
lstm_features_1_ts42_single,lstm_features_1,"LSTM with Feature 1 (42 TimeSteps), Single",DEEP_LEARNING,12_16,POS,MARGINAL,42.0,single,0.95,49.48499509999998,243,13,230,92.7129525879876,12.577478654732511,400.43915913182974,190.85574238461544,4.264765242452639,2.5008811395652173,4.319128535484834
lstm_features_1_ts42_single,lstm_features_1,"LSTM with Feature 1 (42 TimeSteps), Single",DEEP_LEARNING,16_20,NEG,AVERAGE,42.0,single,0.95,21.622996099999995,243,13,230,1.337750934659588,0.7517824604115226,3.12091327779382,2.1125145384615385,1.1576701713876156,0.6748715168695653,2.3329554081664585
lstm_features_1_ts42_single,lstm_features_1,"LSTM with Feature 1 (42 TimeSteps), Single",DEEP_LEARNING,16_20,NEG,MARGINAL,42.0,single,0.95,26.906999899999995,243,13,230,4.284599280419179,1.867518435967078,14.77266171039495,8.76378776923077,2.6571750849341123,1.4777292997391305,3.447851419362999
lstm_features_1_ts42_single,lstm_features_1,"LSTM with Feature 1 (42 TimeSteps), Single",DEEP_LEARNING,16_20,POS,AVERAGE,42.0,single,0.95,68.41501239999997,243,13,230,20.889265906561246,8.984556576131686,84.44172299878251,77.8304346153846,7.61593522160005,5.093267817391304,4.042349950280429
lstm_features_1_ts42_single,lstm_features_1,"LSTM with Feature 1 (42 TimeSteps), Single",DEEP_LEARNING,16_20,POS,MARGINAL,42.0,single,0.95,110.30499099999996,243,13,230,32.71187708835712,14.734701475308642,126.66756621316237,116.63161953846154,14.955806934996282,8.975310454347824,3.87221943488673
lstm_features_1_ts42_single,lstm_features_1,"LSTM with Feature 1 (42 TimeSteps), Single",DEEP_LEARNING,20_24,NEG,AVERAGE,42.0,single,0.95,5.679999999999998,243,13,230,0.5929352427372818,0.37534712699588474,1.563778542326262,1.1468322153846153,0.48293397614589717,0.3317414480869565,2.6373513153090515
lstm_features_1_ts42_single,lstm_features_1,"LSTM with Feature 1 (42 TimeSteps), Single",DEEP_LEARNING,20_24,NEG,MARGINAL,42.0,single,0.95,8.973000049999994,243,13,230,1.7408228015681109,0.9337916330041154,5.9566158670571925,4.732387007692307,1.0937494641784287,0.7190884161739131,3.421724406235689
lstm_features_1_ts42_single,lstm_features_1,"LSTM with Feature 1 (42 TimeSteps), Single",DEEP_LEARNING,20_24,POS,AVERAGE,42.0,single,0.95,30.47800149999999,243,13,230,4.438188200593522,3.5585525839506174,8.791651369021466,8.323546076923078,4.054887166776952,3.2892268647826084,1.980909995625186
lstm_features_1_ts42_single,lstm_features_1,"LSTM with Feature 1 (42 TimeSteps), Single",DEEP_LEARNING,20_24,POS,MARGINAL,42.0,single,0.95,37.204999599999994,243,13,230,5.585417613697583,3.8293231695473247,11.093987576662686,8.406796153846155,5.099381448359194,3.5705964356521736,1.9862413778078079
lstm_features_4_ts168_ensemble,lstm_features_4,"LSTM with Feature 4 (168 TimeSteps), Ensemble",DEEP_LEARNING,00_04,NEG,AVERAGE,168.0,ensemble,0.95,21.354999699999993,243,13,230,2.830470238707854,1.4849584168724281,9.219232315351197,7.2347251538461546,1.9132084733218755,1.1599716013043477,3.2571380505169683
lstm_features_4_ts168_ensemble,lstm_features_4,"LSTM with Feature 4 (168 TimeSteps), Ensemble",DEEP_LEARNING,00_04,NEG,MARGINAL,168.0,ensemble,0.95,30.95700019999999,243,13,230,6.780470237493364,3.2340189366255143,21.92718205802624,17.281115000000003,4.625756650123323,2.4400526373913043,3.2338733583369264
lstm_features_4_ts168_ensemble,lstm_features_4,"LSTM with Feature 4 (168 TimeSteps), Ensemble",DEEP_LEARNING,00_04,POS,AVERAGE,168.0,ensemble,0.95,6.615998999999995,243,13,230,1.7733636202614074,1.3776130016460904,2.920080549824852,2.144815653846154,1.6854125895097671,1.3342493734782606,1.6466338411715076
lstm_features_4_ts168_ensemble,lstm_features_4,"LSTM with Feature 4 (168 TimeSteps), Ensemble",DEEP_LEARNING,00_04,POS,MARGINAL,168.0,ensemble,0.95,8.348998999999997,243,13,230,4.841784523043208,4.059398856790124,5.791600647376676,4.8337477692307695,4.7824702119843705,4.015631309565218,1.1961706721588012
lstm_features_4_ts168_ensemble,lstm_features_4,"LSTM with Feature 4 (168 TimeSteps), Ensemble",DEEP_LEARNING,04_08,NEG,AVERAGE,168.0,ensemble,0.95,15.850998899999993,243,13,230,1.5984421667361557,0.8793867897119341,4.613528638125003,3.7730298461538467,1.2232686329894442,0.7158330517391304,2.8862655991773067
lstm_features_4_ts168_ensemble,lstm_features_4,"LSTM with Feature 4 (168 TimeSteps), Ensemble",DEEP_LEARNING,04_08,NEG,MARGINAL,168.0,ensemble,0.95,23.936002999999996,243,13,230,4.604340232603914,1.7094634666666666,17.900315604939262,10.401831846153847,2.07061292933226,1.2181556886956524,3.887704796049795
lstm_features_4_ts168_ensemble,lstm_features_4,"LSTM with Feature 4 (168 TimeSteps), Ensemble",DEEP_LEARNING,04_08,POS,AVERAGE,168.0,ensemble,0.95,17.267000599999992,243,13,230,3.922391273758324,1.9000599625514403,14.738200101457526,9.802448853846153,1.9943433091413063,1.4534031991304346,3.7574528069291264
lstm_features_4_ts168_ensemble,lstm_features_4,"LSTM with Feature 4 (168 TimeSteps), Ensemble",DEEP_LEARNING,04_08,POS,MARGINAL,168.0,ensemble,0.95,28.057999999999993,243,13,230,20.449632480950093,4.9211206,86.86177769876927,42.090359846153845,3.9203844899977476,2.820250555652174,4.247596027932804
lstm_features_4_ts168_ensemble,lstm_features_4,"LSTM with Feature 4 (168 TimeSteps), Ensemble",DEEP_LEARNING,08_12,NEG,AVERAGE,168.0,ensemble,0.95,30.666997199999983,243,13,230,5.486175420148614,3.1093487850617283,17.325151857150217,14.21289123076923,3.851454728339444,2.4817572555217393,3.1579653456799055
lstm_features_4_ts168_ensemble,lstm_features_4,"LSTM with Feature 4 (168 TimeSteps), Ensemble",DEEP_LEARNING,08_12,NEG,MARGINAL,168.0,ensemble,0.95,38.971993299999994,243,13,230,17.14059626024511,5.66186304691358,71.2099510754692,49.05560584615385,4.877752083769782,3.2091732365217394,4.154461723168252
lstm_features_4_ts168_ensemble,lstm_features_4,"LSTM with Feature 4 (168 TimeSteps), Ensemble",DEEP_LEARNING,08_12,POS,AVERAGE,168.0,ensemble,0.95,40.626993999999996,243,13,230,7.5504845764441715,3.5512120366255147,28.60268987295795,25.299151846153848,3.740440179754791,2.3219806560869567,3.7881926098083776
lstm_features_4_ts168_ensemble,lstm_features_4,"LSTM with Feature 4 (168 TimeSteps), Ensemble",DEEP_LEARNING,08_12,POS,MARGINAL,168.0,ensemble,0.95,65.84398649999996,243,13,230,17.245670613379488,7.629210289711934,64.86138292824006,59.4708223846154,8.742800691010721,4.6990322147826085,3.76102410757628
lstm_features_4_ts168_ensemble,lstm_features_4,"LSTM with Feature 4 (168 TimeSteps), Ensemble",DEEP_LEARNING,12_16,NEG,AVERAGE,168.0,ensemble,0.95,63.1119874,243,13,230,7.503043053425326,5.134264798395061,11.956377687110624,9.12123669230769,7.169206372850228,4.908914213086956,1.5935371291321911
lstm_features_4_ts168_ensemble,lstm_features_4,"LSTM with Feature 4 (168 TimeSteps), Ensemble",DEEP_LEARNING,12_16,NEG,MARGINAL,168.0,ensemble,0.95,80.81896099999997,243,13,230,26.936314689745604,7.8937570158847725,108.63482532895206,49.84500734615384,9.97659834803016,5.522599388521739,4.0330248061108485
lstm_features_4_ts168_ensemble,lstm_features_4,"LSTM with Feature 4 (168 TimeSteps), Ensemble",DEEP_LEARNING,12_16,POS,AVERAGE,168.0,ensemble,0.95,28.66400339999996,243,13,230,15.513895239439245,2.9881702522633744,66.59781602966459,38.16800625384615,1.89618777459247,0.9997447391304347,4.292784951928796
lstm_features_4_ts168_ensemble,lstm_features_4,"LSTM with Feature 4 (168 TimeSteps), Ensemble",DEEP_LEARNING,12_16,POS,MARGINAL,168.0,ensemble,0.95,49.48499509999998,243,13,230,93.02822803773913,12.591227295061728,401.7966364302472,193.32708984615388,4.30169980100106,2.3757220204347824,4.31908298056853
lstm_features_4_ts168_ensemble,lstm_features_4,"LSTM with Feature 4 (168 TimeSteps), Ensemble",DEEP_LEARNING,16_20,NEG,AVERAGE,168.0,ensemble,0.95,21.622996099999995,243,13,230,2.544648038907603,1.5722192322633743,7.088130513691733,6.728932923076924,2.0003706728862736,1.2807528062608697,2.7855052664708047
lstm_features_4_ts168_ensemble,lstm_features_4,"LSTM with Feature 4 (168 TimeSteps), Ensemble",DEEP_LEARNING,16_20,NEG,MARGINAL,168.0,ensemble,0.95,26.906999899999995,243,13,230,5.139232972899882,2.6149889925925933,18.051534736509428,14.046160923076922,3.0800155957558744,1.968879274782609,3.5124958980646492
lstm_features_4_ts168_ensemble,lstm_features_4,"LSTM with Feature 4 (168 TimeSteps), Ensemble",DEEP_LEARNING,16_20,POS,AVERAGE,168.0,ensemble,0.95,68.41501239999997,243,13,230,17.80029102490916,6.901785804526748,72.00104196324821,63.39145584615384,6.460814004964214,3.708891410869565,4.044936223935454
lstm_features_4_ts168_ensemble,lstm_features_4,"LSTM with Feature 4 (168 TimeSteps), Ensemble",DEEP_LEARNING,16_20,POS,MARGINAL,168.0,ensemble,0.95,110.30499099999996,243,13,230,35.21184888715016,14.095443269547323,140.56860406979374,126.78712169230768,13.896438947476783,7.725913619565218,3.9920824527078826
lstm_features_4_ts168_ensemble,lstm_features_4,"LSTM with Feature 4 (168 TimeSteps), Ensemble",DEEP_LEARNING,20_24,NEG,AVERAGE,168.0,ensemble,0.95,5.679999999999998,243,13,230,0.7354913732710665,0.5477733429218107,1.2402441695145054,1.0633992692307692,0.6961183817293899,0.5186292688260871,1.6862796962506472
lstm_features_4_ts168_ensemble,lstm_features_4,"LSTM with Feature 4 (168 TimeSteps), Ensemble",DEEP_LEARNING,20_24,NEG,MARGINAL,168.0,ensemble,0.95,8.973000049999994,243,13,230,1.505021181696811,0.850842098106996,4.891259709086289,4.114852269230768,1.0202282097542483,0.6663545666956521,3.2499607105673554
lstm_features_4_ts168_ensemble,lstm_features_4,"LSTM with Feature 4 (168 TimeSteps), Ensemble",DEEP_LEARNING,20_24,POS,AVERAGE,168.0,ensemble,0.95,30.47800149999999,243,13,230,3.9303698733071,2.7447562839506174,9.030027842808092,8.849311538461539,3.422291977302101,2.399716204347826,2.297500778269
lstm_features_4_ts168_ensemble,lstm_features_4,"LSTM with Feature 4 (168 TimeSteps), Ensemble",DEEP_LEARNING,20_24,POS,MARGINAL,168.0,ensemble,0.95,37.204999599999994,243,13,230,7.159497751984672,4.768961481481481,21.87693597807571,17.274899846153843,5.206178978319885,4.062104095652173,3.055652328686219
lstm_features_4_ts168_recency,lstm_features_4,"LSTM with Feature 4 (168 TimeSteps), Weighted Ensemble",DEEP_LEARNING,00_04,NEG,AVERAGE,168.0,recency,0.95,21.354999699999993,243,13,230,2.683048747439061,1.257167181069959,9.128600904296553,7.195604923076924,1.7016472621584733,0.9215163521739131,3.402323909697763
lstm_features_4_ts168_recency,lstm_features_4,"LSTM with Feature 4 (168 TimeSteps), Weighted Ensemble",DEEP_LEARNING,00_04,NEG,MARGINAL,168.0,recency,0.95,30.95700019999999,243,13,230,6.5357402477350055,3.1235451921810697,21.13707392650632,16.39279338461538,4.458444463621351,2.3735442073913045,3.234074967075303
lstm_features_4_ts168_recency,lstm_features_4,"LSTM with Feature 4 (168 TimeSteps), Weighted Ensemble",DEEP_LEARNING,00_04,POS,AVERAGE,168.0,recency,0.95,6.615998999999995,243,13,230,1.096568315207003,0.6425139419753086,2.741142254540983,1.4553417000000004,0.9196362509033464,0.5965715034782608,2.4997459953268195
lstm_features_4_ts168_recency,lstm_features_4,"LSTM with Feature 4 (168 TimeSteps), Weighted Ensemble",DEEP_LEARNING,00_04,POS,MARGINAL,168.0,recency,0.95,8.348998999999997,243,13,230,3.049125731987553,2.254695316872428,5.503812305792386,4.082984392307693,2.847895034700714,2.151357238695652,1.8050460327212423
lstm_features_4_ts168_recency,lstm_features_4,"LSTM with Feature 4 (168 TimeSteps), Weighted Ensemble",DEEP_LEARNING,04_08,NEG,AVERAGE,168.0,recency,0.95,15.850998899999993,243,13,230,1.348736484847248,0.6913546971193416,3.8322295429208846,2.851403923076923,1.0449071378447692,0.5692649582608695,2.841347873343032
lstm_features_4_ts168_recency,lstm_features_4,"LSTM with Feature 4 (168 TimeSteps), Weighted Ensemble",DEEP_LEARNING,04_08,NEG,MARGINAL,168.0,recency,0.95,23.936002999999996,243,13,230,4.571818121393382,1.7195495744855969,17.687229527621707,10.367849538461538,2.0977984718078693,1.23073262,3.8687517871404427
lstm_features_4_ts168_recency,lstm_features_4,"LSTM with Feature 4 (168 TimeSteps), Weighted Ensemble",DEEP_LEARNING,04_08,POS,AVERAGE,168.0,recency,0.95,17.267000599999992,243,13,230,3.9000921793096905,1.8538967921810696,14.759380180241026,9.890415923076922,1.9385043268108109,1.3996587543478258,3.7843670102313864
lstm_features_4_ts168_recency,lstm_features_4,"LSTM with Feature 4 (168 TimeSteps), Weighted Ensemble",DEEP_LEARNING,04_08,POS,MARGINAL,168.0,recency,0.95,28.057999999999993,243,13,230,20.436290273746216,4.916474371193416,86.8762636131854,43.089554230769224,3.827639177655295,2.758865509565217,4.251077981838626
lstm_features_4_ts168_recency,lstm_features_4,"LSTM with Feature 4 (168 TimeSteps), Weighted Ensemble",DEEP_LEARNING,08_12,NEG,AVERAGE,168.0,recency,0.95,30.666997199999983,243,13,230,4.379308168287907,2.3009823353909464,14.287895196095388,10.89807069230769,2.9536015518483243,1.8150599500000002,3.2625918631529527
lstm_features_4_ts168_recency,lstm_features_4,"LSTM with Feature 4 (168 TimeSteps), Weighted Ensemble",DEEP_LEARNING,08_12,NEG,MARGINAL,168.0,recency,0.95,38.971993299999994,243,13,230,16.410826363998655,4.951950015226338,68.8141894949482,46.264885461538455,4.109106613828893,2.6168710552173913,4.1932190353259555
lstm_features_4_ts168_recency,lstm_features_4,"LSTM with Feature 4 (168 TimeSteps), Weighted Ensemble",DEEP_LEARNING,08_12,POS,AVERAGE,168.0,recency,0.95,40.626993999999996,243,13,230,7.005941249838765,3.543256174897119,26.189332799239438,22.44262792307692,3.618049995673024,2.475030815217391,3.738160493401534
lstm_features_4_ts168_recency,lstm_features_4,"LSTM with Feature 4 (168 TimeSteps), Weighted Ensemble",DEEP_LEARNING,08_12,POS,MARGINAL,168.0,recency,0.95,65.84398649999996,243,13,230,16.21969030378677,7.4841994921810695,60.4524772324828,53.988112,8.44921243223638,4.855717480869565,3.7271042849917495
lstm_features_4_ts168_recency,lstm_features_4,"LSTM with Feature 4 (168 TimeSteps), Weighted Ensemble",DEEP_LEARNING,12_16,NEG,AVERAGE,168.0,recency,0.95,63.1119874,243,13,230,5.356126484148987,3.4577709469135804,9.6542424698652,8.268390153846154,5.004149983190386,3.185866383043478,1.8024672304577067
lstm_features_4_ts168_recency,lstm_features_4,"LSTM with Feature 4 (168 TimeSteps), Weighted Ensemble",DEEP_LEARNING,12_16,NEG,MARGINAL,168.0,recency,0.95,80.81896099999997,243,13,230,26.58956657164344,7.29211207366255,108.160894889743,49.061880384615385,9.259096087007144,4.9312121256521735,4.067794583951273
lstm_features_4_ts168_recency,lstm_features_4,"LSTM with Feature 4 (168 TimeSteps), Weighted Ensemble",DEEP_LEARNING,12_16,POS,AVERAGE,168.0,recency,0.95,28.66400339999996,243,13,230,15.4401716668618,3.0270051934156377,66.23835697302613,38.15466946153846,1.9706253912498146,1.0415285173913043,4.290001329142541
lstm_features_4_ts168_recency,lstm_features_4,"LSTM with Feature 4 (168 TimeSteps), Weighted Ensemble",DEEP_LEARNING,12_16,POS,MARGINAL,168.0,recency,0.95,49.48499509999998,243,13,230,92.99858393989933,12.424516716460905,401.6637503980901,190.9317835384615,4.3258617702242335,2.3349755482608696,4.319030821562474
lstm_features_4_ts168_recency,lstm_features_4,"LSTM with Feature 4 (168 TimeSteps), Weighted Ensemble",DEEP_LEARNING,16_20,NEG,AVERAGE,168.0,recency,0.95,21.622996099999995,243,13,230,1.7592162575933479,0.9744794606172841,5.346478696797598,4.87256776923077,1.2861194065859076,0.7541527301304347,3.0391253342051963
lstm_features_4_ts168_recency,lstm_features_4,"LSTM with Feature 4 (168 TimeSteps), Weighted Ensemble",DEEP_LEARNING,16_20,NEG,MARGINAL,168.0,recency,0.95,26.906999899999995,243,13,230,4.360627250403871,1.9528981238683127,16.000633881772977,11.160560384615385,2.3704689630328004,1.4324650395652176,3.6693422672830005
lstm_features_4_ts168_recency,lstm_features_4,"LSTM with Feature 4 (168 TimeSteps), Weighted Ensemble",DEEP_LEARNING,16_20,POS,AVERAGE,168.0,recency,0.95,68.41501239999997,243,13,230,15.937543278394658,6.592827024279834,61.683789280810146,55.482164230769236,7.300898174914694,3.8295166604347814,3.8703448959056486
lstm_features_4_ts168_recency,lstm_features_4,"LSTM with Feature 4 (168 TimeSteps), Weighted Ensemble",DEEP_LEARNING,16_20,POS,MARGINAL,168.0,recency,0.95,110.30499099999996,243,13,230,31.72834962072026,12.80167490329218,124.84634256392759,114.40125915384615,13.51316667991661,7.059089706521739,3.9348514516619058
lstm_features_4_ts168_recency,lstm_features_4,"LSTM with Feature 4 (168 TimeSteps), Weighted Ensemble",DEEP_LEARNING,20_24,NEG,AVERAGE,168.0,recency,0.95,5.679999999999998,243,13,230,0.4971643540827781,0.3278607688065843,1.22170171741814,0.9714946076923076,0.4204535638703344,0.2914814648695652,2.4573397255562814
lstm_features_4_ts168_recency,lstm_features_4,"LSTM with Feature 4 (168 TimeSteps), Weighted Ensemble",DEEP_LEARNING,20_24,NEG,MARGINAL,168.0,recency,0.95,8.973000049999994,243,13,230,1.5043217696636308,0.8058770112757201,5.094237796698492,4.201872953846155,0.9612915797150491,0.6139294145217392,3.386401699044462
lstm_features_4_ts168_recency,lstm_features_4,"LSTM with Feature 4 (168 TimeSteps), Weighted Ensemble",DEEP_LEARNING,20_24,POS,AVERAGE,168.0,recency,0.95,30.47800149999999,243,13,230,2.596253745692669,1.7124660152263373,5.829816551416599,5.303020615384616,2.2804669145483447,1.5095216247826087,2.2454725625677354
lstm_features_4_ts168_recency,lstm_features_4,"LSTM with Feature 4 (168 TimeSteps), Weighted Ensemble",DEEP_LEARNING,20_24,POS,MARGINAL,168.0,recency,0.95,37.204999599999994,243,13,230,5.715866620742832,3.4451189958847737,18.478869557411368,13.303334230769227,3.9009434903288334,2.8879155260869567,3.232907760715008
lstm_features_4_ts168_single,lstm_features_4,"LSTM with Feature 4 (168 TimeSteps), Single",DEEP_LEARNING,00_04,NEG,AVERAGE,168.0,single,0.95,21.354999699999993,243,13,230,2.962153586579697,1.4806303617283953,10.015774971768256,8.083726,1.8974390782704993,1.1074119126086954,3.3812476899056225
lstm_features_4_ts168_single,lstm_features_4,"LSTM with Feature 4 (168 TimeSteps), Single",DEEP_LEARNING,00_04,NEG,MARGINAL,168.0,single,0.95,30.95700019999999,243,13,230,6.260001854156777,3.004931633333334,20.906909322286403,16.85284353846154,4.0861948359979055,2.222223569130435,3.339760883362001
lstm_features_4_ts168_single,lstm_features_4,"LSTM with Feature 4 (168 TimeSteps), Single",DEEP_LEARNING,00_04,POS,AVERAGE,168.0,single,0.95,6.615998999999995,243,13,230,1.0217287498525458,0.5735789790123458,2.9622313930325834,1.7291610230769239,0.7790805879078233,0.508263472173913,2.8992346485895477
lstm_features_4_ts168_single,lstm_features_4,"LSTM with Feature 4 (168 TimeSteps), Single",DEEP_LEARNING,00_04,POS,MARGINAL,168.0,single,0.95,8.348998999999997,243,13,230,2.3015677711086577,1.2675797600823044,6.082066456038448,4.289362061538462,1.8723771579056703,1.0967833691304347,2.6425754359206794
lstm_features_4_ts168_single,lstm_features_4,"LSTM with Feature 4 (168 TimeSteps), Single",DEEP_LEARNING,04_08,NEG,AVERAGE,168.0,single,0.95,15.850998899999993,243,13,230,1.2027164489071998,0.6079944720164608,3.25561568647475,2.294508923076923,0.9639560486291727,0.512669742173913,2.706885475319503
lstm_features_4_ts168_single,lstm_features_4,"LSTM with Feature 4 (168 TimeSteps), Single",DEEP_LEARNING,04_08,NEG,MARGINAL,168.0,single,0.95,23.936002999999996,243,13,230,4.514998319482173,1.8281005847736624,17.3282579274362,9.556743615384615,2.136754132323543,1.3912642395652175,3.837932309446261
lstm_features_4_ts168_single,lstm_features_4,"LSTM with Feature 4 (168 TimeSteps), Single",DEEP_LEARNING,04_08,POS,AVERAGE,168.0,single,0.95,17.267000599999992,243,13,230,3.79951426370343,1.6264436823045265,14.55967698849085,9.104456753846154,1.8084685779643161,1.2037733782608697,3.831983768972449
lstm_features_4_ts168_single,lstm_features_4,"LSTM with Feature 4 (168 TimeSteps), Single",DEEP_LEARNING,04_08,POS,MARGINAL,168.0,single,0.95,28.057999999999993,243,13,230,20.499902669150927,4.999920959259259,87.13199422762698,44.06730730769231,3.8583522389581173,2.791764339565217,4.250361361897912
lstm_features_4_ts168_single,lstm_features_4,"LSTM with Feature 4 (168 TimeSteps), Single",DEEP_LEARNING,08_12,NEG,AVERAGE,168.0,single,0.95,30.666997199999983,243,13,230,3.801947603502348,1.8958344522633745,12.50554869663888,9.033247000000001,2.536227967083493,1.4924154821739128,3.2892480383261433
lstm_features_4_ts168_single,lstm_features_4,"LSTM with Feature 4 (168 TimeSteps), Single",DEEP_LEARNING,08_12,NEG,MARGINAL,168.0,single,0.95,38.971993299999994,243,13,230,15.522377455285403,4.45152767325103,65.11305953178162,43.186982461538456,3.863544369783825,2.2621324026086955,4.194786508661434
lstm_features_4_ts168_single,lstm_features_4,"LSTM with Feature 4 (168 TimeSteps), Single",DEEP_LEARNING,08_12,POS,AVERAGE,168.0,single,0.95,40.626993999999996,243,13,230,7.010168515568705,3.168241998765432,26.71040401684229,22.931793000000003,3.405126914695792,2.0511717247826087,3.8102370802530396
lstm_features_4_ts168_single,lstm_features_4,"LSTM with Feature 4 (168 TimeSteps), Single",DEEP_LEARNING,08_12,POS,MARGINAL,168.0,single,0.95,65.84398649999996,243,13,230,15.124449213991557,7.255584425102881,53.630495872306525,47.17404446153846,8.894308664104269,4.999323640434781,3.54594703671544
lstm_features_4_ts168_single,lstm_features_4,"LSTM with Feature 4 (168 TimeSteps), Single",DEEP_LEARNING,12_16,NEG,AVERAGE,168.0,single,0.95,63.1119874,243,13,230,4.9879065705620205,2.6157549757201646,13.213928221266844,11.460889923076921,4.051701638221871,2.115812565652174,2.649193210485084
lstm_features_4_ts168_single,lstm_features_4,"LSTM with Feature 4 (168 TimeSteps), Single",DEEP_LEARNING,12_16,NEG,MARGINAL,168.0,single,0.95,80.81896099999997,243,13,230,26.940907856024594,7.126322502057612,108.76342189105851,50.47606538461538,9.910288061244247,4.676119643478261,4.037110496509737
lstm_features_4_ts168_single,lstm_features_4,"LSTM with Feature 4 (168 TimeSteps), Single",DEEP_LEARNING,12_16,POS,AVERAGE,168.0,single,0.95,28.66400339999996,243,13,230,15.436012805820019,3.116485226748971,66.05464415311027,39.04178623076923,2.263050280376196,1.0859247352173913,4.279255594307678
lstm_features_4_ts168_single,lstm_features_4,"LSTM with Feature 4 (168 TimeSteps), Single",DEEP_LEARNING,12_16,POS,MARGINAL,168.0,single,0.95,49.48499509999998,243,13,230,92.28520806203194,12.1478497345679,398.5606517894203,186.38264692307695,4.40665423770911,2.2997959804347827,4.318792362926866
lstm_features_4_ts168_single,lstm_features_4,"LSTM with Feature 4 (168 TimeSteps), Single",DEEP_LEARNING,16_20,NEG,AVERAGE,168.0,single,0.95,21.622996099999995,243,13,230,1.3472747642830134,0.6760288946502058,3.9419373141471956,2.682217538461539,1.0195394747512387,0.5626356234782608,2.925859979456379
lstm_features_4_ts168_single,lstm_features_4,"LSTM with Feature 4 (168 TimeSteps), Single",DEEP_LEARNING,16_20,NEG,MARGINAL,168.0,single,0.95,26.906999899999995,243,13,230,3.924261232263348,1.5636999459670782,14.334076077568644,9.342937000000001,2.158001481101269,1.1240039385652174,3.652681416752002
lstm_features_4_ts168_single,lstm_features_4,"LSTM with Feature 4 (168 TimeSteps), Single",DEEP_LEARNING,16_20,POS,AVERAGE,168.0,single,0.95,68.41501239999997,243,13,230,16.91359377161836,7.038833656378599,63.83592728180701,57.048269307692294,8.48005153616071,4.2122133804347826,3.7742379380617543
lstm_features_4_ts168_single,lstm_features_4,"LSTM with Feature 4 (168 TimeSteps), Single",DEEP_LEARNING,16_20,POS,MARGINAL,168.0,single,0.95,110.30499099999996,243,13,230,29.027878008037778,13.11688066872428,114.45236546874295,101.34625730769228,12.241168955752661,8.13000285869565,3.942842995173511
lstm_features_4_ts168_single,lstm_features_4,"LSTM with Feature 4 (168 TimeSteps), Single",DEEP_LEARNING,20_24,NEG,AVERAGE,168.0,single,0.95,5.679999999999998,243,13,230,0.5100853079112134,0.3014559562962963,1.4757887291072334,1.1453762769230769,0.38960439991049534,0.25375611208695653,2.893219440392336
lstm_features_4_ts168_single,lstm_features_4,"LSTM with Feature 4 (168 TimeSteps), Single",DEEP_LEARNING,20_24,NEG,MARGINAL,168.0,single,0.95,8.973000049999994,243,13,230,1.5465899810142398,0.7980267965020575,5.265918761119839,4.241859784615385,0.9796912849475695,0.6033753667391305,3.404857671240374
lstm_features_4_ts168_single,lstm_features_4,"LSTM with Feature 4 (168 TimeSteps), Single",DEEP_LEARNING,20_24,POS,AVERAGE,168.0,single,0.95,30.47800149999999,243,13,230,2.0416281052235696,1.3089326604938274,3.1236039137673974,2.6532685384615395,1.9627441907763878,1.2329484586956523,1.529957344227168
lstm_features_4_ts168_single,lstm_features_4,"LSTM with Feature 4 (168 TimeSteps), Single",DEEP_LEARNING,20_24,POS,MARGINAL,168.0,single,0.95,37.204999599999994,243,13,230,5.086223900798518,2.968517028395062,14.65958673789674,8.387399692307689,3.896813298984747,2.6622323560869563,2.882214197372483
lstm_features_4_ts42_ensemble,lstm_features_4,"LSTM with Feature 4 (42 TimeSteps), Ensemble",DEEP_LEARNING,00_04,NEG,AVERAGE,42.0,ensemble,0.95,21.354999699999993,243,13,230,2.7321407224300702,1.4644472139917695,9.134203038625767,6.897743807692308,1.780642817903898,1.1573478413043479,3.3432403256672147
lstm_features_4_ts42_ensemble,lstm_features_4,"LSTM with Feature 4 (42 TimeSteps), Ensemble",DEEP_LEARNING,00_04,NEG,MARGINAL,42.0,ensemble,0.95,30.95700019999999,243,13,230,6.89575732704287,3.3236985201646094,23.09599519395385,18.348976692307694,4.482081267613578,2.474443666956522,3.349305101468555
lstm_features_4_ts42_ensemble,lstm_features_4,"LSTM with Feature 4 (42 TimeSteps), Ensemble",DEEP_LEARNING,00_04,POS,AVERAGE,42.0,ensemble,0.95,6.615998999999995,243,13,230,1.914598404532249,1.594541513168724,3.167244103904694,2.561364784615385,1.8182089796262944,1.5398949804347823,1.6542602858161661
lstm_features_4_ts42_ensemble,lstm_features_4,"LSTM with Feature 4 (42 TimeSteps), Ensemble",DEEP_LEARNING,00_04,POS,MARGINAL,42.0,ensemble,0.95,8.348998999999997,243,13,230,4.688734546919249,4.0028328707818925,6.177033917435729,5.07925,4.590227600251395,3.941991902608695,1.317420266731537
lstm_features_4_ts42_ensemble,lstm_features_4,"LSTM with Feature 4 (42 TimeSteps), Ensemble",DEEP_LEARNING,04_08,NEG,AVERAGE,42.0,ensemble,0.95,15.850998899999993,243,13,230,1.4669379848267885,0.8681655897119342,3.721619783924312,2.441910538461538,1.220936051922542,0.7792147882608697,2.5369987159775875
lstm_features_4_ts42_ensemble,lstm_features_4,"LSTM with Feature 4 (42 TimeSteps), Ensemble",DEEP_LEARNING,04_08,NEG,MARGINAL,42.0,ensemble,0.95,23.936002999999996,243,13,230,4.988614737324374,2.0289341679012343,18.973187761834062,11.762034269230771,2.4384610349694684,1.4788024230434782,3.8032978614039585
lstm_features_4_ts42_ensemble,lstm_features_4,"LSTM with Feature 4 (42 TimeSteps), Ensemble",DEEP_LEARNING,04_08,POS,AVERAGE,42.0,ensemble,0.95,17.267000599999992,243,13,230,3.927385804742775,1.8304259909465024,14.865167455078529,9.865734361538461,1.9509949021960697,1.3762563873913045,3.785003102350452
lstm_features_4_ts42_ensemble,lstm_features_4,"LSTM with Feature 4 (42 TimeSteps), Ensemble",DEEP_LEARNING,04_08,POS,MARGINAL,42.0,ensemble,0.95,28.057999999999993,243,13,230,20.493310156222776,4.796419044444445,87.21506031940878,42.4921581923077,3.712518339545627,2.6657903099999998,4.255781992004157
lstm_features_4_ts42_ensemble,lstm_features_4,"LSTM with Feature 4 (42 TimeSteps), Ensemble",DEEP_LEARNING,08_12,NEG,AVERAGE,42.0,ensemble,0.95,30.666997199999983,243,13,230,5.8527170680239475,3.347758355843622,18.135724753258035,14.566030615384618,4.195253803691462,2.7136820976956524,3.098684686526492
lstm_features_4_ts42_ensemble,lstm_features_4,"LSTM with Feature 4 (42 TimeSteps), Ensemble",DEEP_LEARNING,08_12,NEG,MARGINAL,42.0,ensemble,0.95,38.971993299999994,243,13,230,18.557105592502786,6.384121227572016,76.84244246262087,53.71605257692309,5.484795699873188,3.7088381513043482,4.140863567304688
lstm_features_4_ts42_ensemble,lstm_features_4,"LSTM with Feature 4 (42 TimeSteps), Ensemble",DEEP_LEARNING,08_12,POS,AVERAGE,42.0,ensemble,0.95,40.626993999999996,243,13,230,7.479359392630828,3.4757575000000003,28.43764263551073,25.098652615384612,3.6597248470577743,2.2535938630434784,3.802149508088811
lstm_features_4_ts42_ensemble,lstm_features_4,"LSTM with Feature 4 (42 TimeSteps), Ensemble",DEEP_LEARNING,08_12,POS,MARGINAL,42.0,ensemble,0.95,65.84398649999996,243,13,230,17.142120595125046,7.38572186090535,64.98424398900893,59.75027723076922,8.471880076302634,4.425986122608696,3.790910443570759
lstm_features_4_ts42_ensemble,lstm_features_4,"LSTM with Feature 4 (42 TimeSteps), Ensemble",DEEP_LEARNING,12_16,NEG,AVERAGE,42.0,ensemble,0.95,63.1119874,243,13,230,10.522171319527903,7.450608763497942,17.682782448355425,15.677828153846152,9.964973299539952,6.985592015347826,1.6805259970951316
lstm_features_4_ts42_ensemble,lstm_features_4,"LSTM with Feature 4 (42 TimeSteps), Ensemble",DEEP_LEARNING,12_16,NEG,MARGINAL,42.0,ensemble,0.95,80.81896099999997,243,13,230,28.356547803397085,11.169276775144032,111.22972756916967,56.145755538461536,12.257759631431608,8.627127975478261,3.9225412183581976
lstm_features_4_ts42_ensemble,lstm_features_4,"LSTM with Feature 4 (42 TimeSteps), Ensemble",DEEP_LEARNING,12_16,POS,AVERAGE,42.0,ensemble,0.95,28.66400339999996,243,13,230,15.419479297244107,3.0644957139917697,66.12073796862194,37.55248032307692,2.022038568043579,1.1151748447826086,4.288130402719862
lstm_features_4_ts42_ensemble,lstm_features_4,"LSTM with Feature 4 (42 TimeSteps), Ensemble",DEEP_LEARNING,12_16,POS,MARGINAL,42.0,ensemble,0.95,49.48499509999998,243,13,230,92.96566824266408,12.410891782304525,401.57150382811136,193.45459615384618,4.053884192492947,2.177986752608695,4.319567765380952
lstm_features_4_ts42_ensemble,lstm_features_4,"LSTM with Feature 4 (42 TimeSteps), Ensemble",DEEP_LEARNING,16_20,NEG,AVERAGE,42.0,ensemble,0.95,21.622996099999995,243,13,230,2.642203974113816,1.6941026319341561,7.232335647772716,6.84190676923077,2.1022296045259012,1.403139789391304,2.7372359282740124
lstm_features_4_ts42_ensemble,lstm_features_4,"LSTM with Feature 4 (42 TimeSteps), Ensemble",DEEP_LEARNING,16_20,NEG,MARGINAL,42.0,ensemble,0.95,26.906999899999995,243,13,230,5.889703967046205,3.3034288016049382,19.76830363227473,15.862932307692308,3.81593748504781,2.5935438208260866,3.3564171888572694
lstm_features_4_ts42_ensemble,lstm_features_4,"LSTM with Feature 4 (42 TimeSteps), Ensemble",DEEP_LEARNING,16_20,POS,AVERAGE,42.0,ensemble,0.95,68.41501239999997,243,13,230,18.28424160567286,6.9127186213991765,74.14515913037432,65.81364746153845,6.517741087718021,3.5835356869565214,4.055139979520402
lstm_features_4_ts42_ensemble,lstm_features_4,"LSTM with Feature 4 (42 TimeSteps), Ensemble",DEEP_LEARNING,16_20,POS,MARGINAL,42.0,ensemble,0.95,110.30499099999996,243,13,230,35.88562252980385,14.61938856831276,143.23257959940216,130.97902753846154,14.177078345349734,8.042539409130434,3.9913639363632094
lstm_features_4_ts42_ensemble,lstm_features_4,"LSTM with Feature 4 (42 TimeSteps), Ensemble",DEEP_LEARNING,20_24,NEG,AVERAGE,42.0,ensemble,0.95,5.679999999999998,243,13,230,0.8493396811975945,0.6516228218106995,1.515965421366006,1.2489395615384615,0.7951452237927679,0.6178614408695652,1.7848753036340528
lstm_features_4_ts42_ensemble,lstm_features_4,"LSTM with Feature 4 (42 TimeSteps), Ensemble",DEEP_LEARNING,20_24,NEG,MARGINAL,42.0,ensemble,0.95,8.973000049999994,243,13,230,1.9247897495710713,1.3403526630041154,4.705531076934143,4.162631561538462,1.6317820222145256,1.180832551347826,2.4446987407236267
lstm_features_4_ts42_ensemble,lstm_features_4,"LSTM with Feature 4 (42 TimeSteps), Ensemble",DEEP_LEARNING,20_24,POS,AVERAGE,42.0,ensemble,0.95,30.47800149999999,243,13,230,3.433853565590532,2.470536488477366,8.115546046014128,7.953604461538462,2.9555334883582196,2.1606239508695655,2.3633931648504847
lstm_features_4_ts42_ensemble,lstm_features_4,"LSTM with Feature 4 (42 TimeSteps), Ensemble",DEEP_LEARNING,20_24,POS,MARGINAL,42.0,ensemble,0.95,37.204999599999994,243,13,230,7.487474687438528,5.042363064609054,22.69292080195545,18.25002330769231,5.488541759917835,4.295843137826087,3.0307843096987774
lstm_features_4_ts42_recency,lstm_features_4,"LSTM with Feature 4 (42 TimeSteps), Weighted Ensemble",DEEP_LEARNING,00_04,NEG,AVERAGE,42.0,recency,0.95,21.354999699999993,243,13,230,2.8568189397489947,1.388551387654321,9.775041955997557,8.096697615384615,1.7949868890231113,1.009395296521739,3.42165260107678
lstm_features_4_ts42_recency,lstm_features_4,"LSTM with Feature 4 (42 TimeSteps), Weighted Ensemble",DEEP_LEARNING,00_04,NEG,MARGINAL,42.0,recency,0.95,30.95700019999999,243,13,230,6.975042438227921,3.4293029168724276,22.54311032179059,17.855237769230772,4.762056568843504,2.613923990434782,3.2319674785402297
lstm_features_4_ts42_recency,lstm_features_4,"LSTM with Feature 4 (42 TimeSteps), Weighted Ensemble",DEEP_LEARNING,00_04,POS,AVERAGE,42.0,recency,0.95,6.615998999999995,243,13,230,1.139618645703184,0.6995586255144032,2.882135545189739,1.6537503153846154,0.9500672307884535,0.6456260517391303,2.529035090867052
lstm_features_4_ts42_recency,lstm_features_4,"LSTM with Feature 4 (42 TimeSteps), Weighted Ensemble",DEEP_LEARNING,00_04,POS,MARGINAL,42.0,recency,0.95,8.348998999999997,243,13,230,2.9863024278487353,2.2704868172839507,5.90005727865415,4.520795430769231,2.7302936183252844,2.143295460869565,1.9757065539086802
lstm_features_4_ts42_recency,lstm_features_4,"LSTM with Feature 4 (42 TimeSteps), Weighted Ensemble",DEEP_LEARNING,04_08,NEG,AVERAGE,42.0,recency,0.95,15.850998899999993,243,13,230,1.375540552218694,0.6758250395061729,4.098899498712372,3.0061966923076917,1.0244202341618738,0.5441083808695653,2.97984635356697
lstm_features_4_ts42_recency,lstm_features_4,"LSTM with Feature 4 (42 TimeSteps), Weighted Ensemble",DEEP_LEARNING,04_08,NEG,MARGINAL,42.0,recency,0.95,23.936002999999996,243,13,230,5.095838696088253,2.117502474074074,18.595949032437993,11.664173384615385,2.8088360846507707,1.5779080313043479,3.649242085844064
lstm_features_4_ts42_recency,lstm_features_4,"LSTM with Feature 4 (42 TimeSteps), Weighted Ensemble",DEEP_LEARNING,04_08,POS,AVERAGE,42.0,recency,0.95,17.267000599999992,243,13,230,3.899363369932025,1.754119600411523,14.959410876719037,10.029669746153845,1.8481856799434395,1.2863711139130436,3.836372622277522
lstm_features_4_ts42_recency,lstm_features_4,"LSTM with Feature 4 (42 TimeSteps), Weighted Ensemble",DEEP_LEARNING,04_08,POS,MARGINAL,42.0,recency,0.95,28.057999999999993,243,13,230,20.518000178417726,4.641849788888888,87.42654658188161,43.58536984615384,3.5728145628364496,2.440694307391305,4.260968214331287
lstm_features_4_ts42_recency,lstm_features_4,"LSTM with Feature 4 (42 TimeSteps), Weighted Ensemble",DEEP_LEARNING,08_12,NEG,AVERAGE,42.0,recency,0.95,30.666997199999983,243,13,230,4.147383406055262,2.0883843353909466,13.658820805071679,9.686361692307695,2.761905249911272,1.6589334413043477,3.2933585993350722
lstm_features_4_ts42_recency,lstm_features_4,"LSTM with Feature 4 (42 TimeSteps), Weighted Ensemble",DEEP_LEARNING,08_12,NEG,MARGINAL,42.0,recency,0.95,38.971993299999994,243,13,230,17.440931463309187,5.275566955555557,72.82355288457966,48.626703000000006,4.650718426631344,2.8252853530434785,4.175439427520251
lstm_features_4_ts42_recency,lstm_features_4,"LSTM with Feature 4 (42 TimeSteps), Weighted Ensemble",DEEP_LEARNING,08_12,POS,AVERAGE,42.0,recency,0.95,40.626993999999996,243,13,230,6.9956772227968225,3.5498615773662556,26.21363195618654,22.420736384615388,3.58698732037577,2.483246914347826,3.747118559267449
lstm_features_4_ts42_recency,lstm_features_4,"LSTM with Feature 4 (42 TimeSteps), Weighted Ensemble",DEEP_LEARNING,08_12,POS,MARGINAL,42.0,recency,0.95,65.84398649999996,243,13,230,16.01772813818152,7.151203949794239,60.184445482522854,53.85476915384615,8.144817813562359,4.511437220869564,3.7573646501753863
lstm_features_4_ts42_recency,lstm_features_4,"LSTM with Feature 4 (42 TimeSteps), Weighted Ensemble",DEEP_LEARNING,12_16,NEG,AVERAGE,42.0,recency,0.95,63.1119874,243,13,230,5.470454559022353,3.515134988888889,10.981346462421188,9.945399153846154,4.98009845692149,3.151685275217391,2.007391953253645
lstm_features_4_ts42_recency,lstm_features_4,"LSTM with Feature 4 (42 TimeSteps), Weighted Ensemble",DEEP_LEARNING,12_16,NEG,MARGINAL,42.0,recency,0.95,80.81896099999997,243,13,230,26.779938455516664,8.424723243786008,109.14992097866984,49.179546200000004,9.182438803900737,6.121189772347826,4.075809254004651
lstm_features_4_ts42_recency,lstm_features_4,"LSTM with Feature 4 (42 TimeSteps), Weighted Ensemble",DEEP_LEARNING,12_16,POS,AVERAGE,42.0,recency,0.95,28.66400339999996,243,13,230,15.382350522592363,3.0338030921810706,65.86792164558959,37.86598526923078,2.1832162373247193,1.065027577826087,4.282045292677999
lstm_features_4_ts42_recency,lstm_features_4,"LSTM with Feature 4 (42 TimeSteps), Weighted Ensemble",DEEP_LEARNING,12_16,POS,MARGINAL,42.0,recency,0.95,49.48499509999998,243,13,230,92.84148525416423,11.96097890493827,401.06079092771694,189.99113026923078,3.901895919347915,1.898405132173913,4.319844623658992
lstm_features_4_ts42_recency,lstm_features_4,"LSTM with Feature 4 (42 TimeSteps), Weighted Ensemble",DEEP_LEARNING,16_20,NEG,AVERAGE,42.0,recency,0.95,21.622996099999995,243,13,230,1.5695805825965488,0.8533550901234568,4.744227035369659,4.065777923076923,1.1535403853740704,0.6717833647826086,3.0226081336463206
lstm_features_4_ts42_recency,lstm_features_4,"LSTM with Feature 4 (42 TimeSteps), Weighted Ensemble",DEEP_LEARNING,16_20,NEG,MARGINAL,42.0,recency,0.95,26.906999899999995,243,13,230,4.689789650162988,2.3480614410288063,16.75560463002214,12.409455692307692,2.7145494679640425,1.7793739398695652,3.572783830387749
lstm_features_4_ts42_recency,lstm_features_4,"LSTM with Feature 4 (42 TimeSteps), Weighted Ensemble",DEEP_LEARNING,16_20,POS,AVERAGE,42.0,recency,0.95,68.41501239999997,243,13,230,16.71257497594722,6.4933963106995884,65.63858768507859,59.10619923076923,7.181756758737628,3.5196291891304337,3.9274969763513887
lstm_features_4_ts42_recency,lstm_features_4,"LSTM with Feature 4 (42 TimeSteps), Weighted Ensemble",DEEP_LEARNING,16_20,POS,MARGINAL,42.0,recency,0.95,110.30499099999996,243,13,230,31.970753786386393,12.474157366255142,128.03698310057356,116.00911053846153,12.382012408309414,6.622181752173913,4.004815900058433
lstm_features_4_ts42_recency,lstm_features_4,"LSTM with Feature 4 (42 TimeSteps), Weighted Ensemble",DEEP_LEARNING,20_24,NEG,AVERAGE,42.0,recency,0.95,5.679999999999998,243,13,230,0.4965056898883897,0.3059447158436214,1.377461574333483,1.1344453076923076,0.3914168503420953,0.25911642152173914,2.774311759937987
lstm_features_4_ts42_recency,lstm_features_4,"LSTM with Feature 4 (42 TimeSteps), Weighted Ensemble",DEEP_LEARNING,20_24,NEG,MARGINAL,42.0,recency,0.95,8.973000049999994,243,13,230,1.63900562114331,1.0000604083127573,4.772649097208282,4.129139792307693,1.2452765508910357,0.8231993996521739,2.9119174672988963
lstm_features_4_ts42_recency,lstm_features_4,"LSTM with Feature 4 (42 TimeSteps), Weighted Ensemble",DEEP_LEARNING,20_24,POS,AVERAGE,42.0,recency,0.95,30.47800149999999,243,13,230,2.0586917401460867,1.3328390135802468,4.3239049914101955,3.7772578461538453,1.8496009341596347,1.1946762100000001,2.1003168697336725
lstm_features_4_ts42_recency,lstm_features_4,"LSTM with Feature 4 (42 TimeSteps), Weighted Ensemble",DEEP_LEARNING,20_24,POS,MARGINAL,42.0,recency,0.95,37.204999599999994,243,13,230,5.813063371402512,3.6447911967078186,18.134388617909337,13.402003076923078,4.136925892167694,3.093296612173913,3.119592452255354
lstm_features_4_ts42_single,lstm_features_4,"LSTM with Feature 4 (42 TimeSteps), Single",DEEP_LEARNING,00_04,NEG,AVERAGE,42.0,single,0.95,21.354999699999993,243,13,230,2.56417718496334,1.2517642098765434,8.622270255962022,6.801269846153847,1.6566861235498547,0.9380965,3.3625875413462483
lstm_features_4_ts42_single,lstm_features_4,"LSTM with Feature 4 (42 TimeSteps), Single",DEEP_LEARNING,00_04,NEG,MARGINAL,42.0,single,0.95,30.95700019999999,243,13,230,6.407614366873921,2.95790063909465,22.142511694460566,18.345688923076924,3.9580392058766805,2.0881560839130433,3.4556561032968687
lstm_features_4_ts42_single,lstm_features_4,"LSTM with Feature 4 (42 TimeSteps), Single",DEEP_LEARNING,00_04,POS,AVERAGE,42.0,single,0.95,6.615998999999995,243,13,230,0.9117907768153123,0.5004400654320987,2.6055762247962186,1.393959923076923,0.7032956926674838,0.4499367691304348,2.8576470513300563
lstm_features_4_ts42_single,lstm_features_4,"LSTM with Feature 4 (42 TimeSteps), Single",DEEP_LEARNING,00_04,POS,MARGINAL,42.0,single,0.95,8.348998999999997,243,13,230,2.2104632494690875,1.1579580522633743,6.697835563029613,4.4831853769230765,1.6207095787508448,0.9700104208695652,3.030059678503277
lstm_features_4_ts42_single,lstm_features_4,"LSTM with Feature 4 (42 TimeSteps), Single",DEEP_LEARNING,04_08,NEG,AVERAGE,42.0,single,0.95,15.850998899999993,243,13,230,1.4170612370324107,0.7251715032921812,4.223381280004137,3.6463720000000004,1.0551712345205144,0.5600601708695654,2.9803802190289823
lstm_features_4_ts42_single,lstm_features_4,"LSTM with Feature 4 (42 TimeSteps), Single",DEEP_LEARNING,04_08,NEG,MARGINAL,42.0,single,0.95,23.936002999999996,243,13,230,4.73029548247727,1.8535180843621397,18.340034760011275,11.765513392307692,2.1514955318749585,1.2932748713043478,3.8771435797085863
lstm_features_4_ts42_single,lstm_features_4,"LSTM with Feature 4 (42 TimeSteps), Single",DEEP_LEARNING,04_08,POS,AVERAGE,42.0,single,0.95,17.267000599999992,243,13,230,3.820356486925436,1.5602490625514405,14.923496868697358,9.613724246153847,1.6828743419954248,1.1050526391304347,3.9063100314776014
lstm_features_4_ts42_single,lstm_features_4,"LSTM with Feature 4 (42 TimeSteps), Single",DEEP_LEARNING,04_08,POS,MARGINAL,42.0,single,0.95,28.057999999999993,243,13,230,20.92421609424197,4.987086013580247,88.83130571333285,47.23235062307692,4.068935168877301,2.5993101878260867,4.245382733252209
lstm_features_4_ts42_single,lstm_features_4,"LSTM with Feature 4 (42 TimeSteps), Single",DEEP_LEARNING,08_12,NEG,AVERAGE,42.0,single,0.95,30.666997199999983,243,13,230,3.6064560546460105,1.758218620576132,12.036991146038794,8.730510153846156,2.356329695279574,1.3641325773913044,3.337623130200675
lstm_features_4_ts42_single,lstm_features_4,"LSTM with Feature 4 (42 TimeSteps), Single",DEEP_LEARNING,08_12,NEG,MARGINAL,42.0,single,0.95,38.971993299999994,243,13,230,16.56135754720193,4.994722240740741,69.5979282139704,48.01535446153845,3.9996521876614928,2.563121289130435,4.202428938304584
lstm_features_4_ts42_single,lstm_features_4,"LSTM with Feature 4 (42 TimeSteps), Single",DEEP_LEARNING,08_12,POS,AVERAGE,42.0,single,0.95,40.626993999999996,243,13,230,7.170519622806648,3.2342988748971195,26.069057604208247,22.687692692307692,3.9888041777861356,2.134759224347826,3.6355883500119943
lstm_features_4_ts42_single,lstm_features_4,"LSTM with Feature 4 (42 TimeSteps), Single",DEEP_LEARNING,08_12,POS,MARGINAL,42.0,single,0.95,65.84398649999996,243,13,230,15.663706580137841,6.855468394650206,58.55913053871716,52.72522938461538,8.086819933776857,4.26282973,3.7385232058018953
lstm_features_4_ts42_single,lstm_features_4,"LSTM with Feature 4 (42 TimeSteps), Single",DEEP_LEARNING,12_16,NEG,AVERAGE,42.0,single,0.95,63.1119874,243,13,230,4.2523607396830805,2.4414276049382715,8.057887224739767,6.9584242307692294,3.928701996749499,2.1861191000000004,1.8949208964195978
lstm_features_4_ts42_single,lstm_features_4,"LSTM with Feature 4 (42 TimeSteps), Single",DEEP_LEARNING,12_16,NEG,MARGINAL,42.0,single,0.95,80.81896099999997,243,13,230,26.39776127406569,6.974364334156377,107.91652137062745,46.90082976923077,8.830499239193285,4.717651070434782,4.088093692878772
lstm_features_4_ts42_single,lstm_features_4,"LSTM with Feature 4 (42 TimeSteps), Single",DEEP_LEARNING,12_16,POS,AVERAGE,42.0,single,0.95,28.66400339999996,243,13,230,15.433228838427826,3.3432973823045273,65.67058300180733,38.20978907692308,2.8089260633858038,1.372582634347826,4.25514217985879
lstm_features_4_ts42_single,lstm_features_4,"LSTM with Feature 4 (42 TimeSteps), Single",DEEP_LEARNING,12_16,POS,MARGINAL,42.0,single,0.95,49.48499509999998,243,13,230,91.91608231127921,13.409535313168723,396.6495691491483,186.5825046153846,5.7860906568826325,3.6214979178260864,4.3153445966710295
lstm_features_4_ts42_single,lstm_features_4,"LSTM with Feature 4 (42 TimeSteps), Single",DEEP_LEARNING,16_20,NEG,AVERAGE,42.0,single,0.95,21.622996099999995,243,13,230,1.2820771762614922,0.7389941031687243,3.187368759438286,2.2090325384615386,1.0781491051174228,0.6559049742173912,2.486097419449101
lstm_features_4_ts42_single,lstm_features_4,"LSTM with Feature 4 (42 TimeSteps), Single",DEEP_LEARNING,16_20,NEG,MARGINAL,42.0,single,0.95,26.906999899999995,243,13,230,3.8432187767300534,1.4524370432921812,14.654684286452287,8.028385615384614,1.8618752789794997,1.0807529935652174,3.8131277811150297
lstm_features_4_ts42_single,lstm_features_4,"LSTM with Feature 4 (42 TimeSteps), Single",DEEP_LEARNING,16_20,POS,AVERAGE,42.0,single,0.95,68.41501239999997,243,13,230,16.924303688098213,6.9076033909465036,64.57125331265355,58.543663384615385,8.182744739278997,3.9890434782608697,3.8152974859498894
lstm_features_4_ts42_single,lstm_features_4,"LSTM with Feature 4 (42 TimeSteps), Single",DEEP_LEARNING,16_20,POS,MARGINAL,42.0,single,0.95,110.30499099999996,243,13,230,33.03009004262635,13.181801613168727,129.55764267949309,119.54754138461537,14.280182074980905,7.169825017391304,3.9224126398776074
lstm_features_4_ts42_single,lstm_features_4,"LSTM with Feature 4 (42 TimeSteps), Single",DEEP_LEARNING,20_24,NEG,AVERAGE,42.0,single,0.95,5.679999999999998,243,13,230,0.4936756233567367,0.3055067148559671,1.4205949940145361,1.067662476923077,0.37871478395753144,0.26242834569565215,2.8775878872755176
lstm_features_4_ts42_single,lstm_features_4,"LSTM with Feature 4 (42 TimeSteps), Single",DEEP_LEARNING,20_24,NEG,MARGINAL,42.0,single,0.95,8.973000049999994,243,13,230,1.5522137426047111,0.780581831893004,5.349197089338973,4.1537252538461535,0.9634527574797158,0.5899258993478261,3.4461729995784522
lstm_features_4_ts42_single,lstm_features_4,"LSTM with Feature 4 (42 TimeSteps), Single",DEEP_LEARNING,20_24,POS,AVERAGE,42.0,single,0.95,30.47800149999999,243,13,230,1.80624690942114,1.100678193415638,3.4048257768728787,2.766786461538462,1.6708334001494543,1.0065068565217394,1.8850278769274385
lstm_features_4_ts42_single,lstm_features_4,"LSTM with Feature 4 (42 TimeSteps), Single",DEEP_LEARNING,20_24,POS,MARGINAL,42.0,single,0.95,37.204999599999994,243,13,230,5.012478482078544,2.733451469547325,14.113119844702098,9.034500461538462,3.909864101291139,2.377305222173913,2.8155970933664247
lstm_ts168_ensemble,lstm,"LSTM (168 TimeSteps), Ensemble",DEEP_LEARNING,00_04,NEG,AVERAGE,168.0,ensemble,0.95,21.355004199999996,243,13,230,2.9619052841116438,1.5429934522633746,9.75690416940328,8.138581230769232,1.9718091681695586,1.1701993604347827,3.2941310519757696
lstm_ts168_ensemble,lstm,"LSTM (168 TimeSteps), Ensemble",DEEP_LEARNING,00_04,NEG,MARGINAL,168.0,ensemble,0.95,30.95700019999999,243,13,230,7.234690365005315,3.407787533333334,26.534165313298526,23.148630538461536,3.9375537988196436,2.2920007547826087,3.6676297083350065
lstm_ts168_ensemble,lstm,"LSTM (168 TimeSteps), Ensemble",DEEP_LEARNING,00_04,POS,AVERAGE,168.0,ensemble,0.95,6.615998999999995,243,13,230,1.9531023499871518,1.5781000600823045,2.969481248044278,2.355494946153846,1.8793133463678215,1.5341603491304348,1.5203920306909735
lstm_ts168_ensemble,lstm,"LSTM (168 TimeSteps), Ensemble",DEEP_LEARNING,00_04,POS,MARGINAL,168.0,ensemble,0.95,8.348998999999997,243,13,230,4.74954984430752,4.045256163786008,6.517179036271003,5.400108846153847,4.629532454158671,3.9686775339130436,1.3721677316603047
lstm_ts168_ensemble,lstm,"LSTM (168 TimeSteps), Ensemble",DEEP_LEARNING,04_08,NEG,AVERAGE,168.0,ensemble,0.95,15.851002899999994,243,13,230,1.2359127055471788,0.7082078395061727,2.069624609273312,1.529696653846154,1.1712018986829764,0.6617758630434782,1.6745718366549374
lstm_ts168_ensemble,lstm,"LSTM (168 TimeSteps), Ensemble",DEEP_LEARNING,04_08,NEG,MARGINAL,168.0,ensemble,0.95,23.935996999999997,243,13,230,5.003202915775354,2.2089117193415637,19.18168179100782,13.723272615384616,2.3770695019027652,1.5581000165217391,3.8338804389738015
lstm_ts168_ensemble,lstm,"LSTM (168 TimeSteps), Ensemble",DEEP_LEARNING,04_08,POS,AVERAGE,168.0,ensemble,0.95,17.26700419999999,243,13,230,4.108551413569608,2.051574552263374,15.171827735884813,10.737378984615386,2.19633160306677,1.5606377799999998,3.692743794266691
lstm_ts168_ensemble,lstm,"LSTM (168 TimeSteps), Ensemble",DEEP_LEARNING,04_08,POS,MARGINAL,168.0,ensemble,0.95,28.057999999999993,243,13,230,20.57900435654233,4.943879849382715,87.38310755366591,43.21117315384615,3.9803265214207366,2.7809458799999995,4.246226204130507
lstm_ts168_ensemble,lstm,"LSTM (168 TimeSteps), Ensemble",DEEP_LEARNING,08_12,NEG,AVERAGE,168.0,ensemble,0.95,30.66700519999998,243,13,230,4.413463105718459,2.5277786839506176,14.255189634716235,12.506310461538463,3.0155956513802242,1.9637747139130435,3.229932887905191
lstm_ts168_ensemble,lstm,"LSTM (168 TimeSteps), Ensemble",DEEP_LEARNING,08_12,NEG,MARGINAL,168.0,ensemble,0.95,38.97199859999999,243,13,230,17.344161056236093,6.327026695061728,71.35962673261287,52.36318761538461,5.477499020903489,3.724982816956522,4.114331416851985
lstm_ts168_ensemble,lstm,"LSTM (168 TimeSteps), Ensemble",DEEP_LEARNING,08_12,POS,AVERAGE,168.0,ensemble,0.95,40.627000599999995,243,13,230,8.533418540676323,3.964997881893003,31.724449482538034,28.03553546153846,4.47764706215688,2.6044892360869563,3.7176718019064476
lstm_ts168_ensemble,lstm,"LSTM (168 TimeSteps), Ensemble",DEEP_LEARNING,08_12,POS,MARGINAL,168.0,ensemble,0.95,65.84401349999997,243,13,230,17.953407851550725,7.638595746090535,68.15278108492068,63.59786492307691,8.83238088727653,4.475680531739131,3.7960916193988195
lstm_ts168_ensemble,lstm,"LSTM (168 TimeSteps), Ensemble",DEEP_LEARNING,12_16,NEG,AVERAGE,168.0,ensemble,0.95,63.1119874,243,13,230,6.883259895720466,4.051317532921811,16.59765439353515,15.341677615384615,5.8725204287093975,3.4131667456521737,2.4113072359587098
lstm_ts168_ensemble,lstm,"LSTM (168 TimeSteps), Ensemble",DEEP_LEARNING,12_16,NEG,MARGINAL,168.0,ensemble,0.95,80.81899739999999,243,13,230,28.526525743089287,10.548128199176956,111.17538877588372,60.766389946153836,12.694531027673568,7.709704709130435,3.8972635426105677
lstm_ts168_ensemble,lstm,"LSTM (168 TimeSteps), Ensemble",DEEP_LEARNING,12_16,POS,AVERAGE,168.0,ensemble,0.95,28.663996199999964,243,13,230,15.594314013531234,3.0819172806584354,66.90222605382476,39.651640615384615,1.9853560833216721,1.0149329182608697,4.2901679417109015
lstm_ts168_ensemble,lstm,"LSTM (168 TimeSteps), Ensemble",DEEP_LEARNING,12_16,POS,MARGINAL,168.0,ensemble,0.95,49.48499389999998,243,13,230,92.93106767533996,12.654632233744856,401.4207591323416,192.48751184615384,4.059564783748587,2.4901651252173918,4.3195539357702
lstm_ts168_ensemble,lstm,"LSTM (168 TimeSteps), Ensemble",DEEP_LEARNING,16_20,NEG,AVERAGE,168.0,ensemble,0.95,21.622996499999996,243,13,230,1.4427203985207275,0.8755302083127572,3.4249823636960297,2.6270977692307693,1.239379030257425,0.7765285635652175,2.3739751425208833
lstm_ts168_ensemble,lstm,"LSTM (168 TimeSteps), Ensemble",DEEP_LEARNING,16_20,NEG,MARGINAL,168.0,ensemble,0.95,26.906999899999995,243,13,230,4.481667262885651,2.10972631909465,16.006471748947508,12.238124384615386,2.596021355149807,1.537251645826087,3.571543983531093
lstm_ts168_ensemble,lstm,"LSTM (168 TimeSteps), Ensemble",DEEP_LEARNING,16_20,POS,AVERAGE,168.0,ensemble,0.95,68.41501539999996,243,13,230,19.815551208361825,7.992970181069958,79.75103484443645,72.257167,7.440332703846444,4.360646013043478,4.024669008994454
lstm_ts168_ensemble,lstm,"LSTM (168 TimeSteps), Ensemble",DEEP_LEARNING,16_20,POS,MARGINAL,168.0,ensemble,0.95,110.30499099999996,243,13,230,37.02529514085641,15.210902061728394,147.15977503907314,134.95930130769233,14.97737723612727,8.442514278260868,3.974573990004102
lstm_ts168_ensemble,lstm,"LSTM (168 TimeSteps), Ensemble",DEEP_LEARNING,20_24,NEG,AVERAGE,168.0,ensemble,0.95,5.679999739999998,243,13,230,0.6980587910907886,0.5164081953086419,1.6338505312613931,1.2223906076923077,0.6032788603287891,0.47650484156521733,2.340562932684128
lstm_ts168_ensemble,lstm,"LSTM (168 TimeSteps), Ensemble",DEEP_LEARNING,20_24,NEG,MARGINAL,168.0,ensemble,0.95,8.973000049999994,243,13,230,1.9981938490687545,1.4107719861728396,5.671545290961956,4.573857153846155,1.5493079467216717,1.231988911478261,2.8383358769746705
lstm_ts168_ensemble,lstm,"LSTM (168 TimeSteps), Ensemble",DEEP_LEARNING,20_24,POS,AVERAGE,168.0,ensemble,0.95,30.47800219999999,243,13,230,5.696272633100364,3.8557013917695473,13.759475842873787,13.578567,4.855989821259131,3.30614811826087,2.415522698636141
lstm_ts168_ensemble,lstm,"LSTM (168 TimeSteps), Ensemble",DEEP_LEARNING,20_24,POS,MARGINAL,168.0,ensemble,0.95,37.204999599999994,243,13,230,8.527687613868748,5.699628503292181,25.724409996577823,22.472149538461533,6.27923607646596,4.751616444782609,3.016575085928535
lstm_ts168_recency,lstm,"LSTM (168 TimeSteps), Weighted Ensemble",DEEP_LEARNING,00_04,NEG,AVERAGE,168.0,recency,0.95,21.355004199999996,243,13,230,2.89509370414888,1.5913577465020576,9.06353807676703,7.409061153846154,2.0523586896892962,1.2625310321739132,3.1306544806402363
lstm_ts168_recency,lstm,"LSTM (168 TimeSteps), Weighted Ensemble",DEEP_LEARNING,00_04,NEG,MARGINAL,168.0,recency,0.95,30.95700019999999,243,13,230,6.9570564911088,3.5040807333333337,23.842209689058034,19.800053769230768,4.359642881682563,2.583003996521739,3.4270542030999254
lstm_ts168_recency,lstm,"LSTM (168 TimeSteps), Weighted Ensemble",DEEP_LEARNING,00_04,POS,AVERAGE,168.0,recency,0.95,6.615998999999995,243,13,230,1.2752194043156642,0.8530878790123456,2.752460586311132,1.5332695230769235,1.1357325350172558,0.8146428295652173,2.15842119167581
lstm_ts168_recency,lstm,"LSTM (168 TimeSteps), Weighted Ensemble",DEEP_LEARNING,00_04,POS,MARGINAL,168.0,recency,0.95,8.348998999999997,243,13,230,3.006865748827075,2.235298686831276,5.803486338008451,4.664241046153846,2.7656085254316136,2.0980106404347825,1.9300783017240755
lstm_ts168_recency,lstm,"LSTM (168 TimeSteps), Weighted Ensemble",DEEP_LEARNING,04_08,NEG,AVERAGE,168.0,recency,0.95,15.851002899999994,243,13,230,1.2358082410918005,0.6390415818930041,2.0300332160894654,1.5854963846153847,1.174995827868272,0.5855463104347826,1.6426765485039898
lstm_ts168_recency,lstm,"LSTM (168 TimeSteps), Weighted Ensemble",DEEP_LEARNING,04_08,NEG,MARGINAL,168.0,recency,0.95,23.935996999999997,243,13,230,4.681435304864794,1.8673949744855967,17.89847485593659,11.245491923076923,2.246667139895144,1.3373286252173913,3.8232878786847877
lstm_ts168_recency,lstm,"LSTM (168 TimeSteps), Weighted Ensemble",DEEP_LEARNING,04_08,POS,AVERAGE,168.0,recency,0.95,17.26700419999999,243,13,230,4.1303157325737,2.0897505913580248,15.242838456786222,10.745500846153845,2.2116164081615723,1.6005125334782608,3.6904777851663266
lstm_ts168_recency,lstm,"LSTM (168 TimeSteps), Weighted Ensemble",DEEP_LEARNING,04_08,POS,MARGINAL,168.0,recency,0.95,28.057999999999993,243,13,230,20.628847344280697,4.855315251028807,87.67138484620172,44.628492,3.8936726365115044,2.6072661304347826,4.249941035629818
lstm_ts168_recency,lstm,"LSTM (168 TimeSteps), Weighted Ensemble",DEEP_LEARNING,08_12,NEG,AVERAGE,168.0,recency,0.95,30.66700519999998,243,13,230,3.6438791049056887,2.01595333127572,11.332716002653143,9.34993923076923,2.601774371392167,1.6014236934782609,3.1100691533361005
lstm_ts168_recency,lstm,"LSTM (168 TimeSteps), Weighted Ensemble",DEEP_LEARNING,08_12,NEG,MARGINAL,168.0,recency,0.95,38.97199859999999,243,13,230,15.864249821702836,5.340072704526749,65.67095559919784,46.0445033076923,4.705277944688821,3.0393874965217393,4.139556319225238
lstm_ts168_recency,lstm,"LSTM (168 TimeSteps), Weighted Ensemble",DEEP_LEARNING,08_12,POS,AVERAGE,168.0,recency,0.95,40.627000599999995,243,13,230,8.143267120366627,4.057865873251029,30.147429131376178,25.810671999999993,4.32320984346625,2.82835944,3.702129462998492
lstm_ts168_recency,lstm,"LSTM (168 TimeSteps), Weighted Ensemble",DEEP_LEARNING,08_12,POS,MARGINAL,168.0,recency,0.95,65.84401349999997,243,13,230,16.864310619538852,7.206399608641975,64.34842732397455,59.36469623076925,8.151032762377769,4.258321973478261,3.8156571457727413
lstm_ts168_recency,lstm,"LSTM (168 TimeSteps), Weighted Ensemble",DEEP_LEARNING,12_16,NEG,AVERAGE,168.0,recency,0.95,63.1119874,243,13,230,5.543322712118918,2.864083449794239,12.32836731375677,10.894316923076925,4.886162964117774,2.4102006882608698,2.2240031753526197
lstm_ts168_recency,lstm,"LSTM (168 TimeSteps), Weighted Ensemble",DEEP_LEARNING,12_16,NEG,MARGINAL,168.0,recency,0.95,80.81899739999999,243,13,230,27.9332371341805,7.629031554320989,108.03329816441365,48.21937646153846,12.833220880974988,5.3347946682608685,3.867553826485034
lstm_ts168_recency,lstm,"LSTM (168 TimeSteps), Weighted Ensemble",DEEP_LEARNING,12_16,POS,AVERAGE,168.0,recency,0.95,28.663996199999964,243,13,230,15.625495203410182,3.2027236222222224,66.97247853900836,40.36176392307693,2.1067850264169032,1.10243004,4.2861027869626795
lstm_ts168_recency,lstm,"LSTM (168 TimeSteps), Weighted Ensemble",DEEP_LEARNING,12_16,POS,MARGINAL,168.0,recency,0.95,49.48499389999998,243,13,230,92.82427543707638,12.209143825514403,400.98884934051677,190.05581515384617,3.887191895250704,2.1569406634782604,4.319870502111688
lstm_ts168_recency,lstm,"LSTM (168 TimeSteps), Weighted Ensemble",DEEP_LEARNING,16_20,NEG,AVERAGE,168.0,recency,0.95,21.622996499999996,243,13,230,1.31083361884793,0.7529584038271605,2.878217471173955,2.1032623846153844,1.1606771544785797,0.6766368744782607,2.195715329382209
lstm_ts168_recency,lstm,"LSTM (168 TimeSteps), Weighted Ensemble",DEEP_LEARNING,16_20,NEG,MARGINAL,168.0,recency,0.95,26.906999899999995,243,13,230,4.2055178254882195,1.800814165020576,14.717103888827605,10.712289384615385,2.538468790854059,1.2971220873913043,3.499474856492635
lstm_ts168_recency,lstm,"LSTM (168 TimeSteps), Weighted Ensemble",DEEP_LEARNING,16_20,POS,AVERAGE,168.0,recency,0.95,68.41501539999996,243,13,230,18.029619332318266,7.256146384773661,72.49270676418338,63.590039692307705,6.812335410768235,4.072056763043478,4.020756369173004
lstm_ts168_recency,lstm,"LSTM (168 TimeSteps), Weighted Ensemble",DEEP_LEARNING,16_20,POS,MARGINAL,168.0,recency,0.95,110.30499099999996,243,13,230,33.157961591851155,13.486326763374485,130.2096186358291,119.85266607692307,14.258082239548525,7.474316280434783,3.926948834750722
lstm_ts168_recency,lstm,"LSTM (168 TimeSteps), Weighted Ensemble",DEEP_LEARNING,20_24,NEG,AVERAGE,168.0,recency,0.95,5.679999739999998,243,13,230,0.5929919832548471,0.35687087790123456,1.6883789226928232,1.272432453846154,0.45868570550510046,0.30512174534782605,2.8472204858918255
lstm_ts168_recency,lstm,"LSTM (168 TimeSteps), Weighted Ensemble",DEEP_LEARNING,20_24,NEG,MARGINAL,168.0,recency,0.95,8.973000049999994,243,13,230,1.794568997380538,1.0143619506584363,6.004121012050944,4.928590753846153,1.1683005638621842,0.7931229313478261,3.3457175627211457
lstm_ts168_recency,lstm,"LSTM (168 TimeSteps), Weighted Ensemble",DEEP_LEARNING,20_24,POS,AVERAGE,168.0,recency,0.95,30.47800219999999,243,13,230,4.662605164111654,3.1523262604938274,11.68237374690417,11.430009615384618,3.905726224278987,2.684457201304348,2.5055464350325196
lstm_ts168_recency,lstm,"LSTM (168 TimeSteps), Weighted Ensemble",DEEP_LEARNING,20_24,POS,MARGINAL,168.0,recency,0.95,37.204999599999994,243,13,230,6.892309079488426,4.4952770860082305,20.836859432435677,17.970144846153843,5.064446575875861,3.733654125652173,3.0232044431156404
lstm_ts168_single,lstm,"LSTM (168 TimeSteps), Single",DEEP_LEARNING,00_04,NEG,AVERAGE,168.0,single,0.95,21.355004199999996,243,13,230,2.792406678731674,1.5496979316872432,8.950479616335688,7.3462538461538465,1.9262002579178137,1.2220665104347828,3.2052922966081154
lstm_ts168_single,lstm,"LSTM (168 TimeSteps), Single",DEEP_LEARNING,00_04,NEG,MARGINAL,168.0,single,0.95,30.95700019999999,243,13,230,7.069956990553943,3.4536498337448553,24.560821067946886,20.528079692307692,4.325928806636698,2.48857336347826,3.47397036513266
lstm_ts168_single,lstm,"LSTM (168 TimeSteps), Single",DEEP_LEARNING,00_04,POS,AVERAGE,168.0,single,0.95,6.615998999999995,243,13,230,1.1988230279026886,0.7288982860082305,2.8927207773608523,1.357093446153846,1.022469497890443,0.6933916030434782,2.412967310464161
lstm_ts168_single,lstm,"LSTM (168 TimeSteps), Single",DEEP_LEARNING,00_04,POS,MARGINAL,168.0,single,0.95,8.348998999999997,243,13,230,2.168868885374506,1.1174953625514406,6.247987649494816,4.393321361538461,1.662351097098528,0.93233998,2.8807585795652906
lstm_ts168_single,lstm,"LSTM (168 TimeSteps), Single",DEEP_LEARNING,04_08,NEG,AVERAGE,168.0,single,0.95,15.851002899999994,243,13,230,1.4200978148988912,0.8099964082304526,2.702004091322004,1.9302631538461539,1.3107282524698542,0.7466769834782608,1.9026887183221124
lstm_ts168_single,lstm,"LSTM (168 TimeSteps), Single",DEEP_LEARNING,04_08,NEG,MARGINAL,168.0,single,0.95,23.935996999999997,243,13,230,4.71934725146008,1.8890573197530864,17.91649536276776,11.249371307692307,2.321116177818322,1.359996094347826,3.796392680624364
lstm_ts168_single,lstm,"LSTM (168 TimeSteps), Single",DEEP_LEARNING,04_08,POS,AVERAGE,168.0,single,0.95,17.26700419999999,243,13,230,4.186935966262681,2.033529458436214,14.999997341403214,9.977633753846154,2.409127754611946,1.5845148678260867,3.5825714704666067
lstm_ts168_single,lstm,"LSTM (168 TimeSteps), Single",DEEP_LEARNING,04_08,POS,MARGINAL,168.0,single,0.95,28.057999999999993,243,13,230,20.63630059200994,4.937603810288065,87.55728197388866,44.00041623076922,4.076239779164157,2.7297057169565218,4.242876846240043
lstm_ts168_single,lstm,"LSTM (168 TimeSteps), Single",DEEP_LEARNING,08_12,NEG,AVERAGE,168.0,single,0.95,30.66700519999998,243,13,230,3.1498217412092138,1.9636882030452674,7.674068443382197,6.110084769230768,2.6746046982851857,1.7293266579999997,2.4363500775241107
lstm_ts168_single,lstm,"LSTM (168 TimeSteps), Single",DEEP_LEARNING,08_12,NEG,MARGINAL,168.0,single,0.95,38.97199859999999,243,13,230,15.356229288907446,4.930920291358024,63.83989046838121,43.97390484615384,4.334310562680862,2.724142903478261,4.157263431491993
lstm_ts168_single,lstm,"LSTM (168 TimeSteps), Single",DEEP_LEARNING,08_12,POS,AVERAGE,168.0,single,0.95,40.627000599999995,243,13,230,8.474419080840763,5.3572019934156385,29.05870544580741,25.608112692307692,5.305421972196448,4.21258530173913,3.428990845107514
lstm_ts168_single,lstm,"LSTM (168 TimeSteps), Single",DEEP_LEARNING,08_12,POS,MARGINAL,168.0,single,0.95,65.84401349999997,243,13,230,16.31235906766992,6.942866832510289,60.93987698706143,55.06478923076923,8.439792210017806,4.222932088260869,3.735810175233359
lstm_ts168_single,lstm,"LSTM (168 TimeSteps), Single",DEEP_LEARNING,12_16,NEG,AVERAGE,168.0,single,0.95,63.1119874,243,13,230,5.255517333600154,2.826533441399177,11.131547172668542,9.583644846153845,4.709345436788905,2.444609753304348,2.1180687772640585
lstm_ts168_single,lstm,"LSTM (168 TimeSteps), Single",DEEP_LEARNING,12_16,NEG,MARGINAL,168.0,single,0.95,80.81899739999999,243,13,230,27.905345446099997,7.649315682716049,107.8160982112612,47.870191053846156,12.872294912072745,5.375961857391304,3.8636360341609532
lstm_ts168_single,lstm,"LSTM (168 TimeSteps), Single",DEEP_LEARNING,12_16,POS,AVERAGE,168.0,single,0.95,28.663996199999964,243,13,230,15.82538326321838,3.676505355967079,67.49385017854108,40.31610356153847,2.667951513427717,1.605571544347826,4.264910938075756
lstm_ts168_single,lstm,"LSTM (168 TimeSteps), Single",DEEP_LEARNING,12_16,POS,MARGINAL,168.0,single,0.95,49.48499389999998,243,13,230,92.91657691297485,12.465988807407406,401.3278372075487,189.52300538461537,4.225032297105897,2.4584183052173914,4.319227532278015
lstm_ts168_single,lstm,"LSTM (168 TimeSteps), Single",DEEP_LEARNING,16_20,NEG,AVERAGE,168.0,single,0.95,21.622996499999996,243,13,230,1.5155245894568072,0.845132423415638,3.5316397453505166,2.918611769230769,1.3121236703728167,0.7279357647391304,2.3303084423172065
lstm_ts168_single,lstm,"LSTM (168 TimeSteps), Single",DEEP_LEARNING,16_20,NEG,MARGINAL,168.0,single,0.95,26.906999899999995,243,13,230,4.597339312876352,1.873778367983539,16.63591909074782,11.297997999999998,2.5860277043850166,1.3411050844347827,3.6185971838435957
lstm_ts168_single,lstm,"LSTM (168 TimeSteps), Single",DEEP_LEARNING,16_20,POS,AVERAGE,168.0,single,0.95,68.41501539999996,243,13,230,16.807963738672616,7.929032835390947,64.88084957979133,57.45808369230769,7.78111912044512,5.129564743478261,3.8601255088687623
lstm_ts168_single,lstm,"LSTM (168 TimeSteps), Single",DEEP_LEARNING,16_20,POS,MARGINAL,168.0,single,0.95,110.30499099999996,243,13,230,32.799110363810506,13.816497446502057,126.75282735440666,117.40180684615385,15.115973199894745,7.961675610869564,3.8645202857167034
lstm_ts168_single,lstm,"LSTM (168 TimeSteps), Single",DEEP_LEARNING,20_24,NEG,AVERAGE,168.0,single,0.95,5.679999739999998,243,13,230,0.5985022757938684,0.3601490183127572,1.643081415593662,1.3185861923076918,0.47524590301368014,0.3059764823913043,2.7453219178059727
lstm_ts168_single,lstm,"LSTM (168 TimeSteps), Single",DEEP_LEARNING,20_24,NEG,MARGINAL,168.0,single,0.95,8.973000049999994,243,13,230,1.775948450583975,0.9413340220164609,6.105043728632268,4.932155238461538,1.1070721441051572,0.7157658663043479,3.437624400992484
lstm_ts168_single,lstm,"LSTM (168 TimeSteps), Single",DEEP_LEARNING,20_24,POS,AVERAGE,168.0,single,0.95,30.47800219999999,243,13,230,3.944716794172131,2.6605820539094647,8.510934368847257,7.795270692307694,3.5137024091724696,2.370360522173913,2.157552699707414
lstm_ts168_single,lstm,"LSTM (168 TimeSteps), Single",DEEP_LEARNING,20_24,POS,MARGINAL,168.0,single,0.95,37.204999599999994,243,13,230,5.645566129917598,3.440937248148149,17.101964174620168,13.820658923076923,4.140360198118342,2.8542573273913043,3.029273553982758
lstm_ts42_ensemble,lstm,"LSTM (42 TimeSteps), Ensemble",DEEP_LEARNING,00_04,NEG,AVERAGE,42.0,ensemble,0.95,21.355004199999996,243,13,230,2.9758560092691315,1.5614393761316872,9.54622012273941,7.779958538461538,2.0507109815306004,1.2099578582608697,3.2078904668119193
lstm_ts42_ensemble,lstm,"LSTM (42 TimeSteps), Ensemble",DEEP_LEARNING,00_04,NEG,MARGINAL,42.0,ensemble,0.95,30.95700019999999,243,13,230,6.928862797994716,3.664477521399177,22.232640078923808,18.382287461538464,4.773316792891111,2.8326013073913043,3.2086997140942324
lstm_ts42_ensemble,lstm,"LSTM (42 TimeSteps), Ensemble",DEEP_LEARNING,00_04,POS,AVERAGE,42.0,ensemble,0.95,6.615998999999995,243,13,230,1.7886141446314059,1.4407067847736628,2.7761689533438854,1.9147926846153849,1.7159085221102308,1.4139106252173914,1.55213407077019
lstm_ts42_ensemble,lstm,"LSTM (42 TimeSteps), Ensemble",DEEP_LEARNING,00_04,POS,MARGINAL,42.0,ensemble,0.95,8.348998999999997,243,13,230,4.170467106450562,3.5654077086419758,6.04072771374175,5.034841576923077,4.03898088375308,3.4823527508695653,1.4484535088164132
lstm_ts42_ensemble,lstm,"LSTM (42 TimeSteps), Ensemble",DEEP_LEARNING,04_08,NEG,AVERAGE,42.0,ensemble,0.95,15.851002899999994,243,13,230,1.2887524684704752,0.7636426740740743,2.305520498361774,1.588039115384615,1.205952679119748,0.7170463534782612,1.788955253058041
lstm_ts42_ensemble,lstm,"LSTM (42 TimeSteps), Ensemble",DEEP_LEARNING,04_08,NEG,MARGINAL,42.0,ensemble,0.95,23.935996999999997,243,13,230,4.64891246247407,1.972185140329218,17.147640245915195,9.610396699999997,2.4928329469371713,1.540460139130435,3.6885272382155203
lstm_ts42_ensemble,lstm,"LSTM (42 TimeSteps), Ensemble",DEEP_LEARNING,04_08,POS,AVERAGE,42.0,ensemble,0.95,17.26700419999999,243,13,230,4.010447676786607,1.8588756164609053,15.268836948837412,10.134121399999998,1.953314735732346,1.3911443330434783,3.807264968750733
lstm_ts42_ensemble,lstm,"LSTM (42 TimeSteps), Ensemble",DEEP_LEARNING,04_08,POS,MARGINAL,42.0,ensemble,0.95,28.057999999999993,243,13,230,20.575950514719388,4.9133985193415635,87.35774610054321,43.336454499999995,3.995084626619223,2.741660572608696,4.245623843139117
lstm_ts42_ensemble,lstm,"LSTM (42 TimeSteps), Ensemble",DEEP_LEARNING,08_12,NEG,AVERAGE,42.0,ensemble,0.95,30.66700519999998,243,13,230,4.477903121883897,2.565332934979424,14.395552149724603,12.518828000000001,3.077638702148139,2.002744083478261,3.2147975867035408
lstm_ts42_ensemble,lstm,"LSTM (42 TimeSteps), Ensemble",DEEP_LEARNING,08_12,NEG,MARGINAL,42.0,ensemble,0.95,38.97199859999999,243,13,230,15.59786778558797,5.422854049382716,64.2383308824172,45.33989192307691,4.8789675042396325,3.166673647826087,4.118404628469269
lstm_ts42_ensemble,lstm,"LSTM (42 TimeSteps), Ensemble",DEEP_LEARNING,08_12,POS,AVERAGE,42.0,ensemble,0.95,40.627000599999995,243,13,230,8.303232272659788,3.682653613991769,31.135695605071614,28.05336284615385,4.248120223502848,2.305178744347826,3.7498283298171384
lstm_ts42_ensemble,lstm,"LSTM (42 TimeSteps), Ensemble",DEEP_LEARNING,08_12,POS,MARGINAL,42.0,ensemble,0.95,65.84401349999997,243,13,230,17.91901011033613,7.624457971193417,67.66774755440524,63.205057,8.968321446871256,4.482945852173914,3.776310585112779
lstm_ts42_ensemble,lstm,"LSTM (42 TimeSteps), Ensemble",DEEP_LEARNING,12_16,NEG,AVERAGE,42.0,ensemble,0.95,63.1119874,243,13,230,6.096367314551755,3.466625066255144,14.263107289498079,12.806454384615385,5.269515596611228,2.9387216699999996,2.339607598028531
lstm_ts42_ensemble,lstm,"LSTM (42 TimeSteps), Ensemble",DEEP_LEARNING,12_16,NEG,MARGINAL,42.0,ensemble,0.95,80.81899739999999,243,13,230,30.564173122248057,8.256358411522633,109.06257238664256,46.57596046153846,17.73875735421183,6.090467860869564,3.5683141811304067
lstm_ts42_ensemble,lstm,"LSTM (42 TimeSteps), Ensemble",DEEP_LEARNING,12_16,POS,AVERAGE,42.0,ensemble,0.95,28.663996199999964,243,13,230,15.33070697364382,3.1817186596707816,65.70033689273433,37.68014507692308,2.0825199640010443,1.2318076013043477,4.285538625562719
lstm_ts42_ensemble,lstm,"LSTM (42 TimeSteps), Ensemble",DEEP_LEARNING,12_16,POS,MARGINAL,42.0,ensemble,0.95,49.48499389999998,243,13,230,92.72718736229058,12.415173334567902,400.58291033908426,192.58547723076924,3.803782655625579,2.231634418695652,4.320015755184974
lstm_ts42_ensemble,lstm,"LSTM (42 TimeSteps), Ensemble",DEEP_LEARNING,16_20,NEG,AVERAGE,42.0,ensemble,0.95,21.622996499999996,243,13,230,1.6335644648025376,0.8906174746090535,4.908465293191659,4.429418,1.2073039947025141,0.6905983144782609,3.0047576321299236
lstm_ts42_ensemble,lstm,"LSTM (42 TimeSteps), Ensemble",DEEP_LEARNING,16_20,NEG,MARGINAL,42.0,ensemble,0.95,26.906999899999995,243,13,230,4.064162468717401,1.8825324315226337,12.533109884314655,8.390348153846155,2.927907149267196,1.5146993689565218,3.0838112355951033
lstm_ts42_ensemble,lstm,"LSTM (42 TimeSteps), Ensemble",DEEP_LEARNING,16_20,POS,AVERAGE,42.0,ensemble,0.95,68.41501539999996,243,13,230,19.7795591146074,8.09534629218107,77.47902923135267,69.8633366923077,8.604883184528589,4.604112052173913,3.917126199953245
lstm_ts42_ensemble,lstm,"LSTM (42 TimeSteps), Ensemble",DEEP_LEARNING,16_20,POS,MARGINAL,42.0,ensemble,0.95,110.30499099999996,243,13,230,38.136309421619075,15.50356416872428,152.08950389625903,139.94084561538463,15.138211637087107,8.470152608695651,3.9880498717068065
lstm_ts42_ensemble,lstm,"LSTM (42 TimeSteps), Ensemble",DEEP_LEARNING,20_24,NEG,AVERAGE,42.0,ensemble,0.95,5.679999739999998,243,13,230,0.7187652177318287,0.5452485036213992,1.5605863699934974,1.1992079923076924,0.6388811818871839,0.508285576,2.171204631907706
lstm_ts42_ensemble,lstm,"LSTM (42 TimeSteps), Ensemble",DEEP_LEARNING,20_24,NEG,MARGINAL,42.0,ensemble,0.95,8.973000049999994,243,13,230,1.7878887663735792,1.0077955532921812,6.012064794956902,4.962172115384616,1.155095961119688,0.784287312826087,3.3626615413839906
lstm_ts42_ensemble,lstm,"LSTM (42 TimeSteps), Ensemble",DEEP_LEARNING,20_24,POS,AVERAGE,42.0,ensemble,0.95,30.47800219999999,243,13,230,3.2904251259661383,2.1804593901234566,8.144009684070783,7.714771923076923,2.773094705327928,1.8676504208695652,2.4750630609409563
lstm_ts42_ensemble,lstm,"LSTM (42 TimeSteps), Ensemble",DEEP_LEARNING,20_24,POS,MARGINAL,42.0,ensemble,0.95,37.204999599999994,243,13,230,7.5953655469812285,4.9107588115226335,23.80558381917352,20.638251,5.377647671810411,4.0218136008695655,3.1342248996343605
lstm_ts42_recency,lstm,"LSTM (42 TimeSteps), Weighted Ensemble",DEEP_LEARNING,00_04,NEG,AVERAGE,42.0,recency,0.95,21.355004199999996,243,13,230,2.98144570563613,1.6491672292181072,9.010072889352083,7.251902615384615,2.191558031565821,1.332490881304348,3.0220482876208097
lstm_ts42_recency,lstm,"LSTM (42 TimeSteps), Weighted Ensemble",DEEP_LEARNING,00_04,NEG,MARGINAL,42.0,recency,0.95,30.95700019999999,243,13,230,6.885816317462088,3.6707995008230454,22.22813473876614,18.389942230769233,4.708247002963479,2.8388479552173913,3.228104514260233
lstm_ts42_recency,lstm,"LSTM (42 TimeSteps), Weighted Ensemble",DEEP_LEARNING,00_04,POS,AVERAGE,42.0,recency,0.95,6.615998999999995,243,13,230,1.1086066574343865,0.7168295502057612,2.4844095267691673,1.3194289923076923,0.9744772068262344,0.6827695817391304,2.241019851458188
lstm_ts42_recency,lstm,"LSTM (42 TimeSteps), Weighted Ensemble",DEEP_LEARNING,00_04,POS,MARGINAL,42.0,recency,0.95,8.348998999999997,243,13,230,2.704894440426298,1.9928137769547325,5.87509060081449,4.534168784615384,2.4039653306696764,1.8491719721739128,2.172022136245938
lstm_ts42_recency,lstm,"LSTM (42 TimeSteps), Weighted Ensemble",DEEP_LEARNING,04_08,NEG,AVERAGE,42.0,recency,0.95,15.851002899999994,243,13,230,1.2291881086350638,0.6642668580246914,2.110810186625801,1.6763092692307693,1.1595122145072942,0.6070644608695651,1.7172393483123776
lstm_ts42_recency,lstm,"LSTM (42 TimeSteps), Weighted Ensemble",DEEP_LEARNING,04_08,NEG,MARGINAL,42.0,recency,0.95,23.935996999999997,243,13,230,4.643529685923955,1.9762358835390947,16.97915842893396,9.187580400000002,2.546832421377197,1.56863815,3.6565198410173405
lstm_ts42_recency,lstm,"LSTM (42 TimeSteps), Weighted Ensemble",DEEP_LEARNING,04_08,POS,AVERAGE,42.0,recency,0.95,17.26700419999999,243,13,230,3.9655477409834283,1.7696272786008231,15.238776451030299,10.146253461538462,1.8678623435039072,1.296165798695652,3.8427923319493784
lstm_ts42_recency,lstm,"LSTM (42 TimeSteps), Weighted Ensemble",DEEP_LEARNING,04_08,POS,MARGINAL,42.0,recency,0.95,28.057999999999993,243,13,230,20.584200163775897,4.9449537732510285,87.36977008594549,43.950637692307694,4.025009639523142,2.7402846821739133,4.244506436528874
lstm_ts42_recency,lstm,"LSTM (42 TimeSteps), Weighted Ensemble",DEEP_LEARNING,08_12,NEG,AVERAGE,42.0,recency,0.95,30.66700519999998,243,13,230,3.636999565363825,1.982699200411523,11.392290482209505,9.165857615384615,2.576778766921675,1.5766945943478263,3.132332098882141
lstm_ts42_recency,lstm,"LSTM (42 TimeSteps), Weighted Ensemble",DEEP_LEARNING,08_12,NEG,MARGINAL,42.0,recency,0.95,38.97199859999999,243,13,230,14.816459224429368,4.894203651028806,61.2868044483269,41.681140769230765,4.431229364366385,2.814941987826087,4.1364001695679935
lstm_ts42_recency,lstm,"LSTM (42 TimeSteps), Weighted Ensemble",DEEP_LEARNING,08_12,POS,AVERAGE,42.0,recency,0.95,40.627000599999995,243,13,230,7.571533632942006,3.2213204761316874,28.98691278058034,25.171224230769226,3.6161468050909353,1.980673742173913,3.828407055403536
lstm_ts42_recency,lstm,"LSTM (42 TimeSteps), Weighted Ensemble",DEEP_LEARNING,08_12,POS,MARGINAL,42.0,recency,0.95,65.84401349999997,243,13,230,16.347374083546455,6.776745214814814,61.83761056530838,56.54832538461538,8.136854518662526,3.9635689443478253,3.7827243843124387
lstm_ts42_recency,lstm,"LSTM (42 TimeSteps), Weighted Ensemble",DEEP_LEARNING,12_16,NEG,AVERAGE,42.0,recency,0.95,63.1119874,243,13,230,5.319017375865263,2.8017220679012347,10.941940984164207,9.37277176923077,4.808734759817502,2.4303149108695656,2.0571357848561727
lstm_ts42_recency,lstm,"LSTM (42 TimeSteps), Weighted Ensemble",DEEP_LEARNING,12_16,NEG,MARGINAL,42.0,recency,0.95,80.81899739999999,243,13,230,28.71732354639027,7.6556268427983545,108.09701580209695,46.928783769230776,14.520425267187452,5.435839712173912,3.764174458231662
lstm_ts42_recency,lstm,"LSTM (42 TimeSteps), Weighted Ensemble",DEEP_LEARNING,12_16,POS,AVERAGE,42.0,recency,0.95,28.663996199999964,243,13,230,15.257238175517362,3.0065282427983546,65.3925556886494,36.86470905384616,2.059889777015714,1.0928049795652175,4.28600215428124
lstm_ts42_recency,lstm,"LSTM (42 TimeSteps), Weighted Ensemble",DEEP_LEARNING,12_16,POS,MARGINAL,42.0,recency,0.95,49.48499389999998,243,13,230,92.42497181534902,12.113386866255144,399.2579339109236,187.38314338461544,3.905155222036909,2.2068354108695654,4.31980584975
lstm_ts42_recency,lstm,"LSTM (42 TimeSteps), Weighted Ensemble",DEEP_LEARNING,16_20,NEG,AVERAGE,42.0,recency,0.95,21.622996499999996,243,13,230,1.3856927877441427,0.7293202383127573,3.801123646265617,2.9731337692307696,1.100916774730113,0.6024959952608697,2.7431214767695424
lstm_ts42_recency,lstm,"LSTM (42 TimeSteps), Weighted Ensemble",DEEP_LEARNING,16_20,NEG,MARGINAL,42.0,recency,0.95,26.906999899999995,243,13,230,3.9203386147262638,1.718884598271605,12.910945648490433,8.276862538461538,2.610745022396032,1.3482162799130433,3.2933241021558888
lstm_ts42_recency,lstm,"LSTM (42 TimeSteps), Weighted Ensemble",DEEP_LEARNING,16_20,POS,AVERAGE,42.0,recency,0.95,68.41501539999996,243,13,230,19.408411015859937,7.583326899176955,71.87452173443224,64.77899823076923,10.295100194588263,4.350528084782609,3.7032666752419177
lstm_ts42_recency,lstm,"LSTM (42 TimeSteps), Weighted Ensemble",DEEP_LEARNING,16_20,POS,MARGINAL,42.0,recency,0.95,110.30499099999996,243,13,230,33.873844394699006,13.026895757201645,135.79335325596603,120.5976152307692,13.039975315067636,6.946811613043478,4.00879663003992
lstm_ts42_recency,lstm,"LSTM (42 TimeSteps), Weighted Ensemble",DEEP_LEARNING,20_24,NEG,AVERAGE,42.0,recency,0.95,5.679999739999998,243,13,230,0.6218791750987109,0.4070938438683128,1.62333878883763,1.2824288538461537,0.5095535831487179,0.35761838678260865,2.6103765069476035
lstm_ts42_recency,lstm,"LSTM (42 TimeSteps), Weighted Ensemble",DEEP_LEARNING,20_24,NEG,MARGINAL,42.0,recency,0.95,8.973000049999994,243,13,230,1.7316115110115264,0.9940731593827161,5.829145160999162,4.8373811,1.116874762913155,0.7768427105652174,3.3663123188607402
lstm_ts42_recency,lstm,"LSTM (42 TimeSteps), Weighted Ensemble",DEEP_LEARNING,20_24,POS,AVERAGE,42.0,recency,0.95,30.47800219999999,243,13,230,2.1128494784027523,1.305657278600823,5.228472516791165,4.834889153846157,1.780820861048001,1.1061789552173913,2.4746071929097977
lstm_ts42_recency,lstm,"LSTM (42 TimeSteps), Weighted Ensemble",DEEP_LEARNING,20_24,POS,MARGINAL,42.0,recency,0.95,37.204999599999994,243,13,230,5.595048536386774,3.4648037798353917,17.808416180047132,14.863244923076925,3.8921292514600596,2.820544063043478,3.1828885959133477
lstm_ts42_single,lstm,"LSTM (42 TimeSteps), Single",DEEP_LEARNING,00_04,NEG,AVERAGE,42.0,single,0.95,21.355004199999996,243,13,230,2.924727419843662,1.5881832267489708,9.45848141081599,7.773415461538461,1.9952248309072869,1.2385831439130432,3.233970231428125
lstm_ts42_single,lstm,"LSTM (42 TimeSteps), Single",DEEP_LEARNING,00_04,NEG,MARGINAL,42.0,single,0.95,30.95700019999999,243,13,230,6.832961436496509,3.4125895855967086,23.959998925436626,20.608865615384616,4.108556730417502,2.440626157826087,3.506532145412155
lstm_ts42_single,lstm,"LSTM (42 TimeSteps), Single",DEEP_LEARNING,00_04,POS,AVERAGE,42.0,single,0.95,6.615998999999995,243,13,230,0.8727356995385472,0.4993439534979424,2.6651093634983454,1.3960382538461538,0.6350238754540304,0.44866123217391307,3.0537416595969464
lstm_ts42_single,lstm,"LSTM (42 TimeSteps), Single",DEEP_LEARNING,00_04,POS,MARGINAL,42.0,single,0.95,8.348998999999997,243,13,230,2.6981802285604077,1.710374314814815,5.998344985013546,4.326825615384616,2.3786560393907585,1.5624879369565219,2.223107604718427
lstm_ts42_single,lstm,"LSTM (42 TimeSteps), Single",DEEP_LEARNING,04_08,NEG,AVERAGE,42.0,single,0.95,15.851002899999994,243,13,230,1.2828869922432586,0.7273087757201647,2.3108647913700056,1.7335383076923077,1.1987455696626732,0.6704349326086957,1.8013003525191436
lstm_ts42_single,lstm,"LSTM (42 TimeSteps), Single",DEEP_LEARNING,04_08,NEG,MARGINAL,42.0,single,0.95,23.935996999999997,243,13,230,4.624151649208637,1.946676262962963,17.460928561302776,10.027793538461538,2.314907105374098,1.4899174604347827,3.7760285314801436
lstm_ts42_single,lstm,"LSTM (42 TimeSteps), Single",DEEP_LEARNING,04_08,POS,AVERAGE,42.0,single,0.95,17.26700419999999,243,13,230,4.0539766473106305,2.02971902962963,14.74303363702497,9.354320923076923,2.2534968449486987,1.6157197921739133,3.636684401427265
lstm_ts42_single,lstm,"LSTM (42 TimeSteps), Single",DEEP_LEARNING,04_08,POS,MARGINAL,42.0,single,0.95,28.057999999999993,243,13,230,20.62986544067053,4.933904830041152,87.76964817408872,44.58587184615385,3.7723552558159015,2.692706694347826,4.254494457392639
lstm_ts42_single,lstm,"LSTM (42 TimeSteps), Single",DEEP_LEARNING,08_12,NEG,AVERAGE,42.0,single,0.95,30.66700519999998,243,13,230,3.579282731088413,1.9074397695473253,11.067461193844965,8.417995615384616,2.571401494515346,1.5394518304347828,3.0920891210176893
lstm_ts42_single,lstm,"LSTM (42 TimeSteps), Single",DEEP_LEARNING,08_12,NEG,MARGINAL,42.0,single,0.95,38.97199859999999,243,13,230,14.84347809346495,4.850111836213992,61.73415145681284,43.00011438461537,4.1679614739989415,2.6938073443478263,4.159008493029148
lstm_ts42_single,lstm,"LSTM (42 TimeSteps), Single",DEEP_LEARNING,08_12,POS,AVERAGE,42.0,single,0.95,40.627000599999995,243,13,230,7.616890897068688,3.8006185946502056,27.906529500735285,24.847959615384614,4.156749614268923,2.610986276086957,3.663769099210143
lstm_ts42_single,lstm,"LSTM (42 TimeSteps), Single",DEEP_LEARNING,08_12,POS,MARGINAL,42.0,single,0.95,65.84401349999997,243,13,230,16.24777687878663,6.916389790946503,61.310142626495576,55.621601000000005,8.15168559409182,4.163486548695651,3.7734480897840936
lstm_ts42_single,lstm,"LSTM (42 TimeSteps), Single",DEEP_LEARNING,12_16,NEG,AVERAGE,42.0,single,0.95,63.1119874,243,13,230,5.7045801420049695,3.203681630452675,12.777231672999049,11.169591307692311,5.015373568396904,2.7534345617391303,2.2398198210794664
lstm_ts42_single,lstm,"LSTM (42 TimeSteps), Single",DEEP_LEARNING,12_16,NEG,MARGINAL,42.0,single,0.95,80.81899739999999,243,13,230,27.81009377802105,7.462296813991769,107.66677955587213,48.11305738461538,12.724293661930293,5.164645129565217,3.8715000537309816
lstm_ts42_single,lstm,"LSTM (42 TimeSteps), Single",DEEP_LEARNING,12_16,POS,AVERAGE,42.0,single,0.95,28.663996199999964,243,13,230,15.411463671429884,3.2993234094650203,65.70228062201937,39.25496995384616,2.635414999355628,1.267047735217391,4.263208350795371
lstm_ts42_single,lstm,"LSTM (42 TimeSteps), Single",DEEP_LEARNING,12_16,POS,MARGINAL,42.0,single,0.95,49.48499389999998,243,13,230,92.24428604947792,12.537896558847738,398.38704175930246,186.66648600000002,4.3887026361487695,2.695845851304348,4.318826225676633
lstm_ts42_single,lstm,"LSTM (42 TimeSteps), Single",DEEP_LEARNING,16_20,NEG,AVERAGE,42.0,single,0.95,21.622996499999996,243,13,230,1.4210930084891455,0.8649418970781892,2.7831767202190294,1.978209769230769,1.3022402983940817,0.802018060826087,1.9584761191514142
lstm_ts42_single,lstm,"LSTM (42 TimeSteps), Single",DEEP_LEARNING,16_20,NEG,MARGINAL,42.0,single,0.95,26.906999899999995,243,13,230,4.187035162852297,1.9766013706995884,13.200783017025719,7.246582846153847,2.944935431595956,1.678732852521739,3.152775771778584
lstm_ts42_single,lstm,"LSTM (42 TimeSteps), Single",DEEP_LEARNING,16_20,POS,AVERAGE,42.0,single,0.95,68.41501539999996,243,13,230,17.775530128746663,8.280455325102881,63.043161280010146,56.15966392307692,10.449226962396168,5.574239186956523,3.5466262228689582
lstm_ts42_single,lstm,"LSTM (42 TimeSteps), Single",DEEP_LEARNING,16_20,POS,MARGINAL,42.0,single,0.95,110.30499099999996,243,13,230,35.70476209461442,14.168379613168723,138.89646158049288,128.68846184615384,16.014225644728636,7.695505400000001,3.890138273780671
lstm_ts42_single,lstm,"LSTM (42 TimeSteps), Single",DEEP_LEARNING,20_24,NEG,AVERAGE,42.0,single,0.95,5.679999739999998,243,13,230,0.6535699482657467,0.42185796572016465,1.6689140527409339,1.3741574384615387,0.5420964942076827,0.3680323433478261,2.553535481809424
lstm_ts42_single,lstm,"LSTM (42 TimeSteps), Single",DEEP_LEARNING,20_24,NEG,MARGINAL,42.0,single,0.95,8.973000049999994,243,13,230,1.6722538447923312,0.9784799969958848,5.582650845046938,4.246679561538461,1.092216183322342,0.7937556737826087,3.338399168542632
lstm_ts42_single,lstm,"LSTM (42 TimeSteps), Single",DEEP_LEARNING,20_24,POS,AVERAGE,42.0,single,0.95,30.47800219999999,243,13,230,1.9525917621791413,1.2955440740740738,3.4813072140253913,2.8684695384615395,1.8284132421842958,1.206639591304348,1.782916061337965
lstm_ts42_single,lstm,"LSTM (42 TimeSteps), Single",DEEP_LEARNING,20_24,POS,MARGINAL,42.0,single,0.95,37.204999599999994,243,13,230,5.6497896395748874,3.7385142625514405,15.54887559962516,12.596512384615384,4.4787478649524735,3.237844803478261,2.7521158470592404
arma,arma,ARMA,STATISTICAL_EXPANDING,00_04,NEG,AVERAGE,,,0.95,21.354999999999993,243,13,230,3.8463246294490006,1.9908678139120273,12.547534619130772,10.301902388463827,2.5945307621770097,1.5211136857851868,3.262214146736816
arma,arma,ARMA,STATISTICAL_EXPANDING,00_04,NEG,MARGINAL,,,0.95,30.95699999999999,243,13,230,8.811774172338918,4.396733670364583,31.040075192286285,26.501405112292638,5.251495846679218,3.1473391975599547,3.522568166774443
arma,arma,ARMA,STATISTICAL_EXPANDING,00_04,POS,AVERAGE,,,0.95,6.615999999999994,243,13,230,0.9722497392134285,0.3184471199764306,3.9104955730598627,1.7873960020419306,0.36656346987266675,0.23541957446838058,4.022110179451979
arma,arma,ARMA,STATISTICAL_EXPANDING,00_04,POS,MARGINAL,,,0.95,8.348999999999997,243,13,230,2.3280360226304584,0.872059896822221,9.235396119818923,5.6422966885933095,0.9514214291351522,0.6024378172873333,3.9670331687496
arma,arma,ARMA,STATISTICAL_EXPANDING,04_08,NEG,AVERAGE,,,0.95,15.850999999999994,243,13,230,2.3554873517997414,1.2809811559579751,6.916157532690462,5.144058726476079,1.7771617164185252,1.062633293276517,2.9361896286159546
arma,arma,ARMA,STATISTICAL_EXPANDING,04_08,NEG,MARGINAL,,,0.95,23.935999999999996,243,13,230,6.4889769991538895,3.2354096706574493,23.842484558323584,19.40802401673143,3.515138043883126,2.3213053815315283,3.674305604940879
arma,arma,ARMA,STATISTICAL_EXPANDING,04_08,POS,AVERAGE,,,0.95,17.266999999999992,243,13,230,4.037771927148212,1.754560061576029,15.634141537243588,11.111955714432746,1.846538898778556,1.2256637855449977,3.8719724192757052
arma,arma,ARMA,STATISTICAL_EXPANDING,04_08,POS,MARGINAL,,,0.95,28.057999999999993,243,13,230,20.719164126460885,4.6618437978949325,88.31223915902267,44.95996133802127,3.5681462617869526,2.3841241108443127,4.26234565352167
arma,arma,ARMA,STATISTICAL_EXPANDING,08_12,NEG,AVERAGE,,,0.95,30.66699999999998,243,13,230,4.387214539873588,2.2055145370868146,14.718941317051103,8.87126281433253,2.8443424084182367,1.8287548518511871,3.3549627407724656
arma,arma,ARMA,STATISTICAL_EXPANDING,08_12,NEG,MARGINAL,,,0.95,38.971999999999994,243,13,230,18.035122470635915,5.967680813425639,74.38800057752123,48.133949453300424,5.557243978345183,3.5843699772588034,4.124618543546731
arma,arma,ARMA,STATISTICAL_EXPANDING,08_12,POS,AVERAGE,,,0.95,40.626999999999995,243,13,230,8.195486242560266,4.1817634923508,29.401192395920987,25.150648102507606,4.701408317593308,2.9965656665593285,3.5874860289846655
arma,arma,ARMA,STATISTICAL_EXPANDING,08_12,POS,MARGINAL,,,0.95,65.84399999999997,243,13,230,18.092614294006967,8.706814368344117,67.35403374031262,62.10812233482889,9.456747754174438,5.688479570238455,3.722736396509768
arma,arma,ARMA,STATISTICAL_EXPANDING,12_16,NEG,AVERAGE,,,0.95,63.112,243,13,230,7.224092805615723,4.635595160002706,13.931168340875367,11.482337078963296,6.645874735681383,4.248605399365803,1.9284315298449417
arma,arma,ARMA,STATISTICAL_EXPANDING,12_16,NEG,MARGINAL,,,0.95,80.81899999999997,243,13,230,27.77355925670178,9.39276858572171,111.62337097843704,54.91000094946052,10.522430277685999,6.820055452119083,4.019051715580971
arma,arma,ARMA,STATISTICAL_EXPANDING,12_16,POS,AVERAGE,,,0.95,28.663999999999962,243,13,230,16.086173340884233,3.7501910905935625,68.36220992047933,41.626629137198435,3.0401628183092906,1.6093489401332872,4.249749674568753
arma,arma,ARMA,STATISTICAL_EXPANDING,12_16,POS,MARGINAL,,,0.95,49.48499999999998,243,13,230,93.56793080304918,13.193998501309538,404.04695724072866,198.8585445958107,4.733528625121927,2.6999154611855616,4.3182205032534675
arma,arma,ARMA,STATISTICAL_EXPANDING,16_20,NEG,AVERAGE,,,0.95,21.622999999999998,243,13,230,2.426573700573778,1.2370580069405512,7.078956616713048,5.243315180216767,1.8408363097668583,1.0106173841031998,2.917264212926723
arma,arma,ARMA,STATISTICAL_EXPANDING,16_20,NEG,MARGINAL,,,0.95,26.906999999999993,243,13,230,5.770733971729937,2.4189688202031285,20.898574247254324,12.873550936410386,3.2400199789562008,1.8280576571131533,3.6214759421650133
arma,arma,ARMA,STATISTICAL_EXPANDING,16_20,POS,AVERAGE,,,0.95,68.41499999999998,243,13,230,21.85670948299213,8.753408416189409,89.09804611334582,81.71721565499782,7.484744901175703,4.6293671374741505,4.076462021086831
arma,arma,ARMA,STATISTICAL_EXPANDING,16_20,POS,MARGINAL,,,0.95,110.30499999999995,243,13,230,38.71112123604789,15.805286292761828,155.47348324562768,145.09508063801945,14.731188237392837,8.497602264551611,4.016248516740207
arma,arma,ARMA,STATISTICAL_EXPANDING,20_24,NEG,AVERAGE,,,0.95,5.679999999999998,243,13,230,0.9031902387342823,0.4527623194979068,2.98011507156483,2.5940273458712135,0.5999049477891084,0.3317342962681112,3.2995430461484174
arma,arma,ARMA,STATISTICAL_EXPANDING,20_24,NEG,MARGINAL,,,0.95,8.972999999999994,243,13,230,2.221237878098541,1.1159316772033083,7.801462851165124,6.58213360835371,1.331426906615615,0.8069724376165465,3.5122140352853406
arma,arma,ARMA,STATISTICAL_EXPANDING,20_24,POS,AVERAGE,,,0.95,30.47799999999999,243,13,230,3.1215887739361627,1.905863615166775,7.049962590877541,6.060491302395651,2.736026363455231,1.6710368328451428,2.258453339447368
arma,arma,ARMA,STATISTICAL_EXPANDING,20_24,POS,MARGINAL,,,0.95,37.205,243,13,230,7.886560433715172,3.8066065120836825,27.865031283174048,18.740281133700556,4.671883723509519,2.9625292508618584,3.533229919097633
armax_exog_1,armax_exog_1,ARMAX (Exog. 1),STATISTICAL_EXPANDING,00_04,NEG,AVERAGE,,,0.95,21.354999999999993,243,13,230,3.8616730708669142,1.9997140204903552,12.502173052315952,10.416888419332283,2.6307428202350067,1.5239606849036378,3.2375016794234512
armax_exog_1,armax_exog_1,ARMAX (Exog. 1),STATISTICAL_EXPANDING,00_04,NEG,MARGINAL,,,0.95,30.95699999999999,243,13,230,8.745461277220782,4.356966793207043,30.732667731057493,26.049689751177088,5.236548951072018,3.1308563651478667,3.5141277008574234
armax_exog_1,armax_exog_1,ARMAX (Exog. 1),STATISTICAL_EXPANDING,00_04,POS,AVERAGE,,,0.95,6.615999999999994,243,13,230,0.9572233830689453,0.3087652959114243,3.882327820315946,1.7587925259725716,0.34079902327275297,0.22680723508188122,4.055822171695023
armax_exog_1,armax_exog_1,ARMAX (Exog. 1),STATISTICAL_EXPANDING,00_04,POS,MARGINAL,,,0.95,8.348999999999997,243,13,230,2.32225936010584,0.8647091391563523,9.244654218388197,5.536923557240512,0.9312093659002686,0.6006274546559432,3.9808879133839983
armax_exog_1,armax_exog_1,ARMAX (Exog. 1),STATISTICAL_EXPANDING,04_08,NEG,AVERAGE,,,0.95,15.850999999999994,243,13,230,2.350651562893362,1.2627400889984866,6.93174873826208,5.044100662278873,1.766934124073018,1.0490110131174213,2.948862710103216
armax_exog_1,armax_exog_1,ARMAX (Exog. 1),STATISTICAL_EXPANDING,04_08,NEG,MARGINAL,,,0.95,23.935999999999996,243,13,230,6.502729123448159,3.219410784926582,23.849947048352472,19.32319693262282,3.539045220139864,2.3091967852741857,3.6676826906955213
armax_exog_1,armax_exog_1,ARMAX (Exog. 1),STATISTICAL_EXPANDING,04_08,POS,AVERAGE,,,0.95,17.266999999999992,243,13,230,4.072593544878683,1.8509492226707693,15.532438047974667,10.484004821736006,1.9716095895068577,1.3629939062018646,3.8138934997593426
armax_exog_1,armax_exog_1,ARMAX (Exog. 1),STATISTICAL_EXPANDING,04_08,POS,MARGINAL,,,0.95,28.057999999999993,243,13,230,20.757889349359576,4.711850865319483,88.47643142520577,45.128559173921275,3.5760293974166992,2.427428221789816,4.262303837164228
armax_exog_1,armax_exog_1,ARMAX (Exog. 1),STATISTICAL_EXPANDING,08_12,NEG,AVERAGE,,,0.95,30.66699999999998,243,13,230,3.8808320215548733,1.9629445328090573,13.52533569957841,8.534453518042817,2.3605794419489543,1.5915114162523667,3.4851639092998985
armax_exog_1,armax_exog_1,ARMAX (Exog. 1),STATISTICAL_EXPANDING,08_12,NEG,MARGINAL,,,0.95,38.971999999999994,243,13,230,17.846097523771075,5.4403582482403054,74.09230642624725,48.40690963514268,5.118469752173054,3.011814039415389,4.151737169852176
armax_exog_1,armax_exog_1,ARMAX (Exog. 1),STATISTICAL_EXPANDING,08_12,POS,AVERAGE,,,0.95,40.626999999999995,243,13,230,8.600136753498383,4.391862468652369,30.62206219488665,26.161915355365924,5.0141593294210915,3.1613812185337764,3.560648286485693
armax_exog_1,armax_exog_1,ARMAX (Exog. 1),STATISTICAL_EXPANDING,08_12,POS,MARGINAL,,,0.95,65.84399999999997,243,13,230,18.494640514469015,8.892764122539248,69.21712803054078,64.45155393181587,9.517816081066554,5.752484698536653,3.742550604127166
armax_exog_1,armax_exog_1,ARMAX (Exog. 1),STATISTICAL_EXPANDING,12_16,NEG,AVERAGE,,,0.95,63.112,243,13,230,6.216551301853974,3.737764656682811,13.040050543347615,8.887317920919436,5.587369691224681,3.446702950443349,2.0976341881806166
armax_exog_1,armax_exog_1,ARMAX (Exog. 1),STATISTICAL_EXPANDING,12_16,NEG,MARGINAL,,,0.95,80.81899999999997,243,13,230,27.208305079738196,8.03477117282192,110.51766989783026,48.257508963110226,9.57962139477134,5.761312080327362,4.061909390310824
armax_exog_1,armax_exog_1,ARMAX (Exog. 1),STATISTICAL_EXPANDING,12_16,POS,AVERAGE,,,0.95,28.663999999999962,243,13,230,16.13281076884624,3.735232219052032,68.61417943467534,42.283421889600746,2.9798232288588644,1.5564214985427567,4.2530827651666785
armax_exog_1,armax_exog_1,ARMAX (Exog. 1),STATISTICAL_EXPANDING,12_16,POS,MARGINAL,,,0.95,49.48499999999998,243,13,230,93.68483599787047,13.34278412650828,404.5402027454012,200.09516899813997,4.794970748680829,2.787214546807361,4.318096930378324
armax_exog_1,armax_exog_1,ARMAX (Exog. 1),STATISTICAL_EXPANDING,16_20,NEG,AVERAGE,,,0.95,21.622999999999998,243,13,230,2.150031211871785,1.2029171829153429,5.6773810701432605,4.349525278917155,1.7498765023734135,1.0250654209674142,2.6406040241623367
armax_exog_1,armax_exog_1,ARMAX (Exog. 1),STATISTICAL_EXPANDING,16_20,NEG,MARGINAL,,,0.95,26.906999999999993,243,13,230,5.362187775425573,2.2732129045581497,19.758377421797892,12.206094138665684,2.8831427690219624,1.711789182630333,3.6847604465380286
armax_exog_1,armax_exog_1,ARMAX (Exog. 1),STATISTICAL_EXPANDING,16_20,POS,AVERAGE,,,0.95,68.41499999999998,243,13,230,22.301147881872264,8.970246054581423,90.79852025405718,83.26207805854955,7.711393093028114,4.771142506531048,4.0714729454739755
armax_exog_1,armax_exog_1,ARMAX (Exog. 1),STATISTICAL_EXPANDING,16_20,POS,MARGINAL,,,0.95,110.30499999999995,243,13,230,39.54904583513209,16.237539053650856,158.75122950112666,147.68059295554406,15.10218529342647,8.80814905050037,4.014034375517228
armax_exog_1,armax_exog_1,ARMAX (Exog. 1),STATISTICAL_EXPANDING,20_24,NEG,AVERAGE,,,0.95,5.679999999999998,243,13,230,0.931613386652113,0.4504123026896961,3.1614502822448802,2.7077074564526455,0.5933272742309216,0.3228260548683121,3.393521741466176
armax_exog_1,armax_exog_1,ARMAX (Exog. 1),STATISTICAL_EXPANDING,20_24,NEG,MARGINAL,,,0.95,8.972999999999994,243,13,230,2.2129035104944945,1.110978067782651,7.809812583822022,6.739202129638672,1.313881818083644,0.792861055590789,3.529215145072839
armax_exog_1,armax_exog_1,ARMAX (Exog. 1),STATISTICAL_EXPANDING,20_24,POS,AVERAGE,,,0.95,30.47799999999999,243,13,230,3.2364646811298172,2.032433011218272,7.300342469289048,6.305197936987984,2.8380320649818693,1.790928906718245,2.2556533713634015
armax_exog_1,armax_exog_1,ARMAX (Exog. 1),STATISTICAL_EXPANDING,20_24,POS,MARGINAL,,,0.95,37.205,243,13,230,8.050084639004696,4.003778279535544,28.30778416027697,19.070074403356024,4.81394724690488,3.1522050203630814,3.5164579541336245
armax_exog_1_3,armax_exog_1_3,ARMAX (Exog. 1&3),STATISTICAL_EXPANDING,00_04,NEG,AVERAGE,,,0.95,21.354999999999993,243,13,230,2.740247621205397,1.4615742199678892,9.262522554154295,7.853458487203837,1.7561696762890908,1.1002938048632487,3.380177208248005
armax_exog_1_3,armax_exog_1_3,ARMAX (Exog. 1&3),STATISTICAL_EXPANDING,00_04,NEG,MARGINAL,,,0.95,30.95699999999999,243,13,230,6.496910335682384,3.109703756291158,23.36346064767398,19.66156702030981,3.707175917668524,2.174163658759669,3.5960879003296364
armax_exog_1_3,armax_exog_1_3,ARMAX (Exog. 1&3),STATISTICAL_EXPANDING,00_04,POS,AVERAGE,,,0.95,6.615999999999994,243,13,230,0.9427047694292764,0.30708552894254176,3.8089220100767056,1.644920678068316,0.34483578432686995,0.2314687596441284,4.040418732985374
armax_exog_1_3,armax_exog_1_3,ARMAX (Exog. 1&3),STATISTICAL_EXPANDING,00_04,POS,MARGINAL,,,0.95,8.348999999999997,243,13,230,2.3347571327352643,0.8772472353423016,9.317582272909522,5.813951984655764,0.9231083331093209,0.5982160973376277,3.9908143516381895
armax_exog_1_3,armax_exog_1_3,ARMAX (Exog. 1&3),STATISTICAL_EXPANDING,04_08,NEG,AVERAGE,,,0.95,15.850999999999994,243,13,230,1.8318945339462214,1.07593186438671,4.992825219526865,3.808988060915217,1.4616854253928193,0.9214547750177071,2.725498180712099
armax_exog_1_3,armax_exog_1_3,ARMAX (Exog. 1&3),STATISTICAL_EXPANDING,04_08,NEG,MARGINAL,,,0.95,23.935999999999996,243,13,230,5.620738076815333,2.598516192070804,20.941886411530824,16.07393106495242,2.930878613026661,1.8368623079514084,3.7258249940364303
armax_exog_1_3,armax_exog_1_3,ARMAX (Exog. 1&3),STATISTICAL_EXPANDING,04_08,POS,AVERAGE,,,0.95,17.266999999999992,243,13,230,3.885242589403968,1.6989456530612939,14.961212115195522,9.826696251197967,1.815655877845501,1.2395510540361774,3.8507793968897857
armax_exog_1_3,armax_exog_1_3,ARMAX (Exog. 1&3),STATISTICAL_EXPANDING,04_08,POS,MARGINAL,,,0.95,28.057999999999993,243,13,230,20.719091701849415,4.708810548996862,88.29875919194943,45.15624929069944,3.5865106803564184,2.4226509679441075,4.261709946680131
armax_exog_1_3,armax_exog_1_3,ARMAX (Exog. 1&3),STATISTICAL_EXPANDING,08_12,NEG,AVERAGE,,,0.95,30.66699999999998,243,13,230,4.707714403177489,2.2169909664193503,17.380262576193015,13.463548938153158,2.5182376923862413,1.5813159506257006,3.691868513617169
armax_exog_1_3,armax_exog_1_3,ARMAX (Exog. 1&3),STATISTICAL_EXPANDING,08_12,NEG,MARGINAL,,,0.95,38.971999999999994,243,13,230,18.918389731970834,5.947915584495297,75.46936518882637,52.4473563429646,7.497217790119672,3.3196863242339893,3.989206600458606
armax_exog_1_3,armax_exog_1_3,ARMAX (Exog. 1&3),STATISTICAL_EXPANDING,08_12,POS,AVERAGE,,,0.95,40.626999999999995,243,13,230,8.384834751012106,4.359134001669993,30.286749577507006,26.77749127554913,4.736303674447501,3.0920094601029118,3.6120866393760704
armax_exog_1_3,armax_exog_1_3,ARMAX (Exog. 1&3),STATISTICAL_EXPANDING,08_12,POS,MARGINAL,,,0.95,65.84399999999997,243,13,230,18.12272592780579,8.727255811447291,67.8020341845016,62.653004744882054,9.335942812121862,5.679278697818371,3.7412712885798594
armax_exog_1_3,armax_exog_1_3,ARMAX (Exog. 1&3),STATISTICAL_EXPANDING,12_16,NEG,AVERAGE,,,0.95,63.112,243,13,230,6.475222279575421,3.8432084302493634,12.212453307631685,9.579694282845944,5.989031337153677,3.51897227336347,1.886028429657623
armax_exog_1_3,armax_exog_1_3,ARMAX (Exog. 1&3),STATISTICAL_EXPANDING,12_16,NEG,MARGINAL,,,0.95,80.81899999999997,243,13,230,27.43479128690516,8.330781099578932,109.82961042347469,53.62749861357767,10.649597990632778,5.770531848787697,4.003296736428872
armax_exog_1_3,armax_exog_1_3,ARMAX (Exog. 1&3),STATISTICAL_EXPANDING,12_16,POS,AVERAGE,,,0.95,28.663999999999962,243,13,230,16.079808045073605,3.633498232484033,68.43212787303548,41.14339895969418,2.913018363073908,1.5133734087721546,4.255780148694072
armax_exog_1_3,armax_exog_1_3,ARMAX (Exog. 1&3),STATISTICAL_EXPANDING,12_16,POS,MARGINAL,,,0.95,49.48499999999998,243,13,230,93.7025725579624,13.1884888124046,404.66806876794743,199.48730366127646,4.544765178918192,2.658555799207495,4.318644170816425
armax_exog_1_3,armax_exog_1_3,ARMAX (Exog. 1&3),STATISTICAL_EXPANDING,16_20,NEG,AVERAGE,,,0.95,21.622999999999998,243,13,230,1.5868078362095146,0.9328300790184441,4.434355301589821,3.7712864543421114,1.244533216617865,0.7723955882392802,2.794513110158557
armax_exog_1_3,armax_exog_1_3,ARMAX (Exog. 1&3),STATISTICAL_EXPANDING,16_20,NEG,MARGINAL,,,0.95,26.906999999999993,243,13,230,4.26736831661567,1.6481493932665972,16.092638013998776,8.843119423822701,2.145253693035989,1.2414771741482087,3.771091881462296
armax_exog_1_3,armax_exog_1_3,ARMAX (Exog. 1&3),STATISTICAL_EXPANDING,16_20,POS,AVERAGE,,,0.95,68.41499999999998,243,13,230,21.330193465034405,8.442122532473894,86.55642915377699,78.33427959038573,7.565151131876938,4.491696263983225,4.057929868084175
armax_exog_1_3,armax_exog_1_3,ARMAX (Exog. 1&3),STATISTICAL_EXPANDING,16_20,POS,MARGINAL,,,0.95,110.30499999999995,243,13,230,37.49188615922405,14.80208227508032,150.90877982540138,139.52173709946794,14.06752558207413,7.752710480658415,4.025105036980745
armax_exog_1_3,armax_exog_1_3,ARMAX (Exog. 1&3),STATISTICAL_EXPANDING,20_24,NEG,AVERAGE,,,0.95,5.679999999999998,243,13,230,0.6855462864730577,0.35202125819027813,2.33125238283702,1.7319058642337712,0.43515125808853633,0.2740277804573851,3.400576195709054
armax_exog_1_3,armax_exog_1_3,ARMAX (Exog. 1&3),STATISTICAL_EXPANDING,20_24,NEG,MARGINAL,,,0.95,8.972999999999994,243,13,230,1.59141788663372,0.7732681675726505,5.8259585558004074,4.598726722414266,0.8702351906597442,0.5570465970816026,3.660860296175185
armax_exog_1_3,armax_exog_1_3,ARMAX (Exog. 1&3),STATISTICAL_EXPANDING,20_24,POS,AVERAGE,,,0.95,30.47799999999999,243,13,230,3.0322036089590605,1.8612180225280792,6.944484992710302,6.015882560109503,2.6435060191715056,1.626389157360434,2.2902436275030706
armax_exog_1_3,armax_exog_1_3,ARMAX (Exog. 1&3),STATISTICAL_EXPANDING,20_24,POS,MARGINAL,,,0.95,37.205,243,13,230,7.779927352746616,3.5706199418167825,27.856360816519494,17.606791780398098,4.482054858221229,2.7772710987665348,3.580542536388225
armax_exog_1_4,armax_exog_1_4,ARMAX (Exog. 1&4),STATISTICAL_EXPANDING,00_04,NEG,AVERAGE,,,0.95,21.354999999999993,243,13,230,3.5788339952950454,2.03767987200096,11.133066493967524,9.809974426157043,2.554679949188213,1.598376266766051,3.110808299184521
armax_exog_1_4,armax_exog_1_4,ARMAX (Exog. 1&4),STATISTICAL_EXPANDING,00_04,NEG,MARGINAL,,,0.95,30.95699999999999,243,13,230,7.064667291089266,3.5164340933913847,25.233783038055957,21.917907958505403,4.091531462273649,2.476350787971897,3.571828933810312
armax_exog_1_4,armax_exog_1_4,ARMAX (Exog. 1&4),STATISTICAL_EXPANDING,00_04,POS,AVERAGE,,,0.95,6.615999999999994,243,13,230,1.2325936091829446,0.6751698306242779,4.314964565345237,2.642327972649654,0.7434958340559402,0.5639826312924087,3.5007195666100515
armax_exog_1_4,armax_exog_1_4,ARMAX (Exog. 1&4),STATISTICAL_EXPANDING,00_04,POS,MARGINAL,,,0.95,8.348999999999997,243,13,230,2.3979583513697817,1.0233372689547826,9.541789067620407,6.09672622374023,0.9639254706874563,0.7365805019451703,3.979130439096186
armax_exog_1_4,armax_exog_1_4,ARMAX (Exog. 1&4),STATISTICAL_EXPANDING,04_08,NEG,AVERAGE,,,0.95,15.850999999999994,243,13,230,2.293344497198439,1.4989279142536012,5.3919090749654845,4.396852006321571,1.9782473113105878,1.3351322047019336,2.351111698025424
armax_exog_1_4,armax_exog_1_4,ARMAX (Exog. 1&4),STATISTICAL_EXPANDING,04_08,NEG,MARGINAL,,,0.95,23.935999999999996,243,13,230,5.741380764627339,2.758277225990619,21.70443036049037,17.234683753873114,2.863601589791735,1.9400455526755216,3.7803502764023977
armax_exog_1_4,armax_exog_1_4,ARMAX (Exog. 1&4),STATISTICAL_EXPANDING,04_08,POS,AVERAGE,,,0.95,17.266999999999992,243,13,230,4.6736871907282405,2.808698085093806,13.59798445681727,7.488041242896743,3.553422825557802,2.544213471826683,2.909476801056185
armax_exog_1_4,armax_exog_1_4,ARMAX (Exog. 1&4),STATISTICAL_EXPANDING,04_08,POS,MARGINAL,,,0.95,28.057999999999993,243,13,230,20.88039970751266,5.522734235044664,87.01795928909264,39.48630063552519,5.713525994956026,3.6030543950175042,4.167447008104162
armax_exog_1_4,armax_exog_1_4,ARMAX (Exog. 1&4),STATISTICAL_EXPANDING,08_12,NEG,AVERAGE,,,0.95,30.66699999999998,243,13,230,4.238138019771351,2.1279204692705704,14.957319195725336,10.85314532949827,2.51633152904819,1.634755585866396,3.5292194652340014
armax_exog_1_4,armax_exog_1_4,ARMAX (Exog. 1&4),STATISTICAL_EXPANDING,08_12,NEG,MARGINAL,,,0.95,38.971999999999994,243,13,230,17.62508711318947,5.41003716984507,72.53954409806202,46.3748058599919,5.54844557677343,3.094637200401989,4.115698471854823
armax_exog_1_4,armax_exog_1_4,ARMAX (Exog. 1&4),STATISTICAL_EXPANDING,08_12,POS,AVERAGE,,,0.95,40.626999999999995,243,13,230,8.68647033710895,6.267101782906215,24.89403438171225,21.448139752657916,6.685233578428418,5.409043115050684,2.8658400265714294
armax_exog_1_4,armax_exog_1_4,ARMAX (Exog. 1&4),STATISTICAL_EXPANDING,08_12,POS,MARGINAL,,,0.95,65.84399999999997,243,13,230,17.259584143124137,11.649133785758716,56.84906895835789,50.814245207724966,11.491857636609451,9.435453574951929,3.2937681746524228
armax_exog_1_4,armax_exog_1_4,ARMAX (Exog. 1&4),STATISTICAL_EXPANDING,12_16,NEG,AVERAGE,,,0.95,63.112,243,13,230,6.5901081326129916,4.168551709366194,13.562641720991106,10.994709947634577,5.957124476883945,3.7827253741597198,2.0580302247049005
armax_exog_1_4,armax_exog_1_4,ARMAX (Exog. 1&4),STATISTICAL_EXPANDING,12_16,NEG,MARGINAL,,,0.95,80.81899999999997,243,13,230,26.918000720840094,8.09673823360375,110.16814802822569,52.24537311316143,8.917829830211259,5.601380609976575,4.092731446542119
armax_exog_1_4,armax_exog_1_4,ARMAX (Exog. 1&4),STATISTICAL_EXPANDING,12_16,POS,AVERAGE,,,0.95,28.663999999999962,243,13,230,16.64817467239677,4.805757592373812,69.50639575706504,45.25434904383069,4.445559717491037,2.5195328581610315,4.175016007749424
armax_exog_1_4,armax_exog_1_4,ARMAX (Exog. 1&4),STATISTICAL_EXPANDING,12_16,POS,MARGINAL,,,0.95,49.48499999999998,243,13,230,93.81430864782259,13.374261944213746,405.07761358547333,202.90738770988278,4.903816549347244,2.6615200531107157,4.31786599958998
armax_exog_1_4,armax_exog_1_4,ARMAX (Exog. 1&4),STATISTICAL_EXPANDING,16_20,NEG,AVERAGE,,,0.95,21.622999999999998,243,13,230,2.3044690178482914,1.447755954180683,3.5107924243418904,2.643194770793512,2.216770758055898,1.3801876732416969,1.5234713060364582
armax_exog_1_4,armax_exog_1_4,ARMAX (Exog. 1&4),STATISTICAL_EXPANDING,16_20,NEG,MARGINAL,,,0.95,26.906999999999993,243,13,230,6.057585886646929,3.289696794860441,18.80467967697942,12.538690428302639,4.3337495339575876,2.7669275894919694,3.1043191180221834
armax_exog_1_4,armax_exog_1_4,ARMAX (Exog. 1&4),STATISTICAL_EXPANDING,16_20,POS,AVERAGE,,,0.95,68.41499999999998,243,13,230,21.88789676922032,9.735941882501226,87.13933509380006,79.59692416689367,8.77348220553338,5.78727766642687,3.9811652993694238
armax_exog_1_4,armax_exog_1_4,ARMAX (Exog. 1&4),STATISTICAL_EXPANDING,16_20,POS,MARGINAL,,,0.95,110.30499999999995,243,13,230,39.194174634520934,15.016955848441228,158.63429525696966,146.83209981476904,14.165118337967181,7.566534667735744,4.04739471455153
armax_exog_1_4,armax_exog_1_4,ARMAX (Exog. 1&4),STATISTICAL_EXPANDING,20_24,NEG,AVERAGE,,,0.95,5.679999999999998,243,13,230,0.8951217343051586,0.42660846579677214,3.346511187546236,2.813727029615294,0.46209939972935443,0.2916843730592035,3.738610134568989
armax_exog_1_4,armax_exog_1_4,ARMAX (Exog. 1&4),STATISTICAL_EXPANDING,20_24,NEG,MARGINAL,,,0.95,8.972999999999994,243,13,230,1.887911314887786,0.8628680713157966,7.138019308882694,6.106040661222189,0.9411733282783697,0.5665148379732615,3.7809081669214772
armax_exog_1_4,armax_exog_1_4,ARMAX (Exog. 1&4),STATISTICAL_EXPANDING,20_24,POS,AVERAGE,,,0.95,30.47799999999999,243,13,230,15.77559096252384,6.7607254383591835,38.9056660091287,31.46207130798611,13.318468975158156,5.364562410945488,2.4661938878582856
armax_exog_1_4,armax_exog_1_4,ARMAX (Exog. 1&4),STATISTICAL_EXPANDING,20_24,POS,MARGINAL,,,0.95,37.205,243,13,230,839.6651900057435,100.87694992689968,52.617127324485686,34.292649944329476,862.9780416888827,104.64041036069715,0.06266441428175172
armax_exog_4,armax_exog_4,ARMAX (Exog. 4),STATISTICAL_EXPANDING,00_04,NEG,AVERAGE,,,0.95,21.354999999999993,243,13,230,3.0028960493583523,1.7922853645578987,9.691338005808502,8.445972146823083,2.053880799188685,1.4162074159950842,3.2273304991291027
armax_exog_4,armax_exog_4,ARMAX (Exog. 4),STATISTICAL_EXPANDING,00_04,NEG,MARGINAL,,,0.95,30.95699999999999,243,13,230,7.15411774538542,3.2483460646985822,26.15294393668775,22.426688193967962,3.9261587480828086,2.1643528139137915,3.6556490775619443
armax_exog_4,armax_exog_4,ARMAX (Exog. 4),STATISTICAL_EXPANDING,00_04,POS,AVERAGE,,,0.95,6.615999999999994,243,13,230,1.0341269629671102,0.39929118102781613,4.086884060521917,2.1366500946057547,0.4310484520391015,0.30109263373862827,3.952013830870299
armax_exog_4,armax_exog_4,ARMAX (Exog. 4),STATISTICAL_EXPANDING,00_04,POS,MARGINAL,,,0.95,8.348999999999997,243,13,230,2.3294170962789744,0.8144952839188829,9.424561888362831,5.998612951909313,0.8440892849218679,0.52147993746725,4.04588852010131
armax_exog_4,armax_exog_4,ARMAX (Exog. 4),STATISTICAL_EXPANDING,04_08,NEG,AVERAGE,,,0.95,15.850999999999994,243,13,230,2.2121990173665,1.329733111580556,6.069198429468021,5.114408933379822,1.75739697226735,1.1158166520875543,2.7435137534294114
armax_exog_4,armax_exog_4,ARMAX (Exog. 4),STATISTICAL_EXPANDING,04_08,NEG,MARGINAL,,,0.95,23.935999999999996,243,13,230,5.919892529738284,2.6545792222294886,22.546430712070148,18.04620427942872,2.8798596024526337,1.7846178059530096,3.8085878415544334
armax_exog_4,armax_exog_4,ARMAX (Exog. 4),STATISTICAL_EXPANDING,04_08,POS,AVERAGE,,,0.95,17.266999999999992,243,13,230,5.9193764088517815,3.7578664128082853,16.033140411925093,11.909285572084938,4.742353322816905,3.297134025544822,2.708586057806576
armax_exog_4,armax_exog_4,ARMAX (Exog. 4),STATISTICAL_EXPANDING,04_08,POS,MARGINAL,,,0.95,28.057999999999993,243,13,230,20.593154364399073,4.910207084043407,87.22468735385603,41.29573669181457,4.245230843596464,2.853633671430254,4.235615671615994
armax_exog_4,armax_exog_4,ARMAX (Exog. 4),STATISTICAL_EXPANDING,08_12,NEG,AVERAGE,,,0.95,30.66699999999998,243,13,230,3.96050642513104,2.0356476318155887,13.548009552828187,8.609694183245649,2.489519065572901,1.6640710876043243,3.420777067008528
armax_exog_4,armax_exog_4,ARMAX (Exog. 4),STATISTICAL_EXPANDING,08_12,NEG,MARGINAL,,,0.95,38.971999999999994,243,13,230,17.863688925389454,4.916716062509042,74.31283137784426,46.93567088369192,5.0012633341004165,2.5417316595726165,4.159993587451263
armax_exog_4,armax_exog_4,ARMAX (Exog. 4),STATISTICAL_EXPANDING,08_12,POS,AVERAGE,,,0.95,40.626999999999995,243,13,230,9.85884081155642,5.487441074599149,32.68221175619909,30.589321112291245,6.505234612374415,4.068639159425247,3.3150156677536953
armax_exog_4,armax_exog_4,ARMAX (Exog. 4),STATISTICAL_EXPANDING,08_12,POS,MARGINAL,,,0.95,65.84399999999997,243,13,230,47.09915281052693,25.465123635388885,89.90872689767559,71.65626799219415,43.437496737985015,22.85431982391728,1.9089245035757942
armax_exog_4,armax_exog_4,ARMAX (Exog. 4),STATISTICAL_EXPANDING,12_16,NEG,AVERAGE,,,0.95,63.112,243,13,230,7.227799018072873,4.264020753224774,16.566853229927606,11.680360032922907,6.299273240913588,3.84483635915488,2.29210208923944
armax_exog_4,armax_exog_4,ARMAX (Exog. 4),STATISTICAL_EXPANDING,12_16,NEG,MARGINAL,,,0.95,80.81899999999997,243,13,230,43637054.45965643,2844605.8895363477,11451.862531420373,6100.761076670635,44853325.26669873,3005043.1359275472,0.0002624343616503243
armax_exog_4,armax_exog_4,ARMAX (Exog. 4),STATISTICAL_EXPANDING,12_16,POS,AVERAGE,,,0.95,28.663999999999962,243,13,230,16.189219751706215,3.993691928465818,69.17150021424007,45.140194728637205,2.5426958002699727,1.668020031064826,4.2726889420937
armax_exog_4,armax_exog_4,ARMAX (Exog. 4),STATISTICAL_EXPANDING,12_16,POS,MARGINAL,,,0.95,49.48499999999998,243,13,230,93.50904299566592,13.382353691670481,403.8569737401026,199.54285505193712,4.40936480532817,2.8602383973945407,4.31890821253321
armax_exog_4,armax_exog_4,ARMAX (Exog. 4),STATISTICAL_EXPANDING,16_20,NEG,AVERAGE,,,0.95,21.622999999999998,243,13,230,1.6297984781065709,0.918521069846138,4.802396450553007,4.053017457592142,1.2258943790365082,0.7413538827126686,2.9466197907683798
armax_exog_4,armax_exog_4,ARMAX (Exog. 4),STATISTICAL_EXPANDING,16_20,NEG,MARGINAL,,,0.95,26.906999999999993,243,13,230,4.385097330826425,1.6229237010271933,16.80310287305651,8.751934939023412,2.0874267911002944,1.2199795875752333,3.8318654308842355
armax_exog_4,armax_exog_4,ARMAX (Exog. 4),STATISTICAL_EXPANDING,16_20,POS,AVERAGE,,,0.95,68.41499999999998,243,13,230,21.6722858369729,9.968460083085901,84.85351935139434,76.99608539051457,9.44840010241921,6.179942130926892,3.9153008588800686
armax_exog_4,armax_exog_4,ARMAX (Exog. 4),STATISTICAL_EXPANDING,16_20,POS,MARGINAL,,,0.95,110.30499999999995,243,13,230,37.10023593006706,13.90383518988279,150.36113810112624,139.03653725095418,13.279888342631633,6.831117247300489,4.052835092061218
armax_exog_4,armax_exog_4,ARMAX (Exog. 4),STATISTICAL_EXPANDING,20_24,NEG,AVERAGE,,,0.95,5.679999999999998,243,13,230,0.7659128049033672,0.37788236120088864,2.719888205026892,2.099143471622101,0.4490470837313454,0.2805936897422984,3.5511721277072157
armax_exog_4,armax_exog_4,ARMAX (Exog. 4),STATISTICAL_EXPANDING,20_24,NEG,MARGINAL,,,0.95,8.972999999999994,243,13,230,1.7120853613035885,0.8118401009974098,6.3570026834560185,5.047972365430875,0.9015473089896927,0.5724065382250834,3.713017368839467
armax_exog_4,armax_exog_4,ARMAX (Exog. 4),STATISTICAL_EXPANDING,20_24,POS,AVERAGE,,,0.95,30.47799999999999,243,13,230,3.3928512932500468,2.1700412011833885,7.3386841705151875,6.066635781724717,3.019608515966898,1.9497988988049655,2.1629843268153928
armax_exog_4,armax_exog_4,ARMAX (Exog. 4),STATISTICAL_EXPANDING,20_24,POS,MARGINAL,,,0.95,37.205,243,13,230,7.6304105711191985,3.4969442905063945,27.231387752741497,16.135740356166057,4.427237329921153,2.7825775563604136,3.5687971831831984
sarma,sarma,SARMA,STATISTICAL_EXPANDING,00_04,NEG,AVERAGE,,,0.95,21.354999999999993,243,13,230,3.8302973265226847,1.9879519957173482,12.462996893457046,10.298960265297042,2.5925095855447955,1.5181993543932784,3.2537935912070597
sarma,sarma,SARMA,STATISTICAL_EXPANDING,00_04,NEG,MARGINAL,,,0.95,30.95699999999999,243,13,230,8.79157660651601,4.383328678674181,30.981000013252427,26.450817403026424,5.2354233950237665,3.136035837732533,3.523941313357878
sarma,sarma,SARMA,STATISTICAL_EXPANDING,00_04,POS,AVERAGE,,,0.95,6.615999999999994,243,13,230,0.9721490700741994,0.3061336007743194,3.940685811142774,1.8275662304660214,0.3475121286751944,0.2201395825743535,4.053581834771493
sarma,sarma,SARMA,STATISTICAL_EXPANDING,00_04,POS,MARGINAL,,,0.95,8.348999999999997,243,13,230,2.308927309631985,0.8615574271884218,9.148725561721895,5.581536318389762,0.9495513375200391,0.5947760115987808,3.962327234623982
sarma,sarma,SARMA,STATISTICAL_EXPANDING,04_08,NEG,AVERAGE,,,0.95,15.850999999999994,243,13,230,2.4102332038563956,1.282788251260031,7.197761775199346,5.270675487997607,1.791453607162281,1.0573859291835594,2.986334170354495
sarma,sarma,SARMA,STATISTICAL_EXPANDING,04_08,NEG,MARGINAL,,,0.95,23.935999999999996,243,13,230,6.505220232139398,3.2056679819184977,23.79565663685555,19.131599646296102,3.5644468826049738,2.305506626975416,3.657932519992452
sarma,sarma,SARMA,STATISTICAL_EXPANDING,04_08,POS,AVERAGE,,,0.95,17.266999999999992,243,13,230,3.955025813071509,1.5887550587774824,14.945824773522972,9.546395339926203,1.9750089434579723,1.1389753907125548,3.77894493738232
sarma,sarma,SARMA,STATISTICAL_EXPANDING,04_08,POS,MARGINAL,,,0.95,28.057999999999993,243,13,230,20.661093152265895,4.349802824007079,88.09970215358976,44.18707570440635,3.508857993186328,2.0981308785932073,4.264038766212518
sarma,sarma,SARMA,STATISTICAL_EXPANDING,08_12,NEG,AVERAGE,,,0.95,30.66699999999998,243,13,230,4.017968822592735,1.8077436276499534,14.766148992579472,9.264904214167911,2.175456795302898,1.3862519423250255,3.6750282654137414
sarma,sarma,SARMA,STATISTICAL_EXPANDING,08_12,NEG,MARGINAL,,,0.95,38.971999999999994,243,13,230,17.94383026773294,5.1730592160715245,75.12508288130697,47.849046964469686,4.602588517231897,2.7609381694229334,4.186680422206112
sarma,sarma,SARMA,STATISTICAL_EXPANDING,08_12,POS,AVERAGE,,,0.95,40.626999999999995,243,13,230,8.090257732116838,3.984371180924938,28.735488555055014,24.46488651334712,4.74132329691253,2.8267768360489014,3.551863179955368
sarma,sarma,SARMA,STATISTICAL_EXPANDING,08_12,POS,MARGINAL,,,0.95,65.84399999999997,243,13,230,17.658928421983457,8.158757351339041,65.64060547128925,60.3056945453409,9.269776943943619,5.211321770808502,3.7171341263025783
sarma,sarma,SARMA,STATISTICAL_EXPANDING,12_16,NEG,AVERAGE,,,0.95,63.112,243,13,230,6.575345338433753,3.891499003153668,17.102806274644767,14.320524191643955,5.398698572479666,3.3020323620650864,2.6010506512375295
sarma,sarma,SARMA,STATISTICAL_EXPANDING,12_16,NEG,MARGINAL,,,0.95,80.81899999999997,243,13,230,27.389198982797286,8.296394326318428,111.99637370483637,55.174955204884675,9.143645282962426,5.6467365375299,4.089070796673517
sarma,sarma,SARMA,STATISTICAL_EXPANDING,12_16,POS,AVERAGE,,,0.95,28.663999999999962,243,13,230,16.150269199252765,3.7494327611894454,68.39112716515335,42.31062297505308,3.346951151007184,1.5698872273623705,4.234674129662039
sarma,sarma,SARMA,STATISTICAL_EXPANDING,12_16,POS,MARGINAL,,,0.95,49.48499999999998,243,13,230,93.48453150055053,13.061567724408315,403.72288952553225,198.61869720017228,4.551958112451403,2.573556058386874,4.318606330322731
sarma,sarma,SARMA,STATISTICAL_EXPANDING,16_20,NEG,AVERAGE,,,0.95,21.622999999999998,243,13,230,2.24176458715026,1.061825444827493,7.043565375886731,5.440360177245207,1.582849638748394,0.8143430469082311,3.141973700655402
sarma,sarma,SARMA,STATISTICAL_EXPANDING,16_20,NEG,MARGINAL,,,0.95,26.906999999999993,243,13,230,5.643583213754853,2.1860466343893457,21.168948887902648,13.813385338916275,2.884697626357283,1.5288492293508666,3.7509766554533144
sarma,sarma,SARMA,STATISTICAL_EXPANDING,16_20,POS,AVERAGE,,,0.95,68.41499999999998,243,13,230,21.67369589049251,8.341758807096227,88.9758255617964,81.69885660007182,6.988176905463168,4.195488062275868,4.1052447174377384
sarma,sarma,SARMA,STATISTICAL_EXPANDING,16_20,POS,MARGINAL,,,0.95,110.30499999999995,243,13,230,38.60763043210776,15.019428611640004,156.45818741230923,145.22997268062934,13.82724165236858,7.659702207740605,4.052519816968407
sarma,sarma,SARMA,STATISTICAL_EXPANDING,20_24,NEG,AVERAGE,,,0.95,5.679999999999998,243,13,230,0.903130671418603,0.45384950806333496,2.9717085672189696,2.531685547333819,0.6021629991534541,0.3364066014958728,3.2904524907244306
sarma,sarma,SARMA,STATISTICAL_EXPANDING,20_24,NEG,MARGINAL,,,0.95,8.972999999999994,243,13,230,2.1878530697732743,1.101456720485929,7.660180442312041,6.42705207122308,1.319337150816292,0.8004448093573072,3.5012316631965876
sarma,sarma,SARMA,STATISTICAL_EXPANDING,20_24,POS,AVERAGE,,,0.95,30.47799999999999,243,13,230,3.118313101964936,1.7981356008046454,7.286976283460098,6.410796763361016,2.6966982312789654,1.5374199698775461,2.3368327827210074
sarma,sarma,SARMA,STATISTICAL_EXPANDING,20_24,POS,MARGINAL,,,0.95,37.205,243,13,230,8.167176031452442,3.9260199549020793,28.719918657191876,19.200950533963802,4.8838390423648965,3.0626543134768514,3.5165054048779156
sarmax_exog_1,sarmax_exog_1,SARMAX (Exog. 1),STATISTICAL_EXPANDING,00_04,NEG,AVERAGE,,,0.95,21.354999999999993,243,13,230,3.8480256512605564,2.0025645372788046,12.217880029555813,10.00567809412959,2.6845601549573375,1.5502146405872383,3.1751035821586626
sarmax_exog_1,sarmax_exog_1,SARMAX (Exog. 1),STATISTICAL_EXPANDING,00_04,NEG,MARGINAL,,,0.95,30.95699999999999,243,13,230,8.802212788822976,4.389132509597072,30.785881555592105,26.27493594140462,5.318698886356289,3.1521088373644717,3.4975161694209356
sarmax_exog_1,sarmax_exog_1,SARMAX (Exog. 1),STATISTICAL_EXPANDING,00_04,POS,AVERAGE,,,0.95,6.615999999999994,243,13,230,0.9809909456317883,0.3130903342006902,3.9585400494638963,1.881805297108658,0.3619926434712605,0.2244238362971964,4.035246265106427
sarmax_exog_1,sarmax_exog_1,SARMAX (Exog. 1),STATISTICAL_EXPANDING,00_04,POS,MARGINAL,,,0.95,8.348999999999997,243,13,230,2.3284013144822473,0.8617230690873633,9.178844511272773,5.548062681150318,0.9827812712644881,0.596843004057718,3.942123058504551
sarmax_exog_1,sarmax_exog_1,SARMAX (Exog. 1),STATISTICAL_EXPANDING,04_08,NEG,AVERAGE,,,0.95,15.850999999999994,243,13,230,2.377454409453586,1.250032618912092,7.057395481927773,5.307117131989149,1.7766817362297147,1.0207191464338234,2.9684672201768048
sarmax_exog_1,sarmax_exog_1,SARMAX (Exog. 1),STATISTICAL_EXPANDING,04_08,NEG,MARGINAL,,,0.95,23.935999999999996,243,13,230,6.50991561350956,3.175719591850609,23.618741241032502,18.454170534638422,3.6392265800087698,2.3121549733452107,3.6281178809780923
sarmax_exog_1,sarmax_exog_1,SARMAX (Exog. 1),STATISTICAL_EXPANDING,04_08,POS,AVERAGE,,,0.95,17.266999999999992,243,13,230,3.9589883713254204,1.5859559425845065,14.934688125286243,9.527976806101979,1.9881149979949762,1.137059111168302,3.7723495813872003
sarmax_exog_1,sarmax_exog_1,SARMAX (Exog. 1),STATISTICAL_EXPANDING,04_08,POS,MARGINAL,,,0.95,28.057999999999993,243,13,230,20.66455078366422,4.333548835922427,88.10306227525085,44.27049235236397,3.5255616816932567,2.0762433328192085,4.263487902427487
sarmax_exog_1,sarmax_exog_1,SARMAX (Exog. 1),STATISTICAL_EXPANDING,08_12,NEG,AVERAGE,,,0.95,30.66699999999998,243,13,230,3.8337377190955526,1.7498920855453728,13.534612945248602,7.884397821949014,2.2747084781230256,1.4031591526182106,3.530396166079316
sarmax_exog_1,sarmax_exog_1,SARMAX (Exog. 1),STATISTICAL_EXPANDING,08_12,NEG,MARGINAL,,,0.95,38.971999999999994,243,13,230,17.380977175121537,4.999653739996311,72.6377511922788,45.09234220499312,4.577233662406311,2.733545261539969,4.179152326156304
sarmax_exog_1,sarmax_exog_1,SARMAX (Exog. 1),STATISTICAL_EXPANDING,08_12,POS,AVERAGE,,,0.95,40.626999999999995,243,13,230,8.096761944390098,3.992736487584388,28.675396610881297,24.429509946048515,4.773507869688347,2.8376145094972847,3.5415882062272144
sarmax_exog_1,sarmax_exog_1,SARMAX (Exog. 1),STATISTICAL_EXPANDING,08_12,POS,MARGINAL,,,0.95,65.84399999999997,243,13,230,17.732173198635675,8.167313351959349,65.57477580480374,60.55117210302975,9.442230746497792,5.206486552985804,3.6980676350403066
sarmax_exog_1,sarmax_exog_1,SARMAX (Exog. 1),STATISTICAL_EXPANDING,12_16,NEG,AVERAGE,,,0.95,63.112,243,13,230,5.870114347774468,3.4372835009725153,13.232154066656134,8.721416730810091,5.148737371867458,3.138615101025174,2.254156100327557
sarmax_exog_1,sarmax_exog_1,SARMAX (Exog. 1),STATISTICAL_EXPANDING,12_16,NEG,MARGINAL,,,0.95,80.81899999999997,243,13,230,27.107286794479766,7.9314989438425245,110.95995870110772,51.27731880388691,8.968581077165046,5.481517821318276,4.093362775196817
sarmax_exog_1,sarmax_exog_1,SARMAX (Exog. 1),STATISTICAL_EXPANDING,12_16,POS,AVERAGE,,,0.95,28.663999999999962,243,13,230,16.207839194273973,3.830724588088759,68.66805158513279,43.03831081061359,3.3203833375791407,1.614643627685182,4.236718464568204
sarmax_exog_1,sarmax_exog_1,SARMAX (Exog. 1),STATISTICAL_EXPANDING,12_16,POS,MARGINAL,,,0.95,49.48499999999998,243,13,230,93.58054422228112,13.140204318660727,404.06165466919686,197.5728527385257,4.922294610677318,2.7157502775379223,4.317795520716704
sarmax_exog_1,sarmax_exog_1,SARMAX (Exog. 1),STATISTICAL_EXPANDING,16_20,NEG,AVERAGE,,,0.95,21.622999999999998,243,13,230,2.121326721073015,1.0370105330926258,6.700865667894123,5.308565135429204,1.4887779726028594,0.7955748381779496,3.158808872451611
sarmax_exog_1,sarmax_exog_1,SARMAX (Exog. 1),STATISTICAL_EXPANDING,16_20,NEG,MARGINAL,,,0.95,26.906999999999993,243,13,230,5.516586315688647,2.1493946272339497,20.823735802879217,13.657725735580623,2.7646750153508717,1.4989237385013119,3.7747502914362987
sarmax_exog_1,sarmax_exog_1,SARMAX (Exog. 1),STATISTICAL_EXPANDING,16_20,POS,AVERAGE,,,0.95,68.41499999999998,243,13,230,21.82614666876016,8.552640374015793,89.31108135152567,82.07105713204285,7.243109041309553,4.397251600736001,4.0919307794882975
sarmax_exog_1,sarmax_exog_1,SARMAX (Exog. 1),STATISTICAL_EXPANDING,16_20,POS,MARGINAL,,,0.95,110.30499999999995,243,13,230,38.52352337769031,15.305634977135437,155.30625925917693,144.3512263674277,14.305150522409152,8.01175372464066,4.031465599252992
sarmax_exog_1,sarmax_exog_1,SARMAX (Exog. 1),STATISTICAL_EXPANDING,20_24,NEG,AVERAGE,,,0.95,5.679999999999998,243,13,230,0.9253372436561542,0.449859131728884,3.111291677254442,2.6847959278357316,0.5979193773281325,0.32353661716632304,3.3623327047350164
sarmax_exog_1,sarmax_exog_1,SARMAX (Exog. 1),STATISTICAL_EXPANDING,20_24,NEG,MARGINAL,,,0.95,8.972999999999994,243,13,230,2.2044274611286414,1.095137806063044,7.651907388115887,6.537783802582779,1.3508237068913658,0.7875099888684504,3.4711540856047036
sarmax_exog_1,sarmax_exog_1,SARMAX (Exog. 1),STATISTICAL_EXPANDING,20_24,POS,AVERAGE,,,0.95,30.47799999999999,243,13,230,3.0798929810028923,1.7754837498958294,6.968870385518209,6.0178886521469,2.697573789404358,1.535695646725117,2.2626988757411195
sarmax_exog_1,sarmax_exog_1,SARMAX (Exog. 1),STATISTICAL_EXPANDING,20_24,POS,MARGINAL,,,0.95,37.205,243,13,230,8.189002906300445,3.9543488847512216,28.769101951915253,19.407062851420797,4.906042333560191,3.080934617069898,3.51313856901686
sarmax_exog_1_3,sarmax_exog_1_3,SARMAX (Exog. 1&3),STATISTICAL_EXPANDING,00_04,NEG,AVERAGE,,,0.95,21.354999999999993,243,13,230,2.7820463221696796,1.4859475373385183,9.355374881641215,7.990838818951477,1.7973016649544045,1.1182797692473512,3.3627674733845145
sarmax_exog_1_3,sarmax_exog_1_3,SARMAX (Exog. 1&3),STATISTICAL_EXPANDING,00_04,NEG,MARGINAL,,,0.95,30.95699999999999,243,13,230,6.491581723748618,3.1102528799934768,23.206847426967922,19.207341499703524,3.7526355426163023,2.2004174362707363,3.5749141602991226
sarmax_exog_1_3,sarmax_exog_1_3,SARMAX (Exog. 1&3),STATISTICAL_EXPANDING,00_04,POS,AVERAGE,,,0.95,6.615999999999994,243,13,230,0.9576138686427442,0.3052089769609493,3.8440836317170275,1.6684232076976686,0.36556200642810305,0.22815773783235208,4.014231369858257
sarmax_exog_1_3,sarmax_exog_1_3,SARMAX (Exog. 1&3),STATISTICAL_EXPANDING,00_04,POS,MARGINAL,,,0.95,8.348999999999997,243,13,230,2.3852864885608493,0.8923823952439375,9.391783208705203,5.943059593210383,1.0127407342133294,0.6069093362284427,3.9373816326657214
sarmax_exog_1_3,sarmax_exog_1_3,SARMAX (Exog. 1&3),STATISTICAL_EXPANDING,04_08,NEG,AVERAGE,,,0.95,15.850999999999994,243,13,230,1.8003525969231886,1.0439287469241372,4.870803201276032,3.7948416630629938,1.4434365278239556,0.888442364707593,2.7054718112442298
sarmax_exog_1_3,sarmax_exog_1_3,SARMAX (Exog. 1&3),STATISTICAL_EXPANDING,04_08,NEG,MARGINAL,,,0.95,23.935999999999996,243,13,230,5.451009265753334,2.513918066334035,20.63043577788152,15.502369731349695,2.7085914394241835,1.7797881896157584,3.784700185247323
sarmax_exog_1_3,sarmax_exog_1_3,SARMAX (Exog. 1&3),STATISTICAL_EXPANDING,04_08,POS,AVERAGE,,,0.95,17.266999999999992,243,13,230,3.8740686725223075,1.5520124156639068,14.762776946014153,9.436917151478353,1.8810595791223006,1.1063438871178726,3.8106647542730534
sarmax_exog_1_3,sarmax_exog_1_3,SARMAX (Exog. 1&3),STATISTICAL_EXPANDING,04_08,POS,MARGINAL,,,0.95,28.057999999999993,243,13,230,20.543978691216914,4.193983525456675,87.59337498708977,42.41609633649255,3.4988123773033832,2.0336032361372554,4.263700634801487
sarmax_exog_1_3,sarmax_exog_1_3,SARMAX (Exog. 1&3),STATISTICAL_EXPANDING,08_12,NEG,AVERAGE,,,0.95,30.66699999999998,243,13,230,4.1728835906593265,1.997438956996985,15.204953722889005,10.894047750195105,2.3086516230047436,1.4945871556423087,3.643752190193876
sarmax_exog_1_3,sarmax_exog_1_3,SARMAX (Exog. 1&3),STATISTICAL_EXPANDING,08_12,NEG,MARGINAL,,,0.95,38.971999999999994,243,13,230,17.829870359447366,5.398330219123723,72.70644371205327,49.04995991619958,6.089830751960478,2.9310641927672605,4.077788690904805
sarmax_exog_1_3,sarmax_exog_1_3,SARMAX (Exog. 1&3),STATISTICAL_EXPANDING,08_12,POS,AVERAGE,,,0.95,40.626999999999995,243,13,230,7.863019247142643,3.821547717388878,28.68653294260754,24.788544403965474,4.3369269720432655,2.6364566003215053,3.648284716208979
sarmax_exog_1_3,sarmax_exog_1_3,SARMAX (Exog. 1&3),STATISTICAL_EXPANDING,08_12,POS,MARGINAL,,,0.95,65.84399999999997,243,13,230,17.457271868692114,8.098378845765694,65.11906875868353,60.07897643641162,9.07202589394627,5.160345068903098,3.730197321121413
sarmax_exog_1_3,sarmax_exog_1_3,SARMAX (Exog. 1&3),STATISTICAL_EXPANDING,12_16,NEG,AVERAGE,,,0.95,63.112,243,13,230,6.580331705687664,3.793952196836181,15.109335802222143,10.556076582337422,5.731032842920382,3.411745166351327,2.2961358907123928
sarmax_exog_1_3,sarmax_exog_1_3,SARMAX (Exog. 1&3),STATISTICAL_EXPANDING,12_16,NEG,MARGINAL,,,0.95,80.81899999999997,243,13,230,27.52456333489156,8.07159476816069,111.46444518666408,55.73591943776458,9.908492746488195,5.377524243356989,4.04963536861513
sarmax_exog_1_3,sarmax_exog_1_3,SARMAX (Exog. 1&3),STATISTICAL_EXPANDING,12_16,POS,AVERAGE,,,0.95,28.663999999999962,243,13,230,16.183291107931666,3.709037611350566,68.64944119204624,41.58146978428261,3.213923719830044,1.568421879837016,4.241995075921247
sarmax_exog_1_3,sarmax_exog_1_3,SARMAX (Exog. 1&3),STATISTICAL_EXPANDING,12_16,POS,MARGINAL,,,0.95,49.48499999999998,243,13,230,93.64195364525989,13.161158707117595,404.3927296468889,199.44868925723557,4.60950103936535,2.631863502110927,4.318499496271018
sarmax_exog_1_3,sarmax_exog_1_3,SARMAX (Exog. 1&3),STATISTICAL_EXPANDING,16_20,NEG,AVERAGE,,,0.95,21.622999999999998,243,13,230,1.5242085833738748,0.84202955200752,4.624224190728816,3.786368715583005,1.1161962329592447,0.675610381892384,3.0338526112305293
sarmax_exog_1_3,sarmax_exog_1_3,SARMAX (Exog. 1&3),STATISTICAL_EXPANDING,16_20,NEG,MARGINAL,,,0.95,26.906999999999993,243,13,230,4.51318099668677,1.6614286377495893,17.29122555207068,9.401578320331796,2.1496155410031244,1.2239419165601604,3.831272347544796
sarmax_exog_1_3,sarmax_exog_1_3,SARMAX (Exog. 1&3),STATISTICAL_EXPANDING,16_20,POS,AVERAGE,,,0.95,68.41499999999998,243,13,230,21.062035151558756,7.966351764653051,86.33405235895204,78.91031024315265,6.884347132368365,3.9564758506508997,4.099036571618419
sarmax_exog_1_3,sarmax_exog_1_3,SARMAX (Exog. 1&3),STATISTICAL_EXPANDING,16_20,POS,MARGINAL,,,0.95,110.30499999999995,243,13,230,37.39860678726682,14.81719114904176,150.54328318290877,139.06605647647126,14.026483557958578,7.794429195752268,4.025371427316499
sarmax_exog_1_3,sarmax_exog_1_3,SARMAX (Exog. 1&3),STATISTICAL_EXPANDING,20_24,NEG,AVERAGE,,,0.95,5.679999999999998,243,13,230,0.7014404276290173,0.3632609412067747,2.384968464014333,1.8140027800315157,0.44534094509541805,0.2812624894471155,3.400101234649269
sarmax_exog_1_3,sarmax_exog_1_3,SARMAX (Exog. 1&3),STATISTICAL_EXPANDING,20_24,NEG,MARGINAL,,,0.95,8.972999999999994,243,13,230,1.5805685643684995,0.7859130673835912,5.671638325202127,4.439812213490443,0.9062215176119418,0.5793883330384214,3.5883532376010363
sarmax_exog_1_3,sarmax_exog_1_3,SARMAX (Exog. 1&3),STATISTICAL_EXPANDING,20_24,POS,AVERAGE,,,0.95,30.47799999999999,243,13,230,2.878118266583954,1.6574565208242587,6.737703872324315,5.744824068536299,2.487140614800025,1.4264313985622736,2.341010079589715
sarmax_exog_1_3,sarmax_exog_1_3,SARMAX (Exog. 1&3),STATISTICAL_EXPANDING,20_24,POS,MARGINAL,,,0.95,37.205,243,13,230,7.8208683300393345,3.5726639105432993,27.78964354242098,17.459511110251878,4.579679949947954,2.787755155777162,3.553268303429066
sarmax_exog_4,sarmax_exog_4,SARMAX (Exog. 4),STATISTICAL_EXPANDING,00_04,NEG,AVERAGE,,,0.95,21.354999999999993,243,13,230,3.3420179238334633,1.8711446353984373,10.883009869175968,9.714192136394761,2.259635036537407,1.4278419505595146,3.2564187617200466
sarmax_exog_4,sarmax_exog_4,SARMAX (Exog. 4),STATISTICAL_EXPANDING,00_04,NEG,MARGINAL,,,0.95,30.95699999999999,243,13,230,6.806805553919825,3.190221096359079,24.820709528668285,20.56545439142852,3.7590141918208966,2.20814269272472,3.646454909289251
sarmax_exog_4,sarmax_exog_4,SARMAX (Exog. 4),STATISTICAL_EXPANDING,00_04,POS,AVERAGE,,,0.95,6.615999999999994,243,13,230,1.0483164416710768,0.41070530793729415,3.978077592571643,2.0786984703272164,0.5163532310244685,0.31642743354134206,3.794729753766294
sarmax_exog_4,sarmax_exog_4,SARMAX (Exog. 4),STATISTICAL_EXPANDING,00_04,POS,MARGINAL,,,0.95,8.348999999999997,243,13,230,2.3437681954318936,0.9222948737568017,9.015679596393511,5.5568938492524085,1.0997773913078777,0.6603392794896588,3.846660098027383
sarmax_exog_4,sarmax_exog_4,SARMAX (Exog. 4),STATISTICAL_EXPANDING,04_08,NEG,AVERAGE,,,0.95,15.850999999999994,243,13,230,2.03243399211146,1.2679640630544144,5.154781130682052,4.060735753243767,1.691858351788039,1.1101117501306685,2.536260046175886
sarmax_exog_4,sarmax_exog_4,SARMAX (Exog. 4),STATISTICAL_EXPANDING,04_08,NEG,MARGINAL,,,0.95,23.935999999999996,243,13,230,5.525693958144806,2.5713566817779805,20.607082113861633,14.930217419925924,2.873504557398198,1.8728123791870093,3.729320203028444
sarmax_exog_4,sarmax_exog_4,SARMAX (Exog. 4),STATISTICAL_EXPANDING,04_08,POS,AVERAGE,,,0.95,17.266999999999992,243,13,230,4.14127641451862,1.9023635097822178,15.096955291704585,10.399764882951574,2.288493547535297,1.4220756060813409,3.645483609540574
sarmax_exog_4,sarmax_exog_4,SARMAX (Exog. 4),STATISTICAL_EXPANDING,04_08,POS,MARGINAL,,,0.95,28.057999999999993,243,13,230,20.663432459801108,4.707151597008943,87.66671286163009,43.87811623135098,4.088496639044352,2.493140552459177,4.242601660308759
sarmax_exog_4,sarmax_exog_4,SARMAX (Exog. 4),STATISTICAL_EXPANDING,08_12,NEG,AVERAGE,,,0.95,30.66699999999998,243,13,230,3.9542400949934353,1.8756798979964544,13.548883865648156,8.487463538843716,2.478702568270586,1.5019703878616093,3.4264191197703813
sarmax_exog_4,sarmax_exog_4,SARMAX (Exog. 4),STATISTICAL_EXPANDING,08_12,NEG,MARGINAL,,,0.95,38.971999999999994,243,13,230,17.27221753450699,5.261322026906976,70.50369713439727,45.24127182016188,5.8510649810517545,3.001585734244743,4.081913453992964
sarmax_exog_4,sarmax_exog_4,SARMAX (Exog. 4),STATISTICAL_EXPANDING,08_12,POS,AVERAGE,,,0.95,40.626999999999995,243,13,230,7.896872417094136,4.117604134738883,28.03801024351434,24.93798591441183,4.631618223998903,2.9407999471921515,3.550520859729385
sarmax_exog_4,sarmax_exog_4,SARMAX (Exog. 4),STATISTICAL_EXPANDING,08_12,POS,MARGINAL,,,0.95,65.84399999999997,243,13,230,17.617098653688835,8.616433990922646,63.1839027487433,57.0496114379578,10.11226842553577,5.878906570003267,3.5865101280745373
sarmax_exog_4,sarmax_exog_4,SARMAX (Exog. 4),STATISTICAL_EXPANDING,12_16,NEG,AVERAGE,,,0.95,63.112,243,13,230,4.81529885182969,3.0069062043447485,10.29997034908883,7.557709709594397,4.3013162683995265,2.7496868757871598,2.1390095746965128
sarmax_exog_4,sarmax_exog_4,SARMAX (Exog. 4),STATISTICAL_EXPANDING,12_16,NEG,MARGINAL,,,0.95,80.81899999999997,243,13,230,26.23912457664608,6.588582532653751,109.50999638626635,47.72917360150961,7.04080097240237,4.263244776587985,4.173538490828114
sarmax_exog_4,sarmax_exog_4,SARMAX (Exog. 4),STATISTICAL_EXPANDING,12_16,POS,AVERAGE,,,0.95,28.663999999999962,243,13,230,16.26144315227355,3.9882725042641605,69.18040785789135,43.51384751237102,2.9785587460900222,1.754218264675512,4.254260043839903
sarmax_exog_4,sarmax_exog_4,SARMAX (Exog. 4),STATISTICAL_EXPANDING,12_16,POS,MARGINAL,,,0.95,49.48499999999998,243,13,230,93.67652102188755,13.515341455967343,404.39244032715993,198.6717596189962,5.3011148281417775,3.0499786902309256,4.316902847327918
sarmax_exog_4,sarmax_exog_4,SARMAX (Exog. 4),STATISTICAL_EXPANDING,16_20,NEG,AVERAGE,,,0.95,21.622999999999998,243,13,230,1.8145904362544727,0.9911749640471218,5.156408939032791,3.7771821835442685,1.4057092481426088,0.8337049907711962,2.8416378902978368
sarmax_exog_4,sarmax_exog_4,SARMAX (Exog. 4),STATISTICAL_EXPANDING,16_20,NEG,MARGINAL,,,0.95,26.906999999999993,243,13,230,4.784219052297449,1.8418835999323346,17.99671200722499,9.39103633289772,2.4240689486409153,1.4151923585038562,3.7616822746823675
sarmax_exog_4,sarmax_exog_4,SARMAX (Exog. 4),STATISTICAL_EXPANDING,16_20,POS,AVERAGE,,,0.95,68.41499999999998,243,13,230,20.784215663328986,8.29473836529504,84.4338760351382,76.8266116543204,7.3110956026772795,4.421197701132736,4.0624037684573615
sarmax_exog_4,sarmax_exog_4,SARMAX (Exog. 4),STATISTICAL_EXPANDING,16_20,POS,MARGINAL,,,0.95,110.30499999999995,243,13,230,36.474527499318754,14.198533059307804,147.57413173269111,136.39131382201774,13.215510377550004,7.291984581415505,4.045950471474851
sarmax_exog_4,sarmax_exog_4,SARMAX (Exog. 4),STATISTICAL_EXPANDING,20_24,NEG,AVERAGE,,,0.95,5.679999999999998,243,13,230,0.8579520054394375,0.4568393989887819,2.777040228098461,2.2532930547937804,0.5846309048700961,0.3553007140954557,3.236824683073127
sarmax_exog_4,sarmax_exog_4,SARMAX (Exog. 4),STATISTICAL_EXPANDING,20_24,NEG,MARGINAL,,,0.95,8.972999999999994,243,13,230,1.781735708708654,0.9235150794049298,5.985135051354518,4.704745522071867,1.1529537084747157,0.7097933587324504,3.359159847389687
sarmax_exog_4,sarmax_exog_4,SARMAX (Exog. 4),STATISTICAL_EXPANDING,20_24,POS,AVERAGE,,,0.95,30.47799999999999,243,13,230,3.2649722913365675,2.1404452449654605,6.066620420967139,5.009898860692374,3.030239066504617,1.978258736250461,1.8580924674505195
sarmax_exog_4,sarmax_exog_4,SARMAX (Exog. 4),STATISTICAL_EXPANDING,20_24,POS,MARGINAL,,,0.95,37.205,243,13,230,8.142446899622389,4.188313710619952,26.582950562455085,15.534655182992706,5.4868506448810495,3.546998757833666,3.2647373560014112
rw_arma_12m,rw_arma_12m,RW-ARMA (12 Months),STATISTICAL_ROLLING,00_04,NEG,AVERAGE,,,0.95,21.354999999999993,243,13,230,3.868381745577832,2.0444390463172786,12.806401627715443,11.065386619126677,2.557421167656408,1.534559400897617,3.3105320182929647
rw_arma_12m,rw_arma_12m,RW-ARMA (12 Months),STATISTICAL_ROLLING,00_04,NEG,MARGINAL,,,0.95,30.95699999999999,243,13,230,8.737589901262949,4.298042945908978,31.489110991722566,27.531405763225756,4.961424031222944,2.9848528736258557,3.6038668955121214
rw_arma_12m,rw_arma_12m,RW-ARMA (12 Months),STATISTICAL_ROLLING,00_04,POS,AVERAGE,,,0.95,6.615999999999994,243,13,230,0.964966032707267,0.3008093791128152,3.9403419864267986,1.8157801044551094,0.32590949897290045,0.2151805989847725,4.083399677159563
rw_arma_12m,rw_arma_12m,RW-ARMA (12 Months),STATISTICAL_ROLLING,00_04,POS,MARGINAL,,,0.95,8.348999999999997,243,13,230,2.350004406877045,0.8806255408767075,9.430354508467943,5.986361412378903,0.898941196217337,0.5920404698787571,4.01290928683835
rw_arma_12m,rw_arma_12m,RW-ARMA (12 Months),STATISTICAL_ROLLING,04_08,NEG,AVERAGE,,,0.95,15.850999999999994,243,13,230,2.3799943145025284,1.2577074327868536,7.135527399801717,5.357391640922431,1.7625794550742526,1.025986151457451,2.998127918340511
rw_arma_12m,rw_arma_12m,RW-ARMA (12 Months),STATISTICAL_ROLLING,04_08,NEG,MARGINAL,,,0.95,23.935999999999996,243,13,230,6.521110832124296,3.245570819582677,24.017263964514843,19.823891114327946,3.510710833127477,2.308535324662293,3.6830019582248164
rw_arma_12m,rw_arma_12m,RW-ARMA (12 Months),STATISTICAL_ROLLING,04_08,POS,AVERAGE,,,0.95,17.266999999999992,243,13,230,4.148186340558863,1.8600395723529077,15.762789775226492,10.905534965651666,2.0337994964597517,1.3487724414273257,3.799923263115238
rw_arma_12m,rw_arma_12m,RW-ARMA (12 Months),STATISTICAL_ROLLING,04_08,POS,MARGINAL,,,0.95,28.057999999999993,243,13,230,20.78943972636634,4.811925711696947,88.383195572895,45.06271675394535,3.8865067747301407,2.5368810006133415,4.251350528739957
rw_arma_12m,rw_arma_12m,RW-ARMA (12 Months),STATISTICAL_ROLLING,08_12,NEG,AVERAGE,,,0.95,30.66699999999998,243,13,230,4.6043610496204606,2.436201980090324,15.429997692910602,10.610970725259723,2.9902242242861186,1.9741498336242274,3.351170233312286
rw_arma_12m,rw_arma_12m,RW-ARMA (12 Months),STATISTICAL_ROLLING,08_12,NEG,MARGINAL,,,0.95,38.971999999999994,243,13,230,18.130220116036256,6.048793952594935,74.91480620811348,49.102453628020626,5.483699058672776,3.6153262318100046,4.132040633188508
rw_arma_12m,rw_arma_12m,RW-ARMA (12 Months),STATISTICAL_ROLLING,08_12,POS,AVERAGE,,,0.95,40.626999999999995,243,13,230,8.781019600967376,4.436547320065061,30.36374354449043,26.10860972736452,5.417922024673903,3.2116046622611787,3.4578835857678025
rw_arma_12m,rw_arma_12m,RW-ARMA (12 Months),STATISTICAL_ROLLING,08_12,POS,MARGINAL,,,0.95,65.84399999999997,243,13,230,18.2344252573674,8.686119103147686,68.40885591704425,63.32493386358608,9.31550271297166,5.597838268862037,3.7516321436785884
rw_arma_12m,rw_arma_12m,RW-ARMA (12 Months),STATISTICAL_ROLLING,12_16,NEG,AVERAGE,,,0.95,63.112,243,13,230,7.906394477529033,5.033259987118922,16.872708155851903,14.325223052757202,7.067760006282084,4.50806207471328,2.134058476819777
rw_arma_12m,rw_arma_12m,RW-ARMA (12 Months),STATISTICAL_ROLLING,12_16,NEG,MARGINAL,,,0.95,80.81899999999997,243,13,230,27.76767081246814,9.50995205780014,111.17689946801872,54.48521337064622,10.770257376878295,6.9678720705523185,4.003825175646294
rw_arma_12m,rw_arma_12m,RW-ARMA (12 Months),STATISTICAL_ROLLING,12_16,POS,AVERAGE,,,0.95,28.663999999999962,243,13,230,16.25196999400849,3.780795616910025,69.57905121167276,47.15524171112847,2.3280610452733845,1.3291964898455044,4.281268746947233
rw_arma_12m,rw_arma_12m,RW-ARMA (12 Months),STATISTICAL_ROLLING,12_16,POS,MARGINAL,,,0.95,49.48499999999998,243,13,230,93.64298281160752,13.421020209063336,404.4008695026379,202.9572463046834,4.591190783496429,2.708103081919597,4.318538958933187
rw_arma_12m,rw_arma_12m,RW-ARMA (12 Months),STATISTICAL_ROLLING,16_20,NEG,AVERAGE,,,0.95,21.622999999999998,243,13,230,2.5192707978128674,1.3717655033951301,7.055921811795854,5.431053559086409,1.9726784227728102,1.142327482856058,2.8007794231257432
rw_arma_12m,rw_arma_12m,RW-ARMA (12 Months),STATISTICAL_ROLLING,16_20,NEG,MARGINAL,,,0.95,26.906999999999993,243,13,230,5.732359203874528,2.493333021865804,20.72374551474559,13.184680284136077,3.231508431048977,1.8890394809548756,3.615221024659152
rw_arma_12m,rw_arma_12m,RW-ARMA (12 Months),STATISTICAL_ROLLING,16_20,POS,AVERAGE,,,0.95,68.41499999999998,243,13,230,22.78415151366608,9.112322193669499,92.71524977644458,84.5313441154824,7.9114773791071675,4.849507911132249,4.069286921693501
rw_arma_12m,rw_arma_12m,RW-ARMA (12 Months),STATISTICAL_ROLLING,16_20,POS,MARGINAL,,,0.95,110.30499999999995,243,13,230,39.85501081387187,16.255127666361606,160.48460683257366,149.3234647358904,14.915340970605776,8.73387383199694,4.026710909251984
rw_arma_12m,rw_arma_12m,RW-ARMA (12 Months),STATISTICAL_ROLLING,20_24,NEG,AVERAGE,,,0.95,5.679999999999998,243,13,230,0.8929788248727307,0.4367145072849927,3.043780768304457,2.4363748490777146,0.5646511019496225,0.32369022709670847,3.408569927442863
rw_arma_12m,rw_arma_12m,RW-ARMA (12 Months),STATISTICAL_ROLLING,20_24,NEG,MARGINAL,,,0.95,8.972999999999994,243,13,230,2.20193199740677,1.076782997245964,8.137945836792872,6.975130330097924,1.1744498932415082,0.7433981479978097,3.6958206912733838
rw_arma_12m,rw_arma_12m,RW-ARMA (12 Months),STATISTICAL_ROLLING,20_24,POS,AVERAGE,,,0.95,30.47799999999999,243,13,230,3.241622587018813,2.0504605863504333,6.907859046257353,5.8408011002938185,2.8991240913739174,1.8362239486058067,2.130988065643455
rw_arma_12m,rw_arma_12m,RW-ARMA (12 Months),STATISTICAL_ROLLING,20_24,POS,MARGINAL,,,0.95,37.205,243,13,230,8.007441655568222,3.9590667987794723,28.413185288875393,18.88422929339484,4.702417665128289,3.1154706577794733,3.5483474636518153
rw_arma_3m,rw_arma_3m,RW-ARMA (3 Months),STATISTICAL_ROLLING,00_04,NEG,AVERAGE,,,0.95,21.354999999999993,243,13,230,3.8619484588758612,2.0716310445851143,12.665849843805756,10.754800165890503,2.5865456013466144,1.5808432246852446,3.2796527397189914
rw_arma_3m,rw_arma_3m,RW-ARMA (3 Months),STATISTICAL_ROLLING,00_04,NEG,MARGINAL,,,0.95,30.95699999999999,243,13,230,8.908233118783635,4.472193692547559,31.615578570981246,27.51192594654451,5.229338429620231,3.1699479564520794,3.549029100318174
rw_arma_3m,rw_arma_3m,RW-ARMA (3 Months),STATISTICAL_ROLLING,00_04,POS,AVERAGE,,,0.95,6.615999999999994,243,13,230,1.0784662619554661,0.34497030000079826,4.417581837807264,2.3605069765761324,0.3546913071733359,0.23104866175958372,4.096170639401683
rw_arma_3m,rw_arma_3m,RW-ARMA (3 Months),STATISTICAL_ROLLING,00_04,POS,MARGINAL,,,0.95,8.348999999999997,243,13,230,2.4230141423099214,0.9081595879230354,9.577487916771508,6.2137984141156455,1.0090564434052902,0.6082756542686706,3.952716473887785
rw_arma_3m,rw_arma_3m,RW-ARMA (3 Months),STATISTICAL_ROLLING,04_08,NEG,AVERAGE,,,0.95,15.850999999999994,243,13,230,2.5390199960867097,1.3981575081448245,7.400627858066286,5.830768135164461,1.9275220320533124,1.1476186466176277,2.9147576109965962
rw_arma_3m,rw_arma_3m,RW-ARMA (3 Months),STATISTICAL_ROLLING,04_08,NEG,MARGINAL,,,0.95,23.935999999999996,243,13,230,6.683444511699051,3.3575422098400844,24.063664455065044,19.22959834955808,3.8031161767434805,2.460425993247328,3.6004884027903197
rw_arma_3m,rw_arma_3m,RW-ARMA (3 Months),STATISTICAL_ROLLING,04_08,POS,AVERAGE,,,0.95,17.266999999999992,243,13,230,4.1199326886617005,1.8895182109201425,15.570145347643114,10.578219196081012,2.056867481468893,1.3984177204545285,3.7792232359749662
rw_arma_3m,rw_arma_3m,RW-ARMA (3 Months),STATISTICAL_ROLLING,04_08,POS,MARGINAL,,,0.95,28.057999999999993,243,13,230,20.78500969158472,4.919524661779994,88.06746752868018,43.537166483342624,4.2496115908275,2.736788384909063,4.237066464507654
rw_arma_3m,rw_arma_3m,RW-ARMA (3 Months),STATISTICAL_ROLLING,08_12,NEG,AVERAGE,,,0.95,30.66699999999998,243,13,230,4.47913759619486,2.458856135209556,14.155059169772933,9.186110355388575,3.141915494999408,2.078620027112481,3.1602197668135963
rw_arma_3m,rw_arma_3m,RW-ARMA (3 Months),STATISTICAL_ROLLING,08_12,NEG,MARGINAL,,,0.95,38.971999999999994,243,13,230,18.00860824057182,6.32536597825277,73.61217172927012,49.14406756521166,6.030195450061544,3.9051784972507457,4.087610255379332
rw_arma_3m,rw_arma_3m,RW-ARMA (3 Months),STATISTICAL_ROLLING,08_12,POS,AVERAGE,,,0.95,40.626999999999995,243,13,230,8.443768139264243,4.500556680515504,29.845836765019985,26.857302755228837,4.997896477532828,3.236914511075185,3.534658492839742
rw_arma_3m,rw_arma_3m,RW-ARMA (3 Months),STATISTICAL_ROLLING,08_12,POS,MARGINAL,,,0.95,65.84399999999997,243,13,230,18.26252823966011,8.856232239651806,67.30615158792581,61.88146673271612,9.814321904340936,5.859153768304694,3.6854783031496887
rw_arma_3m,rw_arma_3m,RW-ARMA (3 Months),STATISTICAL_ROLLING,12_16,NEG,AVERAGE,,,0.95,63.112,243,13,230,7.732171037374059,5.165656145589211,15.48783018143377,13.425819773854531,7.043271370194706,4.698777331817694,2.003037711733499
rw_arma_3m,rw_arma_3m,RW-ARMA (3 Months),STATISTICAL_ROLLING,12_16,NEG,MARGINAL,,,0.95,80.81899999999997,243,13,230,27.756701645116618,9.939802449102617,110.80197764702942,55.77437576488835,10.957142378591373,7.349152652992988,3.9919000126055466
rw_arma_3m,rw_arma_3m,RW-ARMA (3 Months),STATISTICAL_ROLLING,12_16,POS,AVERAGE,,,0.95,28.663999999999962,243,13,230,16.1341670078442,3.826313045881514,68.81151574434547,44.631701643313974,2.71896380242553,1.5199215164614182,4.264956208206491
rw_arma_3m,rw_arma_3m,RW-ARMA (3 Months),STATISTICAL_ROLLING,12_16,POS,MARGINAL,,,0.95,49.48499999999998,243,13,230,93.49946718631716,13.482052163074707,403.71194570943385,200.07686876585092,4.916335712157013,2.935388615961267,4.317799425583396
rw_arma_3m,rw_arma_3m,RW-ARMA (3 Months),STATISTICAL_ROLLING,16_20,NEG,AVERAGE,,,0.95,21.622999999999998,243,13,230,2.53865297640661,1.5300978643697922,6.502067539411355,5.683015569330792,2.1022523649651284,1.2953677332198223,2.561227390998057
rw_arma_3m,rw_arma_3m,RW-ARMA (3 Months),STATISTICAL_ROLLING,16_20,NEG,MARGINAL,,,0.95,26.906999999999993,243,13,230,5.651461485127049,2.6182101669967155,19.77541654837371,12.597981618808035,3.4118137567304485,2.0541361284160757,3.4991685956662133
rw_arma_3m,rw_arma_3m,RW-ARMA (3 Months),STATISTICAL_ROLLING,16_20,POS,AVERAGE,,,0.95,68.41499999999998,243,13,230,21.212545545557525,8.851488506847803,84.08372466667353,75.1639066563259,8.705887990384818,5.103395307094695,3.9638677256385626
rw_arma_3m,rw_arma_3m,RW-ARMA (3 Months),STATISTICAL_ROLLING,16_20,POS,MARGINAL,,,0.95,110.30499999999995,243,13,230,38.29759760715541,16.33325244912459,151.63756593913774,139.10553926609313,15.809763836648706,9.393949281208975,3.959453736356722
rw_arma_3m,rw_arma_3m,RW-ARMA (3 Months),STATISTICAL_ROLLING,20_24,NEG,AVERAGE,,,0.95,5.679999999999998,243,13,230,0.9730391695439627,0.4902239094185472,3.2919133996977785,2.7771467794282576,0.6227451498563378,0.36096305154843317,3.383125266417188
rw_arma_3m,rw_arma_3m,RW-ARMA (3 Months),STATISTICAL_ROLLING,20_24,NEG,MARGINAL,,,0.95,8.972999999999994,243,13,230,2.285914431916185,1.1476572039115667,8.290789623096288,7.0931891854007185,1.2789089448375104,0.8116053962621796,3.626902874114352
rw_arma_3m,rw_arma_3m,RW-ARMA (3 Months),STATISTICAL_ROLLING,20_24,POS,AVERAGE,,,0.95,30.47799999999999,243,13,230,3.1986335428974977,2.03531565543097,5.387339277148549,4.063348683795377,3.0280506150733557,1.9206877016538513,1.6842627343513699
rw_arma_3m,rw_arma_3m,RW-ARMA (3 Months),STATISTICAL_ROLLING,20_24,POS,MARGINAL,,,0.95,37.205,243,13,230,7.88759587956939,3.9125253158867457,27.29257949594498,17.14919724833862,4.860908559948712,3.1643655979655527,3.460189887090789
rw_arma_6m,rw_arma_6m,RW-ARMA (6 Months),STATISTICAL_ROLLING,00_04,NEG,AVERAGE,,,0.95,21.354999999999993,243,13,230,3.9114201518499696,2.0747222683028044,13.340553041536248,12.06600152155575,2.470779516971602,1.5099977887711165,3.4106673595846297
rw_arma_6m,rw_arma_6m,RW-ARMA (6 Months),STATISTICAL_ROLLING,00_04,NEG,MARGINAL,,,0.95,30.95699999999999,243,13,230,8.815698736262576,4.347586498499904,32.014259521269906,28.373425382327333,4.917251652683256,2.9896043007183533,3.6315056218495942
rw_arma_6m,rw_arma_6m,RW-ARMA (6 Months),STATISTICAL_ROLLING,00_04,POS,AVERAGE,,,0.95,6.615999999999994,243,13,230,0.9311676885025306,0.2917415467272259,3.780033022293615,1.6816139948388105,0.3293363401291056,0.21318353879048413,4.05945467069688
rw_arma_6m,rw_arma_6m,RW-ARMA (6 Months),STATISTICAL_ROLLING,00_04,POS,MARGINAL,,,0.95,8.348999999999997,243,13,230,2.3105002831834014,0.9150611973785265,9.072338103604283,5.579286316420767,0.9939794112076422,0.6514310819543998,3.9265687044644886
rw_arma_6m,rw_arma_6m,RW-ARMA (6 Months),STATISTICAL_ROLLING,04_08,NEG,AVERAGE,,,0.95,15.850999999999994,243,13,230,2.4928039811090366,1.365564210637836,7.607962940418522,6.592879384413349,1.8148722782998217,1.0701072660331332,3.0519699896474717
rw_arma_6m,rw_arma_6m,RW-ARMA (6 Months),STATISTICAL_ROLLING,04_08,NEG,MARGINAL,,,0.95,23.935999999999996,243,13,230,6.557586974399866,3.255504878894386,24.063021964417317,19.833926044448052,3.5643743059901123,2.3184636825804827,3.669493375895255
rw_arma_6m,rw_arma_6m,RW-ARMA (6 Months),STATISTICAL_ROLLING,04_08,POS,AVERAGE,,,0.95,17.266999999999992,243,13,230,4.103753410795041,1.8588401923171365,15.386799781810874,10.05522336132788,2.100223147486478,1.3955663610252247,3.7494455055061193
rw_arma_6m,rw_arma_6m,RW-ARMA (6 Months),STATISTICAL_ROLLING,04_08,POS,MARGINAL,,,0.95,28.057999999999993,243,13,230,20.728663905185964,4.827592266122509,88.10729663460909,43.97436429075031,3.8975967562599116,2.6149486299478943,4.250505340701969
rw_arma_6m,rw_arma_6m,RW-ARMA (6 Months),STATISTICAL_ROLLING,08_12,NEG,AVERAGE,,,0.95,30.66699999999998,243,13,230,4.672891773816808,2.4276236264823314,15.337887544700724,9.903207325935037,3.126233762297801,2.005090634774135,3.2823117433710154
rw_arma_6m,rw_arma_6m,RW-ARMA (6 Months),STATISTICAL_ROLLING,08_12,NEG,MARGINAL,,,0.95,38.971999999999994,243,13,230,18.123977992615433,6.387811499516273,74.3535037533026,49.030688857513546,5.879414624870882,3.977561909716427,4.102493601768758
rw_arma_6m,rw_arma_6m,RW-ARMA (6 Months),STATISTICAL_ROLLING,08_12,POS,AVERAGE,,,0.95,40.626999999999995,243,13,230,8.493934600438928,4.498444877770977,30.111717912044487,26.917921022033436,4.99756486404113,3.231257095703968,3.5450847373475716
rw_arma_6m,rw_arma_6m,RW-ARMA (6 Months),STATISTICAL_ROLLING,08_12,POS,MARGINAL,,,0.95,65.84399999999997,243,13,230,18.348982713043526,9.130772261169675,67.79619718017626,62.248369591605226,9.7940263309601,6.12847328162332,3.6948204835346417
rw_arma_6m,rw_arma_6m,RW-ARMA (6 Months),STATISTICAL_ROLLING,12_16,NEG,AVERAGE,,,0.95,63.112,243,13,230,7.691278192024742,5.097623549761508,14.624047893074053,12.445112890415256,7.100102153907803,4.682330673985428,1.9013806974552103
rw_arma_6m,rw_arma_6m,RW-ARMA (6 Months),STATISTICAL_ROLLING,12_16,NEG,MARGINAL,,,0.95,80.81899999999997,243,13,230,27.74139760387997,9.97886618484391,110.09062123414441,52.286604315753195,11.315611720225,7.5875592470099065,3.9684598017061297
rw_arma_6m,rw_arma_6m,RW-ARMA (6 Months),STATISTICAL_ROLLING,12_16,POS,AVERAGE,,,0.95,28.663999999999962,243,13,230,16.14800031332653,3.7902770522907283,69.0052279505063,45.825532862766146,2.5210365642854033,1.4143712890899436,4.2732986507040165
rw_arma_6m,rw_arma_6m,RW-ARMA (6 Months),STATISTICAL_ROLLING,12_16,POS,MARGINAL,,,0.95,49.48499999999998,243,13,230,93.52062837537278,13.394192200961683,403.8872030217786,201.4205936422293,4.511281254064396,2.7666129890639457,4.318696420651254
rw_arma_6m,rw_arma_6m,RW-ARMA (6 Months),STATISTICAL_ROLLING,16_20,NEG,AVERAGE,,,0.95,21.622999999999998,243,13,230,2.5108152908052674,1.4040054336642869,6.789432361483053,5.2508757558393695,2.013720231074166,1.1865736328456953,2.704074802454126
rw_arma_6m,rw_arma_6m,RW-ARMA (6 Months),STATISTICAL_ROLLING,16_20,NEG,MARGINAL,,,0.95,26.906999999999993,243,13,230,5.726577029241758,2.626104933526493,20.196972124851353,12.420653264542446,3.4045592497099406,2.0725000278603742,3.526883864779792
rw_arma_6m,rw_arma_6m,RW-ARMA (6 Months),STATISTICAL_ROLLING,16_20,POS,AVERAGE,,,0.95,68.41499999999998,243,13,230,21.814814291610702,8.864810920823297,87.97088867761731,79.67959167376405,8.085124148662823,4.862236356526644,4.032621479223327
rw_arma_6m,rw_arma_6m,RW-ARMA (6 Months),STATISTICAL_ROLLING,16_20,POS,MARGINAL,,,0.95,110.30499999999995,243,13,230,38.290961358583885,16.29403712529855,152.59042856132766,141.02295062337436,15.265212061914974,9.244142014537745,3.9850247459801804
rw_arma_6m,rw_arma_6m,RW-ARMA (6 Months),STATISTICAL_ROLLING,20_24,NEG,AVERAGE,,,0.95,5.679999999999998,243,13,230,0.9517427195049071,0.4661536029469094,3.4005903449558454,3.061591159254322,0.5508122878355478,0.31945495845996863,3.573014298154883
rw_arma_6m,rw_arma_6m,RW-ARMA (6 Months),STATISTICAL_ROLLING,20_24,NEG,MARGINAL,,,0.95,8.972999999999994,243,13,230,2.299289114489387,1.1533115992989422,8.532021407681741,7.671105002391693,1.21285762823297,0.784914580863265,3.710721437298016
rw_arma_6m,rw_arma_6m,RW-ARMA (6 Months),STATISTICAL_ROLLING,20_24,POS,AVERAGE,,,0.95,30.47799999999999,243,13,230,3.184660599644169,1.9830348926662733,6.145152031093437,4.8727503599499915,2.9293148972582044,1.8197031488632807,1.9296097146992843
rw_arma_6m,rw_arma_6m,RW-ARMA (6 Months),STATISTICAL_ROLLING,20_24,POS,MARGINAL,,,0.95,37.205,243,13,230,7.9921743298724,3.9361970644768784,27.978304824583844,18.16990029750088,4.820867973891364,3.13168340347987,3.5007125307576388
rw_armax_exog_1_12m,rw_armax_exog_1_12m,RW-ARMAX (Exog. 1) (12 Months),STATISTICAL_ROLLING,00_04,NEG,AVERAGE,,,0.95,21.354999999999993,243,13,230,3.5896866778722307,1.7945990770932267,11.946336168606827,9.971297669508699,2.355352217833804,1.3324378523045264,3.327960694243086
rw_armax_exog_1_12m,rw_armax_exog_1_12m,RW-ARMAX (Exog. 1) (12 Months),STATISTICAL_ROLLING,00_04,NEG,MARGINAL,,,0.95,30.95699999999999,243,13,230,8.309853393421566,3.8615602252480965,29.713052586499302,24.945003191704657,4.8016250822412525,2.669887361926638,3.5756410107092167
rw_armax_exog_1_12m,rw_armax_exog_1_12m,RW-ARMAX (Exog. 1) (12 Months),STATISTICAL_ROLLING,00_04,POS,AVERAGE,,,0.95,6.615999999999994,243,13,230,0.9551176690405694,0.29848143754008255,3.897884658762121,1.8593375790683502,0.32411169255170347,0.21025913388848477,4.081051775199183
rw_armax_exog_1_12m,rw_armax_exog_1_12m,RW-ARMAX (Exog. 1) (12 Months),STATISTICAL_ROLLING,00_04,POS,MARGINAL,,,0.95,8.348999999999997,243,13,230,2.346974864932997,0.8823400375841267,9.413303880843692,5.9778092072542615,0.9006783618594864,0.5943352584288584,4.0108243260255065
rw_armax_exog_1_12m,rw_armax_exog_1_12m,RW-ARMAX (Exog. 1) (12 Months),STATISTICAL_ROLLING,04_08,NEG,AVERAGE,,,0.95,15.850999999999994,243,13,230,2.3857310431315404,1.3100641961221424,7.045871506963555,5.501365038752221,1.7909314985381641,1.0731645832778336,2.9533385698477796
rw_armax_exog_1_12m,rw_armax_exog_1_12m,RW-ARMAX (Exog. 1) (12 Months),STATISTICAL_ROLLING,04_08,NEG,MARGINAL,,,0.95,23.935999999999996,243,13,230,6.453856444541727,3.1609806005480907,23.457114346165675,18.654385831124983,3.5925219044460874,2.28526639186331,3.6345887993843204
rw_armax_exog_1_12m,rw_armax_exog_1_12m,RW-ARMAX (Exog. 1) (12 Months),STATISTICAL_ROLLING,04_08,POS,AVERAGE,,,0.95,17.266999999999992,243,13,230,4.096260338914685,1.822520033521881,15.660747858227158,10.734295779186171,1.9660315850282946,1.318810969636508,3.823181771297406
rw_armax_exog_1_12m,rw_armax_exog_1_12m,RW-ARMAX (Exog. 1) (12 Months),STATISTICAL_ROLLING,04_08,POS,MARGINAL,,,0.95,28.057999999999993,243,13,230,20.73397648779553,4.7206818884453705,88.26778469630855,44.667769566924,3.7180740600119964,2.4628030196617963,4.2571565926229775
rw_armax_exog_1_12m,rw_armax_exog_1_12m,RW-ARMAX (Exog. 1) (12 Months),STATISTICAL_ROLLING,08_12,NEG,AVERAGE,,,0.95,30.66699999999998,243,13,230,3.9446630369729943,1.9593926843588956,13.786586626165716,8.502029574740638,2.3867928573336883,1.5895914688155792,3.494997290502434
rw_armax_exog_1_12m,rw_armax_exog_1_12m,RW-ARMAX (Exog. 1) (12 Months),STATISTICAL_ROLLING,08_12,NEG,MARGINAL,,,0.95,38.971999999999994,243,13,230,17.570069006050034,5.193244622758275,73.29903517943148,45.38426257625947,4.741192607321913,2.9215783906038593,4.171812595283028
rw_armax_exog_1_12m,rw_armax_exog_1_12m,RW-ARMAX (Exog. 1) (12 Months),STATISTICAL_ROLLING,08_12,POS,AVERAGE,,,0.95,40.626999999999995,243,13,230,8.60860398182068,4.3688345972667735,31.444562277409194,27.487562199109764,4.733953551650192,3.062123906727822,3.6526900695876607
rw_armax_exog_1_12m,rw_armax_exog_1_12m,RW-ARMAX (Exog. 1) (12 Months),STATISTICAL_ROLLING,08_12,POS,MARGINAL,,,0.95,65.84399999999997,243,13,230,18.211769660842258,8.700268432492779,68.43668981500669,63.4539949274491,9.256939112568917,5.605492587125686,3.757827552703718
rw_armax_exog_1_12m,rw_armax_exog_1_12m,RW-ARMAX (Exog. 1) (12 Months),STATISTICAL_ROLLING,12_16,NEG,AVERAGE,,,0.95,63.112,243,13,230,6.740557051543565,3.911856146973951,13.60066151277231,9.882962853092284,6.1276343612954305,3.5743588114107405,2.017735538586949
rw_armax_exog_1_12m,rw_armax_exog_1_12m,RW-ARMAX (Exog. 1) (12 Months),STATISTICAL_ROLLING,12_16,NEG,MARGINAL,,,0.95,80.81899999999997,243,13,230,27.605385794413706,8.298975038072765,110.42495551412823,49.24694604002768,10.766738139274326,5.984524503179663,4.000123611258282
rw_armax_exog_1_12m,rw_armax_exog_1_12m,RW-ARMAX (Exog. 1) (12 Months),STATISTICAL_ROLLING,12_16,POS,AVERAGE,,,0.95,28.663999999999962,243,13,230,16.35330865279028,3.9059544892112377,69.90993762999935,47.35602762902021,2.5103863495375136,1.4500807900046444,4.2749720631042445
rw_armax_exog_1_12m,rw_armax_exog_1_12m,RW-ARMAX (Exog. 1) (12 Months),STATISTICAL_ROLLING,12_16,POS,MARGINAL,,,0.95,49.48499999999998,243,13,230,93.6878140797654,13.477493830985203,404.5933941734854,203.67230555803945,4.598766988425732,2.727352298586481,4.318527421602732
rw_armax_exog_1_12m,rw_armax_exog_1_12m,RW-ARMAX (Exog. 1) (12 Months),STATISTICAL_ROLLING,16_20,NEG,AVERAGE,,,0.95,21.622999999999998,243,13,230,2.0486383454815895,1.1568295983745418,5.004124609802084,3.956622930132347,1.7374580554396553,0.9985804100577962,2.4426588620871126
rw_armax_exog_1_12m,rw_armax_exog_1_12m,RW-ARMAX (Exog. 1) (12 Months),STATISTICAL_ROLLING,16_20,NEG,MARGINAL,,,0.95,26.906999999999993,243,13,230,5.199110340105928,2.2341591431052588,18.730552964437898,11.388084888281965,2.954462253176245,1.7167633401170102,3.602645787289884
rw_armax_exog_1_12m,rw_armax_exog_1_12m,RW-ARMAX (Exog. 1) (12 Months),STATISTICAL_ROLLING,16_20,POS,AVERAGE,,,0.95,68.41499999999998,243,13,230,22.814105049189198,9.139606863700285,92.9765532408157,85.17997758130899,7.8289181582139715,4.841672866618055,4.075397787480603
rw_armax_exog_1_12m,rw_armax_exog_1_12m,RW-ARMAX (Exog. 1) (12 Months),STATISTICAL_ROLLING,16_20,POS,MARGINAL,,,0.95,110.30499999999995,243,13,230,39.486179195183354,16.12386463705105,158.9265564330889,147.25630479259672,14.821550703746366,8.712031063041943,4.024865400308856
rw_armax_exog_1_12m,rw_armax_exog_1_12m,RW-ARMAX (Exog. 1) (12 Months),STATISTICAL_ROLLING,20_24,NEG,AVERAGE,,,0.95,5.679999999999998,243,13,230,0.8955961544989682,0.4333230577909278,3.1854529842931516,2.574642708721797,0.5233505408831332,0.31229194708613944,3.5567961835155706
rw_armax_exog_1_12m,rw_armax_exog_1_12m,RW-ARMAX (Exog. 1) (12 Months),STATISTICAL_ROLLING,20_24,NEG,MARGINAL,,,0.95,8.972999999999994,243,13,230,2.1739707019373107,1.0611323235323495,8.100259219756857,7.050695912203106,1.1334240550610746,0.7225917728683503,3.7260204162541832
rw_armax_exog_1_12m,rw_armax_exog_1_12m,RW-ARMAX (Exog. 1) (12 Months),STATISTICAL_ROLLING,20_24,POS,AVERAGE,,,0.95,30.47799999999999,243,13,230,3.232316654729293,2.030022566491561,6.808540705540576,5.6245310641237305,2.901425210064852,1.8268546948862645,2.1063965671738285
rw_armax_exog_1_12m,rw_armax_exog_1_12m,RW-ARMAX (Exog. 1) (12 Months),STATISTICAL_ROLLING,20_24,POS,MARGINAL,,,0.95,37.205,243,13,230,7.91237959745745,3.8624276575814602,28.185459380681642,18.21682679108567,4.608940225637415,3.051092054383396,3.562197570720534
rw_armax_exog_1_3_12m,rw_armax_exog_1_3_12m,RW-ARMAX (Exog. 1&3) (12 Months),STATISTICAL_ROLLING,00_04,NEG,AVERAGE,,,0.95,21.354999999999993,243,13,230,2.964364759867889,1.5044556210862796,10.391348168823193,8.956649963667683,1.7835125094643736,1.0832446365055914,3.5054215694044
rw_armax_exog_1_3_12m,rw_armax_exog_1_3_12m,RW-ARMAX (Exog. 1&3) (12 Months),STATISTICAL_ROLLING,00_04,NEG,MARGINAL,,,0.95,30.95699999999999,243,13,230,6.978186415655182,3.1282903315112605,25.707467855621218,22.15472292744174,3.754154259660838,2.052883271741277,3.6839755094458226
rw_armax_exog_1_3_12m,rw_armax_exog_1_3_12m,RW-ARMAX (Exog. 1&3) (12 Months),STATISTICAL_ROLLING,00_04,POS,AVERAGE,,,0.95,6.615999999999994,243,13,230,0.9507925519768897,0.2893554363720285,3.8919123875811823,1.8855607173567355,0.3145929562046001,0.19913513788158854,4.093334954600886
rw_armax_exog_1_3_12m,rw_armax_exog_1_3_12m,RW-ARMAX (Exog. 1&3) (12 Months),STATISTICAL_ROLLING,00_04,POS,MARGINAL,,,0.95,8.348999999999997,243,13,230,2.3365000585805875,0.8774702988505066,9.37495250295969,6.045539809959787,0.8944927045290028,0.585362022135634,4.012391298057544
rw_armax_exog_1_3_12m,rw_armax_exog_1_3_12m,RW-ARMAX (Exog. 1&3) (12 Months),STATISTICAL_ROLLING,04_08,NEG,AVERAGE,,,0.95,15.850999999999994,243,13,230,1.9205139174290964,1.032879510649562,5.651791739984537,4.49690371917136,1.4461629327779248,0.837086837993982,2.9428538313069508
rw_armax_exog_1_3_12m,rw_armax_exog_1_3_12m,RW-ARMAX (Exog. 1&3) (12 Months),STATISTICAL_ROLLING,04_08,NEG,MARGINAL,,,0.95,23.935999999999996,243,13,230,5.672551864518899,2.5713682078821107,21.62065670713,16.99750539127463,2.752334896131283,1.7559778453425343,3.811451569506927
rw_armax_exog_1_3_12m,rw_armax_exog_1_3_12m,RW-ARMAX (Exog. 1&3) (12 Months),STATISTICAL_ROLLING,04_08,POS,AVERAGE,,,0.95,17.266999999999992,243,13,230,4.081171821721552,1.782323107723606,15.556117716374278,10.850190323340003,1.9797812091025595,1.2697914824931138,3.8116791931127945
rw_armax_exog_1_3_12m,rw_armax_exog_1_3_12m,RW-ARMAX (Exog. 1&3) (12 Months),STATISTICAL_ROLLING,04_08,POS,MARGINAL,,,0.95,28.057999999999993,243,13,230,20.63876296183781,4.564744489160771,87.94059298231377,44.51952068145834,3.594562179008798,2.3064310522048213,4.260943019933932
rw_armax_exog_1_3_12m,rw_armax_exog_1_3_12m,RW-ARMAX (Exog. 1&3) (12 Months),STATISTICAL_ROLLING,08_12,NEG,AVERAGE,,,0.95,30.66699999999998,243,13,230,3.805577139205911,1.7618184767724052,14.076478670764685,9.570997586011702,2.025181844850872,1.3204300923371406,3.6989077230219927
rw_armax_exog_1_3_12m,rw_armax_exog_1_3_12m,RW-ARMAX (Exog. 1&3) (12 Months),STATISTICAL_ROLLING,08_12,NEG,MARGINAL,,,0.95,38.971999999999994,243,13,230,17.60144545899243,5.019895984988438,72.80783915543942,46.088346236948055,5.263196926258917,2.698635753355938,4.136469321514871
rw_armax_exog_1_3_12m,rw_armax_exog_1_3_12m,RW-ARMAX (Exog. 1&3) (12 Months),STATISTICAL_ROLLING,08_12,POS,AVERAGE,,,0.95,40.626999999999995,243,13,230,8.413703965866858,4.185541477153364,30.799178900034253,27.076830345234633,4.601704898339368,2.8916860193922482,3.660596929126806
rw_armax_exog_1_3_12m,rw_armax_exog_1_3_12m,RW-ARMAX (Exog. 1&3) (12 Months),STATISTICAL_ROLLING,08_12,POS,MARGINAL,,,0.95,65.84399999999997,243,13,230,17.791811830489333,8.39551819848591,66.72419952271156,61.09301693051206,9.099392633839619,5.416963922327908,3.7502756975187963
rw_armax_exog_1_3_12m,rw_armax_exog_1_3_12m,RW-ARMAX (Exog. 1&3) (12 Months),STATISTICAL_ROLLING,12_16,NEG,AVERAGE,,,0.95,63.112,243,13,230,5.129949054109857,3.142869436506664,10.727700251615163,8.051491533440338,4.6150950333640575,2.865425578853891,2.091190407245988
rw_armax_exog_1_3_12m,rw_armax_exog_1_3_12m,RW-ARMAX (Exog. 1&3) (12 Months),STATISTICAL_ROLLING,12_16,NEG,MARGINAL,,,0.95,80.81899999999997,243,13,230,26.405541200359192,6.924573404061227,109.29091371958954,49.652628566572616,7.844641925700024,4.5095094166149305,4.138938599679331
rw_armax_exog_1_3_12m,rw_armax_exog_1_3_12m,RW-ARMAX (Exog. 1&3) (12 Months),STATISTICAL_ROLLING,12_16,POS,AVERAGE,,,0.95,28.663999999999962,243,13,230,16.398735559170174,3.952055041295266,69.98057784689213,47.374341006497914,2.704702590832462,1.4977519215229425,4.2674374249396925
rw_armax_exog_1_3_12m,rw_armax_exog_1_3_12m,RW-ARMAX (Exog. 1&3) (12 Months),STATISTICAL_ROLLING,12_16,POS,MARGINAL,,,0.95,49.48499999999998,243,13,230,93.74607739538145,13.561225785014088,404.79260246423166,203.4809740308692,4.855209859394121,2.8266313189440195,4.317968428236064
rw_armax_exog_1_3_12m,rw_armax_exog_1_3_12m,RW-ARMAX (Exog. 1&3) (12 Months),STATISTICAL_ROLLING,16_20,NEG,AVERAGE,,,0.95,21.622999999999998,243,13,230,1.5712673890077045,0.9332103554315209,3.991877065469867,3.270388635645221,1.306808360438486,0.8011089743759641,2.540545990705528
rw_armax_exog_1_3_12m,rw_armax_exog_1_3_12m,RW-ARMAX (Exog. 1&3) (12 Months),STATISTICAL_ROLLING,16_20,NEG,MARGINAL,,,0.95,26.906999999999993,243,13,230,4.3014044066588735,1.6489561966082367,16.32752830581992,8.52779783971914,2.116559000721571,1.2601521037367507,3.79585985464277
rw_armax_exog_1_3_12m,rw_armax_exog_1_3_12m,RW-ARMAX (Exog. 1&3) (12 Months),STATISTICAL_ROLLING,16_20,POS,AVERAGE,,,0.95,68.41499999999998,243,13,230,22.148195335381974,8.55097645980869,90.38833464347928,82.0169833584998,7.515542660895018,4.398549982926147,4.081069959640593
rw_armax_exog_1_3_12m,rw_armax_exog_1_3_12m,RW-ARMAX (Exog. 1&3) (12 Months),STATISTICAL_ROLLING,16_20,POS,MARGINAL,,,0.95,110.30499999999995,243,13,230,37.4568397092601,14.501598275940049,151.3062383273558,138.6162220449605,13.723368759670171,7.486423888995416,4.0394822281269445
rw_armax_exog_1_3_12m,rw_armax_exog_1_3_12m,RW-ARMAX (Exog. 1&3) (12 Months),STATISTICAL_ROLLING,20_24,NEG,AVERAGE,,,0.95,5.679999999999998,243,13,230,0.7492026715562266,0.35997113262719854,2.6689092315790788,2.155359163216482,0.4363735632508374,0.258492678724326,3.5623327744350965
rw_armax_exog_1_3_12m,rw_armax_exog_1_3_12m,RW-ARMAX (Exog. 1&3) (12 Months),STATISTICAL_ROLLING,20_24,NEG,MARGINAL,,,0.95,8.972999999999994,243,13,230,1.8032067981553996,0.8387612950791794,6.831174370127408,5.845504286554069,0.8931710565852052,0.555771473821903,3.7883477242407224
rw_armax_exog_1_3_12m,rw_armax_exog_1_3_12m,RW-ARMAX (Exog. 1&3) (12 Months),STATISTICAL_ROLLING,20_24,POS,AVERAGE,,,0.95,30.47799999999999,243,13,230,3.0348577347900187,1.8291608251239944,6.653047172966771,5.5531507894270735,2.6887029040173633,1.6186744358372989,2.1922105595592583
rw_armax_exog_1_3_12m,rw_armax_exog_1_3_12m,RW-ARMAX (Exog. 1&3) (12 Months),STATISTICAL_ROLLING,20_24,POS,MARGINAL,,,0.95,37.205,243,13,230,7.618620686140802,3.4062942501370475,27.71124387752436,16.587962614897773,4.233239142985921,2.6612434295201366,3.63730457508332
rw_armax_exog_1_3_3m,rw_armax_exog_1_3_3m,RW-ARMAX (Exog. 1&3) (3 Months),STATISTICAL_ROLLING,00_04,NEG,AVERAGE,,,0.95,21.354999999999993,243,13,230,2.9575707907289073,1.5596029105084932,9.82338386933548,8.371887675024952,1.9461113425985042,1.174560728166259,3.3214365992958905
rw_armax_exog_1_3_3m,rw_armax_exog_1_3_3m,RW-ARMAX (Exog. 1&3) (3 Months),STATISTICAL_ROLLING,00_04,NEG,MARGINAL,,,0.95,30.95699999999999,243,13,230,6.957506345738573,3.2853902107813675,24.60243367552515,20.790212803622783,4.1147870778181375,2.295987194664243,3.536099351255925
rw_armax_exog_1_3_3m,rw_armax_exog_1_3_3m,RW-ARMAX (Exog. 1&3) (3 Months),STATISTICAL_ROLLING,00_04,POS,AVERAGE,,,0.95,6.615999999999994,243,13,230,1.0726714587597608,0.3413749680674361,4.3884568236844546,2.417981885130623,0.35655631536985477,0.22400153362473424,4.091147189427838
rw_armax_exog_1_3_3m,rw_armax_exog_1_3_3m,RW-ARMAX (Exog. 1&3) (3 Months),STATISTICAL_ROLLING,00_04,POS,MARGINAL,,,0.95,8.348999999999997,243,13,230,2.3958033261147946,0.9042227839947501,9.381322580290778,5.979557512713811,1.0439671527661287,0.6173560384584554,3.9157315118617015
rw_armax_exog_1_3_3m,rw_armax_exog_1_3_3m,RW-ARMAX (Exog. 1&3) (3 Months),STATISTICAL_ROLLING,04_08,NEG,AVERAGE,,,0.95,15.850999999999994,243,13,230,2.0589171544413016,1.1547903307947573,5.734106370184967,4.743768226486295,1.6187371581245893,0.9519350584295834,2.785010731401161
rw_armax_exog_1_3_3m,rw_armax_exog_1_3_3m,RW-ARMAX (Exog. 1&3) (3 Months),STATISTICAL_ROLLING,04_08,NEG,MARGINAL,,,0.95,23.935999999999996,243,13,230,5.664392972358528,2.675000563855249,21.30193047139433,16.51678201113374,2.8724329625533556,1.8926390037916823,3.7606731339694948
rw_armax_exog_1_3_3m,rw_armax_exog_1_3_3m,RW-ARMAX (Exog. 1&3) (3 Months),STATISTICAL_ROLLING,04_08,POS,AVERAGE,,,0.95,17.266999999999992,243,13,230,4.189971161615657,1.882750369113267,15.605742802983038,11.123546369273026,2.186981109458363,1.360444508234672,3.7245465901883317
rw_armax_exog_1_3_3m,rw_armax_exog_1_3_3m,RW-ARMAX (Exog. 1&3) (3 Months),STATISTICAL_ROLLING,04_08,POS,MARGINAL,,,0.95,28.057999999999993,243,13,230,20.660212298723287,4.596084753980926,87.8968054343754,44.07056975009403,3.780472238209798,2.36491821072236,4.254399914361337
rw_armax_exog_1_3_3m,rw_armax_exog_1_3_3m,RW-ARMAX (Exog. 1&3) (3 Months),STATISTICAL_ROLLING,08_12,NEG,AVERAGE,,,0.95,30.66699999999998,243,13,230,3.8472062050907274,1.807440266013052,13.674557906664353,8.83475338026106,2.2513049218614185,1.4102443073816429,3.554412521109424
rw_armax_exog_1_3_3m,rw_armax_exog_1_3_3m,RW-ARMAX (Exog. 1&3) (3 Months),STATISTICAL_ROLLING,08_12,NEG,MARGINAL,,,0.95,38.971999999999994,243,13,230,18.156276012537994,5.511718187581185,74.65915906500314,50.43890925132428,5.764647404484423,2.9723552144130987,4.112030408297744
rw_armax_exog_1_3_3m,rw_armax_exog_1_3_3m,RW-ARMAX (Exog. 1&3) (3 Months),STATISTICAL_ROLLING,08_12,POS,AVERAGE,,,0.95,40.626999999999995,243,13,230,8.5777816899609,4.300629806291959,30.590688727021103,27.469906342263805,4.98443805685223,2.991062002084855,3.566270375337629
rw_armax_exog_1_3_3m,rw_armax_exog_1_3_3m,RW-ARMAX (Exog. 1&3) (3 Months),STATISTICAL_ROLLING,08_12,POS,MARGINAL,,,0.95,65.84399999999997,243,13,230,18.937736368723762,9.198286291569964,66.60526370303384,61.12031016720243,11.320931881496806,6.2635632029472585,3.5170657361686812
rw_armax_exog_1_3_3m,rw_armax_exog_1_3_3m,RW-ARMAX (Exog. 1&3) (3 Months),STATISTICAL_ROLLING,12_16,NEG,AVERAGE,,,0.95,63.112,243,13,230,4.884323166817841,2.9984296348770245,10.172789551630256,6.609253850671608,4.399527393338932,2.7943395705060263,2.0827429316594293
rw_armax_exog_1_3_3m,rw_armax_exog_1_3_3m,RW-ARMAX (Exog. 1&3) (3 Months),STATISTICAL_ROLLING,12_16,NEG,MARGINAL,,,0.95,80.81899999999997,243,13,230,26.10283494055144,6.639665864107711,108.65120261164058,45.22283904573711,7.25435469321926,4.458877814711265,4.162429209665962
rw_armax_exog_1_3_3m,rw_armax_exog_1_3_3m,RW-ARMAX (Exog. 1&3) (3 Months),STATISTICAL_ROLLING,12_16,POS,AVERAGE,,,0.95,28.663999999999962,243,13,230,16.350042527870286,3.9883650682484393,69.38844577104311,44.92795411180178,3.2085972462424155,1.6743882962215118,4.243930598514563
rw_armax_exog_1_3_3m,rw_armax_exog_1_3_3m,RW-ARMAX (Exog. 1&3) (3 Months),STATISTICAL_ROLLING,12_16,POS,MARGINAL,,,0.95,49.48499999999998,243,13,230,93.68409187140098,13.929676491940263,404.31022585815987,201.70552502998783,5.775676289668792,3.316258965876704,4.315676416153466
rw_armax_exog_1_3_3m,rw_armax_exog_1_3_3m,RW-ARMAX (Exog. 1&3) (3 Months),STATISTICAL_ROLLING,16_20,NEG,AVERAGE,,,0.95,21.622999999999998,243,13,230,1.5928588963222552,0.983516497303914,3.8530523068128493,3.1817518469923893,1.3570128842194116,0.8592684123215218,2.4189539423166386
rw_armax_exog_1_3_3m,rw_armax_exog_1_3_3m,RW-ARMAX (Exog. 1&3) (3 Months),STATISTICAL_ROLLING,16_20,NEG,MARGINAL,,,0.95,26.906999999999993,243,13,230,4.327437385732001,1.730271499004485,16.01875887901556,8.730168274464633,2.2981876727895423,1.3346251595219547,3.7016731730957058
rw_armax_exog_1_3_3m,rw_armax_exog_1_3_3m,RW-ARMAX (Exog. 1&3) (3 Months),STATISTICAL_ROLLING,16_20,POS,AVERAGE,,,0.95,68.41499999999998,243,13,230,19.9457070753846,7.995111901156556,78.73360621257059,68.28388064101075,8.363024040909968,4.587485841947406,3.9473960945579774
rw_armax_exog_1_3_3m,rw_armax_exog_1_3_3m,RW-ARMAX (Exog. 1&3) (3 Months),STATISTICAL_ROLLING,16_20,POS,MARGINAL,,,0.95,110.30499999999995,243,13,230,33.362374910764444,13.669149494800592,131.43488628580843,113.69487667001223,14.125831591568598,8.015521437071238,3.939614210240191
rw_armax_exog_1_3_3m,rw_armax_exog_1_3_3m,RW-ARMAX (Exog. 1&3) (3 Months),STATISTICAL_ROLLING,20_24,NEG,AVERAGE,,,0.95,5.679999999999998,243,13,230,0.880064494026964,0.41259992731382306,3.2526747358871786,2.6806513370362235,0.46935744990165296,0.2844057171990786,3.6959504195013246
rw_armax_exog_1_3_3m,rw_armax_exog_1_3_3m,RW-ARMAX (Exog. 1&3) (3 Months),STATISTICAL_ROLLING,20_24,NEG,MARGINAL,,,0.95,8.972999999999994,243,13,230,1.8557822517733478,0.8970263619187269,6.848422129299196,5.819575936716204,0.9938133267616569,0.6187952989953913,3.6903155651774244
rw_armax_exog_1_3_3m,rw_armax_exog_1_3_3m,RW-ARMAX (Exog. 1&3) (3 Months),STATISTICAL_ROLLING,20_24,POS,AVERAGE,,,0.95,30.47799999999999,243,13,230,3.1896806785221536,1.9106152797236169,6.25208192788816,4.767765564249365,2.922287964776981,1.749124176685205,1.960096498056
rw_armax_exog_1_3_3m,rw_armax_exog_1_3_3m,RW-ARMAX (Exog. 1&3) (3 Months),STATISTICAL_ROLLING,20_24,POS,MARGINAL,,,0.95,37.205,243,13,230,7.801969437792507,3.597918207684885,27.877620370568316,16.559215682375456,4.514943477653096,2.8653231330284608,3.5731517013550396
rw_armax_exog_1_3_6m,rw_armax_exog_1_3_6m,RW-ARMAX (Exog. 1&3) (6 Months),STATISTICAL_ROLLING,00_04,NEG,AVERAGE,,,0.95,21.354999999999993,243,13,230,3.2539461544522394,1.6604351123724699,11.350928352028586,10.304843658163028,1.9758957980562781,1.1718381076103945,3.488357770302247
rw_armax_exog_1_3_6m,rw_armax_exog_1_3_6m,RW-ARMAX (Exog. 1&3) (6 Months),STATISTICAL_ROLLING,00_04,NEG,MARGINAL,,,0.95,30.95699999999999,243,13,230,7.281017074192969,3.403471046390185,26.456519190207487,23.22308932565232,4.055534941193726,2.2832317523449337,3.633629604300844
rw_armax_exog_1_3_6m,rw_armax_exog_1_3_6m,RW-ARMAX (Exog. 1&3) (6 Months),STATISTICAL_ROLLING,00_04,POS,AVERAGE,,,0.95,6.615999999999994,243,13,230,0.931483518245099,0.285280111430488,3.7890681152230354,1.68986072812003,0.3243741265470893,0.2058907722262966,4.067777948837552
rw_armax_exog_1_3_6m,rw_armax_exog_1_3_6m,RW-ARMAX (Exog. 1&3) (6 Months),STATISTICAL_ROLLING,00_04,POS,MARGINAL,,,0.95,8.348999999999997,243,13,230,2.378245149521019,0.9244489092575789,9.246387266533354,5.633541674963796,1.0692873298955579,0.6582827964133143,3.8879033426791962
rw_armax_exog_1_3_6m,rw_armax_exog_1_3_6m,RW-ARMAX (Exog. 1&3) (6 Months),STATISTICAL_ROLLING,04_08,NEG,AVERAGE,,,0.95,15.850999999999994,243,13,230,2.1414642523025567,1.196884701113332,6.371829867257555,5.596634537367261,1.59695824428904,0.9482031886294142,2.9754546966667323
rw_armax_exog_1_3_6m,rw_armax_exog_1_3_6m,RW-ARMAX (Exog. 1&3) (6 Months),STATISTICAL_ROLLING,04_08,NEG,MARGINAL,,,0.95,23.935999999999996,243,13,230,5.635344677980537,2.592648035969806,21.273732703752373,16.73589651126409,2.8234618755937726,1.7932470351923027,3.775054396739394
rw_armax_exog_1_3_6m,rw_armax_exog_1_3_6m,RW-ARMAX (Exog. 1&3) (6 Months),STATISTICAL_ROLLING,04_08,POS,AVERAGE,,,0.95,17.266999999999992,243,13,230,4.113971294544865,1.8722185643109637,15.638248626320499,11.17041055287652,2.0146247607415964,1.3466685823485625,3.8012537051624182
rw_armax_exog_1_3_6m,rw_armax_exog_1_3_6m,RW-ARMAX (Exog. 1&3) (6 Months),STATISTICAL_ROLLING,04_08,POS,MARGINAL,,,0.95,28.057999999999993,243,13,230,20.60008747556158,4.588940930235657,87.83216531671272,44.517310801564435,3.508991764831758,2.3321200244649014,4.263679240241592
rw_armax_exog_1_3_6m,rw_armax_exog_1_3_6m,RW-ARMAX (Exog. 1&3) (6 Months),STATISTICAL_ROLLING,08_12,NEG,AVERAGE,,,0.95,30.66699999999998,243,13,230,3.850437035280196,1.818489353203125,14.09421118443007,9.823296776050551,2.1061783103822425,1.3660437162595749,3.660418559059605
rw_armax_exog_1_3_6m,rw_armax_exog_1_3_6m,RW-ARMAX (Exog. 1&3) (6 Months),STATISTICAL_ROLLING,08_12,NEG,MARGINAL,,,0.95,38.971999999999994,243,13,230,17.569338160300866,5.35950060896554,72.67502598334461,47.49151438365212,5.25359798952581,2.978125917352821,4.13646918969087
rw_armax_exog_1_3_6m,rw_armax_exog_1_3_6m,RW-ARMAX (Exog. 1&3) (6 Months),STATISTICAL_ROLLING,08_12,POS,AVERAGE,,,0.95,40.626999999999995,243,13,230,8.647165838524566,4.378651377274101,30.871336751438005,26.443218922579565,5.013218307545439,3.1315236464524885,3.5701104070308274
rw_armax_exog_1_3_6m,rw_armax_exog_1_3_6m,RW-ARMAX (Exog. 1&3) (6 Months),STATISTICAL_ROLLING,08_12,POS,MARGINAL,,,0.95,65.84399999999997,243,13,230,18.29047570613196,8.578636125107801,68.06350917836966,62.61617988297678,9.571072407427927,5.524340173576077,3.721254180149676
rw_armax_exog_1_3_6m,rw_armax_exog_1_3_6m,RW-ARMAX (Exog. 1&3) (6 Months),STATISTICAL_ROLLING,12_16,NEG,AVERAGE,,,0.95,63.112,243,13,230,5.057833812143725,3.2236040867835674,11.224909050850592,8.895395766887969,4.461607897003518,2.903024557038536,2.2193115605933675
rw_armax_exog_1_3_6m,rw_armax_exog_1_3_6m,RW-ARMAX (Exog. 1&3) (6 Months),STATISTICAL_ROLLING,12_16,NEG,MARGINAL,,,0.95,80.81899999999997,243,13,230,26.439491983384503,7.309399872362579,108.59604819322455,47.07781374422838,8.484777942594098,5.061619957865816,4.107342465637013
rw_armax_exog_1_3_6m,rw_armax_exog_1_3_6m,RW-ARMAX (Exog. 1&3) (6 Months),STATISTICAL_ROLLING,12_16,POS,AVERAGE,,,0.95,28.663999999999962,243,13,230,16.27027624815439,3.849595779657456,69.41715695591724,45.35395367377082,2.7056922569340505,1.5036972899901786,4.266501434712366
rw_armax_exog_1_3_6m,rw_armax_exog_1_3_6m,RW-ARMAX (Exog. 1&3) (6 Months),STATISTICAL_ROLLING,12_16,POS,MARGINAL,,,0.95,49.48499999999998,243,13,230,93.62174659010955,13.476061536211287,404.2781442765978,200.87233635064365,4.742043857236307,2.8840981771346725,4.318207670773222
rw_armax_exog_1_3_6m,rw_armax_exog_1_3_6m,RW-ARMAX (Exog. 1&3) (6 Months),STATISTICAL_ROLLING,16_20,NEG,AVERAGE,,,0.95,21.622999999999998,243,13,230,1.6142243174455155,0.9769279077545661,3.9887592325945658,3.2403347528439044,1.3615167260560264,0.8489962165103859,2.4710067798425404
rw_armax_exog_1_3_6m,rw_armax_exog_1_3_6m,RW-ARMAX (Exog. 1&3) (6 Months),STATISTICAL_ROLLING,16_20,NEG,MARGINAL,,,0.95,26.906999999999993,243,13,230,4.281593877128346,1.6797556130018174,16.33023038904563,8.983969581217433,2.07248400633056,1.2669087365374567,3.8140540316724936
rw_armax_exog_1_3_6m,rw_armax_exog_1_3_6m,RW-ARMAX (Exog. 1&3) (6 Months),STATISTICAL_ROLLING,16_20,POS,AVERAGE,,,0.95,68.41499999999998,243,13,230,21.242220772653514,8.226224810290423,86.94633066942433,78.00316632932571,7.032138896480193,4.28231072443191,4.093090435316253
rw_armax_exog_1_3_6m,rw_armax_exog_1_3_6m,RW-ARMAX (Exog. 1&3) (6 Months),STATISTICAL_ROLLING,16_20,POS,MARGINAL,,,0.95,110.30499999999995,243,13,230,35.041792030732964,13.762588743293675,140.87678831385324,126.36920748425308,13.250890625862004,7.397866814456836,4.020250682108353
rw_armax_exog_1_3_6m,rw_armax_exog_1_3_6m,RW-ARMAX (Exog. 1&3) (6 Months),STATISTICAL_ROLLING,20_24,NEG,AVERAGE,,,0.95,5.679999999999998,243,13,230,0.8429039352409298,0.3988579163183319,3.1211307482386266,2.9055767527240333,0.44725932942388097,0.2571738081736617,3.702830913165098
rw_armax_exog_1_3_6m,rw_armax_exog_1_3_6m,RW-ARMAX (Exog. 1&3) (6 Months),STATISTICAL_ROLLING,20_24,NEG,MARGINAL,,,0.95,8.972999999999994,243,13,230,1.9640372708737888,0.9165402071096457,7.4419893427204205,6.604357220516986,0.9721711104366043,0.595054897656187,3.78912836995681
rw_armax_exog_1_3_6m,rw_armax_exog_1_3_6m,RW-ARMAX (Exog. 1&3) (6 Months),STATISTICAL_ROLLING,20_24,POS,AVERAGE,,,0.95,30.47799999999999,243,13,230,3.013916667925131,1.830137326080096,6.155181784296082,4.695818730901192,2.730516871089777,1.66816402928586,2.0422534736282176
rw_armax_exog_1_3_6m,rw_armax_exog_1_3_6m,RW-ARMAX (Exog. 1&3) (6 Months),STATISTICAL_ROLLING,20_24,POS,MARGINAL,,,0.95,37.205,243,13,230,7.6525508986207775,3.4117513294659276,27.343911631035425,15.513241427926024,4.428411003905292,2.727754063031227,3.5731760550542213
rw_armax_exog_1_3m,rw_armax_exog_1_3m,RW-ARMAX (Exog. 1) (3 Months),STATISTICAL_ROLLING,00_04,NEG,AVERAGE,,,0.95,21.354999999999993,243,13,230,3.6483536547002418,1.8571053985867665,12.238173310066013,10.745732309506543,2.3658808352686522,1.3547047470999967,3.3544372252123495
rw_armax_exog_1_3m,rw_armax_exog_1_3m,RW-ARMAX (Exog. 1) (3 Months),STATISTICAL_ROLLING,00_04,NEG,MARGINAL,,,0.95,30.95699999999999,243,13,230,8.817221005132192,4.17604470711996,29.97991567428517,26.483624311299575,5.597865816027928,2.915181512101112,3.400154726396778
rw_armax_exog_1_3m,rw_armax_exog_1_3m,RW-ARMAX (Exog. 1) (3 Months),STATISTICAL_ROLLING,00_04,POS,AVERAGE,,,0.95,6.615999999999994,243,13,230,1.0732838750047826,0.34834031392900877,4.385511730125507,2.374006939768336,0.3605293836907179,0.23384611333809027,4.086068776637462
rw_armax_exog_1_3m,rw_armax_exog_1_3m,RW-ARMAX (Exog. 1) (3 Months),STATISTICAL_ROLLING,00_04,POS,MARGINAL,,,0.95,8.348999999999997,243,13,230,2.397067733279156,0.9089151525558311,9.433739393570082,6.068954549854163,1.0200622043291048,0.617260751838969,3.9355330942880182
rw_armax_exog_1_3m,rw_armax_exog_1_3m,RW-ARMAX (Exog. 1) (3 Months),STATISTICAL_ROLLING,04_08,NEG,AVERAGE,,,0.95,15.850999999999994,243,13,230,2.4900703346660547,1.3372300285068057,7.411919137615086,5.864910306888311,1.8562869988253081,1.0813176649461118,2.976590273145479
rw_armax_exog_1_3m,rw_armax_exog_1_3m,RW-ARMAX (Exog. 1) (3 Months),STATISTICAL_ROLLING,04_08,NEG,MARGINAL,,,0.95,23.935999999999996,243,13,230,6.5435749199618005,3.260110802447461,23.690067154555475,18.90713919149649,3.67660873450135,2.375713545675124,3.620355454674579
rw_armax_exog_1_3m,rw_armax_exog_1_3m,RW-ARMAX (Exog. 1) (3 Months),STATISTICAL_ROLLING,04_08,POS,AVERAGE,,,0.95,17.266999999999992,243,13,230,4.4996324065297335,2.0247011481063883,17.42279053073942,12.877737827278866,2.05759348406314,1.4112686401531613,3.872047526694843
rw_armax_exog_1_3m,rw_armax_exog_1_3m,RW-ARMAX (Exog. 1) (3 Months),STATISTICAL_ROLLING,04_08,POS,MARGINAL,,,0.95,28.057999999999993,243,13,230,20.751589467102555,4.786404138646123,88.05953316470783,43.31091914807271,4.083082349897736,2.6089315511567945,4.243507867400153
rw_armax_exog_1_3m,rw_armax_exog_1_3m,RW-ARMAX (Exog. 1) (3 Months),STATISTICAL_ROLLING,08_12,NEG,AVERAGE,,,0.95,30.66699999999998,243,13,230,4.09686093126867,2.0591110220453515,13.523730301269616,8.122484500864736,2.7194875074323925,1.716398608025125,3.3009981369032557
rw_armax_exog_1_3m,rw_armax_exog_1_3m,RW-ARMAX (Exog. 1) (3 Months),STATISTICAL_ROLLING,08_12,NEG,MARGINAL,,,0.95,38.971999999999994,243,13,230,17.474244201519607,5.612598381140459,72.21520092576078,45.629624806240535,5.2768567508883155,3.3507664527652374,4.1326652010208695
rw_armax_exog_1_3m,rw_armax_exog_1_3m,RW-ARMAX (Exog. 1) (3 Months),STATISTICAL_ROLLING,08_12,POS,AVERAGE,,,0.95,40.626999999999995,243,13,230,9.06722642971438,4.690803457505125,31.904589639763167,28.094172453829962,5.415521049632084,3.368004340321548,3.5186713254681754
rw_armax_exog_1_3m,rw_armax_exog_1_3m,RW-ARMAX (Exog. 1) (3 Months),STATISTICAL_ROLLING,08_12,POS,MARGINAL,,,0.95,65.84399999999997,243,13,230,18.385695936086666,8.959052711146622,67.56262599469602,63.28672953033454,9.956646775175205,5.888357934409914,3.674738570112375
rw_armax_exog_1_3m,rw_armax_exog_1_3m,RW-ARMAX (Exog. 1) (3 Months),STATISTICAL_ROLLING,12_16,NEG,AVERAGE,,,0.95,63.112,243,13,230,6.171783390439309,3.85077165193061,10.929772360389032,7.877828837737435,5.787209349654334,3.6231553762110935,1.7709261114575585
rw_armax_exog_1_3m,rw_armax_exog_1_3m,RW-ARMAX (Exog. 1) (3 Months),STATISTICAL_ROLLING,12_16,NEG,MARGINAL,,,0.95,80.81899999999997,243,13,230,27.026538761475873,8.102885482600824,109.82954502908362,47.9536528485569,9.482830314417686,5.850450805394609,4.0637665813735895
rw_armax_exog_1_3m,rw_armax_exog_1_3m,RW-ARMAX (Exog. 1) (3 Months),STATISTICAL_ROLLING,12_16,POS,AVERAGE,,,0.95,28.663999999999962,243,13,230,16.29266373333965,3.9962080663148862,69.5012977269016,46.67891034936698,2.7258597581250514,1.5837075024902032,4.265803239078776
rw_armax_exog_1_3m,rw_armax_exog_1_3m,RW-ARMAX (Exog. 1) (3 Months),STATISTICAL_ROLLING,12_16,POS,MARGINAL,,,0.95,49.48499999999998,243,13,230,93.62288451968105,13.56198360534785,404.23231984857176,201.71937383343777,4.980582109260696,2.927000679412332,4.317665728015414
rw_armax_exog_1_3m,rw_armax_exog_1_3m,RW-ARMAX (Exog. 1) (3 Months),STATISTICAL_ROLLING,16_20,NEG,AVERAGE,,,0.95,21.622999999999998,243,13,230,2.109206112368356,1.2793383497107491,5.2375658738635495,4.279362516173993,1.7747370919342487,1.1097717663889135,2.4831930095169623
rw_armax_exog_1_3m,rw_armax_exog_1_3m,RW-ARMAX (Exog. 1) (3 Months),STATISTICAL_ROLLING,16_20,NEG,MARGINAL,,,0.95,26.906999999999993,243,13,230,5.104788428702013,2.2824034548153294,18.325490748879577,10.85076197705882,2.9241105862223837,1.7981049296450453,3.5898629306247614
rw_armax_exog_1_3m,rw_armax_exog_1_3m,RW-ARMAX (Exog. 1) (3 Months),STATISTICAL_ROLLING,16_20,POS,AVERAGE,,,0.95,68.41499999999998,243,13,230,20.310444418541785,8.452143536339436,82.04561816651139,71.98169082038773,7.440095274078276,4.8613430376758355,4.039577690954434
rw_armax_exog_1_3m,rw_armax_exog_1_3m,RW-ARMAX (Exog. 1) (3 Months),STATISTICAL_ROLLING,16_20,POS,MARGINAL,,,0.95,110.30499999999995,243,13,230,35.65817615379813,15.028796501299098,140.97073213921473,121.93390079361757,14.83681200511175,8.986334084776749,3.953391545635719
rw_armax_exog_1_3m,rw_armax_exog_1_3m,RW-ARMAX (Exog. 1) (3 Months),STATISTICAL_ROLLING,20_24,NEG,AVERAGE,,,0.95,5.679999999999998,243,13,230,1.0086621847268755,0.47428037685405383,3.667490245966261,2.985535186856516,0.5609454509202291,0.3323398875930452,3.6359945891689596
rw_armax_exog_1_3m,rw_armax_exog_1_3m,RW-ARMAX (Exog. 1) (3 Months),STATISTICAL_ROLLING,20_24,NEG,MARGINAL,,,0.95,8.972999999999994,243,13,230,2.2671790991174654,1.1316319801588106,8.382614299161945,7.718406145788274,1.2078685269762692,0.7593360490580146,3.697376313333608
rw_armax_exog_1_3m,rw_armax_exog_1_3m,RW-ARMAX (Exog. 1) (3 Months),STATISTICAL_ROLLING,20_24,POS,AVERAGE,,,0.95,30.47799999999999,243,13,230,3.3312255149681205,2.0670234195995367,5.581667104506135,4.350507571655256,3.156478027816829,1.9379569240485615,1.6755596639813655
rw_armax_exog_1_3m,rw_armax_exog_1_3m,RW-ARMAX (Exog. 1) (3 Months),STATISTICAL_ROLLING,20_24,POS,MARGINAL,,,0.95,37.205,243,13,230,7.879895031413955,3.8198270368938894,27.71911638713713,17.76280322132103,4.708916072957103,3.031745774295835,3.5177012227488085
rw_armax_exog_1_4_12m,rw_armax_exog_1_4_12m,RW-ARMAX (Exog. 1&4) (12 Months),STATISTICAL_ROLLING,00_04,NEG,AVERAGE,,,0.95,21.354999999999993,243,13,230,6.6484609088836235,2.919407451819397,18.482008220068817,15.99200742641135,5.233875330804438,2.180521366298982,2.7798927410964085
rw_armax_exog_1_4_12m,rw_armax_exog_1_4_12m,RW-ARMAX (Exog. 1&4) (12 Months),STATISTICAL_ROLLING,00_04,NEG,MARGINAL,,,0.95,30.95699999999999,243,13,230,11.14237269310959,4.828568557283142,35.84933146592127,31.66169988374723,7.6504562689219595,3.311913308396041,3.2173875756364163
rw_armax_exog_1_4_12m,rw_armax_exog_1_4_12m,RW-ARMAX (Exog. 1&4) (12 Months),STATISTICAL_ROLLING,00_04,POS,AVERAGE,,,0.95,6.615999999999994,243,13,230,1.7233046613499954,0.8876737307925872,5.144096750310883,3.1588974691464213,1.2813949232932162,0.7593002151465006,2.985018764053665
rw_armax_exog_1_4_12m,rw_armax_exog_1_4_12m,RW-ARMAX (Exog. 1&4) (12 Months),STATISTICAL_ROLLING,00_04,POS,MARGINAL,,,0.95,8.348999999999997,243,13,230,3.539725883955488,1.6588600312118886,9.673222539556615,6.3643761224966955,2.819405713015241,1.3928960782262256,2.732760348309009
rw_armax_exog_1_4_12m,rw_armax_exog_1_4_12m,RW-ARMAX (Exog. 1&4) (12 Months),STATISTICAL_ROLLING,04_08,NEG,AVERAGE,,,0.95,15.850999999999994,243,13,230,4.183331008962267,2.364375568084051,8.60000669768636,7.909587725235617,3.7827303669722636,2.0509505331146145,2.055779635716589
rw_armax_exog_1_4_12m,rw_armax_exog_1_4_12m,RW-ARMAX (Exog. 1&4) (12 Months),STATISTICAL_ROLLING,04_08,NEG,MARGINAL,,,0.95,23.935999999999996,243,13,230,8.265987449301297,4.032174618215422,22.379288512034638,18.595160934255965,6.624240098323364,3.209049304700087,2.707394446131938
rw_armax_exog_1_4_12m,rw_armax_exog_1_4_12m,RW-ARMAX (Exog. 1&4) (12 Months),STATISTICAL_ROLLING,04_08,POS,AVERAGE,,,0.95,17.266999999999992,243,13,230,4.533244997414766,2.6188118239697364,14.594670733146986,11.542134481425363,3.110059415540156,2.1144501085483323,3.2194753959845728
rw_armax_exog_1_4_12m,rw_armax_exog_1_4_12m,RW-ARMAX (Exog. 1&4) (12 Months),STATISTICAL_ROLLING,04_08,POS,MARGINAL,,,0.95,28.057999999999993,243,13,230,19.921050067797115,5.16457999670277,83.57302055205069,41.71301494801195,4.950307133984428,3.0987988907592072,4.19521161121665
rw_armax_exog_1_4_12m,rw_armax_exog_1_4_12m,RW-ARMAX (Exog. 1&4) (12 Months),STATISTICAL_ROLLING,08_12,NEG,AVERAGE,,,0.95,30.66699999999998,243,13,230,5.699087359042019,3.442951907581045,16.069883995241334,11.828683289549414,4.440626068937612,2.9689757859915282,2.8197293676759116
rw_armax_exog_1_4_12m,rw_armax_exog_1_4_12m,RW-ARMAX (Exog. 1&4) (12 Months),STATISTICAL_ROLLING,08_12,NEG,MARGINAL,,,0.95,38.971999999999994,243,13,230,18.682651987677925,6.443189930785972,76.49991049702463,50.54489175128669,6.163711807808997,3.9504850452794096,4.0947029654826235
rw_armax_exog_1_4_12m,rw_armax_exog_1_4_12m,RW-ARMAX (Exog. 1&4) (12 Months),STATISTICAL_ROLLING,08_12,POS,AVERAGE,,,0.95,40.626999999999995,243,13,230,9.413374040099447,5.393940555810928,32.87773270613284,30.49501145560104,5.702910174839377,3.9751843745184434,3.492661883622071
rw_armax_exog_1_4_12m,rw_armax_exog_1_4_12m,RW-ARMAX (Exog. 1&4) (12 Months),STATISTICAL_ROLLING,08_12,POS,MARGINAL,,,0.95,65.84399999999997,243,13,230,18.20746737148532,8.790842492656191,67.15401914721608,61.479192141430836,9.765016130180829,5.812805338595015,3.68826799340505
rw_armax_exog_1_4_12m,rw_armax_exog_1_4_12m,RW-ARMAX (Exog. 1&4) (12 Months),STATISTICAL_ROLLING,12_16,NEG,AVERAGE,,,0.95,63.112,243,13,230,13.868602383074693,7.867332108350851,17.621122442563713,14.741834446336753,13.62568142065815,7.478773280551648,1.2705766562367247
rw_armax_exog_1_4_12m,rw_armax_exog_1_4_12m,RW-ARMAX (Exog. 1&4) (12 Months),STATISTICAL_ROLLING,12_16,NEG,MARGINAL,,,0.95,80.81899999999997,243,13,230,29.862288020357713,10.964673958838961,112.70094890297038,53.323524915055664,14.974938084336706,8.570478035226714,3.7740225673980476
rw_armax_exog_1_4_12m,rw_armax_exog_1_4_12m,RW-ARMAX (Exog. 1&4) (12 Months),STATISTICAL_ROLLING,12_16,POS,AVERAGE,,,0.95,28.663999999999962,243,13,230,16.873968805700713,4.900916548918814,71.2793417381782,49.90936674450973,3.6948323424844776,2.356960668298458,4.2242191246730965
rw_armax_exog_1_4_12m,rw_armax_exog_1_4_12m,RW-ARMAX (Exog. 1&4) (12 Months),STATISTICAL_ROLLING,12_16,POS,MARGINAL,,,0.95,49.48499999999998,243,13,230,93.8422089415853,13.92228415312961,405.0897577097101,203.10099024914433,5.387291845563416,3.229574678137469,4.316711661826605
rw_armax_exog_1_4_12m,rw_armax_exog_1_4_12m,RW-ARMAX (Exog. 1&4) (12 Months),STATISTICAL_ROLLING,16_20,NEG,AVERAGE,,,0.95,21.622999999999998,243,13,230,4.605648748403144,2.617037284711918,10.275367811322658,7.45393634315388,4.055020885652339,2.343647337930415,2.231035924067223
rw_armax_exog_1_4_12m,rw_armax_exog_1_4_12m,RW-ARMAX (Exog. 1&4) (12 Months),STATISTICAL_ROLLING,16_20,NEG,MARGINAL,,,0.95,26.906999999999993,243,13,230,8.56606973321113,4.305226966590105,26.47326583027009,18.542792611603545,6.157323446418482,3.500494995350215,3.090479841371331
rw_armax_exog_1_4_12m,rw_armax_exog_1_4_12m,RW-ARMAX (Exog. 1&4) (12 Months),STATISTICAL_ROLLING,16_20,POS,AVERAGE,,,0.95,68.41499999999998,243,13,230,59.007157569653046,15.491736934372044,251.7301651439211,169.52952754305954,9.847369994793205,6.78525311735927,4.266095428283841
rw_armax_exog_1_4_12m,rw_armax_exog_1_4_12m,RW-ARMAX (Exog. 1&4) (12 Months),STATISTICAL_ROLLING,16_20,POS,MARGINAL,,,0.95,110.30499999999995,243,13,230,85.07408954492377,20.146459451816664,362.43264404082163,221.42169158259063,14.904112932147976,8.770033287903354,4.260200091232683
rw_armax_exog_1_4_12m,rw_armax_exog_1_4_12m,RW-ARMAX (Exog. 1&4) (12 Months),STATISTICAL_ROLLING,20_24,NEG,AVERAGE,,,0.95,5.679999999999998,243,13,230,1.0072193938514546,0.5221087061890527,3.658127255605724,2.9632100947909588,0.5616615693423223,0.3841334103115536,3.631907087906239
rw_armax_exog_1_4_12m,rw_armax_exog_1_4_12m,RW-ARMAX (Exog. 1&4) (12 Months),STATISTICAL_ROLLING,20_24,NEG,MARGINAL,,,0.95,8.972999999999994,243,13,230,2.0091588493001433,1.0300966643946234,7.2123616921321085,6.237935753622332,1.150966871699559,0.7357405419600139,3.5897418935513303
rw_armax_exog_1_4_12m,rw_armax_exog_1_4_12m,RW-ARMAX (Exog. 1&4) (12 Months),STATISTICAL_ROLLING,20_24,POS,AVERAGE,,,0.95,30.47799999999999,243,13,230,8.70686874379433,3.8572628280916024,6.178972365390138,4.340381373404892,8.828163380258783,3.8299561277043286,0.7096664193765518
rw_armax_exog_1_4_12m,rw_armax_exog_1_4_12m,RW-ARMAX (Exog. 1&4) (12 Months),STATISTICAL_ROLLING,20_24,POS,MARGINAL,,,0.95,37.205,243,13,230,35.034879288022175,9.06614134883451,57.24215363262863,39.13327180732635,33.340923954488616,7.366694844658885,1.6338618769609616
rw_armax_exog_1_4_3m,rw_armax_exog_1_4_3m,RW-ARMAX (Exog. 1&4) (3 Months),STATISTICAL_ROLLING,00_04,NEG,AVERAGE,,,0.95,21.354999999999993,243,13,230,12.640772619698634,4.19916850661536,43.61994373127027,27.701366926590307,7.8279504214679365,2.8707833785298185,3.4507339894157676
rw_armax_exog_1_4_3m,rw_armax_exog_1_4_3m,RW-ARMAX (Exog. 1&4) (3 Months),STATISTICAL_ROLLING,00_04,NEG,MARGINAL,,,0.95,30.95699999999999,243,13,230,27.855487106356495,8.09587070567379,82.16871176677911,48.04401705903862,20.932446193203752,5.837931998744473,2.9498213925696737
rw_armax_exog_1_4_3m,rw_armax_exog_1_4_3m,RW-ARMAX (Exog. 1&4) (3 Months),STATISTICAL_ROLLING,00_04,POS,AVERAGE,,,0.95,6.615999999999994,243,13,230,2.5776849623314115,1.3183564795051028,5.718215902231603,4.01543016509974,2.2741743007491553,1.1659131842323622,2.2183532843593534
rw_armax_exog_1_4_3m,rw_armax_exog_1_4_3m,RW-ARMAX (Exog. 1&4) (3 Months),STATISTICAL_ROLLING,00_04,POS,MARGINAL,,,0.95,8.348999999999997,243,13,230,3.6848542935149533,1.7900698777483124,10.087681026806543,7.067691112065816,2.9315330033783127,1.4917695471129753,2.7376064895049037
rw_armax_exog_1_4_3m,rw_armax_exog_1_4_3m,RW-ARMAX (Exog. 1&4) (3 Months),STATISTICAL_ROLLING,04_08,NEG,AVERAGE,,,0.95,15.850999999999994,243,13,230,4.006050948803471,2.227592059706621,9.372635231943699,8.24311995397602,3.4627019835530377,1.8875839613348722,2.33961957841378
rw_armax_exog_1_4_3m,rw_armax_exog_1_4_3m,RW-ARMAX (Exog. 1&4) (3 Months),STATISTICAL_ROLLING,04_08,NEG,MARGINAL,,,0.95,23.935999999999996,243,13,230,9.381840191843633,4.308387988006259,23.214937476862506,19.379518976947224,7.90774680212958,3.456541453848726,2.4744545848313497
rw_armax_exog_1_4_3m,rw_armax_exog_1_4_3m,RW-ARMAX (Exog. 1&4) (3 Months),STATISTICAL_ROLLING,04_08,POS,AVERAGE,,,0.95,17.266999999999992,243,13,230,6.454596598931068,3.2777717167412357,14.64605877039734,9.745455785237523,5.647327226747438,2.912206965043619,2.2690897170588236
rw_armax_exog_1_4_3m,rw_armax_exog_1_4_3m,RW-ARMAX (Exog. 1&4) (3 Months),STATISTICAL_ROLLING,04_08,POS,MARGINAL,,,0.95,28.057999999999993,243,13,230,21.179628706745294,5.970186414404873,87.26036486291248,42.21537575125695,6.599507473617373,3.9215452779741033,4.1200139091731
rw_armax_exog_1_4_3m,rw_armax_exog_1_4_3m,RW-ARMAX (Exog. 1&4) (3 Months),STATISTICAL_ROLLING,08_12,NEG,AVERAGE,,,0.95,30.66699999999998,243,13,230,8.75886748818318,4.373572516802313,25.909066524266102,17.924967731711668,6.565979225984634,3.607624091611784,2.9580384175489254
rw_armax_exog_1_4_3m,rw_armax_exog_1_4_3m,RW-ARMAX (Exog. 1&4) (3 Months),STATISTICAL_ROLLING,08_12,NEG,MARGINAL,,,0.95,38.971999999999994,243,13,230,20.821266839944855,8.125171351608596,76.1616009140337,52.333911695372045,11.409178081903388,5.626416462613271,3.657875454913262
rw_armax_exog_1_4_3m,rw_armax_exog_1_4_3m,RW-ARMAX (Exog. 1&4) (3 Months),STATISTICAL_ROLLING,08_12,POS,AVERAGE,,,0.95,40.626999999999995,243,13,230,11.793864961468755,7.007424860371218,33.12136343718648,29.095517226385418,9.216908993337725,5.758967465770416,2.808355322482995
rw_armax_exog_1_4_3m,rw_armax_exog_1_4_3m,RW-ARMAX (Exog. 1&4) (3 Months),STATISTICAL_ROLLING,08_12,POS,MARGINAL,,,0.95,65.84399999999997,243,13,230,22.863102916437178,11.244995363925032,61.24701540482406,53.66127294384118,18.445661534112965,8.847553587668903,2.678858404682734
rw_armax_exog_1_4_3m,rw_armax_exog_1_4_3m,RW-ARMAX (Exog. 1&4) (3 Months),STATISTICAL_ROLLING,12_16,NEG,AVERAGE,,,0.95,63.112,243,13,230,46.1038715182806,13.947661132748431,65.52700277537937,43.825164221687174,44.75505938148673,12.258932697286673,1.4212906772785303
rw_armax_exog_1_4_3m,rw_armax_exog_1_4_3m,RW-ARMAX (Exog. 1&4) (3 Months),STATISTICAL_ROLLING,12_16,NEG,MARGINAL,,,0.95,80.81899999999997,243,13,230,36.13129592102022,15.211739598796907,118.9662431990766,70.31956516276425,24.068811782853004,12.096949458224842,3.292609361677095
rw_armax_exog_1_4_3m,rw_armax_exog_1_4_3m,RW-ARMAX (Exog. 1&4) (3 Months),STATISTICAL_ROLLING,12_16,POS,AVERAGE,,,0.95,28.663999999999962,243,13,230,19.787349933456255,6.8517490349114185,67.70982819448496,43.40235244913764,12.431369678968844,4.785845363672544,3.4218745017493144
rw_armax_exog_1_4_3m,rw_armax_exog_1_4_3m,RW-ARMAX (Exog. 1&4) (3 Months),STATISTICAL_ROLLING,12_16,POS,MARGINAL,,,0.95,49.48499999999998,243,13,230,94.01322503683997,16.37671672254879,402.6136918982221,195.61730374289147,13.266664882356318,6.245727021398984,4.282521865838068
rw_armax_exog_1_4_3m,rw_armax_exog_1_4_3m,RW-ARMAX (Exog. 1&4) (3 Months),STATISTICAL_ROLLING,16_20,NEG,AVERAGE,,,0.95,21.622999999999998,243,13,230,4.589310439878124,2.486784826056595,9.316639430569884,8.40494851762544,4.164870253508255,2.152279921750529,2.0300739190825583
rw_armax_exog_1_4_3m,rw_armax_exog_1_4_3m,RW-ARMAX (Exog. 1&4) (3 Months),STATISTICAL_ROLLING,16_20,NEG,MARGINAL,,,0.95,26.906999999999993,243,13,230,6.844912222422539,3.195863702080141,20.473673539840213,12.890055459026676,5.080229823212507,2.647931124513597,2.991079048869703
rw_armax_exog_1_4_3m,rw_armax_exog_1_4_3m,RW-ARMAX (Exog. 1&4) (3 Months),STATISTICAL_ROLLING,16_20,POS,AVERAGE,,,0.95,68.41499999999998,243,13,230,92.10535424083648,14.89031211197142,394.80457669541886,155.5289348464948,12.361721574076714,6.941172566107056,4.286445450967882
rw_armax_exog_1_4_3m,rw_armax_exog_1_4_3m,RW-ARMAX (Exog. 1&4) (3 Months),STATISTICAL_ROLLING,16_20,POS,MARGINAL,,,0.95,110.30499999999995,243,13,230,37.12314544255187,16.45005990363998,139.6796696515676,117.13206646768114,18.795206941358092,10.759337793498526,3.7626033027756796
rw_armax_exog_1_4_3m,rw_armax_exog_1_4_3m,RW-ARMAX (Exog. 1&4) (3 Months),STATISTICAL_ROLLING,20_24,NEG,AVERAGE,,,0.95,5.679999999999998,243,13,230,1.068069288251766,0.5199266955090683,3.763813872775255,2.9282957838267243,0.6360399351677022,0.38380148616937465,3.52394167136472
rw_armax_exog_1_4_3m,rw_armax_exog_1_4_3m,RW-ARMAX (Exog. 1&4) (3 Months),STATISTICAL_ROLLING,20_24,NEG,MARGINAL,,,0.95,8.972999999999994,243,13,230,2.087975599936396,1.0530277456433752,7.762988992200572,6.957451480012683,1.095367828892225,0.7192994476138057,3.7179500528823466
rw_armax_exog_1_4_3m,rw_armax_exog_1_4_3m,RW-ARMAX (Exog. 1&4) (3 Months),STATISTICAL_ROLLING,20_24,POS,AVERAGE,,,0.95,30.47799999999999,243,13,230,12.797173623644111,4.334453974079488,16.293742047020828,8.926336474396042,12.570535118925871,4.074912789278988,1.273229740113586
rw_armax_exog_1_4_3m,rw_armax_exog_1_4_3m,RW-ARMAX (Exog. 1&4) (3 Months),STATISTICAL_ROLLING,20_24,POS,MARGINAL,,,0.95,37.205,243,13,230,19.1330269239656,6.414762307523287,31.540293968429374,20.207811796852237,18.18066327249337,5.635155162474259,1.6484738193162063
rw_armax_exog_1_4_6m,rw_armax_exog_1_4_6m,RW-ARMAX (Exog. 1&4) (6 Months),STATISTICAL_ROLLING,00_04,NEG,AVERAGE,,,0.95,21.354999999999993,243,13,230,8.144279308918865,3.5150912694895164,23.074207940349993,17.81327757775319,6.323375691147391,2.706932912935483,2.8331798388939395
rw_armax_exog_1_4_6m,rw_armax_exog_1_4_6m,RW-ARMAX (Exog. 1&4) (6 Months),STATISTICAL_ROLLING,00_04,NEG,MARGINAL,,,0.95,30.95699999999999,243,13,230,17.27697932335172,6.3550649007475135,50.27722073254785,36.61554879839794,13.133538136065606,4.6446897239237925,2.910070087575593
rw_armax_exog_1_4_6m,rw_armax_exog_1_4_6m,RW-ARMAX (Exog. 1&4) (6 Months),STATISTICAL_ROLLING,00_04,POS,AVERAGE,,,0.95,6.615999999999994,243,13,230,2.321860309997505,1.154177062861656,5.997078808773685,4.185314691399034,1.9138819787667667,0.9828518925530214,2.582876662713671
rw_armax_exog_1_4_6m,rw_armax_exog_1_4_6m,RW-ARMAX (Exog. 1&4) (6 Months),STATISTICAL_ROLLING,00_04,POS,MARGINAL,,,0.95,8.348999999999997,243,13,230,3.459949750677245,1.6377183228016954,9.675177930791692,7.252922192982382,2.7123681450302235,1.3203372344871345,2.7963348106133297
rw_armax_exog_1_4_6m,rw_armax_exog_1_4_6m,RW-ARMAX (Exog. 1&4) (6 Months),STATISTICAL_ROLLING,04_08,NEG,AVERAGE,,,0.95,15.850999999999994,243,13,230,3.8239133706452324,2.153043115334693,8.32059620559492,7.652290545515464,3.3964188278571363,1.842216086672302,2.1759374230255992
rw_armax_exog_1_4_6m,rw_armax_exog_1_4_6m,RW-ARMAX (Exog. 1&4) (6 Months),STATISTICAL_ROLLING,04_08,NEG,MARGINAL,,,0.95,23.935999999999996,243,13,230,8.50905248910333,4.198972638979564,22.556921612239258,19.03434491918724,6.909217058039369,3.3604515970547824,2.650932244351012
rw_armax_exog_1_4_6m,rw_armax_exog_1_4_6m,RW-ARMAX (Exog. 1&4) (6 Months),STATISTICAL_ROLLING,04_08,POS,AVERAGE,,,0.95,17.266999999999992,243,13,230,4.65127853293345,2.698201122018809,15.216413872103153,10.961120377663295,3.12573260222628,2.2311665553954247,3.2714475739010465
rw_armax_exog_1_4_6m,rw_armax_exog_1_4_6m,RW-ARMAX (Exog. 1&4) (6 Months),STATISTICAL_ROLLING,04_08,POS,MARGINAL,,,0.95,28.057999999999993,243,13,230,20.80705847472245,5.514795151019307,87.11911529440424,40.88177661413941,5.33090316607679,3.51579185092991,4.186998147779577
rw_armax_exog_1_4_6m,rw_armax_exog_1_4_6m,RW-ARMAX (Exog. 1&4) (6 Months),STATISTICAL_ROLLING,08_12,NEG,AVERAGE,,,0.95,30.66699999999998,243,13,230,6.8225961129309045,4.097202271586561,18.649343619770054,15.028987535581111,5.433289290858537,3.479318756665129,2.7334673357585757
rw_armax_exog_1_4_6m,rw_armax_exog_1_4_6m,RW-ARMAX (Exog. 1&4) (6 Months),STATISTICAL_ROLLING,08_12,NEG,MARGINAL,,,0.95,38.971999999999994,243,13,230,19.62211807460052,7.4351585835704865,77.04844046192895,54.20495192900648,8.441017479431542,4.7916485249154075,3.9266118045463623
rw_armax_exog_1_4_6m,rw_armax_exog_1_4_6m,RW-ARMAX (Exog. 1&4) (6 Months),STATISTICAL_ROLLING,08_12,POS,AVERAGE,,,0.95,40.626999999999995,243,13,230,9.62420883636195,6.155713976538093,29.561144893493637,27.33816987318816,6.9619382686557465,4.958444730205699,3.0715402581255766
rw_armax_exog_1_4_6m,rw_armax_exog_1_4_6m,RW-ARMAX (Exog. 1&4) (6 Months),STATISTICAL_ROLLING,08_12,POS,MARGINAL,,,0.95,65.84399999999997,243,13,230,18.727001643737967,10.133861185741008,62.422755838890644,56.83173019188593,12.258881022487571,7.4944164158284705,3.333302203226104
rw_armax_exog_1_4_6m,rw_armax_exog_1_4_6m,RW-ARMAX (Exog. 1&4) (6 Months),STATISTICAL_ROLLING,12_16,NEG,AVERAGE,,,0.95,63.112,243,13,230,28.666539657622902,12.220674360782827,38.676033938086476,31.10532769516662,27.994127311042902,11.153280911448093,1.3491699521466969
rw_armax_exog_1_4_6m,rw_armax_exog_1_4_6m,RW-ARMAX (Exog. 1&4) (6 Months),STATISTICAL_ROLLING,12_16,NEG,MARGINAL,,,0.95,80.81899999999997,243,13,230,45.40686954493382,17.82955107690633,119.06075515968841,72.41436540077456,37.10926518580704,14.74432244120943,2.6220868417689096
rw_armax_exog_1_4_6m,rw_armax_exog_1_4_6m,RW-ARMAX (Exog. 1&4) (6 Months),STATISTICAL_ROLLING,12_16,POS,AVERAGE,,,0.95,28.663999999999962,243,13,230,17.13415308617834,6.023517360066424,70.80479667865022,49.179701879697646,5.17796168395634,3.584254756782919,4.132377965956575
rw_armax_exog_1_4_6m,rw_armax_exog_1_4_6m,RW-ARMAX (Exog. 1&4) (6 Months),STATISTICAL_ROLLING,12_16,POS,MARGINAL,,,0.95,49.48499999999998,243,13,230,94.12691095222735,15.690419463579452,405.6438327618585,202.68139486638972,7.757119042692543,5.121364332116261,4.309541539801904
rw_armax_exog_1_4_6m,rw_armax_exog_1_4_6m,RW-ARMAX (Exog. 1&4) (6 Months),STATISTICAL_ROLLING,16_20,NEG,AVERAGE,,,0.95,21.622999999999998,243,13,230,4.193585767059839,2.3764153148675886,9.892773214484802,7.586622798340666,3.6122778318744992,2.0819253266712847,2.359024892775882
rw_armax_exog_1_4_6m,rw_armax_exog_1_4_6m,RW-ARMAX (Exog. 1&4) (6 Months),STATISTICAL_ROLLING,16_20,NEG,MARGINAL,,,0.95,26.906999999999993,243,13,230,6.764255901763035,3.425571334487552,21.82038172133108,16.24673155004358,4.629219866082456,2.7008970614343846,3.225836224741855
rw_armax_exog_1_4_6m,rw_armax_exog_1_4_6m,RW-ARMAX (Exog. 1&4) (6 Months),STATISTICAL_ROLLING,16_20,POS,AVERAGE,,,0.95,68.41499999999998,243,13,230,75.1324666516293,14.751061889872615,321.6622444615824,157.39528479078643,10.762632580938336,6.688562334603574,4.281268255879989
rw_armax_exog_1_4_6m,rw_armax_exog_1_4_6m,RW-ARMAX (Exog. 1&4) (6 Months),STATISTICAL_ROLLING,16_20,POS,MARGINAL,,,0.95,110.30499999999995,243,13,230,132.03556935821584,23.235590472155607,567.3149669090329,268.79577556520775,15.081318861693413,9.356101749504836,4.296682853465744
rw_armax_exog_1_4_6m,rw_armax_exog_1_4_6m,RW-ARMAX (Exog. 1&4) (6 Months),STATISTICAL_ROLLING,20_24,NEG,AVERAGE,,,0.95,5.679999999999998,243,13,230,1.0384411463784193,0.5245113211288017,3.8841238050645703,3.407307308398915,0.5353505677574389,0.3615706783700563,3.7403408162422265
rw_armax_exog_1_4_6m,rw_armax_exog_1_4_6m,RW-ARMAX (Exog. 1&4) (6 Months),STATISTICAL_ROLLING,20_24,NEG,MARGINAL,,,0.95,8.972999999999994,243,13,230,2.0349731817552983,1.0213937990307873,7.480450901479132,6.532582575146282,1.1010829801290263,0.709891824728607,3.675945692329346
rw_armax_exog_1_4_6m,rw_armax_exog_1_4_6m,RW-ARMAX (Exog. 1&4) (6 Months),STATISTICAL_ROLLING,20_24,POS,AVERAGE,,,0.95,30.47799999999999,243,13,230,16.165035492659314,6.494429642582517,45.08714533592114,32.38265414310537,12.695578782519922,5.031182170813834,2.789177008389225
rw_armax_exog_1_4_6m,rw_armax_exog_1_4_6m,RW-ARMAX (Exog. 1&4) (6 Months),STATISTICAL_ROLLING,20_24,POS,MARGINAL,,,0.95,37.205,243,13,230,28.697400570517352,9.64873311781908,56.47554134039991,48.688127495206736,26.264299316394215,7.442158653010213,1.9679671404949752
rw_armax_exog_1_6m,rw_armax_exog_1_6m,RW-ARMAX (Exog. 1) (6 Months),STATISTICAL_ROLLING,00_04,NEG,AVERAGE,,,0.95,21.354999999999993,243,13,230,3.638543453467085,1.8869530900606015,12.394772922515228,11.120929744664782,2.3030051077397635,1.3650326704525393,3.4065205159785936
rw_armax_exog_1_6m,rw_armax_exog_1_6m,RW-ARMAX (Exog. 1) (6 Months),STATISTICAL_ROLLING,00_04,NEG,MARGINAL,,,0.95,30.95699999999999,243,13,230,8.278580808607323,3.833086061464294,29.54165536066388,25.02749384654468,4.804327094401801,2.635141273611924,3.568444404136169
rw_armax_exog_1_6m,rw_armax_exog_1_6m,RW-ARMAX (Exog. 1) (6 Months),STATISTICAL_ROLLING,00_04,POS,AVERAGE,,,0.95,6.615999999999994,243,13,230,0.9360823985528898,0.29550221093579127,3.803359308986618,1.720386089655451,0.3288766518452192,0.2149652960516366,4.0630603832166
rw_armax_exog_1_6m,rw_armax_exog_1_6m,RW-ARMAX (Exog. 1) (6 Months),STATISTICAL_ROLLING,00_04,POS,MARGINAL,,,0.95,8.348999999999997,243,13,230,2.3441625034280453,0.9205056610376852,9.158458298507025,5.561807076524113,1.031889605762937,0.6581712332058437,3.9069212501752424
rw_armax_exog_1_6m,rw_armax_exog_1_6m,RW-ARMAX (Exog. 1) (6 Months),STATISTICAL_ROLLING,04_08,NEG,AVERAGE,,,0.95,15.850999999999994,243,13,230,2.518875958994152,1.3846142221616036,7.877331801015536,7.044996529367932,1.7877484498413172,1.0646795700151586,3.127320252864355
rw_armax_exog_1_6m,rw_armax_exog_1_6m,RW-ARMAX (Exog. 1) (6 Months),STATISTICAL_ROLLING,04_08,NEG,MARGINAL,,,0.95,23.935999999999996,243,13,230,6.470636011720338,3.185695423719792,23.633840293558485,18.909758346179782,3.558785451704877,2.2969440411459665,3.6524756222958974
rw_armax_exog_1_6m,rw_armax_exog_1_6m,RW-ARMAX (Exog. 1) (6 Months),STATISTICAL_ROLLING,04_08,POS,AVERAGE,,,0.95,17.266999999999992,243,13,230,4.087428256692774,1.8644765157737104,15.681843418884515,10.829227050007209,1.9368903595600238,1.3577732247083387,3.8366039558509666
rw_armax_exog_1_6m,rw_armax_exog_1_6m,RW-ARMAX (Exog. 1) (6 Months),STATISTICAL_ROLLING,04_08,POS,MARGINAL,,,0.95,28.057999999999993,243,13,230,20.70132858889384,4.727686776131981,88.09007702919924,43.487053101697676,3.763806223231078,2.536939983817399,4.255286159578141
rw_armax_exog_1_6m,rw_armax_exog_1_6m,RW-ARMAX (Exog. 1) (6 Months),STATISTICAL_ROLLING,08_12,NEG,AVERAGE,,,0.95,30.66699999999998,243,13,230,3.9629974643046575,2.0422760296296794,13.340176500123244,8.311759682435545,2.5562504516839955,1.687913910123261,3.366183455901831
rw_armax_exog_1_6m,rw_armax_exog_1_6m,RW-ARMAX (Exog. 1) (6 Months),STATISTICAL_ROLLING,08_12,NEG,MARGINAL,,,0.95,38.971999999999994,243,13,230,17.406178383301288,5.5175117158399125,72.20539368023402,44.968939893488596,5.041519250711858,3.2876483840597706,4.148262306073151
rw_armax_exog_1_6m,rw_armax_exog_1_6m,RW-ARMAX (Exog. 1) (6 Months),STATISTICAL_ROLLING,08_12,POS,AVERAGE,,,0.95,40.626999999999995,243,13,230,8.809163531248185,4.484692978123781,32.37640145566795,28.86460488617066,4.768612581647523,3.106697957234175,3.675309391274348
rw_armax_exog_1_6m,rw_armax_exog_1_6m,RW-ARMAX (Exog. 1) (6 Months),STATISTICAL_ROLLING,08_12,POS,MARGINAL,,,0.95,65.84399999999997,243,13,230,18.509508241356034,9.110294227414158,68.77687292743163,64.20881886263818,9.726455031658208,5.996029791510192,3.715759059106852
rw_armax_exog_1_6m,rw_armax_exog_1_6m,RW-ARMAX (Exog. 1) (6 Months),STATISTICAL_ROLLING,12_16,NEG,AVERAGE,,,0.95,63.112,243,13,230,6.040591780895371,3.7618797256712564,10.971143793990898,7.581194525433158,5.634524042428346,3.546005410902105,1.8162365860724812
rw_armax_exog_1_6m,rw_armax_exog_1_6m,RW-ARMAX (Exog. 1) (6 Months),STATISTICAL_ROLLING,12_16,NEG,MARGINAL,,,0.95,80.81899999999997,243,13,230,27.375251091770593,8.297623546482686,109.63967721382521,46.854265507231155,10.59821515404654,6.118335087831686,4.005065628303388
rw_armax_exog_1_6m,rw_armax_exog_1_6m,RW-ARMAX (Exog. 1) (6 Months),STATISTICAL_ROLLING,12_16,POS,AVERAGE,,,0.95,28.663999999999962,243,13,230,16.30168075650548,3.8642611104256313,69.75962865413317,47.57750323674543,2.38902384452485,1.3935126424162523,4.279290564949527
rw_armax_exog_1_6m,rw_armax_exog_1_6m,RW-ARMAX (Exog. 1) (6 Months),STATISTICAL_ROLLING,12_16,POS,MARGINAL,,,0.95,49.48499999999998,243,13,230,93.67481946834869,13.377805320678796,404.550741574593,202.55463728948644,4.530675819990909,2.685201774615761,4.318671163399302
rw_armax_exog_1_6m,rw_armax_exog_1_6m,RW-ARMAX (Exog. 1) (6 Months),STATISTICAL_ROLLING,16_20,NEG,AVERAGE,,,0.95,21.622999999999998,243,13,230,2.2025596279871738,1.327887042811077,5.4474094183299755,4.355787891716823,1.8569409679971742,1.1567448209164044,2.4732176823326837
rw_armax_exog_1_6m,rw_armax_exog_1_6m,RW-ARMAX (Exog. 1) (6 Months),STATISTICAL_ROLLING,16_20,NEG,MARGINAL,,,0.95,26.906999999999993,243,13,230,5.165745456108063,2.356344436487617,18.47855006805581,11.266528804208978,2.982192425537597,1.852725320051192,3.577131359851746
rw_armax_exog_1_6m,rw_armax_exog_1_6m,RW-ARMAX (Exog. 1) (6 Months),STATISTICAL_ROLLING,16_20,POS,AVERAGE,,,0.95,68.41499999999998,243,13,230,21.879450715663985,8.956484316431865,89.26424929292048,80.24630148883777,7.44289498833141,4.927059867556747,4.079821310551194
rw_armax_exog_1_6m,rw_armax_exog_1_6m,RW-ARMAX (Exog. 1) (6 Months),STATISTICAL_ROLLING,16_20,POS,MARGINAL,,,0.95,110.30499999999995,243,13,230,36.989642624616444,15.41506448588913,148.32546279977507,134.4278310302658,14.214967900031885,8.688255942076532,4.009918784699615
rw_armax_exog_1_6m,rw_armax_exog_1_6m,RW-ARMAX (Exog. 1) (6 Months),STATISTICAL_ROLLING,20_24,NEG,AVERAGE,,,0.95,5.679999999999998,243,13,230,0.9609511127896374,0.4598301805454936,3.5011320143252487,3.1768788197063538,0.5317720214453538,0.30625786615814066,3.64340284092234
rw_armax_exog_1_6m,rw_armax_exog_1_6m,RW-ARMAX (Exog. 1) (6 Months),STATISTICAL_ROLLING,20_24,NEG,MARGINAL,,,0.95,8.972999999999994,243,13,230,2.299393614779002,1.140303672596883,8.579953605315081,7.723678653140098,1.1938054273954584,0.768199869348788,3.7313983783240663
rw_armax_exog_1_6m,rw_armax_exog_1_6m,RW-ARMAX (Exog. 1) (6 Months),STATISTICAL_ROLLING,20_24,POS,AVERAGE,,,0.95,30.47799999999999,243,13,230,3.1848650615007683,1.9901547680725296,6.066306620283007,4.899824453409161,2.938823203275592,1.8256951771621985,1.9047295578119248
rw_armax_exog_1_6m,rw_armax_exog_1_6m,RW-ARMAX (Exog. 1) (6 Months),STATISTICAL_ROLLING,20_24,POS,MARGINAL,,,0.95,37.205,243,13,230,7.889945584720674,3.851119256300279,27.862202653202214,17.64535867194915,4.678870760366516,3.071444854546212,3.531355489594117
rw_armax_exog_4_12m,rw_armax_exog_4_12m,RW-ARMAX (Exog. 4) (12 Months),STATISTICAL_ROLLING,00_04,NEG,AVERAGE,,,0.95,21.354999999999993,243,13,230,3.6203838803061097,1.985599196973355,11.961204394419457,11.038928951402479,2.4002982303506135,1.4738892543317088,3.303849754575782
rw_armax_exog_4_12m,rw_armax_exog_4_12m,RW-ARMAX (Exog. 4) (12 Months),STATISTICAL_ROLLING,00_04,NEG,MARGINAL,,,0.95,30.95699999999999,243,13,230,7.7054591179994985,3.5387772232934136,28.20370981722778,24.907619206302464,4.215430318097505,2.3309731112102936,3.660224444166549
rw_armax_exog_4_12m,rw_armax_exog_4_12m,RW-ARMAX (Exog. 4) (12 Months),STATISTICAL_ROLLING,00_04,POS,AVERAGE,,,0.95,6.615999999999994,243,13,230,1.133685549050494,0.41036247309275176,4.570366784023161,2.5122974503917868,0.4210068032914602,0.29155745263671934,4.031423694031402
rw_armax_exog_4_12m,rw_armax_exog_4_12m,RW-ARMAX (Exog. 4) (12 Months),STATISTICAL_ROLLING,00_04,POS,MARGINAL,,,0.95,8.348999999999997,243,13,230,2.39829111327797,0.8608174595943698,9.73467560134392,6.554325972080757,0.8489293675094969,0.5390104567147046,4.059004992116501
rw_armax_exog_4_12m,rw_armax_exog_4_12m,RW-ARMAX (Exog. 4) (12 Months),STATISTICAL_ROLLING,04_08,NEG,AVERAGE,,,0.95,15.850999999999994,243,13,230,2.2322099806080686,1.2707981210401702,6.498004630894448,5.208463853584788,1.6964133330651139,1.048234405722431,2.9110185364928567
rw_armax_exog_4_12m,rw_armax_exog_4_12m,RW-ARMAX (Exog. 4) (12 Months),STATISTICAL_ROLLING,04_08,NEG,MARGINAL,,,0.95,23.935999999999996,243,13,230,5.936341500142519,2.790353779158464,22.463004021719367,17.901313080225233,2.9515886679499563,1.9362560795329518,3.783981096973629
rw_armax_exog_4_12m,rw_armax_exog_4_12m,RW-ARMAX (Exog. 4) (12 Months),STATISTICAL_ROLLING,04_08,POS,AVERAGE,,,0.95,17.266999999999992,243,13,230,4.252442106102035,1.9205296693894962,16.468574517176037,12.79484121787375,1.9431617145171372,1.3058946688229953,3.872733386198129
rw_armax_exog_4_12m,rw_armax_exog_4_12m,RW-ARMAX (Exog. 4) (12 Months),STATISTICAL_ROLLING,04_08,POS,MARGINAL,,,0.95,28.057999999999993,243,13,230,20.67844518690095,4.625468280671682,88.12824301071544,45.32150695793182,3.575705074563038,2.3252573989135006,4.261840878952616
rw_armax_exog_4_12m,rw_armax_exog_4_12m,RW-ARMAX (Exog. 4) (12 Months),STATISTICAL_ROLLING,08_12,NEG,AVERAGE,,,0.95,30.66699999999998,243,13,230,4.0659694595369045,1.9351700782222172,15.003385759322503,10.09712077786168,2.177934365193574,1.4738424299817259,3.6899897819280034
rw_armax_exog_4_12m,rw_armax_exog_4_12m,RW-ARMAX (Exog. 4) (12 Months),STATISTICAL_ROLLING,08_12,NEG,MARGINAL,,,0.95,38.971999999999994,243,13,230,17.993373574598372,5.211858587716553,74.26410423242308,47.06609042920206,5.50770187765703,2.846184614067372,4.127302972093198
rw_armax_exog_4_12m,rw_armax_exog_4_12m,RW-ARMAX (Exog. 4) (12 Months),STATISTICAL_ROLLING,08_12,POS,AVERAGE,,,0.95,40.626999999999995,243,13,230,8.905607279209265,4.484522334405702,32.22801270040161,29.51361719553319,5.00864857750268,3.0698343639941483,3.618845036614185
rw_armax_exog_4_12m,rw_armax_exog_4_12m,RW-ARMAX (Exog. 4) (12 Months),STATISTICAL_ROLLING,08_12,POS,MARGINAL,,,0.95,65.84399999999997,243,13,230,18.344011937354608,8.439199921063496,67.91558110036456,62.99954391009915,9.737273531695857,5.355354391248436,3.702329748383203
rw_armax_exog_4_12m,rw_armax_exog_4_12m,RW-ARMAX (Exog. 4) (12 Months),STATISTICAL_ROLLING,12_16,NEG,AVERAGE,,,0.95,63.112,243,13,230,7.9586694720026205,4.565106514431449,20.16712326943475,17.315075886046056,6.628153002043637,3.8444560716880143,2.5339817591846976
rw_armax_exog_4_12m,rw_armax_exog_4_12m,RW-ARMAX (Exog. 4) (12 Months),STATISTICAL_ROLLING,12_16,NEG,MARGINAL,,,0.95,80.81899999999997,243,13,230,26.521222865673447,7.130999388740688,109.29032593946629,46.75275615717006,8.24708361238735,4.891508788785982,4.120862996891494
rw_armax_exog_4_12m,rw_armax_exog_4_12m,RW-ARMAX (Exog. 4) (12 Months),STATISTICAL_ROLLING,12_16,POS,AVERAGE,,,0.95,28.663999999999962,243,13,230,16.993300112392323,4.719148503936272,71.15121020095923,50.124842595706504,4.353521895968277,2.15273970744491,4.1870154549364065
rw_armax_exog_4_12m,rw_armax_exog_4_12m,RW-ARMAX (Exog. 4) (12 Months),STATISTICAL_ROLLING,12_16,POS,MARGINAL,,,0.95,49.48499999999998,243,13,230,93.93660961857874,13.77838036950358,405.37419001796053,205.3348011002576,5.892518892465701,2.95127832820009,4.31540154220965
rw_armax_exog_4_12m,rw_armax_exog_4_12m,RW-ARMAX (Exog. 4) (12 Months),STATISTICAL_ROLLING,16_20,NEG,AVERAGE,,,0.95,21.622999999999998,243,13,230,1.7320145933797932,0.9855531781232673,4.795779113294602,3.9783437977664096,1.3672823745643778,0.8163954474477854,2.768902254995603
rw_armax_exog_4_12m,rw_armax_exog_4_12m,RW-ARMAX (Exog. 4) (12 Months),STATISTICAL_ROLLING,16_20,NEG,MARGINAL,,,0.95,26.906999999999993,243,13,230,4.584138159130201,1.7228565102723803,17.421592728415767,9.335558496652821,2.246568199578495,1.2925733545204428,3.8004074318129537
rw_armax_exog_4_12m,rw_armax_exog_4_12m,RW-ARMAX (Exog. 4) (12 Months),STATISTICAL_ROLLING,16_20,POS,AVERAGE,,,0.95,68.41499999999998,243,13,230,22.250440185898594,8.334355842261774,91.0531462468879,82.75117526084097,7.379809929906577,4.128187788168168,4.092195277313822
rw_armax_exog_4_12m,rw_armax_exog_4_12m,RW-ARMAX (Exog. 4) (12 Months),STATISTICAL_ROLLING,16_20,POS,MARGINAL,,,0.95,110.30499999999995,243,13,230,37.95147631745185,14.22152459066588,154.06076933758234,142.22453032722655,13.423708479738002,6.986572092512453,4.059414396660455
rw_armax_exog_4_12m,rw_armax_exog_4_12m,RW-ARMAX (Exog. 4) (12 Months),STATISTICAL_ROLLING,20_24,NEG,AVERAGE,,,0.95,5.679999999999998,243,13,230,0.8274428472777811,0.3903480790359708,2.9048391330541374,2.309253011142433,0.49641151259824073,0.2818882350473446,3.5106220841848104
rw_armax_exog_4_12m,rw_armax_exog_4_12m,RW-ARMAX (Exog. 4) (12 Months),STATISTICAL_ROLLING,20_24,NEG,MARGINAL,,,0.95,8.972999999999994,243,13,230,1.9272452637333186,0.9071803422764335,7.199056466946158,6.024965758353421,0.9974429793311684,0.6179142100633863,3.7354127170097033
rw_armax_exog_4_12m,rw_armax_exog_4_12m,RW-ARMAX (Exog. 4) (12 Months),STATISTICAL_ROLLING,20_24,POS,AVERAGE,,,0.95,30.47799999999999,243,13,230,2.9697144366284225,1.8696126380871703,6.532651623573869,5.556334971822002,2.6278479771058265,1.6612326800934625,2.199757506311119
rw_armax_exog_4_12m,rw_armax_exog_4_12m,RW-ARMAX (Exog. 4) (12 Months),STATISTICAL_ROLLING,20_24,POS,MARGINAL,,,0.95,37.205,243,13,230,7.640158332598173,3.3737733682080555,27.66877432061743,16.850148773987595,4.289576223162466,2.6120651930987773,3.6214922670598853
rw_armax_exog_4_3m,rw_armax_exog_4_3m,RW-ARMAX (Exog. 4) (3 Months),STATISTICAL_ROLLING,00_04,NEG,AVERAGE,,,0.95,21.354999999999993,243,13,230,3.773068791394026,2.1386877910417144,11.998865000414296,11.053824471781045,2.6273757717205704,1.6347887612607954,3.1801341729529153
rw_armax_exog_4_3m,rw_armax_exog_4_3m,RW-ARMAX (Exog. 4) (3 Months),STATISTICAL_ROLLING,00_04,NEG,MARGINAL,,,0.95,30.95699999999999,243,13,230,7.838145168580659,3.757605950345961,27.98642285662479,24.183102171261375,4.543009942242533,2.603121381337699,3.5705415317910743
rw_armax_exog_4_3m,rw_armax_exog_4_3m,RW-ARMAX (Exog. 4) (3 Months),STATISTICAL_ROLLING,00_04,POS,AVERAGE,,,0.95,6.615999999999994,243,13,230,1.1127789723185144,0.4660408714316724,4.365104351523734,2.622119329680949,0.4809300456404363,0.34417556726975673,3.922705640661851
rw_armax_exog_4_3m,rw_armax_exog_4_3m,RW-ARMAX (Exog. 4) (3 Months),STATISTICAL_ROLLING,00_04,POS,MARGINAL,,,0.95,8.348999999999997,243,13,230,2.3260712436428213,0.8958990424373099,9.266881132007919,6.18923935128592,0.9287707835349391,0.5967102423719535,3.983919734760665
rw_armax_exog_4_3m,rw_armax_exog_4_3m,RW-ARMAX (Exog. 4) (3 Months),STATISTICAL_ROLLING,04_08,NEG,AVERAGE,,,0.95,15.850999999999994,243,13,230,2.421584794176174,1.3841931955461577,6.843024295832505,5.6652290880748986,1.8838200767554825,1.1422216016206201,2.82584541837632
rw_armax_exog_4_3m,rw_armax_exog_4_3m,RW-ARMAX (Exog. 4) (3 Months),STATISTICAL_ROLLING,04_08,NEG,MARGINAL,,,0.95,23.935999999999996,243,13,230,6.056456047575035,2.790662688989957,22.536892336200214,17.5429453903161,3.169522412798495,1.9568380145671747,3.721135290864339
rw_armax_exog_4_3m,rw_armax_exog_4_3m,RW-ARMAX (Exog. 4) (3 Months),STATISTICAL_ROLLING,04_08,POS,AVERAGE,,,0.95,17.266999999999992,243,13,230,4.685132638934081,2.5304196637673884,16.572635555576912,12.52151583378367,2.7689932606547916,1.9657055324186423,3.5372820435981014
rw_armax_exog_4_3m,rw_armax_exog_4_3m,RW-ARMAX (Exog. 4) (3 Months),STATISTICAL_ROLLING,04_08,POS,MARGINAL,,,0.95,28.057999999999993,243,13,230,20.79952916383511,5.02053431519387,88.23036836698986,45.32449427373593,4.132052725459522,2.742484404493666,4.241940655099019
rw_armax_exog_4_3m,rw_armax_exog_4_3m,RW-ARMAX (Exog. 4) (3 Months),STATISTICAL_ROLLING,08_12,NEG,AVERAGE,,,0.95,30.66699999999998,243,13,230,3.906189117299289,1.979753333142211,13.736522716217362,8.853477602093601,2.335709024420893,1.591238483158002,3.5166046250506926
rw_armax_exog_4_3m,rw_armax_exog_4_3m,RW-ARMAX (Exog. 4) (3 Months),STATISTICAL_ROLLING,08_12,NEG,MARGINAL,,,0.95,38.971999999999994,243,13,230,17.911997489055594,5.403376312388467,73.52975256868207,49.15604176208088,5.777737358809101,2.930399569579766,4.105055989071541
rw_armax_exog_4_3m,rw_armax_exog_4_3m,RW-ARMAX (Exog. 4) (3 Months),STATISTICAL_ROLLING,08_12,POS,AVERAGE,,,0.95,40.626999999999995,243,13,230,8.34281730917277,4.203258067270031,30.645669995020178,27.16796048138603,4.522595347715405,2.9052531482113015,3.6732999009010836
rw_armax_exog_4_3m,rw_armax_exog_4_3m,RW-ARMAX (Exog. 4) (3 Months),STATISTICAL_ROLLING,08_12,POS,MARGINAL,,,0.95,65.84399999999997,243,13,230,17.688247204100524,8.517353546742951,65.22137923717163,58.66365063971744,9.493392585391067,5.6829976240965685,3.687272033491927
rw_armax_exog_4_3m,rw_armax_exog_4_3m,RW-ARMAX (Exog. 4) (3 Months),STATISTICAL_ROLLING,12_16,NEG,AVERAGE,,,0.95,63.112,243,13,230,10.823991553731002,6.766752142284782,23.353008183374946,20.88965790242178,9.64136645803254,5.968500947146604,2.157522764818236
rw_armax_exog_4_3m,rw_armax_exog_4_3m,RW-ARMAX (Exog. 4) (3 Months),STATISTICAL_ROLLING,12_16,NEG,MARGINAL,,,0.95,80.81899999999997,243,13,230,29.37936979595815,10.926159535598588,110.21478073547574,51.4324001212337,15.011580777528998,8.63667637206269,3.7514344759920095
rw_armax_exog_4_3m,rw_armax_exog_4_3m,RW-ARMAX (Exog. 4) (3 Months),STATISTICAL_ROLLING,12_16,POS,AVERAGE,,,0.95,28.663999999999962,243,13,230,16.61339828550071,4.999683398549194,70.21149957344814,48.19581834595669,3.6017537331264533,2.558162727608771,4.2261973358409755
rw_armax_exog_4_3m,rw_armax_exog_4_3m,RW-ARMAX (Exog. 4) (3 Months),STATISTICAL_ROLLING,12_16,POS,MARGINAL,,,0.95,49.48499999999998,243,13,230,94.06152594959981,14.75781817051242,405.78440720810653,203.4204109146464,6.381653258600498,4.094280319757021,4.314031726696998
rw_armax_exog_4_3m,rw_armax_exog_4_3m,RW-ARMAX (Exog. 4) (3 Months),STATISTICAL_ROLLING,16_20,NEG,AVERAGE,,,0.95,21.622999999999998,243,13,230,1.7268456920190542,0.9879802948818952,4.842763644304824,3.6573531416449763,1.3509165365604507,0.8371026991952863,2.8043986018476215
rw_armax_exog_4_3m,rw_armax_exog_4_3m,RW-ARMAX (Exog. 4) (3 Months),STATISTICAL_ROLLING,16_20,NEG,MARGINAL,,,0.95,26.906999999999993,243,13,230,4.3794759231232785,1.6935583470101057,16.550518070859535,9.714584622160505,2.186657410788145,1.240195992327692,3.7791092727497686
rw_armax_exog_4_3m,rw_armax_exog_4_3m,RW-ARMAX (Exog. 4) (3 Months),STATISTICAL_ROLLING,16_20,POS,AVERAGE,,,0.95,68.41499999999998,243,13,230,21.50135555764699,8.685233935790363,87.6541587229816,78.51721356730226,7.359892671044359,4.738209000096213,4.076680583601962
rw_armax_exog_4_3m,rw_armax_exog_4_3m,RW-ARMAX (Exog. 4) (3 Months),STATISTICAL_ROLLING,16_20,POS,MARGINAL,,,0.95,110.30499999999995,243,13,230,36.22561955766297,14.54246383693269,146.10435861911222,133.01229755043317,13.413737701756384,7.846342800952227,4.03317763514154
rw_armax_exog_4_3m,rw_armax_exog_4_3m,RW-ARMAX (Exog. 4) (3 Months),STATISTICAL_ROLLING,20_24,NEG,AVERAGE,,,0.95,5.679999999999998,243,13,230,0.9111029724539438,0.46438584249880255,3.1443291499880535,2.7592039329035023,0.5640995933253597,0.3346787330411456,3.4511237972577233
rw_armax_exog_4_3m,rw_armax_exog_4_3m,RW-ARMAX (Exog. 4) (3 Months),STATISTICAL_ROLLING,20_24,NEG,MARGINAL,,,0.95,8.972999999999994,243,13,230,1.9663455512315218,0.97455733391137,7.136261566772364,5.784059417625825,1.0984616198831711,0.7027159117883791,3.6292001486223646
rw_armax_exog_4_3m,rw_armax_exog_4_3m,RW-ARMAX (Exog. 4) (3 Months),STATISTICAL_ROLLING,20_24,POS,AVERAGE,,,0.95,30.47799999999999,243,13,230,7.70020301702404,4.8016146377497275,14.837784866369462,13.152469575969544,7.085242336898826,4.329609793415565,1.926934242326502
rw_armax_exog_4_3m,rw_armax_exog_4_3m,RW-ARMAX (Exog. 4) (3 Months),STATISTICAL_ROLLING,20_24,POS,MARGINAL,,,0.95,37.205,243,13,230,11.303730392781558,6.391096640657132,33.13833849411563,22.79212920398824,8.539732389826753,5.464081756642764,2.9316285281607053
rw_armax_exog_4_6m,rw_armax_exog_4_6m,RW-ARMAX (Exog. 4) (6 Months),STATISTICAL_ROLLING,00_04,NEG,AVERAGE,,,0.95,21.354999999999993,243,13,230,3.7719678955327827,1.9734650166738725,13.022551047310802,12.314328049908642,2.3337899699289184,1.3889814539258203,3.45245543121766
rw_armax_exog_4_6m,rw_armax_exog_4_6m,RW-ARMAX (Exog. 4) (6 Months),STATISTICAL_ROLLING,00_04,NEG,MARGINAL,,,0.95,30.95699999999999,243,13,230,7.869087134324536,3.626926118818791,28.78662871196187,25.591367361098243,4.310989723849018,2.385457700776909,3.6581916327239714
rw_armax_exog_4_6m,rw_armax_exog_4_6m,RW-ARMAX (Exog. 4) (6 Months),STATISTICAL_ROLLING,00_04,POS,AVERAGE,,,0.95,6.615999999999994,243,13,230,0.9697266663314567,0.36101116185632187,3.8771668193705033,2.077748270454442,0.3792920757598019,0.263978194848602,3.9982058388041395
rw_armax_exog_4_6m,rw_armax_exog_4_6m,RW-ARMAX (Exog. 4) (6 Months),STATISTICAL_ROLLING,00_04,POS,MARGINAL,,,0.95,8.348999999999997,243,13,230,2.3013399455072143,0.8668965741457465,9.236476095981189,6.061398701210814,0.8794905853910979,0.5732942800072862,4.013520955047549
rw_armax_exog_4_6m,rw_armax_exog_4_6m,RW-ARMAX (Exog. 4) (6 Months),STATISTICAL_ROLLING,04_08,NEG,AVERAGE,,,0.95,15.850999999999994,243,13,230,2.3963986928426353,1.3484002540166267,7.035017000453225,6.211750100145803,1.8083063807624342,1.073515262713673,2.935662175690894
rw_armax_exog_4_6m,rw_armax_exog_4_6m,RW-ARMAX (Exog. 4) (6 Months),STATISTICAL_ROLLING,04_08,NEG,MARGINAL,,,0.95,23.935999999999996,243,13,230,6.051214455298209,2.8197310242880684,22.648243868814397,18.067612754922326,3.1135889866405013,1.9578942308174356,3.742760075043196
rw_armax_exog_4_6m,rw_armax_exog_4_6m,RW-ARMAX (Exog. 4) (6 Months),STATISTICAL_ROLLING,04_08,POS,AVERAGE,,,0.95,17.266999999999992,243,13,230,4.337919866132056,2.0835769895543215,16.54756395467634,13.06618900462394,2.098633098665768,1.4628206582677776,3.81463108248496
rw_armax_exog_4_6m,rw_armax_exog_4_6m,RW-ARMAX (Exog. 4) (6 Months),STATISTICAL_ROLLING,04_08,POS,MARGINAL,,,0.95,28.057999999999993,243,13,230,20.70353243005771,4.729477887017979,88.15459032699177,45.50289406707278,3.6905264386339245,2.4248934942322733,4.2579492472988605
rw_armax_exog_4_6m,rw_armax_exog_4_6m,RW-ARMAX (Exog. 4) (6 Months),STATISTICAL_ROLLING,08_12,NEG,AVERAGE,,,0.95,30.66699999999998,243,13,230,3.978974731709697,1.9653087998443315,14.366649637317336,9.681423257845013,2.249662985454352,1.5291805913486407,3.6106410837005325
rw_armax_exog_4_6m,rw_armax_exog_4_6m,RW-ARMAX (Exog. 4) (6 Months),STATISTICAL_ROLLING,08_12,NEG,MARGINAL,,,0.95,38.971999999999994,243,13,230,17.437938290376106,5.207622592265179,72.69887318896308,45.724776394156116,4.7480938938576775,2.917522594766996,4.169006219564681
rw_armax_exog_4_6m,rw_armax_exog_4_6m,RW-ARMAX (Exog. 4) (6 Months),STATISTICAL_ROLLING,08_12,POS,AVERAGE,,,0.95,40.626999999999995,243,13,230,8.383490913001273,4.306653138498646,31.05482592237792,28.250924308740927,4.443618170783787,2.953281289745821,3.7042833641314648
rw_armax_exog_4_6m,rw_armax_exog_4_6m,RW-ARMAX (Exog. 4) (6 Months),STATISTICAL_ROLLING,08_12,POS,MARGINAL,,,0.95,65.84399999999997,243,13,230,18.064498319887477,8.75989891839515,66.16458208792102,59.48076850473654,9.865721770717856,5.893067159167155,3.662685833632005
rw_armax_exog_4_6m,rw_armax_exog_4_6m,RW-ARMAX (Exog. 4) (6 Months),STATISTICAL_ROLLING,12_16,NEG,AVERAGE,,,0.95,63.112,243,13,230,10.524906023578813,6.7983101380869195,24.356258699960904,23.606538846510677,9.138081042367789,5.848279819784708,2.3141545060256012
rw_armax_exog_4_6m,rw_armax_exog_4_6m,RW-ARMAX (Exog. 4) (6 Months),STATISTICAL_ROLLING,12_16,NEG,MARGINAL,,,0.95,80.81899999999997,243,13,230,28.906537496927786,10.809990047672784,113.27095152285442,63.8471851093861,12.55489722211098,7.812235544184638,3.918523674268942
rw_armax_exog_4_6m,rw_armax_exog_4_6m,RW-ARMAX (Exog. 4) (6 Months),STATISTICAL_ROLLING,12_16,POS,AVERAGE,,,0.95,28.663999999999962,243,13,230,16.599542975838133,4.735655287930887,70.3841273632534,48.72165076090674,3.3338598609736723,2.2494903264148602,4.24012440979265
rw_armax_exog_4_6m,rw_armax_exog_4_6m,RW-ARMAX (Exog. 4) (6 Months),STATISTICAL_ROLLING,12_16,POS,MARGINAL,,,0.95,49.48499999999998,243,13,230,93.57451957992784,14.204431333816416,403.7312607089151,201.62991631901025,6.174365763712863,3.6108169650880706,4.314542703733179
rw_armax_exog_4_6m,rw_armax_exog_4_6m,RW-ARMAX (Exog. 4) (6 Months),STATISTICAL_ROLLING,16_20,NEG,AVERAGE,,,0.95,21.622999999999998,243,13,230,1.7721071170080653,1.0338161585380907,4.3684236570845245,3.551693223658266,1.4964127175370465,0.8915013679008633,2.4651013559834616
rw_armax_exog_4_6m,rw_armax_exog_4_6m,RW-ARMAX (Exog. 4) (6 Months),STATISTICAL_ROLLING,16_20,NEG,MARGINAL,,,0.95,26.906999999999993,243,13,230,4.502427651995529,1.7675517601529243,16.981566019059713,9.684831760989457,2.2623613184087765,1.320053325323033,3.771646616361128
rw_armax_exog_4_6m,rw_armax_exog_4_6m,RW-ARMAX (Exog. 4) (6 Months),STATISTICAL_ROLLING,16_20,POS,AVERAGE,,,0.95,68.41499999999998,243,13,230,22.080238355322738,8.345658987939784,90.59095464349718,82.27249697346284,7.157877738155886,4.167185536584135,4.10280691655935
rw_armax_exog_4_6m,rw_armax_exog_4_6m,RW-ARMAX (Exog. 4) (6 Months),STATISTICAL_ROLLING,16_20,POS,MARGINAL,,,0.95,110.30499999999995,243,13,230,37.0557539017077,14.112394988933872,150.3868179789962,138.4936958718826,13.131407213142182,7.082147547723726,4.058393154755533
rw_armax_exog_4_6m,rw_armax_exog_4_6m,RW-ARMAX (Exog. 4) (6 Months),STATISTICAL_ROLLING,20_24,NEG,AVERAGE,,,0.95,5.679999999999998,243,13,230,0.9108245498732639,0.4275427460387427,3.3514121423692784,3.1161046100300265,0.49157071725383117,0.2755805537261919,3.6795364626871425
rw_armax_exog_4_6m,rw_armax_exog_4_6m,RW-ARMAX (Exog. 4) (6 Months),STATISTICAL_ROLLING,20_24,NEG,MARGINAL,,,0.95,8.972999999999994,243,13,230,2.147396071821081,0.9926950469296144,8.164486144294347,7.226064554732781,1.0508453348497844,0.6403741617059574,3.8020401785361018
rw_armax_exog_4_6m,rw_armax_exog_4_6m,RW-ARMAX (Exog. 4) (6 Months),STATISTICAL_ROLLING,20_24,POS,AVERAGE,,,0.95,30.47799999999999,243,13,230,3.9276625663230393,2.59260589876377,7.509510914053948,6.391952491018576,3.620918555026872,2.3778602218102374,1.9119541934286193
rw_armax_exog_4_6m,rw_armax_exog_4_6m,RW-ARMAX (Exog. 4) (6 Months),STATISTICAL_ROLLING,20_24,POS,MARGINAL,,,0.95,37.205,243,13,230,8.05570629014917,3.9686791822595007,27.407896622700246,16.917560256400552,5.109170683493971,3.236785904155876,3.4022959173940697
rw_sarma_12m,rw_sarma_12m,RW-SARMA (12 Months),STATISTICAL_ROLLING,00_04,NEG,AVERAGE,,,0.95,21.354999999999993,243,13,230,3.8538831451677322,2.016133697195119,12.573277175208382,10.524870862497945,2.5993327162576696,1.5352050748084378,3.2624956963144136
rw_sarma_12m,rw_sarma_12m,RW-SARMA (12 Months),STATISTICAL_ROLLING,00_04,NEG,MARGINAL,,,0.95,30.95699999999999,243,13,230,8.750086939971622,4.288108283406436,31.451890692466066,27.501413790597816,4.997903320552317,2.976051885173881,3.594466078821392
rw_sarma_12m,rw_sarma_12m,RW-SARMA (12 Months),STATISTICAL_ROLLING,00_04,POS,AVERAGE,,,0.95,6.615999999999994,243,13,230,0.9625566746970637,0.3048450370753084,3.918591758739451,1.889654902681851,0.3331244231929128,0.21526882728015606,4.071024451596798
rw_sarma_12m,rw_sarma_12m,RW-SARMA (12 Months),STATISTICAL_ROLLING,00_04,POS,MARGINAL,,,0.95,8.348999999999997,243,13,230,2.2924542423352463,0.8579184036248978,9.046944364283831,5.739135103126063,0.9624144407641152,0.5820235466965711,3.946401283485603
rw_sarma_12m,rw_sarma_12m,RW-SARMA (12 Months),STATISTICAL_ROLLING,04_08,NEG,AVERAGE,,,0.95,15.850999999999994,243,13,230,2.4533128667706894,1.2361559730314926,7.455826689411208,5.80378894248354,1.7935794019063642,0.9779854138885511,3.039085144988196
rw_sarma_12m,rw_sarma_12m,RW-SARMA (12 Months),STATISTICAL_ROLLING,04_08,NEG,MARGINAL,,,0.95,23.935999999999996,243,13,230,6.555006409968771,3.2134152474597912,24.11161647811159,19.98960202124486,3.540719563322482,2.2651959950284613,3.6783513196025175
rw_sarma_12m,rw_sarma_12m,RW-SARMA (12 Months),STATISTICAL_ROLLING,04_08,POS,AVERAGE,,,0.95,17.266999999999992,243,13,230,3.982015177260825,1.6219118915952304,15.43843939649359,10.469671922114584,1.811347997787801,1.1218211072615278,3.8770418266244495
rw_sarma_12m,rw_sarma_12m,RW-SARMA (12 Months),STATISTICAL_ROLLING,04_08,POS,MARGINAL,,,0.95,28.057999999999993,243,13,230,20.73658772598156,4.606939145109836,88.30261049850468,45.2541306486656,3.6865866530795954,2.309489190561032,4.2582999510506445
rw_sarma_12m,rw_sarma_12m,RW-SARMA (12 Months),STATISTICAL_ROLLING,08_12,NEG,AVERAGE,,,0.95,30.66699999999998,243,13,230,4.1619941161434495,1.9759169712432048,15.070856292760421,10.567888608999125,2.3374030260117213,1.4902837917178697,3.6210662178266717
rw_sarma_12m,rw_sarma_12m,RW-SARMA (12 Months),STATISTICAL_ROLLING,08_12,NEG,MARGINAL,,,0.95,38.971999999999994,243,13,230,17.750169154715536,5.308120739579881,73.9488099939128,47.661133757290486,4.877678629270175,2.914254786404933,4.166090438313792
rw_sarma_12m,rw_sarma_12m,RW-SARMA (12 Months),STATISTICAL_ROLLING,08_12,POS,AVERAGE,,,0.95,40.626999999999995,243,13,230,8.133670618346654,3.9027691550390826,29.740222839215587,25.75005432837053,4.461332487148546,2.6679226017638267,3.656433144972981
rw_sarma_12m,rw_sarma_12m,RW-SARMA (12 Months),STATISTICAL_ROLLING,08_12,POS,MARGINAL,,,0.95,65.84399999999997,243,13,230,17.573852271565862,7.852603439273169,65.55330788344725,59.687910857140494,9.13286436854123,4.922781715654582,3.730161541730448
rw_sarma_12m,rw_sarma_12m,RW-SARMA (12 Months),STATISTICAL_ROLLING,12_16,NEG,AVERAGE,,,0.95,63.112,243,13,230,6.7433585625528085,4.0112606119171845,16.57949126866145,12.597952697821873,5.701440353259109,3.525925841844311,2.4586400255698417
rw_sarma_12m,rw_sarma_12m,RW-SARMA (12 Months),STATISTICAL_ROLLING,12_16,NEG,MARGINAL,,,0.95,80.81899999999997,243,13,230,27.319657858002284,8.394336733021035,111.2378596784533,53.86323450972662,9.442315001529677,5.824355554337677,4.071714962779824
rw_sarma_12m,rw_sarma_12m,RW-SARMA (12 Months),STATISTICAL_ROLLING,12_16,POS,AVERAGE,,,0.95,28.663999999999962,243,13,230,16.149273460877925,3.7376094628420695,69.10950201910023,46.157381109909345,2.3632720446267,1.3399701958339199,4.279418649174526
rw_sarma_12m,rw_sarma_12m,RW-SARMA (12 Months),STATISTICAL_ROLLING,12_16,POS,MARGINAL,,,0.95,49.48499999999998,243,13,230,93.45782507817599,13.09853341975252,403.65218041909117,201.42074364811162,4.321149084902444,2.454234580758312,4.3190838229056
rw_sarma_12m,rw_sarma_12m,RW-SARMA (12 Months),STATISTICAL_ROLLING,16_20,NEG,AVERAGE,,,0.95,21.622999999999998,243,13,230,2.1936403127362736,1.0560681587416774,6.729806603726173,4.839197808063056,1.588759689407129,0.8422390916061211,3.0678715032053896
rw_sarma_12m,rw_sarma_12m,RW-SARMA (12 Months),STATISTICAL_ROLLING,16_20,NEG,MARGINAL,,,0.95,26.906999999999993,243,13,230,5.510371900318763,2.132169865058396,20.6625444321754,12.116136071302181,2.819397545302897,1.5678587316620078,3.7497549722515315
rw_sarma_12m,rw_sarma_12m,RW-SARMA (12 Months),STATISTICAL_ROLLING,16_20,POS,AVERAGE,,,0.95,68.41499999999998,243,13,230,22.474569398358867,8.661049815831863,92.16334522574115,84.02581840244218,7.318159331812225,4.401302026153888,4.100783583087073
rw_sarma_12m,rw_sarma_12m,RW-SARMA (12 Months),STATISTICAL_ROLLING,16_20,POS,MARGINAL,,,0.95,110.30499999999995,243,13,230,39.525411424092304,15.736239661669767,160.20204862137084,148.67435696594313,14.140241227101452,8.222346074906488,4.0531405708207595
rw_sarma_12m,rw_sarma_12m,RW-SARMA (12 Months),STATISTICAL_ROLLING,20_24,NEG,AVERAGE,,,0.95,5.679999999999998,243,13,230,0.8920766877189407,0.42051895768483083,3.0546450986042912,2.478420638761317,0.559807659732706,0.30420277571094245,3.42419563324212
rw_sarma_12m,rw_sarma_12m,RW-SARMA (12 Months),STATISTICAL_ROLLING,20_24,NEG,MARGINAL,,,0.95,8.972999999999994,243,13,230,2.231599119592766,1.072912710927434,8.166986503772709,7.018681410116888,1.221283580004464,0.7368475235819429,3.6597014365479152
rw_sarma_12m,rw_sarma_12m,RW-SARMA (12 Months),STATISTICAL_ROLLING,20_24,POS,AVERAGE,,,0.95,30.47799999999999,243,13,230,3.2010267115759645,1.9604542444133803,6.4828320489646245,5.493613838657742,2.9069366440816453,1.7607539195213078,2.0252352239113076
rw_sarma_12m,rw_sarma_12m,RW-SARMA (12 Months),STATISTICAL_ROLLING,20_24,POS,MARGINAL,,,0.95,37.205,243,13,230,8.041741793532127,3.9244929856186936,28.285101564672036,18.95385858809523,4.806745655907132,3.0750071037395856,3.517285470098206
rw_sarma_3m,rw_sarma_3m,RW-SARMA (3 Months),STATISTICAL_ROLLING,00_04,NEG,AVERAGE,,,0.95,21.354999999999993,243,13,230,3.7569501684837303,1.946454414660544,12.550853831134862,10.570585153230686,2.4513126967451613,1.459003546828318,3.3407027690761915
rw_sarma_3m,rw_sarma_3m,RW-SARMA (3 Months),STATISTICAL_ROLLING,00_04,NEG,MARGINAL,,,0.95,30.95699999999999,243,13,230,8.934133525626722,4.395998119581064,30.9752314254274,25.67977400747939,5.486310935367083,3.193002091134636,3.4670660939393687
rw_sarma_3m,rw_sarma_3m,RW-SARMA (3 Months),STATISTICAL_ROLLING,00_04,POS,AVERAGE,,,0.95,6.615999999999994,243,13,230,1.057321848684157,0.33790790014681293,4.331522143705228,2.3386272577449145,0.34734879992390794,0.22482376254344197,4.096692174758171
rw_sarma_3m,rw_sarma_3m,RW-SARMA (3 Months),STATISTICAL_ROLLING,00_04,POS,MARGINAL,,,0.95,8.348999999999997,243,13,230,2.424264290269595,0.933235709075837,9.163418091925573,5.85026459457635,1.2096315126462485,0.6553166851127645,3.779875869436058
rw_sarma_3m,rw_sarma_3m,RW-SARMA (3 Months),STATISTICAL_ROLLING,04_08,NEG,AVERAGE,,,0.95,15.850999999999994,243,13,230,2.5212984989345024,1.3365470698685014,7.350750961118695,5.757793277503643,1.913682872433245,1.0866505450891235,2.915462395359024
rw_sarma_3m,rw_sarma_3m,RW-SARMA (3 Months),STATISTICAL_ROLLING,04_08,NEG,MARGINAL,,,0.95,23.935999999999996,243,13,230,6.707800633528636,3.375930438973842,23.868106061520074,18.981257082306865,3.9163874652241963,2.4938902373941496,3.5582611001013404
rw_sarma_3m,rw_sarma_3m,RW-SARMA (3 Months),STATISTICAL_ROLLING,04_08,POS,AVERAGE,,,0.95,17.266999999999992,243,13,230,4.283905293244787,1.77891345849744,16.024084605884937,11.562144872301841,2.208158283853784,1.225948204673713,3.7405319466686215
rw_sarma_3m,rw_sarma_3m,RW-SARMA (3 Months),STATISTICAL_ROLLING,04_08,POS,MARGINAL,,,0.95,28.057999999999993,243,13,230,20.892576735962855,4.6951206242132,88.4691319998754,44.41647132071856,4.334496214545709,2.450000802236811,4.234476824851935
rw_sarma_3m,rw_sarma_3m,RW-SARMA (3 Months),STATISTICAL_ROLLING,08_12,NEG,AVERAGE,,,0.95,30.66699999999998,243,13,230,4.028287010145258,1.9756620540676548,13.669788432714416,8.930812139547806,2.5656288999642203,1.5825448753231244,3.393449473259228
rw_sarma_3m,rw_sarma_3m,RW-SARMA (3 Months),STATISTICAL_ROLLING,08_12,NEG,MARGINAL,,,0.95,38.971999999999994,243,13,230,18.275226112796236,6.122580571366245,74.63202426642215,50.50794303682523,6.167543920567918,3.613842692883781,4.083781169425046
rw_sarma_3m,rw_sarma_3m,RW-SARMA (3 Months),STATISTICAL_ROLLING,08_12,POS,AVERAGE,,,0.95,40.626999999999995,243,13,230,8.53691407875889,4.2406630598547235,29.79519355849453,26.949199715468215,5.178877213243089,2.9571370749722217,3.4901597091892254
rw_sarma_3m,rw_sarma_3m,RW-SARMA (3 Months),STATISTICAL_ROLLING,08_12,POS,MARGINAL,,,0.95,65.84399999999997,243,13,230,18.967523801882855,8.913965769036599,67.6777647259199,63.57322564333261,11.009824304893344,5.824529341358997,3.5680864530773233
rw_sarma_3m,rw_sarma_3m,RW-SARMA (3 Months),STATISTICAL_ROLLING,12_16,NEG,AVERAGE,,,0.95,63.112,243,13,230,7.30549319870162,4.423898419070647,15.104795535767467,11.44145562811041,6.594778262623539,4.0272538811683996,2.0675942232691407
rw_sarma_3m,rw_sarma_3m,RW-SARMA (3 Months),STATISTICAL_ROLLING,12_16,NEG,MARGINAL,,,0.95,80.81899999999997,243,13,230,28.224875552281393,9.5923831779106,111.84857345821041,57.196391689434364,11.600796596631062,6.901721827259259,3.9627658676840394
rw_sarma_3m,rw_sarma_3m,RW-SARMA (3 Months),STATISTICAL_ROLLING,12_16,POS,AVERAGE,,,0.95,28.663999999999962,243,13,230,16.429151321363246,4.2354887797041725,69.44933067927968,46.33418162236181,3.5435859261500218,1.8559974451191759,4.227201352085237
rw_sarma_3m,rw_sarma_3m,RW-SARMA (3 Months),STATISTICAL_ROLLING,12_16,POS,MARGINAL,,,0.95,49.48499999999998,243,13,230,93.54953448996875,13.56434958496678,403.8311611259482,199.8918564296221,5.350073525347929,3.0327948502688735,4.316762914189067
rw_sarma_3m,rw_sarma_3m,RW-SARMA (3 Months),STATISTICAL_ROLLING,16_20,NEG,AVERAGE,,,0.95,21.622999999999998,243,13,230,2.301757178574086,1.1501001277448935,7.142301233220599,5.260021246460728,1.6474919736383942,0.9178002384261725,3.1029777162007934
rw_sarma_3m,rw_sarma_3m,RW-SARMA (3 Months),STATISTICAL_ROLLING,16_20,NEG,MARGINAL,,,0.95,26.906999999999993,243,13,230,5.634381368131224,2.3449713978896933,20.38765419546097,12.61590388746424,3.169697427513833,1.7644404310876538,3.6184370321072215
rw_sarma_3m,rw_sarma_3m,RW-SARMA (3 Months),STATISTICAL_ROLLING,16_20,POS,AVERAGE,,,0.95,68.41499999999998,243,13,230,23.2660489946596,9.387819657614658,85.89508466970871,77.60566170687603,12.445453734161994,5.5320285852651025,3.69186382653216
rw_sarma_3m,rw_sarma_3m,RW-SARMA (3 Months),STATISTICAL_ROLLING,16_20,POS,MARGINAL,,,0.95,110.30499999999995,243,13,230,37.74970445725121,15.98818598321142,148.584855522374,135.97561744520357,16.053957194455283,9.206287683185776,3.9360534779983647
rw_sarma_3m,rw_sarma_3m,RW-SARMA (3 Months),STATISTICAL_ROLLING,20_24,NEG,AVERAGE,,,0.95,5.679999999999998,243,13,230,0.9480403154945535,0.47329343962802395,3.1623509757422803,2.6845415750545287,0.6199495731702562,0.34830984936478676,3.3356714098098377
rw_sarma_3m,rw_sarma_3m,RW-SARMA (3 Months),STATISTICAL_ROLLING,20_24,NEG,MARGINAL,,,0.95,8.972999999999994,243,13,230,2.2739138484308206,1.112730696392754,8.210961320937937,7.156415943041353,1.2853991811200847,0.7711310954952242,3.610937734780122
rw_sarma_3m,rw_sarma_3m,RW-SARMA (3 Months),STATISTICAL_ROLLING,20_24,POS,AVERAGE,,,0.95,30.47799999999999,243,13,230,3.2206372369827134,1.8811759818554028,4.841956129103175,3.665591306748792,3.1038121823389155,1.7803177243614285,1.5034155581084352
rw_sarma_3m,rw_sarma_3m,RW-SARMA (3 Months),STATISTICAL_ROLLING,20_24,POS,MARGINAL,,,0.95,37.205,243,13,230,8.382876264227868,4.0956118124379435,27.808021689503306,17.26424730370633,5.52603576772431,3.3512976324966868,3.317241101144257
rw_sarma_6m,rw_sarma_6m,RW-SARMA (6 Months),STATISTICAL_ROLLING,00_04,NEG,AVERAGE,,,0.95,21.354999999999993,243,13,230,3.8619983569443646,1.9729949513170246,13.430972599354176,12.203316755293052,2.358397838213865,1.3947593710922923,3.477726129842489
rw_sarma_6m,rw_sarma_6m,RW-SARMA (6 Months),STATISTICAL_ROLLING,00_04,NEG,MARGINAL,,,0.95,30.95699999999999,243,13,230,8.772602767650133,4.2408831790876595,31.78280376169746,27.99942587638003,4.920685671602124,2.8980090266320038,3.6229616914719753
rw_sarma_6m,rw_sarma_6m,RW-SARMA (6 Months),STATISTICAL_ROLLING,00_04,POS,AVERAGE,,,0.95,6.615999999999994,243,13,230,0.9388869942338514,0.2935765933807784,3.818010964058661,1.7875179399537748,0.32772559497264975,0.209136430313609,4.0665287595918045
rw_sarma_6m,rw_sarma_6m,RW-SARMA (6 Months),STATISTICAL_ROLLING,00_04,POS,MARGINAL,,,0.95,8.348999999999997,243,13,230,2.364749443593697,0.9136899937197188,9.032016310870613,5.712520873577489,1.1389555873875656,0.6424517265973232,3.8194390257027426
rw_sarma_6m,rw_sarma_6m,RW-SARMA (6 Months),STATISTICAL_ROLLING,04_08,NEG,AVERAGE,,,0.95,15.850999999999994,243,13,230,2.556482352978161,1.3717927990396668,7.909488207911312,6.851937154107706,1.8354850595490886,1.0620455094053864,3.093895093270327
rw_sarma_6m,rw_sarma_6m,RW-SARMA (6 Months),STATISTICAL_ROLLING,04_08,NEG,MARGINAL,,,0.95,23.935999999999996,243,13,230,6.656926900972493,3.2822026934535073,24.088376941078952,19.79868066921101,3.7446875201073735,2.34866263395417,3.618543105462063
rw_sarma_6m,rw_sarma_6m,RW-SARMA (6 Months),STATISTICAL_ROLLING,04_08,POS,AVERAGE,,,0.95,17.266999999999992,243,13,230,3.8999491322129476,1.5877018970668229,15.179722569619425,10.128559254137233,1.7450823838123644,1.104957785580234,3.8922873235031137
rw_sarma_6m,rw_sarma_6m,RW-SARMA (6 Months),STATISTICAL_ROLLING,04_08,POS,MARGINAL,,,0.95,28.057999999999993,243,13,230,20.70009613252682,4.482730207210526,88.24255625462077,44.752261475535725,3.548608770957709,2.206626265957363,4.262905625639197
rw_sarma_6m,rw_sarma_6m,RW-SARMA (6 Months),STATISTICAL_ROLLING,08_12,NEG,AVERAGE,,,0.95,30.66699999999998,243,13,230,4.1226437241512635,2.0059623014024,14.658527444077228,10.1308609233143,2.4107845839630655,1.5467289010334668,3.5556134424628234
rw_sarma_6m,rw_sarma_6m,RW-SARMA (6 Months),STATISTICAL_ROLLING,08_12,NEG,MARGINAL,,,0.95,38.971999999999994,243,13,230,17.812934821266918,5.807521319898923,73.03658991139733,47.42770942384069,5.807638205709493,3.455075905328301,4.10019969444893
rw_sarma_6m,rw_sarma_6m,RW-SARMA (6 Months),STATISTICAL_ROLLING,08_12,POS,AVERAGE,,,0.95,40.626999999999995,243,13,230,8.21321641163547,3.94131420383536,29.920179186195224,25.480071119246137,4.546479716256666,2.723906204268664,3.64293081865078
rw_sarma_6m,rw_sarma_6m,RW-SARMA (6 Months),STATISTICAL_ROLLING,08_12,POS,MARGINAL,,,0.95,65.84399999999997,243,13,230,17.62918191609765,8.256418398755201,64.62171797680662,59.40435235259281,9.608405225982665,5.3654482187556845,3.6656107064048675
rw_sarma_6m,rw_sarma_6m,RW-SARMA (6 Months),STATISTICAL_ROLLING,12_16,NEG,AVERAGE,,,0.95,63.112,243,13,230,6.8435900746447915,4.3466449667532085,16.579889621348837,13.536280564929719,5.826189963748141,3.827230780769319,2.422688887047256
rw_sarma_6m,rw_sarma_6m,RW-SARMA (6 Months),STATISTICAL_ROLLING,12_16,NEG,MARGINAL,,,0.95,80.81899999999997,243,13,230,27.472737087438933,9.079980986181353,110.72369318181926,54.1246124300938,10.221033465503218,6.533980078481951,4.030311680609511
rw_sarma_6m,rw_sarma_6m,RW-SARMA (6 Months),STATISTICAL_ROLLING,12_16,POS,AVERAGE,,,0.95,28.663999999999962,243,13,230,16.145881411676832,3.690622822204185,69.08983581151938,46.08582726878106,2.371272701798848,1.294372136093318,4.279099669439728
rw_sarma_6m,rw_sarma_6m,RW-SARMA (6 Months),STATISTICAL_ROLLING,12_16,POS,MARGINAL,,,0.95,49.48499999999998,243,13,230,93.49342783675442,13.209018140175397,403.7721083732454,201.49022609056408,4.497928665146575,2.567036821240384,4.318721836557941
rw_sarma_6m,rw_sarma_6m,RW-SARMA (6 Months),STATISTICAL_ROLLING,16_20,NEG,AVERAGE,,,0.95,21.622999999999998,243,13,230,2.270291613164518,1.1722946336104871,6.647448115845805,4.991448629025994,1.7169551793958147,0.9564294077826543,2.9280150960783615
rw_sarma_6m,rw_sarma_6m,RW-SARMA (6 Months),STATISTICAL_ROLLING,16_20,NEG,MARGINAL,,,0.95,26.906999999999993,243,13,230,5.4731697277113325,2.2374629353764024,20.218302698385095,12.038570055254839,2.92297546209319,1.6834873155571866,3.6940755913373815
rw_sarma_6m,rw_sarma_6m,RW-SARMA (6 Months),STATISTICAL_ROLLING,16_20,POS,AVERAGE,,,0.95,68.41499999999998,243,13,230,22.13401849660236,8.922184041750189,89.42746781640402,81.71374483907388,8.09851147826523,4.807878431466677,4.040272570935612
rw_sarma_6m,rw_sarma_6m,RW-SARMA (6 Months),STATISTICAL_ROLLING,16_20,POS,MARGINAL,,,0.95,110.30499999999995,243,13,230,38.33825110236354,15.947914573444374,152.82060086352706,140.8234023549295,15.260471142947955,8.889734829273477,3.9861129934042743
rw_sarma_6m,rw_sarma_6m,RW-SARMA (6 Months),STATISTICAL_ROLLING,20_24,NEG,AVERAGE,,,0.95,5.679999999999998,243,13,230,0.9359180282540589,0.4574946396963516,3.3065124234561845,3.0492624495796337,0.554525742254835,0.3110034156594704,3.5329081432745064
rw_sarma_6m,rw_sarma_6m,RW-SARMA (6 Months),STATISTICAL_ROLLING,20_24,NEG,MARGINAL,,,0.95,8.972999999999994,243,13,230,2.322302761240365,1.1399889209913354,8.609243300277885,7.746618397598718,1.2282419129870643,0.7665707331830921,3.7072010781572695
rw_sarma_6m,rw_sarma_6m,RW-SARMA (6 Months),STATISTICAL_ROLLING,20_24,POS,AVERAGE,,,0.95,30.47799999999999,243,13,230,2.9543094982600753,1.7804063539866395,5.499613304840916,4.247054601920215,2.7407519089386327,1.6409871051903937,1.8615562479421617
rw_sarma_6m,rw_sarma_6m,RW-SARMA (6 Months),STATISTICAL_ROLLING,20_24,POS,MARGINAL,,,0.95,37.205,243,13,230,7.921222415437546,3.805683073107467,27.860400981776223,17.9534936102911,4.7349741882470315,3.006024216657958,3.517184535492846
rw_sarmax_exog_1_12m,rw_sarmax_exog_1_12m,RW-SARMAX (Exog. 1) (12 Months),STATISTICAL_ROLLING,00_04,NEG,AVERAGE,,,0.95,21.354999999999993,243,13,230,3.7003738566652795,1.8515092670619335,11.974536435764158,9.880077274660406,2.5223164870124077,1.397720640545498,3.236034222378662
rw_sarmax_exog_1_12m,rw_sarmax_exog_1_12m,RW-SARMAX (Exog. 1) (12 Months),STATISTICAL_ROLLING,00_04,NEG,MARGINAL,,,0.95,30.95699999999999,243,13,230,8.358060725211224,3.9241170944553962,29.578218609848154,24.802370481460894,4.935220055117487,2.744041903015955,3.5388853446145134
rw_sarmax_exog_1_12m,rw_sarmax_exog_1_12m,RW-SARMAX (Exog. 1) (12 Months),STATISTICAL_ROLLING,00_04,POS,AVERAGE,,,0.95,6.615999999999994,243,13,230,0.95326081146422,0.3036490489447914,3.8754502973108944,1.872988139269746,0.3334086496073521,0.21494727427425045,4.065466922277185
rw_sarmax_exog_1_12m,rw_sarmax_exog_1_12m,RW-SARMAX (Exog. 1) (12 Months),STATISTICAL_ROLLING,00_04,POS,MARGINAL,,,0.95,8.348999999999997,243,13,230,2.294716454169679,0.8511121488342761,9.065707068687804,5.733751774551323,0.9581214761543376,0.5751368656415735,3.9506872634371475
rw_sarmax_exog_1_12m,rw_sarmax_exog_1_12m,RW-SARMAX (Exog. 1) (12 Months),STATISTICAL_ROLLING,04_08,NEG,AVERAGE,,,0.95,15.850999999999994,243,13,230,2.460902685419314,1.2720256400530536,7.309023158280835,5.891600376659449,1.8381637324982747,1.0109192418970399,2.970057776598122
rw_sarmax_exog_1_12m,rw_sarmax_exog_1_12m,RW-SARMAX (Exog. 1) (12 Months),STATISTICAL_ROLLING,04_08,NEG,MARGINAL,,,0.95,23.935999999999996,243,13,230,6.568416572386527,3.195213097506276,23.967320809096954,19.473280150956075,3.6214297712496433,2.2751484379634612,3.6488734453681
rw_sarmax_exog_1_12m,rw_sarmax_exog_1_12m,RW-SARMAX (Exog. 1) (12 Months),STATISTICAL_ROLLING,04_08,POS,AVERAGE,,,0.95,17.266999999999992,243,13,230,4.006034335716315,1.6547039417478153,15.38748435391149,10.432646086930053,1.8900987153857134,1.1585593857157763,3.841076502196297
rw_sarmax_exog_1_12m,rw_sarmax_exog_1_12m,RW-SARMAX (Exog. 1) (12 Months),STATISTICAL_ROLLING,04_08,POS,MARGINAL,,,0.95,28.057999999999993,243,13,230,20.729209782796737,4.651001038785663,88.25315019750974,45.24067757933759,3.7096190066119545,2.3568019299718572,4.257429546144659
rw_sarmax_exog_1_12m,rw_sarmax_exog_1_12m,RW-SARMAX (Exog. 1) (12 Months),STATISTICAL_ROLLING,08_12,NEG,AVERAGE,,,0.95,30.66699999999998,243,13,230,3.9123827823450985,1.9477715386852499,13.86526068938263,9.410774852770883,2.3034441923284197,1.5259496122369316,3.5439427736852824
rw_sarmax_exog_1_12m,rw_sarmax_exog_1_12m,RW-SARMAX (Exog. 1) (12 Months),STATISTICAL_ROLLING,08_12,NEG,MARGINAL,,,0.95,38.971999999999994,243,13,230,5.417047779907869e+64,4.395336656773449e+63,71.81540557983158,45.6046930726483,5.568034082816163e+64,4.643768728678035e+63,1.3257295947471406e-63
rw_sarmax_exog_1_12m,rw_sarmax_exog_1_12m,RW-SARMAX (Exog. 1) (12 Months),STATISTICAL_ROLLING,08_12,POS,AVERAGE,,,0.95,40.626999999999995,243,13,230,600714435618.4321,38535849016.18828,29.372453896916475,25.334163773879883,617457808655.325,40713962220.019165,4.8895868245080044e-11
rw_sarmax_exog_1_12m,rw_sarmax_exog_1_12m,RW-SARMAX (Exog. 1) (12 Months),STATISTICAL_ROLLING,08_12,POS,MARGINAL,,,0.95,65.84399999999997,243,13,230,54989319.20498127,3544524.5351074007,68.4956498716397,61.066268969489414,56522005.336528115,3744863.7746504415,1.2456173464579816e-06
rw_sarmax_exog_1_12m,rw_sarmax_exog_1_12m,RW-SARMAX (Exog. 1) (12 Months),STATISTICAL_ROLLING,12_16,NEG,AVERAGE,,,0.95,63.112,243,13,230,953.5349459788388,64.99555564457208,16.193942520753303,10.51457333396352,980.1047235066925,68.07491551430215,0.016983061385474053
rw_sarmax_exog_1_12m,rw_sarmax_exog_1_12m,RW-SARMAX (Exog. 1) (12 Months),STATISTICAL_ROLLING,12_16,NEG,MARGINAL,,,0.95,80.81899999999997,243,13,230,27.173675167121758,7.882267396396648,110.73507644161629,49.95912961491097,9.330630287333177,5.504009966654532,4.075086485746984
rw_sarmax_exog_1_12m,rw_sarmax_exog_1_12m,RW-SARMAX (Exog. 1) (12 Months),STATISTICAL_ROLLING,12_16,POS,AVERAGE,,,0.95,28.663999999999962,243,13,230,16.209982569773306,3.8324378298450883,69.26388612866275,46.43892085134446,2.5403029623541697,1.4242453112386018,4.272915521687165
rw_sarmax_exog_1_12m,rw_sarmax_exog_1_12m,RW-SARMAX (Exog. 1) (12 Months),STATISTICAL_ROLLING,12_16,POS,MARGINAL,,,0.95,49.48499999999998,243,13,230,99.03860545331338,16.105379448462376,404.3496666702758,201.76156250804252,33.49356438965991,5.611769101616544,4.0827479831678914
rw_sarmax_exog_1_12m,rw_sarmax_exog_1_12m,RW-SARMAX (Exog. 1) (12 Months),STATISTICAL_ROLLING,16_20,NEG,AVERAGE,,,0.95,21.622999999999998,243,13,230,2.057448600099662,1.1263371830869011,5.424938365240018,4.021315597232315,1.6759845787037757,0.9627079683743345,2.6367309321735846
rw_sarmax_exog_1_12m,rw_sarmax_exog_1_12m,RW-SARMAX (Exog. 1) (12 Months),STATISTICAL_ROLLING,16_20,NEG,MARGINAL,,,0.95,26.906999999999993,243,13,230,5.19698732761246,2.1969903037254213,18.907282564169684,11.489229268577514,2.886098041632137,1.6717767970163895,3.6381236613205
rw_sarmax_exog_1_12m,rw_sarmax_exog_1_12m,RW-SARMAX (Exog. 1) (12 Months),STATISTICAL_ROLLING,16_20,POS,AVERAGE,,,0.95,68.41499999999998,243,13,230,89694700.27215129,5753926.284922883,91.15339560597654,82.84128090521486,92194709.82251494,6079143.523041776,1.0162628932300267e-06
rw_sarmax_exog_1_12m,rw_sarmax_exog_1_12m,RW-SARMAX (Exog. 1) (12 Months),STATISTICAL_ROLLING,16_20,POS,MARGINAL,,,0.95,110.30499999999995,243,13,230,38.722010137124485,15.206402561809808,157.14624177315685,144.5843963776676,13.723753105144064,7.893733346130891,4.05831828504414
rw_sarmax_exog_1_12m,rw_sarmax_exog_1_12m,RW-SARMAX (Exog. 1) (12 Months),STATISTICAL_ROLLING,20_24,NEG,AVERAGE,,,0.95,5.679999999999998,243,13,230,0.9001166024134296,0.42155921834136867,3.2112482146749817,2.6179690576692556,0.5226334194051588,0.29741431437935767,3.5675913610135077
rw_sarmax_exog_1_12m,rw_sarmax_exog_1_12m,RW-SARMAX (Exog. 1) (12 Months),STATISTICAL_ROLLING,20_24,NEG,MARGINAL,,,0.95,8.972999999999994,243,13,230,2.20360625183438,1.0674922996771712,8.154225397096237,7.090136051375497,1.1713813305194445,0.7270820006681351,3.7004003733917057
rw_sarmax_exog_1_12m,rw_sarmax_exog_1_12m,RW-SARMAX (Exog. 1) (12 Months),STATISTICAL_ROLLING,20_24,POS,AVERAGE,,,0.95,30.47799999999999,243,13,230,3.210939493032674,1.993799573884359,6.553617083597065,5.520532975264284,2.909514766480317,1.7944624685889723,2.041027897852816
rw_sarmax_exog_1_12m,rw_sarmax_exog_1_12m,RW-SARMAX (Exog. 1) (12 Months),STATISTICAL_ROLLING,20_24,POS,MARGINAL,,,0.95,37.205,243,13,230,8.050530162190727,3.941712340376931,28.251587421736296,18.386123452291237,4.8333547750816965,3.125289103616556,3.5092828487768086
rw_sarmax_exog_1_3_12m,rw_sarmax_exog_1_3_12m,RW-SARMAX (Exog. 1&3) (12 Months),STATISTICAL_ROLLING,00_04,NEG,AVERAGE,,,0.95,21.354999999999993,243,13,230,2.970932120215199,1.4928793546034795,10.37505914628073,8.946653773632338,1.800338461338777,1.0715790613540224,3.492189900834629
rw_sarmax_exog_1_3_12m,rw_sarmax_exog_1_3_12m,RW-SARMAX (Exog. 1&3) (12 Months),STATISTICAL_ROLLING,00_04,NEG,MARGINAL,,,0.95,30.95699999999999,243,13,230,6.977654636938677,3.1288226938382273,25.649397803487414,22.06411299970703,3.775499683952662,2.05856715481086,3.6759339832761677
rw_sarmax_exog_1_3_12m,rw_sarmax_exog_1_3_12m,RW-SARMAX (Exog. 1&3) (12 Months),STATISTICAL_ROLLING,00_04,POS,AVERAGE,,,0.95,6.615999999999994,243,13,230,0.9594519956786179,0.29855701826758485,3.9128427555558263,1.9095854981290592,0.32743267806338383,0.20749888679715367,4.078205864576145
rw_sarmax_exog_1_3_12m,rw_sarmax_exog_1_3_12m,RW-SARMAX (Exog. 1&3) (12 Months),STATISTICAL_ROLLING,00_04,POS,MARGINAL,,,0.95,8.348999999999997,243,13,230,2.2974909137355133,0.8689683334662649,9.021009705105513,5.786485204875774,0.9885097784665744,0.5910217276909449,3.9264615373116594
rw_sarmax_exog_1_3_12m,rw_sarmax_exog_1_3_12m,RW-SARMAX (Exog. 1&3) (12 Months),STATISTICAL_ROLLING,04_08,NEG,AVERAGE,,,0.95,15.850999999999994,243,13,230,1.9323672589729293,1.0205680139768463,5.7240035326285925,4.471203917359822,1.4467920880388299,0.8255320716117217,2.9621716607178246
rw_sarmax_exog_1_3_12m,rw_sarmax_exog_1_3_12m,RW-SARMAX (Exog. 1&3) (12 Months),STATISTICAL_ROLLING,04_08,NEG,MARGINAL,,,0.95,23.935999999999996,243,13,230,5.7071023041967335,2.565096389175659,21.333481520282007,16.688310717126253,2.9475342838859935,1.7668277532480172,3.738058367132191
rw_sarmax_exog_1_3_12m,rw_sarmax_exog_1_3_12m,RW-SARMAX (Exog. 1&3) (12 Months),STATISTICAL_ROLLING,04_08,POS,AVERAGE,,,0.95,17.266999999999992,243,13,230,4.037998226042105,1.703647754109256,15.426098925500614,10.758000242251837,1.9434175924563781,1.191880004779458,3.8202342007021386
rw_sarmax_exog_1_3_12m,rw_sarmax_exog_1_3_12m,RW-SARMAX (Exog. 1&3) (12 Months),STATISTICAL_ROLLING,04_08,POS,MARGINAL,,,0.95,28.057999999999993,243,13,230,20.677398348741043,4.554688270256494,88.09661292361892,44.94017352957861,3.613167518493887,2.272030407773071,4.260526950141323
rw_sarmax_exog_1_3_12m,rw_sarmax_exog_1_3_12m,RW-SARMAX (Exog. 1&3) (12 Months),STATISTICAL_ROLLING,08_12,NEG,AVERAGE,,,0.95,30.66699999999998,243,13,230,3.791138945960349,1.691108813425211,13.977271545916679,9.050800728451451,2.035383659009532,1.2751262269237278,3.6868265038953987
rw_sarmax_exog_1_3_12m,rw_sarmax_exog_1_3_12m,RW-SARMAX (Exog. 1&3) (12 Months),STATISTICAL_ROLLING,08_12,NEG,MARGINAL,,,0.95,38.971999999999994,243,13,230,16605.512739406135,1099.9673402866335,71.89019172518132,44.235729932938426,17068.340228351994,1159.6391269587991,0.004329296713288502
rw_sarmax_exog_1_3_12m,rw_sarmax_exog_1_3_12m,RW-SARMAX (Exog. 1&3) (12 Months),STATISTICAL_ROLLING,08_12,POS,AVERAGE,,,0.95,40.626999999999995,243,13,230,7.918793880833926,3.688358232924857,29.303082818437836,25.62788145553232,4.209282930494131,2.448298224690522,3.7004477271925076
rw_sarmax_exog_1_3_12m,rw_sarmax_exog_1_3_12m,RW-SARMAX (Exog. 1&3) (12 Months),STATISTICAL_ROLLING,08_12,POS,MARGINAL,,,0.95,65.84399999999997,243,13,230,238301.40648244214,15294.830827013107,63.228416445163525,57.92196482065833,244943.44607777757,16156.04741487616,0.0002653295982532195
rw_sarmax_exog_1_3_12m,rw_sarmax_exog_1_3_12m,RW-SARMAX (Exog. 1&3) (12 Months),STATISTICAL_ROLLING,12_16,NEG,AVERAGE,,,0.95,63.112,243,13,230,5.12779016718659,3.0954503606437904,10.238936552983445,7.3229423081642,4.674925106637834,2.8565051636100276,1.9967541999873082
rw_sarmax_exog_1_3_12m,rw_sarmax_exog_1_3_12m,RW-SARMAX (Exog. 1&3) (12 Months),STATISTICAL_ROLLING,12_16,NEG,MARGINAL,,,0.95,80.81899999999997,243,13,230,26.51775442594814,7.154458421351064,109.18137929981475,48.682960204051454,8.31657047696857,4.807195277111477,4.117293551560257
rw_sarmax_exog_1_3_12m,rw_sarmax_exog_1_3_12m,RW-SARMAX (Exog. 1&3) (12 Months),STATISTICAL_ROLLING,12_16,POS,AVERAGE,,,0.95,28.663999999999962,243,13,230,16.20646225906402,3.8255737078864245,69.19549811057978,45.78279668611877,2.6206440810619154,1.4540784960732918,4.269623870063303
rw_sarmax_exog_1_3_12m,rw_sarmax_exog_1_3_12m,RW-SARMAX (Exog. 1&3) (12 Months),STATISTICAL_ROLLING,12_16,POS,MARGINAL,,,0.95,49.48499999999998,243,13,230,1032324090.2428662,66223644.94770664,404.16023476384146,202.21281678156544,1061097474.5883087,69966709.10228737,3.915051858072576e-07
rw_sarmax_exog_1_3_12m,rw_sarmax_exog_1_3_12m,RW-SARMAX (Exog. 1&3) (12 Months),STATISTICAL_ROLLING,16_20,NEG,AVERAGE,,,0.95,21.622999999999998,243,13,230,1.495668235026085,0.8494753320199573,4.068198868351272,3.048879171378572,1.194996009834596,0.7251612019692529,2.719987476554466
rw_sarmax_exog_1_3_12m,rw_sarmax_exog_1_3_12m,RW-SARMAX (Exog. 1&3) (12 Months),STATISTICAL_ROLLING,16_20,NEG,MARGINAL,,,0.95,26.906999999999993,243,13,230,4.294981844805426,1.5753880010736243,16.55645894415929,8.666137555819434,1.998996326927896,1.1746065045010352,3.854837934689649
rw_sarmax_exog_1_3_12m,rw_sarmax_exog_1_3_12m,RW-SARMAX (Exog. 1&3) (12 Months),STATISTICAL_ROLLING,16_20,POS,AVERAGE,,,0.95,68.41499999999998,243,13,230,21.74693605779483,8.270363827429746,88.96399672006703,80.72284028792907,7.232804831742018,4.175223853575439,4.09087498503861
rw_sarmax_exog_1_3_12m,rw_sarmax_exog_1_3_12m,RW-SARMAX (Exog. 1&3) (12 Months),STATISTICAL_ROLLING,16_20,POS,MARGINAL,,,0.95,110.30499999999995,243,13,230,36.95555589260132,14.06534964580756,150.1326838137837,136.9063434681268,12.996753827949311,7.122163038459081,4.0625199699361305
rw_sarmax_exog_1_3_12m,rw_sarmax_exog_1_3_12m,RW-SARMAX (Exog. 1&3) (12 Months),STATISTICAL_ROLLING,20_24,NEG,AVERAGE,,,0.95,5.679999999999998,243,13,230,0.7485275913585736,0.3601375260590315,2.648875805796674,2.1115613579121653,0.44201256337710926,0.2611440051282022,3.538781784902516
rw_sarmax_exog_1_3_12m,rw_sarmax_exog_1_3_12m,RW-SARMAX (Exog. 1&3) (12 Months),STATISTICAL_ROLLING,20_24,NEG,MARGINAL,,,0.95,8.972999999999994,243,13,230,1.8303891618013703,0.84793166041045,6.915840435227083,5.91458328990077,0.9145058382696091,0.5615556987436059,3.7783442885014056
rw_sarmax_exog_1_3_12m,rw_sarmax_exog_1_3_12m,RW-SARMAX (Exog. 1&3) (12 Months),STATISTICAL_ROLLING,20_24,POS,AVERAGE,,,0.95,30.47799999999999,243,13,230,3.015747244448596,1.8011867864561748,6.355612977398499,5.282584130290976,2.706594305028433,1.6044121539785556,2.107475349301221
rw_sarmax_exog_1_3_12m,rw_sarmax_exog_1_3_12m,RW-SARMAX (Exog. 1&3) (12 Months),STATISTICAL_ROLLING,20_24,POS,MARGINAL,,,0.95,37.205,243,13,230,7.719747482497449,3.505903064353187,27.750566833474533,16.536915620330298,4.408609322035579,2.7693675720588287,3.594750592087609
rw_sarmax_exog_1_3_3m,rw_sarmax_exog_1_3_3m,RW-SARMAX (Exog. 1&3) (3 Months),STATISTICAL_ROLLING,00_04,NEG,AVERAGE,,,0.95,21.354999999999993,243,13,230,2.951502094968197,1.5523207776145707,9.840271027793273,8.358508636039927,1.9315002742052532,1.1676232030079199,3.3339874786364683
rw_sarmax_exog_1_3_3m,rw_sarmax_exog_1_3_3m,RW-SARMAX (Exog. 1&3) (3 Months),STATISTICAL_ROLLING,00_04,NEG,MARGINAL,,,0.95,30.95699999999999,243,13,230,7.0249166593982135,3.4303749349286927,24.37587810416513,20.612738747850432,4.30749231286184,2.4591978498505074,3.469917051834929
rw_sarmax_exog_1_3_3m,rw_sarmax_exog_1_3_3m,RW-SARMAX (Exog. 1&3) (3 Months),STATISTICAL_ROLLING,00_04,POS,AVERAGE,,,0.95,6.615999999999994,243,13,230,1.0777241010373575,0.35204732680593537,4.328621732478709,2.411020089159138,0.40999112125045356,0.235670605455537,4.016447000036668
rw_sarmax_exog_1_3_3m,rw_sarmax_exog_1_3_3m,RW-SARMAX (Exog. 1&3) (3 Months),STATISTICAL_ROLLING,00_04,POS,MARGINAL,,,0.95,8.348999999999997,243,13,230,2.380911199362399,0.9100283495814384,9.191768070604953,5.8461658770939335,1.1016816481856344,0.6310292719394278,3.8606093637874785
rw_sarmax_exog_1_3_3m,rw_sarmax_exog_1_3_3m,RW-SARMAX (Exog. 1&3) (3 Months),STATISTICAL_ROLLING,04_08,NEG,AVERAGE,,,0.95,15.850999999999994,243,13,230,2.120289354769494,1.1762162783532772,5.834891926569602,4.801807234437543,1.6808897993258305,0.9712915721398185,2.751931906578826
rw_sarmax_exog_1_3_3m,rw_sarmax_exog_1_3_3m,RW-SARMAX (Exog. 1&3) (3 Months),STATISTICAL_ROLLING,04_08,NEG,MARGINAL,,,0.95,23.935999999999996,243,13,230,5.727391434136787,2.6774335672149276,21.41588099143338,16.62140580818644,2.9553287238382655,1.8892960057687116,3.7392033070743156
rw_sarmax_exog_1_3_3m,rw_sarmax_exog_1_3_3m,RW-SARMAX (Exog. 1&3) (3 Months),STATISTICAL_ROLLING,04_08,POS,AVERAGE,,,0.95,17.266999999999992,243,13,230,4.073631820570242,1.6875576051503813,15.196604570912378,10.137340885090936,2.1164772234755658,1.2099611588928718,3.7304806227640626
rw_sarmax_exog_1_3_3m,rw_sarmax_exog_1_3_3m,RW-SARMAX (Exog. 1&3) (3 Months),STATISTICAL_ROLLING,04_08,POS,MARGINAL,,,0.95,28.057999999999993,243,13,230,20.768624217561683,4.669019770030608,87.95411507008883,43.67933010944316,4.297393071451575,2.464089185629028,4.2349514415940925
rw_sarmax_exog_1_3_3m,rw_sarmax_exog_1_3_3m,RW-SARMAX (Exog. 1&3) (3 Months),STATISTICAL_ROLLING,08_12,NEG,AVERAGE,,,0.95,30.66699999999998,243,13,230,4.32905868801489,2.126565202520018,13.613473943643742,9.455019320043862,3.0536900632954023,1.7123482306599744,3.1446729935385243
rw_sarmax_exog_1_3_3m,rw_sarmax_exog_1_3_3m,RW-SARMAX (Exog. 1&3) (3 Months),STATISTICAL_ROLLING,08_12,NEG,MARGINAL,,,0.95,38.971999999999994,243,13,230,18.2689500934551,5.881741492186133,74.13088366025514,51.07997107139874,6.481515441896405,3.327058950752376,4.05775281453162
rw_sarmax_exog_1_3_3m,rw_sarmax_exog_1_3_3m,RW-SARMAX (Exog. 1&3) (3 Months),STATISTICAL_ROLLING,08_12,POS,AVERAGE,,,0.95,40.626999999999995,243,13,230,8.659961437943974,4.448143096727952,28.347629163818894,24.95452239542683,5.814944566710353,3.2890868754971456,3.2734128629733386
rw_sarmax_exog_1_3_3m,rw_sarmax_exog_1_3_3m,RW-SARMAX (Exog. 1&3) (3 Months),STATISTICAL_ROLLING,08_12,POS,MARGINAL,,,0.95,65.84399999999997,243,13,230,17.444782520548227,8.28824423555713,63.79572692917985,57.71117964521464,9.564707356938154,5.494773973272142,3.6570090142445055
rw_sarmax_exog_1_3_3m,rw_sarmax_exog_1_3_3m,RW-SARMAX (Exog. 1&3) (3 Months),STATISTICAL_ROLLING,12_16,NEG,AVERAGE,,,0.95,63.112,243,13,230,6.4941561817390525,3.6988794011849304,14.715849960594564,10.017766059949185,5.6848641740493475,3.341724937863472,2.2660141747089684
rw_sarmax_exog_1_3_3m,rw_sarmax_exog_1_3_3m,RW-SARMAX (Exog. 1&3) (3 Months),STATISTICAL_ROLLING,12_16,NEG,MARGINAL,,,0.95,80.81899999999997,243,13,230,26.54826427016853,7.327128059121893,109.58050501882869,50.87694494215012,8.120392886994797,4.865616670081167,4.127595834653527
rw_sarmax_exog_1_3_3m,rw_sarmax_exog_1_3_3m,RW-SARMAX (Exog. 1&3) (3 Months),STATISTICAL_ROLLING,12_16,POS,AVERAGE,,,0.95,28.663999999999962,243,13,230,16.748136824938054,4.58635800382355,70.01053002269956,47.395786974555854,4.394836438660285,2.166694627216942,4.180198117228989
rw_sarmax_exog_1_3_3m,rw_sarmax_exog_1_3_3m,RW-SARMAX (Exog. 1&3) (3 Months),STATISTICAL_ROLLING,12_16,POS,MARGINAL,,,0.95,49.48499999999998,243,13,230,94.16610465273683,14.974248372875863,404.16822371582157,200.60855265070163,11.64093969545174,4.481874652824842,4.292077549626821
rw_sarmax_exog_1_3_3m,rw_sarmax_exog_1_3_3m,RW-SARMAX (Exog. 1&3) (3 Months),STATISTICAL_ROLLING,16_20,NEG,AVERAGE,,,0.95,21.622999999999998,243,13,230,1.6169993916460579,0.9290033826963408,4.504911975675507,3.5332594027174338,1.2709871789902465,0.7818063033038443,2.785970111645892
rw_sarmax_exog_1_3_3m,rw_sarmax_exog_1_3_3m,RW-SARMAX (Exog. 1&3) (3 Months),STATISTICAL_ROLLING,16_20,NEG,MARGINAL,,,0.95,26.906999999999993,243,13,230,4.554948451940753,1.6843262943639563,17.435204864044188,9.473938949777754,2.17678779067473,1.2440438399275242,3.8277502035430215
rw_sarmax_exog_1_3_3m,rw_sarmax_exog_1_3_3m,RW-SARMAX (Exog. 1&3) (3 Months),STATISTICAL_ROLLING,16_20,POS,AVERAGE,,,0.95,68.41499999999998,243,13,230,20.514201915880736,8.317503512874332,77.87093939861589,69.12771487726424,10.09343546094166,4.880404609669682,3.7959526633270273
rw_sarmax_exog_1_3_3m,rw_sarmax_exog_1_3_3m,RW-SARMAX (Exog. 1&3) (3 Months),STATISTICAL_ROLLING,16_20,POS,MARGINAL,,,0.95,110.30499999999995,243,13,230,34.414941552393984,14.601464431802022,132.78657187567836,115.25014258580998,15.960109973313442,8.912626101358093,3.8583988781012883
rw_sarmax_exog_1_3_3m,rw_sarmax_exog_1_3_3m,RW-SARMAX (Exog. 1&3) (3 Months),STATISTICAL_ROLLING,20_24,NEG,AVERAGE,,,0.95,5.679999999999998,243,13,230,0.8644339291598235,0.41596055220167305,3.1570052917169225,2.6429860183307854,0.47554961790415606,0.29008519976828845,3.6521071017947397
rw_sarmax_exog_1_3_3m,rw_sarmax_exog_1_3_3m,RW-SARMAX (Exog. 1&3) (3 Months),STATISTICAL_ROLLING,20_24,NEG,MARGINAL,,,0.95,8.972999999999994,243,13,230,1.8456831794149424,0.8910954176079204,6.838614772180947,5.849134287645556,0.9776286724442996,0.6108584379970976,3.705194287108744
rw_sarmax_exog_1_3_3m,rw_sarmax_exog_1_3_3m,RW-SARMAX (Exog. 1&3) (3 Months),STATISTICAL_ROLLING,20_24,POS,AVERAGE,,,0.95,30.47799999999999,243,13,230,3.19439998412969,1.931574472109296,6.115577143944091,4.722688303567219,2.943980436486701,1.7738158642442832,1.9144681863033104
rw_sarmax_exog_1_3_3m,rw_sarmax_exog_1_3_3m,RW-SARMAX (Exog. 1&3) (3 Months),STATISTICAL_ROLLING,20_24,POS,MARGINAL,,,0.95,37.205,243,13,230,8.107697812932779,3.904095594287777,27.833344274810266,17.07565006370535,5.065875568734146,3.1596164286250445,3.432952845185306
rw_sarmax_exog_1_3_6m,rw_sarmax_exog_1_3_6m,RW-SARMAX (Exog. 1&3) (6 Months),STATISTICAL_ROLLING,00_04,NEG,AVERAGE,,,0.95,21.354999999999993,243,13,230,3.2484812539575074,1.6410154958511927,11.363281055061929,10.29338237814348,1.962335751924732,1.1519686720694544,3.4980288223053324
rw_sarmax_exog_1_3_6m,rw_sarmax_exog_1_3_6m,RW-SARMAX (Exog. 1&3) (6 Months),STATISTICAL_ROLLING,00_04,NEG,MARGINAL,,,0.95,30.95699999999999,243,13,230,7.222376531143746,3.3763782761789627,26.18567910870601,23.000243723137586,4.044090887846273,2.267203272655215,3.6256319503407575
rw_sarmax_exog_1_3_6m,rw_sarmax_exog_1_3_6m,RW-SARMAX (Exog. 1&3) (6 Months),STATISTICAL_ROLLING,00_04,POS,AVERAGE,,,0.95,6.615999999999994,243,13,230,0.9328904643660687,0.28323121779000565,3.8059905259187143,1.8097990040496479,0.3173725818461554,0.19694695161011289,4.079782859078763
rw_sarmax_exog_1_3_6m,rw_sarmax_exog_1_3_6m,RW-SARMAX (Exog. 1&3) (6 Months),STATISTICAL_ROLLING,00_04,POS,MARGINAL,,,0.95,8.348999999999997,243,13,230,2.415334543269927,0.9160732398422835,9.23635254110127,5.810563052913581,1.158317079179294,0.639428163451297,3.8240468869363813
rw_sarmax_exog_1_3_6m,rw_sarmax_exog_1_3_6m,RW-SARMAX (Exog. 1&3) (6 Months),STATISTICAL_ROLLING,04_08,NEG,AVERAGE,,,0.95,15.850999999999994,243,13,230,2.1794647162097784,1.1914613696960261,6.4282687859045025,5.577965959455718,1.63796245718851,0.9435285015791739,2.9494713716144267
rw_sarmax_exog_1_3_6m,rw_sarmax_exog_1_3_6m,RW-SARMAX (Exog. 1&3) (6 Months),STATISTICAL_ROLLING,04_08,NEG,MARGINAL,,,0.95,23.935999999999996,243,13,230,5.714909305130918,2.595225868393125,21.470450701974688,17.01992339350131,2.907024834558263,1.7799168778435321,3.756918886306427
rw_sarmax_exog_1_3_6m,rw_sarmax_exog_1_3_6m,RW-SARMAX (Exog. 1&3) (6 Months),STATISTICAL_ROLLING,04_08,POS,AVERAGE,,,0.95,17.266999999999992,243,13,230,3.9018123240291818,1.6085250186550968,14.96110362415798,9.748557020193372,1.852865930080925,1.1484362533507593,3.8343985773022755
rw_sarmax_exog_1_3_6m,rw_sarmax_exog_1_3_6m,RW-SARMAX (Exog. 1&3) (6 Months),STATISTICAL_ROLLING,04_08,POS,MARGINAL,,,0.95,28.057999999999993,243,13,230,20.65862678516838,4.4895600531968824,87.86992447123521,43.65259980676921,3.8065481293991508,2.2759969366906203,4.253425234165148
rw_sarmax_exog_1_3_6m,rw_sarmax_exog_1_3_6m,RW-SARMAX (Exog. 1&3) (6 Months),STATISTICAL_ROLLING,08_12,NEG,AVERAGE,,,0.95,30.66699999999998,243,13,230,3.7527972898296365,1.6681073622230602,13.827564507763203,8.65027525354489,2.0180354624105545,1.2734630901048698,3.6846020287951458
rw_sarmax_exog_1_3_6m,rw_sarmax_exog_1_3_6m,RW-SARMAX (Exog. 1&3) (6 Months),STATISTICAL_ROLLING,08_12,NEG,MARGINAL,,,0.95,38.971999999999994,243,13,230,17.426804254089486,5.668640937120893,68.94509877393192,41.801695511107184,7.2240467093985075,3.626337852504277,3.956267469851956
rw_sarmax_exog_1_3_6m,rw_sarmax_exog_1_3_6m,RW-SARMAX (Exog. 1&3) (6 Months),STATISTICAL_ROLLING,08_12,POS,AVERAGE,,,0.95,40.626999999999995,243,13,230,8.168818376982841,4.073896126979198,29.331368361975972,25.68603535767788,4.676961134104808,2.8523404313310117,3.590650080386477
rw_sarmax_exog_1_3_6m,rw_sarmax_exog_1_3_6m,RW-SARMAX (Exog. 1&3) (6 Months),STATISTICAL_ROLLING,08_12,POS,MARGINAL,,,0.95,65.84399999999997,243,13,230,16.85399281070739,7.894647825077191,61.94693075878534,56.62946888093492,9.122208901205077,5.140070982789581,3.675504757509466
rw_sarmax_exog_1_3_6m,rw_sarmax_exog_1_3_6m,RW-SARMAX (Exog. 1&3) (6 Months),STATISTICAL_ROLLING,12_16,NEG,AVERAGE,,,0.95,63.112,243,13,230,5.08265894328177,3.0575631332636277,10.427648058425902,7.330831343923044,4.598655549037448,2.816030582226357,2.051612782755984
rw_sarmax_exog_1_3_6m,rw_sarmax_exog_1_3_6m,RW-SARMAX (Exog. 1&3) (6 Months),STATISTICAL_ROLLING,12_16,NEG,MARGINAL,,,0.95,80.81899999999997,243,13,230,26.66026397984727,7.526097644556771,109.0083422604594,48.65287578435714,8.905393644011598,5.2015406192637075,4.0887945574304805
rw_sarmax_exog_1_3_6m,rw_sarmax_exog_1_3_6m,RW-SARMAX (Exog. 1&3) (6 Months),STATISTICAL_ROLLING,12_16,POS,AVERAGE,,,0.95,28.663999999999962,243,13,230,16.28449902649554,3.8987916010833983,69.43013304591871,45.92284496476001,2.776351143148559,1.5235190196581985,4.263571936290645
rw_sarmax_exog_1_3_6m,rw_sarmax_exog_1_3_6m,RW-SARMAX (Exog. 1&3) (6 Months),STATISTICAL_ROLLING,12_16,POS,MARGINAL,,,0.95,49.48499999999998,243,13,230,93.71589646779658,13.578320953080794,404.44751534326537,201.64380882217048,5.777513855239562,2.9485325083061587,4.315676748418502
rw_sarmax_exog_1_3_6m,rw_sarmax_exog_1_3_6m,RW-SARMAX (Exog. 1&3) (6 Months),STATISTICAL_ROLLING,16_20,NEG,AVERAGE,,,0.95,21.622999999999998,243,13,230,1.6476227605353089,0.9204754936049863,4.919581437195573,3.871644357779642,1.2248032764980274,0.7536702969342448,2.985866397959453
rw_sarmax_exog_1_3_6m,rw_sarmax_exog_1_3_6m,RW-SARMAX (Exog. 1&3) (6 Months),STATISTICAL_ROLLING,16_20,NEG,MARGINAL,,,0.95,26.906999999999993,243,13,230,11210588423.33078,719159584.2566617,17.17829440814504,8.948461844915375,11523054801.372221,759807734.1653858,1.5323276316517552e-09
rw_sarmax_exog_1_3_6m,rw_sarmax_exog_1_3_6m,RW-SARMAX (Exog. 1&3) (6 Months),STATISTICAL_ROLLING,16_20,POS,AVERAGE,,,0.95,68.41499999999998,243,13,230,45.32189148382176,10.896297481076134,85.16642223747644,76.7368891427412,41.95477854250319,7.174872734982021,1.8791453632926531
rw_sarmax_exog_1_3_6m,rw_sarmax_exog_1_3_6m,RW-SARMAX (Exog. 1&3) (6 Months),STATISTICAL_ROLLING,16_20,POS,MARGINAL,,,0.95,110.30499999999995,243,13,230,34.92237214544424,14.141337434811891,140.0011201582689,125.18831559001356,13.44100428765262,7.864769104300492,4.008923551217943
rw_sarmax_exog_1_3_6m,rw_sarmax_exog_1_3_6m,RW-SARMAX (Exog. 1&3) (6 Months),STATISTICAL_ROLLING,20_24,NEG,AVERAGE,,,0.95,5.679999999999998,243,13,230,0.8412555340586737,0.39928366817927363,3.106602633322513,2.8876630103263183,0.4496907309388493,0.25863614014487546,3.6928168761453186
rw_sarmax_exog_1_3_6m,rw_sarmax_exog_1_3_6m,RW-SARMAX (Exog. 1&3) (6 Months),STATISTICAL_ROLLING,20_24,NEG,MARGINAL,,,0.95,8.972999999999994,243,13,230,1.9664567765897796,0.9135750874200427,7.46554958573097,6.630804349295774,0.9671153875414952,0.5904273465314143,3.796447333400174
rw_sarmax_exog_1_3_6m,rw_sarmax_exog_1_3_6m,RW-SARMAX (Exog. 1&3) (6 Months),STATISTICAL_ROLLING,20_24,POS,AVERAGE,,,0.95,30.47799999999999,243,13,230,2.9565319678372437,1.8110313166034724,5.584764340820157,4.364028849537347,2.7335420918499427,1.6667314560463402,1.888957874149256
rw_sarmax_exog_1_3_6m,rw_sarmax_exog_1_3_6m,RW-SARMAX (Exog. 1&3) (6 Months),STATISTICAL_ROLLING,20_24,POS,MARGINAL,,,0.95,37.205,243,13,230,14.901581122085409,4.326113931225322,27.35505057613543,15.344919681987234,13.867697192719106,3.7033118670518226,1.8357146367235435
rw_sarmax_exog_1_3m,rw_sarmax_exog_1_3m,RW-SARMAX (Exog. 1) (3 Months),STATISTICAL_ROLLING,00_04,NEG,AVERAGE,,,0.95,21.354999999999993,243,13,230,3.7044642155179144,1.8966780162802082,12.196865302675398,10.586637622253194,2.4678600071228134,1.4055063863773865,3.2924775603400387
rw_sarmax_exog_1_3m,rw_sarmax_exog_1_3m,RW-SARMAX (Exog. 1) (3 Months),STATISTICAL_ROLLING,00_04,NEG,MARGINAL,,,0.95,30.95699999999999,243,13,230,8.983466719095274,4.261635229464147,30.084598155779567,25.11283758502058,5.840142290065963,3.083089009367479,3.348885134937016
rw_sarmax_exog_1_3m,rw_sarmax_exog_1_3m,RW-SARMAX (Exog. 1) (3 Months),STATISTICAL_ROLLING,00_04,POS,AVERAGE,,,0.95,6.615999999999994,243,13,230,1.0722080912333967,0.357221670041674,4.318909760945199,2.4038338659906007,0.400387728326942,0.24154358940108248,4.028051827119691
rw_sarmax_exog_1_3m,rw_sarmax_exog_1_3m,RW-SARMAX (Exog. 1) (3 Months),STATISTICAL_ROLLING,00_04,POS,MARGINAL,,,0.95,8.348999999999997,243,13,230,2.417682515981245,0.9292894485540698,9.21740231759492,5.867023712485025,1.1719443051140468,0.650200120592755,3.812494922996094
rw_sarmax_exog_1_3m,rw_sarmax_exog_1_3m,RW-SARMAX (Exog. 1) (3 Months),STATISTICAL_ROLLING,04_08,NEG,AVERAGE,,,0.95,15.850999999999994,243,13,230,2.5392995852975475,1.3552775466306604,7.402846146733591,5.815658959383376,1.9274296866971279,1.1031690319968113,2.9153102649233675
rw_sarmax_exog_1_3m,rw_sarmax_exog_1_3m,RW-SARMAX (Exog. 1) (3 Months),STATISTICAL_ROLLING,04_08,NEG,MARGINAL,,,0.95,23.935999999999996,243,13,230,6.639887839491957,3.2803210337232627,23.806373381509495,18.325287235434466,3.814016757488715,2.4299533788439347,3.5853577585929544
rw_sarmax_exog_1_3m,rw_sarmax_exog_1_3m,RW-SARMAX (Exog. 1) (3 Months),STATISTICAL_ROLLING,04_08,POS,AVERAGE,,,0.95,17.266999999999992,243,13,230,565217.9482065402,36260.559468167565,15.853197586291367,11.403596907812016,580971.947753567,38309.42480002136,2.8047937325051717e-05
rw_sarmax_exog_1_3m,rw_sarmax_exog_1_3m,RW-SARMAX (Exog. 1) (3 Months),STATISTICAL_ROLLING,04_08,POS,MARGINAL,,,0.95,28.057999999999993,243,13,230,21.005129960228196,5.00177064966337,88.26653612813776,44.342143070443555,5.078772775513563,2.7781843824018817,4.202141871783918
rw_sarmax_exog_1_3m,rw_sarmax_exog_1_3m,RW-SARMAX (Exog. 1) (3 Months),STATISTICAL_ROLLING,08_12,NEG,AVERAGE,,,0.95,30.66699999999998,243,13,230,3.9486406048520024,1.903376341340787,13.381158467454899,8.164033634907366,2.5204193000740074,1.5495131030087628,3.3888013132956254
rw_sarmax_exog_1_3m,rw_sarmax_exog_1_3m,RW-SARMAX (Exog. 1) (3 Months),STATISTICAL_ROLLING,08_12,NEG,MARGINAL,,,0.95,38.971999999999994,243,13,230,18.012228348657917,5.763235329813414,73.61778638499752,49.67657073725513,6.037739928262458,3.2811772415667084,4.087100438657427
rw_sarmax_exog_1_3m,rw_sarmax_exog_1_3m,RW-SARMAX (Exog. 1) (3 Months),STATISTICAL_ROLLING,08_12,POS,AVERAGE,,,0.95,40.626999999999995,243,13,230,8.273990928556477,4.099008534096244,29.582088568933887,26.914931978198815,4.781858587618073,2.809412861168708,3.5753107326762477
rw_sarmax_exog_1_3m,rw_sarmax_exog_1_3m,RW-SARMAX (Exog. 1) (3 Months),STATISTICAL_ROLLING,08_12,POS,MARGINAL,,,0.95,65.84399999999997,243,13,230,18.724270187569367,8.791010938898326,66.72065718617695,61.93969764068679,10.899538525583383,5.786954734014629,3.5633248461919407
rw_sarmax_exog_1_3m,rw_sarmax_exog_1_3m,RW-SARMAX (Exog. 1) (3 Months),STATISTICAL_ROLLING,12_16,NEG,AVERAGE,,,0.95,63.112,243,13,230,6.903799541443578,4.118010638785595,13.470280289851958,10.309677950090428,6.332505866461459,3.768046834233583,1.9511401234913803
rw_sarmax_exog_1_3m,rw_sarmax_exog_1_3m,RW-SARMAX (Exog. 1) (3 Months),STATISTICAL_ROLLING,12_16,NEG,MARGINAL,,,0.95,80.81899999999997,243,13,230,27.792487050205178,8.990323346901341,111.17855104100971,50.206602648875666,10.83671597201839,6.660707560268009,4.000309538335791
rw_sarmax_exog_1_3m,rw_sarmax_exog_1_3m,RW-SARMAX (Exog. 1) (3 Months),STATISTICAL_ROLLING,12_16,POS,AVERAGE,,,0.95,28.663999999999962,243,13,230,16.547178605816804,4.329792307297307,69.66766014718799,46.87193019868001,3.8668259084937278,1.9252366873495899,4.2102440426126675
rw_sarmax_exog_1_3m,rw_sarmax_exog_1_3m,RW-SARMAX (Exog. 1) (3 Months),STATISTICAL_ROLLING,12_16,POS,MARGINAL,,,0.95,49.48499999999998,243,13,230,93.58350679629356,13.765690398880102,403.8081072198173,199.72929367015908,6.032607024967413,3.254704127025201,4.314949514542133
rw_sarmax_exog_1_3m,rw_sarmax_exog_1_3m,RW-SARMAX (Exog. 1) (3 Months),STATISTICAL_ROLLING,16_20,NEG,AVERAGE,,,0.95,21.622999999999998,243,13,230,2.334214305725886,1.2604096667309121,6.0190581930477505,4.650701516021742,1.9258215766621463,1.0687844752492566,2.578622784670135
rw_sarmax_exog_1_3m,rw_sarmax_exog_1_3m,RW-SARMAX (Exog. 1) (3 Months),STATISTICAL_ROLLING,16_20,NEG,MARGINAL,,,0.95,26.906999999999993,243,13,230,5.575643369609877,2.431583425121298,20.06103202932915,13.226439894372355,3.1777419343534357,1.8214393638158033,3.59797617951537
rw_sarmax_exog_1_3m,rw_sarmax_exog_1_3m,RW-SARMAX (Exog. 1) (3 Months),STATISTICAL_ROLLING,16_20,POS,AVERAGE,,,0.95,68.41499999999998,243,13,230,21.018946382490657,8.644889774453041,81.43994799762679,70.56971193546673,9.585860810536238,5.144791130569658,3.874597066647852
rw_sarmax_exog_1_3m,rw_sarmax_exog_1_3m,RW-SARMAX (Exog. 1) (3 Months),STATISTICAL_ROLLING,16_20,POS,MARGINAL,,,0.95,110.30499999999995,243,13,230,35.801082276674,15.08154842970945,141.05291072387763,123.10985062106398,15.152893753226406,8.975600914545932,3.939906331149656
rw_sarmax_exog_1_3m,rw_sarmax_exog_1_3m,RW-SARMAX (Exog. 1) (3 Months),STATISTICAL_ROLLING,20_24,NEG,AVERAGE,,,0.95,5.679999999999998,243,13,230,1.0001693327136858,0.4680395044790989,3.6107833250775054,2.963613475616803,0.5656526503613069,0.3269853235017506,3.610172004855051
rw_sarmax_exog_1_3m,rw_sarmax_exog_1_3m,RW-SARMAX (Exog. 1) (3 Months),STATISTICAL_ROLLING,20_24,NEG,MARGINAL,,,0.95,8.972999999999994,243,13,230,2.237427704344107,1.0965231848470425,8.28304207367753,7.651066314076919,1.1879172237126177,0.7260490079775277,3.7020378614225082
rw_sarmax_exog_1_3m,rw_sarmax_exog_1_3m,RW-SARMAX (Exog. 1) (3 Months),STATISTICAL_ROLLING,20_24,POS,AVERAGE,,,0.95,30.47799999999999,243,13,230,3.209214125077397,1.9188777054679411,5.39506083821157,4.127072475395776,3.039081368083085,1.7940666967328895,1.6811158831857183
rw_sarmax_exog_1_3m,rw_sarmax_exog_1_3m,RW-SARMAX (Exog. 1) (3 Months),STATISTICAL_ROLLING,20_24,POS,MARGINAL,,,0.95,37.205,243,13,230,8.492979033362575,4.238937778020951,28.04403327749414,17.53782387429144,5.6351678857582055,3.487261607362184,3.302025492742896
rw_sarmax_exog_1_4_12m,rw_sarmax_exog_1_4_12m,RW-SARMAX (Exog. 1&4) (12 Months),STATISTICAL_ROLLING,00_04,NEG,AVERAGE,,,0.95,21.354999999999993,243,13,230,6.633970234238005,2.9830419418403693,16.06293685708051,14.470430096872839,5.649197755102412,2.3337547852515774,2.421315786763632
rw_sarmax_exog_1_4_12m,rw_sarmax_exog_1_4_12m,RW-SARMAX (Exog. 1&4) (12 Months),STATISTICAL_ROLLING,00_04,NEG,MARGINAL,,,0.95,30.95699999999999,243,13,230,11.282788449315529,4.827061644967571,36.992093080070084,33.371575134748284,7.559855426463993,3.21367609989301,3.278630388777183
rw_sarmax_exog_1_4_12m,rw_sarmax_exog_1_4_12m,RW-SARMAX (Exog. 1&4) (12 Months),STATISTICAL_ROLLING,00_04,POS,AVERAGE,,,0.95,6.615999999999994,243,13,230,1.7536939634682518,0.965314280910161,5.305395698865739,3.538468327706469,1.287766225702225,0.8198751391347174,3.0252688378839747
rw_sarmax_exog_1_4_12m,rw_sarmax_exog_1_4_12m,RW-SARMAX (Exog. 1&4) (12 Months),STATISTICAL_ROLLING,00_04,POS,MARGINAL,,,0.95,8.348999999999997,243,13,230,3.551254782382289,1.7033876328712292,9.825178597211323,6.6394528285956325,2.8049870266848904,1.4243926435476757,2.7666780333401753
rw_sarmax_exog_1_4_12m,rw_sarmax_exog_1_4_12m,RW-SARMAX (Exog. 1&4) (12 Months),STATISTICAL_ROLLING,04_08,NEG,AVERAGE,,,0.95,15.850999999999994,243,13,230,4.040188225113032,2.3325968863656943,8.59417069926205,7.6546949456865585,3.6153906321028964,2.0317826482301675,2.1271708693774065
rw_sarmax_exog_1_4_12m,rw_sarmax_exog_1_4_12m,RW-SARMAX (Exog. 1&4) (12 Months),STATISTICAL_ROLLING,04_08,NEG,MARGINAL,,,0.95,23.935999999999996,243,13,230,8.22849601411773,3.983658027868408,22.55091168378419,18.22164839156555,6.541510464450832,3.1789020507898744,2.740587301141462
rw_sarmax_exog_1_4_12m,rw_sarmax_exog_1_4_12m,RW-SARMAX (Exog. 1&4) (12 Months),STATISTICAL_ROLLING,04_08,POS,AVERAGE,,,0.95,17.266999999999992,243,13,230,4.787651940546294,3.266782446580509,14.600008777046268,11.910868936420043,3.4884082370166514,2.7782036449808833,3.0495134062273412
rw_sarmax_exog_1_4_12m,rw_sarmax_exog_1_4_12m,RW-SARMAX (Exog. 1&4) (12 Months),STATISTICAL_ROLLING,04_08,POS,MARGINAL,,,0.95,28.057999999999993,243,13,230,20.466813041859705,5.782730583292659,85.98988434780782,45.19757038305176,4.962902918933646,3.5549352902627964,4.201430099153063
rw_sarmax_exog_1_4_12m,rw_sarmax_exog_1_4_12m,RW-SARMAX (Exog. 1&4) (12 Months),STATISTICAL_ROLLING,08_12,NEG,AVERAGE,,,0.95,30.66699999999998,243,13,230,5.527794051329313,3.2687101568682517,16.17859532462853,11.017766556736023,4.182011640006961,2.8307200125279,2.9267724474535974
rw_sarmax_exog_1_4_12m,rw_sarmax_exog_1_4_12m,RW-SARMAX (Exog. 1&4) (12 Months),STATISTICAL_ROLLING,08_12,NEG,MARGINAL,,,0.95,38.971999999999994,243,13,230,35833923.92678286,2301214.9044964616,154926454.8194927,42968915.53679788,39122.52270513806,2605.738322904382,4.323457713870351
rw_sarmax_exog_1_4_12m,rw_sarmax_exog_1_4_12m,RW-SARMAX (Exog. 1&4) (12 Months),STATISTICAL_ROLLING,08_12,POS,AVERAGE,,,0.95,40.626999999999995,243,13,230,88.3370560975316,10.975559452748636,30.521165748488016,27.415517148945106,90.5088220867556,10.046344452528837,0.3455080698499853
rw_sarmax_exog_1_4_12m,rw_sarmax_exog_1_4_12m,RW-SARMAX (Exog. 1&4) (12 Months),STATISTICAL_ROLLING,08_12,POS,MARGINAL,,,0.95,65.84399999999997,243,13,230,14563448473.687433,936101448.8348234,62964364703.21161,17463172777.251938,29763494.524681002,1962634.6199428714,4.32345160673811
rw_sarmax_exog_1_4_12m,rw_sarmax_exog_1_4_12m,RW-SARMAX (Exog. 1&4) (12 Months),STATISTICAL_ROLLING,12_16,NEG,AVERAGE,,,0.95,63.112,243,13,230,12.40691880479434,7.565440130076749,27.559020560330225,22.802595324399938,10.940926781427335,6.704209619093265,2.2212622645423243
rw_sarmax_exog_1_4_12m,rw_sarmax_exog_1_4_12m,RW-SARMAX (Exog. 1&4) (12 Months),STATISTICAL_ROLLING,12_16,NEG,MARGINAL,,,0.95,80.81899999999997,243,13,230,57.53190138600447,14.025002695242362,112.88924642377592,60.83534424921845,52.69430775614932,11.379200781321975,1.9622025989782077
rw_sarmax_exog_1_4_12m,rw_sarmax_exog_1_4_12m,RW-SARMAX (Exog. 1&4) (12 Months),STATISTICAL_ROLLING,12_16,POS,AVERAGE,,,0.95,28.663999999999962,243,13,230,16.69481027472828,4.988494738723428,69.60415777126536,44.819161597576894,4.542816387926631,2.7371961771360587,4.169209270777306
rw_sarmax_exog_1_4_12m,rw_sarmax_exog_1_4_12m,RW-SARMAX (Exog. 1&4) (12 Months),STATISTICAL_ROLLING,12_16,POS,MARGINAL,,,0.95,49.48499999999998,243,13,230,5.399148454343622e+36,3.4635553483444906e+35,862.8645102173841,409.98444815278856,5.549635859494077e+36,3.6593215202074404e+35,1.5981492591173494e-34
rw_sarmax_exog_1_4_12m,rw_sarmax_exog_1_4_12m,RW-SARMAX (Exog. 1&4) (12 Months),STATISTICAL_ROLLING,16_20,NEG,AVERAGE,,,0.95,21.622999999999998,243,13,230,5.483009316914541,2.810745207792742,15.545072221456747,10.202633576185285,4.254901796927015,2.392942821753164,2.8351351097474407
rw_sarmax_exog_1_4_12m,rw_sarmax_exog_1_4_12m,RW-SARMAX (Exog. 1&4) (12 Months),STATISTICAL_ROLLING,16_20,NEG,MARGINAL,,,0.95,26.906999999999993,243,13,230,8.809938812388069,4.196307799757853,27.61483286032284,16.105869276172648,6.236959751148586,3.5231586728300606,3.1345090412537626
rw_sarmax_exog_1_4_12m,rw_sarmax_exog_1_4_12m,RW-SARMAX (Exog. 1&4) (12 Months),STATISTICAL_ROLLING,16_20,POS,AVERAGE,,,0.95,68.41499999999998,243,13,230,89.63852394052189,20.661363282049066,341.45027395589614,207.45921971013252,43.582656310090364,10.103223570896523,3.809191170778979
rw_sarmax_exog_1_4_12m,rw_sarmax_exog_1_4_12m,RW-SARMAX (Exog. 1&4) (12 Months),STATISTICAL_ROLLING,16_20,POS,MARGINAL,,,0.95,110.30499999999995,243,13,230,178.02637312804822,39.456636087458534,650.5120066792329,418.560658347664,97.80942727609613,18.029017437968665,3.6540204423045908
rw_sarmax_exog_1_4_12m,rw_sarmax_exog_1_4_12m,RW-SARMAX (Exog. 1&4) (12 Months),STATISTICAL_ROLLING,20_24,NEG,AVERAGE,,,0.95,5.679999999999998,243,13,230,0.9837894702663369,0.5235251885296882,3.50455072897053,2.846813596735971,0.5730208010641996,0.39220888719628966,3.5622974578308497
rw_sarmax_exog_1_4_12m,rw_sarmax_exog_1_4_12m,RW-SARMAX (Exog. 1&4) (12 Months),STATISTICAL_ROLLING,20_24,NEG,MARGINAL,,,0.95,8.972999999999994,243,13,230,1.9590755905131874,1.0223302060565977,6.912882393061468,6.032706147282422,1.1635500277110074,0.7391350441612251,3.528645054094422
rw_sarmax_exog_1_4_12m,rw_sarmax_exog_1_4_12m,RW-SARMAX (Exog. 1&4) (12 Months),STATISTICAL_ROLLING,20_24,POS,AVERAGE,,,0.95,30.47799999999999,243,13,230,27.676692876972705,6.819216938132184,22.30926830578643,11.740743947921194,27.94930908152095,6.541043672361502,0.8060669822422306
rw_sarmax_exog_1_4_12m,rw_sarmax_exog_1_4_12m,RW-SARMAX (Exog. 1&4) (12 Months),STATISTICAL_ROLLING,20_24,POS,MARGINAL,,,0.95,37.205,243,13,230,44.33043162422092,13.25469861355039,102.57713106447143,81.23716180526547,38.49074424004414,9.412211563583888,2.3139213246104764
rw_sarmax_exog_1_4_3m,rw_sarmax_exog_1_4_3m,RW-SARMAX (Exog. 1&4) (3 Months),STATISTICAL_ROLLING,00_04,NEG,AVERAGE,,,0.95,21.354999999999993,243,13,230,11.973731520886098,4.222162344103049,39.31644645087461,25.858440548833205,8.006462446322892,2.99924227166178,3.2835583779621156
rw_sarmax_exog_1_4_3m,rw_sarmax_exog_1_4_3m,RW-SARMAX (Exog. 1&4) (3 Months),STATISTICAL_ROLLING,00_04,NEG,MARGINAL,,,0.95,30.95699999999999,243,13,230,26.753447281300367,8.281917874500877,82.22578900137131,47.891359353535385,19.340480398311882,6.043123356120664,3.0734651926088037
rw_sarmax_exog_1_4_3m,rw_sarmax_exog_1_4_3m,RW-SARMAX (Exog. 1&4) (3 Months),STATISTICAL_ROLLING,00_04,POS,AVERAGE,,,0.95,6.615999999999994,243,13,230,2.685967823502528,1.407613574343839,5.875822950950442,4.108101028104938,2.3813368419573497,1.2549773269573423,2.1875999032960536
rw_sarmax_exog_1_4_3m,rw_sarmax_exog_1_4_3m,RW-SARMAX (Exog. 1&4) (3 Months),STATISTICAL_ROLLING,00_04,POS,MARGINAL,,,0.95,8.348999999999997,243,13,230,3.9396415823921425,1.9336249647514594,11.311328484907756,8.445111369420562,3.0275894713588,1.56558442883538,2.871156740618912
rw_sarmax_exog_1_4_3m,rw_sarmax_exog_1_4_3m,RW-SARMAX (Exog. 1&4) (3 Months),STATISTICAL_ROLLING,04_08,NEG,AVERAGE,,,0.95,15.850999999999994,243,13,230,4.682238313675453,2.3965654341886227,9.461745397194715,8.428271436566618,4.254693203895361,2.0556429210107354,2.020773989559591
rw_sarmax_exog_1_4_3m,rw_sarmax_exog_1_4_3m,RW-SARMAX (Exog. 1&4) (3 Months),STATISTICAL_ROLLING,04_08,NEG,MARGINAL,,,0.95,23.935999999999996,243,13,230,9.317934964745703,4.240470242164349,24.391166800540585,20.534596792656142,7.622658838068335,3.3194978719191606,2.6176579781705147
rw_sarmax_exog_1_4_3m,rw_sarmax_exog_1_4_3m,RW-SARMAX (Exog. 1&4) (3 Months),STATISTICAL_ROLLING,04_08,POS,AVERAGE,,,0.95,17.266999999999992,243,13,230,6.268568178096628,3.833053526317757,15.295679232302698,10.714480164601222,5.319047266982187,3.4441033250234745,2.4400594837188225
rw_sarmax_exog_1_4_3m,rw_sarmax_exog_1_4_3m,RW-SARMAX (Exog. 1&4) (3 Months),STATISTICAL_ROLLING,04_08,POS,MARGINAL,,,0.95,28.057999999999993,243,13,230,17807.208192022943,1578.8266016156233,87.75287805971972,42.881792431895185,18303.52652478122,1665.6408734390511,0.004927941377078423
rw_sarmax_exog_1_4_3m,rw_sarmax_exog_1_4_3m,RW-SARMAX (Exog. 1&4) (3 Months),STATISTICAL_ROLLING,08_12,NEG,AVERAGE,,,0.95,30.66699999999998,243,13,230,8.63148960256523,4.820404105798574,25.217257763479374,18.848288205490196,6.539945400003664,4.0275237001638295,2.921541810811537
rw_sarmax_exog_1_4_3m,rw_sarmax_exog_1_4_3m,RW-SARMAX (Exog. 1&4) (3 Months),STATISTICAL_ROLLING,08_12,NEG,MARGINAL,,,0.95,38.971999999999994,243,13,230,20.709446775656417,8.161015623984207,76.40525941824608,53.48561222646762,11.097825966133895,5.599190598626449,3.689391621414971
rw_sarmax_exog_1_4_3m,rw_sarmax_exog_1_4_3m,RW-SARMAX (Exog. 1&4) (3 Months),STATISTICAL_ROLLING,08_12,POS,AVERAGE,,,0.95,40.626999999999995,243,13,230,12.016609844778824,7.658713466133084,36.14232632111987,27.644440734385135,8.872883674320983,6.529085403144923,3.0076974111648958
rw_sarmax_exog_1_4_3m,rw_sarmax_exog_1_4_3m,RW-SARMAX (Exog. 1&4) (3 Months),STATISTICAL_ROLLING,08_12,POS,MARGINAL,,,0.95,65.84399999999997,243,13,230,19.912333027026055,11.77693320815653,61.57261401004264,54.225403636585966,14.304805554710523,9.377671836114866,3.092184824674893
rw_sarmax_exog_1_4_3m,rw_sarmax_exog_1_4_3m,RW-SARMAX (Exog. 1&4) (3 Months),STATISTICAL_ROLLING,12_16,NEG,AVERAGE,,,0.95,63.112,243,13,230,59.52159136209688,15.7330078440833,35.21975182128926,26.419705708493854,60.60490792159617,15.128977095225313,0.5917138808845266
rw_sarmax_exog_1_4_3m,rw_sarmax_exog_1_4_3m,RW-SARMAX (Exog. 1&4) (3 Months),STATISTICAL_ROLLING,12_16,NEG,MARGINAL,,,0.95,80.81899999999997,243,13,230,52.878957409942736,18.48683319259473,118.13247533106015,71.36128374084807,46.53442310578692,15.498277292041278,2.234016726450206
rw_sarmax_exog_1_4_3m,rw_sarmax_exog_1_4_3m,RW-SARMAX (Exog. 1&4) (3 Months),STATISTICAL_ROLLING,12_16,POS,AVERAGE,,,0.95,28.663999999999962,243,13,230,28.272514940029968,8.060954593490408,69.19257255871125,46.93398229078464,23.95643439812761,5.863783462773776,2.4473440974557286
rw_sarmax_exog_1_4_3m,rw_sarmax_exog_1_4_3m,RW-SARMAX (Exog. 1&4) (3 Months),STATISTICAL_ROLLING,12_16,POS,MARGINAL,,,0.95,49.48499999999998,243,13,230,94.71248401659325,17.141813688589863,405.65428885006264,210.78403711865275,13.28618896127028,6.196818451238477,4.2830075999167505
rw_sarmax_exog_1_4_3m,rw_sarmax_exog_1_4_3m,RW-SARMAX (Exog. 1&4) (3 Months),STATISTICAL_ROLLING,16_20,NEG,AVERAGE,,,0.95,21.622999999999998,243,13,230,3.947998167359641,2.3129343859974014,7.781365616232921,6.877944816682847,3.611828450935506,2.0549120573064847,1.970964850127318
rw_sarmax_exog_1_4_3m,rw_sarmax_exog_1_4_3m,RW-SARMAX (Exog. 1&4) (3 Months),STATISTICAL_ROLLING,16_20,NEG,MARGINAL,,,0.95,26.906999999999993,243,13,230,6.937941803449042,3.4871978449075134,20.775913057461324,13.405633365210408,5.1438069719639,2.926590619846915,2.9945355043383395
rw_sarmax_exog_1_4_3m,rw_sarmax_exog_1_4_3m,RW-SARMAX (Exog. 1&4) (3 Months),STATISTICAL_ROLLING,16_20,POS,AVERAGE,,,0.95,68.41499999999998,243,13,230,81.86078147292278,17.44312693880292,347.89991661522293,155.36617573737715,15.455686625411706,9.647476354535678,4.249897330021194
rw_sarmax_exog_1_4_3m,rw_sarmax_exog_1_4_3m,RW-SARMAX (Exog. 1&4) (3 Months),STATISTICAL_ROLLING,16_20,POS,MARGINAL,,,0.95,110.30499999999995,243,13,230,41.323142580368625,19.19603663402873,119.14476435745246,89.71403675393563,31.65068445108112,15.210236627251382,2.8832454870955178
rw_sarmax_exog_1_4_3m,rw_sarmax_exog_1_4_3m,RW-SARMAX (Exog. 1&4) (3 Months),STATISTICAL_ROLLING,20_24,NEG,AVERAGE,,,0.95,5.679999999999998,243,13,230,1.1642029390678135,0.5908334004848624,3.8528270407964165,3.0173613305520317,0.7700337394313312,0.45368182182889194,3.309411883018785
rw_sarmax_exog_1_4_3m,rw_sarmax_exog_1_4_3m,RW-SARMAX (Exog. 1&4) (3 Months),STATISTICAL_ROLLING,20_24,NEG,MARGINAL,,,0.95,8.972999999999994,243,13,230,8.612216152348731,1.6291975730818025,36.54961332433962,15.238063374548572,1.6901374400596045,0.8600008103902026,4.2439266128233175
rw_sarmax_exog_1_4_3m,rw_sarmax_exog_1_4_3m,RW-SARMAX (Exog. 1&4) (3 Months),STATISTICAL_ROLLING,20_24,POS,AVERAGE,,,0.95,30.47799999999999,243,13,230,19.423078069689677,8.310877069981778,34.228526635112374,28.60587696078683,18.230707757787755,7.163768380501496,1.7622606732208457
rw_sarmax_exog_1_4_3m,rw_sarmax_exog_1_4_3m,RW-SARMAX (Exog. 1&4) (3 Months),STATISTICAL_ROLLING,20_24,POS,MARGINAL,,,0.95,37.205,243,13,230,22.363718794846083,10.002015770210411,49.413893157587914,37.745614986814765,19.758377559969414,8.433899292750166,2.2095561838747404
rw_sarmax_exog_1_4_6m,rw_sarmax_exog_1_4_6m,RW-SARMAX (Exog. 1&4) (6 Months),STATISTICAL_ROLLING,00_04,NEG,AVERAGE,,,0.95,21.354999999999993,243,13,230,7.835348012770235,3.5652812135817196,22.739830136931715,17.844504302265356,5.969532244585091,2.758194691177861,2.902210610156665
rw_sarmax_exog_1_4_6m,rw_sarmax_exog_1_4_6m,RW-SARMAX (Exog. 1&4) (6 Months),STATISTICAL_ROLLING,00_04,NEG,MARGINAL,,,0.95,30.95699999999999,243,13,230,15.075128115602327,5.845234667825719,46.6357014736959,35.078451606272466,10.824790998338894,4.192922406087424,3.093552579856969
rw_sarmax_exog_1_4_6m,rw_sarmax_exog_1_4_6m,RW-SARMAX (Exog. 1&4) (6 Months),STATISTICAL_ROLLING,00_04,POS,AVERAGE,,,0.95,6.615999999999994,243,13,230,2.372572447602555,1.2164683192077366,6.005520459328765,3.9271624417489144,1.977052831660234,1.0632551731510613,2.5312274301243125
rw_sarmax_exog_1_4_6m,rw_sarmax_exog_1_4_6m,RW-SARMAX (Exog. 1&4) (6 Months),STATISTICAL_ROLLING,00_04,POS,MARGINAL,,,0.95,8.348999999999997,243,13,230,3.3648330602767857,1.663890149627392,10.310274712744903,7.281068785110337,2.440017578107315,1.346397444143573,3.0641266678165593
rw_sarmax_exog_1_4_6m,rw_sarmax_exog_1_4_6m,RW-SARMAX (Exog. 1&4) (6 Months),STATISTICAL_ROLLING,04_08,NEG,AVERAGE,,,0.95,15.850999999999994,243,13,230,4.5290309736126035,2.3929286060079624,7.741073406678511,7.002373125337874,4.276035705573146,2.132394785350185,1.7092118494618742
rw_sarmax_exog_1_4_6m,rw_sarmax_exog_1_4_6m,RW-SARMAX (Exog. 1&4) (6 Months),STATISTICAL_ROLLING,04_08,NEG,MARGINAL,,,0.95,23.935999999999996,243,13,230,8.549753926893901,4.170420198512489,22.531075828945156,18.687448514928068,6.966829199861722,3.349892511062912,2.635289392139339
rw_sarmax_exog_1_4_6m,rw_sarmax_exog_1_4_6m,RW-SARMAX (Exog. 1&4) (6 Months),STATISTICAL_ROLLING,04_08,POS,AVERAGE,,,0.95,17.266999999999992,243,13,230,5.507394333558951,3.542230371409484,14.528127907224999,10.330380845640036,4.485078562425257,3.1585523011268872,2.6379313024126114
rw_sarmax_exog_1_4_6m,rw_sarmax_exog_1_4_6m,RW-SARMAX (Exog. 1&4) (6 Months),STATISTICAL_ROLLING,04_08,POS,MARGINAL,,,0.95,28.057999999999993,243,13,230,21.108875784807395,6.547022530322383,86.12561364069892,41.611635984300214,7.177255604091882,4.565109595967115,4.080066343593995
rw_sarmax_exog_1_4_6m,rw_sarmax_exog_1_4_6m,RW-SARMAX (Exog. 1&4) (6 Months),STATISTICAL_ROLLING,08_12,NEG,AVERAGE,,,0.95,30.66699999999998,243,13,230,7.178765818580951,4.4485641102425015,18.989350498307207,15.462987163785069,5.836610950171449,3.826009763737922,2.6452110262681465
rw_sarmax_exog_1_4_6m,rw_sarmax_exog_1_4_6m,RW-SARMAX (Exog. 1&4) (6 Months),STATISTICAL_ROLLING,08_12,NEG,MARGINAL,,,0.95,38.971999999999994,243,13,230,20.809365056561013,8.010965350462282,79.97223757113849,55.980134287583766,9.798834586462215,5.299664497494547,3.8430887897717927
rw_sarmax_exog_1_4_6m,rw_sarmax_exog_1_4_6m,RW-SARMAX (Exog. 1&4) (6 Months),STATISTICAL_ROLLING,08_12,POS,AVERAGE,,,0.95,40.626999999999995,243,13,230,9.151779191691634,6.084283992583238,28.516581789877055,25.832841288403774,6.521182700157572,4.968061188906425,3.115960426117535
rw_sarmax_exog_1_4_6m,rw_sarmax_exog_1_4_6m,RW-SARMAX (Exog. 1&4) (6 Months),STATISTICAL_ROLLING,08_12,POS,MARGINAL,,,0.95,65.84399999999997,243,13,230,4301574696091407.5,275946145414194.1,67.14583846136672,61.94794125432248,4421470049877221.5,291543101459340.7,1.560959490541412e-14
rw_sarmax_exog_1_4_6m,rw_sarmax_exog_1_4_6m,RW-SARMAX (Exog. 1&4) (6 Months),STATISTICAL_ROLLING,12_16,NEG,AVERAGE,,,0.95,63.112,243,13,230,16.14833938108766,9.811399795378664,26.34107587796846,20.817015413446732,15.371735004194852,9.189343260444383,1.6311940971972734
rw_sarmax_exog_1_4_6m,rw_sarmax_exog_1_4_6m,RW-SARMAX (Exog. 1&4) (6 Months),STATISTICAL_ROLLING,12_16,NEG,MARGINAL,,,0.95,80.81899999999997,243,13,230,38149983.6484995,3402097.318205344,115.81115646547222,67.10804047653943,39213316.52298716,3594385.9822581415,3.0356803696828655e-06
rw_sarmax_exog_1_4_6m,rw_sarmax_exog_1_4_6m,RW-SARMAX (Exog. 1&4) (6 Months),STATISTICAL_ROLLING,12_16,POS,AVERAGE,,,0.95,28.663999999999962,243,13,230,18.400374205523946,6.402332369392182,70.1737405772087,48.22273622784532,8.909405402435679,4.038570412175266,3.8137126883072825
rw_sarmax_exog_1_4_6m,rw_sarmax_exog_1_4_6m,RW-SARMAX (Exog. 1&4) (6 Months),STATISTICAL_ROLLING,12_16,POS,MARGINAL,,,0.95,49.48499999999998,243,13,230,94.72346318210506,17.0420202181219,404.7812794378089,201.40425052395338,14.788859435016816,6.621546331270559,4.273294766045666
rw_sarmax_exog_1_4_6m,rw_sarmax_exog_1_4_6m,RW-SARMAX (Exog. 1&4) (6 Months),STATISTICAL_ROLLING,16_20,NEG,AVERAGE,,,0.95,21.622999999999998,243,13,230,4.566536141820137,2.600503296037022,10.167498507304028,7.344808731797975,4.0235318578966615,2.3323469018418375,2.226523165817199
rw_sarmax_exog_1_4_6m,rw_sarmax_exog_1_4_6m,RW-SARMAX (Exog. 1&4) (6 Months),STATISTICAL_ROLLING,16_20,NEG,MARGINAL,,,0.95,26.906999999999993,243,13,230,7.359892744234451,3.959197185874281,22.32426766591924,16.710751977867965,5.390805822056579,3.2384571324137683,3.0332327442417544
rw_sarmax_exog_1_4_6m,rw_sarmax_exog_1_4_6m,RW-SARMAX (Exog. 1&4) (6 Months),STATISTICAL_ROLLING,16_20,POS,AVERAGE,,,0.95,68.41499999999998,243,13,230,59.58434381376168,15.950739689302198,238.30130986319045,119.95637697361556,23.26443105785084,10.072160190623617,3.9993947169751674
rw_sarmax_exog_1_4_6m,rw_sarmax_exog_1_4_6m,RW-SARMAX (Exog. 1&4) (6 Months),STATISTICAL_ROLLING,16_20,POS,MARGINAL,,,0.95,110.30499999999995,243,13,230,108.09946899278631,24.94192655216873,453.73474864040253,233.12516460985924,26.637456885561644,13.175047879342754,4.19738184533248
rw_sarmax_exog_1_4_6m,rw_sarmax_exog_1_4_6m,RW-SARMAX (Exog. 1&4) (6 Months),STATISTICAL_ROLLING,20_24,NEG,AVERAGE,,,0.95,5.679999999999998,243,13,230,1.043055591171092,0.5182547061972249,3.907373204875145,3.453202902632676,0.5352656272564467,0.3523663298769602,3.7460833707704277
rw_sarmax_exog_1_4_6m,rw_sarmax_exog_1_4_6m,RW-SARMAX (Exog. 1&4) (6 Months),STATISTICAL_ROLLING,20_24,NEG,MARGINAL,,,0.95,8.972999999999994,243,13,230,2.3035175678942656,1.1326336781008397,7.68253068206042,6.801287222313838,1.5066927996079462,0.812231521254018,3.3351300589746824
rw_sarmax_exog_1_4_6m,rw_sarmax_exog_1_4_6m,RW-SARMAX (Exog. 1&4) (6 Months),STATISTICAL_ROLLING,20_24,POS,AVERAGE,,,0.95,30.47799999999999,243,13,230,7024.0776734941555,458.4424889676378,38.45336818166632,25.670748065657886,7219.850021950954,482.90350040992354,0.005474507824247556
rw_sarmax_exog_1_4_6m,rw_sarmax_exog_1_4_6m,RW-SARMAX (Exog. 1&4) (6 Months),STATISTICAL_ROLLING,20_24,POS,MARGINAL,,,0.95,37.205,243,13,230,32.35790028445446,11.88805731461048,60.67611514640301,53.568559279944,29.968716253175494,9.532202855700321,1.8751561322893788
rw_sarmax_exog_1_6m,rw_sarmax_exog_1_6m,RW-SARMAX (Exog. 1) (6 Months),STATISTICAL_ROLLING,00_04,NEG,AVERAGE,,,0.95,21.354999999999993,243,13,230,3.7112514284441556,1.9001137142717062,12.587166978939258,11.333990884180755,2.3657474578571223,1.3668945698855426,3.391623343669846
rw_sarmax_exog_1_6m,rw_sarmax_exog_1_6m,RW-SARMAX (Exog. 1) (6 Months),STATISTICAL_ROLLING,00_04,NEG,MARGINAL,,,0.95,30.95699999999999,243,13,230,8.337042013511002,3.856616463480607,29.527839002297025,24.837533272019414,4.914667889670369,2.6707385569110222,3.5417644476835113
rw_sarmax_exog_1_6m,rw_sarmax_exog_1_6m,RW-SARMAX (Exog. 1) (6 Months),STATISTICAL_ROLLING,00_04,POS,AVERAGE,,,0.95,6.615999999999994,243,13,230,0.9422430936738755,0.2961867200968631,3.82838225586499,1.7860398519638543,0.331046551959029,0.21197763003481573,4.063051543246494
rw_sarmax_exog_1_6m,rw_sarmax_exog_1_6m,RW-SARMAX (Exog. 1) (6 Months),STATISTICAL_ROLLING,00_04,POS,MARGINAL,,,0.95,8.348999999999997,243,13,230,2.38580512507656,0.9162706649886114,9.13788792604537,5.765486028524761,1.1376159593258277,0.6421845792235247,3.8301065874993188
rw_sarmax_exog_1_6m,rw_sarmax_exog_1_6m,RW-SARMAX (Exog. 1) (6 Months),STATISTICAL_ROLLING,04_08,NEG,AVERAGE,,,0.95,15.850999999999994,243,13,230,2.511934542702138,1.332141000714741,7.75235760277046,6.661089886348261,1.8081908463401133,1.0309395419615421,3.086210038909332
rw_sarmax_exog_1_6m,rw_sarmax_exog_1_6m,RW-SARMAX (Exog. 1) (6 Months),STATISTICAL_ROLLING,04_08,NEG,MARGINAL,,,0.95,23.935999999999996,243,13,230,6.609427420826012,3.184767270521342,23.685369900007817,18.645013939533122,3.8006768716792143,2.3109272414032844,3.5835736429113765
rw_sarmax_exog_1_6m,rw_sarmax_exog_1_6m,RW-SARMAX (Exog. 1) (6 Months),STATISTICAL_ROLLING,04_08,POS,AVERAGE,,,0.95,17.266999999999992,243,13,230,3.9482070193590513,1.631294532133183,15.256481245913893,10.23985907302211,1.8202764197219403,1.1447234928655483,3.8641543290682407
rw_sarmax_exog_1_6m,rw_sarmax_exog_1_6m,RW-SARMAX (Exog. 1) (6 Months),STATISTICAL_ROLLING,04_08,POS,MARGINAL,,,0.95,28.057999999999993,243,13,230,20.720560042275142,4.591758187353045,88.23339906332724,44.729547258917286,3.6850376811447036,2.3231005441776738,4.258253584039667
rw_sarmax_exog_1_6m,rw_sarmax_exog_1_6m,RW-SARMAX (Exog. 1) (6 Months),STATISTICAL_ROLLING,08_12,NEG,AVERAGE,,,0.95,30.66699999999998,243,13,230,3.9207278030015824,1.8588161485852959,13.978405370804063,9.334064061164396,2.2796607904933985,1.4363021361351727,3.5652577973157555
rw_sarmax_exog_1_6m,rw_sarmax_exog_1_6m,RW-SARMAX (Exog. 1) (6 Months),STATISTICAL_ROLLING,08_12,NEG,MARGINAL,,,0.95,38.971999999999994,243,13,230,18.06231532152651,5.956578085932084,71.1393166072141,44.714863127686954,7.657802861958973,3.765892409658983,3.938549147264132
rw_sarmax_exog_1_6m,rw_sarmax_exog_1_6m,RW-SARMAX (Exog. 1) (6 Months),STATISTICAL_ROLLING,08_12,POS,AVERAGE,,,0.95,40.626999999999995,243,13,230,8.055549420306061,3.8222796230163048,29.615812152267523,25.20062373362343,4.3571399164291345,2.613938434155902,3.676448446534675
rw_sarmax_exog_1_6m,rw_sarmax_exog_1_6m,RW-SARMAX (Exog. 1) (6 Months),STATISTICAL_ROLLING,08_12,POS,MARGINAL,,,0.95,65.84399999999997,243,13,230,17.089599186187645,7.93830252824782,62.99094794203053,57.69316126572268,9.181040361968488,5.126071382216631,3.685923072610258
rw_sarmax_exog_1_6m,rw_sarmax_exog_1_6m,RW-SARMAX (Exog. 1) (6 Months),STATISTICAL_ROLLING,12_16,NEG,AVERAGE,,,0.95,63.112,243,13,230,5.952541308294057,3.7808636404922993,12.472246184696086,9.19850556882942,5.351926815544218,3.474649096716723,2.095280912594039
rw_sarmax_exog_1_6m,rw_sarmax_exog_1_6m,RW-SARMAX (Exog. 1) (6 Months),STATISTICAL_ROLLING,12_16,NEG,MARGINAL,,,0.95,80.81899999999997,243,13,230,27.58885304639343,8.44548279791074,111.00671958071123,50.78327404725262,10.37677090596986,6.0524772055566345,4.023607628560791
rw_sarmax_exog_1_6m,rw_sarmax_exog_1_6m,RW-SARMAX (Exog. 1) (6 Months),STATISTICAL_ROLLING,12_16,POS,AVERAGE,,,0.95,28.663999999999962,243,13,230,16.153922524296995,3.7163752554896647,69.09693416397626,46.029585221149915,2.4170020044686087,1.3247590400393023,4.277409035486463
rw_sarmax_exog_1_6m,rw_sarmax_exog_1_6m,RW-SARMAX (Exog. 1) (6 Months),STATISTICAL_ROLLING,12_16,POS,MARGINAL,,,0.95,49.48499999999998,243,13,230,93.49956618674184,13.272545082269879,403.7331548228089,201.41046892647512,4.818917971707989,2.638662430206108,4.318021690244568
rw_sarmax_exog_1_6m,rw_sarmax_exog_1_6m,RW-SARMAX (Exog. 1) (6 Months),STATISTICAL_ROLLING,16_20,NEG,AVERAGE,,,0.95,21.622999999999998,243,13,230,2.1806544820712888,1.1942681686870955,5.960255020150392,4.39293056899588,1.7366965092246303,1.0134742069305123,2.733241359029542
rw_sarmax_exog_1_6m,rw_sarmax_exog_1_6m,RW-SARMAX (Exog. 1) (6 Months),STATISTICAL_ROLLING,16_20,NEG,MARGINAL,,,0.95,26.906999999999993,243,13,230,5.31036161959362,2.2895075479791394,19.3521083899257,11.363372337681845,2.937043959225025,1.7766369294307256,3.644216679806193
rw_sarmax_exog_1_6m,rw_sarmax_exog_1_6m,RW-SARMAX (Exog. 1) (6 Months),STATISTICAL_ROLLING,16_20,POS,AVERAGE,,,0.95,68.41499999999998,243,13,230,1.4973277740673905e+19,9.605362149143456e+17,87.63340437531642,79.27321750345988,1.5390619425727652e+19,1.0148273922790696e+18,5.852653366421312e-18
rw_sarmax_exog_1_6m,rw_sarmax_exog_1_6m,RW-SARMAX (Exog. 1) (6 Months),STATISTICAL_ROLLING,16_20,POS,MARGINAL,,,0.95,110.30499999999995,243,13,230,37.11737057740608,15.312013565509236,148.39332744921896,133.87943846488722,14.523350021707126,8.610376505979175,3.997948268985096
rw_sarmax_exog_1_6m,rw_sarmax_exog_1_6m,RW-SARMAX (Exog. 1) (6 Months),STATISTICAL_ROLLING,20_24,NEG,AVERAGE,,,0.95,5.679999999999998,243,13,230,0.9502551528126478,0.4550515478992941,3.448873306003447,3.1349316237920943,0.5307659265561723,0.30358006534883153,3.629418157633949
rw_sarmax_exog_1_6m,rw_sarmax_exog_1_6m,RW-SARMAX (Exog. 1) (6 Months),STATISTICAL_ROLLING,20_24,NEG,MARGINAL,,,0.95,8.972999999999994,243,13,230,2.3037475927234077,1.1177275430059401,8.629740316173322,7.778135685181211,1.182335637861582,0.7412696914916858,3.745957388487839
rw_sarmax_exog_1_6m,rw_sarmax_exog_1_6m,RW-SARMAX (Exog. 1) (6 Months),STATISTICAL_ROLLING,20_24,POS,AVERAGE,,,0.95,30.47799999999999,243,13,230,61.87014429102727,5.907436468220704,5.915113547303874,4.74089028484188,63.57906525764929,5.973371687281247,0.09560529743522377
rw_sarmax_exog_1_6m,rw_sarmax_exog_1_6m,RW-SARMAX (Exog. 1) (6 Months),STATISTICAL_ROLLING,20_24,POS,MARGINAL,,,0.95,37.205,243,13,230,7.99278070039351,3.9483255658349883,27.896116591605498,17.822717578499585,4.848769837836434,3.1641207999017724,3.4901641415273765
rw_sarmax_exog_4_12m,rw_sarmax_exog_4_12m,RW-SARMAX (Exog. 4) (12 Months),STATISTICAL_ROLLING,00_04,NEG,AVERAGE,,,0.95,21.354999999999993,243,13,230,3.8089747240002154,1.9553909286443443,13.114929039989072,12.327901773209891,2.3678061433486306,1.3691185765602043,3.4431651534341685
rw_sarmax_exog_4_12m,rw_sarmax_exog_4_12m,RW-SARMAX (Exog. 4) (12 Months),STATISTICAL_ROLLING,00_04,NEG,MARGINAL,,,0.95,30.95699999999999,243,13,230,60.319196217111184,7.9056766401950656,27.258648525238517,23.062203698312995,61.660821155849774,7.049003371692748,0.4519066936357129
rw_sarmax_exog_4_12m,rw_sarmax_exog_4_12m,RW-SARMAX (Exog. 4) (12 Months),STATISTICAL_ROLLING,00_04,POS,AVERAGE,,,0.95,6.615999999999994,243,13,230,1.1261901165847896,0.4289183381240979,4.449141650992602,2.44746523655115,0.470266884562462,0.3148265569086559,3.9506132982988498
rw_sarmax_exog_4_12m,rw_sarmax_exog_4_12m,RW-SARMAX (Exog. 4) (12 Months),STATISTICAL_ROLLING,00_04,POS,MARGINAL,,,0.95,8.348999999999997,243,13,230,2.3778669511526744,1.0121707153169877,9.02939363986061,5.645233815957577,1.1685995095172723,0.7503019313677368,3.7972661319354297
rw_sarmax_exog_4_12m,rw_sarmax_exog_4_12m,RW-SARMAX (Exog. 4) (12 Months),STATISTICAL_ROLLING,04_08,NEG,AVERAGE,,,0.95,15.850999999999994,243,13,230,2.194370992342035,1.259369264336424,5.983324526911771,4.89779987074946,1.750412278786797,1.0537188387565568,2.726669532085737
rw_sarmax_exog_4_12m,rw_sarmax_exog_4_12m,RW-SARMAX (Exog. 4) (12 Months),STATISTICAL_ROLLING,04_08,NEG,MARGINAL,,,0.95,23.935999999999996,243,13,230,8.02715390403632,3.332759896061997,21.530808197200603,16.827998585725567,6.471096080148297,2.569985535341882,2.6822468404865387
rw_sarmax_exog_4_12m,rw_sarmax_exog_4_12m,RW-SARMAX (Exog. 4) (12 Months),STATISTICAL_ROLLING,04_08,POS,AVERAGE,,,0.95,17.266999999999992,243,13,230,4.468072923918364,1.963737066641018,16.032526972083538,11.676728932866833,2.561952558152298,1.4147418742021676,3.5882420106123734
rw_sarmax_exog_4_12m,rw_sarmax_exog_4_12m,RW-SARMAX (Exog. 4) (12 Months),STATISTICAL_ROLLING,04_08,POS,MARGINAL,,,0.95,28.057999999999993,243,13,230,244.9111286137251,20.48213330971422,88.00548531442273,45.07446412643573,250.86641562609665,19.092132002682135,0.35933640832314057
rw_sarmax_exog_4_12m,rw_sarmax_exog_4_12m,RW-SARMAX (Exog. 4) (12 Months),STATISTICAL_ROLLING,08_12,NEG,AVERAGE,,,0.95,30.66699999999998,243,13,230,4.034645187320592,1.9738363848726885,14.379723013506904,10.170668384385067,2.3475688378034834,1.5105371849002498,3.5640613600167597
rw_sarmax_exog_4_12m,rw_sarmax_exog_4_12m,RW-SARMAX (Exog. 4) (12 Months),STATISTICAL_ROLLING,08_12,NEG,MARGINAL,,,0.95,38.971999999999994,243,13,230,17.178306534791336,5.253916239441783,69.28451379757743,43.621628524099386,6.360005559480702,3.0853064146567872,4.033256343240532
rw_sarmax_exog_4_12m,rw_sarmax_exog_4_12m,RW-SARMAX (Exog. 4) (12 Months),STATISTICAL_ROLLING,08_12,POS,AVERAGE,,,0.95,40.626999999999995,243,13,230,8.20313730343812,4.139440595686207,28.63314920048313,24.517132788425496,4.975453286165928,2.9876579934879,3.490512000632042
rw_sarmax_exog_4_12m,rw_sarmax_exog_4_12m,RW-SARMAX (Exog. 4) (12 Months),STATISTICAL_ROLLING,08_12,POS,MARGINAL,,,0.95,65.84399999999997,243,13,230,17.487269770138308,8.513301386586663,63.324197205525095,57.62214091754318,9.820368673431883,5.7375843696195545,3.6211597372197604
rw_sarmax_exog_4_12m,rw_sarmax_exog_4_12m,RW-SARMAX (Exog. 4) (12 Months),STATISTICAL_ROLLING,12_16,NEG,AVERAGE,,,0.95,63.112,243,13,230,7.59075617951193,4.704052281962839,20.434588369423768,18.52400143415505,6.105278031913037,3.9229247211867566,2.6920359297771137
rw_sarmax_exog_4_12m,rw_sarmax_exog_4_12m,RW-SARMAX (Exog. 4) (12 Months),STATISTICAL_ROLLING,12_16,NEG,MARGINAL,,,0.95,80.81899999999997,243,13,230,27.655229836422635,7.91869529520999,111.20768172909494,51.506744830895784,10.441622808849717,5.4550229301494895,4.021217049609605
rw_sarmax_exog_4_12m,rw_sarmax_exog_4_12m,RW-SARMAX (Exog. 4) (12 Months),STATISTICAL_ROLLING,12_16,POS,AVERAGE,,,0.95,28.663999999999962,243,13,230,16.46058539146354,4.333902190908007,69.9934284107072,47.2014142972367,3.059569086244581,1.9109558544633414,4.252183427632276
rw_sarmax_exog_4_12m,rw_sarmax_exog_4_12m,RW-SARMAX (Exog. 4) (12 Months),STATISTICAL_ROLLING,12_16,POS,MARGINAL,,,0.95,49.48499999999998,243,13,230,97.9958273527587,19.737191627441053,411.13594903533175,218.85169927148337,24.329913394356442,8.482893369299536,4.195443419803505
rw_sarmax_exog_4_12m,rw_sarmax_exog_4_12m,RW-SARMAX (Exog. 4) (12 Months),STATISTICAL_ROLLING,16_20,NEG,AVERAGE,,,0.95,21.622999999999998,243,13,230,1.9713198997821357,1.0314243705542259,5.405584111502291,3.7998410752600504,1.5665781141287927,0.8749486437665053,2.7421141094855788
rw_sarmax_exog_4_12m,rw_sarmax_exog_4_12m,RW-SARMAX (Exog. 4) (12 Months),STATISTICAL_ROLLING,16_20,NEG,MARGINAL,,,0.95,26.906999999999993,243,13,230,4.819740237965162,1.7978298460705424,18.188774301656352,9.265947901686568,2.417378278828717,1.3757188255357236,3.7738080069923936
rw_sarmax_exog_4_12m,rw_sarmax_exog_4_12m,RW-SARMAX (Exog. 4) (12 Months),STATISTICAL_ROLLING,16_20,POS,AVERAGE,,,0.95,68.41499999999998,243,13,230,21.92377951570044,8.351045297603761,89.66962599905075,81.6091769066916,7.30399490361414,4.2103682936118405,4.090062387958015
rw_sarmax_exog_4_12m,rw_sarmax_exog_4_12m,RW-SARMAX (Exog. 4) (12 Months),STATISTICAL_ROLLING,16_20,POS,MARGINAL,,,0.95,110.30499999999995,243,13,230,37.75081034380564,14.956500866730618,152.74067457516378,140.84201089446404,13.676189547882236,7.841232908641338,4.0460237325799895
rw_sarmax_exog_4_12m,rw_sarmax_exog_4_12m,RW-SARMAX (Exog. 4) (12 Months),STATISTICAL_ROLLING,20_24,NEG,AVERAGE,,,0.95,5.679999999999998,243,13,230,0.8951379217546803,0.45649284755232505,2.7973378063530574,2.3010078148301676,0.6358246511455444,0.35223765374966437,3.1250355262232876
rw_sarmax_exog_4_12m,rw_sarmax_exog_4_12m,RW-SARMAX (Exog. 4) (12 Months),STATISTICAL_ROLLING,20_24,NEG,MARGINAL,,,0.95,8.972999999999994,243,13,230,1.9195426107545668,0.9197202269267999,7.090212224078873,5.924621736022265,1.0254246836266556,0.6368344894561869,3.6936987928034224
rw_sarmax_exog_4_12m,rw_sarmax_exog_4_12m,RW-SARMAX (Exog. 4) (12 Months),STATISTICAL_ROLLING,20_24,POS,AVERAGE,,,0.95,30.47799999999999,243,13,230,5.33976232813034,2.448943650474553,5.793887119833783,4.4737856800345375,5.312935541118185,2.3344960574994245,1.0850458810331451
rw_sarmax_exog_4_12m,rw_sarmax_exog_4_12m,RW-SARMAX (Exog. 4) (12 Months),STATISTICAL_ROLLING,20_24,POS,MARGINAL,,,0.95,37.205,243,13,230,8.15857325095309,4.267461864343733,27.22735153311603,17.382712982611835,5.331355330067606,3.5261650620068394,3.3372687473186944
rw_sarmax_exog_4_3m,rw_sarmax_exog_4_3m,RW-SARMAX (Exog. 4) (3 Months),STATISTICAL_ROLLING,00_04,NEG,AVERAGE,,,0.95,21.354999999999993,243,13,230,4.145435923714386,2.3277078965437252,13.11827087720624,12.65811643814405,2.903303872068958,1.7438152398445768,3.1645093829968145
rw_sarmax_exog_4_3m,rw_sarmax_exog_4_3m,RW-SARMAX (Exog. 4) (3 Months),STATISTICAL_ROLLING,00_04,NEG,MARGINAL,,,0.95,30.95699999999999,243,13,230,8.388693530567403,4.178141871890336,29.58990331003855,26.875477421690526,4.985911726285144,2.895248992988586,3.5273553864158296
rw_sarmax_exog_4_3m,rw_sarmax_exog_4_3m,RW-SARMAX (Exog. 4) (3 Months),STATISTICAL_ROLLING,00_04,POS,AVERAGE,,,0.95,6.615999999999994,243,13,230,1.3289403260721382,0.6100982599151213,4.688004464057714,2.9522114456497173,0.7897495605185597,0.47771794941707896,3.5276260130609036
rw_sarmax_exog_4_3m,rw_sarmax_exog_4_3m,RW-SARMAX (Exog. 4) (3 Months),STATISTICAL_ROLLING,00_04,POS,MARGINAL,,,0.95,8.348999999999997,243,13,230,2.475913795402554,1.0269580057676737,9.362206058492687,6.264401546473083,1.2338777810106638,0.7309285882495417,3.781313418858553
rw_sarmax_exog_4_3m,rw_sarmax_exog_4_3m,RW-SARMAX (Exog. 4) (3 Months),STATISTICAL_ROLLING,04_08,NEG,AVERAGE,,,0.95,15.850999999999994,243,13,230,2.2978580397667474,1.2339188469996434,7.003215395085137,5.936723639937025,1.6752566259275778,0.9681081413118783,3.0477145558548187
rw_sarmax_exog_4_3m,rw_sarmax_exog_4_3m,RW-SARMAX (Exog. 4) (3 Months),STATISTICAL_ROLLING,04_08,NEG,MARGINAL,,,0.95,23.935999999999996,243,13,230,6.122919628475684,2.860261673206327,22.749336807914503,18.35532737373473,3.218279957258196,1.9844536118721128,3.715439396283241
rw_sarmax_exog_4_3m,rw_sarmax_exog_4_3m,RW-SARMAX (Exog. 4) (3 Months),STATISTICAL_ROLLING,04_08,POS,AVERAGE,,,0.95,17.266999999999992,243,13,230,5.148481850975172,2.1572205213866833,17.33821366771854,13.671722551228662,3.31871556703954,1.506400841439093,3.367636163354546
rw_sarmax_exog_4_3m,rw_sarmax_exog_4_3m,RW-SARMAX (Exog. 4) (3 Months),STATISTICAL_ROLLING,04_08,POS,MARGINAL,,,0.95,28.057999999999993,243,13,230,21.199902858479884,5.026865684107804,88.17773330192053,43.43591796423838,5.946813059673906,2.855919250883032,4.15934610127941
rw_sarmax_exog_4_3m,rw_sarmax_exog_4_3m,RW-SARMAX (Exog. 4) (3 Months),STATISTICAL_ROLLING,08_12,NEG,AVERAGE,,,0.95,30.66699999999998,243,13,230,3.846899868462666,1.6839145945101883,14.008978151158828,9.445196436864471,2.1313397341999445,1.2452334468988595,3.641627968018109
rw_sarmax_exog_4_3m,rw_sarmax_exog_4_3m,RW-SARMAX (Exog. 4) (3 Months),STATISTICAL_ROLLING,08_12,NEG,MARGINAL,,,0.95,38.971999999999994,243,13,230,18.095917724643595,5.5751755370525595,73.18346365691049,48.18131421053725,6.576530180513667,3.16700248159473,4.044197413499893
rw_sarmax_exog_4_3m,rw_sarmax_exog_4_3m,RW-SARMAX (Exog. 4) (3 Months),STATISTICAL_ROLLING,08_12,POS,AVERAGE,,,0.95,40.626999999999995,243,13,230,8.4476440573712,4.497919113063618,28.996673496072056,25.650710612815324,5.279427562545496,3.302326550034173,3.4325160126473717
rw_sarmax_exog_4_3m,rw_sarmax_exog_4_3m,RW-SARMAX (Exog. 4) (3 Months),STATISTICAL_ROLLING,08_12,POS,MARGINAL,,,0.95,65.84399999999997,243,13,230,20.125368828795658,9.505319475243711,62.5990334245578,57.17331288735368,14.36785323535841,6.811041586733149,3.1104539726491987
rw_sarmax_exog_4_3m,rw_sarmax_exog_4_3m,RW-SARMAX (Exog. 4) (3 Months),STATISTICAL_ROLLING,12_16,NEG,AVERAGE,,,0.95,63.112,243,13,230,259.64684232905864,28.10406238661915,67.915214252093,49.4251053231303,266.3949594076337,26.898959959772863,0.261567649515344
rw_sarmax_exog_4_3m,rw_sarmax_exog_4_3m,RW-SARMAX (Exog. 4) (3 Months),STATISTICAL_ROLLING,12_16,NEG,MARGINAL,,,0.95,80.81899999999997,243,13,230,31.83537679265798,14.364044926952353,117.9813032318639,75.78444018569175,16.852779736416046,10.892457368849692,3.705981053727415
rw_sarmax_exog_4_3m,rw_sarmax_exog_4_3m,RW-SARMAX (Exog. 4) (3 Months),STATISTICAL_ROLLING,12_16,POS,AVERAGE,,,0.95,28.663999999999962,243,13,230,17.172831184064734,6.294972653340521,70.59853558255632,49.24622910651976,5.464588715078947,3.8672929407695205,4.111059779593429
rw_sarmax_exog_4_3m,rw_sarmax_exog_4_3m,RW-SARMAX (Exog. 4) (3 Months),STATISTICAL_ROLLING,12_16,POS,MARGINAL,,,0.95,49.48499999999998,243,13,230,93.58106541716515,15.07029679754527,403.2322221078937,197.397025417192,7.885351367029545,4.76487300600002,4.308908221020645
rw_sarmax_exog_4_3m,rw_sarmax_exog_4_3m,RW-SARMAX (Exog. 4) (3 Months),STATISTICAL_ROLLING,16_20,NEG,AVERAGE,,,0.95,21.622999999999998,243,13,230,1.7632322171366581,0.9379227110864875,5.188219883489609,3.7834933543489413,1.3278863814243904,0.7770861095107836,2.9424484381954206
rw_sarmax_exog_4_3m,rw_sarmax_exog_4_3m,RW-SARMAX (Exog. 4) (3 Months),STATISTICAL_ROLLING,16_20,NEG,MARGINAL,,,0.95,26.906999999999993,243,13,230,5.0665956876381095,1.9758184377651167,18.05136363550858,9.560889341929276,2.9501899306187793,1.5470970388340988,3.562819050186254
rw_sarmax_exog_4_3m,rw_sarmax_exog_4_3m,RW-SARMAX (Exog. 4) (3 Months),STATISTICAL_ROLLING,16_20,POS,AVERAGE,,,0.95,68.41499999999998,243,13,230,20.883582059907322,8.339138031293134,84.54788627036478,77.2083112875626,7.532435938752847,4.446532586373557,4.048533725096967
rw_sarmax_exog_4_3m,rw_sarmax_exog_4_3m,RW-SARMAX (Exog. 4) (3 Months),STATISTICAL_ROLLING,16_20,POS,MARGINAL,,,0.95,110.30499999999995,243,13,230,35.467301915820684,14.59280290264467,139.60163170080048,126.4772292315606,15.083084003761543,8.268900544923333,3.936065732660911
rw_sarmax_exog_4_3m,rw_sarmax_exog_4_3m,RW-SARMAX (Exog. 4) (3 Months),STATISTICAL_ROLLING,20_24,NEG,AVERAGE,,,0.95,5.679999999999998,243,13,230,0.9291258324749885,0.4725591023331134,3.2142119240916815,2.7620851537647395,0.5728294444036313,0.34315110812176053,3.4593935630115054
rw_sarmax_exog_4_3m,rw_sarmax_exog_4_3m,RW-SARMAX (Exog. 4) (3 Months),STATISTICAL_ROLLING,20_24,NEG,MARGINAL,,,0.95,8.972999999999994,243,13,230,2.047945410381782,0.9495857508841542,7.1969033076636775,5.56012391094024,1.2262014769736445,0.6889901157505494,3.5142066146782778
rw_sarmax_exog_4_3m,rw_sarmax_exog_4_3m,RW-SARMAX (Exog. 4) (3 Months),STATISTICAL_ROLLING,20_24,POS,AVERAGE,,,0.95,30.47799999999999,243,13,230,1243.382844009601,115.42748518401831,11.47838486168819,10.357748462056891,1278.0360359683707,121.36620943352048,0.00923157731907676
rw_sarmax_exog_4_3m,rw_sarmax_exog_4_3m,RW-SARMAX (Exog. 4) (3 Months),STATISTICAL_ROLLING,20_24,POS,MARGINAL,,,0.95,37.205,243,13,230,1685146326552596.5,108102187251011.7,32.81281886355044,21.986401489664495,1732115455133920.8,114212310878241.56,1.947179206133248e-14
rw_sarmax_exog_4_6m,rw_sarmax_exog_4_6m,RW-SARMAX (Exog. 4) (6 Months),STATISTICAL_ROLLING,00_04,NEG,AVERAGE,,,0.95,21.354999999999993,243,13,230,3.8214890882512376,1.9596828709555583,13.366548300547475,12.662914054087603,2.3088471486334665,1.354717630169834,3.497732949608965
rw_sarmax_exog_4_6m,rw_sarmax_exog_4_6m,RW-SARMAX (Exog. 4) (6 Months),STATISTICAL_ROLLING,00_04,NEG,MARGINAL,,,0.95,30.95699999999999,243,13,230,7.6455550240706005,3.761358928893138,26.061575559916047,20.576498149310996,4.834105266114913,2.810938016434737,3.4087225162680865
rw_sarmax_exog_4_6m,rw_sarmax_exog_4_6m,RW-SARMAX (Exog. 4) (6 Months),STATISTICAL_ROLLING,00_04,POS,AVERAGE,,,0.95,6.615999999999994,243,13,230,1.0644991877262873,0.4536051377769207,4.094932481468265,2.3415435013797943,0.4994230765576105,0.3468955780950191,3.8468159757029214
rw_sarmax_exog_4_6m,rw_sarmax_exog_4_6m,RW-SARMAX (Exog. 4) (6 Months),STATISTICAL_ROLLING,00_04,POS,MARGINAL,,,0.95,8.348999999999997,243,13,230,2.580750474939218,1.1097324561255135,8.998851661885748,5.745552120845526,1.5683209470132813,0.8477078663804691,3.4869127214236744
rw_sarmax_exog_4_6m,rw_sarmax_exog_4_6m,RW-SARMAX (Exog. 4) (6 Months),STATISTICAL_ROLLING,04_08,NEG,AVERAGE,,,0.95,15.850999999999994,243,13,230,2.411314215347289,1.3325055589053774,6.489077837089284,5.609982507423346,1.9398591413257675,1.0907351226847966,2.691095915989819
rw_sarmax_exog_4_6m,rw_sarmax_exog_4_6m,RW-SARMAX (Exog. 4) (6 Months),STATISTICAL_ROLLING,04_08,NEG,MARGINAL,,,0.95,23.935999999999996,243,13,230,5.86682576023597,2.7500054297246326,21.486916264821424,16.442076070376338,3.2046401115898884,1.9761057848182324,3.6624432261913977
rw_sarmax_exog_4_6m,rw_sarmax_exog_4_6m,RW-SARMAX (Exog. 4) (6 Months),STATISTICAL_ROLLING,04_08,POS,AVERAGE,,,0.95,17.266999999999992,243,13,230,4.424739462923606,1.9897478883605801,16.096707990797942,12.252288875304828,2.4576230011695537,1.4096912238811228,3.6378883153861876
rw_sarmax_exog_4_6m,rw_sarmax_exog_4_6m,RW-SARMAX (Exog. 4) (6 Months),STATISTICAL_ROLLING,04_08,POS,MARGINAL,,,0.95,28.057999999999993,243,13,230,21.481367346003402,5.013849354720278,87.87835308840697,43.633060569290706,7.143947734060805,2.8310243730271663,4.090910586506808
rw_sarmax_exog_4_6m,rw_sarmax_exog_4_6m,RW-SARMAX (Exog. 4) (6 Months),STATISTICAL_ROLLING,08_12,NEG,AVERAGE,,,0.95,30.66699999999998,243,13,230,3.9697314803656667,1.783369778366902,14.60235989767376,10.331960427896506,2.1441576240045,1.3001885677413156,3.678425094971079
rw_sarmax_exog_4_6m,rw_sarmax_exog_4_6m,RW-SARMAX (Exog. 4) (6 Months),STATISTICAL_ROLLING,08_12,NEG,MARGINAL,,,0.95,38.971999999999994,243,13,230,17.27433286365046,5.286787714453832,70.75596431244031,45.00924249078613,5.683133560264835,3.041605487965486,4.096017187519215
rw_sarmax_exog_4_6m,rw_sarmax_exog_4_6m,RW-SARMAX (Exog. 4) (6 Months),STATISTICAL_ROLLING,08_12,POS,AVERAGE,,,0.95,40.626999999999995,243,13,230,8.030774438369276,4.110234279984509,28.115774129108342,24.913091148162273,4.843383357514027,2.934420630913592,3.5010040868259664
rw_sarmax_exog_4_6m,rw_sarmax_exog_4_6m,RW-SARMAX (Exog. 4) (6 Months),STATISTICAL_ROLLING,08_12,POS,MARGINAL,,,0.95,65.84399999999997,243,13,230,18.73208072157739,8.93472662976386,62.28275458015495,57.17814757675744,12.307233003685523,6.207924576238137,3.324924524183358
rw_sarmax_exog_4_6m,rw_sarmax_exog_4_6m,RW-SARMAX (Exog. 4) (6 Months),STATISTICAL_ROLLING,12_16,NEG,AVERAGE,,,0.95,63.112,243,13,230,17.36505455739565,8.768360898797958,42.48427735262729,34.30817472473164,14.716389032903903,7.324806204288662,2.4465386625885115
rw_sarmax_exog_4_6m,rw_sarmax_exog_4_6m,RW-SARMAX (Exog. 4) (6 Months),STATISTICAL_ROLLING,12_16,NEG,MARGINAL,,,0.95,80.81899999999997,243,13,230,32.56445837344489,12.091930782105146,116.3392269082449,61.35548821423544,18.85128012213775,9.307468840289086,3.5725828931064063
rw_sarmax_exog_4_6m,rw_sarmax_exog_4_6m,RW-SARMAX (Exog. 4) (6 Months),STATISTICAL_ROLLING,12_16,POS,AVERAGE,,,0.95,28.663999999999962,243,13,230,16.685066679012277,4.932490768974455,70.43725898493759,49.001314539871224,3.7012486008071015,2.4416442080107257,4.221574917260525
rw_sarmax_exog_4_6m,rw_sarmax_exog_4_6m,RW-SARMAX (Exog. 4) (6 Months),STATISTICAL_ROLLING,12_16,POS,MARGINAL,,,0.95,49.48499999999998,243,13,230,800774.4130553227,51761.70699241354,403.87197230493604,198.5733027302115,823093.9388681245,54676.14498356957,0.0005043517446617439
rw_sarmax_exog_4_6m,rw_sarmax_exog_4_6m,RW-SARMAX (Exog. 4) (6 Months),STATISTICAL_ROLLING,16_20,NEG,AVERAGE,,,0.95,21.622999999999998,243,13,230,2.0176972785422786,1.0089226613902365,5.509683078379413,3.5409423817476595,1.607917856557011,0.8658085032830778,2.730678747983435
rw_sarmax_exog_4_6m,rw_sarmax_exog_4_6m,RW-SARMAX (Exog. 4) (6 Months),STATISTICAL_ROLLING,16_20,NEG,MARGINAL,,,0.95,26.906999999999993,243,13,230,4.824690047996474,1.7932029702901764,18.123240562126462,9.801155944902693,2.455332303950467,1.3405795412903385,3.756353337071345
rw_sarmax_exog_4_6m,rw_sarmax_exog_4_6m,RW-SARMAX (Exog. 4) (6 Months),STATISTICAL_ROLLING,16_20,POS,AVERAGE,,,0.95,68.41499999999998,243,13,230,21.39178689469725,8.383306326224465,86.99373028821658,78.96928293557963,7.4647165379745894,4.393664170043523,4.066688337746166
rw_sarmax_exog_4_6m,rw_sarmax_exog_4_6m,RW-SARMAX (Exog. 4) (6 Months),STATISTICAL_ROLLING,16_20,POS,MARGINAL,,,0.95,110.30499999999995,243,13,230,36.502977292330314,14.87213553807041,145.30919014839486,133.94623993883957,14.640277483426106,8.141860071939979,3.980748994382054
rw_sarmax_exog_4_6m,rw_sarmax_exog_4_6m,RW-SARMAX (Exog. 4) (6 Months),STATISTICAL_ROLLING,20_24,NEG,AVERAGE,,,0.95,5.679999999999998,243,13,230,0.9346513201463951,0.44670423669224785,3.430204299966678,3.1569940753394516,0.5078357356702514,0.29351394146436244,3.6700363290873037
rw_sarmax_exog_4_6m,rw_sarmax_exog_4_6m,RW-SARMAX (Exog. 4) (6 Months),STATISTICAL_ROLLING,20_24,NEG,MARGINAL,,,0.95,8.972999999999994,243,13,230,2.356396630449975,1.1337860294009736,8.587786141593782,7.625335447629751,1.3030601338526078,0.7668723666315207,3.644456977496979
rw_sarmax_exog_4_6m,rw_sarmax_exog_4_6m,RW-SARMAX (Exog. 4) (6 Months),STATISTICAL_ROLLING,20_24,POS,AVERAGE,,,0.95,30.47799999999999,243,13,230,3.4047194634486915,2.1604820936013986,6.070790211989519,4.950759102384067,3.188140683744136,2.0027707844093348,1.7830515192697622
rw_sarmax_exog_4_6m,rw_sarmax_exog_4_6m,RW-SARMAX (Exog. 4) (6 Months),STATISTICAL_ROLLING,20_24,POS,MARGINAL,,,0.95,37.205,243,13,230,8.744002638538117,4.101947786360288,26.99883703522936,14.73162453231664,6.291128620794633,3.5011399702844943,3.0876977228066362
xgboost_exog_4,xgboost_exog_4,XGBoost (Exog. 4),TREE_BASED,00_04,NEG,AVERAGE,,,0.95,21.354999999999993,243,13,230,2.6805496072419386,1.4679712790123456,8.856285479569069,6.98044823076923,1.7771494314600225,1.1563964947826089,3.303906577831046
xgboost_exog_4,xgboost_exog_4,XGBoost (Exog. 4),TREE_BASED,00_04,NEG,MARGINAL,,,0.95,30.95699999999999,243,13,230,6.816917364258528,3.2718497666666666,24.62789347477851,19.47819911538462,3.8489791251023613,2.355838716521739,3.6127610412154776
xgboost_exog_4,xgboost_exog_4,XGBoost (Exog. 4),TREE_BASED,00_04,POS,AVERAGE,,,0.95,6.615999999999994,243,13,230,0.9600792333882157,0.3325670283950618,3.8553592695546315,1.5041359153846157,0.3656824019360311,0.26634791739130437,4.01566780686286
xgboost_exog_4,xgboost_exog_4,XGBoost (Exog. 4),TREE_BASED,00_04,POS,MARGINAL,,,0.95,8.348999999999997,243,13,230,2.3360695055157623,0.938344146090535,9.252249568545025,5.7687445,0.9629010773283442,0.6653215173913044,3.960605430060735
xgboost_exog_4,xgboost_exog_4,XGBoost (Exog. 4),TREE_BASED,04_08,NEG,AVERAGE,,,0.95,15.850999999999994,243,13,230,1.6963669584775416,1.0244211477366256,4.668277866044577,3.80972026923077,1.3448209051589175,0.8669911973913044,2.751926900435665
xgboost_exog_4,xgboost_exog_4,XGBoost (Exog. 4),TREE_BASED,04_08,NEG,MARGINAL,,,0.95,23.935999999999996,243,13,230,5.395321143866644,2.524690942386831,20.507685628194498,14.66840123076923,2.6426756220051906,1.8383073173913045,3.8010129668569337
xgboost_exog_4,xgboost_exog_4,XGBoost (Exog. 4),TREE_BASED,04_08,POS,AVERAGE,,,0.95,17.266999999999992,243,13,230,3.9479385344888596,1.6313739119341564,15.420679870955835,10.341129415384616,1.7396718299328808,1.1390833834782608,3.906008094159033
xgboost_exog_4,xgboost_exog_4,XGBoost (Exog. 4),TREE_BASED,04_08,POS,MARGINAL,,,0.95,28.057999999999993,243,13,230,20.703300773404692,4.400837649794239,88.37893978193001,45.712686692307685,3.372135259163975,2.0658200952173913,4.268833300990389
xgboost_exog_4,xgboost_exog_4,XGBoost (Exog. 4),TREE_BASED,08_12,NEG,AVERAGE,,,0.95,30.66699999999998,243,13,230,4.218408797576943,2.0108019218106996,15.21931087956967,10.632671307692307,2.3893075938506754,1.5234788695652175,3.6078321494852874
xgboost_exog_4,xgboost_exog_4,XGBoost (Exog. 4),TREE_BASED,08_12,NEG,MARGINAL,,,0.95,38.971999999999994,243,13,230,18.377159570105796,5.515987007407408,76.12842915312193,49.486680692307694,5.406907048051593,3.030686929565217,4.142556898562298
xgboost_exog_4,xgboost_exog_4,XGBoost (Exog. 4),TREE_BASED,08_12,POS,AVERAGE,,,0.95,40.626999999999995,243,13,230,7.965693910087498,3.906699923045268,29.34398125984795,26.325658153846152,4.285975025135106,2.639541414347826,3.6837947316413553
xgboost_exog_4,xgboost_exog_4,XGBoost (Exog. 4),TREE_BASED,08_12,POS,MARGINAL,,,0.95,65.84399999999997,243,13,230,17.668752193599545,8.1510594436214,66.9272879045086,62.18335392307692,8.755247651220527,5.097060190434782,3.787889895742203
xgboost_exog_4,xgboost_exog_4,XGBoost (Exog. 4),TREE_BASED,12_16,NEG,AVERAGE,,,0.95,63.112,243,13,230,5.6925234223622505,3.5699563588477368,6.973990161605183,5.252768230769228,5.611361519690498,3.4748409052173916,1.225114003784135
xgboost_exog_4,xgboost_exog_4,XGBoost (Exog. 4),TREE_BASED,12_16,NEG,MARGINAL,,,0.95,80.81899999999997,243,13,230,26.511545367202526,7.251965789711933,109.74648941982014,46.64108784615384,7.862868144512566,5.025624108260868,4.139573453744711
xgboost_exog_4,xgboost_exog_4,XGBoost (Exog. 4),TREE_BASED,12_16,POS,AVERAGE,,,0.95,28.663999999999962,243,13,230,16.137791792678616,3.7277649798353916,68.71745805264688,42.82195709999999,2.871846234325139,1.518093251304348,4.258169824933704
xgboost_exog_4,xgboost_exog_4,XGBoost (Exog. 4),TREE_BASED,12_16,POS,MARGINAL,,,0.95,49.48499999999998,243,13,230,93.68825081916167,13.163345665020577,404.54835766060336,200.5493895846154,4.826470976976859,2.571960573913044,4.318026584160143
xgboost_exog_4,xgboost_exog_4,XGBoost (Exog. 4),TREE_BASED,16_20,NEG,AVERAGE,,,0.95,21.622999999999998,243,13,230,1.7391477083579374,0.8651375174485596,5.729282323741054,3.840848153846154,1.1577066109611929,0.6969451771304348,3.2943046161102143
xgboost_exog_4,xgboost_exog_4,XGBoost (Exog. 4),TREE_BASED,16_20,NEG,MARGINAL,,,0.95,26.906999999999993,243,13,230,4.9319403923993175,1.7511619822633744,19.188917864830632,10.690430615384612,2.210598346704305,1.2458989725652172,3.890744075983348
xgboost_exog_4,xgboost_exog_4,XGBoost (Exog. 4),TREE_BASED,16_20,POS,AVERAGE,,,0.95,68.41499999999998,243,13,230,22.634379462729353,8.311939362139919,93.24038815450156,85.28601892307691,7.062936850187333,3.961230517391304,4.119414376172088
xgboost_exog_4,xgboost_exog_4,XGBoost (Exog. 4),TREE_BASED,16_20,POS,MARGINAL,,,0.95,110.30499999999995,243,13,230,39.0145285915271,14.72199285185185,159.16539869611847,147.77725484615382,13.276542302777502,7.201478043478261,4.079644287453594
xgboost_exog_4,xgboost_exog_4,XGBoost (Exog. 4),TREE_BASED,20_24,NEG,AVERAGE,,,0.95,5.679999999999998,243,13,230,0.6270527082703817,0.3498954009053498,2.1665483407580397,1.8142187615384617,0.3874402999045098,0.2671292979130435,3.455129548414032
xgboost_exog_4,xgboost_exog_4,XGBoost (Exog. 4),TREE_BASED,20_24,NEG,MARGINAL,,,0.95,8.972999999999994,243,13,230,1.8136766483606659,0.933752353909465,6.775122303106518,5.832482169230769,0.9385467870060685,0.6568676252173913,3.7355734326900945
xgboost_exog_4,xgboost_exog_4,XGBoost (Exog. 4),TREE_BASED,20_24,POS,AVERAGE,,,0.95,30.47799999999999,243,13,230,3.0031017934436375,1.8374011736625513,7.535584450581358,6.533104461538462,2.513718295257343,1.571991857391304,2.5092670741408174
xgboost_exog_4,xgboost_exog_4,XGBoost (Exog. 4),TREE_BASED,20_24,POS,MARGINAL,,,0.95,37.205,243,13,230,7.554546096495804,3.4644998806584364,27.365468638484742,17.904427384615385,4.239051449732822,2.6483300652173916,3.6223842291700734
xgboost_v2_exog_1_3_ts7,xgboost_v2_exog_1_3,XGBoost v2 (Exog. 1&3) (7 TimeSteps),TREE_BASED,00_04,NEG,AVERAGE,7.0,,0.95,21.354999999999993,243,13,230,2.4986998464112715,1.439953886831276,7.494610257646399,6.144373384615384,1.8497606734438774,1.1740519152173914,2.999403977396663
xgboost_v2_exog_1_3_ts7,xgboost_v2_exog_1_3,XGBoost v2 (Exog. 1&3) (7 TimeSteps),TREE_BASED,00_04,NEG,MARGINAL,7.0,,0.95,30.95699999999999,243,13,230,6.536383128314433,3.5390105222222226,23.383558994480612,18.833554,3.7727427244927476,2.6745363256521744,3.5774462015831436
xgboost_v2_exog_1_3_ts7,xgboost_v2_exog_1_3,XGBoost v2 (Exog. 1&3) (7 TimeSteps),TREE_BASED,00_04,POS,AVERAGE,7.0,,0.95,6.615999999999994,243,13,230,0.9700508996932727,0.34708032839506175,3.882029291989788,1.743382776923077,0.37735191309447746,0.26815888565217394,4.001882059196352
xgboost_v2_exog_1_3_ts7,xgboost_v2_exog_1_3,XGBoost v2 (Exog. 1&3) (7 TimeSteps),TREE_BASED,00_04,POS,MARGINAL,7.0,,0.95,8.348999999999997,243,13,230,2.3661176718966024,1.001954090946502,9.310653180366707,5.534813276923078,1.007560991936501,0.745749006521739,3.934991607117998
xgboost_v2_exog_1_3_ts7,xgboost_v2_exog_1_3,XGBoost v2 (Exog. 1&3) (7 TimeSteps),TREE_BASED,04_08,NEG,AVERAGE,7.0,,0.95,15.850999999999994,243,13,230,1.7038092646850866,1.1160741699588477,3.848226746668802,2.9809857692307684,1.4933267534843628,1.0106661230434784,2.25860184378095
xgboost_v2_exog_1_3_ts7,xgboost_v2_exog_1_3,XGBoost v2 (Exog. 1&3) (7 TimeSteps),TREE_BASED,04_08,NEG,MARGINAL,7.0,,0.95,23.935999999999996,243,13,230,5.228099532248812,2.666036122222222,19.005942126588526,12.68850423076923,2.908749273418822,2.0995487943478266,3.6353443558893606
xgboost_v2_exog_1_3_ts7,xgboost_v2_exog_1_3,XGBoost v2 (Exog. 1&3) (7 TimeSteps),TREE_BASED,04_08,POS,AVERAGE,7.0,,0.95,17.266999999999992,243,13,230,4.21099066382254,1.967824868312757,15.834209134359265,11.135255423076924,2.136225002668922,1.4496657499999999,3.760209983459263
xgboost_v2_exog_1_3_ts7,xgboost_v2_exog_1_3,XGBoost v2 (Exog. 1&3) (7 TimeSteps),TREE_BASED,04_08,POS,MARGINAL,7.0,,0.95,28.057999999999993,243,13,230,20.776068241757883,4.74830286872428,88.4373946643736,45.38679721538461,3.7384557031140617,2.4513444926086954,4.256695426453356
xgboost_v2_exog_1_3_ts7,xgboost_v2_exog_1_3,XGBoost v2 (Exog. 1&3) (7 TimeSteps),TREE_BASED,08_12,NEG,AVERAGE,7.0,,0.95,30.66699999999998,243,13,230,4.041993218044831,2.0588018226337446,13.96715432550011,9.310019307692308,2.4969591333013224,1.648950399565217,3.4555115686849716
xgboost_v2_exog_1_3_ts7,xgboost_v2_exog_1_3,XGBoost v2 (Exog. 1&3) (7 TimeSteps),TREE_BASED,08_12,NEG,MARGINAL,7.0,,0.95,38.971999999999994,243,13,230,17.51122149519615,5.583240392592592,72.8045077063474,46.87903653846154,4.9377723215827505,3.249130175652174,4.157591617827451
xgboost_v2_exog_1_3_ts7,xgboost_v2_exog_1_3,XGBoost v2 (Exog. 1&3) (7 TimeSteps),TREE_BASED,08_12,POS,AVERAGE,7.0,,0.95,40.626999999999995,243,13,230,8.147563916661522,4.244228453497942,29.350255398904395,25.09274423076923,4.630866415241507,3.0658340834782605,3.602335090478273
xgboost_v2_exog_1_3_ts7,xgboost_v2_exog_1_3,XGBoost v2 (Exog. 1&3) (7 TimeSteps),TREE_BASED,08_12,POS,MARGINAL,7.0,,0.95,65.84399999999997,243,13,230,18.262971061846333,8.666819244032922,68.57664835001133,63.979122923076915,9.304846360305264,5.540471644782609,3.754955758172155
xgboost_v2_exog_1_3_ts7,xgboost_v2_exog_1_3,XGBoost v2 (Exog. 1&3) (7 TimeSteps),TREE_BASED,12_16,NEG,AVERAGE,7.0,,0.95,63.112,243,13,230,4.832038908192299,3.1752840851851856,5.495224208457598,3.9661781538461534,4.791814780201041,3.130581376956522,1.1372475083221965
xgboost_v2_exog_1_3_ts7,xgboost_v2_exog_1_3,XGBoost v2 (Exog. 1&3) (7 TimeSteps),TREE_BASED,12_16,NEG,MARGINAL,7.0,,0.95,80.81899999999997,243,13,230,25.890958612167747,6.982277988888888,107.62424519160395,41.84423015384615,7.317140778436269,5.011819823043478,4.156827362159728
xgboost_v2_exog_1_3_ts7,xgboost_v2_exog_1_3,XGBoost v2 (Exog. 1&3) (7 TimeSteps),TREE_BASED,12_16,POS,AVERAGE,7.0,,0.95,28.663999999999962,243,13,230,16.19038098015094,4.030878657201646,68.73920057911957,42.821703876923074,3.142416658849691,1.8383537534782612,4.245681473672074
xgboost_v2_exog_1_3_ts7,xgboost_v2_exog_1_3,XGBoost v2 (Exog. 1&3) (7 TimeSteps),TREE_BASED,12_16,POS,MARGINAL,7.0,,0.95,49.48499999999998,243,13,230,93.48458088200374,13.898223785596706,403.5774160908786,198.41012361538463,5.231446516444136,3.469290316956522,4.317047926869075
xgboost_v2_exog_1_3_ts7,xgboost_v2_exog_1_3,XGBoost v2 (Exog. 1&3) (7 TimeSteps),TREE_BASED,16_20,NEG,AVERAGE,7.0,,0.95,21.622999999999998,243,13,230,1.6952969750904188,1.0542883939917695,4.319506215299944,2.931837307692307,1.4077950603217182,0.9481660640869565,2.5479348331106193
xgboost_v2_exog_1_3_ts7,xgboost_v2_exog_1_3,XGBoost v2 (Exog. 1&3) (7 TimeSteps),TREE_BASED,16_20,NEG,MARGINAL,7.0,,0.95,26.906999999999993,243,13,230,4.566024151471184,2.1244214846090537,16.009529802689503,8.408028538461537,2.74593654218308,1.7692610859130433,3.5062297683053636
xgboost_v2_exog_1_3_ts7,xgboost_v2_exog_1_3,XGBoost v2 (Exog. 1&3) (7 TimeSteps),TREE_BASED,16_20,POS,AVERAGE,7.0,,0.95,68.41499999999998,243,13,230,19.734297900280907,7.99268932510288,80.34120183832835,73.52105738461537,6.828112458699041,4.288912,4.071145689818777
xgboost_v2_exog_1_3_ts7,xgboost_v2_exog_1_3,XGBoost v2 (Exog. 1&3) (7 TimeSteps),TREE_BASED,16_20,POS,MARGINAL,7.0,,0.95,110.30499999999995,243,13,230,35.995770694977615,14.691026288065844,144.41791216628198,134.08229500000002,13.787056755899597,7.942824143478261,4.012080013234226
xgboost_v2_exog_1_3_ts7,xgboost_v2_exog_1_3,XGBoost v2 (Exog. 1&3) (7 TimeSteps),TREE_BASED,20_24,NEG,AVERAGE,7.0,,0.95,5.679999999999998,243,13,230,0.6493758115334513,0.4363017090534979,1.5996958263593573,1.3511365076923079,0.5485279350011301,0.3845936552173913,2.4634361150314454
xgboost_v2_exog_1_3_ts7,xgboost_v2_exog_1_3,XGBoost v2 (Exog. 1&3) (7 TimeSteps),TREE_BASED,20_24,NEG,MARGINAL,7.0,,0.95,8.972999999999994,243,13,230,1.7695311995888214,1.0270131415637862,4.258156640511896,3.393943423076922,1.5110848510670176,0.8932301256521741,2.4063755651787013
xgboost_v2_exog_1_3_ts7,xgboost_v2_exog_1_3,XGBoost v2 (Exog. 1&3) (7 TimeSteps),TREE_BASED,20_24,POS,AVERAGE,7.0,,0.95,30.47799999999999,243,13,230,3.125834151488643,1.9413487534979423,6.162635483310423,4.8506177692307695,2.859460972579984,1.7769118091304346,1.971517100603542
xgboost_v2_exog_1_3_ts7,xgboost_v2_exog_1_3,XGBoost v2 (Exog. 1&3) (7 TimeSteps),TREE_BASED,20_24,POS,MARGINAL,7.0,,0.95,37.205,243,13,230,7.807837922853736,3.74493210164609,27.54025795101027,16.489912653846154,4.640929171430976,3.024563635652174,3.527257894326834
xgboost_v2_exog_1_4_ts7,xgboost_v2_exog_1_4,XGBoost v2 (Exog. 1&4) (7 TimeSteps),TREE_BASED,00_04,NEG,AVERAGE,7.0,,0.95,21.354999999999993,243,13,230,2.9169354266054714,1.6212462744855967,9.937005850291541,8.218404461538462,1.846142130606582,1.2483634204347827,3.4066595234353696
xgboost_v2_exog_1_4_ts7,xgboost_v2_exog_1_4,XGBoost v2 (Exog. 1&4) (7 TimeSteps),TREE_BASED,00_04,NEG,MARGINAL,7.0,,0.95,30.95699999999999,243,13,230,6.975828828903927,3.4466655452674897,25.26749528294609,20.659338307692305,3.914915466482822,2.473775345652174,3.622149554222395
xgboost_v2_exog_1_4_ts7,xgboost_v2_exog_1_4,XGBoost v2 (Exog. 1&4) (7 TimeSteps),TREE_BASED,00_04,POS,AVERAGE,7.0,,0.95,6.615999999999994,243,13,230,0.9707244778582768,0.3609897925925927,3.860211410013589,1.704416776923077,0.3915651048366816,0.2850569630434783,3.9766293094106664
xgboost_v2_exog_1_4_ts7,xgboost_v2_exog_1_4,XGBoost v2 (Exog. 1&4) (7 TimeSteps),TREE_BASED,00_04,POS,MARGINAL,7.0,,0.95,8.348999999999997,243,13,230,2.355313084661461,0.9892596683127571,9.29978296497112,5.619303615384615,0.9862641679470762,0.727561532173913,3.948427504408747
xgboost_v2_exog_1_4_ts7,xgboost_v2_exog_1_4,XGBoost v2 (Exog. 1&4) (7 TimeSteps),TREE_BASED,04_08,NEG,AVERAGE,7.0,,0.95,15.850999999999994,243,13,230,1.8278875611472565,1.0867020748971192,4.9545959523075185,3.459911561538462,1.463736656401886,0.9525641473913042,2.7105583831413638
xgboost_v2_exog_1_4_ts7,xgboost_v2_exog_1_4,XGBoost v2 (Exog. 1&4) (7 TimeSteps),TREE_BASED,04_08,NEG,MARGINAL,7.0,,0.95,23.935999999999996,243,13,230,5.758347146590573,2.7433951888888886,21.679753136122308,16.121596946153844,2.9097874444825806,1.9872359591304347,3.764926390198366
xgboost_v2_exog_1_4_ts7,xgboost_v2_exog_1_4,XGBoost v2 (Exog. 1&4) (7 TimeSteps),TREE_BASED,04_08,POS,AVERAGE,7.0,,0.95,17.266999999999992,243,13,230,4.000235708936775,1.7070174386831276,15.417282889740644,10.493274999999999,1.8632070056340668,1.2104028808695653,3.8540936113583197
xgboost_v2_exog_1_4_ts7,xgboost_v2_exog_1_4,XGBoost v2 (Exog. 1&4) (7 TimeSteps),TREE_BASED,04_08,POS,MARGINAL,7.0,,0.95,28.057999999999993,243,13,230,20.661355366216227,4.55344314691358,88.14448133426244,44.29947068461539,3.4463689066488645,2.3069285469565215,4.266151942693418
xgboost_v2_exog_1_4_ts7,xgboost_v2_exog_1_4,XGBoost v2 (Exog. 1&4) (7 TimeSteps),TREE_BASED,08_12,NEG,AVERAGE,7.0,,0.95,30.66699999999998,243,13,230,4.642803516140666,2.3068533790123458,16.791246488287324,12.474324076923075,2.614939760508366,1.7321702526086957,3.6166179399823193
xgboost_v2_exog_1_4_ts7,xgboost_v2_exog_1_4,XGBoost v2 (Exog. 1&4) (7 TimeSteps),TREE_BASED,08_12,NEG,MARGINAL,7.0,,0.95,38.971999999999994,243,13,230,17.668833589042446,5.140228716872428,74.47054050763369,47.83025576923077,4.046151199139909,2.727314144347826,4.214796643611922
xgboost_v2_exog_1_4_ts7,xgboost_v2_exog_1_4,XGBoost v2 (Exog. 1&4) (7 TimeSteps),TREE_BASED,08_12,POS,AVERAGE,7.0,,0.95,40.626999999999995,243,13,230,7.7452003615343585,4.138661543209876,27.646356348466483,23.37277307692308,4.4919938480409565,3.0515161086956524,3.5694823965780036
xgboost_v2_exog_1_4_ts7,xgboost_v2_exog_1_4,XGBoost v2 (Exog. 1&4) (7 TimeSteps),TREE_BASED,08_12,POS,MARGINAL,7.0,,0.95,65.84399999999997,243,13,230,17.934434121981027,8.945508729218107,64.27316273887261,57.85356923076924,10.311656868941379,6.181140092173912,3.583785376316799
xgboost_v2_exog_1_4_ts7,xgboost_v2_exog_1_4,XGBoost v2 (Exog. 1&4) (7 TimeSteps),TREE_BASED,12_16,NEG,AVERAGE,7.0,,0.95,63.112,243,13,230,5.80008881915913,3.5695655082304527,9.84371574160317,8.339757461538461,5.483210242875985,3.299945963043478,1.69716637943318
xgboost_v2_exog_1_4_ts7,xgboost_v2_exog_1_4,XGBoost v2 (Exog. 1&4) (7 TimeSteps),TREE_BASED,12_16,NEG,MARGINAL,7.0,,0.95,80.81899999999997,243,13,230,26.184961976444015,6.624084513580247,109.88819976278374,47.682709,6.471703954987092,4.303379651304347,4.196614830360996
xgboost_v2_exog_1_4_ts7,xgboost_v2_exog_1_4,XGBoost v2 (Exog. 1&4) (7 TimeSteps),TREE_BASED,12_16,POS,AVERAGE,7.0,,0.95,28.663999999999962,243,13,230,16.122767519298424,4.019251558436214,68.4626902398399,43.52478893846155,3.116215151063552,1.7863298804347827,4.2463361304374265
xgboost_v2_exog_1_4_ts7,xgboost_v2_exog_1_4,XGBoost v2 (Exog. 1&4) (7 TimeSteps),TREE_BASED,12_16,POS,MARGINAL,7.0,,0.95,49.48499999999998,243,13,230,93.43414611624601,14.419334655144032,402.9621797415407,197.61830734615384,6.742016073136663,4.06461011173913,4.312793518123403
xgboost_v2_exog_1_4_ts7,xgboost_v2_exog_1_4,XGBoost v2 (Exog. 1&4) (7 TimeSteps),TREE_BASED,16_20,NEG,AVERAGE,7.0,,0.95,21.622999999999998,243,13,230,1.740819222789021,0.9273576013580247,5.567048632847888,3.9643267692307687,1.2041654775719597,0.7557028223043478,3.197947586957792
xgboost_v2_exog_1_4_ts7,xgboost_v2_exog_1_4,XGBoost v2 (Exog. 1&4) (7 TimeSteps),TREE_BASED,16_20,NEG,MARGINAL,7.0,,0.95,26.906999999999993,243,13,230,4.645860363322003,1.817135522633745,17.722074004630823,9.608396230769229,2.2476864510659538,1.3767599173913043,3.814594632361858
xgboost_v2_exog_1_4_ts7,xgboost_v2_exog_1_4,XGBoost v2 (Exog. 1&4) (7 TimeSteps),TREE_BASED,16_20,POS,AVERAGE,7.0,,0.95,68.41499999999998,243,13,230,20.179650611905913,7.697990946502056,83.2364645135296,76.48773807692308,6.215698670603792,3.8098748043478254,4.124772332005611
xgboost_v2_exog_1_4_ts7,xgboost_v2_exog_1_4,XGBoost v2 (Exog. 1&4) (7 TimeSteps),TREE_BASED,16_20,POS,MARGINAL,7.0,,0.95,110.30499999999995,243,13,230,34.623004746618136,13.805195360082303,138.8082935729891,123.81031638461539,13.321476037310788,7.587514606521741,4.009134810477344
xgboost_v2_exog_1_4_ts7,xgboost_v2_exog_1_4,XGBoost v2 (Exog. 1&4) (7 TimeSteps),TREE_BASED,20_24,NEG,AVERAGE,7.0,,0.95,5.679999999999998,243,13,230,0.7133778857012679,0.37016512,2.6027917073267157,2.205824723076923,0.3934011403620449,0.2664104467826087,3.6485455457707494
xgboost_v2_exog_1_4_ts7,xgboost_v2_exog_1_4,XGBoost v2 (Exog. 1&4) (7 TimeSteps),TREE_BASED,20_24,NEG,MARGINAL,7.0,,0.95,8.972999999999994,243,13,230,1.8225288675238434,1.0172509316872427,6.44421715335429,5.422193738461538,1.0780183844808835,0.7682759034782607,3.5358656140847016
xgboost_v2_exog_1_4_ts7,xgboost_v2_exog_1_4,XGBoost v2 (Exog. 1&4) (7 TimeSteps),TREE_BASED,20_24,POS,AVERAGE,7.0,,0.95,30.47799999999999,243,13,230,2.8737322280151707,1.8364481094650207,5.515465578314526,3.967346230769231,2.646828441790605,1.7160060417391303,1.919269138768697
xgboost_v2_exog_1_4_ts7,xgboost_v2_exog_1_4,XGBoost v2 (Exog. 1&4) (7 TimeSteps),TREE_BASED,20_24,POS,MARGINAL,7.0,,0.95,37.205,243,13,230,7.6612274027166745,3.7500903395061727,27.10820644056036,16.238964615384617,4.525112229359509,3.044197445652174,3.53836337385675
xgboost_v2_exog_1_ts7,xgboost_v2_exog_1,XGBoost v2 (Exog. 1) (7 TimeSteps),TREE_BASED,00_04,NEG,AVERAGE,7.0,,0.95,21.354999999999993,243,13,230,3.658765364103555,2.021349318930041,12.323646256287482,10.427176038461539,2.357776870931229,1.5462373739130437,3.3682526835953404
xgboost_v2_exog_1_ts7,xgboost_v2_exog_1,XGBoost v2 (Exog. 1) (7 TimeSteps),TREE_BASED,00_04,NEG,MARGINAL,7.0,,0.95,30.95699999999999,243,13,230,8.483773960481264,4.122290618106996,30.47260073265638,25.89292523076923,4.8536190300742,2.8917764878260868,3.591868533344062
xgboost_v2_exog_1_ts7,xgboost_v2_exog_1,XGBoost v2 (Exog. 1) (7 TimeSteps),TREE_BASED,00_04,POS,AVERAGE,7.0,,0.95,6.615999999999994,243,13,230,0.9852517530413154,0.3666728522633745,3.9111150399680326,1.7561898692307691,0.4012292848420338,0.28813493391304346,3.969660574462357
xgboost_v2_exog_1_ts7,xgboost_v2_exog_1,XGBoost v2 (Exog. 1) (7 TimeSteps),TREE_BASED,00_04,POS,MARGINAL,7.0,,0.95,8.348999999999997,243,13,230,2.3720762800239594,0.9921906868312758,9.346576326716262,5.6312101923076945,1.0035564822617078,0.7299852365217392,3.9402511653722434
xgboost_v2_exog_1_ts7,xgboost_v2_exog_1,XGBoost v2 (Exog. 1) (7 TimeSteps),TREE_BASED,04_08,NEG,AVERAGE,7.0,,0.95,15.850999999999994,243,13,230,2.4189239120153214,1.3646615209876545,6.964002963844177,5.438868623076923,1.85492820456333,1.1343802500000002,2.878967349593949
xgboost_v2_exog_1_ts7,xgboost_v2_exog_1,XGBoost v2 (Exog. 1) (7 TimeSteps),TREE_BASED,04_08,NEG,MARGINAL,7.0,,0.95,23.935999999999996,243,13,230,6.444769658638918,3.3330555185185182,23.651881204365782,19.58960712307692,3.501967954802855,2.414206949565217,3.6699342966682327
xgboost_v2_exog_1_ts7,xgboost_v2_exog_1,XGBoost v2 (Exog. 1) (7 TimeSteps),TREE_BASED,04_08,POS,AVERAGE,7.0,,0.95,17.266999999999992,243,13,230,4.292530466424962,2.0426664386831277,15.97329688136293,11.156871053846155,2.246323522208501,1.5275157430434783,3.7211842772699772
xgboost_v2_exog_1_ts7,xgboost_v2_exog_1,XGBoost v2 (Exog. 1) (7 TimeSteps),TREE_BASED,04_08,POS,MARGINAL,7.0,,0.95,28.057999999999993,243,13,230,20.783169537062435,4.80080168271605,88.44798031864879,45.25670861538462,3.7659026042619343,2.5141634647826083,4.255750315702343
xgboost_v2_exog_1_ts7,xgboost_v2_exog_1,XGBoost v2 (Exog. 1) (7 TimeSteps),TREE_BASED,08_12,NEG,AVERAGE,7.0,,0.95,30.66699999999998,243,13,230,4.326577285834434,2.1544694152263375,15.60844130603476,11.052073615384614,2.450978629260785,1.6515613517391305,3.6075725163024517
xgboost_v2_exog_1_ts7,xgboost_v2_exog_1,XGBoost v2 (Exog. 1) (7 TimeSteps),TREE_BASED,08_12,NEG,MARGINAL,7.0,,0.95,38.971999999999994,243,13,230,17.397108750203355,5.681094866255145,72.52057510174933,45.69993492307692,4.743963164488583,3.41916042826087,4.1685418044479166
xgboost_v2_exog_1_ts7,xgboost_v2_exog_1,XGBoost v2 (Exog. 1) (7 TimeSteps),TREE_BASED,08_12,POS,AVERAGE,7.0,,0.95,40.626999999999995,243,13,230,8.542816375944668,4.506655199176954,30.732370127469576,26.839008461538455,4.870429170167452,3.2443917539130434,3.597451797513461
xgboost_v2_exog_1_ts7,xgboost_v2_exog_1,XGBoost v2 (Exog. 1) (7 TimeSteps),TREE_BASED,08_12,POS,MARGINAL,7.0,,0.95,65.84399999999997,243,13,230,18.768835493239127,9.171182976131686,69.48092769875149,65.0137056923077,9.965728460521172,6.014866474782608,3.701930667130615
xgboost_v2_exog_1_ts7,xgboost_v2_exog_1,XGBoost v2 (Exog. 1) (7 TimeSteps),TREE_BASED,12_16,NEG,AVERAGE,7.0,,0.95,63.112,243,13,230,6.509893186450963,4.128681058024691,16.302794248885885,15.180238999999998,5.454504343431326,3.504027783043478,2.5043105596289785
xgboost_v2_exog_1_ts7,xgboost_v2_exog_1,XGBoost v2 (Exog. 1) (7 TimeSteps),TREE_BASED,12_16,NEG,MARGINAL,7.0,,0.95,80.81899999999997,243,13,230,26.73601807152702,7.831069548148149,110.56418455863378,54.05196815384616,8.016899853896835,5.218583974782608,4.135402073070148
xgboost_v2_exog_1_ts7,xgboost_v2_exog_1,XGBoost v2 (Exog. 1) (7 TimeSteps),TREE_BASED,12_16,POS,AVERAGE,7.0,,0.95,28.663999999999962,243,13,230,16.04457832816444,3.853342543621399,68.24496585487125,41.011916961538454,2.9556462084036643,1.7530752939130436,4.2534596085379786
xgboost_v2_exog_1_ts7,xgboost_v2_exog_1,XGBoost v2 (Exog. 1) (7 TimeSteps),TREE_BASED,12_16,POS,MARGINAL,7.0,,0.95,49.48499999999998,243,13,230,93.51590590263355,13.627081794650204,403.7855584352386,198.4206971923077,4.904961103809232,3.182225272173913,4.317827588128699
xgboost_v2_exog_1_ts7,xgboost_v2_exog_1,XGBoost v2 (Exog. 1) (7 TimeSteps),TREE_BASED,16_20,NEG,AVERAGE,7.0,,0.95,21.622999999999998,243,13,230,2.2843471690982002,1.3717227933333334,6.319173394259113,5.014257,1.8044840552402068,1.1658404251304348,2.7662929171811284
xgboost_v2_exog_1_ts7,xgboost_v2_exog_1,XGBoost v2 (Exog. 1) (7 TimeSteps),TREE_BASED,16_20,NEG,MARGINAL,7.0,,0.95,26.906999999999993,243,13,230,5.497966869705102,2.6665826518518516,19.511377569692268,11.96601123076923,3.2277979682742433,2.1409627756521736,3.5488350570469724
xgboost_v2_exog_1_ts7,xgboost_v2_exog_1,XGBoost v2 (Exog. 1) (7 TimeSteps),TREE_BASED,16_20,POS,AVERAGE,7.0,,0.95,68.41499999999998,243,13,230,20.84433856053811,8.458822742798354,85.08298091260059,78.68795884615385,7.062371206594235,4.489349832608696,4.081826855071199
xgboost_v2_exog_1_ts7,xgboost_v2_exog_1,XGBoost v2 (Exog. 1) (7 TimeSteps),TREE_BASED,16_20,POS,MARGINAL,7.0,,0.95,110.30499999999995,243,13,230,37.920082236300395,15.335361561728396,152.745415339939,142.30839661538462,14.159422419514208,8.158624797826088,4.028087660467092
xgboost_v2_exog_1_ts7,xgboost_v2_exog_1,XGBoost v2 (Exog. 1) (7 TimeSteps),TREE_BASED,20_24,NEG,AVERAGE,7.0,,0.95,5.679999999999998,243,13,230,0.9464049346130133,0.46210460559670785,3.357303219460289,2.7855399846153848,0.5560790339783468,0.33077999721739126,3.547427846868842
xgboost_v2_exog_1_ts7,xgboost_v2_exog_1,XGBoost v2 (Exog. 1) (7 TimeSteps),TREE_BASED,20_24,NEG,MARGINAL,7.0,,0.95,8.972999999999994,243,13,230,2.2204680994674284,1.1806334559670784,7.93856459423294,6.865517207692307,1.2833986698103792,0.8593139395652174,3.575176151432654
xgboost_v2_exog_1_ts7,xgboost_v2_exog_1,XGBoost v2 (Exog. 1) (7 TimeSteps),TREE_BASED,20_24,POS,AVERAGE,7.0,,0.95,30.47799999999999,243,13,230,3.2368828855814273,2.069651754320988,6.453987791682567,5.273596076923076,2.9521616020338155,1.8885592491304346,1.9938898068977449
xgboost_v2_exog_1_ts7,xgboost_v2_exog_1,XGBoost v2 (Exog. 1) (7 TimeSteps),TREE_BASED,20_24,POS,MARGINAL,7.0,,0.95,37.205,243,13,230,8.022960548973476,4.1130246004115225,27.79233165121349,18.25487023076923,4.9343607307461985,3.3137028908695645,3.4640992538308657
xgboost_v2_exog_4_ts7,xgboost_v2_exog_4,XGBoost v2 (Exog. 4) (7 TimeSteps),TREE_BASED,00_04,NEG,AVERAGE,7.0,,0.95,21.354999999999993,243,13,230,2.8510995793191825,1.5664869320987653,9.705341633168686,7.820887730769229,1.8067184885809102,1.2129773217391304,3.404069680192032
xgboost_v2_exog_4_ts7,xgboost_v2_exog_4,XGBoost v2 (Exog. 4) (7 TimeSteps),TREE_BASED,00_04,NEG,MARGINAL,7.0,,0.95,30.95699999999999,243,13,230,6.960695503243114,3.408515941152263,25.082012258783926,20.32500861538461,3.9536807796235682,2.4523663552173915,3.6033773129564084
xgboost_v2_exog_4_ts7,xgboost_v2_exog_4,XGBoost v2 (Exog. 4) (7 TimeSteps),TREE_BASED,00_04,POS,AVERAGE,7.0,,0.95,6.615999999999994,243,13,230,0.9857375797104092,0.35055016008230455,3.9620447319756904,1.7934305692307695,0.37327291580353256,0.26899605000000004,4.01937068599907
xgboost_v2_exog_4_ts7,xgboost_v2_exog_4,XGBoost v2 (Exog. 4) (7 TimeSteps),TREE_BASED,00_04,POS,MARGINAL,7.0,,0.95,8.348999999999997,243,13,230,2.385154398288892,1.0258138106995884,9.343858255744651,5.690834976923077,1.0371736533329765,0.7621387013043478,3.9175066664229066
xgboost_v2_exog_4_ts7,xgboost_v2_exog_4,XGBoost v2 (Exog. 4) (7 TimeSteps),TREE_BASED,04_08,NEG,AVERAGE,7.0,,0.95,15.850999999999994,243,13,230,1.803204201360004,1.072106964197531,4.960874117463632,3.594666746153846,1.4297947467272123,0.9295274982608696,2.7511438325853863
xgboost_v2_exog_4_ts7,xgboost_v2_exog_4,XGBoost v2 (Exog. 4) (7 TimeSteps),TREE_BASED,04_08,NEG,MARGINAL,7.0,,0.95,23.935999999999996,243,13,230,5.760877348254118,2.933881460082304,21.707884319913504,16.809494199999996,2.9032170007168077,2.1496076965217386,3.768155960913186
xgboost_v2_exog_4_ts7,xgboost_v2_exog_4,XGBoost v2 (Exog. 4) (7 TimeSteps),TREE_BASED,04_08,POS,AVERAGE,7.0,,0.95,17.266999999999992,243,13,230,4.069832232725318,1.791412422633745,15.777468533782052,11.000505661538462,1.8519885745568552,1.2708984569565218,3.876687694130538
xgboost_v2_exog_4_ts7,xgboost_v2_exog_4,XGBoost v2 (Exog. 4) (7 TimeSteps),TREE_BASED,04_08,POS,MARGINAL,7.0,,0.95,28.057999999999993,243,13,230,20.690848919632984,4.684202587654321,88.17082355362756,44.310026846153846,3.592144213140553,2.444482086086956,4.261343934997498
xgboost_v2_exog_4_ts7,xgboost_v2_exog_4,XGBoost v2 (Exog. 4) (7 TimeSteps),TREE_BASED,08_12,NEG,AVERAGE,7.0,,0.95,30.66699999999998,243,13,230,4.468957350671331,2.1219151016460907,16.281014691956873,10.87100646153846,2.4734812465506573,1.627401242173913,3.6431349450025796
xgboost_v2_exog_4_ts7,xgboost_v2_exog_4,XGBoost v2 (Exog. 4) (7 TimeSteps),TREE_BASED,08_12,NEG,MARGINAL,7.0,,0.95,38.971999999999994,243,13,230,17.634890385371946,5.291840481481482,74.14748387946177,47.884665000000005,4.221257004308194,2.8844199652173916,4.2045900064662005
xgboost_v2_exog_4_ts7,xgboost_v2_exog_4,XGBoost v2 (Exog. 4) (7 TimeSteps),TREE_BASED,08_12,POS,AVERAGE,7.0,,0.95,40.626999999999995,243,13,230,7.923206694510292,4.250977277366256,27.988804207540703,23.835328307692308,4.695515695218995,3.144035697391304,3.532509662651253
xgboost_v2_exog_4_ts7,xgboost_v2_exog_4,XGBoost v2 (Exog. 4) (7 TimeSteps),TREE_BASED,08_12,POS,MARGINAL,7.0,,0.95,65.84399999999997,243,13,230,17.867390485836644,8.874575029218107,65.43423101790589,59.927587615384624,9.761259616277947,5.98896997,3.662215311730896
xgboost_v2_exog_4_ts7,xgboost_v2_exog_4,XGBoost v2 (Exog. 4) (7 TimeSteps),TREE_BASED,12_16,NEG,AVERAGE,7.0,,0.95,63.112,243,13,230,5.238156856053649,3.179523843621399,9.511696114548805,7.135865769230767,4.886255382607204,2.9559045173913043,1.8158478976352719
xgboost_v2_exog_4_ts7,xgboost_v2_exog_4,XGBoost v2 (Exog. 4) (7 TimeSteps),TREE_BASED,12_16,NEG,MARGINAL,7.0,,0.95,80.81899999999997,243,13,230,26.464385649002747,7.101451416460907,110.39189762376175,49.23386769230769,7.152244159111541,4.7200539747826085,4.1713380045125525
xgboost_v2_exog_4_ts7,xgboost_v2_exog_4,XGBoost v2 (Exog. 4) (7 TimeSteps),TREE_BASED,12_16,POS,AVERAGE,7.0,,0.95,28.663999999999962,243,13,230,16.086821339151076,3.9696904773662545,68.10767360697159,41.15919343076923,3.350818718811858,1.8676750930434782,4.233755828518807
xgboost_v2_exog_4_ts7,xgboost_v2_exog_4,XGBoost v2 (Exog. 4) (7 TimeSteps),TREE_BASED,12_16,POS,MARGINAL,7.0,,0.95,49.48499999999998,243,13,230,93.46414071106749,13.761155788888887,403.4480720306633,196.86529676923075,5.406546673358868,3.4117912986956522,4.3166081553980336
xgboost_v2_exog_4_ts7,xgboost_v2_exog_4,XGBoost v2 (Exog. 4) (7 TimeSteps),TREE_BASED,16_20,NEG,AVERAGE,7.0,,0.95,21.622999999999998,243,13,230,1.6382153143717757,0.8792118918518519,5.286445239583648,4.015143538461539,1.1206492016418963,0.7019635813913043,3.226953864493019
xgboost_v2_exog_4_ts7,xgboost_v2_exog_4,XGBoost v2 (Exog. 4) (7 TimeSteps),TREE_BASED,16_20,NEG,MARGINAL,7.0,,0.95,26.906999999999993,243,13,230,4.770928752116295,1.763583172798354,18.256225113114326,9.849550769230767,2.2825816251788194,1.3065502216956522,3.8265558053065045
xgboost_v2_exog_4_ts7,xgboost_v2_exog_4,XGBoost v2 (Exog. 4) (7 TimeSteps),TREE_BASED,16_20,POS,AVERAGE,7.0,,0.95,68.41499999999998,243,13,230,19.77548695834812,7.672966253086421,81.30667055884918,74.3681846153846,6.286601042355904,3.9032365195652177,4.111487657932286
xgboost_v2_exog_4_ts7,xgboost_v2_exog_4,XGBoost v2 (Exog. 4) (7 TimeSteps),TREE_BASED,16_20,POS,MARGINAL,7.0,,0.95,110.30499999999995,243,13,230,34.325325470022435,14.396747652263373,136.65015544528828,124.48941615384614,13.761469776391444,8.17411856304348,3.9810301453552093
xgboost_v2_exog_4_ts7,xgboost_v2_exog_4,XGBoost v2 (Exog. 4) (7 TimeSteps),TREE_BASED,20_24,NEG,AVERAGE,7.0,,0.95,5.679999999999998,243,13,230,0.6603368787295981,0.3748035436213992,2.1710147196089453,1.6890035923076923,0.44077955119484347,0.30052267130434784,3.2877381069276246
xgboost_v2_exog_4_ts7,xgboost_v2_exog_4,XGBoost v2 (Exog. 4) (7 TimeSteps),TREE_BASED,20_24,NEG,MARGINAL,7.0,,0.95,8.972999999999994,243,13,230,1.772286914079714,1.0232825699588477,6.152892262365896,5.141638215384615,1.0856938046488263,0.7905059465217391,3.4717247041012405
xgboost_v2_exog_4_ts7,xgboost_v2_exog_4,XGBoost v2 (Exog. 4) (7 TimeSteps),TREE_BASED,20_24,POS,AVERAGE,7.0,,0.95,30.47799999999999,243,13,230,2.9262344160025804,1.8953652625514403,5.763319165500735,4.47344023076923,2.677576782403415,1.7496479817391302,1.96953433873346
xgboost_v2_exog_4_ts7,xgboost_v2_exog_4,XGBoost v2 (Exog. 4) (7 TimeSteps),TREE_BASED,20_24,POS,MARGINAL,7.0,,0.95,37.205,243,13,230,7.767679197561791,3.96597867037037,26.73677640960677,15.954679153846152,4.831389386150577,3.288356469130435,3.4420546638948757
