DATE,ACTUAL_VALUE,MARGINAL_PRICE,MODEL,MODEL_NAME,D+1_arma,RMSE_arma,MAPE_arma,MAE_arma,D+1_armax,RMSE_armax,MAPE_armax,MAE_armax,D+1_sarma,RMSE_sarma,MAPE_sarma,MAE_sarma,D+1_sarmax,RMSE_sarmax,MAPE_sarmax,MAE_sarmax
2023-12-01 12:00:00,3.38,3.88,arma,ARMA,5.717785560101808,5.465241325020523,0.6916525325744993,2.337785560101808,3.88731496134762,0.2573684700071374,0.1500931838306568,0.5073149613476202,4.330670938730136,0.903775233746038,0.2812635913402769,0.950670938730136,4.855900923877787,2.178283537103305,0.4366570780703512,1.475900923877787
2023-12-02 12:00:00,3.38,4.34,arma,ARMA,5.020099351378389,2.689925882391812,0.4852364944906476,1.6400993513783888,3.2752064265443845,0.0109816930375974,0.0310040158152708,0.1047935734556153,4.871249332514957,2.223824571726304,0.441198027371289,1.4912493325149567,4.257267560180892,0.7695983721457345,0.2595466154381336,0.8772675601808917
2023-12-03 12:00:00,3.52,4.29,arma,ARMA,3.824638507166803,0.0928046200488182,0.0865450304451144,0.3046385071668029,3.73109352545852,0.0445604764905067,0.0599697515507158,0.2110935254585197,4.739678952601252,1.4876167474184865,0.3464997024435374,1.2196789526012517,5.078737262057941,2.429661852127886,0.442823085811915,1.558737262057941
2023-12-04 12:00:00,2.95,3.38,arma,ARMA,4.481256357622148,2.344746032758247,0.5190699517363213,1.5312563576221478,3.274018160581285,0.1049877683864793,0.1098366646038253,0.3240181605812848,3.037792369203141,0.0077075000903005,0.029760125153607,0.0877923692031408,3.625877222263168,0.4568100195741754,0.2291109228010737,0.6758772222631677
2023-12-05 12:00:00,2.43,3.0,arma,ARMA,3.603963553539397,1.3781904250388477,0.4831125734730027,1.1739635535393966,2.9976769607901845,0.3222571318119805,0.2336119180206519,0.5676769607901844,2.978418088174989,0.3007623994375099,0.22568645603909,0.5484180881749889,3.081360698915675,0.4242707600919166,0.2680496703356687,0.651360698915675
2023-12-06 12:00:00,2.68,6.53,arma,ARMA,3.067790377948447,0.150381377229399,0.1446979022195696,0.3877903779484466,2.223809607859423,0.2081096738813736,0.1702202955748422,0.4561903921405772,2.48126098659971,0.0394971954473206,0.0741563482836902,0.19873901340029,2.525160553467415,0.0239752542025172,0.0577759128852929,0.154839446532585
2023-12-07 12:00:00,3.36,4.84,arma,ARMA,3.426664756719943,0.0044441897885291,0.0198407014047449,0.0666647567199429,2.837133372229554,0.273389510436038,0.1556150677888232,0.5228666277704459,2.960837404630799,0.1593307775418765,0.1187983914789289,0.399162595369201,3.411856727511744,0.0026891201882272,0.0154335498546857,0.051856727511744
2023-12-08 12:00:00,3.38,4.3,arma,ARMA,3.9648787324160257,0.3420831316325771,0.1730410450934987,0.5848787324160258,3.6845150528578463,0.092729417417017,0.0900932109046882,0.3045150528578464,3.263451301815556,0.0135835990484885,0.0344818633681786,0.1165486981844439,2.884900610605722,0.2451234053785868,0.1464791092882479,0.4950993893942779
2023-12-09 12:00:00,4.46,7.35,arma,ARMA,3.462255697490261,0.9954936931906456,0.2237094848676545,0.997744302509739,5.357753331889924,0.8059610449194604,0.2012899847286825,0.8977533318899242,4.298774534392563,0.0259936507603348,0.0361492075352997,0.161225465607437,4.861008777884974,0.1608080399408006,0.0899122820369897,0.4010087778849742
2023-12-10 12:00:00,7.16,11.69,arma,ARMA,4.622004421307432,6.441421557463023,0.3544686562419787,2.537995578692568,5.59735660028952,2.441854394658728,0.2182462848757654,1.5626433997104805,5.561800927531047,2.554240275240621,0.2232121609593509,1.5981990724689528,6.480258305052225,0.4620487718504737,0.0949359909144936,0.6797416949477748
2023-12-11 12:00:00,5.67,6.9,arma,ARMA,6.1798868122069655,0.2599845612625813,0.0899271273733625,0.5098868122069655,5.159624130091851,0.2604835285844997,0.0900133809361814,0.5103758699081489,5.275198220413504,0.1558684451646641,0.0696299434896818,0.394801779586496,4.046143639822232,2.6369094784897875,0.2863944197844387,1.6238563601777676
2023-12-12 12:00:00,4.01,5.51,arma,ARMA,4.821912806945126,0.6592024060815138,0.2024720216820763,0.8119128069451262,4.636661611340055,0.3927047751273146,0.1562747160449016,0.6266616113400554,4.991122436399035,0.9626012352055788,0.2446689367578641,0.9811224363990352,2.94884637577266,1.126047014210818,0.2646268389594363,1.0611536242273396
2023-12-13 12:00:00,3.95,5.9,arma,ARMA,3.635584536547048,0.0988570836583348,0.0795988515070765,0.3144154634529523,4.019081739882524,0.0047722867851966,0.017489048071525,0.0690817398825238,3.9793193653295833,0.0008596251833295,0.0074226241340716,0.0293193653295831,3.128789911923308,0.6743860087589288,0.2079012881206816,0.8212100880766924
2023-12-14 12:00:00,3.64,4.5,arma,ARMA,3.816898162141704,0.0312929597691126,0.0485983961927758,0.176898162141704,4.019428570055505,0.1439660397743648,0.1042386181471166,0.3794285700555044,4.389710956970455,0.562066519001555,0.2059645486182568,0.7497109569704548,4.00576931738289,0.1337871935387449,0.1004860762040905,0.3657693173828895
2023-12-15 12:00:00,3.35,4.05,arma,ARMA,3.782117267814231,0.1867253331432359,0.1289902291982779,0.4321172678142311,3.6195638575423374,0.0726646732931055,0.0804668231469663,0.2695638575423373,3.719729713034006,0.1367000607002084,0.1103670785176137,0.369729713034006,3.238108387229446,0.0125197330083956,0.033400481424046,0.1118916127705542
2023-12-16 12:00:00,4.06,5.69,arma,ARMA,3.77660424034342,0.0803131565913297,0.0698019112454629,0.2833957596565795,5.9670770703634215,3.636942952305932,0.4697234163456704,1.907077070363422,4.603160661835741,0.2950235045658403,0.1337834142452564,0.5431606618357412,5.903195200107531,3.397368545699442,0.4539889655437269,1.8431952001075311
2023-12-17 12:00:00,9.6,12.65,arma,ARMA,4.275679573794641,28.348388000907608,0.5546167110630582,5.324320426205358,4.080068827654404,30.469640147432617,0.5749928304526662,5.519931172345595,5.340857525899195,18.140294614689523,0.4436606743855005,4.259142474100805,5.957973998794022,13.264353393460404,0.3793777084589561,3.642026001205978
2023-12-18 12:00:00,5.91,7.61,arma,ARMA,8.283044567643781,5.63134052002366,0.4015303836960712,2.373044567643781,8.992715921552119,9.503137452990927,0.5216101390105107,3.0827159215521185,6.942558372457847,1.0661767925327972,0.1747137686053886,1.0325583724578469,5.826276970681228,0.007009545638312,0.0141663332180663,0.0837230293187722
2023-12-19 12:00:00,4.86,5.61,arma,ARMA,5.065237816054611,0.0421225611388662,0.0422300033034178,0.2052378160546109,5.934019069453415,1.1535169615495782,0.2209915780768342,1.0740190694534144,4.966708069652138,0.0113866121288854,0.0219563929325386,0.1067080696521376,4.756379265923677,0.0107372565305161,0.021321138698832,0.1036207340763235
2023-12-20 12:00:00,5.25,7.19,arma,ARMA,4.688363367403349,0.3154357070745051,0.1069784062088858,0.5616366325966506,5.898690971113457,0.4207999760041204,0.1235601849739918,0.6486909711134574,4.892711289564833,0.1276552226044247,0.0680549924638413,0.3572887104351672,6.172175459206954,0.8504075775635572,0.1756524684203722,0.9221754592069544
2023-12-21 12:00:00,8.11,15.29,arma,ARMA,4.605635874120831,12.280567926748867,0.4321040845720306,3.504364125879168,6.741179524137067,1.873669495141625,0.1687818096008548,1.3688204758629323,5.503595448018199,6.793344688591449,0.3213815723775339,2.6064045519818,8.645445348687849,0.2867017214314526,0.0660228543388223,0.5354453486878494
2023-12-22 12:00:00,12.8,20.97,arma,ARMA,7.512797638874958,27.954508807486224,0.4130626844628939,5.2872023611250425,7.679178453794841,26.222813308079,0.400064183297278,5.12082154620516,7.43628921406297,28.76939339517724,0.4190399051513305,5.36371078593703,6.957287655232159,34.13728754370253,0.4564619019349876,5.8427123447678415
2023-12-23 12:00:00,12.55,16.0,arma,ARMA,11.2834186165483,1.604228400906425,0.1009228193985419,1.266581383451701,640.1085052510612,393829.6775129462,50.004661772992925,627.5585052510612,14.043120992890838,2.22941029941132,0.1189737842940906,1.493120992890837,6.973690458380957,31.095228103951595,0.4443274535154616,5.576309541619044
2023-12-24 12:00:00,18.53,24.11,arma,ARMA,10.950127683854816,57.454464329064166,0.4090594881891626,7.579872316145185,44616.039636800655,1988937865.8045275,2406.77332092826,44597.509636800656,14.4385872553767,16.73965824686598,0.2207993925862548,4.091412744623302,17.394023882582996,1.290441739341814,0.0613047014256343,1.135976117417005
2023-12-25 12:00:00,16.2,19.29,arma,ARMA,13.771931957588144,5.895514418581738,0.1498807433587564,2.428068042411855,1216.718069210417,1441243.6345007075,74.10605365496401,1200.518069210417,13.586008765350266,6.832950174825635,0.1613574836203539,2.613991234649733,12.53307400001709,13.446346289350664,0.2263534567890685,3.66692599998291
2023-12-26 12:00:00,13.54,15.39,arma,ARMA,11.00530259233266,6.424690948435531,0.1872006948055642,2.5346974076673394,6239.066724539699,38757182.99795799,459.78779354059816,6225.526724539699,13.535728151257484,1.82486916789314e-05,0.0003154984300233,0.0042718487425155,14.61515248146612,1.1559528584027583,0.0794056485573206,1.0751524814661213
2023-12-27 12:00:00,8.22,9.86,arma,ARMA,11.400149860642047,10.113353136141628,0.3868795450902733,3.180149860642046,3.9823561408702153,17.95762547682038,0.515528450015789,4.237643859129785,12.451804954678398,17.90817317444063,0.5148181210071042,4.231804954678397,4.749890366243272,12.041660870291258,0.4221544566614025,3.4701096337567288
2023-12-28 12:00:00,8.88,11.92,arma,ARMA,7.822592851116917,1.1181098785090526,0.1190773816309779,1.057407148883084,15.613767339444417,45.34362258176833,0.758307132820317,6.733767339444416,9.085371745498149,0.0421775538489561,0.023127448817359,0.205371745498148,12.550359500263118,13.47153886117172,0.4133287725521528,3.6703595002631175
2023-12-29 12:00:00,10.77,16.0,arma,ARMA,9.336805334277942,2.05404694985416,0.1330728566130044,1.4331946657220571,3192.7942522086864,10125278.34164425,295.452576806749,3182.0242522086864,9.460757211793556,1.714116678470582,0.1215638614862064,1.3092427882064437,11.829688817031943,1.1229403889425609,0.098392647820979,1.0596888170319438
2023-12-30 12:00:00,9.84,11.46,arma,ARMA,10.784163809060397,0.8914452983394378,0.0959516066118289,0.944163809060397,551.2404057986836,293114.3993989792,55.02036644295565,541.4004057986836,13.335262540126116,12.216860224408872,0.355209607736394,3.4952625401261166,9.565146317818725,0.0755445466086054,0.0279322847745198,0.2748536821812752
2023-12-31 12:00:00,14.36,25.0,arma,ARMA,10.114281957188805,18.02612169905252,0.2956628163517545,4.245718042811195,1822.1637740366784,3268154.485421258,125.89162771843166,1807.8037740366783,12.641191084432258,2.954304088235157,0.1196942141760265,1.7188089155677415,12.366882498073982,3.972517376483806,0.1387964834210318,1.993117501926017
2024-01-01 12:00:00,15.02,20.63,arma,ARMA,13.688025746531046,1.7741554119041751,0.088680043506588,1.3319742534689532,1675.7321326880312,2757964.787657229,110.56671988602072,1660.7121326880313,11.213152565615626,14.492087388678884,0.2534518931014896,3.806847434384373,13.408010113729503,2.598511393438368,0.1073228952244005,1.6119898862704964
2024-01-02 12:00:00,10.88,12.33,arma,ARMA,12.8573317672619,3.909840917823068,0.1817400521380422,1.9773317672619,39.68479087397492,829.7159772934286,2.6474991612109298,28.80479087397492,12.657551312787367,3.1596886695920903,0.1633778780135447,1.7775513127873666,7.129633079527983,14.065252038170764,0.3447028419551486,3.750366920472018
2024-01-03 12:00:00,10.29,12.84,arma,ARMA,10.205574466733667,0.0071276706673045,0.0082046193650468,0.0844255332663319,529.6514634238406,269736.32968975336,50.4724454250574,519.3614634238406,9.899146723693102,0.1527662835998357,0.0379837975030998,0.3908532763068972,13.04206000577538,7.573834275388386,0.2674499519703965,2.7520600057753803
2024-01-04 12:00:00,8.36,9.33,arma,ARMA,9.957107542988666,2.550752503871296,0.1910415721278309,1.5971075429886668,9.639056435990668,1.6359853664491504,0.1529971813385967,1.2790564359906682,11.016176005960672,7.055270974641189,0.3177244026268747,2.6561760059606723,5.993742062146867,5.599176628452957,0.2830452078771689,2.366257937853132
2024-01-05 12:00:00,6.3,7.29,arma,ARMA,8.423240404406046,4.508149814902351,0.3370222864136581,2.1232404044060464,36.58974033570196,917.4683696042504,4.807895291381263,30.28974033570196,8.509513930703609,4.881951809973312,0.3507164969370807,2.2095139307036087,8.296911641980822,3.987656105878543,0.3169701019017178,1.9969116419808224
2024-01-06 12:00:00,5.42,6.2,arma,ARMA,7.238636506381385,3.307438742343091,0.3355417908452741,1.8186365063813852,13.362105614164976,63.077041586550834,1.4653331391448297,7.942105614164976,8.651982822102525,10.445712962365802,0.5963067937458534,3.231982822102525,5.678471521995824,0.0668075276828379,0.0476884726929565,0.2584715219958244
2024-01-07 12:00:00,5.19,5.86,arma,ARMA,6.41691514964253,1.5053207844223504,0.2363998361546299,1.2269151496425297,11.010497913201355,33.878195957581326,1.1214832202700105,5.820497913201355,7.831413438193371,6.977064951468523,0.5089428589967958,2.6414134381933705,8.017952040675691,7.997312744361805,0.5448847862573586,2.827952040675691
2024-01-08 12:00:00,4.44,4.99,arma,ARMA,6.084259514082693,2.703589349651453,0.3703287193879938,1.6442595140826928,7.199858262436167,7.616817628737176,0.6215896987468843,2.7598582624361665,4.636345777165127,0.0385516642105776,0.0442220218840375,0.1963457771651269,4.868973100319474,0.1840179207977012,0.0966155631350165,0.4289731003194736
2024-01-09 12:00:00,3.65,3.98,arma,ARMA,5.316151925443748,2.7760622386599088,0.4564799795736296,1.666151925443748,5.749944405137879,4.40976650466988,0.5753272342843504,2.099944405137879,4.428002858102202,0.6052884472151951,0.213151467973206,0.778002858102202,4.044158001809155,0.1553605303901858,0.1079884936463438,0.394158001809155
2024-01-10 12:00:00,3.22,7.52,arma,ARMA,4.254822843647533,1.070858317734766,0.3213735539278052,1.0348228436475329,5.907381144024652,7.222017413259245,0.8345904173989601,2.687381144024652,3.666019477166634,0.1989333740119974,0.1385153655796999,0.4460194771666339,3.692208131698623,0.2229805196423039,0.1466484881051623,0.4722081316986228
2024-01-11 12:00:00,3.9,4.67,arma,ARMA,3.934202993093476,0.0011698447365523,0.0087699982290964,0.0342029930934759,5.259187592807337,1.8473909124414043,0.3485096391813685,1.3591875928073374,3.633536327613149,0.071002888701887,0.068324018560731,0.266463672386851,3.637925499260336,0.0686830439379442,0.0671985899332472,0.2620745007396641
2024-01-12 12:00:00,3.18,3.77,arma,ARMA,4.57603745479714,1.948920575196476,0.4390054889299181,1.3960374547971397,5.730742475012969,6.506287173835284,0.8021202751613108,2.5507424750129686,3.9863036077774,0.6501255079148509,0.2535545936406917,0.8063036077773997,3.7379575665586975,0.3113166460801032,0.1754583542637413,0.5579575665586973
2024-01-13 12:00:00,4.84,6.24,arma,ARMA,3.583183662534536,1.5795873061201025,0.2596727969969966,1.2568163374654635,14.000520176391586,83.91512990207733,1.892669457932146,9.160520176391586,4.077166870251814,0.5819143838414129,0.1576101507744186,0.7628331297481861,7.235877217878347,5.740227643148488,0.4950159541070965,2.395877217878347
2024-01-14 12:00:00,4.95,5.36,arma,ARMA,5.411995663935583,0.21343999349528,0.0933324573607238,0.4619956639355829,9.233910638095509,18.351890355187862,0.8654364925445471,4.2839106380955085,6.343144452810944,1.940851466397904,0.2814433238001906,1.3931444528109438,5.9327836087285,0.9658636215854134,0.1985421431774747,0.9827836087285
2024-01-15 12:00:00,3.85,4.29,arma,ARMA,4.858748736863934,1.0175740141245817,0.262012658925697,1.0087487368639336,6.544818171090496,7.262044975239524,0.699952771711817,2.694818171090496,3.880278905185817,0.0009168120992516,0.0078646506976148,0.0302789051858169,4.132155905382002,0.0796119549419373,0.0732872481511694,0.2821559053820022
2024-01-16 12:00:00,3.03,3.54,arma,ARMA,3.992063650304825,0.925566467237845,0.3175127558761799,0.9620636503048252,4.570613490119344,2.3734899259377067,0.5084532970690906,1.5406134901193442,3.708964328352298,0.4609925591748876,0.2240806364199004,0.6789643283522984,2.7373581216119174,0.0856392689865052,0.0965814780158687,0.2926418783880824
2024-01-17 12:00:00,2.4,2.76,arma,ARMA,3.1798038654033305,0.6080940684979758,0.3249182772513878,0.7798038654033306,5.478796572112113,9.4789883324493,1.2828319050467138,3.0787965721121133,3.0323225983951274,0.3998318684411657,0.2634677493313031,0.6323225983951275,2.7649183976257232,0.1331654369257255,0.1520493323440513,0.3649183976257233
2024-01-18 12:00:00,2.02,2.29,arma,ARMA,2.648634730301755,0.3951816241415602,0.3112053120305718,0.628634730301755,4.8465737922200605,7.989519402865294,1.3992939565445843,2.8265737922200604,2.771243581610189,0.5643669189105047,0.3719027631733609,0.751243581610189,2.68162620638798,0.43774923697935,0.3275377259346436,0.6616262063879801
2024-01-19 12:00:00,2.45,3.82,arma,ARMA,2.536411492289101,0.0074669459996292,0.0352699968526941,0.0864114922891006,6.367168604335832,15.344209874794332,1.5988443283003395,3.917168604335832,2.22487337852667,0.050681995695996,0.0918884169278898,0.22512662147333,2.919525343424516,0.2204540481179096,0.1916429973161289,0.4695253434245159
2024-01-20 12:00:00,3.8,4.8,arma,ARMA,2.9608382712960366,0.7041924069214239,0.220832033869464,0.8391617287039632,9.262255418810415,29.83623426032375,1.4374356365290568,5.462255418810416,3.297247378568374,0.2527601983563716,0.1323033214293752,0.5027526214316258,3.7049579111154087,0.0090329986595465,0.0250110760222608,0.095042088884591
2024-01-21 12:00:00,8.16,14.07,arma,ARMA,4.16560951741609,15.95515532735692,0.4895086375715575,3.99439048258391,201.43024305205927,37353.386849402064,23.68507880539942,193.27024305205927,4.695702353046363,12.00135818668851,0.4245462802639261,3.464297646953637,5.791944412163002,5.607687267086029,0.2902028906662987,2.3680555878369978
2024-01-22 12:00:00,6.74,8.36,arma,ARMA,7.248951357706087,0.259031484510869,0.0755120708762739,0.5089513577060867,10.200446756204514,11.974691752526338,0.5134194000303433,3.4604467562045134,5.768466204553309,0.943877915695054,0.1441444800366011,0.9715337954466916,5.188394253988892,2.4074803910546883,0.2302085676574344,1.5516057460111083
2024-01-23 12:00:00,5.02,5.91,arma,ARMA,5.44813341301235,0.1832982193376038,0.0852855404407072,0.4281334130123504,10.147062187594583,26.28676667546216,1.0213271290029051,5.127062187594584,5.400897070275481,0.145082578144445,0.0758759104134425,0.3808970702754815,5.303330613012665,0.080276236270133,0.0564403611579015,0.2833306130126658
2024-01-24 12:00:00,5.12,6.88,arma,ARMA,4.283670957530465,0.6994462672780102,0.1633455161073311,0.8363290424695355,87.17328998523789,6732.742397401539,16.026033200241773,82.05328998523788,4.708215726595088,0.1695662878236113,0.0804266158993968,0.4117842734049119,5.241910786705042,0.0148622399150422,0.0238107005283285,0.1219107867050421
2024-01-25 12:00:00,4.41,6.4,arma,ARMA,4.237501250954884,0.0297558184221298,0.0391153625952643,0.1724987490451157,4.083183130570684,0.1068092661435786,0.0741081336574412,0.3268168694293161,5.408675455503719,0.99735266542556,0.2264570193885983,0.9986754555037188,2.482079543933516,3.7168772849196,0.4371701714436471,1.927920456066484
2024-01-26 12:00:00,5.09,6.94,arma,ARMA,4.2270504577789145,0.7446819124195807,0.1695382204756552,0.8629495422210853,14.85154727922926,95.28780528462818,1.917789249357419,9.76154727922926,4.447523389759024,0.4127761947067353,0.1262233026013705,0.6424766102409762,6.395287821222682,1.7037762962322556,0.2564416151714502,1.3052878212226815
2024-01-27 12:00:00,5.07,5.89,arma,ARMA,5.333159728653931,0.0692530427852105,0.0519052719238522,0.2631597286539309,8.186053910091836,9.709791970598618,0.6146062939037151,3.116053910091836,6.582718535624731,2.28831736802263,0.2983665750739114,1.5127185356247308,3.974245785794533,1.2006772979490414,0.2161250915592638,1.0957542142054677
2024-01-28 12:00:00,8.27,13.54,arma,ARMA,5.058518493257999,10.313613468145869,0.3883290818309553,3.2114815067420004,10.413409203992773,4.594203015760933,0.2591788638443498,2.143409203992773,6.5662556957023686,2.902744654426619,0.2060150307494112,1.703744304297631,6.113174089491067,4.651898008242687,0.2608011983686739,2.1568259105089327
2024-01-29 12:00:00,6.02,7.5,arma,ARMA,7.321592620028852,1.694143348513573,0.2162113986758891,1.3015926200288526,5.112736713792761,0.823126670499558,0.1507081870776144,0.9072632862072388,6.543515471382069,0.27406844877639,0.0869627028873869,0.5235154713820691,3.7784427224170174,5.02457902868523,0.372351707239698,2.241557277582982
2024-01-30 12:00:00,5.19,5.9,arma,ARMA,5.184858638773262,2.6433595263808588e-05,0.0009906283673869,0.0051413612267383,7.66049333265452,6.103337306690434,0.4760102760413331,2.4704933326545198,5.246416237896032,0.0031827918983416,0.0108701807121447,0.0564162378960313,4.617546286350793,0.3277032542707689,0.1102993667917548,0.5724537136492076
2024-01-31 12:00:00,4.62,5.5,arma,ARMA,4.575739981954059,0.001958949197427,0.0095800904861344,0.0442600180459411,8.763760828540605,17.170753804147516,0.8969179282555421,4.1437608285406045,5.05039405145426,0.1852390395272123,0.0931588855961602,0.4303940514542601,4.01384146507499,0.3674281694624343,0.1312031460876644,0.6061585349250098
2024-02-01 12:00:00,4.73,5.31,arma,ARMA,4.201388528300034,0.2794300880128048,0.1117571821775828,0.5286114716999668,9.695603505102978,24.657218169890974,1.0498104661951326,4.965603505102978,4.910685086117034,0.0326471003451199,0.0381998067900705,0.1806850861170339,7.115872716088758,5.692388617376744,0.5044128363824011,2.385872716088757
2024-02-02 12:00:00,4.47,5.2,arma,ARMA,5.043839781505696,0.3292920948385051,0.128375790046017,0.5738397815056961,16.551049492358572,145.95175683681734,2.702695635874401,12.081049492358574,4.839172359843289,0.136288231272263,0.0825888948195277,0.3691723598432892,4.7390178049770535,0.0723705793946721,0.060182954133569,0.2690178049770537
2024-02-03 12:00:00,7.55,10.47,arma,ARMA,4.740988594211021,7.890545077852577,0.3720544908329773,2.8090114057889792,12.616199123837529,25.666373562372144,0.6710197515016595,5.066199123837529,5.720183145982805,3.348229719245384,0.242359848214198,1.8298168540171948,6.99516845962366,0.3078380381963824,0.0734876212418993,0.5548315403763402
2024-02-04 12:00:00,12.54,17.8,arma,ARMA,7.392349196506903,26.498308794703124,0.4104984691780779,5.147650803493097,95.08947383291527,6814.4156300911645,6.582892650152735,82.54947383291528,9.491724975285337,9.291980626299177,0.2430841327523654,3.0482750247146626,11.35416595439813,1.406202383708495,0.0945641184690485,1.1858340456018688
2024-02-05 12:00:00,9.06,11.73,arma,ARMA,10.359780172575272,1.6894284970198028,0.1434635952069836,1.2997801725752716,17.718590005727883,74.97118088729077,0.9556942611178678,8.658590005727882,8.826127814177694,0.0546961993013035,0.0258137070444047,0.2338721858223067,11.6233751898192,6.570892363780615,0.2829332439094039,2.563375189819199
2024-02-06 12:00:00,7.93,10.13,arma,ARMA,7.076884153065243,0.7278066482912074,0.1075808129804233,0.8531158469347568,11.995152136332038,16.525461891524937,0.5126295253886556,4.065152136332038,7.624086170788722,0.0935832709027068,0.0385767754364789,0.3059138292112777,8.324957061849108,0.1559910807044807,0.0498054302457892,0.3949570618491087
2024-02-07 12:00:00,5.65,6.54,arma,ARMA,6.488252955246809,0.702668016980008,0.1483633549109395,0.8382529552468085,4.106676777598539,2.381846568803632,0.2731545526374268,1.5433232224014617,7.414336054268526,3.11288171239183,0.3122718680121284,1.7643360542685258,3.3639103820635,5.226205741237053,0.4046176314931858,2.2860896179365
2024-02-08 12:00:00,4.1,4.86,arma,ARMA,4.919277002831934,0.6712148073692772,0.199823659227301,0.8192770028319343,4.086391254035858,0.0001851979667165,0.0033192063327174,0.0136087459641416,6.037831456806535,3.755190754988941,0.4726418187333014,1.937831456806536,4.090912466541897,8.258326435213508e-05,0.0022164715751469,0.0090875334581026
2024-02-09 12:00:00,3.84,4.6,arma,ARMA,4.488571969502478,0.4206455996243231,0.1688989503912702,0.6485719695024779,7.377471164188443,12.51370223746474,0.9212164490074072,3.5374711641884438,4.525158448237827,0.4694420991916668,0.1784266792286007,0.6851584482378268,4.08749899699733,0.0612557535146844,0.0644528638013881,0.2474989969973302
2024-02-10 12:00:00,3.52,3.84,arma,ARMA,4.589866733668573,1.1446148278106607,0.3039394129740264,1.0698667336685728,4.84702173302036,1.7609866799083589,0.3769948105171476,1.3270217330203598,5.36351247701794,3.39853825292082,0.5237251355164602,1.84351247701794,3.9160375180825344,0.1568457157289737,0.1125106585461745,0.3960375180825344
2024-02-11 12:00:00,3.64,4.73,arma,ARMA,4.8370856615800175,1.433014081160468,0.3288696872472575,1.1970856615800174,10.161768812103825,42.53346843853012,1.7916947285999516,6.521768812103824,5.012257986788784,1.883091982305606,0.376993952414501,1.372257986788784,4.9532753533518585,1.7246921537214486,0.3607899322395215,1.3132753533518584
2024-02-12 12:00:00,3.44,3.83,arma,ARMA,4.188962491379005,0.5609448134926464,0.217721654470641,0.7489624913790052,4.058345622897723,0.3823513093567729,0.1797516345632915,0.6183456228977229,3.223500352216091,0.0468720974905566,0.0629359441232293,0.2164996477839089,3.7551546824022735,0.0993224738400778,0.0916147332564748,0.3151546824022735
2024-02-13 12:00:00,3.02,3.46,arma,ARMA,3.763331877286661,0.5525422797905117,0.2461363832075036,0.7433318772866611,9.544226689115858,42.56553389097167,2.1603399632833966,6.524226689115858,3.301580966863789,0.0792878408999462,0.093238730749599,0.281580966863789,3.938584234567388,0.8437969959957538,0.304166965088539,0.9185842345673878
2024-02-14 12:00:00,2.68,2.99,arma,ARMA,3.3677026162139527,0.4729348883475149,0.2566054538111763,0.6877026162139526,4.6788181589680375,3.995274032620374,0.7458276712567303,1.9988181589680372,2.905179941254452,0.0507060059433584,0.0840223661397208,0.2251799412544519,3.102109784378041,0.1781766700676763,0.1575036508873287,0.422109784378041
2024-02-15 12:00:00,2.21,2.57,arma,ARMA,2.8226985277350374,0.3753994858886824,0.2772391528212839,0.6126985277350374,2.862241109221496,0.4254184645584873,0.2951317236296362,0.6522411092214959,2.897793939778087,0.4730605035954627,0.3112189772751525,0.687793939778087,2.660745050631785,0.2031711006690503,0.2039570364849705,0.4507450506317849
2024-02-16 12:00:00,6.33,59.86,arma,ARMA,2.595659784735361,13.945296843342753,0.5899431619691373,3.734340215264639,16.693121123837813,107.39427942733349,1.6371439374151362,10.363121123837812,2.3591808394863505,15.767404805502323,0.6273016051364375,3.9708191605136496,2.967548247958692,11.30608178480566,0.5311930098011545,3.362451752041308
2024-02-17 12:00:00,5.93,10.0,arma,ARMA,6.448276738728591,0.2686107779071445,0.0873991127704201,0.5182767387285914,7.127257796478718,1.4334262312290755,0.2018984479728023,1.197257796478718,7.367133586007982,2.0653529440321616,0.2423496772357473,1.437133586007982,4.319907264224033,2.5923986177985383,0.2715164815811074,1.6100927357759671
2024-02-18 12:00:00,9.1,13.56,arma,ARMA,5.296128902862531,14.46943532363781,0.4180078128722493,3.8038710971374687,25.86497221181988,281.0642932630928,1.8423046386615252,16.76497221181988,6.5676299309987085,6.412898166373604,0.278282425164977,2.532370069001291,5.995142865687965,9.640137824488338,0.3411930916826411,3.1048571343120344
2024-02-19 12:00:00,6.37,8.11,arma,ARMA,7.577450565503232,1.4579368681340734,0.1895526790428934,1.2074505655032317,7.200554621266869,0.6898209789077527,0.1303853408582212,0.8305546212668693,7.08293962836703,0.5082829136961188,0.1119214487232386,0.71293962836703,5.181800346693212,1.4118184161183718,0.186530557818962,1.1881996533067882
2024-02-20 12:00:00,5.26,6.19,arma,ARMA,4.607475369924858,0.4257883928547008,0.1240541121815859,0.6525246300751419,10.432263626340578,26.75231102036579,0.983320081053342,5.172263626340579,5.469475356283208,0.0438799248899771,0.0398242122211423,0.2094753562832085,4.940410007047675,0.1021377635952668,0.0607585537932175,0.3195899929523245
2024-02-21 12:00:00,4.86,6.5,arma,ARMA,4.472790128948042,0.1499314842400739,0.0796728129736539,0.387209871051958,7.904812016371659,9.270880215041249,0.6265045301176253,3.044812016371659,5.086818897524266,0.0514468122741231,0.0466705550461451,0.2268188975242653,5.014320743626255,0.0238148919133603,0.0317532394292705,0.154320743626255
2024-02-22 12:00:00,5.19,6.45,arma,ARMA,4.474623888791571,0.5117629804876948,0.1378374010035508,0.7153761112084291,4.146453176614164,1.0889899725986694,0.2010687520974635,1.043546823385836,5.061182406994213,0.0165939722678046,0.0248203454731767,0.1288175930057873,4.0896942176403925,1.210672814693989,0.2120049676993464,1.100305782359608
2024-02-23 12:00:00,7.56,10.28,arma,ARMA,5.550291791072788,4.03892708502942,0.265834419170266,2.009708208927212,58.040981038771655,2548.329446636823,6.677378444281965,50.48098103877165,5.359149350068439,4.843743583304175,0.2911178108375081,2.200850649931561,7.549423132787012,0.0001118701200411,0.0013990565096544,0.010576867212988
2024-02-24 12:00:00,10.07,19.03,arma,ARMA,7.898518010233952,4.715334031878318,0.2156387278814348,2.1714819897660487,23.5195232556826,180.889675805147,1.33560310384137,13.449523255682596,8.815447719498582,1.5739014245113083,0.1245831460279461,1.254552280501418,7.213783966402982,8.157970030576683,0.2836361503075489,2.8562160335970184
2024-02-25 12:00:00,9.71,12.5,arma,ARMA,9.385308293209748,0.1054247044583673,0.0334388987425594,0.3246917067902526,18.34278940852541,74.52505297194847,0.8890617310530801,8.632789408525408,11.922354215941771,4.894511176795326,0.2278428646695953,2.2123542159417706,9.08563010460237,0.3898377662788491,0.064301739999756,0.6243698953976313
2024-02-26 12:00:00,6.78,8.28,arma,ARMA,8.160638758097951,1.906163380362252,0.2036340351176918,1.380638758097951,1.292200594099985,30.11594231939656,0.8094099418731585,5.487799405900015,7.51525971490565,0.5406068483631369,0.1084453856792993,0.7352597149056495,5.557378795302158,1.4948026101768024,0.180327611312366,1.222621204697842
2024-02-27 12:00:00,5.11,5.56,arma,ARMA,5.757876082964214,0.4197434188770523,0.1267859262160887,0.6478760829642134,3.926955092141822,1.3995952540091652,0.2315156375456317,1.1830449078581782,6.350797925595497,1.5395794921620882,0.2428175979638936,1.2407979255954968,5.24555226174345,0.0183744156637646,0.0265268613979353,0.1355522617434497
2024-02-28 12:00:00,4.15,4.79,arma,ARMA,4.5624341255684895,0.1701019079334442,0.0993817170044552,0.4124341255684891,3.17203510192454,0.9564153418677456,0.2356541923073398,0.9779648980754604,5.043976338996884,0.7991936946862704,0.2154159853004538,0.8939763389968833,4.887710232325992,0.5442163868784692,0.1777615017652992,0.7377102323259921
2024-02-29 12:00:00,5.13,8.65,arma,ARMA,4.538437478107542,0.3499462173077646,0.1153143317529157,0.5915625218924578,25.64986386643792,421.06481309714457,3.999973463243259,20.51986386643792,4.562163323016186,0.3224384917280199,0.1106894107180923,0.5678366769838137,6.074692626493534,0.8924441585512523,0.1841506094529306,0.9446926264935342
2024-03-01 12:00:00,4.57,5.08,arma,ARMA,6.388419173251665,3.306648289649269,0.3979035390047407,1.818419173251665,1.2249663314683925,11.189250243610026,0.7319548508821898,3.345033668531608,5.432450085811625,0.7438201505164783,0.1887199312498084,0.8624500858116244,4.275428127640071,0.0867725879856346,0.0644577401225228,0.2945718723599295
2024-03-02 12:00:00,5.51,7.23,arma,ARMA,5.063022880878407,0.1997885450182387,0.0811210742507428,0.446977119121593,25.38080553648346,394.8489126687417,3.60631679428012,19.87080553648346,5.678205622026353,0.0282931312812724,0.0305273361209352,0.1682056220263534,6.8005568142840405,1.665536890894972,0.2342208374381199,1.290556814284041
2024-03-03 12:00:00,9.94,18.87,arma,ARMA,5.808068100070548,17.07286122565461,0.4156873138762024,4.131931899929452,80.01457340226622,4910.445837509597,7.0497558754795,70.07457340226622,7.322614691666435,6.850705852280389,0.26331844148225,2.6173853083335645,9.009204835004986,0.8663796391780936,0.093641364687627,0.930795164995013
2024-03-04 12:00:00,6.45,7.71,arma,ARMA,8.723406205700684,5.16837577611838,0.3524660784032067,2.273406205700684,0.586543157892447,34.380126139257875,0.9090630762957446,5.863456842107553,7.4409082541422515,0.9818991681272446,0.1536291866887211,0.9909082541422514,5.357165836361892,1.1942865092146036,0.1694316532772261,1.0928341636381085
2024-03-05 12:00:00,4.94,5.87,arma,ARMA,5.901945964620465,0.9253400388495958,0.1947259037693247,0.9619459646204644,4.102630092986495,0.701188361171806,0.1695080783428147,0.837369907013505,5.532454591866191,0.3510024434233346,0.1199300793251398,0.5924545918661908,4.9011471052894535,0.0015095474273888,0.0078649584434305,0.0388528947105468
2024-03-06 12:00:00,4.17,4.59,arma,ARMA,4.772948418272704,0.3635467950975557,0.1445919468279866,0.6029484182727041,3.1488755130621584,1.04269521782407,0.2448739776829356,1.0211244869378415,4.837520541080132,0.4455836727639127,0.1600768683645401,0.6675205410801324,4.460416706636214,0.0843418634934247,0.0696442941573654,0.290416706636214
2024-03-07 12:00:00,4.6,6.67,arma,ARMA,4.190838764944583,0.1674129162720742,0.0889480945772645,0.409161235055417,7.875058227676184,10.726006394669469,0.7119691799296053,3.275058227676184,4.500087397848151,0.0099825280687536,0.0217201309025758,0.099912602151849,4.75856575503149,0.0251430986687065,0.0344708163111934,0.15856575503149
2024-03-08 12:00:00,10.11,16.39,arma,ARMA,4.953872591845073,26.58564984912644,0.5100027109945526,5.156127408154926,678.638194630766,446929.9470162712,66.12543962717764,668.5281946307659,4.876917907679731,27.38514818496308,0.5176144502789584,5.233082092320268,9.412693746088586,0.4862360117439692,0.0689719341158668,0.6973062539114139
2024-03-09 12:00:00,18.64,27.0,arma,ARMA,10.740630717998682,62.40003505342602,0.423785905686766,7.899369282001318,528.2791216001359,259732.0342653581,27.34115459228197,509.6391216001359,11.190714076501488,55.49186077003309,0.3996398027627957,7.449285923498513,12.281840632938668,40.42619053694977,0.3411029703359084,6.358159367061333
2024-03-10 12:00:00,21.91,31.61,arma,ARMA,15.66407326956995,39.01160072190061,0.2850719639630328,6.24592673043005,341.1427354921408,101909.5394097951,14.570184184944807,319.2327354921408,19.41810747870364,6.209528337692734,0.1137331137059041,2.4918925212963607,17.503643571733562,19.41597697292496,0.2011116580678429,4.406356428266438
2024-03-11 12:00:00,11.52,14.14,arma,ARMA,16.021397293244032,20.2625775916247,0.3907462928163223,4.5013972932440325,2.6899081972056447,77.97052124577606,0.7665010245481211,8.830091802794355,14.818302070381408,10.878796547482288,0.2863109436094973,3.2983020703814088,9.843043287592842,2.812183815287423,0.1455691590631213,1.6769567124071578
2024-03-12 12:00:00,7.16,8.43,arma,ARMA,8.133318929100675,0.947349737745684,0.1359383979190886,0.9733189291006744,8.795004905507573,2.6732410410338288,0.2283526404340186,1.6350049055075733,10.09722194774065,8.627272770289375,0.4102265290140572,2.9372219477406496,6.1470981042266,1.025970250461347,0.1414667452197485,1.0129018957733995
2024-03-13 12:00:00,5.61,6.44,arma,ARMA,6.005057859322363,0.1560707122123679,0.0704202957793873,0.395057859322363,6.924037861123029,1.7266955004647844,0.2342313477937662,1.3140378611230288,7.22358418932663,2.603653936044876,0.2876264152097378,1.6135841893266294,5.933663126495824,0.1047578194530513,0.0576939619422145,0.3236631264958234
2024-03-14 12:00:00,6.5,8.19,arma,ARMA,5.720174916755497,0.6081271604572954,0.1199730897299234,0.7798250832445026,6.769264291309832,0.072503258574586,0.041425275586128,0.269264291309832,6.330173165635826,0.0288411536701565,0.0261272052867959,0.1698268343641737,7.034483316935017,0.2856724160818575,0.0822282026053871,0.5344833169350167
2024-03-15 12:00:00,8.95,13.4,arma,ARMA,8.186992461810101,0.5821805033346086,0.0852522389038992,0.763007538189898,7.963710041210787,0.9727678828084269,0.1101999953954427,0.9862899587892128,7.107385931684284,3.3952266047549906,0.2058786668509179,1.842614068315715,9.125927327306158,0.0309504244930883,0.0196566846152132,0.1759273273061588
2024-03-16 12:00:00,20.85,33.25,arma,ARMA,10.234446138695734,112.68998378225194,0.509139273923466,10.615553861304267,12.754956952990067,65.52972193294389,0.3882514650844093,8.095043047009934,10.674350920172282,103.54383419579872,0.488040723253128,10.17564907982772,14.003449504145191,46.87525369228975,0.3283717264198949,6.84655049585481
2024-03-17 12:00:00,16.34,20.2,arma,ARMA,18.2659354072126,3.7092271927551583,0.1178663039909791,1.9259354072125987,18.562589980819467,4.939906222839081,0.1360214186548022,2.222589980819468,23.15201415645048,46.40353686768175,0.4168919312393195,6.812014156450481,13.381798113508925,8.750958401239355,0.1810405071291967,2.958201886491075
2024-03-18 12:00:00,8.96,10.47,arma,ARMA,12.309711405756689,11.220566501856446,0.3738517193924874,3.349711405756688,11.73656238601446,7.709298683430309,0.3098841948676852,2.77656238601446,11.274111446194423,5.355111785408041,0.2582713667627703,2.3141114461944223,9.138072768787508,0.0317099109836488,0.0198741929450342,0.1780727687875067
2024-03-19 12:00:00,8.07,8.91,arma,ARMA,7.481591230829221,0.3462248796370709,0.0729131064647805,0.5884087691707789,9.91178709168402,3.392179691093882,0.2282264054131376,1.8417870916840204,8.507864771643032,0.1917255582460041,0.0542583360152455,0.4378647716430315,8.470428371382113,0.1603428806077309,0.0496193768751068,0.4004283713821124
2024-03-20 12:00:00,6.97,7.72,arma,ARMA,6.775003808236187,0.0380235148023895,0.0279764981009774,0.1949961917638125,6.966639869118483,1.1290479540924126e-05,0.0004820847749665,0.0033601308815169,7.805978120155404,0.6988594173785642,0.1199394720452517,0.8359781201554046,6.629028549155938,0.1162615302907041,0.0489198638226773,0.3409714508440613
2024-03-21 12:00:00,6.04,6.45,arma,ARMA,7.624554562335233,2.5108131610174027,0.2623434705853035,1.5845545623352333,7.982882370164497,3.7747919042960154,0.321669266583526,1.9428823701644973,7.336220249545741,1.680186935332424,0.2146060015804207,1.296220249545741,7.494817042612022,2.116492627474389,0.2408637487768248,1.4548170426120215
2024-03-22 12:00:00,8.49,12.71,arma,ARMA,7.500238122224568,0.97962857469755,0.1165797264753159,0.9897618777754325,7.079742018692056,1.988827573842757,0.1661081250068249,1.410257981307944,6.641663632841708,3.4163473261599124,0.2177074637406704,1.848336367158292,8.915503751417896,0.1810534424707025,0.0501182274932739,0.4255037514178958
2024-03-23 12:00:00,27.23,38.0,arma,ARMA,9.47139630723752,315.3680051165972,0.6521705359075461,17.75860369276248,13.36957138430277,192.11148141083865,0.509013169875036,13.86042861569723,10.757408393720272,271.3462742272774,0.6049427692353921,16.472591606279728,16.90819968632954,106.53956171528765,0.3790598719673324,10.321800313670462
2024-03-24 12:00:00,30.75,36.96,arma,ARMA,22.72808845038739,64.3510649098082,0.2608751723451255,8.02191154961261,40.91679576504776,103.36373612819304,0.3306275045543986,10.16679576504776,28.606235251563312,4.595727296639815,0.0697159267784288,2.143764748436688,27.38055959984861,11.35312861017236,0.1095752975658988,3.3694404001513902
2024-03-25 12:00:00,14.31,16.97,arma,ARMA,22.015372750542348,59.372769224800535,0.5384607093320997,7.705372750542347,16.03102467400991,2.961925928550914,0.1202672728169049,1.721024674009909,18.73285968184048,19.56168776525004,0.3090747506527237,4.422859681840476,11.852518463188568,6.039215503769079,0.1717317635787164,2.457481536811432
2024-03-26 12:00:00,18.34,32.48,arma,ARMA,10.194124033395726,66.35529526330112,0.4441589949075394,8.145875966604274,21.585881921880706,10.535749450791984,0.1769837471036371,3.245881921880706,12.486154142246424,34.267511326338706,0.3191846160170979,5.853845857753576,16.570730065871203,3.1303160998121173,0.0964705525697272,1.769269934128797
2024-03-27 12:00:00,13.55,16.12,arma,ARMA,14.446859167683234,0.8043563666574625,0.0661888684637072,0.8968591676832336,10.934651429968444,6.84004814276611,0.193014654614875,2.615348570031557,16.572709215642195,9.136771002328253,0.2230781708961029,3.022709215642194,8.719638554245622,23.33239169663033,0.3564842395390685,4.830361445754379
2024-03-28 12:00:00,21.68,27.8,arma,ARMA,11.386554218177167,105.95502606332626,0.474789934585924,10.293445781822832,28.276055465408376,43.507947702743714,0.3042461008029694,6.5960554654083765,12.982452385613373,75.6473345045225,0.4011783954975381,8.697547614386627,19.4282486584037,5.070384104380738,0.1038630692618219,2.2517513415963
2024-03-29 12:00:00,24.31,29.75,arma,ARMA,22.54267680747431,3.1234312668391877,0.0726994320249151,1.7673231925256871,19.475567685218824,23.37173580620047,0.1988659940263749,4.834432314781175,21.61239388607095,7.27707874590738,0.1109669318769661,2.697606113929048,17.646804753186096,44.39817089716338,0.2740927703337681,6.663195246813903
2024-03-30 12:00:00,24.34,35.45,arma,ARMA,26.261693555685618,3.6929061219636328,0.0789520770618577,1.9216935556856176,26.22596108366385,3.556849209094527,0.0774840215145378,1.885961083663851,27.41628348269764,9.4635200659183,0.1263879820335923,3.0762834826976366,26.16324575521998,3.324225083927672,0.0749073851774847,1.823245755219979
2024-03-31 12:00:00,29.38,41.1,arma,ARMA,21.95025106316385,55.20116926441788,0.2528845791979628,7.429748936836148,26.15622203536433,10.3927443652705,0.1097269559099955,3.223777964635669,29.487059921001137,0.0114618266847699,0.0036439728046677,0.107059921001138,25.05266922562665,18.72579163083864,0.1472883177118226,4.327330774373348
2024-04-01 12:00:00,32.2,40.88,arma,ARMA,23.371047505234536,77.95040215482537,0.2741910712660083,8.828952494765467,29.12757470022436,9.439797222701442,0.095416934775641,3.0724252997756416,21.58403813503852,112.69864631831652,0.3296882566758224,10.615961864961484,23.88650866193161,69.11413822813819,0.2581829608095773,8.313491338068392
2024-04-02 12:00:00,32.58,40.76,arma,ARMA,23.34130905506637,85.35341037599858,0.2835693967137393,9.238690944933628,57.40866705783406,616.4627078687743,0.7620830895590566,24.82866705783406,26.04155801376155,42.751223607405805,0.2006888270791421,6.53844198623845,37.51178061664336,24.322460050699146,0.1513744817877028,4.931780616643358
2024-04-03 12:00:00,16.93,19.39,arma,ARMA,28.78646068507537,140.57565997673788,0.7003225448951783,11.856460685075367,12.950098565242584,15.839615430384136,0.2350798248527711,3.979901434757416,25.962803108692665,81.59153200040787,0.5335382816711557,9.032803108692663,12.94660697152552,15.867420019299082,0.2352860619299751,3.983393028474479
2024-04-04 12:00:00,15.67,20.64,arma,ARMA,15.971481948272771,0.0908913651343459,0.0192394351163223,0.3014819482727713,26.09220967239965,108.62245445546093,0.6651059140012543,10.422209672399656,17.23239852413757,2.441089148227253,0.0997063512531952,1.5623985241375689,19.398388190308577,13.900878497632464,0.2379316011683839,3.7283881903085767
2024-04-05 12:00:00,22.7,29.03,arma,ARMA,16.29175611160525,41.06558973314867,0.282301492880826,6.40824388839475,19.56234512464742,9.84487811682382,0.1382226817335939,3.137654875352581,17.701117257272404,24.988828675539764,0.2202150987985724,4.998882742727595,25.77002704717851,9.4250660704076,0.1352434822545599,3.0700270471785096
2024-04-06 12:00:00,29.7,34.7,arma,ARMA,21.87881649942836,61.17091134961403,0.2633395118037588,7.821183500571639,26.365737937798794,11.117303499434232,0.1122647158990304,3.334262062201205,27.9843559303853,2.943434573604093,0.0577657935897205,1.7156440696147008,34.16713274757678,19.95527498447288,0.1504085100194202,4.46713274757678
2024-04-07 12:00:00,33.6,46.12,arma,ARMA,29.59541499099205,16.036701094371207,0.1191840776490461,4.0045850090079504,32.75393449426853,0.7158268399886547,0.0251805210039129,0.8460655057314739,34.168436172433665,0.3231196821310341,0.0169177432271923,0.568436172433664,34.02987225079867,0.1847901520067118,0.0127938169880555,0.4298722507986667
2024-04-08 12:00:00,19.75,25.21,arma,ARMA,32.0842920553943,152.13476050776296,0.6245211167288254,12.3342920553943,20.49457162165693,0.5543868997768319,0.0376998289446547,0.7445716216569309,24.123077398409755,19.123805932482234,0.2214216404258104,4.373077398409755,18.067555779813045,2.830618554040492,0.0851870491233901,1.6824442201869552
2024-04-09 12:00:00,21.64,26.11,arma,ARMA,18.08444796272577,12.641950289764942,0.1643046227945578,3.555552037274232,31.14953793158576,90.43131167226834,0.4394426031231865,9.509537931585758,17.49673338615137,17.166658233432702,0.1914633370540032,4.143266613848631,22.614540349124063,0.9497288920708492,0.0450342120667311,0.9745403491240624
2024-04-10 12:00:00,18.63,21.58,arma,ARMA,19.95814310318847,1.7639641025470991,0.0712905584105459,1.32814310318847,16.233371758641727,5.743826927276043,0.128643491216225,2.396628241358272,19.172635689850345,0.2944534918993613,0.0291269828153701,0.5426356898503464,17.503640414026048,1.2686859169154103,0.0604594517430999,1.126359585973951
2024-04-11 12:00:00,21.5,29.2,arma,ARMA,18.23782116794449,10.64181073231106,0.1517292480025819,3.262178832055511,23.95215042109229,6.013041687663102,0.1140535079577809,2.4521504210922918,18.056752182351,11.855955533744591,0.1601510612859999,3.4432478176489987,17.91338401665087,12.863814212015448,0.1668193480627502,3.5866159833491302
2024-04-12 12:00:00,27.24,36.13,arma,ARMA,24.28773796323487,8.715851133724577,0.1083796636110546,2.952262036765127,24.19382069166324,9.279208378539028,0.1118274342267533,3.046179308336761,21.92982441495351,28.1979647440238,0.1949403665582411,5.310175585046487,22.06540813244997,26.776400995714884,0.1899629907323798,5.174591867550028
2024-04-13 12:00:00,34.88,42.0,arma,ARMA,27.738715821272127,50.99793972134907,0.2047386519130698,7.141284178727876,39.30570021439337,19.586822387681487,0.1268836070640299,4.425700214393366,31.91434902395897,8.795085711693131,0.0850243972488828,2.965650976041033,36.69594156706755,3.297643775003739,0.0520625449273952,1.8159415670675472
2024-04-14 12:00:00,46.38,89.03,arma,ARMA,31.94030747373992,208.5047202529313,0.3113344658529556,14.439692526260082,37.43879122559528,79.94521434749198,0.1927815604658197,8.941208774404721,39.938414763728375,41.4940203561526,0.1388871331667017,6.441585236271628,36.963302158620166,88.67419823584767,0.2030335886455333,9.416697841379836
2024-04-15 12:00:00,36.2,42.21,arma,ARMA,37.51333509169464,1.7248490630765678,0.0362799749086917,1.3133350916946398,44.322816389444064,65.98014609662106,0.2243871930785652,8.122816389444061,31.981310342705672,17.797342424562157,0.1165383883230477,4.21868965729433,33.91608151854049,5.21628362995234,0.0630916707585501,2.283918481459516
2024-04-16 12:00:00,27.49,34.2,arma,ARMA,29.87935804089821,5.709031847604944,0.0869173532520266,2.3893580408982125,33.48025854358235,35.88319741896137,0.2179068222474482,5.990258543582353,29.63919804378668,4.619052231416505,0.0781810856233787,2.149198043786683,22.090733101238552,29.152083044061047,0.1964083993729155,5.399266898761447
2024-04-17 12:00:00,19.58,22.51,arma,ARMA,23.56046221782073,15.84407946749835,0.203292248101161,3.980462217820733,18.728461653782485,0.725117555078857,0.0434902117577892,0.851538346217513,23.51648567189629,15.495919445044834,0.2010462549487383,3.936485671896296,16.42309070819097,9.966076276710186,0.1612313223600117,3.156909291809029
2024-04-18 12:00:00,17.8,19.23,arma,ARMA,19.70677546773457,3.635792684354384,0.1071222172884589,1.906775467734569,24.556937685756264,45.65620688919321,0.3796032407728237,6.756937685756263,20.402579676939567,6.7734209748188565,0.1462123414010992,2.602579676939566,17.193295993832134,0.368089751100139,0.0340844947285318,0.6067040061678668
2024-04-19 12:00:00,23.52,38.42,arma,ARMA,19.91092374374109,13.025431423491824,0.1534471197388992,3.609076256258909,22.27259748677048,1.5560130300113235,0.0530358211407109,1.2474025132295203,19.63116819018752,15.123012845009436,0.1653414885124355,3.888831809812483,24.255190043650256,0.5405044002824655,0.0312580800871707,0.7351900436502561
2024-04-20 12:00:00,26.79,33.22,arma,ARMA,26.05678056238692,0.5376107436936414,0.0273691466074311,0.7332194376130801,22.57992589424813,17.724723975922362,0.1571509557951424,4.210074105751865,29.41372285733264,6.8839216320897405,0.0979366501430622,2.6237228573326377,23.11307032912129,13.51981180458822,0.1372500810331732,3.6769296708787103
2024-04-21 12:00:00,33.9,54.86,arma,ARMA,28.166427155146746,32.87385756723862,0.1691319423260546,5.733572844853253,37.15652080851529,10.60492777629308,0.0960625607231649,3.2565208085152904,31.85011320113214,4.202035888172722,0.0604686371347451,2.04988679886786,33.48436844032965,0.1727495933940036,0.0122605179843759,0.415631559670345
2024-04-22 12:00:00,23.93,28.64,arma,ARMA,32.730132204048296,77.44232680872793,0.3677447640638653,8.800132204048296,24.578973737160617,0.4211669115242173,0.0271196714233437,0.6489737371606168,24.70408836732518,0.599212800428164,0.0323480303938646,0.7740883673251808,20.54439677898607,11.4623091701399,0.1414794492692825,3.3856032210139304
2024-04-23 12:00:00,18.06,20.0,arma,ARMA,22.026343698649008,15.7318823358127,0.2196203598366007,3.966343698649009,27.18426353660126,83.25218508535137,0.5052194649280877,9.124263536601262,20.45740596521696,5.747555362057853,0.132746731185878,2.397405965216958,18.57987796852056,0.2702731021530652,0.0287861555105515,0.5198779685205608
2024-04-24 12:00:00,15.34,18.14,arma,ARMA,18.141117842704983,7.846261168720217,0.1826022061737277,2.8011178427049828,16.620921723837323,1.6407604625983807,0.0835020680467616,1.2809217238373236,16.053458103645657,0.5090224656576565,0.0465096547357012,0.7134581036456566,18.37953600552157,9.238779128862015,0.1981444592908454,3.039536005521569
2024-04-25 12:00:00,14.17,15.35,arma,ARMA,16.36795783578679,4.831018647896548,0.1551134675925751,2.1979578357867897,15.101238158963682,0.8672045087100675,0.0657189949868512,0.9312381589636818,15.945484855380442,3.152346471685311,0.1252988606478788,1.7754848553804423,14.035334110734542,0.0181349017316565,0.0095035913384232,0.1346658892654577
2024-04-26 12:00:00,12.45,13.74,arma,ARMA,16.84148740224952,19.28516160411624,0.3527299118272707,4.3914874022495205,15.615182065486987,10.018377507680476,0.2542314912037741,3.165182065486988,15.457401801546244,9.044465595943596,0.2415583776342365,3.0074018015462443,16.41326385373867,15.707460374351497,0.3183344460834273,3.9632638537386704
2024-04-27 12:00:00,32.85,71.22,arma,ARMA,15.216725918027748,310.9323548499544,0.5367815550067657,17.633274081972253,20.47805642773299,153.064987755359,0.3766192868270018,12.37194357226701,16.492974216754845,267.55229247374683,0.4979307696573867,16.357025783245156,29.569922972182084,10.758905308418822,0.0998501378331177,3.280077027817917
2024-04-28 12:00:00,56.66,74.93,arma,ARMA,34.46541020594201,492.5998161265031,0.3917153158146486,22.19458979405799,46.37213779774599,105.84010869256662,0.1815718708481116,10.287862202254004,38.18766817650454,341.22704299732305,0.326020681671293,18.47233182349546,39.69873895981783,287.6843760732014,0.2993515891313478,16.961261040182166
2024-04-29 12:00:00,26.73,31.18,arma,ARMA,45.83845934428316,365.1332185121224,0.7148694105605371,19.10845934428316,47.62656663905988,436.6664973006704,0.781764558139165,20.89656663905988,33.89573364728631,51.347738703851206,0.2680783257495814,7.165733647286313,28.90038572616234,4.71057420032923,0.0811966227520516,2.1703857261623405
2024-04-30 12:00:00,27.13,41.73,arma,ARMA,23.07099918917553,16.47548758227369,0.1496130044535373,4.059000810824468,31.024559778719745,15.167595870021596,0.1435517795326113,3.8945597787197457,21.83713986397091,28.01436841956585,0.1950925225222664,5.292860136029088,26.267658899933863,0.743632172863273,0.0317855178793267,0.8623411000661356
2024-05-01 12:00:00,58.9,71.44,arma,ARMA,23.461221624784727,1255.9070127276254,0.6016770522107856,35.43877837521527,34.676875676022846,586.7597520148536,0.4112584774868786,24.223124323977157,23.818641041552063,1230.701746371475,0.5956088108395236,35.081358958447936,36.76694280069747,489.8722209875974,0.3757734668811974,22.133057199302527
2024-05-02 12:00:00,36.86,45.84,arma,ARMA,44.8092195491178,63.19009144007659,0.2156597815821432,7.949219549117799,73.71015806128284,1357.934149141529,0.9997329913533056,36.85015806128284,49.43276261588289,158.07435979534247,0.3410950248476097,12.572762615882894,37.08921429795938,0.0525391943890116,0.0062185105252137,0.2292142979593805
2024-05-03 12:00:00,26.68,29.89,arma,ARMA,32.57335727521943,34.73165997338178,0.2208904525944313,5.893357275219429,22.30744789022605,19.11921195268861,0.1638887597366547,4.372552109773949,32.82935254805541,37.81453676027558,0.2304854778131713,6.149352548055411,20.382079372856083,39.66380422580482,0.236053996519637,6.297920627143917
2024-05-04 12:00:00,25.11,28.68,arma,ARMA,28.328177024347188,10.356663360036125,0.1281631630564391,3.218177024347188,30.66315756704442,30.83755896442269,0.2211532284764802,5.553157567044419,36.56290460936631,131.16902399124416,0.4561093034395186,11.452904609366314,29.02599538493372,15.335019854822187,0.1559536194716734,3.9159953849337192
2024-05-05 12:00:00,40.07,62.84,arma,ARMA,23.97610155617105,259.01356712028,0.4016445830753419,16.09389844382895,37.31243404474435,7.604169997585006,0.0688187161281669,2.75756595525565,33.52997930375307,42.77187070733814,0.1632148913463171,6.540020696246927,45.41427145843004,28.561237421389983,0.1333733830404303,5.344271458430043
2024-05-06 12:00:00,24.25,28.39,arma,ARMA,37.08666417514854,164.779947145542,0.5293469762947852,12.836664175148542,24.475256115200644,0.0507403174352856,0.0092889119670368,0.2252561152006436,30.016541671512105,33.25300284928562,0.23779553284586,5.766541671512105,21.277112369582458,8.838060863089629,0.1225933043471151,2.9728876304175422
2024-05-07 12:00:00,19.37,20.75,arma,ARMA,23.696561578697807,18.71913509426405,0.2233640463963761,4.326561578697806,27.56693810036012,67.18979422113534,0.4231769798843633,8.196938100360118,20.709449281865293,1.7941243786894467,0.0691507115056939,1.339449281865292,19.254501843650253,0.0133398241201908,0.0059627339364867,0.1154981563497479
2024-05-08 12:00:00,16.18,17.48,arma,ARMA,22.13671675684377,35.482474521263384,0.3681530752066608,5.956716756843772,18.57643640632206,5.74290744954579,0.1481110263487058,2.39643640632206,18.247978967112,4.27653700841762,0.1278108137893696,2.067978967112001,20.75423676807489,20.92364201040821,0.2827093181752095,4.57423676807489
2024-05-09 12:00:00,32.54,42.73,arma,ARMA,17.62514790299696,222.45281307547592,0.4583543975723121,14.914852097003038,25.14168758888536,54.73502653245294,0.2273605535069035,7.398312411114642,16.55056883971846,255.6619088293823,0.491377724655241,15.98943116028154,25.56188176039696,48.694134165880605,0.2144473951937012,6.978118239603038
2024-05-10 12:00:00,26.43,30.51,arma,ARMA,34.38921258437395,63.349064963256666,0.3011431170780912,7.959212584373951,30.099182464377773,13.462899956897346,0.1388264269533777,3.669182464377773,31.08451527019464,21.664512400475083,0.176107274695219,4.65451527019464,22.677459234817054,14.08156219435981,0.1419803543391201,3.752540765182946
2024-05-11 12:00:00,35.92,45.9,arma,ARMA,26.21662422762712,94.15550137987304,0.2701385237297573,9.703375772372883,38.826893279817,8.450028540245224,0.0809268730461302,2.906893279816998,29.75752160810824,37.97613993053285,0.1715612024468752,6.16247839189176,34.94227192390925,0.9559521907761168,0.0272196012274707,0.9777280760907489
2024-05-12 12:00:00,51.46,64.0,arma,ARMA,36.88842757621314,212.3307229016657,0.2831630863541947,14.57157242378686,48.25634842031,10.263383444050254,0.0622551803282161,3.203651579690004,44.33874766933243,50.712234757038345,0.1383842271797041,7.1212523306675735,48.70481715293655,7.591032520752668,0.0535402807435571,2.755182847063452
2024-05-13 12:00:00,34.76,42.75,arma,ARMA,42.00432866335379,52.48029778268932,0.2084099155165072,7.244328663353791,50.46521678180442,246.6538341634713,0.451818664608873,15.705216781804424,34.380067821295135,0.1443484604154236,0.0109301547383447,0.3799321787048626,41.883113189479936,50.73874151014305,0.204922703955119,7.1231131894799375
2024-05-14 12:00:00,44.45,71.1,arma,ARMA,28.27007638454701,261.7899282018934,0.3640027810000673,16.179923615452992,40.15886477730439,18.41384149945895,0.0965384752012511,4.291135222695615,28.70150651580244,248.01504702181316,0.3542968162924086,15.748493484197564,37.50117479436624,48.28617173845107,0.1563290259985097,6.94882520563376
2024-05-15 12:00:00,42.5,63.34,arma,ARMA,38.16172376559483,18.82064068600471,0.1020770878683569,4.338276234405171,47.89501469359524,29.10618354410857,0.126941522202241,5.395014693595243,36.88852387611362,31.48866428894695,0.1320347323267384,5.611476123886384,41.809238647149705,0.4771512465915696,0.0162532083023598,0.6907613528502949
2024-05-16 12:00:00,44.85,65.0,arma,ARMA,36.84902335967311,64.01562719905657,0.1783941279894512,8.00097664032689,42.36420491378821,6.179177210634704,0.0554246396033844,2.4857950862117946,37.94113488460719,47.73241718269176,0.154043815281891,6.908865115392814,34.1334754684043,114.84389803629249,0.2389414611281093,10.716524531595702
2024-05-17 12:00:00,40.7,48.58,arma,ARMA,42.88649128501215,4.780744139434064,0.053722144594893,2.1864912850121456,39.42107966960605,1.6356372114949742,0.0314231039408833,1.2789203303939516,42.63780739415737,3.755097496850967,0.0476119752864218,1.9378073941573677,29.43573291469844,126.88371296900822,0.2767633190491785,11.264267085301563
2024-05-18 12:00:00,43.33,53.31,arma,ARMA,37.84436160619208,30.09222858761951,0.1266013938104758,5.485638393807918,53.387885681424,101.161064380594,0.2321229097951535,10.057885681424004,49.27441885010384,35.33611546546991,0.1371894495754406,5.944418850103844,38.7826849572137,20.678074098350585,0.1049461122267782,4.547315042786302
2024-05-19 12:00:00,55.33,80.9,arma,ARMA,40.68750088022388,214.4027804726444,0.2646394202019902,14.64249911977612,46.89281496993813,71.1860912315001,0.1524884335814543,8.437185030061869,54.21387861028396,1.2457269565816536,0.0201720836746075,1.1161213897160351,42.99605001392225,152.12632225906728,0.2229161392748553,12.333949986077748
2024-05-20 12:00:00,69.21,136.05,arma,ARMA,49.204350633171,400.2260065885052,0.2890572080166015,20.00564936682899,70.59668821555982,1.9229042071725029,0.0200359516769228,1.386688215559829,39.77860129351024,866.2072298203666,0.4252477778715468,29.43139870648975,48.76055516821874,418.1797939280652,0.2954695106455896,20.449444831781257
2024-05-21 12:00:00,50.98,64.34,arma,ARMA,60.47036899842328,90.0671037262338,0.1861586700357647,9.490368998423286,64.72368343267165,188.88883429749325,0.2695897103309465,13.743683432671652,54.36489030130119,11.457482351842865,0.0663964358827224,3.3848903013011906,36.87305610348984,199.00586609928524,0.2767152588566136,14.10694389651016
2024-05-22 12:00:00,41.7,48.0,arma,ARMA,45.90050326724558,17.644227698140792,0.1007314932193184,4.20050326724558,46.88964126149746,26.932376423036917,0.1244518288128886,5.1896412614974565,40.52828893126193,1.3729068286033093,0.0280985867802894,1.1717110687380696,34.45654275977177,52.46767279101479,0.1737040105570319,7.243457240228231
2024-05-23 12:00:00,35.19,38.78,arma,ARMA,39.56749949402969,19.16250182023021,0.1243961208874592,4.377499494029692,46.15841485180809,120.30612436136433,0.3116912433023044,10.968414851808092,41.59573995771756,41.03350440589942,0.1820329627086548,6.405739957717564,35.91038351378018,0.5189524069262854,0.0204712564302411,0.7203835137801846
2024-05-24 12:00:00,27.14,30.32,arma,ARMA,34.67837416397015,56.82708503601261,0.2777588122317666,7.538374163970147,30.546353844502207,11.60324651395496,0.1255104585299265,3.406353844502206,35.65208425184758,72.45557831055162,0.3136361183436839,8.512084251847583,31.155105988162383,16.121076096177422,0.1479405301459978,4.015105988162382
2024-05-25 12:00:00,37.97,43.0,arma,ARMA,30.49722616323869,55.84234881538434,0.1968073172705111,7.472773836761309,35.30803118013647,7.086077997925643,0.0701071588059924,2.661968819863532,36.23559838248207,3.008148970848819,0.0456782095738196,1.734401617517932,39.02495995548839,1.1129405076840713,0.0277840388593203,1.0549599554883926
2024-05-26 12:00:00,53.26,78.4,arma,ARMA,43.30935748415058,99.01528647823,0.1868314404027303,9.950642515849417,49.05344404847102,17.69511297334385,0.0789815236862368,4.206555951528976,48.70559916661807,20.742566951109985,0.0855125954446475,4.554400833381926,51.38128132173468,3.5295838720629726,0.0352744776242079,1.8787186782653151
2024-05-27 12:00:00,31.92,38.47,arma,ARMA,53.75456443011291,476.7482038527517,0.6840402390386249,21.834564430112906,43.3858933798706,131.46671099856044,0.3592071860861717,11.4658933798706,37.35239729076992,29.510940324764366,0.1701878850491829,5.43239729076992,33.63633286779852,2.945798513085494,0.0537698266854173,1.7163328677985206
2024-05-28 12:00:00,30.1,35.35,arma,ARMA,32.64345656119782,6.469171278700247,0.084500217979994,2.543456561197821,36.007103589919936,34.893872822044976,0.1962492887016589,5.9071035899199344,27.429516661081635,7.131481263440586,0.0887203767082513,2.670483338918366,32.859258062471255,7.613505055312618,0.0916697030721346,2.759258062471254
2024-05-29 12:00:00,27.32,29.87,arma,ARMA,30.810445001891296,12.183206311227924,0.1277615300838687,3.490445001891296,28.260398047049,0.8843484868935755,0.0344215976225842,0.9403980470490012,27.266222831325184,0.0028919838706796,0.0019684175942465,0.0537771686748165,29.024593760298583,2.905639887648861,0.0623936222656874,1.7045937602985823
2024-05-30 12:00:00,28.61,36.55,arma,ARMA,27.136075508900788,2.172453405462069,0.0515178081474733,1.4739244910992113,30.41385691106593,3.2538997556003246,0.0630498745566561,1.803856911065932,26.739086871927658,3.500315932793435,0.0653936780172087,1.870913128072342,27.79116130748065,0.6704968043667984,0.0286207162712111,0.8188386925193498
2024-05-31 12:00:00,22.46,26.3,arma,ARMA,31.370698427977747,79.40054647436507,0.3967363503106743,8.910698427977746,28.347557885833336,34.663337859038286,0.2621352576061146,5.887557885833335,28.27927786612266,33.86399488314507,0.2590951854907684,5.819277866122658,25.838159384528947,11.411960827280986,0.1504078087501756,3.3781593845289457
2024-06-01 12:00:00,34.82,39.97,arma,ARMA,26.22398305129873,73.89150738235948,0.2468701019156022,8.59601694870127,25.43661099924752,88.04798913944262,0.2694827398263205,9.38338900075248,28.742873139701025,36.93147087616728,0.1745297777225438,6.077126860298975,27.800172718172533,49.27797506668921,0.2016033107934367,7.019827281827467
2024-06-02 12:00:00,54.03,77.4,arma,ARMA,37.91523045088842,259.6857976209738,0.2982559605610138,16.11476954911158,57.94356297160205,15.315975132694648,0.0724331477253756,3.913562971602048,43.75171039239433,105.64323725781476,0.1902330114307916,10.278289607605672,49.59533564334632,19.666247956174637,0.0820778152258686,4.434664356653684
2024-06-03 12:00:00,54.95,180.79,arma,ARMA,48.75418860024804,38.388078901296346,0.1127536196497172,6.19581139975196,44.22290703265908,115.07052352997508,0.19521552260857,10.727092967340925,36.15560617496297,353.2292392505902,0.3420271851690087,18.794393825037037,31.70145411211751,540.4948859009779,0.4230854574682892,23.248545887882493
2024-06-04 12:00:00,61.78,100.0,arma,ARMA,46.65081564715904,228.8922191822477,0.2448880600977817,15.12918435284096,76.94986036220139,230.1246634086889,0.2455464610262445,15.16986036220139,42.476788814992005,372.6139620530178,0.3124508123180316,19.303211185008,39.316175485613485,504.6234118131526,0.3636099791904583,22.46382451438652
2024-06-05 12:00:00,61.13,80.75,arma,ARMA,47.57818516766611,183.6516852498648,0.2216884480996873,13.55181483233389,75.12951582847418,195.98644343169912,0.2290122006948173,13.99951582847418,47.55557335179259,184.2650588275636,0.2220583453003012,13.574426648207414,46.5461281772819,212.68931734147105,0.2385714350191085,14.583871822718102
2024-06-06 12:00:00,59.88,86.84,arma,ARMA,50.02447766246207,97.1313205457092,0.164587881388409,9.855522337537934,68.84778484172038,80.42116496738983,0.1497626059071539,8.96778484172038,53.92877671083429,35.41705863750834,0.0993858264723732,5.951223289165711,48.92502882903143,120.01139335675248,0.1829487503501765,10.95497117096857
2024-06-07 12:00:00,60.15,78.41,arma,ARMA,51.92056758090564,67.72355794044122,0.1368151690622503,8.229432419094358,65.918667813167,33.277528338669015,0.0959047017982877,5.768667813167006,54.80007516541512,28.62169573570801,0.0889430562690752,5.349924834584876,51.47999738308728,75.16894537727339,0.1441396943792638,8.670002616912718
2024-06-08 12:00:00,71.81,92.34,arma,ARMA,54.79236140076807,289.60002349406847,0.236981459396072,17.01763859923193,94.3806833005216,509.4357446524444,0.3143111446946329,22.570683300521598,71.86165290518235,0.0026680226137769,0.0007192996126215,0.0516529051823511,88.11606475966377,265.88774794634867,0.2270723403378884,16.30606475966377
2024-06-09 12:00:00,88.71,127.0,arma,ARMA,65.03736879870891,560.3934679923401,0.2668541449812995,23.67263120129108,70.45918119009741,333.09238723189395,0.2057357548179752,18.250818809902583,85.52460944958754,10.146712958656927,0.0359079083577099,3.18539055041245,83.02634980311161,32.30387956058932,0.0640700056012668,5.68365019688838
2024-06-10 12:00:00,58.85,66.38,arma,ARMA,74.42109717975084,242.4590673812447,0.2645895867417305,15.571097179750844,59.62888483547619,0.6066615869347731,0.0132350864142088,0.778884835476191,60.16486287019403,1.7288643674148745,0.0223426146167209,1.3148628701940268,51.89412535661011,48.38419205455443,0.1181966804314339,6.95587464338989
2024-06-11 12:00:00,58.15,94.22,arma,ARMA,53.36183992927565,22.92647686287903,0.0823415317407455,4.788160070724352,103.26534345361073,2035.3942149372565,0.775844255436126,45.11534345361073,50.31651071067777,61.3635544459261,0.1347117676581639,7.83348928932223,80.20771449076557,486.5427685561294,0.3793244108472153,22.05771449076557
2024-06-12 12:00:00,57.95,71.29,arma,ARMA,55.10454921792484,8.096590153212148,0.0491018254025049,2.8454507820751616,40.5875667316305,301.454088998584,0.2996105827156082,17.3624332683695,50.30170512637567,58.49641447390821,0.1319809296570203,7.64829487362433,47.29022133493983,113.63088118807204,0.1839478630726518,10.659778665060172
2024-06-13 12:00:00,47.58,56.11,arma,ARMA,54.56570147811119,48.80002514128484,0.1468201235416391,6.985701478111189,65.51487199338749,321.6596334191949,0.3769414038122633,17.93487199338749,54.19497305632799,43.75786853594527,0.1390284375016391,6.61497305632799,47.32117466324311,0.0669905549473151,0.0054397927019101,0.2588253367568853
2024-06-14 12:00:00,39.93,45.0,arma,ARMA,49.75563437206009,96.54309081340875,0.2460714843992009,9.825634372060094,47.41280003151903,55.99229631170125,0.1873979471955681,7.482800031519034,46.03056014648292,37.216834100855706,0.1527813710614305,6.10056014648292,41.38763103427143,2.124688232071197,0.0365046590100533,1.4576310342714294
2024-06-15 12:00:00,71.91,85.13,arma,ARMA,44.16009195281011,770.0573966274939,0.385897761746487,27.749908047189884,67.65883688860762,18.07238779966328,0.0591178293894086,4.251163111392373,51.78852566320754,404.87372948619753,0.2798146897064728,20.12147433679246,71.64422534812307,0.0706361655803003,0.0036959345275611,0.2657746518769244
2024-06-16 12:00:00,74.07,86.46,arma,ARMA,72.05108837184518,4.07600416229871,0.0272568061044256,2.018911628154811,74.99383390494015,0.853469083916972,0.0124724437010956,0.9238339049401532,86.03146494322915,143.07664358810018,0.1614886586098172,11.96146494322916,72.5528943217764,2.3016096388982485,0.0204820531689427,1.5171056782235866
2024-06-17 12:00:00,45.49,53.7,arma,ARMA,68.40412516253333,525.0571319642431,0.5037178536498863,22.91412516253333,53.29142232943347,60.86219036218317,0.1714975231794563,7.801422329433471,50.49180354642258,25.01803871700549,0.1099539139684013,5.001803546422579,47.23336889584438,3.0393351069976413,0.0383242228147807,1.7433688958443767
2024-06-18 12:00:00,36.54,42.76,arma,ARMA,45.90278445693031,87.66173278693587,0.2562338384491054,9.362784456930314,48.06216802071951,132.7603558976914,0.3153302687662702,11.522168020719512,40.72948677099571,17.551799404348095,0.1146548103720775,4.189486770995714,37.94654529818275,1.9783696758399985,0.0384933031796045,1.406545298182749
2024-06-19 12:00:00,39.45,49.0,arma,ARMA,37.08457057591853,5.595256360310425,0.0599601881896445,2.3654294240814764,35.848375913416575,12.97169606105791,0.0912959210794278,3.601624086583428,33.641417232188374,33.7396337705182,0.1472391069153771,5.808582767811629,38.58006523179541,0.7567865009311806,0.0220515784082279,0.8699347682045939
2024-06-20 12:00:00,37.56,43.2,arma,ARMA,40.85416717149579,10.851537353760548,0.0877041312964799,3.2941671714957863,46.91171571957787,87.4545868997998,0.2489807167086759,9.351715719577868,38.90134247892932,1.799199645780254,0.0357119935817177,1.3413424789293202,38.23419950263029,0.4545449693469269,0.0179499335098585,0.6741995026302874
2024-06-21 12:00:00,31.82,35.86,arma,ARMA,41.95173361406051,102.6520260262836,0.3184077188579669,10.131733614060508,37.458175020976704,31.78901756716565,0.1771896612500535,5.638175020976703,35.86088512072388,16.328752558887633,0.1269919899661809,4.040885120723878,33.423820284330056,2.5722395044285395,0.0504029001989332,1.6038202843300553
2024-06-22 12:00:00,52.74,62.12,arma,ARMA,37.7577656469941,224.46734620839013,0.2840772535647686,14.9822343530059,50.38837338026468,5.530147758647769,0.0445890523271771,2.3516266197353204,40.9886674361512,138.09381702617335,0.2228163170999015,11.751332563848806,53.32520226746709,0.3424616938486225,0.0110959853520494,0.5852022674670891
2024-06-23 12:00:00,54.96,61.5,arma,ARMA,55.94519687673456,0.9706128859275368,0.0179257073641659,0.9851968767345624,57.140739188410805,4.755623407870614,0.0396786606333843,2.1807391884108043,63.63077300311733,75.18230447158837,0.1577651565341581,8.670773003117333,56.21667236211668,1.57922542570792,0.0228652176513224,1.2566723621166815
2024-06-24 12:00:00,39.32,45.1,arma,ARMA,49.69572281958911,107.65562402894214,0.263879013723019,10.375722819589107,49.15908980898745,96.80768826932076,0.2502311752031397,9.839089808987453,38.19623238355763,1.2628536557645695,0.028580051282868,1.1237676164423718,45.8150551318929,42.18574116632826,0.1651845150532273,6.495055131892897
2024-06-25 12:00:00,40.06,49.19,arma,ARMA,39.029475758398256,1.0619802125288544,0.0257245192611519,1.0305242416017464,48.13140909951374,65.14764485171315,0.2014830029833683,8.071409099513737,34.68470998304089,28.8937427664203,0.1341809789555445,5.375290016959113,43.79409023838428,13.94342990839674,0.0932124373036514,3.734090238384276
2024-06-26 12:00:00,39.07,48.0,arma,ARMA,38.612673856576585,0.2091472014585343,0.0117053018536835,0.4573261434234155,35.3109172102272,14.13070342036604,0.0962140463212899,3.7590827897727976,34.95743971760996,16.913152076292064,0.1052613330532388,4.112560282390042,38.70633511108679,0.1322521514282597,0.0093080340136476,0.3636648889132132
2024-06-27 12:00:00,37.43,44.18,arma,ARMA,38.6646638872491,1.5243949144770546,0.0329859440889419,1.2346638872490985,39.31285126223785,3.545128875710664,0.0503032664236668,1.8828512622378497,36.899849710956175,0.2810593289732505,0.0141637800973503,0.5301502890438243,31.450275206065204,35.75710861119854,0.1597575419165053,5.979724793934796
2024-06-28 12:00:00,47.72,67.49,arma,ARMA,40.75799857381578,48.469463858191055,0.1458927373466935,6.962001426184216,65.99660993834085,334.03447083825967,0.3829968553717698,18.27660993834085,35.73310966876652,143.68553981301875,0.2511921695564434,11.986890331233482,52.58930941651168,23.710174193729348,0.102039174696389,4.869309416511683
2024-06-29 12:00:00,54.61,62.6,arma,ARMA,51.31469358515928,10.859044367690377,0.0603425455931279,3.2953064148407165,42.70156198397701,141.81089598146158,0.2180633220293534,11.908438016022991,57.64095103579991,9.18666418141654,0.0555017585753508,3.0309510357999088,42.40463242020122,148.9709977580032,0.2235005965903457,12.205367579798782
2024-06-30 12:00:00,54.78,59.0,arma,ARMA,53.005685202949,3.148192999034124,0.0323898283506936,1.774314797050998,64.07935767015053,86.47805307738744,0.1697582634200534,9.299357670150528,62.866085875999474,65.38478479403815,0.1476101839357333,8.086085875999473,51.27593580980753,12.278465848989232,0.0639661224934734,3.504064190192473
2024-07-01 12:00:00,38.75,42.09,arma,ARMA,51.25580626231008,156.39519027043403,0.3227304841886472,12.50580626231008,44.53395333378606,33.45411616741486,0.1492633118396402,5.783953333786059,40.39308682925768,2.699734328480067,0.0424022407550369,1.6430868292576832,36.213815722222826,6.432230690844127,0.0654499168458625,2.536184277777174
2024-07-02 12:00:00,31.69,36.57,arma,ARMA,36.93801050847916,27.54161429710767,0.1656046231770009,5.248010508479158,39.30144509791061,57.93409647850741,0.2401844461316064,7.611445097910607,34.576701308833215,8.333044446419388,0.0910918683759297,2.8867013088332136,29.91699580222993,3.1435438853102924,0.0559483811224383,1.7730041977700708
2024-07-03 12:00:00,28.48,30.24,arma,ARMA,32.839209031958106,19.00270338430512,0.1530621148861694,4.359209031958105,31.73615720233622,10.602559726326032,0.1143313624415807,3.256157202336219,29.063721061382928,0.3407302775020117,0.0204958237845129,0.5837210613829278,32.01946380399744,12.52780401980802,0.1242789257021572,3.539463803997439
2024-07-04 12:00:00,48.48,68.73,arma,ARMA,31.25853105423693,296.5789926498817,0.3552283198383471,17.221468945763068,44.05934770771263,19.54216668930553,0.0911850720356304,4.420652292287365,28.78980532689884,387.7037662646212,0.4061508802207335,19.69019467310116,46.48645016033587,3.974240963224864,0.0411210775508276,1.9935498396641265
2024-07-05 12:00:00,54.9,65.42,arma,ARMA,54.12923614750457,0.5940769163135934,0.0140394144352536,0.7707638524954277,58.6368584409807,13.96411100792874,0.0680666382692295,3.736858440980704,44.55748951940466,106.96752304122438,0.1883881690454524,10.342510480595337,45.66457177493445,85.29313450033736,0.1682227363399917,9.235428225065547
2024-07-06 12:00:00,66.09,78.12,arma,ARMA,53.81341711296413,150.714487382262,0.1857555286281717,12.276582887035872,68.49873796757134,5.802018596419713,0.0364463302704091,2.4087379675713407,60.30533369441205,33.462364267004595,0.0875271040337109,5.784666305587955,58.33309633037271,60.16955453987735,0.1173687951222165,7.756903669627292
2024-07-07 12:00:00,58.45,65.36,arma,ARMA,61.161822058932266,7.35397887931162,0.0463955869791661,2.7118220589322632,67.11004043310591,74.99630030302912,0.1481615129701609,8.660040433105905,75.21698146320418,281.1316673874324,0.2868602474457515,16.766981463204175,55.51355692878446,8.622697910489768,0.0502385469840127,2.9364430712155425
2024-07-08 12:00:00,38.69,41.53,arma,ARMA,48.98840026020093,106.0570479193067,0.2661773135228983,10.298400260200935,47.284349223005925,73.86283856698259,0.22213360617746,8.594349223005928,42.44861712382263,14.12720268349271,0.0971469920863952,3.758617123822632,40.47842357701572,3.1984588908257043,0.0462244398298196,1.7884235770157204
2024-07-09 12:00:00,37.0,45.88,arma,ARMA,35.7121999396973,1.6584289953156388,0.0348054070352081,1.2878000603027004,46.75404969186286,95.14148539132997,0.2636229646449421,9.75404969186286,35.48431128405162,2.297312283653245,0.0409645598904967,1.5156887159483787,41.2661894285018,18.200372239860485,0.115302416986535,4.2661894285017965
2024-07-10 12:00:00,32.9,36.5,arma,ARMA,37.68470789802488,22.893429669421703,0.1454318510037958,4.784707898024884,26.573394744178326,40.0259340629904,0.1922980320918441,6.326605255821672,33.61864211318362,0.5164464868410187,0.02184322532473,0.7186421131836198,27.98110721391685,24.19550624098084,0.1495104190298829,4.918892786083148
2024-07-11 12:00:00,31.04,38.18,arma,ARMA,35.78682586403534,22.53235578347489,0.1529260909805201,4.746825864035344,44.88808915257079,191.7695731775489,0.4461368928018941,13.848089152570791,32.677929392125066,2.6828126935871897,0.0527683438184621,1.6379293921250664,36.17994803944355,26.419065848179624,0.1655911095181557,5.139948039443553
2024-07-12 12:00:00,26.73,28.56,arma,ARMA,37.48515994751411,115.67346549661175,0.4023628861771086,10.755159947514112,25.72106875801957,1.017942251044175,0.0377452765424777,1.0089312419804308,31.040501795509325,18.58042572908911,0.1612608228772661,4.3105017955093246,24.782343165062787,3.793367146677642,0.0728640791222301,1.947656834937213
2024-07-13 12:00:00,46.41,52.8,arma,ARMA,30.24664859393784,261.25392867585145,0.3482730318048299,16.163351406062155,51.80326878920726,29.08734823263717,0.1162091960613501,5.393268789207262,34.8367313592464,133.9405470310506,0.2493701495529756,11.573268640753597,54.2193068955041,60.98527418816789,0.168267763316184,7.8093068955041
2024-07-14 12:00:00,57.23,70.87,arma,ARMA,49.6344471348433,57.69242332739013,0.1327197774795858,7.595552865156698,50.00717187256436,52.16924615847534,0.1262070265146886,7.222828127435633,55.41685133741879,3.287508072620016,0.031681786870194,1.8131486625812057,51.191170603443645,36.46746048071316,0.1055185985769063,6.038829396556352
2024-07-15 12:00:00,38.18,43.75,arma,ARMA,51.62281216728674,180.7091989649524,0.352090418210758,13.44281216728674,54.21888899455399,257.2459601796252,0.4200861444356729,16.038888994553993,38.62595748236748,0.1988780760795437,0.0116803950331975,0.4459574823674828,41.97679321344879,14.415638705690816,0.0994445577121213,3.796793213448794
2024-07-16 12:00:00,65.6,125.0,arma,ARMA,37.12586834475862,810.7761735200188,0.4340568849884356,28.47413165524137,42.19624217932615,547.7358801287522,0.3567646009249062,23.40375782067385,32.884785996547514,1070.2852272916932,0.4987075305404342,32.71521400345248,37.40169537771945,795.1443835709284,0.4298522046079351,28.198304622280546
2024-07-17 12:00:00,56.43,66.87,arma,ARMA,59.39630997926592,8.798994893092598,0.0525661878303371,2.9663099792659224,78.37841095981504,481.7327436609291,0.3889493347477413,21.948410959815043,53.40856603001785,9.129063234962084,0.0535430439479381,3.021433969982148,46.038031771048026,107.99300367154724,0.1841568000877542,10.391968228951974
2024-07-18 12:00:00,38.64,46.5,arma,ARMA,47.78570093184095,83.6438455346764,0.2366899827080991,9.145700931840947,53.98344944222878,235.4214407862307,0.397087200885838,15.34344944222878,48.24792573351984,92.3122369008328,0.2486523222960621,9.607925733519842,36.22508899700406,5.831795152390872,0.0624976967649053,2.414911002995943
2024-07-19 12:00:00,36.7,42.0,arma,ARMA,40.03405673628375,11.115934320759044,0.0908462325962874,3.334056736283749,37.865406969015424,1.358173403429712,0.0317549582837989,1.1654069690154216,38.58089918731846,3.5377817528552256,0.0512506590549987,1.8808991873184555,35.227910517583354,2.1670474442417182,0.0401114300386007,1.4720894824166493
2024-07-20 12:00:00,43.3,52.0,arma,ARMA,37.38035963579184,35.04214204156247,0.1367122485960313,5.919640364208156,52.57990562569295,86.11664842176775,0.2143165271522622,9.279905625692956,48.77049786252584,29.92634686389985,0.1263394425525599,5.470497862525846,50.53808476662087,52.38987108878913,0.1671613110074104,7.238084766620872
2024-07-21 12:00:00,44.63,51.69,arma,ARMA,43.86176564523851,0.5901840238358016,0.0172134070078756,0.7682343547614892,41.01267951406188,13.085007497987618,0.0810513216656536,3.617320485938123,53.33265445731756,75.73619460346914,0.1949956185820649,8.702654457317557,46.03380933282234,1.9706806429190864,0.0314543879189409,1.403809332822334
2024-07-22 12:00:00,35.55,40.36,arma,ARMA,46.3310961112833,116.23203336072798,0.3032657133975613,10.781096111283304,40.627829104241854,25.784348411885663,0.1428362617226964,5.077829104241857,33.646015014736165,3.625158824110117,0.0535579461396296,1.9039849852638329,34.60602652675853,0.8910859181835654,0.0265534029041201,0.9439734732414706
2024-07-23 12:00:00,32.79,39.85,arma,ARMA,37.79377709296201,25.037785196051352,0.1526007042684358,5.003777092962011,35.94827128717279,9.974677523380056,0.0963181240369865,3.158271287172788,32.20419983563562,0.3431618325693333,0.0178652078183708,0.5858001643643789,32.4300967597676,0.1295303423297795,0.010976006106508,0.3599032402323985
2024-07-24 12:00:00,40.23,51.5,arma,ARMA,34.57769906550539,31.94850585408858,0.1404996503727219,5.652300934494605,44.34445127426908,16.92870928833451,0.1022732108940861,4.114451274269086,29.106439746515687,123.73359271289594,0.2764991363033634,11.12356025348431,43.44030079502137,10.306031194514873,0.0797986774800242,3.210300795021375
2024-07-25 12:00:00,37.81,42.7,arma,ARMA,40.520149887512446,7.34491241278371,0.0716781245044285,2.7101498875124435,38.24921827496019,0.1929126930590051,0.01161645794658,0.43921827496019,37.95036195038493,0.0197014771158611,0.0037122970215532,0.1403619503849285,32.385230670932344,29.428122273593168,0.1434744599065765,5.424769329067658
2024-07-26 12:00:00,34.15,38.26,arma,ARMA,37.63197502635889,12.124150084186985,0.1019612013575077,3.4819750263588887,34.70309855183151,0.3059180080381142,0.0161961508589022,0.5530985518315106,34.850742668282614,0.491040287151839,0.0205195510478071,0.700742668282615,26.88229282796988,52.81956753837807,0.212817193910106,7.267707172030121
2024-07-27 12:00:00,34.9,41.88,arma,ARMA,36.60979833607393,2.923410350041182,0.0489913563344965,1.7097983360739306,45.70660439334432,116.7826985142488,0.3096448250241926,10.806604393344324,43.26973749056015,70.0525056608882,0.2398205584687723,8.369737490560155,33.14075055583672,3.0949586067888126,0.0504082935290338,1.7592494441632809
2024-07-28 12:00:00,51.47,65.34,arma,ARMA,35.720160255617714,248.05745197372383,0.3060003836095256,15.749839744382284,53.70489867094765,4.994772069403575,0.0434213847085224,2.2348986709476506,43.27402049917558,67.17407997793413,0.1592379930216518,8.195979500824421,55.56595326474925,16.776833147010024,0.0795794300514717,4.095953264749248
2024-07-29 12:00:00,42.21,57.65,arma,ARMA,49.126431582165054,47.83702583077018,0.1638576541616928,6.916431582165053,43.984640844205,3.149350125920644,0.0420431377447287,1.7746408442050026,37.88080268857109,18.74194936128333,0.102563309913028,4.3291973114289135,39.31573584022029,8.376765026585346,0.068568210371469,2.894264159779709
2024-07-30 12:00:00,41.35,55.96,arma,ARMA,38.23026043718986,9.732774939762797,0.0754471478309586,3.119739562810139,42.67390101581263,1.752713899669715,0.0320169532240055,1.3239010158126303,35.324613718205846,36.3052798448332,0.1457167178184801,6.025386281794155,37.026128488700245,18.695864846229643,0.1045676302611791,4.323871511299757
2024-07-31 12:00:00,40.46,47.24,arma,ARMA,40.64696888201515,0.0349573628419954,0.004621079634581,0.1869688820151509,45.93518834077033,29.977687366907364,0.135323488402628,5.47518834077033,35.73999886678078,22.27841069759073,0.1166584560854972,4.72000113321922,37.87062809102893,6.704846882968505,0.0639983170778812,2.5893719089710743
2024-08-01 12:00:00,33.83,37.44,arma,ARMA,38.32830025429535,20.23470517779362,0.1329677875937142,4.498300254295351,35.07127975842969,1.5407754386872723,0.0366916866222196,1.241279758429691,38.01280946092873,17.495894986434898,0.1236420177631903,4.1828094609287305,27.74565751919224,37.01922342376192,0.1798505019452486,6.084342480807759
2024-08-02 12:00:00,28.86,31.5,arma,ARMA,34.08448438402817,27.29523707895424,0.1810285649351411,5.224484384028173,39.11076151199576,105.07811157581364,0.3551892415798947,10.250761511995762,32.908601846454985,16.39117691111872,0.1402841942638595,4.048601846454986,31.24499437438298,5.688198165838465,0.0826401377125079,2.3849943743829805
2024-08-03 12:00:00,43.21,65.09,arma,ARMA,31.31567325183774,141.4750087920482,0.2752679182634173,11.89432674816226,37.12526537441122,37.02399546383903,0.1408177418557921,6.08473462558878,37.84721027950816,28.759513586212947,0.1241099217887489,5.36278972049184,35.83372813002893,54.40938669972651,0.1707075183978493,7.37627186997107
2024-08-04 12:00:00,58.27,84.08,arma,ARMA,44.39288789077551,192.574240491985,0.2381519153805472,13.877112109224491,67.55647610948165,86.2386385319734,0.1593697633341624,9.286476109481647,52.39794585049485,34.48101993472069,0.1007731963189489,5.8720541495051535,57.09430339805223,1.3822624998315334,0.0201767050274201,1.17569660194777
2024-08-05 12:00:00,43.32,53.97,arma,ARMA,54.57633521304699,126.70508242848156,0.2598415330804937,11.256335213046988,41.64246071893629,2.8141380395117443,0.038724360135358,1.6775392810637086,40.39810090297368,8.53749433320322,0.0674491942988531,2.9218990970263192,33.32653953550663,99.86925205539198,0.2306892997343806,9.993460464493367
2024-08-06 12:00:00,46.98,67.0,arma,ARMA,39.75525137761271,52.19699265668702,0.1537834955808277,7.224748622387288,59.94173652670425,168.00661378769917,0.2758990320711845,12.96173652670425,36.98001515574156,99.9996968853984,0.2128562120957521,9.999984844258435,46.62992279648356,0.1225540484218871,0.0074516220416439,0.3500772035164345
2024-08-07 12:00:00,45.9,55.63,arma,ARMA,43.32306681028717,6.640584664243517,0.0561423352878611,2.5769331897128254,39.13676089232645,45.7414032275649,0.1473472572477897,6.763239107673549,40.44844288748235,29.719474951041757,0.1187703074622581,5.451557112517648,33.64932822813835,150.0789588618878,0.2668991671429553,12.250671771861647
2024-08-08 12:00:00,41.83,46.0,arma,ARMA,40.4859886389977,1.8063665385032408,0.0321303218025889,1.3440113610022948,57.66582429555609,250.77333111972465,0.3785757660902724,15.835824295556094,42.14190734903123,0.0972861943796897,0.007456546713632,0.3119073490312303,40.06717672307395,3.1075459056722945,0.042142559811763,1.7628232769260492
2024-08-09 12:00:00,50.31,65.33,arma,ARMA,41.3090935414015,81.01631707644019,0.1789088940289902,9.0009064585985,65.87485117936966,242.2645922359249,0.3093788745650895,15.564851179369654,39.81013710273019,110.24712086146326,0.2087032975008907,10.499862897269814,58.719484335697146,70.71942679233564,0.1671533360305534,8.409484335697144
2024-08-10 12:00:00,69.15,80.0,arma,ARMA,50.30671806225197,355.0692741854615,0.2724986541973686,18.84328193774804,52.538762002909536,275.9332277959822,0.2402203614908238,16.61123799709047,61.09752705669847,64.84232050260333,0.1164493556515045,8.052472943301538,56.71506691903299,154.62756072812778,0.1798254964709618,12.434933080967014
2024-08-11 12:00:00,70.9,79.44,arma,ARMA,64.21617186861492,44.673558489894624,0.0942712007247543,6.683828131385084,85.34507069532565,208.6600673929556,0.2037386557873856,14.44507069532564,77.38322366206422,42.03218905234939,0.0914418005932894,6.483223662064219,64.68385020927543,38.640518220725134,0.0876748912655087,6.216149790724572
2024-08-12 12:00:00,54.05,67.11,arma,ARMA,62.234786162722,66.99072452948562,0.151429901252951,8.184786162722006,58.833942489330944,22.88610574122598,0.0885095742706928,4.783942489330947,50.240563155882086,14.511809069323032,0.0704798676062518,3.809436844117912,47.924474858901256,37.52205825423275,0.1133307149139452,6.125525141098741
2024-08-13 12:00:00,52.48,65.49,arma,ARMA,49.64839645629756,8.01797862870819,0.0539558602077445,2.8316035437024354,56.70709621443151,17.86834240606122,0.0805468028664541,4.227096214431512,47.937852592758944,20.631103069106626,0.0865500649245627,4.542147407241053,45.60680201425089,47.2408505513056,0.1309679494235729,6.873197985749108
2024-08-14 12:00:00,45.59,50.55,arma,ARMA,47.53349787931358,3.777184006896365,0.0426299161946386,1.9434978793135755,49.30271841612304,13.784278037419169,0.0814371225295687,3.712718416123039,45.94411084953903,0.1253944937612508,0.007767292159224,0.3541108495390261,41.279624676203326,18.579335431995307,0.0945465085281131,4.310375323796677
2024-08-15 12:00:00,46.91,55.5,arma,ARMA,44.67988674416748,4.973405133839894,0.0475402527357176,2.2301132558325136,65.18089710561958,333.82568104413804,0.3894883203073883,18.270897105619586,43.73575952696662,10.075802580643169,0.0676666056924617,3.174240473033379,53.18720293960986,39.403276745046725,0.1338137484461706,6.2772029396098645
2024-08-16 12:00:00,44.96,54.65,arma,ARMA,49.84964676364099,23.9086454731848,0.1087554885151465,4.8896467636409895,41.43604961999964,12.418226280704664,0.0783796792704705,3.523950380000357,45.483719094895534,0.2742816903581963,0.0116485563811284,0.523719094895533,38.29315375566336,44.44683884562556,0.1482839467156725,6.666846244336639
2024-08-17 12:00:00,50.0,60.55,arma,ARMA,49.621876469815824,0.1429774040789435,0.0075624706036835,0.3781235301841761,47.97473809472243,4.101685784968521,0.0405052381055513,2.025261905277567,55.64574837521282,31.874474716218177,0.1129149675042563,5.645748375212818,41.38318343792122,74.2495276645152,0.1723363312415756,8.616816562078782
2024-08-18 12:00:00,54.66,62.21,arma,ARMA,51.201612283581575,11.960445597073823,0.0632709058986173,3.4583877164184216,52.86836680609747,3.20994950149337,0.0327777752269031,1.791633193902527,60.62255198409829,35.55202616307446,0.1090843758525117,5.96255198409829,38.205915808768,270.7368865721508,0.3010260554561288,16.454084191232
2024-08-19 12:00:00,43.68,51.02,arma,ARMA,53.404972833827806,94.57509661868885,0.2226413194557648,9.724972833827806,65.3967325504625,471.6164726683176,0.4971779430050939,21.716732550462503,40.97011849878443,7.34345775063035,0.0620394116578656,2.7098815012155697,44.4412874496869,0.5795585810507795,0.0174287419800113,0.7612874496868969
2024-08-20 12:00:00,49.07,57.05,arma,ARMA,43.03491210585276,36.42228589008256,0.1229893599785457,6.035087894147239,49.8455929261053,0.6015443870245766,0.0158058472815426,0.775592926105297,39.20652070200602,97.28822386195588,0.2010083411044219,9.863479297993983,46.99608893574734,4.301107102429612,0.0422643379713198,2.0739110642526626
2024-08-21 12:00:00,66.49,94.64,arma,ARMA,49.1085116826515,302.1161361261221,0.2614150747082041,17.38148831734849,83.84103862653055,301.05854141935527,0.2609571157547083,17.351038626530553,42.3893154421092,580.8429961589558,0.3624708160308437,24.100684557890794,84.92002140104431,339.66568884295145,0.2771848608970419,18.430021401044318
2024-08-22 12:00:00,63.13,74.17,arma,ARMA,65.12134395596522,3.965450750959185,0.0315435443682118,1.9913439559652133,65.68401265823015,6.522980658399799,0.040456401999527,2.5540126582301426,58.25435565586611,23.771907770484848,0.0772318128327878,4.875644344133896,64.18762571029991,1.1185721430873878,0.0167531397164566,1.0576257102999094
2024-08-23 12:00:00,71.32,82.2,arma,ARMA,59.316744453422935,144.07814371643292,0.1683013957736548,12.00325554657706,69.30108700373498,4.076009686487783,0.0283078098186345,2.018912996265016,55.46177676371632,251.48324421180732,0.2223531020230464,15.85822323628367,63.90703977145928,54.95197934992636,0.103939431134895,7.412960228540712
2024-08-24 12:00:00,72.26,81.61,arma,ARMA,65.87274999593018,40.796962614490006,0.0883926100756964,6.387250004069827,82.56366967360606,106.16560874278905,0.1425916091005542,10.303669673606052,84.02318756642877,138.3725817229844,0.162789753202723,11.763187566428767,71.58574003889389,0.4546264951508219,0.009331026309246,0.6742599611061166
2024-08-25 12:00:00,66.21,73.0,arma,ARMA,68.18017931908547,3.881606549352104,0.0297565219617199,1.9701793190854744,79.73873772380186,183.02674439941973,0.2043307313668912,13.528737723801868,82.61308689210908,269.06125959008097,0.2477433452969202,16.403086892109087,73.5430712009678,53.77393323846345,0.1107547379696089,7.333071200967808
2024-08-26 12:00:00,51.88,58.46,arma,ARMA,60.48540858995883,74.05305700013717,0.165871406899746,8.605408589958827,46.81687886248356,25.635195653165766,0.0975929286337016,5.06312113751644,50.719945752485145,1.3457258571772617,0.0223603363052208,1.1600542475148572,42.8577308925402,81.40133984742357,0.1739064978307595,9.022269107459806
2024-08-27 12:00:00,48.78,57.26,arma,ARMA,50.954983454287486,4.730553026424321,0.0445876066889603,2.174983454287485,65.78116193785986,289.03950723733493,0.3485273049991771,17.001161937859862,48.03359879676957,0.5571147561838395,0.0153013776800006,0.7464012032304339,51.33388381552447,6.522322543197834,0.0523551417696693,2.553883815524472
2024-08-28 12:00:00,48.99,62.64,arma,ARMA,50.74337989203865,3.0743410458054488,0.0357905673002376,1.7533798920386443,52.491375839371806,12.2596327685366,0.0714712357495775,3.5013758393718035,43.98801423240356,25.019861619237396,0.1021021793753101,5.0019857675964445,49.07359403919683,0.0069879633892403,0.001706349034432,0.083594039196825
2024-08-29 12:00:00,48.07,52.95,arma,ARMA,52.03540018207471,15.72439860399814,0.0824922026643376,3.96540018207471,49.35160370836662,1.6425080652990658,0.0266611963462995,1.2816037083666174,46.94473509726987,1.2662211013162494,0.0234088808556299,1.1252649027301302,42.975594482975374,25.952967571890944,0.1059788957150952,5.094405517024626
2024-08-30 12:00:00,41.37,44.08,arma,ARMA,53.08149896110358,137.1592079159302,0.2830915871671158,11.71149896110358,47.05902258593351,32.36497798326165,0.1375156535154342,5.689022585933515,45.94049398264567,20.8894152454003,0.1104784622346065,4.570493982645672,38.421312532365214,8.694757781786434,0.0712759842309592,2.948687467634784
2024-08-31 12:00:00,54.38,65.0,arma,ARMA,45.13067404841904,85.5500305585891,0.1700869060607018,9.249325951580964,64.72036479886229,106.92314417355036,0.1901501434141649,10.34036479886229,51.85036738255273,6.399041179253125,0.0465177016816342,2.5296326174472696,61.70755907187469,53.69312195181305,0.1347473165111196,7.327559071874688
2024-09-01 12:00:00,62.95,86.97,arma,ARMA,55.4013612019037,56.98194770412484,0.1199148339649929,7.548638798096306,61.31651119073162,2.668285690005048,0.0259489882330164,1.6334888092683857,65.1094216470215,4.663101849625061,0.0343037592854885,2.159421647021503,62.73179634553108,0.0476128348235929,0.0034663011035571,0.2182036544689225
2024-09-02 12:00:00,46.56,51.78,arma,ARMA,59.55394676027554,168.84265240887504,0.2790796125488731,12.993946760275534,45.86800495881799,0.4788571370204931,0.0148624364515036,0.691995041182011,45.523377597925936,1.0745860044818063,0.0222642268486698,1.036622402074066,40.07609650621873,42.04100451666896,0.1392590956568142,6.48390349378127
2024-09-03 12:00:00,38.32,43.0,arma,ARMA,44.3008229923629,35.77024366597675,0.1560757565856707,5.980822992362903,51.628066662000585,177.10463828025138,0.34728775213989,13.308066662000584,41.71166652816127,11.5034018382495,0.0885090430104714,3.3916665281612666,38.41757747342821,0.0095213633206329,0.0025463850059553,0.0975774734282097
2024-09-04 12:00:00,31.64,33.72,arma,ARMA,39.08325981467485,55.40211666875342,0.2352484138645653,7.443259814674846,34.5386705149964,8.402290754509476,0.091614112357661,2.8986705149963967,35.26467670773502,13.138281235596784,0.1145599465150132,3.62467670773502,31.01515154100287,0.3904355967110904,0.0197486870732342,0.6248484589971319
2024-09-05 12:00:00,51.6,77.44,arma,ARMA,33.7845564081004,317.3900303761566,0.3452605347267364,17.8154435918996,61.967323113763314,107.48138854517104,0.2009171146078161,10.367323113763312,32.10013472836632,380.24474561186526,0.3779043657293349,19.49986527163368,61.3082384956041,94.24989468752936,0.1881441568915523,9.7082384956041
2024-09-06 12:00:00,47.72,54.11,arma,ARMA,55.31761434579074,57.723743747365226,0.1592123710350113,7.597614345790738,42.39586822623245,28.34637914444117,0.1115702383438295,5.324131773767547,48.43765171521479,0.5150239843507334,0.0150388037555488,0.7176517152147923,42.44969828730282,27.776080142858785,0.1104421985058083,5.270301712697176
2024-09-07 12:00:00,55.62,65.69,arma,ARMA,49.029135041934886,43.43950089545062,0.1184981114359063,6.590864958065112,58.673933129006336,9.326507556442449,0.0549071040813797,3.0539331290063387,53.95560299273687,2.770217397786451,0.0299244337875427,1.6643970072631262,48.67091015702266,48.28984964577079,0.1249386882951696,6.949089842977337
2024-09-08 12:00:00,61.37,73.92,arma,ARMA,57.08017972503342,18.402557991514342,0.0699009332730418,4.28982027496658,59.18654925022388,4.767457176697905,0.0355784707475333,2.183450749776121,65.48677745193389,16.947856588751307,0.0670812685666268,4.116777451933892,46.63135720614817,217.2275914047605,0.240160384452531,14.738642793851833
2024-09-09 12:00:00,38.39,41.65,arma,ARMA,54.2675875644616,252.09778686714563,0.4135865476546392,15.8775875644616,51.27400023739255,165.99746211713125,0.3356082374939449,12.884000237392549,44.78528757615297,40.89970318169649,0.1665873294126847,6.395287576152967,36.31657485501038,4.299091831875229,0.0540095114610476,2.0734251449896206
2024-09-10 12:00:00,53.93,68.94,arma,ARMA,36.21468940907492,313.83222933294223,0.3284871238814218,17.71531059092508,58.2711554558287,18.84563069167127,0.0804961145156443,4.341155455828698,35.438805319429655,341.924280714753,0.3428739974146179,18.491194680570345,50.16543535134886,14.171946993873869,0.0698046476664405,3.764564648651138
2024-09-11 12:00:00,38.8,42.0,arma,ARMA,53.24298841229243,208.5999142776136,0.3722419693889803,14.442988412292436,40.86780661264294,4.27582418728987,0.0532939848619314,2.06780661264294,47.81896010842718,81.34164143740081,0.2324474254749273,9.01896010842718,32.6921305745629,37.30606891818926,0.1574193150885849,6.107869425437094
2024-09-12 12:00:00,31.72,34.47,arma,ARMA,38.47164169692856,45.584665603704345,0.2128512514794627,6.751641696928559,42.50212966601293,116.25432013471604,0.3399158154480746,10.782129666012928,36.31191784146502,21.08570946276476,0.1447641185833864,4.591917841465019,31.42324252414689,0.0880649994747087,0.0093555320256339,0.2967574758531093
2024-09-13 12:00:00,32.37,41.6,arma,ARMA,37.02883620784935,21.704754811568154,0.1439245044130168,4.658836207849355,31.428021678956423,0.8873231573160717,0.0291003497387573,0.9419783210435746,33.10971035837051,0.5471714142806372,0.0228517256215791,0.739710358370516,30.892171689443742,2.183976515481555,0.0456542573542247,1.477828310556255
2024-09-14 12:00:00,51.56,64.39,arma,ARMA,35.26037183717316,265.67787824641795,0.3161293282161916,16.299628162826842,53.47931686299126,3.683777220562608,0.0372249197632129,1.9193168629912591,41.63543492298978,98.4969919678109,0.1924857462569864,9.924565077010222,50.17476798003938,1.9188677491241943,0.0268664084554039,1.3852320199606254
2024-09-15 12:00:00,61.61,86.63,arma,ARMA,54.380790829842056,52.261465225895705,0.1173382433072219,7.229209170157944,59.87547900669682,3.008563076209444,0.0281532380019993,1.7345209933031782,59.42923727103541,4.755726080041077,0.035396246209456,2.180762728964588,53.802839005390176,60.95176279575705,0.1267190552606691,7.807160994609823
2024-09-16 12:00:00,36.94,42.19,arma,ARMA,58.3908616094252,460.139463786712,0.5806946835253168,21.450861609425203,49.32324627529979,153.34478831472612,0.3352259413995612,12.38324627529979,42.68962240229658,33.058157768990704,0.1556476015781424,5.7496224022965805,36.53289040788197,0.1657382199945054,0.011020833571143,0.4071095921180259
2024-09-17 12:00:00,54.16,104.39,arma,ARMA,37.494369153732926,277.7432515040485,0.3077110569842517,16.66563084626707,44.357567401227776,96.08768485347233,0.1809902621634457,9.80243259877222,33.806879576383466,414.24951097823634,0.375796167348902,20.35312042361653,38.64166891872453,240.8185995480803,0.2865275310427524,15.51833108127547
2024-09-18 12:00:00,57.07,72.8,arma,ARMA,51.187935254370885,34.59868567177291,0.1030675441673228,5.882064745629116,84.63019476955762,759.5643357359511,0.4829191303584653,27.56019476955762,47.38061814227531,93.88412078480437,0.1697806528425563,9.68938185772469,57.61555987126328,0.2976355731328057,0.0095594860918745,0.5455598712632792
2024-09-19 12:00:00,60.89,85.12,arma,ARMA,49.82534409732206,122.4266102446658,0.1817154853453431,11.06465590267794,59.83700751542815,1.1087931725648033,0.0172933566196724,1.0529924845718526,49.66404173263368,126.0221390206503,0.184364563431866,11.225958267366323,48.74563204035838,147.48567313916996,0.1994476590514307,12.14436795964162
2024-09-20 12:00:00,66.45,80.91,arma,ARMA,60.202944986617176,39.02569634023151,0.0940113621276572,6.247055013382827,76.42716629344844,99.54384724712357,0.1501454671700291,9.977166293448434,55.58702957335856,118.00412649008648,0.1634758529216168,10.86297042664144,62.61615933695498,14.698334229617506,0.0576951190826941,3.833840663045024
2024-09-21 12:00:00,68.94,82.59,arma,ARMA,61.47275958608165,55.75967939925545,0.1083150625749687,7.467240413918347,73.83450472268062,23.956176480342915,0.070996587216139,4.894504722680622,77.05843915147356,65.90905425617885,0.1177609392438869,8.118439151473567,61.897270830437016,49.60003415581329,0.102157371186002,7.042729169562982
2024-09-22 12:00:00,71.35,85.0,arma,ARMA,63.495411939196345,61.69455360491924,0.1100853267106328,7.85458806080365,72.36857614285712,1.037497358797705,0.0142757693462807,1.0185761428571285,78.81882311950305,55.78331879042337,0.1046786702102741,7.468823119503057,63.667777167893405,59.01654764213978,0.1076695561612696,7.682222832106589
2024-09-23 12:00:00,37.4,41.2,arma,ARMA,62.76194138913589,643.2280710259643,0.6781267751105854,25.361941389135893,55.717891083929366,335.54513376269904,0.4897831840622826,18.317891083929368,53.18246280369952,249.08613215015905,0.421990984056137,15.782462803699524,41.03963052936842,13.24691039031063,0.0973163243146635,3.639630529368418
2024-09-24 12:00:00,32.46,35.0,arma,ARMA,36.49699220510162,16.29730606405123,0.1243682133426253,4.036992205101619,36.7072830493416,18.039413301224453,0.1308466743481699,4.247283049341597,36.60427148519384,17.17498614299076,0.1276731819221762,4.1442714851938405,38.3064045687655,34.18044638168212,0.1801110464807609,5.8464045687655
2024-09-25 12:00:00,33.82,38.53,arma,ARMA,36.87965677798098,9.36149959904497,0.0904688580124477,3.059656777980983,39.21574748930161,29.11409096830465,0.1595430954849678,5.395747489301613,32.3061971720086,2.2915990020347548,0.0447605803663926,1.5138028279913982,41.11182033665478,53.17064382205223,0.2156067515273441,7.29182033665478
2024-09-26 12:00:00,31.07,34.5,arma,ARMA,37.74628342797784,44.57276041069158,0.2148787714186624,6.676283427977843,39.70647784842578,74.58874962634914,0.2779683890706719,8.636477848425777,34.119769925202,9.301096596666612,0.0981580278468619,3.049769925202,42.10219835762249,121.70940060192838,0.3550755828008526,11.032198357622493
2024-09-27 12:00:00,63.42,76.8,arma,ARMA,37.185329739259366,688.2579236897891,0.4136655670252386,26.23467026074064,39.68706505117583,563.2522012851199,0.3742184633999396,23.732934948824173,30.82563273865151,1062.3927771676665,0.5139446115002916,32.594367261348495,51.44919741656986,143.30011449145778,0.1887543769068139,11.970802583430142
2024-09-28 12:00:00,58.85,64.53,arma,ARMA,67.17954584638991,69.38133400711145,0.1415385870244675,8.329545846389912,78.28675877849676,377.7875918134709,0.3302762749107351,19.43675877849676,72.68000723578231,191.26910014179109,0.2350043710413306,13.830007235782311,53.563567930710846,27.946364023208822,0.0898289221629423,5.286432069289155
2024-09-29 12:00:00,55.07,60.65,arma,ARMA,53.76334202712373,1.7073550580811316,0.0237272194094111,1.3066579728762733,58.068200027004345,8.989203401928851,0.0544434361177473,2.9982000270043443,61.24453875155763,38.12492879448682,0.1121216406674709,6.174538751557627,48.84445583617765,38.75740013570251,0.1130478330093035,6.225544163822349
2024-09-30 12:00:00,41.56,54.0,arma,ARMA,51.5102278993548,99.00703524909864,0.2394183806389509,9.9502278993548,57.77822975302679,263.0309763219634,0.3902365195627235,16.21822975302679,41.8742086841352,0.098727097185971,0.0075603629483925,0.3142086841351954,43.59734242381359,4.150764151870638,0.0490217137587485,2.037342423813591
2024-10-01 12:00:00,33.69,37.71,arma,ARMA,35.77007258376492,4.326701953730487,0.0617415430028175,2.080072583764924,33.62307842593202,0.0044784970757356,0.0019863928188772,0.066921574067976,38.92849225482463,27.44180110385769,0.15549101379711,5.238492254824635,31.177166561524384,6.314331889521176,0.0745869230773408,2.5128334384756137
2024-10-02 12:00:00,23.11,25.59,arma,ARMA,34.7783270769561,136.14985677482696,0.5049038112053701,11.668327076956103,34.805423635011046,136.782934002375,0.5060763147992664,11.695423635011046,31.52532573931435,70.81770729876663,0.3641421782481329,8.415325739314351,28.110402274887864,25.00402291070373,0.2163739625654636,5.000402274887865
2024-10-03 12:00:00,23.84,31.59,arma,ARMA,27.302684720777755,11.99018547550772,0.1452468423145031,3.462684720777755,28.29018858629744,19.804178453612007,0.186668984324557,4.45018858629744,24.66233598055946,0.6762364649226916,0.0344939589160848,0.8223359805594619,30.83330583317672,48.90632647634354,0.2933433654856007,6.99330583317672
2024-10-04 12:00:00,20.8,23.39,arma,ARMA,29.97874815342724,84.24941766404396,0.4412859689147711,9.17874815342724,16.614829621988278,17.515651092986786,0.2012101143274866,4.185170378011723,25.7793627437006,24.79405333335355,0.2393924396009902,4.979362743700598,21.7537054190805,0.909554026383511,0.0458512220711778,0.9537054190804994
2024-10-05 12:00:00,21.49,27.75,arma,ARMA,27.753084149139426,39.22622305920154,0.2914417938175629,6.263084149139427,24.68037745664872,10.178508315892367,0.1484586997044542,3.190377456648722,26.951272833873663,29.825500966006487,0.254130890361734,5.4612728338736645,22.859602278122107,1.8758104002372704,0.0637320743658496,1.3696022781221089
2024-10-06 12:00:00,41.07,57.57,arma,ARMA,25.89560927432847,230.2621338953461,0.3694762777129663,15.174390725671527,34.56261533689827,42.34605515357164,0.1584461812296501,6.507384663101732,27.44488219322214,185.6438352485752,0.3317535380272184,13.625117806777862,36.64505857229097,19.580106638655625,0.1077414518555887,4.4249414277090295
2024-10-07 12:00:00,28.39,34.94,arma,ARMA,42.05276760841684,186.6712187216045,0.4812528217124636,13.662767608416845,37.73098318854345,87.25396692865131,0.3290237121713084,9.340983188543447,29.7230477601717,1.7770163308987823,0.0469548348070341,1.3330477601716986,25.18020979016031,10.302753191182736,0.1130605921042512,3.209790209839692
2024-10-08 12:00:00,20.26,22.6,arma,ARMA,28.13036433191788,61.94263471712518,0.3884681308942685,7.87036433191788,29.112321354436887,78.36359336221929,0.4369359010087307,8.852321354436885,24.256240525665888,15.96993833897436,0.1972478048206261,3.996240525665886,24.379785353511785,16.97263135901021,0.2033457726313812,4.119785353511784
2024-10-09 12:00:00,18.53,19.96,arma,ARMA,22.28713928431555,14.116095601747158,0.2027598102706718,3.757139284315549,20.08060229116016,2.404367465351139,0.0836806417247792,1.5506022911601605,19.29814951119899,0.5900536715552446,0.0414543718941709,0.7681495111989882,20.365815840768093,3.370219801215056,0.0990726303706471,1.835815840768092
2024-10-10 12:00:00,30.45,66.25,arma,ARMA,19.596241563390787,117.80407220026564,0.3564452688541613,10.853758436609212,22.94673396437648,56.29900120134147,0.2464126776887855,7.503266035623518,19.38781802454014,122.37187005818896,0.3632900484551677,11.062181975459858,22.549543511635097,62.417212724547085,0.2594566991252842,7.900456488364902
2024-10-11 12:00:00,26.61,31.91,arma,ARMA,32.39193999212184,33.430830072497926,0.2172844792229177,5.781939992121842,31.245784132368048,21.490494521915377,0.1742121056883896,4.635784132368048,29.08247662401105,6.113140656281085,0.0929153184521251,2.472476624011051,23.85227631212101,7.605039938688895,0.1036348623780154,2.7577236878789897
2024-10-12 12:00:00,28.72,33.59,arma,ARMA,28.039582029982064,0.462968613923327,0.0236914334964461,0.6804179700179347,36.30110826999834,57.47320260143721,0.2639661653899143,7.581108269998339,30.516875136019124,3.2287602544437486,0.0625652902513622,1.7968751360191249,29.65007195878191,0.8650338485124234,0.0323841211275039,0.9300719587819124
2024-10-13 12:00:00,49.42,62.89,arma,ARMA,30.566774562401392,355.4441094009153,0.3814897903196805,18.85322543759861,39.94851692611137,89.7089916189589,0.1916528343563058,9.471483073888637,35.21210580335979,201.86425750292256,0.2874928004176489,14.207894196640211,44.42788206981045,24.92124142892,0.1010141224239083,4.992117930189551
2024-10-14 12:00:00,27.09,42.81,arma,ARMA,42.82241025894284,247.50873255568987,0.5807460413046452,15.73241025894284,34.49424360027178,54.82282329216561,0.2733201771971864,7.40424360027178,34.689966506707215,57.75949090307147,0.2805450906868665,7.599966506707215,23.03442602751043,16.447680246334823,0.149707418696551,4.055573972489569
2024-10-15 12:00:00,24.89,30.54,arma,ARMA,23.96862448748428,0.8489328350636055,0.0370178992573611,0.92137551251572,29.30447454382217,19.487585498053956,0.1773593629498662,4.41447454382217,23.884567550932108,1.0108944096386612,0.0403950361216509,1.005432449067893,22.454994050210487,5.929253975510329,0.0978306930409607,2.435005949789513
2024-10-16 12:00:00,40.46,55.0,arma,ARMA,24.820586222487982,244.59126330423277,0.386540132909343,15.63941377751202,40.49729851260521,0.0013911790425611,0.0009218614089276,0.0372985126052114,23.883592129719457,274.7772978818988,0.4096986621423762,16.576407870280544,33.469405812111006,48.868407099747394,0.1727779087466385,6.990594187888995
2024-10-17 12:00:00,33.51,37.32,arma,ARMA,37.296822014523656,14.340020969681014,0.113005730066358,3.7868220145236577,30.844306023961,7.1059243738906215,0.0795492084762459,2.6656939760390017,37.44120725589124,15.45439048877197,0.1173144510859816,3.9312072558912448,22.38944919708115,123.66665016029908,0.3318576783920874,11.12055080291885
2024-10-18 12:00:00,23.75,25.3,arma,ARMA,31.546272514693044,60.7818651233582,0.3282641058818124,7.796272514693044,37.898364144610056,200.17620796848743,0.5957205955625287,14.148364144610056,30.469258637195235,45.14843663352277,0.2829161531450625,6.719258637195235,27.06988138441228,11.021612406567176,0.1397844793436748,3.3198813844122768
2024-10-19 12:00:00,25.92,32.0,arma,ARMA,25.46824484228173,0.2040827225250597,0.0174288255292542,0.4517551577182708,23.587637016853908,5.439917085150148,0.0899831397818709,2.332362983146094,31.05905395609561,26.409875563661924,0.1982659705283799,5.1390539560956086,23.97012201765137,3.8020241460479705,0.0752267740103638,1.949877982348632
2024-10-20 12:00:00,41.97,51.42,arma,ARMA,25.529385484511764,270.29380564688245,0.3917230048960742,16.440614515488235,38.67568112088283,10.852536877307813,0.0784922296668375,3.2943188791171707,33.65276582653996,69.17638429617146,0.1981709357507752,8.317234173460037,40.7857307293726,1.4024937053523456,0.0282170424261948,1.1842692706273965
2024-10-21 12:00:00,25.64,29.19,arma,ARMA,37.8272077006393,148.52803153852182,0.4753201131294578,12.187207700639298,34.93381358946824,86.37497103578445,0.3624732289184179,9.293813589468236,30.59078245984848,24.510246964743363,0.1930882394636692,4.95078245984848,25.868358289574104,0.05214750841721,0.0089063295465718,0.2283582895741034
2024-10-22 12:00:00,20.94,23.94,arma,ARMA,25.939159361263872,24.991594319312195,0.2387373142914933,4.999159361263871,26.08205624148493,26.440742390594124,0.2455614250947912,5.14205624148493,22.958722469027705,4.07524040695731,0.0964050844807881,2.018722469027704,23.39880574014917,6.045725667790509,0.1174214775620425,2.4588057401491703
2024-10-23 12:00:00,17.39,19.26,arma,ARMA,23.56879734493094,38.177536629725616,0.3553074953956836,6.178797344930938,20.199370160602427,7.8925606992833055,0.1615509005521809,2.809370160602427,20.49263333158376,9.626333590254545,0.1784147976758919,3.1026333315837604,19.84282707677469,6.016360668559066,0.1410481355247089,2.452827076774689
2024-10-24 12:00:00,14.96,16.99,arma,ARMA,18.430474946546543,12.044196354607225,0.2319836194215602,3.470474946546542,16.881116598038904,3.690688983260569,0.1284168848956486,1.9211165980389036,18.31306481485485,11.24304365261759,0.2241353485865541,3.35306481485485,19.38571310464368,19.586936484614803,0.2958364374761818,4.42571310464368
2024-10-25 12:00:00,13.14,14.01,arma,ARMA,17.75318264459031,21.281454112349248,0.3510793489033721,4.61318264459031,14.753474124167036,2.603298749356584,0.1227910292364563,1.6134741241670358,15.980132576584271,8.066353052575208,0.2161440317035213,2.8401325765842707,17.157933084458968,16.14378627118995,0.3057787735509107,4.017933084458967
2024-10-26 12:00:00,14.53,18.6,arma,ARMA,16.03212191170807,2.2563702376335115,0.103380723448594,1.5021219117080715,15.06957731734023,0.2911436813880793,0.037135396926375,0.5395773173402301,17.586841575948668,9.34428042044834,0.2103813885718285,3.0568415759486687,18.19761809400931,13.451422483504494,0.2524169369586587,3.667618094009312
2024-10-27 12:00:00,19.35,30.1,arma,ARMA,17.688284587528006,2.761298112046973,0.0858767655024286,1.6617154124719953,16.212413860386206,9.844446783496595,0.1621491545020049,3.137586139613795,19.055039958122087,0.0870014263046208,0.0152434130169464,0.2949600418779141,20.48045991703578,1.2779396240245402,0.0584217011387999,1.130459917035779
2024-10-28 12:00:00,14.12,15.44,arma,ARMA,21.24391769361832,50.7502033054482,0.5045267488398245,7.123917693618322,19.031158332888,24.119476170695258,0.3478157459552409,4.911158332888002,14.746868555280964,0.3929641856000433,0.0443957900340626,0.6268685552809643,15.923862223180263,3.253918920216845,0.1277522820949195,1.803862223180264
2024-10-29 12:00:00,10.29,11.94,arma,ARMA,15.301380412628834,25.113933640079956,0.4870146173594592,5.011380412628835,14.261486703753258,15.772706638088923,0.3859559478866141,3.971486703753259,13.091705664378209,7.849554629808944,0.2722746029522069,2.801705664378209,13.571303617806642,10.76695343223096,0.3188827616916077,3.2813036178066426
2024-10-30 12:00:00,8.55,9.2,arma,ARMA,11.51962774217714,8.81868892710809,0.347324882125981,2.9696277421771384,9.143526753780064,0.3522740074526995,0.0694183337754459,0.593526753780063,10.128880410456633,2.492863350523703,0.1846643754920037,1.578880410456632,10.691878467198055,4.587643368246688,0.250512101426673,2.141878467198054
2024-10-31 12:00:00,9.02,13.56,arma,ARMA,9.729619675907458,0.5035600844350058,0.0786718044243301,0.709619675907458,8.13937462845809,0.7755010450033276,0.0976303072662871,0.8806253715419103,9.402502065578664,0.1463078301719452,0.0424059939665925,0.3825020655786648,9.906817662894914,0.7864455672223986,0.0983168140681723,0.8868176628949147
2024-11-01 12:00:00,18.58,27.42,arma,ARMA,10.971578350790049,57.88807999216665,0.4094952448444537,7.60842164920995,12.837536863663647,32.97588287218192,0.3090669072301588,5.742463136336351,9.52827505049853,81.93372456142735,0.4871757238698315,9.051724949501468,13.036306113611309,30.732541905983336,0.2983688851662374,5.54369388638869
2024-11-02 12:00:00,14.8,16.44,arma,ARMA,21.22818889573461,41.32161247924575,0.4343370875496358,6.4281888957346105,19.693345336596085,23.944828583186645,0.3306314416618975,4.893345336596084,21.37616971664801,43.24600814215837,0.4443357916654061,6.57616971664801,11.685045189307887,9.70294347265394,0.210469919641359,3.114954810692113
2024-11-03 12:00:00,22.14,26.59,arma,ARMA,15.05638872768297,50.1775486572969,0.3199463085960718,7.083611272317031,18.88113553311962,10.62019761349556,0.1471935170226008,3.2588644668803823,16.698723573985212,29.607489144304267,0.2457667762427637,5.441276426014788,16.55226597826357,31.222771497670784,0.2523818438002001,5.587734021736431
2024-11-04 12:00:00,12.83,14.06,arma,ARMA,20.80491592158132,63.59928395629122,0.6215834701154574,7.974915921581319,23.58542497106728,115.67916630825752,0.8383028036685328,10.755424971067276,16.844895209945122,16.119383546840282,0.3129302579848107,4.014895209945122,14.89072727271735,4.246596892521084,0.1606178700481176,2.060727272717349
2024-11-05 12:00:00,10.79,16.2,arma,ARMA,10.366918020406104,0.1789983614570895,0.0392105634470709,0.4230819795938956,10.978464861180422,0.035519003899756,0.0174666229082875,0.1884648611804227,11.606454452814544,0.6665978735206984,0.0756676972024601,0.8164544528145452,11.001010464696536,0.0445254162114485,0.0195561135029228,0.2110104646965371
2024-11-06 12:00:00,10.6,15.83,arma,ARMA,10.734881972030747,0.0181931463789033,0.0127247143425233,0.1348819720307474,10.398884875088822,0.0404472934680387,0.0189731249916205,0.201115124911178,10.853387337113643,0.0642051426095433,0.023904465765438,0.2533873371136437,9.96323825262482,0.405465522920293,0.0600718629599226,0.6367617473751803
2024-11-07 12:00:00,10.12,11.51,arma,ARMA,11.221087364031913,1.212393383230748,0.1088030992126397,1.1010873640319137,11.145789649042497,1.0522444040827303,0.1013626135417487,1.0257896490424976,11.024750456404218,0.818573388363643,0.0894022190122746,0.9047504564042192,10.359567495263963,0.0573925847870494,0.0236726773976249,0.2395674952639641
2024-11-08 12:00:00,8.25,9.1,arma,ARMA,11.852742998698051,12.979757114667828,0.4366961210543092,3.6027429986980515,10.455066586611126,4.8623186513888434,0.2672807983771062,2.2050665866111263,10.584282255305016,5.448873647431873,0.2829433036733353,2.334282255305016,10.911534906662943,7.083768059385323,0.3226102917167204,2.6615349066629435
2024-11-09 12:00:00,7.65,8.5,arma,ARMA,9.65152286419128,4.006093775880465,0.2616369757112784,2.00152286419128,7.924148754352416,0.075157539512981,0.0358364384774399,0.2741487543524155,10.840169910325926,10.177184056748926,0.4170156745524085,3.190169910325926,9.62633299393184,3.905892102903588,0.2583441822133123,1.9763329939318397
2024-11-10 12:00:00,7.19,7.65,arma,ARMA,8.634620247294327,2.086927658892722,0.2009207576209077,1.4446202472943268,7.469220297361608,0.0779639744587046,0.0388345337081512,0.2792202973616078,10.543590582191465,11.246569792963284,0.4664242812505513,3.3535905821914644,10.121929208149092,8.59620888159776,0.4077787493948667,2.931929208149092
2024-11-11 12:00:00,5.6,6.27,arma,ARMA,7.907617166309333,5.325096986245516,0.4120744939838094,2.307617166309333,7.387450158422674,3.194978068845245,0.3191875282897634,1.7874501584226747,6.072914697291225,0.223648310914051,0.0844490530877187,0.472914697291225,7.855491689206333,5.087242760078838,0.4027663730725594,2.255491689206333
2024-11-12 12:00:00,4.62,4.95,arma,ARMA,5.846391576851268,1.5040362997717387,0.2654527222621791,1.2263915768512677,5.082247471919858,0.2136727252962994,0.1000535653506185,0.4622474719198575,5.726317484207111,1.2239383758623503,0.239462658919288,1.1063174842071106,6.123315992891346,2.2599589744828927,0.3253930720544038,1.5033159928913458
2024-11-13 12:00:00,3.66,4.0,arma,ARMA,5.779982808787753,4.494327109555608,0.579230275625069,2.1199828087877526,4.309228319265142,0.4214974105358414,0.177384786684465,0.6492283192651422,4.6454943271255935,0.971199068796726,0.2692607451162823,0.9854943271255934,5.227732192222672,2.457784226531305,0.4283421290225879,1.567732192222672
2024-11-14 12:00:00,3.15,3.39,arma,ARMA,4.672579237478776,2.3182475344014515,0.4833584880885003,1.522579237478776,3.3164142349497565,0.0276936975939127,0.0528299158570655,0.1664142349497566,4.1119854615062446,0.9254160281493824,0.3053922100019824,0.9619854615062446,4.5573872401190325,1.980738843649868,0.4467896000377881,1.4073872401190326
2024-11-15 12:00:00,2.51,2.95,arma,ARMA,4.052704629879283,2.379937575050977,0.6146233585176428,1.5427046298792837,2.9789428203412043,0.2199073687495631,0.1868298089008783,0.4689428203412045,3.580389855461845,1.1457344426756302,0.4264501416182651,1.0703898554618454,4.074638431876641,2.448093422505396,0.6233619250504548,1.5646384318766415
2024-11-16 12:00:00,4.7,7.21,arma,ARMA,3.2595885506512303,2.074785143415024,0.3064705211380361,1.44041144934877,3.102667321729592,2.551471685070515,0.3398580166532783,1.597332678270408,3.53379243105662,1.3600400938608292,0.2481292699879532,1.1662075689433804,4.821296779081021,0.01471290861543,0.0258078253363874,0.1212967790810211
2024-11-17 12:00:00,12.37,17.5,arma,ARMA,5.720093425795912,44.22125744564274,0.5375833932258761,6.649906574204088,7.897172906852427,20.00618220519496,0.3615866688074027,4.472827093147572,6.117009795542522,39.09988649704116,0.5054963786950265,6.252990204457477,8.360513693433562,16.07598044254377,0.3241298550174969,4.009486306566437
2024-11-18 12:00:00,6.99,9.18,arma,ARMA,10.7328976359836,14.009282713451617,0.535464611728698,3.7428976359835993,12.666180801735766,32.21902849399368,0.8120430331524701,5.676180801735766,7.966263589737628,0.9530905966473996,0.1396657496048108,0.976263589737628,5.828714246813651,1.3485846005535864,0.1661353008850284,1.1612857531863492
2024-11-19 12:00:00,5.81,7.29,arma,ARMA,5.901608039825813,0.0083920329607278,0.0157673046171796,0.0916080398258136,5.409591280573279,0.1603271425929462,0.0689171634125164,0.4004087194267205,5.741054825814839,0.0047534370434221,0.0118666392745543,0.0689451741851607,4.102464328764016,2.91567806854332,0.2938959847222002,1.7075356712359833
2024-11-20 12:00:00,5.46,6.75,arma,ARMA,5.41726376819952,0.0018263855085043,0.0078271486814065,0.0427362318004798,7.126478503638356,2.777150603088736,0.3052158431572081,1.6664785036383565,5.6823358784965965,0.0494332428668533,0.0407208568675085,0.2223358784965965,5.123598861355347,0.1131657260814187,0.0616119301546982,0.3364011386446526
2024-11-21 12:00:00,4.9,5.34,arma,ARMA,4.609516139594439,0.0843808731561174,0.0592824204909308,0.290483860405561,4.245350398534812,0.4285661006985293,0.1336019594826914,0.6546496014651879,5.651505649175694,0.5647607407429805,0.1533684998317741,0.7515056491756935,3.885883088421168,1.0284331103501894,0.2069626350160882,1.0141169115788324
2024-11-22 12:00:00,4.21,4.61,arma,ARMA,5.019543453653851,0.6553606033538049,0.1922906065686107,0.809543453653851,6.826332218125608,6.845194275602065,0.6214565838778167,2.616332218125608,5.193627027074985,0.9675221283923736,0.23364062400831,0.9836270270749852,5.579899856668808,1.876625617301221,0.325391889945085,1.369899856668808
2024-11-23 12:00:00,4.23,4.87,arma,ARMA,4.866232306529391,0.4047915478717088,0.1504095287303524,0.6362323065293909,3.626732619790335,0.3639315320250328,0.1426164019408192,0.6032673802096653,5.665591301406259,2.060922384673316,0.3393832863844583,1.435591301406259,5.089678259521421,0.7390467098937796,0.2032336310925344,0.859678259521421
2024-11-24 12:00:00,15.62,28.2,arma,ARMA,4.912858498070658,114.6428791423377,0.6854764085742215,10.70714150192934,6.831423791563106,77.239071771503,0.5626489249959599,8.788576208436893,5.84666127910547,95.5181497533363,0.6256939001853091,9.773338720894529,10.530859954093629,25.899346406847897,0.3258092218890122,5.089140045906371
2024-11-25 12:00:00,10.2,13.37,arma,ARMA,15.068079937665145,23.698202279497885,0.477262738986779,4.868079937665145,18.39200519011045,67.10894903479655,0.8031377637363187,8.19200519011045,10.750397932643722,0.3029378842584836,0.0539605816317375,0.5503979326437225,8.117691439011566,4.336008943165722,0.2041478981361209,2.0823085609884338
2024-11-26 12:00:00,7.29,8.28,arma,ARMA,7.927827873475523,0.4068243961823074,0.0874935354561759,0.6378278734755227,7.20684504274673,0.0069147469157931,0.0114067156726021,0.0831549572532699,7.790698082771112,0.2506985700906669,0.0686828645776559,0.5006980827711116,5.196907727638139,4.381035260620941,0.2871182815311195,2.093092272361861
2024-11-27 12:00:00,4.94,5.99,arma,ARMA,6.685034218597139,3.045144424074928,0.3532457932382872,1.745034218597139,7.0637496232558,4.510312462279153,0.429908830618583,2.1237496232558,7.053164217888492,4.46546301176428,0.427766036009816,2.1131642178884915,4.698621059482528,0.0582637929253372,0.0488621337079902,0.241378940517472
2024-11-28 12:00:00,4.44,5.22,arma,ARMA,4.211806990409589,0.0520720496259295,0.0513948219798223,0.2281930095904112,5.586436539188553,1.3143167383866263,0.2582064277451695,1.146436539188553,5.402902449173028,0.9271811266234146,0.216869920984916,0.9629024491730274,5.926381030016988,2.2093285663943614,0.3347705022560783,1.4863810300169875
2024-11-29 12:00:00,3.59,4.01,arma,ARMA,4.753538022232438,1.3538207291805735,0.3241052986719883,1.163538022232438,2.869241921997916,0.5194922070052581,0.2007682668529481,0.7207580780020839,5.051895104950256,2.137137297877519,0.4072131211560601,1.4618951049502558,3.159321511556864,0.1854839604076645,0.1199661527696757,0.430678488443136
2024-11-30 12:00:00,4.01,5.93,arma,ARMA,4.51952410776448,0.2596148163931893,0.1270633685198204,0.5095241077644799,4.829567503268048,0.6716908924130216,0.2043809235082413,0.8195675032680478,4.964377503068074,0.9108364183624522,0.2379993773237093,0.9543775030680745,4.856281618871641,0.716192578440006,0.2110427977236013,0.8462816188716413
2024-12-01 12:00:00,4.57,5.16,arma,ARMA,5.560920823142085,0.981924077736586,0.2168316899654451,0.9909208231420844,3.735398241249493,0.6965600957094402,0.1826262054158659,0.8346017587505075,5.779650658308364,1.4632547151458588,0.2646937983169287,1.2096506583083642,5.710859653856282,1.3015607497970751,0.2496410621129719,1.140859653856282
2024-12-02 12:00:00,3.82,4.1,arma,ARMA,5.576828184636534,3.0864452703333014,0.4599026661352185,1.7568281846365346,4.196517220210215,0.1417652171148273,0.0985647173325169,0.3765172202102147,3.709407430910808,0.0122307163377476,0.0289509343165423,0.1105925690891918,3.833394696324724,0.0001794178896315,0.0035064650064722,0.013394696324724
2024-12-03 12:00:00,3.04,3.28,arma,ARMA,4.150191404069233,1.2325249536692142,0.3651945408122475,1.110191404069233,4.0083279958429205,0.9376591075331672,0.3185289460009607,0.9683279958429204,3.726997330450674,0.4719653320463522,0.2259859639640374,0.6869973304506738,3.904012663995352,0.7465178835443447,0.2842146921037341,0.8640126639953518
2024-12-04 12:00:00,2.5,2.89,arma,ARMA,3.257626733356056,0.5739982670957684,0.3030506933424224,0.757626733356056,2.7484663044155826,0.0617355044299369,0.099386521766233,0.2484663044155826,2.9821543001840345,0.232472769185956,0.1928617200736138,0.4821543001840345,2.900877871611005,0.1607030679473694,0.160351148644402,0.4008778716110051
2024-12-05 12:00:00,2.4,3.02,arma,ARMA,2.8279732872613,0.1831611346092434,0.1783222030255417,0.4279732872613002,2.6742120367042648,0.0751922410735011,0.1142550152934437,0.2742120367042648,2.781631004614645,0.1456422236831833,0.1590129185894355,0.3816310046146451,3.048744990749632,0.4208700630227399,0.2703104128123466,0.6487449907496319
2024-12-06 12:00:00,2.48,2.98,arma,ARMA,2.912005613858022,0.1866288504048463,0.1741958120395249,0.4320056138580219,2.184270683833505,0.0874558284403027,0.1192456920026189,0.2957293161664949,2.633434833332763,0.0235422480798527,0.0618688844083722,0.1534348333327631,2.566992938483895,0.0075677713460627,0.0350777977757641,0.086992938483895
2024-12-07 12:00:00,3.62,5.14,arma,ARMA,3.022225017174988,0.3573349300914437,0.1651312107251415,0.5977749828250123,3.0910530172378983,0.2797849105731312,0.1461179510392546,0.5289469827621018,3.294662239685382,0.1058446582865319,0.0898723094791762,0.3253377603146181,3.210637183978725,0.1675779151408684,0.1130836508346064,0.4093628160212752
2024-12-08 12:00:00,3.2,3.63,arma,ARMA,4.056224674646716,0.7331206934738738,0.2675702108270986,0.8562246746467155,3.402879314649928,0.0411600163128243,0.0633997858281024,0.2028793146499277,4.709901892054631,2.279803723630155,0.4718443412670722,1.5099018920546312,3.601658966433153,0.1613299253161486,0.1255184270103602,0.4016589664331529
2024-12-09 12:00:00,2.74,3.17,arma,ARMA,3.25573225525452,0.2659797591099129,0.1882234508228173,0.5157322552545196,3.2454756631944206,0.2555056460818391,0.1844801690490585,0.5054756631944204,2.5207755145023767,0.0480593750416977,0.0800089363130012,0.2192244854976235,2.988276904369993,0.0616414212435465,0.0906120088941579,0.2482769043699928
2024-12-10 12:00:00,2.28,2.7,arma,ARMA,2.703725407919763,0.1795432213167695,0.1858444771577908,0.423725407919763,2.4236324039542945,0.0206302674656896,0.0629966684010064,0.1436324039542946,2.729617712362104,0.202156087269732,0.1972007510360107,0.4496177123621043,2.458309977312815,0.0317944480092966,0.0782061304003575,0.1783099773128151
2024-12-11 12:00:00,1.78,2.2,arma,ARMA,2.1169605719383155,0.1135424270409967,0.1893036921001772,0.3369605719383155,2.2036171229475627,0.1794514668543704,0.2379871477233498,0.4236171229475627,2.2102784327324123,0.185139529674661,0.2417294565912428,0.4302784327324123,2.074484870402594,0.0867213388960325,0.1654409384284235,0.2944848704025939
2024-12-12 12:00:00,1.56,1.84,arma,ARMA,1.9942763805493584,0.1885959747030511,0.2783822952239476,0.4342763805493583,1.5705425068357308,0.0001111444503814,0.0067580172023915,0.0105425068357307,1.9912348783080736,0.1859635202693789,0.2764326143000471,0.4312348783080735,1.721673552804208,0.026138337676335,0.1036368928232102,0.1616735528042079
2024-12-13 12:00:00,1.57,2.02,arma,ARMA,1.908942610713791,0.1148820933574804,0.2158870131934974,0.3389426107137909,1.4643483911664577,0.0111622624491158,0.0672940183653136,0.1056516088335424,1.7532607049934907,0.0335844859947112,0.1167265636901214,0.1832607049934906,1.6348910254230349,0.0042108451804529,0.0413318633267737,0.0648910254230348
2024-12-14 12:00:00,2.18,3.73,arma,ARMA,1.928830852479164,0.0630859406663435,0.1152152052847872,0.2511691475208362,2.1626823610783483,0.0002999006178207,0.0079438710649779,0.0173176389216518,2.1636941899165976,0.0002658794424759,0.0074797293960562,0.0163058100834025,2.401321385018111,0.0489831554663348,0.1015235711092251,0.2213213850181108
2024-12-15 12:00:00,4.07,6.2,arma,ARMA,2.5703017875683765,2.249094728370608,0.3684762192706692,1.4996982124316238,3.1349412087695563,0.874334943057339,0.2297441747494948,0.935058791230444,2.8759383867716344,1.4257831361855278,0.2933812317514412,1.194061613228366,4.141973530325818,0.0051801890675614,0.0176839140849675,0.0719735303258177
2024-12-16 12:00:00,3.73,5.25,arma,ARMA,3.8800919164857626,0.0225275833943691,0.0402391197012768,0.1500919164857626,3.859657246459478,0.0168110015594538,0.0347606558872595,0.129657246459478,2.968580633066152,0.5797594523419416,0.2041338785345436,0.7614193669338478,3.084245876162148,0.416998388453592,0.1731244299833383,0.6457541238378521
2024-12-17 12:00:00,3.17,3.6,arma,ARMA,3.2293665736503763,0.0035243900669855,0.0187276257572165,0.0593665736503763,2.8267824183586296,0.1177983083477506,0.1082705304862366,0.3432175816413703,3.126553999056421,0.0018875549979894,0.0137053630736841,0.0434460009435788,2.085682061991695,1.1757453906865818,0.3420561318638185,1.0843179380083048
2024-12-18 12:00:00,3.73,5.08,arma,ARMA,2.774061680133841,0.9138180713885352,0.2562837318676029,0.9559383198661592,5.8252743708737045,4.390174689240198,0.5617357562664087,2.0952743708737045,2.8839338007818247,0.7158280134594891,0.2268273992542024,0.8460661992181753,3.635548738982538,0.0089210407077887,0.025322053892081,0.0944512610174621
2024-12-19 12:00:00,3.86,6.63,arma,ARMA,3.158082367189527,0.4926883632502577,0.1818439463239567,0.7019176328104728,2.832751880625631,1.0552386987581774,0.2661264557964686,1.0272481193743688,3.713254469165715,0.0215342508198359,0.0380169769000737,0.1467455308342846,2.5710644181105207,1.6613549342607703,0.3339211352045283,1.2889355818894792
2024-12-20 12:00:00,3.64,4.07,arma,ARMA,3.451411588220509,0.0355655890575109,0.0518100032361239,0.1885884117794911,4.040890829371469,0.1607134570741444,0.1101348432339201,0.4008908293714692,3.7391556813700326,0.0098318491479554,0.0272405718049539,0.0991556813700325,2.896130615742254,0.5533416608359985,0.2043597209499302,0.7438693842577462
2024-12-21 12:00:00,3.72,4.5,arma,ARMA,3.682355987840542,0.0014170716514614,0.0101193581073812,0.0376440121594581,5.11109931007962,1.9351572905039944,0.373951427440758,1.3910993100796198,4.608725489255238,0.7898329952519615,0.2389047014126983,0.8887254892552376,4.314956954704948,0.3539737779517848,0.1599346652432654,0.5949569547049474
2024-12-22 12:00:00,5.04,6.76,arma,ARMA,3.588109072873303,2.1079872642728192,0.2880735966521224,1.4518909271266969,3.214872435623907,3.33109062624541,0.3621284849952565,1.8251275643760927,4.952972036914819,0.0075738663587556,0.0172674529930915,0.0870279630851813,4.525069750440593,0.2651531619113136,0.1021687003094062,0.5149302495594075
2024-12-23 12:00:00,4.14,4.78,arma,ARMA,4.5262253539880914,0.1491700240632268,0.0932911483063023,0.3862253539880917,4.772472717026614,0.4000217377830273,0.1527711876875879,0.632472717026614,4.000733478799852,0.0193951639271912,0.0336392563285381,0.139266521200148,3.7860082721311854,0.1253101433995486,0.0855052482774913,0.3539917278688143
2024-12-24 12:00:00,2.89,3.46,arma,ARMA,3.59719141176325,0.5001196928716987,0.2447029106447232,0.7071914117632501,3.13138955280241,0.0582689162021474,0.0835257968174428,0.2413895528024099,3.785710601067845,0.8022974808653203,0.3099344640373166,0.8957106010678451,2.702866919846395,0.0350187896877756,0.0647519308489983,0.1871330801536053
2024-12-25 12:00:00,2.65,3.3,arma,ARMA,2.833715573303468,0.0337514118742219,0.0693266314352709,0.1837155733034681,2.942512463123908,0.0855635410828156,0.1103820615561917,0.292512463123908,2.846395757148627,0.0385712934259825,0.07411160647118,0.1963957571486272,2.262899074865696,0.149847126239834,0.1460758208053977,0.387100925134304
2024-12-26 12:00:00,2.38,2.66,arma,ARMA,2.7381687923848608,0.1282848838384295,0.1504910892373365,0.3581687923848609,2.6367876329006283,0.0659398884107079,0.1078939634036254,0.2567876329006284,2.9296338135784628,0.3020973290288045,0.2309385771338079,0.5496338135784629,2.436382757653764,0.003179015360643,0.0236902343083041,0.0563827576537638
2024-12-27 12:00:00,1.85,2.18,arma,ARMA,2.5836783786004465,0.53828396322578,0.3965829073515926,0.7336783786004464,2.183678004873705,0.1113410109364962,0.1803664891209215,0.3336780048737049,2.5571548170313183,0.5000679352505971,0.3822458470439557,0.7071548170313182,2.21119766856646,0.1304637557778461,0.1952419830088971,0.3611976685664597
2024-12-28 12:00:00,1.56,1.8,arma,ARMA,2.22944944832278,0.4481625638596744,0.4291342617453718,0.66944944832278,1.6533968237109586,0.0087229666792958,0.059869758789076,0.0933968237109585,2.5823909970726904,1.04528335089529,0.6553788442773656,1.0223909970726903,1.8565164622495405,0.0879220123849831,0.1900746552881669,0.2965164622495404
2024-12-29 12:00:00,1.49,2.08,arma,ARMA,1.9226834574498728,0.1872149743507762,0.290391582181123,0.4326834574498732,1.9183558331521269,0.1834887197954527,0.2874871363437093,0.4283558331521269,2.3119260406187645,0.6755624162472389,0.5516282151803789,0.8219260406187645,3.006332584318741,2.299264506266752,1.0176728753817053,1.516332584318741
2024-12-30 12:00:00,1.56,2.0,arma,ARMA,1.7643034357768312,0.0417398938702177,0.130963740882584,0.2043034357768312,1.2684109603043947,0.0850241680706053,0.1869160510869265,0.2915890396956053,1.3659371311531483,0.0376603970650703,0.124399274901828,0.1940628688468517,2.2593946546912576,0.4891528830107033,0.4483299068533701,0.6993946546912575
2024-12-31 12:00:00,3.27,4.98,arma,ARMA,1.826789633600803,2.0828561616821046,0.4413487359018951,1.443210366399197,1.6524082652416507,2.616603020358526,0.4946763714857337,1.6175917347583493,1.5526842862133965,2.949173260818392,0.5251730011579827,1.7173157137866035,2.338508370376686,0.8676766560582976,0.284859825572879,0.9314916296233142
2025-01-01 12:00:00,11.93,19.17,arma,ARMA,3.36742086041278,73.31776152169421,0.7177350494205549,8.56257913958722,7.744468047609395,17.518677724482707,0.3508409012900758,4.185531952390605,2.777247862331953,83.772871693587,0.7672047055882688,9.152752137668047,4.445202342216176,56.022195977966206,0.6273929302417287,7.484797657783823
2025-01-02 12:00:00,7.06,9.05,arma,ARMA,9.57250522703142,6.312682515860214,0.3558789273415611,2.512505227031421,8.931943524704106,3.504172559681635,0.2651478080317432,1.8719435247041067,8.726448231429867,2.777049708035732,0.2360408259815676,1.6664482314298672,2.668956459981879,19.28126337033487,0.6219608413623401,4.391043540018121
2025-01-03 12:00:00,4.78,5.98,arma,ARMA,4.909209697002823,0.0166951457995613,0.0270313173646073,0.1292096970028229,12.886700844842805,65.71859858777506,1.695962519841591,8.106700844842806,5.447988418643126,0.4462085274413438,0.1397465310968882,0.6679884186431257,5.352463445691778,0.3277143966533029,0.119762227132171,0.5724634456917777
2025-01-04 12:00:00,3.23,3.59,arma,ARMA,3.6916903076804255,0.2131579402060459,0.1429381757524537,0.4616903076804255,2.1550721801321737,1.1554698179257978,0.3327949906711536,1.0749278198678265,6.289819100109529,9.362492925395088,0.9473124148945912,3.059819100109529,2.321367392938044,0.8256132146162072,0.2813104046631443,0.908632607061956
2025-01-05 12:00:00,3.14,4.24,arma,ARMA,2.5166391627068743,0.3885787334707869,0.1985225596474923,0.6233608372931259,5.297560867400613,4.655068896538487,0.6871212953505137,2.1575608674006133,4.615227027877525,2.176294783780356,0.4698175248017595,1.475227027877525,5.065490848421727,3.707515007355822,0.6132136459941806,1.925490848421727
2025-01-06 12:00:00,6.58,12.24,arma,ARMA,3.1279202225862925,11.916854789628673,0.5246321850172808,3.4520797774137075,2.881368829653354,13.6798725342598,0.5621020015724386,3.698631170346646,2.931254604205606,13.31334296333079,0.5545205768684489,3.648745395794394,4.488758380821412,4.373291509784681,0.3178178752551045,2.091241619178588
2025-01-07 12:00:00,5.3,6.3,arma,ARMA,7.014300614704923,2.9388265975776773,0.3234529461707402,1.7143006147049231,7.442989909119599,4.592405750588428,0.4043377187018112,2.142989909119599,5.933277869825331,0.4010408604105094,0.1194863905330814,0.6332778698253314,5.679757191365221,0.1442155243936012,0.0716523002575889,0.3797571913652211
2025-01-08 12:00:00,3.49,4.08,arma,ARMA,5.242343790301266,3.0707087594074074,0.5021042379086722,1.752343790301266,3.981090211877912,0.2411695962022924,0.140713527758714,0.4910902118779119,4.388200178406931,0.8067635604902429,0.257363947967602,0.8982001784069311,3.7725086279906463,0.0798111248891572,0.0809480309428785,0.2825086279906461
2025-01-09 12:00:00,2.15,2.79,arma,ARMA,3.434936226029109,1.65106110496193,0.597644756292609,1.2849362260291093,3.137316430907644,0.9747937347402088,0.4592169446082065,0.987316430907644,3.745434792459415,2.5454121769900167,0.7420626941671697,1.595434792459415,3.532910294520113,1.912440882689706,0.6432140904744712,1.382910294520113
2025-01-10 12:00:00,1.98,2.43,arma,ARMA,2.058052610054679,0.0060922099363478,0.0394205101286258,0.0780526100546792,1.793527611921537,0.0347719515156848,0.0941779737770014,0.1864723880784629,2.470507518180069,0.2405976253911708,0.2477310697879136,0.4905075181800691,2.1566492433656457,0.0312049551816551,0.0892167895786089,0.1766492433656457
2025-01-11 12:00:00,1.76,3.03,arma,ARMA,2.1871682475384127,0.1824727117050386,0.2427092315559162,0.4271682475384126,2.372529423617976,0.3751922947977698,0.3480280816011227,0.6125294236179759,2.8621256212567,1.2146808850304671,0.6262077393503978,1.1021256212567,2.829860752472395,1.1446020296807995,0.6078754275411336,1.069860752472395
2025-01-12 12:00:00,2.05,2.53,arma,ARMA,2.2145448091926534,0.0270749942322467,0.0802657605817822,0.1645448091926535,1.1798921039929091,0.7570877506938862,0.4244428761010199,0.8701078960070907,2.5109690286014072,0.2124924453297251,0.2248629407811744,0.4609690286014074,1.5147858901467786,0.286454143385976,0.2610800535869372,0.5352141098532213
2025-01-13 12:00:00,1.68,2.08,arma,ARMA,2.749793460667515,1.1444580484869784,0.6367818218259019,1.0697934606675152,2.490666736491812,0.6571805576542851,0.4825397241022691,0.8106667364918121,1.8551077410638013,0.0306627209804673,0.1042307982522628,0.1751077410638015,2.256361630535648,0.3321927291537106,0.3430723991283618,0.5763616305356478
2025-01-14 12:00:00,1.6,1.94,arma,ARMA,2.066468698194991,0.2175930463957296,0.2915429363718694,0.466468698194991,1.6286042770839977,0.0008182046674981,0.0178776731774985,0.0286042770839975,1.674212610374372,0.0055075115385783,0.0463828814839824,0.0742126103743718,2.1702680946939585,0.3252056998258775,0.356417559183724,0.5702680946939584
2025-01-15 12:00:00,1.21,1.65,arma,ARMA,1.763597972212404,0.3064707148376857,0.4575189852995074,0.553597972212404,1.4570034663368503,0.0610107123824195,0.2041350961461573,0.2470034663368503,1.6144571251585058,0.1635855660914832,0.3342620869078561,0.4044571251585058,1.9539853938594127,0.5535142662761462,0.6148639618672836,0.7439853938594132
2025-01-16 12:00:00,1.18,1.48,arma,ARMA,1.3434473268910117,0.0267150286678172,0.1385146838059421,0.1634473268910117,1.0731796066414483,0.0114105964372757,0.0905257570835183,0.1068203933585516,1.308604986116702,0.0165392424540771,0.1089872763700864,0.128604986116702,1.5267829930772632,0.1202584442876252,0.2938838924383586,0.3467829930772632
2025-01-17 12:00:00,1.13,1.29,arma,ARMA,1.4206949736900336,0.0845035677286493,0.2572521891062245,0.2906949736900337,1.168807263041209,0.0015060036647495,0.0343427106559372,0.038807263041209,1.3085148458811289,0.0318675501999632,0.1579777397178132,0.1785148458811289,1.2231439179834722,0.0086757894573118,0.0824282460030728,0.0931439179834723
2025-01-18 12:00:00,1.3,1.68,arma,ARMA,1.3596446650579743,0.0035574860698779,0.0458805115830571,0.0596446650579742,1.1070198158220446,0.0372413514853576,0.1484462955215042,0.1929801841779554,1.4791855592012164,0.0321074646262526,0.1378350455393972,0.1791855592012163,1.1014062511101477,0.0394394770981257,0.1527644222229633,0.1985937488898523
2025-01-19 12:00:00,2.11,4.34,arma,ARMA,1.543212125076892,0.3212484951598526,0.2686198459351222,0.5667878749231079,1.6306675922319631,0.2297595571367034,0.2271717572360364,0.4793324077680367,1.744774924351486,0.1333893558824626,0.1730924529139876,0.3652250756485138,1.4984969256890042,0.3739360098917991,0.2898118835597136,0.6115030743109957
2025-01-20 12:00:00,1.75,2.17,arma,ARMA,2.1831504480830506,0.1876193106745475,0.2475145417617432,0.4331504480830506,2.2314458598968248,0.231790116011793,0.2751119199410427,0.4814458598968247,1.6917450009027644,0.0033936449198189,0.033288570912706,0.0582549990972356,1.573344872516539,0.0312070340661978,0.1009457871334062,0.1766551274834609
2025-01-21 12:00:00,1.6,1.9,arma,ARMA,1.6670198834826753,0.0044916647820313,0.0418874271766719,0.0670198834826751,1.7336079775729534,0.0178510916711347,0.0835049859830958,0.1336079775729532,1.5814956954138235,0.0003424092882179,0.0115651903663603,0.0185043045861765,1.6496184200226265,0.0024619876055417,0.0310115125141414,0.0496184200226264
2025-01-22 12:00:00,1.36,1.53,arma,ARMA,1.4636366456555896,0.0107405543227422,0.0762034159232275,0.1036366456555895,1.542015351796582,0.0331295882896334,0.1338348174974866,0.1820153517965819,1.5540473457758222,0.0376543724026414,0.1426818718939868,0.194047345775822,1.5568532765305485,0.0387512124808125,0.144745056272462,0.1968532765305484
2025-01-23 12:00:00,1.6,2.29,arma,ARMA,1.3267448317824555,0.0746683869575985,0.1707844801359653,0.2732551682175446,1.5910455715046865,8.018178967768386e-05,0.0055965178095709,0.0089544284953135,1.4213440550937464,0.0319179466503463,0.1116599655664085,0.1786559449062537,1.8435624525857608,0.0593226683095911,0.1522265328661007,0.2435624525857611
2025-01-24 12:00:00,2.38,4.87,arma,ARMA,1.643773245760164,0.5420298336585239,0.309338972369679,0.736226754239836,1.791327417668866,0.3465354091884055,0.2473414211475352,0.5886725823311338,1.6605015189944,0.5176780641693657,0.3023102861368067,0.7194984810056,1.824174731666184,0.3089417289183588,0.2335400287116875,0.5558252683338163
2025-01-25 12:00:00,2.26,3.19,arma,ARMA,2.3436352478089115,0.006994854676058,0.0370067468181025,0.0836352478089117,2.6196599773223705,0.1293552992875282,0.1591415828860047,0.3596599773223707,2.748449719501378,0.238583128480975,0.2161281944696363,0.4884497195013781,1.9711632658577312,0.0834266589899715,0.1278038646647206,0.2888367341422686
2025-01-26 12:00:00,2.15,3.16,arma,ARMA,2.1080248130172685,0.0017619163222352,0.0195233427826657,0.0419751869827313,1.913097888778985,0.056122610300974,0.1101870284748906,0.2369021112210148,2.740275888752708,0.3484256248427992,0.2745469250012595,0.590275888752708,1.8010000001406488,0.1218009999018271,0.1623255813299307,0.3489999998593511
2025-01-27 12:00:00,6.21,18.0,arma,ARMA,1.988890357290378,17.81776661577615,0.6797278007583932,4.221109642709622,2.933201661324331,10.737407352347626,0.5276647888366617,3.276798338675669,1.842953339795,19.071096532407648,0.7032281256368761,4.367046660205,2.5851978541302776,13.139190596701743,0.5837040492543837,3.6248021458697215
2025-01-28 12:00:00,4.78,6.67,arma,ARMA,4.749925560693537,0.0009044718995981,0.0062917237042809,0.0300744393064631,6.915845989486783,4.561838090806775,0.4468297049135529,2.135845989486783,5.185477205794184,0.1644117644186588,0.0848278673209589,0.4054772057941838,2.647490472050232,4.547596886796542,0.4461317004079012,2.132509527949768
2025-01-29 12:00:00,5.86,16.48,arma,ARMA,3.1032175608852013,7.5998494166117405,0.470440689268737,2.756782439114799,7.564330645581704,2.904742949468946,0.2908414070958538,1.704330645581703,3.5937185453693647,5.13603163160275,0.3867374495956716,2.266281454630636,4.28154552419574,2.4915185321865034,0.2693608320485086,1.578454475804261
2025-01-30 12:00:00,4.92,5.77,arma,ARMA,4.805123809938206,0.0131965390431133,0.0233488191182507,0.1148761900617936,3.9251965120471626,0.989633979643131,0.202195830884723,0.9948034879528374,5.612005400190105,0.4788714738922674,0.1406515041036798,0.692005400190105,2.774406769451,4.603570310977693,0.4360961850709349,2.145593230549
2025-01-31 12:00:00,3.53,4.58,arma,ARMA,3.6093850277249615,0.0063019826268929,0.0224886764093375,0.0793850277249617,5.635902125532925,4.4348237623240925,0.5965728400943131,2.1059021255329253,4.572477815587611,1.086759995992317,0.2953194945007397,1.042477815587611,3.403927825486886,0.015894193186465,0.0357144970292107,0.1260721745131139
2025-02-01 12:00:00,3.37,4.51,arma,ARMA,3.0632079422346394,0.0941213667079044,0.091036218921472,0.3067920577653606,3.294779811466806,0.0056580767629692,0.022320530722016,0.0752201885331942,4.536353627035967,1.360380783299956,0.346098999120465,1.1663536270359671,3.2039108637773115,0.0275856011711988,0.0492846101551004,0.1660891362226886
2025-02-02 12:00:00,3.48,4.27,arma,ARMA,3.1591655770735154,0.1029347269345703,0.0921937996915185,0.3208344229264845,3.4873323529810745,5.37634002390719e-05,0.0021069979830673,0.0073323529810744,4.642564399400835,1.3515559827542247,0.3340702297128837,1.1625643994008352,3.875460895434326,0.156389319817719,0.1136381883431971,0.3954608954343261
2025-02-03 12:00:00,2.85,3.32,arma,ARMA,3.596119526193608,0.5566943473673741,0.2617963249802133,0.746119526193608,3.0125188218806254,0.0264123674654664,0.0570241480282895,0.1625188218806252,3.111212016925528,0.0682317177863021,0.0916533392721149,0.2612120169255276,3.7351516482225007,0.7834934403510094,0.3105795256921054,0.8851516482225006
2025-02-04 12:00:00,2.83,3.9,arma,ARMA,3.028766797659916,0.0395082398519779,0.0702356175476734,0.1987667976599159,2.8486667275189306,0.0003484467162659,0.0065960167911415,0.0186667275189305,2.8567629367944067,0.0007162547858614,0.009456868125232,0.0267629367944066,3.433548421820997,0.3642706974826158,0.2132679935763239,0.6035484218209968
2025-02-05 12:00:00,2.93,6.57,arma,ARMA,2.989915467800784,0.0035898632817867,0.0204489651197215,0.059915467800784,2.892788356879921,0.0013847063836961,0.0127002194949075,0.037211643120079,2.801839916321914,0.016425007048374,0.0437406428935447,0.128160083678086,2.965425239285912,0.001254947578464,0.0120905253535534,0.0354252392859115
2025-02-06 12:00:00,2.67,3.2,arma,ARMA,2.9206758974096414,0.062838405542129,0.0938861038987421,0.2506758974096414,3.064929497713889,0.1559693081645447,0.1479136695557637,0.3949294977138891,2.948871305093816,0.0777692048047282,0.1044461816830771,0.2788713050938161,3.1126501055136395,0.1959391159112362,0.1657865563721496,0.4426501055136396
2025-02-07 12:00:00,2.8,3.5,arma,ARMA,2.74914794407579,0.0025859315917189,0.0181614485443605,0.0508520559242096,3.32190796560485,0.2723879245617933,0.1863957020017321,0.52190796560485,2.7179386221317228,0.0067340697376401,0.029307634952956,0.082061377868277,3.384788178977963,0.3419772142723623,0.2088529210635583,0.5847881789779632
2025-02-08 12:00:00,3.08,3.93,arma,ARMA,2.923088370991855,0.0246212593179897,0.0509453340935536,0.1569116290081451,3.061667398497133,0.0003360842778629,0.0059521433450867,0.018332601502867,3.448308111240832,0.135650864805789,0.1195805555976727,0.3683081112408319,3.6214036210184086,0.2931178808518445,0.1757803964345482,0.5414036210184086
2025-02-09 12:00:00,2.79,3.24,arma,ARMA,3.128738172181652,0.1147435492929663,0.1214115312479038,0.3387381721816518,2.644734097148209,0.0211021825313459,0.05206663184652,0.1452659028517908,3.899332780722499,1.2306192183855118,0.3976103156711465,1.1093327807224989,3.120445213804369,0.1091940393262151,0.1184391447327487,0.330445213804369
2025-02-10 12:00:00,2.43,2.81,arma,ARMA,2.8344388498001827,0.1635707832276946,0.1664357406585113,0.4044388498001825,2.4745270331271048,0.0019826566791022,0.0183238819453105,0.0445270331271046,2.428603255518437,1.9508951467773613e-06,0.0005747919677214,0.0013967444815632,2.9093867427812703,0.2298116491544356,0.1972784949717161,0.4793867427812701
2025-02-11 12:00:00,2.28,3.0,arma,ARMA,2.5063625203135222,0.0512399906026898,0.0992818071550537,0.2263625203135224,2.5288901771065326,0.0619463202601212,0.1091623583800582,0.2488901771065328,2.44225378739869,0.0263262915252192,0.0711639418415307,0.16225378739869,2.824903299498419,0.2969196058042638,0.2389926752186048,0.5449032994984191
2025-02-12 12:00:00,2.0,2.34,arma,ARMA,2.418572013234619,0.1752025302632819,0.2092860066173094,0.4185720132346189,1.9167495911332937,0.0069306305764737,0.0416252044333531,0.0832504088667063,2.244217119330973,0.0596420013743187,0.1221085596654865,0.244217119330973,2.0878363432224845,0.007715223190698,0.0439181716112422,0.0878363432224844
2025-02-13 12:00:00,1.69,2.1,arma,ARMA,2.123993523677568,0.1883503785940718,0.2568009015843598,0.433993523677568,2.0535410346447307,0.1321620838705613,0.2151130382513199,0.3635410346447307,2.092152907796508,0.1617269612491865,0.2379603004713064,0.4021529077965078,2.115114408467156,0.1807222602863798,0.2515469872586721,0.4251144084671558
2025-02-14 12:00:00,1.46,1.69,arma,ARMA,1.8990061006930696,0.1927263564457336,0.3006891100637464,0.4390061006930696,1.5648097680615511,0.0109850874811161,0.0717875123709254,0.1048097680615511,1.81873984325373,0.1286942751377108,0.2457122214066644,0.3587398432537301,1.6573204277518152,0.0389353512081593,0.1351509779122022,0.1973204277518152
2025-02-15 12:00:00,1.8,5.2,arma,ARMA,1.737647893991815,0.0038877851236559,0.0346400588934361,0.062352106008185,1.3767655504594238,0.1791273992779145,0.2351302497447645,0.4232344495405762,1.9209148933854407,0.0146204114424124,0.0671749407696892,0.1209148933854407,1.5449706973781054,0.0650399451958099,0.1416829459010525,0.2550293026218946
2025-02-16 12:00:00,5.23,16.0,arma,ARMA,2.0327699120420744,10.222280235343447,0.6113250646191063,3.197230087957926,2.372211433018019,8.166955493572928,0.5464222881418702,2.8577885669819816,2.3869142499729428,8.083136582006917,0.5436110420701831,2.8430857500270577,2.1735251273522582,9.342038647127032,0.5844120215387651,3.056474872647742
2025-02-17 12:00:00,4.99,10.02,arma,ARMA,4.913207622766547,0.005897069201165,0.0153892539545999,0.0767923772334535,7.457376603953721,6.087947305738195,0.4944642492893227,2.4673766039537206,3.898571610503641,1.1912159293986164,0.2187231241475669,1.0914283894963592,3.121148657524444,3.4926053402726884,0.3745193071093299,1.868851342475556
2025-02-18 12:00:00,26.33,388.0,arma,ARMA,4.138301047872339,492.47150238186384,0.8428294322874159,22.19169895212766,6.182596491848056,405.9178681202932,0.7651881317186457,20.147403508151942,3.844363498719688,505.6038488677095,0.8539930308120134,22.48563650128031,3.776378332752808,508.66585030932185,0.8565750728160726,22.55362166724719
2025-02-19 12:00:00,24.64,37.9,arma,ARMA,16.728038283851802,62.59913819779474,0.3211023423761444,7.911961716148198,82.4248534701546,3339.089290567238,2.345164507717313,57.7848534701546,18.9872484988906,31.95359953329457,0.2294136161164529,5.6527515011094,12.659574489777963,143.53059540597897,0.4862185677849853,11.980425510222036
2025-02-20 12:00:00,13.03,16.42,arma,ARMA,12.1620366868386,0.7533603129941121,0.0666126871190636,0.8679633131613986,19.29741178058996,39.28045042747779,0.4809986017336883,6.267411780589958,15.965848667535624,8.619207398670705,0.2253145562191577,2.935848667535625,9.271518024727174,14.12618675845072,0.288448348063916,3.758481975272826
2025-02-21 12:00:00,9.07,11.09,arma,ARMA,7.801923392659641,1.6080182820838351,0.1398099897839425,1.268076607340359,10.53858844499589,2.1567520207754445,0.1619171383677937,1.4685884449958897,12.314441776884513,10.526402443593533,0.3577113315197919,3.2444417768845124,8.224482249817184,0.7149002658742115,0.0932213616519092,0.8455177501828164
2025-02-22 12:00:00,9.03,16.02,arma,ARMA,6.068527866511541,8.77031719742868,0.3279592617373708,2.961472133488458,9.918885300092173,0.7901170767199533,0.0984369103092108,0.8888853000921735,11.191813090025514,4.673435836205663,0.2394034429707103,2.1618130900255146,10.286359388666815,1.578438913491255,0.1391317152454945,1.2563593886668158
2025-02-23 12:00:00,11.39,18.28,arma,ARMA,9.090953046358624,5.285616895047692,0.2018478449202261,2.299046953641376,7.697176118480419,13.636948219921347,0.3242163197119913,3.6928238815195815,12.225561603290451,0.6981631928933085,0.0733592276813389,0.8355616032904507,10.69911314375358,0.4773246481340618,0.0606573183710641,0.6908868562464203
2025-02-24 12:00:00,10.64,13.9,arma,ARMA,11.016512482499726,0.141761649478106,0.035386511513132,0.3765124824997254,13.626698334064786,8.920366938705364,0.2807047306451866,2.986698334064785,9.674742111551176,0.9317227912126844,0.0907197263579722,0.965257888448825,11.737171497977442,1.2037852959740636,0.103117621990361,1.0971714979774418
2025-02-25 12:00:00,7.16,9.2,arma,ARMA,12.19877121550067,25.3892153621581,0.7037389965783059,5.03877121550067,8.213170768642996,1.109168667924079,0.1470908894752788,1.053170768642996,10.226676003178676,9.40450170847194,0.4283067043545637,3.066676003178676,11.164731524653584,16.03787458455422,0.5593200453426793,4.004731524653584
2025-02-26 12:00:00,5.56,6.3,arma,ARMA,6.935274315078043,1.8913794417133825,0.2473514955176338,1.3752743150780438,7.105323217453427,2.388023846400613,0.2779358304772352,1.5453232174534277,6.980626145261642,2.0181786446009524,0.2555082995074896,1.4206261452616422,7.865441078935544,5.315058568443488,0.414647676067544,2.3054410789355444
2025-02-27 12:00:00,4.71,5.4,arma,ARMA,5.707771998452641,0.9955489608961764,0.2118411886311339,0.9977719984526408,5.057956041817075,0.121073407037006,0.0738760173709288,0.347956041817075,5.865884795573546,1.3360696606380984,0.2454107846228335,1.155884795573546,6.035299858742128,1.7564197155819052,0.2813800124717894,1.3252998587421283
2025-02-28 12:00:00,4.01,4.44,arma,ARMA,5.099318828725701,1.186615510616333,0.2716505807296012,1.089318828725701,4.472828763984712,0.2142104647716162,0.1154186443852149,0.4628287639847119,4.969593172107698,0.9208190559557136,0.2393000429196254,0.9595931721076978,4.7022630791107405,0.4792281706998836,0.1726341843168929,0.6922630791107407
