DATE,ACTUAL_VALUE,MARGINAL_PRICE,MODEL,MODEL_NAME,D+1_lstm_ts168_single,RMSE_lstm_ts168_single,MAPE_lstm_ts168_single,MAE_lstm_ts168_single,D+1_lstm_ts168_ensemble,RMSE_lstm_ts168_ensemble,MAPE_lstm_ts168_ensemble,MAE_lstm_ts168_ensemble,D+1_lstm_ts168_recency,RMSE_lstm_ts168_recency,MAPE_lstm_ts168_recency,MAE_lstm_ts168_recency,D+1_lstm_feature_ts168_single,RMSE_lstm_feature_ts168_single,MAPE_lstm_feature_ts168_single,MAE_lstm_feature_ts168_single,D+1_lstm_feature_ts168_ensemble,RMSE_lstm_feature_ts168_ensemble,MAPE_lstm_feature_ts168_ensemble,MAE_lstm_feature_ts168_ensemble,D+1_lstm_feature_ts168_recency,RMSE_lstm_feature_ts168_recency,MAPE_lstm_feature_ts168_recency,MAE_lstm_feature_ts168_recency,D+1_bidirectional_lstm_ts168_single,RMSE_bidirectional_lstm_ts168_single,MAPE_bidirectional_lstm_ts168_single,MAE_bidirectional_lstm_ts168_single,D+1_bidirectional_lstm_ts168_ensemble,RMSE_bidirectional_lstm_ts168_ensemble,MAPE_bidirectional_lstm_ts168_ensemble,MAE_bidirectional_lstm_ts168_ensemble,D+1_bidirectional_lstm_ts168_recency,RMSE_bidirectional_lstm_ts168_recency,MAPE_bidirectional_lstm_ts168_recency,MAE_bidirectional_lstm_ts168_recency
2023-12-09 12:00:00,7.3500002611933475,7.35,lstm_ts168_single,LSTM (Single),3.1614418607889294,17.544021473598413,0.5698718709602281,4.188558400404418,5.102052284031003,5.053270108028277,0.3058432513303567,2.2479479771623447,5.215452463050967,4.556294302554483,0.290414656093606,2.13454779814238,5.105249661315438,5.038905255652236,0.3054082340282055,2.24475059987791,7.084638438251896,0.0704168970748101,0.0361036480967916,0.2653618229414514,6.548679526719252,0.6421149194981036,0.1090232253058441,0.8013207344740954,6.445745375427884,0.8176768984307115,0.1230278712423676,0.9042548857654636,4.5970782732501325,7.5785794717012225,0.3745471959338747,2.752921987943215,5.130390301198092,4.926668374510141,0.3019877389276282,2.219609959995256
2023-12-10 12:00:00,11.690000369573172,11.69,lstm_ts168_single,LSTM (Single),9.492770166619144,4.8278205647734,0.1879580952514763,2.197230202954028,14.478333490292563,7.774801592100741,0.2385229283633632,2.7883331207193915,14.00499290242442,5.359190427157035,0.1980318613912732,2.314992532851248,13.707927439250785,4.072029658537679,0.1726199320685985,2.0179270696776133,19.788282737678816,65.58217731357077,0.6927529608282922,8.098282368105645,17.268828716161305,31.12332572069529,0.4772308101126116,5.578828346588134,20.01656398441851,69.33166163206629,0.7122808684008075,8.32656361484534,14.864119536413371,10.075032485302325,0.2715242999565528,3.1741191668402,14.92558985858365,10.469039341395094,0.276782667811722,3.2355894890104797
2023-12-11 12:00:00,6.900000239155071,6.9,lstm_ts168_single,LSTM (Single),5.070715376359297,3.3462831092537533,0.2651137390423882,1.8292848627957736,8.315320955078262,2.003132728921332,0.20511893722724,1.4153207159231904,7.287428010487856,0.1501002779998887,0.0561489504209389,0.3874277713327849,6.303332697710961,0.3560121550129588,0.0864735537338436,0.59666754144411,8.41325113368969,2.289928269809822,0.2193117162442187,1.513250894534618,7.342573853375619,0.1958714040042381,0.0641411012870837,0.4425736142205476,9.224796933501798,5.404679670045469,0.3369270454737558,2.324796694346727,7.078253421076024,0.0317741968649442,0.0258337935858942,0.1782531819209527,7.184788945801438,0.0811046074333105,0.041273724170369,0.284788706646367
2023-12-12 12:00:00,5.510000253194089,5.51,lstm_ts168_single,LSTM (Single),3.897153945469195,2.6012732123418227,0.2927125650838117,1.6128463077248938,5.749407860631831,0.0573160024990643,0.0434496545256891,0.2394076074377427,5.318732056390468,0.0365835231085085,0.0347129197848483,0.1912681968036205,3.3458179712862983,4.68368494932361,0.3927735358366339,2.1641822819077903,4.29181822588155,1.4839674516672865,0.2210856572295748,1.2181820273125386,3.935879142406695,2.4778572714265383,0.2856843989934288,1.5741211107873938,5.389353086393737,0.0145557388569517,0.0218960365256632,0.1206471668003512,4.523083264906853,0.9740051417699482,0.1791137827471297,0.986916988287236,4.843947713803985,0.4436259852280057,0.1208806731005139,0.6660525393901038
2023-12-13 12:00:00,5.900000076094432,5.9,lstm_ts168_single,LSTM (Single),3.8961935679480586,4.015240522089764,0.3396282173394165,2.003806508146374,5.3221154613294495,0.3339506279820728,0.0979465436121688,0.577884614764983,4.991210442589997,0.8258985979651257,0.15403213928533,0.9087896335044352,3.0715392774226995,8.000190489622737,0.4794001291850936,2.828460798671733,4.054123669834715,3.407259707186288,0.3128604038055563,1.845876406259717,3.7708894124906847,4.533112217871191,0.3608662095159048,2.129110663603748,4.852983613361882,1.0962434732329818,0.1774604151235255,1.0470164627325502,4.537138532623662,1.8573915866715305,0.2309934789649919,1.3628615434707705,4.8797873908802405,1.040833923071952,0.1729174020434136,1.020212685214192
2023-12-14 12:00:00,4.500000120719895,4.5,lstm_ts168_single,LSTM (Single),3.59533430873426,0.8184202313756295,0.2010368417147753,0.9046658119856356,4.897256314839914,0.1578124837667217,0.0882791518806596,0.3972561941200183,4.695375437503856,0.0381715144084328,0.0434167358983769,0.1953753167839602,3.011301674691196,2.216223063208265,0.3308218680204263,1.4886984460286996,3.79428352641644,0.4980359114752681,0.1568259056380997,0.7057165943034556,3.6488189668379527,0.7245093567237955,0.1891513624550244,0.8511811538819427,5.609608262499945,1.2312302283045746,0.2465795804473307,1.1096081417800496,3.9630481954929873,0.2883173700048831,0.1193226468493979,0.5369519252269082,4.334767003013455,0.0273019831869905,0.0367184696163979,0.1652331177064407
2023-12-15 12:00:00,4.050000262647083,4.05,lstm_ts168_single,LSTM (Single),3.3319895108704523,0.5155394396668418,0.1772865938797095,0.7180107517766303,4.309863827976318,0.0675290725856216,0.0641638391300716,0.2598635653292351,4.154373702834151,0.0108938150164836,0.0257712181279836,0.1043734401870688,2.5874649550333424,2.139009526016818,0.3611198056214016,1.4625353076137402,3.355251856971818,0.482675347188322,0.1715428050913697,0.6947484056752646,3.2249762432632143,0.6806646325603134,0.2037096212049705,0.8250240193838683,4.845353147426489,0.6325862113269238,0.1963834156049075,0.7953528847794065,3.583758280310521,0.2173815860931265,0.1151214696543811,0.4662419823365615,3.958991510719323,0.0082825929274484,0.0224712953149973,0.0910087519277595
2023-12-16 12:00:00,5.690000319647399,5.69,lstm_ts168_single,LSTM (Single),3.7854677292525287,3.6272443878761935,0.3347157264330156,1.90453259039487,4.841750247195952,0.7195281854138847,0.1490773330051432,0.8482500724514468,4.684247163860957,1.0115394103743869,0.1767580139343062,1.005753155786442,6.025035645665254,0.1122486696798903,0.0588814248148612,0.3350353260178549,8.349134891295595,7.070996670134636,0.4673346963560415,2.659134571648196,7.354356368319364,2.770081056750956,0.2925054402765135,1.6643560486719648,5.236215287073044,0.2059208557885081,0.0797513193465822,0.4537850325743546,3.9549900870860064,3.0102605070927364,0.3049226950955441,1.7350102325613923,4.411187506545294,1.6353622109541197,0.2247474061972199,1.278812813102105
2023-12-17 12:00:00,12.650001388400034,12.65,lstm_ts168_single,LSTM (Single),7.906696147326891,22.49894460999194,0.3749648000373123,4.743305241073142,13.349471188460932,0.4892580011972328,0.0552940492719872,0.6994698000608981,14.70238725942022,4.212287763563291,0.1622439245660645,2.0523858710201868,16.06008454353729,11.628667124950864,0.2695717613331078,3.410083155137256,21.272591855855406,74.34906636945226,0.6816276301251817,8.622590467455373,21.3484117186069,75.66234227264954,0.6876212945069912,8.698410330206867,19.22267275885975,43.200008944060826,0.5195787074368872,6.572671370459718,14.211925312874676,2.43960634584627,0.1234722334423549,1.5619239244746428,17.602297170659742,24.525233514987303,0.3914857896221996,4.952295782259709
2023-12-18 12:00:00,7.609999305486882,7.61,lstm_ts168_single,LSTM (Single),4.885914838699567,7.42063618219193,0.3579611978181422,2.724084466787315,8.746447079827714,1.2915135438042304,0.1493361206382032,1.136447774340832,7.7394003991641185,0.0167446430448648,0.0170040874489879,0.1294010936772363,7.413294846924301,0.0386926440183982,0.0258481572292333,0.1967044585625812,9.337265333057246,2.983447929998705,0.2269732175041052,1.727266027570364,7.905892784777079,0.0875529510864578,0.0388821953080671,0.2958934792901964,9.269010493007864,2.752318120319777,0.2180041181245336,1.6590111875209814,7.49148382982033,0.014045917972469,0.0155736513117814,0.1185154756665518,7.556314325291996,0.0028820770985252,0.0070545315498489,0.0536849801948857
2023-12-19 12:00:00,5.610000205499399,5.61,lstm_ts168_single,LSTM (Single),4.153667908465958,2.120903759382699,0.2595957653630423,1.4563322970334411,6.709279182120017,1.2084142684400736,0.1959498995281696,1.099278976620618,6.160314467307883,0.3028457867498161,0.0980952302406368,0.5503142618084835,6.132746080402799,0.273263249728521,0.0931810794571736,0.5227458749034,8.591569031994565,8.88975266712776,0.5314739246484124,2.981568826495166,7.184109683455024,2.477820648589731,0.28058991449101,1.5741094779556253,7.497871586864398,3.5640583525769887,0.3365189504831651,1.8878713813649988,5.567967175742663,0.0017667755905306,0.0074925183987571,0.0420330297567357,5.893758641497478,0.0805188500000759,0.0505808245282977,0.2837584359980791
2023-12-20 12:00:00,7.189999689608949,7.19,lstm_ts168_single,LSTM (Single),3.859591671032643,11.091617570197355,0.4632000225798954,3.330408018576306,6.12602952672072,1.1320325075164035,0.1479791667343028,1.0639701628882283,5.891840725579486,1.6852166958900494,0.1805506286607458,1.2981589640294633,8.016359556476699,0.6828706295696857,0.1149318362366569,0.8263598668677501,11.70762593668059,20.408946908230597,0.6283207847144352,4.51762624707164,9.948095887700294,7.6070946379259325,0.3836017130956723,2.758096198091345,7.2130639821531535,0.0005319615905646,0.0032078294214028,0.0230642925442046,5.159988589421103,4.120945066885867,0.2823381346068256,2.0300111001878456,5.648447348372785,2.3763836207706985,0.214402282028472,1.541552341236164
2023-12-21 12:00:00,15.290000884544408,15.29,lstm_ts168_single,LSTM (Single),5.618830491122759,93.53153677859544,0.6325160126836591,9.671170393421647,10.541840430470478,22.54502769763156,0.310540234099889,4.748160454073931,11.076076300241493,17.7571604021925,0.2756000222709259,4.213924584302916,19.97994821811779,21.99560599169208,0.3067329667923121,4.689947333573382,22.080634659662653,46.11270706777667,0.4441225233663931,6.790633775118245,19.26782254223654,15.823065140404584,0.2601583667475803,3.977821657692133,9.885085145723377,29.213114143755305,0.3534934876481585,5.404915738821032,9.226554578772966,36.76538110297336,0.3965628485934593,6.063446305771443,10.454859177838488,23.378595323927044,0.3162290011110089,4.835141706705921
2023-12-22 12:00:00,20.96999973301005,20.97,lstm_ts168_single,LSTM (Single),7.92284098671511,170.2283513510205,0.6221821131335866,13.047158746294938,14.48742648667557,42.023755894091536,0.3091355903133321,6.482573246334479,13.99276745034211,48.68177032630367,0.3327244812351947,6.97723228266794,20.925535027422185,0.0019771100430153,0.0021203960969951,0.0444647055878633,21.441976184875468,0.2227617711154706,0.0225072225977406,0.4719764518654195,18.12899032716123,8.07133444412146,0.1354797063433733,2.841009405848819,14.191333891635589,45.95031058901692,0.3232554090453222,6.77866584137446,13.164445287388745,60.9266802035585,0.372224823319103,7.805554445621304,12.985806091372444,63.74734810716635,0.3807436215208548,7.984193641637605
2023-12-23 12:00:00,16.000000404795717,16.0,lstm_ts168_single,LSTM (Single),8.77664014635313,52.17693342324777,0.4514600047308444,7.223360258442588,15.891386344256942,0.0117970141467207,0.0067883786119292,0.108614060538775,16.22454149231725,0.0504186999853529,0.014033817615044,0.2245410875215334,19.234013740643547,10.458842256441612,0.20212582837676,3.2340133358478305,19.340229311811925,11.15712915126669,0.208764301406832,3.340228907016208,17.200476174999178,1.4411420748455928,0.0750297337394841,1.200475770203461,18.388823894288777,5.706477663953799,0.1493014643160291,2.38882348949306,15.296552172549942,0.494839415449705,0.0439655134030451,0.7034482322457745,16.44629377128941,0.1991777689762753,0.027893334700162,0.4462933664936948
2023-12-24 12:00:00,24.109998080734915,24.11,lstm_ts168_single,LSTM (Single),9.89081610940848,202.18513593369477,0.5897628827556095,14.219181971326435,18.67939646102624,29.49143395198252,0.2252427230198744,5.430601619708678,20.824521638087727,10.794355455189615,0.136270290509581,3.2854764426471874,36.20822466527509,146.3670864908746,0.5017929302203993,12.098226584540177,37.19294244269183,171.16343317806025,0.5426356451023875,13.082944361956915,33.22573942019875,83.0967401680099,0.3780896750360077,9.115741339463836,25.13834604453092,1.0574995346433822,0.0426523453196664,1.0283479637960014,19.92944969504497,17.476984805094812,0.173394803752822,4.180548385689946,23.692773917172687,0.1740760026602006,0.0173050268260125,0.4172241635622278
2023-12-25 12:00:00,19.28999871776676,19.29,lstm_ts168_single,LSTM (Single),11.024612850191042,68.31660353992035,0.4284803741310261,8.265385867575715,18.732562546584905,0.3107350849418828,0.0288976779800629,0.5574361711818518,19.06098925661373,0.0524453332975995,0.0118719272356457,0.2290094611530264,27.599083604357336,69.04089165256798,0.4307457459257177,8.309084886590579,30.07321596872682,116.27777428140271,0.559005597083236,10.783217250960064,24.74489744221053,29.755920093938297,0.2827837784882599,5.4548987244437726,20.83254530980053,2.379449988595007,0.0799661324297048,1.5425465920337729,18.418824058585976,0.7589452867987498,0.0451619863706055,0.871174659180781,19.006003200345727,0.0806534539152383,0.014722422825226,0.2839955174210296
2023-12-26 12:00:00,15.390000614648342,15.39,lstm_ts168_single,LSTM (Single),9.918660078627278,29.93556726110726,0.3555126911959569,5.471340536021064,15.23587318996906,0.0237552630382674,0.0100147770320802,0.1541274246792809,15.190802231179156,0.0396799959767369,0.0129433642309011,0.1991983834691861,26.950236734438423,133.63905914529923,0.7511524144311563,11.560236119790082,33.40689043353591,324.6083187459343,1.1706880506384727,18.016889818887563,27.93965886984428,157.49392232220757,0.8154423491868519,12.549658255195938,16.629776462547806,1.5370441530348355,0.0805572318638788,1.2397758478994645,14.519156787106704,0.7583689719673696,0.0565850417648951,0.8708438275416377,15.036971783729376,0.1246293554600117,0.0229388444977026,0.3530288309189657
2023-12-27 12:00:00,9.859999586352048,9.86,lstm_ts168_single,LSTM (Single),7.635711749512247,4.947456381113483,0.2255870111717451,2.2242878368398014,11.212609642808909,1.829553964828232,0.1371815530630557,1.3526100564568608,11.025353474676956,1.358049685033983,0.1181900544841767,1.1653538883249084,9.314036950460125,0.2980751997900569,0.0553714664093526,0.5459626358919234,11.548527332015274,2.851125947874536,0.1712502856491436,1.688527745663226,10.676321445676765,0.6663813780113623,0.0827912670964659,0.8163218593247166,13.539908312287825,13.54172823121827,0.3732159107825328,3.679908725935777,10.092737951875648,0.0541671467865969,0.0236042976964979,0.2327383655236001,10.452197561811367,0.3506984421381164,0.06006064911798,0.5921979754593192
2023-12-28 12:00:00,11.919999422165716,11.92,lstm_ts168_single,LSTM (Single),7.971898066616635,15.587504313688491,0.3312165727296453,3.948101355549081,11.486787095368555,0.1876729200890102,0.036343317768253,0.433212326797161,11.326107570059914,0.3527075319976599,0.049823144370413,0.5938918521058021,15.986186601322444,16.533878175938547,0.3411231020360194,4.066187179156728,20.607422050157897,75.47131191735056,0.7288106584835542,8.68742262799218,17.737768221722277,33.84643380509378,0.4880678759713852,5.817768799556561,10.895955536000752,1.0486658807918423,0.0859097261582675,1.0240438861649643,10.441035021641628,2.1873356980175758,0.1240742006894643,1.478964400524088,11.256723691646515,0.43993469469578,0.0556439398214913,0.6632757305192012
2023-12-29 12:00:00,16.000000404795717,16.0,lstm_ts168_single,LSTM (Single),7.332018009931466,75.13391879767659,0.5417488859729138,8.66798239486425,12.576898056701705,11.717629685526742,0.2139438913431526,3.4231023480940124,12.893020702841516,9.653322868355412,0.194186226459278,3.1069797019542005,20.912743440746137,24.13504413727935,0.3070464319787087,4.91274303595042,25.54394045155833,91.08679161619918,0.5964962378314682,9.543940046762614,22.229513237252483,38.80683012974352,0.3893445421782352,6.229512832456766,14.704256445400125,1.678952408310166,0.0809839954133511,1.2957439593955922,11.432278100972576,20.86408704484338,0.285482636766312,4.567722303823141,12.580961091865106,11.689829823365024,0.2136899516518646,3.419039312930611
2023-12-30 12:00:00,11.459999423634402,11.46,lstm_ts168_single,LSTM (Single),6.91149894812503,20.688856575708986,0.3969023302155515,4.548500475509372,12.377599473604354,0.8419898517048583,0.0800698164153088,0.917600049969952,12.820789047713886,1.8517484010023824,0.1187425560661961,1.3607896240794837,18.422993592846,48.483287800474734,0.6075911447998458,6.9629941692116,20.71387936951908,85.63429405284663,0.8074939276872949,9.25387994588468,18.09447039908624,44.01620512411287,0.5789241980038247,6.634470975451839,16.135082379104713,21.856400640529014,0.4079479223907032,4.675082955470311,11.25501324540144,0.0420193332665558,0.0178871019670569,0.2049861782329625,12.522540982225918,1.1289945637340872,0.0927174181527614,1.0625415585915157
2023-12-31 12:00:00,25.00000174821413,25.0,lstm_ts168_single,LSTM (Single),7.072129959214648,321.4085868828035,0.7171148214131687,17.927871788999482,13.251247426449686,138.03322811317875,0.4699501400076388,11.748754321764446,14.73071296942221,105.45829202222168,0.4107715224270136,10.26928877879192,22.69615339718695,5.307717224530661,0.0921539275968953,2.303848351027181,26.67272132039592,2.797990767160021,0.0669087782084366,1.6727195721817871,25.53495607253776,0.2861761291125459,0.0213981714766015,0.5349543243236248,16.80958287427286,67.08296133061341,0.3276167320478829,8.190418873941272,13.064956599787427,142.4453026949838,0.4774017725530471,11.935045148426704,15.602270655409228,88.31734969267205,0.3759092174254039,9.397731092804904
2024-01-01 12:00:00,20.63000100421576,20.63,lstm_ts168_single,LSTM (Single),9.895179370689112,115.23639550363174,0.520350029616236,10.734821633526648,19.81655159295086,0.6616999446872149,0.039430410648001,0.8134494112649016,23.00646511727254,5.647581680646749,0.1151945708859222,2.3764641130567803,31.104737165415965,109.7200976467552,0.5077428817894717,10.474736161200203,32.0341484312372,130.0545785372397,0.5527943224380353,11.40414742702144,29.91675984757521,86.24388981471503,0.4501579443191348,9.286758843359454,32.86016240575141,149.57684790761246,0.5928337763549505,12.23016140153565,21.544247131606053,0.8358459814481468,0.0443163394516299,0.9142461273902924,24.9484745568032,18.64921382439717,0.2093297790778077,4.318473552587438
2024-01-02 12:00:00,12.3300014348785,12.33,lstm_ts168_single,LSTM (Single),8.13953549176221,17.5600048204175,0.3398593232327214,4.1904659431162905,12.75093297733309,0.1771833634331996,0.0341388072562488,0.4209315424545892,12.79488708692038,0.2161186694744029,0.0377036170269075,0.4648856520418789,14.763010564432692,5.919533424494045,0.1973243184442635,2.433009129554192,14.63834208725467,5.328436567412443,0.1872133320152299,2.3083406523761703,13.239766716727145,0.8276728680571429,0.0737846858050758,0.909765281848644,13.576868413316676,1.554677261919546,0.1011246417953447,1.2468669784381756,11.204868905639543,1.2659232083516532,0.0912516138121637,1.1251325292389571,11.425233936390557,0.8186042263201316,0.0733793506242896,0.904767498487944
2024-01-03 12:00:00,12.840000318824856,12.84,lstm_ts168_single,LSTM (Single),7.906458826877321,24.33983165276791,0.3842321938819907,4.933541491947535,11.971449978097482,0.7543796943776379,0.0676441058536411,0.8685503407273742,11.975496192952743,0.7473673836499061,0.0673289800939221,0.8645041258721129,18.869472092266,36.3545298667235,0.4695850174241253,6.029471773441145,19.81854303719515,48.70005847211903,0.543500198215648,6.978542718370292,16.927248791130886,16.705600074367972,0.3183215242069482,4.08724847230603,13.053641311696929,0.0456424738353648,0.0166387061968254,0.2136409928720724,11.076466654627971,3.110050984755691,0.1373468551719076,1.7635336641968848,11.511727565583085,1.7643085070044755,0.1034480311728946,1.3282727532417713
2024-01-04 12:00:00,9.330000285436189,9.33,lstm_ts168_single,LSTM (Single),5.435067569512916,15.17050086156944,0.4174633008321692,3.894932715923273,10.037793935414486,0.5009718509496007,0.0758621252223474,0.7077936499782975,10.244891601569863,0.8370261203368075,0.0980590876896101,0.9148913161336748,10.74861747839488,2.0124747401579985,0.1520489978090466,1.418617192958692,10.430108035805118,1.2102370624217862,0.1179107949317171,1.1001077503689292,9.661855549157554,0.1101279160595771,0.0355686231049081,0.3318552637213656,12.470066570860876,9.860016276860796,0.3365558616676811,3.1400662854246875,8.963005907471253,0.1346848734578701,0.0393348731765637,0.3669943779649358,9.638299747534806,0.0950485583302966,0.0330438856020038,0.308299462098617
2024-01-05 12:00:00,7.29000045326217,7.29,lstm_ts168_single,LSTM (Single),4.200730878051848,9.543586508320162,0.4237680909646471,3.089269575210322,7.738759087025012,0.2013843113766925,0.0615581077998464,0.448758633762842,7.968422558589567,0.4602565529968576,0.0930620114054743,0.6784221053273969,8.867951968919128,2.48993098576409,0.2164542410900464,1.5779515156569577,9.819194566563176,6.396822862756464,0.3469401860145603,2.5291941133010063,9.32296129177068,4.132929770909223,0.2788697821820833,2.03296083850851,8.971423975890659,2.8271850624483954,0.2306479311501381,1.6814235226284886,6.7274851727212415,0.3164234408420396,0.0771625851256581,0.5625152805409286,7.454657562286806,0.0271119635523507,0.0225867076525288,0.1646571090246356
2024-01-06 12:00:00,6.19999974347906,6.2,lstm_ts168_single,LSTM (Single),3.9477949028296417,5.07242664424467,0.3632588602956326,2.252204840649418,6.907137156719099,0.5000433212038137,0.114054426209256,0.707137413240039,7.122393827393297,0.8508108460399846,0.1487732454964015,0.922394083914237,6.925341303374743,0.5261203785119026,0.1169905790171316,0.7253415598956829,7.904756918792442,2.906197026782462,0.2749608461042898,1.7047571753133823,7.71343441557853,2.290484506712832,0.2441023765672325,1.5134346720994705,6.477766328245618,0.0771542756128777,0.044801063912737,0.2777665847665584,6.056373800339331,0.0206284115427766,0.0231654756584126,0.1436259431397291,6.770739911264553,0.3257443391238135,0.0920548695805637,0.5707401677854937
2024-01-07 12:00:00,5.860000098078109,5.86,lstm_ts168_single,LSTM (Single),3.832035895727637,4.112638806014985,0.3460689707182051,2.027964202350472,6.489677667749803,0.396493841747652,0.1074535083844467,0.6296775696716947,6.604845177036258,0.5547941916481713,0.1271066666368204,0.7448450789581491,7.166547114546896,1.7070651062434896,0.2229602379865646,1.3065470164687871,8.958948531450948,9.603481392703978,0.5288307818269824,3.09894843337284,8.533464755664005,7.147413275360872,0.45622263017755,2.673464657585896,6.288666222988906,0.183754646646039,0.0731512146307618,0.428666124910797,5.695602467375503,0.0270265809806303,0.0280542027220311,0.1643976307026058,6.342426574237594,0.2327353048996585,0.0823253358507119,0.4824264761594854
2024-01-08 12:00:00,4.990000187494382,4.99,lstm_ts168_single,LSTM (Single),3.258669276073935,2.997506724839956,0.3469600894523806,1.731330911420447,5.282374789739377,0.0854829080379189,0.0585921024567745,0.2923746022449949,5.111273702422604,0.0147072654230457,0.024303308691681,0.1212735149282222,4.416824842151103,0.3285299765093875,0.1148647943500552,0.5731753453432793,5.432197563588396,0.1955385194244307,0.0886167053063886,0.4421973760940139,5.197524182480617,0.0430662084950468,0.0415879733845137,0.2075239949862348,4.662063224923114,0.1075426514204694,0.065718827705282,0.3279369625712682,4.389360008520396,0.3607686245979021,0.1203687688187411,0.6006401789739861,4.752500835839151,0.056405942036655,0.0475950586636121,0.2374993516552308
2024-01-09 12:00:00,3.9799998520660296,3.98,lstm_ts168_single,LSTM (Single),2.9023730841336874,1.161279450964306,0.2707605045193514,1.077626767932342,4.666550871706618,0.4713523025695316,0.1725002626028234,0.6865510196405884,4.623573504309062,0.4141870458614362,0.1617019286844827,0.6435736522430329,3.1332528532379462,0.7169804800243662,0.2127505101259073,0.8467469988280834,3.822354897263431,0.0248519317747133,0.039609286598532,0.1576449548025986,3.800309706694867,0.0322885483435095,0.0451482794095796,0.1796901453711625,4.232980135682374,0.0639990238986061,0.0635628876933303,0.2529802836163446,3.893269213225107,0.0075222037137545,0.0217916186092068,0.0867306388409225,4.323430553859594,0.11794464693442,0.0862891242609691,0.3434307017935643
2024-01-10 12:00:00,7.519999569684145,7.52,lstm_ts168_single,LSTM (Single),2.716594167802102,23.072703454829583,0.6387507548865186,4.803405401882042,4.273571915515155,10.53929251375317,0.4317058297791028,3.24642765416899,4.311317718323894,10.295639223248642,0.4266864408205041,3.20868185136025,2.6962081734869225,23.26896343402635,0.6414616585410033,4.823791396197223,3.312428056057604,17.703658042281536,0.5595175205313565,4.20757151362654,3.2719156580192306,18.046216920546275,0.5649048078128204,4.248083911664914,3.946326007305509,12.771142730444009,0.4752225753822399,3.5736735623786355,3.622680466036639,15.189096195655797,0.5182605487584092,3.8973191036475057,4.088823126721064,11.772971782744776,0.4562734892692549,3.43117644296308
2024-01-11 12:00:00,4.6699998981291655,4.67,lstm_ts168_single,LSTM (Single),2.637895836487845,4.129446917339151,0.4351400655180732,2.0321040616413204,5.06964879927804,0.1597192441895029,0.0855779250250041,0.3996489011488746,5.555127490352395,0.7834508545148914,0.1895348204563811,0.8851275922232293,3.677025783354824,0.9859975926118868,0.2126282947398208,0.9929741147743414,3.545583244026906,1.2643128120225204,0.2407744493854718,1.1244166541022595,3.809640231773472,0.7402187554916805,0.1842311959579184,0.8603596663556936,6.793541763144922,4.509430052474596,0.4547198953615528,2.1235418650157563,4.260116170231722,0.1680046703951054,0.0877695367962739,0.4098837278974434,5.049488766116246,0.1440118009261159,0.081261001341586,0.3794888679870807
2024-01-12 12:00:00,3.770000156337881,3.77,lstm_ts168_single,LSTM (Single),2.452135555278664,1.7367671067249686,0.3495661926813737,1.3178646010592168,4.030932153359674,0.0680855070697811,0.0692127284353374,0.2609319970217933,4.265174648924705,0.2451977781086188,0.1313460138070203,0.4951744925868242,2.8728601019293607,0.8048602772241226,0.2379681743249549,0.8971400544085202,2.9767840779253114,0.6291917470522156,0.2104021340898529,0.7932160784125695,3.121279306400764,0.4208387411431356,0.1720744888687947,0.6487208499371171,4.369112542562373,0.3589356513276052,0.1589157457241223,0.5991123862244923,3.4658018456033064,0.0925366122537687,0.0806892037453038,0.3041983107345745,4.002709642999494,0.0541537051823114,0.0617266517271615,0.232709486661613
2024-01-13 12:00:00,6.239999845968116,6.24,lstm_ts168_single,LSTM (Single),3.430134296981434,7.895344403382229,0.4502989772992118,2.809865548986682,5.818928746505631,0.1773008708025458,0.0674793445282781,0.4210710994624849,6.810922254269564,0.3259523963007255,0.0914939779478265,0.5709224083014481,10.061956471863146,14.607352450222924,0.6124930641407837,3.82195662589503,11.513173213454955,27.80635736357249,0.8450598553931091,5.273173367486839,11.739427583616608,30.24370544161761,0.8813185694550725,5.499427737648492,7.731177612983144,2.223611132839925,0.2389708018948959,1.491177767015028,6.024648243163713,0.0463763128304253,0.0345114756602997,0.2153516028044029,7.167374757343616,0.8600242262487162,0.1486177779274641,0.9273749113755
2024-01-14 12:00:00,5.359999966089963,5.36,lstm_ts168_single,LSTM (Single),4.513530003407968,0.7165113977228571,0.157923501499475,0.8464699626819945,5.969259016193575,0.3711965901331552,0.1136677339474046,0.6092590501036117,5.659550351455348,0.0897304333725506,0.0558862662799422,0.2995503853653849,7.700058526512978,5.475874066209036,0.4365780923931707,2.3400585604230155,9.972915207228995,21.278987021932775,0.8606185205825818,4.612915241139032,8.508152218590377,9.91086260492343,0.5873418418688802,3.148152252500414,6.248214399842281,0.7889248803259511,0.1657116491364937,0.8882144337523181,6.057472728759485,0.4864682546658561,0.1301255162466573,0.6974727626695225,5.704364804389701,0.1185871418572045,0.0642471717310376,0.3443648382997377
2024-01-15 12:00:00,4.289999942694344,4.29,lstm_ts168_single,LSTM (Single),4.44032880434503,0.022598766645191,0.0350416931605531,0.1503288616506859,5.681722265840886,1.936891024744408,0.324410802269724,1.391722323146542,5.3333311806143175,1.0885400720196248,0.243200758008567,1.0433312379199735,5.282025597937091,0.9841149006598018,0.2312414145674098,0.9920256552427472,6.281548389217636,3.966265214849338,0.4642304133161586,1.991548446523292,5.560787211424312,1.614900282366173,0.2962208125186705,1.2707872687299684,5.36651313735071,1.1588806582692548,0.250935479961862,1.076513194656366,5.093406367033647,0.6454618826696643,0.1872742272893183,0.8034064243393031,5.037772101409331,0.5591632013492721,0.1743058668306991,0.7477721587149873
2024-01-16 12:00:00,3.539999792676924,3.54,lstm_ts168_single,LSTM (Single),2.9881540300255214,0.3045337457563082,0.1558886426470948,0.5518457626514026,3.967528051977258,0.1827804125003738,0.1207707017906462,0.4275282593003342,3.807653183227753,0.0716383374733546,0.0756083068435525,0.2676533905508291,2.54077993779832,0.9984403183836184,0.2822655122595362,0.999219854878604,3.043003279189888,0.2470055344182697,0.1403945035576431,0.4969965134870362,2.899725029833868,0.4099517719337316,0.1808685876670305,0.6402747628430561,4.446035156016804,0.8209000796224286,0.255942208023335,0.90603536333988,3.3379968819333143,0.0408051759488907,0.0570629724785538,0.2020029107436096,3.55432614133305,0.0002052442658168,0.0040469913828137,0.0143263486561258
2024-01-17 12:00:00,2.7599998885619783,2.76,lstm_ts168_single,LSTM (Single),2.752383123165761,5.801511510101085e-05,0.0027596977187508,0.0076167653962171,3.5537293652579343,0.630006482176036,0.2875831553419036,0.793729476695956,3.4487005639131447,0.4743086202291527,0.2495292402747142,0.6887006753511664,2.343194136687233,0.1737270347958716,0.1510165828636719,0.4168057518747452,2.5995593968783868,0.0257411513716726,0.0581306152759247,0.1604404916835915,2.493323504449134,0.0711162938435011,0.0966218822029693,0.2666763841128441,3.397726208941348,0.4066948597046102,0.2310602703363293,0.6377263203793695,2.805158940164441,0.0020393399416338,0.0163619758789162,0.0451590516024626,3.078741438225868,0.1015961754821378,0.1154860733816772,0.3187415496638897
2024-01-18 12:00:00,2.2900001159646,2.29,lstm_ts168_single,LSTM (Single),2.2741536516721874,0.0002511104305706,0.0069198530523818,0.0158464642924123,2.859078202298381,0.3238498683453185,0.2485057019720161,0.5690780863337812,2.7469477577996475,0.2088011473786111,0.1995404448451615,0.4569476418350477,1.8587486373405708,0.1859778378154112,0.1883194134435124,0.4312514786240289,2.0713662163329416,0.0478007820681459,0.0954733137817177,0.2186338996316581,1.946990443533582,0.117655635381234,0.1497858755725583,0.3430096724310176,2.770206530223944,0.2305982002958167,0.2096971135117477,0.480206414259344,2.171272698878865,0.0140961995678499,0.0518460310364324,0.1187274170857346,2.4243291285652075,0.0180442836262542,0.0586589544970505,0.1343290126006078
2024-01-19 12:00:00,3.81999992125052,3.82,lstm_ts168_single,LSTM (Single),2.483627902899748,1.785890171430916,0.3498356141099855,1.336372018350772,3.3237093152730552,0.2463043655814792,0.1299190094786699,0.4962906059774647,3.416135919669565,0.1631061317729815,0.1057235628027828,0.4038640015809549,2.856841095717675,0.9276749232018096,0.2521358234001074,0.9631588255328452,3.617798499571826,0.0408854149288849,0.0529323104311742,0.2022014216786938,3.413093937563316,0.1655724795604513,0.1065198932135053,0.4069059836872042,3.1857584658999505,0.4022622236852085,0.1660317980171432,0.6342414553505695,2.8074317623656686,1.0252942763874575,0.2650702041253906,1.0125681588848514,3.238433939178263,0.3382189915036689,0.1522424068223213,0.5815659820722572
2024-01-20 12:00:00,4.79999984567412,4.8,lstm_ts168_single,LSTM (Single),3.3506361656655708,2.100655076927924,0.301950776376535,1.449363680008549,4.90368756269622,0.0107511426612551,0.0216016084074557,0.1036877170221002,5.195594283358387,0.1564949591267318,0.0824155105006486,0.3955944376842675,5.86199832528351,1.1278407706926568,0.2212496903654049,1.0619984796093904,7.84915289482543,9.297334317148731,0.6352402389969415,3.04915304915131,7.392807665971201,6.722652392993703,0.5401683132622983,2.592807820297081,6.592570755241615,3.213310465827638,0.37345228483351,1.7925709095674955,4.521078800859036,0.0777969492407378,0.0581085528714035,0.2789210448150836,5.2319270594217775,0.1865611179758148,0.0899848390905515,0.4319272137476577
2024-01-21 12:00:00,14.069998528601642,14.07,lstm_ts168_single,LSTM (Single),4.132102916465072,98.7617691977233,0.7063181699653138,9.93789561213657,6.49773908779439,57.33911303889457,0.5381848068721744,7.572259440807253,7.068934270642894,49.01490074406748,0.4975881300717203,7.001064257958748,10.576270443950474,12.206135929480324,0.2483104797451883,3.4937280846511687,14.580593701005435,0.260707430082059,0.036289639360363,0.5105951724037929,13.977640302850055,0.0085300418639811,0.0065641958358304,0.0923582257515871,8.70510235283487,28.782110976756933,0.3813004077335867,5.364896175766772,5.90651867265993,66.64240335836612,0.5802047412689422,8.163479855941713,6.954564880710286,50.6293959975445,0.5057167300641168,7.115433647891357
2024-01-22 12:00:00,8.360000060080182,8.36,lstm_ts168_single,LSTM (Single),7.595077517145899,0.5851064966890497,0.0914979111766832,0.7649225429342827,10.686674655988808,5.413414675246568,0.2783103563621638,2.326674595908626,10.364357866544646,4.017450216335037,0.2397557167535761,2.004357806464464,12.033949653057936,13.497905611741407,0.4394676515041217,3.6739495929777535,11.32540226126344,8.79361021478251,0.3547131794105293,2.9654022011832577,9.628148714832202,1.6082010105493574,0.1516924217270707,1.2681486547520198,11.487406182548872,9.780669054854648,0.374091638755167,3.12740612246869,9.207807809284102,0.7187779796102165,0.1014124094630435,0.8478077492039198,9.200618149488117,0.7066387722398462,0.1005524023165942,0.8406180894079345
2024-01-23 12:00:00,5.910000240177446,5.91,lstm_ts168_single,LSTM (Single),4.256400409144151,2.7343924011933427,0.2797969143540418,1.653599831033295,7.051817576090203,1.3037468285909053,0.1932008950101961,1.1418173359127568,6.938230845762586,1.057258178261984,0.1739814828762625,1.02823060558514,9.36161639065144,11.91365405021291,0.5840297817602728,3.4516161504739937,10.001798029696635,16.742809150314123,0.6923515436940717,4.091797789519189,8.925822691865962,9.09518506010853,0.5102914262483967,3.015822451688516,8.370441928410925,6.05377330119721,0.4163183736452106,2.4604416882334785,5.992022237916652,0.0067276081131303,0.0138785100517598,0.082021997739206,6.513599963994448,0.364332626591961,0.1021319288134037,0.6035997238170019
2024-01-24 12:00:00,6.8799996621594754,6.88,lstm_ts168_single,LSTM (Single),4.189230427893566,7.240239072071948,0.3911001986039834,2.6907692342659093,6.785947041861236,0.0088458953849647,0.0136704396681202,0.094052620298239,6.648650349203173,0.0535225046053531,0.0336263552785825,0.2313493129563024,10.828912902098484,15.593915776565597,0.5739699758501927,3.948913239939008,11.884811549634676,25.04814202901309,0.727443624016735,5.004811887475201,9.813475312523067,8.605279391276099,0.4263772956992909,2.933475650363592,7.075498875966831,0.0382199425992941,0.0284155847975714,0.1954992138073557,5.594460860866964,1.652610009628587,0.1868515791306027,1.2855388012925113,6.242388731867554,0.4065476984277293,0.0926760118607025,0.6376109302919213
2024-01-25 12:00:00,6.400000130161091,6.4,lstm_ts168_single,LSTM (Single),3.68234668625202,7.385640241190835,0.4246333419747394,2.717653443909071,6.65843661001855,0.0667894141211149,0.0403806991564786,0.2584364798574592,6.992503546675312,0.3510602985810246,0.0925786569475128,0.5925034165142211,4.622222622434735,3.1604928669777355,0.2777777299328912,1.7777775077263565,4.563816021670306,3.3715720802741007,0.2869037611167311,1.8361841084907853,4.483316927083505,3.673674500959754,0.2994817443901117,1.9166832030775856,10.255051547357144,14.8614214292253,0.6023517716864515,3.855051417196053,6.0536896205828805,0.1199309690443199,0.0541110160211033,0.3463105095782106,7.234274095373804,0.6960130490317429,0.1303553044133631,0.8342739652127129
2024-01-26 12:00:00,6.940000341878552,6.94,lstm_ts168_single,LSTM (Single),3.1265492279265485,14.542409398501771,0.5494886060653652,3.813451113952003,5.135505745948215,3.2562007467417877,0.2600136177287114,1.804494595930336,5.253862790700749,2.8430598414918764,0.2429592893537799,1.6861375511778025,8.319256550977364,1.902347690337628,0.198740077976058,1.3792562090988127,9.55327019386156,6.82917931928329,0.3765518333210392,2.6132698519830075,8.103069293426687,1.352729386055279,0.1675891778462521,1.1630689515481354,6.139780832014807,0.6403512639665713,0.1153053991993229,0.8002195098637443,4.094304867781262,8.097982731297797,0.410042555318809,2.845695474097289,4.804605058913032,4.55991301451139,0.3076938296500862,2.1353952829655194
2024-01-27 12:00:00,5.890000088488881,5.89,lstm_ts168_single,LSTM (Single),3.6059103615008814,5.217065880932109,0.3877911192992863,2.2840897269879985,6.069483461082645,0.0322142810376319,0.0304725585564145,0.1794833725937641,6.529678577361605,0.4091885691264923,0.1086041560717256,0.6396784888727245,7.900477328326782,4.042018731906227,0.3413373870345226,2.0104772398379014,9.36088319203793,12.04702951850228,0.5892840494743571,3.470883103549049,8.752306973870848,8.192800706105018,0.4859604146655134,2.862306885381967,7.813616234045825,3.700299075447355,0.3265901726073592,1.9236161455569445,5.434496276564041,0.2074837226780596,0.0773351112192771,0.4555038119248396,6.307670241160012,0.1744483564323259,0.0709117396258456,0.417670152671131
2024-01-28 12:00:00,13.540000405054904,13.54,lstm_ts168_single,LSTM (Single),3.481865059100769,101.1660866375319,0.742846015144809,10.058135345954136,6.084061642725053,55.5910228276128,0.5506601579972122,7.455938762329851,6.84234752178983,44.85855414470896,0.4946567712630667,6.697652883265074,8.968055459918675,20.90268058135672,0.3376620981066868,4.571944945136229,11.909278192725786,2.659254933783574,0.1204373828320063,1.6307222123291183,12.093861773217489,2.0913169424925924,0.1068049179154771,1.4461386318374156,8.911960252516954,21.418755653503496,0.3418050231970568,4.628040152537951,5.699353007096077,61.47575161911853,0.5790729071936859,7.840647397958827,7.036147324544152,42.3001048928692,0.4803436400254952,6.503853080510752
2024-01-29 12:00:00,7.500000669226485,7.5,lstm_ts168_single,LSTM (Single),4.3563049567908925,9.882822732385929,0.4191593909230702,3.1436957124355924,8.266245775581474,0.5871315630129689,0.1021660050643723,0.7662451063549893,9.26599659460656,3.1187416084590307,0.2354661023733232,1.765995925380076,6.767868820181748,0.536017044385665,0.0976175711621963,0.7321318490447366,5.346608248575563,4.637098917316838,0.287118963800441,2.1533924206509223,6.042838512915776,2.123321549784074,0.1942882701717136,1.457162156310709,10.160613766602207,7.078862053927234,0.3547483813291613,2.6606130973757223,7.122681217108404,0.1423699689466886,0.0503092557933059,0.3773194521180807,8.151302255827792,0.4241937567093801,0.0868402037980723,0.6513015866013072
2024-01-30 12:00:00,5.900000076094432,5.9,lstm_ts168_single,LSTM (Single),3.111504000562144,7.775710363258973,0.4726264473844147,2.7884960755322883,5.512870835302777,0.1498690490759238,0.0656151247116457,0.3871292407916558,6.001950844757109,0.0103939592309105,0.0172797910758949,0.1019507686626761,4.935573201328867,0.9301191967700754,0.1634621800554243,0.9644268747655652,4.870285078088257,1.0603129771188584,0.1745279635128083,1.0297149980061755,5.188886270058479,0.5056828451349399,0.1205277621804172,0.7111138060359536,7.444417276282468,2.3852244882366493,0.2617656237744286,1.5444172001880352,4.886690057623456,1.0267971935336506,0.1717474585427035,1.0133100184709765,5.818835666224421,0.0065876614295471,0.01375667946156,0.081164409870011
2024-01-31 12:00:00,5.4999997313879545,5.5,lstm_ts168_single,LSTM (Single),2.8196800116989413,7.18411379975379,0.4873308819258106,2.680319719689013,4.88082638477043,0.3833756331615456,0.112576977610374,0.6191733466175249,5.398453857766816,0.0103115644494802,0.018462887014635,0.1015458736211387,4.220844481511707,1.636238153285964,0.2325736931542441,1.279155249876247,4.345299810745078,1.3333319067326654,0.2099454503703188,1.1546999206428763,4.560461947120972,0.882731248065311,0.1708250600277548,0.9395377842669824,5.636038742878314,0.018506612647274,0.0247343669335105,0.1360390114903591,4.388083629079953,1.2363574185718171,0.2021665739295232,1.111916102308001,5.053118652416622,0.1997026987425826,0.0812511092357017,0.4468810789713329
2024-02-01 12:00:00,5.310000316555872,5.31,lstm_ts168_single,LSTM (Single),4.309825557819694,1.0003495480129725,0.188356817158328,1.0001747587361782,6.110034042617638,0.6400539628362732,0.1506654761521139,0.8000337260617663,6.270438850970649,0.9224421783888052,0.1808735361879844,0.9604385344147772,7.811695346997843,6.258478025338056,0.4711289795298167,2.5016950304419714,8.377341375553272,9.40858117221129,0.5776536489901591,3.0673410589974,7.762358251093214,6.014059439088258,0.4618376249227739,2.452357934537342,6.392764691500823,1.1723786916499317,0.2039104162704165,1.0827643749449516,5.654438343578169,0.1186375544590129,0.0648659145929588,0.3444380270222975,5.994551571757792,0.4686104209985241,0.1289173661755877,0.68455125520192
2024-02-02 12:00:00,5.1999996908423,5.2,lstm_ts168_single,LSTM (Single),3.05071405442583,4.619428746906149,0.4133241854228508,2.1492856364164696,5.250251079053524,0.0025252020171551,0.0096637290767001,0.0502513882112243,5.78560185137592,0.3429298904216435,0.1126158067980122,0.5856021605336199,7.311155121056565,4.456977250523179,0.4059914530249325,2.111155430214265,8.267225348144477,9.40787323281277,0.5898511230113833,3.0672256573021768,8.13471411624783,8.61254875868331,0.5643681922854428,2.93471442540553,7.784023777108674,6.677180478404769,0.4969277384414251,2.584024086266374,4.750604642132023,0.2019559098053119,0.086422129890066,0.4493950487102767,5.76375365397818,0.3178185309514117,0.108414230125572,0.5637539631358806
2024-02-03 12:00:00,10.4700001194138,10.47,lstm_ts168_single,LSTM (Single),5.034365579683359,29.546122849510564,0.5191627963452949,5.435634539730441,8.320675319627066,4.619597094978287,0.2052841237127963,2.149324799786734,9.024632336090692,2.089088029068357,0.13804849731024,1.445367783323109,13.35374974984876,8.316011931033763,0.2754297609880463,2.8837496304349592,16.097695442507508,31.67095464957079,0.53750671049742,5.627695323093708,14.49211878895809,16.177438591896724,0.3841565065588062,4.022118669544289,11.278021181481671,0.6528980367452901,0.0771748856592287,0.8080210620678709,8.032409236829986,5.941849310855738,0.2328167005522719,2.437590882583814,9.659799582334422,0.6564249102837131,0.0773830494592907,0.8102005370793783
2024-02-04 12:00:00,17.79999866590124,17.8,lstm_ts168_single,LSTM (Single),4.956614105625937,164.95252696311798,0.7215385125212885,12.8433845602753,10.642377006756991,51.23154781545085,0.4021136064945793,7.157621659144247,11.667279987676316,37.61023838624884,0.3445347830263117,6.132718678224922,22.08461735225536,18.357957287454923,0.2407089330046972,4.284618686354122,23.862703081997747,36.75638483695611,0.3406013972186748,6.0627044160965085,21.68249625273676,15.07378751178366,0.2181178583048476,3.882497586835523,15.1153540892989,7.207316502680346,0.1508227403266724,2.684644576602338,9.982910974465495,61.106859975596194,0.4391622627708749,7.817087691435743,12.04473168708259,33.12309799748033,0.323329629784961,5.755266978818648
2024-02-05 12:00:00,11.729998850812384,11.73,lstm_ts168_single,LSTM (Single),6.203336623693411,30.54399537266365,0.4711562462545521,5.526662227118973,12.001336117139502,0.0736239120978731,0.0231319090289872,0.2713372663271176,12.425056665290986,0.4831053654677709,0.0592547214470071,0.6950578144786022,21.75950272791716,100.59094802085971,0.8550302523184102,10.029503877104776,21.08390520871787,87.49556415246465,0.7974345502393346,9.353906357905483,17.96219690082568,38.84029253458954,0.5313042336386652,6.232198050013297,11.24271523744718,0.2374453198542492,0.041541659088181,0.4872836133652036,10.782562861466989,0.8976349539068882,0.0807703394855643,0.9474359893453954,11.130697853052832,0.3591616859155954,0.051091309162238,0.5993009977595527
2024-02-06 12:00:00,10.129998836131644,10.13,lstm_ts168_single,LSTM (Single),5.317586719761904,23.159310377782287,0.475065416513657,4.812412116369741,9.27960651930572,0.7231670925165642,0.0839479185123643,0.8503923168259249,9.673285846108168,0.2085867552561837,0.0450851966926663,0.4567129900234761,18.244564145851324,65.84617016570604,0.8010430643660764,8.11456530971968,19.146138714207392,81.29077830102777,0.8900435255645847,9.016139878075748,17.194355562031962,49.90513595077306,0.6973699444765181,7.064356725900318,10.648061472704203,0.268388895412511,0.0511414310063624,0.5180626365725587,8.18247898187705,3.792833582715835,0.1922527224098177,1.947519854254594,9.124120465389892,1.0117912967260834,0.0992969877897704,1.005878370741753
2024-02-07 12:00:00,6.540000116408712,6.54,lstm_ts168_single,LSTM (Single),4.248396136154208,5.251448802318284,0.3503981558815146,2.291603980254504,7.739587457403232,1.4390097886743023,0.1834231375600105,1.19958734099452,8.244006621811378,2.9036381704546064,0.2605514487877993,1.704006505402666,6.552500477067959,0.0001562590166112,0.0019113700973618,0.0125003606592466,6.358187099725506,0.0330559730354477,0.0278001549613189,0.1818130166832059,6.464352745414743,0.0057225247382991,0.0115668760928874,0.0756473709939689,9.022136685843895,6.16100194932746,0.3795315787850766,2.482136569435183,6.667991714289833,0.0163818491281626,0.0195705803674212,0.1279915978811212,7.554582169372515,1.0293767421962452,0.1551348677224392,1.014582052963803
2024-02-08 12:00:00,4.86000007558667,4.86,lstm_ts168_single,LSTM (Single),3.047880466909715,3.2837774761515197,0.3728641112126334,1.8121196086769549,5.245918414113403,0.1489329640112341,0.0794070643054768,0.3859183385267331,5.485715429611519,0.3915197042624421,0.1287480132290566,0.625715354024849,3.839229730817221,1.041972096760739,0.2100350470974483,1.0207703447694487,4.045725383849713,0.6630432736033159,0.1675462302618714,0.8142746917369568,4.137116826855591,0.5225601912959987,0.1487414068905784,0.7228832487310788,5.73926697013326,0.7731102718456042,0.1809191112904355,0.87926689454659,4.319836214117093,0.2917769972377236,0.1111448257342611,0.5401638614695763,4.92653535363084,0.004426943224415,0.0136903862159175,0.0665352780441699
2024-02-09 12:00:00,4.600000044601008,4.6,lstm_ts168_single,LSTM (Single),2.942499358165355,2.7473085255346605,0.3603262326879869,1.657500686435653,4.785616610699022,0.0344535096100184,0.0403514270213695,0.1856165660980142,5.105558356520653,0.2555892067510414,0.1099039797864819,0.5055583119196454,4.667672874851383,0.004579611954096,0.0147114846943973,0.067672830250375,5.383680915567692,0.6141557075191004,0.1703654050800468,0.783680870966684,5.239722810508177,0.4092452172199182,0.139070165153152,0.6397227659071687,5.048877060893477,0.2014905757556296,0.0975819591174381,0.4488770162924691,4.067054131898054,0.2840313458667845,0.1158578059859954,0.5329459127029539,4.7192560750408745,0.0142220007962744,0.025925223757299,0.1192560304398666
2024-02-10 12:00:00,3.839999755820719,3.84,lstm_ts168_single,LSTM (Single),2.6207117583718187,1.4866632207229498,0.3175229361930788,1.2192879974489004,4.204568696372828,0.1329105124152871,0.0949398343058461,0.3645689405521088,4.439318927897472,0.3591834700187644,0.1560727109860612,0.5993191720767528,3.923686666253272,0.0070034989777461,0.0217934676442881,0.083686910432553,4.533297174998078,0.480661311437987,0.1805462143914073,0.6932974191773593,4.491261494867179,0.4241418527458192,0.1695994219945637,0.6512617390464599,4.680448283636638,0.7063537279079453,0.2188668180361096,0.8404485278159188,3.5180290255776545,0.1036651511332522,0.0838465496657955,0.3219707302430645,4.112330636703668,0.0741641086824827,0.0709195047395891,0.2723308808829485
2024-02-11 12:00:00,4.729999838363766,4.73,lstm_ts168_single,LSTM (Single),3.2445873587670064,2.2064502345417942,0.3140407040924136,1.4854124795967598,5.3653792982999216,0.4037070581087604,0.1343297001371463,0.6353794599361553,5.99817610045277,1.6082710317260365,0.26811338381096,1.2681762620890034,5.209090442020707,0.2295278065123718,0.1012876575113522,0.4790906036569407,5.723605088581514,0.9872513932602726,0.2100645421082006,0.9936052502177476,5.799468402781447,1.1437630102776155,0.2261032983010923,1.0694685644176811,6.205456892255421,2.1769735178786425,0.3119359628566193,1.4754570538916552,4.705127899201292,0.0006186133577018,0.0052583382690088,0.0248719391624741,5.73441734647702,1.0088545306044383,0.2123504318048156,1.0044175081132538
2024-02-12 12:00:00,3.830000035724878,3.83,lstm_ts168_single,LSTM (Single),2.4357152556605257,1.9440300479190984,0.3640430201198328,1.394284780064352,3.942203653844171,0.0125896519190601,0.0292959835698949,0.1122036181192931,3.874657153616679,0.0019942581784022,0.0116598217951058,0.0446571178918011,3.434653206283979,0.1562991155489709,0.1032237142958861,0.3953468294408986,3.5859282210656387,0.0595710507110539,0.0637263217709201,0.2440718146592391,3.4115655425212714,0.1750874251025589,0.1092518248826627,0.4184344932036064,3.4660174048637407,0.1324833555685948,0.0950346285812106,0.3639826308611371,3.1127164482057146,0.5144957449243611,0.1872803083103386,0.7172835875191632,3.462379651875931,0.135144746621247,0.0959844335300038,0.3676203838489469
2024-02-13 12:00:00,3.459999801043458,3.46,lstm_ts168_single,LSTM (Single),2.3140156043969675,1.3132797789635022,0.3312093244343215,1.1459841966464903,3.7176702637737296,0.0663940673636322,0.0744712362852055,0.2576704627302715,3.8084864463779993,0.1214429419765223,0.1007186894142148,0.3484866453345412,3.55793681163472,0.0095916580435529,0.0283054960181576,0.097937010591262,4.00854655213385,0.3009035381318241,0.1585395325528522,0.5485467510903916,3.723241655837493,0.0692962741154037,0.0760814652979595,0.2632418547940349,3.195628759462714,0.0698920476264874,0.0764078198793582,0.2643710415807438,2.9752496402881974,0.234982718352251,0.1401012105865066,0.4847501607552607,3.421232437668749,0.0015029084630267,0.0112044409259843,0.0387673633747089
2024-02-14 12:00:00,2.9900001837516075,2.99,lstm_ts168_single,LSTM (Single),2.073048887533543,0.8407996796359885,0.3066726554737361,0.9169512962180644,3.3057117079018825,0.0996737664812897,0.1055891320227766,0.315711524150275,3.4092055690977565,0.1757331551032133,0.1402024613992379,0.419205385346149,2.5757383585928144,0.1716128597838944,0.1385490968896902,0.414261825158793,2.759534293375596,0.0531145266268076,0.0770788883654319,0.2304658903760112,2.6230259391866104,0.1346700961740502,0.1227338535158709,0.366974244564997,3.41780917986669,0.1830205371569947,0.1430799230180323,0.4278089961150826,2.7163323952866665,0.0748940584432917,0.0915276828249438,0.273667788464941,3.094979499192198,0.011020656670375,0.0351101367856343,0.1049793154405906
2024-02-15 12:00:00,2.5700001595458417,2.57,lstm_ts168_single,LSTM (Single),1.9489028362837613,0.3857618849633212,0.2416720952156819,0.6210973232620804,2.9568920104155447,0.1496853042693845,0.1505415668682576,0.386891850869703,3.011401550443564,0.1948351878864437,0.1717515033056358,0.4414013908977221,1.99608123278308,0.3293829344965206,0.2233147436318378,0.573918926762762,2.102468876395792,0.218585500723932,0.1819187759243835,0.4675312831500497,2.048593058811341,0.2718653646963577,0.2028821277686773,0.5214071007345007,2.9400645869584188,0.1369476804361985,0.143993931688305,0.370064427412577,2.38010589158534,0.0360598330042547,0.0738888156310693,0.1898942679605015,2.721004456321188,0.0228022976446167,0.0587565320626403,0.151004296775346
2024-02-16 12:00:00,59.86000188844764,59.86,lstm_ts168_single,LSTM (Single),2.754260755629908,3261.065670328391,0.9539882948757232,57.10574113281773,6.168467573808539,2882.780857060068,0.896951764463626,53.6915343146391,8.491903972471237,2638.68148350534,0.8581372585270485,51.368097915976406,5.618602814296671,2942.1293735213058,0.906137610473731,54.24139907415097,7.01522085047823,2792.570882950932,0.8828062039899117,52.84478103796941,8.108916374300255,2678.174851892595,0.8645353137573958,51.75108551414738,10.48490521739925,2437.900171275374,0.8248428852886032,49.37509667104839,7.291869188080721,2763.408575603385,0.8781846148005555,52.56813270036692,10.208031829266218,2465.3181307578484,0.8294682340924506,49.65197005918142
2024-02-17 12:00:00,10.000000838541457,10.0,lstm_ts168_single,LSTM (Single),4.734182512464573,27.72884264324716,0.5265817884516224,5.265818326076884,9.5994296082502,0.1604573105370516,0.0400571196701701,0.4005712302912574,11.944558327111816,3.7813038263550616,0.1944557325511165,1.944557488570359,10.478242407144872,0.2287149979402554,0.047824152850088,0.4782415686034156,7.418068223655518,6.666376027811741,0.2581932398380203,2.5819326148859387,8.860452501011032,1.2985704135683542,0.113954824197458,1.1395483375304245,18.26676104385145,68.33932429209692,0.8266759512107936,8.266760205309993,9.339487168608327,0.4362783081685309,0.0660513614546324,0.6605136699331293,12.115694336873856,4.476158978885987,0.2115693320922743,2.1156934983324
2024-02-18 12:00:00,13.56000151850856,13.56,lstm_ts168_single,LSTM (Single),6.158981404737121,54.77509872444941,0.5457978823726167,7.401020113771439,8.100584426925774,29.805234979866245,0.4026118348239873,5.459417091582786,10.474249583751003,9.521865002860006,0.227562801563532,3.085751934757557,12.987226544770314,0.3280711705408488,0.0422400375808545,0.5727749737382464,10.63401431643695,8.56140110668685,0.2157807429503469,2.9259872020716102,12.5715616099679,0.9770134527958704,0.0728937904019776,0.988439908540661,13.511612681052862,0.002341479590314,0.0035684979378247,0.0483888374556986,8.592159799528778,24.679451344836,0.3663599677477164,4.967841718979782,11.36726558370304,4.808090879787441,0.1617061717738432,2.192735934805521
2024-02-19 12:00:00,8.110000684507208,8.11,lstm_ts168_single,LSTM (Single),8.434304547098424,0.1051729952915827,0.0399881424437786,0.3243038625912167,8.55939793839557,0.201957891802401,0.0554127269985143,0.4493972538883621,9.957506632955251,3.413278229550905,0.2278058930349282,1.847505948448044,8.229390923804253,0.0142540292394057,0.014721359953165,0.1193902392970454,7.966311267183774,0.0206466486507479,0.0177175592103127,0.1436894173234337,9.976385960496662,3.4833939984302327,0.2301338000568692,1.8663852759894544,10.686016145184215,6.635855653646976,0.3176344319671947,2.576015460677008,9.654548538705644,2.385628073908993,0.190449780990652,1.544547854198436,10.081320706464949,3.886102628971468,0.2430727318831941,1.971320021957741
2024-02-20 12:00:00,6.189999944987282,6.19,lstm_ts168_single,LSTM (Single),4.018939490924462,4.713503495195458,0.3507367485230698,2.17106045406282,5.470969258917944,0.517005127509342,0.116160047247111,0.7190306860693374,6.257070656451032,0.0044984803362536,0.0108353331275979,0.0670707114637503,5.791150563181266,0.1590808293670407,0.0644344725930098,0.3988493818060155,6.096238513397606,0.0087912060537454,0.0151472427177652,0.0937614315896757,7.148605772384005,0.918925132318956,0.1548636245421958,0.9586058273967232,7.355602691217431,1.3586297620192662,0.1883041609998826,1.1656027462301497,5.322862511599721,0.7519273283819667,0.1400868240862872,0.867137433387561,6.253476002947102,0.0040292099341185,0.0102546136549199,0.0634760579598205
2024-02-21 12:00:00,6.500000067629805,6.5,lstm_ts168_single,LSTM (Single),3.602776861927348,8.393902303660823,0.4457266423935463,2.897223205702457,5.300887051396094,1.437872025701108,0.1844789236549903,1.199113016233711,6.22878081715865,0.0735598818261352,0.0417260380998817,0.2712192504711552,5.243961171627869,1.577633708269762,0.1932367512205188,1.256038896001936,5.489149980474763,1.0218178987013558,0.1555153964057793,1.010850087155042,6.314144246173155,0.0345423863693259,0.0285932030035225,0.1858558214566494,6.123126714910629,0.142033523989792,0.0579805151996868,0.3768733527191754,5.717353759729292,0.6125352432703043,0.1204071230396004,0.7826463079005128,6.13061528149851,0.1364451202252621,0.0568284280443075,0.3693847861312944
2024-02-22 12:00:00,6.449999903907672,6.45,lstm_ts168_single,LSTM (Single),3.7255106541400287,7.422841672099458,0.4224014403654544,2.724489249767644,6.211152842243146,0.0570479188657781,0.0370305527477331,0.2388470616645266,7.411154415761717,0.9238179956573876,0.1490162056082727,0.961154511854045,5.124409614798474,1.757189614580607,0.2055178773423084,1.325590289109198,5.163130175677598,1.6560336974349463,0.1995146895196753,1.2868697282300747,6.260470458198201,0.0359214107909394,0.0293844106252849,0.1895294457094714,8.76203509892863,5.345506743015597,0.3584550743357736,2.312035195020957,6.857364431297643,0.1659458581756545,0.0631572920091321,0.4073645273899711,7.8801438882643025,2.0453118159914574,0.2217277528159637,1.43014398435663
2024-02-23 12:00:00,10.2800000883245,10.28,lstm_ts168_single,LSTM (Single),7.158694035482678,9.742551475507002,0.3036289908583603,3.121306052841823,10.083208643912496,0.0387268725937633,0.0191431364514783,0.1967914444120051,10.514054307864653,0.0547813776845495,0.0227679199931115,0.2340542195401518,11.504124950792146,1.498481678911432,0.1190782929912563,1.2241248624676455,12.029512415299244,3.060793382236582,0.170186022562563,1.7495123269747437,11.783453751065302,2.260372916008731,0.1462503550411781,1.5034536627408013,9.211750231003396,1.14115775766656,0.1039153548777074,1.0682498573211046,10.795972659639816,0.2662276943497375,0.0501918839379515,0.5159725713153147,10.245623498880889,0.0011817499017746,0.0033440261817366,0.0343765894436121
2024-02-24 12:00:00,19.03000138521237,19.03,lstm_ts168_single,LSTM (Single),3.851798494869771,230.3778429804044,0.7975933676041198,15.1782028903426,7.150195203092714,141.12979492472837,0.6242672263466617,11.879806182119657,7.93219623782808,123.16127908930922,0.5831741639287559,11.097805147384287,9.605035653379796,88.82997904621831,0.4952687885328493,9.424965731832572,9.401077267685618,92.71617966108832,0.5059865169011019,9.62892411752675,9.379478091880026,93.13259983515012,0.5071215234293923,9.650523293332345,9.2697192463962,95.26310742929394,0.5128891974963589,9.76028213881617,6.706032749156776,151.88020294248196,0.6476073430889066,12.323968636055591,7.861819254086818,124.72829211399204,0.5868723761525316,11.168182131125551
2024-02-25 12:00:00,12.499998742774714,12.5,lstm_ts168_single,LSTM (Single),4.788489516409063,59.46737454832256,0.6169208001579264,7.711509226365651,10.86805043591731,2.66325527625475,0.1305558776796444,1.6319483068574048,14.423042002137622,3.698095377381116,0.1538434762223053,1.923043259362908,13.82951810462934,1.7676217335463311,0.1063615596460054,1.3295193618546255,11.250450546708826,1.5613706942915144,0.099963865739439,1.249548196065888,12.6093472326411,0.0119570922360591,0.0087478800691553,0.1093484898663863,20.278578013297984,60.50629546781433,0.6222864042301978,7.77857927052327,11.01602808814736,2.202168903795138,0.1187176643105763,1.4839706546273543,14.88407557128219,5.683822324226266,0.1907261654634587,2.3840768285074763
2024-02-26 12:00:00,8.279999620976621,8.28,lstm_ts168_single,LSTM (Single),4.448882245494157,14.677460344723649,0.4626953563834325,3.831117375482465,7.888052713576107,0.1536223782208275,0.0473365851862544,0.3919469074005146,9.380330496264676,1.2107280351121772,0.1328902084126269,1.100330875288055,6.770022039022859,2.280032298002932,0.1823644506128204,1.5099775819537626,5.308344696587048,8.830732989648798,0.3588955386979918,2.971654924389573,6.382557633848796,3.6002860945155906,0.2291596707710988,1.8974419871278252,10.363241001870716,4.339894651069533,0.2515992121082219,2.083241380894094,7.494848723797646,0.61646193134095,0.0948249919226889,0.7851508971789753,9.23672000325394,0.9153138898648576,0.1155459451777696,0.956720382277318
2024-02-27 12:00:00,5.559999871870539,5.56,lstm_ts168_single,LSTM (Single),3.90580207441259,2.736370353114729,0.2975175963271076,1.654197797457949,6.170591673713863,0.3728223484782776,0.109818671927038,0.6105918018433245,7.195917205179949,2.6762255214221726,0.2942297429872138,1.6359173333094104,4.976354335814023,0.3406421117586972,0.1049722211342714,0.5836455360565154,4.351128538546282,1.4613699005331655,0.2174229066875065,1.2088713333242564,5.104911647967618,0.2071052915351151,0.0818504018687713,0.455088223902921,7.22161041612471,2.7609496007766428,0.2988508241988788,1.661610544254171,5.778780599131776,0.047865006620956,0.0393490525724839,0.2187807272612376,6.80948426915274,1.561211259051667,0.2247274147619432,1.2494843972822016
2024-02-28 12:00:00,4.78999984880586,4.79,lstm_ts168_single,LSTM (Single),3.2755382120171928,2.2935940493046094,0.3161715416684659,1.5144616367886674,4.907462199546176,0.0137974038414409,0.0245224122020794,0.1174623507403156,5.615643728144759,0.6816878154897863,0.1723682474738972,0.8256438793388989,3.74133306372648,1.0997020261287227,0.2189283545261094,1.04866678507938,3.534222164030246,1.5769775935804018,0.2621665395435613,1.255777684775614,4.07594797353602,0.5098700805763754,0.1490713774130603,0.7140518752698402,5.408726442116806,0.3828225972701685,0.129170482847759,0.6187265933109458,4.635230341468812,0.0239536004013525,0.0323109628856526,0.1547695073370478,5.365664998365998,0.3313903644180954,0.1201806195680047,0.5756651495601375
2024-02-29 12:00:00,8.650000041467129,8.65,lstm_ts168_single,LSTM (Single),3.780157532266551,23.71536606441698,0.5629875706190867,4.869842509200578,5.901830571723678,7.552435434430001,0.317707451626478,2.748169469743451,7.160823692710941,2.2176461976948114,0.1721591146378316,1.489176348756188,6.270434087250727,5.662334130465813,0.2750943286484427,2.3795659542164014,6.594348620961853,4.225702762625359,0.237647561924938,2.055651420505276,7.527056854480098,1.261001401200589,0.1298200209946551,1.1229431869870306,7.802354799112852,0.7185024568858411,0.0979936691665619,0.8476452423542771,6.279629904567313,5.618654585906449,0.2740312283857257,2.370370136899816,7.434182025012674,1.4782134491352437,0.1405569954480877,1.2158180164544543
2024-03-01 12:00:00,5.080000317762933,5.08,lstm_ts168_single,LSTM (Single),3.3417992204377827,3.021343054742358,0.3421655489365398,1.7382010973251507,5.215975798189418,0.0184893312772132,0.0267668251812952,0.1359754804264845,5.814235361018848,0.5391010987450144,0.1445344482929575,0.7342350432559144,4.119945682597391,0.9217049025028434,0.1889871210851261,0.9600546351655428,3.837921444940478,1.5427599263119014,0.2445036998283942,1.2420788728224554,4.61201187003401,0.2190131872077272,0.0921237044203592,0.4679884477289233,6.666213351891474,2.516071789639271,0.3122466407299473,1.5862130341285408,4.881592583764422,0.039365628910424,0.0390566381078266,0.1984077339985113,5.54590323685148,0.2170655300152286,0.0917131673121065,0.4659029190885464
2024-03-02 12:00:00,7.230000373507862,7.23,lstm_ts168_single,LSTM (Single),3.601948590775544,13.162759738187152,0.5018051999037525,3.628051782732318,5.565238638443902,2.7714316345331675,0.2302574894966774,1.6647617350639603,6.699013449131658,0.281947113858501,0.0734421710850589,0.5309869243762044,6.245182695632751,0.9698658586553264,0.1362126731671655,0.9848176778751112,6.103486261360991,1.2690340448660544,0.1558110724689088,1.1265141121468716,6.811943333249563,0.174771688909529,0.0578225475326587,0.418057040258299,7.344864507060993,0.0131937691769113,0.0158871545807957,0.1148641335531301,5.707222942625183,2.3188511040056534,0.2106192741652454,1.5227774308826794,6.843493479024974,0.1493875794828066,0.05345876549317,0.3865068944828884
2024-03-03 12:00:00,18.87000153187172,18.87,lstm_ts168_single,LSTM (Single),4.852031337600973,196.503488367463,0.742870644212412,14.017970194270744,8.191347607748526,114.03364963119166,0.5659063623331871,10.678653924123193,10.657226041792947,67.4496812504386,0.4352291904273176,8.212775490078771,12.91873908709437,35.41752468661727,0.3153821919264594,5.951262444777349,13.300585742739845,31.018392232231413,0.2951465467411354,5.569415789131874,15.34750422065631,12.407987307519782,0.1866718084397532,3.5224973112154085,13.904641898275225,24.654796290949506,0.2631350943565069,4.965359633596494,9.338001376089744,90.85902696982758,0.505140401800301,9.532000155781974,11.60513717307345,52.77825415173738,0.384995430261508,7.264864358798269
2024-03-04 12:00:00,7.71000005846333,7.71,lstm_ts168_single,LSTM (Single),5.459990189562627,5.062544410150558,0.2918300715744935,2.250009868900703,7.355035162422019,0.1260000774216188,0.0460395451815416,0.3549648960413112,8.351573245886847,0.4116161548207711,0.0832131235484566,0.6415731874235169,6.371401046112579,1.791847315866406,0.1736185476265152,1.338599012350751,5.50872002762421,4.845633774171079,0.285509729461384,2.2012800308391203,6.990240683196799,0.5180535582840676,0.0933540038662445,0.7197593752665314,10.04095966460892,5.433372685482403,0.3023293889066675,2.3309596061455897,7.000959389258285,0.5027386705867382,0.0919637696275663,0.709040669205045,7.997107318840328,0.0824305789611853,0.0372382954863713,0.2871072603769979
2024-03-05 12:00:00,5.870000057269341,5.87,lstm_ts168_single,LSTM (Single),4.798203232703036,1.1487484331504147,0.1825888950782895,1.071796824566305,5.816744301202028,0.0028361755543012,0.0090725307577062,0.0532557560673137,6.765566944548065,0.8020400495901026,0.1525667595470743,0.8955668872787239,4.435321064293428,2.0583038128863795,0.2444086846641888,1.434678992975913,4.155434264591283,2.93973585742174,0.2920895700085658,1.7145657926780586,4.94062598704314,0.8637361624088156,0.1583260751548502,0.929374070226201,6.8178241715347125,0.8983705515829353,0.1614691831376724,0.9478241142653712,5.772656210245435,0.0094758245534137,0.0165832787179204,0.0973438470239065,6.69120511406712,0.6743777453102432,0.1398986454490418,0.8212050567977789
2024-03-06 12:00:00,4.589999963010678,4.59,lstm_ts168_single,LSTM (Single),3.857837553374465,0.536061794084306,0.1595125088314755,0.7321624096362132,4.885097948151336,0.087082820834076,0.0642915005487488,0.2950979851406581,5.722069238744632,1.2815808450608,0.2466381884219899,1.1320692757339543,3.545116660217708,1.091781116455545,0.2276434229222975,1.0448833027929698,3.450837675406377,1.2976907174998642,0.2481835069247147,1.139162287604301,4.090282642638088,0.2497174002803619,0.1088708767755229,0.4997173203725902,5.661600764316164,1.14832827735856,0.2334642287453528,1.071600801305486,5.041050583746231,0.2034466624659278,0.0982681098846239,0.4510506207355531,5.559754161038359,0.9404232045923114,0.2112754261095024,0.9697541980276814
2024-03-07 12:00:00,6.669999984584558,6.67,lstm_ts168_single,LSTM (Single),3.223782821808668,11.876412733011104,0.5166742384918519,3.44621716277589,4.244197269987194,5.884518810147938,0.3636885637486932,2.4258027145973635,4.912557558681621,3.0886038803636007,0.2634846221836086,1.757442425902937,3.6554522751416,9.087497892507782,0.4519561793718233,3.0145477094429576,3.713626775599349,8.740142550805501,0.4432343651900843,2.956373208985209,4.259171907931978,5.812092015176377,0.3614434905883645,2.41082807665258,4.971312242654241,2.8855400445843187,0.2546758239664554,1.6986877419303168,4.3131096767387005,5.554931923217739,0.3533568685596716,2.356890307845857,4.868670488627439,3.244787953005128,0.2700643928216313,1.8013294959571189
2024-03-08 12:00:00,16.38999887017946,16.39,lstm_ts168_single,LSTM (Single),4.432690479509814,142.97722394957876,0.7295490674148364,11.957308390669647,6.832432311729163,91.34707851920746,0.5831340584067806,9.557566558450295,8.885694580862054,56.31458286666763,0.4578587435396961,7.504304289317407,12.86829483008193,12.402399346039267,0.2148690837621131,3.5217040400975304,12.688968067611318,13.697629001558193,0.2258103146853736,3.701030802568143,14.421367956318722,3.875507675008169,0.1201117174841625,1.9686309138607392,10.86652122322189,30.508805316439958,0.3370029303056988,5.523477646957572,8.362138620998692,64.44654018037672,0.4898023674539075,8.027860249180769,9.9842399530527,41.03374730434901,0.3908333958937375,6.405758917126761
2024-03-09 12:00:00,27.00000212359047,27.0,lstm_ts168_single,LSTM (Single),9.56048929466743,304.1366077101713,0.645907831751086,17.43951282892304,13.720525043208957,176.34451152837792,0.4918324457752155,13.279477080381511,18.70316638934501,68.83748320105232,0.3072901882106274,8.296835734245455,27.694384312210783,0.4821666238731362,0.0257178568150413,0.6943821886203132,25.51062079446289,2.218256743553832,0.0551622671105745,1.4893813291275784,29.669575409105533,7.1266215267356925,0.0988730768721903,2.669573285515064,26.702691042368777,0.0883938790172121,0.0110115206606567,0.297311081221693,18.29209286233092,75.82768370232981,0.3225151324581291,8.707909261259548,23.167189629036976,14.690451618405376,0.1419560071517433,3.832812494553494
2024-03-10 12:00:00,31.60999919967385,31.61,lstm_ts168_single,LSTM (Single),16.46975095061649,229.2271170430845,0.4789702193100206,15.14024824905736,18.92977116834843,160.78818292641094,0.4011461041560625,12.68022803132542,25.085371030635745,42.57077274420555,0.2064102604945787,6.524628169038106,37.707414403258106,37.17847216490042,0.1928951394483796,6.097415203584255,33.63125537796476,4.085476538279183,0.0639435694231769,2.021256178290912,38.351390132911504,45.44635171473884,0.2132676717469581,6.741390933237653,33.071309341627064,2.135427330975319,0.0462293634594046,1.4613101419532128,23.62160752631507,63.81440152698789,0.2527172374443212,7.98839167335878,29.21809547440569,5.721203430951707,0.0756692118262641,2.391903725268161
2024-03-11 12:00:00,14.140000348370846,14.14,lstm_ts168_single,LSTM (Single),13.982462836529468,0.0248180676371722,0.0111412664752535,0.1575375118413777,13.545708119069111,0.3531832538084251,0.0420291523804811,0.5942922293017343,15.900955095738585,3.1009616222769782,0.1245371077781217,1.7609547473677392,16.415236412640407,5.176699148152845,0.1609077799302675,2.2752360642695617,13.86462992931701,0.0758288676898851,0.0194745694674302,0.2753704190538357,15.83827206045616,2.884126808069188,0.1201040785180025,1.6982717120853152,17.35577001606185,10.341174555641514,0.2274235918290845,3.2157696676910046,14.160710925083173,0.0004289279877571,0.0014646800708681,0.020710576712327,15.976840265018808,3.373980879391293,0.1299038098580807,1.8368399166479623
2024-03-12 12:00:00,8.429999067440656,8.43,lstm_ts168_single,LSTM (Single),9.904920932116204,2.1753945068979936,0.1749610946426039,1.474921864675547,9.193667318456704,0.5831891976099096,0.0905893636412817,0.763668251016048,10.568000715084931,4.571051045329635,0.2536182543485585,2.138001647644275,7.31099356931098,1.2521733048444437,0.1327408804173694,1.1190054981296758,6.614050710130706,3.2976684364167066,0.2154150128347844,1.8159483573099504,7.623462740082848,0.6505008473478211,0.0956745452645313,0.8065363273578079,9.903137184942327,2.170135913236368,0.1747494994621529,1.4731381175016711,8.959548875404314,0.2804229991143471,0.0628173032674402,0.529549807963658,10.005823553525929,2.4832228109459127,0.1869305646985904,1.5758244860852724
2024-03-13 12:00:00,6.439999806617517,6.44,lstm_ts168_single,LSTM (Single),7.145803220559433,0.4981584591320633,0.1095968066981395,0.7058034139419158,6.773910033704834,0.1114960397535038,0.051849415700945,0.3339102270873173,7.825414419776478,1.9193736503543928,0.2151264991864374,1.3854146131589609,5.160876603039429,1.6361561699318707,0.1986216214267127,1.279123203578088,4.759983045911617,2.822456316252746,0.2608721756450325,1.6800167607059002,5.344027786118698,1.2011546697162645,0.1701819958709683,1.0959720204988193,7.263402259579747,0.6779915995442176,0.1278575275912478,0.8234024529622301,6.967539364776812,0.2782979854229039,0.0819160829193214,0.5275395581592948,7.530508506001525,1.1892092234322014,0.1693336540574799,1.0905086993840083
2024-03-14 12:00:00,8.190000710797944,8.19,lstm_ts168_single,LSTM (Single),5.759939746789226,5.905196288798981,0.2967107146651224,2.4300609640087183,5.512360195846473,7.169758727309579,0.3269402054411532,2.677640514951471,6.305207170584051,3.552446689232021,0.2301335014206927,1.8847935402138931,6.204015513763283,3.9441372028408046,0.2424890140017056,1.9859851970346616,6.160387186950426,4.119331056184742,0.247816037570255,2.0296135238475186,6.670723693760839,2.308202654497166,0.1855038931845323,1.5192770170371055,6.231285241643446,3.8365662891051255,0.2391593771868747,1.958715469154498,5.824979455067211,5.593325540058173,0.2887693590322425,2.365021255730733,6.297305740514723,3.5822942505354045,0.2310982669131927,1.8926949702832212
2024-03-15 12:00:00,13.399998696095592,13.4,lstm_ts168_single,LSTM (Single),6.633632185913786,45.78371575010991,0.504952773775519,6.766366510181806,6.950939910984947,41.59035921381279,0.4812730904958768,6.449058785110645,8.188945010062085,27.1550805187234,0.3888846412762615,5.211053686033507,10.021160459683337,11.416547827841478,0.2521521317309351,3.378838236412255,9.63617863269621,14.166341469647731,0.2808821216151357,3.763820063399383,10.634857938451631,7.646003409583816,0.206353807963403,2.7651407576439606,8.764163153297856,21.49097117986678,0.3459579099920731,4.635835542797736,7.385876142599118,36.16967008847495,0.4488151596051148,6.014122553496474,8.153257192166265,27.528296409054573,0.3915479115276399,5.246741503929327
2024-03-16 12:00:00,33.24999725454542,33.25,lstm_ts168_single,LSTM (Single),10.053387834169532,538.0826886014713,0.6976424461871138,23.19660942037589,14.454880047277236,353.2564308349486,0.5652667295994681,18.795117207268184,20.815033389548347,154.62832632378294,0.3739839065188842,12.434963864997073,25.93644860175408,53.487993896746026,0.219956368621701,7.31354865279134,26.578422441876363,44.509910481040166,0.2006488831140286,6.671574812669057,34.56505227122489,1.729369696893849,0.0395505300831175,1.315055016679473,32.61555710557836,0.4025143026213437,0.0190809083113631,0.6344401489670588,18.3193904075218,222.92302082038856,0.4490408445066123,14.930606847023618,25.32126415359185,62.86480858615679,0.2384581580640484,7.928733100953568
2024-03-17 12:00:00,20.200001682438213,20.2,lstm_ts168_single,LSTM (Single),10.146828222994875,101.06629660565592,0.4976818129764573,10.053173459443338,12.447467892770185,60.101780159944525,0.3837887695033236,7.752533789668028,15.79948524572818,19.364544909755168,0.2178473302076911,4.400516436710033,17.951879198590298,5.054054702382519,0.1112931830001985,2.248122483847915,16.855451060028848,11.18601886585887,0.1655717992002496,3.344550622409365,21.68287275927781,2.1989066305274267,0.0734094531352835,1.4828710768395972,22.25641816583427,4.2288487531830015,0.101802787728671,2.056416483396056,14.918551449113616,27.89371656708444,0.2614579105662285,5.2814502333245965,19.00945971826949,1.4173901684467214,0.058937716089587,1.1905419641687232
2024-03-18 12:00:00,10.4700001194138,10.47,lstm_ts168_single,LSTM (Single),10.108775827666582,0.1304829889482795,0.0345008870704237,0.3612242917472184,10.874514183403877,0.1636316279657674,0.0386355357570639,0.4045140639900761,13.475175279035415,9.0310777400068,0.2870272326023498,3.005175159621615,9.3886292258999,1.169363009339052,0.1032827966743562,1.0813708935139008,7.914994665605769,6.528052868988786,0.2440310816301196,2.555005453808032,10.185265026030615,0.0810740734039311,0.0271953285707438,0.2847350933831851,15.611374497948114,26.433730500249105,0.4910577191877025,5.141374378534314,11.81365394662094,1.8054056073683944,0.1283336974099642,1.34365382720714,14.35029652311784,15.05670018059851,0.3706109225833793,3.88029640370404
2024-03-19 12:00:00,8.909999109512366,8.91,lstm_ts168_single,LSTM (Single),7.901324916614151,1.0174236274188668,0.1132069914374457,1.0086741928982157,9.005772752130152,0.0091725906202793,0.0107490069797579,0.0957736426177859,11.713103022730198,7.857391548297124,0.3146020419042716,2.803103913217832,8.812405092039373,0.0095245922465188,0.0109533139423999,0.0975940174729927,8.002406577732843,0.8237242037419641,0.1018622471926593,0.9075925317795228,9.78216407712231,0.7606717307260544,0.0978860892004821,0.8721649676099439,12.907304509115296,15.978450457694734,0.4486314028174686,3.997305399602929,10.369645849025927,2.130568604172569,0.163821199258621,1.4596467395135608,12.715857365815102,14.484557067067705,0.4271446281335292,3.805858256302736
2024-03-20 12:00:00,7.720000562945649,7.72,lstm_ts168_single,LSTM (Single),6.1143911881326485,2.577981464487394,0.2079804737993908,1.6056093748130005,6.695589814633864,1.0494173812567105,0.1326956831102755,1.0244107483117846,8.0754301229547,0.1263301721282273,0.0460400950895051,0.3554295600090507,5.849889772932108,3.497314366925071,0.2422423126482235,1.8701107900135407,5.478175436225254,5.025779898794913,0.2903918346173024,2.2418251267203946,6.6123280846426455,1.2269383191899177,0.1434808805092054,1.1076724783030034,7.9530634012325825,0.0543182865903613,0.0301894846233024,0.2330628382869335,7.052387371287547,0.4457073736759177,0.0864783863957863,0.6676131916581021,7.925899180435023,0.0423942406840354,0.026670803429425,0.2058986174893737
2024-03-21 12:00:00,6.449999903907672,6.45,lstm_ts168_single,LSTM (Single),5.276440482591591,1.3772417153597365,0.1819471998139242,1.1735594213160816,6.063301604177669,0.1495355750140756,0.0599532256575268,0.3866982997300034,7.37251300338067,0.8510304186992762,0.1430252888707953,0.9225130994729972,6.394687151118792,0.0030595006210837,0.0085756207151831,0.0553127527888799,6.004602332358769,0.1983789967416603,0.0690538880906127,0.4453975715489031,7.052958965621062,0.3635596301022908,0.0934820264645418,0.6029590617133893,7.365353413789231,0.837872048052489,0.1419152749641128,0.9153535098815588,6.376286471622423,0.005433670099272,0.0114284392842533,0.073713432285249,7.29627288255602,0.7161779543903474,0.1312051149234345,0.846272978648348
2024-03-22 12:00:00,12.709999174788358,12.71,lstm_ts168_single,LSTM (Single),7.010448462012032,32.48487832750912,0.4484304549824042,5.699550712776325,8.455937863125877,18.097037643383505,0.3347019345289074,4.254061311662481,11.46844659784375,1.541452801317797,0.0976831359208394,1.241552576944608,11.57844724480789,1.2804097702425212,0.0890284817818888,1.1315519299804675,11.12071366316417,2.525828437458559,0.1250421412124641,1.5892855116241886,13.66487509596089,0.9117880248350906,0.0751279294389436,0.9548759211725316,13.666095450145429,0.914120087751664,0.0752239447232687,0.956096275357071,10.838860993862466,3.501158092118654,0.1472178050678,1.8711381809258916,13.007996898193626,0.088802643154723,0.0234459278326609,0.2979977234052686
2024-03-23 12:00:00,37.99999770765866,38.0,lstm_ts168_single,LSTM (Single),9.982155399501684,784.9994876047508,0.7373116841665007,28.01784230815697,11.257928374510064,715.1382722189264,0.7037387091146824,26.742069333148592,14.781988008387634,539.0759743954433,0.6110002921024277,23.218009699271025,22.58533928799096,237.61169419503227,0.4056489302514082,15.4146584196677,24.467954786829665,183.11618561115804,0.3561064141354328,13.532042920828992,29.1893603640838,77.62733039999581,0.231858891449331,8.810637343574857,19.94013054763892,326.1588018375594,0.4752596907757151,18.05986716001974,14.782994529502908,539.0292365744942,0.6109738047030595,23.21700317815575,17.004619482100143,440.8059068342566,0.5525099866342105,20.995378225558515
2024-03-24 12:00:00,36.96000010283344,36.96,lstm_ts168_single,LSTM (Single),30.393361509274445,43.12074241841846,0.1776687926214475,6.566638593558995,28.620213183659928,69.55204585721762,0.2256435848476679,8.339786919173513,38.08059994888925,1.2557440149803063,0.0303192598197504,1.1205998460558106,48.18195767031546,125.93233164636702,0.3036243922148074,11.221957567482022,45.53288117184884,73.49428982348266,0.2319502447284404,8.572881069015402,52.06053311423802,228.02609722851943,0.4085642037172758,15.10053301140458,50.005249724938935,170.17853770304353,0.3529558870619542,13.045249622105494,37.59346286535236,0.4012750714980979,0.0171391439598603,0.6334627625189171,43.88111694960915,47.90185840672255,0.1872596544242196,6.921116846775711
2024-03-25 12:00:00,16.97000123578239,16.97,lstm_ts168_single,LSTM (Single),16.834973593649046,0.0182324641400906,0.0079568433883569,0.1350276421333447,15.795090229748627,1.3804158720992703,0.0692345857675239,1.1749110060337635,18.783819730344305,3.2899375312148496,0.1068838162920905,1.8138184945619145,18.170119805938707,1.4402845824340418,0.0707200048769463,1.2001185701563166,15.529900897620651,2.073888983973557,0.0848615340772746,1.4401003381617397,18.37931523723575,1.986165954692482,0.0830473717633989,1.4093140014533605,18.8275869793096,3.450624794555524,0.1094629115058849,1.8575857435272063,16.691615048553903,0.0774988692396148,0.0164046061847946,0.278386187228488,18.72116665761768,3.0665803346315648,0.103191826417952,1.7511654218352888
2024-03-26 12:00:00,32.479999821273054,32.48,lstm_ts168_single,LSTM (Single),13.049501302372486,377.54427269299725,0.5982296374944682,19.43049851890057,12.690845760749893,391.61061843112026,0.6092719879746453,19.78915406052316,15.636619306198789,283.69946717558344,0.5185769891551092,16.843380515074266,21.720793183169143,115.76052748141927,0.3312563638333851,10.759206638103912,20.01942842870375,155.26583942931651,0.3836382839019643,12.460571392569303,21.505205715995604,120.44610565323266,0.3378939090415085,10.97479410527745,14.614884917313088,319.16233053169253,0.5500343288874976,17.865114903959967,13.033235429232036,378.1766453195545,0.5987304340840603,19.44676439204102,14.778245140383827,313.3521187823837,0.5450047653416338,17.701754680889227
2024-03-27 12:00:00,16.119999647856535,16.12,lstm_ts168_single,LSTM (Single),14.12259084770368,3.989641914928065,0.1239087372075996,1.9974088001528545,14.082194723270357,4.152648910667677,0.1264147003165191,2.037804924586178,18.25843946613073,4.57292485638058,0.1326575598628219,2.138439818274197,13.606844839636452,6.315947090079722,0.1559029071414561,2.513154808220083,11.12152903930029,24.98470842460064,0.3100788286444465,4.998470608556245,13.852869182242609,5.139880548114816,0.1406408508151168,2.267130465613926,22.316895098433964,38.40151322538724,0.3844228030985984,6.196895450577429,15.732554978322137,0.1501133719506189,0.0240350296524923,0.387444669534398,18.917008550582533,7.823258801928496,0.1735117223217753,2.797008902725999
2024-03-28 12:00:00,27.800002100557577,27.8,lstm_ts168_single,LSTM (Single),12.051234833063688,248.02367044568692,0.5665023768893176,15.74876726749389,10.425181197053218,301.884401428852,0.6249935104557375,17.374820903504357,13.155108789714555,214.4729000859747,0.5267946836072107,14.644893310843022,22.869418969156406,24.310650015657775,0.1773590920448988,4.930583131401171,22.351488956781296,29.6862954779029,0.1959896666218957,5.448513143776282,25.13336847065677,7.11093491611796,0.0959220657701793,2.666633629900808,14.85166147947343,167.6595248396178,0.4657676130472107,12.948340621084148,12.077451223540814,247.19860608038056,0.5655593413318994,15.722550877016763,14.653230534371088,172.83760261348954,0.4729054162885407,13.146771566186487
2024-03-29 12:00:00,29.75000140734254,29.75,lstm_ts168_single,LSTM (Single),34.6706775454697,24.21305365633402,0.1654008707681169,4.92067613812716,30.308360236859603,0.3117645824996628,0.0187683631295309,0.5583588295170614,42.73944246912307,168.72557909747007,0.4366198469682972,12.989441061780528,40.75619146639142,121.13621961590638,0.3699559508703909,11.00619005904888,38.2839461787683,72.82821336174511,0.2868552728646095,8.533944771425762,47.104119145146925,301.1654024575767,0.5833316610708209,17.354117737804383,60.01102870703702,915.7297732328544,1.017177340106808,30.26102729969448,39.31950303675256,91.57536143528095,0.3216639050997888,9.569501629410016,50.57714377025564,433.7698590050493,0.7000719790814124,20.827142362913097
2024-03-30 12:00:00,35.449996249880456,35.45,lstm_ts168_single,LSTM (Single),18.996392762765776,270.72106771119235,0.4641355494408596,16.45360348711468,18.563428685194587,285.15616411670084,0.4763489238660445,16.88656756468587,23.930024904577845,132.70973979659323,0.3249639651327596,11.519971345302611,30.821425064951327,21.42367121395624,0.1305661967438074,4.628571184929129,30.35657055101929,25.942985349819377,0.1436791604421776,5.093425698861168,36.47310355473645,1.046748557249689,0.0288605758275486,1.0231073048559909,28.852549925665524,43.52629800089712,0.1861056987907912,6.597446324214932,21.99044728720627,181.1594582786238,0.3796770207759775,13.459548962674187,27.092300268368387,69.851082119383,0.2357601372536182,8.35769598151207
2024-03-31 12:00:00,41.100002100579,41.1,lstm_ts168_single,LSTM (Single),22.318310869982408,352.75192548146885,0.4569754323767298,18.78169123059659,20.44068845777437,426.8072401917733,0.5026596736478898,20.659313642804623,27.01119548246471,198.49447192262093,0.3427933308527935,14.088806618114289,33.0587282965914,64.66208439069722,0.195651420754412,8.0412738039876,31.7773219424988,86.9123653298622,0.2268291893335174,9.322680158080196,37.577240369538366,12.409850213684388,0.0857119598782454,3.522761731040632,32.95476137264297,66.34494651602782,0.1981810294803192,8.145240727936027,25.249904459685546,251.22559522585615,0.3856471248372555,15.850097640893452,29.50114568528995,134.53347014249192,0.2822106039533669,11.598856415289047
2024-04-01 12:00:00,40.8800026828097,40.88,lstm_ts168_single,LSTM (Single),23.27980950503607,309.76679989494954,0.4305330729631929,17.600193177773633,20.687721607951925,407.7282150060596,0.4939403069889904,20.192281074857775,27.34149514551664,183.29118633734112,0.3311767771235027,13.538507537293064,31.50995050430535,87.79787782789415,0.229208697739262,9.370052178504352,28.061110396133305,164.32399945741165,0.3135736654945676,12.818892286676398,33.47962655025313,54.76556690331299,0.1810268015385546,7.400376132556573,33.4774879387154,54.79722453653356,0.1810791159073751,7.402514744094304,25.088026061151293,249.38652561900577,0.3863007726342208,15.79197662165841,30.282701158937684,112.30279958786022,0.2592294723191946,10.59730152387202
2024-04-02 12:00:00,40.76000371722026,40.76,lstm_ts168_single,LSTM (Single),29.93979412356721,117.07693565058143,0.2654614476662015,10.820209593653049,25.11609131901569,244.73199512269852,0.3838054703512045,15.643912398204566,33.83980617590712,47.889134010796376,0.1697791194849547,6.9201975413131365,54.612605695101344,191.894581557595,0.3398577211618027,13.852601977881086,47.19327344662136,41.38695941122855,0.1578329034028812,6.433269729401104,52.440070906495,136.42396954597243,0.2865570687948725,11.680067189274745,40.98959694230335,0.0527130490040558,0.0056328067748947,0.229593225083093,30.713279772828187,100.93666201482095,0.2464848633011173,10.04672394439207,37.41886366379272,11.163216856617767,0.0819710438842765,3.3411400534275373
2024-04-03 12:00:00,19.390000868042016,19.39,lstm_ts168_single,LSTM (Single),21.20196499719762,3.28321400534663,0.0934483779287512,1.811964129155605,17.566578404626327,3.324869480088939,0.0940393182973496,1.8234224634156888,22.0279061728474,6.958544397120379,0.1360446202533747,2.6379053048053827,19.20523852383529,0.0341371238367641,0.0095287434726856,0.1847623442067245,16.21717718368161,10.06681013203834,0.1636319516411035,3.172823684360406,19.89140691106672,0.2514080199816922,0.0258590005455392,0.5014060430247049,24.0815787373563,22.01090290383955,0.2419586209017036,4.691577869314283,19.104526601013884,0.0814955571352491,0.0147227567946446,0.2854742670281318,22.497521056461533,9.656681721434872,0.1602640561786273,3.1075201884195174
2024-04-04 12:00:00,20.63999955465676,20.64,lstm_ts168_single,LSTM (Single),17.3966552621151,10.519282199962566,0.1571387772539899,3.2433442925416607,14.026467227854544,43.73880983765794,0.3204230847626197,6.613532326802217,17.464466135057613,10.08401249899106,0.1538533666723209,3.175533419599148,21.429774864257737,0.6237450396553184,0.038264308461324,0.7897753096009765,20.14729222123505,0.2427605164075312,0.023871479847515,0.4927073334217091,22.84017507559821,4.84077232294998,0.1065976535084299,2.2001755209414497,18.013155471706344,6.900309836131615,0.1272695804083848,2.6268440829504165,15.515989322732544,26.255480856864068,0.2482563150428046,5.124010231924217,17.955074932967662,7.208820224152351,0.1300835600591537,2.684924621689099
2024-04-05 12:00:00,29.030001288618152,29.03,lstm_ts168_single,LSTM (Single),14.587584814298342,208.58339361770425,0.4974996842312327,14.44241647431981,13.001628612983538,256.90873062903034,0.5521313112004197,16.028372675634614,16.346262107689817,160.87723960981657,0.4369183127078011,12.683739180928336,28.514172209592008,0.2660796387689598,0.0177688272865625,0.5158290790261439,27.319312855111768,2.926454916532525,0.0589282934057979,1.710688433506384,29.85203162670636,0.6757338767374076,0.0283165794556991,0.8220303380882044,18.721494009076743,106.26532233235822,0.3550984092991786,10.30850727954141,15.046056520434176,195.55071127962,0.4817066533740282,13.983944768183976,17.614445001588315,130.31492534234644,0.3932330616707742,11.415556287029837
2024-04-06 12:00:00,34.69999815947828,34.7,lstm_ts168_single,LSTM (Single),19.670791084018003,225.8770653170652,0.4331183824963707,15.029207075460274,19.45414442320812,232.43605614774268,0.4393618024474092,15.245853736270156,26.97852096717896,59.62121003119856,0.222520968353141,7.721477192299318,42.297080968054416,57.71566720036313,0.218936115606133,7.59708280857614,36.97934721167916,5.195432101769073,0.0656872960547487,2.279349052200885,41.8881089179912,51.668936276649184,0.2071501769388276,7.18811075851292,32.989945892442364,2.9242787559946644,0.049281047773451,1.7100522670359126,24.058204198144377,113.24777871548264,0.3066799575154185,10.6417939613339,30.996278929474023,13.7175361347033,0.1067354301571507,3.703719230004253
2024-04-07 12:00:00,46.11999503154309,46.12,lstm_ts168_single,LSTM (Single),32.72698490574162,179.37272022982083,0.2903948735606221,13.393010125801474,29.005665144693683,292.90028747590685,0.3710826481040233,17.114329886849408,40.91652364420936,27.076114478800797,0.1128246302666531,5.203471387333728,56.81090299463976,114.2955130754038,0.231806355481712,10.69090796309667,46.07914604482078,0.0016686397162394,0.0008857109957269,0.0408489867223096,52.80631541545292,44.7068802762881,0.1449766067697279,6.68632038390983,43.874020643064895,5.044400953700006,0.0486984958897349,2.245974388478196,34.343374610583815,138.68878853935502,0.2553473913625713,11.776620420959276,44.22355649691659,3.5964791156162974,0.0411196604277484,1.8964385346264976
2024-04-08 12:00:00,25.20999780262364,25.21,lstm_ts168_single,LSTM (Single),23.66138476783095,2.3982023315298173,0.0614285271628036,1.5486130347926874,20.123108718529807,25.876440553872964,0.2017806238588577,5.08688908409383,26.06896633344056,0.7378269369337783,0.0340725349340382,0.8589685308169202,25.230367474672647,0.0004149235393842,0.0008079997550372,0.0203696720490107,20.69850507995925,20.353566586653717,0.1789564901189665,4.511492722664386,25.468398467261675,0.0667709034853801,0.0102499280904795,0.2584006646380388,28.019807331770515,7.895029590084604,0.1114561592248317,2.8098095291468788,21.27942748038628,15.449383058053089,0.1559131560823975,3.930570322237358,26.17772900503746,0.936503680125304,0.0383868023309827,0.9677312024138232
2024-04-09 12:00:00,26.109997282364915,26.11,lstm_ts168_single,LSTM (Single),19.27433956439345,46.726216437262856,0.2618023144180245,6.835657717971465,15.4022906606147,114.6549810974734,0.4100998750000775,10.707706621750216,19.659651994569483,41.60695433178474,0.2470450386508501,6.450345287795432,29.15027283360967,9.243275427496592,0.1164410519988143,3.040275551244754,26.479180978606003,0.1362966015702315,0.0141395532235631,0.3691836962410875,30.413210484417625,18.51764386232074,0.164810940250812,4.30321320205271,20.594962263949107,30.415611254352655,0.2112231172900483,5.515035018415809,16.513030245288277,92.10177631073554,0.367559097509312,9.596967037076638,19.83522772603936,39.37273298499001,0.2403205748536645,6.274769556325555
2024-04-10 12:00:00,21.57999760173971,21.58,lstm_ts168_single,LSTM (Single),24.446765478956188,8.218358061840274,0.1328437532812964,2.8667678772164784,19.121654200375485,6.043452279031025,0.113917686495296,2.4583434013642247,24.85946956703621,10.75493637116572,0.1519681339089734,3.279471965296505,24.47933233948084,8.406141921472416,0.1343528758088181,2.8993347377411283,21.68133704815604,0.010269683399968,0.0046959896978004,0.101339446416329,25.818774150005947,17.967226626131836,0.1964215486254049,4.238776548266237,25.40716343376632,14.64719830583195,0.1773478339829879,3.827165832026612,20.09879619538333,2.1939576061921184,0.0686377002301877,1.48120140635638,24.142545787912866,6.566653206459335,0.1187464537051928,2.5625481861731565
2024-04-11 12:00:00,29.19999761150041,29.2,lstm_ts168_single,LSTM (Single),24.333053593215563,23.68714407711866,0.1666761786435216,4.866944018284848,23.719267990687133,30.038397176460062,0.1876962352440294,5.480729620813278,33.75338148347223,20.733304685533096,0.1559378165900422,4.553383871971821,37.22336790538039,64.37447087271575,0.2747729777457235,8.023370293879982,31.106938966797586,3.636425332542625,0.0653062161397618,1.9069413552971743,37.57663373837058,70.1680328019865,0.2868711237007442,8.37663612687017,34.45155464958739,27.57885132428092,0.1798478584812848,5.251557038086983,28.18884681491759,1.022425933430075,0.0346284547703038,1.0111507965828217,36.78636854148453,57.55302388730807,0.2598072448812881,7.586370929984117
2024-04-12 12:00:00,36.13000007410659,36.13,lstm_ts168_single,LSTM (Single),23.6987177723672,154.5367796655391,0.3440709182463734,12.431282301739394,21.79499711308452,205.4923098925115,0.3967617750240633,14.33500296102207,30.34315728399192,33.48754947750213,0.1601672509893501,5.786842790114669,39.914014087865496,14.318762056323786,0.1047332965955571,3.784014013758906,34.878779422860866,1.5655531181037736,0.0346310724793615,1.251220651245724,42.28097036202487,37.83443548285345,0.1702455099723765,6.150970287918277,32.64863366428568,12.119912079429314,0.0963566676634443,3.4813664098209074,26.235283806661087,97.90541001325066,0.2738642747619805,9.894716267445505,32.88316948089489,10.541908901015423,0.089865225202106,3.2468305932116976
2024-04-13 12:00:00,42.000003160338025,42.0,lstm_ts168_single,LSTM (Single),29.515671500690555,155.85853698807617,0.2972459695297554,12.48433165964747,25.022578123026324,288.2329608975382,0.4042243752339532,16.9774250373117,34.820416361744655,51.54646659853619,0.1709425299608855,7.17958679859337,54.33948064952585,152.26270470617317,0.2937970609688048,12.339477489187828,46.63275998756693,21.46243582023601,0.1103037256817105,4.632756827228903,54.219350827082685,149.3124574007782,0.2909368273163319,12.21934766674466,33.98005171106886,64.31962124863458,0.190951210614257,8.019951449269165,30.05073339493014,142.785047926491,0.2845064015778925,11.949269765407884,36.66745210634848,28.436100743405035,0.1269654917318018,5.332551053989548
2024-04-14 12:00:00,89.03001483250442,89.03,lstm_ts168_single,LSTM (Single),50.23146554607848,1505.3274267312229,0.4357917872912762,38.79854928642594,39.40170284737064,2462.9693504937727,0.5574334911490403,49.62831198513378,56.57731085712749,1053.1779953134453,0.3645141926173038,32.45270397537693,77.43388227818683,134.47029021730424,0.1302496981061256,11.596132554317592,62.68383696101888,694.1210884359542,0.2959246712589188,26.346177871485537,73.72116094732183,234.36100727787,0.1719516043435881,15.308853885182586,57.803056567752215,975.122922468576,0.3507464120218409,31.22695826475221,49.56150811665947,1557.7630223786982,0.4433168610619527,39.46850671584495,61.24754923419165,771.8653947214325,0.3120572949536286,27.78246559831277
2024-04-15 12:00:00,42.21000010977596,42.21,lstm_ts168_single,LSTM (Single),40.08621211907361,4.510475429451542,0.0503148065666666,2.123787990702354,32.44518246737586,95.35166358932833,0.2313389627340593,9.764817642400104,43.92376741932454,2.9369983912773767,0.0406009785617523,1.7137673095485797,55.38295244293591,173.52667317170412,0.3120813148282615,13.172952333159948,44.6481485279676,5.944567709130386,0.0577623409583208,2.4381484181916377,53.33921716317232,123.85947222160836,0.2636630425124969,11.12921705339636,44.16738087291662,3.831339451913094,0.0463724415553204,1.9573807631406552,36.38738066930591,33.90289714853975,0.1379440754638025,5.822619440470049,44.49729563225616,5.231720807157971,0.0541884746868421,2.2872955224802
2024-04-16 12:00:00,34.1999964050918,34.2,lstm_ts168_single,LSTM (Single),71.82988673019257,1416.0086458791122,1.1002893064485326,37.62989032510077,43.98405116821223,95.72772760773958,0.2860835026773204,9.78405476312043,56.997415086559904,519.7222985381508,0.666591259584868,22.797418681468105,55.54630479982599,455.66488208309926,0.6241611297817588,21.346308394734187,45.1106028358736,119.04133268741712,0.3190236133813567,10.910606430781796,54.55632476020235,414.3801041010777,0.5952143419547212,20.35632835511055,56.42171440643707,493.8047509313122,0.6497579045954761,22.221718001345263,43.51480816719605,86.76571816343566,0.2723629456498256,9.314811762104249,51.140097261428174,286.96701702284827,0.4953246385082741,16.94010085633637
2024-04-17 12:00:00,22.510000257629866,22.51,lstm_ts168_single,LSTM (Single),28.303125389185645,33.56029878986317,0.2573578438584057,5.79312513155578,21.072534898077464,2.0663066599131152,0.0638589668192103,1.4374653595524016,22.95980449771052,0.2023238543945333,0.0199824182555568,0.4498042400806525,17.259665936424163,27.566010484430542,0.2332445251494867,5.250334321205703,18.975218057708865,12.494685200878347,0.1570316374706779,3.5347821999210005,21.78894896133802,0.5199149718841531,0.0320324872518579,0.7210512962918472,30.60769718923932,65.57269559619719,0.3597377538396386,8.097696931609455,22.77085850099625,0.0680470231321964,0.0115885491062118,0.2608582433663855,22.94078499334765,0.1855754885274399,0.0191374824872232,0.4307847357177827
2024-04-18 12:00:00,19.23000147842864,19.23,lstm_ts168_single,LSTM (Single),15.731392890954432,12.240262048348278,0.1819349099582125,3.4986085874742088,14.2647628921615,24.653594218556115,0.2582027147442981,4.965238586267141,16.235529867885823,8.966860226346892,0.1557187405264571,2.994471610542817,14.469708704362366,22.660387294827583,0.2475451070248829,4.760292774066274,16.1303189609314,9.608031709278023,0.1611899261148952,3.0996825174972398,17.9543960013144,1.6271693332438484,0.0663341330756088,1.2756054771142402,15.39924593894072,14.674688003317392,0.1992072410283011,3.830755539487921,15.254294523926324,15.806245788078082,0.2067450155405389,3.975706954502316,16.470552223506292,7.614560190491503,0.1434970901077556,2.759449254922348
2024-04-19 12:00:00,38.42000022970564,38.42,lstm_ts168_single,LSTM (Single),15.652203573034498,518.3725645995257,0.592602720472331,22.767796656671145,15.70735799013022,515.8641175029456,0.5911671552259498,22.712642239575423,19.28906370196804,365.99273242832487,0.4979421242414755,19.130936527737603,22.02812746891448,268.69349260596744,0.4266494706607854,16.391872760791166,22.39868705543499,256.6824758280584,0.4170045049058398,16.021313174270652,24.766909015609045,186.40689970044173,0.3553641627399126,13.653091214096598,19.329321636177628,364.4540091613888,0.4968942862933002,19.09067859352801,17.76101951135264,426.7934843212812,0.5377142268307394,20.658980718353003,19.62772586328532,353.1495758628183,0.4891273881849297,18.79227436642032
2024-04-20 12:00:00,33.21999902070072,33.22,lstm_ts168_single,LSTM (Single),22.90032209154541,106.49573192214038,0.3106465151526556,10.31967692915531,23.95288203407181,85.87945724386609,0.2789619885555744,9.26711698662891,31.601175965296363,2.620588084708693,0.048730376373449,1.6188230554043557,30.0236050285762,10.216934552889724,0.0962189670786178,3.19639399212452,25.37399818723846,61.55972907869047,0.2361830543273977,7.846000833462259,30.295425541398085,8.553130035840312,0.0880365311714854,2.9245734793026337,37.08684355762519,14.952486672742603,0.1164011032786268,3.866844536924468,26.723911983394864,42.19914679625317,0.195547478290348,6.496087037305856,31.84017879935861,1.9039038432245836,0.0415358296814604,1.3798202213421078
2024-04-21 12:00:00,54.859987825391215,54.86,lstm_ts168_single,LSTM (Single),23.00101809727264,1014.9939521371756,0.5807323514091827,31.858969728118574,23.63466219247514,975.0209608816456,0.569182146600183,31.225325632916075,31.72170264931146,535.3802408895922,0.4217697832840296,23.138285176079755,37.40114615120741,304.81115260421706,0.318243630125328,17.4588416741838,30.94250122704139,572.0461651822435,0.4359732392663772,23.917486598349825,36.36644986358482,342.01094634477425,0.3371043030608714,18.4935379618064,35.32064679459288,381.7858479178393,0.35616743286543,19.539341030798333,27.535125327271977,746.6481105411231,0.4980836413068303,27.32486249811924,33.79678739217816,443.6584124897066,0.3839446793217156,21.06320043321305
2024-04-22 12:00:00,28.640002699980155,28.64,lstm_ts168_single,LSTM (Single),28.754331955427144,0.0130711786510629,0.0039919429004477,0.1143292554469894,25.964649193873555,7.157516382636875,0.0934131722727963,2.6753535061066,34.67722232414256,36.44802079037168,0.2107967547142232,6.037219624162407,27.079903107079268,2.4339107397695123,0.054472746013462,1.5600995929008867,19.58915675102401,81.91781239173585,0.316021127643344,9.050845948956145,24.982239618671017,13.379230758988122,0.1277151793463927,3.657763081309138,37.67621507456104,81.65313407852877,0.315510178865561,9.036212374580888,28.74986130724467,0.0120689135900993,0.0038358448640995,0.1098586072645169,34.68098611561246,36.493480627944585,0.2109281720017608,6.040983415632308
2024-04-23 12:00:00,20.000000099677315,20.0,lstm_ts168_single,LSTM (Single),21.10525843530508,1.2215959884746528,0.0552629165059651,1.105258335627763,17.296512486197372,7.308845276239479,0.1351743800003062,2.7034876134799437,21.42908904323819,2.042295208607935,0.0714544468219243,1.429088943560874,18.36040916415088,2.6882584358604507,0.0819795463677467,1.639590935526435,14.911825443439978,25.889521332375946,0.2544087315439279,5.088174656237337,17.914146580400967,4.350784903877528,0.1042926754440367,2.0858535192763483,21.26537901982255,1.6011838115479204,0.0632689456919378,1.2653789201452348,17.897208961397155,4.421730571229573,0.1051395563900065,2.1027911382801605,20.8085641128048,0.6537757633248215,0.0404282004548854,0.8085640131274836
2024-04-24 12:00:00,18.13999804341024,18.14,lstm_ts168_single,LSTM (Single),18.60904231842007,0.2200025319194956,0.0258569087983016,0.4690442750098285,15.764445170330164,5.643251452799007,0.1309566223433551,2.375552873080077,20.219114525578625,4.322725346424238,0.1146150334301535,2.0791164821683843,15.31332136899115,7.990101021704968,0.1558256328173058,2.8266766744190903,12.61063135382692,30.57389598787362,0.3048162781688936,5.529366689583322,15.202843821552548,8.626874922976468,0.1619159062106227,2.9371542218576927,19.40687693962038,1.604982137662616,0.0698389764529417,1.2668788962101374,17.117665210647235,1.0451644209452318,0.0563579351175504,1.0223328327630057,20.02525951323236,3.554210809595856,0.1039284274072445,1.8852614698221188
2024-04-25 12:00:00,15.35000011539979,15.35,lstm_ts168_single,LSTM (Single),16.357529055967174,1.015114566080833,0.065637064038624,1.0075289405673828,13.550979500206834,3.2364751738892443,0.1172000391966186,1.7990206151929566,14.375609356636598,0.9494373507631098,0.0634782248493692,0.9743907587631924,9.115858491559774,38.86452178609465,0.4061330017571566,6.234141623840017,12.21701308288944,9.815607745878008,0.2041033882056587,3.13298703251035,13.826593706854467,2.3207670855969607,0.0992447164229644,1.5234064085453234,18.01633661900678,7.10935035046714,0.173702702512165,2.6663365036069884,15.5976191044772,0.0613151637517182,0.0161315301117807,0.2476189890774094,16.01183382517779,0.4380238593985071,0.0431162022672571,0.6618337097779978
2024-04-26 12:00:00,13.739998612409185,13.74,lstm_ts168_single,LSTM (Single),13.62185935512874,0.0139568841107752,0.0085982000881534,0.1181392572804451,16.343602765614666,6.77875458658883,0.1894908599811686,2.603604153205481,20.428011254809046,44.729513104900384,0.4867549721846135,6.688012642399862,15.79512691126636,4.223552324763587,0.1495726714994789,2.0551282988571757,14.25673693515314,0.267018494192237,0.0376083242306347,0.5167383227439561,16.757416608250136,9.104811361624822,0.2196083188185907,3.017417995840951,24.35391564034858,112.65523467598182,0.7724831222583609,10.613917027939394,18.93604886670693,26.998938245187663,0.3781696345736868,5.196050254297745,23.113980109802387,87.87152911347012,0.6822403525519396,9.373981497393205
2024-04-27 12:00:00,71.2199916309539,71.22,lstm_ts168_single,LSTM (Single),15.968203188522248,3052.760126087224,0.7757904371673349,55.25178844243165,15.34127150412868,3122.4313630120623,0.784593185806259,55.87872012682522,18.82433073845151,2745.3052803621044,0.7356875463283542,52.39566089250239,26.17791301477634,2028.78884606592,0.632435887518431,45.04207861617756,24.92644944158172,2143.0920484391813,0.6500076892630791,46.293542189372175,25.330107171486787,2105.881495703241,0.6443399305248202,45.88988445946711,16.82845411276429,2958.439353592628,0.7637116527622527,54.39153751818961,16.776442223498897,2964.100072081994,0.7644419517706394,54.443549407455,18.60931641516253,2767.8831466614843,0.7387065627360383,52.61067521579137
2024-04-28 12:00:00,74.92999526630093,74.93,lstm_ts168_single,LSTM (Single),50.09980318987154,616.5384385523772,0.3313785352338937,24.8301920764294,46.31510904520693,818.8117134461555,0.3818882694359822,28.614886221094004,67.61245358097642,53.54641631646193,0.097658376452821,7.317541685324514,71.02309456951777,15.263873054524806,0.0521406772134184,3.906900696783168,50.19412941660754,611.8630593340281,0.3301196771971253,24.7358658496934,55.26193370570036,386.832645551574,0.262485824144261,19.668061560600577,98.3569907591412,548.8241178215579,0.3126517679546196,23.426995492840263,57.16541944773424,315.58015401360467,0.2370823026937538,17.764575818566698,73.3690016282079,2.436701138166938,0.0208326936702087,1.5609936380930378
2024-04-29 12:00:00,31.17999945949503,31.18,lstm_ts168_single,LSTM (Single),39.1104022166978,62.89128789144931,0.2543426200986601,7.930402757202771,30.701417121535613,0.2290410542067009,0.015349016877987,0.4785823379594163,38.89203383313212,59.47547418016,0.2473391439167775,7.712034373637088,39.54493981138992,69.97222709075947,0.2682790409525673,8.364940351894894,30.70825162740609,0.2225460170806152,0.0151298216891175,0.4717478320889405,37.76711978653962,43.39015420296399,0.2112610789362492,6.587120327044588,39.02333136890774,61.51785544121165,0.2515500976708399,7.843331909412711,33.31352732583397,4.551941156444779,0.0684261675216042,2.133527866338937,39.01824423583243,61.438081173780496,0.2513869439452627,7.838244776337397
2024-04-30 12:00:00,41.72999544092713,41.73,lstm_ts168_single,LSTM (Single),30.163622258183764,133.78098860248485,0.2771716857510011,11.566373182743362,22.648613519952868,364.0991360140833,0.457258183696325,19.08138192097426,28.70071551518734,169.76213538328577,0.3122281655693924,13.029279925739786,37.72594985416623,16.032381060859404,0.095951258667857,4.004045586760896,31.232747892813567,110.19220608637616,0.2515516102313846,10.49724754811356,35.79967346919155,35.168718688449694,0.1421117330369834,5.930321971735573,28.757048462193584,168.29735331303175,0.3108782266007676,12.972946978733544,24.54215320504425,295.42192072559914,0.4118821977877744,17.187842235882872,29.2821550567816,154.9487302291643,0.2982947937717046,12.447840384145527
2024-05-01 12:00:00,71.43998466587905,71.44,lstm_ts168_single,LSTM (Single),47.32669207092134,581.4508797700424,0.3375321636438512,24.113292594957716,37.14883270726212,1175.8831026489577,0.4799994305569184,34.29115195861693,54.080687791936,301.345187957689,0.2429913297872549,17.35929687394305,70.89076738195189,0.3016396249643301,0.0076878135752103,0.5492172839271632,54.83008105615345,275.8888979243755,0.2325015002090107,16.6099036097256,64.19161183534057,52.5389086904885,0.1014610076477302,7.248372830538486,67.33482839187185,16.852308034020677,0.0574630060911518,4.1051562740072,47.12944581519443,591.0022992106464,0.3402931700557285,24.310538850684623,60.14015282060035,127.6861997315747,0.1581723722104281,11.299831845278703
2024-05-02 12:00:00,45.84000156421574,45.84,lstm_ts168_single,LSTM (Single),48.03141897508675,4.802310268668607,0.047805788309172,2.1914174108710114,35.87154852077464,99.37005607929017,0.2174618827068892,9.968453043441102,46.9597809588206,1.253905892581631,0.0244279964309381,1.119779394604862,58.54576577511385,161.43644418293928,0.2771763476730913,12.70576421089811,49.367459532228224,12.442959716094766,0.0769515237269568,3.5274579680124845,57.47080160824496,135.27550966419014,0.2537259957929106,11.630800044029222,49.52734178299685,13.59647788904072,0.0804393563035908,3.6873402187811095,39.89721811120626,35.31667516936331,0.1296418684603322,5.942783453009483,47.361324341124345,2.314422991540908,0.0331876685208536,1.5213227769086046
2024-05-03 12:00:00,29.889998152762274,29.89,lstm_ts168_single,LSTM (Single),32.107662902381165,4.9180369417022165,0.0741942083196129,2.2176647496188906,25.27163630093746,21.329266194390737,0.1545119483855843,4.618361851824815,32.51565129344859,6.894054415195923,0.0878438709586761,2.625653140686317,33.37444987732919,12.14140382083736,0.1165758427537708,3.4844517245669167,27.03878816015133,8.129398421964497,0.0953901026704295,2.8512099926109435,33.042352373299664,9.937337131739897,0.1054651861946022,3.15235422053739,32.65419001391146,7.640756645243401,0.0924788234185198,2.764191861149186,26.943260163812567,8.683264775519362,0.0985860880248125,2.9467379889497067,32.49848293014573,6.8041928338412,0.0872694860686162,2.6084847773834525
2024-05-04 12:00:00,28.67999737642392,28.68,lstm_ts168_single,LSTM (Single),29.300110239314066,0.3845399627218171,0.0216217893869093,0.6201128628901493,22.99607543295693,32.30696865942554,0.1981841863116555,5.683921943466988,30.73455778782265,4.221218484086928,0.0716373988613981,2.0545604113987324,31.30577715684105,6.894719455247448,0.0915543940243044,2.625779780417133,25.59525599805153,9.515629371442763,0.1075572406051948,3.084741378372385,31.300655070866902,6.867846751443229,0.091375799657404,2.6206576944429862,30.243344396717585,2.4440539058610944,0.0545100126675325,1.5633470202936692,25.87082054996384,7.891474442320296,0.0979489917516285,2.8091768264600745,31.412013850921184,7.463914016924481,0.0952586026644163,2.732016474497268
2024-05-05 12:00:00,62.84000285843243,62.84,lstm_ts168_single,LSTM (Single),39.81462521577576,530.1680155869534,0.3664127402178645,23.025377642656665,31.479234636001504,983.4977835010332,0.4990573964975983,31.360768222430924,45.07142381819344,315.7224011092204,0.2827590425205502,17.76857904023899,58.70182363482918,17.124527286661557,0.06585262627893,4.138179223603245,47.0944753962829,247.92163506130487,0.2505653524176543,15.745527462149523,56.563806646440575,39.39063889142088,0.0998758104153977,6.276196211991852,49.99455658958944,165.00548984573214,0.2044151127392774,12.845446268842984,39.15805176420047,560.8348076295941,0.3768610760184601,23.681951094231955,49.64773854006648,174.03583784563142,0.2099341775665704,13.19226431836595
2024-05-06 12:00:00,28.389999201425148,28.39,lstm_ts168_single,LSTM (Single),35.15382676724547,45.74936334015085,0.2382468388896884,6.763827565820321,28.09755935417771,0.085521064258104,0.0103008050536597,0.2924398472474365,37.39509957210432,81.09183268600619,0.3171926954554872,9.005100370679173,30.5430793219802,4.635754005529362,0.0758393864430602,2.153080120555053,22.698347860370944,32.394894988124115,0.2004808559758074,5.691651341054204,30.129391665558423,3.0254861442836245,0.0612677884135325,1.7393924641332743,37.26426260856982,78.752551019387,0.3125841372584186,8.874263407144674,31.561724960947963,10.059844293620577,0.111719825598431,3.1717257595228148,38.25411679867332,97.3008159723411,0.3474504358828233,9.864117597248176
2024-05-07 12:00:00,20.749999351288032,20.75,lstm_ts168_single,LSTM (Single),27.74688728179617,48.95644071209045,0.3371994288796839,6.996887930508137,20.346453964704747,0.1628488790326534,0.019447971045755,0.4035453865832856,25.79098357563337,25.41152195009856,0.2429390063586881,5.040984224345337,22.15519956838926,1.9745876501413395,0.0677204945075818,1.4052002171012283,16.860591653098314,15.12749224273744,0.1874413407125377,3.889407698189718,20.95069953896062,0.040280565331812,0.0096722985034758,0.200700187672588,25.237116950025648,20.134224344900822,0.2162466380250312,4.487117598737616,21.98455309462467,1.5241229451865022,0.059496567803989,1.2345537433366367,26.35512635015328,31.41744867340811,0.2701266107999812,5.605126998865245
2024-05-08 12:00:00,17.479998749776318,17.48,lstm_ts168_single,LSTM (Single),21.950071756954443,19.981552689502493,0.2557250187008925,4.470073007178126,16.339046464960603,1.3017721162261997,0.0652718745091623,1.1409522848157143,20.73072156210289,10.567198802580377,0.1859681375759921,3.250722812326572,17.00282643521899,0.2276934177799985,0.0272981892841059,0.477172314557329,13.702907472823744,14.26641851443122,0.2160807521225312,3.777091276952573,16.84965309282537,0.3973356472369211,0.0360609669356534,0.6303456569509471,19.769140634937024,5.240170570397113,0.1309577831171183,2.2891418851607064,18.12469594302291,0.4156344709800346,0.0368819930982456,0.6446971932465928,21.03326129522271,12.625674716872188,0.2032759038665184,3.553262545446394
2024-05-09 12:00:00,42.72999561711352,42.73,lstm_ts168_single,LSTM (Single),25.9178056898648,282.6497301498832,0.3934517119518583,16.812189927248717,20.774562913944585,482.0410251833798,0.5138178084524704,21.95543270316893,28.728667364457024,196.0371928386369,0.3276697797518357,14.001328252656492,35.33602351589289,54.67082343362896,0.1730393835626632,7.393972101220626,31.890834093505152,117.487422534872,0.2536663382962586,10.839161523608364,39.84675556486751,8.31307319887557,0.0674757862856241,2.883240052246009,30.1279163512406,158.81240182334406,0.2949234860399971,12.602079265872916,25.391590059295297,300.62030728738176,0.4057666121284161,17.33840555781822,31.638115586362755,123.02980261656752,0.2595806498587241,11.091880030750762
2024-05-10 12:00:00,30.51000097853011,30.51,lstm_ts168_single,LSTM (Single),29.05139692935861,2.1275257722594905,0.0478074074857591,1.4586040491714982,24.21966807370053,39.56828805358174,0.2061728188490091,6.29033290482958,33.13734850773015,6.902955039193577,0.0861143049798296,2.627347529200044,31.19771565947713,0.472951482390063,0.022540631232066,0.6877146809470212,25.48856398972012,25.21482943258912,0.1645833112999102,5.021436988809988,33.51392268604142,9.023545624857665,0.0984569521851267,3.00392170751131,34.79586714931721,18.3686488338973,0.1404741407187455,4.285866170787102,28.58957782062197,3.688025105429871,0.0629440542876265,1.9204231579081397,35.554018173767986,25.442109465855385,0.1653234032600442,5.044017195237878
2024-05-11 12:00:00,45.89999878016799,45.9,lstm_ts168_single,LSTM (Single),33.56488731832588,152.15497477606863,0.2687388189468044,12.33511146184211,26.69379833380447,368.8781355858943,0.4184357506924802,19.20620044636352,37.31157655110199,73.76099638471496,0.1871116003771398,8.588422229065998,47.87348416961303,3.894644582353034,0.0429953255314185,1.9734853894450384,38.26337709039687,58.31799083268269,0.1663752046344426,7.636621689771118,48.3905069760381,6.20263107369617,0.0542594392605121,2.490508195870106,37.6510508594352,68.04514179896181,0.1797156457506685,8.248947920732789,31.68673152412905,202.01696609158867,0.3096572469230667,14.21326725603894,40.89817225149591,25.018268622927824,0.1089722584226564,5.001826528672083
2024-05-12 12:00:00,63.99999105789386,64.0,lstm_ts168_single,LSTM (Single),49.75353300972289,202.96156691829543,0.2226009381045654,14.246458048170972,37.71685859492792,690.803052065814,0.4106740021133821,26.283132462965938,54.69253599494695,86.62871974877602,0.1454290056779455,9.307455062946907,72.33638429329568,69.49545217525325,0.1302561625025977,8.336393235401822,56.62302737458876,54.41959318480234,0.1152650736565253,7.3769636833050996,69.63418168028907,31.7441039694862,0.0880342407751053,5.6341906223952165,57.93806215807294,36.74698198648407,0.0947176522936909,6.06192889982092,46.60550079733881,302.5682914245443,0.2717889482956354,17.394490260555045,60.20794539508262,14.37961030884554,0.0592507217599606,3.79204566281124
2024-05-13 12:00:00,42.749999758095015,42.75,lstm_ts168_single,LSTM (Single),163.0374358365601,14469.067278330822,2.813741210739721,120.28743607846508,107.21249509987835,4155.413305689439,1.5078946364105397,64.46249534178334,174.6093260422102,17386.88192810075,3.0844287024620787,131.85932628411518,192.12587960391525,22313.153479712924,3.494172647744515,149.37587984582024,111.0413437006795,4663.707657484371,1.5974583468776054,68.29134394258449,149.2136662156368,11334.512275582709,2.49037817684156,106.4636664575418,164.86307679214863,14911.603582724712,2.8564462625740865,122.11307703405362,117.71559451974449,5619.840397967847,1.7535811739379998,74.96559476164947,120.8389404831728,6097.882663564713,1.826641898642142,78.08894072507779
2024-05-14 12:00:00,71.0999937066138,71.1,lstm_ts168_single,LSTM (Single),107.915905185774,1355.4113380413592,0.5178047079874148,36.81591147916019,67.11239477234598,15.900945260573874,0.056084378160738,3.9875989342678224,95.06528653858564,574.3352605221608,0.3370646266279846,23.96529283197184,131.89625659389853,3696.185581059834,0.8550811289541561,60.796262887284726,98.33268955370004,741.6197230999078,0.3830196660699987,27.232695847086237,124.26712905271263,2826.744280910392,0.747779747569136,53.16713534609883,83.4900451060954,153.51337368179577,0.1742623417184502,12.390051399481592,95.63172273473346,601.8057291090886,0.3450313811467705,24.531729028119656,102.69414494825864,998.190392679928,0.4443622227593237,31.59415124164484
2024-05-15 12:00:00,63.33999594130725,63.34,lstm_ts168_single,LSTM (Single),62.22315070216536,1.2473432881939013,0.017632543585522,1.1168452391418882,40.03694142202608,543.0323499285905,0.3679042629064025,23.30305451928117,53.27459870298184,101.3122215652888,0.1589106075670151,10.06539723832541,77.33263833192044,195.79404107158504,0.2209132189332501,13.992642390613184,74.81939719030737,131.7766530355455,0.1812346382155956,11.47940124900012,93.50764959393524,910.0873269049188,0.4762812691144193,30.16765365262799,51.66438658964737,136.31985373256762,0.1843323350143383,11.67560935165988,58.327653687729146,25.123574867004432,0.0791339212939434,5.012342253578105,62.2444743322661,1.2001675958761095,0.0172958901048287,1.0955216090411497
2024-05-16 12:00:00,64.99998946455459,65.0,lstm_ts168_single,LSTM (Single),53.76704906966227,126.17894991520356,0.1728144956241538,11.232940394892315,36.12759165649128,833.6153551870588,0.4441908075047894,28.872397808063305,49.056360577229015,254.1993020967625,0.2452866380235316,15.943628887325572,67.7679678877793,7.6617045514376,0.042584290336449,2.7679784232247187,64.76857744132398,0.0535515244956815,0.0035601855498268,0.2314120232306038,83.89335668331397,356.95932486289155,0.2906672350933564,18.89336721875938,45.72975857163962,371.3417986662544,0.2964651387124192,19.270230892914967,48.11531880214967,285.0921033778772,0.259764206140562,16.884670662404915,53.55390518363871,131.01284536582952,0.1760936328637035,11.446084280915876
2024-05-17 12:00:00,48.58000120487059,48.58,lstm_ts168_single,LSTM (Single),45.450450560235375,9.7940872373367,0.0644205551053269,3.1295506446352164,32.064674147502814,272.7560278118242,0.339961437788354,16.515327057367777,43.48755518577522,25.93300645740028,0.1048259755618286,5.0924460190953695,48.68340258618614,0.0106918456579637,0.0021284763019969,0.1034013813155496,42.145176634706345,41.40696724878946,0.1324583040462974,6.4348245701642455,55.60719860979817,49.38150336782087,0.144652063207916,7.027197404927577,41.41076300151133,51.39797641650596,0.1475759165407447,7.169238203359264,39.384146957298654,84.56373534258684,0.1892930016364422,9.195854247571935,45.890596429226,7.232898047259927,0.0553603274792622,2.68940477564459
2024-05-18 12:00:00,53.3100059799361,53.31,lstm_ts168_single,LSTM (Single),48.91014320530057,19.35879243562346,0.0825335261881507,4.39986277463553,34.323001787088494,360.5063282192126,0.3561621096045948,18.987004192847607,48.59198987848456,22.25967593355598,0.0885015113903237,4.718016101451539,57.73182144511584,19.55245200810273,0.0829453192491471,4.421815465179741,47.251378722563295,36.70696424378072,0.1136489697572543,6.058627257372805,61.97057780036232,75.00550425676073,0.1624567782582079,8.66057182042622,48.67631728976061,21.47107087746024,0.0869196805552683,4.6336886901754895,43.43632126281976,97.4896498930168,0.1852125981908992,9.87368471711634,53.61134137595954,0.0908030208966032,0.0056525110152276,0.3013353960234397
2024-05-19 12:00:00,80.90000690099497,80.9,lstm_ts168_single,LSTM (Single),58.08302917455198,520.6144725689953,0.2820392556253585,22.816977726442985,40.87740506021634,1601.8086581054968,0.4947169150400455,40.02260184077863,59.13740278496789,473.61093791091866,0.2690062084006994,21.76260411602708,68.86587204878799,144.8204016411026,0.1487531993283299,12.034134852206977,53.354885193154765,758.7337298997295,0.3404835520168717,27.5451217078402,70.53291604323289,107.47657285309408,0.1281469712412914,10.36709085776208,52.70961607138898,794.6981351259334,0.3484596838675829,28.190390829605988,54.10860434888964,717.7792507089557,0.3311668759792878,26.791402552105325,67.5867435065597,177.24298220961006,0.1645644284150429,13.313263394435268
2024-05-20 12:00:00,136.04998210586513,136.05,lstm_ts168_single,LSTM (Single),76.52067241614368,3543.738712134764,0.4375547042953644,59.52930968972144,53.86692243809773,6754.055296355816,0.6040652001248921,82.1830596677674,78.73701138894216,3284.776612398869,0.4212640812574733,57.31297071692296,91.62171863544508,1973.8705949970608,0.3265583926049244,44.42826347042005,65.97972727091535,4909.840612634803,0.5150331793533477,70.07025483494978,87.08979410285062,2397.1000092905256,0.3598691248993838,48.96018800301451,80.67065379154636,3066.8700045451087,0.4070513458151448,55.37932831431877,69.93366519742307,4371.367361537541,0.4859707872434316,66.11631690844206,87.82222395425767,2325.91665632994,0.3544855898185992,48.22775815160746
2024-05-21 12:00:00,64.34000050126508,64.34,lstm_ts168_single,LSTM (Single),67.66621216213666,11.063684012918063,0.0516974142828329,3.3262116608715786,48.38895364640327,254.4358957659968,0.2479180405749013,15.951046854861808,66.51994033928311,4.752137697378072,0.0338815638954675,2.1799398380180293,67.92184766022828,12.829629070172745,0.0556706113002403,3.5818471589632,46.12572762744615,331.75973632193603,0.2830940741671395,18.214272873818928,61.54599807899195,7.806449535668124,0.0434255890659838,2.794002422273131,70.16151982376883,33.890087222284485,0.0904805607265931,5.821519322503747,56.30009298611163,64.64011285222095,0.1249597055100328,8.039907515153452,70.63891990670697,39.67638567625245,0.0979005184390392,6.298919405441893
2024-05-22 12:00:00,47.999998853590775,48.0,lstm_ts168_single,LSTM (Single),69.13323385355366,446.6136215636564,0.4402757396812303,21.133234999962887,42.15212206527083,34.197662931371184,0.1218307693330804,5.847876788319944,56.50251172988899,72.2927252116169,0.1771356891535041,8.502512876298212,49.68312643075222,2.832918441001349,0.0350651586950096,1.683127577161443,33.434134377520095,212.16440793525777,0.3034555171657267,14.56586447607068,43.43065381239962,20.878914105458204,0.0951946906317339,4.569345041191156,53.99281901671141,35.913893507505215,0.1248504230468814,5.9928201631206335,46.751630280099455,1.558424095280752,0.0260076792355575,1.2483685734913197,58.268648619963855,105.44516802443393,0.2139302085755134,10.26864976637308
2024-05-23 12:00:00,38.779998556508495,38.78,lstm_ts168_single,LSTM (Single),41.630747905203314,8.126771849083935,0.0735108162662985,2.850749348694819,28.29373172868241,109.96179198436576,0.2704040025309945,10.486266827826086,38.00101134282151,0.6068210790878074,0.0200873450923902,0.7789872136869818,35.85932614480059,8.53032733651167,0.0753138865503574,2.920672411707905,27.82545676520546,120.00198585740472,0.2824791696508333,10.954541791303036,35.55428961769774,10.405198157923603,0.0831797075523454,3.2257089388107545,36.50448729935346,5.177951481439304,0.0586774456383556,2.2755112571550384,31.084360140764147,59.22285062588018,0.1984434941257309,7.695638415744348,37.88197469859246,0.8064468493864028,0.0231568821903764,0.8980238579160371
2024-05-24 12:00:00,30.320000561189133,30.32,lstm_ts168_single,LSTM (Single),34.534026405365616,17.75801381538732,0.1389850186734696,4.214025844176483,24.20946358171565,37.33866217751292,0.2015348570703928,6.110536979473483,33.17653630220769,8.15979643971642,0.0942129184745147,2.856535741018554,27.378535238011924,8.652218247454,0.097014026013654,2.9414653231772085,19.6589435927152,113.6581356850466,0.3516179673862055,10.661056968473932,25.145956943457755,26.770727358186807,0.1706478734157535,5.174043617731378,32.04259810671132,2.967342303839054,0.0568139021648693,1.7225975455221842,27.72384190346868,6.740039776056856,0.0856252839600419,2.5961586577204514,34.004324297516064,13.574241394062035,0.1215146328540316,3.684323736326931
2024-05-25 12:00:00,42.99999852111665,43.0,lstm_ts168_single,LSTM (Single),34.412327958460494,73.74808569271113,0.1997132757676464,8.587670562656157,24.48795373179036,342.6958022820227,0.4305126843256822,18.512044789326293,34.21699074068434,77.14122567113456,0.204256001918677,8.783007780432314,36.43286635970652,43.12722482542727,0.1527240090063051,6.567132161410129,29.68763966180996,177.21889839896136,0.3095897515617167,13.312358859306691,38.45311790276383,20.67412335755255,0.1057414133658613,4.546880618352823,35.111464743260385,62.22896516437927,0.1834542802131104,7.888533777856267,30.17650928723597,164.44187613145377,0.2982206901142859,12.823489233880682,37.58170614254146,29.357892299726046,0.1260068038354548,5.418292378575195
2024-05-26 12:00:00,78.4000131182917,78.4,lstm_ts168_single,LSTM (Single),50.50093772894696,778.3584075803412,0.355855493891946,27.899075389344738,37.96343077340194,1635.11719173505,0.5157726476892056,40.43658234488976,56.86024215257714,463.9617332554397,0.2747419306322674,21.539770965714556,61.505630913645824,285.4201500766551,0.2154895328799913,16.894382204645872,46.58311022648829,1012.315309626448,0.4058277751025035,31.81690289180341,62.16090587245957,263.7086041416373,0.2071314353140502,16.239107245832123,59.38647190812805,361.5147493505912,0.2425196177132724,19.013541210163645,49.93438271435473,810.2921142935404,0.3630819597056365,28.465630403936963,64.47702801463839,193.84951419655175,0.1775890659947466,13.922985103653303
2024-05-27 12:00:00,38.47000181783012,38.47,lstm_ts168_single,LSTM (Single),48.23373809501573,95.33054609043026,0.2538012949263833,9.763736277185608,35.708002239956755,7.628641668172664,0.071796190469459,2.761999577873368,49.16258501448006,114.33133541728051,0.277946001855766,10.692583196649936,41.038854548591,6.599004352337598,0.0667754772387418,2.5688527307608737,27.24824870145592,125.9277430048542,0.2917013929324311,11.221753116374206,37.11142402061256,1.845733631092527,0.0353152517031566,1.3585777972175634,48.05124488601869,91.80021873171138,0.2490575153481754,9.581243068188565,41.396195177368185,8.562607577404645,0.0760642896092046,2.926193359538061,51.81089819401235,177.97951612003214,0.3467869962511666,13.34089637618223
2024-05-28 12:00:00,35.35000150685483,35.35,lstm_ts168_single,LSTM (Single),36.500408301857775,1.323435793988945,0.0325433308618067,1.1504067950029435,25.372800084878943,99.54454821467768,0.2822404808113283,9.977201421975888,32.77373355306826,6.637156569707637,0.0728788640443762,2.5762679537865694,31.53588428220109,14.547490203400365,0.1078958150514968,3.8141172246537423,24.315531460790808,121.75952919748416,0.3121490686195386,11.034470046064024,31.0717212534221,18.30368192691242,0.1210263103554073,4.2782802534327296,31.80565424451452,12.562397516059248,0.100264416160011,3.5443472623403096,27.62421064755901,59.68784440157885,0.2185513586978967,7.72579085929582,33.32850416239984,4.086451513638587,0.0571852123984491,2.0214973444549926
2024-05-29 12:00:00,29.870001078938927,29.87,lstm_ts168_single,LSTM (Single),35.32388345822525,29.74483300708981,0.1825872843081952,5.45388237928632,25.567610003186804,18.51056896871151,0.1440371918428118,4.302391075752123,34.6378471202164,22.732355873325268,0.1596198817896675,4.767846041277473,28.73063478373039,1.298155554657224,0.0381441665233782,1.1393662952085355,20.54680900717248,86.92191040704871,0.312125602109206,9.323192071766446,26.440725544566284,11.759930690646774,0.1148066759458738,3.4292755343726427,33.364151014310124,12.209083770854544,0.1169785674308157,3.4941499353711976,28.75140776361204,1.2512510050939964,0.0374487202853031,1.118593315326887,35.650723663110085,33.416753595146474,0.193529373129052,5.780722584171159
2024-05-30 12:00:00,36.55000064612676,36.55,lstm_ts168_single,LSTM (Single),29.83249683800475,45.124857412133714,0.1837894306257384,6.717503808122011,22.05546381801529,210.09159786147976,0.3965673480678165,14.494536828111473,29.62533081101332,47.95105232533001,0.1894574476798882,6.924669835113441,26.533549324844355,100.32929707162008,0.2740479109223726,10.016451321282409,20.22442619094996,266.52438129152137,0.446664135884409,16.325574455176803,25.863045584837383,114.21100848201866,0.2923927461659808,10.686955061289378,30.417526244386,37.60724228800576,0.1677831544003168,6.132474401740765,25.32369597486692,126.02991657195058,0.307149233182011,11.226304671259845,31.412481066765903,26.39410742831618,0.1405614087151948,5.137519579360859
2024-05-31 12:00:00,26.300001277456325,26.3,lstm_ts168_single,LSTM (Single),28.385840015551256,4.350723241337457,0.0793094538699835,2.085838738094932,21.62092258949115,21.89377736816989,0.177911728543373,4.679078687965173,29.461694390323988,9.996303339954816,0.1202164623306609,3.1616931128676637,23.978422231169905,5.389729268156163,0.0882729632517705,2.32157904628642,17.123427527574382,84.20950578702234,0.3489191370400374,9.176573749881944,22.463828005029388,14.716225376082791,0.1458620945283072,3.8361732724269366,30.81137002007801,20.35244793190396,0.1715349248476543,4.511368742621684,24.81682951370364,2.199798480793244,0.0563943609015722,1.483171763752683,30.992456624464086,22.019137183661734,0.1784203467332152,4.692455347007762
2024-06-01 12:00:00,39.96999980490951,39.97,lstm_ts168_single,LSTM (Single),31.087871047963603,78.8922112549655,0.2222198849211632,8.88212875694591,23.162714080552,282.4848534201918,0.4204975182985384,16.807285724357513,32.58727356744677,54.50464669732076,0.1847066868525708,7.382726237462741,29.514245265866283,109.32280298072313,0.2615900572948952,10.45575453904323,21.920147012283923,325.7971858354538,0.4515850107762204,18.04985279262559,28.69428129351407,127.14182794822588,0.2821045425677096,11.275718511395445,34.793076221182254,26.800537791751484,0.1295202303976838,5.176923583727259,28.44971752088112,132.7169039036985,0.2882232259258945,11.520282284028394,36.620563896333856,11.218720905656038,0.0837987471834875,3.349435908575657
2024-06-02 12:00:00,77.40000561122504,77.4,lstm_ts168_single,LSTM (Single),67.02411743248767,107.65905549766188,0.1340553931075244,10.37588817873737,44.43088628978217,1086.9628288315375,0.4259575830917185,32.96911932144287,65.31350387914658,146.0835241195356,0.1561563418068486,12.08650173207846,65.07331496345788,151.9473023257505,0.1592595575468468,12.326690647767164,48.69844455821777,823.7796068795037,0.3708211753520181,28.701561053007268,66.00220083332972,129.9099537550133,0.1472584489870157,11.397804777895317,68.03115840089671,87.77529805047686,0.1210445288258428,9.368847210328326,55.92403978286746,461.2171082607825,0.2774672386489207,21.47596582835758,72.07749340190395,28.32913621837207,0.0687663026286549,5.32251220932109
2024-06-03 12:00:00,180.78997756934763,180.79,lstm_ts168_single,LSTM (Single),203.1577305312377,500.31637256414166,0.1237223061953764,22.367752961890066,84.36001912735532,9298.736885124365,0.5333811073957548,96.42995844199233,109.85333101649157,5032.007824164825,0.3923704593947754,70.93664655285606,95.90495300866012,7205.4673946685225,0.4695228446949014,84.88502456068751,54.46779412969798,15957.294028960496,0.6987233758087881,126.32218343964963,76.36965993570522,10903.602734710772,0.5775780219541692,104.4203176336424,146.75984573853822,1158.0498724222678,0.1882301900156832,34.03013183080941,102.28882565554174,6162.430851794429,0.4342118571461978,78.50115191380588,114.82546336564153,4351.317134130944,0.3648682028206091,65.9645142037061
2024-06-04 12:00:00,99.99997895558036,100.0,lstm_ts168_single,LSTM (Single),157.38416044355688,3292.9442850450278,0.5738419356414702,57.38418148797652,92.30607776096592,59.19611559248951,0.0769390281375163,7.69390119461444,107.97243986238404,63.56013291051288,0.0797246258456215,7.972460906803676,95.4091955623388,21.075292163662542,0.0459078435934549,4.590783393241566,68.45266105221319,995.233266896111,0.3154732454231853,31.547317903367173,85.20140205156284,218.99787838412084,0.147985800182928,14.798576904017525,105.3086390235285,28.181871717027143,0.0530866118512507,5.308660067948139,101.48973843146996,2.219383296002853,0.014897597894009,1.4897594758895991,100.12725125510856,0.0161982382271961,0.0012727232631192,0.1272722995282009
2024-06-05 12:00:00,80.74999719868593,80.75,lstm_ts168_single,LSTM (Single),78.3307816234213,5.852603999602975,0.0299593270487939,2.41921557526463,51.695451730889175,844.1666123402691,0.3598086250864857,29.05454546779676,59.72990429046024,441.84430587044005,0.2603107571199737,21.02009290822569,59.503992503929055,451.39271548963126,0.2631084264000769,21.24600469475688,47.94743796831576,1076.0078920619433,0.4062236578121389,32.80255923037017,54.55008832044943,686.4352252278958,0.324457087147278,26.1999088782365,70.56688897751832,103.69569304401146,0.1261066077329019,10.183108221167616,52.07311997481035,822.363287313234,0.3551316188075638,28.67687722387558,49.82539164544633,956.3312286234576,0.3829672647189001,30.9246055532396
2024-06-06 12:00:00,86.8399990991693,86.84,lstm_ts168_single,LSTM (Single),51.83720275259995,1225.195752079409,0.4030722790150764,35.002796346569355,38.63165568176777,2324.044375050122,0.5551398424399879,48.20834341740154,48.419187627172334,1476.158754166734,0.4424321956535407,38.42081147199697,50.092683286006746,1350.365219472307,0.4231611722058859,36.74731581316256,39.42689431568171,2248.0025052099745,0.5459823269843993,47.4131047834876,45.14921041157482,1738.1218613936562,0.4800873919860887,41.69078868759448,50.5625016668726,1316.056819950294,0.4177510111540723,36.27749743229671,43.12415017459746,1911.0754471959888,0.5034068330038711,43.71584892457184,46.9975990606314,1587.4168408308851,0.4588024004127267,39.8424000385379
2024-06-07 12:00:00,78.41000241370088,78.41,lstm_ts168_single,LSTM (Single),46.600021722391546,1011.8748715814728,0.4056877912523958,31.80998069130933,36.974818457736205,1716.8744694646325,0.5284425797788848,41.43518395596468,48.87393341160326,872.3793720966719,0.3766875155322871,29.53606900209762,52.3763817894725,677.7494028062495,0.3320191279534947,26.033620624228384,38.82722950220656,1566.7959113629283,0.5048179019642253,39.58277291149432,46.10174182360966,1043.8237023572417,0.4120425914493515,32.30826059009122,59.982040021416935,339.5897979314314,0.2350205563705474,18.427962392283945,42.23941681212286,1308.311262761083,0.4613006566526746,36.17058560157802,49.68687912908042,825.0178112235062,0.3663196327054513,28.723123284620463
2024-06-08 12:00:00,92.33999391948556,92.34,lstm_ts168_single,LSTM (Single),54.24716873404306,1451.063330608683,0.4125279152460954,38.09282518544251,42.63335203452023,2470.7502474801904,0.5383002507917238,49.706641884965336,59.22160042740587,1096.8279874962268,0.3586570898083096,33.1183934920797,80.65360305803055,136.57173136669917,0.1265582806042285,11.68639086145501,64.07817494586587,798.7304116976503,0.3060626037972468,28.261818973619697,77.55361247347474,218.63707626693304,0.1601297641291116,14.786381446010822,76.049734459587,265.37255327081465,0.1764160768096065,16.290259459898564,50.76070214386761,1728.8375045619707,0.4502847575653121,41.57929177561795,62.793840218116976,872.9751985448968,0.3199713628650539,29.54615370136859
2024-06-09 12:00:00,126.9999733647568,127.0,lstm_ts168_single,LSTM (Single),96.06704007950196,956.8463616300264,0.2435664549032015,30.932933285254837,67.93352973326617,3488.84476327206,0.4650902048762311,59.06644363149063,99.235104410564,770.8879480434988,0.2186210612379364,27.764868954192792,124.52961316579268,6.102679512626025,0.0194516591894786,2.470360198964116,88.7099978975547,1466.1222212789385,0.3014959330521228,38.2899754672021,110.31706789161308,278.31933502584866,0.1313614879684165,16.68290547314372,125.51226015882904,2.2132905830918577,0.0117142796688224,1.4877132059277614,86.68179057807896,1625.5558632199652,0.3174660727753062,40.31818278667784,105.67062572243564,454.94107084699095,0.1679476544539195,21.329347642321157
2024-06-10 12:00:00,66.37999138271769,66.38,lstm_ts168_single,LSTM (Single),68.4665267878394,4.353629996826411,0.0314331978907871,2.086535405121708,48.39549090509568,323.44225742958645,0.2709325521591488,17.984500477622014,64.21841370423172,4.672418060128791,0.0325636932674978,2.161577678485969,62.613857886872815,14.183761508524748,0.0567359744615062,3.766133495844876,40.70349405782045,659.2825148754551,0.3868107962964006,25.67649732489724,52.43278830572256,194.52447367094243,0.2101115529916495,13.94720307699513,64.59330899974273,3.1922339376330786,0.0269159779288571,1.7866823829749592,55.411972570814086,120.29743665827137,0.165230795958783,10.968018811903605,65.94372091696754,0.1903319192858574,0.0065723188066538,0.4362704657501552
2024-06-11 12:00:00,94.22000087431744,94.22,lstm_ts168_single,LSTM (Single),132.69743914599837,1480.513255951017,0.4083786660436038,38.47743827168094,79.49571427073305,216.8046159844947,0.1562755940028647,14.724286603584387,117.5238290839125,543.0684092223189,0.2473341964906226,23.303828209595068,140.250770001836,2118.8317064709163,0.4885456240752983,46.03076912751857,88.81429429127543,29.221663661943666,0.0573732385149605,5.405706583042004,113.27281356301086,363.009671350437,0.2022162227965639,19.05281268869342,126.2072589847926,1023.1846814261594,0.3394954130083677,31.987258110475167,101.84451656147372,58.13323946369235,0.0809224752324809,7.62451568715629,119.1270493615518,620.3610643454435,0.2643499071970773,24.907048487234363
2024-06-12 12:00:00,71.28999579150845,71.29,lstm_ts168_single,LSTM (Single),78.43459947216176,51.04536175360495,0.1002188820651373,7.144603680653319,52.10083085717319,368.22405087712167,0.2691705157404558,19.189164934335253,71.12594954588006,0.0269111707047681,0.0023011117311347,0.1640462456283842,77.27182478265733,35.78227807934932,0.0839083931024919,5.981828991148888,53.508528304864434,316.1805859785781,0.2494244429281059,17.78146748664401,69.26953885584719,4.082246228861681,0.0283413810483338,2.020456935661258,64.54333041644529,45.51749368307612,0.0946369164446882,6.746665375063159,67.85420284977039,11.804673138497057,0.0481946015509136,3.435792941738057,78.55853314127157,52.83163520490151,0.1019573261165614,7.268537349763122
2024-06-13 12:00:00,56.11001059933052,56.11,lstm_ts168_single,LSTM (Single),58.92288180113233,7.912244397925931,0.050131361084351,2.812871201801805,39.443037817602985,277.7879817068465,0.2970409843751909,16.666972781727537,53.30398060673262,7.873804319358968,0.0500094361527598,2.8060299925978995,54.60145667059934,2.2757349558902837,0.0268856468323173,1.5085539287311818,38.80912333339164,299.32070018872616,0.3083386918152767,17.300887265938883,50.42181186973419,32.3556047873813,0.1013758270376124,5.68819872959633,48.57477128255264,56.779831561115216,0.1342940276840331,7.535239316777883,47.7483714665457,69.91700898691853,0.1490222340625362,8.361639132784823,54.79000281813307,1.7424205424218249,0.0235253525547044,1.3200077811974538
2024-06-14 12:00:00,44.99999685342733,45.0,lstm_ts168_single,LSTM (Single),47.74975558771406,7.561173096786193,0.0611057539235651,2.749758734286736,33.0560430573189,142.65803228357282,0.2654212140283458,11.943953796108424,44.8371078674291,0.0265328217595313,0.0036197554975122,0.1628889859982294,43.27531394597307,2.974531131264876,0.038326289512238,1.724682907454259,31.22663790460189,189.7054167331897,0.3060746647091469,13.773358948825436,40.46866283604189,20.53298797711447,0.1006963185385272,4.53133401738544,40.31878733328783,21.91372257144466,0.1040268854992811,4.681209520139497,39.15520136909336,34.1616342536907,0.1298843531783227,5.8447954843339645,46.03884614606741,1.0792078528187947,0.0230855414506758,1.03884929264008
2024-06-15 12:00:00,85.13000237992293,85.13,lstm_ts168_single,LSTM (Single),56.558199683396566,816.3479093292311,0.3356255362124216,28.57180269652636,38.81714051540887,2144.8811740815604,0.5440251447172106,46.312861864514055,55.624015262442754,870.603275776906,0.3465991576718065,29.50598711748017,80.11499256427386,25.15032345105648,0.0589100161570276,5.015009815649066,64.30747152959816,433.57779101272666,0.2445968550241173,20.822530850324767,82.21291160467757,8.509418591021552,0.0342663067507833,2.917090775245356,54.9788459988816,909.092231114009,0.3541777932353515,30.151156381041325,49.40437991344061,1276.3201006176264,0.4196595967076803,35.72562246648232,60.62756060999691,600.3696526886151,0.2878238116401683,24.502441769926016
2024-06-16 12:00:00,86.46000553262016,86.46,lstm_ts168_single,LSTM (Single),78.23142549620064,67.70952941576179,0.0951720970375717,8.228580036419515,53.511290331901165,1085.6178333780908,0.3810862027794793,32.94871520071899,76.4352519429774,100.49568453305533,0.1159467146443861,10.024753589642756,93.23516868804862,45.90283578267531,0.0783618172783054,6.775163155428459,70.57951964499154,252.18983202717183,0.1836743565975963,15.880485887628623,91.55045858971552,25.91271232649149,0.0588763906009097,5.09045305709536,72.08410137246108,206.6666204220792,0.1662723021077676,14.37590416015908,68.44304465129333,324.610879399261,0.2083849147399056,18.016960881326824,83.3411858292497,9.72703634213182,0.0360723976844273,3.1188197033704625
2024-06-17 12:00:00,53.70001032274129,53.7,lstm_ts168_single,LSTM (Single),60.12992499197125,41.34380265357861,0.1197376803204629,6.429914669229959,42.52399209179675,124.90338349840478,0.208119480122551,11.176018230944544,57.94084266722456,17.984658974015435,0.0789726541763312,4.240832344483266,54.09214149539117,0.1537668565637666,0.0073022550702157,0.3921311726498757,34.47039796285112,369.7779915116407,0.3580932711989938,19.22961235989017,45.30728144245304,70.43789805802452,0.1562891483604433,8.392728880288253,51.5835880572693,4.479243205785588,0.0394119526747224,2.1164222654719893,49.69768490953298,16.018608713213077,0.0745311851739696,4.002325413208311,60.93729320622668,52.37826353559053,0.1347724672674873,7.237282883485385
2024-06-18 12:00:00,42.75999570243975,42.76,lstm_ts168_single,LSTM (Single),80.02451431503815,1388.644347428692,0.8714808783405045,37.2645186125984,53.79679330807774,121.8109013878164,0.2581103534818237,11.036797605637986,80.4551422878877,1420.9240760984078,0.8815516925624287,37.69514658544794,68.91480992755487,684.0743071502841,0.6116655017255487,26.15481422511512,34.787471569105,63.561141056605024,0.1864481977223366,7.972524133334751,44.39194773723535,2.6632674438734854,0.038165392862808,1.6319520347955958,82.1184594325828,1549.0886671969854,0.9204506006977304,39.35846373014304,68.62358154115402,668.9250724365414,0.6048547342870424,25.863585838714272,83.88972268298001,1691.654441493781,0.9618739736728626,41.129726980540255
2024-06-19 12:00:00,49.00000193941764,49.0,lstm_ts168_single,LSTM (Single),44.28625032163364,22.21945431416133,0.0961990088002847,4.7137516177840055,30.98620356353484,324.49693192695804,0.3676285237326033,18.013798375882807,41.837893650801895,51.2957951378584,0.1461654694926501,7.162108288615748,39.06578430335374,98.68868004068314,0.2027391274054707,9.934217636063906,26.503354114198466,506.09916337193874,0.4591152435674076,22.496647825219178,34.63446923344063,206.3685299264952,0.2931741252528559,14.36553270597701,30.962404210823863,325.3549318185715,0.3681142247891134,18.03759772859378,38.33848319382559,113.66798196261078,0.217582006604279,10.661518745592057,44.96464615351551,16.284096318813827,0.0823541964527133,4.035355785902134
2024-06-20 12:00:00,43.20000048342568,43.2,lstm_ts168_single,LSTM (Single),49.51905482281077,39.93044774410154,0.146274404367414,6.31905433938509,35.2710382079556,62.86844276582774,0.1835407913597627,7.928962275470084,50.269366383837685,49.975934233908,0.1636427273449746,7.069365900412002,44.15838504839502,0.9185009743714632,0.0221848276445514,0.958384564969336,28.415596280171386,218.57860764520333,0.3422315749493232,14.784404203254295,37.61908722762555,31.14659276876565,0.1291878054015608,5.580913255800134,45.98588493869155,7.761152198091986,0.0644880653724694,2.7858844552658653,43.64731576629048,0.2000909622844157,0.0103545203208138,0.4473152828647997,53.33541953307535,102.72671931200142,0.2346161790794023,10.13541904964967
2024-06-21 12:00:00,35.860002375903825,35.86,lstm_ts168_single,LSTM (Single),40.57860637018126,22.265223654810985,0.1315840402020751,4.718603994277437,29.236124937661764,43.87575231685221,0.1847149191125816,6.6238774382420615,40.26920167763857,19.44103848241816,0.1229559121473319,4.409199301734745,35.44494143123182,0.1722755877920187,0.0115744817950962,0.4150609446720068,23.349376378253424,156.51576285308607,0.3488740984037673,12.5106259976504,30.588146162935217,27.79246793021571,0.1470121545923554,5.271856212968608,36.12535367107318,0.070411309848053,0.0073996452199806,0.2653512951693528,34.59348534986029,1.6040653772581666,0.0353183754079886,1.2665170260435374,42.12639093733028,39.26762560277629,0.1747459048033181,6.266388561426453
2024-06-22 12:00:00,62.12000398783821,62.12,lstm_ts168_single,LSTM (Single),53.72029976494402,70.55503103210643,0.1352173806128324,8.399704222894187,36.18771903691088,672.4834027760922,0.4174546568928799,25.932284950927333,51.904200040018,104.36265030029904,0.1644527252416186,10.215803947820213,63.74475978874202,2.6398314125705906,0.0261551142402036,1.624755800903813,49.03488261288999,171.22040139712686,0.2106426357846019,13.085121374948224,64.64387049728862,6.369902157525382,0.0406288851807628,2.523866509450407,47.310102714429775,219.3331757281048,0.2384079253489407,14.809901273408435,44.93760917016422,295.2346916704299,0.2766000276020255,17.182394817673988,56.36054573633459,33.1713593508131,0.0927150335120905,5.759458251503617
2024-06-23 12:00:00,61.50000670659072,61.5,lstm_ts168_single,LSTM (Single),61.659236049680274,0.0253539837007317,0.0025890947272448,0.1592293430895566,42.05519457596453,378.1007187953474,0.316175772523003,19.44481213062619,59.66417809680414,3.370266684510906,0.0298508684486019,1.8358286097865744,69.74803148777445,68.02991279102103,0.1341142094590996,8.248024781183737,51.83134077818346,93.48310083514338,0.1572140629924696,9.668665928407258,68.39052681271114,47.47926733284986,0.1120409651171956,6.890520106120427,58.86189886097435,6.959613005102633,0.0428960578525213,2.638107845616368,52.681188864621134,77.77154812984105,0.1433953964272414,8.818817841969583,65.92699668821938,19.59824029744051,0.0719835690872247,4.426989981628658
2024-06-24 12:00:00,45.09999947082228,45.1,lstm_ts168_single,LSTM (Single),49.87152433030893,22.767449484699064,0.105798778613592,4.771524859486647,34.85677445863067,104.92365865038792,0.2271225084784875,10.243225012191616,48.16927343818834,9.420442686750985,0.0680548559507576,3.0692739673660583,50.30574888077552,27.09982691922845,0.1154268175395683,5.205749409953235,34.87059942617216,104.64062527348788,0.2268159681746358,10.22940004465012,46.04431199978433,0.8917261523546911,0.020938193792507,0.944312528962044,44.453951745383264,0.4173776635449294,0.0143247834372366,0.6460477254390184,42.11160554708207,8.930498243447419,0.0662615068471025,2.988393923740212,52.58775731864031,56.066517587560405,0.1660256748486721,7.487757847818024
2024-06-25 12:00:00,49.190003935534605,49.19,lstm_ts168_single,LSTM (Single),49.77249168431059,0.3392919774741116,0.0118415877652572,0.5824877487759821,34.16179296792153,225.847124887086,0.3055135142356997,15.028210967613076,48.84206047965988,0.1210646484860482,0.007073458589894,0.3479434558747272,57.92225694109806,76.25224255317204,0.1775208844668402,8.732253005563457,41.9619845770288,52.24426384693466,0.1469408168370631,7.228019358505804,54.71348562185443,30.50884993911051,0.1122887018581775,5.523481686319826,44.94617819187099,18.010056942582022,0.0862741493012546,4.2438257436636135,42.78800797468215,40.98555228277112,0.1301483116212496,6.401995960852453,54.38407351622279,26.97835880903035,0.1055919732695125,5.194069580688186
2024-06-26 12:00:00,47.999998853590775,48.0,lstm_ts168_single,LSTM (Single),51.058738691483136,9.355889395909786,0.0637237481447052,3.058739837892361,35.87800756507411,146.942672798874,0.2525414912090117,12.121991288516668,52.36355983798181,19.040664464499667,0.0909075226793387,4.363560984391036,53.79729596412047,33.60865378775598,0.1207770260206165,5.797297110529698,36.17372743027432,139.86069577795143,0.2463806605368649,11.826271423316456,48.150451815953886,0.0226360938838358,0.0031344367907595,0.1504529623631114,46.681097322820605,1.7395012478678964,0.0274771158806289,1.3189015307701697,46.35428040448433,2.7083892137293284,0.0342858018419168,1.6457184491064467,59.44027965138787,130.8800247324449,0.2383391889798195,11.440280797797094
2024-06-27 12:00:00,44.17999974659848,44.18,lstm_ts168_single,LSTM (Single),66.92610304135206,517.3852150955997,0.5148506886649508,22.74610329475358,41.14179522219343,9.230686732115334,0.0687687764108457,3.038204524405053,58.38562799346276,201.7998738881083,0.3215397991929142,14.20562824686428,48.61294181700985,19.650975399622997,0.1003382095028795,4.4329420704113645,32.856102650748944,128.23064543738963,0.2563127469624168,11.32389709584954,44.73251131042545,0.3052690281625219,0.0125059204842912,0.5525115638269682,50.07811178024365,34.78772556142996,0.1335018575707275,5.89811203364517,51.1180097877825,48.135983331570216,0.1570396125164801,6.938010041184015,64.45789664343091,411.1931025585663,0.4589836354264278,20.27789689683243
2024-06-28 12:00:00,67.4900126161498,67.49,lstm_ts168_single,LSTM (Single),41.41624691191042,679.8412579995696,0.386335173065298,26.073765704239374,29.167938975103592,1468.581328149768,0.5678184394334526,38.3220736410462,41.13198487985086,694.745626147504,0.3905470856289584,26.358027736298936,56.585460181354605,118.90926380319776,0.1615728314767839,10.904552434795193,46.99721119261957,419.9549101842427,0.3036419853717211,20.49280142353023,59.58883573363338,62.42859612881184,0.1170717944217087,7.901176882516417,37.82695118427058,879.8972135114406,0.4395177935524803,29.66306143187922,34.706891454489586,1074.7330331000935,0.4857477409007845,32.78312116166021,42.814325238625614,608.8895475533063,0.3656198364914736,24.675687377524184
2024-06-29 12:00:00,62.59999353965798,62.6,lstm_ts168_single,LSTM (Single),61.42573823290962,1.378875525426678,0.018758073928625,1.174255306748357,44.38023105317236,331.9597450639487,0.2910505489899634,18.21976248648562,66.79114553819161,17.565755074812476,0.0669513167901284,4.191151998533634,72.63294634321053,100.66014195831306,0.1602708280983533,10.032952803552554,54.17260103577728,71.02094441446468,0.1346228973417039,8.427392503880704,72.64742145257065,100.95080766517674,0.1605020599011322,10.047427912912674,59.99168362463064,6.803280612829936,0.0416662968722982,2.608309915027341,56.97737938418065,31.61378994137404,0.0898181267689001,5.622614155477329,72.84463019531451,104.95258020642136,0.1636523596310981,10.244636655656528
2024-06-30 12:00:00,58.999990655257015,59.0,lstm_ts168_single,LSTM (Single),64.81775027514632,33.84632699481459,0.0986061108701368,5.8177596198893085,43.667437106632114,235.08719832145005,0.2598738301199839,15.3325535486249,63.10726314341239,16.869687291958037,0.0696147989608098,4.107272488155374,73.42905863649067,208.19800280706207,0.2445605129930303,14.42906798123365,51.00444146013714,63.92880693158213,0.1355178044321852,7.995549195119878,66.94672746899538,63.15062598682453,0.1346904758031566,7.946736813738362,56.32167235975181,7.173388892037917,0.0453952325374913,2.678318295505207,52.854683306086585,37.7648024157681,0.1041577681779322,6.14530734917043,68.02720838805006,81.49065999525313,0.1530037146198886,9.02721773279304
2024-07-01 12:00:00,42.090001628630375,42.09,lstm_ts168_single,LSTM (Single),53.68577158096808,134.46188078753798,0.2754993942421245,11.595769952337704,36.20521798252208,34.63067856150365,0.1398142888667735,5.884783646108296,50.41078437720362,69.23542554895411,0.1976902453458993,8.320782748573244,46.0416817352632,15.615775665157589,0.0938864327328706,3.951680106632821,29.54413014803146,157.39889120770522,0.2980724874114756,12.545871480598915,39.022929269562624,9.40693285575742,0.0728693808598352,3.067072359067751,44.42320701967141,5.443847396782943,0.0554337206167734,2.3332053910410337,42.461772966844926,0.1382139279178376,0.0088327708203666,0.3717713382145504,53.198029183315775,123.3882761556501,0.2639113120663203,11.1080275546854
2024-07-02 12:00:00,36.57000035903673,36.57,lstm_ts168_single,LSTM (Single),76.85112243364682,1622.56879558964,1.1014799474743868,40.28112207461009,49.52435125845808,167.81520722533872,0.3542343662083183,12.95435089942135,73.45900775161171,1360.7988664094512,1.0087231892372517,36.889007392574975,58.61254562336651,485.87380173002697,0.6027493860519717,22.04254526432977,30.86511485963512,32.54571856128278,0.1559990550558441,5.7048854994016125,40.101209529842585,12.469438207983352,0.096560271701864,3.531209170805852,77.00791311693405,1635.2247882153144,1.1057673601554885,40.43791275789732,62.706707346632506,683.1274521554377,0.714703492780721,26.13670698759577,77.09928701656993,1642.6230769684985,1.1082659628007931,40.5292866575332
2024-07-03 12:00:00,30.240000946673725,30.24,lstm_ts168_single,LSTM (Single),39.29586580526564,82.00868833708,0.2994664211340914,9.055864858591915,27.13971262744839,9.611787662325051,0.102522758669634,3.100288319225335,36.022026456157505,33.43181899232117,0.1912045412855643,5.7820255094837805,32.720694779399544,6.153841891723916,0.0820335236463901,2.4806938327258194,23.501563298455665,45.40654193892254,0.2228319258356128,6.73843764821806,30.867877913201333,0.3942294850959119,0.0207631265499901,0.6278769665276087,25.790813888168337,19.79526548157182,0.1471291970642209,4.449187058505387,33.210904551936906,8.82626823176577,0.0982441637651459,2.9709036052631816,39.05643974603717,77.72959310292117,0.2915488929683125,8.816438799363446
2024-07-04 12:00:00,68.73001500853432,68.73,lstm_ts168_single,LSTM (Single),50.85973677532506,319.34684413231275,0.2600069013660229,17.870278233209262,32.78905039969889,1291.7529370135614,0.5229296778761446,35.94096460883544,45.31287470396354,548.3624600439535,0.340711991720983,23.417140304570783,54.12155665788425,213.4070553826779,0.2125484527951306,14.608458350650077,47.431456677103725,453.62858699735176,0.3098872934741236,21.2985583314306,63.04140636658584,32.360268281250974,0.0827674581657245,5.688608641948484,41.27750563612295,753.6402708423341,0.3994253364996726,27.45250937241137,40.93571653648792,772.5230275532012,0.4043982598955513,27.794298472046407,47.47159458717201,451.9204388113944,0.3093032995660283,21.25842042136232
2024-07-05 12:00:00,65.42001234747653,65.42,lstm_ts168_single,LSTM (Single),95.56880828174585,908.949896286214,0.460849743869427,30.14879593426932,66.92304700418826,2.259113179276558,0.0229751509175572,1.5030346567117334,103.61369753505592,1458.7575882079211,0.5838226532993409,38.19368518757939,116.35398790227156,2594.269865816457,0.7785687242653008,50.93397555479503,76.51637206734212,123.12919903265554,0.1696172061375896,11.096359719865587,100.89368147529744,1258.3812013901145,0.5422449164240987,35.47366912782091,105.39193296363275,1597.754437744295,0.6110044798500879,39.97192061615623,90.6048800503626,634.2775612118737,0.3849719191295373,25.184867702886063,107.35117515027972,1758.2224139951857,0.6409531471820429,41.93116280280319
2024-07-06 12:00:00,78.119992988632,78.12,lstm_ts168_single,LSTM (Single),56.80335299279869,454.39914071196046,0.2728704801462963,21.316639995833317,40.51302963968256,1414.2836923292273,0.4813999836689949,37.60696334894945,55.407980801719866,515.8354975784456,0.2907323889572952,22.71201218691214,78.67274098323317,0.3055303455356066,0.0070756278060802,0.5527479946011624,63.96348820841028,200.4066275924405,0.1812148752020724,14.156504780221724,82.3434318870052,17.837436128291735,0.0540634828140317,4.223438898373189,40.59766270600419,1407.9252698386083,0.4803166109869985,37.52233028262781,51.28980961807167,719.8587396978922,0.3434483586610748,26.83018337056033,61.59932375181049,272.9325120324609,0.211478119810195,16.52066923682152
2024-07-07 12:00:00,65.36001145857877,65.36,lstm_ts168_single,LSTM (Single),79.29129924539993,194.0807793992324,0.213146960594552,13.93128778682116,51.80621551041915,183.70538460434807,0.2073713826802064,13.553795948159618,69.80708196140439,19.776436057101755,0.0680396224478006,4.447070502825625,78.64326913935129,176.4449346138022,0.2032321810284664,13.283257680772522,63.5347167741778,3.3317006849024207,0.0279267803610733,1.8252946844009657,83.43433503064675,326.6811725878123,0.2765348898924596,18.074323572067986,70.68800372071131,28.387501545344215,0.0815176151783434,5.32799226213254,58.31506032184037,49.63133651903164,0.1077868712003372,7.044951136738398,67.93901015077441,6.651234254346821,0.0394583574060425,2.57899869219564
2024-07-08 12:00:00,41.530003135399234,41.53,lstm_ts168_single,LSTM (Single),50.86789247890638,87.19617739158427,0.2248468249102475,9.337889343507143,36.39140653999857,26.405174970263293,0.1237321504322411,5.138596595400664,48.23717915661388,44.986210179556686,0.1615019387151839,6.707176021214643,48.806933491684696,52.95371541022886,0.1752210403779809,7.276930356285462,35.229820697758925,39.69229874755139,0.1517019494821606,6.300182437640309,44.76156637577637,10.443000976556766,0.0778127376933093,3.2315632403771346,43.23392639486608,2.903354474152126,0.0410287293721502,1.7039232594668476,40.36836028612127,1.3494141092786185,0.0279711717210972,1.1616428492779605,49.10426830858203,57.36949291368979,0.1823805586647467,7.574265173182795
2024-07-09 12:00:00,45.8799980000379,45.88,lstm_ts168_single,LSTM (Single),42.22142077775332,13.385187291419536,0.0797423143366648,3.6585772222845776,30.033702524329303,251.1050803034628,0.3453857054591743,15.846295475708596,41.14216338456755,22.44707684354906,0.1032657982126859,4.737834615470348,48.46784683011425,6.696961567327516,0.0564047284848227,2.5878488300763465,38.14824200119352,59.78005082566602,0.1685212802066379,7.731755998844378,48.23180260355062,5.530984893103615,0.0512599107678857,2.3518046035127185,36.01994845587252,97.22057701339588,0.2149095460762058,9.860049544165378,34.124950466847444,138.18114250756705,0.2562129042198464,11.755047533190456,42.09406742128321,14.3332703471498,0.082518106882907,3.7859305787546873
2024-07-10 12:00:00,36.49999878846415,36.5,lstm_ts168_single,LSTM (Single),44.15731987204106,58.63456617699147,0.2097896256916318,7.65732108357691,31.17018241709093,28.406942552557958,0.1460223711858781,5.329816371373216,43.43740825373271,48.127650088797886,0.1900660190559003,6.937409465268566,37.22406916156034,0.5242779051956554,0.0198375451268516,0.7240703730961897,24.532336829000126,143.2249327760022,0.3278811604576384,11.96766195946402,31.719137115175645,22.856638339118938,0.1309825159446168,4.780861673288502,42.62399479007183,37.50332702770693,0.1677807179419189,6.123996001607686,36.46569745078472,0.0011765817665983,0.000939762707342,0.0343013376794303,45.79668675046275,86.4284070627697,0.2547037882351061,9.2966879619986
2024-07-11 12:00:00,38.18000180421605,38.18,lstm_ts168_single,LSTM (Single),36.68996734650015,2.220202685180717,0.0390265685516903,1.4900344577159004,26.1214923504558,145.40765024642528,0.3158331294900222,12.058509453760248,35.85961595661143,5.384190481763808,0.0607749014655203,2.3203858476046197,36.15391432220287,4.105030484770486,0.0530667204365989,2.0260874820131747,27.162203242744447,121.39188514116567,0.2885751189318947,11.0177985614716,35.01763739308984,10.000548668757592,0.0828277700808542,3.1623644111262053,33.029796885424,26.52461070554982,0.1348927363912103,5.150204918792049,29.70248898812584,71.86822354697372,0.2220406604369011,8.477512816090208,37.27808781994989,0.8134488350148569,0.023622680504079,0.9019139842661588
2024-07-12 12:00:00,28.560000641825003,28.56,lstm_ts168_single,LSTM (Single),33.88260387361481,28.33010516305933,0.1863656551882238,5.3226032317898095,24.489028131577204,16.572817179193265,0.1425410510770794,4.070972510247799,33.99719974008516,29.563134034121045,0.1903781154086387,5.437199098260155,28.584505161518287,0.0006004714853985,0.0008580013705391,0.0245045196932842,19.40922144761102,83.73675986125949,0.3204054267706501,9.150779194213982,25.38685817345396,10.06883312457988,0.1111044256674175,3.173142468371044,32.85618398896645,18.45719135225549,0.1504265844045484,4.296183347141447,28.33395748830159,0.0510955072548094,0.0079146760659515,0.2260431535234133,35.619638452051554,49.838486011580336,0.2471861922820823,7.059637810226551
2024-07-13 12:00:00,52.79999341540399,52.8,lstm_ts168_single,LSTM (Single),41.53207458959698,126.965994664976,0.2134075801327596,11.267918825807008,28.805656017637435,575.7282271578587,0.4544382649632375,23.994337397766557,41.56023965351839,126.33206462782154,0.2128741508253008,11.239753761885602,58.57526876180008,33.35380532669051,0.1093802285344831,5.775275346396093,48.9356354859581,14.933262206871309,0.0731886062758199,3.864357929445888,63.05380006956618,105.1405509009408,0.1942009078200135,10.25380665416219,41.35673995147754,130.9480498396646,0.2167283123294474,11.443253463926446,36.08979106248319,279.23086267555993,0.3164811446367667,16.710202352920803,46.37996768963787,41.21673031949875,0.121591411484781,6.420025725766116
2024-07-14 12:00:00,70.87001316464584,70.87,lstm_ts168_single,LSTM (Single),63.084612867253625,60.61245779063479,0.1098546472582854,7.785400297392215,43.91995086187659,726.305858123144,0.3802745491264214,26.950062302769247,63.65316500301179,52.08289738808072,0.1018321831670582,7.216848161634047,77.697344357792,46.61245122090664,0.0963359662045617,6.827331193146165,60.82157920099869,100.97102512177756,0.1417868223094941,10.048433963647147,78.69480850842277,61.22742217199308,0.1104105247673412,7.824795343776927,61.29885159215514,91.60713384672268,0.1350523464734639,9.571161572490702,54.77752690743255,258.9681139385985,0.2270704567223246,16.092486257213288,69.5911845024733,1.635402747194017,0.0180447075577869,1.278828662172543
2024-07-15 12:00:00,43.749997200542055,43.75,lstm_ts168_single,LSTM (Single),48.18236585404701,19.64589188057336,0.1013112899913521,4.432368653504959,34.766256884716526,80.70759006218897,0.2053426489296831,8.983740315825528,47.19005269064552,11.833981774991011,0.0786298448051294,3.440055490103468,55.74117780679524,143.78841233178258,0.2740841456809195,11.991180606253188,42.35647912316518,1.941892631976142,0.0318518438067376,1.393518077376875,55.057686541516006,127.8638382319759,0.258461487189166,11.307689340973951,45.32175653233941,2.47042739709206,0.0359259298827538,1.5717593317973524,40.31340921881369,11.81013695615984,0.0785505874657698,3.436587981728365,50.707077143467046,48.4009613322492,0.1590189802992443,6.957079942924992
2024-07-16 12:00:00,125.0000259181324,125.0,lstm_ts168_single,LSTM (Single),222.98031392721416,9600.13683834261,0.7838421415468588,97.98028800908176,92.0302746000112,1087.0045019787544,0.2637579558560606,32.9697513181212,135.45829955130216,109.37548738625397,0.0836661717175908,10.458273633169767,161.25839516625203,1314.6693405329877,0.2900668938410198,36.25836924811964,92.65700346286256,1046.0711015420886,0.2587441259928425,32.34302245526983,128.54586103427653,12.572946670880876,0.0283666750474631,3.545835116144133,161.28107719959254,1316.3146820879413,0.2902483500701199,36.28105128146015,120.45863470388112,20.62423416087869,0.0363311221809315,4.541391214251277,137.1440497468688,147.4773147529177,0.0971521704858687,12.144023828736408
2024-07-17 12:00:00,66.86998883048092,66.87,lstm_ts168_single,LSTM (Single),84.55390389157172,312.72085188787406,0.2644521910407446,17.6839150610908,51.04868863590284,250.3135398469564,0.2365979189062815,15.82130019457808,62.90210744762078,15.744082668448112,0.0593372520656304,3.967881382860142,77.26679900435424,108.09366179155576,0.1554779708462312,10.39681017387332,56.2170307321184,113.48551624546756,0.1593085072194097,10.652958098362518,70.67231703594344,14.457699782055794,0.0568615050183667,3.802328205462516,59.1971149742459,58.87299321369489,0.1147431604286068,7.672873856235022,64.01024165626566,8.178153900432152,0.0427657791519133,2.859747174215258,71.01255605771892,17.160863232186365,0.0619495725913703,4.142567227238004
2024-07-18 12:00:00,46.50000184157105,46.5,lstm_ts168_single,LSTM (Single),54.20328893023859,59.340631970432085,0.1656620813675065,7.703287088667544,33.46720337168612,169.85383595663498,0.280275224811574,13.03279846988493,42.99186932906135,12.306993725327596,0.0754437069585967,3.5081325125096967,49.12948748820262,6.914194765841457,0.0565480761826725,2.629485646631572,34.64717299494691,140.4895516673654,0.254899534993732,11.852828846624142,42.456505053992686,16.34986627115654,0.0869569167191617,4.043496787578363,37.61353763411655,78.96924611036997,0.1911067495810289,8.886464207454502,38.82950857551482,58.83646694461392,0.1649568378984191,7.670493266056226,44.9248288457514,2.4811699667594485,0.0338746867405807,1.5751729958196492
2024-07-19 12:00:00,42.000003160338025,42.0,lstm_ts168_single,LSTM (Single),45.13465825136047,9.826062539672934,0.0746346394083751,3.134655091022445,29.22441215468676,163.21572554367748,0.3041807153413662,12.775591005651265,39.76909928134621,4.976932117300739,0.0531167550267837,2.2309038789918176,43.622915083333645,2.63384310980134,0.0386407571637563,1.6229119229956197,31.170878014401893,117.26995142634624,0.2578362935972926,10.829125145936132,39.38921885528533,6.816194687509492,0.0621615263952681,2.6107843050526967,33.56995318750166,71.0657425445184,0.2007154604406586,8.430049972836365,35.73069003832664,39.30428702182411,0.1492693488159472,6.269313122011383,43.413578196173866,1.9981943819382983,0.0336565459397566,1.4135750358358408
2024-07-20 12:00:00,52.0000049266879,52.0,lstm_ts168_single,LSTM (Single),47.78592701741098,17.758452625455767,0.0810399521157379,4.214077909276924,31.773964654887017,409.0927050765112,0.3889622760674066,20.226040271800883,45.01669745546875,48.76658323758519,0.1342943617229373,6.983307471219149,60.32093045911365,69.2378017161747,0.1600177835397705,8.320925532425747,49.17821042898601,7.962524187260647,0.0542652736606503,2.8217944977018874,63.57219154030535,133.91550302038684,0.2225420291773523,11.572186613617449,40.99188969943116,121.17860085656166,0.2116945035443074,11.008115227256738,39.82043766018159,148.341858799352,0.2342224252416446,12.17956726650631,50.460280613997845,2.370750959088862,0.0296100801309698,1.5397243126900548
2024-07-21 12:00:00,51.6899967469685,51.69,lstm_ts168_single,LSTM (Single),57.14575748412552,29.765325221104124,0.1055477090444388,5.455760737157021,38.47758857240847,174.56772977118058,0.2556086091325765,13.212408174560023,55.08614726913148,11.533838369187906,0.065702277730597,3.3961505221629835,65.53102191184598,191.57397761477185,0.2677698981609867,13.841025164877486,50.69248847313188,0.995022756372504,0.0192978977870629,0.9975082738366154,66.94254272630094,232.6401588516504,0.2950773251930408,15.252545979332446,55.30402335327999,13.061188311127353,0.0699173308909802,3.6140266063114903,47.99790132771649,13.631568584861643,0.0714276581854987,3.6920954192520057,61.08006413287141,88.1733655117975,0.1816612106181573,9.39006738590291
2024-07-22 12:00:00,40.36000366615051,40.36,lstm_ts168_single,LSTM (Single),44.77846036528288,19.522759602107723,0.1094761223433208,4.418456699132371,30.669639069349337,93.90316601893758,0.2400982090328296,9.690364596801174,41.79115761994301,2.0482016394558933,0.0354597082208094,1.4311539537924958,44.77994013589427,19.53583839657093,0.1095127866266947,4.41993646974376,33.15735082188143,51.87820799505749,0.1784601632806556,7.202652844269082,43.71737482626959,11.271941106799334,0.0831856009699738,3.3573711601190794,37.234873471811206,9.766438731571228,0.0774313654723554,3.125130194339306,35.08574664524853,27.81778712253388,0.1306802909268674,5.274257020901985,43.96026183206,12.961858861197944,0.0892036134508328,3.600258165909487
2024-07-23 12:00:00,39.850003001568034,39.85,lstm_ts168_single,LSTM (Single),42.46140276832563,6.819408741821611,0.065530729487143,2.611399766757593,28.37174295852514,131.75045361571506,0.2880366167749408,11.478260043042894,39.28359927779109,0.320813178308388,0.0142133922487949,0.5664037237769435,38.14253087801044,2.915461052726278,0.0428474779158839,1.7074721235575936,26.939446065075337,166.68248041041969,0.3239788196749869,12.910556936492696,35.24390823540402,21.216108994883516,0.1155858072578506,4.606094766164013,36.23474274672694,13.070106710233713,0.0907217059606957,3.615260254841097,32.79808439658588,49.72955601129348,0.1769615576868256,7.051918604982156,41.44269449863696,2.536666204835659,0.0399671612824284,1.5926914970689268
2024-07-24 12:00:00,51.50000096298756,51.5,lstm_ts168_single,LSTM (Single),38.82849080528831,160.56716967667532,0.246048736325386,12.671510157699252,26.41818831870388,629.0973255229488,0.4870254791317321,25.081812644283684,36.6559610255283,220.34552166488564,0.2882337798037615,14.844039937459264,44.10027104919093,54.75600279713674,0.1436840733093331,7.399729913796634,35.82590037862451,245.6774291287302,0.3043514619665317,15.674100584363051,46.95109821701486,20.692516192318006,0.0883282070080337,4.548902745972704,32.81765895745539,349.0299028116718,0.3627639156542724,18.68234200553217,31.01018143487879,419.8327042944677,0.3978605659218252,20.48981952810877,39.32717380948109,148.17772090914454,0.2363655713764926,12.172827153506477
2024-07-25 12:00:00,42.69999700995034,42.7,lstm_ts168_single,LSTM (Single),42.96516695623267,0.0703151004113761,0.0062100694344438,0.2651699462823345,30.43099879637945,150.52831716460565,0.2873301890562628,12.268998213570889,43.25520492983899,0.3082558343070835,0.0130025283083573,0.5552079198886517,43.64802761246786,0.8987620233097312,0.0222021233935122,0.9480306025175196,32.27979959919093,108.58051407919704,0.2440327433355838,10.420197410759409,43.45317261031892,0.5672734849905795,0.0176387740775034,0.7531756003685857,42.73556414141744,0.0012650208407982,0.0008329539568542,0.0355671314671042,35.229907738759074,55.802233719566814,0.1749435549011986,7.470089271191263,45.82827929610527,9.786150061870746,0.0732618853679534,3.128282286154935
2024-07-26 12:00:00,38.259998545705145,38.26,lstm_ts168_single,LSTM (Single),37.3307093784274,0.8635783564197635,0.0242887925405334,0.9292891672777444,25.658138205667512,158.80688402981338,0.3293743026410085,12.601860340037632,35.34146802250502,8.517820414850798,0.0762815116083621,2.918530523200125,30.965894791163823,53.203949582013806,0.1906456882330466,7.294103754541322,20.274525894092843,323.47722650189405,0.4700855550249688,17.9854726516123,26.680446486328496,134.086025895814,0.3026542733801673,11.579552059376647,34.48532171992842,14.248185139055837,0.0986585721185409,3.774676825776723,28.52159901770844,94.83642536688644,0.2545321457961708,9.738399527996703,36.777951655678166,2.19646298423864,0.0387361982843918,1.4820468900269788
2024-07-27 12:00:00,41.879997847051165,41.88,lstm_ts168_single,LSTM (Single),39.464012797827046,5.836983758074469,0.0576882801677181,2.415985049224119,27.02211790578637,220.75659634903877,0.3547727006941802,14.857879941264796,38.45687500470356,11.71776999380193,0.0817364617555401,3.4231228423476026,36.82889420850447,25.513647967339637,0.1206089756019972,5.051103638546692,26.310055874771773,242.42309302014743,0.3717751378388787,15.569941972279391,34.93743379951398,48.19919555415586,0.1657727890266837,6.942564047537182,40.59767179118255,1.6443601135595605,0.0306190573493285,1.2823260558686158,32.023378409019266,97.15294674618826,0.2353538668752801,9.8566194380319,41.98841566411407,0.011754423056686,0.0025887732243649,0.1084178170629073
2024-07-28 12:00:00,65.34001355024772,65.34,lstm_ts168_single,LSTM (Single),56.680142185267854,74.99337205799822,0.1325354999860882,8.659871364979864,36.78292729393184,815.5071754506652,0.4370535710763961,28.55708625631588,54.00442263422755,128.4956214153589,0.1734862039369318,11.335590916020166,69.69224162530182,18.94188921728912,0.0666089251987551,4.3522280750541,55.60170954879861,94.83456482463971,0.1490404343727319,9.738304001449109,73.26161797004727,62.751816583787765,0.1212366510102983,7.92160441979955,61.98978012405999,11.224064009945565,0.0512738403950794,3.350233426187728,46.14778970258661,368.3414562187319,0.2937284950653082,19.19222384766111,60.703359088759264,21.49856459524079,0.0709619452087009,4.636654461488455
2024-07-29 12:00:00,57.64998851624309,57.65,lstm_ts168_single,LSTM (Single),48.90229533807037,76.52213593944963,0.1517379864821314,8.747693178172725,34.873067332141204,518.7881386267893,0.3950897783385405,22.776921184101887,48.76157059933172,79.00397306567109,0.1541790058536963,8.888417916911372,54.53366338446181,9.711482326971618,0.0540559540771329,3.116325131781281,42.501487942448165,229.4770696342652,0.262766757872411,15.148500573794928,56.72722634967267,0.8514900160537392,0.0160062853492231,0.922762166570422,45.66201908164506,143.71141116485657,0.2079440038608225,11.987969434598028,41.6549256197333,255.84203706330428,0.2774512763693461,15.995062896509792,53.332951215837866,18.636811053090035,0.074883576068517,4.317037300405225
2024-07-30 12:00:00,55.96000607331875,55.96,lstm_ts168_single,LSTM (Single),45.83511181473687,102.51348374746436,0.1809308999237107,10.124894258581882,32.25378851616833,561.984750866947,0.4236278589049929,23.706217557150424,45.26627808998791,114.35581818147318,0.1910959046237402,10.693727983330843,48.72235177552401,52.38363973438668,0.1293361957164903,7.237654297794741,35.116496973725766,434.4518715848156,0.3724715303333569,20.843509099592985,46.39520249340543,91.48546752232274,0.1709221326277471,9.564803579913324,44.57693979905537,129.5741978042725,0.2034143144900538,11.383066274263385,36.8659428733497,364.5832494844123,0.3412090980646432,19.09406319996905,48.18859644726845,60.39480757586726,0.1388743527988221,7.7714096260503
2024-07-31 12:00:00,47.23999860510659,47.24,lstm_ts168_single,LSTM (Single),43.22440172074552,16.125018337690364,0.0850041702568338,4.015596884361074,30.439100206806387,282.2701869900064,0.3556498495849668,16.800898398300205,42.920414436426505,18.658807390311644,0.0914391256610482,4.319584168680088,44.63471117851208,6.787522575171471,0.055150031827327,2.605287426594515,32.34778587308672,221.7780000557348,0.3152458334410289,14.892212732019871,42.88174499697868,18.994374512759947,0.0922576997632846,4.35825360812791,45.49216545673551,3.054920714544758,0.0369990093137331,1.747833148371079,35.287241929470646,142.86839214695968,0.2530219523406986,11.952756675635946,46.18421522467214,1.114678546401606,0.0223493524896151,1.0557833804344554
2024-08-01 12:00:00,37.43999778272087,37.44,lstm_ts168_single,LSTM (Single),38.732624030929486,1.6708826175578748,0.0345252757681834,1.292626248208613,27.121803086348265,106.4651417922518,0.2755928233824471,10.318194696372608,37.86686177868537,0.182212871050777,0.0114012826187051,0.4268639959644957,31.51317423069161,35.12723741688876,0.1583019204868805,5.926823552029262,19.61289551338601,317.80557532132417,0.4761512640249765,17.827102269334862,25.816724145340977,135.10049004941047,0.3104507031446517,11.623273637379896,38.88188487794764,2.0790383953814877,0.0385119439267761,1.4418870952267682,30.86479472282045,43.233295278923904,0.1756197502483555,6.575203059900424,40.59514618799748,9.954961459319508,0.0842721312000919,3.1551484052766057
2024-08-02 12:00:00,31.49999731387961,31.5,lstm_ts168_single,LSTM (Single),33.82157164608008,5.389707379932058,0.0737007787355439,2.32157433220047,23.45330481475141,64.74926017552608,0.2554505773110859,8.046692499128202,32.46097880035936,0.9234854173568215,0.0305073513786083,0.9609814864797456,27.812887090545747,13.594781799013097,0.1170511281824535,3.687110223333864,18.158613559278884,177.9925204875242,0.4235360283260155,13.341383754600727,23.670198154640467,61.30575487402201,0.2485650738703129,7.829799159239144,33.00724729787258,2.2718025142468097,0.047849209921324,1.5072499839929705,27.02984265956373,19.982282633501928,0.141909683666742,4.4701546543158805,35.15925976870578,13.390201713300446,0.1161670719639654,3.6592624548261696
2024-08-03 12:00:00,65.08999908086857,65.09,lstm_ts168_single,LSTM (Single),46.252568305843575,354.8487982038586,0.2894059155173923,18.83743077502499,32.524941683581034,1060.4829632886317,0.5003081557403055,32.56505739728753,49.54486915261162,241.65106448638983,0.2388251674261586,15.545129928256948,50.62032838203898,209.3713701325676,0.2223025181003967,14.469670698829589,35.397547830919365,881.6416612306099,0.4561753213893728,29.6924512499492,48.06006254670488,290.01873835764314,0.2616367610177025,17.02993653416369,56.54784206716236,72.96844644681018,0.1312360905566051,8.542157013706209,42.36328809406905,516.5033922775139,0.3491582625245329,22.72671098679952,57.96983986403208,50.69666727310153,0.1093894502593296,7.120159216836484
2024-08-04 12:00:00,84.0800120397603,84.08,lstm_ts168_single,LSTM (Single),80.38244804615817,13.67197948678294,0.0439767300681831,3.697563993602131,57.2452023740351,720.1070097956988,0.3191580140715891,26.834809665725203,89.84763922490777,33.26552334685202,0.0685968881928802,5.767627185147461,105.91571699017676,476.79801068164176,0.2597014964756504,21.835704950416456,74.15517832101034,98.50232434483628,0.1180403460700819,9.924833718749966,100.69287977755566,275.98737447348174,0.1975840313859535,16.612867737795355,99.56244067809816,239.70559654122405,0.1841392295592966,15.48242863833785,76.11492050328872,63.44268318437136,0.0947322834909324,7.96509153647159,99.68735837089883,243.5892595001033,0.1856249297842396,15.60734633113853
2024-08-05 12:00:00,53.97000330828372,53.97,lstm_ts168_single,LSTM (Single),56.84798553997043,8.282781725904407,0.0533255893138878,2.8779822316867083,42.78999724072532,124.99253567064268,0.2071522212755249,11.180006067558402,59.719320721996425,33.05465072362012,0.1065280166997924,5.749317413712703,57.72884556841654,14.128895136560375,0.0696468784458251,3.758842260132816,37.53304868106619,270.17347741720783,0.3045572284538783,16.43695462721753,51.8425575653064,4.526025389312331,0.0394190404403919,2.127445742977322,50.71511847988533,10.594275246138054,0.0603091463568395,3.254884828398396,52.268447319072095,2.89529278442196,0.0315278096147616,1.7015559892116272,68.00040854648867,196.8522711482489,0.2599667292599824,14.03040523820495
2024-08-06 12:00:00,66.99999414992548,67.0,lstm_ts168_single,LSTM (Single),68.92348371821842,3.6998121193317455,0.0287088020334562,1.9234895682929365,48.74933448432972,333.08657822940404,0.2723979292409544,18.25065966559576,73.285658685022,39.50957864777009,0.0938158967750224,6.285664535096515,81.01327693681196,196.3720944652489,0.2091534926932835,14.013282786886478,47.70627038321201,372.24777678624446,0.2879660515124826,19.29372376671348,62.67501931027592,18.705407363601765,0.0645518689146687,4.324974839649563,72.97157061192209,35.65972544147189,0.0891280146776437,5.971576461996605,60.25729386179374,45.46400717557189,0.1006373265204119,6.742700288131744,78.86340531699793,140.74052451901912,0.1770658537749385,11.863411167072442
2024-08-07 12:00:00,55.63000121760749,55.63,lstm_ts168_single,LSTM (Single),55.0640534360716,0.3202968914253952,0.0101734274518901,0.5659477815358898,40.27990201730884,235.6255454590093,0.2759320306367381,15.35009920029865,58.305914964572615,7.16051438119692,0.0481019897248926,2.675913746965122,53.33204935866379,5.280582746022829,0.0413077801302722,2.297951858943705,30.66994341167725,623.0044856753793,0.448679799741405,24.960057805930244,41.55817612254607,198.01626150600035,0.2529538879572689,14.07182509506142,57.70337720700428,4.298887993407106,0.037270824088002,2.073375989396787,51.900502699628944,13.90915919560419,0.067041136731058,3.729498517978549,67.55047213805261,142.0976269651777,0.214281334882879,11.92047092044512
2024-08-08 12:00:00,45.99999730376887,46.0,lstm_ts168_single,LSTM (Single),45.168586820696206,0.6912433913631243,0.018074141995755,0.8314104830726663,31.720616381891563,203.9007195120737,0.3104213425835868,14.279380921877308,44.52100126565584,2.1874292807540434,0.0321520896696194,1.4789960381130314,43.58065734515172,5.853205835361638,0.0525943500092103,2.419339958617151,26.94070313449842,363.25669423078665,0.4143325062262316,19.05929416927045,36.06581284727334,98.68802081567738,0.2159605443211972,9.93418445649553,43.76465032439204,4.996776118209111,0.0485945023999747,2.2353469793768284,39.017850927731935,48.75036801640573,0.151785799680142,6.982146376036937,50.52190847742653,20.447680662449965,0.0983024225805154,4.5219111736576565
2024-08-09 12:00:00,65.32998788238503,65.33,lstm_ts168_single,LSTM (Single),50.26430534780134,226.97479023285996,0.2306089901884989,15.065682534583686,33.84754561341108,991.1441712192776,0.4818987924144798,31.482442268973948,49.17456114139613,260.997813183459,0.2472896025952714,16.155426740988894,65.69020774953273,0.1297583526879105,0.0055138517367585,0.3602198671477055,51.29097451245418,197.09389640109717,0.2148938615327096,14.03901336993085,68.85381838175742,12.417381388307096,0.0539389431039911,3.5238304993723943,49.46631939216199,251.65597796769515,0.2428236864023721,15.863668490223034,43.04599612627193,496.5762885865164,0.3410989727448204,22.283991756113096,56.540653167444304,77.2524047312621,0.1345375225044331,8.789334714940722
2024-08-10 12:00:00,79.99999104295108,80.0,lstm_ts168_single,LSTM (Single),76.98726652942167,9.076508994420996,0.0376590606355431,3.012724513529406,52.90526090668837,734.1244011569028,0.3386841646234168,27.09473013626271,80.08693527756775,0.0075592999330779,0.0010868030543901,0.0869442346166664,96.42900402841634,269.91246767658623,0.205362685311361,16.429012985465263,70.59509219866948,88.45212227116944,0.1175612487160432,9.404898844281604,93.72160868688374,188.28279076628408,0.171520239753098,13.72161764393266,83.03691163365188,9.22288667422251,0.0379615116340489,3.0369205907008023,66.56201119240806,180.5793024636001,0.1679747669387652,13.437979850543016,89.31577885590725,86.78390257602277,0.116447360699761,9.315787812956174
2024-08-11 12:00:00,79.44000260173013,79.44,lstm_ts168_single,LSTM (Single),79.16377290546856,0.0763028450967572,0.0034772115711832,0.2762296962615664,54.99924287123692,597.3507362036983,0.3076631285251356,24.440759730493205,80.71286788516746,1.6201860297799853,0.0160229763563679,1.2728652834373264,102.1163941994137,514.2187358914942,0.2854530570872577,22.676391597683576,72.69366435673437,45.5130797158924,0.0849236911385602,6.746338244995755,94.25494559894643,219.48253601076848,0.1864922269890969,14.814942997216306,77.30533821969482,4.556792023930195,0.026871403727633,2.134664382035311,67.96042408985073,131.78072281040318,0.1445062705930649,11.479578511879396,89.8853859125876,109.10603251073968,0.1314877010166409,10.445383310857466
2024-08-12 12:00:00,67.11001462948232,67.11,lstm_ts168_single,LSTM (Single),61.993879945768185,26.17483410190275,0.0762350405071518,5.116134683714137,43.79119260535155,543.7674605930865,0.3474715681836032,23.31882202413077,62.159498826881816,24.507606711797333,0.0737671691763523,4.950515802600506,67.53388535575354,0.17966639258969,0.0063160577241925,0.4238707262712182,46.31337298156998,432.5003038316823,0.3098887962211247,20.796641647912345,61.697949609716886,29.290447778168645,0.0806446705405402,5.412065019765436,56.12495540794678,120.67152610064308,0.1636873316476623,10.985059221535543,52.022767279363,227.62503260368243,0.2248136501447176,15.08724735011932,68.02386160749623,0.8351162992251513,0.0136171476501577,0.9138469780139076
2024-08-13 12:00:00,65.48999966506886,65.49,lstm_ts168_single,LSTM (Single),91.13616146883648,657.7256152650288,0.3916042439292726,25.64616180376761,52.84605055523524,159.86944909206258,0.1930668678347493,12.643949109833628,75.5320645245563,100.84306664215248,0.1533373783912796,10.04206485948744,74.49839557627077,81.15119689295913,0.1375537632810038,9.008395911201902,46.103500984936815,375.8363310747617,0.2960222748401149,19.38649868013205,62.4346881405236,9.334928512019124,0.0466531003232683,3.0553115245452678,78.477463037526,168.6742048509155,0.19831216122886,12.987463372457128,60.6720748649076,23.212399380008964,0.0735673358497672,4.817924800161265,78.3267273692323,164.7815781508371,0.1960105019058399,12.836727704163437
2024-08-14 12:00:00,50.5500028530866,50.55,lstm_ts168_single,LSTM (Single),51.275353382816405,0.5261333909793043,0.0143491689177127,0.725350529729802,32.3406780760864,331.57950883427355,0.3602240108654778,18.209324777000205,42.27885298173942,68.41192019428654,0.1636231336204988,8.271149871347184,41.20463184139668,87.33595934613429,0.1848737979075957,9.34537101168992,28.974886439378324,465.4856482650644,0.4268074222747723,21.57511641370828,38.53244622152321,144.4216673928333,0.2377360228146772,12.017556631563394,45.21390410394686,28.473949860570738,0.1055608001575794,5.336098749139744,38.148387355021306,153.80006696185336,0.2453336260753158,12.401615498065295,46.0763801696211,20.01329991401706,0.0884989600587597,4.4736226834655
2024-08-15 12:00:00,55.50001107323864,55.5,lstm_ts168_single,LSTM (Single),44.924026432263055,111.85145112615145,0.1905582437996157,10.575984640975584,29.72247148984755,664.4815469732945,0.4644600800056538,25.77753958339109,41.19484373349311,204.6378126181222,0.2577507114524395,14.30516733974553,48.718485887617874,45.98908384320875,0.1221896186051524,6.781525185620765,37.79656214860808,313.4121038270028,0.3189809980626638,17.703448924630557,49.64762792250883,34.25038854294614,0.1054483240193756,5.852383150729807,40.55541992438548,223.3408046063801,0.2692718588674163,14.944591148853156,36.43195070807028,363.5909260897044,0.3435685866802055,19.06806036516836,46.54412339931599,80.20792402791959,0.1613673132804302,8.955887673922646
2024-08-16 12:00:00,54.650004035217215,54.65,lstm_ts168_single,LSTM (Single),45.077421323506265,91.63433977254738,0.1751616103366112,9.57258271171095,30.96396096256363,561.028636439601,0.4334133819530914,23.686043072653582,44.07992519296131,111.72656673150588,0.1934140541955751,10.570078842255905,45.65750457055095,80.8650466220231,0.1645470960783713,8.992499464666267,32.85320418001277,475.1004839278406,0.3988435177636636,21.796799855204448,44.0057200359376,113.30078185732005,0.1947718794754396,10.644283999279615,46.4693349893623,66.92334603780873,0.1496920117441011,8.180669045854913,38.37996888292346,264.7140438568746,0.2977133385353297,16.270035152293758,49.54664651125036,26.04425801742913,0.0933825644491843,5.1033575239668565
2024-08-17 12:00:00,60.55000009830693,60.55,lstm_ts168_single,LSTM (Single),49.714086195757424,117.41703010346568,0.1789581153584918,10.835913902549509,34.4144626795003,683.0663161698415,0.4316356296676111,26.135537418806628,50.10788403180615,109.03778794627372,0.1724544351700629,10.44211606650078,48.13969677182072,154.0156286553948,0.2049595921773289,12.410303326486217,31.495192192443792,844.1818624466072,0.4798481892434473,29.05480790586314,42.34826053822717,331.3033230129725,0.3006067635099592,18.20173956007976,56.707208364661945,14.767048308170242,0.0634647684129803,3.8427917336449866,43.226082396550325,300.1181245372359,0.2861092927106536,17.323917701756606,57.43740385839909,9.688255352688453,0.051405387858866,3.1125962399078446
2024-08-18 12:00:00,62.21000655492424,62.21,lstm_ts168_single,LSTM (Single),61.71074074206923,0.2492663518857785,0.0080254904396163,0.4992658128550147,40.82587009899369,457.2812919658581,0.3437411059754644,21.384136455930552,59.11925382884981,9.552752413736547,0.0496825655105124,3.0907527260744345,48.31927669718786,192.952375980609,0.2232877092766816,13.890729857736382,28.778431736204,1117.6701948596894,0.5373986705692441,33.43157481872024,39.37525723648253,521.4257764360741,0.3670591048448334,22.83474931844171,63.10250284136902,0.7965496213177138,0.0143465068703505,0.892496286444775,51.21220849691856,120.9515621246736,0.1767850329399322,10.997798058005683,66.69169269539066,20.085510661648755,0.0720412420549997,4.481686140466415
2024-08-19 12:00:00,51.02000435774623,51.02,lstm_ts168_single,LSTM (Single),48.51088735997841,6.295668108487394,0.0491790823884331,2.509116997767819,33.74595132954365,298.3929080211547,0.338574119027489,17.27405302820258,46.76051681983233,18.143234085643805,0.0834866165053,4.259487537913898,39.108807864537575,141.8766018998262,0.2334612990169259,11.911196493208656,24.807527583399505,687.0939386456665,0.5137686110441689,26.21247677434673,33.508058584215455,306.6682447750824,0.3432368537395466,17.511945773530776,45.854919476709135,26.678101828317992,0.101236464913255,5.165084881037096,39.54743707060137,131.61980015806645,0.2248640985347743,11.472567287144862,50.76031778053998,0.0674371183810991,0.0050898971976827,0.2596865772062529
2024-08-20 12:00:00,57.0500068882774,57.05,lstm_ts168_single,LSTM (Single),193.4630329894684,18608.513690084204,2.39111322752918,136.41302610119095,100.57873836141776,1894.7504636607605,0.7629925717341958,43.52873147314036,167.61311509395443,12224.200896100248,1.9380034155332495,110.56310820567704,145.3832651872262,7802.764521708803,1.5483478989219797,88.33325829894878,60.76101101143231,13.771551602072725,0.0650482677490691,3.711004123154908,84.88115039550117,774.5725489196835,0.4878376888144161,27.831143507223764,181.39033853534409,15460.51807410253,2.17949722408563,124.34033164706668,132.55466747920525,5700.953770951212,1.3234820591484011,75.50466059092784,151.50225811503827,8921.22776180315,1.6556045542944335,94.45225122676086
2024-08-21 12:00:00,94.640017905704,94.64,lstm_ts168_single,LSTM (Single),65.19730519098529,866.8733320014587,0.3111021464942494,29.44271271471871,40.881594263576766,2889.968112486424,0.568030573448224,53.758423642127234,55.65278826418368,1520.004075120641,0.4119528979840836,38.98722964152032,83.11859061491235,132.74328681699862,0.1217394876475107,11.52142729079165,70.35733945600927,589.6484726912688,0.2565793940771348,24.28267844969473,88.07057118651595,43.15763019625064,0.0694151043561046,6.569446719188051,53.14885621492116,1721.5164984506855,0.4384103322140448,41.49116169078284,61.35632447740659,1107.8042482288884,0.351687311190707,33.28369342829741,70.5220118703107,581.6782151232674,0.2548394069348511,24.118006035393293
2024-08-22 12:00:00,74.16998551299832,74.17,lstm_ts168_single,LSTM (Single),64.99111055064131,84.25174557458448,0.1237545740217033,9.178874962357014,44.16323783640707,900.4049061266146,0.404567258157716,30.006747676591253,60.82390162322972,178.11795519274096,0.17993914650866,13.3460838897686,80.61077790490167,41.4838066356,0.086838258728992,6.440792391903344,72.20030126151244,3.87965605055152,0.0265563521128192,1.9696842514858872,97.44080709882353,541.5311372793083,0.3137498467186161,23.270821585825203,60.38109387961193,190.13353247727323,0.185909320839356,13.788891633386392,56.32600423401121,318.4076678848427,0.2405822403168725,17.843981278987116,64.14982177336177,100.4036813691273,0.1350972859214125,10.020163739636558
2024-08-23 12:00:00,82.20000892618263,82.2,lstm_ts168_single,LSTM (Single),70.5037065963585,136.8034881906495,0.1422907671497659,11.696302329824135,47.822999663007714,1181.7787658804143,0.4182117461087651,34.37700926317492,67.01101493295855,230.70553852619744,0.1847809287571261,15.188993993224088,90.96246194010683,76.78058282122932,0.106599173508522,8.762453013924201,71.28175462996435,119.20827687688892,0.1328254636325296,10.91825429621828,91.162647256913,80.3288858474773,0.1090345177307585,8.962638330730371,62.97762933789341,369.4998770362781,0.233848874706952,19.222379588289225,58.58544469698938,557.6476437346937,0.2872817720786337,23.614564229193256,71.59326538198512,112.50300861237564,0.1290357955279858,10.606743544197514
2024-08-24 12:00:00,81.61001460625931,81.61,lstm_ts168_single,LSTM (Single),67.12444552203905,209.83171169371772,0.1774974450636754,14.48556908422026,47.85498917719884,1139.4017417165192,0.4136137653193305,33.755025429060474,67.96557526990749,186.17072480338496,0.1671907473878251,13.644439336351825,92.1062556642773,110.17107634802254,0.1286146205053239,10.496241058017986,70.91806154628779,114.31786023663444,0.1310127575832032,10.691953059971524,91.17255119367437,91.44210598565154,0.1171735678954483,9.562536587415051,66.97026773840443,214.3221883548668,0.1793866468286607,14.639746867854882,58.929452093534096,514.4079158936364,0.277913962179167,22.680562512725217,74.01585140526593,57.671314723322,0.0930543051319454,7.594163200993378
2024-08-25 12:00:00,73.00001034145271,73.0,lstm_ts168_single,LSTM (Single),84.19347488090445,125.29364839596352,0.1533351089553967,11.19346453945174,53.69394168086797,372.7242871272121,0.2644666565152783,19.30606866058473,75.01677685684801,4.067347177619716,0.0276269346533241,2.016766515395304,98.31025961034898,640.6087180536642,0.3467156942924975,25.31024926889627,74.94585080808544,3.7862951215854848,0.0266553450818868,1.9458404666327311,96.56716052863509,555.4105679452103,0.3228376280626344,23.567150187182374,75.63680583192581,6.952690458579302,0.0361204810539021,2.636795490473105,64.0079131236166,80.8578123750158,0.1231793964929068,8.992097217836104,80.31606992952632,53.52472789624386,0.100219980159636,7.316059588073614
2024-08-26 12:00:00,58.4599936193157,58.46,lstm_ts168_single,LSTM (Single),59.43859000880847,0.9576508935282748,0.0167395911102088,0.9785963894927648,39.6496465037757,353.82915860710415,0.3217644401063516,18.810347115540004,52.92711645122386,30.612729757192017,0.0946438209371225,5.532877168091844,56.77376851163303,2.843355113779445,0.0288440864134054,1.6862251076826738,40.682522936913536,316.0384638636686,0.304096350029849,17.777470682402168,52.81214453462703,31.89819928341868,0.0966104977955826,5.647849084688673,52.87637714101016,31.176772976805204,0.0955117531258277,5.583616478305544,45.27078506402221,173.955222315027,0.2256108449340585,13.18920855529349,55.38125308510841,9.478643276971,0.0526640586767024,3.0787405342072915
2024-08-27 12:00:00,57.26001161587379,57.26,lstm_ts168_single,LSTM (Single),49.56760418402679,59.17313209753499,0.134341702259007,7.692407431847002,33.84230969963914,548.3887630376203,0.4089713092154303,23.417701916234652,46.47677949949655,116.2780948756696,0.1883204667982966,10.783232116377242,53.33513472151754,15.40465863585158,0.0685448148471591,3.924876894356253,39.42714154172571,318.0112550814463,0.3114367177181012,17.832870074148083,50.69160786473121,43.14392783802396,0.1147118829665355,6.568403751142583,46.36937245364521,118.60602136186684,0.1901962443753582,10.89063916222858,39.53786507882661,314.0744778805734,0.3095030202916374,17.72214653704718,49.7516486161279,56.37551493595312,0.1311275144356485,7.508362999745891
2024-08-28 12:00:00,62.64001110245906,62.64,lstm_ts168_single,LSTM (Single),47.37283872912753,233.0865522770176,0.2437287622500467,15.267172373331531,32.846535682070645,887.6511776252888,0.4756301107874295,29.79347542038842,45.81771540265491,282.98963261164926,0.2685551200220614,16.82229569980415,53.44820342467213,84.48932838542281,0.1467401987325971,9.191807677786931,41.1552444398184,461.5951985481158,0.3429879127495435,21.484766662640663,53.77587733108668,78.57286751678433,0.1415091347425447,8.86413377137238,48.2387492208641,207.39634378228007,0.2299051617031021,14.401261881594962,38.93512375626128,561.921684095928,0.3784304461157288,23.704887346197783,49.33761287746509,176.95379853632278,0.2123626415588511,13.302398224993972
2024-08-29 12:00:00,52.94999418544711,52.95,lstm_ts168_single,LSTM (Single),45.68164138749104,52.828952395555824,0.1372682454411622,7.268352797956069,32.27301877351744,427.53731218554407,0.3905000506612439,20.676975411929668,45.02648750927756,62.78195804730346,0.1496413134328023,7.923506676169552,49.97613846673545,8.84381783571405,0.0561634758314855,2.973855718711661,37.40294940695278,241.71060134450784,0.2936174973701378,15.547044778494332,49.26185507995479,13.60237006146168,0.0696532485457,3.6881391054923194,51.47913642042798,2.163422564917079,0.0277782422386627,1.470857765019133,37.87708358261779,227.19263404088449,0.2846631210201716,15.072910602829316,48.74016480441619,17.722663417391193,0.0795057571920935,4.2098293810309215
2024-08-30 12:00:00,44.08000395882402,44.08,lstm_ts168_single,LSTM (Single),42.48749524374064,2.536084007616528,0.0361276899287707,1.5925087150833832,30.05450422971177,196.71464265132784,0.3181828146434319,14.025499729112251,41.73198330659371,5.513200983300053,0.0532672513918928,2.34802065223031,41.33487631644564,7.535725772949911,0.0622760298511466,2.745127642378385,29.1469870980514,222.9949925641195,0.3387707695017868,14.933016860772623,38.51892749880796,30.92557139414476,0.1261587105393812,5.561076460016061,42.88090161004351,1.4378464428509448,0.0272028639085563,1.1991023487805137,34.72466108042529,87.52244037240584,0.2122355271822964,9.35534287839873,44.6101593615446,0.2810647510338214,0.012027117856337,0.530155402720581
2024-08-31 12:00:00,64.99998946455459,65.0,lstm_ts168_single,LSTM (Single),46.20720167153127,353.16887303360613,0.289119859061997,18.792787793023315,32.53923736643342,1053.700426775678,0.4993962670689735,32.46075209812117,46.78079934199833,331.93888872185147,0.2802952780860285,18.219190122556256,63.45498968364224,2.387024323019206,0.0237692312512582,1.5449997809123488,49.62809665005464,236.2950887004752,0.2364906970159196,15.371892814499953,64.16627270028071,0.6950836430312974,0.0128264138370131,0.8337167642738734,52.501826139895805,156.2040864898459,0.1922794669293632,12.498163324658783,39.6660121816646,641.810404969986,0.3897535598325745,25.33397728288999,52.24081175868172,162.79661573004316,0.1962950734450599,12.759177705872863
2024-09-01 12:00:00,86.97001454913656,86.97,lstm_ts168_single,LSTM (Single),66.62386690357576,413.9657240149595,0.2339443973999289,20.346147645560805,46.5932543239587,1630.282766281505,0.464260704502535,40.37676022517786,69.1979648957309,315.84574888311624,0.2043468630600809,17.77204965340566,88.69859538102547,2.98799169237374,0.0198755955239295,1.728580831888905,66.79677204789947,406.9597130137189,0.2319562967284495,20.173242501237095,86.9905750490343,0.0004227341560449,0.000236409065864,0.0205604998977406,78.48721902976729,71.95781982343146,0.0975370139161773,8.482795519369276,58.86132359914275,790.0985069222642,0.3231997958803708,28.10869094999381,77.29405148061417,93.62426130340928,0.1112563119447983,9.675963068522393
2024-09-02 12:00:00,51.77999554331795,51.78,lstm_ts168_single,LSTM (Single),52.9783279554578,1.436000569984907,0.0231427677728815,1.1983324121398482,37.88573686092312,193.05042433330425,0.2683325584833474,13.894258682394836,51.519451431991286,0.0678832339470023,0.0050317522933871,0.2605441113266664,52.17389918133218,0.1551600760408453,0.0076072551548348,0.3939036380142298,36.75352030526037,225.79495807995755,0.2901984652641921,15.02647523805758,49.59660369448506,4.767199965549908,0.0421667060014772,2.1833918488328905,53.92787918208664,4.613404125690227,0.0414809544927793,2.1478836387686897,43.26684384296652,72.47375187319642,0.1644100508511925,8.513151700351429,54.59616227410487,7.930795055591077,0.0543871566854612,2.816166730786918
2024-09-03 12:00:00,42.99999852111665,43.0,lstm_ts168_single,LSTM (Single),48.45540210426724,29.761428255052312,0.1268698551343327,5.455403583150591,33.60260092031073,88.31108166763293,0.2185441377676095,9.397397600805924,46.5403230365621,12.533897674664049,0.0823331310978266,3.540324515445448,44.94645917046368,3.7887090594564663,0.0452665282858359,1.9464606493470316,29.321738060732656,187.0948092221042,0.3180990914143127,13.678260460383996,38.17477373695994,23.282794217640166,0.1122145337234631,4.82522478415671,48.8192599391748,33.86380345170012,0.1353316655394859,5.819261418058147,39.59854065668444,11.56991560350773,0.0791036739864492,3.40145786443221,50.99635513603467,63.94171911294319,0.1859617881379956,7.996356614918021
2024-09-04 12:00:00,33.72000000510564,33.72,lstm_ts168_single,LSTM (Single),44.879654743580495,124.53789388196432,0.3309506149699033,11.159654738474856,29.142654952060223,20.952087734639345,0.1357457014339367,4.577345053045416,38.932114755837866,27.166140174800457,0.1545704255617747,5.212114750732226,32.15094647988171,2.4619289650176377,0.0465318364468076,1.5690535252239286,22.338823733553056,129.53117332415155,0.3375200554516407,11.381176271552585,29.12855674558708,21.08135120537841,0.1361637977112501,4.59144325951856,38.62634138321584,24.072185718556284,0.1455024133264328,4.906341378110199,33.39788903670439,0.1037554759643894,0.0095525198206546,0.3221109684012475,40.93446177084429,52.048458569304806,0.2139520096277071,7.214461765738648
2024-09-05 12:00:00,77.44001521088005,77.44,lstm_ts168_single,LSTM (Single),36.96498313466599,1638.2282215705568,0.522663018156632,40.475032076214056,27.49290822345609,2494.713496413175,0.6449780110632851,49.94710698742396,38.904616895186095,1484.9769233491884,0.4976160995159498,38.53539831569395,56.39199934814269,443.01897175804345,0.2717976721133209,21.04801586273736,48.59065766049501,832.2854310699581,0.3725381183335796,28.84935755038504,60.22203707862767,296.458770962721,0.2223395499776879,17.217978132252377,36.95803526011344,1638.7907007342696,0.5227527375934584,40.48197995076661,32.054226256448416,2059.8698390162085,0.5860767050579697,45.38578895443163,40.98961528386363,1328.6316548394386,0.4706920553638433,36.45039992701642
2024-09-06 12:00:00,54.11000054808779,54.11,lstm_ts168_single,LSTM (Single),62.52630486379326,70.83417833456248,0.1555406436972009,8.416304315705467,43.27641633882464,117.36654681919588,0.2002140842640594,10.833584209263153,59.011916803813655,24.028782978149486,0.0905916874158874,4.901916255725865,55.76232354085956,2.730171272442266,0.0305363699137897,1.6523229927717722,49.61227587155559,20.22952726588669,0.0831218745328796,4.497724676532201,63.40289638260256,86.35791299114203,0.1717408194490062,9.292895834514772,68.2750486556365,200.6485878891692,0.2617824425072804,14.165048107548706,46.607757070329946,56.28365719956011,0.1386480022503523,7.502243477757844,57.27884667362392,10.041585767325326,0.0585630399822295,3.1688461255361275
2024-09-07 12:00:00,65.69000383230274,65.69,lstm_ts168_single,LSTM (Single),37.99016085263724,767.2813010981239,0.4216751615722122,27.699842979665497,31.631308713523367,1159.9947131939657,0.5184760714236886,34.05869511877937,45.077048972427306,424.8939080552621,0.3137913481097882,20.61295485987543,55.05724578327082,113.05554372925296,0.1618626492422779,10.632758049031914,43.209346101352,505.3799720161553,0.3422234193857055,22.48065773095074,52.711774526785206,168.43443590659405,0.1975677964435671,12.97822930551753,49.70832686835415,255.4139985800049,0.2432893291458399,15.981676963948589,37.37746007360299,801.600134088288,0.4310023155269964,28.312543758699743,49.31015726942017,268.2993734235757,0.2493506714461151,16.379846562882562
2024-09-08 12:00:00,73.92000129027241,73.92,lstm_ts168_single,LSTM (Single),54.85237544794514,363.5743552629866,0.2579494792952133,19.067625842327267,41.70599902851804,1037.7419417203157,0.4357954775359779,32.214002261754366,63.22156039847299,114.456637515326,0.1447299878931048,10.698440891799422,64.64366977942171,86.05032629920156,0.1254914955212727,9.276331510850696,48.84495618736028,628.7578869130775,0.3392186778304603,25.075045102912128,63.94944319814921,99.4120286684034,0.134883088718713,9.970558092123198,73.30240418433604,0.3814261852609785,0.0083549390578493,0.617597105936369,54.004566793939794,396.6245311777152,0.2694187520117564,19.91543449633261,70.13392240706777,14.33439330984808,0.0512185987164325,3.786078883204638
2024-09-09 12:00:00,41.64999769286813,41.65,lstm_ts168_single,LSTM (Single),43.09296630362636,2.082158411633532,0.034645106619185,1.4429686107582285,31.855667858346862,95.92889690739348,0.235157992246381,9.794329834521273,44.06983445514548,5.855609956068923,0.0580993252417804,2.419836762277349,37.23442253536562,19.49730397155337,0.1060162161367564,4.415575157502516,25.80871305875786,250.94629885889827,0.3803429894744707,15.841284634110274,34.62995550671348,49.28099229539102,0.1685484411769059,7.020042186154655,46.05968554918788,19.445346990173867,0.1058748643598324,4.409687856319749,36.4984426783524,26.53851906758223,0.123686801917827,5.151555014515736,45.535869206974205,15.099997424141012,0.0932982408008983,3.8858715141060713
2024-09-10 12:00:00,68.94000965608646,68.94,lstm_ts168_single,LSTM (Single),50.31316744563898,346.9592507329079,0.270189144204783,18.62684221044748,33.9803420266381,1222.1783607614996,0.5071027376388234,34.95966762944836,45.84309116699978,533.4676436915142,0.3350292319990637,23.096918489086683,49.02505938040471,396.6052444828765,0.2888736217913124,19.914950275681747,43.65371303784634,639.3967966656219,0.3667869607849364,25.28629661824012,54.50082808052464,208.48996457204387,0.2094455983918916,14.439181575561818,50.41740957279992,343.08671384536655,0.268677074106723,18.52260008328654,38.81749706533441,907.365764780016,0.4369380384630196,30.12251259075205,46.654476578916174,496.64498453365087,0.323259790480792,22.285533077170285
2024-09-11 12:00:00,42.000003160338025,42.0,lstm_ts168_single,LSTM (Single),52.74892762645254,115.53937717823524,0.2559267537452253,10.748924466114516,40.67079900578924,1.766783684469746,0.0316477155840786,1.3292041545487834,55.155032000240126,173.05478377865603,0.3132149488104045,13.1550288399021,38.96585470111826,9.206056872585672,0.0722416245455193,3.0341484592197645,29.956205527658856,145.05306141692836,0.2867570649149979,12.04379763267917,39.12488569088398,8.26630046315984,0.0684551726931562,2.8751174694540467,56.641958643291474,214.38686036479055,0.3486179614572107,14.641955482953447,44.15831600842544,4.6583143502191975,0.0513883972781596,2.1583128480874123,53.72629961606864,137.50602856768032,0.2791975136517165,11.726296455730612
2024-09-12 12:00:00,34.470002870793266,34.47,lstm_ts168_single,LSTM (Single),30.049485593612022,19.540972997857875,0.1282424400645114,4.420517277181244,25.85856939927212,74.15678643443474,0.2498239847498733,8.611433471521146,34.496336471349146,0.0006934585182366,0.0007639570166149,0.0263336005558798,28.395995113124982,36.893570240214494,0.1762114085234046,6.074007757668284,21.687852150664288,163.38337703209376,0.370819543242899,12.782150720128978,27.354503217677227,50.63033531349448,0.206425850319411,7.115499653116039,33.190146538234934,1.6380322319896627,0.037129568493386,1.2798563325583316,28.145089647089183,40.00452728738678,0.183490359644363,6.324913223704083,33.824020619056924,0.4172930695583547,0.0187404176947048,0.645982251736342
2024-09-13 12:00:00,41.59999608797881,41.6,lstm_ts168_single,LSTM (Single),25.357719019635567,263.8115643648287,0.3904393893209232,16.242277068343242,22.62070801758962,360.21337565881737,0.4562329292111076,18.979288070389188,31.401531581473844,104.00867829044157,0.2451554198451481,10.198464506504964,25.41586222877682,261.92618877256825,0.3890417158928227,16.18413385920199,18.449758441734897,535.9335030775688,0.5564961495978039,23.150237646243912,23.493296954187667,327.8525535216329,0.4352572316472753,18.106699133791142,29.14885709201818,155.03086229673147,0.2993062540108903,12.45113899596063,25.664799744708763,253.93048249856707,0.3830576404278762,15.935196343270048,31.60126140890108,99.97469518259167,0.2403542216189552,9.998734679077732
2024-09-14 12:00:00,64.38999541848769,64.39,lstm_ts168_single,LSTM (Single),38.43842900069005,673.4837995373621,0.4030372459126843,25.95156641779764,33.463326750788625,956.4588348816388,0.4803023896289854,30.92666866769906,48.28735993590884,259.2948694848073,0.2500797736965741,16.102635482578847,50.12746639761308,203.41973407129043,0.2215022524567464,14.26252902087461,41.51084464493615,523.4555401189039,0.3553215157860139,22.879150773551537,52.16087043481542,149.55149786627717,0.1899227497096704,12.229124983672264,55.26566936393582,83.25332594977401,0.1417040954149856,9.124326054551863,41.36131942637607,530.3199179496579,0.3576436967022925,23.028675992111616,52.10741866727227,150.86169164949743,0.1907528750606004,12.282576751215416
2024-09-15 12:00:00,86.62998537811828,86.63,lstm_ts168_single,LSTM (Single),47.71063205174482,1514.716063343097,0.4492596086274307,38.91935332637346,41.15300720874809,2068.1555434173724,0.5249565490617887,45.47697816937018,60.50885173986085,682.3136225477036,0.3015253151001376,26.121133638257422,65.28387774016883,455.6563112909236,0.2464055320427333,21.346107637949444,49.98769634185789,1342.6573458168482,0.422974664907606,36.64228903626039,63.698875533812384,525.8357986916227,0.2647017628390137,22.93110984430589,72.58484509377834,197.2659656067885,0.1621279309125634,14.045140284339936,52.21119157571991,1184.6533668120164,0.3973080874037888,34.41879380239837,67.12664761777569,380.38018379400506,0.2251337995177464,19.50333776034259
2024-09-16 12:00:00,42.18999761942037,42.19,lstm_ts168_single,LSTM (Single),48.01092670336655,33.88321540033055,0.1379694101065027,5.820929083946183,36.85475501685917,28.46481362818395,0.1264575231951505,5.335242602561195,50.965248145015295,77.00502178695405,0.207993624573129,8.775250525594927,41.83400171031319,0.1267330873010468,0.0084379220003395,0.3559959091071789,28.758491301072983,180.4053619798057,0.3183575983935292,13.431506318347385,38.42916186910579,14.143885540844206,0.0891404589362535,3.760835750314577,59.18880638548188,288.9594994651298,0.4029108728424492,16.998808766061515,43.57909950338458,1.9296040440329332,0.0329249102238584,1.3891018839642155,53.26175060099555,122.5837140850189,0.2624260157928705,11.07175298157518
2024-09-17 12:00:00,104.390022993235,104.39,lstm_ts168_single,LSTM (Single),75.7178267591223,822.0948368874659,0.2746641432962496,28.67219623411269,51.95649884955223,2749.2744541261627,0.5022848222485852,52.43352414368276,76.60428878046223,772.047025742851,0.2661723162430324,27.785734212772766,66.1637462215438,1461.2482358259374,0.3661870710974788,38.22627677169119,44.067511444209,3638.805399582374,0.5778570577854475,60.32251154902599,58.233941299270285,2130.383877339944,0.4421503163856555,46.15608169396471,83.98644750220605,416.30589281811706,0.1954552255664432,20.403575491028946,67.11599489646797,1389.3531705585776,0.3570650434590149,37.27402809676703,80.31258906085974,579.7228247678954,0.2306488038031718,24.077433932375257
2024-09-18 12:00:00,72.80000108619588,72.8,lstm_ts168_single,LSTM (Single),43.65893100346904,849.2019655663969,0.4002894182408533,29.141070082726834,32.05870248827436,1659.8534114450017,0.5596332141490415,40.74129859792152,41.195470399304256,998.846359938674,0.434128162298673,31.60453068689162,47.46947733640603,641.6354334386675,0.3479467496133451,25.330523749789847,44.27932730004383,813.4288332161004,0.3917674912172501,28.520673786152045,55.86797175043146,286.6936174271869,0.2325828170760154,16.93202933576442,46.14507127840207,710.4852830584148,0.3661391402485574,26.65492980779381,35.994803390604325,1354.6225774115776,0.5055658948687907,36.80519769559155,39.76753216977071,1091.1440027145948,0.4537426981259851,33.03246891642517
2024-09-19 12:00:00,85.11999534668902,85.12,lstm_ts168_single,LSTM (Single),45.65031078964262,1557.8559990327476,0.4636946277580088,39.469684557046406,33.99658825767288,2613.602752389266,0.600603969499685,51.12340708901614,46.03512726282522,1527.6269131330353,0.4591737572902031,39.0848680838638,52.08392433899109,1091.38198762566,0.3881117576797772,33.036071007697934,44.5384628675255,1646.8607783574037,0.4767567516172573,40.58153247916352,55.90089508229673,853.7558202606099,0.3432695237515524,29.219100264392296,56.75683745550551,804.4687255602055,0.3332138092308622,28.363157891183512,41.74093451401516,1881.74291872482,0.5096224530557522,43.379060832673865,50.25391611391461,1215.643481066103,0.4096109156346497,34.86607923277441
2024-09-20 12:00:00,80.90998870601992,80.91,lstm_ts168_single,LSTM (Single),44.62364926842704,1316.6984297802082,0.4484778705066495,36.28633943759288,33.75956816571241,2223.162157127852,0.5827515402532666,47.15042054030751,45.07015598918413,1284.4936091707727,0.4429593093512471,35.83983271683579,55.72685375647424,634.1902858870288,0.3112487759829829,25.183134949545675,48.10454999632405,1076.196808935612,0.4054559793462813,32.80543870969586,59.11355550392598,475.0845003333429,0.2693911289654181,21.796433202093937,58.05939361861751,522.1496958484189,0.2824199515146176,22.850595087402404,41.79725154395706,1529.806208308613,0.4834104884648533,39.11273716206286,50.81193843689126,905.8926300029956,0.3719942463283187,30.098050269128656
2024-09-21 12:00:00,82.59000566491491,82.59,lstm_ts168_single,LSTM (Single),47.54700779170711,1228.0116999416466,0.4243007079498777,35.0429978732078,37.11274752176126,2068.1810082190354,0.5506387580074095,45.477258143153655,51.952890375865074,938.6328332345312,0.3709542703429647,30.63711528904984,63.78943133767864,353.4615950339355,0.2276374020788201,18.80057432723627,50.60601214979459,1022.975841175259,0.3872622753518887,31.983993515120325,62.44083984292735,405.9888833219516,0.2439661513493167,20.14916582198756,69.90473141811655,160.91618271648562,0.1535933330512797,12.685274246798356,47.70750437664111,1216.7888961264234,0.4223574148886667,34.8825012882738,61.26557912727094,454.73116715937454,0.2581962111028503,21.324426537643973
2024-09-22 12:00:00,85.0000015974688,85.0,lstm_ts168_single,LSTM (Single),55.60999279572904,863.7726173663402,0.3457648029340149,29.390008801739757,42.00183453342678,1848.8423708672676,0.5058607794817083,42.998167064042015,60.04157764718448,622.9229260821256,0.2936285115437874,24.958423950284317,68.52344473063273,271.4769261860826,0.1938418418491737,16.476556866836063,51.78984091698161,1102.914772423777,0.3907077653687497,33.210160680487185,65.61151291406641,375.9134934264224,0.2280998625767055,19.388488683402382,77.95924256351633,49.5722877741833,0.0828324576662376,7.040759033952469,54.31359748078857,941.6553976122088,0.361016512234913,30.686404116680222,69.40275663801032,243.27405032535293,0.1834969960744441,15.59724495945848
2024-09-23 12:00:00,41.19999557131802,41.2,lstm_ts168_single,LSTM (Single),45.62816580101039,19.608691583133776,0.1074798714972461,4.42817022969237,33.418307110739065,60.55467529750767,0.188875953811905,7.781688460578955,44.90230641478325,13.707105581640205,0.0898619233358035,3.702310843465227,39.10780923667355,4.377243658873049,0.0507812271732614,2.0921863346444667,26.678046497330588,210.88700490748445,0.3524745299753648,14.521949073987432,35.0101492953928,38.314196919585314,0.1502390034292715,6.18984627592522,52.3722318025659,124.81886240680782,0.2711708114606108,11.17223623124788,38.87876666188182,5.388103650002373,0.0563405135667577,2.3212289094362006,47.884202301865166,44.67861961669177,0.1622380448798022,6.684206730547146
2024-09-24 12:00:00,34.999997229697875,35.0,lstm_ts168_single,LSTM (Single),37.93658295528434,8.623535723718163,0.0839024559434746,2.936585725586461,26.274857148355675,76.12806943904418,0.249289736341431,8.7251400813422,34.60895085519424,0.1529172670124395,0.0111727544415869,0.3910463745036381,29.894323000215326,26.06790933760222,0.14587641810298,5.105674229482549,21.818408373885884,173.7542847636669,0.3766168542615561,13.181588855811992,27.565997842982,55.26434688169201,0.2123999992893727,7.433999386715875,35.6986793664912,0.4881567282740839,0.0199623483455731,0.6986821367933231,29.62496962038899,28.89092180083281,0.153572229564296,5.375027609308887,35.84800916571054,0.7191242436199531,0.0242289143752594,0.8480119360126679
2024-09-25 12:00:00,38.53000284057129,38.53,lstm_ts168_single,LSTM (Single),44.75946755817389,38.8062306678556,0.1616782833725384,6.229464717602596,31.463845044550617,49.93058599826377,0.1833936484577716,7.066157796020676,43.18716313523656,21.68914201020668,0.1208710083395419,4.657160294665268,38.48959241666362,0.0016330023603978,0.0010488040728904,0.040410423907673,30.966760514078388,57.2026344892538,0.1962948811031222,7.563242326492904,39.52509118650798,0.9902008162190103,0.0258263242298253,0.9950883459366864,44.01677960165121,30.104719225926612,0.1424027084499058,5.486776761079916,36.55931830139759,3.883597552938272,0.0511467530207034,1.9706845391737036,45.02877952701654,42.23409842028426,0.1686679524352946,6.498776686445247
2024-09-26 12:00:00,34.50000364594224,34.5,lstm_ts168_single,LSTM (Single),27.98142385958532,42.49188243110112,0.1889443216659954,6.518579786356927,22.31926325388055,148.37043649880326,0.3530649015886218,12.180740392061692,29.777905540026097,22.29821052189685,0.1368723944025304,4.722098105916146,35.14730508510904,0.4189991531474052,0.0187623585727629,0.6473014391667959,30.955794096242577,12.561421332182308,0.1027307007289699,3.5442095496996657,38.60644073521688,16.86282556817034,0.1190271494292325,4.106437089274635,32.382808055223705,4.482517169358018,0.0613679816514324,2.117195590718538,24.88256833804684,92.49506190155311,0.2787662113486926,9.617435307895402,30.02335432720285,20.04038912296988,0.1297579375550564,4.476649318739394
2024-09-27 12:00:00,76.79999375829074,76.8,lstm_ts168_single,LSTM (Single),45.175625636315374,1000.1006591142116,0.4117756600541578,31.624368121975365,34.612901895539544,1779.7507198362082,0.5493111366066615,42.1870918627512,49.24518304047206,759.2675936948153,0.3587866270476627,27.554810717818683,63.24597092275387,183.7115350262549,0.1764846866810283,13.55402283553687,59.59759658826857,295.9224683951866,0.2239895646888008,17.202397170022167,76.36067072478133,0.1930047277719104,0.0057203524637263,0.4393230335094102,55.63588884856109,447.9193366300427,0.275574305075317,21.16410490972965,44.47836981248072,1044.6873744943596,0.4208545126648636,32.32162394581002,54.45812760373244,499.1589832681975,0.2909097391970353,22.341866154558296
2024-09-28 12:00:00,64.52999014403218,64.53,lstm_ts168_single,LSTM (Single),43.99993082256788,421.4833357428432,0.3181475663585383,20.5300593214643,35.99598307269096,814.1895595473509,0.4421821080036238,28.53400707134122,49.30817946144196,231.70352045661787,0.2358873858281219,15.221810682590224,60.06790038159392,19.910245048056336,0.0691475351612295,4.462089762438261,52.60185064965346,142.28051179735758,0.184846448414991,11.928139494378726,66.57387601449447,4.177469451475393,0.0316734260442361,2.04388587046229,59.45292706991548,25.77656945855933,0.0786775739897774,5.077063074116701,43.1466968229618,457.2452332549332,0.3313698525808304,21.383293321070383,51.91284358121219,159.19238738768047,0.1955237639841302,12.617146562819997
2024-09-29 12:00:00,60.649988760936544,60.65,lstm_ts168_single,LSTM (Single),39.77556425337694,435.741598521805,0.3441785387601655,20.874424507559603,32.50835403010157,791.9516053237372,0.4640006586276639,28.141634730834973,45.26094304695623,236.82272798697596,0.2537353432106832,15.389045713980316,53.63150247404271,49.25914975931678,0.1157211473617667,7.0184862868938325,43.66128172549518,288.61616673605494,0.2801106378173553,16.988707035441365,55.6483835383174,25.016054802931134,0.0824667130992212,5.001605222619148,52.39333480572139,68.1723345361701,0.1361361168220546,8.256653955215157,40.21566955607641,417.5614013661156,0.3369220608664229,20.43431920486013,49.16944381879294,131.80291216857904,0.1892917901006767,11.480544942143602
2024-09-30 12:00:00,54.00000191983595,54.0,lstm_ts168_single,LSTM (Single),43.838076082302194,103.26473672753616,0.1881838051157726,10.161925837533758,32.252916988525456,472.9357030096321,0.4027237807064241,21.747084931310496,44.211320432882594,95.8182852530234,0.1812718729433537,9.788681486953358,45.9085526648196,65.47155104650464,0.1498416475434253,8.09144925501635,38.936083195371225,226.921647337279,0.2789614479426761,15.063918724464727,50.76235267765925,10.482372615367368,0.0599564653161134,3.237649242176701,46.17595108687039,61.21577143682909,0.1448898250889049,7.824050832965561,37.34693708050214,277.3245685430562,0.3083900786532492,16.653064839333815,44.80207241171896,84.60190723628929,0.1703320218723602,9.197929508116992
2024-10-01 12:00:00,37.7100013922587,37.71,lstm_ts168_single,LSTM (Single),42.86602999493668,26.584630951633493,0.1367284118885352,5.156028602677985,32.28064275662639,29.47793519431508,0.1439766225186847,5.429358635632305,41.57422224640949,14.932202809653893,0.102472042203214,3.864220854150794,33.14821333736115,20.809910257805956,0.1209702436084771,4.561788054897548,30.182154571507045,56.66847775670075,0.1996246762880525,7.527846820751652,39.61228677617847,3.618689681874806,0.0504451157169749,1.902285383919775,46.66756125809536,80.23787875004776,0.2375380412389886,8.957559865836664,34.43182366680359,10.74644919967003,0.0869312544265264,3.2781777254551088,40.09777157875602,5.701446463525448,0.0633192813137231,2.3877701864973204
2024-10-02 12:00:00,25.58999976860001,25.59,lstm_ts168_single,LSTM (Single),19.448770958832046,37.71469129392403,0.2399854968855257,6.141228809767963,18.826816171856503,45.74065236326042,0.2642900999570235,6.763183596743506,24.025295621091868,2.44829906922918,0.0611451411354875,1.5647041475081416,20.62268457833571,24.67422019943044,0.1941115762087422,4.967315190264298,18.04619305137121,56.90901978690638,0.2947951068950522,7.543806717228801,22.850799388237515,7.503218723778031,0.1070418290399363,2.739200380362494,27.21189007280354,2.630528158869426,0.0633798483341003,1.6218903042035322,19.83248393238644,33.148988604250015,0.2249908514371414,5.757515836213567,23.611774032450604,3.913377063163854,0.0773046406423484,1.978225736149405
2024-10-03 12:00:00,31.58999902471031,31.59,lstm_ts168_single,LSTM (Single),17.347573422170463,202.8466870438825,0.4508523596787434,14.242425602539846,18.900841840228043,161.0147100524979,0.401682734290576,12.689157184482266,26.182632399892032,29.2396138151986,0.1711733710592561,5.407366624818277,28.624599647062656,8.79359346895309,0.0938714615131219,2.9653993776476533,25.25750196351668,40.100519030025936,0.2004589191737621,6.332497061193628,31.608724347552474,0.0003506377155433,0.0005927611085875,0.0187253228421653,26.716562105822582,23.7503874023779,0.1542715121667345,4.873436918887727,22.53891111192792,81.92219240491553,0.2865175116245637,9.051087912782393,27.69874649279549,15.141846267133491,0.1231798876875876,3.89125253191482
2024-10-04 12:00:00,23.389997573033,23.39,lstm_ts168_single,LSTM (Single),16.92379572510503,41.81176633814709,0.2764515826792149,6.4662018479279695,17.718265623146866,32.168543311359166,0.2424853586314705,5.671731949886134,23.94922544723012,0.3127358152790298,0.0239088470381831,0.55922787419712,19.892255610544087,12.234198836155793,0.1495400737673252,3.497741962488913,15.594128578364,60.77557338204144,0.3332992647958664,7.795868994669,20.356438053459904,9.202483358792554,0.1296947342598519,3.033559519573096,26.3125551895924,8.541343022109352,0.1249490346219145,2.9225576165593985,20.540400454505683,8.120203737919187,0.121829731261396,2.849597118527317,24.869739419299364,2.1896359315917886,0.0632638734418853,1.4797418462663643
2024-10-05 12:00:00,27.750001582237605,27.75,lstm_ts168_single,LSTM (Single),15.72215753242062,144.66903248671784,0.4334357969015699,12.027844049816984,15.875541376657251,141.0028051739114,0.4279084514784688,11.874460205580354,21.35209231546042,40.93324298591336,0.2305552757471696,6.397909266777184,17.341227084562664,108.3425865434482,0.3750909515024119,10.40877449767494,13.845967649677334,193.32215959778745,0.5010462392715701,13.90403393256027,17.943064745922168,96.17601011148062,0.3534031090864053,9.806936836315437,21.927897450423547,33.89689652168632,0.2098055423370032,5.822104131814058,17.965183126276514,95.7426722161168,0.3526060503803437,9.78481845596109,21.88377302486988,34.41263748727664,0.2113956116356627,5.866228557367727
2024-10-06 12:00:00,57.570009299276215,57.57,lstm_ts168_single,LSTM (Single),22.05393309183254,1261.3916691729466,0.6169197580430162,35.516076207443675,22.82591781592166,1207.1518930037105,0.6035102635252025,34.74409148335455,34.002619469919345,555.4218633688736,0.4093692204710685,23.56738982935687,37.047409845240686,421.1770883507794,0.3564807389095479,20.52259945403553,31.19278648359941,695.757883467861,0.4581764557055304,26.37722281567681,41.0861844470265,271.71648175964543,0.2863265970057252,16.483824852249718,46.43442980069816,124.00113076915186,0.1934267448297607,11.135579498578052,31.36625935329168,686.6365112316845,0.4551632050251201,26.203749945984534,41.01691640309947,274.004884429457,0.287529793683477,16.553092896176743
2024-10-07 12:00:00,34.94000049770352,34.94,lstm_ts168_single,LSTM (Single),29.658484834652,27.89440769905856,0.1511595760680844,5.281515663051522,23.77007458336965,124.76724493170742,0.3196887737614094,11.169925914333874,30.719534901054885,17.812329852494734,0.1207918012744743,4.220465596648637,25.412383520692973,90.77548526061965,0.2726850841812885,9.527616977010547,21.26291853271964,187.0625710768873,0.3914448131127767,13.67708196498388,28.299016891890968,44.10266325267112,0.1900682172643083,6.640983605812554,38.069428660319446,9.793320624973674,0.0895657732695684,3.1294281626159237,27.817330224869124,50.73243181551884,0.2038543265991809,7.122670272834398,32.35565282439538,6.67885289653322,0.0739653015596838,2.5843476733081445
2024-10-08 12:00:00,22.59999894518354,22.6,lstm_ts168_single,LSTM (Single),19.3150829606557,10.7906730254065,0.1453502715860928,3.2849159845278386,16.583646941783172,36.19649142881961,0.2662102780620952,6.016352003400368,21.144031631399653,2.119840818807068,0.0644233354751629,1.455967313783887,17.65871399856647,24.416296923664465,0.2186409370461562,4.941284946617071,14.977685057307484,58.099669005308186,0.3372705417537422,7.622313887876055,19.2549805808833,11.18914785750586,0.1480096690452777,3.345018364300241,26.342684250054333,14.007693291295784,0.1656055521926661,3.742685304870793,18.87370800413957,13.885244177306358,0.1648801378301882,3.7262909410439695,23.12546938113155,0.2761191790553903,0.0232509053306834,0.5254704359480087
2024-10-09 12:00:00,19.959997883156888,19.96,lstm_ts168_single,LSTM (Single),15.874866903599791,16.68829512013712,0.2046659024450251,4.085130979557096,14.422304321726658,30.666049980305814,0.2774395866095344,5.537693561430229,19.059907070229453,0.8101634715163696,0.0450947348890738,0.9000908129274343,16.220095450213844,13.9868702079333,0.1873698812412668,3.739902432943044,14.32763630439042,31.72349695396469,0.2821824737526299,5.632361578766467,18.03267017807163,3.7145920827892063,0.0965595145033367,1.9273277050852575,21.765896088662945,3.2612683286499986,0.0904758715946534,1.8058982055060573,17.51572888483317,5.974450936166432,0.1224583796367182,2.444268998323718,21.132930067274494,1.3757699085388977,0.05876414371303,1.172932184117606
2024-10-10 12:00:00,66.2499963770291,66.25,lstm_ts168_single,LSTM (Single),32.22746393591218,1157.5327137068534,0.5135476875726075,34.02253244111692,32.60365075349292,1132.0765738184523,0.5078693956759581,33.646345623536185,53.23684532794178,169.3421002263626,0.1964249322374209,13.013151049087329,45.495049329297125,430.7678269541585,0.3132822367206703,20.75494704773198,38.432270766218544,773.8258581583459,0.4198902208612922,27.81772561081056,56.75739249341821,90.10952849114469,0.1432845947581406,9.492603883610895,72.9827512923642,45.329988749968855,0.1016264948456592,6.732754915335093,49.345639162513,285.75729283596263,0.2551601228521328,16.904357214516104,66.82114911173414,0.3262154463610432,0.0086211738254988,0.5711527347050378
2024-10-11 12:00:00,31.909998213250468,31.91,lstm_ts168_single,LSTM (Single),24.49710149550444,54.951037747969806,0.2323063971425688,7.412896717746026,21.073600314650573,117.4275194167802,0.3395925573602864,10.836397898599897,27.731747548537108,17.457778617177635,0.130938605411089,4.17825066471336,26.45921485487674,29.71103921992396,0.1708174134622895,5.450783358373727,22.72943374463212,84.28276396245766,0.2877018170689261,9.180564468618346,30.16179821760165,3.056203224786528,0.0547853366824347,1.748199995648818,31.46585875139883,0.1972598615738623,0.0139185047546386,0.4441394618516376,24.25543012538614,58.59241261175094,0.2398799284384104,7.654568087864327,27.975841588079145,15.47758835137941,0.1232891521610203,3.9341566251713225
2024-10-12 12:00:00,33.58999744930028,33.59,lstm_ts168_single,LSTM (Single),21.556323517379628,144.80930829978658,0.358251707225757,12.03367393192065,17.990371434512344,243.3483318012485,0.4644128371350291,15.599626014787932,24.6197346519356,80.46561465378474,0.2670516069822309,8.970262797364676,27.876313779456915,32.64618107903472,0.1701007473569304,5.713683669843363,25.50228439381176,65.41110246791942,0.2407774239249606,8.087713055488518,32.780882026178055,0.6546677679342523,0.0240879870367205,0.809115423122222,29.850037163991097,13.987302935689929,0.1113414876245276,3.7399602853091807,21.55735316588695,144.7845284511594,0.3582210537995733,12.032644283413326,26.67068460536281,47.87689023227797,0.2059932530325811,6.919312843937465
2024-10-13 12:00:00,62.88999426619102,62.89,lstm_ts168_single,LSTM (Single),44.22832738503774,348.2578107831332,0.2967350704814039,18.66166688115328,32.02443866392015,952.6825226368744,0.4907864273548496,30.865555602270867,44.61701340949951,333.9018293890141,0.2905546592888602,18.272980856691504,54.40979603355287,71.91376206483912,0.1348417714389427,8.480198232638145,53.26163209022885,92.70535819149892,0.1530984743806578,9.628362175962168,70.02652501335737,50.93007110525076,0.1134764095693816,7.136530747166354,61.34074629591071,2.4001692734176454,0.0246342520516521,1.5492479702803053,43.98647795551059,357.34292890816107,0.3005806651956201,18.90351631068043,52.44270875994719,109.1457744489724,0.166119994573766,10.44728550624383
2024-10-14 12:00:00,42.81000012414536,42.81,lstm_ts168_single,LSTM (Single),34.9838746199752,61.24824040702271,0.1828106863227065,7.826125504170164,29.524143643014995,176.51398243719376,0.3103446961598344,13.285856481130368,38.05500202832348,22.610006891269727,0.1110721345954868,4.7549980958218825,29.65544500329555,173.04232042747597,0.3072776239827778,13.15455512084981,23.73380592895112,363.9011849727625,0.445601358090981,19.07619419519424,30.93756229464529,140.95478001534437,0.2773286100226819,11.872437829500072,39.33952408866361,12.04420391285314,0.0810669475687378,3.4704760354817523,33.701024805861394,82.9734313491065,0.2127768113027029,9.108975318283967,38.636433965721565,17.41865447874036,0.0974904495753517,4.173566158423796
2024-10-15 12:00:00,30.540000001482127,30.54,lstm_ts168_single,LSTM (Single),37.37503779079787,46.71774158137422,0.2238060834637862,6.8350377893157415,31.198974443036843,0.4342473146223487,0.0215774211369592,0.6589744415547152,40.89347814871381,107.19450974520402,0.3390136917724041,10.353478147231684,29.190863727760394,1.8201686850717629,0.0441760403947694,1.349136273721733,23.684804277227386,46.993708417840494,0.2244661337237083,6.855195724254742,30.56194758286875,0.0004816963287224,0.0007186503400641,0.0219475813866232,51.4615341158301,437.7105896978259,0.6850535073127909,20.92153411434797,37.35841282062452,46.490753372245344,0.2232617163985426,6.818412819142395,43.28093256800462,162.3313626646735,0.4171883616864495,12.740932566522496
2024-10-16 12:00:00,55.00000117160414,55.0,lstm_ts168_single,LSTM (Single),33.061912178687,481.279748661152,0.3988743368289875,21.938088992917137,29.59076946546595,645.6290558962182,0.4619860211795173,25.40923170613819,34.18842803362491,433.1215764774587,0.3783922308118786,20.81157313797923,39.66052366188683,235.29957027112323,0.27889958514468,15.339477509717312,41.03878109636482,194.9156659892653,0.2538403595970709,13.961220075239318,45.48213422313432,90.58979124877426,0.173052122649477,9.517866948469823,31.578847262246622,548.5504504458129,0.4258391529171382,23.42115390935752,34.02831536007283,439.8116057775836,0.3813033702689946,20.97168581153131,33.852158131062296,447.23126526739406,0.3845062289100501,21.147843040541844
2024-10-17 12:00:00,37.32000352666788,37.32,lstm_ts168_single,LSTM (Single),29.47794538759906,61.49787585653556,0.2101301553593127,7.842058139068822,32.357211866515875,24.629301062074315,0.1329793995492451,4.962791660152007,38.82727299475133,2.271861249416567,0.0403877096904987,1.5072694680834502,29.54554443701345,60.44221413671041,0.2083188198012631,7.774459089654432,28.43546767135808,78.93497736428549,0.2380636392212865,8.884535855309803,34.19189430274766,9.785067316774755,0.083818567211146,3.1281092239202195,43.56857576120503,39.04465497022859,0.1674322519844374,6.24857223453715,35.190278249003384,4.535729758323123,0.0570665883282313,2.129725277664498,38.236991016289934,0.840866056123353,0.0245709379144832,0.916987489622052
2024-10-18 12:00:00,25.300002478191576,25.3,lstm_ts168_single,LSTM (Single),15.393193994716375,98.14485432825622,0.3915734194893775,9.9068084834752,19.31001217673384,35.87998381155776,0.2367584867480178,5.989990301457738,22.951087965517114,5.517399387852704,0.0928424617625713,2.3489145126744617,18.70354508240976,43.51325017436461,0.2607295157962105,6.596457395781815,17.299473811714,64.00845894312944,0.3162263985299596,8.000528666477575,20.538419929255976,22.672668370328044,0.1882048253963631,4.7615825489356,26.49259186207468,1.422269438550679,0.0471379156943208,1.192589383883103,19.52077090258359,33.39951760450438,0.2284281031430587,5.779231575607987,21.41048190836873,15.128370263075036,0.1537359758433061,3.889520569822846
2024-10-19 12:00:00,31.99999654467048,32.0,lstm_ts168_single,LSTM (Single),13.704766876687636,334.71542860423955,0.5717259888588916,18.29522966798284,17.711116760538314,204.1720854853808,0.4465275414697487,14.288879784132163,22.335128455964167,93.40967517209356,0.3020271603846773,9.66486808870631,18.5927704104328,179.7537126145858,0.418975861935542,13.407226134237678,16.674857293195757,234.8598930770912,0.4789106533209012,15.32513925147472,20.064525948634127,142.45545834884828,0.3729834964005386,11.93547059603635,24.187702662292043,61.0319357046475,0.2441342101857055,7.812293882378434,19.895144184844067,146.527450653195,0.3782766770905306,12.10485235982641,22.68652914336756,86.74067503513209,0.2910458877175739,9.313467401302916
2024-10-20 12:00:00,51.42000417512812,51.42,lstm_ts168_single,LSTM (Single),16.413760681710215,1225.4370835204634,0.6807903666089246,35.006243493417905,20.86655586024068,933.5132039304984,0.5941938124086377,30.553448314887444,27.72071789118035,561.656170368515,0.4608962341432699,23.69928628394777,31.55202608136721,394.7365535341634,0.3863861625933329,19.86797809376091,29.60686872631496,475.8128781082693,0.4242149684492671,21.81313544881316,35.936464185830566,239.7400106001765,0.3011189951786692,15.483539989297554,39.19990129894599,149.33091430447482,0.2376527009714441,12.220102876182132,26.98454674218594,597.0915799571292,0.4752130581265417,24.43545743294218,32.22287778035252,368.5296618169901,0.373339650642449,19.1971263947756
2024-10-21 12:00:00,29.189999943866702,29.19,lstm_ts168_single,LSTM (Single),27.470203248329568,2.957700673980446,0.058917324386583,1.7197966955371342,27.733046541163016,2.122713217649849,0.0499127579823725,1.456953402703686,31.80424994430616,6.834303064797709,0.0895597809341125,2.6142500004394584,22.593860876515024,43.50905059584308,0.2259725618374876,6.596139067351679,22.210475258714688,48.71376483064633,0.239106704301948,6.979524685152015,27.39422061538313,3.22482339660891,0.0615203608063348,1.7957793284835724,34.46836832100712,27.86117272479596,0.1808279680469642,5.278368377140417,27.24979730994204,3.764386260688201,0.0664680588439785,1.9402026339246632,28.731738673343617,0.2100033920614321,0.0156992556150851,0.4582612705230851
2024-10-22 12:00:00,23.9400018948918,23.94,lstm_ts168_single,LSTM (Single),10.46691924012975,181.52395622204992,0.5627853629216658,13.473082654762049,14.674561015749624,85.84839468487887,0.3870275750111443,9.265440879142172,17.187196263271478,45.6003838984431,0.2820720591948324,6.752805631620319,14.605066100078687,87.14102629328306,0.3899304534643731,9.33493579481311,13.578816952582352,107.35415340873996,0.4327980000920662,10.361184942309444,16.384636808967553,57.08354158160306,0.315595843270855,7.555365085924244,23.671151870006128,0.0722803358810249,0.0112301588807741,0.2688500248856691,15.847612022795184,65.48677384201183,0.3380279545350966,8.092389872096613,18.765870200500064,26.771638790909066,0.2161291263513126,5.174131694391733
2024-10-23 12:00:00,19.25999780093503,19.26,lstm_ts168_single,LSTM (Single),9.301690828847237,99.16787775033232,0.5170461115838932,9.958306972087792,13.532958579627254,32.79897824239757,0.2973540952860202,5.727039221307775,16.95195642729088,5.3270549824531646,0.1198360143910347,2.308041373644148,13.424629718733051,34.051520654781584,0.3029786473765165,5.835368082201978,11.462440703045388,60.80189669484911,0.4048576317859749,7.797557097889641,13.989306693034331,27.78018475490348,0.2736600056955778,5.2706911079006975,20.883181913324467,2.634726662713489,0.0842774817092988,1.6231841123894384,15.03098000575828,17.884591511921606,0.2195751961597544,4.229017795176748,18.12706024145935,1.2835475136707062,0.0588233483298049,1.1329375594756783
2024-10-24 12:00:00,16.990001135983352,16.99,lstm_ts168_single,LSTM (Single),8.568256525189252,70.92578228943947,0.4956882900353416,8.4217446107941,11.810564688564314,26.826561912852743,0.3048520365575161,5.179436447419038,14.58059029811132,5.805260585655209,0.1418134594923074,2.4094108378720325,11.926925987307534,25.634729961138657,0.2980032260240797,5.063075148675818,10.07582331600786,47.805854926241054,0.4069557008640724,6.914177819975492,12.37644251165647,21.28492318010096,0.2715455159420658,4.613558624326883,17.380494177875946,0.1524848157665308,0.0229836972209238,0.3904930418925936,13.34483047023478,13.287269182433882,0.2145479942334091,3.645170665748571,15.862296418100165,1.2717179307359987,0.0663746110937453,1.1277047178831872
2024-10-25 12:00:00,14.010001268890283,14.01,lstm_ts168_single,LSTM (Single),7.653033983478462,40.41103306779614,0.4537449471562645,6.356967285411821,10.019518948533827,15.923949149077446,0.2848309749419843,3.990482320356456,12.13257736847168,3.5247205018630043,0.1340059764724998,1.877423900418604,9.795482127441309,17.7621715936398,0.3008221812804162,4.214519141448974,8.789515793325052,27.253468600587546,0.3726256247497642,5.220485475565232,10.832954194186852,10.093628114881628,0.2267699348292123,3.177047074703431,14.435682363641716,0.181204394428778,0.0303840868092334,0.4256810947514324,11.036473575231977,8.841866944952889,0.2122432137291188,2.9735276936583066,12.92737214030222,1.17208583006735,0.0772754482893646,1.0826291285880636
2024-10-26 12:00:00,18.599999274953124,18.6,lstm_ts168_single,LSTM (Single),6.838529729392674,138.33216587114595,0.6323370969911014,11.76146954556045,9.069761625917016,90.82542964710528,0.5123783882007773,9.530237649036108,11.209318629838677,54.6221603980693,0.3973484372693919,7.390680645114447,10.66545254776022,62.95703176600762,0.4265885503489032,7.934546727192904,10.21928067935676,70.23644417857467,0.4505762861443705,8.380718595596363,12.492060820357375,37.3069121651295,0.3283838006822256,6.1079384545957485,13.462244345374687,26.396525716407528,0.2762233940781368,5.137754929578437,10.186835939372797,70.78131731115309,0.4523206270717196,8.413163335580327,12.22810834039151,40.600994081948485,0.3425747947819569,6.371890934561614
2024-10-27 12:00:00,30.10000054634932,30.1,lstm_ts168_single,LSTM (Single),11.546861113383429,344.218982819074,0.6163833586779157,18.55313943296589,17.00486721972277,171.4825168421254,0.435054255446344,13.095133326626552,24.851913831436782,27.54241416724148,0.1743550371978,5.248086714912539,20.288093302901984,96.2735237540143,0.3259769789152836,9.811907243447337,18.11370537634682,143.67127190242525,0.3982157791507501,11.9862951700025,24.698623753389427,29.174871259525712,0.1794477307281976,5.401376792959894,37.82198220030476,59.629000664024375,0.2565442363386269,7.721981653955439,24.65066846432337,29.69522014019728,0.1810409296715734,5.449332082025951,32.97737262878237,8.279270100765096,0.0955937551563277,2.877372082433048
2024-10-28 12:00:00,15.439998851115869,15.44,lstm_ts168_single,LSTM (Single),11.991792989359592,11.890123665050346,0.2233294118093195,3.4482058617562767,12.485826945429393,8.727131648347264,0.1913323915482658,2.954171905686476,15.543256916732927,0.0106622281149768,0.0066876990479566,0.1032580656170587,13.337833063414088,4.419100998983847,0.1361506440494232,2.1021657877017805,11.194975485156922,18.020223377537423,0.2749367669578649,4.2450233659589465,14.788572922953549,0.4243557398821401,0.0421908015955092,0.65142592816232,17.659956968127617,4.9282140412863455,0.143779681489504,2.219958117011748,14.188401170755537,1.5664967534833636,0.0810620319618662,1.251597680360332,16.566112864908153,1.2681327720593685,0.0729348508799207,1.126114013792284
2024-10-29 12:00:00,11.939998907227231,11.94,lstm_ts168_single,LSTM (Single),9.92627946903526,4.05506597575219,0.1686532347145422,2.013719438191972,9.474754684196824,6.077429079184794,0.2064693843094244,2.465244223030407,11.661156195125749,0.0777532580921103,0.0233536631173978,0.2788427121014827,9.00756050389374,8.59919498934507,0.2455978787031963,2.9324384033334905,8.250412937743725,13.613044626209543,0.3090105784892673,3.689585969483506,10.25428708235288,2.841624356521216,0.1411819078018505,1.6857118248743514,12.584550623155303,0.4154469145058223,0.0539825607134627,0.6445517159280723,10.340706300025497,2.557736843450121,0.133944116714591,1.5992926072017344,12.129675037293886,0.0359770343170625,0.0158857744913062,0.1896761300666547
2024-10-30 12:00:00,9.200001046564946,9.2,lstm_ts168_single,LSTM (Single),8.075103077726212,1.2653954402975105,0.1222715044427895,1.1248979688387344,7.886154419136957,1.726192960403902,0.1428093997792041,1.3138466274279894,9.68795393067494,0.2380980171112612,0.0530383509349907,0.487952884109994,7.020212409553278,4.751478502045184,0.2369335205484076,2.179788637011668,6.643223115491428,6.53711338882458,0.27791061306761,2.556777931073518,8.162948083605421,1.0754788479831292,0.112723135324722,1.0370529629595246,10.686074848129282,2.2084153436958776,0.1615297426644532,1.486073801564336,9.092677934439788,0.0115182503962292,0.0116655543387388,0.1073231121251581,10.345128388866826,1.3113166300873664,0.1244703491343016,1.1451273423018795
2024-10-31 12:00:00,13.56000151850856,13.56,lstm_ts168_single,LSTM (Single),6.69576461593618,47.11774825463647,0.5062121042688028,6.86423690257238,7.242558160111877,39.91009058655036,0.4658881011018889,6.317443358396683,9.12788457327918,19.64366061618941,0.326852245494207,4.43211694522938,6.09909548175334,55.6651188892905,0.5502142478798064,7.460906036755221,5.62789983814153,62.91823706768147,0.5849631852577748,7.932101680367031,6.963381472282574,43.51539603427053,0.4864763501111714,6.596620046225986,10.536099461043298,9.143983653142648,0.2230016016840281,3.0239020574652624,8.409863603474308,26.523920543873352,0.3798036385176383,5.150137915034252,10.024973945268806,12.496419943565344,0.260695219570194,3.535027573239754
2024-11-01 12:00:00,27.41999940561498,27.42,lstm_ts168_single,LSTM (Single),15.33541577359016,146.0371615594022,0.4407215132743649,12.08458363202482,18.04702086996583,87.85272662973968,0.3418300050630118,9.37297853564915,26.153877649923736,1.60306430023468,0.0461751197351219,1.2661217556912447,19.223754892103884,67.17842412526076,0.2989148319176365,8.196244513511097,19.1211268445872,68.87128578417982,0.3026576491948561,8.298872561027782,26.24369606997644,1.3836895374343638,0.0428994661246295,1.1763033356385435,39.42462520439985,144.11104056885134,0.4378054726115932,12.004625798784872,26.6905686281927,0.532069259050872,0.0266021441733842,0.7294307774222801,33.680681396484005,39.19613899079173,0.2283253875485854,6.260681990869024
2024-11-02 12:00:00,16.440000168068813,16.44,lstm_ts168_single,LSTM (Single),11.147589035756225,28.00961559342622,0.3219228149761194,5.292411132312589,11.715277300095774,22.32300617914738,0.2873918990067776,4.724722867973039,14.02291010190519,5.842324387946872,0.1470249416942406,2.417090066163624,10.776005136502134,32.08083971761204,0.3445252417069788,5.66399503156668,10.484877625343428,35.46348449887606,0.3622337276061553,5.955122542725386,14.11681854346614,5.3971728608915175,0.141312749443577,2.323181624602673,18.30825421763766,3.490373193730396,0.1136407561112761,1.868254049568847,13.61381394634306,7.987328559872493,0.171909135817104,2.826186221725754,15.613203122262036,0.6835933549548152,0.050291790593327,0.8267970458067779
2024-11-03 12:00:00,26.590001638820144,26.59,lstm_ts168_single,LSTM (Single),11.41837548228474,230.17824023366927,0.5705763528192322,15.171626156535403,13.089276095022484,182.26959020895063,0.5077369203350195,13.50072554379766,18.003689931594725,73.7247487336363,0.3229150499445555,8.58631170722542,14.373158121027416,149.2512655382342,0.4594525297041243,12.216843517792729,13.870663194481802,161.78157046162332,0.4783504197220022,12.719338444338344,18.16967600302798,70.9018838127787,0.3166726256796798,8.420325635792164,24.33024857337512,5.106483916788188,0.0849850667984124,2.2597530654450253,17.055268038656305,90.91114482609328,0.3585834152880826,9.53473360016384,20.926986041679328,32.06974565346016,0.2129753760102474,5.6630155971408165
2024-11-04 12:00:00,14.059999351265388,14.06,lstm_ts168_single,LSTM (Single),10.47362308973733,12.862094689251965,0.2550765595309424,3.586376261528057,10.020046034700526,16.321222800023428,0.2873366645071196,4.039953316564862,12.47370918847135,2.5163164805771348,0.1128229186334402,1.5862901627940378,10.225734326741575,14.701588278286591,0.2727073400738622,3.834265024523813,9.854699708944976,17.684545081700186,0.2990967166681937,4.205299642320412,13.254783730268962,0.6483721962966604,0.0572699614615528,0.8052156209964263,14.607100951662884,0.2993201611575021,0.0389119221650787,0.5471016003974967,11.70113588432879,5.564236855648144,0.1677712358304128,2.3588634669365973,13.049535055855706,1.021038092297784,0.0718680186367676,1.0104642954096814
2024-11-05 12:00:00,16.200001030282596,16.2,lstm_ts168_single,LSTM (Single),18.13815462447224,3.756439354670232,0.1196391031436763,1.938153594189643,17.907381274366703,2.9151472978887027,0.1053938355246093,1.7073802440841064,27.18425015923228,120.65372892683192,0.678040026566472,10.984249128949685,15.07585534478396,1.2637035222251982,0.069391704568245,1.124145685498636,12.126065226158778,16.596952936121987,0.2514775027796866,4.073935804123819,17.22357816119809,1.047710142933196,0.0631837694949603,1.0235771309154948,34.88702398839488,349.20482703701555,1.1535198623247436,18.687022958112284,25.03061012818982,77.97965704004184,0.5450992923642537,8.830609097907224,32.082927969945175,252.26736817065927,0.9804275265151334,15.882926939662578
2024-11-06 12:00:00,15.82999954062801,15.83,lstm_ts168_single,LSTM (Single),7.409453482954326,70.90559590940383,0.5319359634889556,8.420546057673684,6.373605408018783,89.42338999124624,0.5973717250173762,9.456394132609228,7.089242132101563,76.40084007470999,0.5521640974210467,8.740757408526449,6.872962036650508,80.22852084765954,0.5658267696716659,8.957037503977503,7.339985096722429,72.08034525772543,0.5363243645153489,8.490014443905583,9.123105590044297,44.98242646437642,0.4236825107524695,6.706893950583714,7.853164172202769,63.629902494959865,0.5039062286737618,7.976835368425242,6.942598513662646,78.985897014105,0.561427750149687,8.887401026965364,7.164080737078068,75.09814870972046,0.5474364532550168,8.665918803549943
2024-11-07 12:00:00,11.510000658917964,11.51,lstm_ts168_single,LSTM (Single),7.164533652944447,18.883083500004435,0.377538380295977,4.345467005973516,7.410564744590523,16.805374815677656,0.3561629608727426,4.09943591432744,9.540356847864562,3.8794967424209688,0.1711245611030716,1.9696438110534016,7.078999770811361,19.6337688704015,0.384969646780468,4.4310008881066025,6.790610350954652,22.27264487889804,0.4100251987654511,4.719390307963312,8.703021077597521,7.879134369949887,0.2438731034429256,2.8069795813204426,10.791493306021538,0.5162528161662288,0.0624246144017138,0.7185073528964256,8.711507935038417,7.831561525606761,0.2431357570523916,2.798492723879546,10.142293609329892,1.870622573492908,0.1188277125360866,1.3677070495880717
2024-11-08 12:00:00,9.100001073542073,9.1,lstm_ts168_single,LSTM (Single),6.455904636295455,6.991245969460257,0.2905600137712328,2.644096437246618,6.443518634203164,7.056898950516,0.2919211127416827,2.656482439338909,8.185307183775405,0.836664911976476,0.1005158002042556,0.9146938897666672,6.120018260330443,8.880297567036695,0.3274706001822156,2.9799828132116293,5.698373480632892,11.571070280841107,0.3738051858916029,3.401627592909181,7.246391727811726,3.4358676065788853,0.2036933106656052,1.853609345730347,9.23668646689932,0.0186828967572253,0.0150203711244227,0.1366853933572471,8.212639103456572,0.7874112659540202,0.0975122929013133,0.8873619700855002,9.44790809797876,0.1210392976523892,0.0382315366366509,0.3479070244366866
2024-11-09 12:00:00,8.500000760901075,8.5,lstm_ts168_single,LSTM (Single),6.074650086028106,5.88232589610677,0.285335347971882,2.42535067487297,5.760308859644948,7.505911713808413,0.3223166654123564,2.739691901256127,6.91964768566572,2.497515842405845,0.1859238745606681,1.5803530752353554,5.070508542539491,11.761416875802665,0.4034696366307181,3.429492218361585,5.1655374087271895,11.11864584699071,0.3922897710211973,3.334463352173886,6.426738315002934,4.298417169571543,0.2439132070946258,2.073262445898141,7.28014224969881,1.4880547873526082,0.1435127531768538,1.2198585112022655,7.339930451828459,1.345763121991836,0.1364788476736134,1.1600703090726163,7.971137806625572,0.279696024405013,0.0622191655215145,0.5288629542755032
2024-11-10 12:00:00,7.649999377793632,7.65,lstm_ts168_single,LSTM (Single),5.226413002538418,5.873770918322706,0.316808702271321,2.423586375255214,5.416669782211609,4.987761082502563,0.2919385329709852,2.233329595582023,6.580298761054011,1.144259409453126,0.1398301573520046,1.0697006167396212,4.7397532965415605,8.46953225344304,0.3804243552881736,2.910246081252072,4.517358240665079,9.813440494030075,0.4094956067868402,3.1326411371285534,5.729122945148356,3.689766269492041,0.2510949789383229,1.920876432645276,7.188819203173811,0.2126871534623689,0.0602849950496116,0.4611801746198214,6.641100862854243,1.017876213446905,0.1318821695421326,1.0088985149393892,7.362399606835932,0.0827136282549217,0.0375947443593973,0.2875997709577005
2024-11-11 12:00:00,6.269999807897552,6.27,lstm_ts168_single,LSTM (Single),5.602857933026098,0.4450782812069981,0.1064022161581466,0.6671418748714535,5.762709323034173,0.2573436360329222,0.0809075758223161,0.507290484863379,7.131859970302591,0.7428029395408399,0.137457765360608,0.8618601624050388,4.962479116940954,1.7096103572796193,0.2085360017570772,1.307520690956598,4.275018172988168,3.9799517236257183,0.3181788988887287,1.994981634909384,5.459334154215977,0.657178802058975,0.1292927716936256,0.8106656536815748,6.897419451745479,0.3936554094862603,0.1000669319092552,0.6274196438479276,6.428724773367817,0.0251936146635367,0.0253149872939929,0.1587249654702649,7.175839720094761,0.8205459465294468,0.1444720797369456,0.9058399121972088
2024-11-12 12:00:00,4.949999797092046,4.95,lstm_ts168_single,LSTM (Single),5.2455050916143335,0.087323379090704,0.0596980417445445,0.2955052945222878,4.857162675564656,0.0086187311334912,0.0187549748147318,0.0928371215273893,5.104442327133627,0.0238524950856448,0.0312005123984674,0.1544425300415817,3.626377661252216,1.751975558485193,0.2673984222418377,1.32362213583983,3.99230124615274,0.9171865144712464,0.1934744626660229,0.957698550939306,4.787363187632302,0.0264506667365612,0.0328558820457502,0.162636609459744,6.361296637171641,1.9917587708186508,0.2851104844304607,1.411296840079595,6.015487227374186,1.1352634640892396,0.2152499947390054,1.0654874302821409,5.971350733476192,1.0431577352527723,0.2063335309597698,1.0213509363841462
2024-11-13 12:00:00,4.000000129156581,4.0,lstm_ts168_single,LSTM (Single),2.7172509124045763,1.6454455530778826,0.3206872938332826,1.2827492167520052,4.031616193867244,0.0009995755477887,0.0079040159224516,0.0316160647106622,4.576133237545131,0.3319293585814518,0.144033272446426,0.5761331083885493,2.722648077474283,1.6316282639369772,0.3193380026094234,1.2773520516822985,3.257913156668345,0.5506930747367569,0.1855217371317208,0.7420869724882366,4.08620860547478,0.0074319013891053,0.02155211838365,0.0862084763181982,5.121152069455942,1.2569816732370205,0.2802879760245809,1.1211519402993604,3.971826263823752,0.0007937666877924,0.0070434661057799,0.0281738653328296,4.483622320804417,0.233890424254256,0.1209055440080222,0.4836221916478358
2024-11-14 12:00:00,3.390000101864622,3.39,lstm_ts168_single,LSTM (Single),2.487731272714262,0.814089040056362,0.2661559888019117,0.9022688291503602,4.192346966837956,0.6437604917325372,0.2366804840306683,0.8023468649733339,4.876398131308276,2.209379101933978,0.4384654822358506,1.486398029443654,2.580889780476539,0.6546595121767274,0.2386756038570746,0.8091103213880833,2.946084741465364,0.1970608471984031,0.130948479958773,0.443915360399258,3.683114761203194,0.085916203519167,0.0864644986816809,0.2931146593385718,3.9708962976057207,0.3374403902264806,0.171355804804131,0.5808961957410985,3.7418513775171673,0.1237993201783233,0.103790933651894,0.3518512756525451,4.052607206493127,0.4390481751041699,0.1954593170259926,0.6626071046285045
2024-11-15 12:00:00,2.949999905163767,2.95,lstm_ts168_single,LSTM (Single),1.5704969397863735,1.9030284314850223,0.4676281388899948,1.3795029653773936,2.841012922305296,0.0118781624325927,0.0369447411397191,0.1089869828584713,3.051590002203945,0.0103205478166327,0.0344373221376555,0.1015900970401779,1.7467242999754422,1.4478721820413294,0.4078900487698578,1.2032756051883249,2.075922679585381,0.7640109962748086,0.2962973741281738,0.874077225578386,2.355926626006566,0.3529230610085899,0.2013807790696256,0.5940732791572012,3.451755422466899,0.2517585991441337,0.1700866215028835,0.5017555173031321,2.285238104693631,0.4419082513642967,0.2253429904545139,0.6647618004701359,2.73042364570071,0.0482137337197878,0.0744326327193111,0.2195762594630572
2024-11-16 12:00:00,7.210000773698185,7.21,lstm_ts168_single,LSTM (Single),2.317626802935417,23.935323069797047,0.6785538759732129,4.892373970762767,5.118663275049649,4.373692533253515,0.2900606482980775,2.091337498648536,6.572719157801018,0.406127857960504,0.0883885641485568,0.6372816158971668,4.809461977932708,5.762586509975165,0.3329457057095684,2.4005387957654767,4.828969792995091,5.669308531067937,0.330240045103602,2.381030980703094,5.461665851009887,3.056675001891494,0.2424874805930892,1.7483349226882972,6.954857625251888,0.0650980261990888,0.0353873954323346,0.2551431484462965,4.638889371022692,6.610613844967937,0.3566034849891849,2.571111402675492,6.04029709954665,1.3682066853236,0.1622335018906752,1.1697036741515348
2024-11-17 12:00:00,17.500000576930233,17.5,lstm_ts168_single,LSTM (Single),6.33541564722201,124.64795665266796,0.6379762606651674,11.164584929708225,12.165827794276412,28.453399275204813,0.3048098632457026,5.334172782653821,13.936636357132524,12.697564562934534,0.203620805847012,3.563364219797709,16.35674813005663,1.3070261572824813,0.0653287090961997,1.1432524468736034,15.45869132885054,4.166943446295685,0.1166462389018829,2.0413092480796937,17.477916217943836,0.00048771891184,0.0012619633290475,0.0220843589863974,17.797851333957446,0.0887150734616838,0.0170200426975906,0.2978507570272128,11.38402094639729,37.40520684109387,0.3494845387945569,6.115979630532943,14.181211102675896,11.014363574421385,0.1896451065624195,3.318789474254338
2024-11-18 12:00:00,9.179999973832798,9.18,lstm_ts168_single,LSTM (Single),4.868430805786002,18.589628690851736,0.4696698453525862,4.311569168046796,9.551702980225134,0.1381631249611007,0.0404905236875663,0.3717030063923356,9.276443621619835,0.00930137719847,0.0105058440154624,0.0964436477870371,8.328143188688157,0.7256599823969624,0.0927948570340765,0.8518567851446406,8.532038578982215,0.419853969216713,0.0705840301413474,0.6479613948505829,9.332274718464074,0.0231875978525203,0.0165876628611469,0.152274744631276,10.564767221129957,1.9175803291869504,0.1508461058000413,1.3847672472971588,8.258981147170571,0.848275679066265,0.1003288485062692,0.9210188266622268,8.451290165841092,0.5310179842633087,0.0793801536022725,0.7287098079917058
2024-11-19 12:00:00,7.29000045326217,7.29,lstm_ts168_single,LSTM (Single),2.51188095141026,22.83042597397754,0.655434733164354,4.77811950185191,6.030234274994157,1.5870108239079943,0.1728074211167278,1.2597661782680127,6.593043374816789,0.4857491691951211,0.0956045315653585,0.6969570784453811,3.907757872099735,11.439564877828332,0.4639564294744221,3.3822425811624357,4.269747667112451,9.121926892245138,0.4143007679510087,3.020252786149719,4.751619552463354,6.443377597540209,0.3482003762651245,2.538380900798816,8.207256309673348,0.8413583061206026,0.1258238407928656,0.9172558564111776,4.731513686556963,6.545854535405665,0.350958382390816,2.558486766705207,5.810480003724692,2.188980760599582,0.2029520380722904,1.4795204495374783
2024-11-20 12:00:00,6.750000144560341,6.75,lstm_ts168_single,LSTM (Single),2.4663260261827613,18.34986395245793,0.6346183743165824,4.283674118377579,6.064253493945701,0.4702484688291964,0.1015920942116224,0.6857466506146395,7.189797563949076,0.1934217701009915,0.0651551718473899,0.4397974193887357,5.020287960892066,2.991904238330471,0.2562536513517273,1.7297121836682745,5.043035289462994,2.9137290165375065,0.2528836768207995,1.7069648550973469,5.533364239149809,1.480202926334104,0.180242352496983,1.2166359054105316,7.88240560564034,1.282342128283806,0.1677637684189647,1.1324054610799994,5.233227035938509,2.3006006630383333,0.2247071223908286,1.5167731086218312,6.351794535534729,0.1585677070594579,0.0589934222959262,0.3982056090256112
2024-11-21 12:00:00,5.3399998177489065,5.34,lstm_ts168_single,LSTM (Single),2.354407189198013,8.913763343657434,0.5590997622560743,2.9855926285508936,5.27603336463335,0.0040917071241846,0.011978736947321,0.0639664531155563,6.049251101125641,0.5030373829715451,0.1328185969256684,0.7092512833767346,3.5877434686459573,3.0704023129715967,0.3281379042895957,1.7522563491029493,3.4370282538543315,3.621300772991365,0.3563617282475448,1.902971563894575,3.9205610422926407,2.0148064372687835,0.2658125138391174,1.4194387754562658,6.493476117637777,1.3305075744053196,0.2160068051041848,1.1534762998888706,4.4207658876259535,0.8449910182892901,0.172141191291362,0.9192339301229532,5.358233324782074,0.0003324607787285,0.0034145145422222,0.0182335070331678
2024-11-22 12:00:00,4.610000249309473,4.61,lstm_ts168_single,LSTM (Single),2.074744568340106,6.427521367887448,0.5499469726382596,2.535255680969367,4.3126397295262935,0.0884232787257226,0.0645033630589761,0.2973605197831794,4.846719333204747,0.0560359246802176,0.0513490392827487,0.2367190838952737,4.798995396324344,0.0357191655951726,0.0409967758772204,0.1889951470148707,5.140785058058617,0.2817325131988651,0.1151376963219577,0.5307848087491438,5.53534511221886,0.8562631153127931,0.2007255559363568,0.9253448629093874,5.118263718694591,0.2583317543113966,0.1102523735136999,0.5082634693851178,3.618224633595133,0.9836188719255584,0.2151356967633347,0.99177561571434,4.321994851343439,0.0829471092575733,0.0624740525793189,0.2880053979660335
2024-11-23 12:00:00,4.869999816604711,4.87,lstm_ts168_single,LSTM (Single),2.714787704199659,4.644939249457447,0.4425487050444353,2.155212112405052,5.185990276952818,0.0998499710310088,0.0648851072377269,0.3159904603481074,5.877868412636113,1.01579910686631,0.206954544966302,1.0078685960314022,5.508864315861522,0.4081478484106557,0.1311836803522135,0.6388644992568109,6.422647836163076,2.4107158726385136,0.3188189071926593,1.5526480195583652,6.93440449985581,4.261766696229071,0.4239024149882556,2.064404683251099,6.5129501501569855,2.69928579851953,0.3373614774995442,1.6429503335522746,5.0979415476100405,0.051957432733706,0.046805285336591,0.2279417310053295,5.826065455344342,0.914061505578618,0.1963173870109475,0.9560656387396308
2024-11-24 12:00:00,28.19999885133809,28.2,lstm_ts168_single,LSTM (Single),7.0072859368178655,449.13108067727234,0.7515146729700888,21.192712914520225,13.55966444335622,214.33939157753784,0.5191608157561037,14.64033440798187,15.832679391874011,152.9505906124389,0.4385574455041954,12.36731945946408,19.572956680302948,74.42585662081875,0.3059234937034683,8.627042171035143,26.63791230962069,2.440114363814634,0.0553931420335246,1.5620865417174024,30.16313220694159,3.853892571883056,0.0696146608357166,1.9631333556035,20.135854808731025,65.03041913991503,0.2859625663504033,8.064144042607065,15.084670527885985,172.01183703194502,0.4650825836054877,13.115328323452106,17.09547604876802,123.31042667279864,0.3937774203860707,11.10452280257007
2024-11-25 12:00:00,13.370001090066214,13.37,lstm_ts168_single,LSTM (Single),9.428885384972958,15.532393000932718,0.2947730279559564,3.9411157050932566,15.256499245024516,3.558875288661077,0.1410993269372245,1.8864981549583015,14.696873599820718,1.7605906571422143,0.099242513206701,1.326872509754503,14.176463810015528,0.650382118668046,0.0603188223035006,0.8064627199493142,16.118066637163476,7.551864251142975,0.2055396651492458,2.748065547097262,15.768063077909252,5.750701297537702,0.1793613906003923,2.398061987843038,15.949757557429807,6.6551434309042845,0.1929511037422673,2.579756467363593,14.207284662832636,0.7010437812245044,0.0626240467092045,0.8372835727664221,13.049271167148214,0.1028676834549861,0.0239887731315369,0.3207299229179998
2024-11-26 12:00:00,8.279999620976621,8.28,lstm_ts168_single,LSTM (Single),6.095996739236408,4.769868587449558,0.2637684760524919,2.1840028817402137,8.688898436382011,0.1671982412399312,0.0493839171646194,0.4088988154053901,8.143107264299147,0.0187395173167129,0.0165328940753415,0.1368923566774746,6.273281760465326,4.02691657169503,0.242357240624439,2.006717860511295,7.279223617002455,1.0015526101305,0.1208666726794034,1.000776003974166,7.064779829282676,1.476759142124676,0.1467656820436678,1.2152197916939451,9.937097438566724,2.745973177061881,0.200132595826695,1.6570978175901026,7.880785878135162,0.1593716124734866,0.0482142223569778,0.399213742841459,8.146518621282988,0.0178171772792117,0.0161208944207523,0.1334809996936332
2024-11-27 12:00:00,5.989999887401088,5.99,lstm_ts168_single,LSTM (Single),3.701869312188278,5.235541529223703,0.381991755964051,2.2881305752128096,5.800529549806084,0.0358990088283646,0.0316311087072841,0.1894703375950035,5.821078137388811,0.0285345576272099,0.0282006265755653,0.1689217500122763,4.105181259989291,3.552541258238488,0.3146608786047193,1.8848186274117964,4.453903075490425,2.3595934155621023,0.2564435460410563,1.5360968119106628,4.435128756442062,2.4176242338898013,0.2595778230696505,1.5548711309590262,6.7477264079903785,0.5741494800043527,0.1264985867834547,0.7577265205892907,4.9370214171771165,1.1087636587552148,0.1757893973318307,1.0529784702239713,5.407883175918355,0.3388598657874707,0.0971814227755016,0.5821167114827324
2024-11-28 12:00:00,5.21999968706841,5.22,lstm_ts168_single,LSTM (Single),6.010444958177645,0.6248037266189529,0.1514263062251552,0.7904452711092356,8.201255670815051,8.887887240625155,0.5711218702047349,2.981255983746641,7.349754066699235,4.535853717556683,0.4079989477598822,2.1297543796308256,6.280468632801712,1.1245943848647022,0.2031549826258456,1.0604689457333023,8.818058042103615,12.94602392623865,0.6892832510984118,3.5980583550352057,7.999442067669055,7.725299947078985,0.5324602580889427,2.7794423806006456,7.377453527235888,4.654607072453398,0.4133053581424868,2.157453840167478,6.600564469947087,1.9059591197248489,0.264476027900686,1.3805647828786771,6.480165867382525,1.588018802007468,0.2414111601263014,1.2601661803141155
2024-11-29 12:00:00,4.010000004361455,4.01,lstm_ts168_single,LSTM (Single),3.1552270150230406,0.7306368633025291,0.2131603462365898,0.8547729893384144,3.9424557017407937,0.0045622328165114,0.016843965722493,0.0675443026206612,3.75149321658984,0.0668257593239989,0.0644655330400128,0.2585067877716152,2.903627873680064,1.224059291548481,0.2759032741840527,1.106372130681391,3.2698989626136914,0.5477495519961249,0.1845638506091762,0.7401010417477636,2.986431927060511,1.0476916088695511,0.2552538843360762,1.023568077300944,5.517696149178486,2.273147665096139,0.3759840756052852,1.5076961448170314,3.2550912180474323,0.5698872756541108,0.1882565549857731,0.7549087863140227,3.5616041433611687,0.201058848162188,0.111819416586681,0.4483958610002863
2024-11-30 12:00:00,5.930000175850253,5.93,lstm_ts168_single,LSTM (Single),3.2746469899353285,7.050900541948541,0.4477829860324069,2.6553531859149246,4.34233590537166,2.5206778357543245,0.267734270387429,1.5876642704785937,4.73997268008941,1.4161654406668227,0.2006791670272108,1.1900274957608428,4.391211266359413,2.3678713079720093,0.2594922198750535,1.5387889094908402,4.8883912688575375,1.0849491151265598,0.1756507379602848,1.0416089069927157,4.539387764579445,1.933802878380412,0.2345046155199177,1.3906124112708085,5.610501175691429,0.1020796111024885,0.0538784132688519,0.3194990001588245,3.69846067286286,4.979768553393222,0.3763135643866033,2.231539502987393,4.548984011774277,1.9072056454391249,0.2328863614035161,1.3810161640759766
2024-12-01 12:00:00,5.160000025146485,5.16,lstm_ts168_single,LSTM (Single),3.075114735877164,4.34674666941162,0.4040475347110359,2.084885289269321,4.7380881354223,0.1780096426906325,0.0817658697031124,0.4219118897241847,5.26661260898493,0.0113662430327095,0.020661353356373,0.1066125838384453,4.912325768090701,0.0613425376081344,0.0479988867923993,0.2476742570557837,4.988307548953909,0.0294783063811383,0.0332737355340811,0.1716924761925762,5.044425895517692,0.0133573794394529,0.0223980870282092,0.1155741296287926,7.051003401693904,3.575893770113738,0.3664735208007553,1.8910033765474183,4.032470138782348,1.2713236446443232,0.2185135428041258,1.1275298863641368,5.02045692364148,0.0194722771776361,0.027043236593985,0.139543101505005
2024-12-02 12:00:00,4.100000246444422,4.1,lstm_ts168_single,LSTM (Single),3.733432305563664,0.1343720552815589,0.0894068094748655,0.366567940880758,5.5796097064331285,2.189244154088072,0.3608803344028686,1.4796094599887066,5.744206991090048,2.7034158191381685,0.401026011174391,1.6442067446456266,4.116192612878799,0.0002621927307451,0.0039493574295317,0.0161923664343772,3.521599562748156,0.3345473509003075,0.1410733290072026,0.5784006836962656,3.6833479700072376,0.1735991194602878,0.1016225003397282,0.4166522764371843,5.316020842466604,1.4787060899501432,0.2965903714461316,1.2160205960221822,4.350476433441896,0.0627383202527937,0.0610917492540862,0.2504761869974743,4.949686622121731,0.721966937011641,0.207240566976592,0.849686375677309
2024-12-03 12:00:00,3.279999914699248,3.28,lstm_ts168_single,LSTM (Single),2.6565811401993065,0.388650968399009,0.1900667044856019,0.6234187744999415,3.9437900965919255,0.4406174055771138,0.2023750607181165,0.6637901818926775,3.7908628242463913,0.2609809123509727,0.1557508911075644,0.5108629095471433,2.702737109659956,0.3332323460818319,0.1759947622109078,0.5772628050392923,2.4937267534906264,0.618225484036999,0.2397174334319204,0.7862731612086216,2.398458974186461,0.777114429800169,0.2687624888531797,0.881540940512787,3.736443717273514,0.2083409449084554,0.139159699525821,0.4564438025742658,2.740935217414498,0.2905907478586993,0.1643489973487326,0.5390646972847501,3.081029709306479,0.0395891426340407,0.060661649563187,0.1989702053927691
2024-12-04 12:00:00,2.8899998511543923,2.89,lstm_ts168_single,LSTM (Single),2.203810561615044,0.4708557410785154,0.2374357525538467,0.6861892895393482,2.932109251296983,0.0017732015803688,0.0145707274433838,0.0421094001425905,2.6696270399382844,0.0485641759232903,0.0762535718221858,0.2203728112161078,1.6515837824077804,1.533674359329813,0.4285176929168126,1.238416068746612,2.093721080086264,0.634059881253769,0.275529000719519,0.7962787710681285,1.857969844692413,1.0650859342379129,0.3571038268565105,1.0320300064619792,3.335039495449906,0.1980602849946774,0.1539929644348409,0.4450396442955138,2.423601505132925,0.2175274171715603,0.1613835190459153,0.4663983460214673,2.623445347399167,0.0710513034721944,0.0922333970532046,0.2665545037552252
2024-12-05 12:00:00,3.02000017470263,3.02,lstm_ts168_single,LSTM (Single),2.0747905693476825,0.893421198055256,0.3129832949258089,0.9452096053549476,2.567014342512048,0.2051961641653943,0.1499952999953671,0.4529858321905822,2.579688304390873,0.1938745431374377,0.1457986241193225,0.4403118703117572,2.143945685878501,0.767471467388906,0.2900842510416051,0.8760544888241291,2.580484681983183,0.1931738683404184,0.1455349229450706,0.4395154927194471,2.3178452738504665,0.4930215047907118,0.232501609348848,0.7021549008521637,3.0178580062144804,4.5888858316217546e-06,0.0007093272729233,0.0021421684881497,2.0796418267735914,0.884273822519831,0.3113769183876397,0.9403583479290388,2.4533643631089515,0.3210761429804269,0.1876277413293439,0.5666358115936787
2024-12-06 12:00:00,2.979999893349521,2.98,lstm_ts168_single,LSTM (Single),5.038544900505638,4.237607546487379,0.6907869398754615,2.058545007156117,5.6514312761091325,7.136545632792931,0.8964535162304728,2.671431382759612,4.957558677477402,3.910738744681343,0.6636103539940413,1.977558784127881,4.472383076111704,2.2272075641913847,0.5007997436821194,1.4923831827621834,4.4157992203279175,2.061519707351617,0.4818118719341824,1.4357993269783966,3.729780747780761,0.5621713296716407,0.2516043225721348,0.7497808544312403,4.192242069242653,1.469531093014115,0.4067926910328078,1.212242175893132,4.878198432131252,3.603157692633099,0.6369793982268084,1.898198538781731,5.0140836740789,4.137496827026324,0.6825784743378188,2.034083780729379
2024-12-07 12:00:00,5.139999845008191,5.14,lstm_ts168_single,LSTM (Single),3.2692648611686,3.4996493797613155,0.3639562335116393,1.8707349838395912,4.279857463931346,0.7398449157245451,0.1673428807419496,0.8601423810768454,4.164897773320525,0.9508240502095784,0.1897085799787825,0.9751020716876662,4.237542350255506,0.8144295298352927,0.1755753933784889,0.9024574947526852,4.834356142771664,0.0934180727168505,0.0594637570920081,0.3056437022365266,4.004974613823864,1.2882822754250338,0.2208220360719714,1.1350252311843263,5.3045879205293085,0.027089234603745,0.0320210273315397,0.1645880755211175,3.735591392728823,1.9723631008337292,0.2732312246357917,1.4044084522793678,4.489679814046939,0.4229161426694438,0.1265214106169327,0.650320030961252
2024-12-08 12:00:00,3.629999948902949,3.63,lstm_ts168_single,LSTM (Single),2.957693645259192,0.4519957659191311,0.1852083507182802,0.6723063036437567,4.467871857340883,0.7020293349494264,0.2308187108077382,0.8378719084379345,4.29781773112026,0.4459805902456475,0.1839718434208621,0.6678177822173108,3.2683082922127547,0.1308208545192973,0.0996395762483423,0.3616916566901942,3.7274854350822753,0.0095034200156196,0.0268555062125519,0.0974854861793264,3.311247596168396,0.1016030623738129,0.0878105667276622,0.318752352734553,4.208602164659437,0.3347805240783178,0.159394552038865,0.5786022157564883,3.571008759513442,0.0034799604255886,0.0162510165895002,0.0589911893895069,4.019382361642544,0.1516186633509081,0.1072678838073463,0.3893824127395948
2024-12-09 12:00:00,3.17000006339793,3.17,lstm_ts168_single,LSTM (Single),3.38073874707494,0.0444107927979189,0.0664790786947552,0.2107386836770102,4.212220956583111,1.086224390191716,0.3287763004231684,1.0422208931851809,3.689961405259273,0.2703597970302485,0.1640256566127621,0.5199613418613431,3.136403668246204,0.0011287177671909,0.010598231697104,0.0335963951517257,3.4756916911186377,0.0934473712585358,0.0964326882041246,0.3056916277207078,3.040867827632116,0.0166751343138777,0.0407357202470831,0.1291322357658137,2.8185802234696165,0.1234959038952414,0.1108579914511502,0.3514198399283135,3.3187539845536134,0.0221277290591912,0.0469255262399691,0.1487539211556834,3.506154146833019,0.1129995678100848,0.1060422954928161,0.3361540834350891
2024-12-10 12:00:00,2.6999998642372693,2.7,lstm_ts168_single,LSTM (Single),2.8284470840134395,0.0164986882682277,0.0475730467536358,0.1284472197761701,3.511880736391059,0.659150550569198,0.3006966344359947,0.8118808721537896,3.2310985735447475,0.2820658390280692,0.1967032355601654,0.5310987093074782,2.2553522255601823,0.1977115225811093,0.1646843189018814,0.444647638677087,2.4094496675891235,0.0844194167722762,0.1076111893547165,0.2905501966481458,2.131709992841932,0.322953377930529,0.2104777407297667,0.5682898713953373,3.684908619841761,0.9700452568663884,0.3647810389363561,0.9849087556044918,2.574084662404585,0.0158546380525656,0.0466352622829684,0.1259152018326843,2.806855115168586,0.0114180446515946,0.0395760208534315,0.1068552509313165
2024-12-11 12:00:00,2.1999999936003456,2.2,lstm_ts168_single,LSTM (Single),2.383432169680729,0.0336473632215847,0.0833782620972615,0.1834321760803834,2.694702510803612,0.2447305805272479,0.2248647812010559,0.4947025172032662,2.4305980972412007,0.0531754854027585,0.1048173201416589,0.2305981036408551,1.660105032552447,0.291486568964912,0.2454068011901897,0.5398949610478987,1.9243461246288525,0.0759850554789531,0.1252972135333418,0.2756538689714931,1.6653234482347488,0.2858790081640891,0.2430347940549707,0.5346765453655968,2.0663731198909936,0.0178561413773351,0.0607394882263926,0.133626873709352,1.9154807765847968,0.0809511848511407,0.1293269172014527,0.2845192170155484,2.109379927733076,0.0082119963377883,0.0411909391503988,0.0906200658672697
2024-12-12 12:00:00,1.840000060288837,1.84,lstm_ts168_single,LSTM (Single),2.4480164542440592,0.3696839353183118,0.3304436815397591,0.6080163939552221,2.365491358777828,0.2761411047876456,0.2855930876472368,0.5254912984889908,2.0676515357830425,0.0518251942946888,0.1237236239320934,0.2276514754942054,1.1400552274656737,0.4899227689958462,0.3804047879831528,0.6999448328231634,1.7491294554556194,0.0082574668227548,0.0493861966607507,0.0908706048332177,1.499372772959246,0.1160269488735157,0.1851235196569072,0.340627287329591,1.7354585306769803,0.0109289314135867,0.0568160468404801,0.1045415296118568,1.865193278134816,0.0006346982254349,0.0136919657720142,0.0251932178459788,1.970220389127978,0.0169573340429739,0.0707719155284697,0.1302203288391408
2024-12-13 12:00:00,2.020000051812779,2.02,lstm_ts168_single,LSTM (Single),2.424799212133766,0.163862360196576,0.2003956187811549,0.4047991603209868,2.250448326034548,0.0531064070917915,0.1140833011439584,0.2304482742217688,1.9906358426809567,0.0008622567779373,0.0145367368211057,0.0293642091318222,0.956009595550032,1.1320756910182088,0.5267279351344104,1.0639904562627471,1.5598466253961514,0.2117411758429627,0.2277987201058132,0.4601534264166276,1.3262812362942833,0.4812457950043846,0.3434251473884576,0.6937188155184957,1.8026750915165584,0.0472301383677538,0.1075866112484452,0.2173249602962206,1.771022752239856,0.061989695702625,0.1232560857359814,0.2489772995729229,1.972206441497446,0.0022842291869738,0.0236602025195208,0.0477936103153329
2024-12-14 12:00:00,3.7299997514572905,3.73,lstm_ts168_single,LSTM (Single),2.699312637303845,1.0623159272819571,0.2763236415098316,1.0306871141534453,3.146652490112997,0.3402940273178876,0.1563933780736535,0.5833472613442936,3.140002180261124,0.3480971340173752,0.1581763030857193,0.5899975711961662,2.3244365904393214,1.9756077996108248,0.3768266098325672,1.405563161017969,3.8095257336414825,0.0063243818423604,0.0213206400759468,0.079525982184192,3.359786269922597,0.1370580219100389,0.0992529507247428,0.3702134815346936,3.386203449737983,0.1181958970758731,0.0921705964149161,0.3437963017193075,2.6619665970395143,1.1406948189355852,0.2863359854113935,1.068033154417776,3.1274217426780546,0.3631002566643488,0.1615490747804505,0.6025780087792358
2024-12-15 12:00:00,6.19999974347906,6.2,lstm_ts168_single,LSTM (Single),4.348945233826695,3.426402797704355,0.2985571913287961,1.8510545096523645,5.014482994893638,1.4054499611765503,0.1912123867153876,1.185516748585422,4.520708018585167,2.820020697297105,0.2708535152215308,1.6792917248938926,5.320867352481087,0.7728737609018127,0.141795552801855,0.8791323909979729,8.957919765274115,7.606122846618037,0.4448258283713217,2.757920021795055,7.242435745801848,1.0866728189387167,0.1681348460407899,1.0424360023227883,4.443228785536352,3.086244198670939,0.2833501662303159,1.7567709579427078,4.470544568172662,2.9910152033940824,0.2789443946550767,1.7294551753063976,4.571646009380439,2.651535883352921,0.2626377099146279,1.6283537340986207
2024-12-16 12:00:00,5.249999907158942,5.25,lstm_ts168_single,LSTM (Single),5.991851204885374,0.5503433479383919,0.1413050115895884,0.7418512977264324,6.480015567315797,1.5129385242311044,0.2342887013158983,1.2300156601568553,5.269405993396767,0.0003765961830699,0.0036963974440006,0.0194060862378258,5.219845500933217,0.000909288214826,0.0057436965255191,0.0301544062257246,7.481182268736985,4.978174730616975,0.4249871240065329,2.2311823615780435,5.789478429792863,0.2910370763832789,0.102757815652203,0.5394785226339218,6.02856697940927,0.6061666859924477,0.1482984925749556,0.7785670722503282,5.44824948260821,0.0393028941658151,0.0377618245628792,0.1982495754492683,4.955211835819102,0.0869000070042622,0.0561501098195952,0.2947880713398394
2024-12-17 12:00:00,3.6000001280740626,3.6,lstm_ts168_single,LSTM (Single),4.850598742132546,1.5639968934850004,0.3473884915463968,1.2505986140584835,5.245106800102635,2.706375962352924,0.4569740593061244,1.645106672028572,4.573308516379601,0.9473292187459252,0.2703634315774987,0.9733083883055388,3.285760615169816,0.0987464714702982,0.0872887504791171,0.3142395129042468,3.8755904123172367,0.0759500047692335,0.0765528540107608,0.2755902842431741,3.3960293512592377,0.0416040777944431,0.0566585470995373,0.2039707768148249,5.083475782759652,2.200700018044837,0.4120765560859085,1.4834756546855892,4.1937187688093225,0.3525018243565246,0.1649218387814028,0.5937186407352599,4.306359773604823,0.498943948834342,0.1962110056670056,0.7063596455307608
2024-12-18 12:00:00,5.080000317762933,5.08,lstm_ts168_single,LSTM (Single),4.016926237353418,1.1301265004385377,0.2092665381717257,1.0630740804095158,4.046446154106338,1.0682342092118846,0.2034555313003876,1.0335541636565957,3.698950182311108,1.9072994766315052,0.2718602458788811,1.3810501354518254,4.627496584779922,0.2047596283635603,0.0890755324169505,0.4525037329830113,6.247923915399541,1.364045529916437,0.2299062056261687,1.1679235976366078,4.806524131333059,0.0747892245442275,0.0538338915991061,0.2734761864298747,4.865730884631708,0.0459113899743764,0.0421790196315543,0.2142694331312249,3.157045187940642,3.697756431309866,0.3785344506964713,1.922955129822292,3.4593058155404512,2.626650669534179,0.3190343308750388,1.620694502222482
2024-12-19 12:00:00,6.63000015443407,6.63,lstm_ts168_single,LSTM (Single),5.527099473651698,1.2163899116702193,0.1663500233924978,1.1029006807823718,5.710206869835947,0.8460196863918039,0.1387320155615646,0.9197932845981232,4.9961167686141525,2.669574918458357,0.2464379106729272,1.633883385819917,5.252679366891485,1.8970125517969267,0.2077406870980913,1.377320787542585,6.555136855844564,0.0056045134757014,0.0112915983176015,0.0748632985895056,5.245449165588353,1.9169814407136532,0.2088312151727093,1.3845509888457173,6.23945433213085,0.152526039318498,0.0589058541789063,0.3905458223032196,4.429620009529129,4.841672782091887,0.3318823670665152,2.2003801449049405,4.626628922056298,4.013496294718832,0.3021675996550225,2.003371232377772
2024-12-20 12:00:00,4.069999849480379,4.07,lstm_ts168_single,LSTM (Single),5.213355491963241,1.3072621251973984,0.2809227726700863,1.143355642482862,5.684098474168527,2.6053143702201726,0.3965844433370734,1.6140986246881486,5.206458127454258,1.291537417575356,0.2792280884528712,1.1364582779738797,5.514250757767504,2.085860686088188,0.3548528161423679,1.4442509082871258,5.789656375629445,2.957218567927074,0.422520046620792,1.7196565261490662,4.756023548431902,0.4706285155231298,0.1685561976222452,0.6860236989515229,7.491370700543735,11.705778500505994,0.8406316898267616,3.4213708510633563,4.400488893572303,0.1092230082647942,0.0812012423376671,0.3304890440919248,4.766675165149948,0.4853564954632943,0.1711733025637617,0.6966753156695695
2024-12-21 12:00:00,4.500000120719895,4.5,lstm_ts168_single,LSTM (Single),4.602835234607258,0.0105750606482268,0.0228522469174759,0.1028351138873624,4.638981739306756,0.0193158903050234,0.0308848033018777,0.1389816185868602,4.339223795146022,0.025849026865036,0.0357280713912853,0.160776325573873,6.767741580061646,5.142651326417452,0.5039425330013023,2.2677414593417504,7.973626526194976,12.066080404813729,0.7719169582865213,3.4736264054750805,6.120232083522123,2.625151613285959,0.3600515376304097,1.6202319628022277,5.0558281128073945,0.3089447567880209,0.1235173282614444,0.5558279920874991,3.694405966309004,0.648981941620999,0.1790209183998899,0.8055941544108913,4.172815940427615,0.1070494878335315,0.0727075936700061,0.3271841802922806
2024-12-22 12:00:00,6.7599999735996725,6.76,lstm_ts168_single,LSTM (Single),6.428399473701629,0.1099588915326325,0.0490533285788561,0.3316004998980437,7.69110205789132,0.8669510913722503,0.1377369952556138,0.9311020842916476,7.836821156512554,1.1595438599698966,0.1592930750174956,1.076821182912881,8.705513574068611,3.785023169609613,0.2877978710158131,1.9455136004689384,12.714006194520383,35.450190078762525,0.8807701544635106,5.954006220920711,11.057801806494156,18.471100594831185,0.6357695043903856,4.297801832894484,10.887350986536251,17.035026383988605,0.6105548859549449,4.127351012936579,7.464638499070115,0.4965154515771592,0.1042364686719407,0.7046385254704424,8.948793849465766,4.790818631028913,0.3237860775760579,2.188793875866093
2024-12-23 12:00:00,4.780000051064409,4.78,lstm_ts168_single,LSTM (Single),5.507464925979272,0.5292051442348968,0.1521893027496665,0.7274648749148627,5.714579294135635,0.8734383615795851,0.1955186680098704,0.9345792430712256,4.834695105283382,0.0029915489560163,0.011442479839889,0.054695054218973,5.157964127957695,0.1428568434217937,0.0790719817689376,0.3779640768932859,6.80743521408878,4.110493340267659,0.4241496111643142,2.0274351630243714,5.274776537432467,0.2448037714627208,0.1035097240758148,0.4947764863680577,5.4836766711737095,0.4951607856884489,0.1472126804585715,0.7036766201093005,4.3573854212233165,0.1786031253557236,0.0884131015327049,0.4226146298410924,4.431712865140089,0.1213039638790815,0.0728634272392451,0.3482871859243195
2024-12-24 12:00:00,3.459999801043458,3.46,lstm_ts168_single,LSTM (Single),3.9391434042348457,0.2295785924792259,0.1384808181338301,0.4791436031913876,4.077722071142959,0.3815808029768804,0.1785324582715899,0.6177222700995006,3.544336976522172,0.0071127591677273,0.024374907609324,0.0843371754787138,2.5316359550771472,0.8618594304973601,0.2683132657078007,0.9283638459663108,3.3085211080070764,0.0229457944440103,0.0437799716030905,0.1514786930363816,2.843202236381855,0.3804392357724842,0.1782652023493153,0.6167975646616028,3.59859933266652,0.0192098301661322,0.0400576704025427,0.1385995316230621,3.0662801047230155,0.1550151992706615,0.1137918262890378,0.3937196963204425,3.2382483405475924,0.0491737102320494,0.0640900211696516,0.2217514604958657
2024-12-25 12:00:00,3.299999790745732,3.3,lstm_ts168_single,LSTM (Single),3.4369531513010134,0.0187562229673848,0.0415010209816809,0.1369533605552813,3.686498961086656,0.1493816086742223,0.1171209681360564,0.3864991703409237,3.4358655181433764,0.0184594958812909,0.0411714351554372,0.1358657273976442,2.1973206632826083,1.215901258142836,0.3341452113286168,1.1026791274631238,2.860942605721381,0.1927712117215071,0.1330476402621629,0.439057185024351,2.554766824459158,0.5553721740402859,0.2258281859218441,0.745232966286574,4.145109269548758,0.7142100311627223,0.2560937976944685,0.845109478803026,2.805359233156966,0.2446692812117255,0.1498910875618533,0.4946405575887662,3.1312082309901323,0.0284905906447282,0.0511489607450721,0.1687915597555997
2024-12-26 12:00:00,2.660000028682472,2.66,lstm_ts168_single,LSTM (Single),2.9153111140918457,0.0651837503329124,0.0959816100211969,0.2553110854093736,3.1910202175646485,0.2819824410004622,0.1996316478031004,0.5310201888821764,2.958208419329748,0.0889282442524381,0.1121084163277177,0.2982083906472756,2.019085014885033,0.4107720549109718,0.2409454913107244,0.6409150137974393,2.5816977681746365,0.0061312440006369,0.0294369397231245,0.0783022605078356,2.309310623550645,0.1229830588717148,0.131838120808415,0.3506894051318272,3.500959736441751,0.7072132300745719,0.3161502626659052,0.840959707759279,2.358939687312663,0.0906373291457059,0.1131805782419211,0.3010603413698089,2.658840332657185,1.3448948710666833e-06,0.0004359759446549,0.001159696025287
2024-12-27 12:00:00,2.179999984061064,2.18,lstm_ts168_single,LSTM (Single),2.419642296355143,0.0574284378416528,0.1099276669936738,0.2396423122940789,2.6597762130988114,0.2301852299496808,0.2200808406172484,0.4797762290377472,2.4502598182486133,0.0730403779750815,0.1239724019098794,0.270259834187549,1.550255213125569,0.3965784765205994,0.2888737502476309,0.6297447709354953,1.952751821080124,0.0516417275782119,0.1042422773589225,0.2272481629809402,1.7557873754780775,0.1799563372807822,0.1945929411397207,0.4242126085829867,2.644924348066541,0.216154664245897,0.2132680584425425,0.4649243640054767,1.88481186231288,0.0871360272212208,0.135407396287355,0.2951881217481842,2.148704379687668,0.0009794148530961,0.0143557819276202,0.0312956043733962
2024-12-28 12:00:00,1.8000000231951678,1.8,lstm_ts168_single,LSTM (Single),2.0367823504079965,0.056065870480323,0.1315457356453351,0.2367823272128286,2.214540676791381,0.1718439534839757,0.2303003601413099,0.4145406535962133,2.0030778119212376,0.0412405882738702,0.112820992282871,0.2030777887260697,1.2310235399649008,0.3237342384690824,0.3160980421657333,0.5689764832302671,1.6135340211029858,0.0347695699362416,0.103592222049635,0.186466002092182,1.4395191557737326,0.1299464557769103,0.2002671459867806,0.3604808674214352,1.6712366496543636,0.0165800063656086,0.0715352066008517,0.1287633735408042,1.5873998201421191,0.0451988463381975,0.118111222396355,0.2126002030530487,1.8025939866658507,6.728646487237061e-06,0.0014410907984758,0.0025939634706828
2024-12-29 12:00:00,2.080000013557372,2.08,lstm_ts168_single,LSTM (Single),1.9348632145957707,0.0210646904128203,0.0697773067382714,0.1451367989616014,2.364524180712148,0.0809540016951186,0.1367904640866617,0.2845241671547756,2.3277542373265474,0.0613821553954665,0.1191126068049621,0.2477542237691752,2.056404590149437,0.0005567440057997,0.0113439534875677,0.0235954234079351,3.137049660555621,1.1173539562191226,0.5081969423598239,1.0570496469982489,2.764993261840929,0.4692157501940585,0.3293236749128813,0.6849932482835568,2.159099863518852,0.0062567862639285,0.0380287737720718,0.0790998499614796,1.818190922127124,0.068544000355532,0.1258697546748967,0.2618090914302482,2.190724743855706,0.0122599658996387,0.0532330430656891,0.1107247302983336
2024-12-30 12:00:00,1.999999986263678,2.0,lstm_ts168_single,LSTM (Single),3.003247095842742,1.006504762878747,0.5016235582347636,1.0032471095790645,2.989813264290434,0.979730325358072,0.4949066424124764,0.989813278026756,2.4333486200949537,0.1877910384434331,0.2166743184037919,0.4333486338312757,3.074939403869715,1.1554947515232064,0.5374697124944471,1.0749394176060372,3.540994439309294,2.374663904317357,0.770497231814707,1.540994453045616,2.767954283500857,0.5897538026450496,0.3839771512558064,0.7679542972371791,1.7167633770043351,0.0802229768247296,0.1416183056023287,0.2832366092593428,2.255072108214288,0.0650617873963868,0.1275360618512432,0.25507212195061,2.229814329265133,0.0528146322491905,0.1149071722899285,0.2298143430014552
2024-12-31 12:00:00,4.979999764901928,4.98,lstm_ts168_single,LSTM (Single),2.5775815146305274,5.771613449237098,0.482413326041334,2.4024182502714004,3.2379188188653334,3.034846022543756,0.3498154675256097,1.7420809460365945,3.0664652777476498,3.661614233528786,0.3842438910621036,1.913534487154278,3.245593783422063,3.0081641085931325,0.348274309911342,1.7344059814798647,3.995523719897044,0.969193083188458,0.1976859621446731,0.9844760450048836,3.295445939047956,2.8377215921992542,0.3382638364215156,1.684553825853972,3.359195943848466,2.627005026341502,0.3254626300339555,1.6208038210534617,2.595286768209293,5.686856076594768,0.4788580540705301,2.384712996692635,3.029196229207878,3.805634434876407,0.3917276361021008,1.95080353569405
2025-01-01 12:00:00,19.170001034086106,19.17,lstm_ts168_single,LSTM (Single),6.09638497675175,170.91943681459068,0.6819830647942172,13.073616057334355,10.597930628679588,73.48039103524626,0.4471606647367703,8.572070405406517,11.612641431936638,57.11368415620076,0.3942284399834802,7.557359602149468,12.530145180125698,44.087685761372285,0.3463670055183672,6.639855853960407,21.21201448475257,4.169818932702756,0.1065213010179585,2.042013450666463,19.703023515384885,0.2841129655699076,0.0278050314317153,0.5330224812987794,17.006703730295293,4.679855224588601,0.1128480535783103,2.163297303790813,12.151027319122806,49.26599201134571,0.3661436273520742,7.0189737149633,14.11300897343858,25.573168701452104,0.2637971720322657,5.056992060647525
2025-01-02 12:00:00,9.0500005733972,9.05,lstm_ts168_single,LSTM (Single),6.387796549393333,7.087330265422384,0.2941661718596473,2.662204024003868,9.554494165186249,0.2545137841562147,0.0557451447320373,0.5044935917890481,8.627411783755882,0.1785812851305147,0.046694890924486,0.4225887896413187,5.900230651119057,9.921050563288064,0.3480408533383969,3.149769922278144,6.227416065797464,7.9669833025420465,0.3118877711341615,2.8225845075997364,6.184838524410585,8.20915356695318,0.3165924715418097,2.8651620489866154,8.157666326386115,0.7962604083888406,0.0986004630357851,0.8923342470110853,7.845630269983643,1.450507827744464,0.133079583105646,1.204370303413557,7.2200214206002205,3.348823699671553,0.2022076283814024,1.82997915279698
2025-01-03 12:00:00,5.979999806720463,5.98,lstm_ts168_single,LSTM (Single),4.468391963052214,2.284958273039373,0.2527772395526616,1.5116078436682487,6.357107226655712,0.1422100061702201,0.0630614434989524,0.3771074199352489,6.127309753814158,0.0217002205127472,0.0246337712131937,0.1473099470936949,6.128256257979575,0.0219799753399453,0.0247920495068407,0.1482564512591118,7.802093344800503,3.320024861513037,0.3046979259150357,1.82209353808004,6.672933774668058,0.4801574839355986,0.1158752492213895,0.692933967947595,7.739759249108883,3.0967532950752026,0.2942741637567883,1.75975944238842,5.193692716299074,0.618278840446951,0.1314894842534474,0.7863070904213894,5.742212877822815,0.0565426235545753,0.0397637017697589,0.2377869288976484
2025-01-04 12:00:00,3.5900000050413623,3.59,lstm_ts168_single,LSTM (Single),3.2657338002546545,0.1051485715667751,0.0903248480031608,0.3242662047867077,4.705669949706648,1.2447194254294414,0.310771571893753,1.1156699446652856,4.65305167328798,1.1300788493619165,0.2961146704049571,1.0630516682466171,3.090522607900302,0.2494776702548083,0.1391301939943327,0.4994773971410602,3.405099338121856,0.0341882566272781,0.0515043639721041,0.1849006669195061,3.31290796041828,0.0767800011934002,0.0771844134356455,0.2770920446230822,5.0913346072657255,2.254005587836187,0.4181990529571226,1.5013346022243632,3.771449515352198,0.032923924792042,0.0505430390128216,0.1814495103108355,4.168780833200841,0.3349872470449717,0.1612202861689995,0.5787808281594784
2025-01-05 12:00:00,4.240000046361401,4.24,lstm_ts168_single,LSTM (Single),2.6805399991292944,2.4319156389131646,0.3677971769293666,1.5594600472321067,3.833078161729474,0.1655854201923996,0.0959721415524821,0.4069218846319273,3.8534025579515023,0.1494576180448418,0.0911786519298888,0.3865974884098988,5.041030133058545,0.6416491997940333,0.1889221881930297,0.8010300866971436,7.01851172592349,7.720127153462942,0.6553093512219409,2.778511679562089,6.32354730066258,4.34116916090598,0.4914026489431753,2.0835472543011786,4.212985434884821,0.0007297892332305,0.0063713705616024,0.0270146114765799,3.105398254405852,1.2873212263087432,0.2675947593277078,1.134601791955549,3.602646178177017,0.4062199532895971,0.1503193068904175,0.637353868184384
2025-01-06 12:00:00,12.239999429616974,12.24,lstm_ts168_single,LSTM (Single),5.869593447639235,40.58207237521776,0.5204580293168435,6.370405981977739,8.205738190520156,16.27526374527899,0.32959652182133,4.034261239096818,8.032332300610019,17.704462668525633,0.3437636703499933,4.207667129006955,10.526730530937302,2.935290319183057,0.1399729557612639,1.7132688986796722,14.695495487453568,6.029460890051055,0.2006124323743889,2.4554960578365943,12.894519737043042,0.428396832833115,0.0534738838175379,0.6545203074260684,10.408370078253323,3.354866080776828,0.1496429278363918,1.8316293513636503,7.587110552086509,21.649374906646717,0.3801379979047979,4.652888877530465,8.61139006117712,13.166805948729474,0.2964550275762067,3.6286093684398537
2025-01-07 12:00:00,6.299999717499553,6.3,lstm_ts168_single,LSTM (Single),4.23086445813603,4.281320721541353,0.3284341828803692,2.069135259363523,7.481389733436925,1.3956823697565035,0.1875222331607121,1.1813900159373718,7.113004264928586,0.6609763941402869,0.1290483466484521,0.813004547429033,8.597482537304453,5.278427307298674,0.3646798290201769,2.2974828198049,9.075686071975468,7.704434738423799,0.4405851553875268,2.775686354475916,7.964083003487613,2.7691731827048214,0.2641402159694904,1.6640832859880603,8.469224573112788,4.705536474210261,0.3443214210927287,2.169224855613235,6.013109618391592,0.0823059289661754,0.0455381130115076,0.2868900991079606,6.340003087976604,0.0016002696495242,0.0063497416302946,0.0400033704770512
2025-01-08 12:00:00,4.079999923168239,4.08,lstm_ts168_single,LSTM (Single),3.915160517842865,0.0271720295480229,0.0404018157915481,0.1648394053253739,5.416389500551245,1.7859371025379291,0.3275464712129848,1.336389577383006,5.060165242835905,0.960724053879218,0.2402366024817322,0.980165319667666,4.093474359778543,0.000181560441965,0.003302558054913,0.0134744366103038,4.498872278780773,0.1754540502963935,0.1026647949756008,0.4188723556125344,4.072024431227169,6.360847170206102e-05,0.0019547774733476,0.0079754919410692,6.034314368281695,3.819344950379117,0.478998647528374,1.9543144451134564,4.3859446503312585,0.0936021760788546,0.0749864541481277,0.3059447271630198,4.782198283775759,0.4930825376398886,0.1721074445663818,0.70219836060752
2025-01-09 12:00:00,2.790000175310153,2.79,lstm_ts168_single,LSTM (Single),2.809814111781441,0.0003925920784882,0.0071017688983066,0.0198139364712877,3.3971686800695724,0.368653593171789,0.2176231063110678,0.6071685047594193,3.187023445217234,0.1576274768477109,0.1423022383369368,0.397023269907081,2.296443958095868,0.2435977395508745,0.1769018588536176,0.4935562172142851,2.5871754547006054,0.041137867290341,0.0726970279086095,0.2028247206095477,2.317270686330355,0.2234731697511011,0.1694370821776908,0.4727294889797981,3.773074967380081,0.9664360468033324,0.3523565341570789,0.983074792069928,2.524752378392178,0.0703563937698394,0.0950708889788828,0.2652477969179752,2.784102436077601,3.478332805518425e-05,0.0021138848967622,0.0058977392325521
2025-01-10 12:00:00,2.4299998628519104,2.43,lstm_ts168_single,LSTM (Single),3.0551745121659764,0.3908433421449653,0.2572735327566418,0.625174649314066,3.258406525635164,0.6862575989436875,0.3409081109210494,0.8284066627832538,3.0359290117138995,0.3671501334406146,0.2493535732758663,0.6059291488619891,2.226111988637778,0.0415702652515579,0.0839044797207702,0.2038878742141325,2.472173611820352,0.0017786251020531,0.0173554532299213,0.0421737489684415,2.1799487628165912,0.0625255526288731,0.1029016930650575,0.2500511000353191,2.50151701733762,0.0051147033857328,0.0294309294329651,0.0715171544857096,2.4630993983531564,0.0010955792503982,0.0136212087939789,0.033099535501246,2.726315512056108,0.0878029639633049,0.1219406032626,0.2963156492041974
2025-01-11 12:00:00,3.030000189827504,3.03,lstm_ts168_single,LSTM (Single),2.749087959806971,0.0789116809751086,0.0927103011292302,0.2809122300205326,3.0373016953525034,5.331198293160028e-05,0.0024097376460611,0.0073015055249996,3.0325579125692284,6.54194562353526e-06,0.0008441328651765,0.0025577227417246,2.8205952835761217,0.0438504147621501,0.0691105257862387,0.209404906251382,3.5142286214049085,0.2344771739479134,0.1598113535448232,0.4842284315774048,3.03238881505745,5.705530489136098e-06,0.00078832510901,0.0023886252299463,3.927434116911378,0.8053876534811849,0.2961827956634434,0.8974339270838745,2.394399842782072,0.4039878011642732,0.2097690782922413,0.6356003470454317,2.8597521162485475,0.0289844065573456,0.0561874795092499,0.1702480735789562
2025-01-12 12:00:00,2.529999956822667,2.53,lstm_ts168_single,LSTM (Single),2.637262247514005,0.0115051990043531,0.0423961630521309,0.107262290691338,3.019825458093783,0.2399290216954999,0.1936069208025875,0.4898255012711159,2.949155408713047,0.1756912928494288,0.1656740944836939,0.4191554518903801,1.910804515983428,0.3834029939560999,0.2447412851409151,0.6191954408392393,2.2122158949552184,0.1009867099769743,0.1256063507078244,0.3177840618674485,2.091631210342665,0.1921671578904482,0.1732682821981281,0.4383687464800019,3.3871203256828344,0.7346553267149895,0.3387827602718986,0.8571203688601674,2.289477767494792,0.0578509235590741,0.0950680606453203,0.240522189327875,2.668639363064955,0.0192208849632142,0.0547981852206828,0.1386394062422882
2025-01-13 12:00:00,2.080000013557372,2.08,lstm_ts168_single,LSTM (Single),2.334336473753952,0.0646870349853264,0.1222771435282803,0.2543364601965798,2.5349496011126025,0.2069791272166741,0.2187257618220595,0.4549495875552303,2.351566549922393,0.0737483836732941,0.1305608339398841,0.2715665363650208,1.6062772571467243,0.224413249941302,0.2277513237129511,0.4737227564106478,1.8277459450527704,0.0636321150771243,0.1212759936828932,0.2522540685046017,1.7002413514659729,0.1442166414334496,0.182576278661608,0.3797586620913993,2.398381039492924,0.1013664776757743,0.1530677999328626,0.3183810259355515,1.869634245237935,0.044253756480627,0.1011373879559038,0.2103657683194371,2.1025779715413795,0.0005097641867275,0.01085478742156,0.0225779579840073
2025-01-14 12:00:00,1.939999964244474,1.94,lstm_ts168_single,LSTM (Single),2.5108341309975306,0.3258516459326563,0.2942444212752167,0.5708341667530565,3.034837457590029,1.198669136835178,0.5643492337753395,1.094837493345555,3.095766618600176,1.335796559320572,0.5957560183800368,1.1557666543557017,1.889352336998677,0.0025651821456291,0.0261070248346739,0.0506476272457969,2.086235429475187,0.0213848112912429,0.0753791071783156,0.1462354652307127,1.9777849267132444,0.0014277033887663,0.0194767851366871,0.0377849624687702,3.3810989893459467,2.0767664001484145,0.7428345627123263,1.4410990251014726,2.435230919072802,0.2452536986201774,0.2552736927607078,0.495230954828328,2.879651080555171,0.8829442203839387,0.4843562544479945,0.9396511163106968
2025-01-15 12:00:00,1.6500000681510272,1.65,lstm_ts168_single,LSTM (Single),2.198479725204753,0.3008299342017727,0.3324118996360687,0.5484796570537258,2.1987581162800365,0.3011353953863601,0.332580621492908,0.5487580481290093,1.87737368519632,0.0516987617282595,0.1378021864569287,0.2273736170452929,1.3454553936186413,0.0927474587860368,0.1845725223961084,0.3045446745323859,1.481147451271133,0.0285112062271883,0.1023349150943422,0.1688526168798942,1.3206224734073773,0.108489599919112,0.1996227764479713,0.3293775947436499,1.6719415067437964,0.0004814267275202,0.0132978410221258,0.0219414385927692,1.4607952130737238,0.0357984771848233,0.114669604401486,0.1892048550773033,1.5451742578815468,0.010988450498653,0.0635307914786616,0.1048258102694803
2025-01-16 12:00:00,1.4799999780303292,1.48,lstm_ts168_single,LSTM (Single),1.7061699603357092,0.0511528608960158,0.1528175578802239,0.22616998230538,1.8075562576722848,0.1072931163328789,0.2213218138542722,0.3275562796419555,1.6097166563671403,0.0168264166387357,0.087646405582685,0.1297166783368111,0.909181174115128,0.3258341069031809,0.3856883867490865,0.5708188039152012,1.2137435493254531,0.0708924858266747,0.1799029950387065,0.2662564287048761,1.0482716329626252,0.1863893639348985,0.2917083455921894,0.4317283450677041,1.4122281445702454,0.0045930214105413,0.0457917800446717,0.0677718334600838,1.2595775327829724,0.048586054368824,0.1489340868374254,0.2204224452473568,1.4517618087420832,0.0007973942047516,0.019079844396908,0.028238169288246
2025-01-17 12:00:00,1.2900000583255675,1.29,lstm_ts168_single,LSTM (Single),1.7418078677268467,0.2041302966359826,0.3502385961034219,0.4518078094012792,1.714223067715994,0.1799651616962698,0.3288550311703644,0.4242230093904264,1.5047151132512355,0.0461025548117326,0.1664457714865301,0.214715054925668,0.7576457085384314,0.2834011537372845,0.4126777718740084,0.5323543497871361,1.2124780009981373,0.0060096693722773,0.0600946153661842,0.0775220573274302,1.0835933939048792,0.0426037111172746,0.1600051589831757,0.2064066644206883,1.198132414077692,0.0084396640596541,0.0712152248792302,0.0918676442478754,1.3333219580800129,0.0018767869983342,0.0335828665082989,0.0433218997544453,1.4367151478319191,0.0215253174888567,0.1137326223820402,0.1467150895063516
2025-01-18 12:00:00,1.6800000151979688,1.68,lstm_ts168_single,LSTM (Single),1.713665594232801,0.0011333712117505,0.0200390349584997,0.0336655790348321,1.888200581620192,0.0433474758585346,0.123928907463545,0.2082005664222233,1.8296044403761773,0.0223814840329022,0.089050252276682,0.1496044251782087,0.7724713461336554,0.823608285173644,0.5401956314609744,0.9075286690643134,1.1329627476573312,0.2992497720783271,0.3256174182094727,0.5470372675406376,1.0315527505045192,0.4204838550884167,0.3859805112067439,0.6484472646934496,1.7114535745890542,0.0009893263983685,0.0187223566110378,0.0314535593910854,1.4334891348770622,0.0607676141165883,0.1467326655302786,0.2465108803209066,1.7434322182877868,0.0040236443888279,0.0377572634023716,0.063432203089818
2025-01-19 12:00:00,4.339999903267894,4.34,lstm_ts168_single,LSTM (Single),1.704465041191615,6.946044009219431,0.6072661107876518,2.635534862076279,2.020280883610478,5.3810963301603625,0.5344974818802956,2.319719019657416,1.913569536304211,5.887564325723515,0.5590853504712412,2.4264303669636837,1.375321686621086,8.7893169282601,0.683105595097938,2.964678216646808,1.747898407031122,6.718990166792913,0.5972584225831422,2.592101496236772,1.5546690039612714,7.758068218632239,0.6417813275086364,2.7853308993066226,1.655261726684421,7.207819076804752,0.6186032802816293,2.684738176583473,1.50295424855832,8.048828046906475,0.6536971700329672,2.837045654709574,1.6510487279516928,7.230458423234379,0.6195740173384563,2.688951175316201
2025-01-20 12:00:00,2.1700000829740618,2.17,lstm_ts168_single,LSTM (Single),1.822190723897287,0.1209713502613968,0.1602808045058181,0.3478093590767748,3.15550336598158,0.9712167208185968,0.4541489609792324,0.9855032830075184,3.402167352636154,1.5182361804265352,0.5678189965658266,1.2321672696620922,1.9954361013261463,0.0304725836887737,0.080444228098217,0.1745639816479154,1.8150279015417343,0.1260052495908252,0.1635816441747898,0.3549721814323274,2.0007008236254755,0.0286622392159798,0.0780180888825384,0.1692992593485862,3.580497290928884,1.9895023736483488,0.6499986884893045,1.410497207954822,2.1892322162314497,0.0003698749496299,0.008862733881111,0.0192321332573879,2.590174227283495,0.1765463115461643,0.1936286305268567,0.4201741443094331
2025-01-21 12:00:00,1.899999923763675,1.9,lstm_ts168_single,LSTM (Single),1.7208480011026164,0.0320954113931539,0.0942904893944311,0.1791519226610587,2.559811450499718,0.4353512508137476,0.3472692385318806,0.6598115267360427,2.69391784008649,0.6303056578583602,0.4178515516727797,0.7939179163228149,1.3456977057917767,0.3072509488485659,0.2917380211647015,0.5543022179718984,1.4135388957799524,0.2366443317469802,0.2560321302645639,0.4864610279837227,1.40653309791388,0.243509508214272,0.259719392447288,0.4934668258497952,2.671731497711988,0.5955696222287402,0.4061745289018769,0.7717315739483128,2.1150587073917486,0.0462502804155865,0.1131888380300918,0.2150587836280735,2.506154100912682,0.3674228864751899,0.3190285270897734,0.6061541771490071
2025-01-22 12:00:00,1.530000061427048,1.53,lstm_ts168_single,LSTM (Single),1.5698796012514202,0.0015903776966036,0.0260650576622697,0.0398795398243723,2.084200463007689,0.3071380851121439,0.3622224701505779,0.5542004015806412,2.008998457408465,0.2294394633527703,0.3130708344773855,0.478998395981417,0.9931205202968378,0.2882396416841849,0.3509016467812796,0.5368795411302101,1.333212139404038,0.0387254862541342,0.1286195517139154,0.19678792202301,1.2996842441324976,0.0530453756960566,0.1505332078743397,0.2303158172945503,1.6229596613314632,0.0086414872143889,0.0607579059949257,0.0929595999044152,1.6761754335290555,0.0213672394091603,0.095539455054445,0.1461753721020076,1.789571997306892,0.0673775898964098,0.1696548532408152,0.259571935879844
2025-01-23 12:00:00,2.2900001159646,2.29,lstm_ts168_single,LSTM (Single),1.792794400906318,0.2472135230866173,0.2171203885938877,0.4972057150582818,2.4534397874677385,0.0267125262210539,0.0713710319766924,0.1634396715031387,2.502761872739527,0.0452675651459532,0.0929090593889804,0.2127617567749271,1.6857926724116368,0.3650666348448069,0.2638460318585867,0.604207443552963,2.2529364730500365,0.0013737136260982,0.0161849960863216,0.0370636429145632,2.0156616110629675,0.0752616152716629,0.1197984676896292,0.2743385049016322,2.143160935490525,0.0215617449222978,0.0641219096236695,0.1468391804740747,2.117642376920596,0.0297071902083608,0.0752653844174163,0.1723577390440036,2.3755927530236405,0.0073260995187206,0.0373766955129551,0.0855926370590407
2025-01-24 12:00:00,4.869999816604711,4.87,lstm_ts168_single,LSTM (Single),3.688511198752285,1.395915354114836,0.2426054748141944,1.181488617852426,3.805830693859984,1.1324559218032817,0.2185152285050083,1.064169122744727,3.2391319738671185,2.6597299204755687,0.3348804731320521,1.6308678427375924,3.393575012367582,2.1798302025666447,0.3031673223483753,1.476424804237129,4.4217024552283615,0.2009705242169972,0.092052849745053,0.4482973613763494,3.691327016616833,1.389269569431264,0.2420272781056551,1.178672799987878,2.4184714043051017,6.009991556312243,0.5033939434537346,2.4515284122996093,3.4055332665657128,2.144662276183125,0.300711828580725,1.4644665500389982,3.157231770393818,2.93357438012108,0.3516977640062846,1.712768046210893
2025-01-25 12:00:00,3.1900001910656552,3.19,lstm_ts168_single,LSTM (Single),3.116312333754214,0.0054299003151513,0.0230996404068631,0.0736878573114414,3.684017486993064,0.2440530886754289,0.1548643468144673,0.4940172959274087,3.42446846010077,0.0549753691843229,0.0735010203735404,0.2344682690351147,2.938730985653843,0.0631362135882834,0.078767771273353,0.2512692054118122,4.346534526758296,1.3375716696360174,0.3625499267779941,1.1565343356926403,3.797456765813912,0.3690034902048842,0.1904252471362169,0.6074565747482565,4.929277507174876,3.025085582332095,0.5452279661237875,1.739277316109221,3.340652907533905,0.0226962409792628,0.0472265540579552,0.1506527164682496,3.3833730742386625,0.0373930719466415,0.06061845504417,0.1933728831730072
2025-01-26 12:00:00,3.160000166594858,3.16,lstm_ts168_single,LSTM (Single),2.3766759463952423,0.6135968339513361,0.2478873983869778,0.7833242201996158,2.760088579896706,0.1599292771754337,0.1265542929160942,0.3999115866981522,2.646701616592151,0.2634754014348817,0.1624362414372356,0.5132985500027072,1.72354589306088,2.0634008799540284,0.4545741132291988,1.436454273533978,2.621670316678875,0.2897990273105648,0.1703575384605357,0.538329849915983,2.349520862609684,0.6568767021882926,0.2564807788787327,0.8104793039851743,2.9211187383384383,0.057064336765827,0.0755953847033599,0.2388814282564197,2.157855064766321,1.004294805118929,0.3171345091758097,1.0021451018285372,2.453766771112641,0.4987656088943413,0.2234915690663514,0.7062333954822169
2025-01-27 12:00:00,18.00000047830287,18.0,lstm_ts168_single,LSTM (Single),7.062877745981649,119.62065366185762,0.6076179134275461,10.93712273232122,8.941007138383165,82.06536033270956,0.5032773944000379,9.058993339919704,9.242548053880515,76.69297296602096,0.4865251217619996,8.757452424422354,7.330716981421299,113.83361033682944,0.592737956298517,10.66928349688157,8.244464933941682,95.17047375729452,0.54197418250741,9.755535544361187,7.437721394680021,111.5617394403367,0.5867932668309969,10.562279083622848,14.570901870230822,11.758717263881657,0.1905054731640407,3.429098608072048,8.326713098245,93.57248873718684,0.537404840167533,9.67328738005787,10.803090576492604,51.79551213477464,0.3998283172539574,7.196909901810265
2025-01-28 12:00:00,6.669999984584558,6.67,lstm_ts168_single,LSTM (Single),4.371655441442256,5.282387638991997,0.3445793925718359,2.298344543142302,7.046093724121181,0.1414465009186412,0.056385868126812,0.376093739536623,7.0129331794224194,0.1176031761217028,0.0514142722084611,0.3429331948378618,5.065618843794732,2.574038844922064,0.2405369032230598,1.604381140789826,4.50511915255587,4.686709016885224,0.324569840634494,2.164880832028688,4.666437631663071,4.014262102044283,0.3003841615520301,2.0035623529214863,11.207116226875392,20.585423796059303,0.6802273242543988,4.537116242290835,5.644281240553183,1.0520989418573006,0.1537809214995465,1.0257187440313746,6.481688642681997,0.0354611614891432,0.0282325850581377,0.188311341902561
2025-01-29 12:00:00,16.479998566320646,16.48,lstm_ts168_single,LSTM (Single),3.8447743185284025,159.64889179199704,0.7667005671720277,12.635224247792245,6.025516668204681,109.2961917580344,0.6343739567721365,10.454481898115963,6.57210722954349,98.1663107413838,0.6012070508929181,9.907891336777157,6.481297299050277,99.9740270321141,0.6067173626886242,9.99870126727037,6.6850536097085325,95.94094670306109,0.5943535078109506,9.794944956612111,6.151984749090641,106.66786940889388,0.6266999220701908,10.328013817230003,9.726150688062749,45.614461162648695,0.4098209020515572,6.753847878257897,5.091379840481824,129.70063648252665,0.6910570216379252,11.38861872583882,6.468865035691246,100.2227945680923,0.6074717476668146,10.0111335306294
2025-01-30 12:00:00,5.770000108731151,5.77,lstm_ts168_single,LSTM (Single),2.98688426084238,7.745733822769631,0.482342425553401,2.7831158478887708,6.166693927647577,0.1573659859664983,0.0687510938372687,0.3966938189164262,7.0111395560412095,1.5404271276691182,0.2151021531926783,1.2411394473100588,4.837073493735889,0.8703520689665177,0.1616857187894259,0.932926614995262,3.917648984605064,3.431204687051177,0.3210313846135139,1.8523511241260868,4.385723506260216,1.9162217121484757,0.2399092853354111,1.3842766024709352,9.744281747601262,15.794914545060095,0.6887836332717285,3.974281638870111,4.92669197696665,0.711168605100133,0.146153919562048,0.843308131764501,6.293538232303691,0.2740921668338562,0.090734508441399,0.52353812357254
2025-01-31 12:00:00,4.580000067600216,4.58,lstm_ts168_single,LSTM (Single),2.427750955818269,4.6321762391661805,0.4699233799159443,2.152249111781947,4.10869249321588,0.2221308296720464,0.1029055824078376,0.471307574384336,4.467727359139625,0.0126051610650769,0.0245136914418036,0.1122727084605914,2.9446569170170367,2.67434722015932,0.3570618180012496,1.6353431505831797,2.806249875084524,3.1461897454494543,0.3872816957064117,1.773750192515692,2.90683487450283,2.799481763392613,0.3653199057645593,1.673165193097386,5.159495528041922,0.3358149886725445,0.1265273912420145,0.5794954604417057,3.2723131395499383,1.7100451017935725,0.2855211591154991,1.307686928050278,4.045975547793143,0.2851821877551754,0.1165992384115588,0.5340245198070734
2025-02-01 12:00:00,4.509999853288831,4.51,lstm_ts168_single,LSTM (Single),2.1086258707452394,5.766597004037271,0.5324554458227833,2.401373982543592,3.655416179644316,0.7303132552597552,0.1894864083025028,0.8545836736445152,4.070217995853436,0.1934080821293266,0.0975126101422582,0.4397818574353955,2.809505836354253,2.891679901630297,0.3770496834261592,1.700494016934578,2.757695058362664,3.070572094321237,0.3885376611815924,1.7523047949261672,2.8169413469416167,2.866447105914661,0.3754010114019369,1.6930585063472146,4.624277933717672,0.0130594796665006,0.0253388213184765,0.114278080428841,3.0210719067610823,2.2169064299513392,0.3301392450028522,1.488927946527749,3.6600702300682144,0.7223803644279396,0.1884544680419051,0.8499296232206168
2025-02-02 12:00:00,4.269999729939359,4.27,lstm_ts168_single,LSTM (Single),1.9695182394140909,5.292215088249359,0.5387544815038989,2.300481490525268,3.486556280856029,0.6137836379115846,0.1834762291880651,0.7834434490833302,3.879017264215946,0.1528672885031597,0.0915649860542182,0.3909824657234129,3.1500056691579847,1.2543866961855528,0.2622937076385436,1.1199940607813743,3.094607011895766,1.3815480416299053,0.2752676328764745,1.175392718043593,3.2046838107677287,1.1348980076404958,0.2494885214399673,1.0653159191716304,4.436403813254899,0.0276903189440852,0.0389705137798459,0.1664040833155402,2.869599855312308,1.96111980885546,0.3279625206549929,1.400399874627051,3.518506644818444,0.564741856984551,0.175993707880536,0.7514930851209152
2025-02-03 12:00:00,3.3200001864727167,3.32,lstm_ts168_single,LSTM (Single),1.9226103486623631,1.952698358815646,0.4209005299168338,1.3973898378103535,3.30837290200417,0.0001351937441125,0.0035021939203262,0.0116272844685467,3.62184709906632,0.0911115586422903,0.0909177396505799,0.3018469125936032,2.3058763431837166,1.0284471695272523,0.3054589717859144,1.014123843289,2.129891123477535,1.416359581823269,0.358466565105707,1.1901090629951816,2.322643301657157,0.994720755688998,0.3004086833727519,0.9973568848155598,3.801737862018036,0.2320711880398075,0.1451017013517503,0.4817376755453195,2.739155305291106,0.3373807759948795,0.1749532676378312,0.5808448811816107,3.2427012450995063,0.005975126337419,0.0232828123589159,0.0772989413732103
2025-02-04 12:00:00,3.899999821869602,3.9,lstm_ts168_single,LSTM (Single),1.7369680815958215,4.678706309431818,0.5546235484792548,2.16303174027378,2.896693222726036,1.0066241318850284,0.2572581140946298,1.003306599143566,3.1698393186167864,0.5331343605104049,0.1872206504108986,0.7301605032528156,1.8668955795098627,4.1335128603011695,0.5213088039027395,2.033104242359739,1.7908524968875246,4.448502438479053,0.5408070311067306,2.1091473249820774,1.8875042621352816,4.050138377950356,0.5160245260651217,2.0124955597343206,3.389983802257874,0.2601163402605905,0.1307733443349835,0.510016019611728,2.405870553941131,2.2324222692804687,0.3831100861979546,1.494129267928471,2.886596572184999,1.026986146471314,0.2598469989669878,1.013403249684603
2025-02-05 12:00:00,6.569999763270934,6.57,lstm_ts168_single,LSTM (Single),1.8826537690123293,21.97121246989218,0.7134469045893795,4.687345994258604,3.5854119283999784,8.907764544059697,0.4542751814933173,2.984587834870956,4.24367042904593,5.411808171275748,0.3540836252734992,2.3263293342250035,2.209165877822316,19.01687217647689,0.6637494737560747,4.360833885448618,1.9196149933364195,21.626078508438884,0.7078211472597189,4.650384769934514,2.1136122846014507,19.85938936004215,0.6782934001889264,4.456387478669483,5.23081923064232,1.793404498971458,0.2038326607125919,1.339180532628614,3.2695320115471835,10.893087380168426,0.5023543182109009,3.30046775172375,4.067776288668167,6.261122316853143,0.380855945930356,2.5022234746027667
2025-02-06 12:00:00,3.200000193500176,3.2,lstm_ts168_single,LSTM (Single),1.71539914617751,2.204040269711557,0.4639377992345688,1.484601047322666,3.4398021241049848,0.0575049659217934,0.0749380987825854,0.2398019306048087,3.922285668272408,0.5216963070669487,0.2257141972176547,0.722285474772232,2.5777213817205333,0.387230919589884,0.1944621169222465,0.6222788117796427,2.0417350689349094,1.3415780987841928,0.3619578295394884,1.1582651245652666,2.383034631618941,0.667432729299922,0.2553017226500959,0.816965561881235,4.485120792892987,1.6515349549837377,0.4016001630259714,1.285120599392811,2.6854157739294844,0.2647971248649056,0.1608076213919964,0.5145844195706917,3.329650830224323,0.0168092876029767,0.0405158215263526,0.129650636724147
2025-02-07 12:00:00,3.4999999037324794,3.5,lstm_ts168_single,LSTM (Single),1.9021749648044128,2.5530445354604794,0.4565214236789292,1.5978249389280663,3.3725119592218133,0.0162531759955546,0.0364251280049207,0.127487944510666,4.031812907069217,0.2828250705180404,0.1519465765612164,0.5318130033367372,3.403572269214459,0.0092982886987408,0.0275507534772179,0.0964276345180201,2.8842179574047484,0.3791874054231685,0.1759377037899478,0.615781946327731,2.920887946491311,0.3353706590196967,0.1654605637627561,0.5791119572411683,4.494542626504583,0.98911522741895,0.2841550714648594,0.994542722772104,3.173206234631302,0.1067941021646098,0.0933696223113255,0.3267936691011774,3.968081401032896,0.2191002881149999,0.1337375743357146,0.4680814973004166
2025-02-08 12:00:00,3.929999862015863,3.93,lstm_ts168_single,LSTM (Single),2.596982483971766,1.7769353301675597,0.3391901844394305,1.3330173780440973,4.5214689027489685,0.3498356261457398,0.1505010334605243,0.5914690407331054,5.418198233352244,2.214734392448255,0.3786764436609981,1.4881983713363804,5.50955879217112,2.49500641383322,0.4019234060087305,1.5795589301552568,4.837941094740255,0.8243572820810875,0.2310283116037235,0.9079412327243914,4.809744931930211,0.7739513880386001,0.2238537152169488,0.8797450699143474,6.145846240077549,4.90997517116909,0.5638286147229237,2.215846378061685,4.69271410508602,0.5817330165820829,0.1940748778242778,0.7627142430701572,5.584216267957925,2.7364319176878715,0.4209202198530216,1.6542164059420617
2025-02-09 12:00:00,3.2400000486847054,3.24,lstm_ts168_single,LSTM (Single),1.689608088561578,2.403715230014433,0.4785160298847887,1.5503919601231273,2.7908127074803457,0.2017692674982418,0.138638066189755,0.4491873412043596,2.836360266347081,0.1629250738855649,0.124580177861875,0.4036397823376245,2.970319484198284,0.0727276068617148,0.0832347408747415,0.2696805644864213,2.987093248545776,0.0639618495565122,0.0780576531909615,0.2529068001389292,2.810170677360018,0.1847532884533758,0.1326633842179041,0.4298293713246872,2.869012525043932,0.1376317426971133,0.1145023203908214,0.3709875236407733,2.1249861336067264,1.2432560308175225,0.3441400920751913,1.115013915077979,2.4638161250703163,0.6024614832774278,0.23956293578745,0.776183923614389
2025-02-10 12:00:00,2.810000087563864,2.81,lstm_ts168_single,LSTM (Single),1.671264070253052,1.2967197171208906,0.4052441216462886,1.1387360173108123,2.7865851411207045,0.000548259716936,0.0083327208944891,0.0234149464431596,3.0722676370319744,0.0687842675040076,0.0933336445891301,0.2622675494681101,2.0895356672228003,0.5190689809773853,0.2563930241602491,0.720464420341064,2.120886565055399,0.474877446904025,0.2452361213646415,0.6891135225084652,2.142115935717313,0.4460692402877871,0.2376811854214477,0.6678841518465513,2.734165616175872,0.0057508670506962,0.0269873555248665,0.0758344713879921,2.300988614578417,0.2590926796308148,0.1811428673038711,0.5090114729854474,2.6309205285129464,0.0320694884698711,0.0637293784592623,0.1790795590509177
2025-02-11 12:00:00,2.999999829256893,3.0,lstm_ts168_single,LSTM (Single),4.287695486608557,1.6581601059623352,0.4292319102133515,1.2876956573516645,4.751205025369354,3.0667196388912847,0.5837350985937353,1.7512051961124615,4.598868204589867,2.5563800816399054,0.5329561554438548,1.5988683753329744,3.049078574225065,0.0024087232076508,0.0163595825871527,0.0490787449681722,3.50231554783063,0.25232108112625,0.1674385823875737,0.5023157185737372,3.420619309260651,0.176920746958632,0.1402065013143507,0.4206194800037584,4.3527386902768805,1.8299024261136536,0.4509129793367569,1.3527388610199875,5.451390132538687,6.0093144190240055,0.817130147600378,2.451390303281794,5.228434120642316,4.965919391022452,0.7428114727384539,2.228434291385423
2025-02-12 12:00:00,2.340000059066426,2.34,lstm_ts168_single,LSTM (Single),1.838877123138292,0.2511241969132328,0.2141550954182726,0.5011229359281342,2.6022821300908534,0.0687918847808628,0.1120863523093535,0.2622820710244276,2.4908291260195643,0.0227494074379543,0.0644568645922657,0.1508290669531384,1.3965678909428414,0.8900642558503673,0.403176130046757,0.9434321681235844,1.832318926905128,0.257740131952577,0.2169577433104185,0.5076811321612977,1.8095027277921087,0.2814274184891725,0.2267082555057567,0.5304973312743171,2.9314360128056807,0.349796487375462,0.2527504012009368,0.5914359537392548,2.0324587110050256,0.0945816807674233,0.131427923204454,0.3075413480614002,2.26826621371031,0.0051457445695751,0.0306554886946178,0.0717338453561158
2025-02-13 12:00:00,2.1000000156762835,2.1,lstm_ts168_single,LSTM (Single),1.6106319159686158,0.2394811370114938,0.2330324266926596,0.4893680997076677,2.332149925311082,0.053893580543445,0.1105475751913443,0.2321499096347983,2.431943288105917,0.1101863361112938,0.1580682237865291,0.3319432724296334,1.1952569057939877,0.8185600948794879,0.4308300491088008,0.9047431098822958,1.4747049480711438,0.3909939215713162,0.2977595537797031,0.6252950676051396,1.4467007352853307,0.4267999497593367,0.3110948931019719,0.6532992803909528,2.4627991358390093,0.131623201590848,0.1727614845021275,0.3627991201627258,1.7499668773828976,0.1225231979035166,0.1666824455621069,0.3500331382933859,2.0684392141001,0.0009960841961312,0.0150289530193263,0.0315608015761834
2025-02-14 12:00:00,1.6899999305312825,1.69,lstm_ts168_single,LSTM (Single),1.5052148884420884,0.0341455117799052,0.1093402660857527,0.1847850420891941,2.121257388483614,0.185982995039507,0.2551819382718897,0.4312574579523316,2.188398732161716,0.2484013654666521,0.2949105456316514,0.4983988016304335,1.1163137693871978,0.3291158114882366,0.3394592809028908,0.5736861611440847,1.3406271833693617,0.1220613164594674,0.2067294446882545,0.3493727471619208,1.3332213119958447,0.1272909826440554,0.2111116172787521,0.3567786185354378,2.2078426744752613,0.2681611074554291,0.3064158374143751,0.5178427439439788,1.5963173694987682,0.0087764222416107,0.0554334703452108,0.0936825610325142,1.946369556997596,0.0657253853744771,0.1516980100618815,0.2563696264663135
2025-02-15 12:00:00,5.1999996908423,5.2,lstm_ts168_single,LSTM (Single),1.430134700304581,14.211882046881954,0.7249740797440457,3.769864990537719,2.217803644863147,8.893493256653695,0.5734992737078595,2.982196045979153,2.443998923179888,7.5955402313558045,0.5300001791377017,2.756000767662412,1.0881710643379627,16.907134653740545,0.790736321339723,4.111828626504337,1.2911853445399122,15.278829593859362,0.751695111287446,3.908814346302388,1.3130477545958246,15.108395354690224,0.7474908014113485,3.8869519362464753,2.614837042866233,6.68306591649063,0.4971466926293836,2.585162647976067,1.7061043552866682,12.2073046158174,0.6719029890922336,3.4938953355556315,2.2024491738050616,8.985309102190215,0.5764520567791982,2.9975505170372383
2025-02-16 12:00:00,16.000000404795717,16.0,lstm_ts168_single,LSTM (Single),1.921184061632296,198.21306962452545,0.8799259991858216,14.07881634316342,4.7368481957180215,126.85859768485176,0.7039469952576854,11.263152209077695,6.221384726541326,95.62132458300256,0.6111634644286273,9.77861567825439,3.7260143358653592,150.65073402029648,0.7671241099001127,12.273986068930355,3.1119700770241807,166.1013257295589,0.8055018751067392,12.888030327771537,3.633799141891794,152.92293367464657,0.7728875593776469,12.366201262903925,8.226194491657418,60.43205837514397,0.4858628572789434,7.773805913138299,4.273669817683548,137.50682903824244,0.732895643152447,11.72633058711217,5.793053069200917,104.18177391160582,0.6379341923351107,10.2069473355948
2025-02-17 12:00:00,10.020000304764936,10.02,lstm_ts168_single,LSTM (Single),2.395397856192378,58.13456249877865,0.7609383449765701,7.624602448572558,5.5825541127332325,19.69092870717667,0.4428588879305232,4.437446192031704,7.040995612351431,8.874468957421687,0.2973058484835437,2.979004692413506,4.508731597968184,30.374082758517144,0.5500268003161546,5.511268706796752,3.09850437781517,47.90710586678221,0.6907680355716458,6.921495926949767,4.088336343976094,35.18463734372118,0.5919824132109142,5.931663960788843,8.939433160992152,1.1676253522012727,0.1078410290325967,1.0805671437727842,4.693470095466559,28.37192407056822,0.5315898250786865,5.326530209298378,6.514937510255353,12.285465193455329,0.3498066554791197,3.505062794509583
2025-02-18 12:00:00,387.9999527160573,388.0,lstm_ts168_single,LSTM (Single),3.4324691691894578,147892.14940157047,0.9911534288982212,384.56748354686783,5.519941401105792,146290.95905548544,0.9857733451706234,382.4800113149515,7.200997114204821,145007.84458746162,0.9814407268253597,380.79895560185247,4.683974666971341,146931.13902772736,0.9879278988716808,383.315978049086,3.7332829224024544,147660.87351430577,0.9903781356253554,384.2666697936549,4.686471698713012,146929.22472963395,0.9879214632220776,383.31348101734426,8.439919041736132,144065.8191628518,0.9782476286848608,379.5600336743212,5.516850642844743,146293.3233715475,0.9857813110434008,382.4831020732125,7.373034172516441,144876.8511199513,0.9809973322911404,380.62691854354085
2025-02-19 12:00:00,37.89999901557261,37.9,lstm_ts168_single,LSTM (Single),15.661254739878018,494.561746959739,0.5867742705364447,22.238744275694597,15.39376686412348,506.5304856549226,0.5938319983122327,22.506232151449133,19.848209902876043,325.86709016927034,0.4763005166643758,18.051789112696568,17.347349019259365,422.4114218709549,0.5422862936716286,20.55264999631325,13.264251395237748,606.9200608128348,0.6500197430140395,24.63574762033486,16.669851200779057,450.7191762379835,0.5601622260219681,21.230147814793558,29.816595229608154,65.34141676694452,0.2132824273331271,8.083403785964457,19.725562704043963,330.31013524181105,0.4795365905962428,18.17443631152865,28.78727169445331,83.04179922907416,0.2404413603645478,9.1127273211193
2025-02-20 12:00:00,16.41999916020265,16.42,lstm_ts168_single,LSTM (Single),13.176001498515,10.523520829034943,0.1975638141048245,3.2439976616876507,9.59267433934975,46.61236420943408,0.4157932503066364,6.827324820852899,11.67884415717669,22.478550762718097,0.2887427067911888,4.741155003025961,10.108914123228413,39.82979434392011,0.3843535541871701,6.311085036974237,11.160216418652595,27.66531448830781,0.3203278325554519,5.259782741550055,14.983953647085013,2.062226715745298,0.0874571002779463,1.4360455131176373,12.518359609453546,15.222791183969672,0.2376150883250685,3.901639550749104,10.937358751485649,30.05934585129653,0.3339001637713443,5.4826404087170015,14.966068842053216,2.1139133700341133,0.088546308922679,1.4539303181494336
2025-02-21 12:00:00,11.089999702206102,11.09,lstm_ts168_single,LSTM (Single),11.855892389385303,0.5865916082745783,0.0690615606623366,0.7658926871792016,7.419500580822648,13.472563800076706,0.3309737799770447,3.670499121383454,8.826746389750575,5.122315556340915,0.2040805566482841,2.263253312455527,6.772479711288838,18.64097887197021,0.3893165109876776,4.317519990917264,8.580426686257747,6.297956722376124,0.2262915314099722,2.509573015948355,10.94802431430181,0.0201570107705742,0.0128021092620993,0.1419753879042922,8.128573342268256,8.770046085334721,0.2670357474715475,2.961426359937846,9.477765794365688,2.5992981735903733,0.1453772724195562,1.6122339078404142,11.10566024549087,0.0002452526159741,0.0014121319842464,0.0156605432847687
2025-02-22 12:00:00,16.01999870636618,16.02,lstm_ts168_single,LSTM (Single),19.685251965743443,13.434081455375647,0.2287923567634702,3.665253259377263,12.92122293603138,9.602411274814036,0.1934317116457306,3.0987757703348,16.25605021123695,0.0557203129517546,0.0147348017435834,0.2360515048707689,12.941724758730343,9.475770496693524,0.1921519473289697,3.0782739476358376,16.45178919664301,0.1864430274935038,0.0269532163011498,0.4317904902768283,20.420510519376464,19.36450421644305,0.2746886497101629,4.400511813010283,20.737177242744256,22.251773344066,0.2944556128149697,4.717178536378075,15.678672418120629,0.1165036350474858,0.021306261910615,0.3413262882455523,19.81732905193877,14.419717753406443,0.2370368696761236,3.7973303455725897
2025-02-23 12:00:00,18.27999967268129,18.28,lstm_ts168_single,LSTM (Single),5.439996989156034,164.86566891293575,0.702407161566535,12.840002683525254,6.843729885655,130.78826664165032,0.6256165203392934,11.436269787026289,7.9098461052445455,107.540085012221,0.5672950630811286,10.370153567436745,7.919869559099187,107.3322959703507,0.5667467340858268,10.360130113582102,10.139030705601009,66.27537572296416,0.4453484197402161,8.14096896708028,12.144115599676985,37.64907335734789,0.3356610603321909,6.135884073004304,12.280927990693105,35.98886104563254,0.3281767937312138,5.999071681988184,7.694977124180368,112.04270235227293,0.5790493839187427,10.58502254850092,9.662831282554498,74.25559106380035,0.4713987168722325,8.61716839012679
2025-02-24 12:00:00,13.900000616616664,13.9,lstm_ts168_single,LSTM (Single),8.474145944857968,29.439898919045667,0.3903492396448093,5.425854671758696,11.432517048226163,6.088475160277118,0.1775167956065242,2.4674835683905005,15.068918981989375,1.3663701449056114,0.0840948426991676,1.168918365372711,11.586914240533662,5.350368583220792,0.1664090844224738,2.3130863760830014,13.185785526486002,0.5101031949703488,0.0513823783055705,0.7142150901306614,16.719171023639714,7.947721783834507,0.202818005896553,2.8191704070230497,21.8565204373925,63.30620765839876,0.5724114725048478,7.956519820775837,12.306114841764744,2.5404718632753047,0.1146680362694746,1.5938857748519195,16.65543910736049,7.592441276272613,0.1982329761518035,2.755438490743826
2025-02-25 12:00:00,9.200001046564946,9.2,lstm_ts168_single,LSTM (Single),2.777116126137507,41.25345070105419,0.6981395858455458,6.422884920427439,5.970368735621265,10.430524863891424,0.3510469503858965,3.229632310943681,7.3631393306990836,3.3740609632136804,0.1996588594467281,1.8368617158658624,4.9406376642675935,18.14217642245554,0.4629742280179081,4.2593633822973525,5.317444602106852,15.074244544403074,0.4220169568249934,3.8825564444580936,6.980413002372304,4.92657108592292,0.2412595425759632,2.2195880441926423,10.74102466752844,2.3747538003674413,0.1675025484414347,1.5410236209634949,5.424587888431411,14.253744514607831,0.4103709487667049,3.775413158133535,7.417797960224822,3.1762478409602646,0.193717704739344,1.7822030863401244
2025-02-26 12:00:00,6.299999717499553,6.3,lstm_ts168_single,LSTM (Single),1.9707426496700244,18.74246675935193,0.6871836923744808,4.329257067829529,4.89959384657404,1.961136603322645,0.2222866561462846,1.4004058709255132,6.344420156560472,0.0019731754063648,0.0070508636591731,0.0444204390609188,3.525401230436824,7.698396764410784,0.4404124780126112,2.774598487062729,3.8931960065110007,5.792704103228266,0.3820323522083909,2.406803710988552,5.020294535229447,1.637645353528964,0.2031278158180642,1.2797051822701055,7.723503642039667,2.0263634231811065,0.2259530140272923,1.423503924540114,4.273083007771186,4.108391348176068,0.321732825494926,2.0269167097283667,5.859711688149292,0.193853548789136,0.069886991919582,0.4402880293502607
2025-02-27 12:00:00,5.400000334605287,5.4,lstm_ts168_single,LSTM (Single),1.643307755930623,14.112739130669295,0.6956837677583698,3.756692578674664,4.000812119251308,1.957727661985452,0.2591089127138457,1.3991882153539787,5.069013184604381,0.1095524934657224,0.061293912868822,0.3309871500009063,2.8149023847889114,6.682731410144828,0.4787218128950974,2.5850979498163755,3.037823296438736,5.579880359641298,0.4374401651475479,2.362177038166551,3.834357685626914,2.4512369043000164,0.2899338059194423,1.5656426489783728,5.66054602118551,0.0678840547955599,0.0482491982288493,0.2605456865802233,3.6001000935699192,3.2396408776791747,0.3333148387974927,1.7999002410353675,4.789969499194299,0.3721376201522274,0.112968666224273,0.6100308354109876
2025-02-28 12:00:00,4.440000276903169,4.44,lstm_ts168_single,LSTM (Single),1.7610353461179775,7.176853100376907,0.603370442277028,2.678964930785192,4.18879523634786,0.0631039724003944,0.0565777083082797,0.251205040555309,5.448758616208671,1.0175933871183946,0.227197809998583,1.0087583393055022,2.8515404190773177,2.5232047199241245,0.3577612069280719,1.5884598578258515,2.927867799643661,2.286544628782977,0.3405703565212831,1.5121324772595082,3.7714531627490966,0.4469552438437386,0.1505736649684116,0.6685471141540726,5.338303794819748,0.8069492103013004,0.2023205995255322,0.8983035179165784,4.09384426122056,0.119823987193259,0.0779630617329708,0.3461560156826095,5.475541479969027,1.072345583247084,0.2332299861449854,1.0355412030658575
