DATE,ACTUAL_VALUE,MARGINAL_PRICE,MODEL,MODEL_NAME,D+1_rw_arma_3m,RMSE_rw_arma_3m,MAPE_rw_arma_3m,MAE_rw_arma_3m,D+1_rw_arma_6m,RMSE_rw_arma_6m,MAPE_rw_arma_6m,MAE_rw_arma_6m,D+1_rw_arma_12m,RMSE_rw_arma_12m,MAPE_rw_arma_12m,MAE_rw_arma_12m,D+1_rw_armax_3m,RMSE_rw_armax_3m,MAPE_rw_armax_3m,MAE_rw_armax_3m,D+1_rw_armax_6m,RMSE_rw_armax_6m,MAPE_rw_armax_6m,MAE_rw_armax_6m,D+1_rw_armax_12m,RMSE_rw_armax_12m,MAPE_rw_armax_12m,MAE_rw_armax_12m,D+1_rw_sarma_3m,RMSE_rw_sarma_3m,MAPE_rw_sarma_3m,MAE_rw_sarma_3m,D+1_rw_sarma_6m,RMSE_rw_sarma_6m,MAPE_rw_sarma_6m,MAE_rw_sarma_6m,D+1_rw_sarma_12m,RMSE_rw_sarma_12m,MAPE_rw_sarma_12m,MAE_rw_sarma_12m,D+1_rw_sarmax_3m,RMSE_rw_sarmax_3m,MAPE_rw_sarmax_3m,MAE_rw_sarmax_3m,D+1_rw_sarmax_6m,RMSE_rw_sarmax_6m,MAPE_rw_sarmax_6m,MAE_rw_sarmax_6m,D+1_rw_sarmax_12m,RMSE_rw_sarmax_12m,MAPE_rw_sarmax_12m,MAE_rw_sarmax_12m
2023-12-01 12:00:00,3.38,3.88,rw_arma_3m,ARMA (3 Months),2.9761063099663003,0.1631301128490382,0.1194951745661833,0.4038936900336995,4.798174101030167,2.0112177808327223,0.4195781363994577,1.418174101030167,5.189045883531869,3.272647008723601,0.5352206756011447,1.8090458835318688,4.005441687733544,0.3911773047549843,0.1850419194477941,0.6254416877335442,6.8552580121231,12.0774182508258,1.0281828438234024,3.4752580121231,6.719025660605402,11.14909236218134,0.9878774143802964,3.339025660605402,3.766203989590655,0.1491535215757389,0.1142615353818506,0.3862039895906552,4.048587041526969,0.447008632097785,0.1978068170198133,0.668587041526969,3.719019156340776,0.1149339883660117,0.1003015255446083,0.3390191563407763,2.9167599149145125,0.2145913764300096,0.1370532796110909,0.4632400850854874,4.285756237030538,0.8203943609197211,0.2679752180563723,0.9057562370305384,3.7899340437323343,0.1680459202107435,0.1212822614592705,0.4099340437323344
2023-12-02 12:00:00,3.38,4.34,rw_arma_3m,ARMA (3 Months),3.064502083058646,0.0995389355943335,0.0933425789767319,0.3154979169413541,3.882462150859337,0.2524682130461911,0.1486574410826441,0.502462150859337,4.412414400128455,1.0658794935925977,0.3054480473752825,1.032414400128455,3.2864557148253453,0.0087505332888371,0.02767582401617,0.0935442851746546,5.565586318126423,4.776787553981413,0.6466231710433203,2.185586318126423,5.983861940648406,6.780097005957286,0.770373355221422,2.6038619406484065,4.29515707348612,0.8375124691516798,0.2707565306171953,0.91515707348612,3.80809910165516,0.1832688408379552,0.1266565389512308,0.4280991016551603,3.211271138896895,0.0284694285691509,0.0499197813914511,0.168728861103105,3.800333466303989,0.1766802228951267,0.124359013699405,0.420333466303989,4.086751489656902,0.4994976681322504,0.2090980738629888,0.7067514896569023,3.298098688687563,0.0067078247946967,0.0242311571930286,0.0819013113124369
2023-12-03 12:00:00,3.52,4.29,rw_arma_3m,ARMA (3 Months),2.9993382254830325,0.2710886834431575,0.1479152768514112,0.5206617745169675,4.280022443446878,0.577634114542963,0.2159154668883176,0.7600224434468781,4.248134167306909,0.5301793655997258,0.2068562975303718,0.728134167306909,3.980442691098204,0.2120074717857561,0.1308075826983534,0.460442691098204,5.435599954890658,3.6695231871770906,0.5442045326393915,1.915599954890658,6.059708682260096,6.450120190747313,0.7215081483693455,2.539708682260096,7.760579181562214,17.982511795098862,1.2047099947619928,4.240579181562215,6.335241018384852,7.9255819915965775,0.7997843802229693,2.815241018384852,5.424066287481865,3.625468427124972,0.5409279225800753,1.9040662874818648,4.386434624425437,0.7507089584032481,0.2461462001208628,0.8664346244254371,3.9436126663548,0.1794476910962232,0.1203445074871591,0.4236126663548001,6.095555294789787,6.633485076519708,0.731691845110735,2.5755552947897877
2023-12-04 12:00:00,2.95,3.38,rw_arma_3m,ARMA (3 Months),2.984423477489126,0.0011849758024443,0.0116689754200426,0.0344234774891258,3.647374702829654,0.4863314761467482,0.2363982043490352,0.697374702829654,4.184908082452947,1.5249979721076137,0.4186129093060836,1.2349080824529466,3.243105990054231,0.0859111214056708,0.0993579627302477,0.2931059900542307,4.966622977086408,4.066768231712848,0.6836010091818332,2.016622977086408,5.321080926789517,5.622024761385036,0.8037562463693279,2.371080926789517,3.1217446440445493,0.0294962227579888,0.0582185234049319,0.1717446440445491,2.577698415438292,0.1386084698671587,0.1262039269700705,0.3723015845617081,3.472753738779056,0.2732714714074815,0.1772046572132393,0.522753738779056,3.72375618678726,0.5986986365915612,0.2622902328092407,0.77375618678726,4.3542431976608045,1.9718989581766408,0.4760146432748489,1.4042431976608043,3.497382548469281,0.2996276543687247,0.1855534062607731,0.5473825484692809
2023-12-05 12:00:00,2.43,3.0,rw_arma_3m,ARMA (3 Months),2.929081399862599,0.2490822436888113,0.2053832921245263,0.4990813998625989,3.1695191213850955,0.5468885308941834,0.3043288565370762,0.7395191213850953,3.4393766902356835,1.0188413027911427,0.415381354006454,1.009376690235683,3.173587873146835,0.5529229250910337,0.3060032399781214,0.743587873146835,4.950562120280984,6.353233402195369,1.0372683622555487,2.520562120280984,4.93804691324902,6.290299319057938,1.032118071295893,2.50804691324902,3.136583124207435,0.4992597114147391,0.2907749482335122,0.7065831242074347,2.976799251108329,0.2989894210126292,0.2250202679458143,0.5467992511083288,3.06136562039693,0.3986225466192003,0.2598212429616995,0.63136562039693,2.840023303360583,0.1681191092987244,0.168733869695713,0.4100233033605827,2.9503403565768167,0.2707540866824885,0.214131833982229,0.5203403565768165,2.848323402663263,0.1749944692157702,0.1721495484210957,0.4183234026632627
2023-12-06 12:00:00,2.68,6.53,rw_arma_3m,ARMA (3 Months),2.5351066466673253,0.0209940838399873,0.0540646840793562,0.1448933533326748,3.0021510862428187,0.1037813223674278,0.1202056291950815,0.3221510862428185,2.895771725134159,0.0465574373673709,0.0805118377366263,0.2157717251341586,2.7194968094322194,0.001559997955325,0.0147376154597832,0.0394968094322192,3.7767478973948494,1.2028559504400227,0.4092342900727049,1.0967478973948492,4.152653831166735,2.168709306450063,0.5494976981965429,1.4726538311667352,2.623137315804523,0.0032333648539145,0.0212174194759243,0.0568626841954773,2.712424480674569,0.0010513469470154,0.0120986868188689,0.0324244806745688,2.734825323080189,0.003005816050847,0.0204572101045481,0.0548253230801889,2.0309460210003327,0.4212710676553007,0.2421843205222639,0.6490539789996674,2.1532475371920823,0.2774681570742069,0.1965494264208648,0.5267524628079179,2.8924302339188026,0.0451266042827971,0.0792650126562695,0.2124302339188024
2023-12-07 12:00:00,3.36,4.84,rw_arma_3m,ARMA (3 Months),2.895492802707389,0.2157669363366365,0.1382461896704199,0.4645071972926109,2.8349659330077266,0.2756607715024469,0.1562601389857956,0.5250340669922733,3.120237736152452,0.0574859431653012,0.071357816621294,0.239762263847548,3.1219742403011392,0.0566562622802197,0.0708409999103752,0.2380257596988606,4.146155003539621,0.6180396895903821,0.2339747034344111,0.7861550035396214,4.210828726161498,0.723909521261598,0.2532228351671126,0.8508287261614984,5.212180361054426,3.4305720898757057,0.5512441550757222,1.8521803610544263,3.80459164640514,0.197661732053233,0.1323189423824821,0.44459164640514,2.906141178899688,0.205987829490565,0.1350770300893786,0.453858821100312,2.2167430971807085,1.307036345843959,0.3402550306009796,1.1432569028192914,2.971392138736755,0.1510160698355935,0.1156571015664419,0.3886078612632451,3.135186513370643,0.050541103770448,0.0669087757825467,0.2248134866293569
2023-12-08 12:00:00,3.38,4.3,rw_arma_3m,ARMA (3 Months),3.2691508980498583,0.0122875234031528,0.0327955922929413,0.1108491019501416,3.186233836900572,0.037545325962274,0.0573272671891798,0.1937661630994278,3.5742656524316403,0.0377391437146909,0.0574750450981184,0.1942656524316404,3.0849489948465094,0.087055095642085,0.0872931967909735,0.2950510051534905,4.973526914683427,2.5393280278204835,0.4714576670661028,1.5935269146834274,4.44276135854351,1.129461705213248,0.3144264374389084,1.0627613585435105,2.9490205119603385,0.1857433191109286,0.1275087242720891,0.4309794880396613,3.3343153362274016,0.0020870885040153,0.0135161727137864,0.0456846637725982,3.242525604750064,0.0188992093493356,0.0406728980029396,0.137474395249936,1.9614296162648963,2.012341933610359,0.4196953798032851,1.4185703837351036,2.356793037946021,1.0469524871957323,0.3027239532704079,1.0232069620539788,2.9136673677551665,0.2174661238963949,0.1379682343919625,0.4663326322448333
2023-12-09 12:00:00,4.46,7.35,rw_arma_3m,ARMA (3 Months),3.003008968005993,2.122822867310961,0.3266796035861002,1.456991031994007,3.205553203200884,1.5736367659995631,0.2812660979370215,1.2544467967991162,3.396566761556634,1.1308902526261444,0.2384379458393196,1.0634332384433658,7.824744176542337,11.32150337357557,0.7544269454130801,3.364744176542337,5.549510723164431,1.187033615890282,0.24428491550772,1.0895107231644312,5.994722463453472,2.355373039828695,0.3441081756622135,1.5347224634534724,3.1245738110312686,1.7833631061835498,0.2994229123248276,1.335426188968731,3.096811732739909,1.8582822519955693,0.3056475935560742,1.363188267260091,4.053074817547396,0.1655881041140853,0.0912388301463238,0.4069251824526043,4.514741519376225,0.0029966339436175,0.0122738832682118,0.0547415193762246,5.851805342832003,1.9371221123357103,0.3120639782134536,1.3918053428320034,5.298916652214677,0.7037811493630816,0.1880979040840083,0.8389166522146771
2023-12-10 12:00:00,7.16,11.69,rw_arma_3m,ARMA (3 Months),4.134060806603393,9.156308002133713,0.4226172057816491,3.0259391933966078,4.044609193026905,9.705659880172472,0.4351104479012702,3.115390806973095,4.23152188786599,8.575984053247973,0.4090053229237443,2.9284781121340098,7.382092141982328,0.0493249195302985,0.031018455584124,0.222092141982328,7.141255012688623,0.0003513745493037,0.0026180149876225,0.0187449873113774,6.997057942993497,0.0265501139415103,0.0227572705316344,0.1629420570065027,6.624900244462156,0.2863317483766609,0.0747346027287492,0.5350997555378445,6.230676564807839,0.8636420471973597,0.129793775864827,0.9293234351921617,4.969053560058552,4.800246302692105,0.3059981061370737,2.190946439941448,6.241659134243386,0.8433499457186083,0.1282598974520411,0.9183408657566146,8.411897050491353,1.567246225028949,0.1748459567725353,1.251897050491353,6.160857555668915,0.9982856240638948,0.1395450341244531,0.9991424443310848
2023-12-11 12:00:00,5.67,6.9,rw_arma_3m,ARMA (3 Months),5.917118986290734,0.0610677933853599,0.0435835954657379,0.2471189862907339,6.095252243816341,0.1808394708708326,0.0750003957348043,0.4252522438163408,6.115480515853269,0.1984528900048949,0.0785679922139804,0.4454805158532693,5.522155553415795,0.0218579803857899,0.0260748583040926,0.1478444465842052,5.164788400844015,0.255238759921748,0.0891025748070521,0.5052115991559853,5.584313041977054,0.0073422547752261,0.0151123382756518,0.0856869580229462,5.166928933161902,0.253080498289622,0.0887250558797351,0.503071066838098,4.28569014124755,1.916313785039227,0.2441463595683332,1.3843098587524496,5.007569279450856,0.4388144595272575,0.1168308149116655,0.6624307205491435,2.640275072255208,9.179233137798184,0.5343430207662773,3.029724927744792,5.68639776249985,0.0002688866150014,0.0028920216049118,0.0163977624998503,5.516297739004818,0.023624385035031,0.0271079825388327,0.1537022609951819
2023-12-12 12:00:00,4.01,5.51,rw_arma_3m,ARMA (3 Months),5.0091402410447285,0.9982812212749188,0.2491621548739972,0.9991402410447288,4.658917175917729,0.4210935012010411,0.1618247321490596,0.6489171759177292,4.820205254771711,0.6564325548596933,0.2020461981974342,0.8102052547717111,4.2400685940297285,0.0529315579588161,0.0573737142218774,0.2300685940297286,4.252211799885959,0.058666556003996,0.060401945108718,0.2422117998859594,4.708880431152432,0.4884338570478091,0.1742843967961177,0.6988804311524319,4.959848181701364,0.9022115682813882,0.2368698707484699,0.9498481817013644,4.635591373023456,0.3913645660013736,0.1560078236966225,0.6255913730234566,4.85447688553512,0.7131412102030964,0.2105927395349426,0.8444768855351201,1.6929832897121422,5.3685664357531655,0.5778096534383685,2.3170167102878576,2.416101633241822,2.5405120035543867,0.3974808894658798,1.593898366758178,3.493437063220964,0.2668372676537824,0.1288186874760688,0.5165629367790361
2023-12-13 12:00:00,3.95,5.9,rw_arma_3m,ARMA (3 Months),4.405604345917669,0.2075753200190668,0.1153428723842199,0.4556043459176688,3.858600870123188,0.0083538009422383,0.0231390202219777,0.0913991298768119,3.859330204125381,0.0082210118839451,0.0229543787024352,0.0906697958746192,6.035442055234789,4.3490685657419,0.5279600139834908,2.0854420552347888,3.839632337500528,0.0121810209255974,0.0279411803796132,0.1103676624994722,6.52656589757156,6.638691824528737,0.652295163942167,2.57656589757156,3.643325524424839,0.0940492339693001,0.0776391077405471,0.3066744755751611,3.3697920943402915,0.3366412137900254,0.1468880773822047,0.5802079056597087,3.750129185356382,0.0399483425463035,0.0506002062388906,0.1998708146436181,3.474005550463825,0.2265707159892462,0.1205049239332088,0.475994449536175,3.901982979597117,0.0023056342483708,0.0121562076969324,0.0480170204028831,3.796197637855127,0.0236551666013426,0.0389373068721197,0.1538023621448729
2023-12-14 12:00:00,3.64,4.5,rw_arma_3m,ARMA (3 Months),4.989524151782131,1.82121543624328,0.3707483933467392,1.349524151782131,4.813517944690018,1.3771443665094834,0.3223950397500048,1.1735179446900177,4.189766535291361,0.3022432433262673,0.1510347624426815,0.549766535291361,4.160132385728597,0.2705376986837214,0.1428935125628012,0.5201323857285964,3.9666498210616,0.1067001055995751,0.0897389618301098,0.3266498210615998,4.590378430953827,0.9032191620222572,0.2610929755367655,0.9503784309538266,6.4286445778906565,7.776538581798957,0.7661111477721583,2.7886445778906563,5.782821780412789,4.5916851826114335,0.5886873023112057,2.1428217804127887,4.213137015262952,0.3284860382645255,0.1574552239733385,0.5731370152629522,3.4994350694829675,0.0197584996912582,0.0386167391530309,0.1405649305170326,2.7842924743831423,0.7322353693973254,0.2350844850595763,0.8557075256168578,4.698831124580154,1.1211233503796745,0.2908876715879545,1.0588311245801545
2023-12-15 12:00:00,3.35,4.05,rw_arma_3m,ARMA (3 Months),3.694080321333258,0.1183912675287982,0.1027105436815696,0.3440803213332581,3.691725352621877,0.116776216624546,0.1020075679468289,0.3417253526218768,3.834692672256043,0.2349269865387036,0.1446843797779232,0.4846926722560427,3.723888031990896,0.139792260466025,0.1116083677584763,0.3738880319908957,3.9021914211730926,0.3049153656171596,0.1648332600516694,0.5521914211730925,4.262388216361012,0.8324522573544292,0.2723546914510484,0.9123882163610122,3.290325098564668,0.0035610938613166,0.017813403413532,0.0596749014353323,3.902691201871661,0.3054675646263411,0.1649824483198988,0.552691201871661,3.702692062539939,0.1243916909786761,0.1052812126984891,0.3526920625399388,3.741850373090181,0.1535467148909138,0.1169702606239345,0.3918503730901808,2.10336959475016,1.5540873672933804,0.3721284791790567,1.24663040524984,3.464010675572386,0.0129984341444718,0.0340330374842943,0.1140106755723859
2023-12-16 12:00:00,4.06,5.69,rw_arma_3m,ARMA (3 Months),3.2940310119323097,0.5867084906814408,0.1886623123319433,0.7659689880676899,3.202043123775472,0.7360900014609496,0.2113194276415093,0.8579568762245278,3.540717708885968,0.2696540978646378,0.1279020421463132,0.5192822911140316,5.692031770637304,2.663527700369536,0.401978268629878,1.6320317706373046,9.275092302350837,27.197187722038954,1.2845054931898614,5.215092302350837,6.3727149773647565,5.348650566527268,0.569634230878019,2.312714977364757,3.2946616080064235,0.5857428542593128,0.188506993101866,0.7653383919935761,2.947117013072854,1.2385085425918856,0.2741091100805778,1.1128829869271455,4.323793927272757,0.0695872360659845,0.0649738737125017,0.2637939272727569,7.501845947591049,11.846303526948926,0.8477453072884358,3.441845947591049,5.646836480235649,2.5180500150066645,0.390846423703362,1.5868364802356494,5.0115394842106245,0.905427390011822,0.2343693310863608,0.9515394842106248
2023-12-17 12:00:00,9.6,12.65,rw_arma_3m,ARMA (3 Months),4.001776516484704,31.34010617138213,0.5831482795328433,5.598223483515295,4.510662687146901,25.9013542839988,0.5301393034221978,5.0893373128530985,4.176472999408023,29.4146451261502,0.5649507292283309,5.423527000591976,4.619371337700275,24.806661871721545,0.5188154856562214,4.980628662299725,6.086991246317703,12.34123050344844,0.3659384118419059,3.5130087536822963,5.318565946537095,18.330677554151794,0.4459827139023858,4.281434053462904,4.846642443635646,22.594408058646103,0.4951414121212869,4.753357556364354,4.812372971109786,22.92137256776013,0.4987111488427306,4.787627028890213,4.932043767259215,21.78981539078354,0.4862454409104985,4.667956232740785,8.694305760512847,0.8202820554402113,0.0943431499465783,0.9056942394871524,5.077946599966366,20.448966952755743,0.4710472291701701,4.522053400033633,5.544623131303889,16.44608154715547,0.4224350904891782,4.055376868696111
2023-12-18 12:00:00,5.91,7.61,rw_arma_3m,ARMA (3 Months),7.0036710437173815,1.1961163518658662,0.1850543221180002,1.093671043717381,8.23598090356466,5.410187163747468,0.3935669887588255,2.325980903564659,8.028835809880198,4.489465189230672,0.3585170575093396,2.1188358098801974,8.220137074220835,5.336733301689599,0.3908861377700228,2.310137074220835,7.172806726734729,1.5946808290864798,0.2136728810041842,1.2628067267347287,6.087195186118726,0.0313981339836499,0.0299822649947082,0.1771951861187259,4.751463733456808,1.3422062808958375,0.1960298251342118,1.1585362665431918,5.939581980833414,0.0008750935900284,0.0050054113085302,0.0295819808334139,7.003305437515102,1.1953167797000874,0.18499245981643,1.0933054375151017,2.1847323378711168,13.877619154503195,0.6303329377544642,3.7252676621288834,9.975161148746793,16.525535165280342,0.6878445260146857,4.0651611487467925,5.573198681057301,0.1134351284415418,0.0569883788397122,0.3368013189426992
2023-12-19 12:00:00,4.86,5.61,rw_arma_3m,ARMA (3 Months),3.9585566449284655,0.8126001224026252,0.1854821718254186,0.9014433550715348,4.252818094979443,0.3686698657843926,0.1249345483581392,0.6071819050205569,4.961765415764642,0.0103561998457503,0.0209393859598028,0.1017654157646417,3.667785949533784,1.421374342129062,0.24531153301774,1.1922140504662164,5.728868773328466,0.754932945265312,0.1787795829893961,0.8688687733284652,5.54534066564401,0.4696918279853737,0.1410165978691377,0.6853406656440093,3.635990518125929,1.4981992117176328,0.2518538028547472,1.2240094818740714,4.132314186488804,0.5295266431854516,0.1497295912574477,0.7276858135111963,4.99090782060494,0.0171368574955351,0.026935765556572,0.1309078206049401,2.6976753918259546,4.67564771111504,0.4449227588835485,2.1623246081740457,6.019272589672935,1.3439129371669931,0.2385334546652129,1.159272589672935,4.571339203162524,0.0833250556308466,0.0593952256867234,0.2886607968374761
2023-12-20 12:00:00,5.25,7.19,rw_arma_3m,ARMA (3 Months),5.692892774709581,0.196154009889952,0.0843605285161107,0.4428927747095814,4.793124901550325,0.2087348555834004,0.0870238282761286,0.4568750984496752,4.543691919467034,0.4988711046261628,0.1345348724824697,0.706308080532966,6.719819197435908,2.160368473151136,0.2799655614163634,1.4698191974359078,6.906550490550911,2.7441595277444644,0.3155334267716021,1.6565504905509112,8.148352934545763,8.400449733190033,0.5520672256277643,2.8983529345457626,4.286408860897738,0.9285078833563952,0.1835411693528118,0.9635911391022622,4.313028101504659,0.8779163385699637,0.1784708378086363,0.936971898495341,5.0985613238469725,0.0229336726349815,0.0288454621243861,0.1514386761530275,6.227805690984607,0.9561039693218856,0.1862487030446871,0.9778056909846072,6.282777547762553,1.0666294631624322,0.1967195329071529,1.032777547762553,5.7886520651037685,0.2901460472405545,0.1026003933530987,0.5386520651037685
2023-12-21 12:00:00,8.11,15.29,rw_arma_3m,ARMA (3 Months),5.840165620367587,5.152148110961257,0.2798809346032567,2.269834379632412,6.916397140915267,1.4246877852152475,0.1471766780622358,1.1936028590847323,5.383971501670369,7.431231373705299,0.33613175071882,2.7260284983296303,7.015699698215522,1.1974931504855977,0.134932219702155,1.094300301784477,6.857594579270419,1.5685193378728377,0.1544273021861381,1.2524054207295805,9.21019087234584,1.2104199555931034,0.1356585539267375,1.1001908723458411,8.552528311966936,0.1958313068923067,0.0545657597986358,0.442528311966937,7.413039336465103,0.4857541665150027,0.0859384295357455,0.6969606635348962,5.506376871618157,6.7788533946448535,0.321038610158057,2.6036231283818427,5.470075027139035,6.969203862334966,0.3255147932011054,2.639924972860965,6.861637250797883,1.5584095535954663,0.1539288223430476,1.2483627492021163,7.119941001239071,0.9802168210274922,0.1220787914625066,0.9900589987609284
2023-12-22 12:00:00,12.8,20.97,rw_arma_3m,ARMA (3 Months),5.652003966265659,51.09384729828188,0.5584371901354954,7.147996033734342,6.44786592427521,40.34960731598404,0.4962604746659992,6.35213407572479,7.205070573028463,31.30323529279206,0.4371038614821513,5.594929426971538,7.874494885846685,24.260600629550467,0.3848050870432277,4.925505114153316,8.134768463156144,21.76438529236249,0.3644712138159263,4.665231536843857,7.231192868466145,31.01161286822233,0.4350630571510824,5.568807131533855,5.49376753737762,53.3810327978771,0.5707994111423734,7.306232462622381,6.372041571813167,41.31864955449815,0.5021842522020964,6.427958428186834,7.558560374417995,27.472689348621238,0.4094874707485941,5.2414396255820055,4.781803553419648,64.2914742559538,0.62642159738909,8.018196446580353,9.086225567020238,13.79212053905416,0.2901386275765439,3.713774432979763,6.347251140722137,41.63796784091177,0.5041210046310831,6.452748859277864
2023-12-23 12:00:00,12.55,16.0,rw_arma_3m,ARMA (3 Months),9.79188792887981,7.60718219685891,0.2197698861450351,2.758112071120191,9.671411613585349,8.28627109840131,0.2293695925430001,2.878588386414652,10.02540994499137,6.37355494584848,0.2011625541839546,2.5245900550086304,12.23748407419684,0.0976662038806071,0.0249016673946742,0.3125159258031615,8.418556328782367,17.068826808444236,0.3291986989018034,4.1314436712176335,8.262327483789491,18.384135606266963,0.3416472124470525,4.28767251621051,9.93201153059034,6.853863625961934,0.2086046589171043,2.61798846940966,12.23769099029106,0.0975369175453789,0.0248851800564892,0.3123090097089402,14.92644970095131,5.647513181151564,0.1893585419084708,2.3764497009513086,6.000897374716203,42.89074519649913,0.5218408466361592,6.549102625283798,6.115124745584102,41.40761953989408,0.5127390640968843,6.434875254415899,7.347423352920503,27.066803768736957,0.4145479400063345,5.202576647079498
2023-12-24 12:00:00,18.53,24.11,rw_arma_3m,ARMA (3 Months),11.193489121491965,53.82439187046676,0.3959261132492194,7.336510878508037,11.603682753031835,47.97387060564867,0.3737893819194908,6.926317246968166,9.656927423508575,78.7314169476842,0.4788490327302442,8.873072576491426,21.233833657551,7.310716447705608,0.1459165492472206,2.703833657550998,12.925694049307328,31.408245188969307,0.3024450054340352,5.604305950692673,21.35133926413512,7.959955243350495,0.1522579203526777,2.821339264135119,13.892473994709148,21.50664744974894,0.250271236119312,4.637526005290853,14.160381671951477,19.093564332817586,0.2358131855395857,4.369618328048524,15.831659032957726,7.281043974418643,0.1456201277410834,2.698340967042276,17.252140149006365,1.6329257987814771,0.0689616757147132,1.277859850993636,13.073528658574348,29.77307949979946,0.2944668829695441,5.456471341425653,16.471961644218585,4.2355218738674765,0.1110652107815119,2.0580383557814166
2023-12-25 12:00:00,16.2,19.29,rw_arma_3m,ARMA (3 Months),14.541874312574103,2.7493807953016,0.1023534374954256,1.6581256874258958,14.943671201947277,1.5783620488165984,0.0775511603736248,1.2563287980527225,14.013632224560135,4.78020404948186,0.1349609737925842,2.186367775439864,17.699538179959145,2.248614753155187,0.0925640851826633,1.4995381799591456,12.637543427513872,12.691096830849604,0.2199047266966745,3.562456572486127,19.02801734938664,7.997682128431824,0.1745689721843603,2.828017349386638,10.528825284874133,32.16222264948296,0.3500725132793745,5.671174715125867,11.809603365285527,19.27558261011216,0.2710121379453378,4.390396634714472,14.05741882748522,4.590654080814806,0.1322580970688135,2.142581172514779,11.279380442690703,24.21249682777473,0.3037419479820553,4.920619557309296,9.620447321233268,43.29051345266647,0.4061452270843661,6.579552678766731,12.65540469312509,12.564155889519627,0.2188021794367227,3.5445953068749088
2023-12-26 12:00:00,13.54,15.39,rw_arma_3m,ARMA (3 Months),18.754428240243648,27.19026187265048,0.3851128685556609,5.214428240243649,14.117687792801162,0.3337231859514789,0.0426652727327298,0.5776877928011626,12.922096017605815,0.3818053314585919,0.0456354492167048,0.6179039823941839,15.489598309549535,3.800933568598409,0.1439880583123734,1.949598309549536,14.637146909513572,1.203731341055183,0.0810300524012978,1.0971469095135724,13.441685386857957,0.0096657631572694,0.0072610497150695,0.0983146131420422,9.453676919079484,16.69803632166373,0.301796387069462,4.086323080920515,13.872700494069404,0.1106896187540261,0.0245716760760269,0.3327004940694049,14.388804961375918,0.7204698624563749,0.0626886972951195,0.8488049613759188,13.256128269850452,0.0805831591780975,0.020965415816067,0.2838717301495475,11.312578310359475,4.961407383481046,0.1645067717607477,2.227421689640524,13.125935564098414,0.1714493570784976,0.0305808298302499,0.4140644359015848
2023-12-27 12:00:00,8.22,9.86,rw_arma_3m,ARMA (3 Months),11.03470960251259,7.922590146476581,0.3424220927630887,2.8147096025125897,13.197123332907951,24.771756670976742,0.6054894565581448,4.977123332907951,11.564008634193945,11.182393745563648,0.4068137024566842,3.344008634193944,6.712784621540797,2.2716981970639214,0.1833595350923605,1.507215378459204,5.308095385261373,8.479188485336117,0.3542463034961834,2.911904614738628,6.7220975977739394,2.243711606594605,0.182226569613876,1.4979024022260612,10.120973712121684,3.613701054177691,0.2312620087739273,1.900973712121683,11.62572412161936,11.598956792579957,0.414321669296759,3.4057241216193592,13.00565185817694,22.90246370767239,0.5821960898025472,4.785651858176939,4.403320075365372,14.567045647108998,0.4643162925346263,3.816679924634629,5.012428080358002,10.288517619675856,0.3902155620002431,3.2075719196419987,5.682495149677455,6.438930865410447,0.308698886900553,2.537504850322546
2023-12-28 12:00:00,8.88,11.92,rw_arma_3m,ARMA (3 Months),8.32436729410002,0.308727703865735,0.0625712506644123,0.5556327058999813,9.012901802677636,0.017662889154965,0.0149664192204543,0.1329018026776349,8.419523064944093,0.212039007718483,0.0518555107044941,0.4604769350559081,10.501597415997733,2.6295781795705206,0.1826123216213661,1.6215974159977318,10.037009433711848,1.3386708296982095,0.1302938551477305,1.1570094337118473,10.43093741938057,2.405406878834858,0.174655114795109,1.5509374193805687,7.479370033112881,1.961764304142215,0.1577285998746756,1.40062996688712,9.151337577007638,0.0736240806963754,0.0305560334468059,0.2713375770076371,9.767088030599488,0.7869251740328777,0.0998973007431855,0.8870880305994877,10.036169562521444,1.336728057301025,0.130199275058721,1.156169562521443,9.189339293025578,0.0956907982095636,0.0348355059713487,0.3093392930255767,10.597569333573045,2.9500444156305505,0.1934199699969644,1.717569333573044
2023-12-29 12:00:00,10.77,16.0,rw_arma_3m,ARMA (3 Months),11.13082678058854,0.1301959655898909,0.0335029508438756,0.3608267805885408,10.05070638526814,0.5173833041940236,0.06678677945514,0.7192936147318587,9.45676446428272,1.7245875722706492,0.121934590131595,1.3132355357172791,10.686028790166276,0.0070511640809392,0.0077967697152946,0.0839712098337237,10.287287460772308,0.2330113955276453,0.0448201057778729,0.4827125392276912,10.031291343932844,0.5456904785485426,0.0685894759579531,0.7387086560671552,7.386200591057134,11.450098439962089,0.3141875031516125,3.383799408942866,9.374100785170548,1.9485346179614809,0.1296099549516668,1.395899214829452,9.086673668725492,2.8335875375620927,0.1562977094962402,1.6833263312745077,9.663612300391888,1.2240937418441291,0.1027286629162592,1.1063876996081117,10.71783876910881,0.0027207940080839,0.0048431969258299,0.0521612308911887,10.389742171217891,0.144596016350083,0.0353071335916534,0.3802578287821081
2023-12-30 12:00:00,9.84,11.46,rw_arma_3m,ARMA (3 Months),9.413179446172904,0.1821757851692685,0.043376072543404,0.4268205538270955,11.351523854751482,2.2847043634827804,0.1536101478405978,1.5115238547514824,10.987688405857782,1.3171886769403762,0.116635000595303,1.1476884058577816,9.79914270642822,0.0016693184380105,0.0041521639808718,0.0408572935717792,8.849922934240846,0.980252596142256,0.1006175879836538,0.990077065759154,9.384582003702198,0.207405551351905,0.0462823166969311,0.4554179962978022,9.022310592081348,0.6686159678223547,0.0830985170649036,0.8176894079186514,11.27250426156007,2.05206845938776,0.1455797013780558,1.4325042615600694,13.331603458129551,12.191294708822245,0.3548377498099138,3.491603458129552,7.7565421316939185,4.34079668900652,0.2117335232018375,2.0834578683060814,8.57216976046565,1.6073935162777266,0.1288445365380436,1.2678302395343497,8.369602206124895,2.162069672232774,0.1494306701092586,1.4703977938751045
2023-12-31 12:00:00,14.36,25.0,rw_arma_3m,ARMA (3 Months),8.02991187777207,40.07001563517111,0.4408139360882959,6.330088122227929,8.746614367643716,31.510098257543955,0.3909042919468164,5.613385632356284,9.627617101208822,22.39544790077119,0.3295531266567673,4.732382898791178,10.809115583896148,12.608780136529193,0.2472760735448365,3.550884416103852,9.942710234881046,19.51244886902466,0.3076107078773644,4.417289765118953,10.24268367489047,16.95229372101344,0.2867211925563739,4.117316325109529,10.457840651828016,15.226847578525994,0.2717381161679654,3.902159348171983,11.036971222542457,11.04252025581097,0.2314086892379904,3.3230287774575427,12.843599306294085,2.29947106387178,0.1055989341020832,1.516400693705915,9.793990061587268,20.84844675768384,0.3179672659061791,4.566009938412732,13.178401085853126,1.3961759939130691,0.082284046946161,1.181598914146873,10.94285236859864,11.676897934791922,0.2379629269778105,3.41714763140136
2024-01-01 12:00:00,15.02,20.63,rw_arma_3m,ARMA (3 Months),12.839790172527325,4.753314891808431,0.1451537834535735,2.180209827472675,13.627194653469685,1.93990673332343,0.0927300497024177,1.3928053465303147,13.33230090202635,2.8483282453010688,0.1123634552578994,1.687699097973649,14.594627545336392,0.1809417251865428,0.0283204031067648,0.4253724546636075,12.01061615158512,9.05639114710035,0.2003584453005912,3.0093838484148794,17.84788916569548,7.996957133457885,0.1882749111648123,2.827889165695481,12.344318734599243,7.159270234016593,0.1781412293875337,2.6756812654007565,8.8081094594395,38.58758408790502,0.4135746032330559,6.2118905405605,11.214046483687826,14.485282168329002,0.2533923779169224,3.805953516312174,11.087856144822718,15.461755297808455,0.2617938651915634,3.932143855177282,12.206080190678875,7.918144693289832,0.1873448608069989,2.813919809321124,11.44024728789675,12.814629479810575,0.2383324042678595,3.57975271210325
2024-01-02 12:00:00,10.88,12.33,rw_arma_3m,ARMA (3 Months),12.335417741934847,2.118240803538728,0.1337700130454822,1.4554177419348466,14.5395475617383,13.392288356624723,0.3363554744244759,3.6595475617382975,13.542954735051614,7.091327920933809,0.2447568690304791,2.6629547350516134,10.58710750999132,0.0857860107034852,0.0269202656257978,0.2928924900086809,7.892256519280969,8.926611106579076,0.2746087758013816,2.987743480719032,12.113977970010096,1.5227016304702343,0.1134170928318101,1.2339779700100948,10.38556869006006,0.2444623202489259,0.045444054222421,0.4944313099399409,11.56556393651261,0.4699979110466657,0.0630113912235854,0.6855639365126098,12.443625397354324,2.444924383251467,0.1437155696097724,1.5636253973543237,7.197659423860014,13.559632118686974,0.3384504206011017,3.682340576139987,7.424357806677578,11.941462968270208,0.3176141721803697,3.455642193322423,8.169564306344094,7.346461649443975,0.2491209277257266,2.7104356936559064
2024-01-03 12:00:00,10.29,12.84,rw_arma_3m,ARMA (3 Months),8.653673628271104,2.6775639948154506,0.1590210273789014,1.6363263717288952,9.107482376133996,1.398347930753698,0.114919108247425,1.1825176238660031,10.268917846860074,0.0004444571810152,0.0020488001107799,0.0210821531399254,14.31141881311517,16.171809270476626,0.3908084366487046,4.0214188131151705,14.074837536941704,14.32499518104295,0.3678170589836448,3.784837536941705,11.278077188325817,0.9762965300898534,0.0960230503717995,0.9880771883258176,8.123800449597756,4.692420492162882,0.2105150194754367,2.1661995504022435,8.478955527219302,3.279882082389513,0.1760004346725653,1.8110444727806967,10.110319509137268,0.032285078796672,0.0174616609196045,0.1796804908627312,11.67567931140579,1.9201071540580283,0.1346627124786969,1.3856793114057917,10.55421217984754,0.0698080759797888,0.0256765966810048,0.2642121798475401,10.504261880052272,0.0459081532435347,0.0208223401411344,0.2142618800522733
2024-01-04 12:00:00,8.36,9.33,rw_arma_3m,ARMA (3 Months),13.294928268042172,24.35351701072172,0.5903024244069585,4.934928268042173,11.391032127796011,9.18715575973162,0.3625636516502407,3.031032127796012,10.624257663521142,5.126862766814224,0.2708442181245386,2.2642576635211427,7.269680816719793,1.1887959214288155,0.1304209549378237,1.0903191832802062,8.063290705166846,0.0880364056403871,0.0354915424441571,0.2967092948331533,6.096499487256707,5.123434571189149,0.2707536498496762,2.263500512743293,9.632443363735335,1.6191121139140967,0.1522061439874804,1.272443363735336,11.537516130998942,10.096608762758487,0.3800856616027443,3.177516130998942,11.19731923226922,8.050380425804795,0.3393922526637823,2.83731923226922,5.471460454442821,8.343660706247672,0.3455190843967917,2.8885395455571787,6.372839572428677,3.948806564905442,0.2376986157381965,1.9871604275713224,6.950670588128729,1.98620939116542,0.1685800731903433,1.40932941187127
2024-01-05 12:00:00,6.3,7.29,rw_arma_3m,ARMA (3 Months),8.708677639392395,5.80172797050892,0.3823297840305389,2.408677639392395,9.787379647276351,12.16181680423733,0.5535523249645002,3.4873796472763514,9.076592299227205,7.709464796127815,0.4407289363852706,2.7765922992272047,9.020704483427336,7.402232886141607,0.4318578545122755,2.720704483427336,9.076215344907654,7.707371641300725,0.4406691023662943,2.776215344907654,7.00218913008932,0.4930695744155965,0.1114585920776699,0.7021891300893204,7.318261501196619,1.0368564848191926,0.161628809713749,1.0182615011966192,10.03029841159594,13.915126239555192,0.5921108589834826,3.73029841159594,8.712812658085154,5.8216649230159465,0.3829861362039927,2.412812658085154,6.958768238828229,0.4339755924888471,0.1045663871155919,0.6587682388282294,7.517329562543353,1.4818912638419923,0.1932269146894212,1.2173295625433536,8.06039593669067,3.0989938539170208,0.2794279264588365,1.7603959366906698
2024-01-06 12:00:00,5.42,6.2,rw_arma_3m,ARMA (3 Months),5.772447519371552,0.1242192539111603,0.0650272175962272,0.3524475193715517,5.956832248085339,0.2881888625843593,0.0990465402371474,0.5368322480853394,7.157866597254242,3.0201803098520377,0.3206395935893435,1.737866597254242,6.075593773340447,0.4298031956427658,0.1209582607639201,0.6555937733404473,5.837070940916623,0.1739481697570769,0.0769503581026979,0.4170709409166226,5.519175779523943,0.0098358352441817,0.0182981143033105,0.0991757795239429,5.978965427599971,0.3124423492520186,0.1031301526937216,0.5589654275999711,6.771005027013125,1.8252145830147344,0.2492629201131226,1.3510050270131249,8.626821635210378,10.283705000053365,0.5916645083413982,3.206821635210378,4.5596569804411775,0.7401901113035922,0.1587348744573473,0.8603430195588224,6.24185366644199,0.6754434490441424,0.1516335177937251,0.8218536664419904,5.681802486467631,0.068540541920634,0.0483030417836957,0.2618024864676309
2024-01-07 12:00:00,5.19,5.86,rw_arma_3m,ARMA (3 Months),7.080590631856512,3.574332937263604,0.3642756516101178,1.8905906318565115,6.374597125178562,1.4032703489813134,0.2282460742155225,1.184597125178562,6.511513629034081,1.7463982717228248,0.2546269034747746,1.3215136290340803,6.676330416502126,2.2091781070193828,0.2863835099233383,1.4863304165021258,6.388721972158581,1.436934366535756,0.230967624693368,1.1987219721585802,5.982805911222073,0.6285412128686606,0.1527564376150428,0.7928059112220724,6.1529822906857286,0.9273348921743324,0.1855457207486952,0.9629822906857282,8.952662493656467,14.157629041169098,0.7249831394328451,3.7626624936564665,5.752792179700983,0.3167350375325835,0.1084377995570294,0.5627921797009829,5.131946879902629,0.0033701647530398,0.0111855722730965,0.0580531200973712,7.91722907947926,7.437778451957292,0.525477664639549,2.72722907947926,6.970831955047437,3.171362452118076,0.3431275443251323,1.7808319550474367
2024-01-08 12:00:00,4.44,4.99,rw_arma_3m,ARMA (3 Months),4.539833516606852,0.0099667310380905,0.0224850262628044,0.0998335166068518,6.1178583981977095,2.815208804402582,0.3778960356301146,1.677858398197709,6.174802885900997,3.009541052930425,0.3907213706984225,1.7348028859009963,4.3988377997333306,0.0016943267307934,0.0092707658258265,0.0411622002666698,5.003374103860671,0.3173903809008138,0.1268860594280789,0.5633741038606708,4.404951560397636,0.0012283931185605,0.0078937927032351,0.035048439602364,3.8537838244743896,0.3436494044478737,0.1320306701634258,0.5862161755256108,4.199174827441465,0.0579967637378484,0.0542399037293998,0.2408251725585355,5.07170830486707,0.399055382438027,0.142276645240331,0.63170830486707,3.339460044062477,1.2111881946149656,0.2478693594453881,1.1005399559375233,5.47306435730646,1.0672219663370082,0.2326721525464998,1.0330643573064595,4.609586777063217,0.028759674954689,0.0381952200592829,0.1695867770632162
2024-01-09 12:00:00,3.65,3.98,rw_arma_3m,ARMA (3 Months),3.955212785648438,0.0931548445232793,0.0836199412735446,0.3052127856484379,4.169804099052845,0.27019630139214,0.1424120819322863,0.5198040990528452,5.214575132919032,2.4478953465486075,0.42865072134768,1.5645751329190325,2.889680962954733,0.5780850380934418,0.2083065854918539,0.7603190370452668,4.432620626438328,0.6124950449267209,0.2144166099831035,0.782620626438328,4.720725378628383,1.1464528364388935,0.2933494188022966,1.0707253786283828,3.939150585470277,0.0836080610778039,0.0792193384850073,0.2891505854702769,3.8567816818849936,0.0427586639631867,0.0566525155849297,0.2067816818849936,4.162261072691957,0.2624114065955149,0.1403454993676595,0.5122610726919574,3.04037597842784,0.3716414476778131,0.1670202798827835,0.6096240215721598,4.234476723128001,0.341613039878446,0.1601306090761646,0.584476723128001,3.825274920921764,0.0307212979041306,0.0480205262799353,0.1752749209217641
2024-01-10 12:00:00,3.22,7.52,rw_arma_3m,ARMA (3 Months),3.925579570736295,0.4978425306404141,0.2191240902907748,0.7055795707362948,3.938432994198848,0.5161459671535208,0.2231158367077165,0.7184329941988472,4.37888944781118,1.3430247522481016,0.3599035552208633,1.15888944781118,3.479009004567214,0.067085664446899,0.0804375790581409,0.259009004567214,4.517050225355231,1.6823392870940543,0.4028106289923076,1.2970502253552303,4.390089774253223,1.369110079811958,0.3633819174699449,1.1700897742532228,3.635707131088538,0.1728124188378626,0.129101593505757,0.4157071310885376,3.6759777815080255,0.2079157372289804,0.1416080066795109,0.4559777815080252,3.4428296688740567,0.0496530613305216,0.0692017605198933,0.2228296688740565,3.596638905079609,0.1418568648195666,0.1169686040619903,0.3766389050796088,4.341277080528327,1.2572622913181275,0.3482226958162505,1.1212770805283268,3.349950663496202,0.0168871749431031,0.0403573489118639,0.129950663496202
2024-01-11 12:00:00,3.9,4.67,rw_arma_3m,ARMA (3 Months),2.764355771211279,1.2896878143811288,0.2911908278945438,1.135644228788721,3.797064731795412,0.0105956694403504,0.0263936585139968,0.1029352682045878,3.836141205328332,0.0040779456569182,0.0163740499158122,0.0638587946716677,3.054964929219464,0.7140842708490652,0.2166756591744963,0.8450350707805359,3.94804022710914,0.0023078634206977,0.0123180069510616,0.0480402271091402,4.011366793183655,0.012402562624011,0.0285555879958091,0.1113667931836555,3.0582453792423827,0.7085508415667999,0.2158345181429787,0.8417546207576172,3.308330425620132,0.3500728852468542,0.1517101472768892,0.5916695743798681,3.380067628205233,0.2703296712401316,0.1333159927678889,0.5199323717947668,2.8605696155892284,1.0804155240363242,0.2665206113873773,1.0394303844107715,3.567130694573572,0.1108019744950724,0.0853511039554943,0.3328693054264278,3.3652183274473857,0.2859914372981715,0.1371235057827216,0.5347816725526142
2024-01-12 12:00:00,3.18,3.77,rw_arma_3m,ARMA (3 Months),4.839755325453455,2.7547877403711025,0.5219356369350485,1.6597553254534545,3.777356834578363,0.3568351878174816,0.1878480611881644,0.5973568345783629,4.225514734360423,1.0931010597647448,0.3287782183523341,1.0455147343604223,3.129302831275747,0.0025702029166553,0.0159425058881299,0.0506971687242532,3.717843369379149,0.2892754899851154,0.1691331350248895,0.5378433693791487,4.223432220004041,1.0887507977425603,0.3281233396239121,1.0434322200040405,3.974640299902435,0.6314532062290313,0.2498868867617719,0.7946402999024347,4.146803804062312,0.9347095955493572,0.3040263534787144,0.966803804062312,3.6420046647818296,0.2134483102801705,0.1452844857804495,0.4620046647818294,3.514738910846796,0.1120501384348992,0.1052638084423886,0.3347389108467959,4.073888235368494,0.7990361773301994,0.2810969293611615,0.8938882353684936,3.564169361687817,0.1475860984596247,0.1208079753735273,0.384169361687817
2024-01-13 12:00:00,4.84,6.24,rw_arma_3m,ARMA (3 Months),2.9815640804884733,3.453784066930653,0.3839743635354394,1.8584359195115263,3.0579968590683926,3.1755351942901138,0.3681824671346296,1.7820031409316073,3.476624768073085,1.8587920230317692,0.281689097505561,1.363375231926915,6.410717480874367,2.4671534047243178,0.324528405139332,1.5707174808743671,7.313231033930148,6.116871747195188,0.5109981475062289,2.473231033930148,5.025561165585412,0.0344329461734166,0.0383390837986388,0.1855611655854119,3.513751209310902,1.7589358548042944,0.2740183451836979,1.3262487906890978,3.571782802463781,1.6083748601266208,0.2620283465983923,1.2682171975362189,3.099906673627485,3.0279247844861628,0.3595234145397757,1.740093326372515,6.575994317771968,3.0136762713365624,0.3586765119363571,1.7359943177719686,5.913398180014725,1.152183652858924,0.2217764834741167,1.073398180014725,5.540137999900569,0.4901932189047694,0.1446566115497043,0.7001379999005692
2024-01-14 12:00:00,4.95,5.36,rw_arma_3m,ARMA (3 Months),3.9039092876600168,1.0943057784439738,0.2113314570383804,1.0460907123399834,4.868121609363385,0.0067040708532421,0.016541089017498,0.0818783906366151,5.074664868496653,0.0155413294372876,0.0251848219185156,0.1246648684966524,5.732836875868874,0.6128335742201387,0.1581488638118937,0.782836875868874,6.6083474684058485,2.750116325968086,0.33501969058704,1.6583474684058483,4.487315680370728,0.2140767796308021,0.0934715797230852,0.4626843196292718,5.070398837113371,0.0144958799782519,0.0243229973966404,0.1203988371133704,6.44319729563876,2.2296381637029064,0.3016560193209616,1.49319729563876,4.4400736693056295,0.2600248627354246,0.1030154203422971,0.5099263306943707,5.369674769516862,0.1761269121690307,0.084782781720578,0.4196747695168614,4.995005512837548,0.0020254961857707,0.0090920227954642,0.0450055128375481,5.409226937483839,0.2108893801107859,0.0927731186836038,0.4592269374838391
2024-01-15 12:00:00,3.85,4.29,rw_arma_3m,ARMA (3 Months),5.761634149589095,3.654345121875221,0.496528350542622,1.9116341495890947,4.611334454638744,0.5796301518200733,0.1977492089970763,0.7613344546387437,4.686262110343538,0.6993343171962276,0.2172109377515683,0.8362621103435379,3.840467956604562,9.085985129251332e-05,0.0024758554273864,0.009532043395438,3.894620014249636,0.0019909456716377,0.0115896140908144,0.0446200142496358,4.100100649500173,0.0625503348804083,0.0649612076623825,0.2501006495001729,4.727975033847988,0.7708401600603759,0.2280454633371397,0.8779750338479881,4.602787327676876,0.5666887607108922,0.1955291760199677,0.752787327676876,4.157317450085466,0.0944440151270326,0.0798227143079131,0.3073174500854656,3.768596701630828,0.0066264969853804,0.0211437138621225,0.0814032983691719,4.218939993455105,0.1361167187706525,0.0958285697285985,0.3689399934551045,4.989729969123874,1.2989844025191069,0.2960337582139932,1.139729969123874
2024-01-16 12:00:00,3.03,3.54,rw_arma_3m,ARMA (3 Months),2.705914414836204,0.1050314665109599,0.1069589389979524,0.3240855851637958,3.3130646434207187,0.0801255923548987,0.0934206743962768,0.2830646434207189,3.7913057548853946,0.5795864524216208,0.2512560247146517,0.7613057548853948,2.983348562405184,0.0021763566296629,0.0153965140576949,0.0466514375948157,3.614801763772997,0.3419931029120081,0.1930038824333323,0.584801763772997,3.174798406063096,0.0209665783984133,0.0477882528261043,0.1447984060630962,3.044917455285826,0.0002225304722046,0.0049232525695795,0.0149174552858259,3.4144486811356134,0.1478007884269127,0.1268807528500375,0.3844486811356136,3.8923502983699168,0.7436480370986848,0.2846040588679594,0.862350298369917,2.6975595958068896,0.1105166223400784,0.1097163050142277,0.3324404041931101,2.890986658351649,0.019324709156241,0.04587899064302,0.1390133416483507,2.7850700337787853,0.0599906883531253,0.0808349723502358,0.2449299662212145
2024-01-17 12:00:00,2.4,2.76,rw_arma_3m,ARMA (3 Months),3.5325305999500323,1.2826255598231802,0.4718877499791801,1.1325305999500324,3.4852008443608504,1.177660872601503,0.4521670184836877,1.0852008443608503,3.308154971751062,0.8247454527161722,0.3783979048962758,0.908154971751062,2.561267586961485,0.0260072346043802,0.0671948279006188,0.1612675869614852,3.3150145150447807,0.8372515627426355,0.3812560479353253,0.9150145150447808,3.121880322339955,0.5211111997816377,0.300783467641648,0.7218803223399552,3.453958846867377,1.1108292508900115,0.4391495195280739,1.0539588468673773,3.332119911919796,0.8688475301973687,0.3883832966332484,0.9321199119197964,3.2482230775101213,0.7194823892207414,0.3534262822958839,0.8482230775101214,2.521643517443853,0.014797145336113,0.0506847989349388,0.1216435174438532,3.1416739242486984,0.5500802099104641,0.3090308017702911,0.7416739242486985,2.8225610433127426,0.1785578353255536,0.1760671013803094,0.4225610433127427
2024-01-18 12:00:00,2.02,2.29,rw_arma_3m,ARMA (3 Months),2.821996206450162,0.6431979151604506,0.3970278249753276,0.8019962064501618,2.768138881823286,0.5597117864957966,0.3703657830808346,0.7481388818232859,2.7508092316628185,0.5340821330835992,0.3617867483479299,0.7308092316628185,2.507063702177128,0.23723104997849,0.2411206446421425,0.487063702177128,2.874612975584361,0.7303633380371553,0.4230757304873073,0.8546129755843608,2.339892385663334,0.1023311384053792,0.1583625671600663,0.319892385663334,2.9020887388787084,0.7780805432566302,0.4366775935043111,0.8820887388787084,2.6963965287932847,0.4575122641636048,0.3348497667293488,0.6763965287932847,2.75468314194334,0.5397593190557382,0.3637045257145248,0.7346831419433402,1.8489845778001053,0.0292462746302082,0.0846611000989577,0.1710154221998947,3.1209931995989297,1.2121860255630887,0.5450461384153117,1.1009931995989295,2.76516457156189,0.5552702387110153,0.3688933522583615,0.7451645715618902
2024-01-19 12:00:00,2.45,3.82,rw_arma_3m,ARMA (3 Months),1.7971481295751512,0.4262155647172237,0.2664701511938159,0.6528518704248489,2.042273293339225,0.1662410673244417,0.1664190639431734,0.407726706660775,2.382214916818071,0.004594817501981,0.0276673808905833,0.0677850831819291,2.8129883216838283,0.1317605216788422,0.1481584986464604,0.3629883216838281,3.39089414957893,0.8852818007118576,0.3840384283995631,0.9408941495789298,2.377376502310115,0.0052741724167127,0.029642243955055,0.0726234976898849,1.9756763667553847,0.2249829090543725,0.1936014829569859,0.4743236332446154,2.163673126282964,0.0819830786125716,0.1168681117212393,0.2863268737170363,2.1757595569244903,0.0752078206182519,0.1119348747246979,0.2742404430755099,2.1227396276539534,0.1070993513080731,0.1335756621820599,0.3272603723460467,3.235549212133799,0.6170875646840324,0.3206323314831832,0.785549212133799,2.603171867970312,0.0234616211375146,0.0625191297838008,0.153171867970312
2024-01-20 12:00:00,3.8,4.8,rw_arma_3m,ARMA (3 Months),2.932602047960404,0.7523792072024853,0.2282626189577884,0.867397952039596,2.735596700586287,1.1329543838027982,0.2801061314246613,1.064403299413713,2.7495392268645995,1.1034678358962229,0.2764370455619475,1.0504607731354003,3.7600741147426655,0.0015940763135818,0.0105068119098248,0.0399258852573343,3.1011181217623984,0.4884358797289175,0.1839162837467372,0.6988818782376014,4.328074911925644,0.2788631126052772,0.1389670820856959,0.5280749119256445,2.219932428756557,2.4966135296951526,0.4158072555903797,1.5800675712434429,2.980712731277132,0.671231628691377,0.2156019128218074,0.8192872687228681,2.994177771047533,0.6493494646739219,0.2120584813032807,0.8058222289524668,2.805519070654196,0.9889923188324944,0.26170550772258,0.994480929345804,3.6081234192363394,0.0368166222455535,0.0504938370430685,0.1918765807636604,3.4331515479586,0.1345777867651713,0.0965390663266842,0.3668484520413999
2024-01-21 12:00:00,8.16,14.07,rw_arma_3m,ARMA (3 Months),3.432390227538122,22.350294160677056,0.5793639427036615,4.727609772461879,3.69729172099883,19.915765183465584,0.5469005243873982,4.46270827900117,3.7166461299999183,19.743393614044702,0.5445286605392257,4.443353870000082,5.497419285409086,7.089336061711461,0.3262966561998668,2.6625807145909137,4.7433202523159705,11.673700498234204,0.4187107533926507,3.4166797476840296,5.089880431955685,9.42563416208861,0.3762401431426856,3.0701195680443147,4.645871885047564,12.349096408299165,0.4306529552637789,3.5141281149524364,4.578764691611789,12.825246334046406,0.438876876027967,3.581235308388212,4.364326822058274,14.407134873746244,0.4651560267085448,3.795673177941726,4.106438547344375,16.431360450455582,0.4967599819430913,4.053561452655625,6.758242483849373,1.9649241340847756,0.1717840093321846,1.401757516150627,5.176188862012313,8.903128907179378,0.3656631296553538,2.9838111379876877
2024-01-22 12:00:00,6.74,8.36,rw_arma_3m,ARMA (3 Months),6.133942419369039,0.3673057910402537,0.0899195223488072,0.6060575806309609,6.058317685956786,0.464690777279311,0.1011398092052246,0.681682314043214,6.538213781456823,0.040717677993955,0.0299386080924595,0.2017862185431775,4.706195435354599,4.136361007172472,0.3017514190868548,2.033804564645401,5.9392145527810944,0.6412573324775829,0.1188108972134875,0.8007854472189058,6.900893122545383,0.0258865968824034,0.0238713831669706,0.1608931225453824,5.538745248999325,1.4430129768016948,0.1782277078636017,1.2012547510006757,5.604025948420088,1.2904370458628804,0.1685421441513222,1.135974051579912,5.657441234557624,1.1719334806361208,0.1606170275137056,1.0825587654423758,5.954838570481875,0.6164784704029463,0.1164927936970512,0.7851614295181255,7.010506312308841,0.0731736649989283,0.0401344677016084,0.2705063123088411,6.531389121078003,0.0435184988046083,0.0309511689795248,0.2086108789219976
2024-01-23 12:00:00,5.02,5.91,rw_arma_3m,ARMA (3 Months),5.943447984133297,0.8527561793998499,0.18395378169986,0.923447984133297,5.291652336998423,0.0737949921967049,0.0541140113542676,0.2716523369984234,5.262380397972501,0.0587482573213079,0.048282947803287,0.242380397972501,5.184869167528744,0.0271818424016211,0.0328424636511442,0.1648691675287441,6.866822719479892,3.410754157187104,0.3678929720079467,1.846822719479892,5.473707230033856,0.2058502505849947,0.090379926301565,0.4537072300338565,5.277352957647845,0.0662305448100937,0.0512655294119214,0.2573529576478455,5.475008980408728,0.2070331722525908,0.0906392391252447,0.4550089804087287,5.304990547611577,0.0812196122279465,0.0567710254206328,0.284990547611577,4.641905245454935,0.1429556434144926,0.0753176801882598,0.3780947545450646,5.771048518674551,0.5640738774032378,0.1496112587001098,0.7510485186745512,4.877831398709391,0.0202119111929279,0.0283204385041052,0.1421686012906082
2024-01-24 12:00:00,5.12,6.88,rw_arma_3m,ARMA (3 Months),3.7016152968586886,2.0118151661052663,0.2770282623322874,1.4183847031413117,4.606375631738992,0.26380999167152,0.1003172594259782,0.5136243682610084,4.476128421320619,0.4145706098310779,0.1257561677108165,0.6438715786793807,5.9786553535710745,0.7372890162162667,0.1677061237443504,0.8586553535710744,6.161228137807885,1.084156034962875,0.2033648706656024,1.0412281378078845,5.924528113269403,0.6472654850408255,0.1571343971229302,0.8045281132694031,4.393865508637209,0.5272712995466998,0.1418231428442952,0.7261344913627914,4.589309922708551,0.2816319581356037,0.103650405720986,0.5306900772914487,4.693156943837681,0.1821949945939887,0.0833677844067029,0.4268430561623191,4.771854409224681,0.1212053523762959,0.0679971856983045,0.348145590775319,5.723102340864477,0.3637324335562116,0.1177934259500931,0.6031023408644769,4.696398479903158,0.179438247828355,0.0827346718939144,0.4236015200968417
2024-01-25 12:00:00,4.41,6.4,rw_arma_3m,ARMA (3 Months),6.310315453153831,3.6111988214952495,0.430910533594973,1.9003154531538309,5.761488495834441,1.8265211543728397,0.3064599763796918,1.3514884958344409,5.041827151391631,0.3992055492356632,0.1432714629005966,0.6318271513916311,2.343659282402587,4.269763961200993,0.4685579858497535,2.0663407175974133,2.8459165304544807,2.44635709970555,0.3546674534116824,1.5640834695455197,3.219114373856166,1.4182085745559925,0.2700420920961075,1.1908856261438343,7.012659281169593,6.77383533385822,0.5901721726008147,2.602659281169593,5.728503819321017,1.738452321564109,0.2989804578959222,1.318503819321017,5.119280488999577,0.5030788120754784,0.1608345780044391,0.7092804889995765,2.472125574396228,3.7553572894091496,0.4394273073931455,1.937874425603772,2.63006784124377,3.1681584897746133,0.4036127344118435,1.77993215875623,3.3151504309591364,1.198695578828965,0.2482652083992888,1.0948495690408635
2024-01-26 12:00:00,5.09,6.94,rw_arma_3m,ARMA (3 Months),4.309882949103635,0.6085826130992419,0.1532646465415255,0.7801170508963651,3.9912967424144457,1.2071488482291086,0.2158552568930362,1.0987032575855542,4.38847199922689,0.4921415358687168,0.1378247545723202,0.7015280007731102,5.793800963124798,0.4953357956953931,0.1382713090618463,0.7038009631247979,6.904955475050022,3.2940633764140506,0.3565727848821261,1.8149554750500216,6.46112126238535,1.879973516165197,0.2693754935924067,1.3711212623853504,3.886205879721457,1.449120284017191,0.2365017918032501,1.203794120278543,4.3379847251148655,0.5655269736605641,0.1477436689361757,0.7520152748851343,4.340341462493644,0.5619879228561686,0.1472806556986947,0.749658537506356,5.947118764348255,0.734652576197879,0.1683926845477907,0.8571187643482547,6.430065517927578,1.7957755923385084,0.2632741685515871,1.3400655179275782,6.692758550677693,2.56883497177046,0.3148838017048513,1.6027585506776931
2024-01-27 12:00:00,5.07,5.89,rw_arma_3m,ARMA (3 Months),4.4397565908939365,0.3972067547216333,0.1243083647151999,0.6302434091060638,4.783240460149854,0.0822310336950674,0.0565600670315869,0.2867595398501459,5.007654513216969,0.0038869597222131,0.0122969401938917,0.0623454867830313,4.482597697112087,0.3450414654380234,0.1158584423842037,0.587402302887913,4.985786599637314,0.007091896800646,0.0166101381385968,0.0842134003626862,4.534532092263159,0.28672588021607,0.1056149719402053,0.5354679077368409,4.560045550443715,0.2600535406222537,0.1005827316679063,0.5099544495562851,5.294498581820205,0.0503996132392832,0.0442797991755828,0.224498581820205,5.630569585284921,0.3142382599465084,0.1105659931528443,0.5605695852849211,4.330713276137042,0.5465448600800253,0.1458159218664611,0.7392867238629579,4.854086154164322,0.0466187888235531,0.0425865573640391,0.2159138458356784,4.573948459319766,0.2460671310112342,0.0978405405680935,0.4960515406802344
2024-01-28 12:00:00,8.27,13.54,rw_arma_3m,ARMA (3 Months),5.588327768881164,7.191365955153875,0.3242650823601978,2.681672231118836,5.373312470303514,8.39079864469913,0.3502645138689826,2.896687529696486,4.957893171962232,10.9700516403344,0.4004965934749416,3.3121068280377672,5.03649128206785,10.455578628943217,0.3909925898346009,3.23350871793215,5.567423211580973,7.3039212973013,0.3267928401957711,2.7025767884190266,5.823159105507259,5.987030362962033,0.2958695156581306,2.44684089449274,6.441742643817742,3.3425249604345386,0.2210710225129695,1.8282573561822577,5.940599957919547,5.426104556044415,0.2816686870713969,2.3294000420804526,6.273322834967998,3.9867197013602302,0.2414361747318018,1.9966771650320012,5.47099844810941,7.8344096874859295,0.338452424654243,2.7990015518905897,6.802317667555278,2.154091428970378,0.1774706568856978,1.4676823324447217,6.043098099711474,4.959092073508645,0.2692747158752751,2.2269019002885253
2024-01-29 12:00:00,6.02,7.5,rw_arma_3m,ARMA (3 Months),6.588917095792797,0.3236666618853112,0.0945045009622587,0.5689170957927976,7.149006339697951,1.2746553150781652,0.1875425813451746,1.129006339697951,7.339290582783203,1.740527641820445,0.2191512595985388,1.3192905827832035,3.1999987609936267,7.952406987997478,0.4684387440209922,2.820001239006373,3.990221902661773,4.119999124433992,0.3371724414183101,2.0297780973382267,4.072314984449781,3.793476919798856,0.3235357168688071,1.9476850155502188,7.752824124361781,3.0026794459701738,0.2878445389305284,1.7328241243617812,6.225402349635612,0.0421901252358303,0.0341199916338226,0.2054023496356123,6.452437648075287,0.1870023194728865,0.0718334963580212,0.4324376480752878,3.604118873455272,5.836481617595023,0.4013091572333435,2.415881126544728,4.56418797276225,2.1193886586500867,0.2418292404049418,1.4558120272377495,4.518868198194864,2.253396686390732,0.2493574421603214,1.5011318018051352
2024-01-30 12:00:00,5.19,5.9,rw_arma_3m,ARMA (3 Months),5.438309281198258,0.0616574991291953,0.0478437921383925,0.2483092811982574,5.01630952313576,0.0301683817533271,0.0334663731915684,0.1736904768642402,5.481285620448266,0.0848473126799309,0.0561243970035193,0.2912856204482654,3.844212188194295,1.811144834404789,0.2593040099818314,1.3457878118057054,4.292383914364792,0.8057146371910738,0.1729510762302906,0.8976160856352084,4.740023689152654,0.2024786803237877,0.0867006379281977,0.4499763108473464,5.083056673354103,0.011436875114091,0.0206056506061459,0.1069433266458972,5.11801341638532,0.0051820682205133,0.0138702473246011,0.07198658361468,5.385218472208813,0.0381102518915427,0.0376143491731815,0.1952184722088121,4.277366641992574,0.8328996461479106,0.1758445776507564,0.912633358007426,4.219264052297603,0.9423282801616724,0.1870396816382269,0.9707359477023978,5.791711471831189,0.3620566953332548,0.1159366997747954,0.6017114718311882
2024-01-31 12:00:00,4.62,5.5,rw_arma_3m,ARMA (3 Months),4.775004643893776,0.0240264396286361,0.0335507887215964,0.1550046438937755,5.328689280124894,0.5022404957639399,0.1533959480789813,0.7086892801248936,5.105924192624383,0.2361223209776584,0.1051783966719443,0.4859241926243829,3.941471471101384,0.46040096452932,0.1468676469477524,0.678528528898616,3.99391885397721,0.39197760140521,0.1355153995720324,0.62608114602279,5.546125290081517,0.8577080529285738,0.2004600194981638,0.9261252900815168,4.202178899953857,0.1745744716437689,0.0904374675424551,0.4178211000461429,4.680244699813174,0.0036294238555793,0.0130399783145397,0.0602446998131736,4.913728660410135,0.0862765259463325,0.0635776321234058,0.2937286604101352,3.655476935461146,0.9303047420274224,0.208771226090661,0.964523064538854,4.094693547781997,0.2759468687418652,0.113702695285282,0.5253064522180031,4.877505537788308,0.0663091019916458,0.0557371293914087,0.2575055377883082
2024-02-01 12:00:00,4.73,5.31,rw_arma_3m,ARMA (3 Months),5.132396551253178,0.1619229844604513,0.0850732666497204,0.4023965512531777,5.353669021757903,0.3889630487004592,0.1318539158050534,0.6236690217579026,4.907108547747838,0.0313674376853481,0.0374436675999657,0.1771085477478378,5.650170551383425,0.8467138436332761,0.1945392286222885,0.9201705513834249,5.51151401305824,0.610764152606394,0.1652249499066045,0.7815140130582394,5.963576975432317,1.521712154316742,0.2607985148905531,1.2335769754323165,5.489807819511103,0.5773079225902167,0.1606359026450534,0.7598078195111029,5.057572799653488,0.1073039390728237,0.0692542916814983,0.3275727996534874,4.874428500750893,0.0208595918291506,0.0305345667549456,0.1444285007508927,6.032752582667465,1.6971642916467486,0.2754233789994639,1.3027525826674644,6.366267029865805,2.6773697930258606,0.3459338329526013,1.6362670298658042,6.030236795965648,1.690615725583014,0.2748915002041538,1.300236795965648
2024-02-02 12:00:00,4.47,5.2,rw_arma_3m,ARMA (3 Months),4.289685765037727,0.0325132233300297,0.0403387550251169,0.1803142349622728,4.388393973279267,0.0066595435971449,0.0182563818167188,0.081606026720733,4.903555954515077,0.1879707656954794,0.0969923835604198,0.4335559545150769,5.247395334446654,0.604343506019426,0.1739139450663657,0.7773953344466547,5.200248345614336,0.5332626462724744,0.1633665202716635,0.7302483456143358,5.031574760434954,0.3153662115575764,0.1256319374574842,0.5615747604349544,4.072410037644824,0.1580777781655902,0.0889463003031713,0.3975899623551759,4.598060405975011,0.0163994675784847,0.0286488603970942,0.1280604059750114,4.80910291653835,0.1149907880048155,0.0758619500085795,0.3391029165383505,5.0997726868899855,0.396613637152632,0.1408887442706903,0.6297726868899858,4.855794062166735,0.1488370584031109,0.0863073964578826,0.3857940621667355,4.478929941041495,7.97438470045872e-05,0.0019977496737126,0.0089299410414955
2024-02-03 12:00:00,7.55,10.47,rw_arma_3m,ARMA (3 Months),4.446592464491413,9.63113833145148,0.4110473556965015,3.1034075355085866,4.3889998508020165,9.991921943229674,0.418675516450064,3.1610001491979838,5.512405770802329,4.151790242859651,0.2698800303573074,2.037594229197671,6.285990326983507,1.5977204534792613,0.1674184997372838,1.264009673016493,6.849361169375818,0.4908947709784205,0.0927998451157856,0.7006388306241815,5.764978528650313,3.1863016531794006,0.2364266849469783,1.7850214713496868,4.369978726522146,10.11253529977171,0.4211948706593184,3.1800212734778537,4.804542288981258,7.537538042992269,0.3636367829163896,2.7454577110187417,5.279533067157744,5.15502009313012,0.3007240970651994,2.270466932842256,6.580162809515197,0.9405841760474564,0.1284552570178547,0.9698371904848032,6.855759899453131,0.4819693172073271,0.0919523311982608,0.6942401005468692,5.72309917803607,3.3375666132924837,0.2419736188031695,1.82690082196393
2024-02-04 12:00:00,12.54,17.8,rw_arma_3m,ARMA (3 Months),8.488156271885467,16.41743759706107,0.323113534937363,4.051843728114532,7.693792690845735,23.48572528330022,0.3864599130107069,4.846207309154265,7.106806927567875,29.51958696232443,0.4332689850424342,5.4331930724321245,7.869753340306952,21.811203862374068,0.3724279632929065,4.670246659693047,8.857210048739365,13.562941825106304,0.2936834091914381,3.6827899512606335,9.236885558258892,10.910565015238664,0.2634062553222573,3.3031144417411067,8.950369679222987,12.885445839841672,0.2862544115452162,3.589630320777012,8.835076399835357,13.726458883056935,0.2954484529636876,3.7049236001646415,8.883793619716744,13.36784509522398,0.2915635071996216,3.656206380283255,7.850237637079915,21.99387102066177,0.3739842394673113,4.689762362920084,10.567266932793732,3.891675754449046,0.1573152366193195,1.972733067206267,11.164275670521832,1.8926174307181527,0.1097068843284025,1.3757243294781674
2024-02-05 12:00:00,9.06,11.73,rw_arma_3m,ARMA (3 Months),10.925058492737213,3.478443181331202,0.2058563457767342,1.865058492737212,10.189895166266032,1.2766630867513429,0.1247124907578401,1.1298951662660317,10.171236364132117,1.2348462569695655,0.1226530203236331,1.1112363641321163,7.946211140552796,1.2405256234287048,0.1229347526983669,1.1137888594472043,9.446774594003138,0.1495945865662916,0.0426903525389776,0.3867745940031373,9.972982264240352,0.8335366148174396,0.1007706693422021,0.9129822642403518,11.99504116281547,8.614466627421184,0.323955978235703,2.9350411628154696,9.040671800043002,0.0003735793135777,0.0021333554036421,0.0193281999569983,8.806678904254351,0.0641715775497764,0.0279603858438906,0.2533210957456493,7.152538364694614,3.6384098901619,0.2105366043383428,1.9074616353053864,12.401386566012842,11.164864183531092,0.368806464239828,3.341386566012842,10.08487002606268,1.0503585703217164,0.113120311927448,1.024870026062679
2024-02-06 12:00:00,7.93,10.13,rw_arma_3m,ARMA (3 Months),6.332314876546082,2.55259775370596,0.201473533852953,1.5976851234539176,6.80140773153676,1.2737205084350007,0.1423193276750617,1.1285922684632397,7.3143096075346685,0.3790746593741135,0.0776406547875575,0.6156903924653312,7.302049376405131,0.3943219856731841,0.0791867116765281,0.6279506235948684,7.787662599255586,0.0202599356506759,0.0179492308631039,0.142337400744414,8.662816523393154,0.5370200569580295,0.0924106586876613,0.7328165233931543,7.814551744742173,0.0133282996420764,0.0145584180652997,0.115448255257827,6.446051191810026,2.2021040653284425,0.1871309972496814,1.4839488081899734,7.293695642297028,0.4048832356317919,0.0802401459902865,0.6363043577029721,7.367122817828444,0.3168307222093904,0.0709807291515202,0.5628771821715555,8.829464203450046,0.8090358532880261,0.1134254985435115,0.8994642034500462,7.1486347340812415,0.6105316787842917,0.0985328204185067,0.7813652659187582
2024-02-07 12:00:00,5.65,6.54,rw_arma_3m,ARMA (3 Months),8.48136408709284,8.016622593679072,0.5011263870960779,2.8313640870928403,8.244511082389005,6.731487756639365,0.4592055013077884,2.5945110823890047,7.405428608693696,3.081529600220284,0.3106953289723355,1.7554286086936957,3.229831432409065,5.857215895555161,0.4283484190426434,2.4201685675909355,3.5925447607832592,4.233122061380417,0.3641513697728745,2.057455239216741,4.729076723127911,0.8480996818848262,0.1629952702428476,0.920923276872089,8.534612649547714,8.320990137930682,0.5105509114243741,2.884612649547714,7.307787125025414,2.7482581519000275,0.2934136504469758,1.657787125025414,7.027246767387835,1.89680865828024,0.2437604898031565,1.3772467673878346,3.299876266453729,5.523081562977465,0.4159511032825259,2.3501237335462712,3.736362884076702,3.66200701143924,0.33869683467669,1.9136371159232983,3.587378694712814,4.254406649024616,0.3650657177499444,2.0626213052871862
2024-02-08 12:00:00,4.1,4.86,rw_arma_3m,ARMA (3 Months),6.278723942261312,4.746838016582674,0.5313960834783689,2.1787239422613123,6.3457500185304205,5.043393145729386,0.5477439069586393,2.245750018530421,5.9108357824937166,3.279126231159632,0.4416672640228578,1.810835782493717,4.023330724660738,0.0058781777810474,0.0186998232534784,0.0766692753392614,5.205602451780246,1.2223567813824918,0.2696591345805479,1.1056024517802463,4.281915977790439,0.0330934229754517,0.044369750680595,0.1819159777904397,5.60379657860582,2.261404149826572,0.3667796533184928,1.5037965786058205,5.982073891879443,3.5422021344942345,0.4590424126535228,1.8820738918794435,5.942761034079813,3.395768228722902,0.4494539107511739,1.842761034079813,3.38920446383886,0.5052302942266018,0.1733647649173511,0.7107955361611396,4.522110066617927,0.1781769083401909,0.1029536747848603,0.4221100666179271,4.317560734708124,0.0473326732867388,0.0530635938312498,0.2175607347081243
2024-02-09 12:00:00,3.84,4.6,rw_arma_3m,ARMA (3 Months),3.339595975594829,0.2504041876408908,0.1303135480221799,0.5004040244051708,3.720761517762013,0.0142178156464187,0.0310516880828091,0.119238482237987,4.62050315472188,0.6091851745308072,0.2032560298754896,0.7805031547218801,4.021026862942202,0.0327707251066948,0.0471424122245318,0.1810268629422022,5.127279284066216,1.657087955186029,0.335228980225577,1.2872792840662155,5.125058296377481,1.6513748250885938,0.334650598014969,1.285058296377481,3.748957714663185,0.00828869771935,0.0237089284731288,0.0910422853368149,3.895213354265744,0.0030485144892745,0.0143784776733708,0.055213354265744,4.559166979675113,0.5172011446550244,0.1872830676237273,0.719166979675113,3.851103592848112,0.0001232897741366,0.0028915606375292,0.0111035928481122,4.667820273193147,0.6852864047095769,0.2155781961440487,0.8278202731931472,4.518192809640194,0.4599454870476606,0.1766127108438005,0.6781928096401941
2024-02-10 12:00:00,3.52,3.84,rw_arma_3m,ARMA (3 Months),5.36713981642285,3.41192550141464,0.5247556296655824,1.84713981642285,4.412606040585769,0.796745543690203,0.2535812615300479,0.8926060405857688,4.519547164086874,0.9990945332341123,0.2839622625246801,0.999547164086874,3.5064980690066267,0.0001823021405498,0.0038357758503901,0.0135019309933732,3.748831699934236,0.0523639468947921,0.0650090056631352,0.2288316999342359,4.104294393392036,0.341399938149367,0.1659927253954647,0.5842943933920357,4.613443369067693,1.195618401358107,0.3106373207578673,1.093443369067693,4.812889726474701,1.6715638448238272,0.3672982177484946,1.292889726474701,5.097203390791065,2.487570535922832,0.4480691451110979,1.5772033907910648,2.942792090476905,0.3331689708160215,0.1639795197508793,0.5772079095230951,4.059390695160073,0.2909423220252669,0.1532359929432026,0.5393906951600731,4.165332008592295,0.416453401313766,0.1833329569864474,0.6453320085922951
2024-02-11 12:00:00,3.64,4.73,rw_arma_3m,ARMA (3 Months),3.753063545818425,0.012783365393035,0.0310614136863805,0.113063545818425,4.2357498570367005,0.3549178921592489,0.1636675431419506,0.5957498570367004,4.365342526633165,0.526121780942583,0.199269924899221,0.7253425266331646,4.233777401345987,0.3525716023491926,0.1631256597104358,0.5937774013459864,3.6875916302842207,0.0022649632731099,0.0130746237044561,0.0475916302842205,3.8499722018931593,0.0440883255678615,0.0576846708497689,0.2099722018931591,4.1104180774717065,0.2212931676121763,0.1292357355691501,0.4704180774717064,4.780227197901159,1.3001180628335276,0.3132492301926259,1.1402271979011585,5.17749883550642,2.3639026691835983,0.4223897899742913,1.5374988355064203,4.932817118985816,1.671376103142785,0.3551695381829164,1.2928171189858155,4.37051104867926,0.5336463922424723,0.2006898485382582,0.7305110486792601,5.1970761624371775,2.4244861756300877,0.42776817649373,1.5570761624371774
2024-02-12 12:00:00,3.44,3.83,rw_arma_3m,ARMA (3 Months),2.995572058348202,0.1975161953208539,0.129194169084825,0.444427941651798,3.5027520052319256,0.0039378141606276,0.0182418619860249,0.0627520052319257,4.054160745045711,0.3771934207551027,0.1785351003039857,0.6141607450457109,2.886707191468657,0.3061329319725015,0.1608409327125997,0.5532928085313431,3.3614870745100145,0.006164279468996,0.0228235248517399,0.0785129254899854,3.410748323852506,0.0008556605574378,0.0085033942289226,0.0292516761474939,3.166082131546079,0.0750309986583394,0.079627287341256,0.2739178684539207,2.9510186416065727,0.2391027688562813,0.1421457437190195,0.4889813583934272,3.3953417408088904,0.0019943601139803,0.0129820520904388,0.0446582591911095,3.6018708433306363,0.0262021699205714,0.0470554777123943,0.1618708433306364,3.084216095415392,0.1265821867614693,0.1034255536583162,0.3557839045846078,3.1527238510377216,0.0825275857625971,0.0835105084192669,0.2872761489622784
2024-02-13 12:00:00,3.02,3.46,rw_arma_3m,ARMA (3 Months),4.673834358877774,2.735168086604657,0.5476272711515808,1.653834358877774,3.527540279300035,0.2575971351119577,0.168059695132462,0.5075402793000352,3.770554807329275,0.5633325188050854,0.2485280818971109,0.7505548073292752,4.034454930635749,1.0291188062911825,0.3359122286873341,1.014454930635749,4.347389198508285,1.7619620843164674,0.4395328471881738,1.327389198508285,3.9084461780999087,0.7893366113803346,0.2941874761920227,0.8884461780999087,3.1740319714413454,0.0237258482261074,0.0510039640534256,0.1540319714413454,3.348981674904514,0.1082289424229792,0.1089343294385807,0.3289816749045138,3.4434907347144104,0.179344402388951,0.1402287201041094,0.4234907347144103,3.7164797927145785,0.4850841016597422,0.2306224479187346,0.6964797927145785,3.2865579623342733,0.0710531472837998,0.0882642259385011,0.2665579623342733,3.919748266915144,0.8095469438168051,0.2979298897070013,0.899748266915144
2024-02-14 12:00:00,2.68,2.99,rw_arma_3m,ARMA (3 Months),2.844497585343132,0.0270594555837208,0.0613796960235565,0.1644975853431316,3.468300512558672,0.6214176981002649,0.2941419822980119,0.788300512558672,3.316902574152636,0.4056448889622536,0.2376502142360581,0.6369025741526357,3.1101405690031125,0.1850209091023212,0.1605002123145941,0.4301405690031123,2.814512267588346,0.0180935501317587,0.050191144622517,0.1345122675883456,2.69085338514464,0.0001177959690978,0.0040497705763581,0.0108533851446397,2.719423173674074,0.0015541866225362,0.0147101394306246,0.039423173674074,3.0478397636820382,0.1353060917456576,0.1372536431649395,0.3678397636820381,3.009984735600624,0.1088899257294134,0.1231286326867998,0.3299847356006236,2.5416429389087063,0.01914267635382,0.0516257690639156,0.1383570610912938,2.7772883878434595,0.0094650304091793,0.0363016372550221,0.0972883878434593,3.4457712870376342,0.5864056640512746,0.2857355548647888,0.7657712870376341
2024-02-15 12:00:00,2.21,2.57,rw_arma_3m,ARMA (3 Months),2.786507299214327,0.3323606660473975,0.2608630313187,0.576507299214327,2.691046763305724,0.2314059884869133,0.2176682186903728,0.481046763305724,3.0059346448348454,0.6335119588483715,0.3601514230021925,0.7959346448348454,2.366331565266881,0.024439558298793,0.070738264826643,0.156331565266881,2.4717560875735547,0.0685162493818144,0.1184416685853188,0.2617560875735547,2.5860751562453075,0.1414325231449324,0.1701697539571527,0.3760751562453075,2.7434949022853155,0.2846168107644183,0.2414004082738984,0.5334949022853155,2.6101532251923296,0.1601226036318233,0.1810648077793346,0.4001532251923296,2.7700232758991192,0.3136260695487811,0.2534041972394205,0.5600232758991193,1.9291969896527827,0.0788503306200593,0.1270601856774738,0.2808030103472172,2.362387395948013,0.0232219184438165,0.0689535728271552,0.1523873959480131,2.4731280997283456,0.0692363968666501,0.1190624885648622,0.2631280997283456
2024-02-16 12:00:00,6.33,59.86,rw_arma_3m,ARMA (3 Months),2.271134880335804,16.474386059626646,0.6412109193782299,4.058865119664196,2.251820929078798,16.631544534499717,0.6442620965120381,4.078179070921202,2.529021826814064,14.447435073035896,0.6004704854954085,3.800978173185936,2.788884912169109,12.53949606526358,0.5594178653761281,3.541115087830891,2.802078365238437,12.4462310610187,0.5573335915895045,3.527921634761563,3.410581246980051,8.523005855484554,0.4612035944739255,2.919418753019949,2.3402441933469,15.918151396722129,0.6302931764064928,3.9897558066531,2.4834002638107475,14.796329530451228,0.60767768344222,3.846599736189253,2.414466236949325,15.33140464958978,0.6185677350790956,3.915533763050675,2.8920318749059946,11.819624829162391,0.5431229265551352,3.437968125094005,2.4699153887988925,14.900253205631603,0.609807995450412,3.860084611201108,3.308642894223481,9.128598760626264,0.4773075996487392,3.021357105776519
2024-02-17 12:00:00,5.93,10.0,rw_arma_3m,ARMA (3 Months),6.358138372017631,0.1833024655939078,0.0721987136623324,0.4281383720176315,7.232122813591268,1.6955238216748398,0.2195822619884094,1.302122813591268,6.493410921925931,0.3174318669454279,0.0950102735119614,0.5634109219259313,4.242698511389902,2.846986313465852,0.284536507354148,1.687301488610098,4.561784663381138,1.8720132073590652,0.230727712751916,1.368215336618862,7.195799668203375,1.6022488000237758,0.2134569423614461,1.2657996682033756,6.844623908826219,0.8365368945965524,0.1542367468509644,0.9146239088262194,6.87520949105128,0.8934209819734211,0.1593945178838584,0.9452094910512808,6.444679212652599,0.2648946919366999,0.0867924473275884,0.5146792126525996,4.586734719365015,1.804361614159383,0.2265202834123076,1.3432652806349843,2.8818260645273783,9.29136434089465,0.5140259587643544,3.0481739354726214,4.605394432718697,1.7545799088726222,0.2233736201148908,1.3246055672813029
2024-02-18 12:00:00,9.1,13.56,rw_arma_3m,ARMA (3 Months),6.4029926423971855,7.273848686963714,0.2963744349014082,2.697007357602814,4.890944211184054,17.716150633365018,0.4625336031665874,4.209055788815945,4.964219129451535,17.104683409194617,0.4544814143459851,4.135780870548465,4.912345288094809,17.53645198614175,0.4601818364730979,4.187654711905191,8.0867703715321,1.0266342800051966,0.1113439152162526,1.013229628467899,6.755255720169684,5.497825737796986,0.2576642065747599,2.344744279830316,5.183260944323769,15.34084483025953,0.4304108852391462,3.9167390556762314,6.286174454147539,7.917614202491897,0.3092115984453253,2.8138255458524606,6.393071747553563,7.327460563892719,0.2974646431259821,2.7069282524464366,4.912219353756804,17.53750674104908,0.4601956754113402,4.187780646243196,11.135632363078026,4.143799117610628,0.2236958640745083,2.035632363078026,6.745605257123825,5.54317460528297,0.2587246970193599,2.354394742876175
2024-02-19 12:00:00,6.37,8.11,rw_arma_3m,ARMA (3 Months),8.249200071396459,3.531392908336455,0.2950078605017988,1.8792000713964585,6.512554811232022,0.0203218742053973,0.0223790912452153,0.1425548112320216,7.078467543958973,0.501926260843259,0.1112193946560396,0.7084675439589727,3.8907429630788313,6.146715455123134,0.3892083260472792,2.479257036921169,7.669098030671789,1.6876556932953193,0.2039400362122116,1.2990980306717883,5.686311087188873,0.4674305295008611,0.1073294996563778,0.6836889128111272,8.735754224606131,5.596793051241756,0.3713899881642277,2.365754224606131,5.49072014656988,0.7731330606480931,0.1380345138822794,0.8792798534301198,6.325627978920177,0.0019688762547082,0.0069657803892972,0.0443720210798233,4.455112838312868,3.666792841994202,0.300610229464228,1.9148871616871324,5.542429431726254,0.6848730454729308,0.1299168866991752,0.827570568273746,5.29852482368185,1.1480590534660102,0.1682064641001805,1.0714751763181498
2024-02-20 12:00:00,5.26,6.19,rw_arma_3m,ARMA (3 Months),5.08588287375403,0.030316773652155,0.0331021152558878,0.1741171262459699,7.029567558199942,3.131369343033707,0.3364196878707115,1.7695675581999426,5.612538565576188,0.1242834402185166,0.0670225409840662,0.3525385655761885,4.669882410243038,0.3482387697405658,0.1121896558473311,0.5901175897569617,7.031058632237008,3.136648678821224,0.336703162022245,1.7710586322370083,6.71495420196314,2.1168917298101984,0.2766072627306351,1.4549542019631403,5.927784818455653,0.4459365637598503,0.126955288679782,0.6677848184556536,6.839670789717026,2.495359803885213,0.3003176406306133,1.579670789717026,5.478192966960745,0.0476081708311329,0.0414815526541341,0.2181929669607454,4.347659789389724,0.8323646598964016,0.1734487092414972,0.9123402106102754,7.100085813885768,3.3859158024636486,0.349826200358511,1.840085813885768,5.064701473566964,0.0381415144269152,0.0371289974207292,0.195298526433036
2024-02-21 12:00:00,4.86,6.5,rw_arma_3m,ARMA (3 Months),4.743335321365709,0.0136106472408424,0.0240050779082903,0.116664678634291,5.187632448337634,0.1073430212037124,0.0674140840200893,0.327632448337634,4.93079235134891,0.0050115570095075,0.0145663274380473,0.0707923513489099,4.519209008638365,0.1161384997932463,0.0701216031608303,0.3407909913616356,5.179480485976451,0.102067780919749,0.0657367255095577,0.3194804859764506,4.940825374463887,0.0065327411572274,0.0166307354863963,0.0808253744638864,5.042226456194776,0.0332064813373063,0.0374951555956327,0.1822264561947753,4.067680697339282,0.6277698773687675,0.1630286630989133,0.7923193026607187,4.773235273297012,0.0075281177998442,0.0178528244244831,0.086764726702988,3.7163073252016376,1.3080329343874333,0.2353277108638606,1.143692674798363,5.077560213070832,0.0473324463114257,0.0447654759405003,0.2175602130708318,5.088961216252612,0.052423238547875,0.04711136136885,0.2289612162526113
2024-02-22 12:00:00,5.19,6.45,rw_arma_3m,ARMA (3 Months),4.775873395121019,0.1715008448685917,0.0797931801308248,0.4141266048789811,5.434798754245927,0.0599264300803574,0.0471673900281168,0.2447987542459264,5.016734443673802,0.0300209530090269,0.0333845002555295,0.1732655563261982,3.462730700112861,2.9834592343326083,0.3328071868761347,1.7272692998871393,4.457991068668813,0.5358370755486275,0.1410421833008068,0.7320089313311877,4.347071882128118,0.7105278118990344,0.1624138955437153,0.8429281178718826,4.166186150328666,1.0481947987788385,0.1972666377016059,1.0238138496713347,4.534671033051468,0.4294560549218311,0.1262676236895053,0.6553289669485327,4.911527787894976,0.0775467729146655,0.0536555321974998,0.278472212105024,3.3794395505155728,3.2781291412372524,0.3488555779353425,1.810560449484428,4.2027525950888895,0.9746574385037228,0.1902210799443373,0.9872474049111108,4.1767054279015134,1.0267658898442558,0.1952398019457585,1.013294572098487
2024-02-23 12:00:00,7.56,10.28,rw_arma_3m,ARMA (3 Months),5.202503695671867,5.557788824920804,0.3118381354931392,2.3574963043281327,5.447424217591853,4.462976436417394,0.2794412410592787,2.112575782408147,5.215333306127998,5.497461905352663,0.3101410970730161,2.3446666938720018,5.808670406253856,3.0671553459310337,0.2316573536701248,1.751329593746144,7.125132978780427,0.189109326144384,0.0575220927539117,0.4348670212195724,6.758038437494602,0.6431423477360982,0.1060795717599731,0.8019615625053973,8.93116724951171,1.8800996261335072,0.1813713293004907,1.3711672495117098,4.927116871558012,6.9320735680344665,0.348264964079628,2.632883128441988,5.341486303374534,4.921803022114788,0.2934541926753261,2.218513696625465,6.513661133414041,1.0948250237283892,0.1384046119822697,1.046338866585959,7.954961386393815,0.1559944967421244,0.0522435696288115,0.394961386393815,7.636553727190488,0.0058604731467557,0.0101261543902762,0.0765537271904888
2024-02-24 12:00:00,10.07,19.03,rw_arma_3m,ARMA (3 Months),9.763189178754825,0.094132880033139,0.030467807472212,0.3068108212451754,6.905835723301637,10.011935569934076,0.3142169093047034,3.1641642766983638,7.0157452386894725,9.328472146988029,0.3033023596137564,3.054254761310528,7.78650213371642,5.214362505321665,0.2267624494819841,2.2834978662835805,6.155760826002396,15.321268311257446,0.3887029964247869,3.914239173997604,6.679720473007335,11.493995271145607,0.3366712539218138,3.390279526992665,6.9780882142988485,9.559918490557685,0.3070418853725076,3.091911785701152,6.846527632308666,10.390774105269577,0.3201064913298246,3.2234723676913344,7.923362401838057,4.608052977842476,0.2131715589038672,2.146637598161943,5.786870009236361,18.34520251777893,0.4253356495296563,4.283129990763639,8.146278153863614,3.7007057413023854,0.1910349400334048,1.9237218461363863,7.311349536906571,7.610152377525594,0.2739474144084836,2.7586504630934297
2024-02-25 12:00:00,9.71,12.5,rw_arma_3m,ARMA (3 Months),11.571926542670518,3.4667704503009844,0.1917535059392911,1.861926542670517,8.381281542855074,1.7654927383575942,0.1368402118583858,1.3287184571449266,8.59155214439958,1.250925605697179,0.1151851550566859,1.1184478556004205,7.31000440435222,5.759978859128745,0.2471674145878249,2.3999955956477805,10.44926135537304,0.5465073515479819,0.0761340221805394,0.7392613553730385,8.286054683135118,2.027620265421431,0.1466473034876295,1.4239453168648826,13.49499355450989,14.3261762076814,0.3898036616385055,3.7849935545098887,10.457637060284917,0.5589611739114708,0.0769966076503517,0.7476370602849158,11.252623831372851,2.3796882851194523,0.1588696015831977,1.5426238313728504,5.839184645196242,14.983211510984551,0.3986421580642388,3.870815354803759,8.714355128584566,0.991308709975857,0.1025380918038552,0.9956448714154345,8.90385198240402,0.6498746262739287,0.0830224528935097,0.8061480175959801
2024-02-26 12:00:00,6.78,8.28,rw_arma_3m,ARMA (3 Months),8.773226090985814,3.9729502497865865,0.2939861491129518,1.9932260909858133,8.754292972588477,3.8978327416122434,0.2911936537741116,1.9742929725884768,8.184295878855592,1.9720469153707971,0.2071232859669013,1.4042958788555913,5.425298280187623,1.8352167496626128,0.1998085132466633,1.3547017198123772,7.983747011050411,1.4490068666127986,0.1775438069395886,1.2037470110504112,7.632083098044956,0.7260456059738895,0.1256759731629728,0.8520830980449556,7.48054914787999,0.4907691085953796,0.1033258330206474,0.7005491478799897,7.151311029954045,0.1378718809655336,0.0547656386362898,0.3713110299540449,7.7131242180480895,0.870720806307858,0.1376289407150574,0.9331242180480892,3.663790374764695,9.71076242840916,0.4596179388252662,3.1162096252353053,8.224754746155696,2.087316276539409,0.2130906705244389,1.444754746155696,5.810186180624643,0.940538844251418,0.1430403863385482,0.9698138193753572
2024-02-27 12:00:00,5.11,5.56,rw_arma_3m,ARMA (3 Months),5.08269175873723,0.0007457400408656,0.0053440785250039,0.0273082412627703,6.304567294445168,1.4269910209580483,0.2337705077192109,1.194567294445168,6.378530196672168,1.6091688598691285,0.2482446568830073,1.2685301966721676,7.213705282985811,4.425575917662409,0.4116840084120959,2.1037052829858105,7.310844374383465,4.843715960255344,0.4306936153392298,2.2008443743834647,7.088303256008425,3.9136837727335343,0.3871434943265018,1.9783032560084248,5.435121672417804,0.1057041018757494,0.0636245934281415,0.3251216724178034,5.807168547991994,0.4860439843092646,0.1364322011726014,0.6971685479919936,6.173106182843986,1.13019475600111,0.2080442627874727,1.0631061828439856,3.953506885371294,1.337476324183606,0.2263195919038564,1.1564931146287063,5.707019867829081,0.3564327225826533,0.1168336336260432,0.597019867829081,5.202195027524249,0.008499923100197,0.0180420797503422,0.0921950275242489
2024-02-28 12:00:00,4.15,4.79,rw_arma_3m,ARMA (3 Months),4.120586913424037,0.0008651296619251,0.0070874907411959,0.0294130865759632,5.711051141607518,2.436880666714134,0.3761569015921729,1.5610511416075177,5.39735542990911,1.5558955685237403,0.3005675734720746,1.24735542990911,5.114214060164462,0.9297087538188368,0.2323407373890269,0.964214060164462,5.287759466296823,1.2944966031480305,0.274158907541403,1.1377594662968225,4.653013719410855,0.2530228019155419,0.121208125159242,0.5030137194108546,4.461329376125756,0.0969259804388524,0.0750191267772906,0.311329376125756,4.630340639653939,0.230727130103155,0.1157447324467322,0.4803406396539387,5.065910169457049,0.8388914385148395,0.2207012456523008,0.9159101694570486,3.64507601677985,0.2549482288309027,0.1216684296916025,0.5049239832201504,5.55309020311071,1.9686621180652517,0.338094024845954,1.4030902031107093,4.991956821165807,0.7088912887076309,0.2028811617267004,0.8419568211658071
2024-02-29 12:00:00,5.13,8.65,rw_arma_3m,ARMA (3 Months),4.292997579657729,0.7005730516588201,0.1631583665384544,0.8370024203422712,4.537948895317252,0.3505245105560616,0.1154095720629137,0.5920511046827475,4.698507244136851,0.1861859983623746,0.0841116483164032,0.4314927558631485,4.942339049615178,0.0352166322993345,0.036581081946359,0.1876609503848216,5.067385277684827,0.0039206034506062,0.0122055988918465,0.0626147223151729,5.35134331189715,0.048992861721599,0.0431468444243957,0.2213433118971499,4.015328041720114,1.242493574575516,0.2172849821208355,1.114671958279886,3.607745833220538,2.3172577482774344,0.2967357050252363,1.522254166779462,4.517658581382894,0.37496201295401,0.1193647989507029,0.6123414186171061,3.782439863458548,1.8159183215956167,0.2626822878248444,1.347560136541452,5.221687676321753,0.0084066299892824,0.0178728413882558,0.0916876763217526,6.344264932155858,1.4744393254634711,0.2366988171843778,1.2142649321558583
2024-03-01 12:00:00,4.57,5.08,rw_arma_3m,ARMA (3 Months),6.579664700061045,4.0387522066714485,0.439751575505699,2.0096647000610446,5.547950584372706,0.9563873454749164,0.2139935633200668,0.9779505843727055,5.5750042904313775,1.010033623785476,0.219913411472949,1.0050042904313772,4.79670677833392,0.0513959633425451,0.0496076101387133,0.22670677833392,4.215136473768773,0.125928122249261,0.0776506621950169,0.3548635262312274,4.451296820095314,0.0140904449194844,0.0259744376159051,0.1187031799046867,5.551004083349128,0.962369011547663,0.214661725021691,0.981004083349128,5.36978818339609,0.6396611383000174,0.1750083552289036,0.7997881833960898,5.584653297627869,1.029521314387109,0.2220247916034724,1.014653297627869,3.2330127424916824,1.7875349267396132,0.292557386763308,1.336987257508318,4.193248337960699,0.1419418148493758,0.082440188630044,0.3767516620393012,4.036956013099334,0.2841358919709576,0.1166398220789203,0.5330439869006662
2024-03-02 12:00:00,5.51,7.23,rw_arma_3m,ARMA (3 Months),5.442836210773136,0.0045109745833106,0.0121894354313728,0.0671637892268641,4.73078912906492,0.6071695813834053,0.1414175809319563,0.7792108709350796,4.840552705420702,0.448159680219541,0.1214967866750086,0.6694472945792977,6.00858561081352,0.2485876113102908,0.0904874066812196,0.49858561081352,5.795539795188846,0.0815329746364883,0.0518221043899902,0.2855397951888463,5.757869155248801,0.0614391181237542,0.0449853276313613,0.247869155248801,5.015372687220629,0.2446561785473414,0.0897690222830074,0.4946273127793708,4.616676044243761,0.7980276899279751,0.1621277596653791,0.8933239557562391,5.49212114350892,0.0003196535094286,0.0032448015410307,0.0178788564910794,4.647876145368446,0.743257540724768,0.1564653093705179,0.8621238546315535,6.087020314224457,0.3329524430276913,0.1047223800770339,0.5770203142244572,5.72921793286343,0.0480565020889155,0.0397854687592432,0.2192179328634305
2024-03-03 12:00:00,9.94,18.87,rw_arma_3m,ARMA (3 Months),5.9568295565789455,15.865646781343075,0.4007213725775708,3.983170443421054,5.227546998243976,22.20721329375936,0.4740898392108676,4.712453001756024,5.546660646576122,19.30143067434293,0.4419858504450581,4.393339353423878,6.614666107100306,11.05784549926743,0.3345406330885003,3.3253338928996934,7.261139282685436,7.176294742771098,0.2695030902730949,2.6788607173145635,7.151718009738021,7.774516457219301,0.2805112666259536,2.788281990261978,6.87095718892608,9.419023776204506,0.3087568220396297,3.06904281107392,6.222292467391563,13.821349298013509,0.374014842314732,3.717707532608436,6.950475662642502,8.937255763652786,0.3007569755892855,2.989524337357498,5.349009988326555,21.07718928728533,0.4618702225023586,4.590990011673444,7.600229687479833,5.474525115350719,0.2353893674567572,2.3397703125201668,6.897675474796968,9.25573851665185,0.3060688657145907,3.042324525203031
2024-03-04 12:00:00,6.45,7.71,rw_arma_3m,ARMA (3 Months),8.488439452561627,4.155235401759745,0.3160371244281592,2.0384394525616267,9.883977492861568,11.79220142147982,0.5323996112963671,3.433977492861568,9.045297744477333,6.73557038248913,0.402371743329819,2.5952977444773326,5.271783446942154,1.3881942458995131,0.1826692330322242,1.1782165530578466,6.540906709919068,0.0082640299083095,0.0140940635533438,0.0909067099190679,5.257903549209022,1.421093947988447,0.1848211551613919,1.192096450790978,7.508167954733761,1.11971942042543,0.1640570472455442,1.0581679547337606,8.347936063141809,3.602161299774228,0.2942536532002804,1.8979360631418087,7.601556191247462,1.3260816616003606,0.1785358436042576,1.1515561912474617,5.183458495965707,1.6041273814414505,0.1963630238812858,1.2665415040342936,4.838929354644609,2.5955486243258363,0.2497783946287428,1.6110706453553911,4.879684294671407,2.465891414401636,0.2434597992757508,1.5703157053285928
2024-03-05 12:00:00,4.94,5.87,rw_arma_3m,ARMA (3 Months),5.183089755723069,0.059092629337501,0.0492084525755199,0.2430897557230684,5.319996801054704,0.144397568811808,0.0769224293633003,0.3799968010547037,5.798329786548494,0.7367300224763822,0.1737509689369419,0.8583297865484933,5.154632932180211,0.0460672955762747,0.0434479619797996,0.2146329321802103,7.16205228707555,4.937516366497681,0.4498081552784513,2.2220522870755497,6.968552319630643,4.1150245134788594,0.4106381213827211,2.0285523196306423,5.13984499308589,0.0399380212614992,0.040454452041678,0.1998449930858896,4.735990971116931,0.041619683865813,0.0412973742678278,0.2040090288830693,5.583244539581165,0.4137635377009847,0.130211445259345,0.6432445395811648,4.177535787090415,0.5813516759678338,0.1543449823703614,0.7624642129095855,6.653801747117156,2.937116428421816,0.3469234305905173,1.7138017471171558,4.316626257323732,0.3885948230582179,0.1261890167360866,0.623373742676268
2024-03-06 12:00:00,4.17,4.59,rw_arma_3m,ARMA (3 Months),4.085817568120144,0.0070866818372065,0.0201876335443298,0.0841824318798556,4.622459360647215,0.2047194730372869,0.1085034438002914,0.4524593606472153,4.969306813006572,0.6388913813187229,0.1916802908888661,0.7993068130065719,5.320985014866587,1.3247665044474386,0.2760155910951049,1.1509850148665874,4.980048526845221,0.6561786158441125,0.1942562414496932,0.8100485268452209,3.9150162196258615,0.0650167282538868,0.0611471895381626,0.2549837803741384,4.279194689294826,0.0119234801701936,0.0261857768093108,0.1091946892948261,4.090171886532265,0.0063725276998175,0.0191434324862673,0.0798281134677347,4.684028435370999,0.2642252323699577,0.1232682099211029,0.5140284353709994,3.7530490042316247,0.1738481328722396,0.0999882483857015,0.4169509957683752,5.125692138341141,0.913347463287063,0.2291827669882832,0.9556921383411412,3.8753851672789126,0.0867978996592742,0.0706510390218434,0.2946148327210873
2024-03-07 12:00:00,4.6,6.67,rw_arma_3m,ARMA (3 Months),4.235553669219297,0.1328211280195171,0.0792274632131961,0.3644463307807024,5.402945944067072,0.6447221890937628,0.1745534661015375,0.8029459440670728,4.698513196802187,0.0097048499441865,0.0214159123483016,0.0985131968021875,5.1043391740538775,0.2543580024853477,0.1096389508812778,0.5043391740538778,4.616074568738222,0.0002583917601198,0.0034944714648309,0.0160745687382224,4.48639461752332,0.0129061829276726,0.024696822277539,0.1136053824766794,4.064229352946083,0.2870501862445724,0.1164718797943296,0.5357706470539165,4.441567247672257,0.0251009370101438,0.034441902679944,0.1584327523277426,4.469795548741634,0.0169531991274921,0.028305315490949,0.1302044512583657,3.971879360307238,0.3945355380080438,0.1365479651506003,0.6281206396927614,4.5345882482271165,0.0042786972699972,0.0142199460375832,0.0654117517728831,4.14737263539699,0.2048715311874658,0.0983972531745673,0.4526273646030097
2024-03-08 12:00:00,10.11,16.39,rw_arma_3m,ARMA (3 Months),5.642603191497198,19.957634244621016,0.4418790117213453,4.4673968085028015,4.454198272994408,31.988093175199428,0.559426481405103,5.655801727005591,4.930653212589798,26.825633144256376,0.5122993855005146,5.179346787410202,8.974074592777301,1.2903265307740537,0.1123566179250938,1.1359254072226983,7.207101701277316,8.42681853272705,0.287131384641215,2.9028982987226835,7.039822789782537,9.42598810213868,0.3036772710403029,3.0701772102174623,4.723085381633495,29.018849105570744,0.5328303282261627,5.386914618366505,4.921032352938337,26.92538524225265,0.5132510036658421,5.188967647061663,5.022563193623754,25.88201325887173,0.5032083883656029,5.087436806376245,6.4593670507302745,13.32712093029377,0.361091290728954,3.650632949269725,6.846212892810495,10.652306281056433,0.322827607041494,3.263787107189504,7.511550313722109,6.751940772117665,0.2570177731234312,2.59844968627789
2024-03-09 12:00:00,18.64,27.0,rw_arma_3m,ARMA (3 Months),12.485375734630836,37.879399847870936,0.3301837052236676,6.154624265369165,8.076658446442988,111.58418477710428,0.5667028730449041,10.563341553557011,9.33578344263297,86.5684457463828,0.4991532487857849,9.304216557367033,12.623802761322944,36.19462921466544,0.3227573625899708,6.016197238677057,12.187636691412758,41.63299226600292,0.3461568298598306,6.452363308587243,14.374582885674489,18.193783159180978,0.2288313902535146,4.265417114325512,10.205889416518264,71.13422133439863,0.4524737437490201,8.434110583481736,9.189992463357369,89.30264244260255,0.5069746532533601,9.450007536642632,10.19471975594032,71.32275840070474,0.453072974466721,8.445280244059681,8.229849037876114,108.37124305420888,0.5584844936761741,10.410150962123886,9.903253912902272,76.33073219041746,0.468709554028848,8.736746087097728,10.313501738042213,69.33057330638606,0.4467005505342161,8.326498261957788
2024-03-10 12:00:00,21.91,31.61,rw_arma_3m,ARMA (3 Months),20.45531180672578,2.1161177396514117,0.0663938016099597,1.4546881932742188,16.131824368146624,33.38731363254416,0.263723214598511,5.778175631853376,14.073219746017276,61.415124749213525,0.3576805227742001,7.836780253982724,16.006342341976477,34.853173743139784,0.2694503723424702,5.903657658023523,19.8478690654224,4.252383991341882,0.0941182535179187,2.062130934577599,13.94097357661192,63.50538213665741,0.3637164045361971,7.96902642338808,23.048997330459688,1.2973149187942954,0.0519852729557137,1.138997330459688,18.353356153117147,12.64971545356966,0.1623297054716044,3.556643846882853,18.7644186816742,9.894681830200296,0.1435682938533,3.145581318325803,13.01317704566271,79.15345868082291,0.4060622069528658,8.89682295433729,18.57267292409395,11.137752011575625,0.152319811771157,3.3373270759060496,14.966946567232483,48.2059909702648,0.3168897048273627,6.943053432767517
2024-03-11 12:00:00,11.52,14.14,rw_arma_3m,ARMA (3 Months),17.697872516367898,38.16610882849383,0.5362736559347134,6.1778725163678985,14.118468847928602,6.752040353655398,0.2255615319382467,2.5984688479286024,14.787743842014883,10.678149817026194,0.2836583196193475,3.267743842014884,9.219682901651916,5.291458752952545,0.1996803036760489,2.300317098348083,14.92454154275922,11.590903116373337,0.2955331200311824,3.4045415427592207,16.905046627840235,28.998727184013497,0.4674519642222427,5.385046627840236,15.102177692805023,12.831997022829922,0.3109529247226583,3.582177692805024,13.054286235382744,2.3540342520849538,0.133184569043641,1.5342862353827442,13.909902401116373,5.711633486861806,0.2074568056524629,2.389902401116373,8.45115714606017,9.417796462177556,0.2663926088489435,3.068842853939829,17.521877596247354,36.02253468033592,0.5209963191186939,6.001877596247354,8.401696884676289,9.723814319037558,0.2706860343162943,3.11830311532371
2024-03-12 12:00:00,7.16,8.43,rw_arma_3m,ARMA (3 Months),7.735703735676605,0.3314347912719981,0.0804055496755034,0.5757037356766048,8.689421712346352,2.339130774196447,0.213606384405915,1.5294217123463518,9.18846355047705,4.114664375613956,0.2833049651504258,2.028463550477049,7.020577361758506,0.0194386720542185,0.0194724355085885,0.139422638241494,9.954821902189076,7.811029464955766,0.390338254495681,2.794821902189076,10.027233056984857,8.221025403066726,0.400451544271628,2.8672330569848565,8.592863825969923,2.0530987437731656,0.2001206460851847,1.432863825969923,8.827745520660006,2.781375121681514,0.2329253520474868,1.6677455206600058,9.39084687789688,4.976677792622258,0.3115707930023575,2.23084687789688,5.506960051581391,2.7325410710677978,0.2308715011757834,1.6530399484186091,9.841494602556343,7.190413303538802,0.3745104193514446,2.6814946025563438,8.33050877026019,1.3700907812560217,0.1634788785279594,1.1705087702601895
2024-03-13 12:00:00,5.61,6.44,rw_arma_3m,ARMA (3 Months),5.327221166601278,0.0799638686183421,0.0504062091619825,0.282778833398722,7.046731956585201,2.0641987150731382,0.2561019530454902,1.4367319565852004,7.29137071955931,2.8270074965913894,0.2997095756790212,1.6813707195593093,6.996843950512293,1.9233361430725424,0.2472092603408721,1.3868439505122927,7.609135177781033,3.9965414590416,0.356352081600897,1.9991351777810324,7.732927754740108,4.5068222518458745,0.3784184946060797,2.1229277547401075,5.84949818986983,0.0573593829509248,0.0426912994420373,0.2394981898698294,6.6417059469118085,1.0644171608931907,0.1839048033710887,1.0317059469118082,6.895506539328068,1.652527062655224,0.2291455506823649,1.2855065393280674,4.726827435095194,0.7799937794005347,0.1574282646889138,0.8831725649048066,6.976216246274241,1.8665468315836768,0.2435323077137683,1.3662162462742409,6.773242691498086,1.3531335593237108,0.207351638413206,1.1632426914980858
2024-03-14 12:00:00,6.5,8.19,rw_arma_3m,ARMA (3 Months),6.172410166205309,0.1073150992056331,0.0503984359684139,0.3275898337946907,6.397682016984652,0.0104689696483289,0.0157412281562073,0.1023179830153475,7.040416147213602,0.2920496121691933,0.0831409457251695,0.5404161472136018,5.656751763503814,0.7110675883539279,0.1297304979224902,0.8432482364961862,6.976000992847057,0.226576945191384,0.0732309219764703,0.476000992847057,7.230552902407945,0.5337075432166726,0.1123927542166069,0.7305529024079451,5.414670127260223,1.1779409326613408,0.1669738265753503,1.085329872739777,5.051550260767608,2.098006647082384,0.2228384214203679,1.4484497392323918,6.285224101017598,0.0461286867836988,0.0330424459972925,0.2147758989824018,4.898278399541296,2.5655120853759907,0.2464187077628774,1.6017216004587036,6.442808445071156,0.0032708739551789,0.0087987007582836,0.0571915549288437,6.814424207634116,0.0988625823463416,0.0483729550206332,0.3144242076341159
2024-03-15 12:00:00,8.95,13.4,rw_arma_3m,ARMA (3 Months),10.666344184972274,2.9458373612881434,0.1917702999969022,1.7163441849722751,7.198753876899029,3.066862983676179,0.1956699578883766,1.7512461231009704,8.654337638126158,0.0874162322288182,0.0330349007680269,0.2956623618738412,7.564035423392175,1.9208978076117047,0.1548563772746172,1.385964576607824,7.895377277566161,1.1122290866737607,0.1178349410540601,1.0546227224338385,8.164546619703431,0.616937012619305,0.0877601542230802,0.785453380296568,7.869546353246757,1.1673800827823804,0.1207210778495243,1.0804536467532424,6.914961716286922,4.1413808161778665,0.2273785791858187,2.035038283713077,7.501356071601448,2.098569231285988,0.1618596568043074,1.4486439283985515,6.596778546849692,5.537651207566843,0.2629297713017103,2.353221453150307,8.0026835947269,0.897408371699547,0.1058454084104021,0.9473164052730992,9.035357729138136,0.0072859419236195,0.0095371764400152,0.0853577291381366
2024-03-16 12:00:00,20.85,33.25,rw_arma_3m,ARMA (3 Months),14.567525619837651,39.4694843373963,0.3013177160749328,6.28247438016235,9.151613697890015,136.85224207339456,0.5610736835544358,11.698386302109986,11.449216095334076,88.37473802222591,0.4508769258832578,9.400783904665923,12.36983257356858,71.91323958030851,0.4067226583420346,8.480167426431422,11.754984935191166,82.71929902909967,0.4362117537078578,9.095015064808836,11.503067070735987,87.36515518415996,0.4482941452884419,9.346932929264014,10.329343815589276,110.68420655057965,0.5045878265904424,10.520656184410726,9.02600054939091,139.80696300800412,0.5670982949932418,11.823999450609092,10.311562969847891,111.05865503848123,0.5054406249473434,10.53843703015211,9.423838275733,130.55717174910424,0.5480173488857074,11.426161724267,12.20612890567512,74.71650749530522,0.4145741532050302,8.643871094324881,13.123826948061254,59.6937500285045,0.3705598586061749,7.726173051938748
2024-03-17 12:00:00,16.34,20.2,rw_arma_3m,ARMA (3 Months),22.30239827998888,35.55019324921434,0.3648958555684748,5.962398279988879,18.85398013371008,6.320096112688958,0.1538543533482302,2.5139801337100813,18.387630508355404,4.192790698747809,0.1253139845994739,2.047630508355404,20.697461482396324,18.987470570567574,0.2666745093265804,4.3574614823963245,17.257256318402334,0.8413591536490037,0.056135637601122,0.917256318402334,17.8445330212649,2.263619612076492,0.0920766842879376,1.5045330212649013,27.462199868288334,123.70332991015304,0.6806731865537536,11.122199868288334,21.642883482313813,28.12057322699668,0.3245338728466226,5.302883482313813,22.69218866691816,40.35030086012351,0.3887508364087001,6.35218866691816,13.420116221660924,8.525721279007675,0.17869545767069,2.9198837783390754,15.33656363299441,1.0068845426293755,0.061409814382227,1.0034363670055892,20.35037765755844,16.083128956243918,0.2454331491773831,4.01037765755844
2024-03-18 12:00:00,8.96,10.47,rw_arma_3m,ARMA (3 Months),11.618056903238076,7.065266500851584,0.2966581365221065,2.6580569032380748,12.52204797247633,12.688185758222724,0.3975499969281616,3.5620479724763285,12.767790720348112,14.499270169969185,0.4249766428959944,3.807790720348111,15.470686031538069,42.38903260126492,0.7266390660198736,6.510686031538068,12.588634021018205,13.16698485849074,0.4049814755600673,3.628634021018204,13.337358241287856,19.1612651725707,0.4885444465723051,4.377358241287855,11.059651829521458,4.408537805212803,0.2343361416876626,2.099651829521457,10.204309970052826,1.5483073015728623,0.1388738805862527,1.244309970052825,11.306162756073649,5.504479677987095,0.2618485218832196,2.346162756073648,9.206609733170684,0.0608163604945153,0.0275234077199422,0.2466097331706827,6.222723511058255,7.492682576913253,0.3054996081408199,2.7372764889417462,11.971791001013976,9.070885033788764,0.336137388506024,3.0117910010139752
2024-03-19 12:00:00,8.07,8.91,rw_arma_3m,ARMA (3 Months),5.036449247661144,9.20243016701564,0.3759046781089041,3.033550752338856,7.161581674866494,0.8252238534383644,0.1125673265345112,0.908418325133506,7.978861001373916,0.0083063170705653,0.0112935562114106,0.0911389986260839,11.345164803212022,10.72670448819884,0.4058444613645627,3.275164803212021,10.23846360673304,4.702234413725663,0.2687067666335861,2.16846360673304,10.87278775799277,7.8556192163541345,0.3473095115232675,2.8027877579927694,6.396680985103393,2.799996525614554,0.2073505594667419,1.6733190148966075,6.1305438295755375,3.761490236997523,0.2403291413165381,1.9394561704244628,7.683440355297519,0.1494283589125089,0.0479008233832071,0.3865596447024817,6.197587497238766,3.505928580496589,0.2320213758068443,1.8724125027612344,8.722735987169841,0.4260642689465866,0.0808842611115044,0.6527359871698408,8.44837623231992,0.1431685731846174,0.0468867698042031,0.3783762323199191
2024-03-20 12:00:00,6.97,7.72,rw_arma_3m,ARMA (3 Months),5.563154005768481,1.9792156514852712,0.201843040779271,1.406845994231519,9.06986508086928,4.409433357854146,0.3012718910859798,2.09986508086928,8.954986451224569,3.940171211545108,0.2847900216964948,1.984986451224569,8.26670527214587,1.681444562810896,0.1860409285718609,1.2967052721458705,7.775910864624922,0.6494923217204904,0.1156256620695728,0.8059108646249227,7.023705076812398,0.0028842352754255,0.0077051760132565,0.0537050768123981,6.381704935662072,0.3460910827243662,0.0844038829753124,0.5882950643379274,8.034249290205397,1.132626551702691,0.1526899985947484,1.0642492902053968,7.84066156045389,0.7580515528520037,0.1249155753879326,0.8706615604538905,6.445852200976518,0.2747309152211606,0.0752005450535842,0.5241477990234822,6.873069125671926,0.0093955943980047,0.0139068686266963,0.0969308743280734,6.974657747132124,2.1694608346810087e-05,0.0006682564034611,0.004657747132124
2024-03-21 12:00:00,6.04,6.45,rw_arma_3m,ARMA (3 Months),8.663844733393862,6.884561184958708,0.4344113797009705,2.623844733393862,6.961309041151544,0.848810349307578,0.1525346094621762,0.9213090411515444,9.200459866685756,9.98850656893135,0.5232549448155226,3.1604598666857564,8.049322828120705,4.037378227606986,0.3326693424040901,2.0093228281207045,8.001007575800864,3.8455507123483823,0.3246701284438517,1.9610075758008645,7.500008588619011,2.1316250788412754,0.2417232762614256,1.4600085886190106,6.980427667567337,0.8844041979261419,0.1556999449614796,0.9404276675673372,6.07773239330889,0.0014237335048167,0.0062470849849154,0.0377323933088895,7.368180265885022,1.764062818686408,0.2198973950140765,1.328180265885022,5.880805597830712,0.0253428576820371,0.0263566891008755,0.1591944021692883,7.757133021098652,2.948545812147384,0.2842935465395119,1.7171330210986522,7.82617959439086,3.1904375434182963,0.2957250984090827,1.7861795943908598
2024-03-22 12:00:00,8.49,12.71,rw_arma_3m,ARMA (3 Months),10.402364232335673,3.657136957116807,0.2252490261879473,1.9123642323356729,5.5498846698100905,8.644278154817721,0.3463033368892708,2.9401153301899097,8.4495854669918,0.0016333344782708,0.0047602512377149,0.0404145330081995,6.48270060352764,4.029250867078303,0.236431024319477,2.0072993964723604,7.561373515691591,0.8623471473589955,0.1093788556311435,0.9286264843084088,8.271657173795132,0.0476735897551291,0.0257176473739538,0.2183428262048679,8.41138847309382,0.0061797721625209,0.0092593082339434,0.0786115269061795,6.728882837439014,3.10153366026686,0.2074342947657227,1.7611171625609865,6.922977270223189,2.4555602356371686,0.184572759691026,1.5670227297768111,6.282946368635652,4.871085731718558,0.2599592027519845,2.2070536313643485,9.003042023392538,0.2632121177667096,0.0604289780203225,0.5130420233925381,8.37532971009209,0.013149275387564,0.0135065123566442,0.1146702899079095
2024-03-23 12:00:00,27.23,38.0,rw_arma_3m,ARMA (3 Months),12.443650947469065,218.6361183032825,0.5430168583375298,14.786349052530936,9.699478862712567,307.31917134488145,0.6437943862389803,17.530521137287433,10.139346625481812,292.09043276793,0.6276405939962612,17.09065337451819,11.408474788143725,250.32066002940377,0.58103287594037,15.821525211856276,11.997199502897738,232.0382109845189,0.5594124310357056,15.232800497102264,12.12183066070026,228.2567807849568,0.5548354513147169,15.10816933929974,12.946169193303446,204.0278225143336,0.524562277146403,14.283830806696557,11.795061112983475,238.2373384459349,0.5668358019469896,15.434938887016523,10.55742166829694,277.97486822677445,0.6122871219868917,16.67257833170306,9.876864698183647,301.1313048031449,0.6372800331184851,17.35313530181635,12.148398402828052,227.45470673581943,0.5538597722060943,15.081601597171948,14.65371833488407,158.16286052033112,0.461853898829083,12.57628166511593
2024-03-24 12:00:00,30.75,36.96,rw_arma_3m,ARMA (3 Months),25.97437801101268,22.80656538169922,0.155304780129669,4.7756219889873215,25.250431774359853,30.24525066847071,0.1788477471752893,5.499568225640147,24.186835667119816,43.0751260603906,0.2134362384676482,6.563164332880184,41.33904427014466,112.12785855508348,0.344359163256737,10.589044270144662,31.011258269838105,0.0682558835588003,0.0084962038971741,0.2612582698381054,22.434269425861576,69.15137498166057,0.2704302625736073,8.315730574138424,28.28531413529032,6.074676411699699,0.0801523858442172,2.464685864709679,24.839908437422626,34.92918227804827,0.1921980995960121,5.9100915625773744,30.2274802619781,0.2730268766224736,0.0169925118055902,0.5225197380218987,20.99950460268592,95.07216049304311,0.3170892812134661,9.750495397314085,23.165758994116427,57.520711635325874,0.2466419839311731,7.584241005883573,33.10822945388803,5.561246157185032,0.0766903887443261,2.358229453888029
2024-03-25 12:00:00,14.31,16.97,rw_arma_3m,ARMA (3 Months),20.104665279903244,33.57814570611614,0.4049381746962434,5.794665279903244,18.526683989296583,17.780423865590137,0.2946669454435068,4.216683989296582,20.63713142118829,40.03259202098814,0.4421475486504744,6.327131421188289,23.207026494314164,79.15708044052818,0.6217349052630442,8.897026494314163,19.218905579319493,24.097353986674044,0.3430402221746675,4.908905579319493,12.728538973642044,2.501018977889162,0.1105143973695287,1.5814610263579567,16.550619189224477,5.020374351120951,0.156577162070194,2.2406191892244767,15.626771794825524,1.7338879596480312,0.092017595725054,1.3167717948255238,18.153347114617706,14.77131704344024,0.2685777159061988,3.843347114617705,11.545915400345043,7.640163674049705,0.1931575541338195,2.764084599654957,22.775667540355123,71.66752690382235,0.591591023085613,8.465667540355122,17.826754386388902,12.367561414185582,0.2457550235072607,3.516754386388902
2024-03-26 12:00:00,18.34,32.48,rw_arma_3m,ARMA (3 Months),8.157620924023174,103.68084364689068,0.5552006039245816,10.182379075976826,10.335995783217736,64.06408350226825,0.436423348788564,8.004004216782263,10.378859526274296,63.379757642393535,0.4340861763209217,7.961140473725704,21.12146773328417,7.736562751300981,0.1516612722619504,2.7814677332841704,21.180554272538075,8.068748575234311,0.1548830028646714,2.840554272538075,16.484761046286238,3.4419115753769347,0.1011580672690164,1.855238953713762,10.290931769542366,64.78749937856237,0.4388804923913649,8.049068230457634,8.905831611640647,89.00353317991892,0.5144039470206845,9.434168388359351,10.41286057275502,62.83953949898186,0.4322322479413838,7.927139427244979,10.610131090407885,59.7508733594788,0.4214759492689267,7.729868909592115,20.78903112072884,5.99775343029834,0.1335349575097511,2.4490311207288364,12.533063790795971,33.72050813776485,0.3166268380154868,5.806936209204029
2024-03-27 12:00:00,13.55,16.12,rw_arma_3m,ARMA (3 Months),12.15435251488722,1.9478319027016289,0.1029998143994671,1.3956474851127805,19.88255843495544,40.10129633212526,0.467347485974571,6.332558434955438,19.649866245679966,37.2083682151858,0.4501746306774882,6.099866245679966,14.226609466741523,0.4578003704842478,0.0499342779883042,0.6766094667415228,13.343249643918464,0.0427457097398424,0.015258328862106,0.2067503560815371,10.202033671187875,11.20887853885974,0.2470823858901937,3.347966328812125,13.284599837854447,0.070437246066886,0.0195867278336201,0.2654001621455535,17.399187838146563,14.816247013335408,0.2840729031842481,3.8491878381465625,17.65548368583996,16.854996294698065,0.302987725892248,4.10548368583996,7.552209593849356,35.97348975611272,0.4426413583875014,5.997790406150645,11.436404094959752,4.46728764980291,0.1559849376413468,2.113595905040249,8.360194671417046,26.93407934858803,0.3830114633640556,5.189805328582954
2024-03-28 12:00:00,21.68,27.8,rw_arma_3m,ARMA (3 Months),16.326405003553493,28.660979385977072,0.2469370385814809,5.353594996446507,13.49153335701233,67.05098596332176,0.377696800875815,8.18846664298767,13.232922320890925,71.35312131690276,0.3896253542024481,8.447077679109075,24.80202352620656,9.74703089818723,0.1440047751940294,3.122023526206558,23.389607063250267,2.9227563107152035,0.0788564143565621,1.7096070632502671,19.73684289935457,3.77585951778875,0.089629017557446,1.943157100645429,12.172305472167997,90.3962552345666,0.4385467955642068,9.507694527832005,11.497344008376617,103.68648304374358,0.4696797044106726,10.182655991623385,13.44678940953584,67.78575662693119,0.3797606360915203,8.233210590464159,12.83676617424632,78.20278449695407,0.4078982391952804,8.84323382575368,24.479313338835123,7.836155168980245,0.1291196189499595,2.7993133388351232,15.350919877227335,40.05725520047604,0.2919317399802889,6.329080122772664
2024-03-29 12:00:00,24.31,29.75,rw_arma_3m,ARMA (3 Months),35.72388559105589,130.2767842857133,0.4695140103272682,11.413885591055893,16.491756434356127,61.12493245173181,0.3216060701622325,7.818243565643872,19.425431872818542,23.85900578907696,0.2009283474776411,4.884568127181456,18.26926029483253,36.49053618558671,0.2484878529480652,6.040739705167464,17.377110186099905,48.06496117167967,0.2851867467667665,6.932889813900093,22.54075936987504,3.130212407284972,0.0727783064633879,1.769240630124962,27.714880398323537,11.593210526887855,0.1400608966813467,3.404880398323538,21.38156010055198,8.575760244679124,0.120462357032004,2.928439899448019,21.375454212334425,8.611558979905762,0.1207135247908504,2.9345457876655736,14.110362549650706,104.03260411856785,0.4195655059789919,10.199637450349291,29.594292956014808,27.923752044987733,0.2173711623206421,5.284292956014809,17.36233435031769,48.27005797977552,0.285794555725311,6.94766564968231
2024-03-30 12:00:00,24.34,35.45,rw_arma_3m,ARMA (3 Months),38.34878607948706,196.2460874208305,0.5755458537176279,14.008786079487065,28.274006363417787,15.476406067411638,0.1616272129588244,3.934006363417786,24.41754278891867,0.0060128841132854,0.0031858171289511,0.0775427889186701,24.41418986160395,0.0055041355648134,0.0030480633362346,0.0741898616039513,25.044473556113704,0.4962829912634888,0.0289430384598892,0.7044735561137045,26.453927177933394,4.468688113605445,0.0868499251410597,2.1139271779333946,48.58767623534055,587.9498028138989,0.9962069118874508,24.247676235340556,41.81146498093308,305.25208857997103,0.7178087502437585,17.47146498093308,29.865080197861538,30.52651119280169,0.2269958996656342,5.525080197861538,20.20937425379738,17.062069055191937,0.1697052484060237,4.130625746202618,14.80075994182955,90.99710088740376,0.3919161897358442,9.53924005817045,23.146774239236493,1.4237877161496506,0.0490232440740964,1.1932257607635073
2024-03-31 12:00:00,29.38,41.1,rw_arma_3m,ARMA (3 Months),24.02654925759748,28.659434851330115,0.1822141164874922,5.353450742402522,17.222326371396278,147.80902805964638,0.4138078158136052,12.15767362860372,19.27828816811376,102.0445819344704,0.3438295381853723,10.101711831886238,28.58644634961835,0.629727396034042,0.0270099949074761,0.79355365038165,19.849259880287804,90.83500722949164,0.3243955112223348,9.530740119712195,27.58098864757461,3.2364418461554254,0.0612325171009322,1.7990113524253886,28.314188132473543,1.135954936960232,0.036276782420914,1.065811867526456,19.00224259892212,107.6978486756267,0.3532252348903295,10.37775740107788,25.505623751848155,15.010791312243157,0.131871213347578,3.874376248151844,16.454283479030117,167.07414758047375,0.4399495071807311,12.925716520969882,26.034994977281205,11.189058602013962,0.1138531321551666,3.3450050227187944,21.430485351863613,63.19478314093497,0.2705757198140363,7.949514648136386
2024-04-01 12:00:00,32.2,40.88,rw_arma_3m,ARMA (3 Months),18.39569620684875,190.55880321361005,0.4287050867438277,13.804303793151252,27.33353939556628,23.68243881450543,0.1511323169078795,4.866460604433723,26.65013539880017,30.800997091650977,0.1723560435155227,5.5498646011998325,31.791439196112457,0.1669219304732381,0.0126882237232157,0.4085608038875463,27.968035780514203,17.909521155008054,0.1314274602324782,4.2319642194858,30.417336968485785,3.1778874839274627,0.0553622059476465,1.7826630315142182,15.593505675872349,275.775653737284,0.5157296373952687,16.606494324127652,19.65369838501272,157.40968421423247,0.3896366961176174,12.546301614987282,21.125579648670872,122.64278611793284,0.3439260978673643,11.074420351329133,14.171730383395806,325.0185053689741,0.5598841495839812,18.0282696166042,13.875113621388955,335.8014607890047,0.5690958502674238,18.324886378611048,20.286821772529112,141.92381547948648,0.3699744791140028,11.91317822747089
2024-04-02 12:00:00,32.58,40.76,rw_arma_3m,ARMA (3 Months),19.13628515892189,180.73346872822376,0.4126370423903655,13.443714841078108,31.19525582318297,1.9175164352286735,0.0425028906328124,1.38474417681703,28.48131448473794,16.799222953019004,0.1258037297502166,4.0986855152620585,52.68649027511142,404.2709511831501,0.6171421201691657,20.10649027511142,47.45748253132626,221.339486469918,0.4566446449148637,14.877482531326258,51.16856055765065,345.5345836054455,0.5705512755571103,18.58856055765065,21.5505867694858,121.64795620944165,0.3385332483276304,11.029413230514198,24.78303036979668,60.79273541431287,0.2393176682075911,7.796969630203318,26.605291231837462,35.697144864358286,0.1833857817115572,5.974708768162536,22.44544371800749,102.70923103287384,0.3110667980967621,10.13455628199251,33.13775456663026,0.3110901565969073,0.0171195385706033,0.5577545666302584,27.827528174599266,22.58598845122777,0.145870835647659,4.7524718254007325
2024-04-03 12:00:00,16.93,19.39,rw_arma_3m,ARMA (3 Months),28.217017912289045,127.39677335233377,0.6666874136024245,11.287017912289045,24.708183963491244,60.500145769912365,0.4594320120195655,7.778183963491244,27.22203078774932,105.92589773597986,0.607916762418743,10.29203078774932,23.90977654286804,48.71728058837095,0.4122726841623179,6.979776542868041,19.7497078555478,7.950752390637978,0.1665509660689782,2.819707855547801,20.521992179651104,12.902407818674687,0.212167287634442,3.591992179651104,19.785290592230893,8.152684366082248,0.1686527225180681,2.8552905922308938,18.878299535615746,3.795871080480532,0.1150797126766536,1.948299535615746,24.11016319994725,51.55474357787676,0.4241088718220467,7.180163199947252,9.503690106663038,55.15007863187444,0.4386479558970444,7.426309893336962,10.546855744812136,40.74453058253783,0.3770315567151721,6.383144255187863,12.48758135438035,19.735083422949128,0.2623992112002156,4.44241864561965
2024-04-04 12:00:00,15.67,20.64,rw_arma_3m,ARMA (3 Months),21.641414907995834,35.657796003434896,0.381073063688311,5.971414907995834,16.9769816145454,1.7082009407597047,0.0834066122875176,1.3069816145454016,16.88524742741644,1.4768263098422794,0.0775524842001558,1.2152474274164415,30.875865067203,231.21833244198456,0.9703806679772176,15.205865067203002,23.95624955282569,68.66193165170392,0.528797035917402,8.286249552825689,24.611810440292345,79.95597395012118,0.5706324467321215,8.941810440292345,16.166108876432116,0.2461240172747363,0.0316597879024962,0.4961088764321157,16.171401629482453,0.2514035940476593,0.0319975513390206,0.5014016294824533,15.870437945155306,0.0401753698580814,0.0127911898631337,0.200437945155306,13.103541373143024,6.586709883368595,0.1637816609353526,2.566458626856976,13.676270985083027,3.974955384921802,0.1272322281376498,1.9937290149169729,15.66092852327993,8.229168988277446e-05,0.0005789072571837,0.0090714767200701
2024-04-05 12:00:00,22.7,29.03,rw_arma_3m,ARMA (3 Months),25.54702761743045,8.105566254411718,0.1254197188295353,2.8470276174304523,16.911128944896607,33.51102809261386,0.255016346039797,5.788871055103392,17.494592787558016,27.09626424734302,0.2293130930591182,5.205407212441983,31.63518947263985,79.83761091197404,0.3936206816140904,8.935189472639852,22.898959771876243,0.0395849908250467,0.0087647476597464,0.1989597718762432,22.75641287398648,0.0031824123514146,0.0024851486337656,0.0564128739864813,20.94276042687417,3.087890917359448,0.0774114349394638,1.7572395731258297,21.778716574692968,0.8487631497454562,0.0405851729210145,0.9212834253070312,18.40286530080313,18.46536662304178,0.1893010880703467,4.297134699196871,15.771771557890672,48.00034934605264,0.3052083014145078,6.928228442109328,21.824410195706463,0.7666575053827933,0.0385722380746051,0.8755898042935364,22.418579415492857,0.0791975453843414,0.0123973825774071,0.281420584507142
2024-04-06 12:00:00,29.7,34.7,rw_arma_3m,ARMA (3 Months),34.18766812496461,20.13916519982338,0.1510999368674953,4.48766812496461,23.748081562889595,35.42533308201475,0.2004012941788014,5.951918437110404,26.120571316635736,12.812309699290822,0.120519484288359,3.579428683364263,40.91105595136312,125.6877755445944,0.3774766313590275,11.211055951363118,27.50550362157492,4.815814354920803,0.0738887669503394,2.1944963784250824,27.57364445064917,4.5213879222550695,0.0715944629411053,2.12635554935083,36.68608107953328,48.8053288498129,0.2352215851694707,6.986081079533282,30.740760757121222,1.0831829535635418,0.0350424497347213,1.0407607571212232,29.747647192416565,0.0022702549451812,0.0016042825729483,0.0476471924165657,21.502299124359947,67.20229964646968,0.276016864499665,8.197700875640052,33.34026357710713,13.251518910812806,0.1225677972089943,3.640263577107131,28.692526592727152,1.015002666361961,0.0339216635445403,1.0074734072728475
2024-04-07 12:00:00,33.6,46.12,rw_arma_3m,ARMA (3 Months),30.98350918336492,6.846024193535718,0.0778717504950917,2.616490816635082,26.685651569453047,47.80821421900714,0.2057841794805641,6.914348430546955,31.27404328394999,5.410074644938155,0.0692249022633932,2.325956716050012,52.09515930237491,342.0709176202251,0.5504511697135389,18.49515930237491,36.29785170696785,7.278403832789321,0.0802932055645192,2.697851706967846,33.27527205296492,0.105448239585617,0.0096645222331868,0.324727947035079,37.66036225270374,16.48654162318139,0.1208441146638017,4.06036225270374,30.91069684385134,7.232351465671149,0.0800387844091863,2.689303156148661,33.450678388743874,0.0222969435881259,0.004444095573099,0.149321611256127,22.27565322108834,128.2408299690469,0.3370341303247517,11.32434677891166,23.125079425914908,109.72396103339118,0.3117535885144373,10.474920574085091,30.39072434543873,10.299450226959673,0.0955141563857521,3.209275654561271
2024-04-08 12:00:00,19.75,25.21,rw_arma_3m,ARMA (3 Months),26.250231084168146,42.25300414758578,0.3291256245148428,6.500231084168146,28.752568888284635,81.04624658831045,0.4558262728245384,9.002568888284635,29.34625908133188,92.08818835604455,0.4858865357636395,9.59625908133188,31.477614260341245,137.5369362393593,0.5938032536881643,11.727614260341245,23.70749803153629,15.661790669613604,0.2003796471663944,3.957498031536289,24.491832844603355,22.484978726159145,0.2400928022583977,4.741832844603355,20.662677911603623,0.8329809703291511,0.0462115398280315,0.9126779116036232,21.356298245490752,2.580194053466668,0.0813315567337089,1.606298245490752,22.946685057342567,10.21879535583725,0.1618574712578514,3.1966850573425667,12.994408558377309,45.63801572612575,0.3420552628669717,6.755591441622691,10.937364783873749,77.66253945250858,0.4462093780317089,8.812635216126251,18.1492398203984,2.5624331525981483,0.0810511483342582,1.6007601796016004
2024-04-09 12:00:00,21.64,26.11,rw_arma_3m,ARMA (3 Months),14.756218653573526,47.38644562540908,0.3181044984485431,6.883781346426474,18.313911327263607,11.062865858905342,0.1537009553020514,3.326088672736393,15.557364333042797,36.99845665693991,0.2810829790645658,6.082635666957204,37.10480300546912,239.1601319979668,0.7146396952619742,15.464803005469122,26.6363242199019,24.963255710378338,0.230883743988073,4.996324219901901,30.01955329797189,70.21691347355156,0.3872251986123793,8.379553297971889,17.01918858942335,21.351898092115366,0.2135310263667583,4.62081141057665,16.736915810142605,24.04023457282955,0.226575054984168,4.903084189857395,17.29826178285052,18.850690746256344,0.200634852918183,4.34173821714948,15.125200888391332,42.44260746461711,0.3010535633830253,6.514799111608669,14.58612952383171,49.75708869455867,0.3259644397489968,7.05387047616829,20.04339510806248,2.5491471809588324,0.0737802630285362,1.596604891937524
2024-04-10 12:00:00,18.63,21.58,rw_arma_3m,ARMA (3 Months),17.66353228499568,0.9340598441456722,0.051876957327124,0.9664677150043204,20.811144406093064,4.757390920231068,0.1170769944226014,2.1811444060930647,1.0000000000082696,310.8168999997083,0.9463231347284878,17.62999999999173,21.4893176756624,8.175697570355428,0.1534792096437144,2.8593176756624,18.387310269210843,0.0588983054305129,0.0130268239822413,0.2426897307891558,21.071226337102445,5.959586028962625,0.1310373771928312,2.441226337102446,14.362871353459573,18.20838688612593,0.2290460894546659,4.267128646540426,15.537347108938146,9.564501904593238,0.1660039125637065,3.092652891061853,17.174309385555784,2.1190351649809767,0.0781369089878805,1.4556906144442152,11.927074161974408,44.929214790071065,0.3597920471296613,6.702925838025591,12.293907300968952,40.14607069071454,0.3401015941508882,6.336092699031047,16.049260638520458,6.660215651889828,0.1385259990058798,2.580739361479541
2024-04-11 12:00:00,21.5,29.2,rw_arma_3m,ARMA (3 Months),22.004816859374166,0.2548400615083969,0.0234798539243798,0.5048168593741664,20.345512808040176,1.3328406763992786,0.0536970786958057,1.1544871919598236,20.122988118237885,1.896161722514042,0.0640470642680053,1.3770118817621153,23.199886727179305,2.889614885240368,0.0790644989385723,1.6998867271793046,21.664366935024056,0.0270164893292021,0.0076449737220491,0.1643669350240557,24.378768985602964,8.287310872469517,0.1338962318885099,2.878768985602964,18.31213740383982,10.162467931997124,0.1482726788911711,3.18786259616018,17.670833403884167,14.662516820809314,0.1781007719123643,3.829166596115833,18.128415384922825,11.367582816625104,0.156817889073357,3.3715846150771758,12.535786737116672,80.35711942245337,0.4169401517620152,8.964213262883328,22.035652191785594,0.2869232705647111,0.0249140554318881,0.5356521917855943,16.13381987829937,28.79588909853499,0.2495897731023549,5.36618012170063
2024-04-12 12:00:00,27.24,36.13,rw_arma_3m,ARMA (3 Months),32.56115749064149,28.314717040210077,0.1953435202144454,5.321157490641493,19.468486880193705,60.39641617132135,0.285297838465723,7.771513119806293,20.73265034551878,42.34559952567682,0.2388894880499713,6.507349654481217,38.43823369235459,125.40043782858562,0.4110952163125769,11.198233692354597,24.785112483056828,6.026472720843405,0.0901206871124511,2.4548875169431703,26.328604690891616,0.8306414094647635,0.0334579775737291,0.9113953091083822,28.58822450351808,1.81770931188658,0.0494942916122644,1.3482245035180824,22.728293719123773,20.355493564897984,0.1656279838794503,4.511706280876226,22.15809461430635,25.82576234914211,0.1865604032927184,5.0819053856936485,16.24724330540535,120.8406997465555,0.403552007877924,10.99275669459465,27.688568436829744,0.2012136425198814,0.0164672700745134,0.4485684368297455,20.185051634825506,49.77229643527825,0.258992230733278,7.054948365174493
2024-04-13 12:00:00,34.88,42.0,rw_arma_3m,ARMA (3 Months),36.63484667589493,3.0794868558994666,0.0503109712125838,1.7548466758949246,28.747048711581144,37.61309150611854,0.1758300254707241,6.132951288418859,28.243581689503312,44.04204799189575,0.1902642864247904,6.6364183104966905,37.52282185871148,6.984507376883194,0.0757689753070951,2.6428218587114785,36.37758472170052,2.242759998670823,0.0429353417918726,1.4975847217005196,38.15737746375314,10.741203039916966,0.0939615098553079,3.2773774637531403,42.91696584201722,64.59281994575151,0.2304175986816862,8.036965842017217,39.69586865116014,23.19259086522696,0.138069628760325,4.815868651160137,32.38935237097398,6.203325611972943,0.0714061820248286,2.490647629026021,25.77041299793225,82.98457534824166,0.2611693521235019,9.109587002067748,40.34501468265096,29.86638548159057,0.1566804668191215,5.46501468265096,31.08681272740548,14.388269684973071,0.1087496351087879,3.7931872725945226
2024-04-14 12:00:00,46.38,89.03,rw_arma_3m,ARMA (3 Months),34.72721898035066,135.7873054918999,0.2512458175862298,11.65278101964934,31.22516238849171,229.66910303118635,0.326753721679782,15.154837611508292,35.888511592974965,110.07132899474075,0.2262071670337438,10.491488407025038,65.25096589271408,356.1133537239779,0.4068772292521361,18.870965892714075,42.27455354543471,16.854690591302703,0.0885176035913171,4.105446454565289,41.3400213496334,25.401384796151127,0.1086670687875506,5.039978650366599,36.99123442408593,88.14891903946908,0.2024313405759825,9.388765575914071,37.55198022567972,77.93393313578993,0.1903410904338137,8.828019774320282,37.749503709362045,74.48546622271554,0.1860822831099171,8.630496290637957,24.873187323540627,462.5429915003137,0.4637087683583306,21.506812676459376,41.84090551344474,20.6033787578764,0.0978674964759651,4.539094486555264,31.868481989230645,210.58415497688344,0.3128830963943371,14.511518010769358
2024-04-15 12:00:00,36.2,42.21,rw_arma_3m,ARMA (3 Months),35.747815614339,0.2044707186356215,0.0124912813718509,0.4521843856610061,38.17122121973258,3.885713097123989,0.054453624854491,1.971221219732577,40.6979161338977,20.2312495475772,0.1242518269032512,4.4979161338976965,76.323894036509,1609.9268726530024,1.1083948628869889,40.123894036509,43.99602562627123,60.77801556547773,0.2153598239301444,7.796025626271231,46.63694689773414,108.92986054612226,0.2883134502136502,10.436946897734138,27.085179938225703,83.07994475852324,0.2517906094412789,9.1148200617743,29.179131151114213,49.29259939325488,0.1939466532841378,7.02086884888579,30.796069060198484,29.20246960214413,0.1492798602155115,5.403930939801519,22.07547524469064,199.502199563347,0.3901802418593746,14.124524755309364,44.23389242755656,64.54342753755061,0.2219307300429988,8.033892427556559,28.00358015239404,67.18129831822895,0.2264204377791702,8.196419847605963
2024-04-16 12:00:00,27.49,34.2,rw_arma_3m,ARMA (3 Months),28.045690411546023,0.3087918334841897,0.020214274701565,0.5556904115460242,32.05645746227525,20.852533754769308,0.1661134035021916,4.566457462275249,32.03660642968515,20.67163002645437,0.165391285183163,4.546606429685152,64.12775373202726,1342.3249985286775,1.3327665962905515,36.637753732027264,35.59856558079657,65.7488357780788,0.2949641899162084,8.108565580796569,39.0330405947584,133.24178617224032,0.4198996214899381,11.543040594758398,33.3961608388212,34.88273585402519,0.2148476114522082,5.906160838821204,29.93195869929095,5.9631622890427485,0.0888308002652219,2.44195869929095,29.817545163660046,5.417466488877279,0.0846687946038576,2.327545163660048,15.930640721891798,133.61878692038613,0.4204932440199418,11.5593592781082,32.28961344456833,23.0362892172811,0.1745948870341336,4.799613444568333,21.008200593025947,42.01372355224917,0.23578753753998,6.481799406974051
2024-04-17 12:00:00,19.58,22.51,rw_arma_3m,ARMA (3 Months),25.49273885230272,34.96048073553008,0.3019784909245516,5.91273885230272,23.63070781576358,16.408233808688156,0.206879868016526,4.05070781576358,27.411066371671843,61.32560051752964,0.3999523172457531,7.831066371671845,36.16196607759877,274.9615989986364,0.846882843595443,16.58196607759877,21.04094420488543,2.134357969788329,0.0746141064803591,1.4609442048854326,24.491840382308418,24.12617594127572,0.2508600808124831,4.911840382308419,18.832426249709325,0.5588665121236618,0.0381804775429353,0.7475737502906732,18.40697080678304,1.375997488139237,0.0599095604298755,1.173029193216962,20.889327712408623,1.714339058481201,0.0668706696837908,1.3093277124086242,12.883146199587925,44.84785082409363,0.3420252196328945,6.6968538004120735,11.796328476707789,60.58554238251006,0.3975317427626256,7.78367152329221,14.884212076886074,22.05042421886258,0.2398257366248174,4.695787923113924
2024-04-18 12:00:00,17.8,19.23,rw_arma_3m,ARMA (3 Months),25.20578570655613,54.84566193143109,0.4160553767728163,7.405785706556131,21.25047043587288,11.905746228832784,0.1938466537007236,3.45047043587288,21.380742189788727,12.82171462973296,0.2011652915611643,3.580742189788726,22.93879186109174,26.407181791622705,0.288696171971446,5.13879186109174,23.899442126706543,37.203194257042426,0.3426652880172214,6.099442126706542,25.855517473654235,64.89136176834869,0.4525571614412491,8.055517473654234,20.776235922012223,8.857980263475941,0.1672042652815855,2.976235922012222,19.11077932539361,1.7181424398793297,0.0736392879434612,1.3107793253936109,20.12713070004025,5.415537295069825,0.1307376797775421,2.32713070004025,13.721259623365505,16.63612305998851,0.2291427177884548,4.078740376634496,14.567906729512188,10.446426909132605,0.1815782736229108,3.2320932704878125,15.7488259410723,4.207315020017941,0.1152344976925675,2.051174058927701
2024-04-19 12:00:00,23.52,38.42,rw_arma_3m,ARMA (3 Months),27.335221157384414,14.555912479753667,0.1622117839023985,3.815221157384414,19.35834019247548,17.319412353565042,0.176941318347131,4.161659807524522,19.743065284544063,14.26523584481622,0.1605839589904735,3.776934715455937,21.8091211306178,2.927106505698512,0.0727414485281547,1.7108788693821992,24.153864381589955,0.4017840542484163,0.0269500162240627,0.6338643815899552,25.666294414386467,4.60657971322655,0.0912540142171117,2.1462944143864675,25.222779225706887,2.899457091498947,0.0723970759229118,1.7027792257068874,22.70594919855373,0.6626787073353162,0.0346110034628516,0.8140508014462711,21.9073726960196,2.600566821543093,0.0685640860535884,1.6126273039803998,18.3747110422132,26.47399845912281,0.2187622856201872,5.145288957786804,21.13288659652231,5.698310401062831,0.1014929168145275,2.387113403477688,20.87602783924668,6.990588786838569,0.112413782344954,2.643972160753318
2024-04-20 12:00:00,26.79,33.22,rw_arma_3m,ARMA (3 Months),32.30041532753579,30.364677081941355,0.2056892619460914,5.510415327535789,25.92460895875641,0.7489016542646658,0.0323027637642251,0.8653910412435906,29.20632669201281,5.838634682533566,0.0901950986193658,2.416326692012809,19.116732967239724,58.879026956045685,0.2864228082403985,7.673267032760275,24.46520531789892,5.404670313925455,0.0867784502464008,2.3247946821010785,25.86064654083932,0.8636978520539217,0.0346903120254079,0.92935345916068,36.75704081026552,99.3419025134984,0.3720433299837821,9.967040810265525,30.433194292456623,13.27286465258852,0.1359908283858389,3.643194292456624,29.89159596440744,9.619897526428522,0.1157743921018081,3.1015959644074407,19.0867363413794,59.34027099422482,0.2875425031213363,7.7032636586206,26.21986582366745,0.325052979022393,0.0212816041930775,0.570134176332548,21.443817668801927,28.581665518414454,0.1995588776109769,5.346182331198072
2024-04-21 12:00:00,33.9,54.86,rw_arma_3m,ARMA (3 Months),31.333120466767525,6.588870538127761,0.0757191602723443,2.5668795332324734,27.214119443155813,44.70099882038712,0.1972236152461411,6.685880556844186,28.23456225691807,32.09718482073724,0.1671220573180509,5.665437743081927,34.06609607558467,0.027587906324628,0.0048995892502852,0.1660960755846687,36.39914048905717,6.245703184044904,0.0737209583792675,2.4991404890571687,35.771981274004105,3.504313890222037,0.0552206865487937,1.8719812740041064,36.6987231056189,7.832851021925126,0.0825582037055724,2.7987231056189046,30.65577793720851,10.52497679270307,0.0956997658640557,3.24422206279149,31.13181567873984,7.66284443647058,0.0816573546094442,2.7681843212601613,27.05816249793789,46.81074040462348,0.2018241151050769,6.841837502062109,38.13666219679092,17.949306569717297,0.1249752860410302,4.236662196790924,28.91488181403733,24.85140332801573,0.1470536338042085,4.985118185962669
2024-04-22 12:00:00,23.93,28.64,rw_arma_3m,ARMA (3 Months),29.51696319478488,31.21415773988086,0.233471090463221,5.586963194784879,30.11897164845833,38.30337006542104,0.2586281507922411,6.188971648458331,28.875938750034948,24.462310119097264,0.2066836084427475,4.945938750034948,25.285103139846093,1.8363045196207413,0.0566277952296737,1.3551031398460935,27.742233444424453,14.533123834788334,0.1593077076650419,3.8122334444244537,29.76438936604952,34.04009927467173,0.2438106713769127,5.834389366049521,22.593471004708345,1.7863097552553202,0.0558516086624176,1.3365289952916548,23.272509131242845,0.4322942424990376,0.0274755900023883,0.6574908687571543,23.34720650954216,0.3396482525200306,0.0243540948791407,0.5827934904578385,19.238707696736245,22.00822347466174,0.1960423026854891,4.691292303263754,26.96737520767025,9.225648152169905,0.1269275055440974,3.037375207670252,19.1643200184998,22.71170568607177,0.199150855892194,4.765679981500202
2024-04-23 12:00:00,18.06,20.0,rw_arma_3m,ARMA (3 Months),19.198972471710626,1.297258291314615,0.0630660283339217,1.1389724717106269,18.69126586905062,0.3984965974282377,0.0349538133472105,0.6312658690506225,17.96354441418156,0.0093036800355783,0.0053408408537342,0.0964555858184397,24.649445695705943,43.42079457665759,0.3648641027522671,6.589445695705944,27.34652835313166,86.23960885351825,0.514204227748154,9.28652835313166,29.04689874443401,120.71194402044566,0.6083554122056485,10.986898744434011,21.72472202328316,13.430187507936628,0.2029192703922016,3.6647220232831614,21.330391078512136,10.69545780641178,0.1810847773262534,3.2703910785121373,20.60320230367412,6.467877957413358,0.140819618143639,2.5432023036741214,19.166664125339697,1.2247054863138789,0.0612770833521427,1.106664125339698,23.481766438657964,29.39555131535787,0.3002085514207068,5.421766438657965,17.04377719384571,1.0327087917480977,0.0562692583695619,1.016222806154289
2024-04-24 12:00:00,15.34,18.14,rw_arma_3m,ARMA (3 Months),15.379035948875568,0.0015238053046159,0.0025447163543395,0.0390359488755684,16.92739049958804,2.5198085981823657,0.1034804758531968,1.5873904995880397,14.91194321549995,0.1832326107565226,0.0279046143741884,0.4280567845000504,25.99625340186771,113.55573656481712,0.6946710170709067,10.656253401867708,19.88194372577509,20.62925280810772,0.296084988642444,4.541943725775091,21.12060281688774,33.41536892661047,0.3768319958857718,5.78060281688774,13.641389063917051,2.8852791121805903,0.1107308302531257,1.6986109360829484,12.761780558641687,6.647215487797968,0.1680716715357439,2.5782194413583124,13.942018996754069,1.9543508854365004,0.0911330510590568,1.3979810032459312,18.08893410553289,7.556638716561906,0.179200398013878,2.7489341055328893,17.65183416759747,5.344577218471092,0.1507062690741506,2.311834167597471,15.747919847105509,0.1663986016625818,0.0265919065909719,0.407919847105509
2024-04-25 12:00:00,14.17,15.35,rw_arma_3m,ARMA (3 Months),16.561700910213716,5.720233243917118,0.1687862321957456,2.391700910213716,17.78790086224445,13.089206649029126,0.2553211617674276,3.617900862244449,15.910473675185743,3.029248614014569,0.1228280645861498,1.7404736751857437,18.226093900420008,16.45189772902439,0.2862451588158086,4.056093900420008,17.697835802550824,12.445625449759412,0.2489651236803686,3.527835802550824,17.78151346118146,13.0430294802949,0.2548703924616416,3.611513461181461,16.5266342791978,5.553725125890137,0.1663115228791672,2.356634279197801,15.374031145280952,1.4496909988065616,0.0849704407396578,1.2040311452809522,15.6572450668246,2.2118978887941108,0.1049573088796471,1.487245066824601,15.139729103112028,0.9403745334224588,0.0684353636635164,0.9697291031120284,14.241772869143308,0.0051513447450623,0.0050651283799088,0.0717728691433077,13.278572846103796,0.7946423707034873,0.0629094674591534,0.8914271538962044
2024-04-26 12:00:00,12.45,13.74,rw_arma_3m,ARMA (3 Months),19.121028556722216,44.502622004603296,0.5358255868853187,6.6710285567222165,15.19008641228689,7.508073546799244,0.2200872620310755,2.74008641228689,17.578939790307693,26.30602337260153,0.4119630353660798,5.128939790307694,20.56083689317604,65.7856751077056,0.651472842825385,8.110836893176042,16.666190741340674,17.77626436736683,0.3386498587422229,4.216190741340675,17.37670055995891,24.272378407499435,0.3957189204786273,4.92670055995891,21.36456728944105,79.46950995797239,0.7160295011599239,8.914567289441052,18.003100793904913,30.836928427267384,0.4460321922815192,5.553100793904914,17.042532707702208,21.09135667131457,0.3688781291327075,4.592532707702208,20.230780282156097,60.54054179918912,0.6249622716591243,7.780780282156098,12.413983921139309,0.0012971579364994,0.0028928577398144,0.0360160788606904,15.675811212854798,10.405857980979748,0.2591013022373332,3.225811212854799
2024-04-27 12:00:00,32.85,71.22,rw_arma_3m,ARMA (3 Months),17.58323254138522,233.0741886354192,0.4647417795620937,15.26676745861478,13.148081050021451,388.16561031152384,0.599754001521417,19.70191894997855,15.61517903121605,297.03905382603494,0.5246520842856606,17.23482096878395,24.456966041420163,70.44301902987435,0.2554957065016693,8.393033958579839,20.54721550175884,151.35850641016307,0.3745139877698984,12.302784498241165,21.37889813915475,131.5861779018874,0.3491964036786987,11.471101860845252,16.555534657079303,265.50960081164374,0.4960263422502495,16.2944653429207,15.705575758175392,293.93128258366335,0.5219002813340824,17.14442424182461,15.826792290580997,289.78960071802265,0.5182102803476105,17.023207709419005,30.885135811035124,3.860691281076608,0.0598132173200876,1.964864188964878,17.92014397512484,222.90060092350117,0.4544857237404919,14.92985602487516,24.02955065733728,77.80032660647926,0.2685068293048013,8.820449342662723
2024-04-28 12:00:00,56.66,74.93,rw_arma_3m,ARMA (3 Months),32.96894669422984,561.266006736843,0.4181266026433137,23.691053305770154,34.01059260289616,512.995655439982,0.3997424531786769,22.64940739710384,31.24837886692121,645.7504886111361,0.4484931368351356,25.411621133078786,52.50950734489263,17.226589280100175,0.0732526059849517,4.150492655107364,40.50729544527563,260.9098644322133,0.285081266408831,16.152704554724366,41.57407400944547,227.58516299248865,0.2662535473094692,15.085925990554529,39.81455288822446,283.7690883956267,0.2973075734517391,16.845447111775535,37.21090071336963,378.2674630612057,0.3432597826796746,19.449099286630364,38.59276544742104,326.42496437790305,0.3188710651708253,18.06723455257896,45.1084716157765,133.43780801152107,0.2038744861317242,11.551528384223497,47.86558879144364,77.34166850518164,0.1552137523571541,8.794411208556355,33.462273207367616,538.1345283456142,0.4094198163189619,23.19772679263238
2024-04-29 12:00:00,26.73,31.18,rw_arma_3m,ARMA (3 Months),46.5358641815572,392.2722559782905,0.7409601265079386,19.8058641815572,48.33597814515186,466.81829160877993,0.808304457356972,21.605978145151862,45.11763651457883,338.1051765922726,0.6879026006202329,18.387636514578823,57.51274243926687,947.5772320822418,1.1516177493178776,30.782742439266872,49.301522237686754,509.4736161263877,0.8444265708075852,22.571522237686757,48.93600223070596,493.106535070118,0.8307520475385693,22.20600223070596,30.81976205016398,16.72615362696148,0.1530026954793857,4.08976205016398,34.64281510028534,62.61264281130369,0.2960275009459536,7.912815100285339,34.37582618607336,58.45865806764511,0.2860391390225724,7.645826186073361,37.114233278955794,107.832300791773,0.3884860934888063,10.384233278955794,25.31666170705233,1.9975251303122368,0.0528746087896622,1.413338292947671,26.99220775648625,0.0687529075615533,0.0098094933215956,0.2622077564862515
2024-04-30 12:00:00,27.13,41.73,rw_arma_3m,ARMA (3 Months),21.19505088284752,35.223621023188976,0.2187596430944518,5.9349491171524775,16.08813245175117,121.92283895307057,0.4069984352469158,11.041867548248828,17.67209015258594,89.4520586818118,0.3486144433252509,9.457909847414058,48.93871080417903,475.61986694031526,0.8038595946988217,21.808710804179032,37.06637202088328,98.73148893739209,0.3662503509356166,9.93637202088328,37.52037667239447,107.9599273942392,0.3829847649242341,10.39037667239447,20.975607289967417,37.87654962930218,0.2268482384825868,6.154392710032582,17.991011543722273,83.52111000397754,0.3368591395605502,9.138988456277726,18.652874170420304,71.86166233052722,0.3124631710128896,8.477125829579695,28.084966993801043,0.911961959249403,0.0351996680354236,0.954966993801044,23.00135443091776,17.045714235102427,0.152180079951428,4.1286455690822415,21.799162305574168,28.417830524311317,0.1964923588067022,5.330837694425831
2024-05-01 12:00:00,58.9,71.44,rw_arma_3m,ARMA (3 Months),20.34480283749369,1486.5032282397349,0.6545873881580019,38.55519716250631,21.23519969307645,1418.637182160429,0.639470293835714,37.66480030692355,19.667105700882875,1539.2199950856966,0.6660932818186268,39.23289429911712,40.88991023905799,324.3633331971882,0.3057740197103906,18.01008976094201,37.59486144780345,453.9089287282915,0.3617171231272758,21.305138552196546,39.53809216962886,374.8834748317872,0.3287250904986611,19.361907830371138,20.0815273487602,1506.8738189750525,0.6590572606322547,38.8184726512398,22.321250199320737,1338.0049369806932,0.6210314057840283,36.57874980067926,22.17849708543996,1348.468776304041,0.6234550579721568,36.721502914560034,30.40533032876337,811.9461996728926,0.4837804698002823,28.49466967123663,26.22671805361057,1067.5433531482574,0.5547246510422654,32.67328194638943,25.900536540794715,1088.964588595425,0.5602625375077298,32.99946345920529
2024-05-02 12:00:00,36.86,45.84,rw_arma_3m,ARMA (3 Months),48.32330337022695,131.4073241578566,0.3109957506843991,11.463303370226951,57.24630352271421,415.6013713202297,0.5530738882993546,20.386303522714208,50.44134805386135,184.45301496012345,0.3684576249012845,13.581348053861348,81.1773141664572,1964.024334928468,1.2023145460243403,44.3173141664572,63.07210801363912,687.074606518684,0.7111260991220596,26.21210801363912,43.830587213131054,48.58908609586616,0.1891097995966102,6.970587213131054,46.92786477240635,101.3619010754608,0.273137948247595,10.067864772406352,51.88808173809055,225.84324072673064,0.4077070466112465,15.028081738090547,52.08318122408071,231.7452465812035,0.4130000332089178,15.223181224080712,33.82040863255333,9.239115681056306,0.0824631407337674,3.0395913674466684,31.206318768481943,31.96411146761953,0.1533825618968545,5.653681231518057,31.08289808972373,33.37490648171771,0.1567309254008754,5.777101910276269
2024-05-03 12:00:00,26.68,29.89,rw_arma_3m,ARMA (3 Months),46.72635657100776,401.8564117719861,0.7513626900677572,20.046356571007763,24.15027802640768,6.399493263675822,0.0948171654269985,2.52972197359232,39.36028429451916,160.7896097898293,0.4752730245322024,12.68028429451916,27.721789708278585,1.0853257962751806,0.0390475902653143,1.0417897082785856,29.876365664959792,10.216753464133856,0.1198038105307268,3.196365664959792,32.44086858611212,33.18760686645343,0.2159246096743672,5.760868586112117,34.547314850890885,61.89464296304827,0.2948768684741711,7.867314850890885,41.488559449283535,219.2934329629647,0.5550434576193229,14.808559449283536,32.36693480361225,32.34122746053634,0.2131534783962613,5.686934803612253,18.565361027179165,65.84736565922277,0.3041468880367629,8.114638972820835,16.53028099010912,103.01679597974032,0.3804242507455352,10.14971900989088,19.24321623273737,55.30575280102088,0.2787400212617176,7.436783767262625
2024-05-04 12:00:00,25.11,28.68,rw_arma_3m,ARMA (3 Months),32.08508278069851,48.65177979759682,0.2777810745001396,6.975082780698507,23.80691657462248,1.698026413493608,0.0518949990194153,1.303083425377519,25.570941643718903,0.212467198914285,0.0183568954089567,0.460941643718904,42.552256801832,304.2323223410547,0.6946338829881323,17.442256801832002,30.928842938898,33.858933147563086,0.2317340875706092,5.818842938897998,32.38101644000251,52.8676800707868,0.2895665647153529,7.271016440002512,48.305195906874246,538.0171131582758,0.9237433654669156,23.195195906874247,32.24443938949252,50.90022540234241,0.2841274149539036,7.13443938949252,35.90905977565263,116.61969203811864,0.4300700826623906,10.79905977565263,23.53217880030672,2.489519738201538,0.062836367968669,1.577821199693279,20.969893357541803,17.140483010926477,0.1648787989828035,4.140106642458196,24.707683016385737,0.161858955304479,0.0160221817448929,0.4023169836142628
2024-05-05 12:00:00,40.07,62.84,rw_arma_3m,ARMA (3 Months),30.08171970151217,99.76574332116006,0.2492707835909115,9.988280298487826,31.05820735343029,81.21240670476783,0.2249012389959996,9.011792646569706,30.47360803205089,92.0907388025182,0.2394906904903696,9.59639196794911,40.684201700866645,0.3772437293474788,0.0153282181399212,0.6142017008666443,37.75314818716557,5.367802322634179,0.0578201101281364,2.316851812834429,39.13703527635004,0.8704231755752455,0.0232833721899166,0.9329647236499596,41.99861439609325,3.719553488818139,0.0481311304240891,1.928614396093252,43.07561577163408,9.033726166695503,0.0750091283162983,3.0056157716340763,38.18838677263042,3.540468337412156,0.0469581539148883,1.8816132273695767,38.692723210570335,1.8968913547016852,0.034371769139747,1.377276789429665,35.52417991070175,20.66448028426758,0.1134469700348952,4.545820089298253,37.878785804360575,4.801419651171733,0.0546846567416876,2.191214195639425
2024-05-06 12:00:00,24.25,28.39,rw_arma_3m,ARMA (3 Months),51.0688757122811,719.252094470781,1.105933019063138,26.8188757122811,36.00357756970819,138.14658568714754,0.4846836111219872,11.753577569708192,37.01461195257926,162.93531829992926,0.5263757506218251,12.76461195257926,35.34689466988859,123.14107131460185,0.4576039039129316,11.096894669888592,28.89971313527067,21.6198322403086,0.1917407478462131,4.6497131352706695,30.463346556884648,38.60567543595031,0.2562204765725628,6.213346556884648,36.04412302924642,139.10133802900077,0.486355588834904,11.79412302924642,24.08985789258038,0.0256454945687972,0.006603798244108,0.1601421074196203,27.24913511989685,8.994811467398685,0.1236756750472927,2.9991351198968488,17.76542338444275,42.0497338830319,0.2674052212600927,6.484576615557248,16.524020564956224,59.69075823071934,0.3185970901048979,7.725979435043776,19.46459067525855,22.90014240532243,0.1973364669996474,4.785409324741451
2024-05-07 12:00:00,19.37,20.75,rw_arma_3m,ARMA (3 Months),23.44090498115065,16.572267365557153,0.2101654610816028,4.070904981150648,24.23052732581532,23.624725884997385,0.2509306827989321,4.860527325815315,20.205080734182555,0.697359832602874,0.0431120668137611,0.8350807341825544,25.10732648214657,32.91691516274031,0.2961965143080313,5.737326482146568,28.149501471958068,77.07964609611386,0.4532525282373808,8.779501471958067,28.63915374826623,85.91721120899791,0.4785314273756443,9.26915374826623,21.290532363671787,3.688444559910736,0.0991498380832104,1.9205323636717857,23.80324200084668,19.65363463807104,0.2288715539931169,4.433242000846676,20.86489728504084,2.234717892822471,0.0771759052679834,1.4948972850408389,14.385647159234088,24.843773241251228,0.2573233268335526,4.984352840765913,16.432566214720335,8.628517242902426,0.1516486208198072,2.9374337852796657,17.98777269321088,1.9105523276335108,0.0713591794935014,1.3822273067891224
2024-05-08 12:00:00,16.18,17.48,rw_arma_3m,ARMA (3 Months),19.744866519127417,12.708273299195628,0.2203254956197414,3.564866519127417,20.42762848069177,18.042347709983872,0.2625233918845346,4.24762848069177,15.533908833671298,0.4174337952079826,0.0399314688707479,0.6460911663287021,35.34205761525748,367.1844520504473,1.1843051678156664,19.16205761525748,22.096467827540817,35.00459155432556,0.3656655023201988,5.916467827540817,22.61279478827004,41.3808487879942,0.3975769337620544,6.432794788270041,20.17858838597465,15.988709080451352,0.2471315442505963,3.9985883859746494,26.11420170443072,98.68836350431422,0.6139803278387342,9.93420170443072,16.550664509052346,0.1373921782710171,0.0229088077288224,0.3706645090523466,18.499820185572634,5.381565693390253,0.1433757840279749,2.3198201855726346,19.35808659747036,10.100234421020716,0.1964206796953249,3.178086597470358,20.90222140131392,22.29937496302717,0.2918554636164349,4.7222214013139165
2024-05-09 12:00:00,32.54,42.73,rw_arma_3m,ARMA (3 Months),15.534170552516684,289.19823519689066,0.522613074599979,17.005829447483315,20.665215984345004,141.01049541845538,0.3649288265413336,11.874784015654996,15.513975010917893,289.8855269288483,0.5232337120185035,17.026024989082106,37.39015461734352,23.52399981213867,0.1490520779761376,4.85015461734352,25.758088606481746,45.9943221495327,0.2084176826526814,6.781911393518254,26.41132975344784,37.56059899097369,0.1883426627705027,6.128670246552158,15.627169335600394,286.04384108265566,0.5197550911001724,16.912830664399607,15.82662576432619,279.3368783416851,0.5136255143108117,16.71337423567381,16.006852077918595,273.34498021342466,0.5080869060258576,16.533147922081405,22.59194383454598,98.96382147102771,0.305717767838169,9.94805616545402,20.87369035010021,136.10278084734497,0.3585221158543267,11.666309649899793,21.417919491900697,123.70067482864242,0.3417971883251168,11.122080508099302
2024-05-10 12:00:00,26.43,30.51,rw_arma_3m,ARMA (3 Months),34.030664557050905,57.77010170880983,0.2875771682576959,7.600664557050905,35.98583034639937,91.31389360916708,0.3615524156791285,9.555830346399368,33.70307837967897,52.897669116953686,0.2751826855724166,7.273078379678971,25.880080809958063,0.3024111155763799,0.0208066284541027,0.5499191900419369,31.168019962679068,22.44883316674536,0.1792667409261849,4.738019962679068,31.805225868257644,28.893053134786143,0.2033759314512918,5.375225868257644,37.47637904767717,122.0224900649612,0.4179485072900935,11.04637904767717,33.00191533760985,43.190071204711614,0.2486536260919353,6.571915337609852,32.08836182050762,32.01705849177833,0.2140886046351729,5.658361820507622,18.07105449180975,69.87197000889394,0.3162673291029227,8.35894550819025,34.32190262672193,62.28212706966049,0.2985963914764256,7.891902626721929,20.50699931989226,35.08193705655676,0.2241014256567438,5.923000680107741
2024-05-11 12:00:00,35.92,45.9,rw_arma_3m,ARMA (3 Months),30.258131507576657,32.0567548254962,0.15762440123673,5.661868492423345,25.413825249668847,110.37970788449591,0.292488161200756,10.506174750331157,24.900228243777985,121.43536955922848,0.3067865188257799,11.019771756222015,67.297348293438,984.5379859277168,0.8735341952516148,31.377348293438004,41.73516838734695,33.81618337319934,0.1618922156833783,5.815168387346951,38.357502168320565,5.941416820567447,0.0678591917683898,2.437502168320563,28.46517415003209,55.57442845334978,0.2075396951550086,7.454825849967911,28.38341275445184,56.80014730975923,0.2098159032724989,7.536587245548162,29.39396198798215,42.58917213430193,0.1816825727176462,6.526038012017853,44.75978534520813,78.14180494935638,0.2460964739757273,8.839785345208128,30.545242018924363,28.88802335513628,0.1496313469119053,5.374757981075639,29.69776726830569,38.71618016736807,0.1732247419736723,6.222232731694312
2024-05-12 12:00:00,51.46,64.0,rw_arma_3m,ARMA (3 Months),43.81125161914486,58.50335179363411,0.148634830564616,7.648748380855139,30.919791992176552,421.9001450046545,0.3991490090910114,20.54020800782345,31.62722041845802,393.3391459300285,0.3854018573949083,19.83277958154198,96.76035202816784,2052.1218938759303,0.8803022158602379,45.30035202816784,50.45322998237784,1.0135858683829229,0.0195641278200963,1.0067700176221592,49.81062246177849,2.720446263589641,0.0320516427948213,1.6493775382215077,45.26390112702545,38.39164124367652,0.1204061187907997,6.196098872974552,35.84592118287267,243.7994573074644,0.3034216637607331,15.614078817127329,40.87752212509873,111.98883797277496,0.2056447313428152,10.582477874901272,62.864822955828046,130.06998665378237,0.2216250088579099,11.404822955828044,37.38406306891839,198.13200048778728,0.2735316154504783,14.075936931081614,39.01925443244893,154.77215027654157,0.2417556464739811,12.440745567551067
2024-05-13 12:00:00,34.76,42.75,rw_arma_3m,ARMA (3 Months),39.030012124238176,18.23300354114104,0.1228426963244585,4.270012124238178,56.26238062534895,462.3523725573821,0.6185955300733301,21.502380625348955,48.57320730336336,190.80469600569091,0.3973880121796134,13.813207303363365,92.07578208971324,3285.098876555493,1.648900520417527,57.315782089713245,52.45539393265759,313.1269664319352,0.5090734733215649,17.695393932657595,54.85850508776313,403.9499067628404,0.5782078563798368,20.09850508776313,33.67760639640063,1.1715759131128325,0.0311390564902005,1.082393603599371,44.892553998696044,102.66865053649124,0.2915004027242821,10.132553998696046,35.80138319269755,1.0844789540329465,0.0299592402962471,1.041383192697552,34.61181996617198,0.0219573224252729,0.0042629468880327,0.1481800338280194,32.57666389131603,4.766956563483249,0.0628117407561555,2.1833361086839678,32.51595976478321,5.035716577271811,0.0645581195401837,2.2440402352167865
2024-05-14 12:00:00,44.45,71.1,rw_arma_3m,ARMA (3 Months),29.957753241170348,210.02521611880863,0.3260347977239517,14.492246758829657,28.79479267338168,245.08551643940405,0.3521981400814021,15.655207326618324,27.3040329240911,293.9841869681521,0.3857360422026749,17.145967075908903,92.30054751079216,2289.674897082577,1.076502756148305,47.85054751079216,45.68728810042256,1.530881843447268,0.0278355028216549,1.2372881004225604,47.44334937376941,8.960140473445689,0.0673419431669157,2.993349373769405,33.4915048420172,120.08861612753252,0.2465353241390956,10.958495157982805,27.589137202940314,284.2886942612715,0.3793219976841324,16.86086279705969,26.469376763219625,323.30281198304647,0.4045134586452278,17.980623236780378,32.56235528066877,141.31609697304378,0.2674385763629074,11.887644719331234,30.65191255492036,190.38721714206443,0.3104181652436364,13.79808744507964,29.621449430376675,219.8859119958763,0.3336006877305585,14.828550569623328
2024-05-15 12:00:00,42.5,63.34,rw_arma_3m,ARMA (3 Months),34.93491866677989,57.23045557823531,0.178001913722826,7.565081333220107,43.883433083661416,1.9138870969689337,0.0325513666743862,1.3834330836614157,42.37900489632584,0.014639815113121,0.0028469436158626,0.1209951036741614,78.16945532026725,1272.3100428445414,0.839281301653347,35.66945532026725,50.14261787222159,58.409607940800896,0.1798263028758021,7.642617872221592,51.132233800064135,74.5154603789697,0.2031113835309208,8.632233800064135,39.81816829846039,7.192221275382827,0.0631019223891672,2.681831701539608,34.56820794557191,62.913325194688525,0.1866304012806608,7.931792054428087,36.52436218415948,35.708247306103274,0.1406032427256593,5.975637815840521,39.06140995547442,11.82390149431045,0.0809080010476607,3.438590044525583,35.12146411659925,54.4427917826325,0.1736126090211941,7.378535883400751,32.71291304371267,95.78707108992964,0.2302843989714666,9.787086956287332
2024-05-16 12:00:00,44.85,65.0,rw_arma_3m,ARMA (3 Months),38.39668898903208,41.64522300427984,0.1438865331319492,6.453311010967923,39.62134352039338,27.338848581732293,0.1165809694449636,5.22865647960662,43.25347850854177,2.548880872688022,0.0355969117381991,1.5965214914582333,69.27764385111001,596.7097841166728,0.5446520368140471,24.42764385111001,46.58425878329584,3.007653527438753,0.0386679773310108,1.7342587832958358,46.465202095618935,2.6088778096917937,0.0360134246514812,1.6152020956189332,34.86510627131715,99.69810277309008,0.222628622713107,9.984893728682849,49.2250763781231,19.14129331441072,0.0975490831242608,4.375076378123097,38.93692330081388,34.96447605045783,0.1318411750097239,5.913076699186121,30.291411938716926,211.9524863381341,0.3246061998056427,14.558588061283077,29.35935104458109,239.96020506002105,0.3453879365756725,15.490648955418912,30.84250952776727,196.20978932969075,0.3123186281434277,14.007490472232732
2024-05-17 12:00:00,40.7,48.58,rw_arma_3m,ARMA (3 Months),50.03562212830809,87.15384052255564,0.2293764650689947,9.335622128308088,45.77745799533398,25.780579694380958,0.1247532676986235,5.07745799533398,37.19465403904852,12.287450305958856,0.0861264363870142,3.5053459609514803,61.41396812697457,429.0684755653181,0.5089427058224708,20.713968126974564,41.62528564910264,0.856153532435295,0.022734291132743,0.9252856491026408,42.90414632668308,4.858261029430516,0.0541559294025326,2.2041463266830803,40.32250494739773,0.1425025147391911,0.0092750627175005,0.3774950526022707,38.66004355651669,4.161422291309084,0.0501217799381649,2.0399564434833124,40.12256397690313,0.3334323607699318,0.0141876172751074,0.5774360230968725,26.93118100106868,189.58037662533224,0.3383002211039638,13.768818998931328,22.90681488247696,316.5974366264434,0.4371789955165366,17.79318511752304,25.575318420516226,228.7559928807759,0.3716137980217144,15.124681579483775
2024-05-18 12:00:00,43.33,53.31,rw_arma_3m,ARMA (3 Months),50.94336772330465,57.963368090257006,0.1757066172006611,7.613367723304648,43.64425551540457,0.0987565289621952,0.0072526082484323,0.3142555154045752,41.3656161997231,3.858803714790311,0.0453354211926355,1.9643838002768987,88.76115869575418,2063.9901804388005,1.0484920077487694,45.43115869575418,50.72410885011228,54.67284568730877,0.1706464078031913,7.394108850112282,51.5815159032349,68.08751470133852,0.1904342465551558,8.251515903234903,37.37478588481753,35.46457515766855,0.1374385902419218,5.955214115182471,43.56304692077132,0.0543108672809949,0.0053784195885373,0.2330469207713221,52.90528870135746,91.68615371434392,0.2209851996620693,9.575288701357463,31.467430284811105,140.72056024771672,0.2737726682480705,11.862569715188894,29.665431762839507,186.72042510801535,0.315360448584364,13.664568237160491,32.76802091376631,111.55540221803788,0.2437567294307337,10.561979086233691
2024-05-19 12:00:00,55.33,80.9,rw_arma_3m,ARMA (3 Months),50.8241617111966,20.30257868484672,0.0814357182144116,4.505838288803396,43.17711371107137,147.69264515162942,0.2196437066497131,12.152886288928627,41.416909706142405,193.5740815250344,0.2514565388371154,13.913090293857593,84.74103754148855,865.0091292668491,0.5315567963399341,29.411037541488557,50.475556086543484,23.56562570889499,0.0877361994118292,4.854443913456514,51.962197853492015,11.342091298023783,0.0608675609345379,3.367802146507984,55.87367841928218,0.2955862235931704,0.0098261055355535,0.5436784192821804,48.03500601888186,53.21693718454989,0.1318451831035268,7.2949939811181395,53.72739646516113,2.568338089878042,0.0289644593319875,1.6026035348388703,34.70255687229519,425.49140998669634,0.3728075750534034,20.627443127704808,54.63417777131931,0.4841685739261626,0.0125758581001389,0.6958222286806901,36.32384811263882,361.23380956544287,0.3435053657574765,19.006151887361177
2024-05-20 12:00:00,69.21,136.05,rw_arma_3m,ARMA (3 Months),51.49917109028635,313.6734606691485,0.2558998542076816,17.71082890971364,55.76727056513268,180.70697465904817,0.1942310278119826,13.442729434867315,52.41665499980372,282.01643629561727,0.2426433318912914,16.793345000196275,118.0379642922177,2384.170096922087,0.7055044688949242,48.8279642922177,67.84974952885055,1.8502813442622783,0.019653958548612,1.360250471149442,68.46805855450908,0.5504771085371392,0.0107201480348346,0.7419414454909088,37.89351074743674,980.7224991059096,0.4524850347141056,31.31648925256325,46.22654360324346,528.239267941609,0.3320828839294399,22.983456396756537,37.16817315766109,1026.67866739443,0.4629652773058649,32.04182684233891,40.65441209743541,815.4216004610927,0.4125933810513594,28.555587902564582,33.26750140085149,1291.863205549792,0.5193252217764558,35.9424985991485,35.55957069190885,1132.351392618839,0.4862076189581151,33.65042930809114
2024-05-21 12:00:00,50.98,64.34,rw_arma_3m,ARMA (3 Months),53.35469250382438,5.639164487719724,0.046580865120133,2.3746925038243845,64.5738609285967,184.7930549460281,0.2666508616829483,13.593860928596705,61.78490802891914,116.74603751340138,0.2119440570600067,10.804908028919144,106.71316089750488,3106.185223627167,1.0932357963417985,55.73316089750488,70.71593339312147,389.5070668977274,0.3871309021797073,19.73593339312148,70.2501356550786,371.3381281651314,0.3779940301113887,19.2701356550786,57.51761457338808,42.74040431017625,0.1282388107765414,6.537614573388083,60.37256194544897,88.22021989909624,0.1842401323155938,9.392561945448977,58.16513612701317,51.626181163709866,0.1409402928013569,7.185136127013173,29.70868361886513,452.4689005863365,0.4172482616935046,21.271316381134863,33.806867025798375,294.916496149611,0.3368601995724131,17.17313297420162,38.049508107424096,167.19762058397112,0.2536385228045489,12.9304918925759
2024-05-22 12:00:00,41.7,48.0,rw_arma_3m,ARMA (3 Months),45.9617388815162,18.162418294226903,0.1021999731778463,4.2617388815161945,46.92428135041558,27.29311562830004,0.1252825263888628,5.2242813504155805,43.85474812763229,4.642939493534852,0.0516726169695992,2.1547481276322884,82.27347105631593,1646.206553557706,0.972984917417648,40.57347105631592,55.80476049057406,198.94426849645896,0.3382436568482987,14.104760490574058,54.56639874885294,165.54421676448442,0.3085467325864013,12.866398748852935,36.41174987842245,27.96558934836502,0.1268165496781188,5.288250121577555,48.57269293427501,47.23390816883362,0.1648127801984414,6.872692934275008,38.00188064994335,13.676086727263424,0.0886839172675455,3.6981193500566505,24.7178038005709,288.3949877559043,0.4072469112572926,16.982196199429104,27.11930183800881,212.59675889109337,0.3496570302635777,14.580698161991194,34.259943766110766,55.3544367634341,0.1784186147215644,7.440056233889237
2024-05-23 12:00:00,35.19,38.78,rw_arma_3m,ARMA (3 Months),48.04861434123841,165.34396277670223,0.3654053521238538,12.858614341238416,41.99549305351073,46.3147357013828,0.1933928119781395,6.80549305351073,41.4014938934191,38.58265638798281,0.176513040449534,6.211493893419103,72.17261189179848,1367.7135823393946,1.0509409460584964,36.98261189179848,51.816476068556064,276.43970645826755,0.4724772966341593,16.626476068556066,50.33391647821236,229.33820629907189,0.4303471576644604,15.14391647821236,57.24291197929362,486.3309267664723,0.6266812156662014,22.052911979293626,42.18557337198976,48.93804680289223,0.1987943555552646,6.995573371989764,39.40170158937494,17.738430277943394,0.1196846146454941,4.21170158937494,32.94249807379635,5.051264908289103,0.0638676307531584,2.247501926203647,27.691472868406606,56.227909143242215,0.2130868750097582,7.498527131593391,29.590525159520112,31.35411848916724,0.1591211946712101,5.5994748404798855
2024-05-24 12:00:00,27.14,30.32,rw_arma_3m,ARMA (3 Months),46.470819271384194,373.68057370291854,0.7122630534776785,19.330819271384197,40.69738038227656,183.80256282973735,0.4995350177699544,13.557380382276564,37.48379884345746,106.99417451391182,0.3811274444899578,10.343798843457456,52.45421800967654,640.809633441432,0.9327272663845444,25.314218009676537,38.9568371682244,139.63764066032974,0.4354029907230804,11.816837168224405,37.57159040370184,108.81807835060432,0.3843622108954252,10.43159040370184,40.90097361513403,189.36439483641485,0.5070366107271196,13.760973615134027,35.94747460913764,77.57160899060428,0.3245200666594562,8.807474609137643,39.499443274033695,152.75583804405673,0.455395846500873,12.359443274033694,20.9548790134837,38.25572161784436,0.2278968675945578,6.185120986516299,22.46911948597175,21.81712477632882,0.1721031876944823,4.670880514028251,29.815600775513555,7.158839509928736,0.0985851427971096,2.675600775513555
2024-05-25 12:00:00,37.97,43.0,rw_arma_3m,ARMA (3 Months),39.91246056312937,3.7731530393128807,0.0511577709541578,1.942460563129373,34.08903788974676,15.061866901221252,0.1022112749605803,3.880962110253236,28.897183606829657,82.3159973041805,0.2389469684795981,9.072816393170342,50.6025617102968,159.58161536445678,0.3326984911850618,12.632561710296798,39.26714014478436,1.6825725552112023,0.0341622371552374,1.297140144784365,37.69939292433799,0.0732281893983429,0.0071268653058205,0.2706070756620065,39.19305300044846,1.4958586419059787,0.0322110350394642,1.2230530004484592,38.63842960669738,0.4467981391096142,0.0176041508216323,0.66842960669738,35.20703202435052,7.63399203446459,0.0727671313049639,2.762967975649481,25.75536317284656,149.1973528192531,0.3216917784343808,12.21463682715344,25.734679872552388,149.70305862112463,0.3222365058585096,12.235320127447611,34.48873217963176,12.119225637131423,0.0916846937152551,3.481267820368238
2024-05-26 12:00:00,53.26,78.4,rw_arma_3m,ARMA (3 Months),51.66050657419037,2.558379219208215,0.0300317954526779,1.5994934258096265,41.58753908700562,136.24634376538162,0.2191599871009084,11.67246091299438,42.64763405686647,112.62231091098032,0.1992558382112941,10.612365943133526,57.78574185457629,20.482339334263628,0.0849744997104072,4.525741854576289,50.561318302826514,7.282882902659155,0.0506699530073879,2.698681697173484,48.76508369465647,20.20427259204313,0.0843957248468556,4.49491630534353,48.12958067606179,26.32120243943856,0.0963278130668082,5.130419323938206,51.87007761242195,1.931884243490657,0.0260969280431477,1.3899223875780464,51.57905615440546,2.8255722120421645,0.0315610936086094,1.6809438455945411,33.82444310297101,377.7408718976511,0.3649184546944984,19.435556897028988,35.5197151880098,314.7177052105302,0.3330883366877619,17.7402848119902,40.15659156083786,171.69931272350553,0.246027195628279,13.103408439162138
2024-05-27 12:00:00,31.92,38.47,rw_arma_3m,ARMA (3 Months),62.72188514629637,948.756128565633,0.9649713391696858,30.80188514629637,51.859714737790114,397.5922238244442,0.6246777800059559,19.939714737790112,53.00094419972988,444.4062083521248,0.6604305826983043,21.08094419972988,48.22706271118679,265.9202942665786,0.5108728919544733,16.307062711186788,49.4806659442844,308.3769884067497,0.5501461761993858,17.560665944284395,33.22346267091281,1.6990149344631502,0.0408352967077947,1.3034626709128077,43.83677752129776,142.0095864921076,0.3733326291133383,11.91677752129776,37.63954788422263,32.71322799991554,0.1791838309593555,5.719547884222628,37.68533305504654,33.239065235612266,0.1806182034789016,5.76533305504654,21.8023007055441,102.36783901303347,0.3169705292749343,10.117699294455903,30.54157525245522,1.900054784643892,0.0431837326925056,1.3784247475447806,29.23438669850488,7.21251880516754,0.084135755059371,2.685613301495124
2024-05-28 12:00:00,30.1,35.35,rw_arma_3m,ARMA (3 Months),32.00914955846717,3.644852036595392,0.0634268956301385,1.9091495584671705,30.935077822531948,0.6973549696846973,0.027743449253553,0.8350778225319466,28.576899779554303,2.3198342815217354,0.0506013362274318,1.5231002204456985,48.86808882570948,352.2411581697209,0.6235245457046338,18.76808882570948,41.39800097561682,127.64482604503851,0.3753488696218211,11.298000975616816,39.695111104419325,92.06615710615102,0.318774455296323,9.595111104419324,31.221187618237845,1.2570616752898494,0.0372487580809914,1.121187618237844,28.04619258039853,4.218124916810059,0.0682328046379226,2.0538074196014726,26.26924233086949,14.67470431960224,0.1272676966488542,3.830757669130513,25.45825539866464,21.545792944025973,0.1542107840975203,4.641744601335361,28.86322883243922,1.5296029209096604,0.0410887431083316,1.2367711675607822,28.89571432276811,1.4503039923858734,0.0400094909379365,1.2042856772318906
2024-05-29 12:00:00,27.32,29.87,rw_arma_3m,ARMA (3 Months),35.53213172325356,67.43910744006753,0.3005904730327073,8.212131723253563,29.016867197059508,2.8793582844565893,0.0621108051632323,1.6968671970595075,32.26904748884274,24.493071046820603,0.1811510793866302,4.949047488842737,41.47608774425872,200.39482022315192,0.5181584093798945,14.15608774425872,34.262338400199226,48.19606246288075,0.2541119472986539,6.942338400199226,32.78604581066705,29.87765680431078,0.2000748832601408,5.466045810667048,26.806361124045573,0.2638248948917277,0.0188008373336174,0.5136388759544275,27.27980805699638,0.0016153922824062,0.0014711545755351,0.0401919430036201,26.98131626482191,0.1147066724741829,0.012396915636094,0.3386837351780905,17.780276033095582,91.00633336473057,0.34918462543574,9.539723966904418,26.16898819241876,1.3248281811914369,0.0421307396625637,1.1510118075812414,24.381479504139485,8.634902704592331,0.1075593153682472,2.938520495860516
2024-05-30 12:00:00,28.61,36.55,rw_arma_3m,ARMA (3 Months),27.916345147945744,0.4811570537784106,0.0242451888169959,0.6936548520542551,25.82287394123305,7.768071667457778,0.0974178978946853,2.7871260587669475,30.821854441480458,4.892300070296829,0.0773105362279083,2.211854441480458,40.55639879622787,142.7164441985147,0.417560251528412,11.946398796227868,33.22042085067867,21.255980420372648,0.1611471810792964,4.610420850678672,31.880226013640737,10.694378180292588,0.1143036006165934,3.270226013640737,27.989471779654508,0.3850552722451427,0.0216892072822611,0.6205282203454914,26.95995043956956,2.722663551876685,0.057673874883972,1.650049560430439,27.465013074331885,1.3109950599509193,0.0400205147035342,1.144986925668114,21.43622702898213,51.46301863970648,0.2507435501928649,7.173772971017865,25.651740537981453,8.751299044622257,0.1033994918566426,2.958259462018546,24.28453358666257,18.709659692910176,0.1511872217174914,4.325466413337431
2024-05-31 12:00:00,22.46,26.3,rw_arma_3m,ARMA (3 Months),30.700542739638944,67.9065446438161,0.3668986081762664,8.240542739638943,32.40197019460194,98.84277135035326,0.442652279367851,9.941970194601936,29.493313094963217,49.46749309178104,0.3131484013785937,7.033313094963216,35.71832302012087,175.78312930586696,0.5903082377613922,13.25832302012087,32.37733615203599,98.35355635247994,0.4415554831716823,9.917336152035986,30.84330580847896,70.27981627847704,0.3732549335921175,8.383305808478958,30.922865695413744,71.62009577861075,0.3767972259756786,8.462865695413743,27.33401356731124,23.756008254334017,0.2170086183130559,4.874013567311238,26.60314555613635,17.165655099332383,0.1844677451529986,4.14314555613635,19.9457569602706,6.321418062827736,0.1119431451348798,2.5142430397294007,21.60622237314551,0.7289362361172864,0.0380132514182765,0.853777626854491,23.193417256693944,0.53790087241647,0.0326543747414934,0.7334172566939436
2024-06-01 12:00:00,34.82,39.97,rw_arma_3m,ARMA (3 Months),30.00322722840016,23.20129993322564,0.1383335086616842,4.816772771599844,26.842339362434625,63.64306924815998,0.2291114485228424,7.977660637565375,24.7606353837556,101.19081648254988,0.2888961693349914,10.059364616244402,36.40859001655228,2.523618240689577,0.045622918338664,1.5885900165522813,29.06217933242973,33.152498839899366,0.1653595826413059,5.757820667570272,28.28945979804597,42.64795532933777,0.1875514130371633,6.530540201954029,27.219095602566632,57.77374765892191,0.2182913382376039,7.600904397433368,28.86983965278326,35.404408157590446,0.1708834103163911,5.950160347216741,29.12356374708369,32.449385983539216,0.1635966758448107,5.69643625291631,22.264409547744645,157.64285160476584,0.3605855959866558,12.555590452255355,27.11032860828213,59.43903296827294,0.221415031353184,7.709671391717869,24.235245055797588,112.0370372288174,0.3039849208558993,10.584754944202412
2024-06-02 12:00:00,54.03,77.4,rw_arma_3m,ARMA (3 Months),38.17700556796896,251.31743246200716,0.2934109648719422,15.85299443203104,39.54055456231463,209.94402909166132,0.2681740780619168,14.489445437685369,36.3844204533296,311.3664775378729,0.3265885535197187,17.645579546670405,61.0390210134026,49.12637556631924,0.1297246162021581,7.009021013402602,52.03027311003482,3.9989076344498167,0.0370114175451634,1.9997268899651812,49.97198026663774,16.46752415635749,0.0751067875876782,4.058019733362258,40.17336191043954,192.00641914505783,0.2564619302158146,13.856638089560462,46.22387647857549,60.93556443173699,0.1444775776684158,7.80612352142451,44.43749788346153,92.016096855795,0.1775402945870529,9.59250211653847,38.15392894827525,252.0496320394126,0.2938380723991254,15.87607105172475,45.468845137877445,73.2933725732447,0.1584518760341024,8.561154862122557,38.78893521087631,232.290055906266,0.2820852265245917,15.24106478912369
2024-06-03 12:00:00,54.95,180.79,rw_arma_3m,ARMA (3 Months),48.66012729676388,39.56249862291487,0.114465381314579,6.289872703236121,46.304501812097726,74.74463891702155,0.1573339069681943,8.645498187902277,50.2362227555372,22.219695910415343,0.0857830253769391,4.713777244462804,46.613090441614354,69.504060984702,0.1517180993336787,8.33690955838565,50.35182087952016,21.143251224016765,0.0836793288531363,4.598179120479841,49.0117946648677,35.262282602193736,0.1080656111944004,5.938205335132302,39.28145290779017,245.5033679807973,0.2851418943077313,15.668547092209836,36.41197530909256,343.658359440694,0.3373616868227014,18.53802469090744,37.00897579991806,321.88034934792586,0.3264972556884793,17.94102420008194,26.81137450967335,791.7822444848609,0.5120768970032148,28.138625490326653,32.524647107678184,502.89645234516655,0.4081046932178674,22.42535289232182,29.64367228290361,640.4102225250812,0.4605337164166768,25.306327717096394
2024-06-04 12:00:00,61.78,100.0,rw_arma_3m,ARMA (3 Months),49.55804799382369,149.3761108412771,0.197830236422407,12.22195200617631,47.11632657803692,215.0233182259865,0.2373530822590333,14.663673421963082,43.12136886485843,348.14451583727435,0.3020173378948133,18.65863113514157,75.12348221267943,178.04851756009242,0.2159838493473524,13.343482212679431,72.71022045088039,119.4697191048438,0.1769216647924957,10.930220450880384,67.46500886567314,32.3193258027822,0.0920202147243952,5.68500886567314,42.27729958494623,380.3553234793386,0.3156798383789863,19.502700415053773,45.818116677165776,254.78171921177335,0.2583665154230208,15.961883322834224,42.13821398915466,385.79975769583984,0.3179311429401966,19.641786010845344,41.29674599229987,419.56369474396354,0.3315515378391086,20.483254007700133,39.05103626362522,516.6057925294398,0.3679016467525862,22.72896373637478,31.546450481894016,914.0675164637668,0.4893743852072836,30.233549518105985
2024-06-05 12:00:00,61.13,80.75,rw_arma_3m,ARMA (3 Months),59.49474575295952,2.6740564524639456,0.0267504375436035,1.6352542470404856,50.39112452469627,115.32344647408004,0.1756727543808888,10.738875475303736,59.8247293001465,1.7037315998960496,0.0213523752634304,1.3052706998535015,84.18177851258015,531.3844925930518,0.3770943646749574,23.05177851258015,57.42347881395425,13.738299302606032,0.0606334236225381,3.706521186045755,76.35350694920481,231.7551638324872,0.2490349574546836,15.223506949204811,49.41629263334978,137.21094027151577,0.1916196199353873,11.713707366650226,51.48023675047828,93.1179307718201,0.1578564248245006,9.649763249521726,47.94132734803413,173.94108632071254,0.2157479576634365,13.188672651965874,48.448807350167456,160.812647022167,0.2074463054119507,12.681192649832546,48.02724739004705,171.68212595762887,0.2143424277760993,13.102752609952953,41.01649999452814,404.55288247011663,0.3290283004330421,20.113500005471863
2024-06-06 12:00:00,59.88,86.84,rw_arma_3m,ARMA (3 Months),49.72085352681426,103.20825706364232,0.1696584247359008,10.159146473185745,53.8187531262465,36.73871366458663,0.1012232276845942,6.061246873753504,54.60197894264701,27.857506281861617,0.0881433042310119,5.278021057352994,82.56879217253511,514.7812902484904,0.3789043448987159,22.68879217253511,76.16899765639752,265.3314446501239,0.2720273489712344,16.28899765639752,73.85927515085835,195.42013374340573,0.2334548288386497,13.97927515085835,50.896187272740406,80.70889111847151,0.1500302726663259,8.983812727259597,57.08015333512255,7.839141346825378,0.0467576263339587,2.7998466648774496,53.204968292583295,44.5560482950184,0.1114734754077606,6.675031707416707,51.22435394599505,74.92020861221154,0.1445498673013519,8.655646054004954,49.76075718654817,102.39907511759658,0.1689920309527694,10.119242813451834,37.333258110594905,508.3555698274546,0.3765320956814478,22.546741889405094
2024-06-07 12:00:00,60.15,78.41,rw_arma_3m,ARMA (3 Months),56.26809351140859,15.069197986168104,0.0645370987296992,3.881906488591412,61.35885259424616,1.4613245946156714,0.0200972999874673,1.20885259424616,51.785278047401896,69.96857334427662,0.139064371614266,8.364721952598103,69.67250074208317,90.6780203829746,0.1583125642906596,9.522500742083174,63.13266444797372,8.896287209206365,0.0495871063669778,2.9826644479737183,48.15139744852158,143.96646318834445,0.1994780141559172,11.99860255147842,49.52293845975112,112.93443698023692,0.1766760023316522,10.62706154024888,51.90009577239757,68.06091976461242,0.1371555150058591,8.249904227602428,50.3486344498091,96.06676664846898,0.1629487207014281,9.8013655501909,48.47238382953939,136.3667194246031,0.1941415822187965,11.67761617046061,50.41396099909426,94.79045542715768,0.1618626600316831,9.73603900090574,45.36784251604549,218.51217988043223,0.2457549041388945,14.782157483954506
2024-06-08 12:00:00,71.81,92.34,rw_arma_3m,ARMA (3 Months),59.09175314132686,161.7538031581492,0.1771096902753535,12.71824685867314,68.64247289225005,10.033227978330746,0.0441098330002777,3.1675271077499474,59.2801825397758,156.99632558653926,0.1744856908539785,12.5298174602242,99.00382450004008,739.5040909389801,0.3786913312914647,27.19382450004008,87.02243500561714,231.4181788001257,0.2118428492635724,15.212435005617138,89.8878640606559,326.80916899555416,0.2517457744138128,18.077864060655894,64.84973466833353,48.445293487198256,0.0969261291138626,6.960265331666477,75.05582373748062,10.535371734792662,0.0452001634518955,3.2458237374806203,74.684344720162,8.261857570323166,0.0400270814672329,2.874344720162,85.01557627247679,174.387244688202,0.1838960628391142,13.20557627247679,82.43779956857878,112.9501236698833,0.1479988799412168,10.62779956857878,73.07414623101626,1.5980656933926034,0.0176040416518069,1.2641462310162552
2024-06-09 12:00:00,88.71,127.0,rw_arma_3m,ARMA (3 Months),68.62405899696864,403.4450259772561,0.2264225115886749,20.08594100303135,81.56590813630177,51.03804855695913,0.0805331063431205,7.144091863698222,67.17283840821493,463.8493294306618,0.2427816660104279,21.537161591785065,80.3527401424347,69.84379232687232,0.094208768544305,8.357259857565296,86.44827284073892,5.1154097429391525,0.0254957407198858,2.2617271592610706,82.08183605867893,43.93255723302877,0.074717212730482,6.628163941321063,73.58346589369891,228.8120340690898,0.1705166735013085,15.12653410630108,90.04548528337486,1.783520942110844,0.0150545066325652,1.3354852833748652,89.38498490098486,0.4556046165575512,0.0076088930333092,0.6749849009848674,91.03391481659597,5.400580074794297,0.0261967626715812,2.3239148165959733,88.6143159351341,0.0091554402692603,0.0010786164453375,0.0956840648658925,75.04001793120842,186.86840976108303,0.1540974193303074,13.669982068791567
2024-06-10 12:00:00,58.85,66.38,rw_arma_3m,ARMA (3 Months),73.8805429145045,225.91722030476143,0.2554042976126508,15.0305429145045,85.8297753129772,727.9082759387342,0.4584498778755684,26.979775312977203,75.41729407501816,274.4752329681319,0.2815173164828914,16.56729407501816,58.95833794823408,0.0117371110275702,0.001840916707461,0.1083379482340802,48.71317128843347,102.75529632763956,0.1722485762373242,10.13682871156653,67.5519067525153,75.72318112947123,0.1478658751489429,8.701906752515292,72.65680422326236,190.6278428594952,0.2346100972516967,13.806804223262354,64.83733874509319,35.848225248494096,0.1017389761273269,5.98733874509319,61.55452190552078,7.314438737441741,0.0459561921074049,2.704521905520778,50.916431916256606,62.941502539391855,0.1348099929268206,7.9335680837433955,56.17919877632318,7.133179176393591,0.0453831983632424,2.6708012236768184,41.092117190661725,315.3424018701919,0.301748221059274,17.757882809338277
2024-06-11 12:00:00,58.15,94.22,rw_arma_3m,ARMA (3 Months),53.06668624988688,25.84007868208912,0.0874172613948946,5.0833137501131205,58.590421732020914,0.1939713020363032,0.0075738904904714,0.4404217320209156,53.37847245425818,22.767475119772943,0.0820555037960759,4.771527545741819,55.71987681238237,5.905498706996879,0.0417905965196497,2.430123187617632,91.45766239906663,1109.4003744901977,0.5727886912995123,33.30766239906664,89.40923034836226,977.139481971972,0.5375620008316812,31.25923034836226,58.44911346915118,0.0894688674276541,0.0051438257807597,0.2991134691511803,54.87496824623591,10.725832988163088,0.0563204084912139,3.2750317537640896,54.4864072133772,13.421912106194616,0.0630024554879243,3.6635927866228,79.45079620222933,453.7239188489074,0.3663077592816737,21.30079620222933,70.16976767985554,144.47481507769984,0.2067027975899491,12.01976767985554,66.93885296503018,77.2439364409198,0.1511410656067099,8.78885296503018
2024-06-12 12:00:00,57.95,71.29,rw_arma_3m,ARMA (3 Months),60.143100643445656,4.809690432281739,0.0378447048049293,2.193100643445653,55.22955215599318,7.400836471961355,0.0469447427783748,2.72044784400682,59.78120163259098,3.353299419203853,0.0315996830472989,1.8312016325909752,47.45683194059338,110.10657592295132,0.1810727879103817,10.49316805940662,56.24030502654234,2.9230569022664072,0.0295029331053954,1.7096949734576654,55.44778857619365,6.261062009427006,0.0431787993754331,2.502211423806351,60.03254035139807,4.33697431520118,0.0359368481690779,2.082540351398066,53.183833628550175,22.71634188033921,0.0822461841492636,4.766166371449828,50.60849406129204,53.89770944808426,0.1266869014444859,7.341505938707961,48.80240424126878,83.67850816515742,0.1578532486407458,9.14759575873122,50.16491377242527,60.60756757077375,0.1343414361962852,7.78508622757473,38.254408903271234,387.9163086495416,0.3398721500729727,19.69559109672877
2024-06-13 12:00:00,47.58,56.11,rw_arma_3m,ARMA (3 Months),59.313343196431774,137.67134256525182,0.2466024211103778,11.733343196431775,54.3606616225921,45.977372040093314,0.1425107528918053,6.780661622592099,57.15698841036946,91.71870701235096,0.2012818077000727,9.57698841036946,53.49814842265485,35.02448075257211,0.1243831110267938,5.918148422654852,69.39677262798949,475.9715679013916,0.4585282183268073,21.816772627989494,60.749367974696376,173.43225285295858,0.2767836900945014,13.169367974696378,58.7309169104176,124.3429479430372,0.2343614314925935,11.1509169104176,56.10085923931205,72.60504217616958,0.1790848936383365,8.520859239312053,53.96348209234692,40.74884362331386,0.1341631377122094,6.383482092346924,42.178523157105865,29.17595208432158,0.1135241034656186,5.401476842894134,48.01712640436615,0.1910794933940824,0.0091871879858376,0.437126404366154,43.83377721641334,14.034185144263782,0.0787352413532295,3.74622278358666
2024-06-14 12:00:00,39.93,45.0,rw_arma_3m,ARMA (3 Months),50.504141041438594,111.81245876423608,0.2648169557084546,10.574141041438594,53.33831402093891,179.78288488410695,0.335795492635585,13.40831402093891,44.57968281637887,21.619550292928945,0.1164458506481059,4.649682816378871,51.963766264063786,144.81153049811968,0.3013715568260402,12.033766264063786,53.0560819536234,172.29402745323785,0.3287273216534785,13.126081953623398,52.52804148666077,158.71064929962589,0.3155031677100117,12.598041486660769,48.452820350171166,72.63846672129176,0.2134440358169588,8.522820350171166,43.43948983039697,12.316518869659774,0.0878910551063604,3.509489830396973,41.52664911416742,2.549288393771606,0.0399862037106791,1.5966491141674195,39.11252815654058,0.6682602148489467,0.0204726231770453,0.8174718434594226,42.04978089694549,4.493471051055037,0.053087425418119,2.1197808969454925,38.93959961176697,0.9808929290121312,0.0248034156832714,0.9904003882330272
2024-06-15 12:00:00,71.91,85.13,rw_arma_3m,ARMA (3 Months),47.862110790841946,578.3009754159402,0.334416481840607,24.04788920915805,48.35226158495572,554.9670392316528,0.3276003117096965,23.55773841504428,43.47695720322896,808.4379226830132,0.3953976192013772,28.433042796771037,50.67223907443137,451.04248913160967,0.2953380743369299,21.23776092556863,61.82086307372985,101.79068391702776,0.140302279603256,10.089136926270143,65.21745386591378,44.790173756872335,0.0930683650964568,6.692546134086214,51.61053886048058,412.0681225548589,0.2822898225492896,20.299461139519416,52.4201466937288,379.8543818999702,0.2710311960265776,19.489853306271197,51.300699039039145,424.7432860994619,0.2865985392985795,20.60930096096085,69.23819904000537,7.1385203698282105,0.0371547901542849,2.671800959994627,62.13931494891517,95.46628636749249,0.1358738012944629,9.770685051084826,55.40169104896896,272.52426442269154,0.2295690300518848,16.50830895103104
2024-06-16 12:00:00,74.07,86.46,rw_arma_3m,ARMA (3 Months),79.24576001959802,26.788491780469403,0.0698766034777647,5.17576001959803,78.41637704141392,18.890993386130116,0.0586793174215462,4.34637704141393,76.07496242413227,4.019874322182361,0.0270684814922677,2.004962424132273,77.08976814880126,9.1189996725146,0.040769112309994,3.019768148801262,99.70694160398412,657.2527748060922,0.3461177481299329,25.636941603984127,80.58062212795147,42.38820049297144,0.0878982331301671,6.510622127951478,87.76675642286817,187.60113650738063,0.1849163821097364,13.696756422868177,92.49619962612252,339.5248326617179,0.2487673771583978,18.426199626122525,93.25103491323232,367.91210034263736,0.2589582140304081,19.181034913232324,72.5844190766649,2.206950679777146,0.02005644556953,1.4855809233350925,73.93520852860004,0.0181687407621635,0.0018197849520716,0.13479147139995,63.97757690611823,101.85700390591794,0.136255205803723,10.092423093881765
2024-06-17 12:00:00,45.49,53.7,rw_arma_3m,ARMA (3 Months),68.57501616992704,532.9179715657928,0.5074745256084202,23.08501616992704,70.89814258790854,645.5737097674914,0.5585434730250283,25.408142587908536,61.68588374611596,262.30665031770314,0.3560317376591769,16.19588374611596,62.95104975392188,304.8882585089352,0.3838436965030089,17.461049753921877,73.33871016329522,775.5506577592223,0.6121941121849904,27.848710163295216,64.64913158291317,367.0723230113809,0.4211723803674031,19.15913158291317,63.10625930197506,310.3325917944227,0.3872556452401638,17.616259301975056,52.47612113449958,48.80588850590165,0.1535748765552775,6.986121134499577,49.93702969987972,19.77607315161232,0.0977584018439156,4.447029699879721,56.29614918319562,116.77286016947924,0.2375499930357356,10.806149183195616,51.426264421619216,35.2392352833821,0.1304960303719325,5.936264421619214,42.45799854980954,9.193032793957077,0.066652043310408,3.032001450190464
2024-06-18 12:00:00,36.54,42.76,rw_arma_3m,ARMA (3 Months),54.80146317691645,333.48103736187545,0.4997663704684305,18.26146317691645,44.20105207021899,58.69171882260672,0.2096620708872193,7.661052070218993,39.95384678938304,11.654349901380916,0.0934276625446919,3.413846789383044,45.95910151489734,88.7194733479414,0.2577750825095058,9.419101514897342,50.80697902499109,203.54669049953563,0.390448249178738,14.266979024991087,55.4159741406859,356.3023997598428,0.5165838571616284,18.875974140685894,49.81119868594331,176.12471456178346,0.3631964610274579,13.271198685943313,44.81805220394566,68.52614829124964,0.2265476793635923,8.278052203945663,41.00151676318028,19.90513182813862,0.1220995282753223,4.461516763180278,45.21170082458146,75.19839519104684,0.2373207669562524,8.671700824581464,42.05125840659018,30.373969224210928,0.1508280899449967,5.51125840659018,33.74908201208116,7.789223215288938,0.0763798026250366,2.7909179879188386
2024-06-19 12:00:00,39.45,49.0,rw_arma_3m,ARMA (3 Months),47.66177831662917,67.43330312146091,0.2081566113213983,8.211778316629164,36.23011418334223,10.367664672313888,0.0816194123360651,3.219885816657772,44.20281606148404,22.589260514300666,0.1204769597334357,4.75281606148404,28.34427510295071,123.33712548894052,0.2815139390887019,11.105724897049292,40.824375107471504,1.8889069360372992,0.0348384057660709,1.3743751074715007,43.88476555462889,19.66714552452288,0.1124148429563723,4.434765554628889,40.36827769097571,0.8432339177436754,0.0232770010386744,0.9182776909757068,35.35466553168747,16.77176440734867,0.1038107596530425,4.0953344683125295,37.36306907109797,4.355280702007911,0.0529006572598741,2.086930928902035,46.55243270700618,50.44455035755114,0.1800363170343771,7.10243270700618,39.91053624620333,0.2120936340670501,0.0116739225907053,0.4605362462033255,35.55361311631765,15.181830747331883,0.0987677283569671,3.8963868836823536
2024-06-20 12:00:00,37.56,43.2,rw_arma_3m,ARMA (3 Months),49.27323406465537,137.1998522534029,0.3118539420834762,11.713234064655367,38.64835123859008,1.1845084185405583,0.0289763375556463,1.0883512385900789,43.111780351884704,30.82226507557302,0.1478109784846832,5.551780351884702,32.559980265049354,25.00019734989595,0.1331208662127435,5.000019734950648,52.316864980614206,217.76506405607785,0.3928877790365868,14.756864980614203,47.41758097902676,97.17190275807012,0.2624489078548124,9.857580979026755,45.5430616877257,63.72927391003381,0.2125415784804497,7.983061687725694,39.72778873082661,4.699307981498836,0.0577153549208362,2.167788730826608,38.47673842469318,0.8404093393089312,0.0244073063017353,0.9167384246931788,40.57497237054731,9.090058395163636,0.0802708298867759,3.014972370547305,38.0993275060886,0.2908741588237455,0.014359092281379,0.5393275060885969,33.86666610101491,13.640715289392446,0.0983315734554072,3.6933338989850952
2024-06-21 12:00:00,31.82,35.86,rw_arma_3m,ARMA (3 Months),45.73933986726637,193.74802234047087,0.4374399706871894,13.919339867266366,40.96016409836303,83.54259974500447,0.2872458861836276,9.14016409836303,34.84713972996691,9.163574944744148,0.095133241042329,3.027139729966912,29.22339163969615,6.742374976799852,0.0816030282936471,2.5966083603038506,50.3049080964378,341.6918273337517,0.5809210589703897,18.4849080964378,41.827503598224126,100.15012826846883,0.3145035700258996,10.007503598224126,36.21931588782462,19.35398028086613,0.1382563132565877,4.399315887824621,33.62729412863849,3.266312067411155,0.0567974270470926,1.807294128638489,32.91451198002403,1.197956474416124,0.0343969824017608,1.0945119800240306,34.82327285078976,9.01964781629087,0.0943831819858505,3.003272850789763,33.2242409961807,1.971892775354556,0.0441307666932965,1.4042409961806968,31.22135034541368,0.3583814089363216,0.0188136283653777,0.5986496545863211
2024-06-22 12:00:00,52.74,62.12,rw_arma_3m,ARMA (3 Months),41.97946897127383,115.78902802017868,0.204029788182142,10.76053102872617,39.61790154290114,172.1894679177964,0.2488073275900429,13.122098457098865,34.65967611154512,326.89811191143235,0.3428199447943664,18.080323888454885,38.31008088263607,208.22256573366505,0.2736048372651484,14.42991911736393,66.7767454517422,197.0302228770053,0.2661498947998141,14.0367454517422,49.55907271693272,10.118298380161812,0.060313372830248,3.180927283067284,39.776628249515866,168.04900714125012,0.245797719956089,12.963371750484136,48.50801075439968,17.909732974876803,0.0802424961243899,4.2319892456003245,40.27661358374138,155.33600096097993,0.2363175278016424,12.463386416258622,49.7885144253471,8.711267097384155,0.0559629422573549,2.9514855746528994,50.720445658577205,4.078599737959667,0.0382926496287978,2.019554341422797,44.37107657583383,70.03887927955721,0.1586826587820661,8.36892342416617
2024-06-23 12:00:00,54.96,61.5,rw_arma_3m,ARMA (3 Months),63.52671938065375,73.38868094686859,0.1558718955723026,8.566719380653751,56.61397016399197,2.735617303375628,0.0300940713972338,1.6539701639919713,55.95920764636343,0.9984159205511464,0.0181806340313579,0.9992076463634304,60.67818672207087,32.69765938846758,0.1040426987276358,5.718186722070868,69.9010817098536,223.2359226605217,0.2718537429012663,14.9410817098536,60.39656610641802,29.556251029453197,0.0989185972783482,5.43656610641802,64.88036058368337,98.41355411029863,0.1805014662242243,9.920360583683369,71.46882772553109,272.54139287126384,0.3003789615271303,16.508827725531084,65.7355946715435,116.11344052539656,0.1960624940237171,10.775594671543494,56.499836881130896,2.371097620490924,0.028017410500926,1.5398368811308956,59.23321982827692,18.260407700779044,0.0777514524795655,4.273219828276922,50.357832053938246,21.17994980375827,0.0837366802412983,4.602167946061755
2024-06-24 12:00:00,39.32,45.1,rw_arma_3m,ARMA (3 Months),54.47183690975849,229.5781617399196,0.3853468186612026,15.151836909758488,50.37384911676027,122.18758029610176,0.2811253590223873,11.053849116760269,46.5306622378389,51.99364990819584,0.1833840853977338,7.210662237838896,46.46839997444472,51.0996221946413,0.181800609726468,7.148399974444722,61.58482163028821,495.7222822285498,0.5662467352565669,22.26482163028821,55.9833625602611,277.66765181471135,0.4237884679618794,16.6633625602611,43.17131764513016,14.832647603690914,0.0979480581162298,3.851317645130159,39.79486737671964,0.2254990254725891,0.0120769933041616,0.4748673767196365,38.657481760822776,0.4389304172424896,0.01684939570644,0.6625182391772242,44.79867179022203,30.015844584974666,0.1393354982253822,5.47867179022203,44.73516439468197,29.32400542143138,0.1377203559176493,5.415164394681973,40.032752979459886,0.5080168097289443,0.0181269832009126,0.7127529794598857
2024-06-25 12:00:00,40.06,49.19,rw_arma_3m,ARMA (3 Months),43.18104193265373,9.7409027453829,0.0779091845395338,3.121041932653725,37.28081364858119,7.7238767759126254,0.0693755953923818,2.779186351418815,35.88073886439533,17.466223639575627,0.1043250408288734,4.179261135604669,46.87226490390696,46.40695312100247,0.1700515452797543,6.812264903906957,52.6317649223756,158.04927326347357,0.3138233879774238,12.5717649223756,55.2065770338272,229.4187958416616,0.3780972799257913,15.1465770338272,41.51914955940237,2.1291174367041297,0.036424102830813,1.4591495594023698,38.44950109123075,2.59370673514695,0.0402021694650337,1.6104989087692516,36.04835352139311,16.093307469319075,0.1001409505393632,4.011646478606892,37.58351468877648,6.132979496705855,0.0618194036750753,2.47648531122352,40.43937516976914,0.1439255194373642,0.0094701739832536,0.3793751697691405,38.47005516208321,2.527924587618245,0.0396890873169443,1.5899448379167893
2024-06-26 12:00:00,39.07,48.0,rw_arma_3m,ARMA (3 Months),49.49273380568832,108.63337998423806,0.2667707654386567,10.422733805688315,35.64948748935897,11.699905835451816,0.087548310996699,3.420512510641032,47.57158827758313,72.27700324153892,0.2175988809209913,8.501588277583132,36.57069250828256,6.246537938154913,0.0639699895499728,2.4993074917174383,58.56017934175658,379.86709077383495,0.4988528114091778,19.49017934175658,44.08990423496235,25.199438528192903,0.1284848793182069,5.019904234962347,40.36988483125862,1.6897005745362412,0.0332706637127877,1.2998848312586162,40.01411138200217,0.891346301626047,0.0241646117737949,0.9441113820021698,38.96447639135765,0.0111352319809039,0.0027008858111684,0.1055236086423505,39.89261722403379,0.6766990972770613,0.0210549583832554,0.8226172240337917,37.61626815536695,2.1133362761002026,0.0372083912114934,1.4537318446330474,36.16160987848436,8.458733098929743,0.0744404945358494,2.9083901215156374
2024-06-27 12:00:00,37.43,44.18,rw_arma_3m,ARMA (3 Months),45.55464170176376,66.00980278203868,0.2170622949976959,8.124641701763757,37.253157839608896,0.0312731496917928,0.0047246102161662,0.1768421603911036,38.48406055429759,1.111043652126148,0.0281608483648835,1.0540605542975925,39.09795191905908,2.782063604292861,0.0445619000550114,1.667951919059078,50.57561087574678,172.80708529655212,0.3512052064052039,13.145610875746785,42.709747713978025,27.875735923256187,0.141056577984986,5.279747713978026,37.95669780013418,0.2774105726661844,0.0140715415478006,0.5266978001341798,39.00043547882962,2.466267593166827,0.0419565984191723,1.5704354788296229,35.35448785337487,4.307750670788454,0.0554504981732602,2.0755121466251296,31.33038825436856,37.205263447445006,0.1629605061616734,6.099611745631439,31.553254225525347,34.53614089780569,0.1570062990776022,5.876745774474653,29.86373738938996,57.248329892715496,0.2021443390491595,7.566262610610043
2024-06-28 12:00:00,47.72,67.49,rw_arma_3m,ARMA (3 Months),45.10492192061415,6.838633361284365,0.054800462686208,2.615078079385846,41.86137761320482,34.3234562710576,0.1227707960351042,5.858622386795176,34.94047519736646,163.31625418112577,0.2678022800216584,12.77952480263354,63.471246937290665,248.1017800795086,0.3300764236649343,15.751246937290666,61.61813643758985,193.15819643786264,0.2912434291196532,13.898136437589848,60.99626355098722,176.2591738752719,0.2782117257122218,13.276263550987224,34.46973720324332,175.56946418311415,0.2776668649781366,13.25026279675668,34.224598918446084,182.12585035200655,0.2828038784902329,13.495401081553917,33.874232337747145,191.70528215708688,0.2901460113632199,13.845767662252854,45.29074115992276,5.901298512093412,0.0509065138322975,2.429258840077239,42.74167659067779,24.78370396780549,0.1043236255096858,4.978323409322208,38.830018068185474,79.03177874798871,0.1862946758552918,8.889981931814525
2024-06-29 12:00:00,54.61,62.6,rw_arma_3m,ARMA (3 Months),55.663862248440005,1.110625638687023,0.0192979719545871,1.053862248440005,53.51996359457286,1.188179365156525,0.0199603809820022,1.090036405427142,52.78974920169498,3.313312968730056,0.0333318219795828,1.8202507983050185,42.84133764181365,138.50141370099223,0.215503797073546,11.768662358186347,52.98101205426766,2.653601727341272,0.0298294807861626,1.6289879457323408,51.63090137428097,8.875028621761029,0.0545522546368619,2.9790986257190326,50.12569052356558,20.10903148043953,0.0821151707825383,4.484309476434419,74.0616726964047,378.3675706880561,0.3561925049698718,19.4516726964047,63.33678652582781,76.15680306736985,0.1598019872885517,8.726786525827812,43.63734137087467,120.3992373913185,0.2009276438221081,10.972658629125329,45.20209796906233,88.50862062372114,0.1722743459245133,9.40790203093767,41.787019856742006,164.4288197543888,0.234810110662113,12.822980143257992
2024-06-30 12:00:00,54.78,59.0,rw_arma_3m,ARMA (3 Months),60.17784802373575,29.136763287347915,0.0985368386954316,5.397848023735747,58.320740388006456,12.5368424952601,0.0646356405258571,3.540740388006455,50.50199639746426,18.30131482330877,0.0780942607253694,4.27800360253574,44.26143998044401,110.64010488500172,0.192014604227017,10.518560019555991,62.099448178612846,53.574321639398896,0.1336153373240753,7.319448178612845,61.17875778237352,40.94410115748572,0.1168082837235035,6.398757782373522,61.23803875104415,41.70626450998788,0.1178904481753222,6.45803875104415,68.37033244489842,184.69713596285877,0.2480893107867547,13.590332444898422,67.4824387442243,161.35195005077048,0.2318809555353102,12.702438744224295,50.975558132452925,14.473777923545088,0.0694494681918049,3.8044418675470766,51.40117375316797,11.416466806281049,0.0616799241845935,3.378826246832034,43.93681821654278,117.57459118909848,0.1979405217863676,10.84318178345722
2024-07-01 12:00:00,38.75,42.09,rw_arma_3m,ARMA (3 Months),56.03823338659191,298.88301362927126,0.4461479583636623,17.288233386591912,52.30654477813422,183.7799063215581,0.3498463168550765,13.556544778134215,45.40564165899357,44.29756589293064,0.1717584944256404,6.655641658993567,33.23305148037092,30.43672096823752,0.1423728650226859,5.516948519629082,51.34727674251672,158.69138132755265,0.3250910127101089,12.59727674251672,50.78543841882317,144.85177793328475,0.3105919591954366,12.03543841882317,45.109455990971945,40.44268050110896,0.164114993315405,6.359455990971945,42.64031110607112,15.134520502020276,0.1003951253179643,3.890311106071117,39.03595628107935,0.0817709946887325,0.00737951693108,0.2859562810793505,34.549656158915944,17.64288838333276,0.1083959700924917,4.200343841084056,36.570060546305925,4.752136021772023,0.0562565020308148,2.1799394536940757,34.59575596727976,17.257743483391746,0.1072062976185869,4.154244032720243
2024-07-02 12:00:00,31.69,36.57,rw_arma_3m,ARMA (3 Months),42.88501168097356,125.32828653713447,0.3532663831168684,11.19501168097356,34.99001997855917,10.890131858889644,0.1041344265875407,3.300019978559167,40.0815821634854,70.41865120652629,0.2648022140576017,8.391582163485399,40.312455282389,74.346735096798,0.272087575966835,8.622455282389001,44.6508530506102,167.98371179951175,0.4089887362136383,12.9608530506102,43.3089308418789,134.99955390836465,0.3666434472034994,11.618930841878896,37.63152489248055,35.301718047965984,0.1874889521136177,5.941524892480548,40.49365117816259,77.50427406676349,0.277805338534635,8.803651178162585,39.13648786180714,55.45018147604105,0.2349791057686064,7.446487861807139,29.906292248159847,3.181613343974657,0.0562861392186858,1.7837077518401545,30.93693879015222,0.5671011857774059,0.0237633704590653,0.7530612098477825,29.723838079604363,3.8657926972138648,0.0620436074596288,1.9661619203956384
2024-07-03 12:00:00,28.48,30.24,rw_arma_3m,ARMA (3 Months),40.54205230694366,145.49310585544487,0.4235271175190891,12.06205230694366,30.846612187466555,5.6008532458652285,0.0830973380430672,2.366612187466554,35.85228298216914,54.35055636918075,0.2588582507784109,7.372282982169143,35.67588029292416,51.780693190094325,0.2526643361279551,7.195880292924162,37.74218486868916,85.78806854177438,0.3252171653331867,9.262184868689156,36.4957041248838,64.25151261767917,0.2814502852838413,8.0157041248838,32.56010064051277,16.647221236712728,0.1432619606921619,4.080100640512772,30.971077196274017,6.205465597796414,0.0874675981837786,2.4910771962740164,30.000720037915645,2.31258943371816,0.053396068747038,1.5207200379156447,32.38052900904584,15.214126550408096,0.1369567770030139,3.9005290090458367,31.417928446800083,8.631423558517145,0.103157599957868,2.9379284468000826,30.492367542219565,4.049623124978811,0.0706589726902937,2.0123675422195646
2024-07-04 12:00:00,48.48,68.73,rw_arma_3m,ARMA (3 Months),37.04362922704293,130.79057645654666,0.2358987370659461,11.43637077295707,30.1869929260222,334.6341078086017,0.3773310040011922,18.2930070739778,29.24987567204593,369.7976816685708,0.3966609803620888,19.230124327954066,47.37401315768172,1.2232068953811457,0.0228132599488092,1.1059868423182737,46.53397202552892,3.78702487742401,0.0401408410575717,1.946027974471079,44.64651903781999,14.695576287396536,0.0790734521901816,3.833480962180005,29.87614814317517,346.1033039106845,0.3837428188288949,18.603851856824825,29.406741700236843,363.789182169484,0.3934252949621112,19.073258299763157,27.683333030896257,432.5013570238105,0.4289741536531299,20.79666696910374,43.43620572750101,25.43986066329357,0.1040386607363652,5.043794272498985,37.89133300502812,112.1198687304067,0.218413098081103,10.588666994971874,38.289297714390784,103.85041307392083,0.2102042550661966,10.190702285609213
2024-07-05 12:00:00,54.9,65.42,rw_arma_3m,ARMA (3 Months),60.77126844374894,34.471793138562084,0.1069447803961555,5.871268443748939,52.2349112293828,7.102698155269875,0.048544422051315,2.665088770617196,51.61743886679764,10.775207593210745,0.0597916417705347,3.282561133202357,41.85378436659849,170.20374235320995,0.2376359860364573,13.04621563340151,61.57822675729294,44.598712621823374,0.1216434746319296,6.67822675729294,58.79949471385687,15.20605902339771,0.0710290476112363,3.8994947138568743,44.12805770044758,116.0347409048867,0.1962102422504995,10.77194229955242,46.39125422482927,72.39875466648576,0.1549862618428184,8.50874577517073,47.90183721221311,48.97428240436516,0.1274710890307265,6.998162787786889,33.20780516688885,470.55131667765386,0.3951219459583087,21.692194833111145,40.99979439622024,193.21571582735024,0.2531913589030922,13.90020560377976,38.70102514592698,262.40678632289007,0.2950632942454102,16.198974854073022
2024-07-06 12:00:00,66.09,78.12,rw_arma_3m,ARMA (3 Months),54.36959987504568,137.36777908902934,0.1773399928121398,11.720400124954324,57.48657584101006,74.01890725949184,0.1301773968677552,8.603424158989945,49.83457648279805,264.2387937236024,0.2459588972189734,16.255423517201955,64.67285600292577,2.008297108443537,0.0214426387815741,1.417143997074234,73.43302556028286,53.92002437896732,0.1111064542333613,7.343025560282854,68.44154843597477,5.529780046735355,0.0355810022087269,2.351548435974763,72.82435493011016,45.35153632469898,0.1018967306719648,6.7343549301101575,65.60598773826348,0.2342678695113053,0.0073235324820173,0.4840122617365239,60.57505217690717,30.41464949143637,0.0834460254666792,5.514947823092832,44.215896845764114,478.4763888021525,0.330974476535571,21.87410315423589,53.72581224323667,152.87313888449637,0.1870810675860695,12.364187756763336,50.88133319479765,231.303545991664,0.2301205447904729,15.208666805202355
2024-07-07 12:00:00,58.45,65.36,rw_arma_3m,ARMA (3 Months),73.77294908319227,234.79276860610284,0.2621548175054281,15.32294908319227,65.1639803604598,45.07753228063991,0.1148670720352403,6.7139803604598,55.77908997723706,7.133760349695563,0.0456956376862779,2.6709100227629463,63.93899616176338,30.129078863853056,0.0939092585417172,5.488996161763375,75.11236040039324,277.6342541125928,0.2850703233600212,16.66236040039324,71.17391407524825,161.89798939430042,0.2176888635628442,12.723914075248246,75.83937549010895,302.3903799360017,0.297508562705029,17.389375490108947,74.220472115785,248.70779075475207,0.2698113279005132,15.770472115784996,76.3847646712959,321.65578381476337,0.3068394297912043,17.934764671295895,38.80867950681404,385.78147071604695,0.3360362787542509,19.641320493185965,62.66238217415324,17.744163581123924,0.0720681295834599,4.212382174153234,50.24008112247395,67.4027679755586,0.1404605453811129,8.20991887752605
2024-07-08 12:00:00,38.69,41.53,rw_arma_3m,ARMA (3 Months),55.60854329608565,286.2371072615247,0.4372846548484273,16.91854329608565,50.69692137605092,144.16616093066867,0.3103365566309363,12.006921376050926,56.18233050786354,305.9816265963336,0.4521150299266876,17.492330507863542,47.79358177535859,82.87520114064108,0.2352954710612197,9.103581775358592,56.12456216781243,303.96395798331645,0.4506219221455785,17.43456216781243,55.55179082021453,284.31998966467097,0.435817803572358,16.86179082021453,45.85463805621451,51.33203847655729,0.1851806165989794,7.164638056214514,44.81580649895994,37.525505262699824,0.1583304858867908,6.125806498959939,44.94052451125146,39.06905666575534,0.1615540064939639,6.250524511251463,26.795158918970653,141.48724434294334,0.307439676428776,11.894841081029345,47.28002512472481,73.7885316434035,0.2220218434924996,8.59002512472481,36.55443103658086,4.560654797519097,0.0551969233243509,2.1355689634191397
2024-07-09 12:00:00,37.0,45.88,rw_arma_3m,ARMA (3 Months),42.29617699280879,28.049490739157147,0.1431399187245618,5.296176992808789,35.99095954907297,1.018162631607027,0.0272713635385684,1.0090404509270314,38.449823730187454,2.1019888486146634,0.0391844251402014,1.449823730187454,48.32115890411679,128.16863893226292,0.3059772676788322,11.321158904116793,52.45689253952212,238.91552697833467,0.4177538524195168,15.456892539522125,52.643226762716566,244.7105435497718,0.4227899125058531,15.643226762716566,34.80277534085292,4.827796202764011,0.0593844502472184,2.197224659147082,37.7696101750104,0.5922998214795373,0.020800275000281,0.7696101750103992,37.920146257299024,0.8466691348214013,0.0248688177648384,0.9201462572990238,28.502520000042114,72.20716634968427,0.2296616216204834,8.497479999957886,40.02506729479792,9.151032138056014,0.0817585755350789,3.025067294797921,36.7846047725699,0.0463951039996647,0.0058214926332459,0.2153952274301005
2024-07-10 12:00:00,32.9,36.5,rw_arma_3m,ARMA (3 Months),46.29645064468907,179.46488987559016,0.4071869496865978,13.396450644689068,35.50964548084956,6.810249535718521,0.0793205313328133,2.609645480849558,37.99116931961428,25.92000504098174,0.1547467878302213,5.091169319614281,33.378662557272605,0.2291178437347514,0.0145490138988634,0.4786625572726066,34.65817753920358,3.0911882593599542,0.0534400467843033,1.7581775392035794,34.00536964061735,1.221842042398539,0.0335978614169408,1.1053696406173543,34.87335848741247,3.894143719842827,0.0599805011371571,1.9733584874124688,37.16647896402248,18.202842750446354,0.1296802116724159,4.2664789640224825,35.22966558302749,5.427341728742822,0.0708105040433888,2.3296655830274915,17.599232014329953,234.11350095130535,0.4650689357346518,15.300767985670046,31.2827379658834,2.6155364869949613,0.0491569007330273,1.6172620341165995,26.837963661874465,36.74828456475443,0.184256423651232,6.062036338125534
2024-07-11 12:00:00,31.04,38.18,rw_arma_3m,ARMA (3 Months),39.363655758026255,69.28324517812364,0.2681590128230108,8.323655758026256,36.51309712567818,29.954792147106755,0.1763240053375702,5.47309712567818,36.38864934671897,28.608049834157285,0.1723147341082143,5.348649346718972,40.55875289759794,90.60665672552922,0.3066608536597275,9.518752897597942,42.91896650761903,141.10984528913474,0.3826986632609224,11.878966507619031,41.148644572558645,102.18469509431937,0.3256650957654203,10.108644572558646,31.54791203156513,0.2579746318086178,0.0163631453468147,0.5079120315651302,35.720852293778215,21.910378196168782,0.1508006537944012,4.680852293778216,31.39894056037762,0.1288383258842013,0.0115638067131965,0.3589405603776221,26.5381041047248,20.267066651895703,0.1450353059044845,4.501895895275201,37.73631226636783,44.84059796870831,0.2157317096123657,6.696312266367833,32.369825238174684,1.7684351640863574,0.0428423079308854,1.329825238174685
2024-07-12 12:00:00,26.73,28.56,rw_arma_3m,ARMA (3 Months),45.91186702158364,367.944022433718,0.7176156760786995,19.18186702158364,40.5570338935455,191.1868662932561,0.5172852186137487,13.8270338935455,31.58742898217336,23.594616316857724,0.181721997088416,4.85742898217336,24.126666108474048,6.777347350767661,0.0973937108689095,2.6033338915259527,31.83895608756219,26.101432304638774,0.1911319149854916,5.108956087562191,30.897566185920937,17.368607914031582,0.1559134375578352,4.167566185920936,28.52644658087882,3.227220317951197,0.0672071298495629,1.7964465808788184,31.41029637076619,21.905174118207164,0.1750952626549266,4.6802963707661895,30.47340294781869,14.013065629737664,0.1400450036595095,3.7434029478186903,18.907946506453595,61.18452085590153,0.2926320049961244,7.822053493546406,25.71635755238514,1.0274710116066437,0.0379215281561862,1.0136424476148598,26.139846449471616,0.3482812132012586,0.0220783221297562,0.5901535505283846
2024-07-13 12:00:00,46.41,52.8,rw_arma_3m,ARMA (3 Months),32.07286607659324,205.55340913770075,0.3089233769318413,14.337133923406752,35.0169573210982,129.8014214832779,0.2454868062680844,11.3930426789018,27.817572528257635,345.67835929200004,0.4006125290183659,18.59242747174236,41.2437511342725,26.69012734263064,0.111317579524402,5.166248865727496,48.03949457660859,2.655252575196818,0.0351108506056581,1.629494576608593,46.32787924511341,0.0067438183831431,0.0017694625056364,0.0821207548865885,30.6199286650847,249.3263527617137,0.3402299361110816,15.790071334915297,35.24108328959574,124.74470048394738,0.2406575460117271,11.168916710404254,34.95908013424775,131.12356577187947,0.2467338906647758,11.450919865752248,37.79205786480834,74.2689266455117,0.185691491816239,8.617942135191655,45.25461105986812,1.3349236029790654,0.0248952583523352,1.1553889401318784,41.22869259616234,26.84594641306292,0.1116420470553255,5.181307403837657
2024-07-14 12:00:00,57.23,70.87,rw_arma_3m,ARMA (3 Months),53.26409653719684,15.728390276274055,0.0692976317106964,3.965903462803155,46.54411215179005,114.18819910452096,0.1867182919484526,10.685887848209944,48.30270529264909,79.69659079189557,0.1559897729748542,8.92729470735091,36.74382813812317,419.68323755435387,0.3579621153569252,20.486171861876823,55.96266618759854,1.6061349920560024,0.0221445712458754,1.2673338124014537,53.608845763446745,13.112758004907567,0.0632737067369081,3.621154236553252,48.35888514353333,78.69667879662364,0.1550081226011999,8.871114856466669,52.82688612968005,19.38741175500392,0.0769371635561759,4.403113870319949,60.23532293385183,9.031965936735808,0.0525130689123158,3.0053229338518364,45.08880353680125,147.40865155798974,0.2121474133006945,12.141196463198746,45.44575802568352,138.86835890924235,0.2059102214628076,11.78424197431648,45.23728465134778,143.8252214337985,0.2095529503521268,11.99271534865222
2024-07-15 12:00:00,38.18,43.75,rw_arma_3m,ARMA (3 Months),51.91331595451923,188.6039671066524,0.3596992130570777,13.733315954519227,46.69696269821779,72.53865360283324,0.2230739313310054,8.516962698217789,51.175803540570335,168.89090966510048,0.3403824918955038,12.995803540570336,36.22410741465549,3.8255158054056215,0.0512281976255764,1.9558925853445075,57.516305053760846,373.8926931320973,0.5064511538439195,19.33630505376085,55.3743408241026,295.6453563754014,0.4503494191750289,17.194340824102603,47.26314697328753,82.50355893834248,0.2379032732657814,9.083146973287532,39.72672526598665,2.3923590484414787,0.0405114003663345,1.5467252659866515,37.86814865965561,0.0972512584745925,0.0081679240530222,0.3118513403443899,35.50509855375164,7.155097747141584,0.0700602788435925,2.674901446248363,36.68138277366956,2.245853591054336,0.0392513678976018,1.4986172263304385,36.92810584618465,1.5672389723570508,0.0327892654220887,1.25189415381535
2024-07-16 12:00:00,65.6,125.0,rw_arma_3m,ARMA (3 Months),39.93971007722902,658.4504789206615,0.3911629561398014,25.66028992277097,36.547391585283535,844.0540556988536,0.4428751282731168,29.05260841471646,31.776048958271986,1144.0596640732133,0.5156090097824392,33.82395104172801,32.7939179747666,1076.2390178463415,0.5000927137992895,32.806082025233394,49.62513538483848,255.19629947273944,0.243519277670145,15.974864615161517,47.991748798963066,310.0505103588184,0.268418463430441,17.60825120103693,34.95701600397178,938.9924681808412,0.4671186584760399,30.642983996028214,34.67821818486952,956.1565906225336,0.4713686252306475,30.921781815130476,31.62339057675347,1154.4099878998447,0.5179361192568069,33.97660942324653,25.760742938942595,1587.1664031770115,0.6073057478819726,39.8392570610574,33.7177238426143,1016.4795329758044,0.486010307277221,31.882276157385697,33.07194771392662,1058.0741855255233,0.4958544555803869,32.528052286073375
2024-07-17 12:00:00,56.43,66.87,rw_arma_3m,ARMA (3 Months),72.15620787450675,247.31361411219805,0.2786852361245215,15.726207874506748,52.10953896823183,18.666383527027268,0.0765631938998434,4.320461031768168,70.85457955358912,208.06849529782127,0.2556189890765394,14.42457955358912,97.6130758786644,1696.0457388278298,0.7298081849843063,41.1830758786644,72.18599930679794,248.25151415581715,0.2792131721920599,15.75599930679794,67.08591077263631,113.54843439438658,0.1888341444734416,10.655910772636313,55.17411904621612,1.5772369700771076,0.0222555547365564,1.2558809537838798,57.96420999179225,2.3538002989151834,0.027187843200288,1.5342099917922525,58.161334978279775,2.997520807015032,0.0306811089540984,1.7313349782797758,41.24983211953206,230.43749687919052,0.2690088229747996,15.18016788046794,43.71498372066336,161.6716389837957,0.2253236980212057,12.715016279336638,40.20988903872573,263.0919995960498,0.2874377274725194,16.220110961274273
2024-07-18 12:00:00,38.64,46.5,rw_arma_3m,ARMA (3 Months),47.88191688889084,85.41302778116577,0.2391800437083551,9.241916888890842,50.6505305159989,144.25284327574084,0.3108315350931392,12.010530515998902,50.21259636157745,133.92498654799553,0.2994978354445509,11.572596361577446,26.386574612688708,150.1464337224049,0.3171176342471866,12.253425387311292,62.25322304447064,557.5843025479192,0.6111082568444781,23.61322304447064,57.44767423539591,353.728610144775,0.4867410516406808,18.807674235395908,53.86646929537029,231.8453672028541,0.394059764372937,15.226469295370286,48.0224289772484,88.0299735131105,0.2428164849184369,9.382428977248402,47.24035925624601,73.9661793364964,0.2225765853065737,8.600359256246008,24.004566013720908,214.19592796673317,0.3787638195206804,14.635433986279091,38.81017742233098,0.0289603550712166,0.0044041775965574,0.1701774223309797,33.87838385161672,22.672988344544446,0.1232302315834182,4.761616148383283
2024-07-19 12:00:00,36.7,42.0,rw_arma_3m,ARMA (3 Months),39.00122644819585,5.295643165876079,0.0627037179344917,2.301226448195848,49.59333940975621,166.23820113517257,0.3513171501295969,12.893339409756209,31.23257268332116,29.89276146316602,0.1489762211629112,5.467427316678844,60.91466887745742,586.350188844905,0.6598002418925727,24.21466887745742,48.73072025152662,144.7382297704927,0.3278125409135318,12.030720251526615,44.6731015773395,63.5703487625736,0.2172507241781879,7.973101577339499,37.43848965995714,0.545366977863611,0.0201223340587776,0.7384896599571391,37.14727268837054,0.2000528577622094,0.0121872667130937,0.4472726883705391,36.50945388113502,0.0363078234145069,0.0051919923396452,0.1905461188649795,32.98339612856795,13.813144337143749,0.1012698602570042,3.716603871432056,34.96985065588319,2.9934167529478297,0.0471430338996406,1.7301493441168103,32.27232756673719,19.604283176275445,0.1206450254295044,4.4276724332628135
2024-07-20 12:00:00,43.3,52.0,rw_arma_3m,ARMA (3 Months),42.851840781520266,0.200846685108363,0.0103500974244741,0.4481592184797307,43.663376763674734,0.1320426723787252,0.0083920730640816,0.3633767636747365,45.97202790161346,7.139733107000836,0.0617096513074702,2.672027901613461,68.3982541867334,629.9223632218806,0.5796363553518107,25.0982541867334,55.69041492521641,153.52238201902563,0.286152769635483,12.390414925216412,53.7778137227739,109.7845804091491,0.2419818411726074,10.477813722773902,42.42783654297354,0.7606690957723454,0.0201423431183939,0.8721634570264598,50.67498775393189,54.39044437064535,0.170323042815979,7.37498775393189,54.34864794997791,122.07262152255112,0.2551650796761642,11.048647949977912,36.99275682058556,39.78131652426991,0.145663814767077,6.307243179414435,48.560441545266166,27.672245251162312,0.1214882573964473,5.260441545266168,45.95649460847492,7.056963604856331,0.0613509147453792,2.6564946084749224
2024-07-21 12:00:00,44.63,51.69,rw_arma_3m,ARMA (3 Months),42.58949466227549,4.163662033282221,0.0457204870653038,2.040505337724511,48.31576615119038,13.584872121260736,0.0825849462511848,3.6857661511903785,44.28803177633849,0.1169422659942087,0.0076622949509637,0.3419682236615102,42.0292523399379,6.763888391318512,0.0582735303621354,2.6007476600621047,52.32243632827814,59.17357666461319,0.1723602134949167,7.692436328278134,47.972012625045714,11.169048385964928,0.074882649003937,3.342012625045712,46.73598759641583,4.435183756257323,0.0471877122208341,2.105987596415829,51.63342351213819,49.04794089036994,0.1569218801733852,7.003423512138184,57.42417993417216,163.69104018797344,0.2866721921167859,12.794179934172156,29.22250887614515,237.3907827316661,0.345227226615614,15.407491123854854,44.3896463121347,0.0577698952704507,0.0053854736245866,0.2403536878653014,42.490605722824405,4.577007873211697,0.0479362374451175,2.1393942771755974
2024-07-22 12:00:00,35.55,40.36,rw_arma_3m,ARMA (3 Months),40.32685066943616,22.818302318092737,0.1343699203779512,4.776850669436165,43.86343458324865,69.11319456995466,0.2338518870112138,8.31343458324865,36.57951733536503,1.059905943817123,0.0289597000102682,1.0295173353650355,44.49932475186087,80.09041351426964,0.2517390928793494,8.949324751860871,48.4403913395012,166.16218888548752,0.36259891250355,12.8903913395012,44.71377104421508,83.97469975079477,0.2577713373900164,9.163771044215082,36.65946768481817,1.2309185436557917,0.0312086549878529,1.1094676848181706,36.25962261128884,0.5035642504523965,0.019961254888575,0.7096226112888431,32.09038504315623,11.968935649617087,0.097316876423172,3.4596149568437653,26.67065974372227,78.84268338675425,0.2497704713439586,8.879340256277729,31.220931299093657,18.74083581716691,0.1217740844136804,4.32906870090634,30.003674577141773,30.761725696243463,0.1560147798272355,5.546325422858224
2024-07-23 12:00:00,32.79,39.85,rw_arma_3m,ARMA (3 Months),41.1063094596577,69.1610030287922,0.2536233443018512,8.316309459657703,36.03261820349098,10.514572813611098,0.0988904606127168,3.2426182034909843,37.49891638712282,22.173893540913827,0.1436083070180792,4.70891638712282,36.63947225751965,14.818436661413434,0.1173977510679978,3.8494722575196505,44.03213886500819,126.38568626012771,0.3428526643796338,11.242138865008194,39.67314152215319,47.37763721398931,0.2099158744176026,6.883141522153188,44.75836868948721,143.24184908749788,0.3650005699752124,11.968368689487214,37.56360802823769,22.78733360725532,0.1455812146458581,4.773608028237689,33.150200530642934,0.1297444222754518,0.0109850726027122,0.3602005306429348,37.61269175286539,23.258355743155835,0.1470781260404205,4.8226917528653885,35.72048052397661,8.587716101406242,0.0893711657205432,2.9304805239766125,31.5701670651873,1.4879923888537658,0.0372013703816011,1.2198329348127004
2024-07-24 12:00:00,40.23,51.5,rw_arma_3m,ARMA (3 Months),39.44695432018819,0.613160536671934,0.0194642227146857,0.7830456798118064,32.5991920592001,58.22922982937477,0.189679541158337,7.630807940799897,38.130258860825165,4.408912851543219,0.052193416335442,2.0997411391748315,45.276896936004135,25.47116868264796,0.1254510796918752,5.0468969360041385,49.01234926360504,77.12965858794402,0.2183034865425066,8.782349263605042,45.69340712537065,29.8488174175508,0.1358043033897751,5.463407125370651,31.24883696393117,80.66128948044906,0.2232454147668115,8.981163036068828,32.53649744355945,59.18998158595727,0.1912379457231059,7.693502556440549,28.9200480812107,127.91501240532564,0.2811322873176559,11.309951918789295,30.74582219625016,89.94962861314109,0.2357488889820989,9.484177803749835,45.56212238946621,28.431529176246887,0.1325409492783051,5.332122389466214,34.989365463364315,27.464250346578687,0.1302668291482893,5.240634536635682
2024-07-25 12:00:00,37.81,42.7,rw_arma_3m,ARMA (3 Months),41.04726646199178,10.479894145936775,0.0856193192803961,3.23726646199178,40.84474858372316,9.209698966409707,0.0802631204370049,3.0347485837231574,37.64304529763397,0.027873872642131,0.0044156229136745,0.1669547023660342,43.73940132622112,35.15780008739275,0.1568209819153958,5.929401326221118,45.74542899040591,62.971033261774565,0.2098764609998918,7.93542899040591,41.56455843826846,14.096709066372904,0.0993006727920777,3.754558438268461,40.21924928066844,5.804482096401398,0.0637198963414028,2.4092492806684405,41.59260167348546,14.308075420254996,0.1000423611077878,3.782601673485459,37.112986973325256,0.4858271593542902,0.0184346211762694,0.6970130266747461,17.213852241081458,424.20130250720536,0.5447275260227068,20.596147758918544,32.905000243647315,24.05902260981992,0.1297275788509042,4.904999756352687,29.08301159356449,76.16032664605986,0.230811647882452,8.726988406435513
2024-07-26 12:00:00,34.15,38.26,rw_arma_3m,ARMA (3 Months),37.88247740711505,13.931387594624276,0.1092965565773074,3.7324774071150486,40.02388219795955,34.50249207550615,0.1720024069680689,5.873882197959553,35.81646391703701,2.777101986786347,0.0487983577463254,1.6664639170370137,34.62506687564612,0.2256885363361669,0.013911182302961,0.4750668756461209,39.88317752196681,32.86932449838548,0.1678822114777982,5.733177521966809,37.80149955052278,13.333448967468057,0.1069253162671384,3.6514995505227783,35.396541689099834,1.553866182663871,0.0365019528286921,1.2465416890998355,35.444993498007214,1.6770081598809647,0.0379207466473562,1.2949934980072155,35.90569043823869,3.08244891492278,0.0514111402119676,1.7556904382386946,15.884526828469903,333.62751017988575,0.5348601221531507,18.265473171530097,27.37562900096752,45.89210243253233,0.1983710395031473,6.774370999032481,26.12778651260196,64.35590923739097,0.2349110830863261,8.022213487398037
2024-07-27 12:00:00,34.9,41.88,rw_arma_3m,ARMA (3 Months),38.93746499335519,16.301123572568653,0.1156866760273694,4.037464993355194,39.19447163479143,18.44248662202816,0.1230507631745394,4.294471634791428,36.04623739610142,1.3138601682213622,0.0328434783983214,1.1462373961014194,43.19025188579848,68.7282763299853,0.2375430339770339,8.290251885798483,48.43561349779594,183.21283276171573,0.3878399283036087,13.535613497795945,44.25892014681399,87.58938631444086,0.2681639010548422,9.358920146813992,38.78439181467319,15.088499769900109,0.1113006250622691,3.8843918146731937,42.95851700751945,64.9396963604802,0.2309030661180357,8.058517007519448,40.91638348568335,36.19687024680332,0.1723892116241647,6.016383485683349,26.21167432558305,75.48700302473272,0.2489491597254139,8.688325674416948,33.473903308925,2.033751772295052,0.0408623693717763,1.4260966910749957,31.354862170822265,12.56800222786701,0.1015798804921986,3.545137829177733
2024-07-28 12:00:00,51.47,65.34,rw_arma_3m,ARMA (3 Months),37.54978632605727,193.77234872822208,0.270452956556105,13.920213673942726,37.5407248703517,194.02470563743856,0.2706290097075635,13.929275129648296,35.18062395967848,265.3437717830008,0.3164829228739367,16.28937604032152,51.996793673278255,0.2775115742059978,0.0102349654804401,0.5267936732782559,62.2183176821275,115.52633299593468,0.208826844416699,10.7483176821275,55.62768621442748,17.286354657640295,0.0807788267811828,4.157686214427478,36.05710263274469,237.5574052535457,0.299453999752386,15.412897367255312,41.64873173649416,96.45731030374694,0.1908153927240302,9.821268263505836,46.04149993785382,29.468612924721054,0.1054692065697722,5.428500062146178,31.0550814892484,416.7688978006284,0.3966372354915796,20.4149185107516,55.22146225530822,14.07346905300223,0.0728863853761068,3.751462255308219,44.23217464064088,52.38611593258199,0.1406222140928525,7.237825359359121
2024-07-29 12:00:00,42.21,57.65,rw_arma_3m,ARMA (3 Months),45.639931384153016,11.764429299997817,0.0812587392597255,3.429931384153015,48.71009565679493,42.25124354748426,0.1539942112483991,6.500095656794926,49.925032481256345,59.52172618684042,0.1827773627400223,7.715032481256344,45.29827161751465,9.537421583546552,0.0731644543358126,3.08827161751465,55.3625054200493,172.98839882442627,0.3115969064214475,13.152505420049302,48.5896603686677,40.700066419549294,0.1511409705915115,6.3796603686677,38.868209702278726,11.167562393944046,0.0791705827462988,3.341790297721275,41.59752349198095,0.3751274728752093,0.0145102228860234,0.61247650801905,37.47866125256656,22.38556634296504,0.1120904702069045,4.7313387474334405,28.69021984888385,182.78445533451423,0.3202980372214203,13.519780151116152,36.42599360260512,33.454730005104935,0.1370292915753348,5.784006397394883,32.842555843510766,87.74901002494431,0.2219247608739454,9.367444156489237
2024-07-30 12:00:00,41.35,55.96,rw_arma_3m,ARMA (3 Months),40.7223783903302,0.3939088849245135,0.015178273510757,0.6276216096698022,37.0053180083149,18.87626160887281,0.1050709066912962,4.3446819916851,39.70059433729689,2.7205390401570853,0.0398888914801235,1.64940566270311,38.47641563429302,8.2574871068356,0.069494180549141,2.873584365706982,52.15119733489146,116.66586386726628,0.2612139621497328,10.801197334891455,45.9055593017934,20.753120552156386,0.1101707207205175,4.5555593017934015,41.34070901717091,8.63223619304972e-05,0.0002246912413323,0.0092909828290927,37.60958179743169,13.990728330104378,0.0904575139677947,3.740418202568314,36.81144762413216,20.59845766849565,0.109759428678787,4.5385523758678445,28.465311164556702,166.0152063861972,0.311600697350503,12.8846888354433,36.30213521448385,25.48093889285405,0.1220765365300158,5.047864785516154,33.01020507411436,69.55217940582789,0.2016879063092053,8.339794925885641
2024-07-31 12:00:00,40.46,47.24,rw_arma_3m,ARMA (3 Months),48.90608899856888,71.3364193717463,0.208751581773823,8.446088998568882,42.17794073261842,2.9513203607895004,0.042460225719684,1.7179407326184162,41.12526284132798,0.442574648051777,0.0164424824846262,0.66526284132798,52.263442640352736,139.32125816409717,0.2917311576953221,11.803442640352737,56.99387782040103,273.36911577994914,0.4086474992684387,16.53387782040103,48.51425711323994,64.8710576461762,0.1990671555422625,8.054257113239942,41.286728244991295,0.6834795910663851,0.0204332240482277,0.826728244991294,37.8731186700211,6.691955015393408,0.0639367605036802,2.586881329978901,33.98970537515697,41.86471253227258,0.1599183051122844,6.470294624843028,27.907443203200568,157.56668213687564,0.3102460898862934,12.552556796799433,42.45321826477165,3.972919051019303,0.0492639215217906,1.9932182647716488,35.687901581257954,22.772923318160345,0.1179460805423145,4.772098418742047
2024-08-01 12:00:00,33.83,37.44,rw_arma_3m,ARMA (3 Months),38.96157948793835,26.33310804102965,0.1516872446922363,5.131579487938353,37.58973727472507,14.135624374957088,0.1111361890252754,3.759737274725069,40.87272846379112,49.60002421469365,0.2081799723260751,7.042728463791121,37.94259013750256,16.913397639083364,0.1215663652823696,4.112590137502565,47.50110600938405,186.8991395198168,0.4041119127810835,13.671106009384054,39.811698689742585,35.78071921486817,0.1768163963861243,5.981698689742586,40.88282626345639,49.74235830250021,0.2084784588665796,7.052826263456389,38.45925359415717,21.42998883901708,0.1368387110303627,4.62925359415717,38.030402095821614,17.643377766582624,0.1241620483541713,4.200402095821616,22.48274129000007,128.7602802316692,0.3354200032515497,11.347258709999927,28.453860811024185,28.902872579241517,0.1589163224645525,5.376139188975813,24.95166002271835,78.8249207521975,0.2624398456187303,8.878339977281648
2024-08-02 12:00:00,28.86,31.5,rw_arma_3m,ARMA (3 Months),37.96574372750815,82.91456883105398,0.315514335672493,9.105743727508148,36.78821451518847,62.856585398845176,0.2747129076641882,7.928214515188472,33.38292296886733,20.45683218230764,0.1567194375906904,4.522922968867327,36.811084849493234,63.21975028384085,0.2755053655403061,7.951084849493235,47.416719928149945,344.3518544917973,0.6429909885013841,18.556719928149946,40.09445942475667,126.213078566504,0.389274408342227,11.234459424756672,32.04333061095545,10.133593778646008,0.1103025159721223,3.183330610955452,33.20110082311555,18.84515635645453,0.1504192939402478,4.3411008231155535,33.25194282374828,19.28916176707402,0.1521809710238489,4.3919428237482805,26.011070360894006,8.116400088576604,0.0987155107105333,2.848929639105993,36.84569839155173,63.77137880083187,0.2767047259719934,7.985698391551729,28.89315396142629,0.0010991851582559,0.0011487859122068,0.0331539614262901
2024-08-03 12:00:00,43.21,65.09,rw_arma_3m,ARMA (3 Months),31.305942106476863,141.70659433235053,0.2754931241268951,11.904057893523138,34.02095542205444,84.43854025547067,0.2126601383463448,9.18904457794556,30.022644015751407,173.9063578552972,0.3051922236576855,13.187355984248594,33.03689464014198,103.49207266277196,0.2354340513737102,10.17310535985802,47.63393521533467,19.57120278947817,0.1023822081771503,4.423935215334666,41.028041242475936,4.76094401953596,0.050496615540941,2.1819587575240647,32.13153301361816,122.73243076835234,0.2563866462944189,11.07846698638184,36.97134412214585,38.92082716228413,0.1443799092305982,6.23865587785415,37.72386251626983,30.09770449038918,0.1269645332962316,5.486137483730168,28.207994068496347,225.0601819688708,0.3471882881625469,15.002005931503652,36.06384442806453,51.06753945830442,0.1653819850019781,7.1461555719354735,33.285779002820775,98.49016240085304,0.2296741725799404,9.924220997179226
2024-08-04 12:00:00,58.27,84.08,rw_arma_3m,ARMA (3 Months),44.39848680642102,192.41887827963583,0.2380558296478288,13.871513193578984,47.595634843502914,113.94207149423912,0.1831880068044806,10.674365156497087,46.30204346683237,143.23198357978976,0.2053879617842394,11.96795653316763,72.41745589114895,200.15050819200496,0.242791417387145,14.147455891148944,77.10670812561051,354.8215730094409,0.3232659709217523,18.836708125610507,63.802799245976935,30.61186749628291,0.0949510768144316,5.532799245976932,52.42978624701775,34.10809668052303,0.1002267676846104,5.840213752982251,49.70318317619738,73.3903504925877,0.1470193379749892,8.566816823802625,52.82072869833562,29.694557719143027,0.0935176128653575,5.449271301664382,42.83711820441787,238.1738405164104,0.2648512406998821,15.432881795582134,52.401134286373136,34.443584764585,0.1007184780097282,5.868865713626867,49.20559394943768,82.1634570494709,0.1555587103237056,9.064406050562326
2024-08-05 12:00:00,43.32,53.97,rw_arma_3m,ARMA (3 Months),50.60005089590248,52.99914104693045,0.1680528831002418,7.280050895902477,48.98899940122577,32.13755421109812,0.1308633287448238,5.6689994012257685,50.78806603604442,55.772010318720206,0.1723930294562423,7.468066036044419,39.48972779513085,14.670985163393206,0.0884181026054744,3.8302722048691535,56.59852958578375,176.3193479605344,0.3065219202627828,13.278529585783753,48.34296512877216,25.230178684861087,0.1159502568968641,5.022965128772157,42.245150764191465,1.1553008797181934,0.0248118475486734,1.0748492358085358,42.25916081241732,1.1253797819110798,0.0244884392332105,1.0608391875826797,40.143599129342014,10.08952249111681,0.0733241198212831,3.176400870657986,30.233268608544563,171.26253851210515,0.3020944457861366,13.086731391455436,33.422259922274854,97.96525864620658,0.2284796878514576,9.897740077725146,32.642194260833406,114.01553540337903,0.2464867437480746,10.677805739166594
2024-08-06 12:00:00,46.98,67.0,rw_arma_3m,ARMA (3 Months),38.77249229810116,67.36318267672867,0.1747021647913758,8.207507701898834,41.31392756607714,32.10437682646048,0.1206060543619169,5.6660724339228565,36.29102946446916,114.25409110944636,0.2275217227656627,10.688970535530837,45.268061315885966,2.930734058166081,0.0364397335911884,1.7119386841140312,74.3631769032395,749.8383773141097,0.5828688144580568,27.38317690323951,56.88299282533082,98.06926689855368,0.2107916735915457,9.90299282533082,41.34837352912803,31.715216707425817,0.1198728495289903,5.631626470871964,39.10013939051746,62.09220322487446,0.167727982321893,7.8798606094825345,37.14455460703324,96.73598607803096,0.2093538823534856,9.835445392966754,36.834783382495104,102.92542021609742,0.2159475652938461,10.145216617504891,43.32704892807848,13.344051533852538,0.0777554506581846,3.652951071921514,39.880660418977634,50.400622486670784,0.151114082184384,7.099339581022363
2024-08-07 12:00:00,45.9,55.63,rw_arma_3m,ARMA (3 Months),47.37902503278065,2.1875150475918166,0.032222767598707,1.479025032780655,41.79054213608662,16.887643935279495,0.0895306724164134,4.109457863913377,49.79117579543594,15.141249070986532,0.08477507179599,3.8911757954359416,44.476705317434906,2.025767753418068,0.0310085987486948,1.4232946825650927,56.93279874270331,121.7226480969958,0.2403659856798107,11.032798742703314,44.93057547953296,0.939783900882744,0.0211203599230291,0.9694245204670366,45.88461576719205,0.000236674619089,0.0003351684707613,0.0153842328079463,43.11039140797581,7.781916096695169,0.0607757863186097,2.7896085920241878,42.067266225823325,14.689848183714572,0.0835018251454613,3.832733774176674,20.77415396605419,631.3081389215504,0.5474040530271418,25.12584603394581,33.59378322951303,151.44297120221472,0.2681092978319601,12.30621677048697,33.42668402138969,155.58361150225525,0.2717498034555622,12.473315978610309
2024-08-08 12:00:00,41.83,46.0,rw_arma_3m,ARMA (3 Months),42.37413484402492,0.2960827284820287,0.013008243940352,0.5441348440249243,41.35437408193973,0.2262200139306717,0.0113704498699561,0.4756259180602669,45.634972673825104,14.477817048555773,0.0909627701129597,3.804972673825105,56.91144289681675,227.4499198499445,0.3605413075978186,15.081442896816752,81.6503573646323,1585.660860647026,0.951956905680906,39.8203573646323,53.92339080133483,146.25010107381,0.289108075575779,12.093390801334834,41.00089229039901,0.6874195941197996,0.0198208871527848,0.82910770960099,40.17772234984007,2.7300214332180235,0.0394998242926113,1.652277650159931,42.86070507776845,1.062352957337671,0.0246403317659204,1.0307050777684523,26.13764910337284,246.24987666287527,0.3751458497878834,15.69235089662716,51.94457031572854,102.304532671817,0.2418018244257361,10.114570315728542,36.9822329584574,23.500845289066657,0.1158921119183025,4.847767041542596
2024-08-09 12:00:00,50.31,65.33,rw_arma_3m,ARMA (3 Months),41.010656609859765,86.47778748774492,0.1848408545048745,9.299343390140235,44.75776115674988,30.827356172495463,0.110360541507655,5.552238843250123,36.96070944876489,178.2035582212951,0.2653406986928068,13.349290551235114,52.942913089877344,6.9322313388474495,0.0523337922853774,2.6329130898773414,69.69804336856517,375.8962256613637,0.3853715636765089,19.388043368565164,68.43445546343548,328.49588584605624,0.3602555250136251,18.12445546343548,36.427485012924585,192.7242223663736,0.2759394749965299,13.882514987075416,37.6032683598642,161.46102897442825,0.2525687068204293,12.7067316401358,38.79482361915637,132.5992870819391,0.2288844440636778,11.515176380843634,38.44892665738943,140.68506083878717,0.2357597563627623,11.861073342610574,60.85500109518946,111.1970480975468,0.2096004988111599,10.545001095189455,49.09912862527647,1.466209486124855,0.0240682046257907,1.2108713747235311
2024-08-10 12:00:00,69.15,80.0,rw_arma_3m,ARMA (3 Months),48.76431851418173,415.576009641234,0.2948037814290423,20.385681485818274,52.87245149646246,264.95858528501736,0.2353947722854308,16.277548503537545,51.980815730524434,294.7808884792074,0.2482889988355107,17.169184269475572,57.54285174052696,134.7258907173881,0.1678546386040931,11.607148259473044,63.16878362575498,35.77494931553677,0.0864962599312367,5.981216374245022,62.602946706897576,42.863906822723365,0.0946790064078442,6.547053293102429,63.73366304537207,29.336706006068237,0.0783273601536939,5.416336954627937,53.701417744658016,238.65869370006735,0.2234068294337236,15.44858225534199,62.34428413403212,46.31776844828698,0.0984196076061877,6.805715865967883,30.486521602332303,1494.8645618069172,0.5591247779850715,38.6634783976677,63.115059392462136,36.42050813650955,0.0872731830446546,6.0349406075378695,48.72324989427366,417.2521198817914,0.2953976877183853,20.42675010572635
2024-08-11 12:00:00,70.9,79.44,rw_arma_3m,ARMA (3 Months),58.01069831057122,166.1340980411117,0.1817955104291788,12.889301689428784,66.13075463757177,22.74570132704324,0.0672672124460964,4.7692453624282365,67.64013845960757,10.626697262529744,0.0459783009928411,3.259861540392436,63.55353655975775,53.970525078816046,0.1036172558567313,7.346463440242253,140.17441539926264,4798.944628909597,0.9770721494959468,69.27441539926264,81.50757581080477,112.52066458197028,0.1496131990240445,10.60757581080476,68.14973771940596,7.563942612058348,0.0387907232805929,2.7502622805940438,65.69481557147664,27.09394493494213,0.0734158593585806,5.205184428523367,79.36053452729483,71.58064448754787,0.1193305292989397,8.460534527294826,35.37754846213626,1261.8445632598784,0.5010218834677538,35.522451537863745,82.87497454446488,143.40001534058163,0.1688994999219304,11.974974544464873,58.14721925034864,162.63341684867842,0.1798699682602449,12.752780749651365
2024-08-12 12:00:00,54.05,67.11,rw_arma_3m,ARMA (3 Months),55.240170319868994,1.4165053902970712,0.0220198024027566,1.1901703198689972,68.93694744527996,221.62120423852747,0.2754291849265487,14.886947445279958,57.13748055704232,9.532536190114394,0.0571226745058709,3.0874805570423263,51.60428390454967,5.981527219544805,0.0452491414514399,2.4457160954503294,84.64401532226648,935.9937735390764,0.5660317358421182,30.59401532226649,66.95901349996855,166.64262954237032,0.2388346623490944,12.909013499968552,57.57825506482904,12.44858380249177,0.0652776145204262,3.52825506482904,49.40878358685183,21.54088979367592,0.0858689438140271,4.641216413148165,48.11656464287125,35.205655137225506,0.1097767873659342,5.933435357128744,269.9167146747637,46598.43850447583,3.9938337590150543,215.86671467476367,58.23298584289451,17.497370561855895,0.07739104242173,4.18298584289451,41.0570279975156,168.8173214573435,0.2403880111467974,12.9929720024844
2024-08-13 12:00:00,52.48,65.49,rw_arma_3m,ARMA (3 Months),46.17372343557501,39.76912410701578,0.1201653308770004,6.306276564424984,50.9173578248876,2.441850567439994,0.0297759560806477,1.5626421751123942,50.35529217980265,4.514383321207748,0.0404860484031506,2.124707820197344,47.47011368622994,25.09896087690049,0.0954627727471428,5.009886313770053,65.39189348785885,166.7169934418119,0.2460345557899934,12.911893487858856,60.36945675155035,62.24352783458348,0.1503326362719199,7.889456751550355,50.04177510413309,5.944940642825202,0.0464600780462444,2.438224895866909,49.38151894645457,9.60058483917998,0.059041178611765,3.0984810535454272,50.155359173506405,5.403954972200812,0.0442957474560516,2.3246408264935923,79.95234186924431,754.7295677806339,0.5234821240328565,27.47234186924431,54.51974561976184,4.160562193337634,0.0388671040350961,2.0397456197618453,37.61843433223819,220.8661340971965,0.2831853214131442,14.861565667761807
2024-08-14 12:00:00,45.59,50.55,rw_arma_3m,ARMA (3 Months),49.8086539126723,17.797040834905264,0.0925346328728294,4.218653912672295,51.03249989393336,29.620805095464625,0.1193792475089572,5.442499893933359,57.40474687083282,139.58824362185376,0.2591521577282916,11.814746870832812,34.47012253661517,123.65167480069388,0.2439104510503362,11.119877463384832,67.40707070093804,475.98457396972873,0.4785494779762674,21.817070700938032,53.71893941881101,66.07965607469944,0.1783053173680852,8.128939418811008,268.8124805286118,49828.27581334647,4.896303586940377,223.22248052861175,48.53178880829508,8.654121392610184,0.0645270631343513,2.94178880829508,48.1015196044319,6.307730723445749,0.0550892652869466,2.5115196044318964,2812.710974997145,7656958.49026915,60.695788001692144,2767.120974997145,52.8795881293093,53.13809509496697,0.1598944533737507,7.289588129309294,39.87979123434882,32.606484147319584,0.1252513438396837,5.710208765651181
2024-08-15 12:00:00,46.91,55.5,rw_arma_3m,ARMA (3 Months),43.41004525289849,12.24968323175836,0.0746099924771158,3.499954747101505,45.8403040121749,1.1442495063691152,0.0228031547180792,1.0696959878250991,43.506823639447134,11.581609341025828,0.0725469273193959,3.4031763605528624,66.95976369388008,401.9930241804318,0.4274091599633358,20.04976369388008,73.38554206751935,700.9543277689871,0.5643901527929942,26.47554206751936,65.89672789583578,360.4958361905087,0.404747983283645,18.986727895835784,40.9586807060136,35.41820133897471,0.1268667510975569,5.951319293986394,44.78942937192303,4.496819788662751,0.0452050869340645,2.120570628076969,42.857494958393936,16.42279711224254,0.0863889371478589,4.052505041606061,35.338004175259755,133.91108736780558,0.246685052755068,11.571995824740242,50.36363617737058,11.927602845642896,0.0736226002423914,3.4536361773705835,42.87301539495931,16.297244701335508,0.0860580815399847,4.036984605040686
2024-08-16 12:00:00,44.96,54.65,rw_arma_3m,ARMA (3 Months),47.40138904240243,5.960380456362642,0.0543013577046803,2.4413890424024274,52.99050999709991,64.48909081352163,0.1786145461988414,8.030509997099912,45.73536080342958,0.6011843754949607,0.0172455694712984,0.775360803429578,43.08920116877509,3.4998882669124893,0.0416102942888102,1.87079883122491,51.522447445300784,43.06571647233478,0.145961909370569,6.562447445300784,51.6775289568053,45.12519528551765,0.1494112312456694,6.717528956805296,42.46862000726663,6.206974268192133,0.0554132560661337,2.4913799927333717,45.56850367695851,0.3702767248720217,0.013534334451924,0.6085036769585059,47.92096282199915,8.76730083326115,0.0658577140124365,2.9609628219991464,20.723241281855003,587.4204731615775,0.5390738149053602,24.236758718145,28.33716099608604,276.31877655004337,0.3697250668130329,16.622839003913963,32.92542033522569,144.83110770779942,0.2676730352485389,12.034579664774313
2024-08-17 12:00:00,50.0,60.55,rw_arma_3m,ARMA (3 Months),44.45475337877824,30.749760090171318,0.1109049324244351,5.545246621221757,52.1447281301522,4.599858752266163,0.042894562603044,2.1447281301522025,47.53814142932524,6.060747622004756,0.0492371714134951,2.4618585706747567,52.35634461967939,5.552359966692011,0.0471268923935878,2.3563446196793905,64.26660522346795,203.5360246022829,0.2853321044693589,14.266605223467948,50.83398699710126,0.6955343113339825,0.0166797399420252,0.8339869971012632,57.791151191187936,60.70203688394919,0.1558230238237587,7.791151191187936,60.34265976905853,106.9706110985018,0.2068531953811705,10.342659769058528,55.93282753604032,35.19844257239827,0.1186565507208064,5.932827536040321,22.28555061857152,768.0907045157617,0.5542889876285697,27.714449381428484,33.901841045448386,259.1507217260103,0.3219631790910323,16.098158954551614,40.32369032451143,93.63096893595367,0.1935261935097713,9.676309675488568
2024-08-18 12:00:00,54.66,62.21,rw_arma_3m,ARMA (3 Months),49.93784979436584,22.29870256457072,0.0863913319728166,4.722150205634158,57.12552968946139,6.078836649615584,0.0451066536674239,2.465529689461391,49.26090921822016,29.150181269899967,0.0987759016059245,5.399090781779833,62.27730864249862,58.02339095508418,0.1393580066318811,7.617308642498621,78.55277581040144,570.8647359261045,0.4371162790047831,23.89277581040145,53.9761836830887,0.4676047552741319,0.0125103607191968,0.6838163169112974,55.88709895377903,1.5057718423656004,0.0224496698459391,1.2270989537790342,54.50492651679445,0.0240477851935014,0.0028370560410821,0.1550734832055482,56.08335747509401,2.025946501906009,0.0260402026178927,1.423357475094015,19.091867879860896,1265.0920225156706,0.6507159187731266,35.5681321201391,31.74563254771457,525.0682357383577,0.4192163822225654,22.914367452285425,35.47647689576105,368.00755869086936,0.3509609056757948,19.183523104238944
2024-08-19 12:00:00,43.68,51.02,rw_arma_3m,ARMA (3 Months),51.05871439766187,54.44542616226263,0.1689266116680831,7.378714397661874,54.69913028961538,121.4212323395192,0.2522694663373485,11.019130289615385,51.45992486822182,60.52723095517629,0.1781118330636863,7.779924868221819,63.55435793825368,394.9901034578271,0.4549990370479322,19.87435793825368,87.84094943912928,1950.1894553653324,1.0110107472328131,44.16094943912928,63.0458677376548,375.0368332323391,0.4433577778767125,19.365867737654803,41.7956422442828,3.550804151531551,0.043140058510009,1.8843577557171969,42.92750805063797,0.5662441338546704,0.0172273797930868,0.7524919493620317,41.263905613895055,5.837512082567829,0.0553135161654062,2.4160943861049446,24.102875705506094,383.26379564206354,0.4481942375113074,19.577124294493903,35.07901822882268,73.97688742812448,0.196908923332814,8.600981771177317,36.62414809998523,49.78504603494208,0.1615350709710341,7.055851900014773
2024-08-20 12:00:00,49.07,57.05,rw_arma_3m,ARMA (3 Months),42.39513681381737,44.55379855425609,0.1360273728588267,6.674863186182627,44.84016273782293,17.89152326450162,0.0862000664800707,4.229837262177071,43.84408888449543,27.31014698715425,0.1064991056756587,5.225911115504573,40.72267121999396,69.67789776151709,0.1701106333810075,8.347328780006038,46.44043569473809,6.914608435507543,0.05358802333935,2.6295643052619084,57.18314708391028,65.82315560516184,0.1653382328084426,8.113147083910278,42.730751673671215,40.18606934286231,0.1291878607362703,6.339248326328786,41.99121389157464,50.10921276883588,0.1442589384231783,7.078786108425362,40.50563641169286,73.34832367272112,0.1745335966640949,8.564363588307138,26.54622272255943,507.3205428437481,0.4590131908995429,22.52377727744057,35.70552756287665,178.60912352262983,0.2723552565136204,13.364472437123354,40.02592774035095,81.79524303775345,0.1843096038241094,9.044072259649049
2024-08-21 12:00:00,66.49,94.64,rw_arma_3m,ARMA (3 Months),51.31584294967794,230.25504218783843,0.2282171311523846,15.174157050322052,48.59384753562637,320.27227302810627,0.2691555491709073,17.89615246437363,51.412329073293584,227.3361605740477,0.2267659937841241,15.07767092670641,78.43597517945936,142.70632298825925,0.1796657419079465,11.945975179459367,94.35095230873586,776.2326635496541,0.4190247000862666,27.86095230873586,81.57214074447563,227.4709694361721,0.2268332191980093,15.082140744475636,46.38887753789518,404.0551242365346,0.3023179795774524,20.10112246210481,43.57554411102275,525.0722886878839,0.3446301081211798,22.914455888977244,44.22061046751524,495.92571014954143,0.3349284032558994,22.26938953248475,55.06693408070788,130.486434996493,0.1718012621340369,11.423065919292114,75.43392216219411,79.99374364338702,0.1345152979725389,8.943922162194113,61.98075704158857,20.33327205798304,0.0678183630382227,4.509242958411427
2024-08-22 12:00:00,63.13,74.17,rw_arma_3m,ARMA (3 Months),60.39942240791914,7.456053986374123,0.0432532487261343,2.730577592080863,67.75160740508215,21.359255006710185,0.0732077840184088,4.621607405082152,62.79514425753305,0.1121283682630919,0.0053042252885624,0.3348557424669494,66.84612604405987,13.809592775340056,0.0588646609228555,3.7161260440598696,92.2683180713192,849.0415800253669,0.4615605587093172,29.1383180713192,76.89150907556133,189.3791320367568,0.2179868378831194,13.761509075561328,63.77579734417419,0.4170542097424297,0.0102296427082874,0.6457973441741842,58.40488643058038,22.326698243913416,0.0748473557646066,4.725113569419619,59.59789634452515,12.47575623301884,0.0559496856561833,3.532103655474856,34.97572315255364,792.6633048026542,0.4459730215023976,28.15427684744636,63.96046615914185,0.6896740414798156,0.0131548575818445,0.8304661591418494,52.78870879888903,106.94230370617515,0.1638094598623629,10.34129120111097
2024-08-23 12:00:00,71.32,82.2,rw_arma_3m,ARMA (3 Months),57.12328524321916,201.54670988539877,0.1990565725852613,14.196714756780835,63.86584777065089,55.56438545831024,0.104516997046398,7.454152229349106,56.345684012306826,224.2301392992832,0.2099595623624953,14.974315987693169,68.59089953905954,7.447989325905421,0.0382655701197484,2.729100460940458,82.29570242965106,120.46604382424827,0.1538937525189437,10.975702429651063,76.56517868412493,27.511899428398607,0.0735442888968723,5.245178684124937,52.48934133076207,354.59370591734523,0.2640305478019899,18.83065866923792,47.37556100509205,573.336158780868,0.3357324592667967,23.94443899490794,55.33306971139597,255.58194005268467,0.2241577438110491,15.986930288604022,37.221064156165696,1162.737425681927,0.4781118317980132,34.0989358438343,73.64470252714949,5.404241839735261,0.0325953803582374,2.3247025271494977,51.46459727350642,394.2370174312484,0.2783988043535274,19.855402726493573
2024-08-24 12:00:00,72.26,81.61,rw_arma_3m,ARMA (3 Months),70.91705407872526,1.80350374746848,0.0185849144931462,1.3429459212747474,73.13599318328626,0.7673640571639861,0.0121227952295357,0.8759931832862549,67.890829073358,19.089654586213705,0.0604645852012454,4.369170926641999,68.77690794487256,12.131930264491915,0.0482022149893086,3.483092055127443,114.8335878917654,1812.5103859778733,0.5891722653164323,42.5735878917654,84.1036636241049,140.27236804094542,0.1639034545267768,11.843663624104892,84.25928341866259,143.98280256139086,0.1660570636405007,11.999283418662586,67.71323648787643,20.67305843517832,0.0629222739015164,4.546763512123576,82.92478636277524,113.73766816363656,0.1475890722775426,10.664786362775232,43.27136460643166,840.3409819812433,0.4011712620200435,28.988635393568345,107.39034464058624,1234.1411145663658,0.4861658544227266,35.13034464058623,61.06048536471062,125.42912806606108,0.1549891314045029,11.199514635289384
2024-08-25 12:00:00,66.21,73.0,rw_arma_3m,ARMA (3 Months),60.77625916707533,29.52553943939281,0.0820682802133312,5.433740832924663,70.94376692927449,22.40854934069288,0.0714962532740446,4.733766929274495,69.39532511428327,10.146296083683747,0.0481094262842965,3.1853251142832733,69.21272533325131,9.016359426949249,0.0453515380343047,3.00272533325132,93.4373209043186,741.3270036267447,0.4112267165733062,27.227320904318603,85.68316686698347,379.2042278293831,0.2941121713786962,19.47316686698348,72.38886713873438,38.1783991181317,0.0933222645934812,6.17886713873439,66.93369475874934,0.5237341038412742,0.0109302938944169,0.7236947587493461,82.50017179418887,265.3696970841869,0.2460379367797746,16.29017179418888,96.8517670541595,938.9178882013748,0.4627966629536248,30.6417670541595,81.60783036873146,237.09318006422887,0.232560494921182,15.397830368731462,66.91635113657982,0.4989319281476124,0.0106683452134092,0.7063511365798263
2024-08-26 12:00:00,51.88,58.46,rw_arma_3m,ARMA (3 Months),59.75974818810866,62.09043150800166,0.151884120819365,7.879748188108657,63.10379698431628,125.97361874514722,0.2163414993121873,11.22379698431628,59.91349427899955,64.53703033071847,0.1548476152467144,8.033494278999548,57.243999290917216,28.77248839296037,0.1033924304340249,5.363999290917214,56.436783479847925,20.764275682214944,0.0878331434049329,4.5567834798479225,57.20236815064061,28.32760273095351,0.1025899797733347,5.322368150640607,56.24291672627295,19.03504236039227,0.084096313150982,4.36291672627295,54.02534067482238,4.602486611047338,0.0413519790829294,2.1453406748223784,49.26697449117011,6.827902309795718,0.050366721450075,2.6130255088298924,59.216017150318656,53.817147629769416,0.1414035688187866,7.336017150318653,44.48310346008147,54.71407842225871,0.1425770343083756,7.396896539918529,49.45812428966778,5.865481956297211,0.046682261186049,2.4218757103322237
2024-08-27 12:00:00,48.78,57.26,rw_arma_3m,ARMA (3 Months),47.54570377480574,1.5234871715288083,0.0253033256497389,1.2342962251942635,51.83350586201784,9.323898049377288,0.0625974961463271,3.053505862017836,51.540082012597175,7.618052716262465,0.0565822470807128,2.7600820125971737,54.87060421463078,37.095459699278216,0.1248586349862808,6.09060421463078,69.44082643653357,426.8697490405644,0.4235511774607127,20.66082643653357,66.36709382519747,309.305869216299,0.3605390288068362,17.58709382519747,55.03791020151815,39.16144009026494,0.1282884420155422,6.257910201518151,51.681990715666,8.421550113811636,0.0594914045851987,2.9019907156659954,54.84758865527112,36.81563208957476,0.1243868113011709,6.067588655271116,29.58400330084605,368.4862892739294,0.3935218675513315,19.19599669915395,67.39222324544528,346.41485413829355,0.381554392075549,18.61222324544528,43.63432513605648,26.47796980542015,0.1054873895847379,5.145674863943519
2024-08-28 12:00:00,48.99,62.64,rw_arma_3m,ARMA (3 Months),52.64808628007757,13.381595232491748,0.0746700608303239,3.658086280077569,54.69576378985148,32.55574042558034,0.1164679279414468,5.705763789851481,53.17846586076313,17.543246266778233,0.0854963433509518,4.188465860763131,54.44173448183735,29.721408860454343,0.1112825981187456,5.451734481837349,57.29562037497202,68.98332981315028,0.169537056031272,8.305620374972015,60.64821323889365,135.9139359235152,0.237971284729407,11.658213238893651,48.99244283056708,5.967421179444398e-06,4.9863861340614935e-05,0.0024428305670767,48.64131463744658,0.1215814820590135,0.0071174803542238,0.3486853625534252,46.68550766957274,5.310684900998058,0.0470400557343796,2.3044923304272587,24.68291948866362,590.8341629845888,0.4961641255631022,24.30708051133638,51.67935859744817,7.232649665668386,0.0548960726158026,2.689358597448169,42.771800963971366,38.665999251667465,0.1269279248015643,6.218199036028636
2024-08-29 12:00:00,48.07,52.95,rw_arma_3m,ARMA (3 Months),48.17417818632557,0.010853094506085,0.0021672183550149,0.1041781863255693,55.08144735567823,49.160394021447225,0.1458591087097613,7.011447355678229,49.79959397357132,2.991495313414225,0.0359807358762496,1.729593973571319,50.99017342033056,8.52741280480506,0.060748354905982,2.9201734203305563,62.127076670421054,197.60140451809588,0.2924293045646152,14.057076670421054,55.47792001960159,54.87727901681403,0.154106927805317,7.40792001960159,45.258170841852696,7.906383214607379,0.0584944696930997,2.8118291581473045,49.50930638704413,2.071602875786017,0.0299418844818832,1.4393063870441267,46.266085060305535,3.254109109652886,0.0375268346098286,1.8039149396944647,18.5257452018381,872.8629915787126,0.6146090034982713,29.5442547981619,46.375879614499226,2.870043880569292,0.035242778978589,1.6941203855007745,36.37361205358924,136.8054909929429,0.2433199073520024,11.69638794641076
2024-08-30 12:00:00,41.37,44.08,rw_arma_3m,ARMA (3 Months),49.90505003814929,72.84707915371226,0.2063101290343073,8.535050038149294,52.03828534343027,113.81231216884912,0.2578749176560375,10.66828534343027,48.315726252704536,48.24311317750903,0.1678928269930998,6.945726252704539,45.6856261372435,18.6246289564593,0.1043177698149264,4.315626137243505,62.01316149141495,426.14011636063714,0.4989886751611059,20.64316149141495,51.42125861040598,101.02779965326036,0.2429600824366928,10.05125861040598,49.91650153329719,73.04268845865133,0.2065869357818998,8.546501533297196,47.86182819101423,42.14383326164716,0.1569211552094328,6.491828191014236,47.68345891091506,39.85976341981277,0.1526095941724694,6.31345891091506,0.744974185831567,1650.3927224018514,0.9819924054669672,40.62502581416843,50.40131800326219,81.5647048760478,0.2183059705888855,9.031318003262191,34.97566977615265,40.88745901160768,0.154564424071727,6.394330223847348
2024-08-31 12:00:00,54.38,65.0,rw_arma_3m,ARMA (3 Months),44.71516575963,93.40902089382848,0.1777277352035675,9.664834240370006,47.15868368550613,52.14740931397532,0.1327936063717151,7.221316314493869,44.2767397093676,102.0758685002696,0.1857900016666496,10.103260290632406,50.61790150410541,14.153385092812345,0.0691816567836445,3.762098495894591,62.55965633097836,66.90677769291437,0.1504166298451335,8.17965633097836,65.13213572174644,115.60842257885572,0.1977222457106736,10.752135721746434,71.08043241889395,278.9044429780439,0.3071061496670457,16.700432418893946,48.77650300938991,31.39917852377633,0.1030433429681884,5.60349699061009,49.19710607750935,26.862389411790502,0.0953088253492212,5.182893922490649,1.2168937496086851,2826.3158661903963,0.9776224025448936,53.16310625039132,62.82088868059136,71.24860171813529,0.1552204612098447,8.440888680591357,50.84138346652472,12.52180697098464,0.0650720215791703,3.5386165334752846
2024-09-01 12:00:00,62.95,86.97,rw_arma_3m,ARMA (3 Months),58.52686932196649,19.56408499496123,0.0702641886899684,4.423130678033516,61.54877131194206,1.9634418362365784,0.0222593913909124,1.401228688057941,57.00923164500874,35.2927286476656,0.0943728094518071,5.940768354991263,60.01641341963276,8.605930224510761,0.0466018519518227,2.9335865803672405,83.25368148237274,412.2394817376456,0.3225366399106074,20.30368148237274,68.51712130529666,30.9928396278879,0.0884371930944662,5.567121305296652,59.50962079837003,11.836209051008092,0.0546525687312148,3.440379201629973,61.01520533888369,3.743430380684192,0.0307354195570502,1.9347946611163136,62.45518806096395,0.2448388550126202,0.0078603961721374,0.4948119390360546,34.18853956222438,827.2216065137325,0.456893732133052,28.761460437775625,64.76914979952949,3.309305993128161,0.0288983288249322,1.819149799529484,51.55746212889386,129.78991914458769,0.1809775674520435,11.392537871106144
2024-09-02 12:00:00,46.56,51.78,rw_arma_3m,ARMA (3 Months),55.56949681733151,81.1710329015066,0.1935029385165702,9.00949681733151,58.39709730288296,140.11687255791904,0.2542331894949089,11.83709730288296,59.03499204311655,155.62542647582126,0.2679336779019877,12.47499204311655,45.77955943153268,0.6090874809095934,0.0167620397007585,0.7804405684673199,74.90220473174034,803.2805690558844,0.6087243284308491,28.34220473174034,52.447398642528405,34.66146277604528,0.1264475653464004,5.887398642528403,52.84399486049816,39.48859140676722,0.1349655253543418,6.283994860498154,52.88308371055511,39.981387610687385,0.1358050625119224,6.32308371055511,47.37042366396589,0.6567865151158898,0.0174060065284769,0.810423663965885,12.676491540106069,1148.0921455517037,0.7277385837606085,33.88350845989393,50.513422271548215,15.629547657173433,0.0849102721552451,3.953422271548213,35.08390574603727,131.7007393258365,0.2464796875851102,11.476094253962737
2024-09-03 12:00:00,38.32,43.0,rw_arma_3m,ARMA (3 Months),46.36704677569468,64.75496181021818,0.2099960014534102,8.047046775694682,53.01409942002768,215.9165577656577,0.3834577092909101,14.694099420027676,43.924454200884966,31.409906889817144,0.1462540240314448,5.604454200884966,44.722593559881226,40.99320429303254,0.1670822954039985,6.402593559881225,55.22571603173694,285.80323454572726,0.4411721302645338,16.905716031736937,52.45701614810565,199.85522557179996,0.3689200456186234,14.137016148105651,46.70870630304337,70.37039343871957,0.2189119598915284,8.38870630304337,46.07595307561235,60.15480811110061,0.2023996105326812,7.755953075612346,43.25268383073791,24.3313697740232,0.1287234820129934,4.932683830737908,13.904849487412712,596.0995745522913,0.6371385833138645,24.41515051258729,34.84606385183136,12.068232361552768,0.0906559537622296,3.47393614816864,33.395879269958954,24.24696496401997,0.1285000190511755,4.924120730041047
2024-09-04 12:00:00,31.64,33.72,rw_arma_3m,ARMA (3 Months),43.92424064817126,150.90256830218314,0.3882503365414432,12.284240648171265,45.42511600513599,190.0294232750564,0.4356863465592917,13.78511600513599,41.36266171986001,94.53015091883114,0.3072901934216184,9.722661719860008,36.51817575591238,23.796598705571324,0.1541774891249172,4.87817575591238,40.54123258471607,79.23194152721112,0.2813284634866014,8.90123258471607,40.6353285868075,80.91593638463627,0.2843024205691372,8.995328586807503,38.24107378247309,43.57417508165354,0.2086306505206411,6.601073782473087,40.52452836155112,78.93484420720621,0.2808005171160277,8.88452836155112,37.64356405195375,36.04278132591136,0.1897460193411426,6.003564051953752,8.229943037104569,548.0307670060089,0.7398880203190717,23.410056962895432,37.57661462689667,35.24339322828349,0.187630045097872,5.93661462689667,27.63267802862489,16.058629382265693,0.1266536653405534,4.007321971375109
2024-09-05 12:00:00,51.6,77.44,rw_arma_3m,ARMA (3 Months),37.363936552559785,202.66550247954345,0.2758927024697716,14.236063447440216,33.185984476201746,339.0759677106832,0.3568607659650825,18.414015523798252,36.08880880334025,240.597052339335,0.3006044805554215,15.511191196659752,51.9584999523819,0.128522215857823,0.0069476734957732,0.3584999523818979,56.63481549061216,25.34936702450817,0.0975739436165147,5.034815490612161,60.21131511488533,74.15474800785253,0.1668859518388629,8.611315114885329,30.79707752287573,432.76158358924215,0.4031574123473695,20.80292247712427,34.84971279878425,280.5721213232121,0.3246179690158091,16.750287201215748,31.67300545246256,397.08511169758685,0.3861820648747566,19.92699454753744,65.0596824390084,181.163051358951,0.2608465588955115,13.459682439008397,45.85954045590404,32.952875777402426,0.1112492159708519,5.7404595440959625,47.10943685716614,20.16515733977795,0.0870264174967803,4.490563142833864
2024-09-06 12:00:00,47.72,54.11,rw_arma_3m,ARMA (3 Months),58.29524669030724,111.8358425608542,0.2216103665194308,10.57524669030724,61.44209529223983,188.29589920931045,0.2875543858390576,13.722095292239828,53.443463108171976,32.758029950605625,0.1199384557454312,5.723463108171977,51.398086975937765,13.528323802563024,0.0770764244748065,3.678086975937767,77.64226951809776,895.3422131136825,0.6270383386022164,29.922269518097764,51.07120987814268,11.230607647361095,0.0702265272033253,3.351209878142683,47.54586957141931,0.0303214061576944,0.0036490031135936,0.174130428580689,53.74903652890341,36.34928146685169,0.1263419222318401,6.029036528903411,51.51262827657556,14.384029244280525,0.0794767031973085,3.792628276575563,17.192657367270876,931.9186482160412,0.6397179931418508,30.527342632729123,38.57371750337721,83.65448350802839,0.1916656013542076,9.146282496622788,38.08918295301057,92.75263699258215,0.2018193010685127,9.630817046989428
2024-09-07 12:00:00,55.62,65.69,rw_arma_3m,ARMA (3 Months),42.88226069845727,162.25000251406613,0.2290136515919224,12.737739301542724,45.626810651462925,99.8638333557148,0.1796689922426658,9.993189348537072,45.528787657311234,101.83256654523404,0.1814313617887228,10.091212342688763,49.30276372905622,39.90747410292768,0.1135785018148828,6.317236270943781,67.59319889193789,143.35749170590273,0.2152678693264633,11.97319889193789,58.51560692766939,8.38453947956697,0.0520605344780545,2.895606927669391,54.49981226825288,1.2548205543567483,0.0201400167520157,1.1201877317471158,46.63605705025616,80.71123092425195,0.1615236057127622,8.983942949743835,53.172976691349774,5.987923073077486,0.0439953849092093,2.4470233086502238,22.31294092749673,1109.360184059222,0.5988324177005262,33.307059072503264,43.07642007942596,157.34139722382824,0.2255228320851139,12.54357992057404,42.09026531967624,183.05372051995536,0.2432530507070074,13.529734680323756
2024-09-08 12:00:00,61.37,73.92,rw_arma_3m,ARMA (3 Months),66.50069929501069,26.324075255823224,0.0836027260063661,5.130699295010693,61.75641006666167,0.1493127396174801,0.0062963999781925,0.386410066661675,53.624254810485056,59.99656854089386,0.1262138697981903,7.745745189514942,68.43218457917153,49.87445103028824,0.1150755186438249,7.062184579171536,69.31886028955364,63.18437990284283,0.1295235504245338,7.948860289553643,62.30190374979112,0.8684445988747603,0.0151850048849784,0.9319037497911252,56.7509199870399,21.33590016612745,0.0752660911350838,4.619080012960097,60.60487428544596,0.5854173590718279,0.0124674224304063,0.7651257145540384,56.23653951800655,26.352416520188378,0.0836477184616823,5.1334604819934455,20.68387928105104,1655.3604191568877,0.6629643265267876,40.68612071894896,42.61318388476957,351.8181507805679,0.3056349375139389,18.75681611523043,40.81659186781498,422.4425858481693,0.3349096974447616,20.55340813218502
2024-09-09 12:00:00,38.39,41.65,rw_arma_3m,ARMA (3 Months),48.45677912258779,101.34004190296938,0.2622239938157799,10.06677912258779,56.38448333953961,323.8014306569685,0.4687284016551082,17.994483339539606,59.98051448687037,466.1503158077593,0.5623994396163159,21.59051448687037,59.84988627985429,460.52671914427833,0.558996777281956,21.459886279854288,62.66268533353873,589.1632533009863,0.6322658331216132,24.27268533353873,55.88073064334903,305.92565843818886,0.455606424676974,17.490730643349032,54.65018423533575,264.3935913670612,0.4235525979509182,16.26018423533575,49.91997739407513,132.94037870788358,0.3003380410022175,11.529977394075132,49.64148693434451,126.59595823372528,0.2930837961538034,11.251486934344513,12.493272577776768,670.6404911809287,0.674569612456974,25.896727422223236,33.999497459504134,19.276512558100656,0.1143657864156255,4.390502540495866,31.561402676146265,46.6297414113424,0.1778743767609725,6.828597323853735
2024-09-10 12:00:00,53.93,68.94,rw_arma_3m,ARMA (3 Months),38.35231765485304,242.66418724630333,0.2888500342137393,15.57768234514696,39.52935111444037,207.3786883251699,0.2670248263593479,14.400648885559631,35.034286667462595,357.0479823454318,0.3503748068336251,18.895713332537404,51.00646880067136,8.547034673447975,0.0542097385375235,2.923531199328643,73.58666697539053,386.3845565814086,0.3644848317335533,19.65666697539053,62.80893550416332,78.835495687092,0.1646381513844488,8.878935504163323,39.824745535306256,198.9582035137628,0.2615474590152743,14.105254464693743,39.408591997912005,210.8712903631053,0.2692640089391432,14.521408002087997,36.86686910804881,291.150435835859,0.3163940458362912,17.06313089195119,34.116892449361494,392.5592308131686,0.3673856397299927,19.813107550638502,40.09169459585143,191.49869645848756,0.2565975413341103,13.83830540414857,39.53414286652041,207.24070260755516,0.266935975032071,14.395857133479588
2024-09-11 12:00:00,38.8,42.0,rw_arma_3m,ARMA (3 Months),60.42934985516178,467.8287751569871,0.5574574704938605,21.629349855161784,59.75242585513309,439.00414921484975,0.5400109756477601,20.952425855133093,58.35399121955587,382.3585726144683,0.5039688458648421,19.55399121955588,38.45281759612819,0.1205356215582054,0.0089480000997888,0.3471824038718054,56.5748381282227,315.94487048451964,0.4581143847480078,17.774838128222704,49.93251198064716,123.93282299925268,0.2869204118723497,11.132511980647166,50.85811125337397,145.39804699874404,0.310776063231288,12.058111253373973,53.947138741665846,229.43581205927447,0.3903901737542745,15.147138741665849,53.48985439452299,215.79182213228657,0.3786044947042009,14.689854394522996,9.06469020616881,884.1886485351127,0.7663739637585357,29.735309793831185,45.99557105416922,51.77624279559796,0.1854528622208562,7.195571054169221,27.73366730168954,122.4637193896952,0.2852147602657334,11.066332698310458
2024-09-12 12:00:00,31.72,34.47,rw_arma_3m,ARMA (3 Months),41.16749518206265,89.25516521509704,0.2978403273033623,9.447495182062651,41.39779080040387,93.65963477638176,0.3051005926987348,9.67779080040387,39.77875892698948,64.9435954433327,0.2540592347726823,8.058758926989483,38.1743675658784,41.65886067546306,0.2034794314589659,6.4543675658784,54.04262343115748,498.299516849261,0.7037397046392649,22.32262343115748,47.037872256071815,234.63721045333463,0.4829089614146222,15.317872256071816,37.56834044084986,34.203085912079935,0.1843739104933751,5.84834044084986,35.501059841474735,14.296413524812955,0.1192011299329992,3.781059841474736,37.7654450261663,36.54740556439884,0.1905878003205012,6.045445026166298,6.940165236884631,614.0402108873009,0.7812053834525652,24.779834763115367,29.760683109182835,3.838922678641436,0.0617691327495953,1.9593168908171636,28.40322847513296,11.000973348168827,0.1045640455506633,3.31677152486704
2024-09-13 12:00:00,32.37,41.6,rw_arma_3m,ARMA (3 Months),43.30361090119781,119.54384733879158,0.3377698764657958,10.93361090119781,39.2624412829874,47.50574683942908,0.21292682369439,6.892441282987406,31.52992277165464,0.7057297495844183,0.0259523394607771,0.8400772283453577,34.312068293827195,3.771629257888884,0.0599959312272844,1.942068293827198,43.10039420165659,115.14135972294544,0.3314919432084212,10.730394201656594,38.19630557651021,33.94583667087403,0.1799909044334326,5.826305576510215,41.01033502440964,74.65538933404001,0.2669241589252284,8.640335024409644,36.71615130446909,18.889031161338423,0.1342647916116495,4.346151304469096,30.73930928516402,2.659152207452274,0.0503766053393876,1.6306907148359784,6.184222221512241,685.6949578643432,0.8089520475281977,26.18577777848776,28.55746897710807,14.535392800513373,0.1177797659219007,3.812531022891928,27.13899532193772,27.363409941909428,0.1616003916608674,5.231004678062277
2024-09-14 12:00:00,51.56,64.39,rw_arma_3m,ARMA (3 Months),40.91401053310614,113.337091729215,0.2064776855487559,10.64598946689386,39.65387788441517,141.75574383121833,0.230917806741366,11.906122115584836,37.32065842661762,202.7588484434559,0.2761703175597824,14.239341573382385,49.34398141526744,4.910738367880096,0.0429794139785213,2.2160185847325597,61.0075567906062,89.25632931172932,0.1832342279015942,9.4475567906062,52.584194438174606,1.0489742471877923,0.019864127970803,1.0241944381746038,50.060991906824135,2.2470252634067487,0.0290730817140393,1.499008093175867,39.80170875028738,138.25741311306837,0.228050644874178,11.75829124971262,45.016849826659936,42.81281419088014,0.1269036108095435,6.5431501733400665,26.23764573902276,641.2216253184323,0.4911240159227549,25.32235426097724,40.40205843550664,124.4996599566486,0.2164069349203522,11.157941564493363,40.736276984937504,117.15297990679362,0.2099248063433378,10.823723015062498
2024-09-15 12:00:00,61.61,86.63,rw_arma_3m,ARMA (3 Months),56.84624501360297,22.69336157042259,0.0773211327121738,4.763754986397032,54.98599744324609,43.87740987188231,0.10751505529547,6.624002556753908,53.90854572181567,59.3123979989637,0.1250033156660336,7.701454278184329,54.50692225546758,50.45371344487178,0.1152909875755952,7.1030777445324205,74.5504594047331,167.45548960554547,0.2100382958080361,12.940459404733105,62.78368638479006,1.3775397298415593,0.0190502578281132,1.1736863847900594,55.0532237275006,42.99131508761111,0.1064238966482616,6.556776272499398,55.29432601531056,39.88773788088299,0.1025105337557123,6.31567398468944,56.38875926233989,27.26135484060149,0.0847466440133113,5.221240737660111,193.11196181676348,17292.76596165752,2.1344256097510708,131.50196181676347,43.78225910013274,317.82834559279985,0.2893644035037698,17.82774089986726,46.43658372833732,230.23256135315785,0.2462817119244064,15.17341627166268
2024-09-16 12:00:00,36.94,42.19,rw_arma_3m,ARMA (3 Months),53.13164181738443,262.16926474247214,0.438322734634121,16.19164181738443,55.52563035592898,345.42565572722896,0.5031302207885486,18.585630355928984,51.74487686950396,219.1843791211735,0.4007817235924192,14.804876869503964,43.323993146695,40.75536849704879,0.1728206049457229,6.383993146695005,64.34605554778835,751.091880688461,0.7419072969081851,27.406055547788355,54.26778191253021,300.2520260082092,0.4690790988773745,17.327781912530213,44.63367501993543,59.19263531237849,0.2082749057914302,7.693675019935434,48.66137151567405,137.39055020845498,0.3173083788758541,11.72137151567405,42.228732862345744,27.970695289255836,0.1431708950283093,5.288732862345746,9.196166068785086,769.7203212028319,0.7510512704714378,27.743833931214912,47.28049123139348,106.92575890652556,0.2799266711259742,10.340491231393486,31.97229245595218,24.678118243189616,0.1344804424485062,4.967707544047819
2024-09-17 12:00:00,54.16,104.39,rw_arma_3m,ARMA (3 Months),40.31597449402663,191.65704221004123,0.255613469460365,13.84402550597337,38.30092888904812,251.5101365022283,0.2928188905271764,15.859071110951874,35.103093060122795,363.1657021151398,0.3518631266594756,19.0569069398772,41.98354557136373,148.26604245265582,0.2248237523751157,12.17645442863627,58.29711104179663,17.11568777215565,0.0763868360745317,4.137111041796636,50.2871535224355,14.998939838783707,0.0715075051248983,3.8728464775644937,43.54494744714992,112.67934069976889,0.1959943233539526,10.615052552850074,34.84959133426271,372.8918828377816,0.356543734596331,19.310408665737285,35.293685828341914,355.9378104237066,0.3483440578223427,18.86631417165808,10.540936304475052,1902.622717674262,0.8053741450429274,43.61906369552494,35.90720593797473,333.1644910707048,0.3370161385159761,18.252794062025263,33.4363405661884,429.4700603286085,0.3826377295755465,20.7236594338116
2024-09-18 12:00:00,57.07,72.8,rw_arma_3m,ARMA (3 Months),59.868113762324285,7.829440626908562,0.0490295034575834,2.7981137623242844,58.288991908752486,1.4859412736040285,0.021359591882819,1.2189919087524856,60.34763768366607,10.742908785387892,0.0574318851176813,3.277637683666072,56.80891086494548,0.0681675364435167,0.0045748928518401,0.2610891350545188,90.34426491058736,1107.1767053399449,0.5830430157803987,33.274264910587355,77.69675610006219,425.4630672114527,0.3614290537946765,20.626756100062188,51.336435646247175,32.87376019862506,0.1004654696644966,5.733564353752826,50.35433614683612,45.10014098869196,0.1176741519741349,6.715663853163882,50.11771702828471,48.33423851880241,0.121820272852905,6.952282971715292,31.52790754432375,652.3984870143137,0.4475572534725118,25.54209245567625,44.972621134221214,146.34657542219125,0.2119743975079514,12.097378865778786,44.75119304748902,151.75300473323293,0.2158543359472749,12.318806952510982
2024-09-19 12:00:00,60.89,85.12,rw_arma_3m,ARMA (3 Months),49.33921009451884,133.42074744056546,0.1896992922562187,11.55078990548116,52.250760701663,74.63645565393043,0.1418827278426178,8.639239298337003,51.73207871782427,83.86752221052713,0.1504010721329566,9.157921282175728,54.9891523695888,34.82000275732947,0.0969099627264115,5.900847630411199,79.91845419004098,362.0820688624879,0.3125054063071272,19.02845419004097,70.21990255346665,87.04708165718357,0.1532255305217055,9.329902553466653,47.157514037434346,188.58117071206277,0.2255294130820439,13.732485962565654,47.810846520377815,171.06425574351312,0.2147996958387614,13.079153479622184,52.12523174221077,76.82116261274962,0.1439442972210416,8.764768257789228,18.951415261872125,1758.844889837132,0.688759808476398,41.93858473812787,44.237948314589886,277.29082533356984,0.2734776102054543,16.652051685410115,42.04631051149762,355.084633539095,0.3094710049023218,18.843689488502378
2024-09-20 12:00:00,66.45,80.91,rw_arma_3m,ARMA (3 Months),57.310727237212525,83.52630663262906,0.1375360837138823,9.139272762787478,56.13132353547028,106.47508397963962,0.1552848226415308,10.318676464529725,52.23823368403285,201.9743018196586,0.2138715773659466,14.211766315967154,59.11983203797022,53.73136235156787,0.110311030278853,7.330167962029783,87.3976072987977,438.80225154464233,0.3152386350458644,20.94760729879769,80.1286748394176,187.106145362516,0.2058491322711451,13.678674839417596,45.28497733041757,447.9581846039384,0.3185104991660261,21.165022669582434,54.55224157262404,141.55665559619572,0.1790482833314667,11.897758427375962,52.98694555004676,181.25383512240572,0.2026042806614483,13.46305444995324,38.58328509455252,776.5537996214888,0.4193636554619636,27.86671490544748,53.63783796936083,164.15149589935206,0.1928090599042764,12.812162030639172,48.2435915365086,331.4733091394913,0.2739865833482528,18.2064084634914
2024-09-21 12:00:00,68.94,82.59,rw_arma_3m,ARMA (3 Months),56.150249871742346,163.5777083432666,0.1855200192668646,12.789750128257651,58.97194457851754,99.36212888574588,0.1445903020232443,9.96805542148246,69.20536597188453,0.0704190990342236,0.0038492308077246,0.2653659718845347,64.31920770369993,21.351721445546044,0.0670262880229194,4.620792296300067,89.53860816614763,424.3026583824837,0.2987903708463537,20.598608166147628,81.10635836270815,148.02027580983858,0.1764774929316529,12.166358362708152,68.16215358910277,0.605045038945696,0.0112829476486397,0.7778464108972258,65.45578531676748,12.13975195885311,0.0505398126375474,3.4842146832325227,81.92481481325838,168.6054157346143,0.1883495041087667,12.984814813258382,20.93298696603102,2304.673300443667,0.6963593419490713,48.007013033968974,60.74854546026659,67.09992747651904,0.1188200542462055,8.191454539733407,52.7153890345917,263.2380009788471,0.2353439362548345,16.224610965408296
2024-09-22 12:00:00,71.35,85.0,rw_arma_3m,ARMA (3 Months),59.40046614520997,142.791359346773,0.1674776994364404,11.949533854790026,61.985728124289125,87.68958776222956,0.1312441748522897,9.36427187571087,62.88966450957191,71.57727661059705,0.1185751295084525,8.460335490428086,61.10408324059724,104.97881024061022,0.1436007955066959,10.245916759402752,83.64684092415307,151.2122967139258,0.1723453528262519,12.296840924153074,79.6552240513582,68.97674654325887,0.1164011780148312,8.30522405135821,67.58430826378559,14.180434252193477,0.0527777398208045,3.765691736214407,71.28769336292682,0.0038821170233686,0.0008732534978721,0.0623066370731777,74.86669180991113,12.367121285896069,0.04928790203099,3.516691809911137,25.346564159557264,2116.316109125731,0.6447573348345162,46.003435840442734,63.96620948333984,54.52036239392045,0.1034869028263511,7.383790516660156,53.039535152369936,335.27312293629603,0.2566287995463218,18.310464847630055
2024-09-23 12:00:00,37.4,41.2,rw_arma_3m,ARMA (3 Months),59.919349879750726,507.1211190066291,0.6021216545387895,22.519349879750727,63.26443564082709,668.9690310184866,0.6915624502894944,25.86443564082709,58.80786183626043,458.2965484004158,0.572402722894664,21.40786183626043,47.00939159991941,92.34040692060177,0.2569356042759201,9.609391599919412,68.44965409838238,964.081019629194,0.8302046550369622,31.049654098382383,62.92321627254367,651.4345688950381,0.6824389377685474,25.52321627254367,49.7792969529065,153.24699304824017,0.3309972447301203,12.3792969529065,59.35843510576532,482.1728722941068,0.5871239333092331,21.95843510576532,53.278652795362376,252.13161459566945,0.4245629089669085,15.878652795362378,10.87588764428702,703.5285362584859,0.7092008651260155,26.52411235571298,40.34582771993556,8.67790095554077,0.0787654470571006,2.945827719935565,34.94051825115616,6.04905047289593,0.0657615440867335,2.459481748843835
2024-09-24 12:00:00,32.46,35.0,rw_arma_3m,ARMA (3 Months),40.48725691627631,64.43685359990582,0.2472968858988388,8.027256916276308,39.178921115353496,45.14390095434306,0.2069907922166819,6.718921115353496,39.29071363622887,46.658648780163055,0.210434800869651,6.830713636228872,40.23622518806607,60.46967817551321,0.2395633144813946,7.776225188066071,50.28422413170591,317.70296589728736,0.5491134975879824,17.82422413170591,45.46946561127276,169.2461954908885,0.400784522836499,13.00946561127276,41.93868730782184,89.84551307946278,0.2920113157061564,9.478687307821836,42.301170132016686,96.84862956729732,0.3031783774496822,9.841170132016686,41.078716329738135,74.28227117249479,0.2655180631465845,8.618716329738135,12.528892510534822,397.24904575661486,0.614020563446247,19.931107489465177,35.589312397068426,9.792596078446133,0.0964051878332848,3.129312397068425,34.117567196664766,2.7475290114590867,0.0510649167179533,1.6575671966647647
2024-09-25 12:00:00,33.82,38.53,rw_arma_3m,ARMA (3 Months),46.01721090890788,148.7719539563813,0.3606508252190383,12.197210908907875,42.69499581589369,78.76555073213052,0.2624185634504343,8.87499581589369,37.3581078093302,12.518206870443343,0.1046158429725073,3.5381078093301994,40.9627849023851,51.01937616174056,0.2112000266819959,7.142784902385102,43.93977548512915,102.40985586942084,0.2992245856040552,10.119775485129146,45.298100367644885,131.74678804972964,0.3393879470031012,11.478100367644885,34.98717783805819,1.3623041056541834,0.0345114677131338,1.167177838058187,37.78671364959772,15.734817177904878,0.1172889902305654,3.9667136495977218,32.409830659761425,1.9885775681488973,0.0416963140224297,1.4101693402385749,19.405547055414004,207.77645369168388,0.4262109090652276,14.414452944585996,37.62914050728922,14.509551404271589,0.1126298198488829,3.8091405072892215,34.40736959512392,0.3450030412760342,0.0173675220320495,0.5873695951239171
2024-09-26 12:00:00,31.07,34.5,rw_arma_3m,ARMA (3 Months),42.38046966025508,127.92672393555068,0.3640318525991335,11.31046966025508,40.88756818004477,96.3846449698275,0.3159822394607263,9.817568180044766,39.13496870755581,65.04372025385437,0.2595741457211395,8.064968707555806,47.44208007235966,268.0450058957562,0.5269417467769443,16.37208007235966,50.56752685858888,380.15355360139466,0.6275354637460211,19.49752685858888,45.46166115546911,207.11991081383843,0.4632011958631834,14.391661155469109,39.10561147077848,64.57105170930663,0.2586292716697289,8.035611470778477,37.01586759804374,35.35334149346644,0.1913700546521963,5.9458675980437405,36.605606108708365,30.64293499076936,0.1781656295046142,5.535606108708365,20.772151100642475,106.045691953999,0.3314402606809631,10.297848899357524,33.26098147042465,4.800399803744174,0.0705175883625572,2.190981470424653,36.68077944348803,31.48084596346782,0.180585112439267,5.610779443488028
2024-09-27 12:00:00,63.42,76.8,rw_arma_3m,ARMA (3 Months),40.126324015024025,542.5953408930466,0.367292273493787,23.293675984975977,33.86015145575745,873.7846459585583,0.4660966342516958,29.55984854424255,32.80659465059025,937.1805870872696,0.4827090089783941,30.613405349409756,48.57329556999562,220.42463243191168,0.2341012997477827,14.84670443000438,50.95064122034516,155.48490837575525,0.1966155594395275,12.46935877965484,46.49340061272018,286.50976681746164,0.2668968682951722,16.926599387279822,36.04406584291774,749.4417709729033,0.4316608980933816,27.375934157082263,31.453280258767265,1021.8711710145188,0.5040479303253348,31.966719741232737,30.20413054039141,1103.2939839577582,0.5237443938758843,33.215869459608584,41.4602940729292,482.2286844034284,0.3462583716031346,21.9597059270708,42.153210607600776,452.2763310606642,0.335332535357919,21.266789392399225,42.89549029112822,421.2554987895721,0.3236283460875399,20.524509708871783
2024-09-28 12:00:00,58.85,64.53,rw_arma_3m,ARMA (3 Months),62.22851227537546,11.414345194862644,0.0574088746877732,3.3785122753754564,72.6021850574603,189.1225938546344,0.2336819890817383,13.752185057460302,67.49288621143376,74.69948206379172,0.1468629772546092,8.642886211433755,58.96567330082858,0.0133803125245781,0.0019655616113606,0.1156733008285755,78.67969753131479,393.2169041834317,0.3369532290792656,19.829697531314785,68.77166836064683,98.43950305866028,0.1685924955080174,9.921668360646828,48.461712257011385,107.91652223112752,0.1765214569751676,10.388287742988616,76.54074330529765,312.96239869393366,0.3006073628767655,17.69074330529765,74.49497872657409,244.76535935495576,0.2658450080981153,15.644978726574088,23.55377632450949,1245.8234057502568,0.5997659078248174,35.29622367549051,35.26816275786713,556.1030477144449,0.4007109132053164,23.58183724213287,46.891244094473045,143.01184280797585,0.2032074070607809,11.958755905526957
2024-09-29 12:00:00,55.07,60.65,rw_arma_3m,ARMA (3 Months),53.09944705958783,3.8830788909670457,0.0357826936700956,1.970552940412169,50.17924689894704,23.91946589545913,0.0888097530607038,4.890753101052958,52.49382368562854,6.6366844027285135,0.0467800311307691,2.576176314371459,70.77899712051598,246.77259053237935,0.2852550775470489,15.70899712051598,67.51277541129551,154.82265993594007,0.225944714205475,12.442775411295507,63.26507615944218,67.1592732590576,0.1488119876419499,8.19507615944218,21.804889689132995,1106.56756399415,0.604051394786036,33.265110310867,52.58867454924939,6.156975992542718,0.0450576620800909,2.48132545075061,61.1708436257712,37.220292946113055,0.1107834324636135,6.100843625771198,20.022866228245285,1228.30158561527,0.6364106368577214,35.04713377175472,42.16857476925687,166.4467729844554,0.2342732019383172,12.90142523074313,45.60141034721929,89.65419001274587,0.1719373461554513,9.468589652780707
2024-09-30 12:00:00,41.56,54.0,rw_arma_3m,ARMA (3 Months),62.13671071810108,423.4010239764157,0.4951085350842414,20.57671071810108,59.62968110178877,326.5133751203421,0.4347853970594024,18.069681101788767,44.96174267641265,11.571853236527067,0.0818513637250396,3.401742676412645,49.27201888652275,59.47523530608358,0.1855634958258601,7.712018886522749,50.24447126159708,75.42004109350549,0.2089622536476678,8.684471261597075,61.57994925122404,400.7983680215861,0.4817119646589037,20.01994925122404,26.70005713391416,220.8179019833355,0.3575539669414302,14.85994286608584,45.494702102794086,15.481880637732187,0.0946752190277691,3.934702102794084,35.29030727575709,39.30904685642455,0.1508588239711962,6.269692724242916,17.1475430964817,595.9680520661384,0.5874027166390351,24.4124569035183,48.6427692721128,50.165620561985264,0.1704227447572858,7.082769272112799,34.657451648481675,47.64517374504837,0.1660863414706045,6.902548351518327
2024-10-01 12:00:00,33.69,37.71,rw_arma_3m,ARMA (3 Months),40.02502624520511,40.132557527437605,0.188038772490505,6.335026245205114,40.32041802519051,43.96244318877129,0.1968067089697392,6.630418025190515,46.21551146241007,156.88843739496613,0.3717872206117564,12.525511462410073,37.07854765197064,11.48225518967574,0.1005802211923609,3.38854765197064,46.14447709709474,155.11399976205757,0.3696787502847951,12.454477097094744,41.732449146482665,64.68098827375978,0.2387191791772831,8.042449146482667,11.763636404095772,480.76542053979415,0.6508270583527525,21.926363595904228,45.45681280581989,138.45788360720692,0.3492672248685037,11.766812805819889,48.08374504374273,207.1798963842685,0.4272408739609004,14.393745043742731,4.682139431962868,841.4559747346834,0.8610228723074246,29.00786056803713,20.00800220582004,187.1970636399452,0.4061145085835547,13.681997794179956,27.69264164384671,35.96830725212168,0.1780159797017895,5.997358356153288
2024-10-02 12:00:00,23.11,25.59,rw_arma_3m,ARMA (3 Months),43.46775192215884,414.43806332416193,0.8809066171423124,20.35775192215884,38.83207323090014,247.18358667778688,0.680314722237133,15.722073230900143,35.628500072632804,156.71284406850754,0.5416919114077371,12.518500072632804,34.697215971932856,134.26357398021588,0.5013940273445633,11.587215971932856,35.529567542238446,154.24565793622273,0.5374109711050821,12.419567542238449,37.91388996414652,219.1551580705581,0.6405837284355915,14.80388996414652,20.484781342185894,6.891773001335294,0.1135966533022114,2.6252186578141057,35.2706787865011,147.8821085484579,0.5262085152099135,12.1606787865011,30.998301061829352,62.22529364205809,0.3413371294603787,7.888301061829352,4.45687709540755,347.9389940938315,0.807145084577778,18.65312290459245,34.472245351046574,129.1006194173795,0.4916592536151698,11.362245351046576,25.07275966788044,3.8524255138581247,0.0849311842440691,1.962759667880437
2024-10-03 12:00:00,23.84,31.59,rw_arma_3m,ARMA (3 Months),31.559145042055487,59.58520018028981,0.3237896410258174,7.719145042055487,30.15510741168501,39.880581621118935,0.2648954451210155,6.315107411685009,24.30996069327561,0.2208630532240917,0.0197131163286749,0.4699606932756097,36.26570207512354,154.39807205972951,0.5212123353659204,12.425702075123542,22.054185587495585,3.1891331159084886,0.074908322672165,1.7858144125044149,34.654927461985764,116.96265600801384,0.453646286157121,10.814927461985764,27.371344399048315,12.470393264689903,0.1481268623761877,3.531344399048315,26.12719653627739,5.231267995559283,0.0959394520250582,2.2871965362773885,24.323853091896968,0.2341138145382559,0.0202958511701748,0.4838530918969681,18.35514023340473,30.08368665921553,0.2300696210820164,5.484859766595271,24.547187996027667,0.5001148617256272,0.0296639260078719,0.7071879960276668,26.63206776911324,7.795642427320995,0.1171169366238776,2.792067769113242
2024-10-04 12:00:00,20.8,23.39,rw_arma_3m,ARMA (3 Months),34.43262685322332,185.8485149192255,0.6554147525588133,13.632626853223318,33.1391529479052,152.25469547179762,0.593228507110827,12.339152947905202,29.95380723919732,83.79218697238126,0.4400868864998711,9.15380723919732,25.156912305312623,18.982684836184557,0.2094669377554145,4.356912305312623,21.6661077335064,0.7501426060395933,0.0416397948801153,0.8661077335064,21.87752795512355,1.161066494072739,0.0518042286117091,1.07752795512355,35.65704974943389,220.73192725715356,0.7142812379535523,14.857049749433887,29.63710199771372,78.09437171799583,0.4248606729670057,8.83710199771372,28.32871141834211,56.68149562067485,0.3619572797279859,7.528711418342109,3.259799993916972,307.6586162533951,0.8432788464462995,17.54020000608303,13.645391625126567,51.18842099780907,0.3439715564842996,7.154608374873433,21.152129489660258,0.1239951774883929,0.0169293023875123,0.3521294896602569
2024-10-05 12:00:00,21.49,27.75,rw_arma_3m,ARMA (3 Months),24.453252285126485,8.780864105307344,0.1378898224814558,2.963252285126486,26.150316323380817,21.718548233969717,0.2168597637683024,4.660316323380819,23.57177725981365,4.333796559477238,0.0968719059941206,2.081777259813652,27.362467242424653,34.48587151335063,0.2732651113273455,5.872467242424655,25.90808048324496,19.51943515643002,0.2055877377033485,4.41808048324496,24.460859898245342,8.826008535002334,0.1382438296065772,2.970859898245344,29.82053239057749,69.39776991046074,0.3876469237123077,8.330532390577492,31.91824189400452,108.74822899987102,0.4852602091207316,10.428241894004522,26.30761039056296,23.20936987526021,0.2241791712686348,4.817610390562962,5.019621355333566,271.27337269868406,0.7664205977043478,16.470378644666432,14.646081280380908,46.839223440752605,0.3184699264597064,6.84391871961909,21.473206252931853,0.0002820299405888,0.0007814679882804,0.0167937470681458
2024-10-06 12:00:00,41.07,57.57,rw_arma_3m,ARMA (3 Months),26.214816392664112,220.6764800076609,0.3617040079701945,14.855183607335888,29.63477735949938,130.76431683781794,0.2784324967251185,11.43522264050062,23.254891424389005,317.37809356080845,0.4337742531193327,17.815108575610996,33.75611214323994,53.49295558126229,0.1780834637633324,7.313887856760061,39.41811231867785,2.7287329117038723,0.0402212729808169,1.651887681322151,33.98989067205036,50.12794809571954,0.1723912668115325,7.080109327949643,27.723395699016763,178.13184636702425,0.3249721037492875,13.346604300983238,28.336788183823945,162.13468315560553,0.3100368107177028,12.733211816176055,25.21157324833869,251.48969903780704,0.3861316472281789,15.858426751661309,24.87761949964542,262.1931862682633,0.3942629778513411,16.19238050035458,40.043912893075934,1.0528547509958006,0.0249838594332619,1.0260871069240665,32.246719643781994,77.85027624442256,0.2148351681572438,8.823280356218007
2024-10-07 12:00:00,28.39,34.94,rw_arma_3m,ARMA (3 Months),39.33322104138525,119.75408676061689,0.3854604100523159,10.94322104138525,45.66350338604828,298.3739192278215,0.6084361883074422,17.273503386048283,46.76061360215917,337.4794441198354,0.6470804368495656,18.370613602159167,33.12464377107634,22.41685163899201,0.1667715312108609,4.734643771076343,36.79423693684467,70.63119849062426,0.2960280710406716,8.404236936844669,38.96676321170266,111.8679200364268,0.3725524202783608,10.576763211702662,31.39817117645595,9.04909382686037,0.1059588297448379,3.0081711764559493,31.550140489735288,9.98648791486438,0.1113117467324863,3.160140489735287,31.38905479757303,8.994329678845814,0.1056377174206773,2.999054797573031,9.215398273981688,367.6653513514245,0.6753998494546781,19.174601726018317,15.70766032690545,160.84173958374797,0.4467185513594416,12.68233967309455,23.06758144243574,28.328139301904443,0.1874751165045531,5.322418557564262
2024-10-08 12:00:00,20.26,22.6,rw_arma_3m,ARMA (3 Months),32.55772548893233,151.2340522011358,0.6069953350904405,12.297725488932326,30.865044306556104,112.466964744018,0.5234473991389981,10.605044306556104,25.375879474023527,26.172222792735223,0.2525113264572322,5.115879474023526,27.093917775447824,46.70243216158172,0.33731084775162,6.833917775447823,20.05013673344933,0.0440425906473175,0.0103585027912472,0.2098632665506699,32.15757292483488,141.55224150176397,0.5872444681557195,11.89757292483488,31.96754323998381,137.0665687160906,0.5778649180643538,11.70754323998381,32.30955800982585,145.19184823215824,0.5947461998926874,12.049558009825848,27.53602246016634,52.94050284084501,0.3591324017851104,7.276022460166338,10.670298915799236,91.96236688432133,0.473331741569633,9.589701084200764,16.197339627579023,16.505209301639766,0.2005261783031085,4.062660372420979,26.67587541246631,41.16345730828974,0.3166769700131446,6.41587541246631
2024-10-09 12:00:00,18.53,19.96,rw_arma_3m,ARMA (3 Months),26.024021862625148,56.16036367750367,0.4044264361913193,7.494021862625146,28.26241575097525,94.7199163498312,0.5252248111697384,9.732415750975251,19.44158979868994,0.8309959610755624,0.0491953480134883,0.9115897986899384,24.663246588911463,37.61671372039408,0.3309901019380173,6.133246588911462,23.60581606972747,25.763908773703616,0.2739242347397447,5.07581606972747,24.1754918676972,31.87157842823521,0.3046676669021694,5.645491867697199,19.492419527104907,0.926251346152831,0.0519384526230386,0.962419527104906,22.748207933985977,17.793278174342237,0.2276420903392323,4.218207933985976,17.99692923895465,0.2841644362814703,0.0287679849457825,0.5330707610453516,24.224696022736943,32.42956279137594,0.307323044939932,5.694696022736942,14.176985301772358,18.94873696298589,0.2349171450743466,4.353014698227643,18.246509269064056,0.0803669945265964,0.0152990140818103,0.2834907309359451
2024-10-10 12:00:00,30.45,66.25,rw_arma_3m,ARMA (3 Months),22.29055454821415,66.57655008066878,0.267962083802491,8.15944545178585,22.40151694162148,64.7780795410061,0.2643179986331206,8.048483058378523,23.8238837206274,43.90541694776658,0.2176064459564072,6.626116279372599,27.124833070414105,11.05673510961168,0.1092008843870572,3.325166929585894,27.63909071716824,7.901210996309751,0.0923122917186127,2.8109092828317586,24.46393892499248,35.83292719372018,0.1965865706078003,5.98606107500752,21.07281815110556,87.93153942723531,0.3079534268930849,9.377181848894438,21.69451056743515,76.65859520375477,0.2875365987706026,8.75548943256485,21.09533931460237,87.50967653892404,0.3072138156124016,9.35466068539763,13.343429858603846,292.63474200250647,0.5617921228701529,17.106570141396155,15.790018430713468,214.9150596118208,0.4814443865118729,14.659981569286533,19.90451376151665,111.2072800060417,0.3463213871423103,10.545486238483347
2024-10-11 12:00:00,26.61,31.91,rw_arma_3m,ARMA (3 Months),34.93745453886024,69.34649909678397,0.3129445523810686,8.327454538860238,32.430269871774044,33.87554138028065,0.2187249106266082,5.820269871774045,31.85850717029364,27.54682751662377,0.1972381499546652,5.248507170293642,26.67012175095767,0.003614624938216,0.0022593668153953,0.0601217509576699,53.50084957972379,723.1177911193313,1.010554287099729,26.890849579723792,29.086929687696696,6.135180677793253,0.0930826639495188,2.476929687696696,34.01253484699538,54.79752216098091,0.278186202442517,7.40253484699538,28.5933927172898,3.933846670998214,0.0745356150804133,1.9833927172897996,32.74295016676446,37.61307774801621,0.2304753914605208,6.132950166764459,10.647215198892066,254.81049860648244,0.5998791732847777,15.962784801107931,15.368463709979345,126.37213815985136,0.4224553284487281,11.241536290020656,24.499745258069243,4.4531750758412425,0.0793030718500848,2.110254741930756
2024-10-12 12:00:00,28.72,33.59,rw_arma_3m,ARMA (3 Months),24.8837102602732,14.717118967133102,0.1335755480406266,3.836289739726798,28.172126740572853,0.3001651083953244,0.0190763669716972,0.5478732594271456,23.51582970233813,27.083388487066017,0.1812037011720706,5.204170297661868,31.31980046030356,6.758962433394616,0.0905223001498455,2.5998004603035625,33.6063502645838,23.87641890819821,0.1701375440314695,4.886350264583804,35.13232517014695,41.11791408770011,0.2232703750051166,6.41232517014695,32.69218475668143,15.778251741212303,0.1383072686866792,3.972184756681429,36.32067004588055,57.77018514634582,0.2646472857200748,7.600670045880548,28.77220267900945,0.0027251196957637,0.0018176420267914,0.0522026790094507,17.997406504557585,114.97401126850396,0.3733493556908919,10.722593495442414,21.798477393616512,47.90747519067766,0.2410000907515141,6.921522606383487,27.2978009599478,2.022650109525396,0.049519465182876,1.4221990400521989
2024-10-13 12:00:00,49.42,62.89,rw_arma_3m,ARMA (3 Months),33.09119166393848,266.6299816758322,0.3304089100781368,16.32880833606152,34.95849887483724,209.13501479308383,0.29262446631248,14.461501125162762,27.14842016169129,496.023268494159,0.450659243996534,22.27157983830871,36.48995411267207,167.18608664840588,0.2616358941183312,12.930045887327928,38.60763427922164,116.90725247986292,0.2187852230023949,10.81236572077836,41.77998646885708,58.369806756046906,0.1545935558709615,7.64001353114292,37.27980803224413,147.38426101396428,0.2456534190156996,12.140191967755875,32.8543515784426,274.4207076266472,0.3352013035523553,16.5656484215574,34.88403849488148,211.29417687828752,0.2941311514592983,14.535961505118522,28.7853383188217,425.7892626966881,0.4175366588664164,20.6346616811783,35.053216709165746,206.4044621257944,0.2907078771921136,14.366783290834256,37.61633764912892,139.32644489337136,0.2388438355093298,11.80366235087108
2024-10-14 12:00:00,27.09,42.81,rw_arma_3m,ARMA (3 Months),37.92271083508878,117.34762403664983,0.3998785837980354,10.83271083508878,45.024744142924064,321.655047472149,0.6620429731607259,17.934744142924064,49.09934445785925,484.4112434646999,0.8124527300797066,22.009344457859253,57.05004707800953,897.6044209165472,1.1059448902919722,29.960047078009527,24.327915599785943,7.629110233905848,0.1019595570400168,2.762084400214057,36.4763804713247,88.10413835246575,0.3464887586314028,9.386380471324705,32.26975819093224,26.8298949165296,0.1912055441466311,5.179758190932237,36.41090369554104,86.87924570155057,0.3440717495585469,9.320903695541038,37.19085981744972,102.0273690517704,0.3728630423569479,10.10085981744972,49.853602398828734,518.1815941719613,0.8402954004735598,22.76360239882873,17.611778945261516,89.8366743624879,0.3498789610460865,9.478221054738484,21.833096494923936,27.63503446168101,0.1940532855325236,5.256903505076064
2024-10-15 12:00:00,24.89,30.54,rw_arma_3m,ARMA (3 Months),27.650151948298635,7.618438777696749,0.1108940115829101,2.7601519482986347,24.08162058068452,0.6534772855728364,0.0324780803260539,0.8083794193154823,22.355231558597016,6.425051051532518,0.1018388285015261,2.534768441402985,25.89795212182064,1.0159674798827307,0.0404962684540233,1.0079521218206402,23.11916873972812,3.1358433523560945,0.0711462941049369,1.77083126027188,30.81140593597751,35.0630482586297,0.2379030106861193,5.921405935977511,25.75964183294539,0.7562769176086186,0.0349394067073278,0.8696418329453905,28.910264948234182,16.16253025400039,0.1615212916124621,4.020264948234182,24.43517944573999,0.2068617365773828,0.0182732243575737,0.4548205542600101,35.314494250926415,108.67008038759788,0.418822589430551,10.424494250926417,14.253476892538725,113.13562381555768,0.4273412256914936,10.636523107461276,20.266579486646805,21.376017243295127,0.185754138744604,4.623420513353196
2024-10-16 12:00:00,40.46,55.0,rw_arma_3m,ARMA (3 Months),29.11682760224098,128.6675600452821,0.2803552248581072,11.34317239775902,31.004249036065243,89.4112262919531,0.2337061533350162,9.455750963934758,26.291141883043043,200.75654033845709,0.3501942194008146,14.168858116956958,36.85582953416875,12.990044746770268,0.0890798434461505,3.604170465831253,36.62215222303174,14.729075559180218,0.0948553578093984,3.837847776968261,39.99396601225313,0.2171876777352485,0.0115183882290377,0.4660339877468686,24.51209881913961,254.33555207448828,0.3941646362051505,15.947901180860391,25.587818527677896,221.1817817456809,0.3675773967454795,14.872181472322104,23.68943323712764,281.2519095479591,0.414497448415036,16.77056676287236,21.573552092606725,356.6979145586798,0.4667930772959287,18.88644790739328,24.25841501179846,262.4913561299176,0.4004346265002853,16.201584988201542,26.90480883182499,183.7432076057698,0.3350269690601831,13.55519116817501
2024-10-17 12:00:00,33.51,37.32,rw_arma_3m,ARMA (3 Months),32.96206828648459,0.3002291626759338,0.0163512895707374,0.5479317135154105,39.92554914570377,41.15927084094039,0.1914517799374447,6.415549145703771,47.77146296856743,203.3893260038201,0.4255882712195592,14.261462968567429,28.416996080110625,25.93868892800852,0.1519845992208109,5.093003919889373,46.71402115393174,174.34617463347692,0.3940322636207622,13.20402115393174,32.99644882305923,0.2637348113372456,0.0153253111590798,0.5135511769407657,37.60398671409903,16.760727215219386,0.122172089349419,4.093986714099032,48.30251747681641,218.81857330191903,0.4414359139605018,14.792517476816414,45.31948807796698,139.46400866364428,0.3524168331234552,11.809488077966982,42.80470341008506,86.3915114814469,0.2773710358127443,9.294703410085065,12.832163472213075,427.57292346987913,0.6170646531717972,20.677836527786923,21.60664362630192,141.68989295925866,0.355218035622145,11.903356373698076
2024-10-18 12:00:00,23.75,25.3,rw_arma_3m,ARMA (3 Months),31.101188297594284,54.03996938668715,0.3095237177934435,7.351188297594284,31.75018939725676,64.00303039197951,0.3368500798844952,8.000189397256761,25.91258475800356,4.676772835549306,0.0910562003369919,2.162584758003557,28.423914856956948,21.845480090082887,0.1967964150297662,4.673914856956948,35.59760766275613,140.36580733059782,0.4988466384318372,11.847607662756133,35.4198729987835,136.18593580773612,0.4913630736329893,11.669872998783497,33.04746128733466,86.44278638948673,0.3914720542035647,9.297461287334665,31.51798454321122,60.34158386356843,0.3270730333983672,7.76798454321122,29.971056791006816,38.70154759693203,0.2619392333055502,6.221056791006816,13.678854535320514,101.42797097073417,0.4240482300917678,10.071145464679486,15.864751741197088,62.17714010295436,0.3320104530022278,7.885248258802912,24.39927189934496,0.4215539992790119,0.0273377641829456,0.64927189934496
2024-10-19 12:00:00,25.92,32.0,rw_arma_3m,ARMA (3 Months),25.710932834414464,0.0437090797259705,0.0080658628698124,0.2090671655855374,26.497556025258785,0.333570962312724,0.0222822540609098,0.577556025258783,23.30796385982589,6.822732797575674,0.1007729992351123,2.612036140174112,27.96072012916576,4.164538645582313,0.0787314864647283,2.0407201291657597,21.40691332629878,20.367951324339547,0.1741159982137816,4.5130866737012205,27.74641076014944,3.3357762647896534,0.0704633780921851,1.8264107601494397,32.14268449826599,38.72180236495987,0.2400727044084101,6.222684498265991,24.086181518412776,3.3628902234108797,0.0707491698143219,1.833818481587226,28.48164594642161,6.562029954818265,0.0988289331181176,2.56164594642161,18.57188252473385,53.99483043031178,0.2834921865457619,7.34811747526615,18.031997091106263,62.22058989071609,0.3043210998801596,7.888002908893739,21.795918885995384,17.00804503488957,0.1591080676699312,4.124081114004618
2024-10-20 12:00:00,41.97,51.42,rw_arma_3m,ARMA (3 Months),26.738468113821288,231.9995635996788,0.362914745918006,15.231531886178711,29.272562138206943,161.2249282540958,0.3025360462662153,12.697437861793055,33.12521884440984,78.23015369028285,0.2107405564829678,8.844781155590162,33.64469742072824,69.31066303642896,0.1983631779669229,8.325302579271757,39.87659189569555,4.382357491167557,0.0498786777294365,2.0934081043044515,36.94870391858439,25.213414337239723,0.1196401258378748,5.021296081415606,33.14856054978814,77.81779397375416,0.2101844043414787,8.821439450211862,31.219785623234763,115.56710914640996,0.2561404426200914,10.750214376765236,36.339498182684025,31.702550714798484,0.1341553923592083,5.630501817315974,33.46710963921759,72.2991444874864,0.2025944808382752,8.50289036078241,23.26835955368973,349.751355383068,0.445595435937819,18.701640446310265,34.557723120822715,54.94184853358614,0.1766089320747506,7.412276879177284
2024-10-21 12:00:00,25.64,29.19,rw_arma_3m,ARMA (3 Months),37.51321709887444,140.9732842770044,0.4630739898156958,11.87321709887444,35.2596008134548,92.53671981022028,0.3751794389022934,9.619600813454802,41.62956432165248,255.66616719626197,0.6236179532625772,15.98956432165248,47.98501583733026,499.29973277054006,0.8714904772749711,22.34501583733026,46.62533695871989,440.38436727101504,0.8184608798252687,20.98533695871989,36.04523787466104,108.2689752282806,0.4058205099321778,10.40523787466104,31.49168159688185,34.24217751128572,0.2282247112668428,5.85168159688185,32.13562257202445,42.19311259819356,0.253339413885509,6.495622572024452,29.440472433927283,14.443590721041163,0.1482243538973199,3.800472433927282,24.006826175937853,2.6672567396017786,0.0636963269915034,1.6331738240621476,14.555012637443618,122.87694482803472,0.4323318004117154,11.084987362556385,24.14857609080448,2.224345276920052,0.0581678591729922,1.4914239091955217
2024-10-22 12:00:00,20.94,23.94,rw_arma_3m,ARMA (3 Months),23.61469108089876,7.153972378239362,0.1277311881995586,2.674691080898757,25.48403918576976,20.64829212181109,0.2170028264455472,4.544039185769758,23.21867085147501,5.1923408493618455,0.1088190473483767,2.2786708514750096,23.00381929885437,4.259350098323741,0.0985587057714598,2.0638192988543693,25.42261689884441,20.093854261805465,0.2140695749209364,4.482616898844409,28.89035377247429,63.20812510749613,0.3796730550369764,7.950353772474287,23.112323863674543,4.718990968689891,0.1037403946358425,2.172323863674542,28.08853221193531,51.10151278507671,0.3413816720121923,7.148532211935308,23.761557866286225,7.961188792801666,0.1347448837768015,2.8215578662862235,20.1526170938159,0.6199718409509237,0.037601857983959,0.7873829061841029,20.40739896996532,0.2836638571940061,0.0254346241659352,0.5326010300346837,21.0723740220444,0.01752288171221,0.0063215865350714,0.1323740220443952
2024-10-23 12:00:00,17.39,19.26,rw_arma_3m,ARMA (3 Months),26.634230870206345,85.45580438167595,0.5315831437726477,9.244230870206344,27.70304715618616,106.3589416457194,0.5930446898324415,10.313047156186158,24.126222659504045,45.37669571841573,0.387361855060612,6.736222659504044,24.85374269143068,55.70745496388486,0.4291973945618561,7.463742691430678,23.95719665550048,43.128071912016665,0.3776421308510913,6.567196655500478,23.39830902791359,36.09977737490795,0.3455036818811725,6.00830902791359,24.25031020295628,47.063856080786,0.3944974239767842,6.860310202956278,26.5973681727158,84.77562866793988,0.5294633796846349,9.2073681727158,20.81546862268493,11.733835284998978,0.1969792192458268,3.425468622684928,32.76247718285236,236.31305473731635,0.8839837367942701,15.372477182852355,17.404117757811807,0.0001993110856328,0.000811831961576,0.0141177578118067,18.94504941685357,2.41817868885663,0.0894220481226895,1.555049416853571
2024-10-24 12:00:00,14.96,16.99,rw_arma_3m,ARMA (3 Months),18.252542049872336,10.840833150177517,0.2200897092160651,3.292542049872335,18.984438849824222,16.196108055974502,0.2690132921005496,4.024438849824222,20.4492256835162,30.131598604573888,0.3669268505024197,5.489225683516199,14.597910321559636,0.1311089352330465,0.0242038555107195,0.3620896784403644,20.064938761518253,26.060399758851503,0.3412392220266211,5.104938761518252,19.162129911212865,17.657895790709837,0.2808910368457797,4.2021299112128645,19.791800216112104,23.34629332842097,0.3229812978684561,4.831800216112104,20.71765755313388,33.1506204991596,0.3848701572950453,5.757657553133878,19.44901405146024,20.15124715420746,0.3000677841885185,4.489014051460238,41.06757568939405,681.605508377439,1.7451588027669815,26.107575689394046,20.72188342660626,33.19930062179991,0.3851526354683329,5.761883426606261,18.84410839103789,15.086297993330929,0.259632913839431,3.884108391037888
2024-10-25 12:00:00,13.14,14.01,rw_arma_3m,ARMA (3 Months),20.5963656344931,55.59738847524969,0.5674555277392008,7.4563656344931,16.66607281102382,12.43318946864142,0.2683464848572161,3.52607281102382,16.261280150247753,9.742389776330633,0.2375403462897833,3.1212801502477525,12.859475430998744,0.0786940338133407,0.0213489017504761,0.2805245690012565,17.426814993632775,18.37678278963476,0.326241628130348,4.286814993632774,16.653066284530848,12.34163471950737,0.2673566426583597,3.513066284530847,18.154080147806926,25.14099972863152,0.3815890523445149,5.014080147806926,17.11625289438139,15.810587080076374,0.3026067651736217,3.976252894381389,16.001088585096777,8.185827891771076,0.2177388573133011,2.861088585096777,17.390377560050677,18.065709402982343,0.3234686118760027,4.250377560050676,15.72028535841612,6.657872530856604,0.1963687487379086,2.58028535841612,16.3116138581236,10.059134465041664,0.2413709176654185,3.1716138581235995
2024-10-26 12:00:00,14.53,18.6,rw_arma_3m,ARMA (3 Months),14.47883029176634,0.0026183390407178,0.0035216592039683,0.0511697082336599,17.567957349325198,9.229184856318987,0.2090817170905161,3.0379573493251986,15.623696719135708,1.1961725134482135,0.0752716255427191,1.0936967191357088,19.80434120528429,27.818675149759763,0.3629966417952025,5.274341205284292,19.015833586929883,20.12270296962823,0.308729083752917,4.485833586929884,16.188315592157927,2.7500106031941,0.1141304605752187,1.658315592157928,16.70278330978454,4.720987311278261,0.1495377363926043,2.17278330978454,19.05008133689053,20.431135292106077,0.3110861209146957,4.520081336890529,16.76925252940355,5.0142518904401925,0.1541123557745044,2.239252529403549,18.5255065093535,15.964072266286207,0.2749832422129045,3.9955065093535023,16.86341340770929,5.444818131277492,0.1605928016317475,2.3334134077092923,17.475225146416502,8.67435116308411,0.2026995971380938,2.9452251464165027
2024-10-27 12:00:00,19.35,30.1,rw_arma_3m,ARMA (3 Months),19.41413746457812,0.0041136143625092,0.0033145976526158,0.0641374645781169,18.46576979339904,0.7818630582655779,0.0456966515039256,0.8842302066009609,16.81335263282647,6.434579865388415,0.1310928871924306,2.536647367173533,16.064510445389782,10.794441613452856,0.1697927418403214,3.285489554610219,19.53378073987728,0.0337753603498397,0.0094977126551564,0.1837807398772781,16.83383956400454,6.331063339668878,0.130034131059197,2.516160435995463,22.829545785881727,12.107238876047276,0.1798214876424664,3.479545785881726,20.73314887282196,1.913100804388656,0.0714805619029436,1.383148872821959,19.94623898596683,0.355500928386751,0.0308133842876913,0.5962389859668278,42.20732361671866,522.4572429194046,1.1812570344557445,22.85732361671866,26.64763627206461,53.25549515935303,0.3771388254296954,7.297636272064608,21.152776194321827,3.2500020068134856,0.0931667283887248,1.802776194321826
2024-10-28 12:00:00,14.12,15.44,rw_arma_3m,ARMA (3 Months),17.895671290816797,14.25569369629818,0.2673988166300848,3.775671290816797,20.202556813653764,36.99749739132584,0.430775978304091,6.082556813653765,20.359567603270555,38.93220387578347,0.4418957226112292,6.239567603270556,21.21908901943548,50.39706490586941,0.5027683441526545,7.09908901943548,24.091020359103805,99.42124700166258,0.7061629149506945,9.971020359103806,18.13959784629319,16.157166845924845,0.2846740684343619,4.019597846293189,14.35004179360992,0.0529192268072694,0.0162919117287479,0.2300417936099208,15.831016430884803,2.9275772267577738,0.1211768010541646,1.7110164308848042,14.005657853925792,0.0130741263688554,0.0080978856993064,0.1143421460742075,10.804249372068162,10.994202226630376,0.2348265317232179,3.3157506279318376,15.112147362838954,0.984356389588292,0.0702653939687645,0.9921473628389544,15.324658042457072,1.4512009992565065,0.0853157253864782,1.2046580424570728
2024-10-29 12:00:00,10.29,11.94,rw_arma_3m,ARMA (3 Months),17.8915580988332,57.78368552993664,0.7387325654842762,7.601558098833202,15.382201182497722,25.93051288303121,0.4948689195818973,5.092201182497723,12.780633352683465,6.203254497499279,0.2420440575980044,2.4906333526834654,15.38961239505148,26.006046579762693,0.4955891540380447,5.09961239505148,13.416598057686302,9.775615414327763,0.3038482077440528,3.1265980576863037,15.685506244043044,29.111487629507483,0.5243446301305195,5.395506244043045,14.278250830345437,15.906144685751071,0.3875851147080114,3.9882508303454376,15.207546641773,24.18226497401292,0.4778956891907678,4.917546641773001,14.14411884521405,14.854232073034092,0.3745499363667688,3.8541188452140513,9.786523187627829,0.2534889005964417,0.048928747558034,0.5034768123721705,13.071196622600038,7.735054653561861,0.2702814987949503,2.781196622600038,13.705629262594078,11.666523259488972,0.3319367602132244,3.415629262594079
2024-10-30 12:00:00,8.55,9.2,rw_arma_3m,ARMA (3 Months),11.380404846782971,8.01119159669253,0.3310415025477158,2.8304048467829706,13.38775506062387,23.403874026591865,0.5658193053361251,4.83775506062387,11.71110141971988,9.992562185755034,0.3697194642947226,3.161101419719879,14.8226847456687,39.346573918544806,0.7336473386747017,6.2726847456687,12.677126948578838,17.033176849685663,0.4827049062665306,4.127126948578837,11.21741924792088,7.115125444178789,0.3119788594059507,2.667419247920879,11.514142809414023,8.786142594600856,0.3466833695221079,2.9641428094140228,10.836084143582717,5.226180711540321,0.2673782624073352,2.286084143582716,10.649260875563543,4.406896223671811,0.2455275877852096,2.0992608755635427,16.967068833638667,70.84704775021137,0.984452495162417,8.417068833638666,10.583619482400923,4.135608199200596,0.237850231859757,2.0336194824009226,11.104509669622391,6.525519652194296,0.2987730607745486,2.554509669622391
2024-10-31 12:00:00,9.02,13.56,rw_arma_3m,ARMA (3 Months),10.242530522035668,1.494580877308805,0.1355355345937548,1.2225305220356688,10.100075983297014,1.1665641296950124,0.1197423484808219,1.0800759832970144,10.986604020182222,3.867531372196879,0.2180270532352796,1.9666040201822224,7.425965850336115,2.5409448702946635,0.1767221895414506,1.5940341496638846,10.541399942512417,2.314657785076786,0.1686696166865207,1.5213999425124172,9.26049716704258,0.0578388873555067,0.0266626571000643,0.2404971670425801,10.841619062390569,3.3182960084646966,0.2019533328592649,1.8216190623905693,10.010266075570408,0.9806269004256184,0.1097855959612426,0.9902660755704088,9.915470315640423,0.8018670861931598,0.0992760882084726,0.8954703156404236,28.97788402702053,398.3171348360012,2.212625723616467,19.95788402702053,9.60785980370646,0.3455791488137992,0.0651729272401841,0.5878598037064613,10.258928702918263,1.534944330914731,0.1373535147359494,1.2389287029182636
2024-11-01 12:00:00,18.58,27.42,rw_arma_3m,ARMA (3 Months),10.01617723959678,73.33906027160019,0.4609161873198718,8.563822760403218,10.828057305401137,60.09261554034466,0.4172197359848688,7.751942694598862,10.22345222868016,69.83189065435057,0.4497603752055888,8.356547771319839,12.671384433766235,34.91173790953994,0.3180094492052617,5.908615566233763,12.9003181085645,32.25878638790032,0.3056879381827502,5.679681891435498,12.016180387466994,43.08372790587292,0.3532733914172769,6.563819612533004,9.544468320780348,81.64083272618187,0.486304180797613,9.03553167921965,9.757325581305931,77.83958389827869,0.4748479235034482,8.822674418694067,9.895609569233027,75.41863715399694,0.4674052976731416,8.684390430766971,9.438054804372143,83.57516195986322,0.4920314959971935,9.141945195627857,10.791576052767375,60.65954758182659,0.4191832049102596,7.788423947232623,12.437291404098334,37.7328688941642,0.3306086434823286,6.142708595901665
2024-11-02 12:00:00,14.8,16.44,rw_arma_3m,ARMA (3 Months),20.37859332131692,31.120703444641737,0.3769319811700621,5.578593321316919,19.028209120136587,17.87775236360621,0.2856898054146342,4.228209120136587,19.88187041112331,25.825406875450582,0.3433696223731964,5.081870411123308,28.79074477680681,195.74093940974703,0.9453205930274872,13.99074477680681,24.537140998266302,94.81191482011847,0.6579149323152906,9.737140998266302,16.414683544306143,2.607202948253047,0.1091002394801447,1.6146835443061427,21.43833845804498,44.067537483559015,0.4485363823003365,6.638338458044981,23.661976004638987,78.53461870679718,0.5987821624756071,8.861976004638986,21.76751864270233,48.54631603640453,0.4707782866690763,6.967518642702331,13.018089830413674,3.175203852475173,0.1203993357828599,1.781910169586327,13.731146472426037,1.1424478634073063,0.0722198329441867,1.068853527573964,12.466507187475337,5.445188706104267,0.1576684332786935,2.333492812524664
2024-11-03 12:00:00,22.14,26.59,rw_arma_3m,ARMA (3 Months),12.098153728881949,100.83867653276752,0.4535612588580872,10.041846271118052,13.550269177516798,73.78347560271796,0.3879733885493768,8.589730822483203,14.379251078067451,60.22922382927723,0.3505306649472696,7.760748921932549,20.892543529002715,1.556147647033001,0.0563440140468511,1.2474564709972853,13.568424438085994,73.47190761360142,0.3871533677467934,8.571575561914006,18.252634951694297,15.111607018788805,0.1755810771592458,3.887365048305704,16.528002903724285,31.494511408607057,0.253477736959156,5.611997096275715,16.29522085911608,34.1614432057118,0.2639918311149016,5.844779140883922,17.63807796458931,20.26730201291633,0.2033388453211693,4.50192203541069,15.735832180654691,41.01336545833805,0.2892578057518206,6.404167819345309,15.36969646572476,45.83700994621982,0.3057951009157742,6.770303534275241,17.157657869243764,24.8237331079086,0.2250380366195229,4.982342130756237
2024-11-04 12:00:00,12.83,14.06,rw_arma_3m,ARMA (3 Months),19.70995405204126,47.333767758198974,0.5362395987561389,6.879954052041262,23.122144895747216,105.92824655505548,0.8021936785461586,10.292144895747215,20.18466177220086,54.09104978347272,0.5732394210600827,7.354661772200862,23.53420679526652,114.58004311582997,0.8343107400831271,10.70420679526652,39.20946675657804,695.8762663614059,2.056076910099613,26.37946675657804,21.61248559358084,77.13205320145498,0.6845273260780077,8.782485593580839,16.469348154836172,13.244854992109452,0.2836592482335286,3.639348154836173,16.97250647586315,17.160359902568125,0.3228765764507521,4.142506475863149,15.867551360207884,9.226718265900764,0.2367538082780891,3.037551360207884,14.797357387861403,3.870495091572844,0.1533404043539675,1.9673573878614032,14.05453825775452,1.499493944704477,0.0954433560213967,1.2245382577545207,13.930356081509617,1.2107835061151977,0.0857643087692608,1.1003560815096165
2024-11-05 12:00:00,10.79,16.2,rw_arma_3m,ARMA (3 Months),13.578082465664242,7.773403835344402,0.2583950385230994,2.7880824656642424,11.319984762332062,0.2808838483041733,0.049118142940877,0.529984762332063,14.410566818346211,13.108504086109615,0.3355483612925127,3.620566818346212,10.33894264552725,0.2034527370239547,0.0418032765961768,0.4510573544727485,11.21657505145748,0.181966274525953,0.0395342957791919,0.4265750514574815,13.94624698321842,9.961895019075389,0.2925159391305303,3.1562469832184217,11.51392615958584,0.5240690845327033,0.0670923224824689,0.7239261595858402,11.678359161811183,0.78918200037387,0.0823317110112311,0.8883591618111844,12.770690088497584,3.923133226672572,0.1835672000461154,1.980690088497585,10.79091919635148,8.44921932575104e-07,8.518965259319022e-05,0.0009191963514805,9.85424647981129,0.8756346505455623,0.0867241445958025,0.93575352018871,10.495889092302438,0.0865012260266835,0.0272577300924524,0.2941109076975614
2024-11-06 12:00:00,10.6,15.83,rw_arma_3m,ARMA (3 Months),11.9562572333799,1.8394336830953,0.1279487956018773,1.3562572333798997,12.708428668270995,4.445471449187005,0.198908364931226,2.108428668270996,10.901942406666976,0.0911692169438455,0.0284851327044317,0.301942406666976,9.95813047656062,0.4119964851202974,0.0605537286263566,0.6418695234393805,10.765131691289389,0.027268475468094,0.0155784614423951,0.1651316912893889,11.718733433744736,1.2515644957782894,0.1055408899759185,1.1187334337447368,11.33950051001783,0.5468610043166311,0.0697641990582858,0.7395005100178302,11.735000443175782,1.2882260060092217,0.1070755135071492,1.135000443175782,10.20721878244911,0.1542770848607599,0.0370548318444236,0.3927812175508904,9.967489555380002,0.400069462553387,0.0596707966622639,0.6325104446199976,9.589447501348022,1.0212163525317544,0.095335141382262,1.0105524986519772,9.252986985457262,1.8144440613475128,0.1270766994851639,1.3470130145427373
2024-11-07 12:00:00,10.12,11.51,rw_arma_3m,ARMA (3 Months),11.427875097952263,1.710537271843645,0.1292366697581289,1.3078750979522642,10.712083724326863,0.3505631366127698,0.0585062968702434,0.592083724326864,12.465413315114942,5.500963618718466,0.2317602090034528,2.3454133151149428,11.344512591330782,1.4994310863276277,0.1209992679180615,1.2245125913307824,11.5326098210862,1.99546650662919,0.1395859507002175,1.4126098210862017,13.066489156425066,8.6817983489305,0.2911550549827141,2.9464891564250664,11.41375431803525,1.6738002354348582,0.1278413357742343,1.293754318035251,11.552929616618956,2.0532872861837497,0.1415938356342842,1.4329296166189565,11.841110291839607,2.9622206366762205,0.1700701869406727,1.721110291839608,10.296613103737824,0.0311921884119077,0.0174518877211289,0.1766131037378251,10.02951072303311,0.0081883092459902,0.0089416281587834,0.0904892769668883,10.02229398535955,0.0095464652969197,0.0096547445296886,0.0977060146404493
2024-11-08 12:00:00,8.25,9.1,rw_arma_3m,ARMA (3 Months),11.014670332513225,7.643402047478784,0.3351115554561484,2.7646703325132247,12.128289081590884,15.041126200387062,0.4700956462534404,3.878289081590884,12.287215298051446,16.299107362820628,0.489359430066842,4.037215298051446,11.35971173133291,9.670307051989523,0.3769347553130799,3.1097117313329097,10.115455716300117,3.479925029476782,0.2261158444000141,1.8654557163001169,11.847516986276071,12.942128466544863,0.4360626650031601,3.597516986276071,12.141251807386569,15.141840628489238,0.4716668857438265,3.8912518073865687,11.838013555150756,12.873841271945563,0.4349107339576674,3.588013555150756,10.866220195770362,6.844608112756711,0.3171175994873166,2.616220195770362,11.350711299971572,9.614410565771394,0.3758437939359481,3.100711299971572,11.376456159305125,9.774728116056952,0.3789643829460757,3.1264561593051248,10.964003376446346,7.365814327362167,0.3289701062359207,2.714003376446346
2024-11-09 12:00:00,7.65,8.5,rw_arma_3m,ARMA (3 Months),9.29394606243796,2.702558656205274,0.2148949101226091,1.6439460624379605,9.069963546697924,2.0162964739509457,0.1856161498951533,1.4199635466979237,9.113095125199491,2.1406473453825137,0.1912542647319595,1.4630951251994908,10.505408477449452,8.153357573090194,0.3732560101241112,2.8554084774494517,7.599793056704324,0.0025207371550952,0.0065629991236178,0.0502069432956764,8.963345510799508,1.7248764307372195,0.1716791517384977,1.3133455107995076,9.724132721966908,4.302026548333855,0.2711284603878311,2.074132721966908,9.913850519400578,5.125019174190264,0.2959281724706637,2.2638505194005774,9.442295010077352,3.2123214031481737,0.234286929421876,1.7922950100773516,9.905788528037936,5.088581883227557,0.2948743173905798,2.255788528037936,9.496027352083162,3.4078169846391706,0.2413107649781911,1.846027352083162,9.335766470038608,2.841808591506429,0.2203616300704063,1.685766470038608
2024-11-10 12:00:00,7.19,7.65,rw_arma_3m,ARMA (3 Months),8.80143262258911,2.596715097144413,0.2241213661459122,1.611432622589109,9.016292956107833,3.335345961529085,0.2540045836033147,1.8262929561078325,8.863976109476255,2.8021960150972567,0.2328200430425945,1.6739761094762544,7.089777484398187,0.0100445526335557,0.0139391537693759,0.1002225156018132,9.015095846848276,3.3309748501828227,0.2538380871833484,1.8250958468482752,8.057308443278774,0.7522239357826505,0.1206270435714567,0.8673084432787741,12.07017445209872,23.816102682917048,0.6787447082195717,4.8801744520987205,11.744241687218404,20.741117345597928,0.6334133083752994,4.554241687218403,10.719217166543546,12.45537380862565,0.4908507881145403,3.529217166543545,11.878122522725356,21.97849278808475,0.6520337305598547,4.688122522725355,11.00439055491342,14.549575305412713,0.5305132899740501,3.814390554913421,10.53082899281589,11.161138359239228,0.4646493731315562,3.340828992815889
2024-11-11 12:00:00,5.6,6.27,rw_arma_3m,ARMA (3 Months),7.995537427999934,5.73859956894854,0.427774540714274,2.395537427999934,7.485451173241577,3.5549261266780405,0.3366877095074245,1.8854511732415773,6.9674785999856885,1.86999772141882,0.2441926071403016,1.3674785999856889,7.101890448547843,2.255674919439244,0.2681947229549721,1.5018904485478437,8.8362726155437,10.473460442118068,0.5779058242042323,3.236272615543701,9.401065712385792,14.448100549874912,0.6787617343546059,3.801065712385793,6.123056641029375,0.2735882497249333,0.0934029716123885,0.5230566410293758,5.821478208027799,0.0490525966312053,0.0395496800049642,0.2214782080277997,5.709469606621052,0.011983594773768,0.0195481440394737,0.1094696066210527,8.241560551467186,6.977842147067627,0.4717072413334262,2.6415605514671867,7.656872722186391,4.230725395274455,0.367298700390427,2.056872722186391,7.879481926528678,5.196037853370894,0.4070503440229783,2.2794819265286783
2024-11-12 12:00:00,4.62,4.95,rw_arma_3m,ARMA (3 Months),6.597528743817257,3.910619932623459,0.4280365246357699,1.977528743817257,6.8496679447501165,4.971419143846208,0.4826121092532719,2.2296679447501164,5.138180946593875,0.2685114934129238,0.1121603780506221,0.5181809465938745,9.029269919721514,19.441661224960967,0.9543874285111502,4.409269919721514,7.707682591813466,9.533783787787922,0.66832956532759,3.087682591813466,5.936588161637254,1.7334043873633644,0.2849757925621762,1.316588161637254,5.962210144791168,1.8015280727803284,0.2905216763617246,1.342210144791168,5.877862645281564,1.5822184343947323,0.2722646418358362,1.2578626452815636,5.657275498497684,1.0759404597836193,0.2245185061683299,1.0372754984976842,6.896758854918857,5.183630883451423,0.4928049469521334,2.2767588549188567,6.636469551312794,4.0661494513716185,0.436465270846925,2.016469551312793,6.334649736305279,2.9400237182117617,0.3711363065595841,1.7146497363052786
2024-11-13 12:00:00,3.66,4.0,rw_arma_3m,ARMA (3 Months),5.47637660722091,3.299223979259344,0.4962777615357677,1.81637660722091,5.788427897198373,4.530205313572287,0.5815376768301564,2.1284278971983728,4.417880017359,0.5743821207120776,0.2070710429942622,0.7578800173589997,7.986279330926111,18.71669284919848,1.182043533039921,4.326279330926111,6.463740161838302,7.860958895105069,0.7660492245459842,2.803740161838302,4.85241125770869,1.4218446075104194,0.3257954256034671,1.1924112577086898,4.972893159044368,1.7236884470654996,0.3587139778809748,1.3128931590443678,4.725324904418446,1.1349171519741716,0.2910723782564061,1.0653249044184463,5.52742877442361,3.487290227545266,0.510226441099347,1.86742877442361,6.030832298707112,5.620845788592846,0.6477683876248939,2.3708322987071115,5.800578286130082,4.582075399051599,0.5848574552267983,2.140578286130082,5.7947666902464015,4.557228821785575,0.5832695874990167,2.1347666902464013
2024-11-14 12:00:00,3.15,3.39,rw_arma_3m,ARMA (3 Months),4.394150039808158,1.5479093215546422,0.3949682666057645,1.2441500398081584,4.215227720127341,1.1347100957276937,0.338167530199156,1.0652277201273417,3.955932932201348,0.6495278912066625,0.2558517245083644,0.805932932201348,3.5875323622072504,0.1914345679786566,0.1388991626054763,0.4375323622072504,5.751981684295957,6.770308685411624,0.8260259315225259,2.6019816842959567,5.723744016635566,6.624158263167375,0.8170615925827194,2.573744016635566,4.261586572985959,1.23562470924267,0.352884626344749,1.1115865729859595,4.104134745467307,0.9103731125079624,0.3028999191959704,0.9541347454673068,4.174185880092436,1.0489567169807177,0.3251383746325194,1.024185880092436,5.353385953924817,4.854909661953175,0.6994876044205768,2.203385953924817,5.022782030068343,3.507312532146904,0.5945339777994739,1.8727820300683429,5.09120461449394,3.7682753553325647,0.6162554331726793,1.94120461449394
2024-11-15 12:00:00,2.51,2.95,rw_arma_3m,ARMA (3 Months),3.643330127821298,1.2844371786274404,0.4515259473391627,1.1333301278212984,3.912257243278313,1.9663253763264943,0.5586682244136706,1.4022572432783131,3.802423595034601,1.6703587490021623,0.5149097988185662,1.292423595034601,6.1554790017768,13.289517152395574,1.452382072421036,3.6454790017768,4.743823337378118,4.989966702615115,0.8899694571227564,2.2338233373781184,3.261824159541731,0.5652395668706308,0.2995315376660284,0.7518241595417314,3.7899377371112473,1.638240610881461,0.5099353534307759,1.2799377371112477,3.631829296539488,1.258500970574283,0.4469439428444176,1.121829296539488,3.8319299555414377,1.747498807357788,0.5266653209328438,1.321929955541438,4.82768687679837,5.371672458883383,0.9233812258160836,2.31768687679837,4.558442759357673,4.196117738364879,0.8161126531305471,2.0484427593576733,4.6414434803055125,4.543051309736876,0.8491806694444274,2.1314434803055127
2024-11-16 12:00:00,4.7,7.21,rw_arma_3m,ARMA (3 Months),2.8413423802176903,3.4546081475748416,0.3954590680387893,1.85865761978231,3.205668550852816,2.233026479910324,0.3179428615206774,1.4943314491471842,2.9793641124175574,2.9605878576366207,0.3660927420388176,1.7206358875824428,7.09872102651787,5.753862563058943,0.5103661758548659,2.39872102651787,6.174227454800261,2.1733465884868544,0.313665415914949,1.4742274548002603,3.314432249476576,1.919797991290542,0.2948016490475371,1.3855677505234243,2.9126483997341426,3.194625742972922,0.3802875745246505,1.7873516002658576,2.8799717301353684,3.312502903106445,0.3872400574180067,1.820028269864632,2.7879703135978184,3.6558575216832256,0.4068148268940812,1.9120296864021815,4.817541896718076,0.0138160974840828,0.0250089141953353,0.1175418967180759,4.800707840246955,0.0101420690872061,0.0214272000525435,0.1007078402469545,5.12301919761298,0.1789452415491296,0.0900040845985064,0.4230191976129802
2024-11-17 12:00:00,12.37,17.5,rw_arma_3m,ARMA (3 Months),4.599255177611906,60.38447509467136,0.628192790815529,7.770744822388093,4.251949699535092,65.90274068087838,0.6562692239664437,8.118050300464908,4.99251151625948,54.42733632772399,0.5964016559208181,7.377488483740519,7.959585393248267,19.451757003449032,0.3565411969888223,4.410414606751732,8.565346263816716,14.475390052253417,0.3075710376866034,3.8046537361832833,8.763497009274987,13.006863822108455,0.2915523840521433,3.606502990725012,5.860500924013566,42.37357822026823,0.5262327466440124,6.509499075986433,6.115034832339179,39.12458924865015,0.5056560361892336,6.25496516766082,5.40325141017387,48.53558591384436,0.5631971374152085,6.966748589826129,8.439527338292494,15.448615344430078,0.3177423332019001,3.9304726617075048,7.71908527217784,21.631007805473068,0.3759834056444753,4.650914727822159,8.393255022770632,15.814500613919003,0.3214830216030208,3.976744977229368
2024-11-18 12:00:00,6.99,9.18,rw_arma_3m,ARMA (3 Months),8.589223296836636,2.557515153145038,0.2287873099909349,1.5992232968366356,10.82920972200883,14.739531289567116,0.5492431648081302,3.83920972200883,9.1357531673556,4.604256655216592,0.3069747020537339,2.1457531673556005,15.11004308305195,65.93509967061982,1.1616656771175895,8.12004308305195,7.016018542405141,0.0006769645488881,0.003722252132352,0.0260185424051409,20.30470384882079,177.28133858180314,1.9048217237225733,13.31470384882079,8.222797754182034,1.5197903027162665,0.1763659161919934,1.232797754182034,8.129625860873599,1.298747102771891,0.1630366038445777,1.1396258608735987,8.081688247828257,1.1917832304463298,0.1561785762272184,1.091688247828257,6.473760234154173,0.2665034958405546,0.0738540437547678,0.5162397658458273,6.148178186327077,0.7086639659755698,0.120432305246484,0.8418218136729232,6.465725541681247,0.2748637076454217,0.0750034990441706,0.5242744583187529
2024-11-19 12:00:00,5.81,7.29,rw_arma_3m,ARMA (3 Months),5.142148513011553,0.4460256086726793,0.1149486208241732,0.6678514869884467,6.579972352161181,0.592857423092622,0.1325253618177592,0.7699723521611812,5.5427102708111216,0.0714437993298637,0.046005116899979,0.267289729188878,5.334784873481196,0.2258294164722827,0.0817926207433397,0.4752151265188038,5.246944929300149,0.3170310126408139,0.0969113718932617,0.5630550706998507,5.057730442539212,0.5659094870822495,0.1294784092015125,0.7522695574607878,5.481285316049915,0.108053343444404,0.0565773982702383,0.3287146839500847,5.493545737518047,0.1001433002429967,0.0544671708230555,0.3164542624819528,5.186693982849854,0.3885103910155776,0.1072815864285965,0.6233060171501457,4.525371084870938,1.6502714495856707,0.2211065258397697,1.284628915129062,4.321191004634407,2.216552224681504,0.2562493967927009,1.4888089953655923,7.498150501789278,2.8498521166913937,0.2905594667451426,1.6881505017892788
2024-11-20 12:00:00,5.46,6.75,rw_arma_3m,ARMA (3 Months),5.982084967903034,0.2725727137103117,0.0956199574913981,0.5220849679030337,6.304974071258413,0.7139811810990178,0.1547571559081342,0.8449740712584131,5.133523141653537,0.1065871390357763,0.059794296400451,0.3264768583464628,7.347753520810019,3.5636133553306237,0.3457424030787581,1.8877535208100191,6.665393921293682,1.4529745054917595,0.2207681174530553,1.2053939212936822,6.667619053178714,1.458343777600254,0.2211756507653322,1.207619053178714,5.734379225060855,0.0752839591449953,0.0502526053225009,0.274379225060855,5.756645143472409,0.087998341145766,0.054330612357584,0.2966451434724089,5.728107101275105,0.0718814177541395,0.0491038647024002,0.2681071012751053,5.688812266851104,0.0523550534615409,0.0419070085807883,0.2288122668511043,5.176803058281,0.0802005077989946,0.0518675717434065,0.2831969417189999,5.615375096058194,0.0241414204750929,0.0284569773000354,0.1553750960581936
2024-11-21 12:00:00,4.9,5.34,rw_arma_3m,ARMA (3 Months),5.275553498601036,0.1410404303114783,0.0766435711430685,0.375553498601036,4.321253479580784,0.3349475348973499,0.1181115347794318,0.5787465204192159,4.175295771966605,0.52519621812948,0.1478988220476317,0.7247042280333957,5.575836578252958,0.4567550805046664,0.137925832296522,0.6758365782529578,5.074551363528451,0.0304681785096414,0.0356227272507042,0.174551363528451,4.555406552694329,0.1187446439260064,0.070325193327688,0.3445934473056713,5.438999604673026,0.2905205738376781,0.1099999193210256,0.5389996046730259,5.463635798628564,0.317685313495659,0.1150277140058293,0.5636357986285638,5.779560730897442,0.773627079336842,0.1795021899790697,0.8795607308974418,4.3589906169044585,0.2926911525974187,0.1104100781827636,0.5410093830955418,4.354310787053841,0.2977767171257992,0.1113651454992162,0.5456892129461597,4.50884747861495,0.1530002949858825,0.0798270451806225,0.3911525213850506
2024-11-22 12:00:00,4.21,4.61,rw_arma_3m,ARMA (3 Months),5.080888005734756,0.7584459185326599,0.2068617590818897,0.8708880057347557,5.217416998006012,1.0148890078714454,0.239291448457485,1.007416998006012,5.40427054126457,1.42628212573237,0.2836747128894467,1.1942705412645704,7.114140240624207,8.434030537212825,0.6898195345900728,2.9041402406242067,6.301807063018636,4.375656788894651,0.4968662857526451,2.091807063018636,6.259969700094345,4.202375771304899,0.486928669856139,2.049969700094345,5.0484148100055775,0.7029393936366886,0.1991484109276906,0.8384148100055775,5.129781632775344,0.8459982519908771,0.218475447215046,0.9197816327753436,4.959661990605944,0.561993100159266,0.1780669811415543,0.7496619906059436,5.678880707765756,2.1576105336464275,0.3489027809419847,1.4688807077657555,4.803651340433454,0.352421913998437,0.1410098195803929,0.5936513404334542,4.86939648546747,0.4348037250468512,0.1566262435789714,0.6593964854674699
2024-11-23 12:00:00,4.23,4.87,rw_arma_3m,ARMA (3 Months),4.464460872612522,0.0549719007862249,0.0554281022724636,0.2344608726125212,4.363716052474162,0.0178799826892727,0.0316113599229696,0.1337160524741616,5.227773328356127,0.9955516147788632,0.2358802194695335,0.9977733283561268,5.470061127940529,1.5377516010291352,0.2931586590875953,1.2400611279405285,5.612732506223176,1.9119491837662232,0.3268871173104433,1.3827325062231752,3.4703114634599594,0.5771266725503492,0.1795953987092295,0.759688536540041,5.032080004530315,0.64333233366735,0.1896170223475921,0.8020800045303149,5.103302975676076,0.7626580873246885,0.2064546041787412,0.8733029756760757,5.269005183379777,1.0795317710900434,0.2456277029266611,1.0390051833797769,6.018204053706219,3.1976737376913524,0.422743275107853,1.7882040537062185,4.796601119428831,0.3210368285380041,0.1339482551841207,0.5666011194288307,4.948433759475576,0.5161470667542096,0.1698424963299233,0.7184337594755759
2024-11-24 12:00:00,15.62,28.2,rw_arma_3m,ARMA (3 Months),4.53092063411931,122.96768118280087,0.7099282564584308,11.08907936588069,5.1856625485162,108.8753980514374,0.6680113605303328,10.4343374514838,5.467414624394587,103.07498980895689,0.6499734555445207,10.152585375605412,6.64661646585652,80.52161205083733,0.5744803799067529,8.97338353414348,8.773102009240409,46.88001209586771,0.4383417407656588,6.84689799075959,5.95504638072484,93.41132846274,0.6187550332442484,9.66495361927516,6.151133826831884,89.65942660536741,0.6062014195370113,9.468866173168117,6.351652510256025,85.90226519064342,0.5933641158606898,9.268347489743974,6.870097199951053,76.5607990103044,0.5601730345741963,8.749902800048947,12.69279578547874,8.568524513511022,0.1874010380615403,2.927204214521259,8.626510950759021,48.908889081853474,0.447726571654352,6.993489049240978,8.412945278349962,51.94163776085809,0.4613991499135747,7.207054721650037
2024-11-25 12:00:00,10.2,13.37,rw_arma_3m,ARMA (3 Months),11.734676322873613,2.355231415988875,0.1504584630268248,1.534676322873613,13.891952369546384,13.630512298999168,0.3619561146614103,3.691952369546385,13.18479590005574,8.909006564989557,0.2926270490250726,2.98479590005574,29.27513352182245,363.86071887535456,1.8701111295904365,19.07513352182245,8.963553838087023,1.52879911130933,0.1212202119522525,1.2364461619129763,33.09076368559742,523.9870621098657,2.244192518195826,22.890763685597424,10.549658479390414,0.1222610522096173,0.0342802430774916,0.3496584793904151,10.427838216687418,0.051910252983303,0.0223370800673939,0.2278382166874184,10.511416181009848,0.0969800377947586,0.0305309981382204,0.3114161810098483,8.029493609152073,4.71109799271169,0.212794744200777,2.170506390847926,8.54152797369965,2.750529462020789,0.1625952966961127,1.65847202630035,9.029250526966544,1.3706543286081123,0.1147793601013191,1.170749473033455
2024-11-26 12:00:00,7.29,8.28,rw_arma_3m,ARMA (3 Months),6.489934197262269,0.6401052887103705,0.1097483954372745,0.8000658027377314,7.109730809266216,0.0324969811278135,0.0247282840512735,0.1802691907337843,7.384540255559697,0.0089378599212928,0.0129684849876127,0.0945402555596972,7.14689330569018,0.0204795259562842,0.019630547916299,0.1431066943098198,5.904054768770765,1.9208441839670585,0.1901159439271927,1.3859452312292353,7.519113845750501,0.0524931543145842,0.0314285110768862,0.2291138457505006,6.853484707079342,0.1905456009536082,0.0598786410042055,0.4365152929206584,7.565966269126997,0.0761573816958739,0.0378554552986277,0.2759662691269966,7.557434144688376,0.071521021745203,0.0366850678584877,0.2674341446883757,5.523334032919008,3.1211086392422165,0.2423410105735242,1.766665967080992,5.659230995409395,2.659407546333433,0.2236994519328676,1.6307690045906051,5.79597555757012,2.2321090345779133,0.204941624475978,1.49402444242988
2024-11-27 12:00:00,4.94,5.99,rw_arma_3m,ARMA (3 Months),7.292364628835961,5.533619346998547,0.4761871718291418,2.3523646288359608,8.955348687727902,16.123025084038183,0.8128236209975509,4.015348687727902,6.850223118929497,3.648952364092734,0.386684841888562,1.9102231189294967,5.531154358955305,0.3494634761118576,0.1196668742824503,0.591154358955305,5.823141028013519,0.7799380753607748,0.1787734874521293,0.8831410280135188,7.221259933256666,5.204146883082204,0.4617935087564099,2.281259933256665,6.5871414397512895,2.7130749225459496,0.3334294412452002,1.6471414397512891,6.933592275233238,3.974410159869637,0.4035611893184691,1.9935922752332376,6.993686446139017,4.217628019055103,0.4157260012427158,2.0536864461390163,6.447304241519894,2.271966076503861,0.3051223160971444,1.5073042415198934,4.887355744568275,0.0027714176299607,0.0106567318687703,0.0526442554317254,5.182896405627079,0.0589986638665543,0.0491693128799754,0.2428964056270786
2024-11-28 12:00:00,4.44,5.22,rw_arma_3m,ARMA (3 Months),5.212693092015352,0.597054614448244,0.1740299756791331,0.7726930920153512,4.600724060889469,0.0258322237488016,0.0361991128129433,0.1607240608894686,4.33554614682126,0.0109106074438858,0.0235256426078244,0.1044538531787404,4.949099851959127,0.2591826592648043,0.114662128819623,0.5090998519591263,6.212162890052925,3.140561308880734,0.3991357860479559,1.7721628900529245,6.309075275614118,3.4934423859119903,0.4209628999130895,1.8690752756141176,4.717505591408189,0.0770093532628086,0.0625012593261686,0.2775055914081887,5.096667409334325,0.431212086481853,0.1478980651653883,0.6566674093343243,5.07499397669789,0.4032173504425996,0.1430166614184435,0.6349939766978894,5.798374189249168,1.845180438018334,0.3059401327137765,1.358374189249168,5.517810024874873,1.161674449720773,0.2427500056024487,1.0778100248748723,5.5920325467919065,1.3271789888678454,0.2594667898179968,1.152032546791906
2024-11-29 12:00:00,3.59,4.01,rw_arma_3m,ARMA (3 Months),5.258824270612265,2.784974446184558,0.4648535572736114,1.668824270612265,5.388223349023057,3.233607212971698,0.500897868808651,1.7982233490230568,5.300936251133928,2.92730285544422,0.4765839139648825,1.710936251133928,3.640897811727288,0.0025905872386264,0.0141776634337849,0.050897811727288,3.363459806098792,0.0513204594527968,0.0631031180783309,0.2265401939012079,3.777375413974876,0.0351095457622561,0.0521937086280991,0.187375413974876,4.565818345371556,0.9522214431636824,0.2718156950895701,0.9758183453715564,4.785402085347262,1.4289861456525832,0.3329810822694324,1.1954020853472622,4.8660503527930405,1.6283045028632437,0.3554457807222955,1.276050352793041,2.948678231179328,0.4112936111632755,0.178641161231385,0.641321768820672,3.329402676069365,0.0679109652398082,0.0725897838246894,0.2605973239306349,3.4942025466721844,0.0091771520640949,0.0266845273893636,0.0957974533278154
2024-11-30 12:00:00,4.01,5.93,rw_arma_3m,ARMA (3 Months),4.169083031303414,0.0253074108486829,0.0396715788786568,0.1590830313034139,4.225646370030769,0.0465033569074474,0.0537771496336082,0.2156463700307691,4.5985606434115205,0.3464036309729832,0.1467732277834216,0.5885606434115207,4.9913957971550325,0.963137710673562,0.244737106522452,0.9813957971550328,4.613814535590748,0.3645919933906713,0.1505771909203861,0.6038145355907485,4.466335492409858,0.2082420816329475,0.1137993746658,0.4563354924098579,4.192294099372876,0.0332311386661679,0.0454598751553306,0.1822940993728758,3.8731975643333647,0.0187149064043238,0.0341153206151209,0.136802435666635,4.384350655023358,0.1401384129164171,0.0933542780606877,0.3743506550233579,4.362952356249848,0.1245753657823199,0.0880180439525806,0.3529523562498484,4.564578226032191,0.3075570087890124,0.138298809484337,0.5545782260321914,4.45344509883985,0.1966435556850848,0.1105848126782669,0.4434450988398506
2024-12-01 12:00:00,4.57,5.16,rw_arma_3m,ARMA (3 Months),4.577253850534129,5.261834757148152e-05,0.0015872758280369,0.0072538505341288,6.087199468042322,2.3018942258279047,0.3319911308626525,1.517199468042322,6.219815421717232,2.7218909257360084,0.3610099391066153,1.649815421717232,3.67483991905554,0.8013115705164925,0.195877479418919,0.8951600809444602,4.594906047048368,0.0006203111795754,0.0054499008858572,0.0249060470483675,4.0759419846301785,0.244093322551167,0.10810897491681,0.4940580153698217,7.341027584432341,7.678593873684934,0.6063517690223941,2.771027584432341,7.367132362510676,7.823949453404556,0.6120639742911763,2.797132362510676,7.166945801615547,6.744127496528616,0.5682594751893976,2.596945801615547,6.757156488872604,4.783653506817536,0.4785900413287972,2.187156488872604,6.066338560602204,2.2390290879450743,0.3274263808757556,1.4963385606022035,6.613324432881541,4.17517473801067,0.447116943737755,2.0433244328815405
2024-12-02 12:00:00,3.82,4.1,rw_arma_3m,ARMA (3 Months),6.090681476585435,5.155994368108213,0.5944192347082291,2.2706814765854357,5.46536502621754,2.707226069499848,0.4307238288527593,1.6453650262175403,5.085432505723217,1.60131942654094,0.3312650538542454,1.2654325057232172,3.738327911837365,0.0066703299848451,0.0213801277912656,0.0816720881626347,4.0075263319557575,0.035166125176781,0.0490906628156433,0.1875263319557576,4.087259784033397,0.071427792161578,0.0699632942495803,0.267259784033397,3.675769928793844,0.0208023134401328,0.0377565631429727,0.1442300712061559,3.72418551400781,0.0091804157259475,0.0250823261759659,0.0958144859921898,3.4777229498828066,0.1171535790369276,0.0896013220202076,0.3422770501171932,4.245587804806333,0.1811249795998736,0.1114104201063699,0.4255878048063333,4.088951731761632,0.0723350340175811,0.0704062125030451,0.2689517317616325,3.9459295269529258,0.0158582457585876,0.0329658447520748,0.1259295269529259
2024-12-03 12:00:00,3.04,3.28,rw_arma_3m,ARMA (3 Months),3.791432898666818,0.5646514011988166,0.2471818745614533,0.7514328986668182,4.481222965142305,2.077123635253576,0.4740865016915475,1.4412229651423043,3.736278629669378,0.4848039301342667,0.2290390229175585,0.6962786296693779,3.7158586518000014,0.4567849172129155,0.2223219249342109,0.6758586518000014,3.971374539212887,0.8674585322940179,0.3063732036884497,0.9313745392128872,3.9897088087311534,0.9019468213815464,0.3124042133984057,0.9497088087311534,3.8215429526600095,0.6108093868525258,0.2570864975855294,0.7815429526600095,3.613990921359544,0.3294655778031782,0.1888128030787973,0.573990921359544,3.653119358073267,0.3759153472441747,0.2016839993662061,0.6131193580732668,4.491543850352611,2.106979549496482,0.4774815297212534,1.4515438503526106,4.361130887615976,1.7453868222129754,0.4345825288210446,1.3211308876159755,3.899665343505373,0.7390245028242113,0.2827846524688727,0.8596653435053732
2024-12-04 12:00:00,2.5,2.89,rw_arma_3m,ARMA (3 Months),3.826271896868618,1.7589971444234815,0.5305087587474471,1.3262718968686178,3.116629225601844,0.3802316018663297,0.2466516902407375,0.616629225601844,2.590407993353205,0.0081736052621531,0.0361631973412819,0.0904079933532049,3.2902724975031323,0.6245306203098383,0.3161089990012529,0.7902724975031323,3.400488230143237,0.8108790526264995,0.3601952920572948,0.9004882301432371,2.6224599873590484,0.0149964485039782,0.0489839949436193,0.1224599873590484,2.8793807307074424,0.1439297388321129,0.1517522922829769,0.3793807307074424,2.773894052321753,0.0750179518972311,0.1095576209287012,0.273894052321753,2.892377430503711,0.1539600479686946,0.1569509722014844,0.3923774305037111,3.054333753477016,0.3072859102439172,0.2217335013908064,0.5543337534770161,3.4484613907626525,0.8995790097674249,0.3793845563050609,0.9484613907626523,2.952311051201888,0.2045852870393569,0.1809244204807552,0.4523110512018879
2024-12-05 12:00:00,2.4,3.02,rw_arma_3m,ARMA (3 Months),2.776714477375649,0.1419137974644083,0.1569643655731871,0.376714477375649,2.5449708316838646,0.0210165420391114,0.0604045132016103,0.1449708316838647,2.403110778554385,9.676943214421056e-06,0.0012961577309937,0.0031107785543849,2.570660016293985,0.0291248411614632,0.0711083401224937,0.170660016293985,3.4536667199709625,1.110213556774367,0.4390277999879011,1.0536667199709626,2.431899733316739,0.001017592985679,0.0132915555486412,0.031899733316739,2.6149199406892496,0.0461905809058706,0.0895499752871873,0.2149199406892497,2.623756515379984,0.0500669781749929,0.0932318814083266,0.2237565153799838,2.6151101250000868,0.0462723658775529,0.0896292187500362,0.2151101250000868,2.829226100904747,0.1842350456978921,0.1788442087103113,0.4292261009047471,3.047422356713597,0.4191557079725881,0.2697593152973321,0.647422356713597,2.8312948990171165,0.1860152899181848,0.1797062079237986,0.4312948990171166
2024-12-06 12:00:00,2.48,2.98,rw_arma_3m,ARMA (3 Months),2.826470186846386,0.1200415903733696,0.139705720502575,0.346470186846386,2.8334015132289365,0.1248926295525022,0.1425006101729583,0.3534015132289365,2.5323194770823645,0.002737327682172,0.0210965633396631,0.0523194770823645,3.279580190061258,0.6393284803383975,0.3224113669601847,0.799580190061258,3.0563663319773173,0.3321981486369872,0.2324057790231118,0.5763663319773173,2.1934360279838505,0.0821189100576725,0.1155499887161893,0.2865639720161494,2.4613832587460456,0.0003465830549166,0.0075067505056267,0.0186167412539544,2.393605664552874,0.0074639811973505,0.0348364255835185,0.0863943354471259,2.434976137240525,0.002027148217784,0.018154783370756,0.045023862759475,2.4262974074818056,0.0028839684431752,0.0216542711766913,0.0537025925181944,2.6423837401919044,0.0263684790787119,0.0654773145935098,0.1623837401919043,2.4382983714115136,0.001739025826932,0.016815172817938,0.0417016285884863
2024-12-07 12:00:00,3.62,5.14,rw_arma_3m,ARMA (3 Months),2.83775436152716,0.6119082389097811,0.2160899553792375,0.78224563847284,3.0067756764206384,0.3760440710293657,0.1693989844141883,0.6132243235793617,3.054831420955089,0.3194155227396438,0.1561239168632351,0.565168579044911,4.637417576846352,1.0351385256759027,0.2810545792393237,1.017417576846352,3.918924826065793,0.0893560516384646,0.0825759188027052,0.298924826065793,2.9917749577549224,0.3946667037038296,0.1735428293494689,0.6282250422450777,2.956790510249728,0.4398468272948162,0.1832070413674784,0.663209489750272,3.0687824263134886,0.3038408135408447,0.1522700479796992,0.5512175736865115,2.979437355644875,0.4103205013432302,0.176951006727935,0.6405626443551249,3.190329983417527,0.1846163231499825,0.1186933747465394,0.4296700165824729,3.253803747393666,0.134099695422922,0.1011591858028547,0.366196252606334,2.997731666047845,0.3872178794395911,0.1718973298210373,0.6222683339521553
2024-12-08 12:00:00,3.2,3.63,rw_arma_3m,ARMA (3 Months),3.4949598296892748,0.0870013011303258,0.0921749467778983,0.2949598296892746,4.147030289248528,0.8968663687541507,0.295946965390165,0.947030289248528,4.072344915189689,0.7609856510573048,0.2726077859967776,0.8723449151896885,3.027713418249997,0.0296826662511004,0.0538395567968759,0.172286581750003,3.1946008382234625,2.9150947889225228e-05,0.001687238055168,0.0053991617765376,4.147866489702516,0.8984508823009703,0.2962082780320363,0.9478664897025162,5.438898808973527,5.012667876823079,0.6996558778042272,2.238898808973527,5.166994287928841,3.869066528744686,0.6146857149777626,1.9669942879288405,5.336170740759753,4.563225433678072,0.6675533564874228,2.136170740759753,3.7607605648082143,0.3144524110440273,0.1752376765025669,0.5607605648082141,4.733874405746168,2.3527706926031606,0.4793357517956775,1.5338744057461682,4.003441211869788,0.6455177809307933,0.2510753787093087,0.8034412118697878
2024-12-09 12:00:00,2.74,3.17,rw_arma_3m,ARMA (3 Months),3.4355223161712014,0.4837512922921523,0.2538402613763508,0.6955223161712012,3.3933522137251835,0.4268691151795975,0.238449713038388,0.6533522137251833,3.2862898298101224,0.2984325781539723,0.199375850295665,0.5462898298101222,2.728553585282508,0.0001310204098848,0.0041775236195226,0.0114464147174921,3.2525068755232707,0.262663297458625,0.1870463049355001,0.5125068755232705,3.2633821676059647,0.2739288933679178,0.1910153896372133,0.5233821676059645,2.713319178650866,0.0007118662278644,0.00973752603983,0.0266808213491342,2.448248560586362,0.0851189023999297,0.1064786275232255,0.291751439413638,2.320525232435489,0.1759590806233006,0.1530929808629602,0.4194747675645112,2.824162154445649,0.0070832682409332,0.0307161147611856,0.0841621544456487,3.697261063043008,0.9163487428182282,0.34936535147555,0.9572610630430072,1.9489009810416704,0.6258376577968319,0.288722269692821,0.7910990189583298
2024-12-10 12:00:00,2.28,2.7,rw_arma_3m,ARMA (3 Months),2.9774667078095325,0.486459808502668,0.3059064507936547,0.6974667078095327,2.7456056270413804,0.2167885999325972,0.204212994316395,0.4656056270413806,2.560199784774792,0.0785119193878399,0.1228946424450843,0.2801997847747923,2.498438918959207,0.0477155613160671,0.0958065434031611,0.2184389189592073,2.4038839135942687,0.0153472240474322,0.0543350498220477,0.1238839135942688,2.442780373192245,0.0264974498966066,0.0713949005229146,0.1627803731922452,2.7955734541541446,0.265815986628436,0.2261287079623442,0.5155734541541448,2.6361981530606005,0.126877124243783,0.1562272601142985,0.3561981530606006,2.658409479002332,0.1431937337988163,0.1659690697378649,0.378409479002332,2.5853674601119825,0.0932492856952433,0.1339330965403433,0.3053674601119827,2.2351568349981825,0.0020109094473802,0.0196680548253584,0.0448431650018172,2.489058637748152,0.0437055140171131,0.0916923849772597,0.2090586377481522
2024-12-11 12:00:00,1.78,2.2,rw_arma_3m,ARMA (3 Months),2.5391125722846803,0.576251897400664,0.4264677372385844,0.7591125722846803,2.0452920853985788,0.0703798905751268,0.1490404974149318,0.2652920853985787,1.924529681221792,0.0208888287540726,0.081196450124602,0.1445296812217915,2.292755321565656,0.2629180197938992,0.2880647873964359,0.512755321565656,2.614665849368011,0.6966670801012232,0.4689133985213545,0.834665849368011,2.129726890680366,0.1223088980649567,0.1964757812811045,0.3497268906803661,2.2259723229434005,0.1988913128315327,0.250546248844607,0.4459723229434005,2.239403657318955,0.2110517203580318,0.2580919423140196,0.459403657318955,2.1064245300677182,0.1065529738299306,0.1833845674537742,0.3264245300677182,2.0739695128014444,0.0864180744567185,0.1651514116862046,0.2939695128014443,1.951170076799388,0.0292991951915083,0.0961629644940382,0.171170076799388,2.0831044326144625,0.0918722970705352,0.1702833891092486,0.3031044326144625
2024-12-12 12:00:00,1.56,1.84,rw_arma_3m,ARMA (3 Months),2.0837366954244025,0.2743001261340733,0.3357286509130785,0.5237366954244025,1.7474932326963226,0.0351537123069173,0.1201879696771298,0.1874932326963225,1.7393352322527762,0.0321611255271571,0.114958482213318,0.1793352322527761,2.4879652272990063,0.8611194630760962,0.5948495046788501,0.9279652272990062,2.1751538288991945,0.3784142332093394,0.3943293774994836,0.6151538288991945,1.81070006890406,0.0628505245485004,0.1607051723743973,0.2507000689040599,1.9633735504002807,0.1627102211625281,0.2585727887181289,0.4033735504002811,1.8855079877812948,0.1059554501094275,0.2086589665264709,0.3255079877812947,1.862396481504549,0.091443632026331,0.1938438984003519,0.302396481504549,1.666917583198846,0.0114313695970821,0.0685369123069525,0.106917583198846,2.242064817790751,0.4652124156679305,0.4372210370453532,0.6820648177907511,1.748759658019462,0.0356302084956242,0.1209997807817063,0.1887596580194619
2024-12-13 12:00:00,1.57,2.02,rw_arma_3m,ARMA (3 Months),1.887253815954764,0.1006499837378592,0.2020724942387031,0.317253815954764,1.820557817246596,0.0627792197833785,0.1595909663991056,0.2505578172465958,1.776581502909144,0.0426759173442006,0.1315805751013656,0.206581502909144,1.5315200811647345,0.0014807041535686,0.0245095024428443,0.0384799188352655,1.986814850114865,0.1737346192762773,0.2654871656782579,0.4168148501148649,1.5813712300392335,0.0001293048726051,0.0072428216810404,0.0113712300392334,1.777551296233691,0.0430775405682853,0.1321982778558541,0.2075512962336909,1.5720166855546185,4.067020626206624e-06,0.0012845130921136,0.0020166855546184,1.631445781195336,0.0037755840267051,0.0391374402518063,0.0614457811953359,1.492166985149877,0.0060579782006594,0.0495751686943459,0.0778330148501231,1.7348499308370715,0.0271754996969872,0.1049999559471792,0.1648499308370714,1.634860330254657,0.0042068624407431,0.0413123122641126,0.0648603302546568
2024-12-14 12:00:00,2.18,3.73,rw_arma_3m,ARMA (3 Months),1.864778684735088,0.0993644775973411,0.1445969336077578,0.3152213152649121,1.9314056335741188,0.0617991590186853,0.1140341130393951,0.2485943664258814,2.038678726667413,0.0199717022963438,0.0648262721709115,0.1413212733325872,2.0953982531943223,0.007157455562572,0.0388081407365494,0.0846017468056778,2.5796608476220984,0.159728793122014,0.183330664046834,0.3996608476220982,2.014398800245963,0.0274237573599764,0.0759638530981821,0.1656011997540369,1.982873056884012,0.0388590317022541,0.0904252032642149,0.1971269431159885,1.8692639193759604,0.0965569118015897,0.1425394865247888,0.3107360806240398,1.981363246250944,0.0394565599399631,0.0911177769491082,0.1986367537490561,2.2768746322181874,0.009384694367409,0.0444379046872418,0.0968746322181872,3.1594195460608336,0.9592626472060092,0.4492750211288226,0.9794195460608336,2.1178536845373257,0.0038621645255862,0.0285074841571901,0.0621463154626744
2024-12-15 12:00:00,4.07,6.2,rw_arma_3m,ARMA (3 Months),2.4839527760453914,2.5155457966141213,0.38969219261784,1.5860472239546088,2.4894103445358424,2.498263658960305,0.3883512666988102,1.580589655464158,2.542026874197756,2.3347018731738816,0.3754233724329838,1.5279731258022444,3.8285624641007816,0.0582920837410865,0.0593212618916999,0.2414375358992186,3.5312998771725046,0.2901978223343589,0.1323587525374682,0.5387001228274957,3.130882137562171,0.8819423595497974,0.2307414895424641,0.9391178624378292,2.813551719151892,1.5786622824461665,0.3087096513140314,1.256448280848108,2.7320438427432983,1.7901266787411207,0.3287361565741282,1.337956157256702,3.0280143358363176,1.0857341243226308,0.2560161337011505,1.0419856641636829,3.259877624089797,0.6562982639503926,0.1990472668084037,0.8101223759102032,3.311456396461904,0.5753883984685607,0.18637434976366,0.7585436035380964,3.2587577433284087,0.6581139990096164,0.1993224217866318,0.8112422566715916
2024-12-16 12:00:00,3.73,5.25,rw_arma_3m,ARMA (3 Months),3.5087503034725502,0.0489514282134886,0.0593162725274664,0.2212496965274497,3.648010098206429,0.0067223439961194,0.0219812069151664,0.081989901793571,3.626193220507069,0.010775847468694,0.0278302357889895,0.1038067794929311,3.081691033088269,0.4203045165781556,0.1738093745071664,0.6483089669117308,3.278007375403688,0.2042973326894628,0.1211776473448558,0.4519926245963122,5.172102148644298,2.079658607124502,0.3866225599582569,1.4421021486442984,3.380795103642137,0.1219440596403057,0.0936206156455396,0.3492048963578629,2.488027525079904,1.542495628459148,0.3329684919356825,1.2419724749200958,2.875872620450477,0.7295335804961349,0.2289885736057702,0.854127379549523,2.9119010752648875,0.6692858506527473,0.2193294704383679,0.8180989247351125,4.150860707123451,0.1771237348004513,0.1128312887730432,0.4208607071234511,2.969012062163287,0.5791026415329726,0.204018213897242,0.7609879378367128
2024-12-17 12:00:00,3.17,3.6,rw_arma_3m,ARMA (3 Months),3.1431471327075298,0.000721076481827,0.0084709360544069,0.0268528672924701,2.830568643410818,0.1152136458359724,0.107076137725294,0.339431356589182,2.8521385018890424,0.1010359319813422,0.1002717659656017,0.3178614981109575,2.0705412592425594,1.208809522627937,0.3468324103335775,1.0994587407574403,2.599321334554252,0.3256741391949398,0.1800248155980277,0.5706786654457479,3.2204736104439,0.0025475853512425,0.0159222745879811,0.0504736104439,3.0801709983995704,0.0080692495285299,0.0283372244796307,0.0898290016004295,2.678901671265118,0.2411775684861942,0.1549206084337167,0.491098328734882,2.938650775815312,0.053522463530857,0.0729808278185135,0.2313492241846879,2.261986233418634,0.8244890003012793,0.2864396740004309,0.908013766581366,2.7304865347087155,0.1931720861723531,0.1386477808489856,0.4395134652912844,2.2346302727472147,0.8749165266609498,0.295069314590784,0.9353697272527852
2024-12-18 12:00:00,3.73,5.08,rw_arma_3m,ARMA (3 Months),2.329748663308939,1.960703805905104,0.3754025031343327,1.4002513366910612,2.5783488111162125,1.3263004608574411,0.3087536699420342,1.1516511888837877,2.438216623137728,1.6687042927376952,0.3463226211427003,1.2917833768622722,5.722238420611997,3.9690139245625833,0.5341121771077739,1.9922384206119967,4.097662319016983,0.1351755808249459,0.0985689863316308,0.3676623190169832,4.908073876419743,1.3878580583026396,0.3158375003806281,1.178073876419743,2.5529252152262103,1.3855050489502634,0.3155696473924369,1.1770747847737897,2.423477390687192,1.707001328645548,0.3502741579927099,1.306522609312808,2.532706292799112,1.4335122213028464,0.3209902700270478,1.1972937072008882,3.8602250261036817,0.0169585574237045,0.0349128756310138,0.1302250261036817,3.965308021267469,0.0553698648728116,0.0630852603934233,0.2353080212674689,2.971545113790208,0.5752538144155088,0.2033391115843947,0.7584548862097922
2024-12-19 12:00:00,3.86,6.63,rw_arma_3m,ARMA (3 Months),2.706464439742162,1.3306442887793637,0.2988434093932222,1.1535355602578377,2.8721623216498986,0.975823278768118,0.2559164969818915,0.9878376783501012,2.938098885026398,0.8499016657895703,0.2388344857444564,0.9219011149736018,3.053536626096378,0.6503831734480129,0.2089283352081921,0.8064633739036218,3.1812845363830533,0.4606546805527667,0.1758330216624214,0.6787154636169466,3.1588518542679616,0.4916087222634756,0.1816445973399063,0.7011481457320383,3.404251644234665,0.2077065637828061,0.1180695222189986,0.4557483557653348,3.1760033265583543,0.4678514492792371,0.1772012107361776,0.6839966734416456,3.2721676242071656,0.3455469020302479,0.1522881802572109,0.5878323757928343,2.595632602159227,1.598624916722647,0.327556320684138,1.2643673978407728,2.4375817158200204,2.023273775169517,0.3685021461606164,1.4224182841799795,2.504084515613985,1.8385068007977607,0.351273441550781,1.3559154843860148
2024-12-20 12:00:00,3.64,4.07,rw_arma_3m,ARMA (3 Months),3.5668531311649145,0.0053504644203772,0.0200952936360125,0.0731468688350855,3.452164304386524,0.0352822485465983,0.0516032130806252,0.1878356956134759,3.775258690358441,0.0182949133174806,0.0371589808677035,0.1352586903584409,4.38216541101763,0.5508094973109678,0.2038915964334148,0.7421654110176301,3.296297243793172,0.1181315846241704,0.094423834122755,0.3437027562068282,4.337205802073507,0.4860959304449622,0.1915400555146997,0.697205802073507,3.42376949670802,0.0467556305539029,0.0594039844208736,0.21623050329198,3.298376381412602,0.1167066967767479,0.0938526424690653,0.341623618587398,3.365773975824893,0.0751999123348865,0.0753368198283261,0.2742260241751073,2.9009251022160547,0.5462317045343493,0.2030425543362487,0.7390748977839454,2.664826920052654,0.9509625358539928,0.2679046922932269,0.975173079947346,2.69903377891189,0.8854174292288379,0.2585072035956346,0.94096622108811
2024-12-21 12:00:00,3.72,4.5,rw_arma_3m,ARMA (3 Months),4.063315445230667,0.1178654949339308,0.0922890981802867,0.3433154452306666,3.978663079098327,0.0669065884886273,0.0695330857791201,0.2586630790983268,4.303665474333994,0.3406653859295259,0.1568993210575252,0.5836654743339937,4.228714911859565,0.2587908615482846,0.136751320392356,0.5087149118595646,4.672676069374334,0.9075916931585304,0.2560957175737456,0.9526760693743336,4.67652842910801,0.9149466356918364,0.2571312981473144,0.9565284291080096,3.7647507657727446,0.002002631037247,0.0120297757453613,0.0447507657727443,3.9603849545834033,0.0577849263900647,0.0646196114471513,0.2403849545834031,3.935379970028869,0.0463885314896364,0.0578978414056098,0.2153799700288687,4.281928255841668,0.3157633647132584,0.1510559827531364,0.5619282558416674,3.7335367728886113,0.0001832442202378,0.003638917443175,0.0135367728886111,3.912176696399384,0.0369318826389809,0.0516604022578988,0.1921766963993838
2024-12-22 12:00:00,5.04,6.76,rw_arma_3m,ARMA (3 Months),4.611399429639512,0.1836984489133356,0.085039795706446,0.428600570360488,3.766982297423394,1.6205740710734202,0.2525828774953583,1.273017702576606,4.499055499001366,0.2926209531606614,0.1073302581346496,0.5409445009986342,3.942286219256927,1.2049755444332513,0.2178003533220383,1.097713780743073,3.872928861135214,1.3620550431711482,0.2315617339017432,1.167071138864786,3.20523496909626,3.366362718627202,0.364040680734869,1.83476503090374,4.3211337404560695,0.5167686991106818,0.1426321943539544,0.7188662595439306,5.268836739848018,0.0523662535042693,0.0454041150492098,0.2288367398480177,5.006076058253885,0.0011508338235938,0.0067309408226419,0.0339239417461154,4.087626923599761,0.9070144766520548,0.1889629119841743,0.9523730764002388,4.062045762517788,0.956394490609415,0.1940385391829786,0.977954237482212,4.339072899269038,0.4912988005391125,0.1390728374466195,0.7009271007309623
2024-12-23 12:00:00,4.14,4.78,rw_arma_3m,ARMA (3 Months),5.109492326458567,0.9399153710620456,0.2341768904489293,0.9694923264585676,5.011371534977241,0.7592883519685932,0.2104762161780775,0.8713715349772411,5.013793500257048,0.7635150810914643,0.2110612319461469,0.8737935002570483,3.4353540896905383,0.4965258589158494,0.1702043261617056,0.7046459103094613,4.067219391078813,0.0052970170349387,0.0175798572273398,0.0727806089211871,6.129926178581136,3.959806196202524,0.4806584972418203,1.989926178581136,4.0061077810413614,0.0179271262976679,0.0323411156904923,0.1338922189586382,4.167601973707184,0.000761868952532,0.0066671434075323,0.0276019737071839,3.786630392056645,0.1248700798180401,0.0853549777640953,0.3533696079433546,3.8217690729118217,0.1012709229554012,0.0768673736927966,0.318230927088178,3.792415455153405,0.1208150158162145,0.083957619528163,0.3475845448465948,3.710085197371453,0.1848267375191424,0.1038441552242867,0.4299148026285468
2024-12-24 12:00:00,2.89,3.46,rw_arma_3m,ARMA (3 Months),3.814571236579389,0.8548319715099401,0.3199208431070549,0.9245712365793888,3.751083676854744,0.7414650985456853,0.2979528293615031,0.8610836768547441,3.6204845800049,0.5336077216249349,0.2527628304515224,0.7304845800048998,2.3306538369683887,0.312868130098186,0.1935453851320454,0.5593461630316114,2.740410980596111,0.022376874726217,0.0517609063681276,0.1495890194038889,7.137479066796728,18.041078422876407,1.469715940068072,4.247479066796728,3.361395653902331,0.2222138625180059,0.1631126830111871,0.4713956539023307,3.7434413276534046,0.7283620997468058,0.2953084178731503,0.8534413276534045,3.710139064809683,0.6726280856269009,0.2837851435327622,0.8201390648096827,2.9150442141933093,0.0006272126645603,0.0086658180599685,0.0250442141933091,2.846731263932187,0.001872183520906,0.0149718809923229,0.0432687360678132,3.003134001243677,0.0127993022374042,0.0391467132331061,0.1131340012436767
2024-12-25 12:00:00,2.65,3.3,rw_arma_3m,ARMA (3 Months),2.5505784174344264,0.0098846510798431,0.0375175783266315,0.0994215825655735,2.89846085244435,0.061732795197373,0.0937588122431509,0.2484608524443499,2.6663747101934656,0.0002681311339199,0.0061791359220625,0.0163747101934657,2.457595707144918,0.037019411909064,0.0726053935302195,0.1924042928550817,2.7221956214349325,0.0052122077543761,0.0272436307301632,0.0721956214349326,2.602381448719425,0.0022675264260607,0.0179692646341792,0.0476185512805749,2.6604898819368814,0.0001100376230497,0.0039584460139175,0.0104898819368814,2.967361430797784,0.1007182777580167,0.1197590304897298,0.3173614307977841,2.5966761791796515,0.0028434298668806,0.0201221965359805,0.0533238208203483,2.285140010333824,0.1331228120592021,0.1376830149683683,0.3648599896661761,2.2122104416450954,0.1916596974045823,0.165203606926379,0.4377895583549045,2.2672703168095167,0.1464820103950876,0.1444262955435785,0.3827296831904831
2024-12-26 12:00:00,2.38,2.66,rw_arma_3m,ARMA (3 Months),2.2820095721652964,0.0096021239472282,0.0411724486700434,0.0979904278347034,2.611373446095018,0.0535336715578843,0.097215733653369,0.2313734460950183,2.5641518138825083,0.033911890556218,0.0773747117153396,0.1841518138825084,2.6148388551823176,0.0551492879033416,0.0986717878917301,0.2348388551823177,2.6309417953432264,0.0629717846500817,0.1054377291358094,0.2509417953432264,2.633687350082083,0.0643572715916693,0.1065913235639004,0.2536873500820831,2.6340058894767457,0.0645189918888728,0.1067251636456915,0.2540058894767458,2.788991466730246,0.1672740198581578,0.1718451540883386,0.4089914667302459,2.619128773854787,0.0571825704852938,0.100474274728902,0.2391287738547869,2.625474061528853,0.0602575148834712,0.1031403619869131,0.2454740615288533,2.4229762732385347,0.0018469600614732,0.0180572576632499,0.0429762732385348,2.3713492901532134,7.483478085328906e-05,0.0036347520364649,0.0086507098467865
2024-12-27 12:00:00,1.85,2.18,rw_arma_3m,ARMA (3 Months),2.4026075220472585,0.3053750734232112,0.2987067686741937,0.5526075220472584,2.595558025549642,0.5558567694614804,0.4030043381349416,0.7455580255496419,2.641766025818696,0.6268934396407321,0.4279816355776735,0.791766025818696,2.1385132265025266,0.0832398818668981,0.1559530954067711,0.2885132265025265,1.64366806349357,0.0425728680224934,0.1115307764899621,0.20633193650643,2.1544538782845333,0.0926921640024933,0.1645696639375855,0.3044538782845332,2.3449435622150463,0.2449691297781193,0.2675370606567817,0.4949435622150462,2.422659049316437,0.3279383867640054,0.3095454320629389,0.572659049316437,2.3371065589160285,0.2372727997390142,0.2633008426573126,0.4871065589160284,2.2639413301213187,0.1713474247826064,0.2237520703358479,0.4139413301213186,2.2236818365237205,0.1396381149477405,0.2019901819047137,0.3736818365237204,2.160881130133267,0.0966470770729372,0.1680438541260902,0.310881130133267
2024-12-28 12:00:00,1.56,1.8,rw_arma_3m,ARMA (3 Months),1.997608337203968,0.1915010567904216,0.2805181648743383,0.4376083372039678,2.2136326992422046,0.4272357055186502,0.4189953200270542,0.6536326992422046,2.5002044160464134,0.8839843439531772,0.6026951384912906,0.9402044160464134,1.627663435841756,0.0045783405499114,0.043373997334459,0.067663435841756,1.6402755936728834,0.0064441709395338,0.0514587138928739,0.0802755936728834,1.494224667255356,0.0043263943976686,0.0421636748363102,0.0657753327446439,2.1634756488594773,0.3641828587663671,0.386843364653511,0.6034756488594772,2.231722596431979,0.4512112465573191,0.4305914079692172,0.6717225964319788,2.254977408534919,0.4829935983739116,0.4454983388044352,0.694977408534919,1.6956311829140422,0.0183958177786623,0.0869430659705398,0.1356311829140422,2.026949231889392,0.2180415851620929,0.299326430698328,0.4669492318893917,1.7699238845537448,0.0440680373061339,0.1345665926626569,0.2099238845537447
2024-12-29 12:00:00,1.49,2.08,rw_arma_3m,ARMA (3 Months),1.936111095788828,0.1990151097859087,0.299403419992502,0.4461110957888279,2.103539704797086,0.3764309693624955,0.4117716139577759,0.6135397047970861,1.9796281936927944,0.2397357680588686,0.3286095259683184,0.4896281936927944,2.3959073941250244,0.8206682067303923,0.6079915396812244,0.9059073941250244,1.820322877356456,0.109113203305048,0.2216932062795004,0.3303228773564557,1.6907148414015758,0.0402864475588597,0.1347079472493797,0.2007148414015758,1.9454443088694784,0.2074295184815968,0.3056673213889117,0.4554443088694784,2.287258318850728,0.6356208269766892,0.5350726972152537,0.7972583188507281,2.3664404258139893,0.7681478200010069,0.588215050881872,0.8764404258139893,1.9802027672069973,0.2402987529773978,0.3289951457765084,0.4902027672069975,2.883592900655464,1.9421011727573103,0.9352972487620564,1.3935929006554642,2.756878347447108,1.604980747230315,0.8502539244611462,1.266878347447108
2024-12-30 12:00:00,1.56,2.0,rw_arma_3m,ARMA (3 Months),1.610077766769969,0.0025077827246674,0.0321011325448519,0.050077766769969,1.7575189008751568,0.03901371620293,0.1266146800481774,0.1975189008751567,1.6706707336805056,0.0122480112933813,0.070942778000324,0.1106707336805055,1.980280845775038,0.1766359893253812,0.2694107985737423,0.420280845775038,1.3204287884051669,0.0573943654250163,0.1535712894838674,0.2395712115948332,1.2189871124335527,0.1162897894864064,0.2185980048502867,0.3410128875664473,1.4562708569846372,0.0107597351107015,0.0664930403944633,0.1037291430153628,1.3687115206014926,0.0365912823505932,0.1226208201272483,0.1912884793985074,1.3276959654859155,0.0539651644515209,0.1489128426372336,0.2323040345140845,1.425703990225951,0.0180354182412314,0.0860871857525955,0.1342960097740491,2.115225423159649,0.308275270522811,0.3559137327946466,0.5552254231596487,2.068936959046752,0.2590168282837554,0.3262416404145846,0.5089369590467521
2024-12-31 12:00:00,3.27,4.98,rw_arma_3m,ARMA (3 Months),1.595427120889075,2.804194327453853,0.5121017978932493,1.6745728791109251,1.7057133331766208,2.446992776001398,0.4783751274689233,1.5642866668233792,1.4910652559479798,3.164608823595427,0.544016741300312,1.7789347440520202,1.9999242028702469,1.613092530454778,0.3884023844433495,1.2700757971297532,1.7378363192135964,2.3475255447209404,0.4685515843383497,1.5321636807864036,1.8215094641461105,2.098124832458288,0.4429634666219845,1.4484905358538895,1.5203040964206145,3.061435755002482,0.5350751998713718,1.7496959035793855,1.4240428361027724,3.4075578509434963,0.5645128941581736,1.845957163897228,1.518674594874905,3.0671406746365784,0.5355735183868792,1.751325405125095,1.517029433886896,3.0729058056588965,0.5360766257226618,1.752970566113104,2.143300113810969,1.2694526335383751,0.3445565401189697,1.126699886189031,2.075206236082757,1.4275321382955326,0.3653803559379948,1.194793763917243
2025-01-01 12:00:00,11.93,19.17,rw_arma_3m,ARMA (3 Months),3.266211485393692,75.06123142582418,0.7262186516853569,8.663788514606308,3.0047794867251056,79.65956121058296,0.7481324822527153,8.925220513274894,2.453375936933164,89.8064036326974,0.7943523942218639,9.476624063066836,4.320646474753488,57.90226107218152,0.6378334891237646,7.609353525246512,4.62008496361065,53.43485783923111,0.6127338672581182,7.309915036389349,10.96164627441778,0.9377089378489664,0.0811696333262548,0.9683537255822204,3.4542053655539005,71.8390946853053,0.710460572878969,8.4757946344461,2.980551611150126,80.0926264646876,0.7501633184283214,8.949448388849873,3.040913179236351,79.01586450707399,0.7451036731570535,8.889086820763648,4.315260708879552,57.98425447173354,0.638284936388973,7.614739291120448,3.916053840494942,64.22333304744585,0.6717473729677332,8.013946159505057,4.123596987023345,60.939928001011,0.6543506297549585,7.806403012976655
2025-01-02 12:00:00,7.06,9.05,rw_arma_3m,ARMA (3 Months),9.1179197926999,4.235033873185998,0.2914900556232152,2.0579197926999,8.933416847244668,3.5096906835401547,0.2653564939440041,1.8734168472446688,8.857573617798932,3.231270911406744,0.2546138268837015,1.7975736177989328,2.8928086416822305,17.365483816838292,0.5902537334727719,4.167191358317769,12.418593182592408,28.71452089652584,0.7590075329451004,5.358593182592409,22.15272744194335,227.79042163678997,2.1377800909268205,15.092727441943351,11.043257168197064,15.866337667993296,0.5642007320392443,3.983257168197064,9.411317488609194,5.528693932239451,0.3330478029191494,2.3513174886091948,9.147191745210453,4.356369381274657,0.2956362245340585,2.087191745210453,3.1671652277127507,15.154162564328717,0.5513930272361542,3.892834772287249,3.293111903116494,14.189445934442638,0.5335535547993634,3.7668880968835055,3.459205683950845,12.965719706491898,0.5100275235197103,3.6007943160491545
2025-01-03 12:00:00,4.78,5.98,rw_arma_3m,ARMA (3 Months),3.0088488723011952,3.136976317148749,0.3705337087235993,1.771151127698805,5.120798912869601,0.1161438990131017,0.0712968436965691,0.3407989128696007,4.489864758559355,0.0841784583258216,0.0606977492553651,0.2901352414406455,14.050683735098142,85.94557691621324,1.9394735847485651,9.270683735098142,11.098785874064191,39.92705492227316,1.321921730975772,6.318785874064191,7.531855501809301,7.572708702838118,0.5757019878262135,2.7518555018093007,5.410279785498362,0.3972526080078614,0.1318576957109544,0.6302797854983622,4.092844107962718,0.4721832199615527,0.1437564627693058,0.687155892037282,4.388712540715473,0.1531058757933404,0.0818593011055495,0.391287459284527,7.490987112390473,7.349451123547236,0.5671521155628605,2.710987112390473,4.534948371305116,0.0600503007260152,0.0512660311077162,0.2450516286948838,5.343807405556581,0.3178787905604429,0.1179513400745985,0.5638074055565809
2025-01-04 12:00:00,3.23,3.59,rw_arma_3m,ARMA (3 Months),2.9592763791761145,0.0732912788719949,0.083815362484175,0.2707236208238854,4.442234610220669,1.4695127502168566,0.3753048328856559,1.2122346102206687,3.4594877821597403,0.0526646421605964,0.0710488489658638,0.2294877821597403,2.519592581520245,0.5046787002310695,0.2199403772383142,0.7104074184797549,2.962529525084339,0.0715404549516091,0.082808196568316,0.2674704749156609,1.8173197887786936,1.9956653791762748,0.4373622944957605,1.4126802112213064,3.8902343331645817,0.4359093746892798,0.2044069142924401,0.6602343331645817,4.05548035066386,0.6814178093321291,0.2555666720321548,0.8254803506638599,4.459780047890292,1.512358966189049,0.3807368569319789,1.229780047890292,3.302455848857342,0.0052498500336379,0.0224321513490222,0.0724558488573419,2.553120320815049,0.4581661000935221,0.2095602721934832,0.676879679184951,3.5943236945859875,0.1327317544367839,0.1127937134941138,0.3643236945859875
2025-01-05 12:00:00,3.14,4.24,rw_arma_3m,ARMA (3 Months),2.6142445418351987,0.2764188017900802,0.1674380440015291,0.5257554581648014,3.079860554648581,0.0036167528871763,0.0191526896023628,0.0601394453514192,2.448776467039329,0.4777899725186319,0.2201348831084939,0.6912235329606711,3.928547782261806,0.6218076049100124,0.2511298669623585,0.7885477822618059,4.421410259833616,1.6420122540068545,0.4080924394374572,1.2814102598336157,4.887965920158198,3.055384858034495,0.5566770446363687,1.747965920158198,3.0270826910656727,0.0127503186569703,0.0359609264122061,0.1129173089343273,3.3369304686713783,0.0387816094911286,0.0627167097679548,0.1969304686713782,3.798014069352758,0.432982515466176,0.2095586208129802,0.6580140693527579,4.554821403983017,2.001719605168476,0.4505800649627443,1.4148214039830171,4.153197548265212,1.0265692718106372,0.3226743784284115,1.0131975482652122,3.993989244160038,0.7292976291410328,0.2719710968662541,0.8539892441600379
2025-01-06 12:00:00,6.58,12.24,rw_arma_3m,ARMA (3 Months),2.361836418104318,17.792904003631012,0.6410582951209244,4.218163581895682,3.3319472182942103,10.54984687274672,0.4936250428124301,3.24805278170579,3.740263783409732,8.064101779814411,0.4315708535851471,2.839736216590268,3.052934263749024,12.44019270783564,0.5360282273937653,3.527065736250976,3.0029162780554617,12.795527953800592,0.5436297449763736,3.5770837219445384,2.725187138176218,14.859582199682055,0.5858378209458636,3.854812861823782,2.5277945873013925,16.420368706703893,0.6158366888599708,4.052205412698608,2.7414007304839827,14.734844351928905,0.583373749166568,3.838599269516018,2.647707880034615,15.462921316741864,0.5976127841892682,3.932292119965385,4.351947222767386,4.964219178133965,0.3386098445642271,2.228052777232614,3.8839718834275896,7.268567605348979,0.4097307168043177,2.6960281165724105,3.7734544618138153,7.876697857912782,0.4265266775358943,2.806545538186185
2025-01-07 12:00:00,5.3,6.3,rw_arma_3m,ARMA (3 Months),5.665994397142854,0.1339518987399613,0.0690555466307272,0.3659943971428543,6.160640905834954,0.7407027687964098,0.1623850765726328,0.8606409058349538,6.684936512386041,1.9180491433400104,0.2613087759218945,1.3849365123860409,7.386784091311637,4.354667843751335,0.39373284741729,2.086784091311637,9.203644989007827,15.238444200205922,0.7365367903788355,3.903644989007828,13.712947536630708,70.77768625410069,1.5873485918171146,8.412947536630707,5.4947978727152895,0.0379462112144022,0.0367543156066584,0.1947978727152897,6.448921822049223,1.3200213531809064,0.2167777022734383,1.148921822049223,6.071549768381007,0.5952890450887857,0.1455754279964164,0.7715497683810071,5.5387851189914645,0.0570183330517679,0.0450537960361254,0.2387851189914647,5.54087784752188,0.0580221374267742,0.0454486504758265,0.2408778475218804,5.125363593671189,0.0304978744154416,0.0329502653450586,0.174636406328811
2025-01-08 12:00:00,3.49,4.08,rw_arma_3m,ARMA (3 Months),4.077018393444387,0.344590594242029,0.1682001127347813,0.5870183934443869,4.274289447678792,0.6151099377403046,0.2247247701085364,0.784289447678792,5.881353878854767,5.7185733739137365,0.6852016844856064,2.3913538788547664,3.1475235631801928,0.1172901097767915,0.0981307841890565,0.3424764368198074,4.261927275098832,0.5958717180415071,0.2211826003148514,0.7719272750988315,4.377667204853766,0.7879530665728969,0.2543459039695603,0.8876672048537655,4.472380757430365,0.965071952569457,0.2814844577164369,0.9823807574303648,5.171531702995504,2.8275488681789605,0.4818142415459897,1.681531702995504,4.621722941494375,1.28079681630468,0.3242759144683022,1.1317229414943748,5.166077558316953,2.809235981493719,0.480251449374485,1.676077558316953,4.78200124726338,1.6692672229301284,0.3702009304479597,1.2920012472633795,4.3322888534482376,0.7094505126431463,0.2413435110166869,0.8422888534482373
2025-01-09 12:00:00,2.15,2.79,rw_arma_3m,ARMA (3 Months),1.9597925765123023,0.0361788639498283,0.0884685690640453,0.1902074234876976,3.500198789367321,1.8230367708089796,0.6279994369150331,1.350198789367321,3.6940495068863775,2.384088879716065,0.7181625613425012,1.5440495068863775,2.9674969701463643,0.6683012961984858,0.3802311489052857,0.8174969701463644,2.9930372057231898,0.7107117302335639,0.3921103282433441,0.8430372057231899,2.9521608572434905,0.6434620408936117,0.3730980731365073,0.8021608572434906,2.776225807989253,0.3921587625917929,0.29126781766942,0.6262258079892531,2.8782735218909954,0.5303823226875143,0.3387318706469746,0.7282735218909955,3.073073270873232,0.8520642634006069,0.4293364050573172,0.923073270873232,3.8025693622878594,2.7309854971725023,0.7686369126920277,1.6525693622878594,3.8232649040854287,2.7998154392440195,0.778262746086246,1.6732649040854288,3.45358226287718,1.6993267160879892,0.6063173315707815,1.30358226287718
2025-01-10 12:00:00,1.98,2.43,rw_arma_3m,ARMA (3 Months),1.8646136627619383,0.0133140068212157,0.0582759278980109,0.1153863372380616,2.7071279907224106,0.5287151148920101,0.3672363589507124,0.7271279907224106,2.122619391628306,0.0203402908684281,0.0720299957718717,0.142619391628306,1.795318335841878,0.0341073170762133,0.0932735677566272,0.1846816641581219,2.5176274364297027,0.289043260401974,0.2715290082978296,0.5376274364297027,1.551190693216672,0.1838774215839983,0.2165703569612768,0.428809306783328,1.8924240995131885,0.0076695383460759,0.0442302527711169,0.0875759004868115,2.04451412728325,0.0041620726191193,0.032582892567298,0.0645141272832501,2.1073610422943667,0.0162208350943074,0.0643237587345286,0.1273610422943667,2.083783383835245,0.0107709907602937,0.0524158504218408,0.1037833838352448,2.32730985760455,0.1206241371892929,0.175409018992197,0.3473098576045501,2.074259129159531,0.0088847834299131,0.047605620787642,0.0942591291595311
2025-01-11 12:00:00,1.76,3.03,rw_arma_3m,ARMA (3 Months),1.9627079939560608,0.0410905308136903,0.1151749965659436,0.2027079939560607,2.4702156287429418,0.504406239310732,0.4035316072403078,0.7102156287429418,1.879966404036557,0.0143919380974624,0.0681627295662255,0.1199664040365569,2.5955179087530924,0.6980901758471408,0.4747260845188025,0.8355179087530924,2.218042100028867,0.2098025653988546,0.2602511931982199,0.458042100028867,2.1944597924037703,0.1887553112155272,0.2468521547748695,0.4344597924037703,2.0112553809538376,0.063129266458258,0.1427587391783168,0.2512553809538376,2.0329639024996697,0.0745092920678492,0.1550931264202669,0.2729639024996697,2.3184446130115592,0.3118603858016301,0.3172980755747495,0.5584446130115592,2.347866503838044,0.3455870263347649,0.3340150589988886,0.587866503838044,2.823200193701153,1.130394651886169,0.6040910191483823,1.0632001937011528,2.6305972954443986,0.7579396508351014,0.4946575542297719,0.8705972954443986
2025-01-12 12:00:00,2.05,2.53,rw_arma_3m,ARMA (3 Months),1.811938040555152,0.0566734965347203,0.1161277850950477,0.2380619594448478,2.016280187011361,0.0011370257879887,0.0164486892627505,0.0337198129886386,1.960542606675836,0.0080026252203541,0.0436377528410555,0.0894573933241638,1.461259761761693,0.3466150681208984,0.2871903601162472,0.5887402382383069,2.0095621682982805,0.0016352182327365,0.0197257715618143,0.0404378317017193,1.2121149145877486,0.7020514163562956,0.4087244319084153,0.8378850854122513,1.9787695401016168,0.0050737784173351,0.0347465658040893,0.071230459898383,2.123055895984024,0.0053371639380285,0.0356370224312312,0.0730558959840239,2.39047734709137,0.1159248238823773,0.1660865107762781,0.3404773470913702,1.349534783180678,0.4906515199737394,0.3416903496679618,0.7004652168193217,1.428291112004684,0.3865219414123722,0.303272628290398,0.6217088879953159,1.7174914161960464,0.1105619583033107,0.1621993091726602,0.3325085838039534
2025-01-13 12:00:00,1.68,2.08,rw_arma_3m,ARMA (3 Months),2.241008714372021,0.3147307776013479,0.3339337585547744,0.561008714372021,2.374293459337186,0.4820434076783966,0.4132699162721345,0.6942934593371859,2.530020423157206,0.7225347197843558,0.5059645375935751,0.8500204231572062,1.977327852727773,0.0884038520077083,0.1769808647189126,0.2973278527277732,2.4351484007331177,0.5702491071297854,0.4494930956744749,0.7551484007331177,2.732381005996265,1.1075057817817109,0.6264172654739674,1.052381005996265,1.831427580387906,0.0229303121021357,0.0901354645166108,0.1514275803879061,2.31115705806512,0.3983592319454173,0.3756887250387619,0.63115705806512,2.2548086907997127,0.3304050310188798,0.3421480302379243,0.5748086907997128,1.975087538326452,0.0870766552755652,0.1756473442419357,0.2950875383264519,2.2905106482758533,0.3727232516582027,0.3633991954022936,0.6105106482758533,2.501430124942803,0.6747474501635488,0.4889465029421446,0.8214301249428029
2025-01-14 12:00:00,1.6,1.94,rw_arma_3m,ARMA (3 Months),1.6940005687502364,0.0088361069253679,0.0587503554688977,0.0940005687502363,1.803785482344969,0.0415285228145716,0.1273659264656056,0.2037854823449689,2.0569854688394504,0.2088357187304122,0.2856159180246564,0.4569854688394503,2.04211047081293,0.1954616684024306,0.2763190442580812,0.44211047081293,1.6056292828280463,3.168882515813583e-05,0.0035183017675288,0.0056292828280462,1.5325990563506244,0.0045428872048263,0.0421255897808597,0.0674009436493756,1.5984763077069557,2.3216382038828634e-06,0.0009523076831527,0.0015236922930443,1.8135886853848324,0.0456201265244208,0.1334929283655202,0.2135886853848323,1.8050104903911803,0.0420293011704322,0.1281315564944876,0.2050104903911802,2.029445201719283,0.1844231812797155,0.2684032510745518,0.4294452017192829,2.2645493357057664,0.4416258195869753,0.4153433348161039,0.6645493357057664,2.3243537318908767,0.5246883289042399,0.4527210824317978,0.7243537318908766
2025-01-15 12:00:00,1.21,1.65,rw_arma_3m,ARMA (3 Months),1.6672616883831592,0.2090882516630174,0.3779022218042638,0.4572616883831593,1.8272644887412108,0.3810154490609484,0.5101359411084387,0.6172644887412109,1.8422764530409568,0.3997735130700538,0.5225425231743449,0.6322764530409573,1.5073525617991077,0.0884185460084922,0.2457459188422378,0.2973525617991077,1.4897472219772596,0.0782585082039941,0.2311960512208757,0.2797472219772596,1.566680681572472,0.1272211086070032,0.294777422787167,0.3566806815724721,1.6107138270135788,0.1605715711598683,0.3311684520773378,0.4007138270135788,2.0614421227948005,0.7249536884693163,0.7036711758634716,0.8514421227948006,1.909670372172197,0.4895386296955807,0.5782399770018157,0.6996703721721971,1.761739832572513,0.3044168428471448,0.4559833327045563,0.5517398325725131,2.055442637609818,0.7147732534886462,0.6987129236444778,0.8454426376098181,2.1421257050482545,0.8688583300117056,0.7703518223539294,0.9321257050482544
2025-01-16 12:00:00,1.18,1.48,rw_arma_3m,ARMA (3 Months),1.3194470053584608,0.0194454673034426,0.1181754282698821,0.1394470053584608,1.371398842181703,0.0366335167884964,0.1622024086285618,0.191398842181703,1.1365656975681904,0.0018865386277378,0.0368087308744148,0.0434343024318095,1.2035522647383818,0.0005547091743068,0.0199595463884592,0.0235522647383819,1.0581756909172415,0.0148411622834914,0.1032409399006427,0.1218243090827584,1.2201982936209248,0.001615902810034,0.0340663505262075,0.0401982936209248,1.2731239952699238,0.0086720784950328,0.0789186400592575,0.0931239952699238,1.1209915495287306,0.0034819972270202,0.0500071614163299,0.0590084504712693,1.218271808181876,0.0014647313015103,0.0324337357473525,0.038271808181876,1.3017308925356998,0.0148184101975381,0.1031617733353389,0.1217308925356999,1.287022266638438,0.0114537655564289,0.0906968361342696,0.1070222666384381,1.5751355442582633,0.156132098336274,0.3348606307273418,0.3951355442582633
2025-01-17 12:00:00,1.13,1.29,rw_arma_3m,ARMA (3 Months),1.412321783075942,0.0797055891991793,0.2498422859079134,0.2823217830759421,1.3939657966439087,0.0696779417978534,0.233598050127353,0.2639657966439088,1.147040552452271,0.0002903804278786,0.0150801349135143,0.0170405524522712,1.1760108537432326,0.0021169986621811,0.0407175696842766,0.0460108537432326,1.168796673614,0.0015051818835112,0.0343333394814161,0.0387966736140001,1.1889236185430736,0.0034719928222096,0.0521447951708616,0.0589236185430737,1.34938764348721,0.0481309381148712,0.1941483570683276,0.2193876434872101,1.160877636460086,0.0009534284333612,0.0273253420000761,0.030877636460086,1.307853544869455,0.0316318834226313,0.1573925175835886,0.1778535448694551,1.1171282176652308,0.0001656827804736,0.0113909578183796,0.012871782334769,1.1702422324887896,0.0016194372756817,0.0356125951228227,0.0402422324887896,1.3056757978096167,0.0308619859360453,0.1554653077961211,0.1756757978096168
2025-01-18 12:00:00,1.3,1.68,rw_arma_3m,ARMA (3 Months),1.3572236470372232,0.0032745457802406,0.0440181900286332,0.0572236470372231,1.2890149613691182,0.0001206710737219,0.0084500297160629,0.0109850386308818,1.180468744627653,0.0142877210108892,0.09194711951719,0.1195312553723471,1.1279786742803335,0.0295913365023516,0.1323240967074358,0.1720213257196665,1.1053115177567432,0.0379036051181829,0.1497603709563514,0.1946884822432568,1.0955651363105898,0.0417936134917077,0.1572575874533924,0.2044348636894102,1.3031246024239866,9.763140307982936e-06,0.0024035403261435,0.0031246024239866,1.1955559701789622,0.0109085553652578,0.0803415614007983,0.1044440298210378,1.2828748614629166,0.0002932703699142,0.0131731834900641,0.0171251385370834,1.0406856101010926,0.0672439528086425,0.1994726076145441,0.2593143898989074,1.1316812083747303,0.0283312156141909,0.1294759935578998,0.1683187916252697,1.1740850266522034,0.0158545805131763,0.0968576718059974,0.1259149733477966
2025-01-19 12:00:00,2.11,4.34,rw_arma_3m,ARMA (3 Months),1.6641369112732076,0.1987938938889954,0.2113095207235982,0.4458630887267922,1.4338296209818453,0.4572063814615548,0.3204598952692676,0.6761703790181546,1.499400346214622,0.3728319372028234,0.2893837221731649,0.610599653785378,1.4502355527646054,0.4352891258358257,0.3126845721494761,0.6597644472353945,1.7700571833584438,0.1155611185861946,0.1611103396405479,0.3399428166415561,1.6440455366244546,0.2171135619395923,0.2208314992301162,0.4659544633755452,1.6502838129978377,0.2113389725918069,0.2178749701432048,0.4597161870021622,1.6720110997811546,0.1918342767149136,0.2075776778288366,0.4379889002188453,1.7250888117947751,0.1481566228055579,0.1824223640783056,0.3849111882052247,1.4258110874466254,0.468114468060969,0.3242601481295614,0.6841889125533744,1.5718536281806137,0.289601517502369,0.2550456738480503,0.5381463718193862,1.5682913660961997,0.2934482440459214,0.2567339497174408,0.5417086339038002
2025-01-20 12:00:00,1.75,2.17,rw_arma_3m,ARMA (3 Months),2.2348105655510766,0.2350412844699547,0.2770346088863294,0.4848105655510766,2.13702524922537,0.1497885435379598,0.22115728527164,0.38702524922537,2.133740905656423,0.1472570826740118,0.2192805175179561,0.3837409056564231,1.85737097966683,0.0115285272746148,0.0613548455239029,0.10737097966683,2.4217976648827904,0.4513121025419699,0.383884379933023,0.6717976648827904,2.740881600044176,0.9818463453061064,0.5662180571681006,0.990881600044176,1.9842211806985663,0.0548595614878304,0.133840674684895,0.2342211806985663,2.3200825447188507,0.3249941077931204,0.3257614541250575,0.5700825447188507,1.99238326900682,0.0587496490944324,0.1385047251467542,0.2423832690068199,1.584431986647609,0.0274127670454574,0.0946102933442233,0.1655680133523909,1.708805509073437,0.0016969860826986,0.023539709100893,0.0411944909265629,1.7502881542483255,8.303287082804067e-08,0.0001646595704717,0.0002881542483255
2025-01-21 12:00:00,1.6,1.9,rw_arma_3m,ARMA (3 Months),1.7089825995249437,0.0118772069992142,0.0681141247030897,0.1089825995249436,1.608577539670983,7.357418680728454e-05,0.0053609622943642,0.0085775396709828,1.6877086365553704,0.007692804926402,0.0548178978471064,0.0877086365553703,1.7266606146261922,0.0160429112974847,0.0791628841413701,0.1266606146261921,1.696187694181439,0.009252072511942,0.0601173088633993,0.096187694181439,1.800791862733356,0.0403173721399308,0.1254949142083473,0.2007918627333558,1.5848929518761314,0.0002282229030168,0.0094419050774179,0.0151070481238686,1.7251895185405492,0.0156724155524145,0.0782434490878432,0.1251895185405491,1.6236373035917906,0.0005587221210904,0.014773314744869,0.0236373035917905,1.6511388590490774,0.0026151829048413,0.0319617869056733,0.0511388590490773,1.6649563617932934,0.0042193289374212,0.0405977261208083,0.0649563617932933,1.673549156614588,0.0054094784387171,0.0459682228841173,0.0735491566145878
2025-01-22 12:00:00,1.36,1.53,rw_arma_3m,ARMA (3 Months),1.5248426285605436,0.0271730921907493,0.1212078151180467,0.1648426285605435,1.5722758249760005,0.0450610258692415,0.1560851654235296,0.2122758249760004,1.5677746415748477,0.0431703016815563,0.1527754717462114,0.2077746415748476,1.5818346116869642,0.0492105949423061,0.1631136850639441,0.221834611686964,1.6651897682507608,0.093140794644953,0.2244042413608534,0.3051897682507607,1.6416946371176466,0.0793518685808425,0.2071284096453283,0.2816946371176465,1.5616694109170932,0.0406705512996473,0.1482863315566861,0.2016694109170931,1.6848758735688665,0.105544333227134,0.238879318800637,0.3248758735688664,1.618065385925796,0.06659774341303,0.1897539602395558,0.258065385925796,1.5305411755900935,0.029084292571651,0.1253979232280098,0.1705411755900934,1.677738523594236,0.1009577693758447,0.2336312673487028,0.3177385235942358,1.5327429144096734,0.0298401144787477,0.1270168488306421,0.1727429144096732
2025-01-23 12:00:00,1.6,2.29,rw_arma_3m,ARMA (3 Months),1.522135927561728,0.0060628137766724,0.0486650452739199,0.0778640724382719,1.3978639285634131,0.0408589913758169,0.1263350446478668,0.2021360714365869,1.2591209176113112,0.1161985488101545,0.2130494264929305,0.3408790823886889,1.635436618800867,0.0012557539520379,0.0221478867505418,0.035436618800867,1.854453739392144,0.0647467054906451,0.15903358712009,0.254453739392144,1.6870193116263292,0.0075723605959201,0.0543870697664557,0.0870193116263291,1.3884739477886752,0.0447432707641081,0.132203782632078,0.2115260522113249,1.2548686751026998,0.1191156314253658,0.2157070780608126,0.3451313248973002,1.262469997878926,0.1139265023318522,0.2109562513256713,0.3375300021210741,1.6801563651513003,0.0064250428742685,0.0500977282195626,0.0801563651513002,1.7478714652691316,0.0218659702408399,0.0924196657932072,0.1478714652691315,1.6062792225061575,3.94286352818339e-05,0.0039245140663483,0.0062792225061574
2025-01-24 12:00:00,2.38,4.87,rw_arma_3m,ARMA (3 Months),1.7967536953828578,0.3401762518495521,0.2450614725282109,0.5832463046171421,1.6976344364200422,0.4656227623597933,0.2867082199915788,0.6823655635799577,1.5463130253922603,0.6950339716306058,0.3502886447931679,0.8336869746077396,1.7915809039993271,0.3462370325382489,0.2472349142859969,0.5884190960006728,2.111310638317798,0.072193973081189,0.1128946897824376,0.2686893616822017,1.8316317862483,0.30070769785323,0.2304068125007142,0.5483682137516999,1.581008898675056,0.6383867799964469,0.3357105467751866,0.798991101324944,1.6412217105616516,0.5457933609454519,0.3104110459824993,0.7387782894383483,1.5537353339792586,0.6827132983143672,0.3471700277398073,0.8262646660207413,1.7604768645547233,0.3838089153519465,0.2603038384223851,0.6195231354452766,1.7885494029452216,0.3498138087564537,0.2485086542246967,0.5914505970547783,1.661532455474922,0.5161956125358947,0.301877119548352,0.7184675445250779
2025-01-25 12:00:00,2.26,3.19,rw_arma_3m,ARMA (3 Months),2.352414186488183,0.0085403818642727,0.0408912329593731,0.0924141864881833,2.2681047768429647,6.568740767426099e-05,0.0035861844437898,0.0081047768429649,2.429600673490956,0.0287643884485859,0.0750445457924585,0.1696006734909563,2.2339122370777136,0.0006805713742894,0.0115432579302151,0.0260877629222862,2.230484010111046,0.0008711936591248,0.0130601725172362,0.0295159898889538,3.1405715164357875,0.7754061955580227,0.3896334143521184,0.8805715164357877,2.503073772994354,0.0590848591177108,0.1075547668116611,0.2430737729943541,2.368601724705354,0.0117943346089775,0.0480538604890947,0.1086017247053541,2.306763215769723,0.0021867983491256,0.0206916883936828,0.0467632157697233,2.182254246948637,0.0060444021175234,0.0344007756864437,0.0777457530513627,1.9414386147589744,0.101481356166681,0.1409563651508962,0.3185613852410254,1.9318493116790592,0.1076828742455071,0.1451994196110357,0.3281506883209406
2025-01-26 12:00:00,2.15,3.16,rw_arma_3m,ARMA (3 Months),1.9926578762355576,0.024756543910705,0.0731823831462522,0.1573421237644423,2.0075149235558696,0.0203019970092896,0.0662721285786652,0.1424850764441303,2.3033255618197512,0.0235087279073423,0.0713142147998843,0.1533255618197513,1.9069233787658493,0.0590862437906107,0.1130588935972793,0.2430766212341506,1.893032639706184,0.0660322242563717,0.1195197024622399,0.2569673602938158,1.887392110823435,0.0689629034577709,0.1221432042681697,0.2626078891765648,2.3653676702923025,0.0463832334071339,0.1001710094382803,0.2153676702923026,2.376708722493548,0.0513968448546565,0.1054459174388595,0.226708722493548,2.440524766839246,0.0844046401469981,0.1351277985298818,0.2905247668392459,2.3485580749482287,0.0394253091271464,0.0923525929991761,0.1985580749482287,1.8995333639376133,0.0627335357804079,0.1164961097964587,0.2504666360623864,2.204105644673225,0.0029274207855052,0.0251654161270813,0.0541056446732248
2025-01-27 12:00:00,6.21,18.0,rw_arma_3m,ARMA (3 Months),1.9170865868851423,18.429105572501456,0.6912904046883829,4.292913413114857,2.030246302659126,17.470340970434705,0.6730682282352454,4.179753697340874,2.085480847359365,17.011658240499425,0.6641737765926949,4.124519152640636,2.4786491595971367,13.922979094175156,0.6008616490181744,3.7313508404028632,2.504374216001144,13.731662451037137,0.5967191278581089,3.705625783998856,2.851861153742187,11.277096510745755,0.5407630992363628,3.358138846257813,1.887633914170208,18.682848579931555,0.69603318612396,4.322366085829792,1.8570608684518004,18.94807908296359,0.7009563818918195,4.352939131548199,1.823014694864148,19.245640067477904,0.706438857509799,4.386985305135852,2.5467573016348903,13.41934706712529,0.5898941543261046,3.6632426983651096,2.3467584585178263,14.924635207833562,0.622100087195197,3.8632415414821737,2.456901626160681,14.085747403715342,0.6043636672849145,3.753098373839319
2025-01-28 12:00:00,4.78,6.67,rw_arma_3m,ARMA (3 Months),6.041900126188367,1.5923919284742167,0.2639958422988215,1.261900126188367,5.438503258344643,0.4336265412505117,0.1377621879382098,0.6585032583446431,5.160611026508783,0.1448647535000693,0.0796257377633436,0.3806110265087827,4.17519146943792,0.3657933586406622,0.126528981289138,0.6048085305620798,7.788234230221036,9.049473183873548,0.6293377050671622,3.008234230221036,4.860208365029192,0.006433381820656,0.0167799926839312,0.0802083650291916,7.146670755453443,5.601130464718571,0.495119404906578,2.366670755453443,5.81917424461072,1.0798831106622608,0.2174004695838326,1.0391742446107202,5.515805858406086,0.5414102612647168,0.1539342800012731,0.7358058584060858,2.784074477682992,3.9837186906364233,0.4175576406520938,1.9959255223170085,2.7147005308796643,4.265461897148741,0.4320710186444217,2.065299469120336,2.873774661666716,3.6336950405038433,0.3987919117852058,1.906225338333284
2025-01-29 12:00:00,5.86,16.48,rw_arma_3m,ARMA (3 Months),2.667340606821513,10.193074000850828,0.5448224220441105,3.1926593931784875,3.344161196338356,6.329444886009654,0.4293240279286082,2.5158388036616444,3.2678220858712903,6.71938633849667,0.4423511798854453,2.59217791412871,5.822718271243257,0.0013899272990913,0.0063620697537104,0.037281728756743,6.475960239036185,0.379407016073514,0.1051126687775059,0.6159602390361849,6.9687787033645625,1.2293902130347998,0.1892113828267171,1.1087787033645622,3.845177651569468,4.059509095735126,0.3438263393226164,2.0148223484305325,3.370912778474446,6.195555196361804,0.4247589115231321,2.4890872215255544,3.3885125570293506,6.1082501807616,0.4217555363431142,2.4714874429706497,4.728907153641291,1.2793710270838463,0.1930192570578001,1.131092846358709,3.6862421081780328,4.725223372258284,0.3709484457034074,2.1737578918219675,3.917208388213567,3.7744392468277272,0.3315344047417121,1.9427916117864328
2025-01-30 12:00:00,4.92,5.77,rw_arma_3m,ARMA (3 Months),4.06546542941837,0.7302293323191309,0.1736858883295996,0.8545345705816301,5.068403651821783,0.022023643874041,0.0301633438662161,0.1484036518217832,5.4857742974012655,0.3201005555998957,0.1149947758945661,0.5657742974012656,4.04257439020448,0.7698757007250393,0.1783385385763251,0.8774256097955195,4.447404586402957,0.2233464249529601,0.0960559783733827,0.4725954135970429,4.772297231469228,0.0218161078316548,0.0300208879127585,0.1477027685307721,5.51956695673982,0.3594805356142493,0.1218632025893943,0.5995669567398201,5.025778340827564,0.0111890573882323,0.0214996627698301,0.1057783408275643,5.348813741439474,0.1838812248473202,0.0871572645202183,0.4288137414394741,3.26116748690216,2.751725306510496,0.337161079897935,1.65883251309784,2.8613844096989784,4.237898148630423,0.4184178029067117,2.058615590301021,2.96848105968718,3.808426174399672,0.3966501911204919,1.95151894031282
2025-01-31 12:00:00,3.53,4.58,rw_arma_3m,ARMA (3 Months),2.9544956825104816,0.3312052194490762,0.1630323845579372,0.5755043174895182,3.4818062196873654,0.0023226404608224,0.0136526289837491,0.0481937803126344,3.936830798879897,0.1655112989172553,0.1152495180962881,0.4068307988798971,4.469492398448198,0.8826459667419476,0.2661451553677615,0.939492398448198,5.247839787433478,2.950973535289499,0.4866401664117503,1.7178397874334783,5.88088984108299,5.526683044907205,0.6659744592303088,2.35088984108299,4.74370964145194,1.4730910937533983,0.3438270938957339,1.2137096414519406,4.054901194551252,0.2755212640413311,0.1486972222524792,0.5249011945512518,4.232861317346654,0.4940140314222735,0.1991108547724231,0.7028613173466538,3.7634477622643896,0.054497857706251,0.0661325105564843,0.2334477622643898,3.54546369470973,0.0002391258540757,0.0043806500594136,0.0154636947097301,3.569493446156642,0.0015597322893275,0.0111879450868674,0.039493446156642
2025-02-01 12:00:00,3.37,4.51,rw_arma_3m,ARMA (3 Months),2.7541183303206624,0.3793102310470088,0.1827542046526224,0.6158816696793377,3.117127871489668,0.0639443133773459,0.0750362399140451,0.2528721285103321,3.806017004400312,0.1901108281262215,0.1293819004155227,0.4360170044003117,3.1543844411603628,0.0464900692137291,0.0639808779939576,0.2156155588396373,3.289798506304504,0.0064322795909887,0.0237986628176546,0.0802014936954962,3.07844768530183,0.0850027522058607,0.0865140399697833,0.29155231469817,3.0323727781914336,0.1139921409061709,0.1001861192310286,0.3376272218085665,3.2300686352884296,0.0195807868300425,0.0415226601518013,0.1399313647115705,3.03317800272747,0.1134490578466561,0.0999471801995637,0.3368219972725299,3.286529712432745,0.0069672889065602,0.0247686313255949,0.083470287567255,2.906739442172856,0.2146103444383166,0.1374660408982623,0.463260557827144,2.763800524714546,0.3674778038363601,0.1798811499363365,0.6061994752854543
2025-02-02 12:00:00,3.48,4.27,rw_arma_3m,ARMA (3 Months),2.917264951551183,0.3166707347526923,0.1617054736921887,0.5627350484488169,3.190481950343593,0.0838207010768498,0.0831948418552894,0.2895180496564071,3.9519833120401793,0.2227682468444172,0.1356273885172929,0.4719833120401793,3.2667933902037314,0.0454570584608183,0.0612662671828358,0.2132066097962686,3.5376056847601336,0.0033184149166838,0.0165533576896935,0.0576056847601336,3.501705540555082,0.0004711304907883,0.0062372242974373,0.0217055405550818,3.1053053459969746,0.1403960837384469,0.1076708775870762,0.3746946540030254,3.718061563298281,0.0566733079200214,0.0684084952006554,0.238061563298281,3.5917064322032246,0.0124783269955736,0.0320995494836852,0.1117064322032246,3.43376926784528,0.0021372805955614,0.013284693147908,0.0462307321547199,3.584872918706836,0.0109983290780905,0.0301358961801252,0.1048729187068358,3.4463107351812483,0.0011349665640279,0.0096808232237792,0.0336892648187516
2025-02-03 12:00:00,2.85,3.32,rw_arma_3m,ARMA (3 Months),2.995176344264788,0.0210761709340882,0.0509390681630835,0.1451763442647879,3.3009307831000867,0.2033385711472573,0.1582213274035391,0.4509307831000866,3.937879501190869,1.1834818091112935,0.3817121056810066,1.0878795011908688,2.977440529596711,0.0162410885838901,0.0447159752970915,0.1274405295967109,2.68127951041229,0.0284666036067165,0.0592001717851613,0.1687204895877099,3.2542874101854715,0.1634483100344756,0.141855231644025,0.4042874101854714,4.201885954126806,1.827595632965344,0.474345948816423,1.3518859541268058,3.685808774818996,0.6985763080644307,0.293266236778595,0.8358087748189957,3.730696221844492,0.7756258351711627,0.3090162181910498,0.880696221844492,2.727370301907596,0.0150380428542342,0.0430279642429488,0.1226296980924042,3.3203283513218262,0.2212087580571071,0.1650274916918688,0.4703283513218261,4.268189270988782,2.011260808347693,0.4976102705223796,1.418189270988782
2025-02-04 12:00:00,2.83,3.9,rw_arma_3m,ARMA (3 Months),2.4630124475901574,0.134679863623767,0.1296775803568348,0.3669875524098427,2.727854482765103,0.0104337066911846,0.0360938223444866,0.1021455172348972,3.099036104064805,0.0723804252903686,0.0950657611536413,0.269036104064805,2.546334067569117,0.0804663612218824,0.1002353118130329,0.2836659324308832,2.829908653803177,8.34412767403539e-09,3.2277808064681983e-05,9.134619682305e-05,3.018211779855621,0.0354236740764207,0.0665059292776045,0.1882117798556208,2.453201388983155,0.1419771932642237,0.1331443855183198,0.3767986110168451,2.601253697156714,0.0523248710644723,0.0808290822767795,0.2287463028432861,2.5746200697505297,0.0652189087742243,0.0902402580386821,0.2553799302494703,2.428046747705686,0.1615664170299765,0.142032951340747,0.4019532522943141,2.623345312312216,0.0427061599433355,0.0730228578402063,0.2066546876877839,3.2503402009974733,0.1766858845745962,0.1485301063595311,0.4203402009974732
2025-02-05 12:00:00,2.93,6.57,rw_arma_3m,ARMA (3 Months),2.6120514801519445,0.1010912612735694,0.1085148531904626,0.3179485198480556,2.826644348477936,0.0106823907015503,0.0352749663897829,0.1033556515220639,3.0488329105791983,0.0141212606367236,0.040557307364914,0.118832910579198,2.7868096919326693,0.0205034643244171,0.0488704123096692,0.1431903080673309,2.656027013768812,0.0750611971844349,0.0935061386454567,0.2739729862311884,3.028163781246811,0.0096361279486717,0.0335029970125634,0.0981637812468108,2.8507382772226246,0.0062824206976375,0.0270517825178756,0.0792617227773755,2.8780388007648203,0.002699966225958,0.0177341976911876,0.0519611992351798,2.859968318686521,0.0049044363875927,0.0239015977179109,0.0700316813134791,2.335590810266144,0.3533222848400597,0.2028700306258895,0.5944091897338564,2.6629978053117447,0.071290171968345,0.0911270289038414,0.2670021946882555,3.018145218688379,0.0077695795776221,0.0300836923851122,0.0881452186883788
2025-02-06 12:00:00,2.67,3.2,rw_arma_3m,ARMA (3 Months),2.6660930252118424,1.5264451995298274e-05,0.0014632864375121,0.0039069747881574,2.8819320944274,0.0449152126483844,0.0793753162649438,0.2119320944274001,2.614072081987065,0.0031279320132615,0.0209467857726348,0.055927918012935,2.9864005613124527,0.1001093151988351,0.118502082888559,0.3164005613124527,2.696269840284982,0.0006901045085984,0.0098388914925026,0.0262698402849821,3.2734220644276424,0.3641181878381179,0.2260007731938735,0.6034220644276425,2.6932314914604087,0.000539702195475,0.0087009331312392,0.0232314914604088,2.589101631139155,0.0065445460843453,0.0302990145546235,0.0808983688608449,2.663911407786968,3.70709551365944e-05,0.0022803716153678,0.006088592213032,2.4046618653481744,0.0704043257005103,0.0993775785212829,0.2653381346518255,2.667386835251049,6.8286300051607936e-06,0.0009787133891202,0.0026131647489511,3.170528470374768,0.2505287496557051,0.1874638465823101,0.5005284703747681
2025-02-07 12:00:00,2.8,3.5,rw_arma_3m,ARMA (3 Months),2.432839705390133,0.1348066819380042,0.131128676646381,0.3671602946098669,2.650783327509222,0.02226561534922,0.0532916687467063,0.1492166724907777,2.5257840501774464,0.0751943871370851,0.097934267793769,0.2742159498225534,3.275982782625749,0.2265596093561512,0.1699938509377676,0.4759827826257492,3.258217268272551,0.2099630649431591,0.163649024383054,0.4582172682725511,3.035311003043053,0.0553712681531277,0.0840396439439475,0.2353110030430532,2.3658454851239945,0.1884901427872195,0.1550551838842876,0.4341545148760053,2.457099337811566,0.1175808641292662,0.1224645222101548,0.3429006621884336,2.5230110591978776,0.0767228733266815,0.0989246217150436,0.2769889408021222,2.7896741279308808,0.0001066236339878,0.0036878114532568,0.010325872069119,3.162979173938385,0.1317538807129925,0.129635419263709,0.3629791739383852,3.353874244010449,0.3067766781781466,0.1978122300037318,0.5538742440104492
2025-02-08 12:00:00,3.08,3.93,rw_arma_3m,ARMA (3 Months),2.626151008968965,0.2059789066598887,0.1473535685165699,0.4538489910310352,2.804203191796144,0.0760638794154345,0.0895444182480051,0.275796808203856,2.7034937927853435,0.1417569240711658,0.1222422750696936,0.3765062072146565,3.346868367667159,0.0712187256613339,0.0866455739179087,0.266868367667159,3.047996047495625,0.0010242529759022,0.0103908936702516,0.0320039525043749,2.9998163296192346,0.0064294209957312,0.0260336592145342,0.0801836703807654,2.680459350384272,0.1596327306953582,0.1297209901349767,0.3995406496157283,2.6658838225813746,0.1714922083998145,0.1344533043566965,0.4141161774186255,2.767612079386757,0.0975862129450659,0.1014246495497542,0.3123879206132431,2.936409034183116,0.0206183654642255,0.0466204434470402,0.1435909658168839,3.3106758337383324,0.0532113402708747,0.0748947512137442,0.2306758337383323,3.580607185845119,0.2506075545197694,0.1625348005990645,0.5006071858451189
2025-02-09 12:00:00,2.79,3.24,rw_arma_3m,ARMA (3 Months),2.819689620040734,0.0008814735381631,0.0106414408748151,0.0296896200407341,3.000311867990851,0.0442310818178011,0.0753805978461831,0.2103118679908511,3.140010854538622,0.1225075982948562,0.1254519191894701,0.3500108545386218,2.956606162348207,0.0277576133323971,0.0597154703757014,0.1666061623482071,2.794059520273927,1.6479704854423244e-05,0.0014550251877874,0.0040595202739268,2.8999960280241,0.0120991261810785,0.0394250996502149,0.1099960280240996,2.9203497600136066,0.0169910599356048,0.0467203440908984,0.1303497600136065,3.2506616005882933,0.2122091102565682,0.1651116847986714,0.4606616005882933,3.4426933484726723,0.4260086071404692,0.233940268269775,0.6526933484726722,2.369393454070643,0.1769098664786243,0.1507550343832821,0.4206065459293571,2.796978456969941,4.86988616813202e-05,0.0025012390573265,0.0069784569699411,3.0449482077038126,0.0649985886113863,0.091379285915345,0.2549482077038125
2025-02-10 12:00:00,2.43,2.81,rw_arma_3m,ARMA (3 Months),2.511817489681002,0.0066941016177008,0.0336697488399185,0.081817489681002,2.7258564892103085,0.0875310622078493,0.1217516416503326,0.2958564892103084,2.885376200354629,0.2073674838494189,0.1873976133146619,0.4553762003546286,2.529446470701019,0.0098896005348886,0.0409244735395139,0.0994464707010189,2.575544036583913,0.0211830665851393,0.0598946652608695,0.1455440365839129,2.635674787435206,0.042302118186517,0.0846398302202492,0.2056747874352056,2.612677766399129,0.0333711663365747,0.0751760355551971,0.182677766399129,2.857603540491851,0.1828447878411658,0.1759685351818316,0.4276035404918508,2.8005852072663715,0.1373333958446594,0.1525042005211404,0.3705852072663713,1.9567216219277035,0.2239924231507437,0.1947647646388052,0.4732783780722966,2.7136434857016773,0.0804536269809975,0.1167257142805255,0.2836434857016772,3.233471475591052,0.6455664120884623,0.3306466977740954,0.8034714755910519
2025-02-11 12:00:00,2.28,3.0,rw_arma_3m,ARMA (3 Months),2.282169556381686,4.706974893316037e-06,0.0009515598165291,0.0021695563816863,2.438284209515442,0.0250538909819283,0.0694228989102815,0.1582842095154419,2.7210929047689163,0.1945629506374804,0.193461800337244,0.4410929047689165,2.332876486432047,0.0027959228173984,0.0231914414175644,0.052876486432047,2.39326647884168,0.0128292952291927,0.0496782801937192,0.1132664788416799,2.48922217791086,0.0437739197297636,0.0917641131187983,0.2092221779108602,2.288063721341134,6.502360186746493e-05,0.0035367198864624,0.0080637213411343,2.287477921089534,5.591930382129971e-05,0.00327978995155,0.0074779210895341,2.3931586589856195,0.0128048821034237,0.0496309907831665,0.1131586589856197,2.032433826998405,0.0612890100146555,0.1085816548252608,0.2475661730015947,2.432779219920694,0.0233414900395758,0.0670084297897782,0.1527792199206943,3.0397094671531404,0.5771584744821088,0.3332059066461143,0.7597094671531406
2025-02-12 12:00:00,2.0,2.34,rw_arma_3m,ARMA (3 Months),2.138987007259318,0.0193173881869016,0.0694935036296588,0.1389870072593177,2.345029455232457,0.1190453249780059,0.1725147276162284,0.3450294552324568,2.273945886559666,0.0750463487629614,0.136972943279833,0.273945886559666,1.9078312291483992,0.0084950823202948,0.0460843854258004,0.0921687708516008,1.9881260895747817,0.0001409897487861,0.0059369552126091,0.0118739104252183,1.9629834830041173,0.0013702225305064,0.0185082584979412,0.0370165169958824,2.1733696312065285,0.0300570290246876,0.0866848156032642,0.1733696312065284,2.3259481691207475,0.1062422089531674,0.1629740845603737,0.3259481691207475,2.41737489013893,0.1742017989184837,0.2086874450694649,0.4173748901389298,1.711816259536228,0.0830498682676906,0.1440918702318859,0.2881837404637719,2.189535223503308,0.0359236009484489,0.094767611751654,0.1895352235033081,2.436794874824359,0.1907897626728275,0.2183974374121795,0.4367948748243591
2025-02-13 12:00:00,1.69,2.1,rw_arma_3m,ARMA (3 Months),2.309541558050066,0.3838317421511034,0.3665926378994474,0.619541558050066,2.090042752498657,0.1600342038267019,0.2367116878690279,0.4000427524986572,2.0693072333003584,0.1438739772339725,0.2244421498818689,0.3793072333003584,1.8765027267277323,0.0347832670768792,0.1103566430341611,0.1865027267277323,2.0301845726929515,0.115725543498286,0.2012926465638766,0.3401845726929515,2.034143589905213,0.1184348104728474,0.2036352602989426,0.344143589905213,1.9000717523583293,0.0441301411388992,0.1243028120463487,0.2100717523583293,1.892942528794048,0.0411856699933228,0.1200843365645252,0.2029425287940476,1.9670255415721816,0.0767431506833605,0.1639204388001074,0.2770255415721816,1.6606146092979486,0.0008635011867122,0.0173878051491428,0.0293853907020513,1.9515260375633856,0.0683958683236054,0.1547491346528909,0.2615260375633856,2.364354845007463,0.4547544569850397,0.3990265355073747,0.6743548450074632
2025-02-14 12:00:00,1.46,1.69,rw_arma_3m,ARMA (3 Months),1.85978172766116,0.1598254297717418,0.2738231011377808,0.3997817276611599,1.8205209505272333,0.1299753557690599,0.2469321578953654,0.3605209505272335,1.6962760864807134,0.0558263890426415,0.1618329359456941,0.2362760864807134,1.610289946021057,0.0225870678750122,0.1029383191925047,0.1502899460210569,1.727228278310899,0.0714109527290073,0.1830330673362322,0.267228278310899,1.4610932222738655,1.1951349400757551e-06,0.0007487823793599,0.0010932222738655,1.6136888001225405,0.0236202472831062,0.1052663014537948,0.1536888001225405,1.7089063136607727,0.0619543529801949,0.1704837764799813,0.2489063136607727,1.7933525453910988,0.1111239195187245,0.22832366122678,0.3333525453910988,1.5094048538130682,0.0024408395802906,0.0338389409678549,0.0494048538130682,1.7215602158934316,0.0684137465382185,0.1791508328037202,0.2615602158934316,1.9276247939426192,0.2186729479098771,0.3202909547552187,0.4676247939426192
2025-02-15 12:00:00,1.8,5.2,rw_arma_3m,ARMA (3 Months),1.5582251012431751,0.0584551016688729,0.134319388198236,0.2417748987568249,1.6218957893382326,0.0317211098554512,0.0989467837009819,0.1781042106617674,1.476395077089366,0.1047201461319974,0.1797805127281301,0.3236049229106341,1.4138023466582574,0.1491486274466688,0.2145542518565236,0.3861976533417426,1.7808757918394778,0.0003657353377669,0.010624560089179,0.0191242081605222,1.3014545984561443,0.2485475174005243,0.2769696675243643,0.4985454015438557,1.4052751459347974,0.1558077104167955,0.2192915855917792,0.3947248540652026,1.5510316565661364,0.0619852360322022,0.1383157463521464,0.2489683434338636,1.6747395417478737,0.0156901824015327,0.0695891434734035,0.1252604582521264,1.3862406055072871,0.1711968365309764,0.2298663302737294,0.4137593944927129,1.4897384294111982,0.09626224218423,0.172367539216001,0.3102615705888019,1.1892750810707788,0.3729849266011038,0.3392916216273451,0.6107249189292212
2025-02-16 12:00:00,5.23,16.0,rw_arma_3m,ARMA (3 Months),1.962189822879451,10.678583353692636,0.6248203015526862,3.267810177120549,1.975809329160552,10.589756922178502,0.6222161894530495,3.254190670839449,2.006960856895802,10.387981317981843,0.6162598743985083,3.2230391431041983,2.012626499245293,10.3514922433586,0.6151765775821619,3.2173735007547077,2.0878185261655777,9.873304414508263,0.6007995169855492,3.1421814738344227,2.661580593604042,6.596778247151367,0.4910935767487491,2.5684194063959582,1.8252946265864944,11.592018679750804,0.6509952912836532,3.404705373413506,1.9894189687130728,10.501365420336644,0.6196139639171945,3.2405810312869274,2.2172436792899304,9.07670064797848,0.5760528337877763,3.01275632071007,1.742632183095728,12.161734290379668,0.6668007298096122,3.487367816904272,2.0741360871242773,9.95947703659127,0.603415662117729,3.155863912875723,2.381546409183133,8.113687859037507,0.5446373978617337,2.848453590816868
2025-02-17 12:00:00,4.99,10.02,rw_arma_3m,ARMA (3 Months),5.131973776710061,0.0201565532733182,0.0284516586593308,0.1419737767100608,4.893057668008273,0.0093978157319941,0.0194273210404262,0.0969423319917268,5.073156264264701,0.0069149642864607,0.016664582016974,0.0831562642647005,5.417718576757289,0.1829431809032806,0.0857151456427432,0.4277185767572886,4.838235197693649,0.0230325552190858,0.0304137880373449,0.1517648023063511,13.952431802548102,80.32518381532562,1.7960785175447096,8.962431802548101,5.67316727840331,0.4667175302809848,0.136907270221104,0.6831672784033094,4.5419853483640775,0.2007171280804571,0.0897824953178201,0.4480146516359227,4.929434701374949,0.0036681553975416,0.0121373343937978,0.0605652986250513,2.325766740096037,7.098138863178498,0.5339144809426779,2.664233259903963,3.964637080446756,1.0513691167947523,0.2054835510126741,1.025362919553244,3.494317532147293,2.2370660446419643,0.2997359655015445,1.4956824678527072
2025-02-18 12:00:00,26.33,388.0,rw_arma_3m,ARMA (3 Months),3.665716246049908,513.669758079566,0.8607779625503263,22.66428375395009,3.808047155602418,507.2383599252683,0.8553723070413058,22.521952844397585,3.5089227992902394,520.8015646007548,0.8667328978621254,22.82107720070976,3.750966484171602,509.812754508902,0.8575402018924572,22.5790335158284,5.917847657271445,416.6559632627588,0.7752431577185172,20.412152342728557,6.416830607423472,396.5343152574466,0.756292039216731,19.913169392576528,4.487850168282087,477.0795092712148,0.8295537345886028,21.84214983171791,4.074856522065096,495.29141122346834,0.8452390230890582,22.2551434779349,3.593219986689489,516.9611653736762,0.8635313335856631,22.736780013310508,3.3535998314430024,527.914964705666,0.872631985133194,22.976400168557,4.221536428766743,488.7841614805479,0.8396681948816277,22.10846357123325,3.8790329042111487,504.0459235361937,0.8526763044355812,22.45096709578885
2025-02-19 12:00:00,24.64,37.9,rw_arma_3m,ARMA (3 Months),17.576804399482278,49.88873209117292,0.286655665605427,7.063195600517723,18.90330835652426,32.9096310123244,0.2328202777384635,5.736691643475741,22.07207886452507,6.59421895801885,0.1042175785501188,2.567921135474929,10.617026700312524,196.6437801637479,0.5691141761236801,14.022973299687475,69.7977875953848,2039.225780509889,1.832702418643864,45.1577875953848,157.77216403965605,17724.17310188189,5.40309107303799,133.13216403965606,28.19602517149864,12.645315020331902,0.1443192033887433,3.556025171498636,17.826279255868542,46.42679037900736,0.2765308743559845,6.813720744131459,19.45673287081017,26.866258132539777,0.2103598672560807,5.183267129189829,11.947004543472197,161.11213365943547,0.5151378026188232,12.692995456527804,16.66958845496033,63.52746019730167,0.3234744945227139,7.970411545039671,11.495128701617546,172.78764145103884,0.53347691957721,13.144871298382457
2025-02-20 12:00:00,13.03,16.42,rw_arma_3m,ARMA (3 Months),20.71120572833626,59.00092144102579,0.5895015908162902,7.681205728336261,14.940974017946424,3.6518216972663007,0.1466595562506849,1.9109740179464243,11.762274872875487,1.6071269979428606,0.0972927956350354,1.2677251271245122,11.174878665779543,3.441475164679886,0.1423730878143097,1.855121334220456,9.227982828698634,14.455334570870436,0.291789498948685,3.802017171301365,21.63192010015592,73.99302940946644,0.6601627091447368,8.60192010015592,22.487627883317103,89.44672517929716,0.7258348337158177,9.457627883317103,16.395262140605517,11.324989274992832,0.2582703101001932,3.365262140605518,13.203148136400303,0.0299802771388982,0.0132884218265774,0.1731481364003038,10.435662283804648,6.730588185673711,0.1991049667072411,2.594337716195352,11.338495376661722,2.8611878907747665,0.1298161644925769,1.6915046233382771,8.782012429636726,18.045398397960867,0.3260159301890463,4.247987570363273
2025-02-21 12:00:00,9.07,11.09,rw_arma_3m,ARMA (3 Months),8.148791224130603,0.8486256087387933,0.1015665684530757,0.9212087758693972,8.507846332687178,0.3160167456732552,0.0619794561535636,0.5621536673128222,11.168454283385724,4.403510379459893,0.2313621040116564,2.098454283385724,6.886351671697947,4.768320021696351,0.2407550527345152,2.183648328302053,10.244131380428326,1.378584498506527,0.1294521918884593,1.1741313804283262,7.6121895103052,2.125211423864194,0.1607288301758324,1.4578104896948003,11.165179084067264,4.389775394312936,0.2310010015509661,2.0951790840672637,9.548176849284571,0.2286530991917194,0.0527207110567333,0.478176849284571,11.796506578096006,7.433838120400789,0.3006071199664835,2.7265065780960054,7.987821432166351,1.1711104526784883,0.1193140648107661,1.0821785678336493,7.479125214301061,2.5308825837726454,0.1753996456117904,1.5908747856989391,8.883180488504182,0.034901529875536,0.0205975205618321,0.186819511495818
2025-02-22 12:00:00,9.03,16.02,rw_arma_3m,ARMA (3 Months),4.591381144232964,19.701337346770664,0.4915414015245886,4.438618855767035,6.979544053835979,4.2043695871593885,0.2270715333514973,2.0504559461640204,8.101363564627528,0.8623656291012903,0.1028390293878706,0.9286364353724714,7.286631731622225,3.03933291918652,0.1930640385800414,1.7433682683777745,9.212723944434732,0.0333880398697871,0.0202352097934365,0.1827239444347324,8.710293724520428,0.1022121025810197,0.0354049031538839,0.3197062754795716,7.943091773398997,1.1813694930529357,0.1203663595349947,1.0869082266010022,7.451493410698068,2.491683052469617,0.1748069312626724,1.5785065893019317,8.764397089826995,0.0705449058923692,0.0294133898308975,0.2656029101730048,7.786651075097744,1.5459165490555942,0.1376909108418887,1.2433489249022551,7.670008479804799,1.8495769350028528,0.15060814177134,1.3599915201952006,7.387989220167881,2.69619940108488,0.1818395105018957,1.642010779832118
2025-02-23 12:00:00,11.39,18.28,rw_arma_3m,ARMA (3 Months),7.81690624613225,12.766998973928732,0.3137044560024364,3.5730937538677505,7.638231084347203,14.075769996458568,0.3293914763523088,3.751768915652797,9.365459069024938,4.098765981193372,0.1777472283560195,2.0245409309750624,5.829133678480535,30.92323424580943,0.4882235576399881,5.560866321519465,8.00335979418777,11.46933188362391,0.297334522020389,3.386640205812231,8.180122434880179,10.303313983059557,0.2818154139701336,3.2098775651198217,8.000649592407433,11.487696185447907,0.2975724677429822,3.389350407592568,8.823559509338416,6.586616792107273,0.2253240114716052,2.5664404906615843,9.20513405632876,4.773639191814422,0.1918231732810571,2.184865943671241,5.532630217310763,34.30878077116096,0.514255468190451,5.857369782689237,8.085206955916828,10.921657064220524,0.2901486430274954,3.3047930440831728,9.819311132333445,2.467063519011648,0.137900690752112,1.570688867666556
2025-02-24 12:00:00,10.64,13.9,rw_arma_3m,ARMA (3 Months),9.922987294093288,0.5141072204316666,0.0673884122092775,0.7170127059067131,9.725406891870476,0.8364805534380247,0.0859579988843538,0.9145931081295248,12.906771771529728,5.138254264204019,0.2130424597302375,2.2667717715297275,9.483995879292891,1.3363455270918172,0.1086470038258561,1.1560041207071097,13.653491802667856,9.081132844746364,0.2832229137845729,3.013491802667856,12.314630980310469,2.804388920215599,0.1573901297284274,1.674630980310468,10.5919390986998,0.0023098502337875,0.0045170020018985,0.0480609013002002,9.273942274963742,1.8661137081312371,0.1283888839319791,1.3660577250362582,9.488613926486847,1.3256898902800367,0.1082129768339429,1.1513860735131534,6.091570450875757,20.688211363346568,0.4274839801808499,4.548429549124244,8.355079602866427,5.220861221237048,0.2147481576253358,2.2849203971335736,10.66550492187062,0.0006505010396263,0.0023970791231784,0.0255049218706187
2025-02-25 12:00:00,7.16,9.2,rw_arma_3m,ARMA (3 Months),8.919234123554402,3.094904701478224,0.2457030898818996,1.7592341235544016,8.905326602104912,3.046164948015078,0.2437606986180044,1.745326602104912,13.729704169825077,43.161012879016994,0.9175564482995916,6.569704169825076,5.551174930562322,2.58831810405115,0.224696238748279,1.6088250694376782,8.753437295540609,2.539042414819769,0.2225471083157274,1.5934372955406086,9.540946177413437,5.668904699739656,0.3325343823203123,2.3809461774134366,9.583095071732322,5.871389726653464,0.3384210994039555,2.4230950717323214,9.847531266794093,7.222824309995859,0.3753535288818564,2.6875312667940925,11.08183587061983,15.3807965960804,0.5477424400307025,3.92183587061983,4.523681585926179,6.950174780384705,0.368200895820366,2.6363184140738207,9.393624065330387,4.989076465223046,0.3119586683422328,2.233624065330387,10.266514109792034,9.650429914336993,0.4338706857251443,3.106514109792034
2025-02-26 12:00:00,5.56,6.3,rw_arma_3m,ARMA (3 Months),6.003465311562995,0.1966614825596647,0.0797599481228409,0.4434653115629956,6.258416568915447,0.4877857037356255,0.1256144908121307,0.6984165689154471,7.640413174481872,4.328118976557742,0.3741750313816318,2.080413174481873,6.545453475805134,0.9711185529764208,0.1772398337779019,0.9854534758051344,6.741561422344458,1.3960873947726595,0.2125110471842551,1.1815614223444584,6.856275533262943,1.680330258136129,0.2331430815221122,1.2962755332629436,6.272134722509033,0.5071358630030185,0.1280817846239269,0.7121347225090338,6.105289103927116,0.2973402068616373,0.0980735798430065,0.5452891039271162,6.78973117821588,1.5122387706762177,0.2211746723409857,1.2297311782158804,4.513344969223124,1.0954867534505424,0.1882473076936826,1.0466550307768756,5.53779537651915,0.0004930453039262,0.0039936373166995,0.0222046234808495,6.558822006409844,0.997645400488588,0.1796442457571663,0.9988220064098448
2025-02-27 12:00:00,4.71,5.4,rw_arma_3m,ARMA (3 Months),5.073356562722495,0.1320279916735063,0.0771457670323768,0.3633565627224948,5.248046508153042,0.2894940449356813,0.114234927421028,0.5380465081530419,5.53690623455118,0.6837739207396117,0.175563956380293,0.8269062345511804,5.473499201338826,0.5829310304450251,0.1621017412608972,0.763499201338826,4.900774578927573,0.0363949399649926,0.0405041568848349,0.1907745789275727,4.89710190069564,0.0350071212439211,0.0397243950521528,0.18710190069564,4.991025934255328,0.0789755757240798,0.0596658034512373,0.2810259342553278,4.438194884060659,0.0738780210507987,0.0577080925561234,0.2718051159393413,4.705900488599414,1.6805993723534204e-05,0.0008703845861116,0.0040995114005859,4.110267932995676,0.3596785521932792,0.1273316490455041,0.5997320670043242,4.06773971474148,0.4124982740203557,0.1363609947470319,0.6422602852585202,4.021049210525053,0.4746531903181526,0.14627405296708,0.6889507894749469
2025-02-28 12:00:00,4.01,4.44,rw_arma_3m,ARMA (3 Months),4.528139514266914,0.2684685562447536,0.1292118489443676,0.5181395142669141,4.600909237302374,0.3491737267292735,0.1473589120454798,0.5909092373023741,4.723880514258272,0.5096253886376549,0.1780250658998184,0.713880514258272,4.935921813813306,0.857331205295323,0.2309031954646649,0.9259218138133064,4.449198465610538,0.1928952921946508,0.1095258018978897,0.4391984656105379,5.082943936443931,1.1512086907517978,0.2675670664448705,1.0729439364439308,4.313143677793383,0.0918960893860987,0.0755969271305196,0.3031436777933836,3.978609705989368,0.0009853505580739,0.0078280034939231,0.0313902940106318,4.241437613843068,0.0535633691013732,0.0577151156715881,0.2314376138430685,3.4856658981547364,0.274926250357879,0.1307566338766243,0.5243341018452634,3.5312540545982074,0.2291976802386559,0.1193880163096739,0.4787459454017924,3.4569088613881367,0.3059098076109671,0.137927964741113,0.5530911386118631
